{"type":"FeatureCollection","features":[{"type":"Feature","properties":{"idx":119,"road":"","cls":"tertiary","shops":0,"st_km":0.38,"mesh":"52397533"},"geometry":{"type":"LineString","coordinates":[[139.66122,35.27887],[139.66159,35.27872],[139.66203,35.27833],[139.66279,35.27807],[139.66362,35.27745],[139.66453,35.27725],[139.66482,35.27725],[139.66522,35.27739],[139.66576,35.27769],[139.66631,35.27821],[139.66648,35.2782],[139.66658,35.27808],[139.66652,35.27763],[139.66656,35.27752],[139.66737,35.277],[139.66744,35.27687],[139.66744,35.27646],[139.66774,35.27605],[139.6674,35.27559],[139.6666,35.2751],[139.66652,35.27493]]}},{"type":"Feature","properties":{"idx":242,"road":"","cls":"tertiary","shops":0,"st_km":1.06,"mesh":"52397523"},"geometry":{"type":"LineString","coordinates":[[139.66202,35.26965],[139.66223,35.26953],[139.66294,35.26963],[139.66377,35.26952],[139.66437,35.26914],[139.66585,35.26886],[139.66712,35.26884],[139.66734,35.26877],[139.66781,35.26844],[139.66847,35.26824]]}},{"type":"Feature","properties":{"idx":286,"road":"","cls":"tertiary","shops":1,"st_km":0.25,"mesh":"52397590"},"geometry":{"type":"LineString","coordinates":[[139.6311,35.33044],[139.63284,35.33138],[139.63307,35.33163],[139.63319,35.33187],[139.63323,35.33214],[139.63318,35.33244],[139.63222,35.3352]]}},{"type":"Feature","properties":{"idx":674,"road":"","cls":"tertiary","shops":0,"st_km":1.67,"mesh":"52397581"},"geometry":{"type":"LineString","coordinates":[[139.65206,35.32264],[139.65184,35.32276],[139.65117,35.32294],[139.64636,35.32412],[139.64609,35.32404],[139.646,35.32393],[139.64532,35.32216]]}},{"type":"Feature","properties":{"idx":344,"road":"","cls":"tertiary","shops":0,"st_km":1.92,"mesh":"52397571"},"geometry":{"type":"LineString","coordinates":[[139.64798,35.31285],[139.64534,35.31467],[139.64356,35.31527]]}},{"type":"Feature","properties":{"idx":532,"road":"","cls":"tertiary","shops":0,"st_km":1.18,"mesh":"52397571"},"geometry":{"type":"LineString","coordinates":[[139.63826,35.31672],[139.63821,35.31603],[139.63723,35.31452]]}},{"type":"Feature","properties":{"idx":108,"road":"","cls":"tertiary","shops":0,"st_km":1.11,"mesh":"52397570"},"geometry":{"type":"LineString","coordinates":[[139.63723,35.31452],[139.63676,35.31399]]}},{"type":"Feature","properties":{"idx":113,"road":"","cls":"tertiary","shops":0,"st_km":1.05,"mesh":"52397570"},"geometry":{"type":"LineString","coordinates":[[139.6363,35.31321],[139.63597,35.31295],[139.63553,35.3119],[139.63554,35.31163],[139.63573,35.31082],[139.63569,35.31063],[139.63558,35.31045]]}},{"type":"Feature","properties":{"idx":236,"road":"","cls":"tertiary","shops":0,"st_km":1.06,"mesh":"52397580"},"geometry":{"type":"LineString","coordinates":[[139.63618,35.31912],[139.63483,35.32158],[139.63473,35.32166],[139.63441,35.32177],[139.63212,35.3221]]}},{"type":"Feature","properties":{"idx":172,"road":"","cls":"tertiary","shops":0,"st_km":0.36,"mesh":"52397590"},"geometry":{"type":"LineString","coordinates":[[139.62963,35.32884],[139.63005,35.32803],[139.63051,35.32751],[139.63084,35.32723],[139.63203,35.32644]]}},{"type":"Feature","properties":{"idx":434,"road":"","cls":"tertiary","shops":0,"st_km":0.48,"mesh":"52397580"},"geometry":{"type":"LineString","coordinates":[[139.62264,35.31813],[139.62326,35.31857],[139.62385,35.31868],[139.6244,35.31871],[139.62454,35.31878],[139.62536,35.31965],[139.62613,35.32031],[139.62645,35.32066],[139.6265,35.32076],[139.6265,35.321],[139.62657,35.3211],[139.62727,35.32158],[139.6274,35.32158],[139.62748,35.32153],[139.62777,35.32096],[139.62789,35.32083]]}},{"type":"Feature","properties":{"idx":998,"road":"","cls":"tertiary","shops":1,"st_km":0.38,"mesh":"52397515"},"geometry":{"type":"LineString","coordinates":[[139.69371,35.26452],[139.69372,35.26443],[139.69342,35.26376]]}},{"type":"Feature","properties":{"idx":354,"road":"","cls":"tertiary","shops":0,"st_km":0.58,"mesh":"52397524"},"geometry":{"type":"LineString","coordinates":[[139.68038,35.27217],[139.68241,35.27324],[139.68353,35.27365]]}},{"type":"Feature","properties":{"idx":332,"road":"","cls":"tertiary","shops":0,"st_km":0.65,"mesh":"52397524"},"geometry":{"type":"LineString","coordinates":[[139.68621,35.26934],[139.68575,35.26901],[139.68457,35.26856],[139.68415,35.26799]]}},{"type":"Feature","properties":{"idx":725,"road":"","cls":"tertiary","shops":2,"st_km":0.55,"mesh":"52397524"},"geometry":{"type":"LineString","coordinates":[[139.68441,35.26833],[139.68621,35.26749]]}},{"type":"Feature","properties":{"idx":16,"road":"","cls":"tertiary","shops":0,"st_km":2.44,"mesh":"52397509"},"geometry":{"type":"LineString","coordinates":[[139.74098,35.25752],[139.74127,35.25667],[139.74133,35.256],[139.7414,35.25587],[139.74163,35.25569]]}},{"type":"Feature","properties":{"idx":19,"road":"観音崎環状線","cls":"secondary","shops":0,"st_km":2.19,"mesh":"52397509"},"geometry":{"type":"LineString","coordinates":[[139.73879,35.25636],[139.73854,35.25488]]}},{"type":"Feature","properties":{"idx":510,"road":"本町山中有料道路","cls":"primary","shops":5,"st_km":0.38,"mesh":"52397532"},"geometry":{"type":"LineString","coordinates":[[139.65998,35.28224],[139.65875,35.28296]]}},{"type":"Feature","properties":{"idx":2192,"road":"","cls":"tertiary","shops":26,"st_km":0.11,"mesh":"52397533"},"geometry":{"type":"LineString","coordinates":[[139.67163,35.27908],[139.67088,35.27887]]}},{"type":"Feature","properties":{"idx":379,"road":"観音崎環状線","cls":"secondary","shops":0,"st_km":1.08,"mesh":"52397517"},"geometry":{"type":"LineString","coordinates":[[139.71966,35.26273],[139.71946,35.26273],[139.71866,35.26291],[139.71851,35.26289]]}},{"type":"Feature","properties":{"idx":453,"road":"","cls":"tertiary","shops":0,"st_km":0.71,"mesh":"52397517"},"geometry":{"type":"LineString","coordinates":[[139.71487,35.26056],[139.71461,35.2609],[139.71457,35.26105],[139.71551,35.26236],[139.71558,35.26264],[139.7156,35.26346]]}},{"type":"Feature","properties":{"idx":868,"road":"横須賀停車場線","cls":"primary_link","shops":3,"st_km":0.2,"mesh":"52397542"},"geometry":{"type":"LineString","coordinates":[[139.65714,35.28427],[139.65701,35.28409]]}},{"type":"Feature","properties":{"idx":882,"road":"横須賀停車場線","cls":"primary_link","shops":3,"st_km":0.18,"mesh":"52397542"},"geometry":{"type":"LineString","coordinates":[[139.65694,35.28412],[139.65689,35.28419],[139.65693,35.28436]]}},{"type":"Feature","properties":{"idx":641,"road":"","cls":"tertiary","shops":1,"st_km":0.12,"mesh":"52397542"},"geometry":{"type":"LineString","coordinates":[[139.65693,35.28436],[139.65682,35.2845],[139.65659,35.28455],[139.65538,35.28454]]}},{"type":"Feature","properties":{"idx":804,"road":"","cls":"pedestrian","shops":5,"st_km":0.03,"mesh":"52397532"},"geometry":{"type":"LineString","coordinates":[[139.66208,35.28053],[139.66273,35.28067],[139.66277,35.28064]]}},{"type":"Feature","properties":{"idx":2039,"road":"田浦停車場線","cls":"secondary","shops":1,"st_km":0.17,"mesh":"52397540"},"geometry":{"type":"LineString","coordinates":[[139.63716,35.29179],[139.63706,35.29148],[139.6367,35.29107]]}},{"type":"Feature","properties":{"idx":531,"road":"","cls":"tertiary","shops":0,"st_km":0.19,"mesh":"52397550"},"geometry":{"type":"LineString","coordinates":[[139.63153,35.29475],[139.63185,35.29467],[139.63231,35.2943],[139.63318,35.29374],[139.63414,35.29342],[139.63512,35.29328],[139.63533,35.29334],[139.63568,35.29381],[139.63592,35.29394],[139.63706,35.29358],[139.63733,35.29358],[139.63745,35.29364],[139.63783,35.29407],[139.63797,35.29416],[139.63915,35.29441],[139.6396,35.29439],[139.64069,35.2941]]}},{"type":"Feature","properties":{"idx":124,"road":"","cls":"tertiary","shops":0,"st_km":0.33,"mesh":"52397533"},"geometry":{"type":"LineString","coordinates":[[139.66774,35.27605],[139.6685,35.27591],[139.66972,35.27588]]}},{"type":"Feature","properties":{"idx":291,"road":"衣笠通り","cls":"tertiary","shops":0,"st_km":1.13,"mesh":"52397512"},"geometry":{"type":"LineString","coordinates":[[139.6569,35.25994],[139.6562,35.26014],[139.65556,35.26046],[139.65254,35.26264],[139.65212,35.26288],[139.6513,35.26306],[139.649,35.26314],[139.64862,35.26322],[139.64792,35.26351],[139.64747,35.26379],[139.64698,35.26426],[139.64628,35.26563],[139.64598,35.26638]]}},{"type":"Feature","properties":{"idx":2394,"road":"","cls":"tertiary","shops":28,"st_km":0.1,"mesh":"52397533"},"geometry":{"type":"LineString","coordinates":[[139.67133,35.279],[139.67097,35.27872],[139.6709,35.27861]]}},{"type":"Feature","properties":{"idx":169,"road":"","cls":"tertiary","shops":1,"st_km":0.44,"mesh":"52397533"},"geometry":{"type":"LineString","coordinates":[[139.6752,35.28163],[139.67231,35.28079]]}},{"type":"Feature","properties":{"idx":96,"road":"","cls":"tertiary","shops":0,"st_km":0.6,"mesh":"52397533"},"geometry":{"type":"LineString","coordinates":[[139.67384,35.28292],[139.67414,35.28325]]}},{"type":"Feature","properties":{"idx":1064,"road":"","cls":"tertiary","shops":1,"st_km":0.54,"mesh":"52397543"},"geometry":{"type":"LineString","coordinates":[[139.66865,35.28297],[139.6686,35.28343],[139.66868,35.28354],[139.66942,35.28363],[139.67019,35.28351],[139.67041,35.28353],[139.67348,35.28414]]}},{"type":"Feature","properties":{"idx":666,"road":"横須賀海岸通り (Yokosukakaigan-dori); よこすか海岸通り","cls":"tertiary","shops":0,"st_km":0.43,"mesh":"52397515"},"geometry":{"type":"LineString","coordinates":[[139.69052,35.26574],[139.69038,35.2659]]}},{"type":"Feature","properties":{"idx":236,"road":"横須賀海岸通り","cls":"tertiary","shops":0,"st_km":0.78,"mesh":"52397534"},"geometry":{"type":"LineString","coordinates":[[139.67769,35.27943],[139.67958,35.27816]]}},{"type":"Feature","properties":{"idx":213,"road":"","cls":"tertiary","shops":0,"st_km":0.9,"mesh":"52397534"},"geometry":{"type":"LineString","coordinates":[[139.67939,35.27796],[139.68043,35.27905]]}},{"type":"Feature","properties":{"idx":591,"road":"","cls":"tertiary","shops":1,"st_km":0.46,"mesh":"52397524"},"geometry":{"type":"LineString","coordinates":[[139.6771,35.27285],[139.67768,35.27273],[139.67789,35.27278],[139.67977,35.27439],[139.68048,35.27518]]}},{"type":"Feature","properties":{"idx":357,"road":"","cls":"tertiary","shops":0,"st_km":0.57,"mesh":"52397524"},"geometry":{"type":"LineString","coordinates":[[139.67927,35.27387],[139.67853,35.2746],[139.67701,35.27591]]}},{"type":"Feature","properties":{"idx":506,"road":"","cls":"tertiary","shops":1,"st_km":0.63,"mesh":"52397524"},"geometry":{"type":"LineString","coordinates":[[139.68052,35.27514],[139.68241,35.27324],[139.68314,35.27206]]}},{"type":"Feature","properties":{"idx":325,"road":"","cls":"tertiary","shops":1,"st_km":0.43,"mesh":"52397507"},"geometry":{"type":"LineString","coordinates":[[139.70933,35.25561],[139.7099,35.25569],[139.71072,35.25544],[139.71116,35.25544],[139.71383,35.25562],[139.71782,35.25598],[139.71849,35.25619],[139.71911,35.25654]]}},{"type":"Feature","properties":{"idx":404,"road":"","cls":"tertiary","shops":0,"st_km":0.24,"mesh":"52397516"},"geometry":{"type":"LineString","coordinates":[[139.70812,35.25997],[139.7082,35.26348]]}},{"type":"Feature","properties":{"idx":1012,"road":"","cls":"tertiary","shops":4,"st_km":0.42,"mesh":"52397516"},"geometry":{"type":"LineString","coordinates":[[139.71178,35.25973],[139.71187,35.26353]]}},{"type":"Feature","properties":{"idx":160,"road":"","cls":"tertiary","shops":0,"st_km":0.76,"mesh":"52397507"},"geometry":{"type":"LineString","coordinates":[[139.72195,35.25579],[139.72185,35.2557]]}},{"type":"Feature","properties":{"idx":260,"road":"よこすか海岸通り","cls":"tertiary","shops":0,"st_km":0.67,"mesh":"52397534"},"geometry":{"type":"LineString","coordinates":[[139.67951,35.27809],[139.67763,35.27936],[139.67551,35.28135]]}},{"type":"Feature","properties":{"idx":489,"road":"横須賀海岸通り","cls":"tertiary","shops":1,"st_km":0.67,"mesh":"52397524"},"geometry":{"type":"LineString","coordinates":[[139.6841,35.27248],[139.6849,35.27088],[139.68526,35.27042],[139.68603,35.26985],[139.68742,35.26894],[139.68815,35.2684],[139.69,35.26656],[139.69044,35.26592]]}},{"type":"Feature","properties":{"idx":199,"road":"横須賀海岸通り","cls":"tertiary","shops":0,"st_km":0.9,"mesh":"52397534"},"geometry":{"type":"LineString","coordinates":[[139.68158,35.27667],[139.6807,35.27733],[139.67951,35.27809]]}},{"type":"Feature","properties":{"idx":106,"road":"よこすか海岸通り","cls":"tertiary","shops":0,"st_km":0.5,"mesh":"52397533"},"geometry":{"type":"LineString","coordinates":[[139.67379,35.28285],[139.67329,35.28296],[139.67296,35.28296],[139.67105,35.28255],[139.67072,35.28254]]}},{"type":"Feature","properties":{"idx":149,"road":"よこすか海岸通り","cls":"tertiary","shops":1,"st_km":0.56,"mesh":"52397533"},"geometry":{"type":"LineString","coordinates":[[139.67256,35.28299],[139.67322,35.28306],[139.67384,35.28292]]}},{"type":"Feature","properties":{"idx":325,"road":"よこすか海岸通り","cls":"tertiary","shops":4,"st_km":0.47,"mesh":"52397533"},"geometry":{"type":"LineString","coordinates":[[139.67067,35.28266],[139.67102,35.28264],[139.67256,35.28299]]}},{"type":"Feature","properties":{"idx":421,"road":"よこすか海岸通り","cls":"tertiary","shops":1,"st_km":0.59,"mesh":"52397534"},"geometry":{"type":"LineString","coordinates":[[139.67384,35.28292],[139.67438,35.28257],[139.67769,35.27943]]}},{"type":"Feature","properties":{"idx":711,"road":"","cls":"tertiary","shops":0,"st_km":0.32,"mesh":"52397515"},"geometry":{"type":"LineString","coordinates":[[139.69749,35.26381],[139.69758,35.26374],[139.69766,35.26253]]}},{"type":"Feature","properties":{"idx":732,"road":"","cls":"tertiary","shops":1,"st_km":0.38,"mesh":"52397504"},"geometry":{"type":"LineString","coordinates":[[139.68555,35.25191],[139.68278,35.25181],[139.68254,35.25174],[139.68232,35.2516]]}},{"type":"Feature","properties":{"idx":1001,"road":"","cls":"tertiary","shops":0,"st_km":0.68,"mesh":"52397506"},"geometry":{"type":"LineString","coordinates":[[139.70638,35.25873],[139.70552,35.25845],[139.70466,35.25847],[139.7038,35.25811],[139.70251,35.2581],[139.70209,35.25801],[139.70185,35.25787],[139.69945,35.25539],[139.69919,35.25501],[139.69912,35.25457],[139.69904,35.25198],[139.69896,35.25169]]}},{"type":"Feature","properties":{"idx":204,"road":"","cls":"tertiary","shops":0,"st_km":1.28,"mesh":"52397560"},"geometry":{"type":"LineString","coordinates":[[139.63521,35.31008],[139.63504,35.30987],[139.63492,35.30961],[139.63491,35.30933],[139.63498,35.30913],[139.63581,35.30829],[139.63685,35.30753],[139.63698,35.3073],[139.63705,35.3069],[139.63695,35.30656],[139.63664,35.30624],[139.63538,35.30551],[139.63492,35.30536]]}},{"type":"Feature","properties":{"idx":761,"road":"","cls":"tertiary","shops":0,"st_km":0.25,"mesh":"52397515"},"geometry":{"type":"LineString","coordinates":[[139.69766,35.26253],[139.69747,35.26213]]}},{"type":"Feature","properties":{"idx":396,"road":"","cls":"tertiary","shops":0,"st_km":0.46,"mesh":"52397524"},"geometry":{"type":"LineString","coordinates":[[139.68314,35.27206],[139.68166,35.27101],[139.68067,35.26959]]}},{"type":"Feature","properties":{"idx":337,"road":"","cls":"tertiary","shops":0,"st_km":0.63,"mesh":"52397524"},"geometry":{"type":"LineString","coordinates":[[139.68496,35.27062],[139.68363,35.26969],[139.68279,35.26857]]}},{"type":"Feature","properties":{"idx":524,"road":"","cls":"tertiary","shops":0,"st_km":0.46,"mesh":"52397525"},"geometry":{"type":"LineString","coordinates":[[139.68835,35.2666],[139.68894,35.2675]]}},{"type":"Feature","properties":{"idx":394,"road":"","cls":"tertiary","shops":0,"st_km":0.46,"mesh":"52397524"},"geometry":{"type":"LineString","coordinates":[[139.68504,35.26875],[139.68166,35.27101],[139.67976,35.27273],[139.67874,35.27351]]}},{"type":"Feature","properties":{"idx":470,"road":"","cls":"tertiary","shops":0,"st_km":0.28,"mesh":"52397524"},"geometry":{"type":"LineString","coordinates":[[139.68038,35.27217],[139.67957,35.27177],[139.67916,35.27174],[139.67895,35.27178],[139.67778,35.2726],[139.67781,35.27274]]}},{"type":"Feature","properties":{"idx":239,"road":"","cls":"tertiary","shops":0,"st_km":0.69,"mesh":"52397534"},"geometry":{"type":"LineString","coordinates":[[139.67702,35.27614],[139.67709,35.2761]]}},{"type":"Feature","properties":{"idx":257,"road":"","cls":"tertiary","shops":0,"st_km":0.6,"mesh":"52397534"},"geometry":{"type":"LineString","coordinates":[[139.67626,35.27662],[139.67484,35.27441],[139.67482,35.27384]]}},{"type":"Feature","properties":{"idx":429,"road":"観音崎環状線","cls":"secondary","shops":0,"st_km":0.92,"mesh":"52397517"},"geometry":{"type":"LineString","coordinates":[[139.71851,35.26289],[139.71608,35.26237]]}},{"type":"Feature","properties":{"idx":542,"road":"","cls":"tertiary","shops":0,"st_km":0.28,"mesh":"52397504"},"geometry":{"type":"LineString","coordinates":[[139.68232,35.2516],[139.68371,35.25012],[139.68394,35.24995],[139.68452,35.24973],[139.68493,35.24967],[139.68567,35.2497]]}},{"type":"Feature","properties":{"idx":116,"road":"","cls":"tertiary","shops":0,"st_km":0.41,"mesh":"52397533"},"geometry":{"type":"LineString","coordinates":[[139.67146,35.27477],[139.67198,35.27526],[139.67208,35.27541],[139.67207,35.27574],[139.67183,35.27621]]}},{"type":"Feature","properties":{"idx":327,"road":"横須賀海岸通り;よこすか海岸通り","cls":"tertiary","shops":1,"st_km":0.79,"mesh":"52397534"},"geometry":{"type":"LineString","coordinates":[[139.68344,35.27361],[139.6826,35.27535],[139.68233,35.27579],[139.68158,35.27667]]}},{"type":"Feature","properties":{"idx":216,"road":"","cls":"tertiary","shops":2,"st_km":0.48,"mesh":"52397533"},"geometry":{"type":"LineString","coordinates":[[139.67551,35.28135],[139.67395,35.27993]]}},{"type":"Feature","properties":{"idx":112,"road":"","cls":"tertiary","shops":0,"st_km":0.44,"mesh":"52397533"},"geometry":{"type":"LineString","coordinates":[[139.67444,35.27915],[139.6751,35.27983]]}},{"type":"Feature","properties":{"idx":272,"road":"","cls":"tertiary","shops":0,"st_km":0.88,"mesh":"52397580"},"geometry":{"type":"LineString","coordinates":[[139.63114,35.32452],[139.6294,35.32391],[139.62848,35.32337],[139.62969,35.32103],[139.62972,35.32072],[139.6296,35.32031]]}},{"type":"Feature","properties":{"idx":320,"road":"","cls":"tertiary","shops":0,"st_km":0.8,"mesh":"52397580"},"geometry":{"type":"LineString","coordinates":[[139.63179,35.32227],[139.6308,35.3204],[139.63071,35.32036],[139.6296,35.32031]]}},{"type":"Feature","properties":{"idx":395,"road":"","cls":"tertiary","shops":0,"st_km":0.75,"mesh":"52397512"},"geometry":{"type":"LineString","coordinates":[[139.65505,35.2608],[139.65483,35.26009],[139.65468,35.25982],[139.65446,35.25959],[139.6524,35.2581],[139.65205,35.25775],[139.6516,35.2571],[139.65126,35.2568],[139.65095,35.25663],[139.65027,35.25643]]}},{"type":"Feature","properties":{"idx":292,"road":"","cls":"tertiary","shops":0,"st_km":1.07,"mesh":"52397522"},"geometry":{"type":"LineString","coordinates":[[139.65682,35.27303],[139.65639,35.2727],[139.65486,35.27188],[139.65437,35.27172],[139.6536,35.2716],[139.65314,35.27143],[139.65235,35.27083],[139.65154,35.26988],[139.65132,35.26969],[139.65079,35.2694],[139.65025,35.26924],[139.64966,35.26928],[139.64928,35.26923],[139.64902,35.26913],[139.64859,35.26879]]}},{"type":"Feature","properties":{"idx":855,"road":"","cls":"tertiary","shops":1,"st_km":1.08,"mesh":"52397513"},"geometry":{"type":"LineString","coordinates":[[139.66827,35.26741],[139.66761,35.26738],[139.66746,35.26734],[139.66519,35.26645],[139.66477,35.26642],[139.66347,35.26663],[139.66293,35.26667],[139.65977,35.2659],[139.65939,35.26568]]}},{"type":"Feature","properties":{"idx":146,"road":"横須賀葉山線","cls":"primary","shops":0,"st_km":1.63,"mesh":"52397501"},"geometry":{"type":"LineString","coordinates":[[139.64696,35.25435],[139.64556,35.2548],[139.64491,35.25514],[139.64447,35.25543],[139.64207,35.25742],[139.6415,35.25796],[139.64112,35.25846],[139.64082,35.25912],[139.64075,35.25936],[139.6407,35.25987]]}},{"type":"Feature","properties":{"idx":300,"road":"","cls":"tertiary","shops":1,"st_km":1.49,"mesh":"52397521"},"geometry":{"type":"LineString","coordinates":[[139.64069,35.26911],[139.64133,35.26976],[139.64178,35.27049],[139.64199,35.27059],[139.64246,35.27061],[139.64293,35.27058],[139.64316,35.27045],[139.64325,35.27033],[139.64329,35.2702],[139.64332,35.26867],[139.64346,35.26845],[139.64358,35.26837],[139.64377,35.26832],[139.64433,35.26833],[139.64462,35.26844],[139.64555,35.26919],[139.64582,35.26922],[139.64615,35.26916]]}},{"type":"Feature","properties":{"idx":258,"road":"","cls":"tertiary","shops":0,"st_km":1.32,"mesh":"52397522"},"geometry":{"type":"LineString","coordinates":[[139.65939,35.26568],[139.65876,35.26613],[139.65867,35.26631],[139.65829,35.2681],[139.65811,35.26828],[139.65767,35.26853],[139.65731,35.26902],[139.65724,35.26919],[139.65717,35.26989],[139.65723,35.27059],[139.65732,35.271],[139.65759,35.27158],[139.6576,35.2717],[139.65747,35.27204],[139.65691,35.27248],[139.65682,35.27303]]}},{"type":"Feature","properties":{"idx":1013,"road":"","cls":"tertiary","shops":0,"st_km":0.7,"mesh":"52397506"},"geometry":{"type":"LineString","coordinates":[[139.70859,35.25657],[139.70849,35.2565],[139.70826,35.2566],[139.70801,35.25664],[139.70773,35.25657],[139.70748,35.25643],[139.70666,35.25572],[139.70583,35.25516],[139.70478,35.25404],[139.70454,35.25391],[139.7043,35.25386],[139.6991,35.25395]]}},{"type":"Feature","properties":{"idx":115,"road":"","cls":"tertiary","shops":0,"st_km":0.41,"mesh":"52397533"},"geometry":{"type":"LineString","coordinates":[[139.66831,35.27594],[139.66823,35.2757],[139.66824,35.27555],[139.6683,35.2754],[139.66855,35.27505],[139.66855,35.27487],[139.6685,35.2747],[139.66831,35.27465]]}},{"type":"Feature","properties":{"idx":206,"road":"","cls":"pedestrian","shops":0,"st_km":0.5,"mesh":"52397590"},"geometry":{"type":"LineString","coordinates":[[139.63569,35.32684],[139.63538,35.32687],[139.63514,35.32699],[139.6351,35.32709],[139.6351,35.32718],[139.63517,35.32726],[139.63544,35.32743],[139.63551,35.32757]]}},{"type":"Feature","properties":{"idx":289,"road":"","cls":"pedestrian","shops":1,"st_km":0.58,"mesh":"52397590"},"geometry":{"type":"LineString","coordinates":[[139.63551,35.32757],[139.63568,35.32746],[139.63595,35.32737],[139.63635,35.32712],[139.63637,35.32704],[139.63635,35.32696],[139.6363,35.32692],[139.63569,35.32684]]}},{"type":"Feature","properties":{"idx":141,"road":"金沢八景六浦線","cls":"tertiary","shops":0,"st_km":0.57,"mesh":"52397590"},"geometry":{"type":"LineString","coordinates":[[139.62923,35.32594],[139.62966,35.32565]]}},{"type":"Feature","properties":{"idx":240,"road":"","cls":"pedestrian","shops":0,"st_km":0.34,"mesh":"52397590"},"geometry":{"type":"LineString","coordinates":[[139.63478,35.32915],[139.63494,35.32906]]}},{"type":"Feature","properties":{"idx":145,"road":"金沢八景六浦線","cls":"tertiary","shops":0,"st_km":0.54,"mesh":"52397590"},"geometry":{"type":"LineString","coordinates":[[139.62507,35.3288],[139.62876,35.32627]]}},{"type":"Feature","properties":{"idx":144,"road":"平潟橋","cls":"tertiary","shops":0,"st_km":0.55,"mesh":"52397590"},"geometry":{"type":"LineString","coordinates":[[139.62876,35.32627],[139.62923,35.32594]]}},{"type":"Feature","properties":{"idx":184,"road":"","cls":"pedestrian","shops":0,"st_km":0.63,"mesh":"52397590"},"geometry":{"type":"LineString","coordinates":[[139.63521,35.32601],[139.63593,35.32625],[139.6369,35.32627]]}},{"type":"Feature","properties":{"idx":196,"road":"","cls":"pedestrian","shops":0,"st_km":0.56,"mesh":"52397590"},"geometry":{"type":"LineString","coordinates":[[139.6369,35.32627],[139.63731,35.3265],[139.63745,35.32665],[139.63758,35.32706],[139.63756,35.32721],[139.63747,35.32736],[139.63726,35.32757],[139.6364,35.32817],[139.63598,35.32873],[139.63572,35.32897],[139.63511,35.32912],[139.63478,35.32915]]}},{"type":"Feature","properties":{"idx":222,"road":"","cls":"pedestrian","shops":0,"st_km":0.42,"mesh":"52397590"},"geometry":{"type":"LineString","coordinates":[[139.63494,35.32906],[139.63521,35.32888],[139.63531,35.32875],[139.63531,35.32867],[139.63509,35.3282],[139.63498,35.32813],[139.63501,35.32808],[139.63515,35.3281],[139.63529,35.32835],[139.63556,35.32863],[139.63567,35.3286],[139.63539,35.32797],[139.63551,35.32757]]}},{"type":"Feature","properties":{"idx":997,"road":"","cls":"tertiary","shops":3,"st_km":0.56,"mesh":"52397580"},"geometry":{"type":"LineString","coordinates":[[139.63069,35.31745],[139.63077,35.31734]]}},{"type":"Feature","properties":{"idx":293,"road":"","cls":"tertiary","shops":0,"st_km":0.81,"mesh":"52397560"},"geometry":{"type":"LineString","coordinates":[[139.6286,35.30792],[139.62798,35.30781]]}},{"type":"Feature","properties":{"idx":2045,"road":"","cls":"tertiary","shops":12,"st_km":0.04,"mesh":"52397570"},"geometry":{"type":"LineString","coordinates":[[139.62532,35.31601],[139.62508,35.31596]]}},{"type":"Feature","properties":{"idx":1001,"road":"","cls":"tertiary","shops":3,"st_km":0.56,"mesh":"52397580"},"geometry":{"type":"LineString","coordinates":[[139.63054,35.31763],[139.63069,35.31745]]}},{"type":"Feature","properties":{"idx":390,"road":"","cls":"tertiary","shops":1,"st_km":0.94,"mesh":"52397580"},"geometry":{"type":"LineString","coordinates":[[139.63212,35.3221],[139.63186,35.32223]]}},{"type":"Feature","properties":{"idx":297,"road":"","cls":"tertiary","shops":0,"st_km":0.79,"mesh":"52397560"},"geometry":{"type":"LineString","coordinates":[[139.62798,35.30781],[139.62792,35.3078]]}},{"type":"Feature","properties":{"idx":264,"road":"","cls":"tertiary","shops":0,"st_km":0.93,"mesh":"52397560"},"geometry":{"type":"LineString","coordinates":[[139.63492,35.30536],[139.63327,35.30506]]}},{"type":"Feature","properties":{"idx":107,"road":"","cls":"tertiary","shops":0,"st_km":1.13,"mesh":"52397570"},"geometry":{"type":"LineString","coordinates":[[139.63558,35.31045],[139.63521,35.31008]]}},{"type":"Feature","properties":{"idx":684,"road":"","cls":"tertiary","shops":1,"st_km":0.33,"mesh":"52397560"},"geometry":{"type":"LineString","coordinates":[[139.62878,35.30091],[139.62888,35.30082]]}},{"type":"Feature","properties":{"idx":384,"road":"","cls":"tertiary","shops":0,"st_km":0.51,"mesh":"52397560"},"geometry":{"type":"LineString","coordinates":[[139.63327,35.30506],[139.63287,35.30494],[139.63262,35.30477],[139.63091,35.30302],[139.63008,35.3023],[139.62988,35.30165],[139.6298,35.30152],[139.62939,35.30116],[139.62888,35.30082],[139.62883,35.30073],[139.62879,35.30064],[139.62897,35.29977],[139.62892,35.29971]]}},{"type":"Feature","properties":{"idx":674,"road":"","cls":"tertiary","shops":0,"st_km":1.79,"mesh":"52397581"},"geometry":{"type":"LineString","coordinates":[[139.64374,35.3178],[139.64516,35.31779]]}},{"type":"Feature","properties":{"idx":1316,"road":"仲通り商店街","cls":"pedestrian","shops":2,"st_km":0.28,"mesh":"52397560"},"geometry":{"type":"LineString","coordinates":[[139.62735,35.30007],[139.62889,35.30025]]}},{"type":"Feature","properties":{"idx":87,"road":"","cls":"tertiary","shops":0,"st_km":0.72,"mesh":"52397503"},"geometry":{"type":"LineString","coordinates":[[139.66622,35.2521],[139.66587,35.25211]]}},{"type":"Feature","properties":{"idx":83,"road":"","cls":"tertiary","shops":0,"st_km":0.77,"mesh":"52397503"},"geometry":{"type":"LineString","coordinates":[[139.66671,35.25164],[139.66622,35.2521]]}},{"type":"Feature","properties":{"idx":71,"road":"","cls":"tertiary","shops":0,"st_km":0.97,"mesh":"52397503"},"geometry":{"type":"LineString","coordinates":[[139.66793,35.25179],[139.66871,35.25162],[139.66903,35.2516],[139.67053,35.25176]]}},{"type":"Feature","properties":{"idx":300,"road":"","cls":"tertiary","shops":0,"st_km":0.87,"mesh":"52397523"},"geometry":{"type":"LineString","coordinates":[[139.66658,35.27447],[139.66632,35.27395],[139.66634,35.27341],[139.66618,35.2722],[139.66605,35.27173],[139.66601,35.27094],[139.66617,35.27048],[139.6666,35.27011],[139.66713,35.26919],[139.66716,35.26906],[139.66712,35.26884]]}},{"type":"Feature","properties":{"idx":586,"road":"","cls":"tertiary","shops":5,"st_km":0.05,"mesh":"52397533"},"geometry":{"type":"LineString","coordinates":[[139.67044,35.27941],[139.66905,35.27869],[139.6687,35.27863]]}},{"type":"Feature","properties":{"idx":525,"road":"","cls":"tertiary","shops":2,"st_km":0.66,"mesh":"52397534"},"geometry":{"type":"LineString","coordinates":[[139.67462,35.28327],[139.67631,35.28209]]}},{"type":"Feature","properties":{"idx":392,"road":"","cls":"tertiary","shops":1,"st_km":0.67,"mesh":"52397534"},"geometry":{"type":"LineString","coordinates":[[139.67708,35.28138],[139.6768,35.28062],[139.67662,35.28042]]}},{"type":"Feature","properties":{"idx":928,"road":"","cls":"pedestrian","shops":6,"st_km":0.02,"mesh":"52397532"},"geometry":{"type":"LineString","coordinates":[[139.66231,35.28005],[139.66223,35.28043],[139.66208,35.28042],[139.66202,35.28047]]}},{"type":"Feature","properties":{"idx":403,"road":"","cls":"tertiary","shops":0,"st_km":0.55,"mesh":"52397523"},"geometry":{"type":"LineString","coordinates":[[139.66652,35.27493],[139.66658,35.27447]]}},{"type":"Feature","properties":{"idx":272,"road":"","cls":"tertiary","shops":0,"st_km":0.62,"mesh":"52397534"},"geometry":{"type":"LineString","coordinates":[[139.67655,35.28037],[139.67662,35.28042]]}},{"type":"Feature","properties":{"idx":389,"road":"","cls":"tertiary","shops":0,"st_km":0.79,"mesh":"52397522"},"geometry":{"type":"LineString","coordinates":[[139.66067,35.27129],[139.66188,35.27209],[139.66196,35.27233],[139.66188,35.27246],[139.66021,35.27358],[139.66004,35.27361],[139.65896,35.27324],[139.65844,35.27316],[139.658,35.27317],[139.65708,35.27338]]}},{"type":"Feature","properties":{"idx":118,"road":"","cls":"tertiary","shops":0,"st_km":0.39,"mesh":"52397533"},"geometry":{"type":"LineString","coordinates":[[139.66627,35.27855],[139.66605,35.27843],[139.66597,35.27834],[139.66577,35.27789],[139.6655,35.27755]]}},{"type":"Feature","properties":{"idx":138,"road":"","cls":"tertiary","shops":0,"st_km":0.23,"mesh":"52397533"},"geometry":{"type":"LineString","coordinates":[[139.66627,35.27855],[139.66651,35.2786],[139.6687,35.27863]]}},{"type":"Feature","properties":{"idx":270,"road":"","cls":"tertiary","shops":0,"st_km":0.68,"mesh":"52397551"},"geometry":{"type":"LineString","coordinates":[[139.64532,35.29418],[139.64596,35.29423],[139.6462,35.29419],[139.64632,35.29412],[139.6465,35.29388],[139.64653,35.29372],[139.6464,35.29329],[139.64631,35.29315],[139.64566,35.29273],[139.64561,35.2926],[139.64567,35.29227],[139.6455,35.29193],[139.64546,35.2912],[139.64532,35.29094],[139.6445,35.29],[139.64435,35.28968]]}},{"type":"Feature","properties":{"idx":276,"road":"","cls":"tertiary","shops":0,"st_km":0.66,"mesh":"52397551"},"geometry":{"type":"LineString","coordinates":[[139.64386,35.29396],[139.64532,35.29418]]}},{"type":"Feature","properties":{"idx":403,"road":"","cls":"tertiary","shops":0,"st_km":0.52,"mesh":"52397550"},"geometry":{"type":"LineString","coordinates":[[139.62594,35.29526],[139.6257,35.29552],[139.62568,35.29567],[139.62571,35.29599],[139.62588,35.29621],[139.62616,35.29637],[139.62707,35.29645],[139.62763,35.29676],[139.62782,35.29693]]}},{"type":"Feature","properties":{"idx":324,"road":"","cls":"tertiary","shops":0,"st_km":0.76,"mesh":"52397550"},"geometry":{"type":"LineString","coordinates":[[139.62977,35.29527],[139.62922,35.29531],[139.62879,35.29523],[139.62849,35.29506],[139.628,35.29462],[139.62772,35.29446],[139.62739,35.29434],[139.62687,35.2943],[139.62662,35.29433],[139.62642,35.29444],[139.62594,35.29526]]}},{"type":"Feature","properties":{"idx":458,"road":"","cls":"tertiary","shops":0,"st_km":0.39,"mesh":"52397550"},"geometry":{"type":"LineString","coordinates":[[139.62827,35.29905],[139.62817,35.29891],[139.62808,35.29782]]}},{"type":"Feature","properties":{"idx":419,"road":"","cls":"tertiary","shops":0,"st_km":0.48,"mesh":"52397550"},"geometry":{"type":"LineString","coordinates":[[139.62808,35.29782],[139.62801,35.29725],[139.62782,35.29693]]}},{"type":"Feature","properties":{"idx":701,"road":"","cls":"tertiary","shops":1,"st_km":0.37,"mesh":"52397550"},"geometry":{"type":"LineString","coordinates":[[139.62889,35.29964],[139.62868,35.2993],[139.62827,35.29905]]}},{"type":"Feature","properties":{"idx":332,"road":"","cls":"tertiary","shops":0,"st_km":0.69,"mesh":"52397550"},"geometry":{"type":"LineString","coordinates":[[139.63118,35.29563],[139.63089,35.29552],[139.63069,35.2953],[139.63053,35.29523],[139.62977,35.29527]]}},{"type":"Feature","properties":{"idx":372,"road":"","cls":"tertiary","shops":0,"st_km":0.38,"mesh":"52397541"},"geometry":{"type":"LineString","coordinates":[[139.64462,35.28761],[139.64562,35.28879],[139.64578,35.2889],[139.64603,35.28891],[139.6468,35.28847],[139.64707,35.28851],[139.64716,35.28872],[139.64701,35.28961]]}},{"type":"Feature","properties":{"idx":202,"road":"","cls":"tertiary","shops":0,"st_km":1.31,"mesh":"52397531"},"geometry":{"type":"LineString","coordinates":[[139.63789,35.27581],[139.63806,35.2756],[139.63822,35.2752]]}},{"type":"Feature","properties":{"idx":404,"road":"","cls":"tertiary","shops":0,"st_km":0.3,"mesh":"52397541"},"geometry":{"type":"LineString","coordinates":[[139.64724,35.28783],[139.64674,35.28761],[139.6463,35.28757],[139.64532,35.28757],[139.64514,35.28762],[139.64479,35.28781]]}},{"type":"Feature","properties":{"idx":727,"road":"","cls":"tertiary","shops":1,"st_km":0.12,"mesh":"52397541"},"geometry":{"type":"LineString","coordinates":[[139.6441,35.28631],[139.64397,35.2865],[139.64395,35.28666],[139.64462,35.28761]]}},{"type":"Feature","properties":{"idx":412,"road":"","cls":"tertiary","shops":0,"st_km":0.43,"mesh":"52397531"},"geometry":{"type":"LineString","coordinates":[[139.64315,35.28167],[139.64329,35.28247],[139.64319,35.2826],[139.6432,35.28267],[139.64353,35.2833],[139.64356,35.28347],[139.6435,35.28363],[139.64327,35.28393]]}},{"type":"Feature","properties":{"idx":463,"road":"","cls":"tertiary","shops":0,"st_km":0.17,"mesh":"52397541"},"geometry":{"type":"LineString","coordinates":[[139.6441,35.28631],[139.64415,35.28623],[139.64412,35.28603],[139.64362,35.28567],[139.64349,35.2855],[139.64317,35.28487],[139.6433,35.28408],[139.64327,35.28393]]}},{"type":"Feature","properties":{"idx":280,"road":"","cls":"tertiary","shops":0,"st_km":0.99,"mesh":"52397521"},"geometry":{"type":"LineString","coordinates":[[139.64687,35.2718],[139.64701,35.27203],[139.64714,35.27211],[139.64745,35.27225],[139.64797,35.27239],[139.64837,35.27262],[139.64861,35.27288],[139.649,35.27367]]}},{"type":"Feature","properties":{"idx":89,"road":"","cls":"tertiary","shops":0,"st_km":0.59,"mesh":"52397532"},"geometry":{"type":"LineString","coordinates":[[139.65154,35.27763],[139.65005,35.27525],[139.64935,35.27443],[139.649,35.27367]]}},{"type":"Feature","properties":{"idx":243,"road":"","cls":"tertiary","shops":0,"st_km":1.18,"mesh":"52397521"},"geometry":{"type":"LineString","coordinates":[[139.64946,35.27029],[139.64925,35.27037]]}},{"type":"Feature","properties":{"idx":291,"road":"","cls":"tertiary","shops":3,"st_km":0.31,"mesh":"52397532"},"geometry":{"type":"LineString","coordinates":[[139.65154,35.27763],[139.65186,35.27827]]}},{"type":"Feature","properties":{"idx":223,"road":"","cls":"tertiary","shops":0,"st_km":1.31,"mesh":"52397521"},"geometry":{"type":"LineString","coordinates":[[139.64643,35.27019],[139.64633,35.26983]]}},{"type":"Feature","properties":{"idx":325,"road":"","cls":"tertiary","shops":0,"st_km":0.94,"mesh":"52397522"},"geometry":{"type":"LineString","coordinates":[[139.65128,35.27246],[139.65124,35.27213]]}},{"type":"Feature","properties":{"idx":184,"road":"","cls":"tertiary","shops":1,"st_km":0.26,"mesh":"52397532"},"geometry":{"type":"LineString","coordinates":[[139.65186,35.27827],[139.65191,35.27849]]}},{"type":"Feature","properties":{"idx":251,"road":"","cls":"tertiary","shops":0,"st_km":1.13,"mesh":"52397521"},"geometry":{"type":"LineString","coordinates":[[139.64687,35.2718],[139.64674,35.27135]]}},{"type":"Feature","properties":{"idx":261,"road":"","cls":"tertiary","shops":0,"st_km":1.23,"mesh":"52397522"},"geometry":{"type":"LineString","coordinates":[[139.65105,35.26955],[139.65084,35.26968]]}},{"type":"Feature","properties":{"idx":126,"road":"","cls":"tertiary","shops":0,"st_km":0.23,"mesh":"52397532"},"geometry":{"type":"LineString","coordinates":[[139.65229,35.28181],[139.6527,35.2836]]}},{"type":"Feature","properties":{"idx":335,"road":"","cls":"tertiary","shops":0,"st_km":0.9,"mesh":"52397522"},"geometry":{"type":"LineString","coordinates":[[139.65128,35.27246],[139.65133,35.27278]]}},{"type":"Feature","properties":{"idx":339,"road":"","cls":"tertiary","shops":0,"st_km":0.88,"mesh":"52397522"},"geometry":{"type":"LineString","coordinates":[[139.65133,35.27278],[139.65004,35.27289]]}},{"type":"Feature","properties":{"idx":368,"road":"","cls":"tertiary","shops":0,"st_km":0.78,"mesh":"52397522"},"geometry":{"type":"LineString","coordinates":[[139.65137,35.27312],[139.65149,35.27416]]}},{"type":"Feature","properties":{"idx":345,"road":"","cls":"tertiary","shops":0,"st_km":0.86,"mesh":"52397522"},"geometry":{"type":"LineString","coordinates":[[139.65133,35.27278],[139.65137,35.27312]]}},{"type":"Feature","properties":{"idx":202,"road":"","cls":"tertiary","shops":1,"st_km":0.17,"mesh":"52397532"},"geometry":{"type":"LineString","coordinates":[[139.65191,35.27849],[139.65208,35.27994]]}},{"type":"Feature","properties":{"idx":236,"road":"新沢山隧道","cls":"tertiary","shops":0,"st_km":1.22,"mesh":"52397521"},"geometry":{"type":"LineString","coordinates":[[139.64643,35.27019],[139.64674,35.27135]]}},{"type":"Feature","properties":{"idx":406,"road":"","cls":"tertiary","shops":0,"st_km":0.67,"mesh":"52397522"},"geometry":{"type":"LineString","coordinates":[[139.65149,35.27416],[139.65154,35.27467],[139.65132,35.27518]]}},{"type":"Feature","properties":{"idx":307,"road":"","cls":"tertiary","shops":2,"st_km":0.04,"mesh":"52397532"},"geometry":{"type":"LineString","coordinates":[[139.65229,35.28181],[139.65208,35.27994]]}},{"type":"Feature","properties":{"idx":267,"road":"","cls":"tertiary","shops":0,"st_km":1.2,"mesh":"52397522"},"geometry":{"type":"LineString","coordinates":[[139.65084,35.26968],[139.64946,35.27029]]}},{"type":"Feature","properties":{"idx":275,"road":"","cls":"tertiary","shops":0,"st_km":1.01,"mesh":"52397521"},"geometry":{"type":"LineString","coordinates":[[139.65004,35.27289],[139.64966,35.27289],[139.64877,35.27216],[139.6472,35.27178],[139.64687,35.2718]]}},{"type":"Feature","properties":{"idx":2480,"road":"衣笠仲通り","cls":"pedestrian","shops":24,"st_km":0.23,"mesh":"52397503"},"geometry":{"type":"LineString","coordinates":[[139.66232,35.25759],[139.6621,35.25717],[139.66415,35.25647],[139.66429,35.25628],[139.6652,35.25594]]}},{"type":"Feature","properties":{"idx":15,"road":"","cls":"tertiary","shops":0,"st_km":2.51,"mesh":"52397509"},"geometry":{"type":"LineString","coordinates":[[139.74163,35.25569],[139.743,35.25508]]}},{"type":"Feature","properties":{"idx":22,"road":"","cls":"tertiary","shops":1,"st_km":2.63,"mesh":"52397509"},"geometry":{"type":"LineString","coordinates":[[139.743,35.25508],[139.74355,35.25482],[139.74411,35.2543],[139.74427,35.25402],[139.74423,35.25379],[139.74408,35.25353],[139.74373,35.25322],[139.74265,35.25241],[139.74226,35.2522],[139.74161,35.25198]]}},{"type":"Feature","properties":{"idx":423,"road":"","cls":"tertiary","shops":0,"st_km":0.53,"mesh":"52397504"},"geometry":{"type":"LineString","coordinates":[[139.68026,35.24996],[139.68136,35.2509]]}},{"type":"Feature","properties":{"idx":280,"road":"","cls":"tertiary","shops":0,"st_km":0.97,"mesh":"52397504"},"geometry":{"type":"LineString","coordinates":[[139.6804,35.26298],[139.67972,35.26217],[139.67895,35.26077],[139.67884,35.26043],[139.67862,35.25898],[139.67772,35.25643],[139.67769,35.25623],[139.67776,35.25307]]}},{"type":"Feature","properties":{"idx":359,"road":"","cls":"tertiary","shops":0,"st_km":0.56,"mesh":"52397524"},"geometry":{"type":"LineString","coordinates":[[139.68411,35.26793],[139.68374,35.26743],[139.6835,35.2672],[139.68257,35.26665],[139.68236,35.26647],[139.6819,35.26496]]}},{"type":"Feature","properties":{"idx":252,"road":"","cls":"tertiary","shops":0,"st_km":1.14,"mesh":"52397504"},"geometry":{"type":"LineString","coordinates":[[139.67603,35.25611],[139.67609,35.25359]]}},{"type":"Feature","properties":{"idx":371,"road":"","cls":"tertiary","shops":0,"st_km":0.67,"mesh":"52397504"},"geometry":{"type":"LineString","coordinates":[[139.67946,35.25609],[139.67989,35.25578],[139.68209,35.25393],[139.68252,35.25365],[139.68285,35.2535],[139.68331,35.25336],[139.68382,35.2533],[139.68548,35.25335]]}},{"type":"Feature","properties":{"idx":1071,"road":"横須賀停車場線","cls":"primary","shops":2,"st_km":0.12,"mesh":"52397542"},"geometry":{"type":"LineString","coordinates":[[139.65875,35.28296],[139.6582,35.28329],[139.65701,35.28409],[139.65682,35.28415],[139.6563,35.28408],[139.65625,35.28442],[139.65633,35.28447],[139.65649,35.28447],[139.65709,35.28429],[139.65777,35.28376],[139.65886,35.28302]]}},{"type":"Feature","properties":{"idx":604,"road":"本町山中有料道路","cls":"primary","shops":6,"st_km":0.35,"mesh":"52397532"},"geometry":{"type":"LineString","coordinates":[[139.65886,35.28302],[139.66049,35.2821],[139.66072,35.28205]]}},{"type":"Feature","properties":{"idx":421,"road":"","cls":"tertiary","shops":0,"st_km":0.2,"mesh":"52397505"},"geometry":{"type":"LineString","coordinates":[[139.6924,35.2556],[139.69214,35.25604],[139.69176,35.25627],[139.69167,35.2564]]}},{"type":"Feature","properties":{"idx":295,"road":"","cls":"tertiary","shops":0,"st_km":0.56,"mesh":"52397505"},"geometry":{"type":"LineString","coordinates":[[139.69234,35.25331],[139.69234,35.2532],[139.69239,35.25315],[139.69365,35.25316],[139.69373,35.25309],[139.69371,35.25216],[139.69364,35.25167],[139.69382,35.25152],[139.69431,35.25143]]}},{"type":"Feature","properties":{"idx":370,"road":"","cls":"tertiary","shops":0,"st_km":0.61,"mesh":"52397504"},"geometry":{"type":"LineString","coordinates":[[139.68413,35.25894],[139.68412,35.25868],[139.68396,35.25843],[139.68381,35.25798],[139.68368,35.25778],[139.68301,35.25738],[139.68229,35.25713],[139.68208,35.257]]}},{"type":"Feature","properties":{"idx":275,"road":"","cls":"tertiary","shops":0,"st_km":0.64,"mesh":"52397505"},"geometry":{"type":"LineString","coordinates":[[139.69462,35.25354],[139.69477,35.25281],[139.69474,35.25245],[139.69468,35.25222],[139.69431,35.25143]]}},{"type":"Feature","properties":{"idx":282,"road":"","cls":"tertiary","shops":0,"st_km":0.92,"mesh":"52397504"},"geometry":{"type":"LineString","coordinates":[[139.68028,35.2559],[139.67989,35.25578]]}},{"type":"Feature","properties":{"idx":468,"road":"","cls":"tertiary","shops":0,"st_km":0.25,"mesh":"52397514"},"geometry":{"type":"LineString","coordinates":[[139.68621,35.26107],[139.68605,35.26088]]}},{"type":"Feature","properties":{"idx":366,"road":"","cls":"tertiary","shops":0,"st_km":0.34,"mesh":"52397505"},"geometry":{"type":"LineString","coordinates":[[139.69328,35.25531],[139.69322,35.25519],[139.69313,35.25512],[139.69264,35.25521],[139.69253,35.25519],[139.69246,35.25511],[139.69246,35.25498],[139.69259,35.25479],[139.69263,35.25444],[139.6926,35.25434],[139.69238,35.25424],[139.69234,35.25418],[139.69234,35.25331]]}},{"type":"Feature","properties":{"idx":362,"road":"","cls":"tertiary","shops":0,"st_km":0.52,"mesh":"52397514"},"geometry":{"type":"LineString","coordinates":[[139.68414,35.25931],[139.68413,35.25894]]}},{"type":"Feature","properties":{"idx":355,"road":"","cls":"tertiary","shops":0,"st_km":0.54,"mesh":"52397514"},"geometry":{"type":"LineString","coordinates":[[139.6819,35.26496],[139.68161,35.26449],[139.6804,35.26298]]}},{"type":"Feature","properties":{"idx":943,"road":"","cls":"tertiary","shops":0,"st_km":0.08,"mesh":"52397515"},"geometry":{"type":"LineString","coordinates":[[139.68784,35.26283],[139.68798,35.26299]]}},{"type":"Feature","properties":{"idx":320,"road":"","cls":"tertiary","shops":0,"st_km":0.48,"mesh":"52397505"},"geometry":{"type":"LineString","coordinates":[[139.69416,35.25516],[139.69429,35.25489],[139.69438,35.25439],[139.69427,35.25393],[139.69462,35.25354]]}},{"type":"Feature","properties":{"idx":454,"road":"","cls":"tertiary","shops":0,"st_km":0.12,"mesh":"52397505"},"geometry":{"type":"LineString","coordinates":[[139.68989,35.25814],[139.6908,35.25788]]}},{"type":"Feature","properties":{"idx":408,"road":"","cls":"tertiary","shops":0,"st_km":0.39,"mesh":"52397514"},"geometry":{"type":"LineString","coordinates":[[139.68441,35.25987],[139.6853,35.26015],[139.68545,35.26027]]}},{"type":"Feature","properties":{"idx":355,"road":"","cls":"tertiary","shops":0,"st_km":0.37,"mesh":"52397505"},"geometry":{"type":"LineString","coordinates":[[139.69416,35.25516],[139.694,35.2553],[139.6939,35.25533],[139.69328,35.25531]]}},{"type":"Feature","properties":{"idx":444,"road":"","cls":"tertiary","shops":0,"st_km":0.15,"mesh":"52397505"},"geometry":{"type":"LineString","coordinates":[[139.692,35.2574],[139.69188,35.25755],[139.6908,35.25788]]}},{"type":"Feature","properties":{"idx":383,"road":"","cls":"tertiary","shops":0,"st_km":0.29,"mesh":"52397505"},"geometry":{"type":"LineString","coordinates":[[139.69328,35.25531],[139.69276,35.25536],[139.69255,35.25545],[139.6924,35.2556]]}},{"type":"Feature","properties":{"idx":438,"road":"","cls":"tertiary","shops":0,"st_km":0.16,"mesh":"52397505"},"geometry":{"type":"LineString","coordinates":[[139.692,35.2574],[139.69189,35.25706],[139.69173,35.25686]]}},{"type":"Feature","properties":{"idx":732,"road":"","cls":"tertiary_link","shops":2,"st_km":0.04,"mesh":"52397514"},"geometry":{"type":"LineString","coordinates":[[139.68798,35.26299],[139.6871,35.26348],[139.68691,35.2637]]}},{"type":"Feature","properties":{"idx":309,"road":"","cls":"tertiary","shops":0,"st_km":0.81,"mesh":"52397504"},"geometry":{"type":"LineString","coordinates":[[139.68028,35.2559],[139.68064,35.25601],[139.68165,35.25661],[139.68208,35.257]]}},{"type":"Feature","properties":{"idx":443,"road":"","cls":"tertiary","shops":0,"st_km":0.31,"mesh":"52397514"},"geometry":{"type":"LineString","coordinates":[[139.68545,35.26027],[139.68605,35.26088]]}},{"type":"Feature","properties":{"idx":449,"road":"","cls":"tertiary","shops":0,"st_km":0.14,"mesh":"52397505"},"geometry":{"type":"LineString","coordinates":[[139.69167,35.2564],[139.69163,35.25665],[139.69173,35.25686]]}},{"type":"Feature","properties":{"idx":378,"road":"","cls":"tertiary","shops":0,"st_km":0.47,"mesh":"52397514"},"geometry":{"type":"LineString","coordinates":[[139.68414,35.25931],[139.68412,35.2596],[139.68427,35.25979],[139.68441,35.25987]]}},{"type":"Feature","properties":{"idx":254,"road":"","cls":"tertiary","shops":0,"st_km":0.73,"mesh":"52397505"},"geometry":{"type":"LineString","coordinates":[[139.69431,35.25143],[139.69405,35.25091]]}},{"type":"Feature","properties":{"idx":141,"road":"","cls":"tertiary","shops":0,"st_km":0.49,"mesh":"52397502"},"geometry":{"type":"LineString","coordinates":[[139.65597,35.25489],[139.65594,35.25517],[139.65605,35.2557],[139.6561,35.25579],[139.65621,35.25586]]}},{"type":"Feature","properties":{"idx":117,"road":"","cls":"tertiary","shops":0,"st_km":0.69,"mesh":"52397502"},"geometry":{"type":"LineString","coordinates":[[139.65516,35.25419],[139.65483,35.2542],[139.65454,35.25402],[139.65419,35.25396],[139.65366,35.25368]]}},{"type":"Feature","properties":{"idx":103,"road":"","cls":"tertiary","shops":0,"st_km":0.84,"mesh":"52397502"},"geometry":{"type":"LineString","coordinates":[[139.65366,35.25368],[139.65343,35.25354],[139.6531,35.25359],[139.65238,35.25354],[139.65219,35.25346],[139.65208,35.25334]]}},{"type":"Feature","properties":{"idx":651,"road":"","cls":"tertiary","shops":0,"st_km":0.23,"mesh":"52397512"},"geometry":{"type":"LineString","coordinates":[[139.65864,35.25821],[139.65878,35.25826],[139.65952,35.25876],[139.65969,35.25897]]}},{"type":"Feature","properties":{"idx":163,"road":"","cls":"tertiary","shops":0,"st_km":0.34,"mesh":"52397502"},"geometry":{"type":"LineString","coordinates":[[139.65785,35.25692],[139.65756,35.25653],[139.65712,35.25625],[139.65691,35.25585]]}},{"type":"Feature","properties":{"idx":180,"road":"","cls":"tertiary","shops":0,"st_km":0.25,"mesh":"52397502"},"geometry":{"type":"LineString","coordinates":[[139.65851,35.25802],[139.65857,35.25812]]}},{"type":"Feature","properties":{"idx":108,"road":"","cls":"tertiary","shops":0,"st_km":0.78,"mesh":"52397502"},"geometry":{"type":"LineString","coordinates":[[139.65381,35.25231],[139.65414,35.25275],[139.65366,35.25368]]}},{"type":"Feature","properties":{"idx":90,"road":"","cls":"tertiary","shops":0,"st_km":1.0,"mesh":"52397502"},"geometry":{"type":"LineString","coordinates":[[139.6515,35.25211],[139.65142,35.25258],[139.65126,35.25312]]}},{"type":"Feature","properties":{"idx":143,"road":"","cls":"tertiary","shops":0,"st_km":0.48,"mesh":"52397502"},"geometry":{"type":"LineString","coordinates":[[139.65574,35.25611],[139.65621,35.25586]]}},{"type":"Feature","properties":{"idx":150,"road":"","cls":"tertiary","shops":0,"st_km":0.43,"mesh":"52397502"},"geometry":{"type":"LineString","coordinates":[[139.65621,35.25586],[139.6564,35.25588],[139.65674,35.2558],[139.65691,35.25585]]}},{"type":"Feature","properties":{"idx":96,"road":"","cls":"tertiary","shops":0,"st_km":0.93,"mesh":"52397502"},"geometry":{"type":"LineString","coordinates":[[139.65381,35.25231],[139.65229,35.25224],[139.6515,35.25211]]}},{"type":"Feature","properties":{"idx":168,"road":"","cls":"tertiary","shops":0,"st_km":0.32,"mesh":"52397502"},"geometry":{"type":"LineString","coordinates":[[139.65831,35.25767],[139.65703,35.25817]]}},{"type":"Feature","properties":{"idx":179,"road":"","cls":"tertiary","shops":0,"st_km":0.25,"mesh":"52397502"},"geometry":{"type":"LineString","coordinates":[[139.65831,35.25767],[139.65846,35.25795]]}},{"type":"Feature","properties":{"idx":175,"road":"","cls":"tertiary","shops":0,"st_km":0.27,"mesh":"52397502"},"geometry":{"type":"LineString","coordinates":[[139.65785,35.25692],[139.65802,35.2573],[139.65831,35.25767]]}},{"type":"Feature","properties":{"idx":94,"road":"","cls":"tertiary","shops":0,"st_km":0.95,"mesh":"52397502"},"geometry":{"type":"LineString","coordinates":[[139.65208,35.25334],[139.65186,35.2532],[139.65126,35.25312]]}},{"type":"Feature","properties":{"idx":132,"road":"","cls":"tertiary","shops":0,"st_km":0.56,"mesh":"52397502"},"geometry":{"type":"LineString","coordinates":[[139.65597,35.25489],[139.65597,35.25453],[139.65591,35.25445],[139.65546,35.25421],[139.65516,35.25419]]}},{"type":"Feature","properties":{"idx":142,"road":"","cls":"tertiary","shops":0,"st_km":0.48,"mesh":"52397502"},"geometry":{"type":"LineString","coordinates":[[139.65574,35.25611],[139.65568,35.25623],[139.6557,35.25648],[139.65578,35.25658],[139.65613,35.25681]]}},{"type":"Feature","properties":{"idx":155,"road":"","cls":"tertiary","shops":0,"st_km":0.4,"mesh":"52397502"},"geometry":{"type":"LineString","coordinates":[[139.65613,35.25681],[139.65649,35.25712],[139.65703,35.25817]]}},{"type":"Feature","properties":{"idx":817,"road":"","cls":"tertiary","shops":1,"st_km":1.13,"mesh":"52397513"},"geometry":{"type":"LineString","coordinates":[[139.67336,35.25911],[139.67368,35.25965],[139.67408,35.26013],[139.6749,35.26028],[139.67508,35.26003]]}},{"type":"Feature","properties":{"idx":250,"road":"","cls":"tertiary","shops":0,"st_km":0.94,"mesh":"52397514"},"geometry":{"type":"LineString","coordinates":[[139.67653,35.25963],[139.6778,35.26001],[139.67781,35.26009],[139.67761,35.26058]]}},{"type":"Feature","properties":{"idx":279,"road":"","cls":"tertiary","shops":0,"st_km":0.81,"mesh":"52397514"},"geometry":{"type":"LineString","coordinates":[[139.67959,35.26197],[139.67886,35.26221],[139.67858,35.26216],[139.67761,35.26058]]}},{"type":"Feature","properties":{"idx":217,"road":"","cls":"tertiary","shops":0,"st_km":1.12,"mesh":"52397514"},"geometry":{"type":"LineString","coordinates":[[139.67532,35.25927],[139.67507,35.25961],[139.67506,35.25973],[139.67512,35.25983],[139.67631,35.26019]]}},{"type":"Feature","properties":{"idx":1015,"road":"","cls":"tertiary","shops":1,"st_km":0.85,"mesh":"52397513"},"geometry":{"type":"LineString","coordinates":[[139.66849,35.26568],[139.66948,35.26582]]}},{"type":"Feature","properties":{"idx":222,"road":"","cls":"tertiary","shops":0,"st_km":1.09,"mesh":"52397514"},"geometry":{"type":"LineString","coordinates":[[139.67532,35.25927],[139.67653,35.25963]]}},{"type":"Feature","properties":{"idx":85,"road":"","cls":"tertiary","shops":0,"st_km":0.74,"mesh":"52397503"},"geometry":{"type":"LineString","coordinates":[[139.67223,35.25537],[139.66941,35.25585],[139.66788,35.25621],[139.66765,35.25628],[139.66672,35.25687],[139.66606,35.25704]]}},{"type":"Feature","properties":{"idx":58,"road":"","cls":"tertiary","shops":0,"st_km":1.23,"mesh":"52397503"},"geometry":{"type":"LineString","coordinates":[[139.67223,35.25537],[139.67273,35.25527],[139.67307,35.25504],[139.67337,35.25473],[139.67358,35.25461],[139.67461,35.2544],[139.67609,35.25359]]}},{"type":"Feature","properties":{"idx":94,"road":"","cls":"tertiary","shops":1,"st_km":1.12,"mesh":"52397503"},"geometry":{"type":"LineString","coordinates":[[139.67452,35.25979],[139.67419,35.25972],[139.67374,35.25899],[139.67359,35.25866],[139.673,35.25816],[139.67283,35.25784],[139.67263,35.25768],[139.67224,35.25719],[139.67207,35.25688],[139.67214,35.25664]]}},{"type":"Feature","properties":{"idx":69,"road":"","cls":"tertiary","shops":0,"st_km":0.98,"mesh":"52397503"},"geometry":{"type":"LineString","coordinates":[[139.67121,35.25431],[139.6717,35.25546]]}},{"type":"Feature","properties":{"idx":284,"road":"","cls":"tertiary","shops":0,"st_km":0.98,"mesh":"52397504"},"geometry":{"type":"LineString","coordinates":[[139.67572,35.25297],[139.6761,35.25304],[139.67776,35.25307]]}},{"type":"Feature","properties":{"idx":318,"road":"","cls":"tertiary","shops":0,"st_km":0.73,"mesh":"52397523"},"geometry":{"type":"LineString","coordinates":[[139.66867,35.26783],[139.66968,35.26816]]}},{"type":"Feature","properties":{"idx":245,"road":"","cls":"tertiary","shops":0,"st_km":0.97,"mesh":"52397514"},"geometry":{"type":"LineString","coordinates":[[139.67631,35.26019],[139.67761,35.26058]]}},{"type":"Feature","properties":{"idx":1359,"road":"","cls":"tertiary","shops":3,"st_km":1.13,"mesh":"52397513"},"geometry":{"type":"LineString","coordinates":[[139.67452,35.25979],[139.67508,35.26003]]}},{"type":"Feature","properties":{"idx":522,"road":"","cls":"tertiary","shops":1,"st_km":0.63,"mesh":"52397523"},"geometry":{"type":"LineString","coordinates":[[139.67073,35.26851],[139.66968,35.26816]]}},{"type":"Feature","properties":{"idx":34,"road":"","cls":"tertiary","shops":0,"st_km":2.49,"mesh":"52397500"},"geometry":{"type":"LineString","coordinates":[[139.63623,35.25116],[139.63366,35.24958]]}},{"type":"Feature","properties":{"idx":294,"road":"","cls":"tertiary","shops":4,"st_km":2.01,"mesh":"52397501"},"geometry":{"type":"LineString","coordinates":[[139.64028,35.25312],[139.63915,35.2532],[139.63864,35.25319]]}},{"type":"Feature","properties":{"idx":37,"road":"","cls":"tertiary","shops":0,"st_km":2.23,"mesh":"52397500"},"geometry":{"type":"LineString","coordinates":[[139.63864,35.25319],[139.63824,35.25311],[139.63763,35.25285],[139.63702,35.25226],[139.63672,35.25161],[139.63657,35.25141],[139.63623,35.25116]]}},{"type":"Feature","properties":{"idx":112,"road":"","cls":"tertiary","shops":0,"st_km":1.71,"mesh":"52397501"},"geometry":{"type":"LineString","coordinates":[[139.64454,35.25549],[139.64177,35.25345],[139.64139,35.25326],[139.64097,35.25315],[139.64028,35.25312]]}},{"type":"Feature","properties":{"idx":475,"road":"","cls":"tertiary","shops":0,"st_km":0.55,"mesh":"52397512"},"geometry":{"type":"LineString","coordinates":[[139.65794,35.26246],[139.65789,35.2621],[139.65767,35.26167],[139.65743,35.26073],[139.6569,35.25994]]}},{"type":"Feature","properties":{"idx":402,"road":"","cls":"tertiary","shops":0,"st_km":0.73,"mesh":"52397512"},"geometry":{"type":"LineString","coordinates":[[139.65805,35.26402],[139.65794,35.26246]]}},{"type":"Feature","properties":{"idx":334,"road":"","cls":"tertiary","shops":0,"st_km":0.95,"mesh":"52397512"},"geometry":{"type":"LineString","coordinates":[[139.65363,35.26567],[139.65389,35.26553],[139.65412,35.26516],[139.65414,35.26503],[139.65401,35.26473],[139.65395,35.26413],[139.6544,35.26346],[139.65449,35.26323],[139.65453,35.26292],[139.65447,35.26279],[139.65432,35.26271],[139.65364,35.26263],[139.65313,35.26221]]}},{"type":"Feature","properties":{"idx":378,"road":"","cls":"tertiary","shops":0,"st_km":1.34,"mesh":"52397511"},"geometry":{"type":"LineString","coordinates":[[139.64782,35.26357],[139.64724,35.2631],[139.64716,35.26296],[139.647,35.26221],[139.64682,35.26194],[139.64687,35.26069],[139.6468,35.26023],[139.64672,35.2601],[139.64645,35.25996],[139.64571,35.25993],[139.64479,35.2597],[139.64378,35.25929],[139.6436,35.25898],[139.64361,35.25873]]}},{"type":"Feature","properties":{"idx":645,"road":"","cls":"tertiary","shops":1,"st_km":1.15,"mesh":"52397511"},"geometry":{"type":"LineString","coordinates":[[139.6504,35.26308],[139.64901,35.25946],[139.64894,35.25939],[139.64837,35.25931],[139.6464,35.25939],[139.64561,35.25937],[139.64481,35.25919],[139.64362,35.25883]]}},{"type":"Feature","properties":{"idx":165,"road":"","cls":"tertiary","shops":0,"st_km":1.1,"mesh":"52397501"},"geometry":{"type":"LineString","coordinates":[[139.65027,35.25643],[139.64944,35.25619],[139.64915,35.25591],[139.64906,35.25569],[139.64908,35.25488],[139.64905,35.25475],[139.64892,35.25451],[139.64866,35.25425]]}},{"type":"Feature","properties":{"idx":748,"road":"","cls":"tertiary","shops":0,"st_km":1.07,"mesh":"52397506"},"geometry":{"type":"LineString","coordinates":[[139.69896,35.25169],[139.69962,35.25153],[139.70141,35.25151],[139.70204,35.25144],[139.70263,35.25115],[139.70347,35.25028]]}},{"type":"Feature","properties":{"idx":434,"road":"","cls":"tertiary","shops":1,"st_km":0.57,"mesh":"52397505"},"geometry":{"type":"LineString","coordinates":[[139.69683,35.25538],[139.69657,35.25562],[139.69642,35.25588],[139.69626,35.25661]]}},{"type":"Feature","properties":{"idx":828,"road":"","cls":"tertiary","shops":0,"st_km":0.21,"mesh":"52397515"},"geometry":{"type":"LineString","coordinates":[[139.68996,35.26521],[139.68918,35.26413],[139.68845,35.26338],[139.68798,35.26299]]}},{"type":"Feature","properties":{"idx":63,"road":"","cls":"tertiary","shops":0,"st_km":1.1,"mesh":"52397503"},"geometry":{"type":"LineString","coordinates":[[139.67053,35.25176],[139.67069,35.25085],[139.67065,35.25059],[139.67056,35.25046]]}},{"type":"Feature","properties":{"idx":269,"road":"","cls":"tertiary","shops":0,"st_km":1.05,"mesh":"52397504"},"geometry":{"type":"LineString","coordinates":[[139.67769,35.25611],[139.67946,35.25609]]}},{"type":"Feature","properties":{"idx":377,"road":"","cls":"tertiary","shops":0,"st_km":0.65,"mesh":"52397504"},"geometry":{"type":"LineString","coordinates":[[139.68162,35.2511],[139.68232,35.2516],[139.68205,35.25188],[139.68142,35.25235],[139.68084,35.25267],[139.67987,35.25298],[139.67925,35.25307],[139.67776,35.25307]]}},{"type":"Feature","properties":{"idx":435,"road":"","cls":"tertiary","shops":0,"st_km":0.5,"mesh":"52397504"},"geometry":{"type":"LineString","coordinates":[[139.68136,35.2509],[139.68138,35.25092]]}},{"type":"Feature","properties":{"idx":1511,"road":"衣笠通り","cls":"tertiary","shops":19,"st_km":0.19,"mesh":"52397503"},"geometry":{"type":"LineString","coordinates":[[139.66427,35.25672],[139.66194,35.25785]]}},{"type":"Feature","properties":{"idx":334,"road":"横須賀葉山線","cls":"primary","shops":0,"st_km":1.93,"mesh":"52397511"},"geometry":{"type":"LineString","coordinates":[[139.64178,35.26544],[139.64176,35.26593]]}},{"type":"Feature","properties":{"idx":351,"road":"横須賀葉山線","cls":"primary","shops":0,"st_km":1.87,"mesh":"52397511"},"geometry":{"type":"LineString","coordinates":[[139.64113,35.26178],[139.64083,35.26031]]}},{"type":"Feature","properties":{"idx":147,"road":"横須賀葉山線","cls":"primary","shops":0,"st_km":1.62,"mesh":"52397501"},"geometry":{"type":"LineString","coordinates":[[139.64079,35.25987],[139.64087,35.25929],[139.64114,35.25861],[139.64159,35.258],[139.64215,35.25748],[139.64454,35.25549],[139.64497,35.2552],[139.64564,35.25487],[139.64706,35.2544]]}},{"type":"Feature","properties":{"idx":352,"road":"横須賀葉山線","cls":"primary","shops":0,"st_km":1.87,"mesh":"52397511"},"geometry":{"type":"LineString","coordinates":[[139.64083,35.26031],[139.64079,35.25987]]}},{"type":"Feature","properties":{"idx":350,"road":"横須賀葉山線","cls":"primary","shops":0,"st_km":1.88,"mesh":"52397511"},"geometry":{"type":"LineString","coordinates":[[139.64073,35.26032],[139.64102,35.26179]]}},{"type":"Feature","properties":{"idx":351,"road":"横須賀葉山線","cls":"primary","shops":0,"st_km":1.88,"mesh":"52397511"},"geometry":{"type":"LineString","coordinates":[[139.6407,35.25987],[139.64073,35.26032]]}},{"type":"Feature","properties":{"idx":281,"road":"","cls":"tertiary","shops":0,"st_km":1.81,"mesh":"52397511"},"geometry":{"type":"LineString","coordinates":[[139.64598,35.26638],[139.64473,35.26606],[139.64386,35.26594],[139.64185,35.26594]]}},{"type":"Feature","properties":{"idx":207,"road":"新池上隧道","cls":"tertiary","shops":0,"st_km":1.43,"mesh":"52397521"},"geometry":{"type":"LineString","coordinates":[[139.64859,35.26879],[139.64742,35.26785]]}},{"type":"Feature","properties":{"idx":553,"road":"","cls":"tertiary","shops":1,"st_km":0.56,"mesh":"52397523"},"geometry":{"type":"LineString","coordinates":[[139.67116,35.2721],[139.67128,35.27217]]}},{"type":"Feature","properties":{"idx":351,"road":"","cls":"tertiary","shops":0,"st_km":0.61,"mesh":"52397523"},"geometry":{"type":"LineString","coordinates":[[139.67116,35.2721],[139.67049,35.27181],[139.67007,35.27142],[139.66988,35.27117]]}},{"type":"Feature","properties":{"idx":236,"road":"","cls":"tertiary","shops":0,"st_km":0.04,"mesh":"52397590"},"geometry":{"type":"LineString","coordinates":[[139.6311,35.33044],[139.63117,35.33035]]}},{"type":"Feature","properties":{"idx":180,"road":"","cls":"tertiary","shops":0,"st_km":0.31,"mesh":"52397590"},"geometry":{"type":"LineString","coordinates":[[139.62625,35.33161],[139.6291,35.33029],[139.62927,35.33009],[139.62945,35.32946]]}},{"type":"Feature","properties":{"idx":795,"road":"","cls":"tertiary","shops":1,"st_km":0.13,"mesh":"52397514"},"geometry":{"type":"LineString","coordinates":[[139.68621,35.26107],[139.68671,35.26192],[139.68766,35.26267]]}},{"type":"Feature","properties":{"idx":151,"road":"","cls":"tertiary","shops":0,"st_km":1.22,"mesh":"52397501"},"geometry":{"type":"LineString","coordinates":[[139.64824,35.25385],[139.64811,35.25373]]}},{"type":"Feature","properties":{"idx":155,"road":"","cls":"tertiary","shops":0,"st_km":1.19,"mesh":"52397501"},"geometry":{"type":"LineString","coordinates":[[139.64866,35.25425],[139.64824,35.25385]]}},{"type":"Feature","properties":{"idx":690,"road":"","cls":"pedestrian","shops":0,"st_km":0.49,"mesh":"52397512"},"geometry":{"type":"LineString","coordinates":[[139.65703,35.25991],[139.65773,35.26086]]}},{"type":"Feature","properties":{"idx":169,"road":"","cls":"tertiary","shops":1,"st_km":0.44,"mesh":"52397533"},"geometry":{"type":"LineString","coordinates":[[139.67241,35.27929],[139.67251,35.27918],[139.67488,35.27756],[139.67702,35.27614]]}},{"type":"Feature","properties":{"idx":190,"road":"","cls":"tertiary","shops":1,"st_km":0.32,"mesh":"52397533"},"geometry":{"type":"LineString","coordinates":[[139.67375,35.27974],[139.67351,35.27957],[139.67299,35.27943]]}},{"type":"Feature","properties":{"idx":1116,"road":"三崎街道","cls":"primary","shops":11,"st_km":0.24,"mesh":"52397533"},"geometry":{"type":"LineString","coordinates":[[139.66797,35.28274],[139.66812,35.28237],[139.67088,35.27887]]}},{"type":"Feature","properties":{"idx":467,"road":"県道26号線","cls":"primary","shops":5,"st_km":0.49,"mesh":"52397533"},"geometry":{"type":"LineString","coordinates":[[139.66794,35.28283],[139.66797,35.28274]]}},{"type":"Feature","properties":{"idx":355,"road":"","cls":"tertiary","shops":0,"st_km":0.69,"mesh":"52397580"},"geometry":{"type":"LineString","coordinates":[[139.62745,35.32209],[139.62809,35.3209],[139.62802,35.32084],[139.62789,35.32083]]}},{"type":"Feature","properties":{"idx":421,"road":"","cls":"tertiary","shops":0,"st_km":0.84,"mesh":"52397517"},"geometry":{"type":"LineString","coordinates":[[139.71911,35.25654],[139.71917,35.25671],[139.71914,35.25689],[139.71876,35.25806],[139.71862,35.25825],[139.7182,35.25859],[139.71794,35.25894],[139.7167,35.25996],[139.71632,35.26018],[139.71605,35.2603],[139.71543,35.26025],[139.71496,35.26045],[139.71487,35.26056]]}},{"type":"Feature","properties":{"idx":190,"road":"","cls":"tertiary","shops":0,"st_km":0.57,"mesh":"52397507"},"geometry":{"type":"LineString","coordinates":[[139.72185,35.2557],[139.72144,35.25536],[139.72073,35.25517],[139.71888,35.25543],[139.71867,35.25559],[139.71858,35.25605],[139.71868,35.25622],[139.71911,35.25654]]}},{"type":"Feature","properties":{"idx":285,"road":"","cls":"pedestrian","shops":0,"st_km":1.72,"mesh":"52397508"},"geometry":{"type":"LineString","coordinates":[[139.73388,35.25778],[139.73353,35.25767],[139.73326,35.25769],[139.73269,35.25794],[139.73146,35.25865],[139.73095,35.25875],[139.73054,35.25875]]}},{"type":"Feature","properties":{"idx":206,"road":"観音崎環状線","cls":"secondary","shops":0,"st_km":1.99,"mesh":"52397508"},"geometry":{"type":"LineString","coordinates":[[139.7341,35.24869],[139.73446,35.24867],[139.73547,35.24904],[139.73584,35.24903],[139.73642,35.2489],[139.7366,35.24898],[139.73687,35.24922],[139.73698,35.2495],[139.73683,35.25012],[139.73677,35.25117],[139.73681,35.25153],[139.73716,35.25311],[139.73727,35.25341],[139.73738,35.25355],[139.73806,35.25418]]}},{"type":"Feature","properties":{"idx":19,"road":"観音崎環状線","cls":"secondary","shops":0,"st_km":2.18,"mesh":"52397509"},"geometry":{"type":"LineString","coordinates":[[139.73839,35.25502],[139.73862,35.25638]]}},{"type":"Feature","properties":{"idx":438,"road":"","cls":"tertiary","shops":0,"st_km":0.49,"mesh":"52397504"},"geometry":{"type":"LineString","coordinates":[[139.68138,35.25092],[139.68159,35.25107]]}},{"type":"Feature","properties":{"idx":440,"road":"","cls":"tertiary","shops":0,"st_km":0.49,"mesh":"52397504"},"geometry":{"type":"LineString","coordinates":[[139.68159,35.25107],[139.68162,35.2511]]}},{"type":"Feature","properties":{"idx":103,"road":"","cls":"tertiary","shops":0,"st_km":1.59,"mesh":"52397520"},"geometry":{"type":"LineString","coordinates":[[139.63782,35.27093],[139.63757,35.27113],[139.6373,35.27151],[139.63721,35.27187],[139.63722,35.27223],[139.63818,35.27524]]}},{"type":"Feature","properties":{"idx":178,"road":"","cls":"tertiary","shops":0,"st_km":1.7,"mesh":"52397521"},"geometry":{"type":"LineString","coordinates":[[139.63944,35.27007],[139.64104,35.26899],[139.64129,35.26869],[139.64137,35.26844],[139.64164,35.26676],[139.64185,35.26594]]}},{"type":"Feature","properties":{"idx":178,"road":"","cls":"tertiary","shops":0,"st_km":1.7,"mesh":"52397521"},"geometry":{"type":"LineString","coordinates":[[139.63945,35.26983],[139.63782,35.27093]]}},{"type":"Feature","properties":{"idx":270,"road":"","cls":"tertiary","shops":1,"st_km":1.68,"mesh":"52397521"},"geometry":{"type":"LineString","coordinates":[[139.63827,35.27085],[139.63944,35.27007]]}},{"type":"Feature","properties":{"idx":264,"road":"","cls":"tertiary","shops":0,"st_km":1.31,"mesh":"52397508"},"geometry":{"type":"LineString","coordinates":[[139.73135,35.25024],[139.73119,35.25067],[139.73068,35.2511],[139.72936,35.25194],[139.72828,35.2527],[139.7271,35.25332]]}},{"type":"Feature","properties":{"idx":208,"road":"","cls":"tertiary","shops":0,"st_km":1.71,"mesh":"52397508"},"geometry":{"type":"LineString","coordinates":[[139.73716,35.25311],[139.73337,35.25489],[139.7304,35.25588],[139.72955,35.25593]]}},{"type":"Feature","properties":{"idx":949,"road":"","cls":"tertiary","shops":0,"st_km":0.08,"mesh":"52397515"},"geometry":{"type":"LineString","coordinates":[[139.68766,35.26267],[139.68784,35.26283]]}},{"type":"Feature","properties":{"idx":416,"road":"","cls":"tertiary","shops":0,"st_km":0.43,"mesh":"52397523"},"geometry":{"type":"LineString","coordinates":[[139.67628,35.26852],[139.67487,35.26757],[139.6745,35.26744],[139.67399,35.26733],[139.67354,35.26733],[139.67202,35.2677],[139.6716,35.26789],[139.67103,35.26821],[139.67071,35.26854],[139.67044,35.26905]]}},{"type":"Feature","properties":{"idx":469,"road":"","cls":"tertiary","shops":0,"st_km":0.31,"mesh":"52397523"},"geometry":{"type":"LineString","coordinates":[[139.67197,35.27149],[139.67422,35.27195],[139.6765,35.27271],[139.677,35.27282]]}},{"type":"Feature","properties":{"idx":179,"road":"","cls":"tertiary","shops":0,"st_km":0.25,"mesh":"52397502"},"geometry":{"type":"LineString","coordinates":[[139.65846,35.25795],[139.65851,35.25802]]}},{"type":"Feature","properties":{"idx":203,"road":"","cls":"tertiary","shops":0,"st_km":1.46,"mesh":"52397521"},"geometry":{"type":"LineString","coordinates":[[139.64598,35.26832],[139.64648,35.26817],[139.64784,35.2683],[139.64824,35.26855]]}},{"type":"Feature","properties":{"idx":232,"road":"","cls":"tertiary_link","shops":0,"st_km":0.56,"mesh":"52397550"},"geometry":{"type":"LineString","coordinates":[[139.63189,35.29463],[139.63177,35.29458],[139.63164,35.29443]]}},{"type":"Feature","properties":{"idx":228,"road":"","cls":"tertiary_link","shops":0,"st_km":0.58,"mesh":"52397550"},"geometry":{"type":"LineString","coordinates":[[139.63151,35.29509],[139.63185,35.29467]]}},{"type":"Feature","properties":{"idx":201,"road":"Baywalk","cls":"pedestrian","shops":0,"st_km":0.16,"mesh":"52397532"},"geometry":{"type":"LineString","coordinates":[[139.66178,35.28139],[139.66165,35.28186]]}},{"type":"Feature","properties":{"idx":291,"road":"","cls":"pedestrian","shops":1,"st_km":0.2,"mesh":"52397532"},"geometry":{"type":"LineString","coordinates":[[139.66207,35.28217],[139.66195,35.28198],[139.66197,35.28185]]}},{"type":"Feature","properties":{"idx":200,"road":"Baywalk","cls":"pedestrian","shops":0,"st_km":0.16,"mesh":"52397532"},"geometry":{"type":"LineString","coordinates":[[139.66147,35.28143],[139.66197,35.28185]]}},{"type":"Feature","properties":{"idx":372,"road":"","cls":"tertiary","shops":0,"st_km":0.54,"mesh":"52397560"},"geometry":{"type":"LineString","coordinates":[[139.63019,35.3058],[139.62977,35.30509],[139.62943,35.30489],[139.62938,35.3048],[139.6301,35.30336],[139.63022,35.30329],[139.6306,35.30328],[139.63098,35.30309]]}},{"type":"Feature","properties":{"idx":311,"road":"","cls":"tertiary","shops":0,"st_km":0.74,"mesh":"52397560"},"geometry":{"type":"LineString","coordinates":[[139.62736,35.30579],[139.6287,35.30569],[139.62885,35.30573],[139.62907,35.30594],[139.62919,35.30595],[139.62948,35.30582],[139.62976,35.30575],[139.63045,35.30582],[139.63083,35.30567],[139.63256,35.3057],[139.63293,35.30595],[139.63295,35.30674],[139.63313,35.30713],[139.63314,35.30744]]}},{"type":"Feature","properties":{"idx":379,"road":"","cls":"tertiary","shops":0,"st_km":0.52,"mesh":"52397560"},"geometry":{"type":"LineString","coordinates":[[139.62816,35.30421],[139.62844,35.30571]]}},{"type":"Feature","properties":{"idx":333,"road":"","cls":"tertiary","shops":0,"st_km":0.66,"mesh":"52397560"},"geometry":{"type":"LineString","coordinates":[[139.63099,35.30566],[139.63102,35.30443],[139.63164,35.30376]]}},{"type":"Feature","properties":{"idx":427,"road":"","cls":"tertiary","shops":0,"st_km":0.4,"mesh":"52397560"},"geometry":{"type":"LineString","coordinates":[[139.62967,35.30418],[139.62916,35.304],[139.62901,35.30385],[139.62896,35.30369],[139.62896,35.30203],[139.62962,35.30135]]}},{"type":"Feature","properties":{"idx":134,"road":"","cls":"tertiary","shops":0,"st_km":0.85,"mesh":"52397570"},"geometry":{"type":"LineString","coordinates":[[139.6286,35.30792],[139.629,35.30804],[139.62913,35.30817],[139.62915,35.30833],[139.62909,35.30859],[139.62911,35.30882],[139.6292,35.30901],[139.62942,35.30924],[139.62972,35.30939],[139.62988,35.30934],[139.63001,35.30913]]}},{"type":"Feature","properties":{"idx":146,"road":"","cls":"tertiary","shops":0,"st_km":0.74,"mesh":"52397570"},"geometry":{"type":"LineString","coordinates":[[139.63138,35.31314],[139.63158,35.31326],[139.63178,35.31349],[139.63196,35.31358],[139.63274,35.31362],[139.63289,35.31373],[139.633,35.31405],[139.63315,35.31414],[139.63357,35.31419],[139.63377,35.31438]]}},{"type":"Feature","properties":{"idx":180,"road":"","cls":"tertiary","shops":0,"st_km":0.52,"mesh":"52397570"},"geometry":{"type":"LineString","coordinates":[[139.62972,35.30939],[139.62964,35.30957],[139.62949,35.30968],[139.62886,35.3098],[139.62816,35.31023],[139.62807,35.31035],[139.62785,35.31108],[139.62789,35.31141],[139.62816,35.31186],[139.62827,35.31195],[139.62854,35.31201],[139.62908,35.31186],[139.62939,35.31192],[139.63003,35.31241],[139.63057,35.31262],[139.63096,35.31297],[139.63138,35.31314]]}},{"type":"Feature","properties":{"idx":378,"road":"","cls":"tertiary","shops":0,"st_km":0.53,"mesh":"52397560"},"geometry":{"type":"LineString","coordinates":[[139.62998,35.30199],[139.63081,35.30174],[139.63091,35.30169],[139.63104,35.30139],[139.63146,35.30121],[139.63165,35.30118]]}},{"type":"Feature","properties":{"idx":136,"road":"","cls":"tertiary","shops":0,"st_km":0.83,"mesh":"52397570"},"geometry":{"type":"LineString","coordinates":[[139.63377,35.31438],[139.63398,35.31458]]}},{"type":"Feature","properties":{"idx":132,"road":"","cls":"tertiary","shops":0,"st_km":0.86,"mesh":"52397570"},"geometry":{"type":"LineString","coordinates":[[139.63398,35.31458],[139.63415,35.31464],[139.6345,35.31466],[139.63464,35.31476]]}},{"type":"Feature","properties":{"idx":467,"road":"","cls":"tertiary","shops":0,"st_km":1.37,"mesh":"52397571"},"geometry":{"type":"LineString","coordinates":[[139.63942,35.31117],[139.63977,35.31319],[139.63972,35.31332],[139.63972,35.31379],[139.63984,35.31451],[139.63991,35.31456],[139.64108,35.31467]]}},{"type":"Feature","properties":{"idx":429,"road":"","cls":"tertiary","shops":0,"st_km":1.5,"mesh":"52397571"},"geometry":{"type":"LineString","coordinates":[[139.64092,35.31649],[139.64086,35.31636],[139.64086,35.31616],[139.64128,35.31322],[139.64134,35.31302],[139.64207,35.31211],[139.64183,35.31088]]}},{"type":"Feature","properties":{"idx":489,"road":"","cls":"tertiary","shops":0,"st_km":1.3,"mesh":"52397571"},"geometry":{"type":"LineString","coordinates":[[139.6363,35.31321],[139.63686,35.31304],[139.63695,35.31296],[139.63678,35.31195],[139.63681,35.31185],[139.63689,35.31178],[139.63744,35.31169],[139.63819,35.31133],[139.64183,35.31088]]}},{"type":"Feature","properties":{"idx":791,"road":"","cls":"tertiary","shops":0,"st_km":1.5,"mesh":"52397581"},"geometry":{"type":"LineString","coordinates":[[139.64008,35.31678],[139.64016,35.31795],[139.64246,35.31775],[139.64374,35.3178]]}},{"type":"Feature","properties":{"idx":374,"road":"","cls":"tertiary","shops":0,"st_km":1.75,"mesh":"52397571"},"geometry":{"type":"LineString","coordinates":[[139.64183,35.31088],[139.64452,35.31057]]}},{"type":"Feature","properties":{"idx":392,"road":"","cls":"tertiary","shops":0,"st_km":1.66,"mesh":"52397571"},"geometry":{"type":"LineString","coordinates":[[139.64356,35.31527],[139.64275,35.31554]]}},{"type":"Feature","properties":{"idx":270,"road":"","cls":"tertiary","shops":0,"st_km":1.01,"mesh":"52397580"},"geometry":{"type":"LineString","coordinates":[[139.64092,35.31649],[139.64024,35.31678],[139.63826,35.31672],[139.63152,35.31734],[139.63077,35.31734]]}},{"type":"Feature","properties":{"idx":653,"road":"","cls":"tertiary","shops":0,"st_km":1.74,"mesh":"52397581"},"geometry":{"type":"LineString","coordinates":[[139.64532,35.32216],[139.64374,35.3178],[139.64356,35.31527]]}},{"type":"Feature","properties":{"idx":1062,"road":"三崎街道","cls":"primary","shops":3,"st_km":0.65,"mesh":"52397523"},"geometry":{"type":"LineString","coordinates":[[139.67088,35.27887],[139.6709,35.27861],[139.6707,35.27711],[139.67054,35.27689],[139.66981,35.27616],[139.66972,35.27588],[139.6702,35.27391],[139.6704,35.27291],[139.67045,35.27282],[139.6719,35.27166],[139.67197,35.27149],[139.67197,35.27132],[139.67191,35.27103],[139.67131,35.26957],[139.6712,35.26944],[139.66945,35.2686],[139.66847,35.26824]]}},{"type":"Feature","properties":{"idx":822,"road":"浦賀港線","cls":"secondary","shops":0,"st_km":0.29,"mesh":"52397515"},"geometry":{"type":"LineString","coordinates":[[139.69342,35.26376],[139.69491,35.26296],[139.69557,35.26267],[139.70002,35.26141],[139.70363,35.26062]]}},{"type":"Feature","properties":{"idx":507,"road":"観音崎環状線","cls":"secondary","shops":0,"st_km":0.13,"mesh":"52397516"},"geometry":{"type":"LineString","coordinates":[[139.70363,35.26062],[139.706,35.26014],[139.71127,35.25974],[139.71223,35.25971],[139.71294,35.25976],[139.71336,35.25985],[139.71487,35.26056]]}},{"type":"Feature","properties":{"idx":738,"road":"","cls":"tertiary","shops":1,"st_km":0.11,"mesh":"52397541"},"geometry":{"type":"LineString","coordinates":[[139.64266,35.28694],[139.64326,35.28684],[139.64352,35.28688],[139.64367,35.28701],[139.6443,35.28782],[139.64453,35.2879],[139.64479,35.28781]]}},{"type":"Feature","properties":{"idx":449,"road":"","cls":"tertiary","shops":0,"st_km":0.2,"mesh":"52397541"},"geometry":{"type":"LineString","coordinates":[[139.64266,35.28694],[139.64263,35.28707],[139.64295,35.28781],[139.64308,35.28828],[139.64393,35.28897],[139.64413,35.28921],[139.64435,35.28968]]}},{"type":"Feature","properties":{"idx":431,"road":"","cls":"tertiary","shops":0,"st_km":0.38,"mesh":"52397531"},"geometry":{"type":"LineString","coordinates":[[139.64176,35.28373],[139.64234,35.2833],[139.64258,35.28326],[139.64272,35.28333],[139.64327,35.28393]]}},{"type":"Feature","properties":{"idx":397,"road":"","cls":"tertiary","shops":0,"st_km":0.2,"mesh":"52397542"},"geometry":{"type":"LineString","coordinates":[[139.6516,35.28542],[139.65191,35.2855],[139.65242,35.28495],[139.65323,35.2844],[139.65321,35.28432],[139.65282,35.28394],[139.6527,35.2836]]}},{"type":"Feature","properties":{"idx":677,"road":"","cls":"tertiary_link","shops":12,"st_km":0.11,"mesh":"52397532"},"geometry":{"type":"LineString","coordinates":[[139.66163,35.28044],[139.66124,35.28083]]}},{"type":"Feature","properties":{"idx":714,"road":"","cls":"tertiary_link","shops":13,"st_km":0.12,"mesh":"52397532"},"geometry":{"type":"LineString","coordinates":[[139.66124,35.28083],[139.66152,35.28088]]}},{"type":"Feature","properties":{"idx":206,"road":"","cls":"tertiary","shops":1,"st_km":0.22,"mesh":"52397532"},"geometry":{"type":"LineString","coordinates":[[139.65998,35.28224],[139.66006,35.28204],[139.66124,35.28083]]}},{"type":"Feature","properties":{"idx":1051,"road":"三笠ビル商店街","cls":"pedestrian","shops":9,"st_km":0.23,"mesh":"52397533"},"geometry":{"type":"LineString","coordinates":[[139.6698,35.28],[139.66939,35.28037],[139.6687,35.28134]]}},{"type":"Feature","properties":{"idx":1746,"road":"","cls":"tertiary","shops":0,"st_km":2.1,"mesh":"52397582"},"geometry":{"type":"LineString","coordinates":[[139.65108,35.31982],[139.65133,35.32065],[139.65176,35.32169],[139.65206,35.32264]]}},{"type":"Feature","properties":{"idx":1427,"road":"浦賀港線","cls":"secondary","shops":0,"st_km":0.45,"mesh":"52397506"},"geometry":{"type":"LineString","coordinates":[[139.7147,35.25072],[139.71414,35.2513],[139.71396,35.25142],[139.71376,35.25153],[139.71186,35.25217],[139.71116,35.25257],[139.71072,35.25291],[139.71032,35.25332],[139.70983,35.25406],[139.70954,35.25474],[139.70926,35.25582],[139.70903,35.25618],[139.70859,35.25657],[139.70822,35.25747],[139.70793,35.25784],[139.70766,35.25803],[139.7066,35.25856],[139.70559,35.25952],[139.70417,35.26026],[139.70374,35.26051],[139.70363,35.26062]]}},{"type":"Feature","properties":{"idx":254,"road":"観音崎環状線","cls":"secondary","shops":0,"st_km":2.35,"mesh":"52397519"},"geometry":{"type":"LineString","coordinates":[[139.74079,35.25809],[139.7405,35.25859],[139.74047,35.25923],[139.7404,35.25938],[139.73967,35.25969],[139.73813,35.26076],[139.73532,35.26134]]}},{"type":"Feature","properties":{"idx":525,"road":"観音崎環状線","cls":"secondary","shops":0,"st_km":0.68,"mesh":"52397517"},"geometry":{"type":"LineString","coordinates":[[139.71533,35.26143],[139.71515,35.26085],[139.71499,35.26062],[139.71487,35.26056]]}},{"type":"Feature","properties":{"idx":2021,"road":"","cls":"tertiary","shops":12,"st_km":0.06,"mesh":"52397570"},"geometry":{"type":"LineString","coordinates":[[139.62538,35.31602],[139.62532,35.31601]]}},{"type":"Feature","properties":{"idx":36,"road":"観音崎環状線","cls":"secondary","shops":2,"st_km":2.36,"mesh":"52397509"},"geometry":{"type":"LineString","coordinates":[[139.73922,35.25687],[139.74091,35.25772]]}},{"type":"Feature","properties":{"idx":39,"road":"","cls":"tertiary","shops":3,"st_km":2.44,"mesh":"52397509"},"geometry":{"type":"LineString","coordinates":[[139.74091,35.25772],[139.74098,35.25752]]}},{"type":"Feature","properties":{"idx":180,"road":"","cls":"tertiary","shops":0,"st_km":0.25,"mesh":"52397502"},"geometry":{"type":"LineString","coordinates":[[139.65857,35.25812],[139.65861,35.25819]]}},{"type":"Feature","properties":{"idx":180,"road":"","cls":"tertiary","shops":0,"st_km":0.25,"mesh":"52397502"},"geometry":{"type":"LineString","coordinates":[[139.65861,35.25819],[139.65864,35.25821]]}},{"type":"Feature","properties":{"idx":469,"road":"","cls":"tertiary","shops":1,"st_km":1.07,"mesh":"52397508"},"geometry":{"type":"LineString","coordinates":[[139.7263,35.2533],[139.7267,35.2534],[139.7271,35.25332]]}},{"type":"Feature","properties":{"idx":469,"road":"","cls":"tertiary","shops":2,"st_km":1.5,"mesh":"52397508"},"geometry":{"type":"LineString","coordinates":[[139.73136,35.25016],[139.73135,35.25024]]}},{"type":"Feature","properties":{"idx":810,"road":"浦賀港線","cls":"secondary","shops":3,"st_km":0.15,"mesh":"52397507"},"geometry":{"type":"LineString","coordinates":[[139.71504,35.25041],[139.7147,35.25072]]}},{"type":"Feature","properties":{"idx":278,"road":"","cls":"tertiary","shops":0,"st_km":1.01,"mesh":"52397504"},"geometry":{"type":"LineString","coordinates":[[139.67701,35.25307],[139.67609,35.25359]]}},{"type":"Feature","properties":{"idx":630,"road":"横須賀海岸通り (Yokosukakaigan-dori);よこすか海岸通り","cls":"tertiary","shops":2,"st_km":0.71,"mesh":"52397524"},"geometry":{"type":"LineString","coordinates":[[139.69038,35.2659],[139.68987,35.26657],[139.68836,35.26809],[139.68779,35.26858],[139.68545,35.27015],[139.68496,35.27062],[139.6848,35.27086],[139.684,35.27243],[139.68344,35.27361]]}},{"type":"Feature","properties":{"idx":661,"road":"横須賀海岸通り","cls":"tertiary","shops":0,"st_km":0.44,"mesh":"52397515"},"geometry":{"type":"LineString","coordinates":[[139.69044,35.26592],[139.69055,35.26581]]}},{"type":"Feature","properties":{"idx":632,"road":"","cls":"tertiary","shops":2,"st_km":0.7,"mesh":"52397524"},"geometry":{"type":"LineString","coordinates":[[139.68647,35.26958],[139.68621,35.26934]]}},{"type":"Feature","properties":{"idx":442,"road":"","cls":"tertiary","shops":0,"st_km":0.34,"mesh":"52397524"},"geometry":{"type":"LineString","coordinates":[[139.68021,35.26884],[139.68067,35.26959]]}},{"type":"Feature","properties":{"idx":855,"road":"G Street","cls":"pedestrian","shops":1,"st_km":1.17,"mesh":"52397543"},"geometry":{"type":"LineString","coordinates":[[139.67081,35.28988],[139.67094,35.28859]]}},{"type":"Feature","properties":{"idx":92,"road":"","cls":"tertiary","shops":0,"st_km":0.64,"mesh":"52397533"},"geometry":{"type":"LineString","coordinates":[[139.67414,35.28325],[139.67437,35.2833],[139.67462,35.28327]]}},{"type":"Feature","properties":{"idx":303,"road":"","cls":"tertiary","shops":0,"st_km":0.75,"mesh":"52397580"},"geometry":{"type":"LineString","coordinates":[[139.63186,35.32223],[139.63173,35.32235],[139.63165,35.32272],[139.63153,35.3247],[139.63106,35.32542]]}},{"type":"Feature","properties":{"idx":658,"road":"","cls":"tertiary","shops":2,"st_km":0.65,"mesh":"52397580"},"geometry":{"type":"LineString","coordinates":[[139.63145,35.32487],[139.63114,35.32452]]}},{"type":"Feature","properties":{"idx":601,"road":"","cls":"tertiary","shops":1,"st_km":0.56,"mesh":"52397580"},"geometry":{"type":"LineString","coordinates":[[139.6296,35.32031],[139.62926,35.31934],[139.63054,35.31763]]}},{"type":"Feature","properties":{"idx":334,"road":"","cls":"tertiary","shops":0,"st_km":0.66,"mesh":"52397560"},"geometry":{"type":"LineString","coordinates":[[139.63165,35.30118],[139.63179,35.30119],[139.63221,35.30142],[139.63234,35.30156],[139.6324,35.30169],[139.63246,35.30253]]}},{"type":"Feature","properties":{"idx":103,"road":"","cls":"tertiary","shops":0,"st_km":1.6,"mesh":"52397520"},"geometry":{"type":"LineString","coordinates":[[139.63822,35.2752],[139.63733,35.27234],[139.6373,35.27211],[139.63735,35.27177],[139.63756,35.27141],[139.63774,35.27121],[139.63827,35.27085]]}},{"type":"Feature","properties":{"idx":500,"road":"観音崎環状線","cls":"secondary","shops":0,"st_km":0.74,"mesh":"52397517"},"geometry":{"type":"LineString","coordinates":[[139.71578,35.26216],[139.71533,35.26143]]}},{"type":"Feature","properties":{"idx":479,"road":"観音崎環状線","cls":"secondary","shops":0,"st_km":0.79,"mesh":"52397517"},"geometry":{"type":"LineString","coordinates":[[139.71608,35.26237],[139.71588,35.26229],[139.71578,35.26216]]}},{"type":"Feature","properties":{"idx":191,"road":"横須賀葉山線","cls":"primary","shops":0,"st_km":1.21,"mesh":"52397501"},"geometry":{"type":"LineString","coordinates":[[139.64933,35.25215],[139.6488,35.25304],[139.64838,35.25352],[139.64811,35.25373],[139.64727,35.25423]]}},{"type":"Feature","properties":{"idx":192,"road":"横須賀葉山線","cls":"primary","shops":0,"st_km":1.2,"mesh":"52397501"},"geometry":{"type":"LineString","coordinates":[[139.64738,35.25426],[139.64817,35.25378],[139.64843,35.25357],[139.64887,35.25308],[139.6494,35.25218]]}},{"type":"Feature","properties":{"idx":2469,"road":"","cls":"pedestrian","shops":15,"st_km":0.09,"mesh":"52397502"},"geometry":{"type":"LineString","coordinates":[[139.6621,35.25717],[139.66185,35.25725]]}},{"type":"Feature","properties":{"idx":332,"road":"","cls":"tertiary","shops":0,"st_km":0.45,"mesh":"52397551"},"geometry":{"type":"LineString","coordinates":[[139.64087,35.29407],[139.64181,35.29387],[139.64233,35.29381],[139.64296,35.29383],[139.64386,35.29396]]}},{"type":"Feature","properties":{"idx":375,"road":"","cls":"tertiary","shops":0,"st_km":0.33,"mesh":"52397551"},"geometry":{"type":"LineString","coordinates":[[139.64069,35.2941],[139.64087,35.29407]]}},{"type":"Feature","properties":{"idx":705,"road":"","cls":"pedestrian","shops":0,"st_km":0.21,"mesh":"52397560"},"geometry":{"type":"LineString","coordinates":[[139.62714,35.30001],[139.62735,35.30007]]}},{"type":"Feature","properties":{"idx":37,"road":"","cls":"tertiary","shops":0,"st_km":2.21,"mesh":"52397500"},"geometry":{"type":"LineString","coordinates":[[139.63729,35.25254],[139.63752,35.2524]]}},{"type":"Feature","properties":{"idx":262,"road":"","cls":"pedestrian","shops":0,"st_km":1.89,"mesh":"52397508"},"geometry":{"type":"LineString","coordinates":[[139.73529,35.25749],[139.73452,35.25765],[139.7343,35.25776],[139.73388,35.25778]]}},{"type":"Feature","properties":{"idx":89,"road":"衣笠通り","cls":"tertiary","shops":0,"st_km":0.69,"mesh":"52397503"},"geometry":{"type":"LineString","coordinates":[[139.66826,35.2552],[139.6681,35.25524]]}},{"type":"Feature","properties":{"idx":131,"road":"衣笠通り","cls":"tertiary","shops":2,"st_km":1.06,"mesh":"52397503"},"geometry":{"type":"LineString","coordinates":[[139.67572,35.25297],[139.66826,35.2552]]}},{"type":"Feature","properties":{"idx":834,"road":"浦賀港線","cls":"secondary_link","shops":6,"st_km":0.18,"mesh":"52397507"},"geometry":{"type":"LineString","coordinates":[[139.71528,35.25021],[139.71508,35.25025],[139.71497,35.25016]]}},{"type":"Feature","properties":{"idx":301,"road":"横須賀葉山線","cls":"primary","shops":0,"st_km":2.28,"mesh":"52397510"},"geometry":{"type":"LineString","coordinates":[[139.64176,35.26593],[139.6413,35.26585],[139.64062,35.26555],[139.63863,35.26367],[139.6381,35.26335],[139.63742,35.26316],[139.63699,35.26315],[139.63628,35.26322],[139.63268,35.26373],[139.63209,35.26392],[139.63131,35.26434]]}},{"type":"Feature","properties":{"idx":335,"road":"横須賀葉山線","cls":"primary","shops":0,"st_km":1.92,"mesh":"52397511"},"geometry":{"type":"LineString","coordinates":[[139.64185,35.26594],[139.64189,35.26543]]}},{"type":"Feature","properties":{"idx":177,"road":"","cls":"tertiary","shops":0,"st_km":1.72,"mesh":"52397521"},"geometry":{"type":"LineString","coordinates":[[139.64176,35.26593],[139.64156,35.26673],[139.6413,35.26821],[139.64115,35.26869],[139.64095,35.26893],[139.64041,35.2693],[139.63945,35.26983]]}},{"type":"Feature","properties":{"idx":345,"road":"","cls":"pedestrian","shops":0,"st_km":0.28,"mesh":"52397507"},"geometry":{"type":"LineString","coordinates":[[139.71802,35.25158],[139.718,35.25081]]}},{"type":"Feature","properties":{"idx":506,"road":"横須賀葉山線","cls":"primary","shops":1,"st_km":1.9,"mesh":"52397511"},"geometry":{"type":"LineString","coordinates":[[139.64185,35.26594],[139.64176,35.26593]]}},{"type":"Feature","properties":{"idx":517,"road":"横須賀葉山線","cls":"primary","shops":2,"st_km":2.84,"mesh":"52397510"},"geometry":{"type":"LineString","coordinates":[[139.63123,35.26439],[139.63068,35.2647],[139.63026,35.26486],[139.6283,35.26515],[139.62715,35.2654],[139.62535,35.26535],[139.62317,35.26582],[139.62281,35.26597],[139.62204,35.26659],[139.62166,35.26683],[139.62083,35.26719],[139.62033,35.26733]]}},{"type":"Feature","properties":{"idx":332,"road":"","cls":"tertiary","shops":0,"st_km":0.44,"mesh":"52397516"},"geometry":{"type":"LineString","coordinates":[[139.7082,35.26348],[139.70821,35.26359]]}},{"type":"Feature","properties":{"idx":277,"road":"","cls":"tertiary","shops":0,"st_km":0.63,"mesh":"52397516"},"geometry":{"type":"LineString","coordinates":[[139.70303,35.26359],[139.70305,35.26369]]}},{"type":"Feature","properties":{"idx":297,"road":"","cls":"tertiary","shops":0,"st_km":0.56,"mesh":"52397516"},"geometry":{"type":"LineString","coordinates":[[139.70241,35.26091],[139.70303,35.26359]]}},{"type":"Feature","properties":{"idx":101,"road":"三崎街道","cls":"primary","shops":0,"st_km":0.8,"mesh":"52397503"},"geometry":{"type":"LineString","coordinates":[[139.66543,35.25489],[139.66551,35.2544],[139.66534,35.25365],[139.66533,35.25331],[139.66537,35.25314],[139.66583,35.25224],[139.66587,35.25195],[139.66582,35.25173],[139.66528,35.25072],[139.66516,35.25035],[139.6651,35.24956],[139.66508,35.24687],[139.66504,35.24655]]}},{"type":"Feature","properties":{"idx":655,"road":"衣笠通り","cls":"tertiary","shops":0,"st_km":0.22,"mesh":"52397512"},"geometry":{"type":"LineString","coordinates":[[139.65994,35.25885],[139.65982,35.25891]]}},{"type":"Feature","properties":{"idx":140,"road":"三崎街道","cls":"primary","shops":0,"st_km":0.44,"mesh":"52397503"},"geometry":{"type":"LineString","coordinates":[[139.66595,35.25692],[139.66572,35.25667]]}},{"type":"Feature","properties":{"idx":93,"road":"","cls":"tertiary","shops":0,"st_km":2.13,"mesh":"52397501"},"geometry":{"type":"LineString","coordinates":[[139.63752,35.2524],[139.63878,35.25174],[139.63941,35.25158]]}},{"type":"Feature","properties":{"idx":162,"road":"","cls":"tertiary","shops":1,"st_km":0.46,"mesh":"52397532"},"geometry":{"type":"LineString","coordinates":[[139.66155,35.28101],[139.66152,35.28063],[139.66182,35.28016],[139.66192,35.27985],[139.66185,35.2797],[139.66125,35.27894],[139.66117,35.27866],[139.66113,35.27805],[139.66103,35.27775],[139.66058,35.27718],[139.65957,35.27616],[139.658,35.27503],[139.65764,35.27465],[139.65736,35.27459],[139.65713,35.27444],[139.65705,35.27428],[139.6571,35.2735],[139.65702,35.27326],[139.65682,35.27303]]}},{"type":"Feature","properties":{"idx":197,"road":"","cls":"tertiary","shops":0,"st_km":1.51,"mesh":"52397521"},"geometry":{"type":"LineString","coordinates":[[139.64598,35.26638],[139.6459,35.26698],[139.64589,35.26775],[139.64615,35.26916],[139.64633,35.26983]]}},{"type":"Feature","properties":{"idx":188,"road":"","cls":"tertiary","shops":0,"st_km":1.6,"mesh":"52397521"},"geometry":{"type":"LineString","coordinates":[[139.64742,35.26785],[139.64696,35.26749],[139.64637,35.26656],[139.64598,35.26638]]}},{"type":"Feature","properties":{"idx":658,"road":"田浦停車場線","cls":"secondary","shops":0,"st_km":0.1,"mesh":"52397550"},"geometry":{"type":"LineString","coordinates":[[139.63722,35.29223],[139.63716,35.29179]]}},{"type":"Feature","properties":{"idx":268,"road":"横須賀葉山線","cls":"primary","shops":0,"st_km":2.65,"mesh":"52397510"},"geometry":{"type":"LineString","coordinates":[[139.63131,35.26434],[139.63123,35.26439]]}},{"type":"Feature","properties":{"idx":1055,"road":"衣笠通り","cls":"tertiary","shops":1,"st_km":0.15,"mesh":"52397512"},"geometry":{"type":"LineString","coordinates":[[139.66146,35.25808],[139.65994,35.25885]]}},{"type":"Feature","properties":{"idx":618,"road":"衣笠通り","cls":"tertiary","shops":4,"st_km":0.11,"mesh":"52397502"},"geometry":{"type":"LineString","coordinates":[[139.66194,35.25785],[139.66146,35.25808]]}},{"type":"Feature","properties":{"idx":372,"road":"","cls":"tertiary","shops":3,"st_km":0.14,"mesh":"52397532"},"geometry":{"type":"LineString","coordinates":[[139.66175,35.28176],[139.66155,35.28101]]}},{"type":"Feature","properties":{"idx":306,"road":"","cls":"tertiary_link","shops":6,"st_km":0.33,"mesh":"52397532"},"geometry":{"type":"LineString","coordinates":[[139.65969,35.28253],[139.65994,35.28234],[139.65998,35.28224]]}},{"type":"Feature","properties":{"idx":246,"road":"","cls":"tertiary_link","shops":0,"st_km":0.46,"mesh":"52397524"},"geometry":{"type":"LineString","coordinates":[[139.68621,35.26749],[139.6867,35.26737],[139.68727,35.2671]]}},{"type":"Feature","properties":{"idx":247,"road":"","cls":"tertiary_link","shops":0,"st_km":0.46,"mesh":"52397524"},"geometry":{"type":"LineString","coordinates":[[139.68703,35.26701],[139.68702,35.26711],[139.68621,35.26749]]}},{"type":"Feature","properties":{"idx":994,"road":"","cls":"tertiary","shops":1,"st_km":0.39,"mesh":"52397515"},"geometry":{"type":"LineString","coordinates":[[139.69331,35.26377],[139.69364,35.26446],[139.69371,35.26452]]}},{"type":"Feature","properties":{"idx":769,"road":"浦賀港線","cls":"secondary","shops":0,"st_km":0.36,"mesh":"52397515"},"geometry":{"type":"LineString","coordinates":[[139.69342,35.26376],[139.69331,35.26377]]}},{"type":"Feature","properties":{"idx":19,"road":"観音崎環状線","cls":"secondary","shops":0,"st_km":2.23,"mesh":"52397509"},"geometry":{"type":"LineString","coordinates":[[139.73862,35.25638],[139.73886,35.25667],[139.73922,35.25687]]}},{"type":"Feature","properties":{"idx":19,"road":"観音崎環状線","cls":"secondary","shops":0,"st_km":2.24,"mesh":"52397509"},"geometry":{"type":"LineString","coordinates":[[139.73922,35.25687],[139.73895,35.25663],[139.73879,35.25636]]}},{"type":"Feature","properties":{"idx":44,"road":"観音崎環状線","cls":"secondary","shops":3,"st_km":2.44,"mesh":"52397509"},"geometry":{"type":"LineString","coordinates":[[139.74079,35.25809],[139.74091,35.25772]]}},{"type":"Feature","properties":{"idx":19,"road":"観音崎環状線","cls":"secondary","shops":0,"st_km":2.14,"mesh":"52397509"},"geometry":{"type":"LineString","coordinates":[[139.73806,35.25418],[139.73828,35.2545],[139.73839,35.25502]]}},{"type":"Feature","properties":{"idx":19,"road":"観音崎環状線","cls":"secondary","shops":0,"st_km":2.14,"mesh":"52397509"},"geometry":{"type":"LineString","coordinates":[[139.73854,35.25488],[139.73833,35.25443],[139.73806,35.25418]]}},{"type":"Feature","properties":{"idx":468,"road":"","cls":"tertiary","shops":2,"st_km":1.5,"mesh":"52397508"},"geometry":{"type":"LineString","coordinates":[[139.73136,35.25011],[139.73136,35.25016]]}},{"type":"Feature","properties":{"idx":1102,"road":"観音崎環状線","cls":"secondary","shops":5,"st_km":0.17,"mesh":"52397507"},"geometry":{"type":"LineString","coordinates":[[139.71504,35.25041],[139.71528,35.25021]]}},{"type":"Feature","properties":{"idx":1257,"road":"浦賀通り","cls":"secondary","shops":6,"st_km":0.18,"mesh":"52397507"},"geometry":{"type":"LineString","coordinates":[[139.71497,35.25016],[139.71504,35.25041]]}},{"type":"Feature","properties":{"idx":828,"road":"三崎街道","cls":"primary","shops":0,"st_km":0.89,"mesh":"52397513"},"geometry":{"type":"LineString","coordinates":[[139.66827,35.26741],[139.66823,35.26694],[139.66828,35.26657],[139.66901,35.26344],[139.669,35.2628],[139.66874,35.2604],[139.66852,35.25984],[139.66822,35.25941],[139.66595,35.25692]]}},{"type":"Feature","properties":{"idx":744,"road":"三崎街道","cls":"primary","shops":2,"st_km":0.8,"mesh":"52397523"},"geometry":{"type":"LineString","coordinates":[[139.66847,35.26824],[139.66827,35.26741]]}},{"type":"Feature","properties":{"idx":313,"road":"","cls":"tertiary","shops":0,"st_km":1.03,"mesh":"52397512"},"geometry":{"type":"LineString","coordinates":[[139.66247,35.26657],[139.66246,35.26639],[139.66229,35.26615]]}},{"type":"Feature","properties":{"idx":351,"road":"","cls":"tertiary","shops":0,"st_km":0.89,"mesh":"52397512"},"geometry":{"type":"LineString","coordinates":[[139.65939,35.26568],[139.65819,35.26453],[139.65809,35.26439],[139.65805,35.26402]]}},{"type":"Feature","properties":{"idx":3728,"road":"Chūō Plaza","cls":"pedestrian","shops":31,"st_km":0.07,"mesh":"52397533"},"geometry":{"type":"LineString","coordinates":[[139.6706,35.2787],[139.67095,35.27903]]}},{"type":"Feature","properties":{"idx":3648,"road":"Chūō Plaza","cls":"pedestrian","shops":31,"st_km":0.09,"mesh":"52397533"},"geometry":{"type":"LineString","coordinates":[[139.67093,35.27899],[139.67101,35.27886],[139.67114,35.27877]]}},{"type":"Feature","properties":{"idx":3711,"road":"Chūō Plaza","cls":"pedestrian","shops":31,"st_km":0.07,"mesh":"52397533"},"geometry":{"type":"LineString","coordinates":[[139.67107,35.27879],[139.67083,35.27879],[139.67067,35.27866]]}},{"type":"Feature","properties":{"idx":3613,"road":"Chūō Plaza","cls":"pedestrian","shops":30,"st_km":0.07,"mesh":"52397533"},"geometry":{"type":"LineString","coordinates":[[139.67076,35.27885],[139.67083,35.27879]]}},{"type":"Feature","properties":{"idx":858,"road":"衣笠通り","cls":"tertiary","shops":1,"st_km":0.36,"mesh":"52397512"},"geometry":{"type":"LineString","coordinates":[[139.65982,35.25891],[139.65896,35.2593],[139.65797,35.25968],[139.6569,35.25994]]}},{"type":"Feature","properties":{"idx":203,"road":"衣笠通り","cls":"tertiary","shops":2,"st_km":0.55,"mesh":"52397503"},"geometry":{"type":"LineString","coordinates":[[139.6681,35.25524],[139.66534,35.25609]]}},{"type":"Feature","properties":{"idx":215,"road":"三崎街道","cls":"primary","shops":1,"st_km":0.42,"mesh":"52397503"},"geometry":{"type":"LineString","coordinates":[[139.66572,35.25667],[139.66555,35.25648],[139.66534,35.25609]]}},{"type":"Feature","properties":{"idx":294,"road":"衣笠通り","cls":"tertiary","shops":0,"st_km":0.94,"mesh":"52397504"},"geometry":{"type":"LineString","coordinates":[[139.67795,35.25184],[139.67724,35.25233],[139.67678,35.25258],[139.67572,35.25297]]}},{"type":"Feature","properties":{"idx":311,"road":"","cls":"tertiary","shops":0,"st_km":0.87,"mesh":"52397504"},"geometry":{"type":"LineString","coordinates":[[139.67778,35.25197],[139.67776,35.25307]]}},{"type":"Feature","properties":{"idx":327,"road":"衣笠通り","cls":"tertiary","shops":0,"st_km":0.81,"mesh":"52397504"},"geometry":{"type":"LineString","coordinates":[[139.67816,35.25168],[139.67795,35.25184]]}},{"type":"Feature","properties":{"idx":522,"road":"","cls":"tertiary","shops":1,"st_km":0.6,"mesh":"52397524"},"geometry":{"type":"LineString","coordinates":[[139.68415,35.26799],[139.68411,35.26793]]}},{"type":"Feature","properties":{"idx":16,"road":"","cls":"tertiary","shops":0,"st_km":2.3,"mesh":"52397509"},"geometry":{"type":"LineString","coordinates":[[139.74161,35.25198],[139.74072,35.25169],[139.74043,35.25153],[139.74027,35.25136],[139.73999,35.25081],[139.73961,35.25047]]}},{"type":"Feature","properties":{"idx":2401,"road":"","cls":"tertiary","shops":15,"st_km":0.08,"mesh":"52397570"},"geometry":{"type":"LineString","coordinates":[[139.6258,35.31611],[139.62538,35.31602]]}},{"type":"Feature","properties":{"idx":420,"road":"","cls":"tertiary","shops":0,"st_km":1.54,"mesh":"52397571"},"geometry":{"type":"LineString","coordinates":[[139.64275,35.31554],[139.64211,35.31576],[139.64138,35.31629],[139.64092,35.31649]]}},{"type":"Feature","properties":{"idx":2174,"road":"","cls":"tertiary","shops":14,"st_km":0.11,"mesh":"52397570"},"geometry":{"type":"LineString","coordinates":[[139.62619,35.31619],[139.6258,35.31611]]}},{"type":"Feature","properties":{"idx":111,"road":"","cls":"tertiary","shops":0,"st_km":1.08,"mesh":"52397570"},"geometry":{"type":"LineString","coordinates":[[139.63676,35.31399],[139.6363,35.31321]]}},{"type":"Feature","properties":{"idx":701,"road":"","cls":"tertiary","shops":1,"st_km":0.37,"mesh":"52397550"},"geometry":{"type":"LineString","coordinates":[[139.62892,35.29971],[139.62889,35.29964]]}},{"type":"Feature","properties":{"idx":1478,"road":"","cls":"tertiary","shops":4,"st_km":0.35,"mesh":"52397580"},"geometry":{"type":"LineString","coordinates":[[139.63077,35.31734],[139.63017,35.3172],[139.62896,35.31676],[139.62619,35.31619]]}},{"type":"Feature","properties":{"idx":213,"road":"三崎街道","cls":"primary","shops":1,"st_km":0.43,"mesh":"52397503"},"geometry":{"type":"LineString","coordinates":[[139.66534,35.25609],[139.66528,35.25565],[139.66543,35.25489]]}},{"type":"Feature","properties":{"idx":180,"road":"横須賀葉山線","cls":"primary","shops":0,"st_km":1.29,"mesh":"52397501"},"geometry":{"type":"LineString","coordinates":[[139.64706,35.2544],[139.64738,35.25426]]}},{"type":"Feature","properties":{"idx":179,"road":"横須賀葉山線","cls":"primary","shops":0,"st_km":1.3,"mesh":"52397501"},"geometry":{"type":"LineString","coordinates":[[139.64727,35.25423],[139.64696,35.25435]]}},{"type":"Feature","properties":{"idx":193,"road":"横須賀葉山線","cls":"primary","shops":0,"st_km":1.19,"mesh":"52397501"},"geometry":{"type":"LineString","coordinates":[[139.64983,35.25161],[139.6496,35.25181],[139.64933,35.25215]]}},{"type":"Feature","properties":{"idx":194,"road":"横須賀葉山線","cls":"primary","shops":0,"st_km":1.19,"mesh":"52397501"},"geometry":{"type":"LineString","coordinates":[[139.6494,35.25218],[139.64965,35.25186],[139.64988,35.25166]]}},{"type":"Feature","properties":{"idx":345,"road":"横須賀葉山線","cls":"primary","shops":0,"st_km":1.91,"mesh":"52397511"},"geometry":{"type":"LineString","coordinates":[[139.64189,35.26543],[139.64113,35.26178]]}},{"type":"Feature","properties":{"idx":343,"road":"横須賀葉山線","cls":"primary","shops":0,"st_km":1.92,"mesh":"52397511"},"geometry":{"type":"LineString","coordinates":[[139.64102,35.26179],[139.64178,35.26544]]}},{"type":"Feature","properties":{"idx":396,"road":"","cls":"tertiary","shops":1,"st_km":0.66,"mesh":"52397534"},"geometry":{"type":"LineString","coordinates":[[139.67703,35.27735],[139.67712,35.27738]]}},{"type":"Feature","properties":{"idx":332,"road":"","cls":"tertiary","shops":1,"st_km":0.77,"mesh":"52397534"},"geometry":{"type":"LineString","coordinates":[[139.68048,35.27518],[139.68164,35.27675]]}},{"type":"Feature","properties":{"idx":230,"road":"","cls":"tertiary","shops":0,"st_km":0.73,"mesh":"52397534"},"geometry":{"type":"LineString","coordinates":[[139.67712,35.27738],[139.6772,35.27739],[139.68048,35.27518]]}},{"type":"Feature","properties":{"idx":333,"road":"","cls":"tertiary","shops":1,"st_km":0.77,"mesh":"52397534"},"geometry":{"type":"LineString","coordinates":[[139.68168,35.27671],[139.68052,35.27514]]}},{"type":"Feature","properties":{"idx":198,"road":"横須賀海岸通り","cls":"tertiary","shops":0,"st_km":0.91,"mesh":"52397534"},"geometry":{"type":"LineString","coordinates":[[139.67958,35.27816],[139.6808,35.27737],[139.68164,35.27675]]}},{"type":"Feature","properties":{"idx":596,"road":"","cls":"tertiary","shops":1,"st_km":0.45,"mesh":"52397524"},"geometry":{"type":"LineString","coordinates":[[139.68052,35.27514],[139.67981,35.27434],[139.67792,35.27273],[139.67766,35.27267],[139.677,35.27282]]}},{"type":"Feature","properties":{"idx":451,"road":"","cls":"tertiary","shops":0,"st_km":0.32,"mesh":"52397524"},"geometry":{"type":"LineString","coordinates":[[139.677,35.27282],[139.6771,35.27285]]}},{"type":"Feature","properties":{"idx":425,"road":"","cls":"tertiary_link","shops":1,"st_km":0.32,"mesh":"52397524"},"geometry":{"type":"LineString","coordinates":[[139.67754,35.27276],[139.67778,35.27267]]}},{"type":"Feature","properties":{"idx":741,"road":"横須賀海岸通り","cls":"tertiary","shops":3,"st_km":0.77,"mesh":"52397524"},"geometry":{"type":"LineString","coordinates":[[139.68164,35.27675],[139.6824,35.27584],[139.68269,35.27537],[139.6841,35.27248]]}},{"type":"Feature","properties":{"idx":323,"road":"","cls":"tertiary","shops":0,"st_km":0.67,"mesh":"52397524"},"geometry":{"type":"LineString","coordinates":[[139.68314,35.27206],[139.68431,35.27015],[139.6859,35.26909]]}},{"type":"Feature","properties":{"idx":324,"road":"","cls":"tertiary","shops":0,"st_km":0.67,"mesh":"52397524"},"geometry":{"type":"LineString","coordinates":[[139.6841,35.27248],[139.68314,35.27206]]}},{"type":"Feature","properties":{"idx":485,"road":"","cls":"tertiary","shops":2,"st_km":0.67,"mesh":"52397534"},"geometry":{"type":"LineString","coordinates":[[139.68048,35.27518],[139.68052,35.27514]]}},{"type":"Feature","properties":{"idx":483,"road":"","cls":"tertiary","shops":7,"st_km":0.48,"mesh":"52397533"},"geometry":{"type":"LineString","coordinates":[[139.66865,35.28297],[139.66868,35.28288]]}},{"type":"Feature","properties":{"idx":1241,"road":"","cls":"tertiary","shops":2,"st_km":0.69,"mesh":"52397543"},"geometry":{"type":"LineString","coordinates":[[139.67348,35.28414],[139.67378,35.2842]]}},{"type":"Feature","properties":{"idx":1228,"road":"","cls":"tertiary","shops":2,"st_km":0.7,"mesh":"52397543"},"geometry":{"type":"LineString","coordinates":[[139.67378,35.2842],[139.67384,35.28421]]}},{"type":"Feature","properties":{"idx":147,"road":"","cls":"tertiary","shops":1,"st_km":0.58,"mesh":"52397533"},"geometry":{"type":"LineString","coordinates":[[139.67379,35.28285],[139.67384,35.28292]]}},{"type":"Feature","properties":{"idx":508,"road":"","cls":"tertiary","shops":2,"st_km":0.7,"mesh":"52397534"},"geometry":{"type":"LineString","coordinates":[[139.67631,35.28209],[139.67692,35.28166],[139.67704,35.28152],[139.67708,35.28138]]}},{"type":"Feature","properties":{"idx":445,"road":"よこすか海岸通り","cls":"tertiary","shops":7,"st_km":0.57,"mesh":"52397533"},"geometry":{"type":"LineString","coordinates":[[139.6752,35.28163],[139.67417,35.28266],[139.67379,35.28285]]}},{"type":"Feature","properties":{"idx":271,"road":"","cls":"tertiary","shops":0,"st_km":0.63,"mesh":"52397534"},"geometry":{"type":"LineString","coordinates":[[139.67631,35.28209],[139.67551,35.28135]]}},{"type":"Feature","properties":{"idx":428,"road":"よこすか海岸通り","cls":"tertiary","shops":1,"st_km":0.57,"mesh":"52397534"},"geometry":{"type":"LineString","coordinates":[[139.67551,35.28135],[139.6752,35.28163]]}},{"type":"Feature","properties":{"idx":745,"road":"","cls":"tertiary","shops":2,"st_km":0.26,"mesh":"52397542"},"geometry":{"type":"LineString","coordinates":[[139.6523,35.28366],[139.65211,35.28327]]}},{"type":"Feature","properties":{"idx":499,"road":"","cls":"tertiary","shops":2,"st_km":1.11,"mesh":"52397580"},"geometry":{"type":"LineString","coordinates":[[139.63742,35.3168],[139.63618,35.31912]]}},{"type":"Feature","properties":{"idx":695,"road":"","cls":"tertiary","shops":7,"st_km":0.47,"mesh":"52397590"},"geometry":{"type":"LineString","coordinates":[[139.63203,35.32644],[139.63191,35.32629]]}},{"type":"Feature","properties":{"idx":351,"road":"衣笠通り","cls":"tertiary","shops":4,"st_km":0.4,"mesh":"52397503"},"geometry":{"type":"LineString","coordinates":[[139.66534,35.25609],[139.66509,35.25627]]}},{"type":"Feature","properties":{"idx":866,"road":"衣笠通り","cls":"tertiary","shops":12,"st_km":0.34,"mesh":"52397503"},"geometry":{"type":"LineString","coordinates":[[139.66509,35.25627],[139.66427,35.25672]]}},{"type":"Feature","properties":{"idx":427,"road":"","cls":"tertiary","shops":0,"st_km":0.49,"mesh":"52397523"},"geometry":{"type":"LineString","coordinates":[[139.67056,35.27398],[139.67146,35.27477]]}},{"type":"Feature","properties":{"idx":820,"road":"","cls":"tertiary","shops":2,"st_km":0.53,"mesh":"52397523"},"geometry":{"type":"LineString","coordinates":[[139.6702,35.27391],[139.67056,35.27398]]}},{"type":"Feature","properties":{"idx":254,"road":"","cls":"tertiary","shops":1,"st_km":0.52,"mesh":"52397590"},"geometry":{"type":"LineString","coordinates":[[139.6254,35.33186],[139.62625,35.33161]]}},{"type":"Feature","properties":{"idx":807,"road":"国道16号旧道","cls":"tertiary","shops":7,"st_km":0.47,"mesh":"52397590"},"geometry":{"type":"LineString","coordinates":[[139.62492,35.33208],[139.6254,35.33186]]}},{"type":"Feature","properties":{"idx":574,"road":"","cls":"pedestrian","shops":1,"st_km":0.85,"mesh":"52397524"},"geometry":{"type":"LineString","coordinates":[[139.68431,35.2752],[139.68359,35.27444]]}},{"type":"Feature","properties":{"idx":245,"road":"","cls":"tertiary","shops":0,"st_km":1.18,"mesh":"52397504"},"geometry":{"type":"LineString","coordinates":[[139.67769,35.25611],[139.6757,35.25611]]}},{"type":"Feature","properties":{"idx":57,"road":"","cls":"tertiary","shops":0,"st_km":1.25,"mesh":"52397503"},"geometry":{"type":"LineString","coordinates":[[139.6757,35.25611],[139.67472,35.256],[139.67385,35.25562]]}},{"type":"Feature","properties":{"idx":116,"road":"","cls":"tertiary","shops":0,"st_km":1.65,"mesh":"52397501"},"geometry":{"type":"LineString","coordinates":[[139.64361,35.25873],[139.64353,35.25852],[139.6432,35.25821],[139.64287,35.25807],[139.64207,35.25742]]}},{"type":"Feature","properties":{"idx":1104,"road":"","cls":"tertiary","shops":2,"st_km":0.12,"mesh":"52397524"},"geometry":{"type":"LineString","coordinates":[[139.67876,35.27102],[139.67774,35.27034],[139.67729,35.2699]]}},{"type":"Feature","properties":{"idx":369,"road":"","cls":"tertiary","shops":0,"st_km":0.53,"mesh":"52397524"},"geometry":{"type":"LineString","coordinates":[[139.67605,35.27434],[139.6768,35.27495],[139.67703,35.275]]}},{"type":"Feature","properties":{"idx":390,"road":"","cls":"tertiary","shops":0,"st_km":0.47,"mesh":"52397524"},"geometry":{"type":"LineString","coordinates":[[139.67482,35.27384],[139.67494,35.27383],[139.67513,35.27389],[139.67605,35.27434]]}},{"type":"Feature","properties":{"idx":109,"road":"","cls":"tertiary","shops":0,"st_km":1.76,"mesh":"52397501"},"geometry":{"type":"LineString","coordinates":[[139.64054,35.25742],[139.64105,35.25705],[139.64166,35.25685],[139.64204,35.25668],[139.64232,35.2567],[139.64273,35.257]]}},{"type":"Feature","properties":{"idx":215,"road":"","cls":"tertiary","shops":0,"st_km":0.14,"mesh":"52397590"},"geometry":{"type":"LineString","coordinates":[[139.62943,35.32954],[139.6311,35.33044]]}},{"type":"Feature","properties":{"idx":158,"road":"","cls":"tertiary_link","shops":0,"st_km":1.1,"mesh":"52397580"},"geometry":{"type":"LineString","coordinates":[[139.6362,35.31691],[139.63711,35.31696],[139.63718,35.31708],[139.63716,35.31729]]}},{"type":"Feature","properties":{"idx":725,"road":"","cls":"tertiary","shops":8,"st_km":0.19,"mesh":"52397533"},"geometry":{"type":"LineString","coordinates":[[139.67241,35.27929],[139.67163,35.27908]]}},{"type":"Feature","properties":{"idx":339,"road":"","cls":"tertiary","shops":3,"st_km":0.25,"mesh":"52397533"},"geometry":{"type":"LineString","coordinates":[[139.67299,35.27943],[139.67241,35.27929]]}},{"type":"Feature","properties":{"idx":482,"road":"","cls":"tertiary","shops":6,"st_km":0.37,"mesh":"52397533"},"geometry":{"type":"LineString","coordinates":[[139.67395,35.27993],[139.67375,35.27974]]}}]}