{"type":"FeatureCollection","features":[{"type":"Feature","properties":{"idx":180,"road":"横須賀葉山線","cls":"primary","shops":0,"st_km":0.5,"mesh":"52396554"},"geometry":{"type":"LineString","coordinates":[[139.68353,35.21471],[139.68324,35.2153],[139.68282,35.21637],[139.68284,35.21682],[139.6832,35.21741],[139.68333,35.2178],[139.68332,35.21808],[139.68296,35.21822]]}},{"type":"Feature","properties":{"idx":265,"road":"三浦縦貫道路","cls":"primary","shops":0,"st_km":3.07,"mesh":"52396550"},"geometry":{"type":"LineString","coordinates":[[139.63265,35.21074],[139.63336,35.21074],[139.63385,35.2108],[139.6343,35.21093],[139.63496,35.21126]]}},{"type":"Feature","properties":{"idx":131,"road":"通研通り","cls":"tertiary","shops":0,"st_km":0.6,"mesh":"52396554"},"geometry":{"type":"LineString","coordinates":[[139.67637,35.21343],[139.67796,35.21299],[139.67827,35.21301],[139.67891,35.21331],[139.67957,35.2141],[139.68059,35.2146]]}},{"type":"Feature","properties":{"idx":307,"road":NaN,"cls":"tertiary","shops":0,"st_km":0.29,"mesh":"52396544"},"geometry":{"type":"LineString","coordinates":[[139.67835,35.20316],[139.678,35.20348],[139.67786,35.20385],[139.67772,35.20404],[139.67696,35.20457],[139.67669,35.20464],[139.67573,35.20463],[139.67555,35.20467],[139.67538,35.20473],[139.67526,35.20491]]}},{"type":"Feature","properties":{"idx":1210,"road":NaN,"cls":"tertiary","shops":0,"st_km":0.38,"mesh":"52396543"},"geometry":{"type":"LineString","coordinates":[[139.67526,35.20491],[139.67439,35.20659],[139.67422,35.20674],[139.67393,35.20683],[139.67375,35.2068],[139.67222,35.20632],[139.67181,35.20627],[139.66973,35.20696],[139.66933,35.20699],[139.66817,35.20676],[139.66799,35.20662],[139.66774,35.20631],[139.66741,35.20615],[139.66658,35.20609],[139.66594,35.20583],[139.66495,35.20572],[139.66438,35.2056],[139.66408,35.20561]]}},{"type":"Feature","properties":{"idx":274,"road":"久里浜港線","cls":"secondary","shops":0,"st_km":1.98,"mesh":"52396556"},"geometry":{"type":"LineString","coordinates":[[139.70035,35.21036],[139.70275,35.21039],[139.7053,35.21086],[139.70705,35.21132],[139.70739,35.21136],[139.71042,35.21135],[139.71066,35.21147],[139.71076,35.21166],[139.7108,35.21279],[139.71122,35.21377]]}},{"type":"Feature","properties":{"idx":267,"road":"久里浜港線","cls":"secondary","shops":0,"st_km":2.08,"mesh":"52396556"},"geometry":{"type":"LineString","coordinates":[[139.71122,35.21377],[139.71171,35.21484]]}},{"type":"Feature","properties":{"idx":137,"road":"久里浜港線","cls":"secondary","shops":0,"st_km":1.92,"mesh":"52396567"},"geometry":{"type":"LineString","coordinates":[[139.71171,35.21484],[139.71211,35.2157],[139.71227,35.2159],[139.71252,35.21606],[139.71353,35.21649],[139.71372,35.21665],[139.71388,35.21698],[139.71386,35.218],[139.71334,35.21916],[139.71301,35.22002]]}},{"type":"Feature","properties":{"idx":534,"road":"武上宮田線","cls":"secondary","shops":0,"st_km":3.15,"mesh":"52396561"},"geometry":{"type":"LineString","coordinates":[[139.64068,35.21948],[139.64094,35.21905],[139.64117,35.21883],[139.64185,35.21837]]}},{"type":"Feature","properties":{"idx":1372,"road":NaN,"cls":"tertiary","shops":0,"st_km":1.77,"mesh":"52396563"},"geometry":{"type":"LineString","coordinates":[[139.66584,35.22466],[139.67012,35.22463],[139.6707,35.22454],[139.67104,35.22443],[139.67147,35.2242],[139.67251,35.22325],[139.67311,35.22297],[139.67349,35.22291],[139.67559,35.22284],[139.67717,35.22255]]}},{"type":"Feature","properties":{"idx":63,"road":NaN,"cls":"tertiary","shops":0,"st_km":1.59,"mesh":"52396564"},"geometry":{"type":"LineString","coordinates":[[139.67477,35.22287],[139.67522,35.22399],[139.67527,35.22452],[139.6752,35.22517],[139.6753,35.22572]]}},{"type":"Feature","properties":{"idx":72,"road":NaN,"cls":"tertiary","shops":0,"st_km":1.35,"mesh":"52396564"},"geometry":{"type":"LineString","coordinates":[[139.67785,35.22242],[139.6782,35.22369],[139.67819,35.2238],[139.67804,35.22391]]}},{"type":"Feature","properties":{"idx":185,"road":NaN,"cls":"tertiary","shops":0,"st_km":0.29,"mesh":"52396594"},"geometry":{"type":"LineString","coordinates":[[139.68635,35.24679],[139.68626,35.24649],[139.68607,35.24631]]}},{"type":"Feature","properties":{"idx":165,"road":NaN,"cls":"tertiary","shops":0,"st_km":0.4,"mesh":"52396594"},"geometry":{"type":"LineString","coordinates":[[139.68607,35.24631],[139.68393,35.24504]]}},{"type":"Feature","properties":{"idx":1296,"road":NaN,"cls":"tertiary","shops":2,"st_km":1.72,"mesh":"52396587"},"geometry":{"type":"LineString","coordinates":[[139.71899,35.24148],[139.71906,35.24145],[139.71927,35.24111],[139.71971,35.2406],[139.72006,35.2401],[139.72107,35.23913],[139.72133,35.23877],[139.72179,35.23792],[139.72251,35.23608],[139.7226,35.23571],[139.72254,35.23541],[139.72237,35.23514],[139.722,35.23484],[139.72189,35.23468],[139.72181,35.23441],[139.72194,35.23331],[139.72205,35.23298]]}},{"type":"Feature","properties":{"idx":139,"road":NaN,"cls":"tertiary","shops":0,"st_km":1.86,"mesh":"52396598"},"geometry":{"type":"LineString","coordinates":[[139.73411,35.24853],[139.7341,35.24828],[139.734,35.24808],[139.73343,35.24735],[139.73309,35.24671],[139.73315,35.24653],[139.73371,35.24589],[139.73384,35.24553],[139.73383,35.24536],[139.73364,35.24485],[139.73344,35.24396],[139.73332,35.2437],[139.73304,35.24335],[139.73246,35.24291],[139.73068,35.24258]]}},{"type":"Feature","properties":{"idx":174,"road":NaN,"cls":"tertiary","shops":0,"st_km":1.44,"mesh":"52396598"},"geometry":{"type":"LineString","coordinates":[[139.73,35.24245],[139.72833,35.24246],[139.72779,35.24265],[139.7276,35.2428],[139.72758,35.24294],[139.72763,35.24306],[139.72799,35.24323],[139.72806,35.24334],[139.72829,35.24384],[139.72835,35.24417],[139.7283,35.24434],[139.72803,35.24474],[139.72743,35.2469],[139.72708,35.24691],[139.72665,35.24675],[139.72628,35.24673],[139.72567,35.24662],[139.72538,35.24662]]}},{"type":"Feature","properties":{"idx":168,"road":NaN,"cls":"tertiary","shops":0,"st_km":1.5,"mesh":"52396598"},"geometry":{"type":"LineString","coordinates":[[139.7279,35.24212],[139.7275,35.24212],[139.72703,35.24222],[139.72678,35.24219],[139.72638,35.24208],[139.7261,35.24185],[139.72563,35.24173],[139.7251,35.24141]]}},{"type":"Feature","properties":{"idx":149,"road":NaN,"cls":"tertiary","shops":0,"st_km":0.51,"mesh":"52396594"},"geometry":{"type":"LineString","coordinates":[[139.68298,35.2445],[139.68282,35.24472],[139.68211,35.24677],[139.68144,35.24667]]}},{"type":"Feature","properties":{"idx":186,"road":NaN,"cls":"tertiary","shops":0,"st_km":0.28,"mesh":"52396594"},"geometry":{"type":"LineString","coordinates":[[139.68602,35.24637],[139.68623,35.24661],[139.68626,35.24682]]}},{"type":"Feature","properties":{"idx":166,"road":NaN,"cls":"tertiary","shops":0,"st_km":0.39,"mesh":"52396594"},"geometry":{"type":"LineString","coordinates":[[139.68388,35.24511],[139.68602,35.24637]]}},{"type":"Feature","properties":{"idx":856,"road":"横須賀葉山線","cls":"primary","shops":1,"st_km":1.55,"mesh":"52396574"},"geometry":{"type":"LineString","coordinates":[[139.68428,35.22275],[139.68434,35.22486],[139.68429,35.22529],[139.68408,35.22604],[139.68369,35.22675],[139.68328,35.22726],[139.682,35.22864],[139.68147,35.22933],[139.68131,35.22964]]}},{"type":"Feature","properties":{"idx":617,"road":NaN,"cls":"tertiary","shops":1,"st_km":0.93,"mesh":"52396586"},"geometry":{"type":"LineString","coordinates":[[139.70118,35.24527],[139.70095,35.24477],[139.70078,35.24417],[139.70077,35.24378],[139.70097,35.24243],[139.70087,35.24204],[139.70059,35.24168],[139.69805,35.23924],[139.69727,35.23862]]}},{"type":"Feature","properties":{"idx":247,"road":NaN,"cls":"tertiary","shops":0,"st_km":0.68,"mesh":"52396595"},"geometry":{"type":"LineString","coordinates":[[139.68956,35.24359],[139.68947,35.24349]]}},{"type":"Feature","properties":{"idx":148,"road":NaN,"cls":"tertiary","shops":0,"st_km":0.51,"mesh":"52396594"},"geometry":{"type":"LineString","coordinates":[[139.68172,35.245],[139.68141,35.24689],[139.68157,35.24757],[139.68144,35.24832],[139.68182,35.24872]]}},{"type":"Feature","properties":{"idx":253,"road":"横須賀葉山線","cls":"primary","shops":0,"st_km":1.49,"mesh":"52396584"},"geometry":{"type":"LineString","coordinates":[[139.68076,35.24175],[139.68089,35.24134],[139.6809,35.24069],[139.68044,35.23928],[139.68021,35.23839],[139.67995,35.23709],[139.67824,35.23362],[139.67818,35.2334],[139.67814,35.23304],[139.67824,35.23267],[139.67845,35.23235],[139.67879,35.23208]]}},{"type":"Feature","properties":{"idx":196,"road":NaN,"cls":"tertiary","shops":0,"st_km":0.81,"mesh":"52396576"},"geometry":{"type":"LineString","coordinates":[[139.70303,35.22907],[139.70368,35.22848],[139.70522,35.22684],[139.70882,35.2238],[139.70923,35.22353],[139.70963,35.22334],[139.71089,35.22286],[139.71179,35.22276],[139.71198,35.22269]]}},{"type":"Feature","properties":{"idx":284,"road":"横須賀葉山線","cls":"primary","shops":0,"st_km":1.32,"mesh":"52396584"},"geometry":{"type":"LineString","coordinates":[[139.6713,35.2403],[139.67741,35.24098],[139.68063,35.2418]]}},{"type":"Feature","properties":{"idx":164,"road":"横須賀葉山線","cls":"primary","shops":0,"st_km":0.56,"mesh":"52396554"},"geometry":{"type":"LineString","coordinates":[[139.67745,35.21313],[139.67735,35.21291],[139.67692,35.21231],[139.67686,35.2121],[139.67688,35.2117],[139.67817,35.20721],[139.67844,35.20672],[139.67886,35.20624]]}},{"type":"Feature","properties":{"idx":404,"road":NaN,"cls":"tertiary","shops":0,"st_km":2.67,"mesh":"52396573"},"geometry":{"type":"LineString","coordinates":[[139.66663,35.22971],[139.66665,35.23259]]}},{"type":"Feature","properties":{"idx":430,"road":NaN,"cls":"tertiary","shops":0,"st_km":2.44,"mesh":"52396573"},"geometry":{"type":"LineString","coordinates":[[139.66665,35.23259],[139.67075,35.23261]]}},{"type":"Feature","properties":{"idx":250,"road":NaN,"cls":"tertiary","shops":0,"st_km":2.12,"mesh":"52396583"},"geometry":{"type":"LineString","coordinates":[[139.67075,35.23261],[139.67074,35.23324],[139.67068,35.23359],[139.66945,35.23472],[139.66904,35.23515],[139.66901,35.23669],[139.66905,35.23684],[139.66917,35.23698],[139.67077,35.23789],[139.67101,35.23807],[139.67117,35.23834],[139.67136,35.23968]]}},{"type":"Feature","properties":{"idx":1602,"road":NaN,"cls":"tertiary","shops":1,"st_km":0.84,"mesh":"52396585"},"geometry":{"type":"LineString","coordinates":[[139.68073,35.24183],[139.68174,35.24205],[139.68242,35.24199],[139.68709,35.24071],[139.69097,35.23947],[139.69178,35.2391],[139.69225,35.23879],[139.6927,35.23838],[139.693,35.23803],[139.6933,35.23757],[139.69347,35.23719],[139.69486,35.23331],[139.69499,35.23306],[139.69524,35.23275],[139.69564,35.23244],[139.6963,35.23218],[139.69673,35.23212],[139.69825,35.23207],[139.6985,35.23202],[139.69872,35.23189],[139.69881,35.23177],[139.69908,35.23108],[139.70016,35.23008],[139.70069,35.22987],[139.70175,35.22985]]}},{"type":"Feature","properties":{"idx":405,"road":NaN,"cls":"tertiary","shops":0,"st_km":1.92,"mesh":"52396588"},"geometry":{"type":"LineString","coordinates":[[139.7275,35.24212],[139.72751,35.24195],[139.72838,35.24023],[139.72847,35.2401],[139.72863,35.24002],[139.73308,35.24103],[139.73358,35.2424],[139.73353,35.2425],[139.73301,35.24299],[139.73274,35.24297],[139.73261,35.24301]]}},{"type":"Feature","properties":{"idx":43,"road":"横須賀葉山線","cls":"primary","shops":0,"st_km":1.34,"mesh":"52396592"},"geometry":{"type":"LineString","coordinates":[[139.66021,35.24351],[139.65958,35.24466],[139.65935,35.24498],[139.65788,35.24643]]}},{"type":"Feature","properties":{"idx":256,"road":NaN,"cls":"primary_link","shops":0,"st_km":1.74,"mesh":"52396583"},"geometry":{"type":"LineString","coordinates":[[139.66496,35.2412],[139.66357,35.24157],[139.66232,35.24198]]}},{"type":"Feature","properties":{"idx":551,"road":NaN,"cls":"tertiary","shops":0,"st_km":0.24,"mesh":"52396522"},"geometry":{"type":"LineString","coordinates":[[139.65201,35.18732],[139.65122,35.18675],[139.65063,35.1865]]}},{"type":"Feature","properties":{"idx":131,"road":NaN,"cls":"tertiary","shops":0,"st_km":0.82,"mesh":"52396521"},"geometry":{"type":"LineString","coordinates":[[139.64617,35.1842],[139.64662,35.18353],[139.6467,35.18299],[139.64661,35.18234]]}},{"type":"Feature","properties":{"idx":383,"road":NaN,"cls":"tertiary","shops":0,"st_km":0.97,"mesh":"52396511"},"geometry":{"type":"LineString","coordinates":[[139.64661,35.18176],[139.64674,35.18123]]}},{"type":"Feature","properties":{"idx":364,"road":NaN,"cls":"tertiary","shops":0,"st_km":1.03,"mesh":"52396511"},"geometry":{"type":"LineString","coordinates":[[139.64674,35.18123],[139.64667,35.18096],[139.64638,35.1804]]}},{"type":"Feature","properties":{"idx":338,"road":NaN,"cls":"tertiary","shops":0,"st_km":1.13,"mesh":"52396511"},"geometry":{"type":"LineString","coordinates":[[139.64638,35.1804],[139.64606,35.17996],[139.64594,35.17959]]}},{"type":"Feature","properties":{"idx":681,"road":NaN,"cls":"tertiary","shops":1,"st_km":0.44,"mesh":"52396522"},"geometry":{"type":"LineString","coordinates":[[139.65403,35.18449],[139.65377,35.18423]]}},{"type":"Feature","properties":{"idx":541,"road":"上宮田金田三崎港線","cls":"secondary","shops":1,"st_km":0.6,"mesh":"52396512"},"geometry":{"type":"LineString","coordinates":[[139.65518,35.18503],[139.6552,35.18482],[139.65482,35.1839],[139.65416,35.18208],[139.65416,35.18076]]}},{"type":"Feature","properties":{"idx":424,"road":NaN,"cls":"tertiary","shops":0,"st_km":0.51,"mesh":"52396522"},"geometry":{"type":"LineString","coordinates":[[139.65377,35.18423],[139.6536,35.184],[139.65328,35.18335],[139.65305,35.18319]]}},{"type":"Feature","properties":{"idx":321,"road":NaN,"cls":"tertiary","shops":0,"st_km":0.6,"mesh":"52396512"},"geometry":{"type":"LineString","coordinates":[[139.65305,35.18319],[139.65218,35.18294],[139.65206,35.18284],[139.65183,35.18251],[139.65169,35.18243]]}},{"type":"Feature","properties":{"idx":395,"road":NaN,"cls":"tertiary","shops":0,"st_km":0.93,"mesh":"52396511"},"geometry":{"type":"LineString","coordinates":[[139.64661,35.18234],[139.64658,35.18197],[139.64661,35.18176]]}},{"type":"Feature","properties":{"idx":135,"road":NaN,"cls":"tertiary","shops":0,"st_km":0.79,"mesh":"52396521"},"geometry":{"type":"LineString","coordinates":[[139.64597,35.18458],[139.64599,35.18456]]}},{"type":"Feature","properties":{"idx":612,"road":NaN,"cls":"tertiary","shops":0,"st_km":0.14,"mesh":"52396522"},"geometry":{"type":"LineString","coordinates":[[139.65166,35.18868],[139.65242,35.18928],[139.65284,35.18976]]}},{"type":"Feature","properties":{"idx":913,"road":NaN,"cls":"tertiary","shops":0,"st_km":0.62,"mesh":"52396500"},"geometry":{"type":"LineString","coordinates":[[139.63446,35.17473],[139.63212,35.17388],[139.63164,35.17379],[139.63113,35.17384],[139.63021,35.17424],[139.62967,35.1744],[139.6276,35.17459],[139.62638,35.17447],[139.62598,35.17436],[139.62456,35.17359],[139.62422,35.17325],[139.62327,35.17202],[139.62317,35.17184]]}},{"type":"Feature","properties":{"idx":170,"road":NaN,"cls":"tertiary","shops":0,"st_km":1.89,"mesh":"52396530"},"geometry":{"type":"LineString","coordinates":[[139.62574,35.19482],[139.62593,35.19434],[139.62587,35.19379],[139.62597,35.19368],[139.62616,35.19357]]}},{"type":"Feature","properties":{"idx":115,"road":NaN,"cls":"tertiary","shops":0,"st_km":1.47,"mesh":"52396541"},"geometry":{"type":"LineString","coordinates":[[139.64864,35.20156],[139.64897,35.20158],[139.64922,35.20166],[139.64971,35.20208]]}},{"type":"Feature","properties":{"idx":134,"road":NaN,"cls":"tertiary","shops":0,"st_km":0.8,"mesh":"52396521"},"geometry":{"type":"LineString","coordinates":[[139.64615,35.18425],[139.64617,35.1842]]}},{"type":"Feature","properties":{"idx":189,"road":NaN,"cls":"tertiary","shops":0,"st_km":1.66,"mesh":"52396530"},"geometry":{"type":"LineString","coordinates":[[139.63597,35.19313],[139.63658,35.19364]]}},{"type":"Feature","properties":{"idx":150,"road":NaN,"cls":"tertiary","shops":0,"st_km":1.08,"mesh":"52396520"},"geometry":{"type":"LineString","coordinates":[[139.63146,35.18775],[139.63152,35.18782]]}},{"type":"Feature","properties":{"idx":762,"road":NaN,"cls":"tertiary","shops":0,"st_km":0.33,"mesh":"52396510"},"geometry":{"type":"LineString","coordinates":[[139.6286,35.17967],[139.63132,35.17897]]}},{"type":"Feature","properties":{"idx":25,"road":NaN,"cls":"tertiary","shops":0,"st_km":1.59,"mesh":"52396531"},"geometry":{"type":"LineString","coordinates":[[139.64228,35.19943],[139.64219,35.1992]]}},{"type":"Feature","properties":{"idx":104,"road":NaN,"cls":"tertiary","shops":0,"st_km":1.67,"mesh":"52396541"},"geometry":{"type":"LineString","coordinates":[[139.64261,35.20045],[139.64245,35.20039],[139.6424,35.20025]]}},{"type":"Feature","properties":{"idx":124,"road":NaN,"cls":"tertiary","shops":0,"st_km":1.35,"mesh":"52396520"},"geometry":{"type":"LineString","coordinates":[[139.63367,35.1913],[139.63255,35.18945]]}},{"type":"Feature","properties":{"idx":233,"road":NaN,"cls":"tertiary","shops":1,"st_km":1.03,"mesh":"52396520"},"geometry":{"type":"LineString","coordinates":[[139.6302,35.18692],[139.63097,35.18735],[139.63146,35.18775]]}},{"type":"Feature","properties":{"idx":148,"road":NaN,"cls":"tertiary","shops":0,"st_km":1.09,"mesh":"52396520"},"geometry":{"type":"LineString","coordinates":[[139.63152,35.18782],[139.6317,35.18806]]}},{"type":"Feature","properties":{"idx":24,"road":NaN,"cls":"tertiary","shops":0,"st_km":1.64,"mesh":"52396531"},"geometry":{"type":"LineString","coordinates":[[139.6424,35.20025],[139.64236,35.19967]]}},{"type":"Feature","properties":{"idx":897,"road":NaN,"cls":"tertiary","shops":0,"st_km":0.17,"mesh":"52396510"},"geometry":{"type":"LineString","coordinates":[[139.63132,35.17897],[139.63196,35.17874]]}},{"type":"Feature","properties":{"idx":139,"road":NaN,"cls":"tertiary","shops":0,"st_km":1.18,"mesh":"52396520"},"geometry":{"type":"LineString","coordinates":[[139.63255,35.18945],[139.6317,35.18806]]}},{"type":"Feature","properties":{"idx":208,"road":NaN,"cls":"tertiary","shops":0,"st_km":1.5,"mesh":"52396530"},"geometry":{"type":"LineString","coordinates":[[139.63431,35.19215],[139.63405,35.1919],[139.63367,35.1913]]}},{"type":"Feature","properties":{"idx":197,"road":NaN,"cls":"tertiary","shops":0,"st_km":1.61,"mesh":"52396530"},"geometry":{"type":"LineString","coordinates":[[139.63597,35.19313],[139.6353,35.19268],[139.63431,35.19215]]}},{"type":"Feature","properties":{"idx":506,"road":NaN,"cls":"tertiary","shops":0,"st_km":0.33,"mesh":"52396522"},"geometry":{"type":"LineString","coordinates":[[139.6557,35.191],[139.65541,35.19079],[139.65486,35.19066]]}},{"type":"Feature","properties":{"idx":545,"road":NaN,"cls":"tertiary","shops":0,"st_km":0.25,"mesh":"52396522"},"geometry":{"type":"LineString","coordinates":[[139.65486,35.19066],[139.6533,35.19032]]}},{"type":"Feature","properties":{"idx":576,"road":NaN,"cls":"tertiary","shops":0,"st_km":0.63,"mesh":"52396510"},"geometry":{"type":"LineString","coordinates":[[139.6286,35.17967],[139.62513,35.1805]]}},{"type":"Feature","properties":{"idx":164,"road":NaN,"cls":"tertiary","shops":0,"st_km":1.99,"mesh":"52396530"},"geometry":{"type":"LineString","coordinates":[[139.62566,35.19513],[139.62574,35.19482]]}},{"type":"Feature","properties":{"idx":195,"road":NaN,"cls":"tertiary","shops":0,"st_km":1.6,"mesh":"52396530"},"geometry":{"type":"LineString","coordinates":[[139.63658,35.19364],[139.63736,35.19422],[139.63831,35.19475]]}},{"type":"Feature","properties":{"idx":179,"road":NaN,"cls":"tertiary","shops":0,"st_km":1.79,"mesh":"52396530"},"geometry":{"type":"LineString","coordinates":[[139.62616,35.19357],[139.62686,35.19317],[139.627,35.19314]]}},{"type":"Feature","properties":{"idx":27,"road":NaN,"cls":"tertiary","shops":0,"st_km":1.41,"mesh":"52396531"},"geometry":{"type":"LineString","coordinates":[[139.64186,35.19747],[139.64184,35.19697],[139.64189,35.19634],[139.64184,35.19618],[139.64172,35.19603]]}},{"type":"Feature","properties":{"idx":26,"road":NaN,"cls":"tertiary","shops":0,"st_km":1.5,"mesh":"52396531"},"geometry":{"type":"LineString","coordinates":[[139.63831,35.19475],[139.64011,35.1956]]}},{"type":"Feature","properties":{"idx":25,"road":NaN,"cls":"tertiary","shops":0,"st_km":1.53,"mesh":"52396531"},"geometry":{"type":"LineString","coordinates":[[139.64219,35.1992],[139.64198,35.19853],[139.64186,35.19747]]}},{"type":"Feature","properties":{"idx":107,"road":NaN,"cls":"tertiary","shops":0,"st_km":1.61,"mesh":"52396541"},"geometry":{"type":"LineString","coordinates":[[139.64261,35.20045],[139.64318,35.20048],[139.64357,35.20057],[139.64482,35.20113],[139.64544,35.20131],[139.64658,35.2014],[139.64777,35.20157],[139.64864,35.20156]]}},{"type":"Feature","properties":{"idx":27,"road":NaN,"cls":"tertiary","shops":0,"st_km":1.4,"mesh":"52396531"},"geometry":{"type":"LineString","coordinates":[[139.64172,35.19603],[139.64143,35.19586],[139.64011,35.1956]]}},{"type":"Feature","properties":{"idx":160,"road":NaN,"cls":"tertiary","shops":0,"st_km":0.59,"mesh":"52396521"},"geometry":{"type":"LineString","coordinates":[[139.64717,35.18959],[139.64704,35.18876],[139.64713,35.18763],[139.64699,35.18641],[139.64683,35.18607],[139.64595,35.18509],[139.64589,35.1848],[139.64597,35.18458]]}},{"type":"Feature","properties":{"idx":383,"road":NaN,"cls":"tertiary","shops":0,"st_km":2.58,"mesh":"52396572"},"geometry":{"type":"LineString","coordinates":[[139.66193,35.22505],[139.66189,35.22529],[139.66166,35.22582],[139.66162,35.2259],[139.66145,35.22601],[139.66102,35.22608],[139.66055,35.22594],[139.66018,35.22591],[139.65962,35.22611]]}},{"type":"Feature","properties":{"idx":317,"road":NaN,"cls":"tertiary","shops":0,"st_km":0.43,"mesh":"52396555"},"geometry":{"type":"LineString","coordinates":[[139.68975,35.21425],[139.68965,35.21407],[139.68997,35.2129],[139.69014,35.21282],[139.69031,35.21282],[139.69131,35.21298]]}},{"type":"Feature","properties":{"idx":322,"road":NaN,"cls":"tertiary","shops":0,"st_km":0.41,"mesh":"52396555"},"geometry":{"type":"LineString","coordinates":[[139.6876,35.21477],[139.68793,35.21467],[139.68811,35.2147],[139.68879,35.21527],[139.68934,35.21518],[139.68969,35.21522]]}},{"type":"Feature","properties":{"idx":290,"road":NaN,"cls":"tertiary","shops":0,"st_km":0.52,"mesh":"52396555"},"geometry":{"type":"LineString","coordinates":[[139.68969,35.21522],[139.69012,35.21517],[139.69024,35.21509],[139.6903,35.21496],[139.69022,35.21464],[139.69012,35.21451],[139.68975,35.21425]]}},{"type":"Feature","properties":{"idx":489,"road":NaN,"cls":"tertiary","shops":5,"st_km":0.99,"mesh":"52396566"},"geometry":{"type":"LineString","coordinates":[[139.70218,35.22238],[139.70164,35.22267]]}},{"type":"Feature","properties":{"idx":215,"road":NaN,"cls":"tertiary","shops":0,"st_km":0.86,"mesh":"52396555"},"geometry":{"type":"LineString","coordinates":[[139.69604,35.21473],[139.69513,35.21428],[139.69475,35.21428],[139.69464,35.21432],[139.69446,35.21448],[139.69421,35.21483],[139.69366,35.21508],[139.69355,35.21518],[139.69348,35.21533],[139.69341,35.21582],[139.69324,35.216],[139.69311,35.21606]]}},{"type":"Feature","properties":{"idx":726,"road":NaN,"cls":"tertiary","shops":0,"st_km":0.89,"mesh":"52396565"},"geometry":{"type":"LineString","coordinates":[[139.6985,35.22408],[139.69853,35.22407]]}},{"type":"Feature","properties":{"idx":721,"road":NaN,"cls":"tertiary","shops":0,"st_km":0.9,"mesh":"52396565"},"geometry":{"type":"LineString","coordinates":[[139.69922,35.22376],[139.69901,35.22386]]}},{"type":"Feature","properties":{"idx":231,"road":NaN,"cls":"tertiary","shops":0,"st_km":0.77,"mesh":"52396555"},"geometry":{"type":"LineString","coordinates":[[139.69402,35.21341],[139.69304,35.21504],[139.69299,35.21519],[139.69294,35.21552],[139.69293,35.21786]]}},{"type":"Feature","properties":{"idx":48,"road":NaN,"cls":"tertiary","shops":0,"st_km":2.39,"mesh":"52396562"},"geometry":{"type":"LineString","coordinates":[[139.6623,35.22393],[139.66153,35.22395],[139.66139,35.22403],[139.66125,35.22425],[139.66126,35.22449],[139.66141,35.22464],[139.66182,35.22487],[139.66193,35.22505]]}},{"type":"Feature","properties":{"idx":724,"road":NaN,"cls":"tertiary","shops":0,"st_km":0.89,"mesh":"52396565"},"geometry":{"type":"LineString","coordinates":[[139.69901,35.22386],[139.69853,35.22407]]}},{"type":"Feature","properties":{"idx":191,"road":NaN,"cls":"tertiary","shops":0,"st_km":1.0,"mesh":"52396555"},"geometry":{"type":"LineString","coordinates":[[139.69613,35.21341],[139.69604,35.21473]]}},{"type":"Feature","properties":{"idx":425,"road":NaN,"cls":"tertiary","shops":4,"st_km":0.98,"mesh":"52396566"},"geometry":{"type":"LineString","coordinates":[[139.70164,35.22267],[139.70154,35.22271]]}},{"type":"Feature","properties":{"idx":357,"road":NaN,"cls":"tertiary","shops":0,"st_km":2.94,"mesh":"52396572"},"geometry":{"type":"LineString","coordinates":[[139.65962,35.22611],[139.65698,35.22721],[139.65666,35.22744],[139.65612,35.22795],[139.65585,35.22826],[139.6558,35.22838],[139.65556,35.22924],[139.65508,35.23047]]}},{"type":"Feature","properties":{"idx":138,"road":NaN,"cls":"tertiary","shops":0,"st_km":1.01,"mesh":"52396566"},"geometry":{"type":"LineString","coordinates":[[139.70225,35.22234],[139.70218,35.22238]]}},{"type":"Feature","properties":{"idx":113,"road":NaN,"cls":"tertiary","shops":0,"st_km":1.27,"mesh":"52396566"},"geometry":{"type":"LineString","coordinates":[[139.70505,35.22002],[139.70469,35.22039]]}},{"type":"Feature","properties":{"idx":373,"road":NaN,"cls":"tertiary","shops":0,"st_km":1.99,"mesh":"52396577"},"geometry":{"type":"LineString","coordinates":[[139.72377,35.22459],[139.72358,35.2259],[139.72308,35.22827],[139.72294,35.22875],[139.7226,35.22938]]}},{"type":"Feature","properties":{"idx":123,"road":NaN,"cls":"tertiary","shops":0,"st_km":1.89,"mesh":"52396567"},"geometry":{"type":"LineString","coordinates":[[139.71382,35.21812],[139.71541,35.21826],[139.71564,35.21839],[139.71576,35.21857],[139.71624,35.22028]]}},{"type":"Feature","properties":{"idx":118,"road":NaN,"cls":"tertiary","shops":0,"st_km":1.22,"mesh":"52396566"},"geometry":{"type":"LineString","coordinates":[[139.70469,35.22039],[139.70416,35.22091]]}},{"type":"Feature","properties":{"idx":179,"road":NaN,"cls":"tertiary","shops":0,"st_km":1.08,"mesh":"52396555"},"geometry":{"type":"LineString","coordinates":[[139.69707,35.21143],[139.69681,35.21178],[139.69698,35.21192],[139.697,35.2123],[139.69718,35.21256],[139.69709,35.21292],[139.69688,35.21311],[139.69624,35.21313],[139.69614,35.21326],[139.69613,35.21341]]}},{"type":"Feature","properties":{"idx":247,"road":NaN,"cls":"tertiary","shops":0,"st_km":0.7,"mesh":"52396555"},"geometry":{"type":"LineString","coordinates":[[139.69131,35.21298],[139.69212,35.21314],[139.69243,35.21364],[139.6926,35.21371],[139.69285,35.21362],[139.69304,35.21328],[139.6933,35.21326],[139.69344,35.21336],[139.69342,35.21366],[139.69367,35.214]]}},{"type":"Feature","properties":{"idx":94,"road":NaN,"cls":"tertiary","shops":0,"st_km":1.56,"mesh":"52396566"},"geometry":{"type":"LineString","coordinates":[[139.71089,35.21912],[139.70983,35.21857],[139.70926,35.21836],[139.70894,35.21874],[139.70806,35.21842],[139.70739,35.2181],[139.70729,35.21814]]}},{"type":"Feature","properties":{"idx":147,"road":NaN,"cls":"tertiary","shops":0,"st_km":0.93,"mesh":"52396566"},"geometry":{"type":"LineString","coordinates":[[139.70154,35.22271],[139.69922,35.22376]]}},{"type":"Feature","properties":{"idx":259,"road":"通研通り","cls":"tertiary","shops":1,"st_km":0.31,"mesh":"52396554"},"geometry":{"type":"LineString","coordinates":[[139.68253,35.21467],[139.68353,35.21471]]}},{"type":"Feature","properties":{"idx":258,"road":NaN,"cls":"tertiary","shops":0,"st_km":0.65,"mesh":"52396555"},"geometry":{"type":"LineString","coordinates":[[139.69294,35.21749],[139.69245,35.21739],[139.69217,35.21689],[139.69204,35.21677],[139.69034,35.21655],[139.68917,35.21631],[139.68907,35.21622],[139.68904,35.21611],[139.68913,35.21583],[139.6892,35.21576],[139.6895,35.21565],[139.68969,35.21522]]}},{"type":"Feature","properties":{"idx":184,"road":NaN,"cls":"tertiary","shops":0,"st_km":0.25,"mesh":"52396554"},"geometry":{"type":"LineString","coordinates":[[139.68353,35.21471],[139.6873,35.21485],[139.6876,35.21477]]}},{"type":"Feature","properties":{"idx":181,"road":NaN,"cls":"tertiary","shops":0,"st_km":1.07,"mesh":"52396555"},"geometry":{"type":"LineString","coordinates":[[139.69733,35.21483],[139.69604,35.21473]]}},{"type":"Feature","properties":{"idx":132,"road":NaN,"cls":"tertiary","shops":0,"st_km":1.75,"mesh":"52396567"},"geometry":{"type":"LineString","coordinates":[[139.71331,35.21923],[139.71402,35.21928],[139.71458,35.21924],[139.71538,35.21931]]}},{"type":"Feature","properties":{"idx":129,"road":NaN,"cls":"tertiary","shops":0,"st_km":1.1,"mesh":"52396566"},"geometry":{"type":"LineString","coordinates":[[139.70416,35.22091],[139.70225,35.22234]]}},{"type":"Feature","properties":{"idx":241,"road":NaN,"cls":"tertiary","shops":0,"st_km":0.58,"mesh":"52396576"},"geometry":{"type":"LineString","coordinates":[[139.70272,35.22496],[139.70398,35.22719],[139.7041,35.22733],[139.70442,35.22755]]}},{"type":"Feature","properties":{"idx":102,"road":NaN,"cls":"tertiary","shops":0,"st_km":1.42,"mesh":"52396566"},"geometry":{"type":"LineString","coordinates":[[139.70729,35.21814],[139.70505,35.22002]]}},{"type":"Feature","properties":{"idx":140,"road":NaN,"cls":"tertiary","shops":0,"st_km":1.13,"mesh":"52396593"},"geometry":{"type":"LineString","coordinates":[[139.66999,35.24586],[139.67737,35.24666],[139.67845,35.24759]]}},{"type":"Feature","properties":{"idx":120,"road":NaN,"cls":"tertiary","shops":0,"st_km":1.32,"mesh":"52396593"},"geometry":{"type":"LineString","coordinates":[[139.66552,35.24629],[139.66664,35.24565]]}},{"type":"Feature","properties":{"idx":133,"road":NaN,"cls":"tertiary","shops":0,"st_km":1.2,"mesh":"52396593"},"geometry":{"type":"LineString","coordinates":[[139.6736,35.24624],[139.67344,35.24718]]}},{"type":"Feature","properties":{"idx":140,"road":NaN,"cls":"tertiary","shops":1,"st_km":1.04,"mesh":"52396594"},"geometry":{"type":"LineString","coordinates":[[139.67516,35.24641],[139.67512,35.24673],[139.67522,35.24705],[139.67568,35.24761]]}},{"type":"Feature","properties":{"idx":110,"road":NaN,"cls":"tertiary","shops":0,"st_km":1.46,"mesh":"52396593"},"geometry":{"type":"LineString","coordinates":[[139.66664,35.24565],[139.66738,35.24528],[139.66772,35.24524],[139.66999,35.24586]]}},{"type":"Feature","properties":{"idx":110,"road":NaN,"cls":"tertiary","shops":0,"st_km":0.84,"mesh":"52396594"},"geometry":{"type":"LineString","coordinates":[[139.67739,35.24667],[139.67803,35.24618]]}},{"type":"Feature","properties":{"idx":126,"road":NaN,"cls":"tertiary","shops":0,"st_km":1.25,"mesh":"52396593"},"geometry":{"type":"LineString","coordinates":[[139.66504,35.24655],[139.66552,35.24629]]}},{"type":"Feature","properties":{"idx":103,"road":NaN,"cls":"tertiary","shops":0,"st_km":0.92,"mesh":"52396594"},"geometry":{"type":"LineString","coordinates":[[139.67698,35.24874],[139.67606,35.248],[139.67568,35.24761]]}},{"type":"Feature","properties":{"idx":130,"road":NaN,"cls":"tertiary","shops":0,"st_km":0.65,"mesh":"52396594"},"geometry":{"type":"LineString","coordinates":[[139.67845,35.24759],[139.6801,35.24629],[139.68126,35.24506],[139.68143,35.24498],[139.68172,35.245]]}},{"type":"Feature","properties":{"idx":119,"road":NaN,"cls":"tertiary","shops":0,"st_km":1.36,"mesh":"52396593"},"geometry":{"type":"LineString","coordinates":[[139.67159,35.24666],[139.67186,35.24701]]}},{"type":"Feature","properties":{"idx":91,"road":NaN,"cls":"tertiary","shops":0,"st_km":1.07,"mesh":"52396594"},"geometry":{"type":"LineString","coordinates":[[139.67531,35.24557],[139.67516,35.24641]]}},{"type":"Feature","properties":{"idx":135,"road":NaN,"cls":"tertiary","shops":0,"st_km":1.17,"mesh":"52396593"},"geometry":{"type":"LineString","coordinates":[[139.67551,35.24741],[139.67186,35.24701]]}},{"type":"Feature","properties":{"idx":31,"road":NaN,"cls":"tertiary","shops":0,"st_km":1.54,"mesh":"52396592"},"geometry":{"type":"LineString","coordinates":[[139.65958,35.24466],[139.65936,35.24433],[139.65881,35.24405],[139.65845,35.24365],[139.65773,35.24189]]}},{"type":"Feature","properties":{"idx":206,"road":NaN,"cls":"tertiary","shops":1,"st_km":1.15,"mesh":"52396593"},"geometry":{"type":"LineString","coordinates":[[139.67568,35.24761],[139.67534,35.24789],[139.67517,35.24798],[139.67452,35.24809],[139.67384,35.24803],[139.67309,35.24849],[139.67293,35.24854],[139.6722,35.24848],[139.6719,35.24866]]}},{"type":"Feature","properties":{"idx":110,"road":NaN,"cls":"tertiary","shops":0,"st_km":0.84,"mesh":"52396594"},"geometry":{"type":"LineString","coordinates":[[139.6773,35.24849],[139.67698,35.24874]]}},{"type":"Feature","properties":{"idx":108,"road":NaN,"cls":"tertiary","shops":0,"st_km":0.86,"mesh":"52396594"},"geometry":{"type":"LineString","coordinates":[[139.67835,35.24422],[139.67803,35.24618]]}},{"type":"Feature","properties":{"idx":116,"road":NaN,"cls":"tertiary","shops":0,"st_km":0.78,"mesh":"52396594"},"geometry":{"type":"LineString","coordinates":[[139.6773,35.24849],[139.67845,35.24759]]}},{"type":"Feature","properties":{"idx":96,"road":NaN,"cls":"tertiary","shops":0,"st_km":1.01,"mesh":"52396594"},"geometry":{"type":"LineString","coordinates":[[139.67835,35.24422],[139.67598,35.24395]]}},{"type":"Feature","properties":{"idx":94,"road":NaN,"cls":"tertiary","shops":0,"st_km":1.04,"mesh":"52396594"},"geometry":{"type":"LineString","coordinates":[[139.67835,35.24422],[139.67797,35.24352],[139.67662,35.24338],[139.67598,35.24395]]}},{"type":"Feature","properties":{"idx":90,"road":NaN,"cls":"tertiary","shops":0,"st_km":1.09,"mesh":"52396594"},"geometry":{"type":"LineString","coordinates":[[139.67531,35.24557],[139.67598,35.24395]]}},{"type":"Feature","properties":{"idx":135,"road":NaN,"cls":"tertiary","shops":0,"st_km":1.16,"mesh":"52396593"},"geometry":{"type":"LineString","coordinates":[[139.67056,35.25046],[139.67043,35.25032],[139.67017,35.25016],[139.66995,35.24987],[139.66965,35.24909],[139.6697,35.24854]]}},{"type":"Feature","properties":{"idx":301,"road":NaN,"cls":"tertiary","shops":1,"st_km":0.51,"mesh":"52396597"},"geometry":{"type":"LineString","coordinates":[[139.71493,35.24723],[139.71451,35.24724],[139.71337,35.24755],[139.71329,35.24752],[139.71315,35.24736]]}},{"type":"Feature","properties":{"idx":149,"road":NaN,"cls":"tertiary","shops":0,"st_km":1.32,"mesh":"52396596"},"geometry":{"type":"LineString","coordinates":[[139.70324,35.24759],[139.70277,35.24727],[139.70249,35.24692],[139.70175,35.2463],[139.70118,35.24527]]}},{"type":"Feature","properties":{"idx":179,"road":NaN,"cls":"tertiary","shops":0,"st_km":1.07,"mesh":"52396596"},"geometry":{"type":"LineString","coordinates":[[139.70422,35.24733],[139.7042,35.24844],[139.70413,35.24855],[139.70399,35.24862],[139.70383,35.24861],[139.70371,35.24853],[139.70366,35.24841],[139.70365,35.2479],[139.7036,35.24783],[139.70326,35.24775],[139.70324,35.24759]]}},{"type":"Feature","properties":{"idx":254,"road":NaN,"cls":"tertiary","shops":0,"st_km":0.66,"mesh":"52396596"},"geometry":{"type":"LineString","coordinates":[[139.711,35.24866],[139.71098,35.24902],[139.71089,35.24926],[139.71074,35.24947],[139.71049,35.24965],[139.71003,35.24976],[139.70876,35.24967],[139.7084,35.24962],[139.70719,35.24928],[139.70694,35.24916],[139.70578,35.24829],[139.70546,35.24809]]}},{"type":"Feature","properties":{"idx":236,"road":NaN,"cls":"tertiary","shops":0,"st_km":0.73,"mesh":"52396596"},"geometry":{"type":"LineString","coordinates":[[139.70932,35.24743],[139.70901,35.24722]]}},{"type":"Feature","properties":{"idx":197,"road":NaN,"cls":"tertiary","shops":0,"st_km":0.95,"mesh":"52396596"},"geometry":{"type":"LineString","coordinates":[[139.7073,35.24613],[139.70586,35.24762]]}},{"type":"Feature","properties":{"idx":203,"road":NaN,"cls":"tertiary","shops":0,"st_km":0.91,"mesh":"52396596"},"geometry":{"type":"LineString","coordinates":[[139.7079,35.24653],[139.7073,35.24613]]}},{"type":"Feature","properties":{"idx":204,"road":NaN,"cls":"tertiary","shops":0,"st_km":0.91,"mesh":"52396596"},"geometry":{"type":"LineString","coordinates":[[139.7112,35.24464],[139.71109,35.24402]]}},{"type":"Feature","properties":{"idx":169,"road":NaN,"cls":"tertiary","shops":0,"st_km":1.15,"mesh":"52396596"},"geometry":{"type":"LineString","coordinates":[[139.70383,35.24775],[139.70324,35.24759]]}},{"type":"Feature","properties":{"idx":217,"road":NaN,"cls":"tertiary","shops":0,"st_km":0.84,"mesh":"52396596"},"geometry":{"type":"LineString","coordinates":[[139.70868,35.24701],[139.7079,35.24653]]}},{"type":"Feature","properties":{"idx":201,"road":NaN,"cls":"tertiary","shops":0,"st_km":0.5,"mesh":"52396597"},"geometry":{"type":"LineString","coordinates":[[139.71274,35.2477],[139.7125,35.2479]]}},{"type":"Feature","properties":{"idx":297,"road":NaN,"cls":"tertiary","shops":1,"st_km":0.52,"mesh":"52396597"},"geometry":{"type":"LineString","coordinates":[[139.71315,35.24736],[139.71274,35.2477]]}},{"type":"Feature","properties":{"idx":229,"road":NaN,"cls":"tertiary","shops":0,"st_km":0.77,"mesh":"52396596"},"geometry":{"type":"LineString","coordinates":[[139.70901,35.24722],[139.70868,35.24701]]}},{"type":"Feature","properties":{"idx":250,"road":NaN,"cls":"tertiary","shops":0,"st_km":0.67,"mesh":"52396596"},"geometry":{"type":"LineString","coordinates":[[139.711,35.24866],[139.71077,35.24839],[139.70967,35.24788],[139.70946,35.2479],[139.70911,35.2482],[139.70888,35.24816],[139.70882,35.24805],[139.70886,35.24793],[139.70932,35.24743]]}},{"type":"Feature","properties":{"idx":174,"road":NaN,"cls":"tertiary","shops":0,"st_km":1.11,"mesh":"52396596"},"geometry":{"type":"LineString","coordinates":[[139.71249,35.24214],[139.71122,35.2423]]}},{"type":"Feature","properties":{"idx":169,"road":NaN,"cls":"tertiary","shops":0,"st_km":0.69,"mesh":"52396597"},"geometry":{"type":"LineString","coordinates":[[139.7133,35.24581],[139.71365,35.24572]]}},{"type":"Feature","properties":{"idx":120,"road":NaN,"cls":"tertiary","shops":0,"st_km":1.1,"mesh":"52396597"},"geometry":{"type":"LineString","coordinates":[[139.71334,35.24212],[139.71307,35.2421],[139.71249,35.24214]]}},{"type":"Feature","properties":{"idx":190,"road":NaN,"cls":"tertiary","shops":0,"st_km":1.0,"mesh":"52396596"},"geometry":{"type":"LineString","coordinates":[[139.71092,35.24301],[139.71109,35.24402]]}},{"type":"Feature","properties":{"idx":173,"road":NaN,"cls":"tertiary","shops":0,"st_km":1.12,"mesh":"52396596"},"geometry":{"type":"LineString","coordinates":[[139.7108,35.24236],[139.71122,35.2423]]}},{"type":"Feature","properties":{"idx":219,"road":NaN,"cls":"tertiary","shops":0,"st_km":0.82,"mesh":"52396596"},"geometry":{"type":"LineString","coordinates":[[139.7112,35.24464],[139.71127,35.24507],[139.71163,35.2455]]}},{"type":"Feature","properties":{"idx":183,"road":NaN,"cls":"tertiary","shops":0,"st_km":1.04,"mesh":"52396596"},"geometry":{"type":"LineString","coordinates":[[139.70546,35.24809],[139.70383,35.24775]]}},{"type":"Feature","properties":{"idx":170,"road":NaN,"cls":"tertiary","shops":0,"st_km":0.69,"mesh":"52396597"},"geometry":{"type":"LineString","coordinates":[[139.71229,35.24601],[139.7126,35.24601],[139.7133,35.24581]]}},{"type":"Feature","properties":{"idx":260,"road":NaN,"cls":"tertiary","shops":1,"st_km":0.66,"mesh":"52396597"},"geometry":{"type":"LineString","coordinates":[[139.71518,35.24633],[139.71423,35.24577],[139.71397,35.24569],[139.71365,35.24572]]}},{"type":"Feature","properties":{"idx":237,"road":NaN,"cls":"tertiary","shops":0,"st_km":0.73,"mesh":"52396596"},"geometry":{"type":"LineString","coordinates":[[139.71163,35.2455],[139.71205,35.24591],[139.71229,35.24601]]}},{"type":"Feature","properties":{"idx":174,"road":NaN,"cls":"tertiary","shops":0,"st_km":1.11,"mesh":"52396596"},"geometry":{"type":"LineString","coordinates":[[139.70453,35.24686],[139.70433,35.24704],[139.70422,35.24733]]}},{"type":"Feature","properties":{"idx":295,"road":NaN,"cls":"tertiary","shops":0,"st_km":0.49,"mesh":"52396596"},"geometry":{"type":"LineString","coordinates":[[139.7125,35.2479],[139.71208,35.24822],[139.71141,35.24843],[139.711,35.24866]]}},{"type":"Feature","properties":{"idx":1177,"road":NaN,"cls":"tertiary","shops":0,"st_km":0.41,"mesh":"52396543"},"geometry":{"type":"LineString","coordinates":[[139.66976,35.20269],[139.671,35.20405]]}},{"type":"Feature","properties":{"idx":1503,"road":NaN,"cls":"tertiary","shops":0,"st_km":0.17,"mesh":"52396543"},"geometry":{"type":"LineString","coordinates":[[139.671,35.20405],[139.6715,35.20453],[139.6719,35.20481],[139.67286,35.20532],[139.67403,35.20573]]}},{"type":"Feature","properties":{"idx":810,"road":NaN,"cls":"tertiary","shops":0,"st_km":0.82,"mesh":"52396543"},"geometry":{"type":"LineString","coordinates":[[139.66408,35.20561],[139.66375,35.20568],[139.66356,35.20564],[139.66262,35.20503],[139.66229,35.20489]]}},{"type":"Feature","properties":{"idx":75,"road":NaN,"cls":"tertiary","shops":0,"st_km":0.8,"mesh":"52396542"},"geometry":{"type":"LineString","coordinates":[[139.66229,35.20489],[139.66174,35.20476],[139.66075,35.20471],[139.6606,35.20462],[139.66047,35.20445]]}},{"type":"Feature","properties":{"idx":141,"road":NaN,"cls":"tertiary","shops":0,"st_km":1.63,"mesh":"52396567"},"geometry":{"type":"LineString","coordinates":[[139.71285,35.22031],[139.71421,35.22044],[139.71507,35.22039]]}},{"type":"Feature","properties":{"idx":728,"road":NaN,"cls":"pedestrian","shops":1,"st_km":0.2,"mesh":"52396576"},"geometry":{"type":"LineString","coordinates":[[139.70267,35.22939],[139.70289,35.22966],[139.70392,35.23034]]}},{"type":"Feature","properties":{"idx":991,"road":NaN,"cls":"pedestrian","shops":2,"st_km":0.18,"mesh":"52396576"},"geometry":{"type":"LineString","coordinates":[[139.70376,35.22975],[139.70308,35.23037],[139.7028,35.23042]]}},{"type":"Feature","properties":{"idx":143,"road":NaN,"cls":"tertiary","shops":0,"st_km":3.75,"mesh":"52396571"},"geometry":{"type":"LineString","coordinates":[[139.63151,35.22112],[139.63197,35.22165],[139.6327,35.22205],[139.63293,35.22251],[139.63304,35.22314],[139.63348,35.2242],[139.63478,35.22541],[139.63505,35.22586],[139.63542,35.22626],[139.63555,35.22664],[139.63569,35.22687],[139.63633,35.22742],[139.63653,35.22754],[139.63726,35.22783],[139.63821,35.22857],[139.63862,35.22865],[139.63952,35.22823],[139.63967,35.2282],[139.64118,35.22843],[139.64219,35.22846],[139.6424,35.22857],[139.6429,35.22919],[139.64412,35.23041],[139.64423,35.23055],[139.64445,35.23098],[139.6446,35.23114],[139.64486,35.23135],[139.64536,35.23154],[139.64657,35.23167],[139.64844,35.23143],[139.64936,35.23121]]}},{"type":"Feature","properties":{"idx":83,"road":NaN,"cls":"tertiary","shops":0,"st_km":1.16,"mesh":"52396564"},"geometry":{"type":"LineString","coordinates":[[139.68897,35.22315],[139.68859,35.22323],[139.68575,35.223],[139.68554,35.22452],[139.68434,35.22486]]}},{"type":"Feature","properties":{"idx":447,"road":NaN,"cls":"tertiary","shops":1,"st_km":0.36,"mesh":"52396576"},"geometry":{"type":"LineString","coordinates":[[139.70143,35.22722],[139.70071,35.22822],[139.70059,35.22853],[139.70057,35.22877],[139.70062,35.22956],[139.70069,35.22987]]}},{"type":"Feature","properties":{"idx":94,"road":NaN,"cls":"tertiary","shops":0,"st_km":4.55,"mesh":"52396570"},"geometry":{"type":"LineString","coordinates":[[139.62855,35.22743],[139.62828,35.22751],[139.62806,35.2275],[139.62646,35.22669],[139.62586,35.22646],[139.62564,35.22619]]}},{"type":"Feature","properties":{"idx":227,"road":NaN,"cls":"tertiary","shops":1,"st_km":3.12,"mesh":"52396571"},"geometry":{"type":"LineString","coordinates":[[139.64536,35.23154],[139.64545,35.23212],[139.64572,35.23252]]}},{"type":"Feature","properties":{"idx":94,"road":NaN,"cls":"tertiary","shops":0,"st_km":4.73,"mesh":"52396570"},"geometry":{"type":"LineString","coordinates":[[139.62516,35.22552],[139.62535,35.22572],[139.62564,35.22619]]}},{"type":"Feature","properties":{"idx":146,"road":NaN,"cls":"tertiary","shops":0,"st_km":3.39,"mesh":"52396571"},"geometry":{"type":"LineString","coordinates":[[139.64715,35.22784],[139.64731,35.22747],[139.64725,35.22731],[139.64726,35.22704],[139.64731,35.22696],[139.64745,35.22686],[139.64778,35.22689],[139.64796,35.22682],[139.64818,35.22657],[139.64836,35.22622]]}},{"type":"Feature","properties":{"idx":117,"road":NaN,"cls":"tertiary","shops":0,"st_km":2.68,"mesh":"52396582"},"geometry":{"type":"LineString","coordinates":[[139.65777,35.23296],[139.65711,35.23322],[139.65677,35.23331],[139.65516,35.23343],[139.65474,35.23351],[139.65271,35.23447]]}},{"type":"Feature","properties":{"idx":220,"road":NaN,"cls":"tertiary","shops":1,"st_km":3.39,"mesh":"52396571"},"geometry":{"type":"LineString","coordinates":[[139.65157,35.23115],[139.6508,35.22994],[139.64956,35.229],[139.64894,35.22837],[139.6486,35.22815],[139.64801,35.22795],[139.64429,35.2275]]}},{"type":"Feature","properties":{"idx":350,"road":NaN,"cls":"tertiary","shops":0,"st_km":3.11,"mesh":"52396572"},"geometry":{"type":"LineString","coordinates":[[139.6526,35.22963],[139.65185,35.23008],[139.65134,35.23017],[139.65066,35.23045]]}},{"type":"Feature","properties":{"idx":905,"road":NaN,"cls":"tertiary","shops":0,"st_km":1.05,"mesh":"52396585"},"geometry":{"type":"LineString","coordinates":[[139.69116,35.23665],[139.69098,35.23899],[139.69118,35.23939]]}},{"type":"Feature","properties":{"idx":456,"road":NaN,"cls":"tertiary","shops":0,"st_km":2.25,"mesh":"52396573"},"geometry":{"type":"LineString","coordinates":[[139.67075,35.23261],[139.67288,35.23262],[139.67295,35.23258],[139.67316,35.23196],[139.67433,35.23142],[139.67464,35.23135],[139.67531,35.23139],[139.67781,35.23178],[139.67843,35.2319],[139.6787,35.23202]]}},{"type":"Feature","properties":{"idx":1043,"road":NaN,"cls":"tertiary","shops":0,"st_km":0.87,"mesh":"52396585"},"geometry":{"type":"LineString","coordinates":[[139.69358,35.23689],[139.69293,35.23674],[139.69116,35.23665]]}},{"type":"Feature","properties":{"idx":426,"road":NaN,"cls":"tertiary","shops":1,"st_km":1.01,"mesh":"52396584"},"geometry":{"type":"LineString","coordinates":[[139.68348,35.2417],[139.68323,35.24131],[139.68299,35.24106],[139.68257,35.2408],[139.68168,35.24047],[139.68072,35.23983],[139.68062,35.23981]]}},{"type":"Feature","properties":{"idx":443,"road":NaN,"cls":"tertiary","shops":0,"st_km":2.34,"mesh":"52396573"},"geometry":{"type":"LineString","coordinates":[[139.67433,35.23142],[139.67422,35.23134],[139.67075,35.23133]]}},{"type":"Feature","properties":{"idx":435,"road":NaN,"cls":"tertiary","shops":0,"st_km":2.38,"mesh":"52396573"},"geometry":{"type":"LineString","coordinates":[[139.67486,35.23006],[139.66528,35.23002]]}},{"type":"Feature","properties":{"idx":883,"road":NaN,"cls":"tertiary","shops":0,"st_km":1.25,"mesh":"52396587"},"geometry":{"type":"LineString","coordinates":[[139.7165,35.23402],[139.71633,35.23442],[139.71608,35.23483],[139.71537,35.23553],[139.71364,35.23665],[139.71242,35.23703]]}},{"type":"Feature","properties":{"idx":373,"road":NaN,"cls":"tertiary","shops":0,"st_km":1.06,"mesh":"52396586"},"geometry":{"type":"LineString","coordinates":[[139.714,35.23932],[139.71342,35.23874],[139.71325,35.23865],[139.71102,35.23828],[139.71083,35.23828],[139.71065,35.23835],[139.71031,35.23901],[139.70998,35.23922],[139.709,35.23906],[139.70827,35.23858],[139.70767,35.2386]]}},{"type":"Feature","properties":{"idx":559,"road":NaN,"cls":"tertiary","shops":0,"st_km":0.58,"mesh":"52396586"},"geometry":{"type":"LineString","coordinates":[[139.70706,35.23851],[139.70349,35.23736],[139.70244,35.2369],[139.70229,35.23681],[139.70204,35.23651],[139.70167,35.2364]]}},{"type":"Feature","properties":{"idx":499,"road":NaN,"cls":"tertiary","shops":0,"st_km":0.7,"mesh":"52396586"},"geometry":{"type":"LineString","coordinates":[[139.70784,35.23785],[139.70753,35.23737],[139.70734,35.23652],[139.70736,35.23595],[139.70755,35.23573],[139.70785,35.23551]]}},{"type":"Feature","properties":{"idx":97,"road":NaN,"cls":"tertiary","shops":0,"st_km":2.79,"mesh":"52396540"},"geometry":{"type":"LineString","coordinates":[[139.62978,35.20392],[139.63022,35.20433],[139.63029,35.20451],[139.63052,35.20557],[139.6304,35.20587]]}},{"type":"Feature","properties":{"idx":97,"road":NaN,"cls":"tertiary","shops":0,"st_km":2.77,"mesh":"52396540"},"geometry":{"type":"LineString","coordinates":[[139.62956,35.20383],[139.62978,35.20392]]}},{"type":"Feature","properties":{"idx":97,"road":NaN,"cls":"tertiary","shops":0,"st_km":2.78,"mesh":"52396540"},"geometry":{"type":"LineString","coordinates":[[139.62821,35.20251],[139.62956,35.20383]]}},{"type":"Feature","properties":{"idx":99,"road":NaN,"cls":"tertiary","shops":0,"st_km":2.71,"mesh":"52396540"},"geometry":{"type":"LineString","coordinates":[[139.62585,35.20159],[139.62597,35.2016],[139.62821,35.20251]]}},{"type":"Feature","properties":{"idx":181,"road":NaN,"cls":"tertiary","shops":0,"st_km":1.38,"mesh":"52396598"},"geometry":{"type":"LineString","coordinates":[[139.72889,35.24637],[139.72859,35.24657]]}},{"type":"Feature","properties":{"idx":158,"road":NaN,"cls":"tertiary","shops":0,"st_km":1.6,"mesh":"52396598"},"geometry":{"type":"LineString","coordinates":[[139.7313,35.24493],[139.72944,35.24457]]}},{"type":"Feature","properties":{"idx":154,"road":NaN,"cls":"tertiary","shops":0,"st_km":1.66,"mesh":"52396598"},"geometry":{"type":"LineString","coordinates":[[139.72889,35.24637],[139.72913,35.2462],[139.72947,35.24613],[139.7299,35.24618],[139.73105,35.24642],[139.73127,35.24534],[139.7313,35.24493],[139.73104,35.24416],[139.7311,35.24382],[139.73151,35.24319],[139.73159,35.24313],[139.73241,35.24314],[139.73288,35.24323]]}},{"type":"Feature","properties":{"idx":168,"road":NaN,"cls":"tertiary","shops":0,"st_km":1.5,"mesh":"52396598"},"geometry":{"type":"LineString","coordinates":[[139.72944,35.24457],[139.7283,35.24434]]}},{"type":"Feature","properties":{"idx":186,"road":NaN,"cls":"tertiary","shops":0,"st_km":1.34,"mesh":"52396598"},"geometry":{"type":"LineString","coordinates":[[139.72859,35.24657],[139.72814,35.24686],[139.72805,35.24688]]}},{"type":"Feature","properties":{"idx":193,"road":NaN,"cls":"tertiary","shops":0,"st_km":1.28,"mesh":"52396598"},"geometry":{"type":"LineString","coordinates":[[139.72805,35.24688],[139.72743,35.2469]]}},{"type":"Feature","properties":{"idx":255,"road":NaN,"cls":"tertiary","shops":0,"st_km":0.65,"mesh":"52396595"},"geometry":{"type":"LineString","coordinates":[[139.69043,35.24489],[139.69184,35.24498],[139.69226,35.24518]]}},{"type":"Feature","properties":{"idx":455,"road":NaN,"cls":"tertiary","shops":2,"st_km":0.08,"mesh":"52396594"},"geometry":{"type":"LineString","coordinates":[[139.68557,35.24994],[139.68602,35.24995],[139.6861,35.24992],[139.68609,35.24963],[139.68568,35.2496]]}},{"type":"Feature","properties":{"idx":360,"road":NaN,"cls":"tertiary","shops":0,"st_km":0.29,"mesh":"52396595"},"geometry":{"type":"LineString","coordinates":[[139.69031,35.2476],[139.6901,35.24765],[139.68966,35.24841],[139.6895,35.24842],[139.68941,35.24837],[139.68947,35.24786],[139.68947,35.24719],[139.68954,35.24704]]}},{"type":"Feature","properties":{"idx":454,"road":NaN,"cls":"tertiary","shops":2,"st_km":0.09,"mesh":"52396594"},"geometry":{"type":"LineString","coordinates":[[139.68568,35.2496],[139.68559,35.24959]]}},{"type":"Feature","properties":{"idx":245,"road":NaN,"cls":"tertiary","shops":0,"st_km":0.69,"mesh":"52396595"},"geometry":{"type":"LineString","coordinates":[[139.69376,35.24888],[139.69389,35.24966],[139.69393,35.2505],[139.69405,35.25091]]}},{"type":"Feature","properties":{"idx":249,"road":NaN,"cls":"tertiary","shops":0,"st_km":0.67,"mesh":"52396595"},"geometry":{"type":"LineString","coordinates":[[139.69376,35.24888],[139.69357,35.24772],[139.69313,35.24693]]}},{"type":"Feature","properties":{"idx":248,"road":NaN,"cls":"tertiary","shops":0,"st_km":0.67,"mesh":"52396595"},"geometry":{"type":"LineString","coordinates":[[139.69313,35.24693],[139.69307,35.2468],[139.69293,35.24594],[139.6928,35.24577]]}},{"type":"Feature","properties":{"idx":247,"road":NaN,"cls":"tertiary","shops":0,"st_km":0.68,"mesh":"52396595"},"geometry":{"type":"LineString","coordinates":[[139.6928,35.24577],[139.69242,35.24547],[139.69226,35.24518]]}},{"type":"Feature","properties":{"idx":54,"road":"横須賀葉山線","cls":"primary","shops":1,"st_km":1.64,"mesh":"52396592"},"geometry":{"type":"LineString","coordinates":[[139.66114,35.2426],[139.66159,35.24235],[139.66218,35.24212]]}},{"type":"Feature","properties":{"idx":258,"road":NaN,"cls":"primary_link","shops":0,"st_km":1.73,"mesh":"52396583"},"geometry":{"type":"LineString","coordinates":[[139.66254,35.24206],[139.66496,35.24127]]}},{"type":"Feature","properties":{"idx":36,"road":NaN,"cls":"tertiary","shops":0,"st_km":2.31,"mesh":"52396581"},"geometry":{"type":"LineString","coordinates":[[139.64391,35.24235],[139.64463,35.24214],[139.64525,35.24178],[139.65097,35.2361]]}},{"type":"Feature","properties":{"idx":133,"road":NaN,"cls":"tertiary","shops":0,"st_km":2.21,"mesh":"52396582"},"geometry":{"type":"LineString","coordinates":[[139.65543,35.2381],[139.65792,35.23685]]}},{"type":"Feature","properties":{"idx":13,"road":NaN,"cls":"tertiary","shops":0,"st_km":2.03,"mesh":"52396591"},"geometry":{"type":"LineString","coordinates":[[139.63941,35.25158],[139.64,35.25139],[139.64032,35.25109],[139.64045,35.2508],[139.64042,35.25012],[139.64046,35.24996],[139.64113,35.24858],[139.64152,35.2481],[139.64173,35.24797]]}},{"type":"Feature","properties":{"idx":127,"road":NaN,"cls":"tertiary","shops":0,"st_km":2.37,"mesh":"52396582"},"geometry":{"type":"LineString","coordinates":[[139.65819,35.23633],[139.65774,35.23548]]}},{"type":"Feature","properties":{"idx":130,"road":NaN,"cls":"tertiary","shops":0,"st_km":2.28,"mesh":"52396582"},"geometry":{"type":"LineString","coordinates":[[139.65792,35.23685],[139.65826,35.2367],[139.65831,35.23663],[139.65819,35.23633]]}},{"type":"Feature","properties":{"idx":418,"road":NaN,"cls":"tertiary","shops":0,"st_km":2.55,"mesh":"52396573"},"geometry":{"type":"LineString","coordinates":[[139.67075,35.23133],[139.66664,35.23131]]}},{"type":"Feature","properties":{"idx":24,"road":NaN,"cls":"tertiary","shops":0,"st_km":2.72,"mesh":"52396590"},"geometry":{"type":"LineString","coordinates":[[139.63366,35.24958],[139.63318,35.24925],[139.63302,35.24904],[139.63291,35.24881],[139.63288,35.24845],[139.63308,35.24789],[139.63316,35.24749]]}},{"type":"Feature","properties":{"idx":457,"road":NaN,"cls":"tertiary","shops":0,"st_km":3.54,"mesh":"52396561"},"geometry":{"type":"LineString","coordinates":[[139.64138,35.22547],[139.64182,35.22516],[139.64243,35.22497],[139.64269,35.22493],[139.64447,35.22509],[139.64458,35.22448],[139.64468,35.22426]]}},{"type":"Feature","properties":{"idx":239,"road":NaN,"cls":"tertiary","shops":1,"st_km":1.0,"mesh":"52396520"},"geometry":{"type":"LineString","coordinates":[[139.63002,35.18679],[139.63007,35.18683]]}},{"type":"Feature","properties":{"idx":858,"road":NaN,"cls":"tertiary","shops":3,"st_km":3.51,"mesh":"52396560"},"geometry":{"type":"LineString","coordinates":[[139.63706,35.21963],[139.63692,35.22006],[139.63682,35.22025]]}},{"type":"Feature","properties":{"idx":872,"road":"三崎街道","cls":"primary","shops":1,"st_km":3.33,"mesh":"52396561"},"geometry":{"type":"LineString","coordinates":[[139.64282,35.22213],[139.64271,35.22202]]}},{"type":"Feature","properties":{"idx":277,"road":"三崎街道","cls":"primary","shops":1,"st_km":3.27,"mesh":"52396571"},"geometry":{"type":"LineString","coordinates":[[139.65508,35.23047],[139.65355,35.23017],[139.65325,35.23008],[139.65285,35.22986],[139.65252,35.22954],[139.65091,35.22747],[139.65039,35.22703],[139.64576,35.22522],[139.64524,35.22491],[139.64485,35.22453],[139.6442,35.22351],[139.64382,35.22309],[139.64282,35.22213]]}},{"type":"Feature","properties":{"idx":339,"road":NaN,"cls":"tertiary","shops":0,"st_km":3.68,"mesh":"52396560"},"geometry":{"type":"LineString","coordinates":[[139.63672,35.22033],[139.63659,35.22038],[139.63653,35.22047],[139.63626,35.22139],[139.63612,35.22265],[139.63593,35.22274]]}},{"type":"Feature","properties":{"idx":342,"road":NaN,"cls":"tertiary","shops":0,"st_km":3.55,"mesh":"52396560"},"geometry":{"type":"LineString","coordinates":[[139.63682,35.22025],[139.63672,35.22033]]}},{"type":"Feature","properties":{"idx":96,"road":NaN,"cls":"tertiary","shops":0,"st_km":4.0,"mesh":"52396570"},"geometry":{"type":"LineString","coordinates":[[139.62564,35.22619],[139.62635,35.22624],[139.62704,35.22663],[139.62835,35.22721],[139.62845,35.22729],[139.6288,35.22784],[139.62887,35.22801],[139.62894,35.22855],[139.62925,35.22907],[139.62925,35.2297],[139.63046,35.23066],[139.6306,35.23086],[139.63061,35.23101],[139.6303,35.23152],[139.62942,35.23251],[139.62907,35.23267],[139.62786,35.23293],[139.62697,35.23311],[139.62548,35.23313],[139.62473,35.23303],[139.62336,35.23257]]}},{"type":"Feature","properties":{"idx":97,"road":NaN,"cls":"tertiary","shops":0,"st_km":3.8,"mesh":"52396570"},"geometry":{"type":"LineString","coordinates":[[139.63501,35.23499],[139.63466,35.23471],[139.63302,35.2328],[139.63287,35.23189],[139.63208,35.23077],[139.63152,35.23013],[139.63121,35.22993],[139.63056,35.22977],[139.63003,35.22979],[139.62953,35.22994]]}},{"type":"Feature","properties":{"idx":58,"road":NaN,"cls":"tertiary","shops":0,"st_km":3.4,"mesh":"52396580"},"geometry":{"type":"LineString","coordinates":[[139.63523,35.23509],[139.63501,35.23499]]}},{"type":"Feature","properties":{"idx":153,"road":NaN,"cls":"tertiary","shops":0,"st_km":3.06,"mesh":"52396571"},"geometry":{"type":"LineString","coordinates":[[139.64572,35.23252],[139.64512,35.2328],[139.64435,35.2333]]}},{"type":"Feature","properties":{"idx":119,"road":NaN,"cls":"tertiary","shops":0,"st_km":2.6,"mesh":"52396582"},"geometry":{"type":"LineString","coordinates":[[139.65774,35.23548],[139.65757,35.23497],[139.65751,35.23428],[139.65729,35.23403],[139.65693,35.23383],[139.65649,35.23385],[139.65518,35.23448]]}},{"type":"Feature","properties":{"idx":167,"road":"火ヶ口橋","cls":"tertiary","shops":0,"st_km":0.34,"mesh":"52396554"},"geometry":{"type":"LineString","coordinates":[[139.68243,35.21467],[139.68253,35.21467]]}},{"type":"Feature","properties":{"idx":231,"road":NaN,"cls":"tertiary","shops":0,"st_km":1.3,"mesh":"52396584"},"geometry":{"type":"LineString","coordinates":[[139.67682,35.24091],[139.67699,35.23988]]}},{"type":"Feature","properties":{"idx":174,"road":NaN,"cls":"tertiary","shops":0,"st_km":1.77,"mesh":"52396584"},"geometry":{"type":"LineString","coordinates":[[139.67481,35.23707],[139.67502,35.23625],[139.67511,35.23609],[139.67692,35.23495]]}},{"type":"Feature","properties":{"idx":306,"road":NaN,"cls":"tertiary","shops":0,"st_km":1.68,"mesh":"52396583"},"geometry":{"type":"LineString","coordinates":[[139.67467,35.23766],[139.67481,35.23707]]}},{"type":"Feature","properties":{"idx":193,"road":NaN,"cls":"tertiary","shops":0,"st_km":1.58,"mesh":"52396584"},"geometry":{"type":"LineString","coordinates":[[139.67533,35.23776],[139.67522,35.23815],[139.67513,35.23827],[139.67503,35.23834],[139.67455,35.23841]]}},{"type":"Feature","properties":{"idx":187,"road":NaN,"cls":"tertiary","shops":0,"st_km":1.64,"mesh":"52396584"},"geometry":{"type":"LineString","coordinates":[[139.67554,35.23701],[139.67533,35.23776]]}},{"type":"Feature","properties":{"idx":180,"road":NaN,"cls":"tertiary","shops":0,"st_km":1.7,"mesh":"52396584"},"geometry":{"type":"LineString","coordinates":[[139.67558,35.23685],[139.67489,35.23673]]}},{"type":"Feature","properties":{"idx":183,"road":NaN,"cls":"tertiary","shops":0,"st_km":1.67,"mesh":"52396584"},"geometry":{"type":"LineString","coordinates":[[139.67558,35.23685],[139.67554,35.23701]]}},{"type":"Feature","properties":{"idx":300,"road":NaN,"cls":"tertiary","shops":0,"st_km":1.72,"mesh":"52396583"},"geometry":{"type":"LineString","coordinates":[[139.67136,35.23968],[139.67137,35.23975]]}},{"type":"Feature","properties":{"idx":150,"road":"三崎街道","cls":"primary","shops":0,"st_km":1.33,"mesh":"52396593"},"geometry":{"type":"LineString","coordinates":[[139.66396,35.24507],[139.66402,35.2453],[139.66439,35.24572]]}},{"type":"Feature","properties":{"idx":177,"road":NaN,"cls":"tertiary","shops":0,"st_km":1.09,"mesh":"52396596"},"geometry":{"type":"LineString","coordinates":[[139.71092,35.24301],[139.7108,35.24236]]}},{"type":"Feature","properties":{"idx":215,"road":NaN,"cls":"tertiary","shops":0,"st_km":0.84,"mesh":"52396596"},"geometry":{"type":"LineString","coordinates":[[139.70585,35.24834],[139.70598,35.24825],[139.7061,35.24824],[139.7065,35.24848],[139.70662,35.24852],[139.70678,35.24845],[139.70684,35.24832],[139.70667,35.24815],[139.70586,35.24762]]}},{"type":"Feature","properties":{"idx":159,"road":NaN,"cls":"tertiary","shops":0,"st_km":1.23,"mesh":"52396596"},"geometry":{"type":"LineString","coordinates":[[139.7047,35.24948],[139.70466,35.24923],[139.70452,35.24907],[139.70323,35.24867],[139.7027,35.24863],[139.70251,35.24866],[139.70216,35.2488],[139.70163,35.24925],[139.70144,35.24954],[139.70141,35.25151]]}},{"type":"Feature","properties":{"idx":187,"road":NaN,"cls":"tertiary","shops":0,"st_km":1.01,"mesh":"52396595"},"geometry":{"type":"LineString","coordinates":[[139.69819,35.2508],[139.6985,35.25056],[139.69865,35.25026],[139.69864,35.2475],[139.69852,35.2472],[139.69844,35.24708],[139.69619,35.24513],[139.69597,35.24504],[139.69566,35.24499],[139.69546,35.24501],[139.69515,35.24513],[139.6944,35.24599],[139.69425,35.24626],[139.69429,35.24646],[139.6946,35.24696],[139.69445,35.24726],[139.69453,35.24751],[139.69475,35.24782],[139.69486,35.24787],[139.697,35.24788]]}},{"type":"Feature","properties":{"idx":290,"road":NaN,"cls":"tertiary","shops":0,"st_km":0.51,"mesh":"52396595"},"geometry":{"type":"LineString","coordinates":[[139.69112,35.24492],[139.69107,35.24535],[139.69098,35.24552],[139.69019,35.24642],[139.68954,35.24704]]}},{"type":"Feature","properties":{"idx":269,"road":NaN,"cls":"tertiary","shops":0,"st_km":0.59,"mesh":"52396595"},"geometry":{"type":"LineString","coordinates":[[139.68856,35.2441],[139.68987,35.24459],[139.69043,35.24489]]}},{"type":"Feature","properties":{"idx":105,"road":NaN,"cls":"tertiary","shops":0,"st_km":1.3,"mesh":"52396597"},"geometry":{"type":"LineString","coordinates":[[139.7251,35.24141],[139.72513,35.24202],[139.72526,35.24213],[139.7257,35.24235],[139.72572,35.24249],[139.72562,35.24259],[139.72552,35.24261],[139.725,35.24245],[139.72484,35.24248],[139.7243,35.2434],[139.72528,35.24379],[139.7255,35.24422],[139.72553,35.2444],[139.72544,35.24457],[139.7247,35.24506]]}},{"type":"Feature","properties":{"idx":226,"road":"衣笠通り","cls":"tertiary","shops":1,"st_km":0.49,"mesh":"52396594"},"geometry":{"type":"LineString","coordinates":[[139.68385,35.24708],[139.67816,35.25168]]}},{"type":"Feature","properties":{"idx":216,"road":NaN,"cls":"tertiary","shops":0,"st_km":0.83,"mesh":"52396595"},"geometry":{"type":"LineString","coordinates":[[139.68923,35.24324],[139.689,35.2429],[139.68937,35.24269],[139.68793,35.24037]]}},{"type":"Feature","properties":{"idx":245,"road":NaN,"cls":"tertiary","shops":0,"st_km":0.69,"mesh":"52396595"},"geometry":{"type":"LineString","coordinates":[[139.68947,35.24349],[139.68926,35.24327]]}},{"type":"Feature","properties":{"idx":486,"road":NaN,"cls":"tertiary","shops":0,"st_km":1.48,"mesh":"52396577"},"geometry":{"type":"LineString","coordinates":[[139.72198,35.22928],[139.71839,35.2289],[139.71601,35.22765],[139.71545,35.22728],[139.71498,35.22689]]}},{"type":"Feature","properties":{"idx":1574,"road":"通研通り","cls":"tertiary","shops":0,"st_km":1.52,"mesh":"52396563"},"geometry":{"type":"LineString","coordinates":[[139.67621,35.21347],[139.67591,35.21362],[139.6758,35.21375],[139.6743,35.21571],[139.67408,35.21593],[139.67252,35.21711],[139.67235,35.2173],[139.67188,35.21808],[139.67168,35.21831],[139.67122,35.21864],[139.66421,35.2229],[139.6638,35.22336],[139.66354,35.22355]]}},{"type":"Feature","properties":{"idx":107,"road":"通研通り","cls":"tertiary","shops":0,"st_km":0.82,"mesh":"52396554"},"geometry":{"type":"LineString","coordinates":[[139.67637,35.21343],[139.67621,35.21347]]}},{"type":"Feature","properties":{"idx":1105,"road":"通研通り","cls":"tertiary","shops":0,"st_km":2.28,"mesh":"52396563"},"geometry":{"type":"LineString","coordinates":[[139.66354,35.22355],[139.66293,35.2238],[139.6623,35.22393]]}},{"type":"Feature","properties":{"idx":1153,"road":NaN,"cls":"tertiary","shops":0,"st_km":0.75,"mesh":"52396585"},"geometry":{"type":"LineString","coordinates":[[139.69707,35.23203],[139.69691,35.23397],[139.69687,35.23696],[139.6968,35.23747],[139.69646,35.23812],[139.69558,35.23896],[139.69496,35.23943],[139.68937,35.24269]]}},{"type":"Feature","properties":{"idx":457,"road":NaN,"cls":"pedestrian","shops":3,"st_km":1.73,"mesh":"52396567"},"geometry":{"type":"LineString","coordinates":[[139.71518,35.22021],[139.71521,35.21993]]}},{"type":"Feature","properties":{"idx":163,"road":NaN,"cls":"tertiary","shops":0,"st_km":0.81,"mesh":"52396566"},"geometry":{"type":"LineString","coordinates":[[139.70224,35.22328],[139.70214,35.22392],[139.70272,35.22496]]}},{"type":"Feature","properties":{"idx":94,"road":NaN,"cls":"tertiary_link","shops":0,"st_km":0.49,"mesh":"52396594"},"geometry":{"type":"LineString","coordinates":[[139.68309,35.24456],[139.68333,35.24461],[139.68509,35.24564]]}},{"type":"Feature","properties":{"idx":99,"road":NaN,"cls":"tertiary_link","shops":0,"st_km":0.44,"mesh":"52396594"},"geometry":{"type":"LineString","coordinates":[[139.6839,35.24519],[139.6849,35.24579]]}},{"type":"Feature","properties":{"idx":49,"road":"横須賀葉山線","cls":"primary","shops":0,"st_km":1.16,"mesh":"52396592"},"geometry":{"type":"LineString","coordinates":[[139.64988,35.25166],[139.65036,35.25137],[139.65176,35.25088],[139.65201,35.25075],[139.65243,35.25044],[139.65272,35.25008],[139.65325,35.24889],[139.65348,35.24861],[139.65368,35.24845],[139.65392,35.24832],[139.65692,35.24709],[139.65777,35.24661]]}},{"type":"Feature","properties":{"idx":122,"road":NaN,"cls":"tertiary","shops":0,"st_km":2.51,"mesh":"52396582"},"geometry":{"type":"LineString","coordinates":[[139.65097,35.2361],[139.65122,35.23582]]}},{"type":"Feature","properties":{"idx":120,"road":NaN,"cls":"tertiary","shops":0,"st_km":2.58,"mesh":"52396582"},"geometry":{"type":"LineString","coordinates":[[139.65122,35.23582],[139.65214,35.2348],[139.65271,35.23447]]}},{"type":"Feature","properties":{"idx":131,"road":"上宮田金田三崎港線","cls":"secondary","shops":1,"st_km":2.17,"mesh":"52396502"},"geometry":{"type":"LineString","coordinates":[[139.65485,35.17305],[139.65496,35.17279],[139.65518,35.17263],[139.65734,35.17181],[139.65829,35.17168],[139.65893,35.17167],[139.65909,35.17157],[139.65935,35.17129],[139.65941,35.17112],[139.65943,35.16972],[139.65928,35.16875],[139.6593,35.16709],[139.65959,35.16556],[139.65952,35.16451],[139.65977,35.16361],[139.65998,35.16315]]}},{"type":"Feature","properties":{"idx":323,"road":"上宮田金田三崎港線","cls":"secondary","shops":1,"st_km":1.24,"mesh":"52396512"},"geometry":{"type":"LineString","coordinates":[[139.65431,35.17717],[139.65432,35.17704]]}},{"type":"Feature","properties":{"idx":128,"road":NaN,"cls":"tertiary","shops":0,"st_km":2.04,"mesh":"52396598"},"geometry":{"type":"LineString","coordinates":[[139.73761,35.24949],[139.73727,35.24938],[139.73695,35.24937]]}},{"type":"Feature","properties":{"idx":395,"road":NaN,"cls":"tertiary","shops":0,"st_km":1.86,"mesh":"52396577"},"geometry":{"type":"LineString","coordinates":[[139.72205,35.23298],[139.72319,35.23046]]}},{"type":"Feature","properties":{"idx":565,"road":NaN,"cls":"tertiary","shops":0,"st_km":1.25,"mesh":"52396577"},"geometry":{"type":"LineString","coordinates":[[139.71465,35.22661],[139.71458,35.22655]]}},{"type":"Feature","properties":{"idx":843,"road":"開国橋","cls":"tertiary","shops":1,"st_km":1.26,"mesh":"52396577"},"geometry":{"type":"LineString","coordinates":[[139.71498,35.22689],[139.71465,35.22661]]}},{"type":"Feature","properties":{"idx":24,"road":NaN,"cls":"tertiary","shops":0,"st_km":1.61,"mesh":"52396531"},"geometry":{"type":"LineString","coordinates":[[139.64236,35.19967],[139.64234,35.1996]]}},{"type":"Feature","properties":{"idx":164,"road":NaN,"cls":"tertiary","shops":0,"st_km":0.96,"mesh":"52396520"},"geometry":{"type":"LineString","coordinates":[[139.62861,35.1857],[139.62898,35.18589],[139.63002,35.18679]]}},{"type":"Feature","properties":{"idx":24,"road":NaN,"cls":"tertiary","shops":0,"st_km":1.6,"mesh":"52396531"},"geometry":{"type":"LineString","coordinates":[[139.64234,35.1996],[139.64228,35.19943]]}},{"type":"Feature","properties":{"idx":336,"road":"久里浜港久里浜停車場線","cls":"secondary","shops":1,"st_km":0.79,"mesh":"52396576"},"geometry":{"type":"LineString","coordinates":[[139.71458,35.22655],[139.71223,35.22744],[139.71137,35.22793],[139.71106,35.22819],[139.71062,35.22872],[139.70966,35.23018],[139.70921,35.2305],[139.70889,35.23062],[139.70851,35.23069],[139.70673,35.23083],[139.70609,35.23095]]}},{"type":"Feature","properties":{"idx":243,"road":NaN,"cls":"tertiary","shops":0,"st_km":0.7,"mesh":"52396595"},"geometry":{"type":"LineString","coordinates":[[139.68926,35.24327],[139.68923,35.24324]]}},{"type":"Feature","properties":{"idx":281,"road":"衣笠通り","cls":"tertiary","shops":1,"st_km":0.27,"mesh":"52396594"},"geometry":{"type":"LineString","coordinates":[[139.68521,35.24675],[139.68558,35.24681]]}},{"type":"Feature","properties":{"idx":740,"road":"三崎街道","cls":"primary_link","shops":3,"st_km":3.7,"mesh":"52396560"},"geometry":{"type":"LineString","coordinates":[[139.6334,35.22007],[139.63373,35.21992],[139.63434,35.21947]]}},{"type":"Feature","properties":{"idx":1188,"road":"三崎街道","cls":"primary_link","shops":6,"st_km":3.66,"mesh":"52396560"},"geometry":{"type":"LineString","coordinates":[[139.63419,35.21947],[139.63418,35.2194],[139.63371,35.21907],[139.63353,35.21889]]}},{"type":"Feature","properties":{"idx":108,"road":NaN,"cls":"tertiary","shops":1,"st_km":1.35,"mesh":"52396564"},"geometry":{"type":"LineString","coordinates":[[139.67699,35.22258],[139.67675,35.22212],[139.67665,35.22207],[139.67617,35.22223],[139.67555,35.22234],[139.67559,35.22284]]}},{"type":"Feature","properties":{"idx":5747,"road":NaN,"cls":"tertiary","shops":0,"st_km":0.49,"mesh":"52396575"},"geometry":{"type":"LineString","coordinates":[[139.70094,35.22661],[139.70007,35.22707],[139.69966,35.22719],[139.69933,35.22737],[139.69865,35.22779],[139.69816,35.22826],[139.6979,35.22876],[139.69758,35.22983],[139.69754,35.23046],[139.69724,35.2321]]}},{"type":"Feature","properties":{"idx":98,"road":NaN,"cls":"tertiary","shops":0,"st_km":1.49,"mesh":"52396566"},"geometry":{"type":"LineString","coordinates":[[139.70963,35.22334],[139.70959,35.22328],[139.70961,35.22311],[139.7099,35.22257],[139.71015,35.22218],[139.71078,35.2215],[139.71087,35.22123],[139.71087,35.22096],[139.71055,35.21983],[139.7106,35.2195],[139.71073,35.21929],[139.7117,35.21823],[139.71199,35.21806],[139.71228,35.21802],[139.71382,35.21812]]}},{"type":"Feature","properties":{"idx":208,"road":NaN,"cls":"tertiary","shops":1,"st_km":1.65,"mesh":"52396567"},"geometry":{"type":"LineString","coordinates":[[139.71448,35.22004],[139.71355,35.21997],[139.71301,35.22002]]}},{"type":"Feature","properties":{"idx":166,"road":NaN,"cls":"tertiary","shops":0,"st_km":0.39,"mesh":"52396594"},"geometry":{"type":"LineString","coordinates":[[139.68842,35.24323],[139.68696,35.24412],[139.68155,35.24847]]}},{"type":"Feature","properties":{"idx":119,"road":NaN,"cls":"tertiary","shops":0,"st_km":0.75,"mesh":"52396594"},"geometry":{"type":"LineString","coordinates":[[139.68501,35.24323],[139.68401,35.24257],[139.68384,35.24241],[139.68374,35.2423],[139.68348,35.2417]]}},{"type":"Feature","properties":{"idx":180,"road":NaN,"cls":"tertiary","shops":0,"st_km":0.31,"mesh":"52396594"},"geometry":{"type":"LineString","coordinates":[[139.68669,35.24604],[139.68637,35.24635],[139.68612,35.24635]]}},{"type":"Feature","properties":{"idx":192,"road":"衣笠通り","cls":"tertiary","shops":0,"st_km":0.25,"mesh":"52396594"},"geometry":{"type":"LineString","coordinates":[[139.68563,35.24681],[139.686,35.2469],[139.68611,35.24702],[139.68612,35.24713]]}},{"type":"Feature","properties":{"idx":197,"road":NaN,"cls":"tertiary","shops":0,"st_km":0.52,"mesh":"52396597"},"geometry":{"type":"LineString","coordinates":[[139.72219,35.24916],[139.72102,35.25005],[139.72046,35.25011],[139.72007,35.24976],[139.72006,35.24971],[139.72154,35.24858]]}},{"type":"Feature","properties":{"idx":167,"road":NaN,"cls":"tertiary","shops":0,"st_km":0.7,"mesh":"52396597"},"geometry":{"type":"LineString","coordinates":[[139.72154,35.24858],[139.72219,35.24916]]}},{"type":"Feature","properties":{"idx":224,"road":NaN,"cls":"tertiary","shops":0,"st_km":1.08,"mesh":"52396598"},"geometry":{"type":"LineString","coordinates":[[139.72753,35.24817],[139.72727,35.24844],[139.72673,35.2485],[139.72669,35.24855],[139.72671,35.24885],[139.72648,35.249],[139.72641,35.24911],[139.72647,35.24929],[139.72689,35.2495],[139.72695,35.24956],[139.72712,35.25041]]}},{"type":"Feature","properties":{"idx":202,"road":NaN,"cls":"tertiary","shops":0,"st_km":1.5,"mesh":"52396584"},"geometry":{"type":"LineString","coordinates":[[139.677,35.23976],[139.67703,35.23942],[139.67614,35.23923],[139.67476,35.23916],[139.67466,35.2391],[139.67452,35.23827],[139.67467,35.23766]]}},{"type":"Feature","properties":{"idx":224,"road":NaN,"cls":"tertiary","shops":0,"st_km":1.34,"mesh":"52396584"},"geometry":{"type":"LineString","coordinates":[[139.67699,35.23988],[139.677,35.23976]]}},{"type":"Feature","properties":{"idx":156,"road":"三崎街道","cls":"primary","shops":0,"st_km":2.41,"mesh":"52396582"},"geometry":{"type":"LineString","coordinates":[[139.65822,35.23498],[139.65839,35.23567],[139.65853,35.23599]]}},{"type":"Feature","properties":{"idx":860,"road":"三崎街道","cls":"primary","shops":2,"st_km":3.48,"mesh":"52396560"},"geometry":{"type":"LineString","coordinates":[[139.64036,35.22044],[139.6362,35.21942],[139.63551,35.21939],[139.63358,35.21951]]}},{"type":"Feature","properties":{"idx":3328,"road":NaN,"cls":"pedestrian","shops":10,"st_km":0.07,"mesh":"52396576"},"geometry":{"type":"LineString","coordinates":[[139.7028,35.23097],[139.70265,35.23101]]}},{"type":"Feature","properties":{"idx":27,"road":NaN,"cls":"tertiary","shops":0,"st_km":1.74,"mesh":"52396592"},"geometry":{"type":"LineString","coordinates":[[139.65773,35.24189],[139.65762,35.24153]]}},{"type":"Feature","properties":{"idx":124,"road":NaN,"cls":"tertiary","shops":0,"st_km":2.43,"mesh":"52396582"},"geometry":{"type":"LineString","coordinates":[[139.65762,35.24153],[139.6572,35.2407],[139.65543,35.2381],[139.65271,35.23447],[139.65204,35.23381],[139.6519,35.23357],[139.65175,35.23288],[139.65165,35.23264],[139.65134,35.2323],[139.65101,35.2321],[139.64982,35.23162],[139.64947,35.23139],[139.64936,35.23121]]}},{"type":"Feature","properties":{"idx":188,"road":NaN,"cls":"primary_link","shops":0,"st_km":2.96,"mesh":"52396550"},"geometry":{"type":"LineString","coordinates":[[139.63496,35.21126],[139.63593,35.21192],[139.6361,35.21211],[139.63637,35.2126],[139.63654,35.21277],[139.63671,35.21284],[139.63694,35.21287],[139.63711,35.21284],[139.63736,35.21272],[139.63748,35.21255],[139.63753,35.21224],[139.63714,35.2095]]}},{"type":"Feature","properties":{"idx":176,"road":"三崎街道","cls":"primary","shops":0,"st_km":2.06,"mesh":"52396582"},"geometry":{"type":"LineString","coordinates":[[139.66185,35.24127],[139.66031,35.23846],[139.6599,35.23788],[139.65913,35.23702],[139.65877,35.23647],[139.65853,35.23599]]}},{"type":"Feature","properties":{"idx":156,"road":"三崎街道","cls":"primary","shops":0,"st_km":2.41,"mesh":"52396582"},"geometry":{"type":"LineString","coordinates":[[139.65853,35.23599],[139.65837,35.23498]]}},{"type":"Feature","properties":{"idx":700,"road":"三崎街道","cls":"primary","shops":1,"st_km":2.74,"mesh":"52396572"},"geometry":{"type":"LineString","coordinates":[[139.65679,35.23123],[139.65717,35.2321],[139.65801,35.23355],[139.65813,35.23401]]}},{"type":"Feature","properties":{"idx":699,"road":"三崎街道","cls":"primary","shops":1,"st_km":2.74,"mesh":"52396572"},"geometry":{"type":"LineString","coordinates":[[139.65829,35.234],[139.65813,35.23356],[139.65679,35.23123]]}},{"type":"Feature","properties":{"idx":186,"road":"横須賀葉山線","cls":"primary","shops":0,"st_km":0.46,"mesh":"52396554"},"geometry":{"type":"LineString","coordinates":[[139.68158,35.21527],[139.68203,35.21603]]}},{"type":"Feature","properties":{"idx":181,"road":"横須賀葉山線","cls":"primary","shops":0,"st_km":0.49,"mesh":"52396554"},"geometry":{"type":"LineString","coordinates":[[139.68203,35.21603],[139.68214,35.21632]]}},{"type":"Feature","properties":{"idx":104,"road":NaN,"cls":"primary_link","shops":0,"st_km":1.34,"mesh":"52396593"},"geometry":{"type":"LineString","coordinates":[[139.66402,35.2453],[139.66413,35.24528]]}},{"type":"Feature","properties":{"idx":132,"road":"三崎街道","cls":"primary","shops":0,"st_km":1.53,"mesh":"52396593"},"geometry":{"type":"LineString","coordinates":[[139.66396,35.24385],[139.66389,35.24355],[139.66369,35.24325]]}},{"type":"Feature","properties":{"idx":132,"road":"三崎街道","cls":"primary","shops":0,"st_km":1.52,"mesh":"52396593"},"geometry":{"type":"LineString","coordinates":[[139.66369,35.24325],[139.66375,35.24339],[139.66382,35.24388]]}},{"type":"Feature","properties":{"idx":149,"road":"三崎街道","cls":"primary","shops":0,"st_km":1.33,"mesh":"52396593"},"geometry":{"type":"LineString","coordinates":[[139.66439,35.24572],[139.66413,35.24528],[139.66409,35.24507]]}},{"type":"Feature","properties":{"idx":190,"road":"衣笠通り","cls":"tertiary","shops":0,"st_km":0.26,"mesh":"52396594"},"geometry":{"type":"LineString","coordinates":[[139.68639,35.2466],[139.68626,35.2467],[139.686,35.24677],[139.68561,35.24676]]}},{"type":"Feature","properties":{"idx":192,"road":"衣笠通り","cls":"tertiary","shops":0,"st_km":0.25,"mesh":"52396594"},"geometry":{"type":"LineString","coordinates":[[139.68558,35.24681],[139.68626,35.24682],[139.68644,35.24671],[139.68658,35.24655]]}},{"type":"Feature","properties":{"idx":130,"road":NaN,"cls":"tertiary","shops":0,"st_km":1.09,"mesh":"52396566"},"geometry":{"type":"LineString","coordinates":[[139.70469,35.22039],[139.70551,35.22074],[139.70568,35.22084],[139.70588,35.22107],[139.70673,35.22277],[139.7078,35.22467]]}},{"type":"Feature","properties":{"idx":437,"road":"浦賀港久里浜停車場線","cls":"secondary","shops":0,"st_km":1.06,"mesh":"52396586"},"geometry":{"type":"LineString","coordinates":[[139.71899,35.24148],[139.71896,35.24132],[139.71884,35.24116],[139.71827,35.24069],[139.71797,35.24052],[139.71556,35.24011],[139.71523,35.24],[139.71506,35.23984],[139.71462,35.23903],[139.71405,35.23844],[139.71356,35.23767],[139.71242,35.23703],[139.71208,35.23698],[139.71128,35.23709],[139.71095,35.2371],[139.70928,35.2364],[139.70836,35.23624],[139.70815,35.23604],[139.70767,35.23527],[139.70698,35.23462],[139.70679,35.23438],[139.70621,35.2326],[139.70599,35.23221],[139.70555,35.23167]]}},{"type":"Feature","properties":{"idx":360,"road":"夫婦橋","cls":"secondary","shops":0,"st_km":0.29,"mesh":"52396576"},"geometry":{"type":"LineString","coordinates":[[139.70555,35.23167],[139.70533,35.2314]]}},{"type":"Feature","properties":{"idx":460,"road":"久里浜港久里浜停車場線","cls":"secondary","shops":2,"st_km":0.76,"mesh":"52396576"},"geometry":{"type":"LineString","coordinates":[[139.70529,35.23134],[139.70587,35.23108],[139.70634,35.23093],[139.70859,35.23075],[139.70897,35.23067],[139.70929,35.23053],[139.70973,35.23021],[139.71092,35.22845],[139.71145,35.22794],[139.71215,35.22753],[139.71458,35.22655]]}},{"type":"Feature","properties":{"idx":183,"road":"横須賀葉山線","cls":"primary","shops":0,"st_km":0.48,"mesh":"52396554"},"geometry":{"type":"LineString","coordinates":[[139.68218,35.2162],[139.68208,35.21593]]}},{"type":"Feature","properties":{"idx":187,"road":"横須賀葉山線","cls":"primary","shops":0,"st_km":0.46,"mesh":"52396554"},"geometry":{"type":"LineString","coordinates":[[139.68208,35.21593],[139.68192,35.21566],[139.68158,35.21527]]}},{"type":"Feature","properties":{"idx":546,"road":"浦賀港久里浜停車場線","cls":"secondary","shops":1,"st_km":0.28,"mesh":"52396576"},"geometry":{"type":"LineString","coordinates":[[139.70533,35.2314],[139.70529,35.23134]]}},{"type":"Feature","properties":{"idx":160,"road":NaN,"cls":"tertiary","shops":0,"st_km":0.99,"mesh":"52396520"},"geometry":{"type":"LineString","coordinates":[[139.62624,35.18488],[139.62783,35.18601],[139.62834,35.18618]]}},{"type":"Feature","properties":{"idx":603,"road":NaN,"cls":"pedestrian","shops":0,"st_km":0.33,"mesh":"52396533"},"geometry":{"type":"LineString","coordinates":[[139.66482,35.19485],[139.6645,35.19511],[139.66408,35.19554]]}},{"type":"Feature","properties":{"idx":931,"road":"武上宮田線","cls":"secondary","shops":1,"st_km":0.24,"mesh":"52396522"},"geometry":{"type":"LineString","coordinates":[[139.65244,35.18784],[139.65254,35.18773],[139.65297,35.18662],[139.65316,35.1863],[139.65356,35.18588],[139.6542,35.18543],[139.65518,35.18503]]}},{"type":"Feature","properties":{"idx":1018,"road":NaN,"cls":"tertiary","shops":4,"st_km":0.24,"mesh":"52396576"},"geometry":{"type":"LineString","coordinates":[[139.70232,35.2297],[139.70303,35.22907]]}},{"type":"Feature","properties":{"idx":1253,"road":NaN,"cls":"tertiary","shops":5,"st_km":0.18,"mesh":"52396576"},"geometry":{"type":"LineString","coordinates":[[139.70175,35.22985],[139.70213,35.2298],[139.70232,35.2297]]}},{"type":"Feature","properties":{"idx":241,"road":NaN,"cls":"tertiary","shops":0,"st_km":0.71,"mesh":"52396595"},"geometry":{"type":"LineString","coordinates":[[139.689,35.2429],[139.68853,35.24316]]}},{"type":"Feature","properties":{"idx":134,"road":NaN,"cls":"tertiary","shops":0,"st_km":0.79,"mesh":"52396521"},"geometry":{"type":"LineString","coordinates":[[139.64599,35.18456],[139.64615,35.18425]]}},{"type":"Feature","properties":{"idx":686,"road":NaN,"cls":"tertiary","shops":0,"st_km":0.36,"mesh":"52396586"},"geometry":{"type":"LineString","coordinates":[[139.70167,35.2364],[139.70158,35.23639]]}},{"type":"Feature","properties":{"idx":715,"road":NaN,"cls":"tertiary","shops":0,"st_km":0.32,"mesh":"52396586"},"geometry":{"type":"LineString","coordinates":[[139.70158,35.23639],[139.70132,35.23628],[139.70055,35.2357]]}},{"type":"Feature","properties":{"idx":515,"road":NaN,"cls":"tertiary","shops":0,"st_km":0.31,"mesh":"52396522"},"geometry":{"type":"LineString","coordinates":[[139.65284,35.18976],[139.65351,35.19057],[139.65362,35.19081],[139.65361,35.19107],[139.65339,35.19177],[139.65338,35.19253]]}},{"type":"Feature","properties":{"idx":31,"road":NaN,"cls":"tertiary","shops":0,"st_km":3.11,"mesh":"52396581"},"geometry":{"type":"LineString","coordinates":[[139.64431,35.23333],[139.64325,35.23411],[139.64288,35.2343],[139.64093,35.23467],[139.63944,35.23515],[139.63912,35.23518],[139.63681,35.23492],[139.63662,35.23493],[139.63583,35.23516],[139.63563,35.23517],[139.63523,35.23509]]}},{"type":"Feature","properties":{"idx":153,"road":NaN,"cls":"tertiary","shops":0,"st_km":3.04,"mesh":"52396571"},"geometry":{"type":"LineString","coordinates":[[139.64435,35.2333],[139.64431,35.23333]]}},{"type":"Feature","properties":{"idx":20,"road":"久里浜港線","cls":"secondary","shops":0,"st_km":0.52,"mesh":"52396545"},"geometry":{"type":"LineString","coordinates":[[139.6848,35.20865],[139.68616,35.20811],[139.68649,35.20805],[139.68684,35.20805],[139.68713,35.2081],[139.69027,35.20916]]}},{"type":"Feature","properties":{"idx":239,"road":"久里浜港線","cls":"secondary","shops":0,"st_km":0.87,"mesh":"52396555"},"geometry":{"type":"LineString","coordinates":[[139.69422,35.20992],[139.69431,35.20994]]}},{"type":"Feature","properties":{"idx":205,"road":"久里浜港線","cls":"secondary","shops":0,"st_km":1.06,"mesh":"52396555"},"geometry":{"type":"LineString","coordinates":[[139.69653,35.21026],[139.69665,35.21028]]}},{"type":"Feature","properties":{"idx":221,"road":"久里浜港線","cls":"secondary","shops":0,"st_km":0.96,"mesh":"52396555"},"geometry":{"type":"LineString","coordinates":[[139.69431,35.20994],[139.69653,35.21026]]}},{"type":"Feature","properties":{"idx":223,"road":NaN,"cls":"tertiary","shops":0,"st_km":0.81,"mesh":"52396555"},"geometry":{"type":"LineString","coordinates":[[139.69311,35.21606],[139.69304,35.21608]]}},{"type":"Feature","properties":{"idx":224,"road":NaN,"cls":"tertiary","shops":0,"st_km":0.81,"mesh":"52396555"},"geometry":{"type":"LineString","coordinates":[[139.69304,35.21608],[139.69295,35.21609]]}},{"type":"Feature","properties":{"idx":457,"road":"久里浜港線","cls":"secondary","shops":1,"st_km":0.59,"mesh":"52396555"},"geometry":{"type":"LineString","coordinates":[[139.69027,35.20916],[139.69033,35.20917]]}},{"type":"Feature","properties":{"idx":272,"road":"久里浜港線","cls":"secondary","shops":0,"st_km":0.72,"mesh":"52396555"},"geometry":{"type":"LineString","coordinates":[[139.69033,35.20917],[139.69422,35.20992]]}},{"type":"Feature","properties":{"idx":84,"road":NaN,"cls":"tertiary","shops":0,"st_km":1.13,"mesh":"52396564"},"geometry":{"type":"LineString","coordinates":[[139.68096,35.22217],[139.68381,35.22275]]}},{"type":"Feature","properties":{"idx":126,"road":NaN,"cls":"tertiary","shops":1,"st_km":1.13,"mesh":"52396564"},"geometry":{"type":"LineString","coordinates":[[139.68407,35.22275],[139.68428,35.22275]]}},{"type":"Feature","properties":{"idx":350,"road":"観音崎環状線","cls":"secondary","shops":1,"st_km":1.18,"mesh":"52396598"},"geometry":{"type":"LineString","coordinates":[[139.72079,35.24513],[139.72127,35.24488],[139.72151,35.24482],[139.72266,35.24486],[139.7236,35.24452],[139.72408,35.24458],[139.72481,35.24517],[139.72535,35.24655],[139.72584,35.24714],[139.72642,35.24755],[139.72748,35.24813],[139.72818,35.24862],[139.72917,35.24913],[139.72993,35.24964],[139.73033,35.24995],[139.73055,35.25005],[139.73258,35.25017],[139.73271,35.25009],[139.7341,35.24869]]}},{"type":"Feature","properties":{"idx":328,"road":"観音崎環状線","cls":"secondary","shops":1,"st_km":0.54,"mesh":"52396597"},"geometry":{"type":"LineString","coordinates":[[139.71528,35.25021],[139.7161,35.24948],[139.71625,35.24924],[139.71648,35.24871],[139.71684,35.24822],[139.71799,35.24773],[139.71815,35.24763],[139.71893,35.24688],[139.71902,35.24673],[139.7191,35.24634],[139.71924,35.24614],[139.71976,35.24582],[139.72021,35.24543],[139.72079,35.24513]]}},{"type":"Feature","properties":{"idx":158,"road":NaN,"cls":"tertiary","shops":0,"st_km":1.6,"mesh":"52396598"},"geometry":{"type":"LineString","coordinates":[[139.72818,35.24211],[139.7279,35.24212]]}},{"type":"Feature","properties":{"idx":151,"road":NaN,"cls":"tertiary","shops":0,"st_km":1.68,"mesh":"52396598"},"geometry":{"type":"LineString","coordinates":[[139.73068,35.24258],[139.7287,35.24217],[139.72818,35.24211]]}},{"type":"Feature","properties":{"idx":362,"road":NaN,"cls":"tertiary","shops":3,"st_km":1.77,"mesh":"52396598"},"geometry":{"type":"LineString","coordinates":[[139.7341,35.24869],[139.73411,35.24853]]}},{"type":"Feature","properties":{"idx":99,"road":NaN,"cls":"tertiary","shops":0,"st_km":0.93,"mesh":"52396564"},"geometry":{"type":"LineString","coordinates":[[139.68378,35.22036],[139.68772,35.2207],[139.68804,35.2208],[139.6883,35.22106],[139.68905,35.22341]]}},{"type":"Feature","properties":{"idx":530,"road":NaN,"cls":"tertiary","shops":0,"st_km":1.3,"mesh":"52396565"},"geometry":{"type":"LineString","coordinates":[[139.69459,35.22027],[139.69445,35.22066],[139.69452,35.221],[139.69449,35.22135],[139.6943,35.22202],[139.69407,35.22228],[139.69277,35.22269],[139.69232,35.22295],[139.69213,35.22298],[139.69183,35.22296],[139.68953,35.22368],[139.68925,35.22365]]}},{"type":"Feature","properties":{"idx":195,"road":NaN,"cls":"tertiary","shops":0,"st_km":0.81,"mesh":"52396576"},"geometry":{"type":"LineString","coordinates":[[139.71198,35.22269],[139.71089,35.22278],[139.70959,35.22328],[139.70918,35.22346],[139.70879,35.22373],[139.70513,35.22679],[139.7036,35.22843],[139.70297,35.22901]]}},{"type":"Feature","properties":{"idx":1182,"road":NaN,"cls":"tertiary","shops":5,"st_km":0.24,"mesh":"52396576"},"geometry":{"type":"LineString","coordinates":[[139.70297,35.22901],[139.70227,35.22965]]}},{"type":"Feature","properties":{"idx":454,"road":NaN,"cls":"tertiary","shops":0,"st_km":2.24,"mesh":"52396573"},"geometry":{"type":"LineString","coordinates":[[139.66881,35.22464],[139.66892,35.22566],[139.66926,35.22711],[139.66923,35.22718],[139.66729,35.2275],[139.66721,35.22757],[139.66665,35.22915],[139.66663,35.22971]]}},{"type":"Feature","properties":{"idx":1110,"road":NaN,"cls":"tertiary","shops":0,"st_km":2.26,"mesh":"52396563"},"geometry":{"type":"LineString","coordinates":[[139.66354,35.22355],[139.66397,35.22392],[139.66479,35.2244],[139.66533,35.22459],[139.66584,35.22466]]}},{"type":"Feature","properties":{"idx":67,"road":NaN,"cls":"tertiary","shops":0,"st_km":1.48,"mesh":"52396564"},"geometry":{"type":"LineString","coordinates":[[139.67804,35.22391],[139.67562,35.22398]]}},{"type":"Feature","properties":{"idx":600,"road":"横須賀葉山線","cls":"primary","shops":3,"st_km":0.21,"mesh":"52396554"},"geometry":{"type":"LineString","coordinates":[[139.68528,35.21021],[139.68516,35.21029],[139.68497,35.21064],[139.68476,35.21131]]}},{"type":"Feature","properties":{"idx":167,"road":"横須賀葉山線","cls":"primary","shops":0,"st_km":0.58,"mesh":"52396564"},"geometry":{"type":"LineString","coordinates":[[139.68214,35.21632],[139.68286,35.21823]]}},{"type":"Feature","properties":{"idx":169,"road":"横須賀葉山線","cls":"primary","shops":0,"st_km":0.57,"mesh":"52396564"},"geometry":{"type":"LineString","coordinates":[[139.68296,35.21822],[139.68218,35.2162]]}},{"type":"Feature","properties":{"idx":141,"road":"横須賀葉山線","cls":"primary","shops":0,"st_km":0.77,"mesh":"52396564"},"geometry":{"type":"LineString","coordinates":[[139.68378,35.22036],[139.68296,35.21822]]}},{"type":"Feature","properties":{"idx":116,"road":"横須賀葉山線","cls":"primary","shops":0,"st_km":1.0,"mesh":"52396564"},"geometry":{"type":"LineString","coordinates":[[139.6837,35.22038],[139.68422,35.2218],[139.68427,35.2221],[139.68428,35.22275]]}},{"type":"Feature","properties":{"idx":141,"road":"横須賀葉山線","cls":"primary","shops":0,"st_km":0.77,"mesh":"52396564"},"geometry":{"type":"LineString","coordinates":[[139.68286,35.21823],[139.6837,35.22038]]}},{"type":"Feature","properties":{"idx":117,"road":"横須賀葉山線","cls":"primary","shops":0,"st_km":1.0,"mesh":"52396564"},"geometry":{"type":"LineString","coordinates":[[139.68439,35.22275],[139.68437,35.22211],[139.68431,35.22179],[139.68378,35.22036]]}},{"type":"Feature","properties":{"idx":351,"road":NaN,"cls":"tertiary","shops":1,"st_km":0.97,"mesh":"52396512"},"geometry":{"type":"LineString","coordinates":[[139.65395,35.17954],[139.6542,35.17954]]}},{"type":"Feature","properties":{"idx":490,"road":NaN,"cls":"tertiary","shops":0,"st_km":0.36,"mesh":"52396522"},"geometry":{"type":"LineString","coordinates":[[139.65011,35.18579],[139.65029,35.18588],[139.6504,35.186],[139.65063,35.1865]]}},{"type":"Feature","properties":{"idx":296,"road":"横須賀葉山線","cls":"primary","shops":0,"st_km":0.56,"mesh":"52396544"},"geometry":{"type":"LineString","coordinates":[[139.68016,35.20501],[139.6804,35.20478]]}},{"type":"Feature","properties":{"idx":291,"road":"横須賀葉山線","cls":"primary","shops":0,"st_km":0.58,"mesh":"52396544"},"geometry":{"type":"LineString","coordinates":[[139.6804,35.20478],[139.68049,35.20463]]}},{"type":"Feature","properties":{"idx":317,"road":"横須賀葉山線","cls":"primary","shops":0,"st_km":0.49,"mesh":"52396544"},"geometry":{"type":"LineString","coordinates":[[139.67886,35.20624],[139.68016,35.20501]]}},{"type":"Feature","properties":{"idx":293,"road":"横須賀葉山線","cls":"primary","shops":0,"st_km":0.58,"mesh":"52396544"},"geometry":{"type":"LineString","coordinates":[[139.68049,35.20463],[139.68034,35.20474]]}},{"type":"Feature","properties":{"idx":319,"road":"横須賀葉山線","cls":"primary","shops":0,"st_km":0.49,"mesh":"52396544"},"geometry":{"type":"LineString","coordinates":[[139.6801,35.20497],[139.67899,35.20606],[139.67886,35.20624]]}},{"type":"Feature","properties":{"idx":404,"road":NaN,"cls":"tertiary","shops":4,"st_km":1.7,"mesh":"52396567"},"geometry":{"type":"LineString","coordinates":[[139.71507,35.22039],[139.71528,35.22037]]}},{"type":"Feature","properties":{"idx":1395,"road":"浦賀通り","cls":"secondary","shops":11,"st_km":0.56,"mesh":"52396597"},"geometry":{"type":"LineString","coordinates":[[139.71497,35.25016],[139.715,35.24946],[139.71494,35.24835],[139.71494,35.24691],[139.71499,35.24666],[139.71511,35.24642],[139.71539,35.24609],[139.71551,35.24586],[139.71554,35.24558],[139.71547,35.24502],[139.7155,35.24484],[139.7156,35.24468],[139.71582,35.24455],[139.7168,35.2445]]}},{"type":"Feature","properties":{"idx":130,"road":NaN,"cls":"pedestrian","shops":0,"st_km":4.49,"mesh":"52396570"},"geometry":{"type":"LineString","coordinates":[[139.62741,35.22769],[139.62723,35.22746],[139.62713,35.22741]]}},{"type":"Feature","properties":{"idx":130,"road":NaN,"cls":"pedestrian","shops":0,"st_km":4.47,"mesh":"52396570"},"geometry":{"type":"LineString","coordinates":[[139.62749,35.22773],[139.62741,35.22769]]}},{"type":"Feature","properties":{"idx":130,"road":NaN,"cls":"pedestrian","shops":0,"st_km":4.48,"mesh":"52396570"},"geometry":{"type":"LineString","coordinates":[[139.6274,35.22769],[139.62762,35.22739],[139.62771,35.22743]]}},{"type":"Feature","properties":{"idx":130,"road":NaN,"cls":"pedestrian","shops":0,"st_km":4.51,"mesh":"52396570"},"geometry":{"type":"LineString","coordinates":[[139.62762,35.22739],[139.62736,35.22727],[139.62731,35.22733],[139.62732,35.22739],[139.62755,35.22749]]}},{"type":"Feature","properties":{"idx":130,"road":NaN,"cls":"pedestrian","shops":0,"st_km":4.5,"mesh":"52396570"},"geometry":{"type":"LineString","coordinates":[[139.62732,35.22739],[139.62724,35.2274],[139.62723,35.22746]]}},{"type":"Feature","properties":{"idx":298,"road":"横須賀葉山線","cls":"primary","shops":0,"st_km":0.56,"mesh":"52396544"},"geometry":{"type":"LineString","coordinates":[[139.68034,35.20474],[139.6801,35.20497]]}},{"type":"Feature","properties":{"idx":43,"road":"横須賀葉山線","cls":"primary","shops":0,"st_km":1.33,"mesh":"52396592"},"geometry":{"type":"LineString","coordinates":[[139.65777,35.24661],[139.65942,35.24502],[139.65966,35.2447],[139.66029,35.24354]]}},{"type":"Feature","properties":{"idx":37,"road":"横須賀葉山線","cls":"primary","shops":0,"st_km":1.6,"mesh":"52396592"},"geometry":{"type":"LineString","coordinates":[[139.66088,35.24286],[139.66114,35.2426]]}},{"type":"Feature","properties":{"idx":37,"road":"横須賀葉山線","cls":"primary","shops":0,"st_km":1.6,"mesh":"52396592"},"geometry":{"type":"LineString","coordinates":[[139.66114,35.2426],[139.6608,35.24279]]}},{"type":"Feature","properties":{"idx":126,"road":NaN,"cls":"tertiary","shops":1,"st_km":1.14,"mesh":"52396564"},"geometry":{"type":"LineString","coordinates":[[139.68389,35.22275],[139.68407,35.22275]]}},{"type":"Feature","properties":{"idx":84,"road":NaN,"cls":"tertiary","shops":0,"st_km":1.14,"mesh":"52396564"},"geometry":{"type":"LineString","coordinates":[[139.68381,35.22275],[139.68389,35.22275]]}},{"type":"Feature","properties":{"idx":203,"road":"久里浜港久里浜停車場線","cls":"secondary","shops":0,"st_km":1.24,"mesh":"52396567"},"geometry":{"type":"LineString","coordinates":[[139.71198,35.22269],[139.71209,35.22313],[139.71278,35.22431],[139.71325,35.22495],[139.71458,35.22655]]}},{"type":"Feature","properties":{"idx":120,"road":NaN,"cls":"tertiary","shops":0,"st_km":0.74,"mesh":"52396594"},"geometry":{"type":"LineString","coordinates":[[139.68309,35.24456],[139.68135,35.24348],[139.681,35.24309],[139.68084,35.24279],[139.68073,35.24246]]}},{"type":"Feature","properties":{"idx":120,"road":NaN,"cls":"tertiary","shops":0,"st_km":0.74,"mesh":"52396594"},"geometry":{"type":"LineString","coordinates":[[139.68062,35.24248],[139.68073,35.24283],[139.68091,35.24312],[139.68127,35.24353],[139.68309,35.24467]]}},{"type":"Feature","properties":{"idx":252,"road":"横須賀葉山線","cls":"primary","shops":0,"st_km":1.5,"mesh":"52396584"},"geometry":{"type":"LineString","coordinates":[[139.6787,35.23202],[139.6784,35.23225],[139.67818,35.23255],[139.67805,35.23287],[139.67804,35.23328],[139.6782,35.23378],[139.67987,35.23709],[139.68019,35.23883],[139.68083,35.24071],[139.6808,35.24134],[139.68066,35.24172]]}},{"type":"Feature","properties":{"idx":241,"road":"武上宮田線","cls":"secondary","shops":1,"st_km":2.3,"mesh":"52396551"},"geometry":{"type":"LineString","coordinates":[[139.64393,35.21709],[139.64771,35.21545],[139.64798,35.2151],[139.648,35.21485],[139.64783,35.21403],[139.64722,35.2129],[139.64589,35.21194],[139.64534,35.21146],[139.6444,35.21061],[139.64424,35.21042],[139.64404,35.21003],[139.64395,35.2096],[139.64397,35.20933],[139.64428,35.20853],[139.64456,35.20817],[139.645,35.20773],[139.64517,35.2076],[139.64545,35.20747]]}},{"type":"Feature","properties":{"idx":124,"road":"武上宮田線","cls":"secondary","shops":0,"st_km":1.55,"mesh":"52396541"},"geometry":{"type":"LineString","coordinates":[[139.64545,35.20747],[139.64578,35.20745],[139.64662,35.20758],[139.64688,35.20755],[139.64713,35.20746],[139.64739,35.20725],[139.64749,35.20708],[139.64768,35.20647],[139.64838,35.20587],[139.64853,35.20569],[139.6487,35.20477],[139.6485,35.20398],[139.64856,35.20366],[139.64867,35.2035],[139.64918,35.20308],[139.64932,35.20292],[139.64956,35.20233],[139.64999,35.20164],[139.65012,35.20114],[139.65021,35.20094],[139.65065,35.20046],[139.65116,35.19962],[139.6513,35.19874],[139.65129,35.19854],[139.65089,35.19753]]}},{"type":"Feature","properties":{"idx":591,"road":"横須賀葉山線","cls":"primary","shops":0,"st_km":1.49,"mesh":"52396574"},"geometry":{"type":"LineString","coordinates":[[139.6821,35.22867],[139.68356,35.22706],[139.68396,35.22648],[139.68424,35.22588],[139.68433,35.2256],[139.68444,35.22482],[139.68439,35.22275]]}},{"type":"Feature","properties":{"idx":733,"road":NaN,"cls":"tertiary","shops":2,"st_km":2.01,"mesh":"52396574"},"geometry":{"type":"LineString","coordinates":[[139.6787,35.23202],[139.67879,35.23208]]}},{"type":"Feature","properties":{"idx":234,"road":"三崎街道","cls":"primary","shops":1,"st_km":1.27,"mesh":"52396593"},"geometry":{"type":"LineString","coordinates":[[139.66504,35.24655],[139.66498,35.24641],[139.66439,35.24572]]}},{"type":"Feature","properties":{"idx":47,"road":"横須賀葉山線","cls":"primary","shops":0,"st_km":1.21,"mesh":"52396592"},"geometry":{"type":"LineString","coordinates":[[139.65773,35.24654],[139.65768,35.24658]]}},{"type":"Feature","properties":{"idx":47,"road":"横須賀葉山線","cls":"primary","shops":0,"st_km":1.2,"mesh":"52396592"},"geometry":{"type":"LineString","coordinates":[[139.65768,35.24658],[139.65754,35.24668]]}},{"type":"Feature","properties":{"idx":47,"road":"横須賀葉山線","cls":"primary","shops":0,"st_km":1.21,"mesh":"52396592"},"geometry":{"type":"LineString","coordinates":[[139.65788,35.24643],[139.65773,35.24654]]}},{"type":"Feature","properties":{"idx":49,"road":"横須賀葉山線","cls":"primary","shops":0,"st_km":1.16,"mesh":"52396592"},"geometry":{"type":"LineString","coordinates":[[139.65754,35.24668],[139.65692,35.247],[139.65413,35.24816],[139.65363,35.24841],[139.65343,35.24855],[139.65318,35.24885],[139.65263,35.25006],[139.65236,35.2504],[139.65197,35.25069],[139.65033,35.25131],[139.64983,35.25161]]}},{"type":"Feature","properties":{"idx":106,"road":"三浦縦貫道路","cls":"primary","shops":0,"st_km":2.16,"mesh":"52396541"},"geometry":{"type":"LineString","coordinates":[[139.63704,35.20721],[139.637,35.20624],[139.63705,35.20525],[139.6373,35.2041],[139.63759,35.20338],[139.63817,35.2024],[139.63873,35.2017],[139.63988,35.20059],[139.64042,35.19989],[139.64097,35.19945]]}},{"type":"Feature","properties":{"idx":126,"road":"三浦縦貫道路","cls":"primary","shops":0,"st_km":2.59,"mesh":"52396540"},"geometry":{"type":"LineString","coordinates":[[139.63705,35.20755],[139.63704,35.20721]]}},{"type":"Feature","properties":{"idx":282,"road":"三浦縦貫道路","cls":"primary","shops":0,"st_km":2.7,"mesh":"52396550"},"geometry":{"type":"LineString","coordinates":[[139.63715,35.20974],[139.63705,35.20755]]}},{"type":"Feature","properties":{"idx":29,"road":"三浦縦貫道路","cls":"primary","shops":0,"st_km":1.67,"mesh":"52396531"},"geometry":{"type":"LineString","coordinates":[[139.64097,35.19945],[139.64115,35.19933]]}},{"type":"Feature","properties":{"idx":30,"road":"三浦縦貫道路","cls":"primary","shops":0,"st_km":1.61,"mesh":"52396531"},"geometry":{"type":"LineString","coordinates":[[139.64115,35.19933],[139.64149,35.19914],[139.6421,35.19897]]}},{"type":"Feature","properties":{"idx":265,"road":"三浦縦貫道路","cls":"primary","shops":0,"st_km":3.05,"mesh":"52396550"},"geometry":{"type":"LineString","coordinates":[[139.63504,35.21116],[139.63446,35.21087],[139.63394,35.2107],[139.63332,35.21067],[139.63265,35.21074]]}},{"type":"Feature","properties":{"idx":189,"road":NaN,"cls":"primary_link","shops":0,"st_km":2.93,"mesh":"52396550"},"geometry":{"type":"LineString","coordinates":[[139.63714,35.20939],[139.63704,35.21131],[139.63696,35.21161],[139.63684,35.21174],[139.6365,35.21185],[139.63621,35.2118],[139.63504,35.21116]]}},{"type":"Feature","properties":{"idx":558,"road":"武上宮田線","cls":"secondary","shops":0,"st_km":2.85,"mesh":"52396561"},"geometry":{"type":"LineString","coordinates":[[139.64371,35.21721],[139.64393,35.21709]]}},{"type":"Feature","properties":{"idx":548,"road":"武上宮田線","cls":"secondary","shops":0,"st_km":2.96,"mesh":"52396561"},"geometry":{"type":"LineString","coordinates":[[139.64189,35.21834],[139.64371,35.21721]]}},{"type":"Feature","properties":{"idx":1349,"road":"武上宮田線","cls":"secondary","shops":3,"st_km":3.07,"mesh":"52396561"},"geometry":{"type":"LineString","coordinates":[[139.64185,35.21837],[139.64189,35.21834]]}},{"type":"Feature","properties":{"idx":526,"road":"武上宮田線","cls":"secondary","shops":0,"st_km":3.28,"mesh":"52396561"},"geometry":{"type":"LineString","coordinates":[[139.64036,35.22044],[139.64068,35.21948]]}},{"type":"Feature","properties":{"idx":456,"road":NaN,"cls":"tertiary","shops":0,"st_km":2.22,"mesh":"52396573"},"geometry":{"type":"LineString","coordinates":[[139.67486,35.23006],[139.67484,35.23135]]}},{"type":"Feature","properties":{"idx":14,"road":NaN,"cls":"tertiary","shops":0,"st_km":1.96,"mesh":"52396591"},"geometry":{"type":"LineString","coordinates":[[139.64329,35.24679],[139.64428,35.24598],[139.64435,35.24584],[139.64433,35.24514]]}},{"type":"Feature","properties":{"idx":293,"road":"浦賀通り","cls":"secondary","shops":2,"st_km":1.0,"mesh":"52396597"},"geometry":{"type":"LineString","coordinates":[[139.7168,35.2445],[139.7173,35.24442],[139.71767,35.2442],[139.71874,35.24229],[139.71899,35.24148]]}},{"type":"Feature","properties":{"idx":942,"road":NaN,"cls":"pedestrian","shops":1,"st_km":0.29,"mesh":"52396533"},"geometry":{"type":"LineString","coordinates":[[139.66417,35.19544],[139.66465,35.19564]]}},{"type":"Feature","properties":{"idx":302,"road":NaN,"cls":"tertiary","shops":0,"st_km":1.7,"mesh":"52396583"},"geometry":{"type":"LineString","coordinates":[[139.67137,35.23975],[139.67131,35.24022]]}},{"type":"Feature","properties":{"idx":163,"road":NaN,"cls":"tertiary","shops":1,"st_km":1.48,"mesh":"52396593"},"geometry":{"type":"LineString","coordinates":[[139.66999,35.24586],[139.66995,35.24616]]}},{"type":"Feature","properties":{"idx":517,"road":NaN,"cls":"tertiary","shops":0,"st_km":1.31,"mesh":"52396501"},"geometry":{"type":"LineString","coordinates":[[139.63988,35.16772],[139.64042,35.16788],[139.64078,35.16818]]}},{"type":"Feature","properties":{"idx":498,"road":NaN,"cls":"tertiary","shops":0,"st_km":1.37,"mesh":"52396501"},"geometry":{"type":"LineString","coordinates":[[139.64052,35.16794],[139.64077,35.1677],[139.64096,35.16763],[139.64148,35.1676],[139.64194,35.16763]]}},{"type":"Feature","properties":{"idx":528,"road":"横須賀葉山線","cls":"primary","shops":2,"st_km":0.11,"mesh":"52396554"},"geometry":{"type":"LineString","coordinates":[[139.68476,35.21131],[139.68469,35.21197]]}},{"type":"Feature","properties":{"idx":232,"road":"横須賀葉山線","cls":"primary","shops":1,"st_km":0.66,"mesh":"52396564"},"geometry":{"type":"LineString","coordinates":[[139.68296,35.21822],[139.68286,35.21823]]}},{"type":"Feature","properties":{"idx":193,"road":"横須賀葉山線","cls":"primary","shops":0,"st_km":0.42,"mesh":"52396554"},"geometry":{"type":"LineString","coordinates":[[139.68163,35.21464],[139.68164,35.21495],[139.68158,35.21527]]}},{"type":"Feature","properties":{"idx":1606,"road":NaN,"cls":"tertiary","shops":1,"st_km":0.84,"mesh":"52396585"},"geometry":{"type":"LineString","coordinates":[[139.70175,35.22979],[139.70065,35.22981],[139.70029,35.22993],[139.70006,35.23006],[139.69902,35.23103],[139.69873,35.23174],[139.69846,35.23194],[139.69825,35.23199],[139.69673,35.23204],[139.6963,35.23211],[139.69567,35.23234],[139.69519,35.23269],[139.69492,35.23302],[139.69479,35.23326],[139.69349,35.23687],[139.69313,35.23771],[139.69282,35.23813],[139.69245,35.23853],[139.69163,35.2391],[139.69095,35.2394],[139.687,35.24067],[139.68246,35.24191],[139.68183,35.24199],[139.68076,35.24175]]}},{"type":"Feature","properties":{"idx":283,"road":"横須賀葉山線","cls":"primary","shops":0,"st_km":1.32,"mesh":"52396584"},"geometry":{"type":"LineString","coordinates":[[139.68066,35.24172],[139.67728,35.24088],[139.67131,35.24022]]}},{"type":"Feature","properties":{"idx":368,"road":"横須賀葉山線","cls":"primary","shops":0,"st_km":1.73,"mesh":"52396583"},"geometry":{"type":"LineString","coordinates":[[139.66271,35.24193],[139.66456,35.24135]]}},{"type":"Feature","properties":{"idx":191,"road":"三崎街道","cls":"primary","shops":1,"st_km":1.59,"mesh":"52396593"},"geometry":{"type":"LineString","coordinates":[[139.66369,35.24325],[139.66309,35.24265]]}},{"type":"Feature","properties":{"idx":69,"road":"三崎街道","cls":"primary","shops":2,"st_km":1.72,"mesh":"52396592"},"geometry":{"type":"LineString","coordinates":[[139.66254,35.24206],[139.66209,35.2416],[139.66185,35.24127]]}},{"type":"Feature","properties":{"idx":123,"road":"三崎街道","cls":"primary","shops":0,"st_km":1.65,"mesh":"52396593"},"geometry":{"type":"LineString","coordinates":[[139.66232,35.24198],[139.66309,35.24265]]}},{"type":"Feature","properties":{"idx":126,"road":NaN,"cls":"tertiary","shops":1,"st_km":1.13,"mesh":"52396564"},"geometry":{"type":"LineString","coordinates":[[139.68428,35.22275],[139.68439,35.22275]]}},{"type":"Feature","properties":{"idx":621,"road":NaN,"cls":"tertiary","shops":1,"st_km":1.73,"mesh":"52396574"},"geometry":{"type":"LineString","coordinates":[[139.6753,35.22572],[139.6754,35.22597],[139.67556,35.22593],[139.6755,35.22582],[139.6753,35.22572]]}},{"type":"Feature","properties":{"idx":64,"road":NaN,"cls":"tertiary","shops":0,"st_km":1.55,"mesh":"52396564"},"geometry":{"type":"LineString","coordinates":[[139.67562,35.22398],[139.67522,35.22399]]}},{"type":"Feature","properties":{"idx":103,"road":NaN,"cls":"tertiary","shops":0,"st_km":0.88,"mesh":"52396564"},"geometry":{"type":"LineString","coordinates":[[139.6837,35.22038],[139.68378,35.22036]]}},{"type":"Feature","properties":{"idx":486,"road":"横須賀葉山線","cls":"primary","shops":0,"st_km":1.85,"mesh":"52396574"},"geometry":{"type":"LineString","coordinates":[[139.67879,35.23208],[139.68036,35.23128],[139.68055,35.23113],[139.68081,35.23077],[139.6816,35.2293],[139.6821,35.22867]]}},{"type":"Feature","properties":{"idx":479,"road":"横須賀葉山線","cls":"primary","shops":0,"st_km":1.88,"mesh":"52396574"},"geometry":{"type":"LineString","coordinates":[[139.68131,35.22964],[139.68077,35.23065],[139.68045,35.2311],[139.6787,35.23202]]}},{"type":"Feature","properties":{"idx":268,"road":"衣笠通り","cls":"tertiary","shops":1,"st_km":0.32,"mesh":"52396594"},"geometry":{"type":"LineString","coordinates":[[139.68385,35.24708],[139.68443,35.24669],[139.6847,35.24667],[139.68521,35.24675]]}},{"type":"Feature","properties":{"idx":178,"road":"衣笠通り","cls":"tertiary","shops":0,"st_km":0.32,"mesh":"52396594"},"geometry":{"type":"LineString","coordinates":[[139.68525,35.24671],[139.68472,35.24663],[139.68441,35.24666],[139.68385,35.24708]]}},{"type":"Feature","properties":{"idx":280,"road":"衣笠通り","cls":"tertiary","shops":1,"st_km":0.28,"mesh":"52396594"},"geometry":{"type":"LineString","coordinates":[[139.68561,35.24676],[139.68525,35.24671]]}},{"type":"Feature","properties":{"idx":91,"road":NaN,"cls":"tertiary_link","shops":0,"st_km":0.53,"mesh":"52396594"},"geometry":{"type":"LineString","coordinates":[[139.68309,35.24467],[139.68334,35.24488],[139.6839,35.24519]]}},{"type":"Feature","properties":{"idx":102,"road":NaN,"cls":"tertiary_link","shops":0,"st_km":0.41,"mesh":"52396594"},"geometry":{"type":"LineString","coordinates":[[139.68477,35.24571],[139.68495,35.24555]]}},{"type":"Feature","properties":{"idx":145,"road":NaN,"cls":"tertiary","shops":0,"st_km":0.54,"mesh":"52396594"},"geometry":{"type":"LineString","coordinates":[[139.68309,35.24467],[139.68388,35.24511]]}},{"type":"Feature","properties":{"idx":144,"road":NaN,"cls":"tertiary","shops":0,"st_km":0.54,"mesh":"52396594"},"geometry":{"type":"LineString","coordinates":[[139.68393,35.24504],[139.68309,35.24456]]}},{"type":"Feature","properties":{"idx":121,"road":NaN,"cls":"tertiary","shops":1,"st_km":1.19,"mesh":"52396564"},"geometry":{"type":"LineString","coordinates":[[139.67785,35.22242],[139.68006,35.22204],[139.68062,35.22209],[139.68096,35.22217]]}},{"type":"Feature","properties":{"idx":74,"road":NaN,"cls":"tertiary","shops":0,"st_km":1.31,"mesh":"52396564"},"geometry":{"type":"LineString","coordinates":[[139.67717,35.22255],[139.67785,35.22242]]}},{"type":"Feature","properties":{"idx":130,"road":NaN,"cls":"tertiary","shops":0,"st_km":1.78,"mesh":"52396567"},"geometry":{"type":"LineString","coordinates":[[139.7172,35.22115],[139.71646,35.22054],[139.71624,35.22028]]}},{"type":"Feature","properties":{"idx":243,"road":"久里浜港線","cls":"secondary","shops":1,"st_km":1.59,"mesh":"52396567"},"geometry":{"type":"LineString","coordinates":[[139.71301,35.22002],[139.71285,35.22031]]}},{"type":"Feature","properties":{"idx":171,"road":"久里浜港久里浜停車場線","cls":"secondary","shops":1,"st_km":1.43,"mesh":"52396566"},"geometry":{"type":"LineString","coordinates":[[139.71285,35.22031],[139.71243,35.22093],[139.712,35.22185],[139.71194,35.22232],[139.71198,35.22269]]}},{"type":"Feature","properties":{"idx":580,"road":NaN,"cls":"tertiary","shops":1,"st_km":1.9,"mesh":"52396577"},"geometry":{"type":"LineString","coordinates":[[139.72319,35.23046],[139.72322,35.23026],[139.72313,35.23001],[139.72297,35.22974],[139.7226,35.22938]]}},{"type":"Feature","properties":{"idx":398,"road":NaN,"cls":"tertiary","shops":0,"st_km":1.84,"mesh":"52396577"},"geometry":{"type":"LineString","coordinates":[[139.7226,35.22938],[139.72198,35.22928]]}},{"type":"Feature","properties":{"idx":182,"road":"久里浜港線","cls":"secondary","shops":0,"st_km":1.23,"mesh":"52396555"},"geometry":{"type":"LineString","coordinates":[[139.69665,35.21028],[139.69809,35.21044],[139.70035,35.21036]]}},{"type":"Feature","properties":{"idx":191,"road":NaN,"cls":"tertiary","shops":0,"st_km":0.98,"mesh":"52396595"},"geometry":{"type":"LineString","coordinates":[[139.69896,35.25169],[139.69871,35.25127],[139.69727,35.25002],[139.69704,35.24958],[139.697,35.24941],[139.69701,35.24676],[139.69705,35.24662],[139.69718,35.24643],[139.69744,35.24622],[139.69869,35.24552],[139.69929,35.24544],[139.70024,35.24554],[139.70063,35.24547],[139.70118,35.24527]]}},{"type":"Feature","properties":{"idx":200,"road":NaN,"cls":"tertiary","shops":0,"st_km":0.93,"mesh":"52396596"},"geometry":{"type":"LineString","coordinates":[[139.70347,35.25028],[139.70393,35.24978],[139.70432,35.24954],[139.70462,35.24948],[139.7049,35.24949],[139.70578,35.24979],[139.7061,35.2498],[139.70648,35.24963],[139.70694,35.24916]]}},{"type":"Feature","properties":{"idx":1243,"road":NaN,"cls":"tertiary","shops":5,"st_km":0.19,"mesh":"52396576"},"geometry":{"type":"LineString","coordinates":[[139.70227,35.22965],[139.70207,35.22974],[139.70175,35.22979]]}},{"type":"Feature","properties":{"idx":102,"road":NaN,"cls":"tertiary","shops":0,"st_km":0.93,"mesh":"52396594"},"geometry":{"type":"LineString","coordinates":[[139.68073,35.24246],[139.68067,35.24222],[139.68073,35.24183]]}},{"type":"Feature","properties":{"idx":102,"road":NaN,"cls":"tertiary","shops":0,"st_km":0.94,"mesh":"52396594"},"geometry":{"type":"LineString","coordinates":[[139.68063,35.2418],[139.68056,35.24219],[139.68062,35.24248]]}},{"type":"Feature","properties":{"idx":114,"road":NaN,"cls":"tertiary","shops":0,"st_km":0.8,"mesh":"52396594"},"geometry":{"type":"LineString","coordinates":[[139.68073,35.24246],[139.6803,35.24259],[139.68014,35.243],[139.68018,35.24335],[139.6803,35.24354],[139.68164,35.24467],[139.68171,35.24479],[139.68172,35.245]]}},{"type":"Feature","properties":{"idx":165,"road":NaN,"cls":"tertiary","shops":1,"st_km":1.46,"mesh":"52396593"},"geometry":{"type":"LineString","coordinates":[[139.66995,35.24616],[139.67022,35.24644]]}},{"type":"Feature","properties":{"idx":342,"road":"横須賀葉山線","cls":"primary","shops":0,"st_km":1.9,"mesh":"52396583"},"geometry":{"type":"LineString","coordinates":[[139.66496,35.24127],[139.66598,35.24093],[139.6663,35.24087],[139.6695,35.2406],[139.67059,35.24034],[139.6713,35.2403]]}},{"type":"Feature","properties":{"idx":342,"road":"横須賀葉山線","cls":"primary","shops":0,"st_km":1.91,"mesh":"52396583"},"geometry":{"type":"LineString","coordinates":[[139.67131,35.24022],[139.67064,35.24026],[139.66949,35.24052],[139.66634,35.2408],[139.66595,35.24087],[139.66496,35.2412]]}},{"type":"Feature","properties":{"idx":305,"road":NaN,"cls":"tertiary","shops":0,"st_km":1.69,"mesh":"52396583"},"geometry":{"type":"LineString","coordinates":[[139.67131,35.24022],[139.6713,35.2403]]}},{"type":"Feature","properties":{"idx":25,"road":NaN,"cls":"primary_link","shops":0,"st_km":1.64,"mesh":"52396592"},"geometry":{"type":"LineString","coordinates":[[139.66232,35.24198],[139.66156,35.24228],[139.66119,35.24249],[139.6608,35.24279]]}},{"type":"Feature","properties":{"idx":410,"road":"三崎街道","cls":"primary","shops":2,"st_km":1.72,"mesh":"52396582"},"geometry":{"type":"LineString","coordinates":[[139.66185,35.24127],[139.66201,35.24164],[139.66232,35.24198]]}},{"type":"Feature","properties":{"idx":25,"road":NaN,"cls":"primary_link","shops":0,"st_km":1.63,"mesh":"52396592"},"geometry":{"type":"LineString","coordinates":[[139.66088,35.24286],[139.66171,35.24238],[139.66254,35.24206]]}},{"type":"Feature","properties":{"idx":123,"road":"三崎街道","cls":"primary","shops":0,"st_km":1.65,"mesh":"52396593"},"geometry":{"type":"LineString","coordinates":[[139.66309,35.24265],[139.66254,35.24206]]}},{"type":"Feature","properties":{"idx":38,"road":"横須賀葉山線","cls":"primary","shops":0,"st_km":1.55,"mesh":"52396592"},"geometry":{"type":"LineString","coordinates":[[139.6608,35.24279],[139.66049,35.24311],[139.66021,35.24351]]}},{"type":"Feature","properties":{"idx":38,"road":"横須賀葉山線","cls":"primary","shops":0,"st_km":1.55,"mesh":"52396592"},"geometry":{"type":"LineString","coordinates":[[139.66029,35.24354],[139.66059,35.24312],[139.66088,35.24286]]}},{"type":"Feature","properties":{"idx":140,"road":"三崎街道","cls":"primary","shops":0,"st_km":1.43,"mesh":"52396593"},"geometry":{"type":"LineString","coordinates":[[139.66382,35.24388],[139.66396,35.24507]]}},{"type":"Feature","properties":{"idx":140,"road":"三崎街道","cls":"primary","shops":0,"st_km":1.43,"mesh":"52396593"},"geometry":{"type":"LineString","coordinates":[[139.66409,35.24507],[139.66396,35.24385]]}},{"type":"Feature","properties":{"idx":152,"road":"三崎街道","cls":"primary","shops":0,"st_km":2.52,"mesh":"52396582"},"geometry":{"type":"LineString","coordinates":[[139.65813,35.23401],[139.65822,35.23498]]}},{"type":"Feature","properties":{"idx":152,"road":"三崎街道","cls":"primary","shops":0,"st_km":2.52,"mesh":"52396582"},"geometry":{"type":"LineString","coordinates":[[139.65837,35.23498],[139.65829,35.234]]}},{"type":"Feature","properties":{"idx":150,"road":NaN,"cls":"tertiary","shops":0,"st_km":0.46,"mesh":"52396554"},"geometry":{"type":"LineString","coordinates":[[139.68158,35.21527],[139.68108,35.21487],[139.68059,35.2146]]}},{"type":"Feature","properties":{"idx":53,"road":"横須賀葉山線","cls":"primary","shops":1,"st_km":1.68,"mesh":"52396592"},"geometry":{"type":"LineString","coordinates":[[139.66218,35.24212],[139.66271,35.24193]]}},{"type":"Feature","properties":{"idx":358,"road":"横須賀葉山線","cls":"primary","shops":0,"st_km":1.79,"mesh":"52396583"},"geometry":{"type":"LineString","coordinates":[[139.66456,35.24135],[139.66496,35.24127]]}},{"type":"Feature","properties":{"idx":358,"road":"横須賀葉山線","cls":"primary","shops":0,"st_km":1.79,"mesh":"52396583"},"geometry":{"type":"LineString","coordinates":[[139.66496,35.2412],[139.66456,35.24135]]}},{"type":"Feature","properties":{"idx":125,"road":"横須賀葉山線","cls":"primary","shops":0,"st_km":0.96,"mesh":"52396594"},"geometry":{"type":"LineString","coordinates":[[139.68073,35.24183],[139.68076,35.24175]]}},{"type":"Feature","properties":{"idx":99,"road":NaN,"cls":"tertiary","shops":0,"st_km":0.97,"mesh":"52396594"},"geometry":{"type":"LineString","coordinates":[[139.68076,35.24175],[139.68066,35.24172]]}},{"type":"Feature","properties":{"idx":124,"road":"横須賀葉山線","cls":"primary","shops":0,"st_km":0.96,"mesh":"52396594"},"geometry":{"type":"LineString","coordinates":[[139.68063,35.2418],[139.68073,35.24183]]}},{"type":"Feature","properties":{"idx":99,"road":NaN,"cls":"tertiary","shops":0,"st_km":0.97,"mesh":"52396594"},"geometry":{"type":"LineString","coordinates":[[139.68066,35.24172],[139.68063,35.2418]]}},{"type":"Feature","properties":{"idx":390,"road":"横須賀葉山線","cls":"primary","shops":1,"st_km":0.13,"mesh":"52396554"},"geometry":{"type":"LineString","coordinates":[[139.68469,35.21197],[139.68462,35.2124],[139.68451,35.21275],[139.68353,35.21471]]}},{"type":"Feature","properties":{"idx":447,"road":"三崎街道","cls":"primary","shops":0,"st_km":2.97,"mesh":"52396572"},"geometry":{"type":"LineString","coordinates":[[139.65679,35.23123],[139.6566,35.23101],[139.6563,35.23079],[139.65596,35.23064],[139.65508,35.23047]]}},{"type":"Feature","properties":{"idx":234,"road":NaN,"cls":"tertiary","shops":0,"st_km":2.07,"mesh":"52396556"},"geometry":{"type":"LineString","coordinates":[[139.70979,35.21134],[139.70966,35.21147],[139.70917,35.2115],[139.70879,35.21163],[139.70825,35.2117],[139.70609,35.21134]]}},{"type":"Feature","properties":{"idx":583,"road":"三崎街道","cls":"primary","shops":0,"st_km":3.31,"mesh":"52396561"},"geometry":{"type":"LineString","coordinates":[[139.64271,35.22202],[139.64199,35.22132],[139.64157,35.22101],[139.64036,35.22044]]}},{"type":"Feature","properties":{"idx":185,"road":NaN,"cls":"primary_link","shops":0,"st_km":3.06,"mesh":"52396550"},"geometry":{"type":"LineString","coordinates":[[139.63627,35.21244],[139.63635,35.21268],[139.63659,35.2129],[139.63663,35.21303]]}},{"type":"Feature","properties":{"idx":528,"road":"久里浜港久里浜停車場線","cls":"secondary","shops":1,"st_km":0.32,"mesh":"52396576"},"geometry":{"type":"LineString","coordinates":[[139.70609,35.23095],[139.70524,35.23129]]}},{"type":"Feature","properties":{"idx":443,"road":NaN,"cls":"tertiary","shops":0,"st_km":0.84,"mesh":"52396586"},"geometry":{"type":"LineString","coordinates":[[139.70767,35.2386],[139.70738,35.2386],[139.70706,35.23851]]}},{"type":"Feature","properties":{"idx":442,"road":NaN,"cls":"tertiary","shops":0,"st_km":0.84,"mesh":"52396586"},"geometry":{"type":"LineString","coordinates":[[139.70767,35.2386],[139.70788,35.23811],[139.70784,35.23785]]}},{"type":"Feature","properties":{"idx":806,"road":NaN,"cls":"tertiary","shops":0,"st_km":1.35,"mesh":"52396587"},"geometry":{"type":"LineString","coordinates":[[139.71496,35.23967],[139.71445,35.23976]]}},{"type":"Feature","properties":{"idx":796,"road":NaN,"cls":"tertiary","shops":0,"st_km":1.37,"mesh":"52396587"},"geometry":{"type":"LineString","coordinates":[[139.71445,35.23976],[139.7143,35.23969],[139.714,35.23932]]}},{"type":"Feature","properties":{"idx":153,"road":"通研通り","cls":"tertiary","shops":0,"st_km":0.44,"mesh":"52396554"},"geometry":{"type":"LineString","coordinates":[[139.68072,35.21458],[139.68163,35.21464]]}},{"type":"Feature","properties":{"idx":162,"road":"通研通り","cls":"tertiary","shops":0,"st_km":0.37,"mesh":"52396554"},"geometry":{"type":"LineString","coordinates":[[139.68163,35.21464],[139.68243,35.21467]]}},{"type":"Feature","properties":{"idx":171,"road":NaN,"cls":"tertiary","shops":0,"st_km":1.13,"mesh":"52396596"},"geometry":{"type":"LineString","coordinates":[[139.7108,35.24236],[139.71049,35.24236],[139.71024,35.24226]]}},{"type":"Feature","properties":{"idx":113,"road":NaN,"cls":"tertiary","shops":0,"st_km":1.44,"mesh":"52396593"},"geometry":{"type":"LineString","coordinates":[[139.67022,35.24644],[139.67033,35.24652],[139.67159,35.24666]]}},{"type":"Feature","properties":{"idx":182,"road":NaN,"cls":"tertiary","shops":0,"st_km":0.61,"mesh":"52396597"},"geometry":{"type":"LineString","coordinates":[[139.72075,35.2492],[139.7214,35.24976]]}},{"type":"Feature","properties":{"idx":18,"road":NaN,"cls":"pedestrian","shops":0,"st_km":2.1,"mesh":"52396591"},"geometry":{"type":"LineString","coordinates":[[139.64029,35.24866],[139.64018,35.24887]]}},{"type":"Feature","properties":{"idx":18,"road":NaN,"cls":"pedestrian","shops":0,"st_km":2.1,"mesh":"52396591"},"geometry":{"type":"LineString","coordinates":[[139.63993,35.24932],[139.63985,35.24948]]}},{"type":"Feature","properties":{"idx":107,"road":"上宮田金田三崎港線","cls":"secondary","shops":0,"st_km":1.69,"mesh":"52396502"},"geometry":{"type":"LineString","coordinates":[[139.65483,35.17314],[139.65485,35.17305]]}},{"type":"Feature","properties":{"idx":186,"road":"上宮田金田三崎港線","cls":"secondary","shops":0,"st_km":1.47,"mesh":"52396512"},"geometry":{"type":"LineString","coordinates":[[139.65432,35.17704],[139.65441,35.17603],[139.65434,35.17525],[139.65483,35.17314]]}},{"type":"Feature","properties":{"idx":238,"road":NaN,"cls":"tertiary","shops":1,"st_km":1.0,"mesh":"52396520"},"geometry":{"type":"LineString","coordinates":[[139.63007,35.18683],[139.6302,35.18692]]}},{"type":"Feature","properties":{"idx":156,"road":NaN,"cls":"tertiary","shops":0,"st_km":1.03,"mesh":"52396520"},"geometry":{"type":"LineString","coordinates":[[139.6242,35.18438],[139.62624,35.18488]]}},{"type":"Feature","properties":{"idx":375,"road":"上宮田金田三崎港線","cls":"secondary","shops":1,"st_km":1.04,"mesh":"52396512"},"geometry":{"type":"LineString","coordinates":[[139.65416,35.18076],[139.65422,35.17841],[139.65431,35.17717]]}},{"type":"Feature","properties":{"idx":866,"road":"武上宮田線","cls":"secondary","shops":0,"st_km":1.0,"mesh":"52396532"},"geometry":{"type":"LineString","coordinates":[[139.65089,35.19753],[139.65024,35.1964]]}},{"type":"Feature","properties":{"idx":177,"road":"武上宮田線","cls":"secondary","shops":0,"st_km":0.62,"mesh":"52396521"},"geometry":{"type":"LineString","coordinates":[[139.65024,35.1964],[139.64944,35.19515],[139.64854,35.19423],[139.64835,35.19395],[139.64777,35.19272],[139.64783,35.19139],[139.6478,35.1912],[139.6476,35.19096],[139.6469,35.19034],[139.64681,35.19018],[139.6468,35.19],[139.64686,35.18984],[139.64701,35.18968],[139.64775,35.18937],[139.64817,35.18936],[139.6491,35.18947],[139.64999,35.18943],[139.6503,35.18936],[139.65104,35.18896],[139.65166,35.18868],[139.65203,35.18834],[139.65244,35.18784]]}},{"type":"Feature","properties":{"idx":247,"road":NaN,"cls":"tertiary","shops":0,"st_km":0.68,"mesh":"52396595"},"geometry":{"type":"LineString","coordinates":[[139.68844,35.24321],[139.68842,35.24323]]}},{"type":"Feature","properties":{"idx":246,"road":NaN,"cls":"tertiary","shops":0,"st_km":0.68,"mesh":"52396595"},"geometry":{"type":"LineString","coordinates":[[139.68853,35.24316],[139.68844,35.24321]]}},{"type":"Feature","properties":{"idx":132,"road":NaN,"cls":"tertiary","shops":0,"st_km":1.75,"mesh":"52396567"},"geometry":{"type":"LineString","coordinates":[[139.71531,35.22037],[139.71624,35.22028]]}},{"type":"Feature","properties":{"idx":403,"road":NaN,"cls":"tertiary","shops":4,"st_km":1.71,"mesh":"52396567"},"geometry":{"type":"LineString","coordinates":[[139.71528,35.22037],[139.71531,35.22037]]}},{"type":"Feature","properties":{"idx":927,"road":NaN,"cls":"tertiary","shops":1,"st_km":0.13,"mesh":"52396522"},"geometry":{"type":"LineString","coordinates":[[139.65254,35.18773],[139.65201,35.18732]]}}]}