{"type":"FeatureCollection","features":[{"type":"Feature","properties":{"idx":235,"road":"小田原停車場線","cls":"primary","shops":2,"st_km":0.18,"mesh":"52397102"},"geometry":{"type":"LineString","coordinates":[[139.15399,35.25679],[139.1538,35.25655],[139.15378,35.25646],[139.15384,35.25582],[139.15381,35.25568],[139.15337,35.2551],[139.15304,35.25486]]}},{"type":"Feature","properties":{"idx":192,"road":NaN,"cls":"tertiary","shops":0,"st_km":0.15,"mesh":"52397171"},"geometry":{"type":"LineString","coordinates":[[139.14548,35.31097],[139.14302,35.31008]]}},{"type":"Feature","properties":{"idx":1064,"road":NaN,"cls":"tertiary","shops":0,"st_km":1.1,"mesh":"52397133"},"geometry":{"type":"LineString","coordinates":[[139.16761,35.27827],[139.16749,35.27754],[139.1675,35.27567]]}},{"type":"Feature","properties":{"idx":660,"road":NaN,"cls":"tertiary","shops":0,"st_km":1.33,"mesh":"52397114"},"geometry":{"type":"LineString","coordinates":[[139.18484,35.26533],[139.18507,35.26463],[139.18533,35.26406],[139.18558,35.26364]]}},{"type":"Feature","properties":{"idx":1292,"road":NaN,"cls":"tertiary","shops":25,"st_km":0.16,"mesh":"52397102"},"geometry":{"type":"LineString","coordinates":[[139.15683,35.25549],[139.15765,35.25507]]}},{"type":"Feature","properties":{"idx":61,"road":"西山陸橋","cls":"primary","shops":0,"st_km":4.18,"mesh":"52397198"},"geometry":{"type":"LineString","coordinates":[[139.23124,35.33234],[139.23098,35.33295]]}},{"type":"Feature","properties":{"idx":231,"road":NaN,"cls":"tertiary","shops":0,"st_km":0.37,"mesh":"52397182"},"geometry":{"type":"LineString","coordinates":[[139.16105,35.32028],[139.16052,35.32102],[139.1597,35.3217],[139.15952,35.3219],[139.15922,35.32237],[139.15902,35.32321],[139.15872,35.32353],[139.15851,35.32366]]}},{"type":"Feature","properties":{"idx":83,"road":NaN,"cls":"tertiary","shops":0,"st_km":1.05,"mesh":"52397192"},"geometry":{"type":"LineString","coordinates":[[139.16279,35.33288],[139.16263,35.33288],[139.16213,35.33303],[139.16135,35.33269]]}},{"type":"Feature","properties":{"idx":50,"road":NaN,"cls":"tertiary","shops":0,"st_km":4.27,"mesh":"52397197"},"geometry":{"type":"LineString","coordinates":[[139.21785,35.33047],[139.21782,35.32963],[139.218,35.32922],[139.21799,35.32914]]}},{"type":"Feature","properties":{"idx":85,"road":"中井羽根尾線","cls":"secondary","shops":1,"st_km":4.03,"mesh":"52397197"},"geometry":{"type":"LineString","coordinates":[[139.21636,35.33052],[139.21792,35.32877],[139.21875,35.32773],[139.21917,35.32712],[139.21925,35.32693],[139.21927,35.32656],[139.2191,35.32542],[139.21876,35.32448],[139.21831,35.32377],[139.21811,35.32318],[139.21806,35.32281],[139.21824,35.32216],[139.21865,35.32121],[139.21928,35.32023],[139.21975,35.31964]]}},{"type":"Feature","properties":{"idx":116,"road":"松田国府津線","cls":"primary","shops":0,"st_km":0.89,"mesh":"52397192"},"geometry":{"type":"LineString","coordinates":[[139.1572,35.3293],[139.15731,35.32921],[139.15793,35.32815],[139.1586,35.32737]]}},{"type":"Feature","properties":{"idx":125,"road":"松田国府津線","cls":"primary","shops":0,"st_km":0.81,"mesh":"52397192"},"geometry":{"type":"LineString","coordinates":[[139.1586,35.32737],[139.15827,35.32765],[139.15795,35.32776]]}},{"type":"Feature","properties":{"idx":151,"road":"松田国府津線","cls":"primary","shops":0,"st_km":0.58,"mesh":"52397192"},"geometry":{"type":"LineString","coordinates":[[139.1586,35.32737],[139.15917,35.3268],[139.16113,35.32521],[139.16154,35.32482]]}},{"type":"Feature","properties":{"idx":120,"road":"松田国府津線","cls":"primary","shops":0,"st_km":0.85,"mesh":"52397192"},"geometry":{"type":"LineString","coordinates":[[139.15795,35.32776],[139.15769,35.32785]]}},{"type":"Feature","properties":{"idx":121,"road":"松田国府津線","cls":"primary","shops":0,"st_km":0.85,"mesh":"52397192"},"geometry":{"type":"LineString","coordinates":[[139.15769,35.32785],[139.15746,35.32809],[139.15739,35.3287],[139.15725,35.32921]]}},{"type":"Feature","properties":{"idx":174,"road":"沼田国府津線","cls":"secondary","shops":0,"st_km":1.6,"mesh":"52397145"},"geometry":{"type":"LineString","coordinates":[[139.19623,35.28943],[139.18936,35.28941],[139.18548,35.28968],[139.17915,35.2897]]}},{"type":"Feature","properties":{"idx":268,"road":NaN,"cls":"tertiary","shops":0,"st_km":0.64,"mesh":"52397121"},"geometry":{"type":"LineString","coordinates":[[139.1507,35.26855],[139.14684,35.2683]]}},{"type":"Feature","properties":{"idx":555,"road":"小田原山北線","cls":"primary","shops":0,"st_km":0.36,"mesh":"52397122"},"geometry":{"type":"LineString","coordinates":[[139.15047,35.27301],[139.15064,35.27003]]}},{"type":"Feature","properties":{"idx":336,"road":"小田原山北線","cls":"primary","shops":0,"st_km":0.13,"mesh":"52397132"},"geometry":{"type":"LineString","coordinates":[[139.15455,35.27643],[139.15514,35.27601]]}},{"type":"Feature","properties":{"idx":1953,"road":"栢山停車場塚原線","cls":"secondary","shops":0,"st_km":0.55,"mesh":"52397170"},"geometry":{"type":"LineString","coordinates":[[139.14214,35.31043],[139.13611,35.30886],[139.13147,35.30803]]}},{"type":"Feature","properties":{"idx":724,"road":NaN,"cls":"tertiary","shops":1,"st_km":0.22,"mesh":"52397112"},"geometry":{"type":"LineString","coordinates":[[139.16027,35.26062],[139.16033,35.26044],[139.16061,35.26],[139.16098,35.25889],[139.16109,35.25849],[139.1612,35.25727]]}},{"type":"Feature","properties":{"idx":439,"road":"鴨ノ宮停車場線","cls":"secondary","shops":0,"st_km":0.69,"mesh":"52397124"},"geometry":{"type":"LineString","coordinates":[[139.18484,35.26533],[139.17984,35.27198],[139.17863,35.27402]]}},{"type":"Feature","properties":{"idx":884,"road":"鴨ノ宮停車場矢作線","cls":"secondary","shops":1,"st_km":0.05,"mesh":"52397134"},"geometry":{"type":"LineString","coordinates":[[139.17942,35.27599],[139.1798,35.27602],[139.17972,35.27593],[139.17927,35.2759],[139.17942,35.27599]]}},{"type":"Feature","properties":{"idx":446,"road":"鴨ノ宮停車場矢作線","cls":"secondary","shops":0,"st_km":0.32,"mesh":"52397134"},"geometry":{"type":"LineString","coordinates":[[139.17792,35.27556],[139.17778,35.2761],[139.1778,35.27642],[139.17896,35.27946],[139.17897,35.27993],[139.17766,35.27993]]}},{"type":"Feature","properties":{"idx":641,"road":NaN,"cls":"tertiary","shops":0,"st_km":0.18,"mesh":"52397124"},"geometry":{"type":"LineString","coordinates":[[139.17863,35.27402],[139.18065,35.27431]]}},{"type":"Feature","properties":{"idx":483,"road":NaN,"cls":"tertiary","shops":0,"st_km":0.46,"mesh":"52397124"},"geometry":{"type":"LineString","coordinates":[[139.18155,35.27209],[139.18365,35.2721]]}},{"type":"Feature","properties":{"idx":570,"road":NaN,"cls":"tertiary","shops":0,"st_km":0.29,"mesh":"52397124"},"geometry":{"type":"LineString","coordinates":[[139.18155,35.27209],[139.18065,35.27431]]}},{"type":"Feature","properties":{"idx":342,"road":NaN,"cls":"tertiary","shops":0,"st_km":0.5,"mesh":"52397164"},"geometry":{"type":"LineString","coordinates":[[139.18145,35.30794],[139.18124,35.30771],[139.18068,35.30734]]}},{"type":"Feature","properties":{"idx":173,"road":"沼田国府津線旧道","cls":"tertiary","shops":0,"st_km":1.63,"mesh":"52397153"},"geometry":{"type":"LineString","coordinates":[[139.16704,35.29775],[139.16689,35.29775]]}},{"type":"Feature","properties":{"idx":514,"road":"巡礼街道","cls":"tertiary","shops":1,"st_km":0.47,"mesh":"52397134"},"geometry":{"type":"LineString","coordinates":[[139.17897,35.27993],[139.18174,35.27993]]}},{"type":"Feature","properties":{"idx":1449,"road":NaN,"cls":"tertiary","shops":0,"st_km":1.08,"mesh":"52397125"},"geometry":{"type":"LineString","coordinates":[[139.18996,35.26697],[139.1894,35.26915],[139.18914,35.27209]]}},{"type":"Feature","properties":{"idx":269,"road":NaN,"cls":"tertiary","shops":0,"st_km":2.26,"mesh":"52397158"},"geometry":{"type":"LineString","coordinates":[[139.23273,35.29643],[139.23209,35.29632],[139.23161,35.29605]]}},{"type":"Feature","properties":{"idx":203,"road":"沼田国府津線旧道","cls":"tertiary","shops":0,"st_km":1.56,"mesh":"52397152"},"geometry":{"type":"LineString","coordinates":[[139.16689,35.29775],[139.16489,35.29755],[139.16198,35.29708],[139.16012,35.29706],[139.15875,35.29671],[139.15766,35.2965]]}},{"type":"Feature","properties":{"idx":184,"road":NaN,"cls":"tertiary","shops":0,"st_km":1.45,"mesh":"52397163"},"geometry":{"type":"LineString","coordinates":[[139.16691,35.29894],[139.16709,35.29905],[139.16713,35.29913],[139.16778,35.30291],[139.16732,35.30457],[139.16737,35.3047]]}},{"type":"Feature","properties":{"idx":173,"road":"栢山停車場曽我線","cls":"secondary","shops":0,"st_km":0.84,"mesh":"52397182"},"geometry":{"type":"LineString","coordinates":[[139.15262,35.31346],[139.15342,35.314],[139.15402,35.31455],[139.15461,35.31543],[139.15527,35.31677],[139.15561,35.31705],[139.15753,35.31752],[139.1587,35.31766],[139.16215,35.31859]]}},{"type":"Feature","properties":{"idx":210,"road":NaN,"cls":"tertiary","shops":0,"st_km":1.6,"mesh":"52397169"},"geometry":{"type":"LineString","coordinates":[[139.24635,35.30867],[139.24598,35.30859],[139.24507,35.3087],[139.24475,35.30868],[139.24317,35.30804],[139.24084,35.30741]]}},{"type":"Feature","properties":{"idx":33,"road":"広域農道やまゆりライン","cls":"tertiary","shops":0,"st_km":3.01,"mesh":"52397177"},"geometry":{"type":"LineString","coordinates":[[139.22515,35.31241],[139.22399,35.31232],[139.22332,35.31206],[139.22214,35.31176],[139.21971,35.31089],[139.21892,35.31035],[139.21821,35.30975],[139.21798,35.30953],[139.21743,35.30881],[139.21676,35.30842],[139.21632,35.30822],[139.21605,35.30815],[139.21511,35.30809],[139.21434,35.3079],[139.21395,35.30783],[139.21355,35.30783],[139.21289,35.30795],[139.21191,35.30838],[139.2116,35.30842],[139.21134,35.30839],[139.21061,35.30818],[139.21036,35.30816],[139.21012,35.30821],[139.20974,35.30846],[139.20929,35.30917],[139.20899,35.30942],[139.2088,35.30948],[139.20858,35.30948],[139.20827,35.30938],[139.20815,35.30927]]}},{"type":"Feature","properties":{"idx":31,"road":"広域農道やまゆりライン","cls":"tertiary","shops":0,"st_km":3.49,"mesh":"52397177"},"geometry":{"type":"LineString","coordinates":[[139.22079,35.3113],[139.22085,35.31171],[139.22078,35.31195],[139.22032,35.31254],[139.21965,35.31402],[139.2196,35.31428],[139.21969,35.31493],[139.21967,35.3152],[139.21954,35.31541],[139.21894,35.31611]]}},{"type":"Feature","properties":{"idx":50,"road":NaN,"cls":"tertiary","shops":0,"st_km":4.21,"mesh":"52397197"},"geometry":{"type":"LineString","coordinates":[[139.2235,35.32402],[139.22354,35.32428],[139.22348,35.32469],[139.22351,35.32524],[139.22364,35.32543],[139.22393,35.3257],[139.22412,35.32607]]}},{"type":"Feature","properties":{"idx":308,"road":"中井羽根尾線旧道","cls":"tertiary","shops":0,"st_km":3.86,"mesh":"52397187"},"geometry":{"type":"LineString","coordinates":[[139.22192,35.32038],[139.2233,35.32077],[139.22344,35.32079],[139.22374,35.32072],[139.22417,35.32016],[139.22483,35.31907]]}},{"type":"Feature","properties":{"idx":80,"road":NaN,"cls":"tertiary","shops":0,"st_km":2.04,"mesh":"52397179"},"geometry":{"type":"LineString","coordinates":[[139.23696,35.30891],[139.23846,35.30911],[139.23859,35.30909],[139.23884,35.30894],[139.23901,35.30842]]}},{"type":"Feature","properties":{"idx":359,"road":NaN,"cls":"tertiary","shops":0,"st_km":1.03,"mesh":"52397159"},"geometry":{"type":"LineString","coordinates":[[139.25715,35.29929],[139.25685,35.29907],[139.25626,35.29879],[139.25565,35.2986],[139.25456,35.2981],[139.25392,35.29773],[139.25367,35.29753],[139.25326,35.29737],[139.25144,35.29694],[139.24969,35.2964],[139.24847,35.29611],[139.24809,35.29608],[139.24727,35.29614],[139.24695,35.29622],[139.24677,35.29632],[139.24614,35.29689],[139.24596,35.29713],[139.2455,35.29794],[139.24519,35.299],[139.24484,35.29944],[139.24444,35.29974],[139.24382,35.29984],[139.24279,35.30022],[139.24225,35.30032],[139.242,35.30042],[139.24154,35.30075],[139.24146,35.30085],[139.24139,35.30158],[139.24106,35.30344],[139.24094,35.30388],[139.24074,35.30422],[139.24052,35.30479],[139.24048,35.30519],[139.24053,35.30562],[139.24099,35.30671],[139.241,35.307],[139.24084,35.30741]]}},{"type":"Feature","properties":{"idx":446,"road":NaN,"cls":"tertiary","shops":0,"st_km":0.46,"mesh":"52397103"},"geometry":{"type":"LineString","coordinates":[[139.16302,35.26159],[139.16292,35.26121],[139.16325,35.25814],[139.16324,35.25733],[139.16358,35.25623],[139.16392,35.25542],[139.16412,35.25449],[139.16417,35.25398]]}},{"type":"Feature","properties":{"idx":113,"road":NaN,"cls":"tertiary","shops":1,"st_km":0.39,"mesh":"52397102"},"geometry":{"type":"LineString","coordinates":[[139.15758,35.25212],[139.15675,35.25226],[139.1551,35.25328]]}},{"type":"Feature","properties":{"idx":1321,"road":NaN,"cls":"tertiary","shops":0,"st_km":0.76,"mesh":"52397123"},"geometry":{"type":"LineString","coordinates":[[139.16611,35.26788],[139.16737,35.26907],[139.16747,35.26928],[139.16741,35.26943],[139.16427,35.2716],[139.16186,35.2734]]}},{"type":"Feature","properties":{"idx":796,"road":"旧東海道","cls":"tertiary","shops":1,"st_km":1.69,"mesh":"52397114"},"geometry":{"type":"LineString","coordinates":[[139.17833,35.26044],[139.17814,35.26067]]}},{"type":"Feature","properties":{"idx":709,"road":NaN,"cls":"tertiary","shops":1,"st_km":0.68,"mesh":"52397103"},"geometry":{"type":"LineString","coordinates":[[139.16137,35.25401],[139.1623,35.25401],[139.16344,35.25389],[139.16417,35.25398]]}},{"type":"Feature","properties":{"idx":360,"road":NaN,"cls":"tertiary","shops":1,"st_km":1.63,"mesh":"52397159"},"geometry":{"type":"LineString","coordinates":[[139.24102,35.29188],[139.24036,35.29261],[139.24,35.29309]]}},{"type":"Feature","properties":{"idx":146,"road":"秦野二宮線","cls":"primary","shops":0,"st_km":1.33,"mesh":"52397179"},"geometry":{"type":"LineString","coordinates":[[139.24746,35.30935],[139.24802,35.30876],[139.24854,35.30849],[139.24909,35.3084],[139.24988,35.3085]]}},{"type":"Feature","properties":{"idx":455,"road":NaN,"cls":"tertiary","shops":0,"st_km":0.18,"mesh":"52397190"},"geometry":{"type":"LineString","coordinates":[[139.13691,35.32893],[139.13797,35.32745],[139.13645,35.32673],[139.13629,35.32668],[139.13616,35.32669],[139.13602,35.32682],[139.13578,35.32734],[139.13523,35.32808],[139.13441,35.32975],[139.13579,35.33048],[139.13587,35.33047],[139.13691,35.32893]]}},{"type":"Feature","properties":{"idx":245,"road":NaN,"cls":"tertiary","shops":0,"st_km":0.89,"mesh":"52397101"},"geometry":{"type":"LineString","coordinates":[[139.14777,35.25569],[139.14795,35.25523],[139.14792,35.25517],[139.14737,35.25507],[139.14695,35.25493],[139.14681,35.25479],[139.14667,35.25451],[139.14657,35.25443],[139.14598,35.25433],[139.14598,35.2543],[139.14614,35.25426],[139.14698,35.25428],[139.14713,35.25423],[139.14728,35.25398],[139.14722,35.25296],[139.1471,35.25285],[139.14674,35.2529],[139.14666,35.25287],[139.14659,35.25272]]}},{"type":"Feature","properties":{"idx":82,"road":NaN,"cls":"tertiary","shops":0,"st_km":0.31,"mesh":"52397102"},"geometry":{"type":"LineString","coordinates":[[139.15221,35.25772],[139.15326,35.25715]]}},{"type":"Feature","properties":{"idx":86,"road":NaN,"cls":"tertiary","shops":0,"st_km":0.27,"mesh":"52397102"},"geometry":{"type":"LineString","coordinates":[[139.15251,35.25655],[139.15292,35.25677],[139.15326,35.25715]]}},{"type":"Feature","properties":{"idx":42,"road":NaN,"cls":"tertiary","shops":0,"st_km":1.01,"mesh":"52397100"},"geometry":{"type":"LineString","coordinates":[[139.1341,35.2521],[139.13377,35.2527],[139.1336,35.25357],[139.13323,35.25488],[139.13312,35.25621],[139.13323,35.25651],[139.13338,35.25668],[139.13369,35.2569],[139.13393,35.25695],[139.13411,35.25694]]}},{"type":"Feature","properties":{"idx":89,"road":"小田原停車場線","cls":"primary","shops":0,"st_km":0.45,"mesh":"52397102"},"geometry":{"type":"LineString","coordinates":[[139.15338,35.25259],[139.15344,35.25256]]}},{"type":"Feature","properties":{"idx":143,"road":NaN,"cls":"tertiary","shops":0,"st_km":1.41,"mesh":"52397101"},"geometry":{"type":"LineString","coordinates":[[139.13681,35.25756],[139.13693,35.25734],[139.13707,35.25725],[139.13779,35.25707],[139.138,35.25671],[139.13844,35.25615],[139.13879,35.25603],[139.13896,35.25602],[139.13949,35.25628]]}},{"type":"Feature","properties":{"idx":520,"road":"お城通り","cls":"tertiary","shops":10,"st_km":0.26,"mesh":"52397102"},"geometry":{"type":"LineString","coordinates":[[139.1551,35.25328],[139.15568,35.25432]]}},{"type":"Feature","properties":{"idx":140,"road":NaN,"cls":"tertiary","shops":3,"st_km":0.7,"mesh":"52397102"},"geometry":{"type":"LineString","coordinates":[[139.15758,35.25019],[139.15933,35.2502]]}},{"type":"Feature","properties":{"idx":89,"road":"小田原停車場線","cls":"primary","shops":0,"st_km":0.45,"mesh":"52397102"},"geometry":{"type":"LineString","coordinates":[[139.15295,35.25279],[139.15338,35.25259]]}},{"type":"Feature","properties":{"idx":505,"road":NaN,"cls":"tertiary","shops":0,"st_km":1.77,"mesh":"52397120"},"geometry":{"type":"LineString","coordinates":[[139.12089,35.27457],[139.12136,35.27462],[139.12231,35.27505],[139.1232,35.27521],[139.1238,35.27524],[139.12439,35.27518],[139.12516,35.27494],[139.12591,35.2746],[139.12607,35.27457],[139.12684,35.27467],[139.1287,35.27461],[139.12998,35.27397],[139.13122,35.27324],[139.13169,35.27302],[139.13242,35.27279],[139.13394,35.27245],[139.13418,35.27235],[139.13452,35.2721],[139.13477,35.27148],[139.13486,35.27139],[139.13642,35.27145],[139.13801,35.27131],[139.13812,35.27152],[139.13826,35.27164],[139.13874,35.27172]]}},{"type":"Feature","properties":{"idx":13,"road":NaN,"cls":"tertiary","shops":0,"st_km":1.69,"mesh":"52397110"},"geometry":{"type":"LineString","coordinates":[[139.13212,35.26049],[139.13035,35.26107],[139.13011,35.26124],[139.12994,35.26146],[139.12989,35.26186],[139.13025,35.26299],[139.13031,35.26345]]}},{"type":"Feature","properties":{"idx":422,"road":NaN,"cls":"tertiary","shops":0,"st_km":2.24,"mesh":"52397120"},"geometry":{"type":"LineString","coordinates":[[139.1255,35.26454],[139.12595,35.2647],[139.12608,35.26479],[139.12635,35.26513],[139.12683,35.26545],[139.12697,35.26561],[139.12717,35.26623],[139.12769,35.26671],[139.12805,35.26721],[139.12829,35.26785],[139.12854,35.26811],[139.12913,35.26827],[139.12938,35.26843],[139.12948,35.26854],[139.12981,35.26928],[139.13085,35.26976],[139.13201,35.27006],[139.13243,35.2703],[139.13303,35.27084]]}},{"type":"Feature","properties":{"idx":532,"road":"小田原山北線","cls":"primary","shops":0,"st_km":0.4,"mesh":"52397122"},"geometry":{"type":"LineString","coordinates":[[139.15064,35.27003],[139.15065,35.2699]]}},{"type":"Feature","properties":{"idx":340,"road":NaN,"cls":"tertiary","shops":0,"st_km":0.71,"mesh":"52397112"},"geometry":{"type":"LineString","coordinates":[[139.15059,35.26404],[139.15299,35.26406],[139.15436,35.26401]]}},{"type":"Feature","properties":{"idx":570,"road":NaN,"cls":"tertiary","shops":1,"st_km":0.58,"mesh":"52397112"},"geometry":{"type":"LineString","coordinates":[[139.15062,35.26504],[139.15163,35.26522],[139.15253,35.26527],[139.15294,35.26525],[139.15321,35.26506],[139.15395,35.26506],[139.15399,35.2641]]}},{"type":"Feature","properties":{"idx":484,"road":NaN,"cls":"tertiary","shops":0,"st_km":0.27,"mesh":"52397122"},"geometry":{"type":"LineString","coordinates":[[139.1507,35.26855],[139.15488,35.26849],[139.15834,35.26837]]}},{"type":"Feature","properties":{"idx":195,"road":NaN,"cls":"tertiary","shops":0,"st_km":1.03,"mesh":"52397121"},"geometry":{"type":"LineString","coordinates":[[139.14178,35.26979],[139.1452,35.26986]]}},{"type":"Feature","properties":{"idx":176,"road":NaN,"cls":"tertiary","shops":0,"st_km":1.17,"mesh":"52397121"},"geometry":{"type":"LineString","coordinates":[[139.14178,35.27145],[139.14174,35.27109],[139.14178,35.26979]]}},{"type":"Feature","properties":{"idx":512,"road":"小田原山北線","cls":"primary","shops":0,"st_km":0.44,"mesh":"52397122"},"geometry":{"type":"LineString","coordinates":[[139.15065,35.2699],[139.14976,35.26992]]}},{"type":"Feature","properties":{"idx":515,"road":"小田原山北線","cls":"primary","shops":0,"st_km":0.44,"mesh":"52397122"},"geometry":{"type":"LineString","coordinates":[[139.14976,35.26992],[139.14992,35.26998],[139.15064,35.27003]]}},{"type":"Feature","properties":{"idx":415,"road":NaN,"cls":"tertiary","shops":0,"st_km":0.42,"mesh":"52397122"},"geometry":{"type":"LineString","coordinates":[[139.16124,35.26956],[139.16128,35.26928],[139.16116,35.26884],[139.16116,35.26848],[139.16119,35.26801],[139.16143,35.26692],[139.16134,35.26676],[139.16075,35.2663],[139.16068,35.26619],[139.1606,35.26525],[139.16065,35.2647]]}},{"type":"Feature","properties":{"idx":435,"road":NaN,"cls":"tertiary","shops":0,"st_km":0.76,"mesh":"52397113"},"geometry":{"type":"LineString","coordinates":[[139.16848,35.26002],[139.16814,35.26076],[139.16698,35.26167],[139.16658,35.26206],[139.16301,35.2641]]}},{"type":"Feature","properties":{"idx":441,"road":NaN,"cls":"tertiary","shops":0,"st_km":0.31,"mesh":"52397112"},"geometry":{"type":"LineString","coordinates":[[139.16056,35.26012],[139.16122,35.26012],[139.16169,35.26029],[139.16303,35.26032]]}},{"type":"Feature","properties":{"idx":228,"road":NaN,"cls":"tertiary","shops":0,"st_km":0.92,"mesh":"52397134"},"geometry":{"type":"LineString","coordinates":[[139.18688,35.28264],[139.18448,35.28263],[139.18447,35.2858]]}},{"type":"Feature","properties":{"idx":1910,"road":NaN,"cls":"tertiary","shops":1,"st_km":1.26,"mesh":"52397125"},"geometry":{"type":"LineString","coordinates":[[139.19182,35.27213],[139.19226,35.27004],[139.19293,35.26821]]}},{"type":"Feature","properties":{"idx":1295,"road":NaN,"cls":"tertiary","shops":0,"st_km":0.93,"mesh":"52397135"},"geometry":{"type":"LineString","coordinates":[[139.18929,35.28102],[139.18689,35.28103]]}},{"type":"Feature","properties":{"idx":233,"road":NaN,"cls":"tertiary","shops":0,"st_km":0.9,"mesh":"52397134"},"geometry":{"type":"LineString","coordinates":[[139.18688,35.27989],[139.18688,35.2834]]}},{"type":"Feature","properties":{"idx":233,"road":NaN,"cls":"tertiary","shops":0,"st_km":1.14,"mesh":"52397153"},"geometry":{"type":"LineString","coordinates":[[139.17171,35.3013],[139.17303,35.29797],[139.17466,35.29544],[139.17597,35.29381]]}},{"type":"Feature","properties":{"idx":112,"road":NaN,"cls":"tertiary","shops":0,"st_km":0.98,"mesh":"52397142"},"geometry":{"type":"LineString","coordinates":[[139.16227,35.28682],[139.16167,35.28973]]}},{"type":"Feature","properties":{"idx":68,"road":NaN,"cls":"tertiary","shops":0,"st_km":1.53,"mesh":"52397162"},"geometry":{"type":"LineString","coordinates":[[139.15574,35.30415],[139.15602,35.30536],[139.1563,35.30596],[139.15676,35.30649],[139.15732,35.30687],[139.15813,35.30722],[139.16438,35.3087]]}},{"type":"Feature","properties":{"idx":197,"road":NaN,"cls":"tertiary","shops":0,"st_km":1.34,"mesh":"52397163"},"geometry":{"type":"LineString","coordinates":[[139.16795,35.30569],[139.16991,35.30557]]}},{"type":"Feature","properties":{"idx":264,"road":"小田原松田線","cls":"secondary","shops":0,"st_km":1.31,"mesh":"52397152"},"geometry":{"type":"LineString","coordinates":[[139.16167,35.28973],[139.1616,35.28981],[139.16142,35.29256],[139.16123,35.2934],[139.16093,35.2942],[139.1602,35.29556],[139.15989,35.29625],[139.15925,35.29893]]}},{"type":"Feature","properties":{"idx":266,"road":NaN,"cls":"tertiary","shops":0,"st_km":1.13,"mesh":"52397152"},"geometry":{"type":"LineString","coordinates":[[139.16124,35.29371],[139.15962,35.29342],[139.1601,35.29129]]}},{"type":"Feature","properties":{"idx":74,"road":NaN,"cls":"tertiary","shops":0,"st_km":2.27,"mesh":"52397179"},"geometry":{"type":"LineString","coordinates":[[139.24364,35.31248],[139.24323,35.31342],[139.24313,35.31352],[139.24305,35.31354],[139.24051,35.31309],[139.23905,35.31315],[139.23897,35.31322],[139.23896,35.31332],[139.23896,35.31346],[139.23903,35.31357],[139.24006,35.31384],[139.24014,35.31404],[139.24006,35.31427],[139.23997,35.31436],[139.23928,35.31457],[139.23907,35.31456],[139.23797,35.31419],[139.23776,35.31404],[139.23748,35.31348],[139.23775,35.3129],[139.23774,35.31279],[139.23748,35.31224],[139.23735,35.31156],[139.23715,35.31118]]}},{"type":"Feature","properties":{"idx":88,"road":NaN,"cls":"tertiary","shops":0,"st_km":1.83,"mesh":"52397179"},"geometry":{"type":"LineString","coordinates":[[139.24524,35.31329],[139.24717,35.313],[139.24843,35.31294]]}},{"type":"Feature","properties":{"idx":92,"road":NaN,"cls":"tertiary","shops":0,"st_km":1.74,"mesh":"52397179"},"geometry":{"type":"LineString","coordinates":[[139.24927,35.31508],[139.24942,35.31471],[139.24946,35.31444],[139.24941,35.31429],[139.24927,35.31413],[139.24926,35.31395],[139.24939,35.31373],[139.24931,35.31329],[139.24942,35.31259],[139.24989,35.31182],[139.24921,35.31166]]}},{"type":"Feature","properties":{"idx":93,"road":NaN,"cls":"tertiary","shops":0,"st_km":1.71,"mesh":"52397179"},"geometry":{"type":"LineString","coordinates":[[139.24737,35.31218],[139.24872,35.31247]]}},{"type":"Feature","properties":{"idx":77,"road":NaN,"cls":"tertiary","shops":0,"st_km":2.13,"mesh":"52397179"},"geometry":{"type":"LineString","coordinates":[[139.23739,35.31172],[139.23866,35.31178],[139.24068,35.31257],[139.24158,35.31284],[139.24176,35.31282],[139.24184,35.31268],[139.24178,35.31256],[139.2413,35.31224],[139.24078,35.31203],[139.24075,35.31198],[139.24079,35.31191]]}},{"type":"Feature","properties":{"idx":227,"road":NaN,"cls":"tertiary","shops":0,"st_km":2.39,"mesh":"52397178"},"geometry":{"type":"LineString","coordinates":[[139.23677,35.30851],[139.23625,35.30869],[139.23512,35.30939],[139.23455,35.30964],[139.23393,35.30972],[139.23113,35.30975]]}},{"type":"Feature","properties":{"idx":77,"road":NaN,"cls":"tertiary","shops":0,"st_km":2.14,"mesh":"52397179"},"geometry":{"type":"LineString","coordinates":[[139.23704,35.30848],[139.23703,35.30869],[139.23669,35.30999],[139.23672,35.31072],[139.23683,35.31096],[139.23696,35.31107],[139.23715,35.31118],[139.23756,35.31118],[139.23811,35.31095],[139.23847,35.31091],[139.23872,35.31095],[139.24016,35.31176],[139.24043,35.31185],[139.24318,35.31237]]}},{"type":"Feature","properties":{"idx":271,"road":NaN,"cls":"tertiary","shops":1,"st_km":1.89,"mesh":"52397169"},"geometry":{"type":"LineString","coordinates":[[139.23908,35.30816],[139.23926,35.30745]]}},{"type":"Feature","properties":{"idx":178,"road":NaN,"cls":"tertiary","shops":0,"st_km":1.93,"mesh":"52397169"},"geometry":{"type":"LineString","coordinates":[[139.23901,35.30842],[139.23908,35.30816]]}},{"type":"Feature","properties":{"idx":251,"road":NaN,"cls":"tertiary","shops":0,"st_km":2.09,"mesh":"52397178"},"geometry":{"type":"LineString","coordinates":[[139.23737,35.30839],[139.23677,35.30851]]}},{"type":"Feature","properties":{"idx":125,"road":NaN,"cls":"tertiary","shops":0,"st_km":2.09,"mesh":"52397168"},"geometry":{"type":"LineString","coordinates":[[139.23702,35.30805],[139.23704,35.30848]]}},{"type":"Feature","properties":{"idx":331,"road":NaN,"cls":"tertiary","shops":0,"st_km":1.13,"mesh":"52397113"},"geometry":{"type":"LineString","coordinates":[[139.17387,35.26282],[139.17352,35.26243],[139.17294,35.26218],[139.17223,35.26179],[139.1718,35.26125],[139.17053,35.26048],[139.17021,35.26038],[139.16848,35.26002],[139.16718,35.25963]]}},{"type":"Feature","properties":{"idx":277,"road":NaN,"cls":"tertiary","shops":0,"st_km":1.04,"mesh":"52397103"},"geometry":{"type":"LineString","coordinates":[[139.16885,35.25799],[139.17016,35.25658],[139.17043,35.25597]]}},{"type":"Feature","properties":{"idx":90,"road":NaN,"cls":"tertiary","shops":1,"st_km":0.63,"mesh":"52397102"},"geometry":{"type":"LineString","coordinates":[[139.15981,35.25061],[139.15977,35.2523]]}},{"type":"Feature","properties":{"idx":271,"road":NaN,"cls":"tertiary","shops":0,"st_km":1.08,"mesh":"52397103"},"geometry":{"type":"LineString","coordinates":[[139.16623,35.2517],[139.16788,35.25323]]}},{"type":"Feature","properties":{"idx":59,"road":NaN,"cls":"tertiary","shops":0,"st_km":0.65,"mesh":"52397102"},"geometry":{"type":"LineString","coordinates":[[139.16317,35.25229],[139.15927,35.25229]]}},{"type":"Feature","properties":{"idx":262,"road":NaN,"cls":"tertiary","shops":0,"st_km":1.12,"mesh":"52397103"},"geometry":{"type":"LineString","coordinates":[[139.16788,35.25323],[139.16831,35.2536],[139.16873,35.25372],[139.16919,35.25403],[139.16933,35.25439],[139.16936,35.25462],[139.16945,35.2548],[139.16899,35.25521]]}},{"type":"Feature","properties":{"idx":277,"road":NaN,"cls":"tertiary","shops":0,"st_km":1.04,"mesh":"52397103"},"geometry":{"type":"LineString","coordinates":[[139.16835,35.25285],[139.16765,35.2534],[139.16671,35.25383]]}},{"type":"Feature","properties":{"idx":431,"road":NaN,"cls":"tertiary","shops":0,"st_km":0.33,"mesh":"52397112"},"geometry":{"type":"LineString","coordinates":[[139.16321,35.2586],[139.16109,35.25849]]}},{"type":"Feature","properties":{"idx":321,"road":"沼田国府津線","cls":"secondary","shops":0,"st_km":0.21,"mesh":"52397151"},"geometry":{"type":"LineString","coordinates":[[139.14799,35.29513],[139.14507,35.29484],[139.14331,35.29493]]}},{"type":"Feature","properties":{"idx":259,"road":"小田原松田線","cls":"secondary","shops":0,"st_km":1.34,"mesh":"52397152"},"geometry":{"type":"LineString","coordinates":[[139.15919,35.29963],[139.15999,35.29628],[139.16029,35.29559],[139.16103,35.29423],[139.16133,35.29345],[139.16145,35.29298],[139.16155,35.29222],[139.16167,35.28973]]}},{"type":"Feature","properties":{"idx":83,"road":"小田原松田線","cls":"secondary","shops":0,"st_km":1.38,"mesh":"52397162"},"geometry":{"type":"LineString","coordinates":[[139.15925,35.29893],[139.15908,35.29962],[139.15896,35.30044],[139.15894,35.3011],[139.15908,35.30257],[139.15904,35.30305],[139.15881,35.30398],[139.15836,35.30484]]}},{"type":"Feature","properties":{"idx":263,"road":NaN,"cls":"tertiary","shops":0,"st_km":1.14,"mesh":"52397152"},"geometry":{"type":"LineString","coordinates":[[139.16077,35.29135],[139.1606,35.29307],[139.16028,35.29334],[139.1602,35.29354]]}},{"type":"Feature","properties":{"idx":83,"road":"小田原松田線","cls":"secondary","shops":0,"st_km":1.39,"mesh":"52397162"},"geometry":{"type":"LineString","coordinates":[[139.15836,35.30484],[139.15597,35.309]]}},{"type":"Feature","properties":{"idx":106,"road":NaN,"cls":"tertiary","shops":0,"st_km":1.05,"mesh":"52397142"},"geometry":{"type":"LineString","coordinates":[[139.15967,35.29113],[139.1597,35.2912],[139.1601,35.29129],[139.1616,35.29138]]}},{"type":"Feature","properties":{"idx":180,"road":"富士道","cls":"tertiary","shops":0,"st_km":1.6,"mesh":"52397153"},"geometry":{"type":"LineString","coordinates":[[139.16759,35.29232],[139.16678,35.29267],[139.16625,35.2927]]}},{"type":"Feature","properties":{"idx":151,"road":"小田原松田線","cls":"secondary","shops":0,"st_km":1.3,"mesh":"52397181"},"geometry":{"type":"LineString","coordinates":[[139.14512,35.32776],[139.14731,35.3241],[139.15288,35.3145]]}},{"type":"Feature","properties":{"idx":87,"road":"小田原松田線","cls":"secondary","shops":0,"st_km":0.82,"mesh":"52397191"},"geometry":{"type":"LineString","coordinates":[[139.14512,35.32776],[139.145,35.32796]]}},{"type":"Feature","properties":{"idx":222,"road":"富士道","cls":"tertiary","shops":0,"st_km":1.68,"mesh":"52397143"},"geometry":{"type":"LineString","coordinates":[[139.1745,35.2897],[139.17424,35.29033],[139.17402,35.29056],[139.17381,35.29067],[139.1735,35.29077],[139.17197,35.29086]]}},{"type":"Feature","properties":{"idx":77,"road":"小田原松田線","cls":"secondary","shops":0,"st_km":1.52,"mesh":"52397162"},"geometry":{"type":"LineString","coordinates":[[139.15493,35.31099],[139.15768,35.30627],[139.15875,35.30438],[139.15896,35.30389],[139.15912,35.30328],[139.15917,35.30288],[139.15917,35.30237],[139.15904,35.30088],[139.15919,35.29963]]}},{"type":"Feature","properties":{"idx":151,"road":"小田原松田線","cls":"secondary","shops":0,"st_km":1.3,"mesh":"52397181"},"geometry":{"type":"LineString","coordinates":[[139.15279,35.31448],[139.14718,35.32406],[139.14551,35.32698],[139.14512,35.32776]]}},{"type":"Feature","properties":{"idx":146,"road":"富士見大橋","cls":"secondary","shops":0,"st_km":0.8,"mesh":"52397142"},"geometry":{"type":"LineString","coordinates":[[139.15995,35.28977],[139.1572,35.28978]]}},{"type":"Feature","properties":{"idx":326,"road":"沼田国府津線旧道","cls":"tertiary","shops":0,"st_km":0.87,"mesh":"52397152"},"geometry":{"type":"LineString","coordinates":[[139.15467,35.296],[139.15461,35.29598]]}},{"type":"Feature","properties":{"idx":133,"road":"報徳橋　栢山停車場曽我線","cls":"secondary","shops":0,"st_km":0.65,"mesh":"52397171"},"geometry":{"type":"LineString","coordinates":[[139.15081,35.31267],[139.14822,35.31175]]}},{"type":"Feature","properties":{"idx":438,"road":NaN,"cls":"tertiary","shops":0,"st_km":0.06,"mesh":"52397160"},"geometry":{"type":"LineString","coordinates":[[139.12581,35.30168],[139.1271,35.30196]]}},{"type":"Feature","properties":{"idx":293,"road":"沼田国府津線旧道","cls":"tertiary","shops":0,"st_km":1.0,"mesh":"52397152"},"geometry":{"type":"LineString","coordinates":[[139.15766,35.2965],[139.15467,35.296]]}},{"type":"Feature","properties":{"idx":175,"road":"沼田国府津線","cls":"secondary","shops":0,"st_km":0.59,"mesh":"52397142"},"geometry":{"type":"LineString","coordinates":[[139.1538,35.28978],[139.15618,35.28979]]}},{"type":"Feature","properties":{"idx":169,"road":"栢山停車場曽我線","cls":"secondary","shops":0,"st_km":0.4,"mesh":"52397171"},"geometry":{"type":"LineString","coordinates":[[139.14822,35.31175],[139.1473,35.31143],[139.14637,35.31127],[139.14548,35.31097]]}},{"type":"Feature","properties":{"idx":175,"road":"沼田国府津線","cls":"secondary","shops":0,"st_km":1.59,"mesh":"52397145"},"geometry":{"type":"LineString","coordinates":[[139.17897,35.28979],[139.18567,35.28977],[139.18936,35.28951],[139.19616,35.2895]]}},{"type":"Feature","properties":{"idx":170,"road":NaN,"cls":"tertiary","shops":0,"st_km":1.55,"mesh":"52397145"},"geometry":{"type":"LineString","coordinates":[[139.18924,35.28942],[139.18925,35.28567]]}},{"type":"Feature","properties":{"idx":177,"road":"富士道","cls":"tertiary","shops":0,"st_km":1.48,"mesh":"52397145"},"geometry":{"type":"LineString","coordinates":[[139.20411,35.28161],[139.2027,35.28156],[139.20134,35.28185],[139.20077,35.282],[139.19936,35.28257],[139.19868,35.28291],[139.19698,35.28344],[139.19647,35.2835],[139.19431,35.28351],[139.19406,35.28358],[139.19166,35.28473],[139.19131,35.2848],[139.18987,35.28494],[139.18843,35.28569],[139.18802,35.28583],[139.18765,35.28587],[139.18462,35.28579],[139.18403,35.28587],[139.18205,35.28582],[139.18098,35.28588]]}},{"type":"Feature","properties":{"idx":490,"road":"松田国府津線","cls":"primary","shops":0,"st_km":0.97,"mesh":"52397136"},"geometry":{"type":"LineString","coordinates":[[139.20478,35.27874],[139.20432,35.28066],[139.20399,35.28159]]}},{"type":"Feature","properties":{"idx":493,"road":"松田国府津線","cls":"primary","shops":0,"st_km":0.96,"mesh":"52397136"},"geometry":{"type":"LineString","coordinates":[[139.20411,35.28161],[139.20442,35.28067],[139.20488,35.27877]]}},{"type":"Feature","properties":{"idx":232,"road":NaN,"cls":"tertiary","shops":0,"st_km":0.42,"mesh":"52397151"},"geometry":{"type":"LineString","coordinates":[[139.14135,35.29657],[139.14146,35.29684],[139.14159,35.29973],[139.14143,35.3011],[139.14121,35.30181]]}},{"type":"Feature","properties":{"idx":236,"road":"栢山停車場塚原線","cls":"secondary","shops":0,"st_km":0.85,"mesh":"52397160"},"geometry":{"type":"LineString","coordinates":[[139.13147,35.30803],[139.13126,35.30799]]}},{"type":"Feature","properties":{"idx":271,"road":"栢山停車場塚原線","cls":"secondary","shops":0,"st_km":0.69,"mesh":"52397160"},"geometry":{"type":"LineString","coordinates":[[139.12821,35.30745],[139.128,35.30741]]}},{"type":"Feature","properties":{"idx":1039,"road":"沼田国府津線","cls":"secondary","shops":0,"st_km":0.21,"mesh":"52397150"},"geometry":{"type":"LineString","coordinates":[[139.1348,35.29423],[139.13406,35.29408]]}},{"type":"Feature","properties":{"idx":418,"road":NaN,"cls":"tertiary","shops":0,"st_km":0.1,"mesh":"52397160"},"geometry":{"type":"LineString","coordinates":[[139.1271,35.30196],[139.12787,35.3021]]}},{"type":"Feature","properties":{"idx":323,"road":NaN,"cls":"tertiary","shops":0,"st_km":0.36,"mesh":"52397160"},"geometry":{"type":"LineString","coordinates":[[139.13036,35.3025],[139.13056,35.30257]]}},{"type":"Feature","properties":{"idx":295,"road":NaN,"cls":"tertiary","shops":0,"st_km":0.46,"mesh":"52397160"},"geometry":{"type":"LineString","coordinates":[[139.13056,35.30257],[139.13128,35.3028],[139.13235,35.30296]]}},{"type":"Feature","properties":{"idx":364,"road":NaN,"cls":"tertiary","shops":0,"st_km":0.24,"mesh":"52397160"},"geometry":{"type":"LineString","coordinates":[[139.12787,35.3021],[139.12995,35.30237],[139.13036,35.3025]]}},{"type":"Feature","properties":{"idx":255,"road":"栢山停車場塚原線","cls":"secondary","shops":0,"st_km":0.76,"mesh":"52397160"},"geometry":{"type":"LineString","coordinates":[[139.13126,35.30799],[139.12821,35.30745]]}},{"type":"Feature","properties":{"idx":283,"road":"栢山停車場塚原線","cls":"secondary","shops":0,"st_km":0.63,"mesh":"52397160"},"geometry":{"type":"LineString","coordinates":[[139.128,35.30741],[139.1235,35.30662]]}},{"type":"Feature","properties":{"idx":1061,"road":"沼田国府津線","cls":"secondary","shops":0,"st_km":0.19,"mesh":"52397150"},"geometry":{"type":"LineString","coordinates":[[139.13406,35.29408],[139.13221,35.29369]]}},{"type":"Feature","properties":{"idx":1338,"road":"小田原山北線","cls":"primary","shops":0,"st_km":0.06,"mesh":"52397150"},"geometry":{"type":"LineString","coordinates":[[139.12498,35.30312],[139.12533,35.30225],[139.12545,35.30204],[139.12714,35.30038],[139.12799,35.29912],[139.13095,35.29567],[139.13257,35.29313],[139.13293,35.2927],[139.13361,35.29166],[139.13396,35.29125],[139.13438,35.2909],[139.13615,35.28987],[139.14082,35.28533],[139.14125,35.28486],[139.14191,35.28401],[139.14213,35.28381],[139.14249,35.28354],[139.14383,35.28283]]}},{"type":"Feature","properties":{"idx":266,"road":NaN,"cls":"tertiary","shops":0,"st_km":0.88,"mesh":"52397180"},"geometry":{"type":"LineString","coordinates":[[139.12491,35.3188],[139.12861,35.32061]]}},{"type":"Feature","properties":{"idx":263,"road":NaN,"cls":"tertiary","shops":0,"st_km":0.9,"mesh":"52397180"},"geometry":{"type":"LineString","coordinates":[[139.12424,35.32065],[139.12461,35.32076],[139.12502,35.32105],[139.12538,35.32117],[139.12558,35.32129],[139.12567,35.32128],[139.1268,35.31974]]}},{"type":"Feature","properties":{"idx":592,"road":NaN,"cls":"tertiary","shops":0,"st_km":0.05,"mesh":"52397141"},"geometry":{"type":"LineString","coordinates":[[139.13988,35.28854],[139.13929,35.28811]]}},{"type":"Feature","properties":{"idx":1425,"road":NaN,"cls":"tertiary","shops":0,"st_km":0.28,"mesh":"52397140"},"geometry":{"type":"LineString","coordinates":[[139.13929,35.28811],[139.1392,35.2881],[139.13907,35.28823],[139.13897,35.28822],[139.13748,35.2872],[139.13725,35.28698],[139.13721,35.28678],[139.13685,35.28661],[139.1365,35.28637],[139.13599,35.2858],[139.13554,35.28545],[139.13472,35.28495],[139.13453,35.2846],[139.13442,35.28449]]}},{"type":"Feature","properties":{"idx":168,"road":NaN,"cls":"tertiary","shops":0,"st_km":0.73,"mesh":"52397182"},"geometry":{"type":"LineString","coordinates":[[139.15267,35.32029],[139.15395,35.32042],[139.15466,35.32026],[139.15497,35.32026],[139.15749,35.3205],[139.15895,35.32058]]}},{"type":"Feature","properties":{"idx":652,"road":NaN,"cls":"pedestrian","shops":0,"st_km":0.7,"mesh":"52397159"},"geometry":{"type":"LineString","coordinates":[[139.24961,35.29634],[139.24972,35.29614]]}},{"type":"Feature","properties":{"idx":238,"road":NaN,"cls":"tertiary","shops":0,"st_km":1.65,"mesh":"52397159"},"geometry":{"type":"LineString","coordinates":[[139.24,35.29309],[139.23981,35.29337]]}},{"type":"Feature","properties":{"idx":308,"road":NaN,"cls":"tertiary","shops":0,"st_km":1.24,"mesh":"52397159"},"geometry":{"type":"LineString","coordinates":[[139.23981,35.29337],[139.23963,35.29375],[139.2396,35.29475],[139.23906,35.29578],[139.23844,35.29631],[139.23844,35.29644],[139.23896,35.29662],[139.24091,35.29689],[139.24118,35.29708],[139.24177,35.29772],[139.24194,35.29779],[139.24403,35.2978],[139.24457,35.29771],[139.24437,35.29838],[139.24448,35.29912],[139.24459,35.2993],[139.24472,35.29939],[139.24518,35.29956],[139.24535,35.29969],[139.24606,35.30096],[139.24616,35.30138],[139.24602,35.30188],[139.24602,35.30207],[139.24641,35.30286],[139.24643,35.30375]]}},{"type":"Feature","properties":{"idx":1381,"road":NaN,"cls":"tertiary","shops":0,"st_km":0.85,"mesh":"52397135"},"geometry":{"type":"LineString","coordinates":[[139.18922,35.27586],[139.18929,35.27668],[139.1893,35.27918]]}},{"type":"Feature","properties":{"idx":309,"road":"中井羽根尾線","cls":"secondary","shops":0,"st_km":2.19,"mesh":"52397158"},"geometry":{"type":"LineString","coordinates":[[139.22851,35.29997],[139.23027,35.29879],[139.23218,35.29817],[139.23235,35.29807],[139.23247,35.29795],[139.23255,35.29775],[139.23285,35.2956],[139.2341,35.29277],[139.23467,35.29189],[139.23513,35.29174],[139.23564,35.29101],[139.2359,35.29073],[139.23643,35.29036],[139.23742,35.28984]]}},{"type":"Feature","properties":{"idx":215,"road":"沼田国府津線","cls":"secondary","shops":0,"st_km":0.63,"mesh":"52397151"},"geometry":{"type":"LineString","coordinates":[[139.14799,35.29513],[139.14823,35.2942],[139.14846,35.29192],[139.1486,35.29124],[139.14921,35.28995],[139.14977,35.28859]]}},{"type":"Feature","properties":{"idx":211,"road":"怒田開成小田原線","cls":"secondary","shops":0,"st_km":0.51,"mesh":"52397132"},"geometry":{"type":"LineString","coordinates":[[139.15533,35.28013],[139.15524,35.2793]]}},{"type":"Feature","properties":{"idx":546,"road":"怒田開成小田原線","cls":"secondary","shops":0,"st_km":0.21,"mesh":"52397122"},"geometry":{"type":"LineString","coordinates":[[139.15514,35.27601],[139.15674,35.27479],[139.1579,35.27381],[139.15926,35.27234],[139.15947,35.27197]]}},{"type":"Feature","properties":{"idx":511,"road":"怒田開成小田原線","cls":"secondary","shops":0,"st_km":0.33,"mesh":"52397122"},"geometry":{"type":"LineString","coordinates":[[139.15947,35.27197],[139.1601,35.27123],[139.16035,35.27063],[139.16124,35.26956]]}},{"type":"Feature","properties":{"idx":1516,"road":"怒田開成小田原線","cls":"secondary","shops":0,"st_km":0.74,"mesh":"52397123"},"geometry":{"type":"LineString","coordinates":[[139.16222,35.26935],[139.16353,35.26886],[139.16546,35.26832],[139.16729,35.26703],[139.16801,35.26632]]}},{"type":"Feature","properties":{"idx":380,"road":NaN,"cls":"tertiary","shops":0,"st_km":0.94,"mesh":"52397113"},"geometry":{"type":"LineString","coordinates":[[139.17042,35.26449],[139.16698,35.26167],[139.16658,35.2614],[139.16552,35.26095]]}},{"type":"Feature","properties":{"idx":1290,"road":"小田原大橋","cls":"secondary","shops":0,"st_km":1.03,"mesh":"52397123"},"geometry":{"type":"LineString","coordinates":[[139.17266,35.26656],[139.17528,35.26939]]}},{"type":"Feature","properties":{"idx":110,"road":NaN,"cls":"tertiary","shops":0,"st_km":0.42,"mesh":"52397191"},"geometry":{"type":"LineString","coordinates":[[139.14706,35.32759],[139.14637,35.3286],[139.14623,35.32899],[139.1462,35.32927],[139.146,35.33203],[139.14596,35.3351],[139.14607,35.33642],[139.14441,35.33729],[139.14382,35.3377]]}},{"type":"Feature","properties":{"idx":89,"road":NaN,"cls":"tertiary","shops":0,"st_km":0.96,"mesh":"52397192"},"geometry":{"type":"LineString","coordinates":[[139.15473,35.32412],[139.15409,35.32419],[139.1536,35.32442],[139.15291,35.32445],[139.15162,35.32465],[139.1503,35.32518],[139.1501,35.32532],[139.14972,35.32618],[139.1494,35.32656],[139.14873,35.3268],[139.14797,35.32724],[139.14714,35.32746]]}},{"type":"Feature","properties":{"idx":103,"road":NaN,"cls":"tertiary","shops":0,"st_km":0.77,"mesh":"52397192"},"geometry":{"type":"LineString","coordinates":[[139.16041,35.33228],[139.16011,35.33231],[139.15987,35.33258],[139.15974,35.33293],[139.15934,35.3335],[139.15931,35.33392],[139.15916,35.33451],[139.15899,35.33461],[139.15888,35.33458],[139.15883,35.33448],[139.1589,35.33423],[139.15899,35.33327],[139.15911,35.33294],[139.15941,35.33253],[139.15939,35.33243],[139.15922,35.3324],[139.15888,35.33288],[139.15857,35.33294],[139.15657,35.33279],[139.15584,35.33254]]}},{"type":"Feature","properties":{"idx":90,"road":NaN,"cls":"tertiary","shops":0,"st_km":0.95,"mesh":"52397192"},"geometry":{"type":"LineString","coordinates":[[139.16135,35.33269],[139.16041,35.33228]]}},{"type":"Feature","properties":{"idx":94,"road":NaN,"cls":"tertiary","shops":0,"st_km":0.88,"mesh":"52397192"},"geometry":{"type":"LineString","coordinates":[[139.16163,35.32474],[139.162,35.32507],[139.16205,35.32525],[139.16163,35.326],[139.16125,35.32759],[139.16126,35.32777],[139.16139,35.32809],[139.16201,35.32888],[139.16208,35.32914],[139.16204,35.32947],[139.16049,35.33244],[139.16005,35.33373],[139.16001,35.33409],[139.16029,35.33486],[139.16028,35.33509],[139.16018,35.33538],[139.15988,35.33579],[139.15842,35.33716],[139.15711,35.33819],[139.15676,35.33859],[139.15661,35.33885],[139.15644,35.33947],[139.15647,35.33995],[139.15666,35.3405],[139.15694,35.34089]]}},{"type":"Feature","properties":{"idx":18,"road":NaN,"cls":"tertiary","shops":0,"st_km":0.87,"mesh":"52397193"},"geometry":{"type":"LineString","coordinates":[[139.16279,35.33288],[139.163,35.3322],[139.16313,35.33194],[139.16394,35.33129],[139.16416,35.33103],[139.16454,35.33018],[139.16644,35.3271],[139.1671,35.3262]]}},{"type":"Feature","properties":{"idx":38,"road":"松田国府津線","cls":"primary","shops":0,"st_km":1.07,"mesh":"52397174"},"geometry":{"type":"LineString","coordinates":[[139.17449,35.31455],[139.17509,35.31402],[139.1753,35.31377],[139.17674,35.31155],[139.17772,35.31017],[139.17825,35.30924],[139.17863,35.30889],[139.17886,35.30876],[139.17929,35.30861]]}},{"type":"Feature","properties":{"idx":1465,"road":"松田国府津線","cls":"primary","shops":0,"st_km":1.24,"mesh":"52397155"},"geometry":{"type":"LineString","coordinates":[[139.18145,35.30794],[139.18217,35.3077],[139.18254,35.30751],[139.1858,35.30529],[139.18639,35.30484],[139.18679,35.30445],[139.18844,35.30264],[139.189,35.30229],[139.18953,35.30208],[139.19183,35.30136],[139.19207,35.3014],[139.19242,35.30158],[139.1929,35.30175],[139.19406,35.30197],[139.19468,35.3019],[139.19495,35.30172],[139.19516,35.30139],[139.19544,35.30068],[139.19571,35.29957],[139.19614,35.29852],[139.19757,35.29521],[139.19777,35.29489],[139.19864,35.29407],[139.20003,35.29305],[139.20259,35.29131],[139.20367,35.29031],[139.20401,35.2897],[139.20411,35.28932],[139.20465,35.28511]]}},{"type":"Feature","properties":{"idx":844,"road":"沼田国府津線","cls":"secondary","shops":0,"st_km":0.42,"mesh":"52397150"},"geometry":{"type":"LineString","coordinates":[[139.14017,35.29501],[139.13814,35.29486],[139.1348,35.29423]]}},{"type":"Feature","properties":{"idx":263,"road":"沼田国府津線","cls":"secondary","shops":0,"st_km":0.41,"mesh":"52397151"},"geometry":{"type":"LineString","coordinates":[[139.14211,35.295],[139.14103,35.29504],[139.14017,35.29501]]}},{"type":"Feature","properties":{"idx":285,"road":"沼田国府津線","cls":"secondary","shops":0,"st_km":0.33,"mesh":"52397151"},"geometry":{"type":"LineString","coordinates":[[139.1423,35.29499],[139.14211,35.295]]}},{"type":"Feature","properties":{"idx":197,"road":NaN,"cls":"tertiary","shops":0,"st_km":0.52,"mesh":"52397161"},"geometry":{"type":"LineString","coordinates":[[139.14587,35.30068],[139.14958,35.30121]]}},{"type":"Feature","properties":{"idx":213,"road":NaN,"cls":"tertiary","shops":0,"st_km":0.44,"mesh":"52397161"},"geometry":{"type":"LineString","coordinates":[[139.14598,35.30054],[139.14639,35.30077]]}},{"type":"Feature","properties":{"idx":314,"road":NaN,"cls":"tertiary","shops":0,"st_km":0.91,"mesh":"52397152"},"geometry":{"type":"LineString","coordinates":[[139.15514,35.29398],[139.15401,35.29383]]}},{"type":"Feature","properties":{"idx":155,"road":NaN,"cls":"tertiary","shops":0,"st_km":0.37,"mesh":"52397171"},"geometry":{"type":"LineString","coordinates":[[139.14574,35.31321],[139.14614,35.31221],[139.14665,35.31131]]}},{"type":"Feature","properties":{"idx":599,"road":"怒田開成小田原線","cls":"secondary","shops":0,"st_km":0.2,"mesh":"52397180"},"geometry":{"type":"LineString","coordinates":[[139.13269,35.32796],[139.13322,35.32734],[139.13364,35.3267],[139.13381,35.32634],[139.13508,35.32452],[139.13536,35.32404],[139.13612,35.32144]]}},{"type":"Feature","properties":{"idx":165,"road":NaN,"cls":"tertiary","shops":0,"st_km":0.72,"mesh":"52397161"},"geometry":{"type":"LineString","coordinates":[[139.14121,35.30181],[139.14102,35.30246],[139.14086,35.30265],[139.14083,35.30276]]}},{"type":"Feature","properties":{"idx":498,"road":NaN,"cls":"tertiary","shops":0,"st_km":0.22,"mesh":"52397141"},"geometry":{"type":"LineString","coordinates":[[139.1428,35.28949],[139.14148,35.28916],[139.14044,35.2888],[139.13988,35.28854]]}},{"type":"Feature","properties":{"idx":423,"road":NaN,"cls":"tertiary","shops":0,"st_km":0.46,"mesh":"52397141"},"geometry":{"type":"LineString","coordinates":[[139.14764,35.28901],[139.14802,35.28583]]}},{"type":"Feature","properties":{"idx":402,"road":NaN,"cls":"tertiary","shops":0,"st_km":0.31,"mesh":"52397134"},"geometry":{"type":"LineString","coordinates":[[139.18345,35.27559],[139.18361,35.27559]]}},{"type":"Feature","properties":{"idx":305,"road":NaN,"cls":"tertiary","shops":0,"st_km":0.59,"mesh":"52397134"},"geometry":{"type":"LineString","coordinates":[[139.18361,35.27559],[139.18738,35.27562],[139.18744,35.27566],[139.18899,35.27434]]}},{"type":"Feature","properties":{"idx":387,"road":NaN,"cls":"tertiary","shops":0,"st_km":0.7,"mesh":"52397124"},"geometry":{"type":"LineString","coordinates":[[139.18377,35.2721],[139.18914,35.27209]]}},{"type":"Feature","properties":{"idx":458,"road":NaN,"cls":"tertiary","shops":0,"st_km":0.52,"mesh":"52397124"},"geometry":{"type":"LineString","coordinates":[[139.18365,35.2721],[139.18377,35.2721]]}},{"type":"Feature","properties":{"idx":50,"road":NaN,"cls":"tertiary","shops":0,"st_km":3.69,"mesh":"52397198"},"geometry":{"type":"LineString","coordinates":[[139.2353,35.32988],[139.23545,35.32969],[139.23602,35.32927],[139.23611,35.32915],[139.23655,35.32825],[139.23755,35.32642],[139.23792,35.32607],[139.23822,35.32568],[139.23859,35.32545]]}},{"type":"Feature","properties":{"idx":21,"road":"秦野二宮線","cls":"primary","shops":0,"st_km":2.76,"mesh":"52397189"},"geometry":{"type":"LineString","coordinates":[[139.23831,35.32279],[139.23924,35.32116],[139.2422,35.31625]]}},{"type":"Feature","properties":{"idx":48,"road":"中津橋","cls":"tertiary","shops":0,"st_km":4.24,"mesh":"52397198"},"geometry":{"type":"LineString","coordinates":[[139.23465,35.3325],[139.23479,35.33247]]}},{"type":"Feature","properties":{"idx":16,"road":NaN,"cls":"primary_link","shops":0,"st_km":2.54,"mesh":"52397189"},"geometry":{"type":"LineString","coordinates":[[139.24236,35.31837],[139.24198,35.31811],[139.24177,35.31809]]}},{"type":"Feature","properties":{"idx":15,"road":NaN,"cls":"primary_link","shops":0,"st_km":2.59,"mesh":"52397189"},"geometry":{"type":"LineString","coordinates":[[139.2411,35.31819],[139.24089,35.31811]]}},{"type":"Feature","properties":{"idx":183,"road":NaN,"cls":"tertiary","shops":0,"st_km":1.87,"mesh":"52397169"},"geometry":{"type":"LineString","coordinates":[[139.24065,35.30596],[139.23867,35.3054],[139.23849,35.30542],[139.23704,35.30764],[139.23702,35.30805]]}},{"type":"Feature","properties":{"idx":202,"road":NaN,"cls":"tertiary","shops":0,"st_km":2.89,"mesh":"52397178"},"geometry":{"type":"LineString","coordinates":[[139.22987,35.30984],[139.22946,35.31016],[139.22901,35.3103],[139.22671,35.31055]]}},{"type":"Feature","properties":{"idx":196,"road":NaN,"cls":"tertiary","shops":0,"st_km":3.08,"mesh":"52397178"},"geometry":{"type":"LineString","coordinates":[[139.22671,35.31055],[139.22572,35.31066]]}},{"type":"Feature","properties":{"idx":195,"road":NaN,"cls":"tertiary","shops":0,"st_km":3.13,"mesh":"52397178"},"geometry":{"type":"LineString","coordinates":[[139.22572,35.31066],[139.22555,35.31067]]}},{"type":"Feature","properties":{"idx":9,"road":"平塚松田線","cls":"primary","shops":0,"st_km":3.87,"mesh":"52397196"},"geometry":{"type":"LineString","coordinates":[[139.21402,35.3318],[139.21365,35.33181],[139.21248,35.33168],[139.21222,35.33156],[139.21167,35.33114],[139.21137,35.331],[139.21099,35.33096],[139.21009,35.33099],[139.20947,35.3311],[139.20839,35.33154],[139.20709,35.33174],[139.20514,35.3325]]}},{"type":"Feature","properties":{"idx":58,"road":NaN,"cls":"tertiary","shops":0,"st_km":0.58,"mesh":"52397173"},"geometry":{"type":"LineString","coordinates":[[139.16396,35.31414],[139.1637,35.31479],[139.1637,35.31584],[139.16359,35.31634],[139.1636,35.31675],[139.16354,35.31697],[139.16339,35.31716],[139.16232,35.31811],[139.16215,35.31859]]}},{"type":"Feature","properties":{"idx":39,"road":NaN,"cls":"tertiary","shops":0,"st_km":1.13,"mesh":"52397173"},"geometry":{"type":"LineString","coordinates":[[139.16839,35.30927],[139.17135,35.30964],[139.17225,35.3097],[139.17579,35.30935],[139.17647,35.30924],[139.17703,35.30905],[139.1774,35.30886],[139.17802,35.30838]]}},{"type":"Feature","properties":{"idx":31,"road":NaN,"cls":"tertiary","shops":0,"st_km":1.45,"mesh":"52397173"},"geometry":{"type":"LineString","coordinates":[[139.16804,35.30923],[139.16839,35.30927]]}},{"type":"Feature","properties":{"idx":156,"road":NaN,"cls":"tertiary","shops":0,"st_km":0.82,"mesh":"52397182"},"geometry":{"type":"LineString","coordinates":[[139.15487,35.32256],[139.15473,35.32412]]}},{"type":"Feature","properties":{"idx":300,"road":"栢山停車場曽我線","cls":"secondary","shops":0,"st_km":0.22,"mesh":"52397182"},"geometry":{"type":"LineString","coordinates":[[139.16169,35.32051],[139.16178,35.32055]]}},{"type":"Feature","properties":{"idx":189,"road":"栢山停車場曽我線","cls":"secondary","shops":0,"st_km":0.39,"mesh":"52397183"},"geometry":{"type":"LineString","coordinates":[[139.16552,35.31985],[139.16571,35.31955],[139.16606,35.3194],[139.16636,35.3191],[139.16678,35.31913],[139.16703,35.31928],[139.16741,35.31931],[139.16779,35.3194]]}},{"type":"Feature","properties":{"idx":210,"road":NaN,"cls":"tertiary","shops":0,"st_km":1.24,"mesh":"52397163"},"geometry":{"type":"LineString","coordinates":[[139.16991,35.30557],[139.17014,35.30558]]}},{"type":"Feature","properties":{"idx":240,"road":NaN,"cls":"tertiary","shops":0,"st_km":1.05,"mesh":"52397163"},"geometry":{"type":"LineString","coordinates":[[139.17014,35.30558],[139.17414,35.30566]]}},{"type":"Feature","properties":{"idx":809,"road":"成田下曽我停車場線","cls":"secondary","shops":2,"st_km":0.71,"mesh":"52397154"},"geometry":{"type":"LineString","coordinates":[[139.18451,35.3012],[139.18422,35.30097],[139.18418,35.30079],[139.1848,35.2989],[139.18484,35.2981],[139.18497,35.29729],[139.18384,35.29712],[139.18247,35.29671],[139.18201,35.29662],[139.18081,35.29646],[139.17994,35.29557],[139.17928,35.29511]]}},{"type":"Feature","properties":{"idx":265,"road":"千代橋","cls":"secondary","shops":0,"st_km":1.27,"mesh":"52397154"},"geometry":{"type":"LineString","coordinates":[[139.17621,35.29382],[139.17597,35.29381]]}},{"type":"Feature","properties":{"idx":283,"road":NaN,"cls":"tertiary","shops":0,"st_km":1.57,"mesh":"52397144"},"geometry":{"type":"LineString","coordinates":[[139.17597,35.29381],[139.17754,35.29189],[139.17845,35.29025],[139.17975,35.28831],[139.1801,35.2876],[139.18076,35.28589]]}},{"type":"Feature","properties":{"idx":221,"road":"成田下曽我停車場線","cls":"secondary","shops":0,"st_km":1.4,"mesh":"52397153"},"geometry":{"type":"LineString","coordinates":[[139.17597,35.29381],[139.17328,35.29372],[139.17177,35.29376],[139.17144,35.29364]]}},{"type":"Feature","properties":{"idx":187,"road":"成田下曽我停車場線","cls":"secondary","shops":0,"st_km":1.76,"mesh":"52397153"},"geometry":{"type":"LineString","coordinates":[[139.17067,35.29219],[139.16938,35.29241],[139.16857,35.29232],[139.16759,35.29232]]}},{"type":"Feature","properties":{"idx":210,"road":NaN,"cls":"tertiary","shops":0,"st_km":1.24,"mesh":"52397163"},"geometry":{"type":"LineString","coordinates":[[139.17045,35.30032],[139.17036,35.30025]]}},{"type":"Feature","properties":{"idx":193,"road":NaN,"cls":"tertiary","shops":0,"st_km":1.43,"mesh":"52397153"},"geometry":{"type":"LineString","coordinates":[[139.17036,35.30025],[139.16722,35.29785],[139.16704,35.29775]]}},{"type":"Feature","properties":{"idx":142,"road":NaN,"cls":"tertiary","shops":0,"st_km":0.41,"mesh":"52397192"},"geometry":{"type":"LineString","coordinates":[[139.15199,35.33134],[139.15219,35.32932]]}},{"type":"Feature","properties":{"idx":102,"road":NaN,"cls":"tertiary","shops":0,"st_km":0.79,"mesh":"52397192"},"geometry":{"type":"LineString","coordinates":[[139.15219,35.32932],[139.15254,35.32776],[139.15351,35.32502],[139.15361,35.32452]]}},{"type":"Feature","properties":{"idx":96,"road":NaN,"cls":"tertiary","shops":0,"st_km":0.85,"mesh":"52397192"},"geometry":{"type":"LineString","coordinates":[[139.15277,35.32717],[139.15603,35.32719],[139.15702,35.32698],[139.15708,35.32691],[139.15725,35.32482],[139.15716,35.32382]]}},{"type":"Feature","properties":{"idx":140,"road":NaN,"cls":"tertiary","shops":0,"st_km":0.96,"mesh":"52397182"},"geometry":{"type":"LineString","coordinates":[[139.15361,35.32452],[139.1536,35.32444]]}},{"type":"Feature","properties":{"idx":194,"road":"沼田国府津線","cls":"secondary","shops":0,"st_km":0.48,"mesh":"52397142"},"geometry":{"type":"LineString","coordinates":[[139.14977,35.28859],[139.15011,35.28878],[139.15055,35.28929],[139.15132,35.28969]]}},{"type":"Feature","properties":{"idx":201,"road":"小田原山北線","cls":"primary","shops":2,"st_km":0.33,"mesh":"52397102"},"geometry":{"type":"LineString","coordinates":[[139.15221,35.25772],[139.15251,35.25655]]}},{"type":"Feature","properties":{"idx":347,"road":NaN,"cls":"tertiary","shops":0,"st_km":0.57,"mesh":"52397112"},"geometry":{"type":"LineString","coordinates":[[139.15056,35.26327],[139.1513,35.26316],[139.15208,35.26273],[139.15264,35.26253],[139.15297,35.26233],[139.1534,35.26218],[139.15374,35.26219],[139.15421,35.2623],[139.15512,35.26236],[139.15587,35.26223],[139.15657,35.2622]]}},{"type":"Feature","properties":{"idx":576,"road":NaN,"cls":"tertiary","shops":1,"st_km":0.57,"mesh":"52397112"},"geometry":{"type":"LineString","coordinates":[[139.16065,35.2647],[139.16053,35.26442]]}},{"type":"Feature","properties":{"idx":527,"road":NaN,"cls":"tertiary","shops":1,"st_km":0.56,"mesh":"52397112"},"geometry":{"type":"LineString","coordinates":[[139.16053,35.26442],[139.16028,35.26392],[139.1601,35.26378]]}},{"type":"Feature","properties":{"idx":484,"road":"怒田開成小田原線","cls":"secondary","shops":0,"st_km":0.58,"mesh":"52397124"},"geometry":{"type":"LineString","coordinates":[[139.17528,35.26939],[139.17627,35.27043],[139.17708,35.27099],[139.17807,35.27145],[139.17875,35.27171],[139.17984,35.27198]]}},{"type":"Feature","properties":{"idx":57,"road":NaN,"cls":"tertiary","shops":0,"st_km":1.14,"mesh":"52397130"},"geometry":{"type":"LineString","coordinates":[[139.13091,35.28095],[139.13073,35.28044],[139.13067,35.27981]]}},{"type":"Feature","properties":{"idx":62,"road":NaN,"cls":"tertiary","shops":0,"st_km":1.02,"mesh":"52397130"},"geometry":{"type":"LineString","coordinates":[[139.13134,35.28171],[139.13117,35.2814]]}},{"type":"Feature","properties":{"idx":908,"road":NaN,"cls":"tertiary","shops":0,"st_km":0.77,"mesh":"52397140"},"geometry":{"type":"LineString","coordinates":[[139.13442,35.28449],[139.13315,35.28387],[139.1323,35.28336],[139.1322,35.28321],[139.13217,35.28298],[139.13208,35.28279],[139.13169,35.28234],[139.13159,35.28216]]}},{"type":"Feature","properties":{"idx":60,"road":NaN,"cls":"tertiary","shops":0,"st_km":1.06,"mesh":"52397130"},"geometry":{"type":"LineString","coordinates":[[139.13117,35.2814],[139.13091,35.28095]]}},{"type":"Feature","properties":{"idx":64,"road":NaN,"cls":"tertiary","shops":0,"st_km":0.97,"mesh":"52397130"},"geometry":{"type":"LineString","coordinates":[[139.13159,35.28216],[139.13134,35.28171]]}},{"type":"Feature","properties":{"idx":385,"road":NaN,"cls":"tertiary","shops":1,"st_km":1.14,"mesh":"52397154"},"geometry":{"type":"LineString","coordinates":[[139.18558,35.28956],[139.18581,35.29011],[139.18589,35.29093],[139.18586,35.29109],[139.18557,35.29168],[139.18544,35.29208],[139.18534,35.29342],[139.18537,35.29388],[139.18532,35.29577],[139.18497,35.29729]]}},{"type":"Feature","properties":{"idx":333,"road":NaN,"cls":"tertiary","shops":0,"st_km":1.4,"mesh":"52397144"},"geometry":{"type":"LineString","coordinates":[[139.18439,35.28583],[139.18444,35.28626],[139.1844,35.28759],[139.18443,35.28807],[139.18477,35.28871],[139.1854,35.289],[139.18558,35.28956]]}},{"type":"Feature","properties":{"idx":192,"road":NaN,"cls":"tertiary","shops":0,"st_km":1.36,"mesh":"52397145"},"geometry":{"type":"LineString","coordinates":[[139.18925,35.28556],[139.18925,35.28526]]}},{"type":"Feature","properties":{"idx":284,"road":"関口川橋","cls":"tertiary","shops":1,"st_km":1.37,"mesh":"52397145"},"geometry":{"type":"LineString","coordinates":[[139.18925,35.28567],[139.18925,35.28556]]}},{"type":"Feature","properties":{"idx":480,"road":NaN,"cls":"tertiary","shops":1,"st_km":0.54,"mesh":"52397134"},"geometry":{"type":"LineString","coordinates":[[139.18316,35.27988],[139.18334,35.27988]]}},{"type":"Feature","properties":{"idx":1434,"road":"巡礼街道","cls":"tertiary","shops":1,"st_km":1.34,"mesh":"52397135"},"geometry":{"type":"LineString","coordinates":[[139.18334,35.27988],[139.20383,35.27995],[139.20458,35.28]]}},{"type":"Feature","properties":{"idx":347,"road":NaN,"cls":"tertiary","shops":0,"st_km":1.07,"mesh":"52397143"},"geometry":{"type":"LineString","coordinates":[[139.16977,35.28383],[139.17355,35.28382],[139.17417,35.28389],[139.17472,35.28386],[139.17764,35.28388]]}},{"type":"Feature","properties":{"idx":1164,"road":"小田原松田線","cls":"secondary","shops":0,"st_km":1.14,"mesh":"52397133"},"geometry":{"type":"LineString","coordinates":[[139.16617,35.28981],[139.16617,35.28972],[139.16579,35.2888],[139.16565,35.28781],[139.16513,35.28685],[139.16511,35.28431],[139.16507,35.28391],[139.16498,35.28331],[139.1647,35.28246],[139.16443,35.28115],[139.16411,35.28056],[139.16356,35.27998],[139.16345,35.27969],[139.16348,35.27961],[139.16359,35.27954],[139.16427,35.27953],[139.16417,35.27889],[139.16356,35.27745],[139.16432,35.27605],[139.16477,35.27586]]}},{"type":"Feature","properties":{"idx":394,"road":NaN,"cls":"tertiary","shops":0,"st_km":0.33,"mesh":"52397134"},"geometry":{"type":"LineString","coordinates":[[139.17526,35.27588],[139.1771,35.27544],[139.17792,35.27556]]}},{"type":"Feature","properties":{"idx":1405,"road":NaN,"cls":"tertiary","shops":0,"st_km":0.89,"mesh":"52397133"},"geometry":{"type":"LineString","coordinates":[[139.17526,35.27588],[139.17492,35.27596],[139.17402,35.27639],[139.17372,35.27644],[139.17327,35.27625],[139.17245,35.27608],[139.17127,35.27641],[139.1709,35.27645],[139.16995,35.27638],[139.16903,35.27649],[139.16858,35.27649],[139.16561,35.2763],[139.16538,35.27639]]}},{"type":"Feature","properties":{"idx":17,"road":NaN,"cls":"tertiary","shops":0,"st_km":0.96,"mesh":"52397193"},"geometry":{"type":"LineString","coordinates":[[139.17262,35.32851],[139.17178,35.32858],[139.17108,35.32885],[139.17048,35.32926],[139.17013,35.32931],[139.16977,35.32921],[139.16915,35.32887],[139.16858,35.32827],[139.16829,35.3281],[139.16798,35.32804],[139.16681,35.32814],[139.16639,35.32799]]}},{"type":"Feature","properties":{"idx":482,"road":"小田原山北線","cls":"primary","shops":0,"st_km":0.51,"mesh":"52397122"},"geometry":{"type":"LineString","coordinates":[[139.1507,35.26848],[139.15071,35.26836]]}},{"type":"Feature","properties":{"idx":416,"road":"小田原山北線","cls":"primary","shops":0,"st_km":0.73,"mesh":"52397112"},"geometry":{"type":"LineString","coordinates":[[139.15071,35.26836],[139.15056,35.26327],[139.15069,35.26249]]}},{"type":"Feature","properties":{"idx":87,"road":NaN,"cls":"tertiary","shops":0,"st_km":1.86,"mesh":"52397179"},"geometry":{"type":"LineString","coordinates":[[139.24168,35.31208],[139.24213,35.31103],[139.24233,35.31083],[139.24256,35.31076],[139.24304,35.31086],[139.24322,35.31081],[139.24322,35.31068],[139.2425,35.30995]]}},{"type":"Feature","properties":{"idx":86,"road":NaN,"cls":"tertiary","shops":0,"st_km":1.89,"mesh":"52397179"},"geometry":{"type":"LineString","coordinates":[[139.23989,35.30937],[139.24139,35.30938]]}},{"type":"Feature","properties":{"idx":82,"road":NaN,"cls":"tertiary","shops":0,"st_km":1.99,"mesh":"52397179"},"geometry":{"type":"LineString","coordinates":[[139.23842,35.30937],[139.23989,35.30937]]}},{"type":"Feature","properties":{"idx":73,"road":NaN,"cls":"tertiary","shops":0,"st_km":2.31,"mesh":"52397179"},"geometry":{"type":"LineString","coordinates":[[139.24228,35.31595],[139.24308,35.31601]]}},{"type":"Feature","properties":{"idx":89,"road":NaN,"cls":"tertiary","shops":0,"st_km":1.8,"mesh":"52397179"},"geometry":{"type":"LineString","coordinates":[[139.24139,35.30938],[139.24168,35.30938],[139.242,35.3095],[139.2425,35.30995]]}},{"type":"Feature","properties":{"idx":255,"road":NaN,"cls":"tertiary","shops":1,"st_km":0.62,"mesh":"52397132"},"geometry":{"type":"LineString","coordinates":[[139.15784,35.2806],[139.157,35.28048]]}},{"type":"Feature","properties":{"idx":58,"road":"国安道路","cls":"tertiary","shops":0,"st_km":0.66,"mesh":"52397102"},"geometry":{"type":"LineString","coordinates":[[139.15131,35.25029],[139.15168,35.25085],[139.15226,35.25193]]}},{"type":"Feature","properties":{"idx":258,"road":NaN,"cls":"tertiary","shops":1,"st_km":0.6,"mesh":"52397132"},"geometry":{"type":"LineString","coordinates":[[139.15689,35.28046],[139.157,35.28048]]}},{"type":"Feature","properties":{"idx":55,"road":NaN,"cls":"tertiary","shops":0,"st_km":0.66,"mesh":"52397100"},"geometry":{"type":"LineString","coordinates":[[139.13497,35.24916],[139.13493,35.24931],[139.13475,35.24948],[139.1346,35.24996],[139.13429,35.25048],[139.13403,35.2506],[139.13369,35.25064],[139.13345,35.25085],[139.13315,35.251],[139.13314,35.25118],[139.13334,35.25146],[139.1333,35.25161]]}},{"type":"Feature","properties":{"idx":911,"road":"ダイヤ街","cls":"pedestrian","shops":14,"st_km":0.3,"mesh":"52397102"},"geometry":{"type":"LineString","coordinates":[[139.15863,35.25398],[139.15867,35.25406],[139.15864,35.25563]]}},{"type":"Feature","properties":{"idx":176,"road":NaN,"cls":"tertiary","shops":0,"st_km":0.58,"mesh":"52397132"},"geometry":{"type":"LineString","coordinates":[[139.15535,35.28026],[139.15689,35.28046]]}},{"type":"Feature","properties":{"idx":347,"road":NaN,"cls":"tertiary","shops":0,"st_km":0.75,"mesh":"52397103"},"geometry":{"type":"LineString","coordinates":[[139.1693,35.25721],[139.16339,35.25688]]}},{"type":"Feature","properties":{"idx":368,"road":NaN,"cls":"tertiary","shops":0,"st_km":1.52,"mesh":"52397158"},"geometry":{"type":"LineString","coordinates":[[139.2239,35.29209],[139.2244,35.29228],[139.22526,35.29237],[139.22548,35.29234],[139.22614,35.29212]]}},{"type":"Feature","properties":{"idx":164,"road":NaN,"cls":"tertiary","shops":0,"st_km":0.66,"mesh":"52397132"},"geometry":{"type":"LineString","coordinates":[[139.15784,35.2806],[139.15874,35.28072]]}},{"type":"Feature","properties":{"idx":376,"road":NaN,"cls":"tertiary","shops":0,"st_km":0.48,"mesh":"52397112"},"geometry":{"type":"LineString","coordinates":[[139.15926,35.26355],[139.16023,35.26342]]}},{"type":"Feature","properties":{"idx":373,"road":NaN,"cls":"tertiary","shops":0,"st_km":0.6,"mesh":"52397112"},"geometry":{"type":"LineString","coordinates":[[139.15436,35.26401],[139.15518,35.26395]]}},{"type":"Feature","properties":{"idx":476,"road":NaN,"cls":"tertiary","shops":0,"st_km":0.23,"mesh":"52397112"},"geometry":{"type":"LineString","coordinates":[[139.15961,35.26045],[139.15955,35.26062],[139.15946,35.2607],[139.15853,35.26097],[139.15778,35.26156],[139.15657,35.2622]]}},{"type":"Feature","properties":{"idx":42,"road":NaN,"cls":"tertiary","shops":0,"st_km":0.99,"mesh":"52397100"},"geometry":{"type":"LineString","coordinates":[[139.12793,35.25264],[139.12799,35.25316],[139.12819,35.25357],[139.12973,35.25525],[139.13006,35.25568],[139.13014,35.2559],[139.13018,35.25617],[139.13015,35.25684],[139.13018,35.25711],[139.13029,35.25744],[139.13062,35.25794]]}},{"type":"Feature","properties":{"idx":152,"road":NaN,"cls":"tertiary","shops":0,"st_km":2.26,"mesh":"52397167"},"geometry":{"type":"LineString","coordinates":[[139.2197,35.30194],[139.22002,35.3018],[139.22037,35.30174],[139.22129,35.3012],[139.22153,35.30084],[139.2216,35.30036],[139.22168,35.30013],[139.22182,35.29992],[139.22219,35.29954]]}},{"type":"Feature","properties":{"idx":542,"road":"鴨ノ宮停車場矢作線","cls":"secondary","shops":0,"st_km":0.9,"mesh":"52397144"},"geometry":{"type":"LineString","coordinates":[[139.17766,35.27993],[139.1776,35.28288],[139.17767,35.28398],[139.17788,35.28408],[139.17852,35.28412],[139.1791,35.28423],[139.1792,35.28429],[139.17945,35.28482],[139.18009,35.28521],[139.18013,35.28538],[139.17992,35.2858],[139.17994,35.28591]]}},{"type":"Feature","properties":{"idx":1564,"road":"巡礼街道","cls":"tertiary","shops":0,"st_km":0.76,"mesh":"52397133"},"geometry":{"type":"LineString","coordinates":[[139.16935,35.2799],[139.17586,35.27989],[139.17766,35.27993]]}},{"type":"Feature","properties":{"idx":461,"road":NaN,"cls":"tertiary","shops":0,"st_km":0.17,"mesh":"52397134"},"geometry":{"type":"LineString","coordinates":[[139.18055,35.2749],[139.18196,35.27503],[139.18199,35.27557],[139.18345,35.27559]]}},{"type":"Feature","properties":{"idx":393,"road":NaN,"cls":"tertiary","shops":0,"st_km":0.33,"mesh":"52397134"},"geometry":{"type":"LineString","coordinates":[[139.18369,35.27558],[139.1837,35.27575],[139.18385,35.27613],[139.18384,35.27627]]}},{"type":"Feature","properties":{"idx":389,"road":NaN,"cls":"tertiary","shops":0,"st_km":0.34,"mesh":"52397134"},"geometry":{"type":"LineString","coordinates":[[139.18384,35.27627],[139.1838,35.2765]]}},{"type":"Feature","properties":{"idx":377,"road":NaN,"cls":"tertiary","shops":0,"st_km":0.37,"mesh":"52397134"},"geometry":{"type":"LineString","coordinates":[[139.1838,35.2765],[139.18381,35.27659],[139.18397,35.27673],[139.18446,35.27686]]}},{"type":"Feature","properties":{"idx":121,"road":"小田原松田線","cls":"secondary","shops":0,"st_km":0.58,"mesh":"52397191"},"geometry":{"type":"LineString","coordinates":[[139.142,35.32702],[139.14225,35.32714]]}},{"type":"Feature","properties":{"idx":142,"road":NaN,"cls":"tertiary","shops":1,"st_km":0.18,"mesh":"52397102"},"geometry":{"type":"LineString","coordinates":[[139.15399,35.25679],[139.15446,35.25734]]}},{"type":"Feature","properties":{"idx":201,"road":NaN,"cls":"tertiary","shops":4,"st_km":0.22,"mesh":"52397102"},"geometry":{"type":"LineString","coordinates":[[139.15767,35.2578],[139.15808,35.25761],[139.15881,35.25742],[139.1612,35.25727]]}},{"type":"Feature","properties":{"idx":90,"road":NaN,"cls":"tertiary","shops":0,"st_km":0.23,"mesh":"52397102"},"geometry":{"type":"LineString","coordinates":[[139.15624,35.25805],[139.15651,35.25811]]}},{"type":"Feature","properties":{"idx":50,"road":NaN,"cls":"tertiary","shops":0,"st_km":4.23,"mesh":"52397197"},"geometry":{"type":"LineString","coordinates":[[139.22421,35.32628],[139.22428,35.32642],[139.22435,35.32704],[139.22474,35.32779],[139.22481,35.32848],[139.225,35.3292],[139.22495,35.32967],[139.22476,35.33005],[139.22465,35.33052],[139.22465,35.33072],[139.22478,35.33135],[139.22477,35.33168],[139.22444,35.33261],[139.22407,35.33312],[139.2241,35.33341],[139.22433,35.33394],[139.22435,35.33429],[139.22428,35.33445],[139.22357,35.33536],[139.22336,35.33555],[139.22195,35.33655],[139.22179,35.33679]]}},{"type":"Feature","properties":{"idx":50,"road":"暁橋","cls":"tertiary","shops":0,"st_km":4.25,"mesh":"52397197"},"geometry":{"type":"LineString","coordinates":[[139.22412,35.32607],[139.22421,35.32628]]}},{"type":"Feature","properties":{"idx":286,"road":NaN,"cls":"tertiary","shops":0,"st_km":0.82,"mesh":"52397163"},"geometry":{"type":"LineString","coordinates":[[139.177,35.30502],[139.17614,35.30446],[139.17572,35.30413],[139.17542,35.30406],[139.17523,35.30395],[139.1719,35.30141]]}},{"type":"Feature","properties":{"idx":346,"road":NaN,"cls":"tertiary","shops":0,"st_km":0.49,"mesh":"52397164"},"geometry":{"type":"LineString","coordinates":[[139.18068,35.30734],[139.17918,35.3064]]}},{"type":"Feature","properties":{"idx":27,"road":NaN,"cls":"tertiary","shops":0,"st_km":1.91,"mesh":"52397156"},"geometry":{"type":"LineString","coordinates":[[139.20206,35.29517],[139.2015,35.29517]]}},{"type":"Feature","properties":{"idx":11,"road":NaN,"cls":"tertiary","shops":0,"st_km":1.93,"mesh":"52397110"},"geometry":{"type":"LineString","coordinates":[[139.13031,35.26345],[139.13023,35.26372]]}},{"type":"Feature","properties":{"idx":28,"road":"広域農道やまゆりライン","cls":"tertiary","shops":0,"st_km":1.85,"mesh":"52397156"},"geometry":{"type":"LineString","coordinates":[[139.2015,35.29517],[139.20104,35.29526],[139.20079,35.2954],[139.20067,35.29558],[139.20058,35.29598],[139.20047,35.2961],[139.20019,35.29615],[139.19999,35.29603],[139.19996,35.29578],[139.20049,35.29473],[139.20063,35.29456],[139.20078,35.2945],[139.20151,35.29453],[139.20163,35.2945],[139.20182,35.29437],[139.20204,35.29399],[139.20206,35.29377],[139.20199,35.29358],[139.20133,35.29298],[139.20093,35.29243]]}},{"type":"Feature","properties":{"idx":429,"road":NaN,"cls":"tertiary","shops":0,"st_km":2.2,"mesh":"52397120"},"geometry":{"type":"LineString","coordinates":[[139.12579,35.26388],[139.12564,35.26418],[139.12489,35.26615],[139.12483,35.26639],[139.12478,35.26738],[139.12464,35.26765],[139.12425,35.26807],[139.12417,35.26829],[139.12421,35.26853],[139.12444,35.26893],[139.12453,35.26917],[139.12448,35.26949],[139.1242,35.27004],[139.1242,35.27022],[139.12431,35.27042],[139.12443,35.27053],[139.12501,35.27092],[139.12547,35.27135],[139.12555,35.2717],[139.12542,35.27199],[139.12517,35.27218],[139.1249,35.27226],[139.12385,35.27234],[139.12325,35.27246],[139.12279,35.2726],[139.12188,35.27302],[139.12143,35.27313],[139.12121,35.2731],[139.121,35.273],[139.11985,35.27231],[139.11963,35.27227],[139.11931,35.27233],[139.11901,35.27256],[139.11873,35.27298],[139.11787,35.27435],[139.11781,35.2746]]}},{"type":"Feature","properties":{"idx":57,"road":NaN,"cls":"tertiary","shops":0,"st_km":1.7,"mesh":"52397146"},"geometry":{"type":"LineString","coordinates":[[139.20093,35.29243],[139.2003,35.29156],[139.2002,35.29127],[139.20012,35.29061],[139.19998,35.29012],[139.19943,35.2894],[139.19935,35.28919],[139.19933,35.28896]]}},{"type":"Feature","properties":{"idx":1385,"road":NaN,"cls":"tertiary","shops":4,"st_km":0.25,"mesh":"52397137"},"geometry":{"type":"LineString","coordinates":[[139.21256,35.28048],[139.21264,35.28015]]}},{"type":"Feature","properties":{"idx":30,"road":"広域農道やまゆりライン","cls":"tertiary","shops":0,"st_km":1.76,"mesh":"52397156"},"geometry":{"type":"LineString","coordinates":[[139.20938,35.29873],[139.2091,35.29869],[139.20792,35.29904],[139.20775,35.29903],[139.20756,35.29893],[139.20748,35.2988],[139.20747,35.29866],[139.20787,35.2982],[139.20793,35.29807],[139.20792,35.29792],[139.20755,35.29728],[139.20745,35.29654],[139.20717,35.29592],[139.20699,35.29565],[139.20687,35.29555],[139.2061,35.29539],[139.20551,35.29495],[139.2052,35.29486],[139.20447,35.29494],[139.20344,35.2948],[139.20323,35.2949],[139.20293,35.29524],[139.20281,35.29531],[139.20259,35.29531],[139.20206,35.29517]]}},{"type":"Feature","properties":{"idx":27,"road":"広域農道やまゆりライン","cls":"tertiary","shops":0,"st_km":2.0,"mesh":"52397156"},"geometry":{"type":"LineString","coordinates":[[139.2096,35.29918],[139.20957,35.29888],[139.20938,35.29873]]}},{"type":"Feature","properties":{"idx":207,"road":NaN,"cls":"tertiary","shops":0,"st_km":1.24,"mesh":"52397145"},"geometry":{"type":"LineString","coordinates":[[139.18687,35.28487],[139.18926,35.28487]]}},{"type":"Feature","properties":{"idx":75,"road":NaN,"cls":"tertiary","shops":1,"st_km":1.35,"mesh":"52397130"},"geometry":{"type":"LineString","coordinates":[[139.13067,35.27981],[139.1292,35.27989],[139.12747,35.2798],[139.12742,35.2797],[139.12749,35.27844]]}},{"type":"Feature","properties":{"idx":1009,"road":NaN,"cls":"tertiary","shops":18,"st_km":0.11,"mesh":"52397102"},"geometry":{"type":"LineString","coordinates":[[139.15683,35.25549],[139.15659,35.25541]]}},{"type":"Feature","properties":{"idx":1210,"road":NaN,"cls":"tertiary","shops":22,"st_km":0.11,"mesh":"52397102"},"geometry":{"type":"LineString","coordinates":[[139.15683,35.25565],[139.15683,35.25549]]}},{"type":"Feature","properties":{"idx":567,"road":NaN,"cls":"tertiary","shops":2,"st_km":2.07,"mesh":"52397158"},"geometry":{"type":"LineString","coordinates":[[139.22701,35.29848],[139.22732,35.29764],[139.2278,35.29692],[139.22995,35.29502]]}},{"type":"Feature","properties":{"idx":226,"road":NaN,"cls":"tertiary","shops":0,"st_km":1.47,"mesh":"52397169"},"geometry":{"type":"LineString","coordinates":[[139.24533,35.30867],[139.24436,35.30761],[139.2444,35.30733],[139.24454,35.307],[139.24618,35.30735]]}},{"type":"Feature","properties":{"idx":217,"road":NaN,"cls":"tertiary","shops":0,"st_km":1.54,"mesh":"52397169"},"geometry":{"type":"LineString","coordinates":[[139.24441,35.30856],[139.24456,35.30835],[139.24454,35.30828],[139.24384,35.30753],[139.24292,35.30728],[139.24266,35.30678],[139.24304,35.30665]]}},{"type":"Feature","properties":{"idx":1594,"road":NaN,"cls":"tertiary","shops":0,"st_km":1.54,"mesh":"52397148"},"geometry":{"type":"LineString","coordinates":[[139.22995,35.29502],[139.22918,35.29422],[139.22831,35.29321],[139.22718,35.29046],[139.22709,35.29041],[139.22687,35.29039],[139.22588,35.29065],[139.22571,35.29079],[139.2257,35.29102],[139.22614,35.29212],[139.22638,35.29238],[139.22674,35.29254],[139.22703,35.29256],[139.22796,35.29233]]}},{"type":"Feature","properties":{"idx":387,"road":NaN,"cls":"tertiary","shops":0,"st_km":0.53,"mesh":"52397180"},"geometry":{"type":"LineString","coordinates":[[139.12949,35.32392],[139.13173,35.32489]]}},{"type":"Feature","properties":{"idx":288,"road":NaN,"cls":"tertiary","shops":0,"st_km":0.65,"mesh":"52397190"},"geometry":{"type":"LineString","coordinates":[[139.12616,35.33021],[139.12686,35.32936],[139.12755,35.32838],[139.12804,35.32748],[139.13046,35.3215]]}},{"type":"Feature","properties":{"idx":159,"road":NaN,"cls":"tertiary","shops":0,"st_km":0.79,"mesh":"52397182"},"geometry":{"type":"LineString","coordinates":[[139.15487,35.32256],[139.15496,35.32174]]}},{"type":"Feature","properties":{"idx":446,"road":NaN,"cls":"pedestrian","shops":1,"st_km":0.04,"mesh":"52397171"},"geometry":{"type":"LineString","coordinates":[[139.14291,35.31096],[139.14302,35.31018],[139.1431,35.31011]]}},{"type":"Feature","properties":{"idx":190,"road":"沼田国府津線","cls":"secondary","shops":0,"st_km":0.5,"mesh":"52397142"},"geometry":{"type":"LineString","coordinates":[[139.1538,35.28978],[139.15222,35.28972],[139.15177,35.28965],[139.15086,35.28925],[139.15006,35.28867],[139.14977,35.28859]]}},{"type":"Feature","properties":{"idx":235,"road":NaN,"cls":"pedestrian","shops":0,"st_km":0.49,"mesh":"52397142"},"geometry":{"type":"LineString","coordinates":[[139.15344,35.28887],[139.15329,35.28975]]}},{"type":"Feature","properties":{"idx":185,"road":"沼田国府津線","cls":"secondary","shops":0,"st_km":0.53,"mesh":"52397142"},"geometry":{"type":"LineString","coordinates":[[139.15132,35.28969],[139.15224,35.28982],[139.15331,35.28983],[139.1538,35.28978]]}},{"type":"Feature","properties":{"idx":162,"road":NaN,"cls":"tertiary","shops":0,"st_km":1.6,"mesh":"52397145"},"geometry":{"type":"LineString","coordinates":[[139.19932,35.28878],[139.19935,35.28833],[139.19954,35.28812],[139.19957,35.28801],[139.19949,35.28789],[139.19917,35.28775]]}},{"type":"Feature","properties":{"idx":158,"road":NaN,"cls":"tertiary","shops":0,"st_km":1.65,"mesh":"52397145"},"geometry":{"type":"LineString","coordinates":[[139.19933,35.28896],[139.19932,35.28878]]}},{"type":"Feature","properties":{"idx":623,"road":"沼田国府津線旧道","cls":"tertiary","shops":1,"st_km":0.59,"mesh":"52397152"},"geometry":{"type":"LineString","coordinates":[[139.15352,35.29579],[139.15246,35.29562],[139.14934,35.29527]]}},{"type":"Feature","properties":{"idx":340,"road":"沼田国府津線旧道","cls":"tertiary","shops":0,"st_km":0.82,"mesh":"52397152"},"geometry":{"type":"LineString","coordinates":[[139.15461,35.29598],[139.15352,35.29579]]}},{"type":"Feature","properties":{"idx":378,"road":NaN,"cls":"tertiary","shops":0,"st_km":0.59,"mesh":"52397112"},"geometry":{"type":"LineString","coordinates":[[139.15518,35.26395],[139.15555,35.26393]]}},{"type":"Feature","properties":{"idx":371,"road":NaN,"cls":"tertiary","shops":0,"st_km":0.49,"mesh":"52397112"},"geometry":{"type":"LineString","coordinates":[[139.15801,35.26373],[139.15827,35.26369]]}},{"type":"Feature","properties":{"idx":375,"road":NaN,"cls":"tertiary","shops":0,"st_km":0.48,"mesh":"52397112"},"geometry":{"type":"LineString","coordinates":[[139.15827,35.26369],[139.15926,35.26355]]}},{"type":"Feature","properties":{"idx":356,"road":NaN,"cls":"tertiary","shops":0,"st_km":0.54,"mesh":"52397112"},"geometry":{"type":"LineString","coordinates":[[139.15658,35.26387],[139.15669,35.26386]]}},{"type":"Feature","properties":{"idx":349,"road":NaN,"cls":"tertiary","shops":0,"st_km":0.56,"mesh":"52397112"},"geometry":{"type":"LineString","coordinates":[[139.15555,35.26393],[139.15658,35.26387]]}},{"type":"Feature","properties":{"idx":364,"road":NaN,"cls":"tertiary","shops":0,"st_km":0.52,"mesh":"52397112"},"geometry":{"type":"LineString","coordinates":[[139.15669,35.26386],[139.15801,35.26373]]}},{"type":"Feature","properties":{"idx":67,"road":NaN,"cls":"tertiary","shops":0,"st_km":0.22,"mesh":"52397102"},"geometry":{"type":"LineString","coordinates":[[139.15651,35.25811],[139.15667,35.25815]]}},{"type":"Feature","properties":{"idx":69,"road":NaN,"cls":"tertiary","shops":0,"st_km":0.2,"mesh":"52397102"},"geometry":{"type":"LineString","coordinates":[[139.15688,35.25815],[139.15697,35.25813]]}},{"type":"Feature","properties":{"idx":91,"road":NaN,"cls":"tertiary","shops":0,"st_km":0.22,"mesh":"52397102"},"geometry":{"type":"LineString","coordinates":[[139.15603,35.25799],[139.15624,35.25805]]}},{"type":"Feature","properties":{"idx":68,"road":NaN,"cls":"tertiary","shops":0,"st_km":0.21,"mesh":"52397102"},"geometry":{"type":"LineString","coordinates":[[139.15667,35.25815],[139.15688,35.25815]]}},{"type":"Feature","properties":{"idx":104,"road":NaN,"cls":"tertiary","shops":1,"st_km":0.19,"mesh":"52397102"},"geometry":{"type":"LineString","coordinates":[[139.15697,35.25813],[139.15747,35.25791]]}},{"type":"Feature","properties":{"idx":558,"road":"小田原山北線","cls":"primary","shops":0,"st_km":0.59,"mesh":"52397112"},"geometry":{"type":"LineString","coordinates":[[139.15069,35.26249],[139.15076,35.26193],[139.15137,35.26082],[139.15191,35.25943],[139.15221,35.25772]]}},{"type":"Feature","properties":{"idx":486,"road":"小田原山北線","cls":"primary","shops":0,"st_km":0.5,"mesh":"52397122"},"geometry":{"type":"LineString","coordinates":[[139.1507,35.26855],[139.1507,35.26848]]}},{"type":"Feature","properties":{"idx":510,"road":"小田原山北線","cls":"primary","shops":0,"st_km":0.45,"mesh":"52397122"},"geometry":{"type":"LineString","coordinates":[[139.15065,35.2699],[139.1507,35.26855]]}},{"type":"Feature","properties":{"idx":385,"road":"小田原山北線","cls":"primary","shops":0,"st_km":0.49,"mesh":"52397121"},"geometry":{"type":"LineString","coordinates":[[139.14954,35.26991],[139.14976,35.26992]]}},{"type":"Feature","properties":{"idx":510,"road":NaN,"cls":"tertiary","shops":0,"st_km":1.38,"mesh":"52397111"},"geometry":{"type":"LineString","coordinates":[[139.13681,35.25756],[139.13749,35.25776],[139.13823,35.25809],[139.13895,35.25881],[139.13912,35.25917],[139.13938,35.25937],[139.13962,35.25953],[139.14027,35.25974],[139.14095,35.26013],[139.14135,35.2602],[139.14202,35.2605],[139.14261,35.26051],[139.14334,35.26068],[139.14467,35.26119],[139.14558,35.26139],[139.14586,35.26151],[139.14642,35.26189],[139.14694,35.26194]]}},{"type":"Feature","properties":{"idx":187,"road":NaN,"cls":"tertiary","shops":0,"st_km":1.08,"mesh":"52397121"},"geometry":{"type":"LineString","coordinates":[[139.14533,35.26821],[139.14172,35.26793]]}},{"type":"Feature","properties":{"idx":171,"road":NaN,"cls":"tertiary","shops":0,"st_km":1.21,"mesh":"52397121"},"geometry":{"type":"LineString","coordinates":[[139.14172,35.26793],[139.14178,35.26979]]}},{"type":"Feature","properties":{"idx":159,"road":NaN,"cls":"tertiary","shops":0,"st_km":1.32,"mesh":"52397121"},"geometry":{"type":"LineString","coordinates":[[139.14172,35.26793],[139.14118,35.26799],[139.14094,35.26808],[139.14071,35.26822],[139.13982,35.26894]]}},{"type":"Feature","properties":{"idx":93,"road":NaN,"cls":"tertiary","shops":0,"st_km":0.19,"mesh":"52397102"},"geometry":{"type":"LineString","coordinates":[[139.15446,35.25734],[139.15466,35.25757],[139.15487,35.25769],[139.15603,35.25799]]}},{"type":"Feature","properties":{"idx":390,"road":NaN,"cls":"tertiary","shops":0,"st_km":0.49,"mesh":"52397122"},"geometry":{"type":"LineString","coordinates":[[139.14954,35.26991],[139.15023,35.26893],[139.15029,35.26854]]}},{"type":"Feature","properties":{"idx":318,"road":NaN,"cls":"tertiary","shops":0,"st_km":0.86,"mesh":"52397103"},"geometry":{"type":"LineString","coordinates":[[139.16409,35.25397],[139.16464,35.25315],[139.16507,35.25264]]}},{"type":"Feature","properties":{"idx":320,"road":NaN,"cls":"tertiary","shops":0,"st_km":0.85,"mesh":"52397103"},"geometry":{"type":"LineString","coordinates":[[139.16417,35.25398],[139.16624,35.25428],[139.16671,35.25383]]}},{"type":"Feature","properties":{"idx":1428,"road":NaN,"cls":"tertiary","shops":26,"st_km":0.1,"mesh":"52397102"},"geometry":{"type":"LineString","coordinates":[[139.15684,35.25587],[139.15684,35.25581]]}},{"type":"Feature","properties":{"idx":1423,"road":NaN,"cls":"tertiary","shops":26,"st_km":0.11,"mesh":"52397102"},"geometry":{"type":"LineString","coordinates":[[139.15684,35.25581],[139.15683,35.25565]]}},{"type":"Feature","properties":{"idx":1231,"road":NaN,"cls":"tertiary","shops":22,"st_km":0.1,"mesh":"52397102"},"geometry":{"type":"LineString","coordinates":[[139.15671,35.25608],[139.15684,35.25598],[139.15684,35.25587]]}},{"type":"Feature","properties":{"idx":76,"road":NaN,"cls":"tertiary","shops":0,"st_km":0.38,"mesh":"52397102"},"geometry":{"type":"LineString","coordinates":[[139.15464,35.25335],[139.15442,35.25328],[139.15344,35.25256]]}},{"type":"Feature","properties":{"idx":22,"road":NaN,"cls":"tertiary","shops":1,"st_km":1.39,"mesh":"52397110"},"geometry":{"type":"LineString","coordinates":[[139.12758,35.2598],[139.12797,35.25996],[139.12831,35.2599],[139.12862,35.25949],[139.12871,35.25873],[139.12876,35.25866],[139.12889,35.25861],[139.12948,35.25862],[139.1297,35.25856],[139.13062,35.25794]]}},{"type":"Feature","properties":{"idx":35,"road":NaN,"cls":"tertiary","shops":0,"st_km":1.29,"mesh":"52397100"},"geometry":{"type":"LineString","coordinates":[[139.13062,35.25794],[139.13109,35.2578],[139.13147,35.2575],[139.13172,35.25739],[139.13195,35.25743],[139.13242,35.25776],[139.13263,35.25777],[139.13361,35.25738],[139.13432,35.25675],[139.13478,35.25666],[139.13503,35.25665],[139.13519,35.25675],[139.13539,35.25712],[139.13551,35.25722],[139.13603,35.25716],[139.13681,35.25756]]}},{"type":"Feature","properties":{"idx":772,"road":"幸田口通り","cls":"tertiary","shops":16,"st_km":0.27,"mesh":"52397102"},"geometry":{"type":"LineString","coordinates":[[139.15568,35.25432],[139.15706,35.25398],[139.15764,35.25392],[139.15863,35.25398]]}},{"type":"Feature","properties":{"idx":612,"road":NaN,"cls":"tertiary","shops":10,"st_km":0.1,"mesh":"52397102"},"geometry":{"type":"LineString","coordinates":[[139.15659,35.25541],[139.15634,35.25532],[139.15622,35.25534]]}},{"type":"Feature","properties":{"idx":95,"road":"お堀端通り","cls":"tertiary","shops":1,"st_km":0.57,"mesh":"52397102"},"geometry":{"type":"LineString","coordinates":[[139.15758,35.25019],[139.15758,35.25212]]}},{"type":"Feature","properties":{"idx":89,"road":"小田原停車場線","cls":"primary","shops":0,"st_km":0.45,"mesh":"52397102"},"geometry":{"type":"LineString","coordinates":[[139.15292,35.2528],[139.15295,35.25279]]}},{"type":"Feature","properties":{"idx":77,"road":"小田原停車場線","cls":"primary","shops":0,"st_km":0.6,"mesh":"52397102"},"geometry":{"type":"LineString","coordinates":[[139.15344,35.25256],[139.15241,35.25119],[139.15184,35.25009]]}},{"type":"Feature","properties":{"idx":99,"road":"小田原停車場線","cls":"primary","shops":0,"st_km":0.34,"mesh":"52397102"},"geometry":{"type":"LineString","coordinates":[[139.15304,35.25486],[139.15323,35.25394],[139.15322,35.25373],[139.15292,35.2528]]}},{"type":"Feature","properties":{"idx":107,"road":"小田原山北線","cls":"primary","shops":0,"st_km":0.27,"mesh":"52397102"},"geometry":{"type":"LineString","coordinates":[[139.15251,35.25655],[139.15287,35.25553],[139.15304,35.25486]]}},{"type":"Feature","properties":{"idx":136,"road":NaN,"cls":"tertiary","shops":1,"st_km":0.22,"mesh":"52397102"},"geometry":{"type":"LineString","coordinates":[[139.15326,35.25715],[139.15399,35.25679]]}},{"type":"Feature","properties":{"idx":218,"road":NaN,"cls":"tertiary","shops":0,"st_km":0.83,"mesh":"52397101"},"geometry":{"type":"LineString","coordinates":[[139.14456,35.25149],[139.14479,35.25155],[139.14501,35.25168],[139.14538,35.25228],[139.14579,35.25264],[139.14602,35.25271],[139.14678,35.2527],[139.1472,35.25256],[139.14766,35.25228],[139.14873,35.25215],[139.14959,35.2519],[139.14976,35.25177],[139.1501,35.25127],[139.15131,35.25029]]}},{"type":"Feature","properties":{"idx":42,"road":NaN,"cls":"tertiary","shops":0,"st_km":1.0,"mesh":"52397100"},"geometry":{"type":"LineString","coordinates":[[139.1341,35.2521],[139.13473,35.25239],[139.13563,35.25252],[139.13575,35.25258],[139.13597,35.2528],[139.13612,35.25316],[139.13643,35.25342],[139.13667,35.25354],[139.13692,35.25357],[139.13724,35.25354],[139.13759,35.25332],[139.13806,35.25321],[139.13855,35.25301]]}},{"type":"Feature","properties":{"idx":222,"road":NaN,"cls":"tertiary","shops":0,"st_km":0.81,"mesh":"52397101"},"geometry":{"type":"LineString","coordinates":[[139.13889,35.25283],[139.13933,35.25264],[139.14051,35.25243],[139.14087,35.2522],[139.14163,35.25183],[139.14357,35.25127],[139.14386,35.25128],[139.14456,35.25149]]}},{"type":"Feature","properties":{"idx":185,"road":NaN,"cls":"tertiary","shops":0,"st_km":1.04,"mesh":"52397101"},"geometry":{"type":"LineString","coordinates":[[139.13855,35.25301],[139.13889,35.25283]]}},{"type":"Feature","properties":{"idx":348,"road":"怒田開成小田原線","cls":"secondary","shops":0,"st_km":1.35,"mesh":"52397113"},"geometry":{"type":"LineString","coordinates":[[139.17042,35.26449],[139.17186,35.26572],[139.17266,35.26656]]}},{"type":"Feature","properties":{"idx":399,"road":"怒田開成小田原線","cls":"secondary","shops":0,"st_km":1.15,"mesh":"52397113"},"geometry":{"type":"LineString","coordinates":[[139.16801,35.26632],[139.17042,35.26449]]}},{"type":"Feature","properties":{"idx":297,"road":NaN,"cls":"tertiary","shops":0,"st_km":1.31,"mesh":"52397113"},"geometry":{"type":"LineString","coordinates":[[139.17387,35.26282],[139.17159,35.26365],[139.17042,35.26449]]}},{"type":"Feature","properties":{"idx":594,"road":NaN,"cls":"tertiary","shops":0,"st_km":1.49,"mesh":"52397114"},"geometry":{"type":"LineString","coordinates":[[139.17648,35.26259],[139.1761,35.26267]]}},{"type":"Feature","properties":{"idx":294,"road":NaN,"cls":"tertiary","shops":0,"st_km":1.53,"mesh":"52397113"},"geometry":{"type":"LineString","coordinates":[[139.1761,35.26267],[139.17498,35.26265],[139.17387,35.26282]]}},{"type":"Feature","properties":{"idx":57,"road":NaN,"cls":"tertiary","shops":0,"st_km":0.68,"mesh":"52397102"},"geometry":{"type":"LineString","coordinates":[[139.15757,35.25005],[139.15758,35.25019]]}},{"type":"Feature","properties":{"idx":68,"road":"国安道路","cls":"tertiary","shops":0,"st_km":0.5,"mesh":"52397102"},"geometry":{"type":"LineString","coordinates":[[139.15226,35.25193],[139.15279,35.25257],[139.15292,35.2528]]}},{"type":"Feature","properties":{"idx":161,"road":NaN,"cls":"tertiary_link","shops":0,"st_km":0.78,"mesh":"52397190"},"geometry":{"type":"LineString","coordinates":[[139.13373,35.33333],[139.13334,35.33318]]}},{"type":"Feature","properties":{"idx":160,"road":NaN,"cls":"tertiary_link","shops":0,"st_km":0.79,"mesh":"52397190"},"geometry":{"type":"LineString","coordinates":[[139.13287,35.33306],[139.13282,35.33315],[139.13327,35.33333]]}},{"type":"Feature","properties":{"idx":162,"road":NaN,"cls":"tertiary_link","shops":0,"st_km":0.77,"mesh":"52397190"},"geometry":{"type":"LineString","coordinates":[[139.13334,35.33318],[139.13291,35.333],[139.13287,35.33306]]}},{"type":"Feature","properties":{"idx":265,"road":NaN,"cls":"tertiary","shops":4,"st_km":0.24,"mesh":"52397102"},"geometry":{"type":"LineString","coordinates":[[139.15464,35.25335],[139.15466,35.25352],[139.15497,35.25407],[139.15516,35.25432],[139.15536,35.25439],[139.15568,35.25432]]}},{"type":"Feature","properties":{"idx":209,"road":NaN,"cls":"tertiary","shops":0,"st_km":1.04,"mesh":"52397190"},"geometry":{"type":"LineString","coordinates":[[139.12558,35.33385],[139.12639,35.33338],[139.12755,35.33247],[139.12882,35.33136]]}},{"type":"Feature","properties":{"idx":32,"road":NaN,"cls":"tertiary","shops":0,"st_km":1.4,"mesh":"52397173"},"geometry":{"type":"LineString","coordinates":[[139.16745,35.30474],[139.16778,35.30483],[139.16782,35.30489],[139.16795,35.30569],[139.16792,35.30581],[139.16769,35.30609],[139.16762,35.30635],[139.16752,35.30651],[139.16765,35.30761],[139.1676,35.30802],[139.16715,35.30832],[139.16707,35.30859],[139.16708,35.30911],[139.16695,35.30964],[139.16628,35.31045],[139.16595,35.31072],[139.1655,35.31132],[139.16528,35.31152],[139.16483,35.3115],[139.16443,35.31157],[139.16443,35.3124],[139.16413,35.3136]]}},{"type":"Feature","properties":{"idx":183,"road":NaN,"cls":"tertiary","shops":0,"st_km":1.46,"mesh":"52397163"},"geometry":{"type":"LineString","coordinates":[[139.16737,35.3047],[139.16745,35.30474]]}},{"type":"Feature","properties":{"idx":31,"road":NaN,"cls":"tertiary","shops":0,"st_km":1.44,"mesh":"52397173"},"geometry":{"type":"LineString","coordinates":[[139.1645,35.30874],[139.16485,35.30883],[139.16804,35.30923]]}},{"type":"Feature","properties":{"idx":31,"road":NaN,"cls":"tertiary","shops":0,"st_km":1.45,"mesh":"52397173"},"geometry":{"type":"LineString","coordinates":[[139.16438,35.3087],[139.1645,35.30874]]}},{"type":"Feature","properties":{"idx":169,"road":NaN,"cls":"tertiary","shops":0,"st_km":1.52,"mesh":"52397145"},"geometry":{"type":"LineString","coordinates":[[139.19906,35.2876],[139.19907,35.28745],[139.1992,35.28718],[139.19909,35.28685],[139.19885,35.28494],[139.19886,35.28283]]}},{"type":"Feature","properties":{"idx":51,"road":"松田国府津線","cls":"primary","shops":0,"st_km":0.67,"mesh":"52397174"},"geometry":{"type":"LineString","coordinates":[[139.17929,35.30861],[139.17936,35.30858]]}},{"type":"Feature","properties":{"idx":161,"road":NaN,"cls":"tertiary","shops":0,"st_km":1.6,"mesh":"52397145"},"geometry":{"type":"LineString","coordinates":[[139.19917,35.28775],[139.19906,35.2876]]}},{"type":"Feature","properties":{"idx":393,"road":"松田国府津線","cls":"primary","shops":0,"st_km":0.59,"mesh":"52397164"},"geometry":{"type":"LineString","coordinates":[[139.17936,35.30858],[139.18145,35.30794]]}},{"type":"Feature","properties":{"idx":197,"road":"怒田開成小田原線","cls":"secondary","shops":0,"st_km":0.24,"mesh":"52397171"},"geometry":{"type":"LineString","coordinates":[[139.14383,35.30979],[139.14549,35.30916],[139.14581,35.3091]]}},{"type":"Feature","properties":{"idx":178,"road":NaN,"cls":"tertiary","shops":0,"st_km":0.64,"mesh":"52397161"},"geometry":{"type":"LineString","coordinates":[[139.14085,35.30283],[139.14117,35.30368],[139.1414,35.30483],[139.14112,35.30658],[139.14095,35.30709]]}},{"type":"Feature","properties":{"idx":157,"road":NaN,"cls":"tertiary","shops":0,"st_km":0.78,"mesh":"52397161"},"geometry":{"type":"LineString","coordinates":[[139.14083,35.30276],[139.14085,35.30283]]}},{"type":"Feature","properties":{"idx":368,"road":"鴨ノ宮停車場矢作線","cls":"secondary","shops":0,"st_km":1.43,"mesh":"52397144"},"geometry":{"type":"LineString","coordinates":[[139.17708,35.28837],[139.17702,35.28838]]}},{"type":"Feature","properties":{"idx":350,"road":"鴨ノ宮停車場矢作線","cls":"secondary","shops":0,"st_km":1.52,"mesh":"52397144"},"geometry":{"type":"LineString","coordinates":[[139.17702,35.28838],[139.17627,35.28856],[139.17526,35.28905],[139.1747,35.2894],[139.1745,35.2897]]}},{"type":"Feature","properties":{"idx":118,"road":NaN,"cls":"secondary","shops":0,"st_km":2.63,"mesh":"52397168"},"geometry":{"type":"LineString","coordinates":[[139.22676,35.30309],[139.22678,35.30292]]}},{"type":"Feature","properties":{"idx":80,"road":NaN,"cls":"tertiary","shops":0,"st_km":2.05,"mesh":"52397179"},"geometry":{"type":"LineString","coordinates":[[139.24463,35.31289],[139.24509,35.3131],[139.24524,35.31329],[139.24563,35.31481],[139.24588,35.31516],[139.24633,35.31546],[139.24772,35.31601]]}},{"type":"Feature","properties":{"idx":126,"road":NaN,"cls":"tertiary","shops":1,"st_km":1.93,"mesh":"52397179"},"geometry":{"type":"LineString","coordinates":[[139.24409,35.31265],[139.24425,35.31272]]}},{"type":"Feature","properties":{"idx":450,"road":"御殿場大井線","cls":"primary","shops":1,"st_km":0.87,"mesh":"52397190"},"geometry":{"type":"LineString","coordinates":[[139.13142,35.33247],[139.12468,35.32954]]}},{"type":"Feature","properties":{"idx":228,"road":"怒田開成小田原線","cls":"secondary","shops":0,"st_km":1.08,"mesh":"52397190"},"geometry":{"type":"LineString","coordinates":[[139.12468,35.33208],[139.12616,35.33021]]}},{"type":"Feature","properties":{"idx":157,"road":"栢山停車場曽我線","cls":"secondary","shops":0,"st_km":0.96,"mesh":"52397172"},"geometry":{"type":"LineString","coordinates":[[139.15262,35.31346],[139.15246,35.31337]]}},{"type":"Feature","properties":{"idx":169,"road":"栢山停車場曽我線","cls":"secondary","shops":0,"st_km":0.87,"mesh":"52397172"},"geometry":{"type":"LineString","coordinates":[[139.15246,35.31337],[139.15171,35.313],[139.15081,35.31267]]}},{"type":"Feature","properties":{"idx":489,"road":"成田下曽我停車場線","cls":"secondary","shops":0,"st_km":0.25,"mesh":"52397164"},"geometry":{"type":"LineString","coordinates":[[139.18639,35.30484],[139.18628,35.30419],[139.18611,35.30381],[139.18606,35.30295],[139.18598,35.30278],[139.18512,35.30188],[139.18498,35.30153],[139.18489,35.30142],[139.18466,35.30129]]}},{"type":"Feature","properties":{"idx":476,"road":"成田下曽我停車場線","cls":"secondary","shops":0,"st_km":0.28,"mesh":"52397164"},"geometry":{"type":"LineString","coordinates":[[139.18466,35.30129],[139.18451,35.3012]]}},{"type":"Feature","properties":{"idx":125,"road":"沼田国府津線","cls":"secondary","shops":0,"st_km":0.99,"mesh":"52397142"},"geometry":{"type":"LineString","coordinates":[[139.15995,35.28977],[139.16242,35.28983]]}},{"type":"Feature","properties":{"idx":366,"road":"沼田国府津線","cls":"secondary","shops":0,"st_km":1.1,"mesh":"52397143"},"geometry":{"type":"LineString","coordinates":[[139.16242,35.28983],[139.16261,35.28983]]}},{"type":"Feature","properties":{"idx":178,"road":"沼田国府津線","cls":"secondary","shops":0,"st_km":1.64,"mesh":"52397145"},"geometry":{"type":"LineString","coordinates":[[139.19822,35.28917],[139.19879,35.28869],[139.1997,35.28738]]}},{"type":"Feature","properties":{"idx":155,"road":"沼田国府津線","cls":"secondary","shops":0,"st_km":1.92,"mesh":"52397145"},"geometry":{"type":"LineString","coordinates":[[139.19616,35.2895],[139.19642,35.2895]]}},{"type":"Feature","properties":{"idx":1392,"road":NaN,"cls":"tertiary","shops":0,"st_km":0.84,"mesh":"52397135"},"geometry":{"type":"LineString","coordinates":[[139.18919,35.27674],[139.18937,35.27673],[139.18937,35.27631]]}},{"type":"Feature","properties":{"idx":79,"road":"沼田国府津線","cls":"secondary","shops":0,"st_km":1.33,"mesh":"52397146"},"geometry":{"type":"LineString","coordinates":[[139.20285,35.28369],[139.20264,35.28402],[139.20056,35.28594],[139.19964,35.28727]]}},{"type":"Feature","properties":{"idx":168,"road":"沼田国府津線","cls":"secondary","shops":0,"st_km":1.75,"mesh":"52397145"},"geometry":{"type":"LineString","coordinates":[[139.19826,35.28906],[139.198,35.2892]]}},{"type":"Feature","properties":{"idx":167,"road":"沼田国府津線","cls":"secondary","shops":0,"st_km":1.76,"mesh":"52397145"},"geometry":{"type":"LineString","coordinates":[[139.19796,35.28929],[139.19822,35.28917]]}},{"type":"Feature","properties":{"idx":161,"road":"沼田国府津線","cls":"secondary","shops":0,"st_km":1.85,"mesh":"52397145"},"geometry":{"type":"LineString","coordinates":[[139.19642,35.2895],[139.19744,35.28946],[139.19796,35.28929]]}},{"type":"Feature","properties":{"idx":107,"road":NaN,"cls":"tertiary","shops":0,"st_km":1.04,"mesh":"52397142"},"geometry":{"type":"LineString","coordinates":[[139.16077,35.29135],[139.16084,35.29061]]}},{"type":"Feature","properties":{"idx":114,"road":NaN,"cls":"tertiary","shops":0,"st_km":0.95,"mesh":"52397142"},"geometry":{"type":"LineString","coordinates":[[139.16084,35.29061],[139.15992,35.29057],[139.15967,35.29113]]}},{"type":"Feature","properties":{"idx":100,"road":"秦野二宮線","cls":"primary","shops":0,"st_km":2.04,"mesh":"52397179"},"geometry":{"type":"LineString","coordinates":[[139.24463,35.31289],[139.2445,35.31303],[139.2442,35.31364],[139.24328,35.31468]]}},{"type":"Feature","properties":{"idx":494,"road":NaN,"cls":"tertiary","shops":0,"st_km":0.61,"mesh":"52397113"},"geometry":{"type":"LineString","coordinates":[[139.16701,35.25955],[139.16599,35.25904],[139.1659,35.25903],[139.16545,35.25872],[139.16321,35.2586]]}},{"type":"Feature","properties":{"idx":431,"road":NaN,"cls":"tertiary","shops":0,"st_km":0.77,"mesh":"52397113"},"geometry":{"type":"LineString","coordinates":[[139.16718,35.25963],[139.16701,35.25955]]}},{"type":"Feature","properties":{"idx":11,"road":NaN,"cls":"tertiary","shops":0,"st_km":2.04,"mesh":"52397110"},"geometry":{"type":"LineString","coordinates":[[139.13023,35.26372],[139.13008,35.26395],[139.12954,35.26432],[139.12899,35.26455],[139.12872,35.26461],[139.12842,35.26462],[139.12816,35.26459],[139.12755,35.26431],[139.12685,35.26376],[139.12666,35.26367],[139.12651,35.26362],[139.12609,35.26366]]}},{"type":"Feature","properties":{"idx":11,"road":NaN,"cls":"tertiary","shops":0,"st_km":1.96,"mesh":"52397110"},"geometry":{"type":"LineString","coordinates":[[139.12609,35.26366],[139.1259,35.26376],[139.12579,35.26388]]}},{"type":"Feature","properties":{"idx":549,"road":NaN,"cls":"tertiary","shops":0,"st_km":0.14,"mesh":"52397122"},"geometry":{"type":"LineString","coordinates":[[139.15843,35.26837],[139.15908,35.26831]]}},{"type":"Feature","properties":{"idx":7,"road":NaN,"cls":"tertiary_link","shops":0,"st_km":1.84,"mesh":"52397110"},"geometry":{"type":"LineString","coordinates":[[139.13013,35.26262],[139.13004,35.26266],[139.12995,35.26302],[139.1299,35.26307]]}},{"type":"Feature","properties":{"idx":66,"road":NaN,"cls":"tertiary","shops":0,"st_km":0.53,"mesh":"52397102"},"geometry":{"type":"LineString","coordinates":[[139.1612,35.25727],[139.16139,35.25623],[139.16137,35.25401],[139.16152,35.25229]]}},{"type":"Feature","properties":{"idx":57,"road":NaN,"cls":"tertiary","shops":0,"st_km":0.4,"mesh":"52397102"},"geometry":{"type":"LineString","coordinates":[[139.1612,35.25727],[139.16329,35.25712]]}},{"type":"Feature","properties":{"idx":218,"road":NaN,"cls":"secondary","shops":0,"st_km":0.15,"mesh":"52397171"},"geometry":{"type":"LineString","coordinates":[[139.14375,35.30981],[139.14383,35.30979]]}},{"type":"Feature","properties":{"idx":290,"road":"栢山停車場曽我線","cls":"secondary","shops":0,"st_km":0.26,"mesh":"52397182"},"geometry":{"type":"LineString","coordinates":[[139.16105,35.32028],[139.16169,35.32051]]}},{"type":"Feature","properties":{"idx":275,"road":"栢山停車場曽我線","cls":"secondary","shops":0,"st_km":0.31,"mesh":"52397182"},"geometry":{"type":"LineString","coordinates":[[139.16215,35.31859],[139.16201,35.31894],[139.16172,35.31944],[139.16105,35.32028]]}},{"type":"Feature","properties":{"idx":188,"road":"栢山停車場曽我線","cls":"secondary","shops":0,"st_km":0.29,"mesh":"52397171"},"geometry":{"type":"LineString","coordinates":[[139.14548,35.31097],[139.14581,35.3091]]}},{"type":"Feature","properties":{"idx":156,"road":"沼田国府津線","cls":"secondary","shops":0,"st_km":1.91,"mesh":"52397145"},"geometry":{"type":"LineString","coordinates":[[139.19648,35.28943],[139.19623,35.28943]]}},{"type":"Feature","properties":{"idx":161,"road":"沼田国府津線","cls":"secondary","shops":0,"st_km":1.84,"mesh":"52397145"},"geometry":{"type":"LineString","coordinates":[[139.198,35.2892],[139.19747,35.28937],[139.19709,35.28943],[139.19648,35.28943]]}},{"type":"Feature","properties":{"idx":367,"road":"沼田国府津線","cls":"secondary","shops":0,"st_km":1.09,"mesh":"52397143"},"geometry":{"type":"LineString","coordinates":[[139.16261,35.28973],[139.16242,35.28973]]}},{"type":"Feature","properties":{"idx":125,"road":"沼田国府津線","cls":"secondary","shops":0,"st_km":0.99,"mesh":"52397142"},"geometry":{"type":"LineString","coordinates":[[139.16242,35.28973],[139.15995,35.28977]]}},{"type":"Feature","properties":{"idx":544,"road":"旧東海道","cls":"tertiary","shops":1,"st_km":0.98,"mesh":"52397103"},"geometry":{"type":"LineString","coordinates":[[139.16507,35.25264],[139.16592,35.25196]]}},{"type":"Feature","properties":{"idx":563,"road":NaN,"cls":"tertiary","shops":0,"st_km":1.58,"mesh":"52397114"},"geometry":{"type":"LineString","coordinates":[[139.17814,35.26067],[139.17659,35.26251],[139.17648,35.26259]]}},{"type":"Feature","properties":{"idx":62,"road":"平塚松田線","cls":"primary","shops":0,"st_km":4.29,"mesh":"52397197"},"geometry":{"type":"LineString","coordinates":[[139.21746,35.33105],[139.21636,35.33052]]}},{"type":"Feature","properties":{"idx":62,"road":"平塚松田線","cls":"primary","shops":0,"st_km":4.36,"mesh":"52397197"},"geometry":{"type":"LineString","coordinates":[[139.21767,35.33114],[139.21746,35.33105]]}},{"type":"Feature","properties":{"idx":238,"road":NaN,"cls":"pedestrian","shops":0,"st_km":0.47,"mesh":"52397142"},"geometry":{"type":"LineString","coordinates":[[139.15355,35.28878],[139.15541,35.28884]]}},{"type":"Feature","properties":{"idx":213,"road":NaN,"cls":"pedestrian","shops":0,"st_km":0.6,"mesh":"52397142"},"geometry":{"type":"LineString","coordinates":[[139.15329,35.29075],[139.15331,35.2899]]}},{"type":"Feature","properties":{"idx":451,"road":NaN,"cls":"pedestrian","shops":0,"st_km":0.85,"mesh":"52397152"},"geometry":{"type":"LineString","coordinates":[[139.15596,35.29201],[139.15605,35.29204]]}},{"type":"Feature","properties":{"idx":134,"road":NaN,"cls":"tertiary","shops":0,"st_km":0.76,"mesh":"52397142"},"geometry":{"type":"LineString","coordinates":[[139.15424,35.29189],[139.15536,35.29192],[139.15548,35.28978]]}},{"type":"Feature","properties":{"idx":319,"road":NaN,"cls":"tertiary","shops":0,"st_km":0.89,"mesh":"52397152"},"geometry":{"type":"LineString","coordinates":[[139.15424,35.29189],[139.15419,35.29341],[139.15401,35.29383]]}},{"type":"Feature","properties":{"idx":163,"road":"沼田国府津線","cls":"secondary","shops":0,"st_km":0.67,"mesh":"52397142"},"geometry":{"type":"LineString","coordinates":[[139.15618,35.28979],[139.15688,35.28978]]}},{"type":"Feature","properties":{"idx":244,"road":NaN,"cls":"tertiary","shops":4,"st_km":0.32,"mesh":"52397102"},"geometry":{"type":"LineString","coordinates":[[139.1551,35.25328],[139.15464,35.25335]]}},{"type":"Feature","properties":{"idx":1484,"road":NaN,"cls":"tertiary","shops":33,"st_km":0.28,"mesh":"52397102"},"geometry":{"type":"LineString","coordinates":[[139.15765,35.25507],[139.15863,35.25398]]}},{"type":"Feature","properties":{"idx":2074,"road":"おしゃれ横丁","cls":"pedestrian","shops":28,"st_km":0.12,"mesh":"52397102"},"geometry":{"type":"LineString","coordinates":[[139.15708,35.25582],[139.15691,35.25583]]}},{"type":"Feature","properties":{"idx":2743,"road":"おしゃれ横丁","cls":"pedestrian","shops":39,"st_km":0.15,"mesh":"52397102"},"geometry":{"type":"LineString","coordinates":[[139.15759,35.25579],[139.15708,35.25582]]}},{"type":"Feature","properties":{"idx":68,"road":"銀座通り","cls":"tertiary","shops":0,"st_km":0.49,"mesh":"52397102"},"geometry":{"type":"LineString","coordinates":[[139.15977,35.2523],[139.15977,35.25399]]}},{"type":"Feature","properties":{"idx":54,"road":"国際通り","cls":"tertiary","shops":0,"st_km":0.74,"mesh":"52397102"},"geometry":{"type":"LineString","coordinates":[[139.16152,35.25229],[139.16164,35.25071]]}},{"type":"Feature","properties":{"idx":102,"road":"大工町通り","cls":"tertiary","shops":1,"st_km":0.5,"mesh":"52397102"},"geometry":{"type":"LineString","coordinates":[[139.15977,35.25399],[139.16137,35.25401]]}},{"type":"Feature","properties":{"idx":341,"road":NaN,"cls":"tertiary","shops":0,"st_km":1.06,"mesh":"52397103"},"geometry":{"type":"LineString","coordinates":[[139.16632,35.25163],[139.16592,35.25196]]}},{"type":"Feature","properties":{"idx":244,"road":NaN,"cls":"tertiary","shops":5,"st_km":0.18,"mesh":"52397102"},"geometry":{"type":"LineString","coordinates":[[139.15747,35.25791],[139.15767,35.2578]]}},{"type":"Feature","properties":{"idx":386,"road":"小田原山北線","cls":"primary","shops":0,"st_km":0.48,"mesh":"52397121"},"geometry":{"type":"LineString","coordinates":[[139.14925,35.27294],[139.14916,35.27042],[139.14954,35.26991]]}},{"type":"Feature","properties":{"idx":269,"road":NaN,"cls":"tertiary","shops":0,"st_km":0.64,"mesh":"52397121"},"geometry":{"type":"LineString","coordinates":[[139.14629,35.26985],[139.14954,35.26991]]}},{"type":"Feature","properties":{"idx":527,"road":NaN,"cls":"pedestrian","shops":0,"st_km":0.57,"mesh":"52397112"},"geometry":{"type":"LineString","coordinates":[[139.1561,35.26396],[139.15557,35.26399]]}},{"type":"Feature","properties":{"idx":523,"road":NaN,"cls":"pedestrian","shops":0,"st_km":0.58,"mesh":"52397112"},"geometry":{"type":"LineString","coordinates":[[139.15557,35.26399],[139.15519,35.26403]]}},{"type":"Feature","properties":{"idx":519,"road":NaN,"cls":"pedestrian","shops":0,"st_km":0.59,"mesh":"52397112"},"geometry":{"type":"LineString","coordinates":[[139.15466,35.26408],[139.15519,35.26403]]}},{"type":"Feature","properties":{"idx":267,"road":"小田原山北線","cls":"primary","shops":0,"st_km":0.37,"mesh":"52397132"},"geometry":{"type":"LineString","coordinates":[[139.15386,35.27564],[139.15367,35.27559],[139.15334,35.27562],[139.15282,35.27583],[139.1524,35.27558],[139.15183,35.27567],[139.15093,35.27538],[139.15065,35.27534],[139.15037,35.27538],[139.14919,35.2758]]}},{"type":"Feature","properties":{"idx":327,"road":"小田原山北線","cls":"primary","shops":0,"st_km":0.16,"mesh":"52397132"},"geometry":{"type":"LineString","coordinates":[[139.15395,35.2757],[139.15386,35.27564]]}},{"type":"Feature","properties":{"idx":351,"road":"怒田開成小田原線","cls":"secondary","shops":1,"st_km":0.08,"mesh":"52397171"},"geometry":{"type":"LineString","coordinates":[[139.14231,35.31036],[139.14375,35.30981]]}},{"type":"Feature","properties":{"idx":243,"road":"怒田開成小田原線","cls":"secondary","shops":0,"st_km":0.04,"mesh":"52397171"},"geometry":{"type":"LineString","coordinates":[[139.14217,35.31042],[139.14231,35.31036]]}},{"type":"Feature","properties":{"idx":147,"road":"怒田開成小田原線","cls":"secondary","shops":0,"st_km":0.54,"mesh":"52397171"},"geometry":{"type":"LineString","coordinates":[[139.13582,35.31859],[139.13608,35.31811],[139.13632,35.3178],[139.13724,35.31674],[139.13792,35.31627],[139.13819,35.31601],[139.13832,35.31581],[139.13888,35.31418],[139.1392,35.31368],[139.14155,35.3112],[139.14217,35.31042]]}},{"type":"Feature","properties":{"idx":321,"road":"怒田開成小田原線","cls":"secondary","shops":0,"st_km":0.87,"mesh":"52397180"},"geometry":{"type":"LineString","coordinates":[[139.13585,35.31874],[139.13582,35.31859]]}},{"type":"Feature","properties":{"idx":246,"road":"沼田国府津線旧道","cls":"tertiary","shops":0,"st_km":0.36,"mesh":"52397151"},"geometry":{"type":"LineString","coordinates":[[139.14926,35.29527],[139.14799,35.29513]]}},{"type":"Feature","properties":{"idx":234,"road":"沼田国府津線旧道","cls":"tertiary","shops":0,"st_km":0.41,"mesh":"52397151"},"geometry":{"type":"LineString","coordinates":[[139.14934,35.29527],[139.14926,35.29527]]}},{"type":"Feature","properties":{"idx":295,"road":"沼田国府津線","cls":"secondary","shops":0,"st_km":0.3,"mesh":"52397151"},"geometry":{"type":"LineString","coordinates":[[139.1432,35.29493],[139.1423,35.29499]]}},{"type":"Feature","properties":{"idx":303,"road":"沼田国府津線","cls":"secondary","shops":0,"st_km":0.27,"mesh":"52397151"},"geometry":{"type":"LineString","coordinates":[[139.14331,35.29493],[139.1432,35.29493]]}},{"type":"Feature","properties":{"idx":285,"road":NaN,"cls":"tertiary","shops":0,"st_km":1.01,"mesh":"52397103"},"geometry":{"type":"LineString","coordinates":[[139.16949,35.25731],[139.1693,35.25721]]}},{"type":"Feature","properties":{"idx":532,"road":NaN,"cls":"tertiary","shops":0,"st_km":0.52,"mesh":"52397113"},"geometry":{"type":"LineString","coordinates":[[139.16526,35.26085],[139.16397,35.26036],[139.16303,35.26032]]}},{"type":"Feature","properties":{"idx":480,"road":NaN,"cls":"tertiary","shops":0,"st_km":0.64,"mesh":"52397113"},"geometry":{"type":"LineString","coordinates":[[139.16552,35.26095],[139.16526,35.26085]]}},{"type":"Feature","properties":{"idx":551,"road":NaN,"cls":"tertiary","shops":0,"st_km":0.49,"mesh":"52397113"},"geometry":{"type":"LineString","coordinates":[[139.16311,35.26179],[139.16302,35.26159]]}},{"type":"Feature","properties":{"idx":414,"road":NaN,"cls":"tertiary","shops":0,"st_km":0.83,"mesh":"52397113"},"geometry":{"type":"LineString","coordinates":[[139.16801,35.26632],[139.16311,35.26179]]}},{"type":"Feature","properties":{"idx":461,"road":"怒田開成小田原線","cls":"secondary","shops":0,"st_km":0.44,"mesh":"52397122"},"geometry":{"type":"LineString","coordinates":[[139.16217,35.26937],[139.16222,35.26935]]}},{"type":"Feature","properties":{"idx":721,"road":"怒田開成小田原線","cls":"secondary","shops":1,"st_km":0.39,"mesh":"52397122"},"geometry":{"type":"LineString","coordinates":[[139.16124,35.26956],[139.16168,35.26943],[139.16217,35.26937]]}},{"type":"Feature","properties":{"idx":229,"road":NaN,"cls":"tertiary","shops":0,"st_km":0.3,"mesh":"52397132"},"geometry":{"type":"LineString","coordinates":[[139.16186,35.2734],[139.16142,35.27381],[139.16037,35.27463],[139.15803,35.27595],[139.1569,35.27653],[139.15519,35.27706]]}},{"type":"Feature","properties":{"idx":148,"road":NaN,"cls":"tertiary","shops":0,"st_km":0.25,"mesh":"52397191"},"geometry":{"type":"LineString","coordinates":[[139.13797,35.32745],[139.13888,35.3262],[139.13935,35.32575]]}},{"type":"Feature","properties":{"idx":137,"road":"足柄紫水大橋","cls":"secondary","shops":0,"st_km":0.45,"mesh":"52397191"},"geometry":{"type":"LineString","coordinates":[[139.13948,35.32582],[139.142,35.32702]]}},{"type":"Feature","properties":{"idx":154,"road":"小田原松田線","cls":"secondary","shops":0,"st_km":0.33,"mesh":"52397191"},"geometry":{"type":"LineString","coordinates":[[139.13924,35.3257],[139.13948,35.32582]]}},{"type":"Feature","properties":{"idx":379,"road":"小田原松田線","cls":"secondary","shops":0,"st_km":0.24,"mesh":"52397181"},"geometry":{"type":"LineString","coordinates":[[139.13624,35.32426],[139.13924,35.3257]]}},{"type":"Feature","properties":{"idx":114,"road":"小田原松田線","cls":"secondary","shops":0,"st_km":0.65,"mesh":"52397191"},"geometry":{"type":"LineString","coordinates":[[139.14225,35.32714],[139.14341,35.32766]]}},{"type":"Feature","properties":{"idx":559,"road":"小田原松田線","cls":"secondary","shops":0,"st_km":0.27,"mesh":"52397180"},"geometry":{"type":"LineString","coordinates":[[139.13541,35.32387],[139.13624,35.32426]]}},{"type":"Feature","properties":{"idx":82,"road":NaN,"cls":"tertiary","shops":0,"st_km":0.76,"mesh":"52397191"},"geometry":{"type":"LineString","coordinates":[[139.14714,35.32746],[139.14706,35.32759]]}},{"type":"Feature","properties":{"idx":222,"road":NaN,"cls":"tertiary","shops":0,"st_km":0.86,"mesh":"52397121"},"geometry":{"type":"LineString","coordinates":[[139.14684,35.2683],[139.14533,35.26821]]}},{"type":"Feature","properties":{"idx":508,"road":NaN,"cls":"tertiary","shops":0,"st_km":0.16,"mesh":"52397112"},"geometry":{"type":"LineString","coordinates":[[139.15974,35.25988],[139.16056,35.26012]]}},{"type":"Feature","properties":{"idx":265,"road":NaN,"cls":"tertiary","shops":0,"st_km":1.23,"mesh":"52397169"},"geometry":{"type":"LineString","coordinates":[[139.24816,35.30701],[139.24704,35.30672]]}},{"type":"Feature","properties":{"idx":45,"road":NaN,"cls":"tertiary","shops":0,"st_km":0.88,"mesh":"52397173"},"geometry":{"type":"LineString","coordinates":[[139.16413,35.3136],[139.16396,35.31414]]}},{"type":"Feature","properties":{"idx":102,"road":"小田原松田線","cls":"secondary","shops":0,"st_km":0.77,"mesh":"52397191"},"geometry":{"type":"LineString","coordinates":[[139.14341,35.32766],[139.14482,35.32823]]}},{"type":"Feature","properties":{"idx":9,"road":NaN,"cls":"tertiary","shops":0,"st_km":1.39,"mesh":"52397194"},"geometry":{"type":"LineString","coordinates":[[139.17262,35.32851],[139.17286,35.3284],[139.17308,35.32822],[139.17329,35.32815],[139.17353,35.32814],[139.17397,35.32826],[139.17422,35.32822],[139.17467,35.32799],[139.17478,35.32799],[139.17533,35.32818],[139.17554,35.32818],[139.17602,35.32803],[139.17638,35.32806],[139.17655,35.32815],[139.17705,35.32857],[139.17711,35.32867],[139.17711,35.32882],[139.17702,35.32893],[139.17615,35.32928],[139.17606,35.32945],[139.17609,35.32963],[139.17627,35.32979],[139.17694,35.32992],[139.17798,35.33032]]}},{"type":"Feature","properties":{"idx":290,"road":NaN,"cls":"tertiary","shops":0,"st_km":2.01,"mesh":"52397158"},"geometry":{"type":"LineString","coordinates":[[139.23124,35.29336],[139.23097,35.29394],[139.23079,35.29418]]}},{"type":"Feature","properties":{"idx":277,"road":NaN,"cls":"tertiary","shops":0,"st_km":2.13,"mesh":"52397158"},"geometry":{"type":"LineString","coordinates":[[139.23153,35.29601],[139.23049,35.29545],[139.22995,35.29502]]}},{"type":"Feature","properties":{"idx":269,"road":NaN,"cls":"tertiary","shops":0,"st_km":2.22,"mesh":"52397158"},"geometry":{"type":"LineString","coordinates":[[139.23161,35.29605],[139.23153,35.29601]]}},{"type":"Feature","properties":{"idx":271,"road":NaN,"cls":"tertiary","shops":0,"st_km":2.2,"mesh":"52397158"},"geometry":{"type":"LineString","coordinates":[[139.22695,35.29865],[139.22701,35.29848]]}},{"type":"Feature","properties":{"idx":269,"road":NaN,"cls":"tertiary","shops":0,"st_km":2.22,"mesh":"52397158"},"geometry":{"type":"LineString","coordinates":[[139.22685,35.29894],[139.22695,35.29865]]}},{"type":"Feature","properties":{"idx":278,"road":"小田原山北線","cls":"primary","shops":0,"st_km":0.32,"mesh":"52397132"},"geometry":{"type":"LineString","coordinates":[[139.15239,35.27582],[139.15243,35.27601],[139.15236,35.27621],[139.15217,35.27642],[139.15158,35.2768],[139.15092,35.27737],[139.14938,35.27898],[139.14928,35.27925]]}},{"type":"Feature","properties":{"idx":177,"road":"沼田国府津線","cls":"secondary","shops":0,"st_km":1.65,"mesh":"52397145"},"geometry":{"type":"LineString","coordinates":[[139.19945,35.28753],[139.19848,35.28885],[139.19826,35.28906]]}},{"type":"Feature","properties":{"idx":187,"road":"沼田国府津線","cls":"secondary","shops":0,"st_km":1.55,"mesh":"52397145"},"geometry":{"type":"LineString","coordinates":[[139.19964,35.28727],[139.19945,35.28753]]}},{"type":"Feature","properties":{"idx":190,"road":"沼田国府津線","cls":"secondary","shops":0,"st_km":1.52,"mesh":"52397145"},"geometry":{"type":"LineString","coordinates":[[139.1997,35.28738],[139.1999,35.2871]]}},{"type":"Feature","properties":{"idx":80,"road":"沼田国府津線","cls":"secondary","shops":0,"st_km":1.31,"mesh":"52397146"},"geometry":{"type":"LineString","coordinates":[[139.1999,35.2871],[139.20066,35.28599],[139.20254,35.28428],[139.20296,35.28373]]}},{"type":"Feature","properties":{"idx":504,"road":"巡礼街道","cls":"tertiary","shops":1,"st_km":0.49,"mesh":"52397134"},"geometry":{"type":"LineString","coordinates":[[139.18174,35.27993],[139.18179,35.27993]]}},{"type":"Feature","properties":{"idx":494,"road":"巡礼街道","cls":"tertiary","shops":1,"st_km":0.51,"mesh":"52397134"},"geometry":{"type":"LineString","coordinates":[[139.18179,35.27993],[139.18316,35.27988]]}},{"type":"Feature","properties":{"idx":112,"road":"中井羽根尾線","cls":"secondary","shops":0,"st_km":2.93,"mesh":"52397168"},"geometry":{"type":"LineString","coordinates":[[139.22555,35.31067],[139.22581,35.30893],[139.22608,35.30803],[139.22605,35.30715],[139.22655,35.30564],[139.22676,35.30417],[139.22676,35.30309]]}},{"type":"Feature","properties":{"idx":100,"road":"秦野二宮線","cls":"primary","shops":0,"st_km":2.04,"mesh":"52397179"},"geometry":{"type":"LineString","coordinates":[[139.24336,35.31473],[139.24426,35.31369],[139.24463,35.31289]]}},{"type":"Feature","properties":{"idx":217,"road":"中井羽根尾線","cls":"secondary","shops":0,"st_km":3.2,"mesh":"52397178"},"geometry":{"type":"LineString","coordinates":[[139.22515,35.31241],[139.22532,35.3113],[139.22555,35.31067]]}},{"type":"Feature","properties":{"idx":698,"road":"怒田開成小田原線","cls":"secondary","shops":3,"st_km":0.11,"mesh":"52397142"},"geometry":{"type":"LineString","coordinates":[[139.14977,35.28859],[139.15068,35.2872],[139.15075,35.28705],[139.15082,35.28654],[139.15115,35.28602],[139.15295,35.28435],[139.15427,35.28328],[139.15503,35.28226],[139.15521,35.28193],[139.15538,35.28136],[139.1554,35.28081],[139.15533,35.28013]]}},{"type":"Feature","properties":{"idx":2015,"road":"小田原山北線","cls":"primary","shops":0,"st_km":0.06,"mesh":"52397131"},"geometry":{"type":"LineString","coordinates":[[139.14383,35.28283],[139.14714,35.28108],[139.14781,35.28042],[139.14852,35.27989],[139.14883,35.27948],[139.14896,35.27937],[139.14928,35.27925],[139.14976,35.27929],[139.14989,35.27926],[139.15082,35.27871],[139.15137,35.27815],[139.15235,35.27754],[139.15455,35.27643]]}},{"type":"Feature","properties":{"idx":62,"road":NaN,"cls":"tertiary","shops":0,"st_km":1.7,"mesh":"52397162"},"geometry":{"type":"LineString","coordinates":[[139.1602,35.30771],[139.16031,35.30733],[139.16024,35.30539],[139.16017,35.30531],[139.15999,35.30524],[139.15846,35.30488]]}},{"type":"Feature","properties":{"idx":255,"road":NaN,"cls":"tertiary","shops":0,"st_km":1.46,"mesh":"52397143"},"geometry":{"type":"LineString","coordinates":[[139.16628,35.29277],[139.16611,35.29222],[139.1661,35.29139],[139.16617,35.28981]]}},{"type":"Feature","properties":{"idx":168,"road":NaN,"cls":"tertiary","shops":0,"st_km":1.74,"mesh":"52397153"},"geometry":{"type":"LineString","coordinates":[[139.16689,35.29775],[139.16632,35.29459],[139.16633,35.29308],[139.16628,35.29277]]}},{"type":"Feature","properties":{"idx":246,"road":NaN,"cls":"tertiary","shops":0,"st_km":0.74,"mesh":"52397121"},"geometry":{"type":"LineString","coordinates":[[139.14659,35.27072],[139.14662,35.26986]]}},{"type":"Feature","properties":{"idx":101,"road":"松田国府津線","cls":"primary","shops":0,"st_km":1.13,"mesh":"52397146"},"geometry":{"type":"LineString","coordinates":[[139.20296,35.28373],[139.20285,35.28369]]}},{"type":"Feature","properties":{"idx":261,"road":NaN,"cls":"tertiary","shops":0,"st_km":1.25,"mesh":"52397169"},"geometry":{"type":"LineString","coordinates":[[139.24662,35.30461],[139.24705,35.30616],[139.24704,35.30672],[139.24696,35.30699],[139.246,35.30844],[139.24598,35.30859]]}},{"type":"Feature","properties":{"idx":289,"road":NaN,"cls":"tertiary","shops":0,"st_km":1.11,"mesh":"52397169"},"geometry":{"type":"LineString","coordinates":[[139.24643,35.30375],[139.24662,35.30461]]}},{"type":"Feature","properties":{"idx":1115,"road":NaN,"cls":"tertiary","shops":0,"st_km":1.06,"mesh":"52397123"},"geometry":{"type":"LineString","coordinates":[[139.1675,35.27567],[139.16853,35.27555],[139.16856,35.27487],[139.16801,35.2743],[139.16739,35.2735]]}},{"type":"Feature","properties":{"idx":22,"road":"秦野二宮線","cls":"primary","shops":0,"st_km":2.66,"mesh":"52397189"},"geometry":{"type":"LineString","coordinates":[[139.24328,35.31468],[139.24272,35.31534],[139.24228,35.31595],[139.23901,35.32137],[139.23823,35.32276]]}},{"type":"Feature","properties":{"idx":118,"road":"秦野二宮線","cls":"primary","shops":0,"st_km":1.69,"mesh":"52397179"},"geometry":{"type":"LineString","coordinates":[[139.24463,35.31289],[139.24479,35.3126],[139.24746,35.30935]]}},{"type":"Feature","properties":{"idx":62,"road":"平塚松田線","cls":"primary","shops":0,"st_km":4.24,"mesh":"52397197"},"geometry":{"type":"LineString","coordinates":[[139.21402,35.3318],[139.21489,35.33163],[139.2154,35.33142],[139.21584,35.3311],[139.21636,35.33052]]}},{"type":"Feature","properties":{"idx":781,"road":NaN,"cls":"tertiary","shops":0,"st_km":1.64,"mesh":"52397135"},"geometry":{"type":"LineString","coordinates":[[139.19678,35.28347],[139.19679,35.28188],[139.19688,35.28169],[139.19737,35.28126],[139.19751,35.28107],[139.19755,35.28092],[139.19757,35.27993]]}},{"type":"Feature","properties":{"idx":43,"road":"松田国府津線","cls":"primary","shops":0,"st_km":1.26,"mesh":"52397173"},"geometry":{"type":"LineString","coordinates":[[139.17431,35.31471],[139.17449,35.31455]]}},{"type":"Feature","properties":{"idx":45,"road":"松田国府津線","cls":"primary","shops":0,"st_km":1.19,"mesh":"52397173"},"geometry":{"type":"LineString","coordinates":[[139.17344,35.31546],[139.17431,35.31471]]}},{"type":"Feature","properties":{"idx":163,"road":"松田国府津線","cls":"primary","shops":1,"st_km":1.03,"mesh":"52397146"},"geometry":{"type":"LineString","coordinates":[[139.20464,35.28504],[139.20446,35.28466],[139.20374,35.28408]]}},{"type":"Feature","properties":{"idx":109,"road":"松田国府津線","cls":"primary","shops":0,"st_km":1.02,"mesh":"52397146"},"geometry":{"type":"LineString","coordinates":[[139.20465,35.28511],[139.20464,35.28504]]}},{"type":"Feature","properties":{"idx":103,"road":"松田国府津線","cls":"primary","shops":0,"st_km":1.1,"mesh":"52397146"},"geometry":{"type":"LineString","coordinates":[[139.20362,35.284],[139.20296,35.28373]]}},{"type":"Feature","properties":{"idx":159,"road":"松田国府津線","cls":"primary","shops":1,"st_km":1.07,"mesh":"52397146"},"geometry":{"type":"LineString","coordinates":[[139.20374,35.28408],[139.20362,35.284]]}},{"type":"Feature","properties":{"idx":21,"road":NaN,"cls":"tertiary","shops":0,"st_km":0.71,"mesh":"52397193"},"geometry":{"type":"LineString","coordinates":[[139.16613,35.32789],[139.16598,35.32783]]}},{"type":"Feature","properties":{"idx":21,"road":NaN,"cls":"tertiary","shops":0,"st_km":0.72,"mesh":"52397193"},"geometry":{"type":"LineString","coordinates":[[139.16639,35.32799],[139.16613,35.32789]]}},{"type":"Feature","properties":{"idx":213,"road":"栢山停車場曽我線","cls":"secondary","shops":0,"st_km":0.27,"mesh":"52397183"},"geometry":{"type":"LineString","coordinates":[[139.16541,35.31992],[139.16552,35.31985]]}},{"type":"Feature","properties":{"idx":362,"road":"栢山停車場曽我線","cls":"secondary","shops":1,"st_km":0.14,"mesh":"52397183"},"geometry":{"type":"LineString","coordinates":[[139.16178,35.32055],[139.16289,35.32057],[139.16444,35.32046],[139.16464,35.32039],[139.16541,35.31992]]}},{"type":"Feature","properties":{"idx":531,"road":NaN,"cls":"tertiary","shops":0,"st_km":1.65,"mesh":"52397120"},"geometry":{"type":"LineString","coordinates":[[139.13315,35.27091],[139.13396,35.27138],[139.13486,35.27139]]}},{"type":"Feature","properties":{"idx":508,"road":NaN,"cls":"tertiary","shops":0,"st_km":1.74,"mesh":"52397120"},"geometry":{"type":"LineString","coordinates":[[139.13303,35.27084],[139.13315,35.27091]]}},{"type":"Feature","properties":{"idx":723,"road":NaN,"cls":"tertiary","shops":1,"st_km":0.13,"mesh":"52397190"},"geometry":{"type":"LineString","coordinates":[[139.13416,35.32588],[139.1349,35.3262]]}},{"type":"Feature","properties":{"idx":108,"road":NaN,"cls":"tertiary","shops":0,"st_km":1.45,"mesh":"52397179"},"geometry":{"type":"LineString","coordinates":[[139.24746,35.30935],[139.24654,35.30878]]}},{"type":"Feature","properties":{"idx":108,"road":NaN,"cls":"tertiary","shops":0,"st_km":1.46,"mesh":"52397179"},"geometry":{"type":"LineString","coordinates":[[139.24654,35.30878],[139.24635,35.30867]]}},{"type":"Feature","properties":{"idx":92,"road":NaN,"cls":"tertiary","shops":0,"st_km":1.74,"mesh":"52397179"},"geometry":{"type":"LineString","coordinates":[[139.24872,35.31299],[139.24933,35.31312]]}},{"type":"Feature","properties":{"idx":91,"road":NaN,"cls":"tertiary","shops":0,"st_km":1.75,"mesh":"52397179"},"geometry":{"type":"LineString","coordinates":[[139.24843,35.31294],[139.24872,35.31299]]}},{"type":"Feature","properties":{"idx":94,"road":NaN,"cls":"tertiary","shops":0,"st_km":1.69,"mesh":"52397179"},"geometry":{"type":"LineString","coordinates":[[139.24876,35.31164],[139.24762,35.3116],[139.24747,35.31203],[139.24714,35.31263],[139.24713,35.31285],[139.24717,35.313]]}},{"type":"Feature","properties":{"idx":148,"road":NaN,"cls":"tertiary","shops":1,"st_km":1.6,"mesh":"52397179"},"geometry":{"type":"LineString","coordinates":[[139.24921,35.31166],[139.24876,35.31164]]}},{"type":"Feature","properties":{"idx":94,"road":NaN,"cls":"tertiary","shops":0,"st_km":1.69,"mesh":"52397179"},"geometry":{"type":"LineString","coordinates":[[139.24901,35.31252],[139.24942,35.31259]]}},{"type":"Feature","properties":{"idx":94,"road":NaN,"cls":"tertiary","shops":0,"st_km":1.69,"mesh":"52397179"},"geometry":{"type":"LineString","coordinates":[[139.24872,35.31247],[139.24901,35.31252]]}},{"type":"Feature","properties":{"idx":221,"road":NaN,"cls":"tertiary","shops":0,"st_km":1.16,"mesh":"52397163"},"geometry":{"type":"LineString","coordinates":[[139.17171,35.3013],[139.17045,35.30032]]}},{"type":"Feature","properties":{"idx":234,"road":NaN,"cls":"tertiary","shops":0,"st_km":1.08,"mesh":"52397163"},"geometry":{"type":"LineString","coordinates":[[139.1719,35.30141],[139.17171,35.3013]]}},{"type":"Feature","properties":{"idx":50,"road":NaN,"cls":"tertiary","shops":0,"st_km":4.21,"mesh":"52397197"},"geometry":{"type":"LineString","coordinates":[[139.21795,35.32887],[139.21792,35.32877]]}},{"type":"Feature","properties":{"idx":50,"road":"萬年橋","cls":"tertiary","shops":0,"st_km":4.22,"mesh":"52397197"},"geometry":{"type":"LineString","coordinates":[[139.21799,35.32914],[139.21795,35.32887]]}},{"type":"Feature","properties":{"idx":62,"road":"平塚松田線","cls":"primary","shops":0,"st_km":4.33,"mesh":"52397197"},"geometry":{"type":"LineString","coordinates":[[139.21934,35.33198],[139.21767,35.33114]]}},{"type":"Feature","properties":{"idx":126,"road":NaN,"cls":"tertiary","shops":1,"st_km":1.93,"mesh":"52397179"},"geometry":{"type":"LineString","coordinates":[[139.24425,35.31272],[139.24463,35.31289]]}},{"type":"Feature","properties":{"idx":83,"road":NaN,"cls":"tertiary","shops":0,"st_km":1.94,"mesh":"52397179"},"geometry":{"type":"LineString","coordinates":[[139.24318,35.31237],[139.24364,35.31248],[139.24409,35.31265]]}},{"type":"Feature","properties":{"idx":139,"road":NaN,"cls":"tertiary","shops":1,"st_km":1.73,"mesh":"52397179"},"geometry":{"type":"LineString","coordinates":[[139.24232,35.30782],[139.24212,35.30837],[139.24222,35.30879],[139.24235,35.30908],[139.24309,35.3096],[139.24461,35.31054],[139.2441,35.31166],[139.24374,35.31229]]}},{"type":"Feature","properties":{"idx":84,"road":NaN,"cls":"tertiary","shops":0,"st_km":1.93,"mesh":"52397179"},"geometry":{"type":"LineString","coordinates":[[139.24374,35.31229],[139.24364,35.31248]]}},{"type":"Feature","properties":{"idx":78,"road":"一色橋","cls":"tertiary","shops":0,"st_km":2.09,"mesh":"52397179"},"geometry":{"type":"LineString","coordinates":[[139.24772,35.31601],[139.24787,35.31607]]}},{"type":"Feature","properties":{"idx":210,"road":NaN,"cls":"tertiary","shops":0,"st_km":2.69,"mesh":"52397178"},"geometry":{"type":"LineString","coordinates":[[139.23113,35.30975],[139.23018,35.30977],[139.22987,35.30984]]}},{"type":"Feature","properties":{"idx":170,"road":NaN,"cls":"tertiary","shops":0,"st_km":2.03,"mesh":"52397169"},"geometry":{"type":"LineString","coordinates":[[139.23788,35.30811],[139.23746,35.30836]]}},{"type":"Feature","properties":{"idx":254,"road":NaN,"cls":"tertiary","shops":0,"st_km":2.06,"mesh":"52397178"},"geometry":{"type":"LineString","coordinates":[[139.23746,35.30836],[139.23737,35.30839]]}},{"type":"Feature","properties":{"idx":142,"road":"農免陸橋","cls":"primary","shops":0,"st_km":3.36,"mesh":"52397188"},"geometry":{"type":"LineString","coordinates":[[139.23754,35.32394],[139.23722,35.32433],[139.2368,35.32471]]}},{"type":"Feature","properties":{"idx":143,"road":"農免陸橋","cls":"primary","shops":0,"st_km":3.36,"mesh":"52397188"},"geometry":{"type":"LineString","coordinates":[[139.23687,35.32476],[139.23729,35.32438],[139.23763,35.32398]]}},{"type":"Feature","properties":{"idx":15,"road":NaN,"cls":"primary_link","shops":0,"st_km":2.57,"mesh":"52397189"},"geometry":{"type":"LineString","coordinates":[[139.24089,35.31811],[139.24079,35.31799],[139.24082,35.31787],[139.24093,35.31779],[139.24116,35.3178]]}},{"type":"Feature","properties":{"idx":15,"road":NaN,"cls":"primary_link","shops":0,"st_km":2.57,"mesh":"52397189"},"geometry":{"type":"LineString","coordinates":[[139.2411,35.31819],[139.24126,35.3182],[139.24141,35.31808],[139.24139,35.31791],[139.24125,35.31783]]}},{"type":"Feature","properties":{"idx":15,"road":NaN,"cls":"primary_link","shops":0,"st_km":2.56,"mesh":"52397189"},"geometry":{"type":"LineString","coordinates":[[139.24161,35.31808],[139.24141,35.31808]]}},{"type":"Feature","properties":{"idx":16,"road":NaN,"cls":"primary_link","shops":0,"st_km":2.55,"mesh":"52397189"},"geometry":{"type":"LineString","coordinates":[[139.24177,35.31809],[139.24161,35.31808]]}},{"type":"Feature","properties":{"idx":275,"road":NaN,"cls":"tertiary","shops":1,"st_km":1.86,"mesh":"52397169"},"geometry":{"type":"LineString","coordinates":[[139.24084,35.30741],[139.24027,35.30728],[139.23969,35.30734],[139.23881,35.30759],[139.23788,35.30811]]}},{"type":"Feature","properties":{"idx":1049,"road":NaN,"cls":"tertiary","shops":1,"st_km":0.1,"mesh":"52397124"},"geometry":{"type":"LineString","coordinates":[[139.18038,35.27489],[139.18055,35.2749]]}},{"type":"Feature","properties":{"idx":487,"road":"松田国府津線","cls":"primary","shops":0,"st_km":0.97,"mesh":"52397136"},"geometry":{"type":"LineString","coordinates":[[139.20489,35.27839],[139.20483,35.27854]]}},{"type":"Feature","properties":{"idx":491,"road":"松田国府津線","cls":"primary","shops":0,"st_km":0.96,"mesh":"52397136"},"geometry":{"type":"LineString","coordinates":[[139.20493,35.27857],[139.20499,35.27844]]}},{"type":"Feature","properties":{"idx":487,"road":"松田国府津線","cls":"primary","shops":0,"st_km":0.97,"mesh":"52397136"},"geometry":{"type":"LineString","coordinates":[[139.20483,35.27854],[139.20478,35.27874]]}},{"type":"Feature","properties":{"idx":491,"road":"松田国府津線","cls":"primary","shops":0,"st_km":0.96,"mesh":"52397136"},"geometry":{"type":"LineString","coordinates":[[139.20488,35.27877],[139.20493,35.27857]]}},{"type":"Feature","properties":{"idx":458,"road":"松田国府津線","cls":"primary","shops":0,"st_km":1.05,"mesh":"52397136"},"geometry":{"type":"LineString","coordinates":[[139.20399,35.28159],[139.20379,35.28212],[139.20285,35.28369]]}},{"type":"Feature","properties":{"idx":461,"road":"松田国府津線","cls":"primary","shops":0,"st_km":1.04,"mesh":"52397136"},"geometry":{"type":"LineString","coordinates":[[139.20296,35.28373],[139.20389,35.28216],[139.20411,35.28161]]}},{"type":"Feature","properties":{"idx":700,"road":"鴨ノ宮停車場線","cls":"secondary","shops":0,"st_km":0.21,"mesh":"52397124"},"geometry":{"type":"LineString","coordinates":[[139.17863,35.27402],[139.17816,35.27484],[139.17792,35.27556]]}},{"type":"Feature","properties":{"idx":508,"road":NaN,"cls":"tertiary","shops":0,"st_km":0.41,"mesh":"52397124"},"geometry":{"type":"LineString","coordinates":[[139.17984,35.27198],[139.18045,35.27206],[139.18155,35.27209]]}},{"type":"Feature","properties":{"idx":1784,"road":NaN,"cls":"tertiary","shops":0,"st_km":0.83,"mesh":"52397125"},"geometry":{"type":"LineString","coordinates":[[139.18914,35.27209],[139.18899,35.27434],[139.18922,35.27586]]}},{"type":"Feature","properties":{"idx":372,"road":NaN,"cls":"tertiary","shops":0,"st_km":1.24,"mesh":"52397144"},"geometry":{"type":"LineString","coordinates":[[139.18687,35.28508],[139.18686,35.28585]]}},{"type":"Feature","properties":{"idx":607,"road":NaN,"cls":"tertiary","shops":1,"st_km":1.12,"mesh":"52397144"},"geometry":{"type":"LineString","coordinates":[[139.18688,35.2834],[139.18687,35.28508]]}},{"type":"Feature","properties":{"idx":1719,"road":NaN,"cls":"tertiary","shops":1,"st_km":1.08,"mesh":"52397135"},"geometry":{"type":"LineString","coordinates":[[139.1893,35.27918],[139.18926,35.28487]]}},{"type":"Feature","properties":{"idx":195,"road":NaN,"cls":"tertiary","shops":0,"st_km":1.33,"mesh":"52397145"},"geometry":{"type":"LineString","coordinates":[[139.18926,35.28487],[139.18925,35.28526]]}},{"type":"Feature","properties":{"idx":183,"road":"中井羽根尾線","cls":"secondary","shops":1,"st_km":2.51,"mesh":"52397168"},"geometry":{"type":"LineString","coordinates":[[139.22678,35.30292],[139.22703,35.30245],[139.22789,35.30109],[139.22813,35.3004],[139.2283,35.30015],[139.22851,35.29997]]}},{"type":"Feature","properties":{"idx":613,"road":"中井羽根尾線旧道","cls":"tertiary","shops":2,"st_km":3.87,"mesh":"52397187"},"geometry":{"type":"LineString","coordinates":[[139.22004,35.31975],[139.22079,35.32005],[139.22179,35.32035]]}},{"type":"Feature","properties":{"idx":305,"road":"中井羽根尾線旧道","cls":"tertiary","shops":0,"st_km":3.96,"mesh":"52397187"},"geometry":{"type":"LineString","coordinates":[[139.22179,35.32035],[139.22192,35.32038]]}},{"type":"Feature","properties":{"idx":462,"road":"中井羽根尾線旧道","cls":"tertiary","shops":1,"st_km":3.76,"mesh":"52397187"},"geometry":{"type":"LineString","coordinates":[[139.21975,35.31964],[139.21983,35.31967]]}},{"type":"Feature","properties":{"idx":462,"road":"中井羽根尾線旧道","cls":"tertiary","shops":1,"st_km":3.77,"mesh":"52397187"},"geometry":{"type":"LineString","coordinates":[[139.21983,35.31967],[139.22004,35.31975]]}},{"type":"Feature","properties":{"idx":352,"road":"中井羽根尾線","cls":"secondary","shops":0,"st_km":3.65,"mesh":"52397187"},"geometry":{"type":"LineString","coordinates":[[139.22191,35.31818],[139.22287,35.31786],[139.22335,35.31757],[139.22367,35.31727],[139.22396,35.31684],[139.22409,35.31652],[139.22429,35.31576]]}},{"type":"Feature","properties":{"idx":403,"road":"鴨ノ宮停車場矢作線","cls":"secondary","shops":0,"st_km":1.3,"mesh":"52397144"},"geometry":{"type":"LineString","coordinates":[[139.17994,35.28591],[139.1797,35.28612],[139.17913,35.2871],[139.17899,35.28723],[139.17738,35.28829],[139.17708,35.28837]]}},{"type":"Feature","properties":{"idx":536,"road":"鴨ノ宮停車場矢作線","cls":"secondary","shops":0,"st_km":0.14,"mesh":"52397134"},"geometry":{"type":"LineString","coordinates":[[139.17927,35.2759],[139.17901,35.27574],[139.17792,35.27556]]}},{"type":"Feature","properties":{"idx":675,"road":NaN,"cls":"tertiary","shops":0,"st_km":0.13,"mesh":"52397124"},"geometry":{"type":"LineString","coordinates":[[139.18065,35.27431],[139.18038,35.27489]]}},{"type":"Feature","properties":{"idx":194,"road":NaN,"cls":"tertiary","shops":0,"st_km":0.56,"mesh":"52397182"},"geometry":{"type":"LineString","coordinates":[[139.15864,35.32284],[139.15757,35.32269],[139.15651,35.32263]]}},{"type":"Feature","properties":{"idx":168,"road":NaN,"cls":"tertiary","shops":0,"st_km":0.73,"mesh":"52397182"},"geometry":{"type":"LineString","coordinates":[[139.15651,35.32263],[139.15487,35.32256]]}},{"type":"Feature","properties":{"idx":214,"road":NaN,"cls":"tertiary","shops":0,"st_km":0.45,"mesh":"52397182"},"geometry":{"type":"LineString","coordinates":[[139.15909,35.32291],[139.15864,35.32284]]}},{"type":"Feature","properties":{"idx":175,"road":NaN,"cls":"tertiary","shops":0,"st_km":0.68,"mesh":"52397182"},"geometry":{"type":"LineString","coordinates":[[139.15851,35.32366],[139.15799,35.32367],[139.15716,35.32382],[139.15473,35.32412]]}},{"type":"Feature","properties":{"idx":145,"road":NaN,"cls":"tertiary","shops":0,"st_km":0.92,"mesh":"52397182"},"geometry":{"type":"LineString","coordinates":[[139.15487,35.32256],[139.15232,35.32251]]}},{"type":"Feature","properties":{"idx":140,"road":NaN,"cls":"tertiary","shops":0,"st_km":0.96,"mesh":"52397182"},"geometry":{"type":"LineString","coordinates":[[139.1536,35.32444],[139.1536,35.32442]]}},{"type":"Feature","properties":{"idx":7,"road":"広域農道やまゆりライン","cls":"tertiary","shops":0,"st_km":3.83,"mesh":"52397196"},"geometry":{"type":"LineString","coordinates":[[139.20534,35.33275],[139.20572,35.33305]]}},{"type":"Feature","properties":{"idx":58,"road":"広域農道やまゆりライン","cls":"tertiary","shops":0,"st_km":2.39,"mesh":"52397166"},"geometry":{"type":"LineString","coordinates":[[139.20802,35.30891],[139.20801,35.30831],[139.20784,35.30794],[139.2077,35.30779],[139.20623,35.30682],[139.20605,35.30651],[139.20607,35.30626],[139.20619,35.3061],[139.20651,35.30593],[139.20841,35.30562],[139.20885,35.30548],[139.20909,35.3053],[139.20958,35.30469],[139.20977,35.30453],[139.21144,35.30339],[139.21163,35.30318],[139.21166,35.30305],[139.21166,35.30279],[139.21153,35.30262],[139.21024,35.30191],[139.21007,35.3017],[139.21003,35.30144],[139.2101,35.30071],[139.21002,35.30048],[139.20961,35.2999],[139.20953,35.2997],[139.2096,35.29918]]}},{"type":"Feature","properties":{"idx":14,"road":"広域農道やまゆりライン","cls":"tertiary","shops":0,"st_km":2.32,"mesh":"52397176"},"geometry":{"type":"LineString","coordinates":[[139.20815,35.30927],[139.20806,35.30913],[139.20802,35.30891]]}},{"type":"Feature","properties":{"idx":117,"road":NaN,"cls":"living_street","shops":0,"st_km":1.71,"mesh":"52397145"},"geometry":{"type":"LineString","coordinates":[[139.19176,35.2872],[139.19361,35.28721]]}},{"type":"Feature","properties":{"idx":113,"road":NaN,"cls":"living_street","shops":0,"st_km":1.77,"mesh":"52397145"},"geometry":{"type":"LineString","coordinates":[[139.19362,35.28715],[139.19402,35.28716]]}},{"type":"Feature","properties":{"idx":116,"road":NaN,"cls":"living_street","shops":0,"st_km":1.73,"mesh":"52397145"},"geometry":{"type":"LineString","coordinates":[[139.19304,35.28675],[139.19408,35.28674]]}},{"type":"Feature","properties":{"idx":718,"road":NaN,"cls":"tertiary","shops":0,"st_km":0.93,"mesh":"52397111"},"geometry":{"type":"LineString","coordinates":[[139.14694,35.26194],[139.14924,35.26234],[139.15069,35.26249]]}},{"type":"Feature","properties":{"idx":343,"road":NaN,"cls":"tertiary","shops":1,"st_km":0.83,"mesh":"52397121"},"geometry":{"type":"LineString","coordinates":[[139.1452,35.26986],[139.14629,35.26985]]}},{"type":"Feature","properties":{"idx":141,"road":"小田原松田線","cls":"secondary","shops":0,"st_km":1.1,"mesh":"52397172"},"geometry":{"type":"LineString","coordinates":[[139.15597,35.309],[139.15348,35.3133]]}},{"type":"Feature","properties":{"idx":144,"road":"小田原松田線","cls":"secondary","shops":0,"st_km":1.08,"mesh":"52397172"},"geometry":{"type":"LineString","coordinates":[[139.1536,35.31329],[139.15493,35.31099]]}},{"type":"Feature","properties":{"idx":149,"road":"小田原松田線","cls":"secondary","shops":0,"st_km":1.03,"mesh":"52397172"},"geometry":{"type":"LineString","coordinates":[[139.15348,35.3133],[139.15279,35.31448]]}},{"type":"Feature","properties":{"idx":148,"road":"小田原松田線","cls":"secondary","shops":0,"st_km":1.03,"mesh":"52397172"},"geometry":{"type":"LineString","coordinates":[[139.15288,35.3145],[139.1536,35.31329]]}},{"type":"Feature","properties":{"idx":341,"road":NaN,"cls":"tertiary","shops":0,"st_km":1.1,"mesh":"52397159"},"geometry":{"type":"LineString","coordinates":[[139.24509,35.2971],[139.24468,35.29753],[139.24457,35.29771]]}},{"type":"Feature","properties":{"idx":323,"road":NaN,"cls":"tertiary","shops":0,"st_km":0.56,"mesh":"52397164"},"geometry":{"type":"LineString","coordinates":[[139.17834,35.30585],[139.17709,35.30507]]}},{"type":"Feature","properties":{"idx":311,"road":NaN,"cls":"tertiary","shops":0,"st_km":0.6,"mesh":"52397164"},"geometry":{"type":"LineString","coordinates":[[139.17709,35.30507],[139.177,35.30502]]}},{"type":"Feature","properties":{"idx":159,"road":"沼田国府津線","cls":"secondary","shops":0,"st_km":0.7,"mesh":"52397142"},"geometry":{"type":"LineString","coordinates":[[139.15688,35.28978],[139.1572,35.28978]]}},{"type":"Feature","properties":{"idx":216,"road":NaN,"cls":"tertiary","shops":0,"st_km":1.73,"mesh":"52397143"},"geometry":{"type":"LineString","coordinates":[[139.17197,35.29086],[139.17171,35.29106],[139.17104,35.29195]]}},{"type":"Feature","properties":{"idx":250,"road":NaN,"cls":"tertiary","shops":1,"st_km":1.71,"mesh":"52397153"},"geometry":{"type":"LineString","coordinates":[[139.17098,35.292],[139.17067,35.29219]]}},{"type":"Feature","properties":{"idx":250,"road":NaN,"cls":"tertiary","shops":1,"st_km":1.71,"mesh":"52397153"},"geometry":{"type":"LineString","coordinates":[[139.17104,35.29195],[139.17098,35.292]]}},{"type":"Feature","properties":{"idx":404,"road":"富士道","cls":"tertiary","shops":0,"st_km":1.13,"mesh":"52397144"},"geometry":{"type":"LineString","coordinates":[[139.18079,35.28589],[139.17994,35.28591]]}},{"type":"Feature","properties":{"idx":404,"road":"富士道","cls":"tertiary","shops":0,"st_km":1.13,"mesh":"52397144"},"geometry":{"type":"LineString","coordinates":[[139.18098,35.28588],[139.18079,35.28589]]}},{"type":"Feature","properties":{"idx":329,"road":"沼田国府津線","cls":"secondary","shops":0,"st_km":1.25,"mesh":"52397143"},"geometry":{"type":"LineString","coordinates":[[139.16261,35.28983],[139.16617,35.28981]]}},{"type":"Feature","properties":{"idx":270,"road":"沼田国府津線","cls":"secondary","shops":0,"st_km":1.64,"mesh":"52397143"},"geometry":{"type":"LineString","coordinates":[[139.17078,35.2898],[139.17881,35.28979]]}},{"type":"Feature","properties":{"idx":340,"road":"沼田国府津線","cls":"secondary","shops":0,"st_km":1.56,"mesh":"52397144"},"geometry":{"type":"LineString","coordinates":[[139.17881,35.28979],[139.17897,35.28979]]}},{"type":"Feature","properties":{"idx":401,"road":"沼田国府津線","cls":"secondary","shops":1,"st_km":1.59,"mesh":"52397143"},"geometry":{"type":"LineString","coordinates":[[139.16617,35.28981],[139.17067,35.2898]]}},{"type":"Feature","properties":{"idx":250,"road":"沼田国府津線","cls":"secondary","shops":0,"st_km":1.78,"mesh":"52397143"},"geometry":{"type":"LineString","coordinates":[[139.17067,35.2898],[139.17078,35.2898]]}},{"type":"Feature","properties":{"idx":330,"road":"沼田国府津線","cls":"secondary","shops":0,"st_km":1.24,"mesh":"52397143"},"geometry":{"type":"LineString","coordinates":[[139.16617,35.28972],[139.16261,35.28973]]}},{"type":"Feature","properties":{"idx":268,"road":"沼田国府津線","cls":"secondary","shops":0,"st_km":1.58,"mesh":"52397143"},"geometry":{"type":"LineString","coordinates":[[139.17067,35.28971],[139.16617,35.28972]]}},{"type":"Feature","properties":{"idx":251,"road":"沼田国府津線","cls":"secondary","shops":0,"st_km":1.77,"mesh":"52397143"},"geometry":{"type":"LineString","coordinates":[[139.17077,35.28971],[139.17067,35.28971]]}},{"type":"Feature","properties":{"idx":272,"road":"沼田国府津線","cls":"secondary","shops":0,"st_km":1.62,"mesh":"52397143"},"geometry":{"type":"LineString","coordinates":[[139.17888,35.2897],[139.17077,35.28971]]}},{"type":"Feature","properties":{"idx":342,"road":"沼田国府津線","cls":"secondary","shops":0,"st_km":1.55,"mesh":"52397144"},"geometry":{"type":"LineString","coordinates":[[139.17915,35.2897],[139.17888,35.2897]]}},{"type":"Feature","properties":{"idx":20,"road":"秦野二宮線","cls":"primary","shops":0,"st_km":3.26,"mesh":"52397189"},"geometry":{"type":"LineString","coordinates":[[139.23799,35.32318],[139.23754,35.32394]]}},{"type":"Feature","properties":{"idx":20,"road":"木戸陸橋","cls":"primary","shops":0,"st_km":3.18,"mesh":"52397189"},"geometry":{"type":"LineString","coordinates":[[139.23823,35.32276],[139.23799,35.32318]]}},{"type":"Feature","properties":{"idx":20,"road":"木戸陸橋","cls":"primary","shops":0,"st_km":3.18,"mesh":"52397189"},"geometry":{"type":"LineString","coordinates":[[139.23808,35.32322],[139.23831,35.32279]]}},{"type":"Feature","properties":{"idx":20,"road":"秦野二宮線","cls":"primary","shops":0,"st_km":3.26,"mesh":"52397189"},"geometry":{"type":"LineString","coordinates":[[139.23763,35.32398],[139.23808,35.32322]]}},{"type":"Feature","properties":{"idx":7,"road":NaN,"cls":"tertiary","shops":0,"st_km":1.71,"mesh":"52397194"},"geometry":{"type":"LineString","coordinates":[[139.17798,35.33032],[139.17829,35.33039],[139.17894,35.33025],[139.17953,35.33034],[139.18019,35.33022],[139.18039,35.3303],[139.18052,35.33044]]}},{"type":"Feature","properties":{"idx":197,"road":"怒田開成小田原線","cls":"secondary","shops":0,"st_km":0.66,"mesh":"52397161"},"geometry":{"type":"LineString","coordinates":[[139.14581,35.3091],[139.14589,35.30834],[139.1456,35.30546],[139.14542,35.30435],[139.14515,35.30332],[139.14533,35.30166],[139.14545,35.30135]]}},{"type":"Feature","properties":{"idx":225,"road":"怒田開成小田原線","cls":"secondary","shops":0,"st_km":0.5,"mesh":"52397161"},"geometry":{"type":"LineString","coordinates":[[139.14545,35.30135],[139.1455,35.30125]]}},{"type":"Feature","properties":{"idx":210,"road":"松田国府津線","cls":"primary","shops":0,"st_km":0.39,"mesh":"52397183"},"geometry":{"type":"LineString","coordinates":[[139.16163,35.32474],[139.1632,35.32304],[139.16456,35.32236],[139.16635,35.3207],[139.16724,35.31998],[139.16807,35.31916],[139.17029,35.31741],[139.17157,35.3164],[139.17194,35.31617],[139.17307,35.31569],[139.17344,35.31546]]}},{"type":"Feature","properties":{"idx":286,"road":"松田国府津線","cls":"primary","shops":0,"st_km":0.38,"mesh":"52397182"},"geometry":{"type":"LineString","coordinates":[[139.16154,35.32482],[139.16163,35.32474]]}},{"type":"Feature","properties":{"idx":93,"road":"小田原松田線","cls":"secondary","shops":0,"st_km":0.76,"mesh":"52397191"},"geometry":{"type":"LineString","coordinates":[[139.14468,35.32848],[139.14024,35.33609]]}},{"type":"Feature","properties":{"idx":89,"road":"小田原松田線","cls":"secondary","shops":0,"st_km":0.81,"mesh":"52397191"},"geometry":{"type":"LineString","coordinates":[[139.145,35.32796],[139.14468,35.32848]]}},{"type":"Feature","properties":{"idx":198,"road":NaN,"cls":"tertiary","shops":1,"st_km":0.49,"mesh":"52397192"},"geometry":{"type":"LineString","coordinates":[[139.15584,35.33254],[139.15551,35.33242]]}},{"type":"Feature","properties":{"idx":310,"road":"怒田開成小田原線","cls":"secondary","shops":0,"st_km":0.25,"mesh":"52397151"},"geometry":{"type":"LineString","coordinates":[[139.1455,35.30125],[139.14655,35.29972],[139.14719,35.29813],[139.14748,35.2976],[139.14799,35.29513]]}},{"type":"Feature","properties":{"idx":93,"road":"秦野二宮線","cls":"primary","shops":0,"st_km":2.24,"mesh":"52397179"},"geometry":{"type":"LineString","coordinates":[[139.24236,35.31599],[139.24282,35.31536],[139.24336,35.31473]]}},{"type":"Feature","properties":{"idx":90,"road":"秦野二宮線","cls":"primary","shops":0,"st_km":2.34,"mesh":"52397179"},"geometry":{"type":"LineString","coordinates":[[139.2422,35.31625],[139.24236,35.31599]]}},{"type":"Feature","properties":{"idx":61,"road":"秦野二宮線","cls":"primary","shops":0,"st_km":4.23,"mesh":"52397198"},"geometry":{"type":"LineString","coordinates":[[139.23133,35.33236],[139.23152,35.33195]]}},{"type":"Feature","properties":{"idx":61,"road":"秦野二宮線","cls":"primary","shops":0,"st_km":4.24,"mesh":"52397198"},"geometry":{"type":"LineString","coordinates":[[139.23142,35.33193],[139.23124,35.33234]]}},{"type":"Feature","properties":{"idx":60,"road":"小塚陸橋","cls":"primary","shops":0,"st_km":4.29,"mesh":"52397198"},"geometry":{"type":"LineString","coordinates":[[139.23188,35.33088],[139.23142,35.33193]]}},{"type":"Feature","properties":{"idx":60,"road":"小塚陸橋","cls":"primary","shops":0,"st_km":4.29,"mesh":"52397198"},"geometry":{"type":"LineString","coordinates":[[139.23152,35.33195],[139.23197,35.3309]]}},{"type":"Feature","properties":{"idx":61,"road":"秦野二宮線","cls":"primary","shops":0,"st_km":4.09,"mesh":"52397198"},"geometry":{"type":"LineString","coordinates":[[139.23197,35.3309],[139.23304,35.32849]]}},{"type":"Feature","properties":{"idx":63,"road":"秦野二宮線","cls":"primary","shops":0,"st_km":3.61,"mesh":"52397198"},"geometry":{"type":"LineString","coordinates":[[139.2368,35.32471],[139.2338,35.32737]]}},{"type":"Feature","properties":{"idx":352,"road":"怒田開成小田原線","cls":"secondary","shops":0,"st_km":0.56,"mesh":"52397190"},"geometry":{"type":"LineString","coordinates":[[139.12882,35.33136],[139.12942,35.33085],[139.13088,35.33021],[139.13233,35.3292],[139.13259,35.32886],[139.13264,35.32867],[139.13269,35.32796]]}},{"type":"Feature","properties":{"idx":367,"road":"怒田開成小田原線","cls":"secondary","shops":0,"st_km":0.71,"mesh":"52397180"},"geometry":{"type":"LineString","coordinates":[[139.13612,35.32144],[139.1361,35.31948],[139.13585,35.31874]]}},{"type":"Feature","properties":{"idx":306,"road":NaN,"cls":"tertiary","shops":0,"st_km":0.79,"mesh":"52397180"},"geometry":{"type":"LineString","coordinates":[[139.13046,35.3215],[139.13128,35.31985]]}},{"type":"Feature","properties":{"idx":398,"road":NaN,"cls":"tertiary","shops":0,"st_km":0.5,"mesh":"52397180"},"geometry":{"type":"LineString","coordinates":[[139.13046,35.3215],[139.13541,35.32387]]}},{"type":"Feature","properties":{"idx":295,"road":NaN,"cls":"tertiary","shops":0,"st_km":0.83,"mesh":"52397180"},"geometry":{"type":"LineString","coordinates":[[139.12861,35.32061],[139.13046,35.3215]]}},{"type":"Feature","properties":{"idx":61,"road":"西山陸橋","cls":"primary","shops":0,"st_km":4.18,"mesh":"52397198"},"geometry":{"type":"LineString","coordinates":[[139.23107,35.33297],[139.23133,35.33236]]}},{"type":"Feature","properties":{"idx":61,"road":"秦野二宮線","cls":"primary","shops":0,"st_km":4.09,"mesh":"52397198"},"geometry":{"type":"LineString","coordinates":[[139.23295,35.32846],[139.23188,35.33088]]}},{"type":"Feature","properties":{"idx":62,"road":"桜ヶ谷陸橋","cls":"primary","shops":0,"st_km":3.88,"mesh":"52397198"},"geometry":{"type":"LineString","coordinates":[[139.2338,35.32737],[139.2334,35.32778],[139.23295,35.32846]]}},{"type":"Feature","properties":{"idx":63,"road":"秦野二宮線","cls":"primary","shops":0,"st_km":3.61,"mesh":"52397198"},"geometry":{"type":"LineString","coordinates":[[139.23391,35.32739],[139.23687,35.32476]]}},{"type":"Feature","properties":{"idx":62,"road":"桜ヶ谷陸橋","cls":"primary","shops":0,"st_km":3.88,"mesh":"52397198"},"geometry":{"type":"LineString","coordinates":[[139.23304,35.32849],[139.23341,35.32792],[139.23391,35.32739]]}},{"type":"Feature","properties":{"idx":49,"road":NaN,"cls":"tertiary","shops":0,"st_km":4.15,"mesh":"52397198"},"geometry":{"type":"LineString","coordinates":[[139.22736,35.32823],[139.2267,35.32822],[139.22648,35.32808],[139.2259,35.32725],[139.22569,35.32623],[139.22556,35.32601],[139.22531,35.32573],[139.22512,35.32561],[139.22488,35.32555],[139.22446,35.32553],[139.22431,35.32545],[139.22422,35.32533],[139.22393,35.32429],[139.22377,35.32404],[139.2235,35.32402]]}},{"type":"Feature","properties":{"idx":31,"road":"広域農道やまゆりライン","cls":"tertiary","shops":0,"st_km":3.52,"mesh":"52397177"},"geometry":{"type":"LineString","coordinates":[[139.21894,35.31611],[139.21885,35.31624]]}},{"type":"Feature","properties":{"idx":22,"road":"広域農道やまゆりライン","cls":"tertiary","shops":0,"st_km":2.9,"mesh":"52397186"},"geometry":{"type":"LineString","coordinates":[[139.21885,35.31624],[139.21827,35.31641],[139.21752,35.31676],[139.21699,35.31719],[139.21631,35.31751],[139.2156,35.31809],[139.21539,35.3182],[139.21511,35.31823],[139.21435,35.31814],[139.21395,35.31821],[139.21326,35.3188],[139.21275,35.31951],[139.21241,35.31971],[139.21166,35.31993],[139.21107,35.31996],[139.2105,35.3199],[139.20963,35.31964],[139.20933,35.31962],[139.2091,35.31969],[139.20707,35.32064],[139.20684,35.32084],[139.20651,35.32123],[139.20579,35.32219],[139.20497,35.32301],[139.20478,35.32336],[139.20466,35.32379],[139.20457,35.32472],[139.2046,35.32503],[139.20469,35.3252],[139.20494,35.32535],[139.20585,35.32555],[139.2063,35.32572],[139.20744,35.32589],[139.20768,35.32604],[139.2078,35.3263],[139.20777,35.32653],[139.20754,35.32706],[139.20735,35.32723],[139.20676,35.32752],[139.20662,35.32767],[139.20654,35.32802],[139.20656,35.32888],[139.20646,35.32905],[139.20612,35.32927],[139.20514,35.32964],[139.20461,35.33011],[139.20443,35.33035],[139.20438,35.33053],[139.20439,35.33069],[139.20477,35.33176],[139.20514,35.3325]]}},{"type":"Feature","properties":{"idx":7,"road":"広域農道やまゆりライン","cls":"tertiary","shops":0,"st_km":3.79,"mesh":"52397196"},"geometry":{"type":"LineString","coordinates":[[139.20517,35.33254],[139.20534,35.33275]]}},{"type":"Feature","properties":{"idx":7,"road":"広域農道やまゆりライン","cls":"tertiary","shops":0,"st_km":3.77,"mesh":"52397196"},"geometry":{"type":"LineString","coordinates":[[139.20514,35.3325],[139.20517,35.33254]]}},{"type":"Feature","properties":{"idx":50,"road":NaN,"cls":"tertiary","shops":0,"st_km":4.29,"mesh":"52397197"},"geometry":{"type":"LineString","coordinates":[[139.2158,35.33265],[139.21577,35.33203]]}},{"type":"Feature","properties":{"idx":49,"road":NaN,"cls":"tertiary","shops":0,"st_km":4.11,"mesh":"52397198"},"geometry":{"type":"LineString","coordinates":[[139.23479,35.33247],[139.23507,35.33227],[139.23529,35.33147],[139.23524,35.33019],[139.2353,35.32988]]}},{"type":"Feature","properties":{"idx":16,"road":NaN,"cls":"tertiary","shops":0,"st_km":2.97,"mesh":"52397189"},"geometry":{"type":"LineString","coordinates":[[139.23859,35.32545],[139.23912,35.3252],[139.23935,35.32496],[139.23967,35.3245],[139.24001,35.32348],[139.24035,35.32288],[139.24089,35.32243],[139.24106,35.32191],[139.24109,35.32157],[139.24136,35.32099],[139.24168,35.32046],[139.24197,35.31921],[139.24236,35.31837]]}},{"type":"Feature","properties":{"idx":75,"road":NaN,"cls":"tertiary","shops":0,"st_km":2.22,"mesh":"52397179"},"geometry":{"type":"LineString","coordinates":[[139.24308,35.31601],[139.24323,35.31561],[139.24367,35.3149]]}},{"type":"Feature","properties":{"idx":80,"road":NaN,"cls":"tertiary","shops":0,"st_km":2.03,"mesh":"52397179"},"geometry":{"type":"LineString","coordinates":[[139.24367,35.3149],[139.24453,35.31378],[139.24469,35.31326],[139.24469,35.31305],[139.24463,35.31289]]}},{"type":"Feature","properties":{"idx":18,"road":NaN,"cls":"tertiary","shops":0,"st_km":2.42,"mesh":"52397189"},"geometry":{"type":"LineString","coordinates":[[139.24236,35.31837],[139.24259,35.31753],[139.24289,35.31686],[139.24308,35.31601]]}},{"type":"Feature","properties":{"idx":346,"road":"中井羽根尾線","cls":"secondary","shops":0,"st_km":3.78,"mesh":"52397187"},"geometry":{"type":"LineString","coordinates":[[139.21975,35.31964],[139.22085,35.31856],[139.22138,35.31831],[139.22191,35.31818]]}},{"type":"Feature","properties":{"idx":35,"road":"中井羽根尾線","cls":"secondary","shops":0,"st_km":3.5,"mesh":"52397177"},"geometry":{"type":"LineString","coordinates":[[139.22429,35.31576],[139.22434,35.31554]]}},{"type":"Feature","properties":{"idx":35,"road":"中井羽根尾線","cls":"secondary","shops":0,"st_km":3.37,"mesh":"52397177"},"geometry":{"type":"LineString","coordinates":[[139.22434,35.31554],[139.22515,35.31241]]}},{"type":"Feature","properties":{"idx":2537,"road":"おしゃれ横丁","cls":"pedestrian","shops":37,"st_km":0.17,"mesh":"52397102"},"geometry":{"type":"LineString","coordinates":[[139.15759,35.25579],[139.15758,35.25555]]}},{"type":"Feature","properties":{"idx":339,"road":NaN,"cls":"tertiary","shops":0,"st_km":0.51,"mesh":"52397164"},"geometry":{"type":"LineString","coordinates":[[139.17918,35.3064],[139.17839,35.30588]]}},{"type":"Feature","properties":{"idx":333,"road":NaN,"cls":"tertiary","shops":0,"st_km":0.53,"mesh":"52397164"},"geometry":{"type":"LineString","coordinates":[[139.17834,35.30585],[139.17839,35.30588]]}},{"type":"Feature","properties":{"idx":292,"road":"成田下曽我停車場線","cls":"secondary","shops":1,"st_km":1.64,"mesh":"52397153"},"geometry":{"type":"LineString","coordinates":[[139.17133,35.29356],[139.17067,35.29219]]}},{"type":"Feature","properties":{"idx":304,"road":"成田下曽我停車場線","cls":"secondary","shops":1,"st_km":1.55,"mesh":"52397153"},"geometry":{"type":"LineString","coordinates":[[139.17144,35.29364],[139.17133,35.29356]]}},{"type":"Feature","properties":{"idx":289,"road":"成田下曽我停車場線","cls":"secondary","shops":0,"st_km":1.14,"mesh":"52397154"},"geometry":{"type":"LineString","coordinates":[[139.17924,35.29509],[139.17879,35.29489],[139.17758,35.29474],[139.17753,35.29466],[139.17747,35.29395],[139.17742,35.29383],[139.17621,35.29382]]}},{"type":"Feature","properties":{"idx":476,"road":"成田下曽我停車場線","cls":"secondary","shops":1,"st_km":1.01,"mesh":"52397154"},"geometry":{"type":"LineString","coordinates":[[139.17928,35.29511],[139.17924,35.29509]]}},{"type":"Feature","properties":{"idx":527,"road":"小田原山北線","cls":"primary","shops":0,"st_km":0.41,"mesh":"52397122"},"geometry":{"type":"LineString","coordinates":[[139.15047,35.27301],[139.15056,35.27359],[139.15089,35.27422]]}},{"type":"Feature","properties":{"idx":270,"road":"小田原山北線","cls":"primary","shops":0,"st_km":0.36,"mesh":"52397132"},"geometry":{"type":"LineString","coordinates":[[139.15089,35.27422],[139.15126,35.27463],[139.15205,35.27535],[139.15239,35.27582]]}},{"type":"Feature","properties":{"idx":287,"road":NaN,"cls":"tertiary","shops":0,"st_km":2.03,"mesh":"52397158"},"geometry":{"type":"LineString","coordinates":[[139.22995,35.29502],[139.23036,35.29467],[139.23079,35.29418]]}},{"type":"Feature","properties":{"idx":230,"road":NaN,"cls":"tertiary","shops":0,"st_km":0.43,"mesh":"52397151"},"geometry":{"type":"LineString","coordinates":[[139.14017,35.29501],[139.14042,35.29567],[139.14132,35.29653]]}},{"type":"Feature","properties":{"idx":249,"road":NaN,"cls":"tertiary","shops":0,"st_km":0.35,"mesh":"52397151"},"geometry":{"type":"LineString","coordinates":[[139.14132,35.29653],[139.14135,35.29657]]}},{"type":"Feature","properties":{"idx":333,"road":"小田原山北線","cls":"primary","shops":0,"st_km":0.14,"mesh":"52397132"},"geometry":{"type":"LineString","coordinates":[[139.15455,35.27643],[139.15441,35.27603],[139.15395,35.2757]]}},{"type":"Feature","properties":{"idx":359,"road":"小田原山北線","cls":"primary","shops":0,"st_km":0.56,"mesh":"52397121"},"geometry":{"type":"LineString","coordinates":[[139.14919,35.2758],[139.14915,35.27576],[139.14916,35.27468],[139.14922,35.27426],[139.14915,35.27388],[139.14918,35.2732],[139.14925,35.27294]]}},{"type":"Feature","properties":{"idx":262,"road":"怒田開成小田原線","cls":"secondary","shops":0,"st_km":0.28,"mesh":"52397132"},"geometry":{"type":"LineString","coordinates":[[139.15524,35.2793],[139.15518,35.27839],[139.15521,35.27618],[139.15514,35.27601]]}},{"type":"Feature","properties":{"idx":1181,"road":NaN,"cls":"pedestrian","shops":1,"st_km":0.09,"mesh":"52397141"},"geometry":{"type":"LineString","coordinates":[[139.13838,35.28764],[139.13846,35.28771]]}}]}