{"type":"FeatureCollection","features":[{"type":"Feature","properties":{"idx":240,"road":NaN,"cls":"tertiary","shops":3,"st_km":0.88,"mesh":"53393351"},"geometry":{"type":"LineString","coordinates":[[139.39161,35.62806],[139.39166,35.62819]]}},{"type":"Feature","properties":{"idx":193,"road":NaN,"cls":"secondary","shops":0,"st_km":1.45,"mesh":"53393364"},"geometry":{"type":"LineString","coordinates":[[139.43691,35.64059],[139.43703,35.64062]]}},{"type":"Feature","properties":{"idx":117,"road":NaN,"cls":"primary","shops":0,"st_km":0.64,"mesh":"53393365"},"geometry":{"type":"LineString","coordinates":[[139.44255,35.63299],[139.44259,35.63401],[139.44244,35.63459]]}},{"type":"Feature","properties":{"idx":191,"road":NaN,"cls":"primary","shops":0,"st_km":0.61,"mesh":"53393376"},"geometry":{"type":"LineString","coordinates":[[139.4533,35.64867],[139.45264,35.64778]]}},{"type":"Feature","properties":{"idx":86,"road":NaN,"cls":"tertiary","shops":0,"st_km":0.73,"mesh":"53393365"},"geometry":{"type":"LineString","coordinates":[[139.44244,35.63459],[139.44108,35.63388]]}},{"type":"Feature","properties":{"idx":118,"road":NaN,"cls":"secondary","shops":0,"st_km":0.08,"mesh":"53393353"},"geometry":{"type":"LineString","coordinates":[[139.42212,35.63266],[139.4223,35.6324]]}},{"type":"Feature","properties":{"idx":1026,"road":"多摩センター東通り","cls":"tertiary","shops":10,"st_km":0.26,"mesh":"53393344"},"geometry":{"type":"LineString","coordinates":[[139.42724,35.62272],[139.4263,35.62442]]}},{"type":"Feature","properties":{"idx":111,"road":NaN,"cls":"secondary","shops":0,"st_km":0.3,"mesh":"53393353"},"geometry":{"type":"LineString","coordinates":[[139.42501,35.62673],[139.42443,35.62773],[139.42404,35.62826],[139.42357,35.62878],[139.42339,35.62908]]}},{"type":"Feature","properties":{"idx":62,"road":"いろは坂通り","cls":"tertiary","shops":0,"st_km":1.13,"mesh":"53393365"},"geometry":{"type":"LineString","coordinates":[[139.44445,35.64067],[139.44307,35.63888]]}},{"type":"Feature","properties":{"idx":87,"road":NaN,"cls":"tertiary","shops":0,"st_km":0.96,"mesh":"53393375"},"geometry":{"type":"LineString","coordinates":[[139.4444,35.64091],[139.44389,35.64222],[139.44394,35.64277],[139.44399,35.64299],[139.44429,35.64341],[139.44488,35.64383]]}},{"type":"Feature","properties":{"idx":124,"road":NaN,"cls":"tertiary","shops":1,"st_km":0.23,"mesh":"53393385"},"geometry":{"type":"LineString","coordinates":[[139.44676,35.65235],[139.44687,35.65254],[139.44677,35.65284],[139.44678,35.65298],[139.44684,35.65306],[139.44698,35.65309],[139.44789,35.65273],[139.44872,35.65251],[139.44932,35.65216],[139.44937,35.65199]]}},{"type":"Feature","properties":{"idx":107,"road":"宮下通り","cls":"tertiary","shops":1,"st_km":0.37,"mesh":"53393385"},"geometry":{"type":"LineString","coordinates":[[139.44144,35.65464],[139.44211,35.6543],[139.44343,35.65322],[139.44389,35.65302],[139.44494,35.65272],[139.44589,35.65217],[139.44674,35.65192]]}},{"type":"Feature","properties":{"idx":97,"road":NaN,"cls":"tertiary","shops":0,"st_km":0.56,"mesh":"53393373"},"geometry":{"type":"LineString","coordinates":[[139.41768,35.64195],[139.41752,35.64185],[139.4172,35.64182],[139.41679,35.64166]]}},{"type":"Feature","properties":{"idx":230,"road":"多摩モノレール通り","cls":"secondary","shops":1,"st_km":0.22,"mesh":"53393362"},"geometry":{"type":"LineString","coordinates":[[139.40978,35.64152],[139.41196,35.64057]]}},{"type":"Feature","properties":{"idx":693,"road":"野猿街道","cls":"primary","shops":0,"st_km":0.87,"mesh":"53393384"},"geometry":{"type":"LineString","coordinates":[[139.43731,35.65038],[139.43747,35.65131]]}},{"type":"Feature","properties":{"idx":54,"road":"野猿街道","cls":"primary","shops":0,"st_km":0.82,"mesh":"53393385"},"geometry":{"type":"LineString","coordinates":[[139.43747,35.65131],[139.43776,35.65285]]}},{"type":"Feature","properties":{"idx":40,"road":"野猿街道","cls":"primary_link","shops":0,"st_km":0.84,"mesh":"53393385"},"geometry":{"type":"LineString","coordinates":[[139.43773,35.65172],[139.43771,35.65163]]}},{"type":"Feature","properties":{"idx":196,"road":NaN,"cls":"secondary_link","shops":0,"st_km":0.37,"mesh":"53393343"},"geometry":{"type":"LineString","coordinates":[[139.42234,35.61999],[139.42227,35.62044],[139.42213,35.62055],[139.42193,35.62062],[139.42184,35.62071],[139.42181,35.62115]]}},{"type":"Feature","properties":{"idx":202,"road":NaN,"cls":"secondary_link","shops":0,"st_km":0.34,"mesh":"53393343"},"geometry":{"type":"LineString","coordinates":[[139.42189,35.62116],[139.42192,35.62072],[139.42207,35.62064],[139.42224,35.62069],[139.42228,35.62077],[139.42225,35.62169]]}},{"type":"Feature","properties":{"idx":297,"road":NaN,"cls":"secondary_link","shops":1,"st_km":0.36,"mesh":"53393343"},"geometry":{"type":"LineString","coordinates":[[139.42307,35.62122],[139.42309,35.62077],[139.423,35.62065],[139.42268,35.62048],[139.42263,35.62029],[139.42265,35.61999]]}},{"type":"Feature","properties":{"idx":202,"road":NaN,"cls":"secondary_link","shops":0,"st_km":0.34,"mesh":"53393343"},"geometry":{"type":"LineString","coordinates":[[139.42256,35.6217],[139.42261,35.62077],[139.42269,35.62069],[139.42291,35.62068],[139.423,35.62077],[139.42299,35.62122]]}},{"type":"Feature","properties":{"idx":70,"road":NaN,"cls":"secondary_link","shops":0,"st_km":0.19,"mesh":"53393353"},"geometry":{"type":"LineString","coordinates":[[139.42049,35.63372],[139.42065,35.63336],[139.42085,35.63324],[139.42105,35.63325],[139.42121,35.63335],[139.42126,35.63352],[139.42122,35.63367]]}},{"type":"Feature","properties":{"idx":105,"road":"町田平山八王子線","cls":"secondary","shops":0,"st_km":0.58,"mesh":"53393370"},"geometry":{"type":"LineString","coordinates":[[139.38516,35.64541],[139.38566,35.64522],[139.38639,35.64513]]}},{"type":"Feature","properties":{"idx":81,"road":NaN,"cls":"secondary_link","shops":0,"st_km":0.19,"mesh":"53393363"},"geometry":{"type":"LineString","coordinates":[[139.42158,35.63351],[139.42186,35.6334],[139.4221,35.63347],[139.4222,35.63364],[139.4222,35.63401]]}},{"type":"Feature","properties":{"idx":51,"road":NaN,"cls":"tertiary","shops":0,"st_km":1.32,"mesh":"53393361"},"geometry":{"type":"LineString","coordinates":[[139.38878,35.63784],[139.38809,35.63754]]}},{"type":"Feature","properties":{"idx":73,"road":NaN,"cls":"secondary_link","shops":0,"st_km":0.16,"mesh":"53393353"},"geometry":{"type":"LineString","coordinates":[[139.4222,35.63401],[139.42226,35.63394],[139.42228,35.63362],[139.42204,35.6332],[139.42203,35.6331],[139.4223,35.6324]]}},{"type":"Feature","properties":{"idx":94,"road":"野猿街道","cls":"primary","shops":1,"st_km":0.65,"mesh":"53393385"},"geometry":{"type":"LineString","coordinates":[[139.43822,35.65541],[139.43837,35.65626]]}},{"type":"Feature","properties":{"idx":261,"road":"野猿街道","cls":"primary","shops":0,"st_km":1.17,"mesh":"53393395"},"geometry":{"type":"LineString","coordinates":[[139.4416,35.66214],[139.44288,35.66412]]}},{"type":"Feature","properties":{"idx":53,"road":"川崎街道","cls":"primary","shops":0,"st_km":0.84,"mesh":"53393385"},"geometry":{"type":"LineString","coordinates":[[139.43746,35.65177],[139.43773,35.65172]]}},{"type":"Feature","properties":{"idx":91,"road":"三本松陸橋","cls":"tertiary","shops":0,"st_km":0.22,"mesh":"53393353"},"geometry":{"type":"LineString","coordinates":[[139.42301,35.62998],[139.42318,35.63004]]}},{"type":"Feature","properties":{"idx":91,"road":NaN,"cls":"tertiary","shops":0,"st_km":0.22,"mesh":"53393353"},"geometry":{"type":"LineString","coordinates":[[139.42297,35.62997],[139.42301,35.62998]]}},{"type":"Feature","properties":{"idx":155,"road":"大塚橋","cls":"tertiary","shops":1,"st_km":0.24,"mesh":"53393363"},"geometry":{"type":"LineString","coordinates":[[139.42089,35.63379],[139.42135,35.63387]]}},{"type":"Feature","properties":{"idx":155,"road":NaN,"cls":"tertiary","shops":1,"st_km":0.24,"mesh":"53393363"},"geometry":{"type":"LineString","coordinates":[[139.42135,35.63387],[139.4222,35.63401]]}},{"type":"Feature","properties":{"idx":286,"road":"多摩中央公園通り","cls":"tertiary","shops":0,"st_km":0.28,"mesh":"53393343"},"geometry":{"type":"LineString","coordinates":[[139.42271,35.62136],[139.42203,35.62133]]}},{"type":"Feature","properties":{"idx":90,"road":"平山通り","cls":"secondary","shops":1,"st_km":1.27,"mesh":"53393361"},"geometry":{"type":"LineString","coordinates":[[139.38823,35.63866],[139.38878,35.63784]]}},{"type":"Feature","properties":{"idx":67,"road":"平山通り","cls":"secondary","shops":0,"st_km":1.11,"mesh":"53393361"},"geometry":{"type":"LineString","coordinates":[[139.38786,35.64086],[139.38789,35.63955],[139.38803,35.63905],[139.38823,35.63866]]}},{"type":"Feature","properties":{"idx":52,"road":"とうやく隧道","cls":"tertiary","shops":0,"st_km":1.31,"mesh":"53393361"},"geometry":{"type":"LineString","coordinates":[[139.38809,35.63754],[139.3871,35.63713]]}},{"type":"Feature","properties":{"idx":381,"road":NaN,"cls":"tertiary","shops":1,"st_km":1.29,"mesh":"53393360"},"geometry":{"type":"LineString","coordinates":[[139.3871,35.63713],[139.38483,35.63649]]}},{"type":"Feature","properties":{"idx":55,"road":"平山通り","cls":"secondary","shops":0,"st_km":1.41,"mesh":"53393361"},"geometry":{"type":"LineString","coordinates":[[139.38911,35.63736],[139.38943,35.6369]]}},{"type":"Feature","properties":{"idx":52,"road":"平山通り","cls":"secondary","shops":0,"st_km":1.48,"mesh":"53393361"},"geometry":{"type":"LineString","coordinates":[[139.38943,35.6369],[139.38989,35.63623]]}},{"type":"Feature","properties":{"idx":59,"road":"平山通り","cls":"secondary","shops":0,"st_km":1.36,"mesh":"53393361"},"geometry":{"type":"LineString","coordinates":[[139.39055,35.63529],[139.39163,35.63375],[139.39181,35.63354],[139.39217,35.63325]]}},{"type":"Feature","properties":{"idx":52,"road":"平山通り","cls":"secondary","shops":0,"st_km":1.55,"mesh":"53393361"},"geometry":{"type":"LineString","coordinates":[[139.38989,35.63623],[139.39055,35.63529]]}},{"type":"Feature","properties":{"idx":83,"road":"多摩ニュータウン通り","cls":"secondary","shops":0,"st_km":0.46,"mesh":"53393330"},"geometry":{"type":"LineString","coordinates":[[139.37563,35.61258],[139.37491,35.61212]]}},{"type":"Feature","properties":{"idx":138,"road":"松が谷トンネル","cls":"secondary","shops":0,"st_km":1.03,"mesh":"53393352"},"geometry":{"type":"LineString","coordinates":[[139.41315,35.62501],[139.41003,35.62672]]}},{"type":"Feature","properties":{"idx":504,"road":NaN,"cls":"tertiary","shops":1,"st_km":2.16,"mesh":"53393311"},"geometry":{"type":"LineString","coordinates":[[139.38985,35.59533],[139.38951,35.59525],[139.38915,35.59486]]}},{"type":"Feature","properties":{"idx":310,"road":"青木葉通り","cls":"tertiary","shops":2,"st_km":1.73,"mesh":"53393334"},"geometry":{"type":"LineString","coordinates":[[139.42951,35.60912],[139.42941,35.60935]]}},{"type":"Feature","properties":{"idx":266,"road":"上之根大通り","cls":"tertiary","shops":3,"st_km":0.53,"mesh":"53393354"},"geometry":{"type":"LineString","coordinates":[[139.42882,35.62818],[139.42914,35.62776]]}},{"type":"Feature","properties":{"idx":595,"road":"小山長池トンネル","cls":"secondary","shops":4,"st_km":1.48,"mesh":"53393320"},"geometry":{"type":"LineString","coordinates":[[139.38264,35.60015],[139.38368,35.60099]]}},{"type":"Feature","properties":{"idx":251,"road":NaN,"cls":"secondary","shops":0,"st_km":1.39,"mesh":"53393310"},"geometry":{"type":"LineString","coordinates":[[139.38148,35.59922],[139.38264,35.60015]]}},{"type":"Feature","properties":{"idx":220,"road":"あたご切通し","cls":"tertiary","shops":0,"st_km":1.07,"mesh":"53393364"},"geometry":{"type":"LineString","coordinates":[[139.4372,35.63243],[139.43713,35.63342],[139.43666,35.63441]]}},{"type":"Feature","properties":{"idx":65,"road":NaN,"cls":"tertiary","shops":0,"st_km":1.05,"mesh":"53393354"},"geometry":{"type":"LineString","coordinates":[[139.43731,35.63304],[139.43702,35.63302]]}},{"type":"Feature","properties":{"idx":59,"road":NaN,"cls":"tertiary","shops":0,"st_km":1.19,"mesh":"53393354"},"geometry":{"type":"LineString","coordinates":[[139.43702,35.63302],[139.43608,35.63297],[139.43586,35.63306],[139.43534,35.63349],[139.43507,35.63362],[139.4347,35.63368],[139.43418,35.63365]]}},{"type":"Feature","properties":{"idx":64,"road":NaN,"cls":"tertiary","shops":0,"st_km":1.08,"mesh":"53393354"},"geometry":{"type":"LineString","coordinates":[[139.43692,35.63301],[139.43692,35.63361]]}},{"type":"Feature","properties":{"idx":246,"road":"南多摩尾根幹線道路","cls":"secondary","shops":0,"st_km":1.42,"mesh":"53393310"},"geometry":{"type":"LineString","coordinates":[[139.38323,35.60046],[139.38159,35.59916]]}},{"type":"Feature","properties":{"idx":456,"road":"平山通り","cls":"secondary","shops":1,"st_km":0.47,"mesh":"53393380"},"geometry":{"type":"LineString","coordinates":[[139.37686,35.6575],[139.37818,35.65585]]}},{"type":"Feature","properties":{"idx":469,"road":"平山通り","cls":"secondary","shops":2,"st_km":0.65,"mesh":"53393380"},"geometry":{"type":"LineString","coordinates":[[139.37882,35.65505],[139.37953,35.65412],[139.3802,35.65239],[139.38036,35.65209],[139.38062,35.65174],[139.38105,35.65132]]}},{"type":"Feature","properties":{"idx":103,"road":NaN,"cls":"tertiary","shops":0,"st_km":0.5,"mesh":"53393362"},"geometry":{"type":"LineString","coordinates":[[139.40469,35.63943],[139.40384,35.63913]]}},{"type":"Feature","properties":{"idx":121,"road":"中大隧道","cls":"tertiary","shops":0,"st_km":0.33,"mesh":"53393362"},"geometry":{"type":"LineString","coordinates":[[139.40728,35.64042],[139.40469,35.63943]]}},{"type":"Feature","properties":{"idx":85,"road":NaN,"cls":"tertiary","shops":0,"st_km":0.7,"mesh":"53393362"},"geometry":{"type":"LineString","coordinates":[[139.40384,35.63913],[139.40409,35.63759],[139.40426,35.63728],[139.40493,35.63661],[139.40515,35.6363],[139.40526,35.63603],[139.40532,35.63544],[139.40545,35.6351],[139.40587,35.6346],[139.40609,35.6344],[139.40682,35.63404],[139.40724,35.63376]]}},{"type":"Feature","properties":{"idx":69,"road":"多摩モノレール通り","cls":"secondary","shops":0,"st_km":0.42,"mesh":"53393372"},"geometry":{"type":"LineString","coordinates":[[139.40349,35.64751],[139.40349,35.64701],[139.40356,35.64669],[139.40406,35.64582],[139.40415,35.64553],[139.40417,35.64529],[139.40409,35.6444]]}},{"type":"Feature","properties":{"idx":73,"road":"多摩丘陵トンネル","cls":"secondary","shops":0,"st_km":0.41,"mesh":"53393372"},"geometry":{"type":"LineString","coordinates":[[139.40409,35.6444],[139.40408,35.64413],[139.40415,35.64381],[139.40445,35.64336],[139.40497,35.64304],[139.40578,35.64286]]}},{"type":"Feature","properties":{"idx":101,"road":"多摩モノレール通り","cls":"secondary","shops":0,"st_km":0.09,"mesh":"53393372"},"geometry":{"type":"LineString","coordinates":[[139.40578,35.64286],[139.407,35.64263],[139.40749,35.6425],[139.40839,35.64215],[139.40978,35.64152]]}},{"type":"Feature","properties":{"idx":72,"road":NaN,"cls":"secondary_link","shops":0,"st_km":0.17,"mesh":"53393353"},"geometry":{"type":"LineString","coordinates":[[139.42195,35.63261],[139.42175,35.6329],[139.42147,35.63309],[139.42121,35.63316],[139.42084,35.63317],[139.42062,35.63326],[139.42053,35.63341],[139.42046,35.63364],[139.42049,35.63372]]}},{"type":"Feature","properties":{"idx":88,"road":"山王隧道","cls":"secondary","shops":0,"st_km":0.38,"mesh":"53393353"},"geometry":{"type":"LineString","coordinates":[[139.42355,35.62914],[139.42395,35.62819]]}},{"type":"Feature","properties":{"idx":109,"road":"多摩モノレール通り","cls":"secondary","shops":0,"st_km":0.16,"mesh":"53393353"},"geometry":{"type":"LineString","coordinates":[[139.42234,35.63195],[139.42271,35.63091],[139.42355,35.62914]]}},{"type":"Feature","properties":{"idx":365,"road":"南多摩尾根幹線道路","cls":"primary","shops":0,"st_km":0.96,"mesh":"53393346"},"geometry":{"type":"LineString","coordinates":[[139.45038,35.61489],[139.45207,35.6172],[139.4525,35.61801],[139.45281,35.61833],[139.45308,35.61849],[139.45434,35.61892],[139.45868,35.62094],[139.45936,35.62135],[139.45999,35.62187]]}},{"type":"Feature","properties":{"idx":183,"road":"南多摩尾根幹線道路","cls":"primary","shops":0,"st_km":1.74,"mesh":"53393335"},"geometry":{"type":"LineString","coordinates":[[139.44293,35.61156],[139.44619,35.61193],[139.44713,35.61219],[139.44814,35.61273],[139.44881,35.61324],[139.44971,35.61404],[139.45038,35.61489]]}},{"type":"Feature","properties":{"idx":143,"road":"南多摩尾根幹線道路","cls":"secondary","shops":0,"st_km":2.13,"mesh":"53393335"},"geometry":{"type":"LineString","coordinates":[[139.44296,35.61116],[139.43801,35.61067]]}},{"type":"Feature","properties":{"idx":112,"road":NaN,"cls":"primary_link","shops":0,"st_km":2.05,"mesh":"53393335"},"geometry":{"type":"LineString","coordinates":[[139.44488,35.61137],[139.44447,35.61139],[139.44389,35.61158],[139.44308,35.61153],[139.44293,35.61156]]}},{"type":"Feature","properties":{"idx":94,"road":NaN,"cls":"secondary_link","shops":0,"st_km":2.15,"mesh":"53393335"},"geometry":{"type":"LineString","coordinates":[[139.44102,35.61135],[139.44145,35.61135],[139.44215,35.61114],[139.44296,35.61122],[139.44312,35.61118]]}},{"type":"Feature","properties":{"idx":168,"road":"南多摩尾根幹線道路","cls":"secondary_link","shops":0,"st_km":1.31,"mesh":"53393331"},"geometry":{"type":"LineString","coordinates":[[139.39777,35.6114],[139.39838,35.61166],[139.39886,35.6117],[139.39919,35.61186],[139.39931,35.61184]]}},{"type":"Feature","properties":{"idx":24,"road":"南多摩尾根幹線道路","cls":"secondary_link","shops":0,"st_km":1.15,"mesh":"53393332"},"geometry":{"type":"LineString","coordinates":[[139.40102,35.61265],[139.3998,35.61237],[139.39927,35.61215],[139.39905,35.61213]]}},{"type":"Feature","properties":{"idx":195,"road":"南多摩尾根幹線道路","cls":"primary","shops":0,"st_km":1.62,"mesh":"53393335"},"geometry":{"type":"LineString","coordinates":[[139.45038,35.61489],[139.44943,35.6135],[139.449,35.61304],[139.44839,35.61254],[139.44778,35.61217],[139.447,35.61182],[139.44567,35.61146]]}},{"type":"Feature","properties":{"idx":445,"road":"南多摩尾根幹線道路","cls":"primary","shops":0,"st_km":0.72,"mesh":"53393346"},"geometry":{"type":"LineString","coordinates":[[139.45999,35.62187],[139.46032,35.62247],[139.46041,35.62305],[139.46052,35.6234],[139.46214,35.62596]]}},{"type":"Feature","properties":{"idx":179,"road":"東京都道19号町田調布線","cls":"primary","shops":0,"st_km":0.63,"mesh":"53393348"},"geometry":{"type":"LineString","coordinates":[[139.47867,35.62187],[139.47839,35.62233],[139.47806,35.62263],[139.47783,35.62278],[139.47723,35.62302]]}},{"type":"Feature","properties":{"idx":456,"road":"南多摩尾根幹線道路","cls":"primary","shops":0,"st_km":0.69,"mesh":"53393346"},"geometry":{"type":"LineString","coordinates":[[139.46266,35.62597],[139.46047,35.62247],[139.45999,35.62187]]}},{"type":"Feature","properties":{"idx":488,"road":"尾根幹線 (One kansen)","cls":"primary","shops":0,"st_km":0.88,"mesh":"53393356"},"geometry":{"type":"LineString","coordinates":[[139.46214,35.62596],[139.46219,35.62604]]}},{"type":"Feature","properties":{"idx":203,"road":NaN,"cls":"secondary","shops":0,"st_km":0.16,"mesh":"53393347"},"geometry":{"type":"LineString","coordinates":[[139.47354,35.61823],[139.47224,35.61846],[139.47078,35.61915],[139.47029,35.6193],[139.46973,35.61934],[139.4687,35.61927],[139.46735,35.61941]]}},{"type":"Feature","properties":{"idx":175,"road":"南多摩尾根幹線道路","cls":"secondary","shops":0,"st_km":1.69,"mesh":"53393334"},"geometry":{"type":"LineString","coordinates":[[139.42618,35.60858],[139.427,35.60874],[139.42941,35.60935]]}},{"type":"Feature","properties":{"idx":243,"road":"南多摩尾根幹線道路","cls":"secondary","shops":1,"st_km":1.12,"mesh":"53393333"},"geometry":{"type":"LineString","coordinates":[[139.42631,35.60832],[139.42539,35.60818],[139.42457,35.60817],[139.42375,35.60828],[139.42304,35.60849],[139.42181,35.60911],[139.4175,35.6119],[139.4167,35.61229],[139.41618,35.61241],[139.4157,35.61246]]}},{"type":"Feature","properties":{"idx":98,"road":NaN,"cls":"tertiary","shops":0,"st_km":0.59,"mesh":"53393365"},"geometry":{"type":"LineString","coordinates":[[139.44617,35.63478],[139.44584,35.63496],[139.44539,35.63508],[139.44505,35.6351],[139.44455,35.63504]]}},{"type":"Feature","properties":{"idx":262,"road":NaN,"cls":"primary","shops":2,"st_km":0.53,"mesh":"53393365"},"geometry":{"type":"LineString","coordinates":[[139.44617,35.63478],[139.44641,35.63467]]}},{"type":"Feature","properties":{"idx":244,"road":"若葉台公園西通り","cls":"tertiary","shops":0,"st_km":0.85,"mesh":"53393357"},"geometry":{"type":"LineString","coordinates":[[139.47134,35.62786],[139.46988,35.62677],[139.46964,35.6264],[139.46918,35.62525]]}},{"type":"Feature","properties":{"idx":65,"road":"南多摩尾根幹線道路","cls":"primary","shops":0,"st_km":1.7,"mesh":"53393358"},"geometry":{"type":"LineString","coordinates":[[139.48004,35.63199],[139.48085,35.63264],[139.48371,35.63388]]}},{"type":"Feature","properties":{"idx":131,"road":"相模原立川線","cls":"secondary","shops":2,"st_km":0.72,"mesh":"53393330"},"geometry":{"type":"LineString","coordinates":[[139.38648,35.60331],[139.38597,35.60377],[139.38569,35.6041],[139.38548,35.60451],[139.38536,35.60504],[139.38539,35.60548],[139.38601,35.60885],[139.38603,35.60921],[139.38596,35.60959],[139.38456,35.61268],[139.38391,35.61549],[139.38377,35.61576],[139.38327,35.61641]]}},{"type":"Feature","properties":{"idx":219,"road":"清水入陸橋","cls":"secondary","shops":0,"st_km":1.36,"mesh":"53393320"},"geometry":{"type":"LineString","coordinates":[[139.38711,35.60345],[139.38626,35.60281]]}},{"type":"Feature","properties":{"idx":392,"road":NaN,"cls":"tertiary","shops":2,"st_km":0.41,"mesh":"53393340"},"geometry":{"type":"LineString","coordinates":[[139.3832,35.61651],[139.38299,35.61678],[139.38279,35.61694],[139.38227,35.61715]]}},{"type":"Feature","properties":{"idx":256,"road":"南大沢大橋","cls":"tertiary","shops":3,"st_km":0.14,"mesh":"53393330"},"geometry":{"type":"LineString","coordinates":[[139.38122,35.61455],[139.38057,35.6154]]}},{"type":"Feature","properties":{"idx":97,"road":NaN,"cls":"tertiary","shops":0,"st_km":0.19,"mesh":"53393330"},"geometry":{"type":"LineString","coordinates":[[139.38191,35.61382],[139.38184,35.61373]]}},{"type":"Feature","properties":{"idx":407,"road":NaN,"cls":"secondary_link","shops":8,"st_km":0.08,"mesh":"53393330"},"geometry":{"type":"LineString","coordinates":[[139.38027,35.61492],[139.38011,35.61477],[139.37749,35.61346]]}},{"type":"Feature","properties":{"idx":61,"road":NaN,"cls":"secondary_link","shops":0,"st_km":0.37,"mesh":"53393330"},"geometry":{"type":"LineString","coordinates":[[139.37488,35.61221],[139.375,35.61237],[139.37556,35.61271],[139.37726,35.61359]]}},{"type":"Feature","properties":{"idx":104,"road":NaN,"cls":"tertiary","shops":0,"st_km":1.13,"mesh":"53393340"},"geometry":{"type":"LineString","coordinates":[[139.37595,35.62383],[139.37603,35.62378]]}},{"type":"Feature","properties":{"idx":163,"road":NaN,"cls":"tertiary","shops":0,"st_km":0.89,"mesh":"53393341"},"geometry":{"type":"LineString","coordinates":[[139.3966,35.61711],[139.39648,35.61711]]}},{"type":"Feature","properties":{"idx":236,"road":"小山乞田線","cls":"secondary","shops":0,"st_km":1.47,"mesh":"53393331"},"geometry":{"type":"LineString","coordinates":[[139.39931,35.61184],[139.39693,35.61054],[139.39588,35.60988],[139.39511,35.60937],[139.39093,35.60629]]}},{"type":"Feature","properties":{"idx":112,"road":NaN,"cls":"secondary","shops":0,"st_km":0.13,"mesh":"53393353"},"geometry":{"type":"LineString","coordinates":[[139.42195,35.63261],[139.42165,35.63327]]}},{"type":"Feature","properties":{"idx":262,"road":NaN,"cls":"tertiary","shops":0,"st_km":0.37,"mesh":"53393341"},"geometry":{"type":"LineString","coordinates":[[139.3937,35.62324],[139.39695,35.62449],[139.39901,35.62459]]}},{"type":"Feature","properties":{"idx":128,"road":NaN,"cls":"primary","shops":0,"st_km":2.87,"mesh":"53393315"},"geometry":{"type":"LineString","coordinates":[[139.45024,35.59296],[139.44984,35.59362],[139.44962,35.59389],[139.44896,35.59447]]}},{"type":"Feature","properties":{"idx":92,"road":"綾部原トンネル","cls":"primary","shops":0,"st_km":2.96,"mesh":"53393306"},"geometry":{"type":"LineString","coordinates":[[139.45094,35.58936],[139.45098,35.58989],[139.45091,35.59054],[139.45054,35.59205],[139.45024,35.59296]]}},{"type":"Feature","properties":{"idx":668,"road":"鎌倉街道","cls":"primary","shops":3,"st_km":2.81,"mesh":"53393305"},"geometry":{"type":"LineString","coordinates":[[139.44933,35.58491],[139.44932,35.585],[139.44946,35.58547],[139.45028,35.58757]]}},{"type":"Feature","properties":{"idx":244,"road":"南多摩尾根幹線道路","cls":"primary","shops":0,"st_km":1.09,"mesh":"53393357"},"geometry":{"type":"LineString","coordinates":[[139.46592,35.63032],[139.46568,35.6301],[139.46535,35.62971],[139.46266,35.62597]]}},{"type":"Feature","properties":{"idx":229,"road":"南多摩尾根幹線道路","cls":"primary","shops":0,"st_km":1.22,"mesh":"53393357"},"geometry":{"type":"LineString","coordinates":[[139.47134,35.62786],[139.46891,35.63018],[139.46854,35.63042],[139.468,35.63057],[139.46686,35.63059],[139.46637,35.63052],[139.46592,35.63032]]}},{"type":"Feature","properties":{"idx":308,"road":"野猿街道","cls":"primary","shops":3,"st_km":1.47,"mesh":"53393350"},"geometry":{"type":"LineString","coordinates":[[139.38363,35.62774],[139.38479,35.62818],[139.38579,35.62846]]}},{"type":"Feature","properties":{"idx":60,"road":"野猿街道","cls":"primary","shops":0,"st_km":0.7,"mesh":"53393385"},"geometry":{"type":"LineString","coordinates":[[139.43787,35.65352],[139.43808,35.65462]]}},{"type":"Feature","properties":{"idx":115,"road":"多摩モノレール通り","cls":"secondary","shops":0,"st_km":0.11,"mesh":"53393353"},"geometry":{"type":"LineString","coordinates":[[139.42158,35.63351],[139.42184,35.6332],[139.42205,35.63283],[139.42234,35.63195]]}},{"type":"Feature","properties":{"idx":352,"road":"多摩ニュータウン通り","cls":"secondary","shops":4,"st_km":0.12,"mesh":"53393330"},"geometry":{"type":"LineString","coordinates":[[139.37955,35.61457],[139.37738,35.61349]]}},{"type":"Feature","properties":{"idx":186,"road":"多摩ニュータウン通り","cls":"secondary","shops":0,"st_km":0.68,"mesh":"53393352"},"geometry":{"type":"LineString","coordinates":[[139.41003,35.62672],[139.40945,35.62697],[139.40885,35.62714],[139.40592,35.62767],[139.40488,35.62775],[139.40353,35.62763]]}},{"type":"Feature","properties":{"idx":584,"road":"小山長池トンネル","cls":"secondary","shops":4,"st_km":1.51,"mesh":"53393320"},"geometry":{"type":"LineString","coordinates":[[139.38383,35.60095],[139.38323,35.60046]]}},{"type":"Feature","properties":{"idx":221,"road":"清水入陸橋","cls":"secondary","shops":0,"st_km":1.35,"mesh":"53393320"},"geometry":{"type":"LineString","coordinates":[[139.38615,35.6029],[139.38701,35.60354]]}},{"type":"Feature","properties":{"idx":211,"road":"南多摩尾根幹線道路","cls":"secondary","shops":0,"st_km":1.43,"mesh":"53393320"},"geometry":{"type":"LineString","coordinates":[[139.38626,35.60281],[139.38404,35.60112]]}},{"type":"Feature","properties":{"idx":171,"road":NaN,"cls":"tertiary","shops":2,"st_km":0.22,"mesh":"53393379"},"geometry":{"type":"LineString","coordinates":[[139.49183,35.64843],[139.49183,35.64852]]}},{"type":"Feature","properties":{"idx":37,"road":"南多摩尾根幹線道路","cls":"secondary_link","shops":0,"st_km":1.3,"mesh":"53393321"},"geometry":{"type":"LineString","coordinates":[[139.38648,35.60331],[139.38788,35.60436],[139.38988,35.60566]]}},{"type":"Feature","properties":{"idx":211,"road":"南多摩尾根幹線道路","cls":"secondary","shops":0,"st_km":1.42,"mesh":"53393320"},"geometry":{"type":"LineString","coordinates":[[139.38368,35.60099],[139.38615,35.6029]]}},{"type":"Feature","properties":{"idx":140,"road":"南多摩尾根幹線道路","cls":"secondary_link","shops":0,"st_km":1.43,"mesh":"53393320"},"geometry":{"type":"LineString","coordinates":[[139.3868,35.60304],[139.38404,35.60112]]}},{"type":"Feature","properties":{"idx":192,"road":"柚木街道","cls":"primary","shops":1,"st_km":1.45,"mesh":"53393350"},"geometry":{"type":"LineString","coordinates":[[139.38258,35.62724],[139.38137,35.62679]]}},{"type":"Feature","properties":{"idx":211,"road":"野猿街道","cls":"primary","shops":0,"st_km":0.88,"mesh":"53393374"},"geometry":{"type":"LineString","coordinates":[[139.4374,35.65037],[139.43726,35.64959]]}},{"type":"Feature","properties":{"idx":54,"road":"野猿街道","cls":"primary","shops":0,"st_km":0.82,"mesh":"53393385"},"geometry":{"type":"LineString","coordinates":[[139.43784,35.65284],[139.43756,35.65129]]}},{"type":"Feature","properties":{"idx":57,"road":"野猿街道","cls":"primary","shops":0,"st_km":0.75,"mesh":"53393385"},"geometry":{"type":"LineString","coordinates":[[139.43796,35.65351],[139.43784,35.65284]]}},{"type":"Feature","properties":{"idx":102,"road":"多摩モノレール通り","cls":"secondary","shops":0,"st_km":0.09,"mesh":"53393372"},"geometry":{"type":"LineString","coordinates":[[139.40971,35.6414],[139.40746,35.64233],[139.4066,35.64256],[139.40573,35.6427]]}},{"type":"Feature","properties":{"idx":73,"road":"多摩丘陵トンネル","cls":"secondary","shops":0,"st_km":0.42,"mesh":"53393372"},"geometry":{"type":"LineString","coordinates":[[139.40573,35.6427],[139.40489,35.64289],[139.40453,35.64308],[139.4043,35.64327],[139.40406,35.64355],[139.40393,35.64384],[139.40389,35.64441]]}},{"type":"Feature","properties":{"idx":68,"road":"多摩モノレール通り","cls":"secondary","shops":0,"st_km":0.42,"mesh":"53393372"},"geometry":{"type":"LineString","coordinates":[[139.40389,35.64441],[139.40399,35.64542],[139.40393,35.64569],[139.40352,35.64645],[139.40341,35.64675],[139.40337,35.64717],[139.40341,35.6474],[139.40349,35.64751]]}},{"type":"Feature","properties":{"idx":71,"road":NaN,"cls":"secondary","shops":0,"st_km":0.39,"mesh":"53393372"},"geometry":{"type":"LineString","coordinates":[[139.40347,35.64656],[139.40322,35.64655],[139.40262,35.64697]]}},{"type":"Feature","properties":{"idx":152,"road":NaN,"cls":"tertiary","shops":1,"st_km":0.6,"mesh":"53393390"},"geometry":{"type":"LineString","coordinates":[[139.38112,35.66486],[139.38176,35.66495],[139.38222,35.66491],[139.38378,35.66411]]}},{"type":"Feature","properties":{"idx":142,"road":NaN,"cls":"tertiary","shops":0,"st_km":0.25,"mesh":"53393390"},"geometry":{"type":"LineString","coordinates":[[139.37608,35.65835],[139.37617,35.65843],[139.37628,35.65846],[139.37782,35.65865],[139.37833,35.65885],[139.37862,35.65904],[139.38057,35.66084]]}},{"type":"Feature","properties":{"idx":1974,"road":"豊田停車場線","cls":"secondary","shops":18,"st_km":0.05,"mesh":"53393390"},"geometry":{"type":"LineString","coordinates":[[139.3813,35.66009],[139.38147,35.66008],[139.38148,35.65995],[139.38139,35.65991],[139.38129,35.65993],[139.38125,35.66001],[139.3813,35.66009]]}},{"type":"Feature","properties":{"idx":168,"road":"多摩モノレール通り","cls":"secondary","shops":2,"st_km":0.25,"mesh":"53393393"},"geometry":{"type":"LineString","coordinates":[[139.41456,35.66021],[139.41492,35.66071],[139.41501,35.66092]]}},{"type":"Feature","properties":{"idx":422,"road":"多摩モノレール通り","cls":"secondary","shops":10,"st_km":0.42,"mesh":"53393393"},"geometry":{"type":"LineString","coordinates":[[139.41407,35.65943],[139.41297,35.65761]]}},{"type":"Feature","properties":{"idx":147,"road":NaN,"cls":"tertiary","shops":0,"st_km":0.29,"mesh":"53393383"},"geometry":{"type":"LineString","coordinates":[[139.41297,35.65761],[139.41344,35.65675],[139.41363,35.65626],[139.41376,35.65558],[139.41375,35.65489]]}},{"type":"Feature","properties":{"idx":275,"road":"東京都道156号町田日野線","cls":"secondary","shops":4,"st_km":1.69,"mesh":"53393324"},"geometry":{"type":"LineString","coordinates":[[139.42729,35.60653],[139.42719,35.60661],[139.42618,35.60858]]}},{"type":"Feature","properties":{"idx":222,"road":"多摩モノレール通り","cls":"secondary","shops":1,"st_km":0.06,"mesh":"53393363"},"geometry":{"type":"LineString","coordinates":[[139.41581,35.63738],[139.41626,35.63711]]}},{"type":"Feature","properties":{"idx":150,"road":"多摩モノレール通り","cls":"secondary","shops":1,"st_km":0.44,"mesh":"53393363"},"geometry":{"type":"LineString","coordinates":[[139.41567,35.63735],[139.41478,35.638],[139.41438,35.63841],[139.4136,35.63944],[139.41294,35.64],[139.41251,35.64022],[139.40971,35.6414]]}},{"type":"Feature","properties":{"idx":113,"road":"多摩モノレール通り","cls":"secondary","shops":0,"st_km":0.12,"mesh":"53393353"},"geometry":{"type":"LineString","coordinates":[[139.42225,35.63193],[139.42203,35.63263],[139.42185,35.63298],[139.42149,35.63344],[139.42122,35.63367]]}},{"type":"Feature","properties":{"idx":109,"road":"多摩モノレール通り","cls":"secondary","shops":0,"st_km":0.16,"mesh":"53393353"},"geometry":{"type":"LineString","coordinates":[[139.42348,35.62911],[139.42263,35.63088],[139.42225,35.63193]]}},{"type":"Feature","properties":{"idx":113,"road":"多摩モノレール通り","cls":"secondary","shops":0,"st_km":0.29,"mesh":"53393353"},"geometry":{"type":"LineString","coordinates":[[139.42393,35.62748],[139.42387,35.62817]]}},{"type":"Feature","properties":{"idx":113,"road":"多摩モノレール通り","cls":"secondary","shops":0,"st_km":0.29,"mesh":"53393353"},"geometry":{"type":"LineString","coordinates":[[139.42395,35.62819],[139.42403,35.62748]]}},{"type":"Feature","properties":{"idx":321,"road":"平山通り","cls":"secondary","shops":2,"st_km":0.45,"mesh":"53393351"},"geometry":{"type":"LineString","coordinates":[[139.39798,35.62815],[139.39809,35.62797]]}},{"type":"Feature","properties":{"idx":138,"road":"松が谷トンネル","cls":"secondary","shops":0,"st_km":1.04,"mesh":"53393352"},"geometry":{"type":"LineString","coordinates":[[139.41009,35.62682],[139.41321,35.62512]]}},{"type":"Feature","properties":{"idx":223,"road":"多摩ニュータウン通り","cls":"secondary","shops":0,"st_km":0.66,"mesh":"53393343"},"geometry":{"type":"LineString","coordinates":[[139.41321,35.62512],[139.41403,35.62485],[139.41467,35.62478],[139.4166,35.6249],[139.417,35.62497],[139.41802,35.62504]]}},{"type":"Feature","properties":{"idx":111,"road":NaN,"cls":"secondary","shops":0,"st_km":0.31,"mesh":"53393353"},"geometry":{"type":"LineString","coordinates":[[139.42364,35.62916],[139.42397,35.62854],[139.42469,35.62755],[139.42512,35.62677]]}},{"type":"Feature","properties":{"idx":114,"road":"多摩ニュータウン通り","cls":"secondary","shops":0,"st_km":0.72,"mesh":"53393355"},"geometry":{"type":"LineString","coordinates":[[139.44271,35.63289],[139.44186,35.6325],[139.44083,35.63218],[139.4399,35.63206],[139.43832,35.63202]]}},{"type":"Feature","properties":{"idx":176,"road":"鎌倉街道","cls":"primary","shops":0,"st_km":1.87,"mesh":"53393335"},"geometry":{"type":"LineString","coordinates":[[139.44296,35.61116],[139.44253,35.61604]]}},{"type":"Feature","properties":{"idx":149,"road":"鎌倉街道","cls":"primary","shops":0,"st_km":0.56,"mesh":"53393355"},"geometry":{"type":"LineString","coordinates":[[139.44271,35.63289],[139.44271,35.63232]]}},{"type":"Feature","properties":{"idx":134,"road":"東京都道157号乞田東寺方線","cls":"secondary","shops":0,"st_km":1.33,"mesh":"53393374"},"geometry":{"type":"LineString","coordinates":[[139.43422,35.64459],[139.43435,35.64452],[139.43623,35.64251],[139.43648,35.64207],[139.43703,35.64062]]}},{"type":"Feature","properties":{"idx":195,"road":"鎌倉街道","cls":"primary","shops":1,"st_km":0.54,"mesh":"53393365"},"geometry":{"type":"LineString","coordinates":[[139.44255,35.63299],[139.44617,35.63478]]}},{"type":"Feature","properties":{"idx":162,"road":"野猿街道","cls":"secondary","shops":1,"st_km":1.54,"mesh":"53393350"},"geometry":{"type":"LineString","coordinates":[[139.38364,35.62764],[139.38352,35.62769]]}},{"type":"Feature","properties":{"idx":283,"road":NaN,"cls":"secondary","shops":0,"st_km":1.21,"mesh":"53393310"},"geometry":{"type":"LineString","coordinates":[[139.37935,35.59759],[139.37928,35.59768]]}},{"type":"Feature","properties":{"idx":297,"road":NaN,"cls":"tertiary","shops":1,"st_km":0.66,"mesh":"53393341"},"geometry":{"type":"LineString","coordinates":[[139.40105,35.62332],[139.40128,35.62304],[139.40135,35.62272],[139.4013,35.62256],[139.40106,35.62221],[139.40093,35.62192],[139.40079,35.62091],[139.40072,35.62066],[139.40043,35.62017],[139.39957,35.61935],[139.39943,35.61909],[139.39938,35.61891],[139.39938,35.61864],[139.39958,35.61804],[139.3996,35.61782],[139.39953,35.61751],[139.39934,35.61707],[139.39933,35.61675],[139.39944,35.61646],[139.39982,35.61594],[139.39985,35.61574],[139.39981,35.61554],[139.3996,35.61524],[139.39891,35.6147],[139.39857,35.61454],[139.3978,35.6143]]}},{"type":"Feature","properties":{"idx":172,"road":NaN,"cls":"tertiary","shops":0,"st_km":0.64,"mesh":"53393352"},"geometry":{"type":"LineString","coordinates":[[139.40207,35.62989],[139.40156,35.63032]]}},{"type":"Feature","properties":{"idx":71,"road":NaN,"cls":"tertiary","shops":0,"st_km":0.91,"mesh":"53393362"},"geometry":{"type":"LineString","coordinates":[[139.40498,35.63225],[139.40357,35.63392],[139.4035,35.6342],[139.40354,35.63469],[139.40352,35.63487],[139.40311,35.63548],[139.40279,35.63575],[139.40257,35.63586],[139.40152,35.63613],[139.40109,35.63608],[139.40015,35.63584],[139.39961,35.63559],[139.39825,35.63477],[139.39802,35.63443],[139.3978,35.6338],[139.39779,35.6334],[139.39788,35.63279]]}},{"type":"Feature","properties":{"idx":93,"road":NaN,"cls":"tertiary","shops":0,"st_km":0.52,"mesh":"53393342"},"geometry":{"type":"LineString","coordinates":[[139.40197,35.62388],[139.40281,35.62342],[139.40377,35.62307],[139.40413,35.62305],[139.40441,35.62312],[139.40669,35.62426],[139.40698,35.62446],[139.40722,35.62474],[139.40769,35.6257],[139.40778,35.62599],[139.40796,35.62719]]}},{"type":"Feature","properties":{"idx":450,"road":"多摩モノレール通り","cls":"secondary","shops":0,"st_km":0.31,"mesh":"53393382"},"geometry":{"type":"LineString","coordinates":[[139.41297,35.65761],[139.41257,35.65718],[139.41137,35.6561],[139.41059,35.65478],[139.41034,35.65445],[139.4093,35.65366],[139.40902,35.65336],[139.40885,35.65308],[139.40846,35.65194],[139.40822,35.65154],[139.408,35.65129],[139.40758,35.65096],[139.40711,35.6507],[139.40549,35.65026],[139.40482,35.64993],[139.40425,35.64953],[139.40392,35.64905]]}},{"type":"Feature","properties":{"idx":50,"road":"相模原立川線","cls":"secondary","shops":0,"st_km":0.99,"mesh":"53393371"},"geometry":{"type":"LineString","coordinates":[[139.39504,35.64382],[139.39571,35.64383],[139.39726,35.64414],[139.39875,35.6441]]}},{"type":"Feature","properties":{"idx":173,"road":"川崎街道","cls":"primary","shops":0,"st_km":0.72,"mesh":"53393376"},"geometry":{"type":"LineString","coordinates":[[139.45366,35.64864],[139.45435,35.64821],[139.4549,35.6478]]}},{"type":"Feature","properties":{"idx":227,"road":NaN,"cls":"primary","shops":0,"st_km":1.83,"mesh":"53393302"},"geometry":{"type":"LineString","coordinates":[[139.40256,35.58379],[139.40291,35.58381]]}},{"type":"Feature","properties":{"idx":407,"road":"鎌倉街道","cls":"primary","shops":1,"st_km":2.74,"mesh":"53393305"},"geometry":{"type":"LineString","coordinates":[[139.44977,35.58595],[139.4494,35.58498],[139.44933,35.58491]]}},{"type":"Feature","properties":{"idx":94,"road":NaN,"cls":"primary","shops":0,"st_km":2.87,"mesh":"53393306"},"geometry":{"type":"LineString","coordinates":[[139.45108,35.58934],[139.45068,35.58825]]}},{"type":"Feature","properties":{"idx":193,"road":"鎌倉街道","cls":"primary","shops":1,"st_km":2.86,"mesh":"53393315"},"geometry":{"type":"LineString","coordinates":[[139.44896,35.59447],[139.44912,35.59448]]}},{"type":"Feature","properties":{"idx":613,"road":NaN,"cls":"tertiary","shops":4,"st_km":2.55,"mesh":"53393316"},"geometry":{"type":"LineString","coordinates":[[139.45583,35.5939],[139.45564,35.59353]]}},{"type":"Feature","properties":{"idx":85,"road":NaN,"cls":"tertiary","shops":0,"st_km":2.36,"mesh":"53393306"},"geometry":{"type":"LineString","coordinates":[[139.45668,35.58361],[139.45643,35.58372],[139.45625,35.58392],[139.45608,35.58532],[139.45602,35.58551],[139.45594,35.58571],[139.45494,35.5873],[139.45486,35.58753]]}},{"type":"Feature","properties":{"idx":82,"road":"東京都道156号町田日野線","cls":"secondary","shops":0,"st_km":3.68,"mesh":"53393304"},"geometry":{"type":"LineString","coordinates":[[139.43178,35.58483],[139.4318,35.585],[139.43288,35.58662],[139.43321,35.58737],[139.43332,35.58773],[139.43407,35.59147],[139.43426,35.59197],[139.43459,35.59245]]}},{"type":"Feature","properties":{"idx":99,"road":NaN,"cls":"tertiary","shops":0,"st_km":3.14,"mesh":"53393315"},"geometry":{"type":"LineString","coordinates":[[139.43894,35.59827],[139.44103,35.59783],[139.44297,35.59658],[139.4439,35.59617]]}},{"type":"Feature","properties":{"idx":279,"road":"小野路宿通り","cls":"secondary","shops":3,"st_km":3.17,"mesh":"53393315"},"geometry":{"type":"LineString","coordinates":[[139.43894,35.59827],[139.43852,35.59855]]}},{"type":"Feature","properties":{"idx":69,"road":"一本杉公園通り","cls":"tertiary","shops":0,"st_km":2.11,"mesh":"53393324"},"geometry":{"type":"LineString","coordinates":[[139.42951,35.60912],[139.42976,35.60853],[139.42997,35.6083],[139.43091,35.60761],[139.43164,35.60741],[139.43222,35.60673],[139.43233,35.60666],[139.43262,35.6066],[139.4329,35.60667],[139.43391,35.60723],[139.43569,35.60879],[139.4361,35.60896],[139.43739,35.60918],[139.43784,35.60942]]}},{"type":"Feature","properties":{"idx":140,"road":NaN,"cls":"tertiary","shops":0,"st_km":1.94,"mesh":"53393334"},"geometry":{"type":"LineString","coordinates":[[139.43423,35.60751],[139.43331,35.60873],[139.4328,35.60988]]}},{"type":"Feature","properties":{"idx":322,"road":"町田平山八王子線","cls":"secondary","shops":0,"st_km":3.02,"mesh":"53393303"},"geometry":{"type":"LineString","coordinates":[[139.42384,35.5828],[139.42376,35.58298],[139.4231,35.5837],[139.42275,35.58393],[139.42181,35.5844],[139.42148,35.5847],[139.42132,35.58496],[139.42074,35.58649],[139.42032,35.58703],[139.41946,35.58792],[139.41917,35.5883],[139.41845,35.58991]]}},{"type":"Feature","properties":{"idx":837,"road":NaN,"cls":"tertiary","shops":3,"st_km":2.16,"mesh":"53393311"},"geometry":{"type":"LineString","coordinates":[[139.40007,35.59966],[139.39992,35.59954]]}},{"type":"Feature","properties":{"idx":342,"road":NaN,"cls":"tertiary","shops":0,"st_km":2.12,"mesh":"53393311"},"geometry":{"type":"LineString","coordinates":[[139.38981,35.59345],[139.38969,35.59426],[139.38987,35.59526],[139.38971,35.59561],[139.3893,35.5959],[139.38854,35.59607],[139.3882,35.59623],[139.38769,35.5967],[139.38687,35.59766],[139.38676,35.59766]]}},{"type":"Feature","properties":{"idx":43,"road":NaN,"cls":"tertiary","shops":0,"st_km":1.51,"mesh":"53393321"},"geometry":{"type":"LineString","coordinates":[[139.38779,35.60209],[139.38807,35.60228],[139.38812,35.60242],[139.3881,35.6026]]}},{"type":"Feature","properties":{"idx":42,"road":"町田平山八王子線","cls":"secondary","shops":0,"st_km":1.69,"mesh":"53393321"},"geometry":{"type":"LineString","coordinates":[[139.39983,35.60004],[139.39998,35.60031],[139.40024,35.60045],[139.40044,35.60132],[139.40044,35.60152],[139.40037,35.60175],[139.40044,35.60193],[139.40045,35.60211],[139.40041,35.60266],[139.40034,35.6029],[139.40008,35.6033],[139.39974,35.60359],[139.39969,35.60384],[139.39997,35.60412],[139.40002,35.60426],[139.40003,35.60437],[139.39991,35.60459],[139.39984,35.60487],[139.40017,35.60501],[139.40017,35.60518],[139.40025,35.60532],[139.4005,35.6053],[139.40055,35.60537],[139.4005,35.60573],[139.40054,35.60593],[139.40051,35.60615],[139.40024,35.60667],[139.40003,35.60693],[139.40001,35.60727],[139.40007,35.60739],[139.40031,35.60759],[139.40065,35.60771],[139.4008,35.60782],[139.40101,35.60807],[139.4012,35.60847],[139.40152,35.60893]]}},{"type":"Feature","properties":{"idx":35,"road":"町田平山八王子線","cls":"secondary","shops":0,"st_km":1.19,"mesh":"53393332"},"geometry":{"type":"LineString","coordinates":[[139.40293,35.60944],[139.40158,35.61007],[139.40059,35.61067],[139.40005,35.61111],[139.39905,35.61213]]}},{"type":"Feature","properties":{"idx":158,"road":NaN,"cls":"secondary","shops":2,"st_km":0.26,"mesh":"53393332"},"geometry":{"type":"LineString","coordinates":[[139.41203,35.61301],[139.41196,35.61339],[139.41187,35.61513],[139.41189,35.61547]]}},{"type":"Feature","properties":{"idx":93,"road":"野猿街道","cls":"primary","shops":1,"st_km":0.66,"mesh":"53393385"},"geometry":{"type":"LineString","coordinates":[[139.43846,35.65625],[139.43831,35.6554]]}},{"type":"Feature","properties":{"idx":289,"road":"野猿街道","cls":"primary","shops":0,"st_km":1.04,"mesh":"53393395"},"geometry":{"type":"LineString","coordinates":[[139.44168,35.66211],[139.44126,35.66144]]}},{"type":"Feature","properties":{"idx":97,"road":NaN,"cls":"secondary","shops":0,"st_km":0.27,"mesh":"53393353"},"geometry":{"type":"LineString","coordinates":[[139.42339,35.62908],[139.42297,35.62997]]}},{"type":"Feature","properties":{"idx":105,"road":NaN,"cls":"secondary","shops":0,"st_km":0.2,"mesh":"53393353"},"geometry":{"type":"LineString","coordinates":[[139.42301,35.63049],[139.42322,35.63005]]}},{"type":"Feature","properties":{"idx":185,"road":NaN,"cls":"secondary","shops":1,"st_km":0.04,"mesh":"53393353"},"geometry":{"type":"LineString","coordinates":[[139.42276,35.63041],[139.42233,35.63141],[139.42195,35.63261]]}},{"type":"Feature","properties":{"idx":123,"road":NaN,"cls":"secondary","shops":0,"st_km":0.04,"mesh":"53393353"},"geometry":{"type":"LineString","coordinates":[[139.4223,35.6324],[139.42258,35.63148]]}},{"type":"Feature","properties":{"idx":382,"road":"多摩センター東通り","cls":"tertiary","shops":3,"st_km":0.15,"mesh":"53393354"},"geometry":{"type":"LineString","coordinates":[[139.42544,35.62621],[139.42636,35.62454]]}},{"type":"Feature","properties":{"idx":212,"road":"多摩中央公園通り","cls":"tertiary","shops":0,"st_km":0.58,"mesh":"53393343"},"geometry":{"type":"LineString","coordinates":[[139.41653,35.62235],[139.41665,35.62239]]}},{"type":"Feature","properties":{"idx":220,"road":NaN,"cls":"tertiary","shops":1,"st_km":0.42,"mesh":"53393344"},"geometry":{"type":"LineString","coordinates":[[139.42851,35.6228],[139.4285,35.6229],[139.42877,35.62393],[139.42876,35.62417],[139.42869,35.62451]]}},{"type":"Feature","properties":{"idx":146,"road":NaN,"cls":"tertiary","shops":0,"st_km":0.42,"mesh":"53393344"},"geometry":{"type":"LineString","coordinates":[[139.42869,35.62451],[139.42881,35.62427],[139.42884,35.62393],[139.42857,35.62288],[139.42851,35.6228]]}},{"type":"Feature","properties":{"idx":153,"road":NaN,"cls":"tertiary","shops":0,"st_km":0.37,"mesh":"53393344"},"geometry":{"type":"LineString","coordinates":[[139.42869,35.62451],[139.42832,35.62518]]}},{"type":"Feature","properties":{"idx":549,"road":"多摩センター南通り","cls":"tertiary","shops":1,"st_km":0.04,"mesh":"53393343"},"geometry":{"type":"LineString","coordinates":[[139.42262,35.62345],[139.42282,35.62348]]}},{"type":"Feature","properties":{"idx":337,"road":"多摩センター南通り","cls":"tertiary","shops":0,"st_km":0.12,"mesh":"53393343"},"geometry":{"type":"LineString","coordinates":[[139.42055,35.62325],[139.42262,35.62345]]}},{"type":"Feature","properties":{"idx":246,"road":"稲荷橋通り","cls":"tertiary","shops":3,"st_km":0.27,"mesh":"53393353"},"geometry":{"type":"LineString","coordinates":[[139.42015,35.62524],[139.42032,35.62483]]}},{"type":"Feature","properties":{"idx":204,"road":NaN,"cls":"tertiary","shops":0,"st_km":0.63,"mesh":"53393343"},"geometry":{"type":"LineString","coordinates":[[139.41958,35.6215],[139.41819,35.6191],[139.41813,35.61886],[139.41815,35.6186],[139.41827,35.61836],[139.41906,35.61745]]}},{"type":"Feature","properties":{"idx":208,"road":NaN,"cls":"tertiary","shops":0,"st_km":0.57,"mesh":"53393343"},"geometry":{"type":"LineString","coordinates":[[139.41695,35.6162],[139.41906,35.61745]]}},{"type":"Feature","properties":{"idx":489,"road":NaN,"cls":"tertiary","shops":3,"st_km":0.68,"mesh":"53393343"},"geometry":{"type":"LineString","coordinates":[[139.41653,35.62235],[139.41524,35.62218],[139.41473,35.62198]]}},{"type":"Feature","properties":{"idx":289,"road":"多摩中央公園通り","cls":"tertiary","shops":0,"st_km":0.27,"mesh":"53393343"},"geometry":{"type":"LineString","coordinates":[[139.42202,35.62142],[139.4227,35.62145]]}},{"type":"Feature","properties":{"idx":270,"road":"多摩中央公園通り","cls":"tertiary","shops":0,"st_km":0.34,"mesh":"53393343"},"geometry":{"type":"LineString","coordinates":[[139.42203,35.62133],[139.421,35.62127],[139.42046,35.62129],[139.41958,35.6215]]}},{"type":"Feature","properties":{"idx":272,"road":"多摩中央公園通り","cls":"tertiary","shops":0,"st_km":0.33,"mesh":"53393343"},"geometry":{"type":"LineString","coordinates":[[139.41957,35.62158],[139.4203,35.62141],[139.42076,35.62136],[139.42202,35.62142]]}},{"type":"Feature","properties":{"idx":364,"road":"唐木田通り","cls":"tertiary","shops":7,"st_km":0.12,"mesh":"53393332"},"geometry":{"type":"LineString","coordinates":[[139.41198,35.61548],[139.41189,35.61547]]}},{"type":"Feature","properties":{"idx":126,"road":"多摩モノレール通り","cls":"secondary","shops":0,"st_km":0.18,"mesh":"53393353"},"geometry":{"type":"LineString","coordinates":[[139.42354,35.62619],[139.42386,35.62706],[139.42393,35.62748]]}},{"type":"Feature","properties":{"idx":570,"road":"多摩モノレール通り","cls":"secondary","shops":6,"st_km":0.07,"mesh":"53393353"},"geometry":{"type":"LineString","coordinates":[[139.42347,35.62547],[139.42339,35.62523]]}},{"type":"Feature","properties":{"idx":156,"road":NaN,"cls":"tertiary","shops":1,"st_km":1.42,"mesh":"53393350"},"geometry":{"type":"LineString","coordinates":[[139.38134,35.62685],[139.38137,35.62679]]}},{"type":"Feature","properties":{"idx":100,"road":NaN,"cls":"tertiary","shops":0,"st_km":1.19,"mesh":"53393340"},"geometry":{"type":"LineString","coordinates":[[139.38185,35.62606],[139.38308,35.62432],[139.3834,35.6234],[139.3834,35.62327],[139.38332,35.62314],[139.38285,35.62301]]}},{"type":"Feature","properties":{"idx":119,"road":NaN,"cls":"tertiary","shops":0,"st_km":0.96,"mesh":"53393340"},"geometry":{"type":"LineString","coordinates":[[139.38342,35.62165],[139.38305,35.62234],[139.38285,35.62301]]}},{"type":"Feature","properties":{"idx":100,"road":NaN,"cls":"tertiary","shops":0,"st_km":1.18,"mesh":"53393340"},"geometry":{"type":"LineString","coordinates":[[139.38288,35.62441],[139.38315,35.62442]]}},{"type":"Feature","properties":{"idx":167,"road":NaN,"cls":"tertiary","shops":1,"st_km":1.05,"mesh":"53393340"},"geometry":{"type":"LineString","coordinates":[[139.3851,35.62413],[139.38529,35.6238],[139.38537,35.62343],[139.38537,35.62262],[139.38526,35.62231],[139.38504,35.6221],[139.38487,35.62202],[139.38386,35.6218],[139.38342,35.62165]]}},{"type":"Feature","properties":{"idx":109,"road":"富士見橋","cls":"tertiary","shops":0,"st_km":1.35,"mesh":"53393350"},"geometry":{"type":"LineString","coordinates":[[139.38173,35.62622],[139.38185,35.62606]]}},{"type":"Feature","properties":{"idx":145,"road":"大竹橋","cls":"tertiary","shops":1,"st_km":0.88,"mesh":"53393351"},"geometry":{"type":"LineString","coordinates":[[139.39144,35.62764],[139.39133,35.62736]]}},{"type":"Feature","properties":{"idx":200,"road":NaN,"cls":"tertiary","shops":2,"st_km":0.83,"mesh":"53393351"},"geometry":{"type":"LineString","coordinates":[[139.39133,35.62736],[139.39117,35.62692],[139.3912,35.62648],[139.39132,35.62624],[139.39221,35.62513]]}},{"type":"Feature","properties":{"idx":173,"road":"平山通り","cls":"secondary","shops":0,"st_km":0.37,"mesh":"53393351"},"geometry":{"type":"LineString","coordinates":[[139.39824,35.62719],[139.39815,35.62746]]}},{"type":"Feature","properties":{"idx":246,"road":"平山通り","cls":"secondary","shops":1,"st_km":0.42,"mesh":"53393351"},"geometry":{"type":"LineString","coordinates":[[139.39815,35.62746],[139.39798,35.62795],[139.39798,35.62815]]}},{"type":"Feature","properties":{"idx":459,"road":"平山通り","cls":"secondary","shops":3,"st_km":0.31,"mesh":"53393351"},"geometry":{"type":"LineString","coordinates":[[139.39835,35.62721],[139.39859,35.6265]]}},{"type":"Feature","properties":{"idx":260,"road":"平山通り","cls":"secondary","shops":1,"st_km":0.37,"mesh":"53393351"},"geometry":{"type":"LineString","coordinates":[[139.39826,35.6275],[139.39835,35.62721]]}},{"type":"Feature","properties":{"idx":188,"road":NaN,"cls":"tertiary","shops":0,"st_km":0.54,"mesh":"53393352"},"geometry":{"type":"LineString","coordinates":[[139.40316,35.62868],[139.40297,35.62892]]}},{"type":"Feature","properties":{"idx":180,"road":NaN,"cls":"tertiary","shops":0,"st_km":0.59,"mesh":"53393352"},"geometry":{"type":"LineString","coordinates":[[139.40297,35.62892],[139.40248,35.62954],[139.40207,35.62989]]}},{"type":"Feature","properties":{"idx":138,"road":"馬場橋","cls":"tertiary","shops":0,"st_km":0.89,"mesh":"53393352"},"geometry":{"type":"LineString","coordinates":[[139.40667,35.63053],[139.40643,35.63082]]}},{"type":"Feature","properties":{"idx":133,"road":NaN,"cls":"tertiary","shops":0,"st_km":0.93,"mesh":"53393352"},"geometry":{"type":"LineString","coordinates":[[139.40643,35.63082],[139.40589,35.63148],[139.40498,35.63225]]}},{"type":"Feature","properties":{"idx":203,"road":NaN,"cls":"tertiary","shops":2,"st_km":0.31,"mesh":"53393363"},"geometry":{"type":"LineString","coordinates":[[139.4195,35.63833],[139.41958,35.63814],[139.41971,35.63732]]}},{"type":"Feature","properties":{"idx":81,"road":NaN,"cls":"tertiary","shops":0,"st_km":0.55,"mesh":"53393363"},"geometry":{"type":"LineString","coordinates":[[139.41971,35.63732],[139.42238,35.63677],[139.42345,35.63692],[139.42434,35.63711],[139.42521,35.63745]]}},{"type":"Feature","properties":{"idx":168,"road":"多摩モノレール通り","cls":"secondary","shops":1,"st_km":0.33,"mesh":"53393363"},"geometry":{"type":"LineString","coordinates":[[139.42122,35.63367],[139.41726,35.63629]]}},{"type":"Feature","properties":{"idx":390,"road":"多摩モノレール通り","cls":"secondary","shops":3,"st_km":0.01,"mesh":"53393363"},"geometry":{"type":"LineString","coordinates":[[139.4169,35.63653],[139.41588,35.6372]]}},{"type":"Feature","properties":{"idx":165,"road":"多摩モノレール通り","cls":"secondary","shops":1,"st_km":0.35,"mesh":"53393363"},"geometry":{"type":"LineString","coordinates":[[139.41741,35.63635],[139.42101,35.63398],[139.42158,35.63351]]}},{"type":"Feature","properties":{"idx":144,"road":"堰場橋","cls":"secondary","shops":0,"st_km":0.08,"mesh":"53393363"},"geometry":{"type":"LineString","coordinates":[[139.41704,35.63659],[139.41741,35.63635]]}},{"type":"Feature","properties":{"idx":223,"road":NaN,"cls":"primary","shops":3,"st_km":0.69,"mesh":"53393363"},"geometry":{"type":"LineString","coordinates":[[139.42332,35.63947],[139.42324,35.63957]]}},{"type":"Feature","properties":{"idx":125,"road":NaN,"cls":"tertiary","shops":1,"st_km":0.34,"mesh":"53393330"},"geometry":{"type":"LineString","coordinates":[[139.37624,35.61494],[139.37631,35.61503]]}},{"type":"Feature","properties":{"idx":366,"road":NaN,"cls":"tertiary","shops":0,"st_km":0.75,"mesh":"53393331"},"geometry":{"type":"LineString","coordinates":[[139.38981,35.61396],[139.38852,35.614],[139.388,35.6139],[139.38759,35.6137],[139.38737,35.61352],[139.38692,35.61291]]}},{"type":"Feature","properties":{"idx":137,"road":NaN,"cls":"tertiary","shops":1,"st_km":0.25,"mesh":"53393330"},"geometry":{"type":"LineString","coordinates":[[139.37842,35.61207],[139.37847,35.61215]]}},{"type":"Feature","properties":{"idx":141,"road":NaN,"cls":"tertiary","shops":1,"st_km":0.22,"mesh":"53393330"},"geometry":{"type":"LineString","coordinates":[[139.37972,35.61671],[139.38067,35.61545]]}},{"type":"Feature","properties":{"idx":141,"road":NaN,"cls":"tertiary","shops":1,"st_km":0.22,"mesh":"53393330"},"geometry":{"type":"LineString","coordinates":[[139.38057,35.6154],[139.3796,35.61669]]}},{"type":"Feature","properties":{"idx":203,"road":"南大沢大橋","cls":"tertiary","shops":2,"st_km":0.15,"mesh":"53393330"},"geometry":{"type":"LineString","coordinates":[[139.38067,35.61545],[139.38132,35.6146]]}},{"type":"Feature","properties":{"idx":200,"road":NaN,"cls":"tertiary","shops":2,"st_km":0.16,"mesh":"53393330"},"geometry":{"type":"LineString","coordinates":[[139.38132,35.6146],[139.38191,35.61382]]}},{"type":"Feature","properties":{"idx":325,"road":NaN,"cls":"tertiary","shops":0,"st_km":0.72,"mesh":"53393320"},"geometry":{"type":"LineString","coordinates":[[139.38229,35.61078],[139.38222,35.60831],[139.38181,35.60671],[139.38163,35.60635],[139.38067,35.60522]]}},{"type":"Feature","properties":{"idx":219,"road":"和田中学通り","cls":"tertiary","shops":0,"st_km":0.95,"mesh":"53393364"},"geometry":{"type":"LineString","coordinates":[[139.43126,35.63515],[139.43106,35.636],[139.431,35.63705],[139.43092,35.63732]]}},{"type":"Feature","properties":{"idx":120,"road":"中和田通り (Nakawada dori)","cls":"tertiary","shops":0,"st_km":1.22,"mesh":"53393374"},"geometry":{"type":"LineString","coordinates":[[139.428,35.64254],[139.4281,35.64245]]}},{"type":"Feature","properties":{"idx":83,"road":NaN,"cls":"tertiary","shops":0,"st_km":0.52,"mesh":"53393363"},"geometry":{"type":"LineString","coordinates":[[139.42165,35.63948],[139.42054,35.64031],[139.41877,35.6412],[139.41768,35.64195]]}},{"type":"Feature","properties":{"idx":108,"road":NaN,"cls":"tertiary","shops":0,"st_km":0.62,"mesh":"53393383"},"geometry":{"type":"LineString","coordinates":[[139.41664,35.65904],[139.41654,35.65863],[139.41667,35.65792],[139.41645,35.6574],[139.4165,35.65687],[139.41658,35.65668],[139.41707,35.65606],[139.41755,35.65559],[139.4177,35.65494],[139.41761,35.65467],[139.41716,35.6541],[139.41709,35.65394],[139.41711,35.65373],[139.41727,35.65335],[139.41723,35.65313],[139.41691,35.65237],[139.41642,35.65178]]}},{"type":"Feature","properties":{"idx":78,"road":NaN,"cls":"tertiary","shops":0,"st_km":1.09,"mesh":"53393383"},"geometry":{"type":"LineString","coordinates":[[139.42064,35.65061],[139.42114,35.65065],[139.42158,35.65059],[139.42411,35.6498],[139.42567,35.64941],[139.42599,35.64941]]}},{"type":"Feature","properties":{"idx":188,"road":"殿田橋","cls":"primary","shops":1,"st_km":1.5,"mesh":"53393374"},"geometry":{"type":"LineString","coordinates":[[139.43115,35.64363],[139.43057,35.64348]]}},{"type":"Feature","properties":{"idx":160,"road":"野猿街道","cls":"primary","shops":0,"st_km":1.23,"mesh":"53393374"},"geometry":{"type":"LineString","coordinates":[[139.43126,35.64378],[139.43384,35.64444],[139.43422,35.64459],[139.43453,35.64483],[139.43478,35.64516],[139.43695,35.649]]}},{"type":"Feature","properties":{"idx":187,"road":"殿田橋","cls":"primary","shops":1,"st_km":1.52,"mesh":"53393374"},"geometry":{"type":"LineString","coordinates":[[139.4307,35.64364],[139.43126,35.64378]]}},{"type":"Feature","properties":{"idx":208,"road":"野猿街道","cls":"primary","shops":1,"st_km":1.34,"mesh":"53393374"},"geometry":{"type":"LineString","coordinates":[[139.43036,35.64343],[139.42922,35.64307],[139.42866,35.6428],[139.4281,35.64245]]}},{"type":"Feature","properties":{"idx":59,"road":NaN,"cls":"tertiary","shops":0,"st_km":0.71,"mesh":"53393330"},"geometry":{"type":"LineString","coordinates":[[139.38999,35.61517],[139.3884,35.61556],[139.38797,35.61578],[139.38751,35.6162],[139.38715,35.61642],[139.38678,35.61654],[139.38632,35.61659],[139.38567,35.61648],[139.38536,35.61635],[139.38514,35.61619],[139.38501,35.61595],[139.38495,35.61517]]}},{"type":"Feature","properties":{"idx":354,"road":NaN,"cls":"tertiary","shops":0,"st_km":0.79,"mesh":"53393331"},"geometry":{"type":"LineString","coordinates":[[139.38861,35.60823],[139.38798,35.60875],[139.38782,35.60905],[139.38783,35.6121],[139.38779,35.61229],[139.38766,35.6125],[139.38746,35.61265],[139.38668,35.61302],[139.38644,35.61322],[139.3863,35.61353],[139.38629,35.61413]]}},{"type":"Feature","properties":{"idx":67,"road":NaN,"cls":"tertiary","shops":0,"st_km":0.57,"mesh":"53393330"},"geometry":{"type":"LineString","coordinates":[[139.37334,35.60807],[139.37521,35.61019],[139.37566,35.61059],[139.37627,35.61099],[139.37842,35.61207]]}},{"type":"Feature","properties":{"idx":55,"road":"南多摩尾根幹線道路","cls":"secondary","shops":0,"st_km":1.31,"mesh":"53393321"},"geometry":{"type":"LineString","coordinates":[[139.38701,35.60354],[139.39036,35.60601]]}},{"type":"Feature","properties":{"idx":235,"road":NaN,"cls":"tertiary","shops":0,"st_km":0.54,"mesh":"53393333"},"geometry":{"type":"LineString","coordinates":[[139.41782,35.6148],[139.41767,35.61525],[139.41751,35.61554],[139.41695,35.6162]]}},{"type":"Feature","properties":{"idx":227,"road":"メタセコイア通り","cls":"tertiary","shops":0,"st_km":0.57,"mesh":"53393333"},"geometry":{"type":"LineString","coordinates":[[139.41583,35.61277],[139.4157,35.61246]]}},{"type":"Feature","properties":{"idx":202,"road":"西落通り","cls":"tertiary","shops":0,"st_km":0.64,"mesh":"53393343"},"geometry":{"type":"LineString","coordinates":[[139.42237,35.61821],[139.42433,35.61801]]}},{"type":"Feature","properties":{"idx":70,"road":NaN,"cls":"tertiary_link","shops":0,"st_km":0.68,"mesh":"53393344"},"geometry":{"type":"LineString","coordinates":[[139.4254,35.61824],[139.42554,35.61824],[139.42559,35.61814],[139.42544,35.61808],[139.4254,35.61824]]}},{"type":"Feature","properties":{"idx":112,"road":NaN,"cls":"tertiary","shops":0,"st_km":0.68,"mesh":"53393344"},"geometry":{"type":"LineString","coordinates":[[139.42544,35.61808],[139.42486,35.61795],[139.42477,35.61782]]}},{"type":"Feature","properties":{"idx":189,"road":"西落通り","cls":"tertiary","shops":0,"st_km":0.81,"mesh":"53393333"},"geometry":{"type":"LineString","coordinates":[[139.42433,35.61801],[139.42453,35.61654],[139.42474,35.61614],[139.42512,35.61569],[139.42524,35.61548]]}},{"type":"Feature","properties":{"idx":192,"road":"落合南通り","cls":"tertiary","shops":0,"st_km":1.37,"mesh":"53393334"},"geometry":{"type":"LineString","coordinates":[[139.42511,35.61333],[139.4252,35.61328],[139.42578,35.6126],[139.42619,35.61241],[139.42846,35.61244],[139.42941,35.61267],[139.42982,35.6127],[139.43033,35.6126],[139.43152,35.61215],[139.43182,35.6121],[139.43228,35.61211]]}},{"type":"Feature","properties":{"idx":170,"road":"豊ケ丘中通り","cls":"tertiary","shops":0,"st_km":1.56,"mesh":"53393334"},"geometry":{"type":"LineString","coordinates":[[139.43237,35.61212],[139.43228,35.61211]]}},{"type":"Feature","properties":{"idx":184,"road":"貝取北公園通り","cls":"tertiary","shops":0,"st_km":1.27,"mesh":"53393345"},"geometry":{"type":"LineString","coordinates":[[139.43731,35.62132],[139.43773,35.62135],[139.43789,35.62151],[139.43801,35.62243],[139.43835,35.62304]]}},{"type":"Feature","properties":{"idx":86,"road":NaN,"cls":"tertiary","shops":0,"st_km":0.91,"mesh":"53393355"},"geometry":{"type":"LineString","coordinates":[[139.43832,35.63202],[139.4383,35.63215]]}},{"type":"Feature","properties":{"idx":211,"road":NaN,"cls":"tertiary","shops":0,"st_km":1.24,"mesh":"53393334"},"geometry":{"type":"LineString","coordinates":[[139.43253,35.61668],[139.43451,35.61645]]}},{"type":"Feature","properties":{"idx":62,"road":"豊四通り","cls":"tertiary","shops":0,"st_km":1.47,"mesh":"53393344"},"geometry":{"type":"LineString","coordinates":[[139.43477,35.61694],[139.43552,35.61663],[139.43576,35.61659],[139.43985,35.61732]]}},{"type":"Feature","properties":{"idx":143,"road":NaN,"cls":"tertiary","shops":0,"st_km":1.84,"mesh":"53393335"},"geometry":{"type":"LineString","coordinates":[[139.44504,35.61445],[139.44444,35.61393],[139.44349,35.61328],[139.44326,35.6132],[139.44279,35.61318]]}},{"type":"Feature","properties":{"idx":61,"road":NaN,"cls":"secondary_link","shops":0,"st_km":0.36,"mesh":"53393330"},"geometry":{"type":"LineString","coordinates":[[139.37739,35.61341],[139.37513,35.6122],[139.37491,35.61212]]}},{"type":"Feature","properties":{"idx":320,"road":NaN,"cls":"secondary_link","shops":6,"st_km":0.1,"mesh":"53393330"},"geometry":{"type":"LineString","coordinates":[[139.37735,35.61364],[139.37995,35.61493],[139.3802,35.615]]}},{"type":"Feature","properties":{"idx":163,"road":"南多摩尾根幹線道路","cls":"secondary_link","shops":0,"st_km":1.36,"mesh":"53393331"},"geometry":{"type":"LineString","coordinates":[[139.39825,35.61162],[139.39844,35.61157],[139.39846,35.61147],[139.39841,35.6114],[139.39763,35.61092]]}},{"type":"Feature","properties":{"idx":113,"road":NaN,"cls":"tertiary","shops":1,"st_km":2.83,"mesh":"53393306"},"geometry":{"type":"LineString","coordinates":[[139.45174,35.58799],[139.45158,35.58766],[139.45126,35.58727],[139.44999,35.586],[139.44992,35.58595],[139.44977,35.58595]]}},{"type":"Feature","properties":{"idx":427,"road":"芝溝街道","cls":"primary","shops":1,"st_km":1.11,"mesh":"53393307"},"geometry":{"type":"LineString","coordinates":[[139.46746,35.58796],[139.46853,35.58778],[139.46934,35.58744],[139.47179,35.58563],[139.4723,35.58499],[139.4727,35.58464]]}},{"type":"Feature","properties":{"idx":120,"road":"鎌倉街道","cls":"primary","shops":0,"st_km":2.03,"mesh":"53393306"},"geometry":{"type":"LineString","coordinates":[[139.4619,35.58882],[139.46092,35.58936],[139.45998,35.59034]]}},{"type":"Feature","properties":{"idx":125,"road":"鶴川街道","cls":"primary","shops":1,"st_km":0.5,"mesh":"53393308"},"geometry":{"type":"LineString","coordinates":[[139.4727,35.58464],[139.47332,35.58424],[139.47372,35.58407],[139.47422,35.58393],[139.47853,35.5832],[139.47929,35.58322],[139.47975,35.58334],[139.48015,35.58352]]}},{"type":"Feature","properties":{"idx":87,"road":"鶴川街道","cls":"primary","shops":2,"st_km":0.27,"mesh":"53393369"},"geometry":{"type":"LineString","coordinates":[[139.49735,35.63706],[139.49743,35.6372],[139.49781,35.63748]]}},{"type":"Feature","properties":{"idx":236,"road":NaN,"cls":"tertiary","shops":1,"st_km":0.53,"mesh":"53393348"},"geometry":{"type":"LineString","coordinates":[[139.47513,35.62363],[139.47514,35.62355]]}},{"type":"Feature","properties":{"idx":503,"road":"東京都道19号町田調布線","cls":"primary","shops":0,"st_km":1.74,"mesh":"53393317"},"geometry":{"type":"LineString","coordinates":[[139.46644,35.60017],[139.46551,35.59924],[139.46486,35.59888],[139.46347,35.59821],[139.46176,35.59775],[139.46135,35.59756],[139.46107,35.59737]]}},{"type":"Feature","properties":{"idx":599,"road":"鶴川街道","cls":"secondary","shops":0,"st_km":1.31,"mesh":"53393317"},"geometry":{"type":"LineString","coordinates":[[139.46644,35.60017],[139.46723,35.59963],[139.47368,35.59563],[139.4746,35.59493],[139.47611,35.59346],[139.47748,35.59222]]}},{"type":"Feature","properties":{"idx":237,"road":"東京都道139号真光寺長津田線","cls":"secondary","shops":3,"st_km":0.27,"mesh":"53393308"},"geometry":{"type":"LineString","coordinates":[[139.48429,35.58446],[139.48443,35.5842]]}},{"type":"Feature","properties":{"idx":162,"road":NaN,"cls":"tertiary","shops":1,"st_km":1.09,"mesh":"53393340"},"geometry":{"type":"LineString","coordinates":[[139.37614,35.62354],[139.37618,35.62329]]}},{"type":"Feature","properties":{"idx":106,"road":NaN,"cls":"tertiary","shops":0,"st_km":1.11,"mesh":"53393340"},"geometry":{"type":"LineString","coordinates":[[139.37608,35.62367],[139.37614,35.62354]]}},{"type":"Feature","properties":{"idx":378,"road":NaN,"cls":"tertiary","shops":2,"st_km":0.72,"mesh":"53393341"},"geometry":{"type":"LineString","coordinates":[[139.39231,35.62501],[139.39256,35.6247]]}},{"type":"Feature","properties":{"idx":157,"road":"板橋","cls":"tertiary","shops":0,"st_km":0.93,"mesh":"53393341"},"geometry":{"type":"LineString","coordinates":[[139.39022,35.62268],[139.39038,35.62264]]}},{"type":"Feature","properties":{"idx":271,"road":NaN,"cls":"tertiary","shops":1,"st_km":0.77,"mesh":"53393341"},"geometry":{"type":"LineString","coordinates":[[139.39038,35.62264],[139.39288,35.62188],[139.39295,35.62189],[139.39409,35.62281]]}},{"type":"Feature","properties":{"idx":242,"road":NaN,"cls":"tertiary","shops":1,"st_km":0.93,"mesh":"53393341"},"geometry":{"type":"LineString","coordinates":[[139.38794,35.61923],[139.38802,35.61911]]}},{"type":"Feature","properties":{"idx":159,"road":NaN,"cls":"tertiary","shops":0,"st_km":0.94,"mesh":"53393341"},"geometry":{"type":"LineString","coordinates":[[139.38802,35.61911],[139.38974,35.61683],[139.38991,35.61669],[139.39016,35.61666],[139.39034,35.61674],[139.39046,35.61691],[139.39068,35.61741],[139.39089,35.61755],[139.39119,35.61753],[139.39174,35.61723]]}},{"type":"Feature","properties":{"idx":162,"road":NaN,"cls":"tertiary","shops":1,"st_km":1.09,"mesh":"53393340"},"geometry":{"type":"LineString","coordinates":[[139.37618,35.62329],[139.37604,35.62351]]}},{"type":"Feature","properties":{"idx":105,"road":NaN,"cls":"tertiary","shops":0,"st_km":1.12,"mesh":"53393340"},"geometry":{"type":"LineString","coordinates":[[139.37598,35.62364],[139.37593,35.62375]]}},{"type":"Feature","properties":{"idx":106,"road":NaN,"cls":"tertiary","shops":0,"st_km":1.11,"mesh":"53393340"},"geometry":{"type":"LineString","coordinates":[[139.37604,35.62351],[139.37598,35.62364]]}},{"type":"Feature","properties":{"idx":189,"road":NaN,"cls":"tertiary","shops":1,"st_km":0.89,"mesh":"53393340"},"geometry":{"type":"LineString","coordinates":[[139.37618,35.62329],[139.37683,35.62182],[139.37695,35.62144],[139.37695,35.62086],[139.37668,35.62018]]}},{"type":"Feature","properties":{"idx":269,"road":NaN,"cls":"tertiary","shops":0,"st_km":0.89,"mesh":"53393320"},"geometry":{"type":"LineString","coordinates":[[139.37634,35.60202],[139.37712,35.6032]]}},{"type":"Feature","properties":{"idx":545,"road":"鶴川団地中央通り","cls":"tertiary","shops":4,"st_km":1.43,"mesh":"53393307"},"geometry":{"type":"LineString","coordinates":[[139.46746,35.58796],[139.46808,35.58989]]}},{"type":"Feature","properties":{"idx":463,"road":NaN,"cls":"tertiary","shops":0,"st_km":1.12,"mesh":"53393327"},"geometry":{"type":"LineString","coordinates":[[139.46644,35.60017],[139.46811,35.60192],[139.46824,35.60217],[139.46828,35.6024],[139.46819,35.60276],[139.46587,35.60676]]}},{"type":"Feature","properties":{"idx":95,"road":NaN,"cls":"tertiary","shops":0,"st_km":0.78,"mesh":"53393309"},"geometry":{"type":"LineString","coordinates":[[139.49035,35.5853],[139.49042,35.58624],[139.49035,35.58644],[139.49018,35.58663],[139.48979,35.58679],[139.48894,35.58692],[139.48854,35.58705],[139.4866,35.58815]]}},{"type":"Feature","properties":{"idx":852,"road":NaN,"cls":"tertiary","shops":1,"st_km":1.26,"mesh":"53393317"},"geometry":{"type":"LineString","coordinates":[[139.47748,35.59222],[139.47705,35.5923],[139.47227,35.59367]]}},{"type":"Feature","properties":{"idx":117,"road":NaN,"cls":"tertiary","shops":0,"st_km":2.81,"mesh":"53393325"},"geometry":{"type":"LineString","coordinates":[[139.44135,35.59763],[139.44153,35.59812],[139.44211,35.59915],[139.44323,35.60151],[139.44346,35.6019],[139.44374,35.60219],[139.44421,35.60245],[139.44545,35.60273]]}},{"type":"Feature","properties":{"idx":271,"road":NaN,"cls":"tertiary","shops":3,"st_km":0.52,"mesh":"53393390"},"geometry":{"type":"LineString","coordinates":[[139.37679,35.66271],[139.37693,35.66254],[139.37706,35.66247],[139.37736,35.6624]]}},{"type":"Feature","properties":{"idx":248,"road":NaN,"cls":"tertiary","shops":0,"st_km":0.6,"mesh":"53393392"},"geometry":{"type":"LineString","coordinates":[[139.40663,35.66312],[139.40615,35.66223],[139.40648,35.66184],[139.40674,35.66163],[139.4071,35.6608],[139.40715,35.66039]]}},{"type":"Feature","properties":{"idx":209,"road":NaN,"cls":"tertiary","shops":2,"st_km":0.78,"mesh":"53393351"},"geometry":{"type":"LineString","coordinates":[[139.39729,35.6314],[139.39665,35.63053]]}},{"type":"Feature","properties":{"idx":880,"road":NaN,"cls":"tertiary","shops":4,"st_km":0.1,"mesh":"53393352"},"geometry":{"type":"LineString","coordinates":[[139.40088,35.62536],[139.40096,35.62532],[139.40141,35.62473]]}},{"type":"Feature","properties":{"idx":212,"road":NaN,"cls":"tertiary","shops":1,"st_km":0.1,"mesh":"53393342"},"geometry":{"type":"LineString","coordinates":[[139.40141,35.62473],[139.40144,35.62457]]}},{"type":"Feature","properties":{"idx":886,"road":NaN,"cls":"tertiary","shops":4,"st_km":0.09,"mesh":"53393352"},"geometry":{"type":"LineString","coordinates":[[139.40121,35.62485],[139.40088,35.62529],[139.40088,35.62536]]}},{"type":"Feature","properties":{"idx":72,"road":NaN,"cls":"tertiary","shops":0,"st_km":0.59,"mesh":"53393353"},"geometry":{"type":"LineString","coordinates":[[139.4155,35.62719],[139.41623,35.62803],[139.41659,35.62824],[139.41677,35.62827],[139.41697,35.6282],[139.41748,35.62768],[139.41768,35.62756],[139.41794,35.62751],[139.41891,35.62749],[139.41905,35.62735],[139.41917,35.62708],[139.41944,35.62694],[139.41972,35.62698],[139.42058,35.62755],[139.42073,35.62757],[139.42101,35.62749]]}},{"type":"Feature","properties":{"idx":98,"road":NaN,"cls":"tertiary","shops":0,"st_km":0.31,"mesh":"53393353"},"geometry":{"type":"LineString","coordinates":[[139.42101,35.62749],[139.42214,35.62712],[139.42237,35.62715],[139.42253,35.62734],[139.42269,35.62803],[139.42259,35.62843],[139.42243,35.62861],[139.42214,35.62877],[139.42185,35.62885],[139.42148,35.62886]]}},{"type":"Feature","properties":{"idx":81,"road":"滝谷戸橋","cls":"tertiary","shops":0,"st_km":0.33,"mesh":"53393353"},"geometry":{"type":"LineString","coordinates":[[139.42148,35.62886],[139.42093,35.62886]]}},{"type":"Feature","properties":{"idx":74,"road":NaN,"cls":"tertiary","shops":0,"st_km":0.43,"mesh":"53393353"},"geometry":{"type":"LineString","coordinates":[[139.42093,35.62886],[139.4201,35.62886],[139.41977,35.62876],[139.41867,35.62806],[139.41862,35.62797],[139.41862,35.62752]]}},{"type":"Feature","properties":{"idx":125,"road":NaN,"cls":"tertiary","shops":0,"st_km":1.01,"mesh":"53393352"},"geometry":{"type":"LineString","coordinates":[[139.41639,35.62635],[139.41555,35.62578],[139.41533,35.62569],[139.41399,35.62563],[139.41369,35.62566],[139.41342,35.62576],[139.41178,35.62665],[139.41105,35.62728],[139.4108,35.62756],[139.41077,35.62775],[139.41085,35.6279],[139.41336,35.63087],[139.41389,35.63105],[139.41405,35.63105],[139.41466,35.63073]]}},{"type":"Feature","properties":{"idx":59,"road":NaN,"cls":"tertiary","shops":0,"st_km":0.69,"mesh":"53393353"},"geometry":{"type":"LineString","coordinates":[[139.41478,35.62747],[139.4148,35.62832],[139.41488,35.62851],[139.41528,35.62903],[139.4153,35.62927],[139.41515,35.62945],[139.41408,35.63003]]}},{"type":"Feature","properties":{"idx":80,"road":NaN,"cls":"tertiary","shops":0,"st_km":0.35,"mesh":"53393353"},"geometry":{"type":"LineString","coordinates":[[139.4169,35.63238],[139.41847,35.6308],[139.41862,35.63073],[139.41892,35.63078],[139.42024,35.63165]]}},{"type":"Feature","properties":{"idx":175,"road":"和田原通り","cls":"tertiary","shops":0,"st_km":1.27,"mesh":"53393364"},"geometry":{"type":"LineString","coordinates":[[139.43249,35.63985],[139.4309,35.64018]]}},{"type":"Feature","properties":{"idx":76,"road":NaN,"cls":"tertiary","shops":0,"st_km":0.88,"mesh":"53393365"},"geometry":{"type":"LineString","coordinates":[[139.44426,35.63553],[139.4436,35.63672],[139.44342,35.63836],[139.44336,35.63853],[139.44307,35.63888]]}},{"type":"Feature","properties":{"idx":73,"road":NaN,"cls":"tertiary","shops":0,"st_km":0.93,"mesh":"53393365"},"geometry":{"type":"LineString","coordinates":[[139.441,35.63746],[139.44103,35.6373],[139.44136,35.63704],[139.44176,35.63691],[139.44355,35.63703]]}},{"type":"Feature","properties":{"idx":171,"road":"麻生通り","cls":"primary","shops":0,"st_km":0.37,"mesh":"53393309"},"geometry":{"type":"LineString","coordinates":[[139.49477,35.58713],[139.49496,35.5869]]}},{"type":"Feature","properties":{"idx":165,"road":"柿生陸橋","cls":"primary","shops":0,"st_km":0.41,"mesh":"53393309"},"geometry":{"type":"LineString","coordinates":[[139.49496,35.5869],[139.49575,35.58588]]}},{"type":"Feature","properties":{"idx":191,"road":"平山通り","cls":"secondary","shops":1,"st_km":0.38,"mesh":"53393370"},"geometry":{"type":"LineString","coordinates":[[139.38376,35.64806],[139.38429,35.647]]}},{"type":"Feature","properties":{"idx":360,"road":NaN,"cls":"tertiary","shops":0,"st_km":0.42,"mesh":"53393381"},"geometry":{"type":"LineString","coordinates":[[139.3969,35.65685],[139.39575,35.6579]]}},{"type":"Feature","properties":{"idx":578,"road":"平山通り","cls":"secondary","shops":2,"st_km":0.42,"mesh":"53393380"},"geometry":{"type":"LineString","coordinates":[[139.38105,35.65132],[139.38202,35.65046]]}},{"type":"Feature","properties":{"idx":309,"road":"川崎街道(高幡橋)","cls":"primary","shops":0,"st_km":0.6,"mesh":"53393392"},"geometry":{"type":"LineString","coordinates":[[139.40758,35.66542],[139.40682,35.66404],[139.40673,35.66377]]}},{"type":"Feature","properties":{"idx":464,"road":"川崎街道","cls":"primary","shops":1,"st_km":0.6,"mesh":"53393392"},"geometry":{"type":"LineString","coordinates":[[139.40673,35.66377],[139.40669,35.66342]]}},{"type":"Feature","properties":{"idx":41,"road":"野猿街道","cls":"primary_link","shops":0,"st_km":0.74,"mesh":"53393385"},"geometry":{"type":"LineString","coordinates":[[139.43746,35.65177],[139.43799,35.65463]]}},{"type":"Feature","properties":{"idx":296,"road":"町田平山八王子線","cls":"secondary","shops":0,"st_km":0.4,"mesh":"53393380"},"geometry":{"type":"LineString","coordinates":[[139.38202,35.65046],[139.38205,35.65043]]}},{"type":"Feature","properties":{"idx":128,"road":"平山通り","cls":"secondary","shops":0,"st_km":0.38,"mesh":"53393370"},"geometry":{"type":"LineString","coordinates":[[139.38212,35.65038],[139.38292,35.64962],[139.38317,35.64926],[139.38342,35.64876]]}},{"type":"Feature","properties":{"idx":51,"road":"町田平山八王子線","cls":"secondary","shops":0,"st_km":0.97,"mesh":"53393371"},"geometry":{"type":"LineString","coordinates":[[139.39214,35.64499],[139.39038,35.64573],[139.39001,35.64582],[139.38977,35.64583],[139.38864,35.6456]]}},{"type":"Feature","properties":{"idx":174,"road":NaN,"cls":"secondary","shops":2,"st_km":0.21,"mesh":"53393393"},"geometry":{"type":"LineString","coordinates":[[139.41501,35.66092],[139.41543,35.66203]]}},{"type":"Feature","properties":{"idx":166,"road":"多摩モノレール通り","cls":"secondary","shops":2,"st_km":0.25,"mesh":"53393393"},"geometry":{"type":"LineString","coordinates":[[139.41605,35.66291],[139.41567,35.6625]]}},{"type":"Feature","properties":{"idx":197,"road":"平山通り","cls":"secondary","shops":1,"st_km":0.66,"mesh":"53393351"},"geometry":{"type":"LineString","coordinates":[[139.39724,35.63011],[139.39747,35.62971]]}},{"type":"Feature","properties":{"idx":146,"road":"平山通り","cls":"secondary","shops":0,"st_km":0.55,"mesh":"53393351"},"geometry":{"type":"LineString","coordinates":[[139.39747,35.62971],[139.39798,35.62815]]}},{"type":"Feature","properties":{"idx":86,"road":NaN,"cls":"tertiary","shops":0,"st_km":0.68,"mesh":"53393370"},"geometry":{"type":"LineString","coordinates":[[139.37498,35.643],[139.37529,35.64252],[139.37575,35.64225],[139.37581,35.64217]]}},{"type":"Feature","properties":{"idx":368,"road":NaN,"cls":"tertiary","shops":0,"st_km":0.8,"mesh":"53393360"},"geometry":{"type":"LineString","coordinates":[[139.37601,35.64224],[139.37651,35.64112],[139.37662,35.64048],[139.37601,35.64026],[139.37616,35.64],[139.37614,35.63996],[139.37536,35.6397]]}},{"type":"Feature","properties":{"idx":83,"road":NaN,"cls":"tertiary","shops":0,"st_km":0.71,"mesh":"53393370"},"geometry":{"type":"LineString","coordinates":[[139.38786,35.6415],[139.38643,35.64121],[139.38488,35.64194],[139.38439,35.64351],[139.38441,35.64358],[139.3845,35.64364],[139.38591,35.64393],[139.38629,35.64407],[139.38644,35.6442]]}},{"type":"Feature","properties":{"idx":85,"road":"奥山橋","cls":"tertiary","shops":0,"st_km":0.69,"mesh":"53393370"},"geometry":{"type":"LineString","coordinates":[[139.38644,35.6442],[139.38672,35.64442]]}},{"type":"Feature","properties":{"idx":73,"road":"竪台こぶし通り","cls":"tertiary","shops":0,"st_km":1.29,"mesh":"53393368"},"geometry":{"type":"LineString","coordinates":[[139.48609,35.63463],[139.48582,35.63495]]}},{"type":"Feature","properties":{"idx":698,"road":"野猿街道","cls":"primary","shops":0,"st_km":0.86,"mesh":"53393384"},"geometry":{"type":"LineString","coordinates":[[139.43756,35.65129],[139.4374,35.65037]]}},{"type":"Feature","properties":{"idx":58,"road":"野猿街道","cls":"primary","shops":0,"st_km":0.75,"mesh":"53393385"},"geometry":{"type":"LineString","coordinates":[[139.43776,35.65285],[139.43787,35.65352]]}},{"type":"Feature","properties":{"idx":44,"road":NaN,"cls":"primary_link","shops":0,"st_km":0.64,"mesh":"53393385"},"geometry":{"type":"LineString","coordinates":[[139.43822,35.65541],[139.43838,35.65684],[139.43863,35.6576]]}},{"type":"Feature","properties":{"idx":43,"road":NaN,"cls":"tertiary","shops":0,"st_km":0.83,"mesh":"53393385"},"geometry":{"type":"LineString","coordinates":[[139.43475,35.66052],[139.43497,35.66035],[139.4361,35.65972],[139.43716,35.65884],[139.43807,35.65816],[139.43863,35.6576],[139.43886,35.65743],[139.44005,35.65679],[139.44191,35.6556],[139.44342,35.65481],[139.4451,35.65407],[139.447,35.65357]]}},{"type":"Feature","properties":{"idx":43,"road":NaN,"cls":"primary_link","shops":0,"st_km":0.66,"mesh":"53393385"},"geometry":{"type":"LineString","coordinates":[[139.43886,35.65743],[139.4387,35.65697],[139.43831,35.6554]]}},{"type":"Feature","properties":{"idx":85,"road":NaN,"cls":"tertiary","shops":0,"st_km":0.58,"mesh":"53393342"},"geometry":{"type":"LineString","coordinates":[[139.41304,35.62229],[139.41262,35.62192],[139.41243,35.62164],[139.4124,35.62129],[139.41251,35.62102]]}},{"type":"Feature","properties":{"idx":74,"road":"図師半沢通り","cls":"tertiary","shops":0,"st_km":3.49,"mesh":"53393304"},"geometry":{"type":"LineString","coordinates":[[139.4271,35.58675],[139.42761,35.58667]]}},{"type":"Feature","properties":{"idx":224,"road":NaN,"cls":"tertiary","shops":0,"st_km":0.53,"mesh":"53393341"},"geometry":{"type":"LineString","coordinates":[[139.39552,35.62172],[139.39578,35.62142]]}},{"type":"Feature","properties":{"idx":224,"road":"松木橋","cls":"tertiary","shops":0,"st_km":0.53,"mesh":"53393341"},"geometry":{"type":"LineString","coordinates":[[139.39523,35.62204],[139.39552,35.62172]]}},{"type":"Feature","properties":{"idx":221,"road":NaN,"cls":"tertiary","shops":0,"st_km":0.55,"mesh":"53393341"},"geometry":{"type":"LineString","coordinates":[[139.39441,35.62261],[139.39483,35.6224],[139.39523,35.62204]]}},{"type":"Feature","properties":{"idx":81,"road":NaN,"cls":"tertiary","shops":0,"st_km":0.36,"mesh":"53393330"},"geometry":{"type":"LineString","coordinates":[[139.38229,35.61078],[139.38223,35.61074],[139.3802,35.6108],[139.37962,35.61092],[139.37926,35.6111],[139.37902,35.6113],[139.37842,35.61207]]}},{"type":"Feature","properties":{"idx":469,"road":NaN,"cls":"tertiary","shops":1,"st_km":0.32,"mesh":"53393380"},"geometry":{"type":"LineString","coordinates":[[139.38191,35.65583],[139.38043,35.65723]]}},{"type":"Feature","properties":{"idx":90,"road":NaN,"cls":"tertiary","shops":0,"st_km":0.63,"mesh":"53393370"},"geometry":{"type":"LineString","coordinates":[[139.38571,35.64389],[139.38543,35.64475],[139.38447,35.64556],[139.38446,35.64567],[139.38456,35.64581],[139.3847,35.64589],[139.39159,35.64732]]}},{"type":"Feature","properties":{"idx":47,"road":NaN,"cls":"tertiary","shops":0,"st_km":0.94,"mesh":"53393371"},"geometry":{"type":"LineString","coordinates":[[139.38977,35.64583],[139.39041,35.64597]]}},{"type":"Feature","properties":{"idx":54,"road":NaN,"cls":"tertiary","shops":0,"st_km":0.79,"mesh":"53393371"},"geometry":{"type":"LineString","coordinates":[[139.39214,35.64499],[139.392,35.64538],[139.39197,35.64571],[139.39206,35.64621],[139.39206,35.64646],[139.39198,35.64669],[139.39159,35.64732],[139.39102,35.64791],[139.39073,35.64838],[139.39061,35.64882],[139.39059,35.64982],[139.39038,35.64991],[139.38854,35.64956],[139.38838,35.64959]]}},{"type":"Feature","properties":{"idx":77,"road":NaN,"cls":"primary_link","shops":0,"st_km":0.63,"mesh":"53393362"},"geometry":{"type":"LineString","coordinates":[[139.40994,35.63497],[139.40987,35.63508]]}},{"type":"Feature","properties":{"idx":233,"road":"多摩ニュータウン通り","cls":"secondary","shops":2,"st_km":0.13,"mesh":"53393330"},"geometry":{"type":"LineString","coordinates":[[139.37734,35.61355],[139.37951,35.61464]]}},{"type":"Feature","properties":{"idx":113,"road":NaN,"cls":"tertiary","shops":0,"st_km":0.31,"mesh":"53393354"},"geometry":{"type":"LineString","coordinates":[[139.42416,35.63399],[139.42449,35.63285],[139.42709,35.63336]]}},{"type":"Feature","properties":{"idx":172,"road":"旧野猿街道","cls":"tertiary","shops":2,"st_km":1.74,"mesh":"53393350"},"geometry":{"type":"LineString","coordinates":[[139.37935,35.6298],[139.37932,35.62973]]}},{"type":"Feature","properties":{"idx":171,"road":NaN,"cls":"primary_link","shops":2,"st_km":0.51,"mesh":"53393362"},"geometry":{"type":"LineString","coordinates":[[139.41106,35.63553],[139.411,35.63565]]}},{"type":"Feature","properties":{"idx":85,"road":NaN,"cls":"primary_link","shops":0,"st_km":0.36,"mesh":"53393363"},"geometry":{"type":"LineString","coordinates":[[139.41252,35.63639],[139.41258,35.63628]]}},{"type":"Feature","properties":{"idx":257,"road":"稲荷橋通り","cls":"tertiary","shops":0,"st_km":0.39,"mesh":"53393343"},"geometry":{"type":"LineString","coordinates":[[139.41958,35.6215],[139.41957,35.62158]]}},{"type":"Feature","properties":{"idx":88,"road":NaN,"cls":"tertiary","shops":0,"st_km":0.29,"mesh":"53393330"},"geometry":{"type":"LineString","coordinates":[[139.38227,35.61715],[139.38203,35.61673],[139.38177,35.61655],[139.38153,35.61648],[139.38127,35.61646],[139.38101,35.61652],[139.38084,35.6166],[139.38051,35.61684],[139.38029,35.61689],[139.38006,35.61687],[139.37972,35.61671]]}},{"type":"Feature","properties":{"idx":139,"road":"多摩中央公園通り","cls":"tertiary","shops":0,"st_km":0.47,"mesh":"53393344"},"geometry":{"type":"LineString","coordinates":[[139.43002,35.62205],[139.42902,35.62262],[139.42851,35.6228],[139.42799,35.62283],[139.42734,35.62266]]}},{"type":"Feature","properties":{"idx":100,"road":NaN,"cls":"tertiary","shops":0,"st_km":1.16,"mesh":"53393340"},"geometry":{"type":"LineString","coordinates":[[139.38315,35.62442],[139.38343,35.62435],[139.38412,35.62405],[139.3846,35.624],[139.38497,35.62408],[139.38602,35.62455],[139.38643,35.62468],[139.3868,35.6247],[139.38758,35.6246],[139.38795,35.62442],[139.38813,35.62418],[139.38817,35.62393],[139.38802,35.62321],[139.3881,35.62296],[139.38826,35.6228],[139.38855,35.6227],[139.38877,35.62269],[139.38923,35.62288],[139.38941,35.6229],[139.39022,35.62268]]}},{"type":"Feature","properties":{"idx":71,"road":"あたご一息坂","cls":"tertiary","shops":0,"st_km":0.97,"mesh":"53393365"},"geometry":{"type":"LineString","coordinates":[[139.44108,35.63388],[139.44088,35.63414],[139.44082,35.63434],[139.44089,35.63449],[139.44132,35.63487],[139.44136,35.635],[139.4413,35.63516],[139.44098,35.63547],[139.44072,35.63558],[139.43963,35.63562],[139.43949,35.63557],[139.43935,35.63544],[139.43922,35.63492],[139.439,35.6347],[139.43869,35.63461],[139.43742,35.63448],[139.43726,35.63441],[139.43715,35.63428],[139.43718,35.6339],[139.43731,35.63373],[139.43749,35.63366],[139.43812,35.6337],[139.43832,35.63365],[139.43846,35.63349],[139.43853,35.63318]]}},{"type":"Feature","properties":{"idx":81,"road":"あたご山通り","cls":"tertiary","shops":0,"st_km":0.66,"mesh":"53393354"},"geometry":{"type":"LineString","coordinates":[[139.43418,35.63365],[139.43409,35.63408],[139.43385,35.63427],[139.43217,35.63455],[139.43098,35.63442],[139.43067,35.63422],[139.43059,35.63401],[139.43053,35.6336],[139.43045,35.63352],[139.43025,35.63344],[139.42971,35.63343],[139.42952,35.63336],[139.42889,35.63265],[139.4282,35.63228],[139.42804,35.63221],[139.42775,35.63219],[139.42706,35.63244],[139.42674,35.63237],[139.42616,35.63176],[139.42465,35.63091],[139.42458,35.6308],[139.42437,35.63012]]}},{"type":"Feature","properties":{"idx":179,"road":"恋路原通り","cls":"tertiary","shops":0,"st_km":1.23,"mesh":"53393364"},"geometry":{"type":"LineString","coordinates":[[139.43337,35.63831],[139.43405,35.63711],[139.43429,35.63661],[139.43471,35.63602],[139.4349,35.63585],[139.43515,35.63571],[139.43625,35.63583]]}},{"type":"Feature","properties":{"idx":83,"road":NaN,"cls":"tertiary","shops":0,"st_km":0.64,"mesh":"53393354"},"geometry":{"type":"LineString","coordinates":[[139.42437,35.63012],[139.42428,35.62981],[139.4243,35.62965],[139.42439,35.62955],[139.42459,35.62948],[139.42513,35.62945],[139.42599,35.62888],[139.42636,35.62891],[139.42655,35.62908],[139.42659,35.6292],[139.4266,35.62959],[139.42672,35.62981],[139.42699,35.6299],[139.42739,35.62991],[139.42771,35.62998],[139.4325,35.63253],[139.43321,35.63283],[139.43403,35.63306],[139.43418,35.63323],[139.43418,35.63365]]}},{"type":"Feature","properties":{"idx":94,"road":NaN,"cls":"tertiary","shops":0,"st_km":0.88,"mesh":"53393375"},"geometry":{"type":"LineString","coordinates":[[139.43695,35.649],[139.43723,35.64895],[139.43791,35.64873],[139.43821,35.64871]]}},{"type":"Feature","properties":{"idx":121,"road":"府中街道","cls":"primary","shops":0,"st_km":0.29,"mesh":"53393389"},"geometry":{"type":"LineString","coordinates":[[139.48805,35.65183],[139.48772,35.65544]]}},{"type":"Feature","properties":{"idx":79,"road":"川崎街道","cls":"primary","shops":0,"st_km":0.67,"mesh":"53393378"},"geometry":{"type":"LineString","coordinates":[[139.48449,35.6472],[139.48212,35.647],[139.48068,35.647]]}},{"type":"Feature","properties":{"idx":197,"road":"坂浜聖ヶ丘橋","cls":"secondary","shops":0,"st_km":1.23,"mesh":"53393357"},"geometry":{"type":"LineString","coordinates":[[139.46493,35.62973],[139.46521,35.62929]]}},{"type":"Feature","properties":{"idx":228,"road":NaN,"cls":"secondary","shops":0,"st_km":1.03,"mesh":"53393357"},"geometry":{"type":"LineString","coordinates":[[139.46521,35.62929],[139.4655,35.62887],[139.46549,35.62855],[139.46501,35.62791],[139.46482,35.62738],[139.46471,35.62722],[139.46404,35.62669],[139.46388,35.62643],[139.46383,35.62623]]}},{"type":"Feature","properties":{"idx":266,"road":NaN,"cls":"secondary","shops":0,"st_km":0.84,"mesh":"53393357"},"geometry":{"type":"LineString","coordinates":[[139.46383,35.62623],[139.46372,35.62564]]}},{"type":"Feature","properties":{"idx":120,"road":NaN,"cls":"secondary","shops":0,"st_km":0.65,"mesh":"53393347"},"geometry":{"type":"LineString","coordinates":[[139.46372,35.62564],[139.46358,35.62489],[139.46366,35.62463],[139.4638,35.6245],[139.46435,35.62422],[139.46495,35.62404],[139.46595,35.62407],[139.46624,35.624]]}},{"type":"Feature","properties":{"idx":171,"road":"若葉台中央通り","cls":"tertiary","shops":0,"st_km":0.44,"mesh":"53393348"},"geometry":{"type":"LineString","coordinates":[[139.47723,35.62302],[139.47698,35.6224],[139.47669,35.62203],[139.47476,35.62079]]}},{"type":"Feature","properties":{"idx":320,"road":"東京都道19号町田調布線","cls":"primary","shops":0,"st_km":0.8,"mesh":"53393357"},"geometry":{"type":"LineString","coordinates":[[139.46908,35.62525],[139.46804,35.62552],[139.46666,35.62574]]}},{"type":"Feature","properties":{"idx":344,"road":NaN,"cls":"primary","shops":0,"st_km":0.71,"mesh":"53393357"},"geometry":{"type":"LineString","coordinates":[[139.46908,35.62525],[139.46918,35.62525]]}},{"type":"Feature","properties":{"idx":161,"road":"若葉台東樫の木通り","cls":"tertiary","shops":0,"st_km":0.27,"mesh":"53393347"},"geometry":{"type":"LineString","coordinates":[[139.47476,35.62079],[139.47466,35.62083]]}},{"type":"Feature","properties":{"idx":258,"road":NaN,"cls":"tertiary","shops":1,"st_km":0.16,"mesh":"53393347"},"geometry":{"type":"LineString","coordinates":[[139.46428,35.61666],[139.46509,35.61729]]}},{"type":"Feature","properties":{"idx":441,"road":NaN,"cls":"tertiary","shops":3,"st_km":0.18,"mesh":"53393347"},"geometry":{"type":"LineString","coordinates":[[139.4746,35.61933],[139.47406,35.61951]]}},{"type":"Feature","properties":{"idx":136,"road":"若葉台西樫の木通り","cls":"tertiary","shops":0,"st_km":0.44,"mesh":"53393347"},"geometry":{"type":"LineString","coordinates":[[139.47107,35.62473],[139.47109,35.62465],[139.47088,35.62412],[139.47086,35.62391],[139.47089,35.62372],[139.47111,35.62317],[139.47114,35.62271],[139.47105,35.62212],[139.47077,35.62172]]}},{"type":"Feature","properties":{"idx":455,"road":"東京都道18号府中町田線","cls":"primary","shops":0,"st_km":1.02,"mesh":"53393356"},"geometry":{"type":"LineString","coordinates":[[139.46214,35.62596],[139.45817,35.62619],[139.45733,35.62635],[139.45658,35.62672],[139.45626,35.62696],[139.45587,35.62745],[139.45561,35.62796]]}},{"type":"Feature","properties":{"idx":176,"road":NaN,"cls":"primary","shops":1,"st_km":0.64,"mesh":"53393365"},"geometry":{"type":"LineString","coordinates":[[139.44835,35.63608],[139.44855,35.63598]]}},{"type":"Feature","properties":{"idx":478,"road":"諏訪の谷通り","cls":"tertiary","shops":0,"st_km":0.72,"mesh":"53393356"},"geometry":{"type":"LineString","coordinates":[[139.45568,35.62801],[139.45561,35.62796]]}},{"type":"Feature","properties":{"idx":497,"road":"永山けやき坂","cls":"tertiary","shops":2,"st_km":0.87,"mesh":"53393345"},"geometry":{"type":"LineString","coordinates":[[139.4461,35.6218],[139.44799,35.62193],[139.44835,35.62207],[139.44919,35.62251],[139.45027,35.62287]]}},{"type":"Feature","properties":{"idx":170,"road":"稲城日野線","cls":"primary","shops":0,"st_km":0.74,"mesh":"53393376"},"geometry":{"type":"LineString","coordinates":[[139.45126,35.64553],[139.4514,35.64549],[139.45204,35.64506]]}},{"type":"Feature","properties":{"idx":163,"road":"稲城日野線","cls":"primary","shops":0,"st_km":0.79,"mesh":"53393376"},"geometry":{"type":"LineString","coordinates":[[139.45204,35.64506],[139.45216,35.64499]]}},{"type":"Feature","properties":{"idx":152,"road":"稲城日野線","cls":"primary","shops":0,"st_km":0.87,"mesh":"53393376"},"geometry":{"type":"LineString","coordinates":[[139.4526,35.64468],[139.45289,35.64448]]}},{"type":"Feature","properties":{"idx":127,"road":"稲城日野線","cls":"primary","shops":0,"st_km":1.09,"mesh":"53393376"},"geometry":{"type":"LineString","coordinates":[[139.45289,35.64448],[139.45348,35.64408],[139.45408,35.64377],[139.45454,35.64367],[139.45507,35.64371],[139.45551,35.64388],[139.4572,35.64502],[139.45794,35.64539]]}},{"type":"Feature","properties":{"idx":381,"road":"大栗橋","cls":"primary","shops":2,"st_km":0.62,"mesh":"53393376"},"geometry":{"type":"LineString","coordinates":[[139.45259,35.64771],[139.45238,35.64741]]}},{"type":"Feature","properties":{"idx":284,"road":NaN,"cls":"primary","shops":1,"st_km":0.62,"mesh":"53393376"},"geometry":{"type":"LineString","coordinates":[[139.45238,35.64741],[139.45201,35.6469]]}},{"type":"Feature","properties":{"idx":115,"road":NaN,"cls":"primary_link","shops":0,"st_km":0.06,"mesh":"53393363"},"geometry":{"type":"LineString","coordinates":[[139.41645,35.63732],[139.41632,35.6374],[139.41635,35.6375]]}},{"type":"Feature","properties":{"idx":328,"road":NaN,"cls":"primary_link","shops":4,"st_km":0.1,"mesh":"53393363"},"geometry":{"type":"LineString","coordinates":[[139.41524,35.63726],[139.41538,35.63718],[139.41533,35.63708]]}},{"type":"Feature","properties":{"idx":274,"road":NaN,"cls":"primary_link","shops":3,"st_km":0.1,"mesh":"53393363"},"geometry":{"type":"LineString","coordinates":[[139.41539,35.63729],[139.41549,35.63737],[139.41547,35.63749]]}},{"type":"Feature","properties":{"idx":284,"road":NaN,"cls":"tertiary","shops":2,"st_km":0.15,"mesh":"53393370"},"geometry":{"type":"LineString","coordinates":[[139.37749,35.64749],[139.37871,35.64645],[139.37884,35.64625],[139.37885,35.64592]]}},{"type":"Feature","properties":{"idx":469,"road":NaN,"cls":"tertiary","shops":1,"st_km":0.57,"mesh":"53393381"},"geometry":{"type":"LineString","coordinates":[[139.39764,35.6575],[139.3985,35.65684],[139.39916,35.65532]]}},{"type":"Feature","properties":{"idx":283,"road":NaN,"cls":"tertiary","shops":0,"st_km":0.79,"mesh":"53393382"},"geometry":{"type":"LineString","coordinates":[[139.39916,35.65532],[139.40325,35.65641]]}},{"type":"Feature","properties":{"idx":288,"road":NaN,"cls":"tertiary","shops":0,"st_km":0.77,"mesh":"53393382"},"geometry":{"type":"LineString","coordinates":[[139.39864,35.65654],[139.40277,35.65762]]}},{"type":"Feature","properties":{"idx":250,"road":NaN,"cls":"tertiary","shops":0,"st_km":0.84,"mesh":"53393382"},"geometry":{"type":"LineString","coordinates":[[139.40136,35.6576],[139.40198,35.65607]]}},{"type":"Feature","properties":{"idx":299,"road":NaN,"cls":"tertiary","shops":0,"st_km":0.72,"mesh":"53393382"},"geometry":{"type":"LineString","coordinates":[[139.40009,35.65727],[139.40071,35.65573]]}},{"type":"Feature","properties":{"idx":243,"road":NaN,"cls":"tertiary","shops":2,"st_km":0.33,"mesh":"53393362"},"geometry":{"type":"LineString","coordinates":[[139.4119,35.64049],[139.41196,35.64057]]}},{"type":"Feature","properties":{"idx":100,"road":NaN,"cls":"tertiary","shops":0,"st_km":0.8,"mesh":"53393375"},"geometry":{"type":"LineString","coordinates":[[139.43821,35.64871],[139.43879,35.64879]]}},{"type":"Feature","properties":{"idx":142,"road":"明神橋通り","cls":"tertiary","shops":0,"st_km":0.43,"mesh":"53393375"},"geometry":{"type":"LineString","coordinates":[[139.43883,35.6488],[139.44396,35.64949],[139.44644,35.64957]]}},{"type":"Feature","properties":{"idx":204,"road":"野猿街道","cls":"primary","shops":0,"st_km":0.92,"mesh":"53393374"},"geometry":{"type":"LineString","coordinates":[[139.43695,35.64902],[139.43708,35.64936]]}},{"type":"Feature","properties":{"idx":206,"road":"野猿街道","cls":"primary","shops":0,"st_km":0.91,"mesh":"53393374"},"geometry":{"type":"LineString","coordinates":[[139.43721,35.64935],[139.43709,35.64901]]}},{"type":"Feature","properties":{"idx":204,"road":"野猿街道","cls":"primary","shops":0,"st_km":0.92,"mesh":"53393374"},"geometry":{"type":"LineString","coordinates":[[139.43709,35.64901],[139.43703,35.64887]]}},{"type":"Feature","properties":{"idx":375,"road":"一番橋","cls":"tertiary","shops":0,"st_km":0.56,"mesh":"53393391"},"geometry":{"type":"LineString","coordinates":[[139.39335,35.65977],[139.39234,35.66052]]}},{"type":"Feature","properties":{"idx":495,"road":NaN,"cls":"tertiary","shops":1,"st_km":0.7,"mesh":"53393391"},"geometry":{"type":"LineString","coordinates":[[139.39234,35.66052],[139.39013,35.66209]]}},{"type":"Feature","properties":{"idx":139,"road":"永山さくら通り","cls":"tertiary","shops":0,"st_km":0.38,"mesh":"53393355"},"geometry":{"type":"LineString","coordinates":[[139.44238,35.62967],[139.44367,35.62962],[139.44389,35.62955],[139.4441,35.62937],[139.44416,35.62907],[139.44407,35.62825],[139.44409,35.62804],[139.44421,35.6279],[139.44457,35.6277],[139.44468,35.62751],[139.44467,35.62738],[139.44444,35.62665]]}},{"type":"Feature","properties":{"idx":410,"road":NaN,"cls":"tertiary","shops":1,"st_km":0.76,"mesh":"53393345"},"geometry":{"type":"LineString","coordinates":[[139.44349,35.62448],[139.44228,35.62453]]}},{"type":"Feature","properties":{"idx":215,"road":NaN,"cls":"tertiary","shops":0,"st_km":1.05,"mesh":"53393345"},"geometry":{"type":"LineString","coordinates":[[139.44618,35.62118],[139.44555,35.62114],[139.44522,35.62103],[139.44513,35.62095],[139.44439,35.61976]]}},{"type":"Feature","properties":{"idx":161,"road":NaN,"cls":"tertiary","shops":0,"st_km":1.62,"mesh":"53393335"},"geometry":{"type":"LineString","coordinates":[[139.4456,35.61437],[139.44851,35.61628]]}},{"type":"Feature","properties":{"idx":158,"road":"永山いちょう通り","cls":"tertiary","shops":0,"st_km":1.44,"mesh":"53393345"},"geometry":{"type":"LineString","coordinates":[[139.44851,35.61628],[139.44932,35.61686],[139.44978,35.61733]]}},{"type":"Feature","properties":{"idx":145,"road":"瓜生通り","cls":"tertiary","shops":0,"st_km":1.76,"mesh":"53393335"},"geometry":{"type":"LineString","coordinates":[[139.44782,35.61253],[139.44742,35.61297],[139.44631,35.61353],[139.44613,35.61368],[139.4456,35.61437]]}},{"type":"Feature","properties":{"idx":148,"road":NaN,"cls":"primary_link","shops":0,"st_km":1.48,"mesh":"53393335"},"geometry":{"type":"LineString","coordinates":[[139.44881,35.61324],[139.44916,35.61364],[139.45012,35.61501]]}},{"type":"Feature","properties":{"idx":180,"road":NaN,"cls":"tertiary","shops":0,"st_km":1.3,"mesh":"53393345"},"geometry":{"type":"LineString","coordinates":[[139.44295,35.61753],[139.44294,35.61783],[139.44305,35.61833],[139.44351,35.61936],[139.44359,35.61965],[139.44362,35.62029]]}},{"type":"Feature","properties":{"idx":150,"road":NaN,"cls":"tertiary","shops":0,"st_km":1.75,"mesh":"53393335"},"geometry":{"type":"LineString","coordinates":[[139.44303,35.615],[139.44327,35.61497],[139.44343,35.6149],[139.44444,35.61393]]}},{"type":"Feature","properties":{"idx":139,"road":"貝取こぶし通り","cls":"tertiary","shops":0,"st_km":1.92,"mesh":"53393335"},"geometry":{"type":"LineString","coordinates":[[139.44027,35.61374],[139.43984,35.61299],[139.43957,35.61275],[139.43918,35.61264],[139.43786,35.61259]]}},{"type":"Feature","properties":{"idx":166,"road":NaN,"cls":"tertiary","shops":0,"st_km":1.62,"mesh":"53393334"},"geometry":{"type":"LineString","coordinates":[[139.4354,35.61422],[139.43773,35.61431]]}},{"type":"Feature","properties":{"idx":171,"road":NaN,"cls":"tertiary","shops":0,"st_km":1.52,"mesh":"53393335"},"geometry":{"type":"LineString","coordinates":[[139.44374,35.61792],[139.44662,35.61503]]}},{"type":"Feature","properties":{"idx":115,"road":NaN,"cls":"primary_link","shops":0,"st_km":1.97,"mesh":"53393335"},"geometry":{"type":"LineString","coordinates":[[139.44567,35.61146],[139.44467,35.61143],[139.44457,35.61151],[139.44456,35.61174]]}},{"type":"Feature","properties":{"idx":222,"road":"馬引沢北通り","cls":"tertiary","shops":0,"st_km":0.75,"mesh":"53393366"},"geometry":{"type":"LineString","coordinates":[[139.45172,35.63364],[139.45207,35.63397],[139.45236,35.63462],[139.45251,35.63482],[139.45272,35.63498],[139.45448,35.63575],[139.4549,35.636],[139.45532,35.63645],[139.45558,35.63703]]}},{"type":"Feature","properties":{"idx":549,"road":"永山駅前通り","cls":"tertiary","shops":4,"st_km":0.14,"mesh":"53393355"},"geometry":{"type":"LineString","coordinates":[[139.44702,35.63161],[139.44709,35.63154],[139.44728,35.63062]]}},{"type":"Feature","properties":{"idx":178,"road":"永山駅前通り","cls":"tertiary","shops":0,"st_km":0.15,"mesh":"53393355"},"geometry":{"type":"LineString","coordinates":[[139.44777,35.6279],[139.4477,35.628],[139.44741,35.62947]]}},{"type":"Feature","properties":{"idx":743,"road":"永山学園通り","cls":"tertiary","shops":7,"st_km":0.22,"mesh":"53393355"},"geometry":{"type":"LineString","coordinates":[[139.44915,35.62809],[139.44777,35.6279]]}},{"type":"Feature","properties":{"idx":371,"road":"東京都道18号府中町田線","cls":"primary","shops":0,"st_km":0.67,"mesh":"53393345"},"geometry":{"type":"LineString","coordinates":[[139.44915,35.62809],[139.44996,35.62393],[139.45024,35.62296],[139.45055,35.62226],[139.451,35.62152],[139.45191,35.62036]]}},{"type":"Feature","properties":{"idx":908,"road":"東京都道18号府中町田線","cls":"primary","shops":6,"st_km":0.12,"mesh":"53393355"},"geometry":{"type":"LineString","coordinates":[[139.44915,35.62809],[139.44906,35.62824],[139.44871,35.62999]]}},{"type":"Feature","properties":{"idx":131,"road":NaN,"cls":"tertiary","shops":0,"st_km":0.45,"mesh":"53393355"},"geometry":{"type":"LineString","coordinates":[[139.44624,35.62643],[139.44444,35.62665]]}},{"type":"Feature","properties":{"idx":82,"road":NaN,"cls":"tertiary","shops":0,"st_km":0.97,"mesh":"53393355"},"geometry":{"type":"LineString","coordinates":[[139.43824,35.62705],[139.43771,35.62727],[139.43762,35.62739],[139.43792,35.62863]]}},{"type":"Feature","properties":{"idx":65,"road":NaN,"cls":"tertiary","shops":0,"st_km":1.06,"mesh":"53393354"},"geometry":{"type":"LineString","coordinates":[[139.43728,35.62848],[139.43733,35.62804],[139.43725,35.62776],[139.4371,35.62753],[139.43676,35.62721],[139.4355,35.62645]]}},{"type":"Feature","properties":{"idx":98,"road":"貝取山通り","cls":"tertiary","shops":0,"st_km":0.75,"mesh":"53393355"},"geometry":{"type":"LineString","coordinates":[[139.43885,35.62579],[139.43913,35.62586],[139.43927,35.62602],[139.43932,35.62654],[139.4394,35.62677],[139.4397,35.6273],[139.43983,35.62772],[139.43982,35.62835],[139.43997,35.62904],[139.44004,35.62924],[139.44026,35.62954],[139.4405,35.62968],[139.44071,35.62975],[139.44139,35.6298],[139.4417,35.62962],[139.4419,35.6292],[139.44199,35.62911],[139.44235,35.62901]]}},{"type":"Feature","properties":{"idx":105,"road":"貝取山通り","cls":"tertiary","shops":0,"st_km":0.69,"mesh":"53393355"},"geometry":{"type":"LineString","coordinates":[[139.44209,35.62906],[139.44195,35.62847],[139.44168,35.62775],[139.44155,35.62755],[139.44129,35.62734],[139.44124,35.62722],[139.4413,35.62701],[139.44169,35.62657],[139.44174,35.6264],[139.44174,35.62612],[139.44159,35.62591],[139.44096,35.62571],[139.44081,35.62554],[139.4408,35.62539],[139.44108,35.62453]]}},{"type":"Feature","properties":{"idx":152,"road":"鎌倉街道","cls":"primary","shops":0,"st_km":0.54,"mesh":"53393355"},"geometry":{"type":"LineString","coordinates":[[139.44271,35.63232],[139.4427,35.63209]]}},{"type":"Feature","properties":{"idx":150,"road":"鎌倉街道","cls":"primary","shops":0,"st_km":0.54,"mesh":"53393355"},"geometry":{"type":"LineString","coordinates":[[139.4427,35.63209],[139.44265,35.63109],[139.44257,35.63051],[139.44228,35.62453]]}},{"type":"Feature","properties":{"idx":150,"road":"鎌倉街道","cls":"primary","shops":0,"st_km":0.56,"mesh":"53393355"},"geometry":{"type":"LineString","coordinates":[[139.44247,35.63196],[139.44248,35.6322]]}},{"type":"Feature","properties":{"idx":147,"road":"鎌倉街道","cls":"primary","shops":0,"st_km":0.58,"mesh":"53393355"},"geometry":{"type":"LineString","coordinates":[[139.44248,35.6322],[139.44255,35.63299]]}},{"type":"Feature","properties":{"idx":144,"road":"川崎街道","cls":"primary","shops":0,"st_km":0.93,"mesh":"53393376"},"geometry":{"type":"LineString","coordinates":[[139.4549,35.6478],[139.45721,35.64601]]}},{"type":"Feature","properties":{"idx":124,"road":"川崎街道","cls":"primary","shops":0,"st_km":1.12,"mesh":"53393376"},"geometry":{"type":"LineString","coordinates":[[139.45721,35.64601],[139.45802,35.64547]]}},{"type":"Feature","properties":{"idx":145,"road":"川崎街道","cls":"primary","shops":0,"st_km":0.92,"mesh":"53393376"},"geometry":{"type":"LineString","coordinates":[[139.45709,35.64597],[139.45478,35.64776]]}},{"type":"Feature","properties":{"idx":173,"road":"川崎街道","cls":"primary","shops":0,"st_km":0.72,"mesh":"53393376"},"geometry":{"type":"LineString","coordinates":[[139.45478,35.64776],[139.45362,35.64852]]}},{"type":"Feature","properties":{"idx":169,"road":NaN,"cls":"tertiary","shops":2,"st_km":0.8,"mesh":"53393390"},"geometry":{"type":"LineString","coordinates":[[139.37813,35.66625],[139.37568,35.66496]]}},{"type":"Feature","properties":{"idx":195,"road":"平山通り","cls":"secondary","shops":1,"st_km":0.36,"mesh":"53393370"},"geometry":{"type":"LineString","coordinates":[[139.38342,35.64876],[139.38371,35.64817]]}},{"type":"Feature","properties":{"idx":187,"road":NaN,"cls":"tertiary","shops":1,"st_km":0.28,"mesh":"53393370"},"geometry":{"type":"LineString","coordinates":[[139.3765,35.64886],[139.37667,35.64871],[139.37713,35.64782],[139.37749,35.64749]]}},{"type":"Feature","properties":{"idx":220,"road":NaN,"cls":"tertiary","shops":0,"st_km":0.59,"mesh":"53393380"},"geometry":{"type":"LineString","coordinates":[[139.38097,35.65138],[139.38108,35.65147],[139.38126,35.65178],[139.38142,35.65217],[139.38181,35.65271],[139.38213,35.65355]]}},{"type":"Feature","properties":{"idx":406,"road":"鎌倉街道","cls":"primary","shops":0,"st_km":0.7,"mesh":"53393386"},"geometry":{"type":"LineString","coordinates":[[139.45447,35.65196],[139.45564,35.65524]]}},{"type":"Feature","properties":{"idx":406,"road":"鎌倉街道","cls":"primary","shops":0,"st_km":0.7,"mesh":"53393386"},"geometry":{"type":"LineString","coordinates":[[139.45577,35.65521],[139.45461,35.65194]]}},{"type":"Feature","properties":{"idx":630,"road":"鎌倉街道","cls":"primary","shops":1,"st_km":0.7,"mesh":"53393386"},"geometry":{"type":"LineString","coordinates":[[139.45461,35.65194],[139.45459,35.65178]]}},{"type":"Feature","properties":{"idx":361,"road":"豊田高幡線","cls":"secondary","shops":2,"st_km":1.1,"mesh":"53393392"},"geometry":{"type":"LineString","coordinates":[[139.39601,35.66417],[139.39734,35.66481],[139.40094,35.66552],[139.40264,35.66607],[139.40335,35.66621],[139.40364,35.66621],[139.4041,35.66614],[139.40675,35.66549],[139.40758,35.66542]]}},{"type":"Feature","properties":{"idx":513,"road":NaN,"cls":"tertiary","shops":1,"st_km":0.66,"mesh":"53393391"},"geometry":{"type":"LineString","coordinates":[[139.3912,35.66083],[139.39154,35.66111]]}},{"type":"Feature","properties":{"idx":578,"road":NaN,"cls":"tertiary","shops":1,"st_km":0.53,"mesh":"53393391"},"geometry":{"type":"LineString","coordinates":[[139.3912,35.66083],[139.39099,35.66051],[139.39074,35.66031],[139.38527,35.65593]]}},{"type":"Feature","properties":{"idx":329,"road":NaN,"cls":"primary_link","shops":1,"st_km":0.58,"mesh":"53393392"},"geometry":{"type":"LineString","coordinates":[[139.40669,35.66342],[139.40674,35.66331],[139.40696,35.66329]]}},{"type":"Feature","properties":{"idx":644,"road":NaN,"cls":"tertiary","shops":14,"st_km":0.17,"mesh":"53393393"},"geometry":{"type":"LineString","coordinates":[[139.41303,35.66008],[139.41327,35.66041],[139.41337,35.66065],[139.41342,35.66091],[139.41335,35.66147]]}},{"type":"Feature","properties":{"idx":123,"road":NaN,"cls":"tertiary","shops":0,"st_km":0.58,"mesh":"53393375"},"geometry":{"type":"LineString","coordinates":[[139.44033,35.64807],[139.44053,35.64793],[139.4433,35.64756]]}},{"type":"Feature","properties":{"idx":144,"road":NaN,"cls":"tertiary","shops":0,"st_km":0.41,"mesh":"53393375"},"geometry":{"type":"LineString","coordinates":[[139.44335,35.64941],[139.44339,35.64838],[139.4433,35.64756]]}},{"type":"Feature","properties":{"idx":63,"road":NaN,"cls":"tertiary","shops":0,"st_km":1.11,"mesh":"53393365"},"geometry":{"type":"LineString","coordinates":[[139.44005,35.6377],[139.44034,35.63792],[139.44055,35.63773]]}},{"type":"Feature","properties":{"idx":238,"road":NaN,"cls":"tertiary","shops":0,"st_km":0.47,"mesh":"53393341"},"geometry":{"type":"LineString","coordinates":[[139.39499,35.62376],[139.39529,35.62323],[139.39593,35.6224]]}},{"type":"Feature","properties":{"idx":311,"road":NaN,"cls":"tertiary","shops":0,"st_km":0.2,"mesh":"53393341"},"geometry":{"type":"LineString","coordinates":[[139.39903,35.62389],[139.39776,35.62327]]}},{"type":"Feature","properties":{"idx":290,"road":NaN,"cls":"tertiary","shops":0,"st_km":0.27,"mesh":"53393341"},"geometry":{"type":"LineString","coordinates":[[139.39776,35.62327],[139.39763,35.6233],[139.39758,35.62336],[139.39762,35.62364],[139.39758,35.62375],[139.39739,35.62379]]}},{"type":"Feature","properties":{"idx":293,"road":NaN,"cls":"tertiary","shops":0,"st_km":0.26,"mesh":"53393341"},"geometry":{"type":"LineString","coordinates":[[139.39739,35.62379],[139.39753,35.62381],[139.39764,35.62375],[139.39763,35.62338],[139.39776,35.62327]]}},{"type":"Feature","properties":{"idx":165,"road":NaN,"cls":"tertiary","shops":0,"st_km":0.68,"mesh":"53393352"},"geometry":{"type":"LineString","coordinates":[[139.40633,35.62696],[139.4066,35.62709],[139.407,35.62717],[139.40793,35.62702]]}},{"type":"Feature","properties":{"idx":272,"road":NaN,"cls":"tertiary","shops":0,"st_km":0.33,"mesh":"53393341"},"geometry":{"type":"LineString","coordinates":[[139.39559,35.62222],[139.39738,35.62312],[139.39751,35.6233],[139.39733,35.62402],[139.39693,35.62406]]}},{"type":"Feature","properties":{"idx":62,"road":"野猿街道","cls":"primary","shops":0,"st_km":0.65,"mesh":"53393385"},"geometry":{"type":"LineString","coordinates":[[139.43856,35.65682],[139.43846,35.65625]]}},{"type":"Feature","properties":{"idx":62,"road":"野猿街道","cls":"primary","shops":0,"st_km":0.65,"mesh":"53393385"},"geometry":{"type":"LineString","coordinates":[[139.43848,35.65683],[139.43877,35.65769]]}},{"type":"Feature","properties":{"idx":62,"road":"野猿街道","cls":"primary","shops":0,"st_km":0.67,"mesh":"53393385"},"geometry":{"type":"LineString","coordinates":[[139.43808,35.65462],[139.43822,35.65541]]}},{"type":"Feature","properties":{"idx":63,"road":"野猿街道","cls":"primary","shops":0,"st_km":0.64,"mesh":"53393385"},"geometry":{"type":"LineString","coordinates":[[139.43837,35.65626],[139.43848,35.65683]]}},{"type":"Feature","properties":{"idx":59,"road":"野猿街道","cls":"primary","shops":0,"st_km":0.71,"mesh":"53393385"},"geometry":{"type":"LineString","coordinates":[[139.43816,35.6546],[139.43796,35.65351]]}},{"type":"Feature","properties":{"idx":194,"road":NaN,"cls":"primary_link","shops":0,"st_km":1.09,"mesh":"53393395"},"geometry":{"type":"LineString","coordinates":[[139.44115,35.66162],[139.44213,35.66306],[139.44234,35.66327]]}},{"type":"Feature","properties":{"idx":192,"road":NaN,"cls":"primary_link","shops":0,"st_km":1.11,"mesh":"53393395"},"geometry":{"type":"LineString","coordinates":[[139.44252,35.66338],[139.4424,35.66309],[139.44136,35.66143]]}},{"type":"Feature","properties":{"idx":320,"road":NaN,"cls":"tertiary","shops":0,"st_km":0.82,"mesh":"53393391"},"geometry":{"type":"LineString","coordinates":[[139.38963,35.66267],[139.38924,35.66312]]}},{"type":"Feature","properties":{"idx":317,"road":NaN,"cls":"tertiary","shops":0,"st_km":0.83,"mesh":"53393391"},"geometry":{"type":"LineString","coordinates":[[139.39013,35.66209],[139.38963,35.66267]]}},{"type":"Feature","properties":{"idx":328,"road":NaN,"cls":"tertiary","shops":0,"st_km":0.79,"mesh":"53393391"},"geometry":{"type":"LineString","coordinates":[[139.38892,35.66337],[139.38817,35.66382]]}},{"type":"Feature","properties":{"idx":327,"road":NaN,"cls":"tertiary","shops":0,"st_km":0.79,"mesh":"53393391"},"geometry":{"type":"LineString","coordinates":[[139.38817,35.66382],[139.38837,35.66375],[139.38892,35.66337]]}},{"type":"Feature","properties":{"idx":130,"road":NaN,"cls":"tertiary","shops":1,"st_km":0.76,"mesh":"53393390"},"geometry":{"type":"LineString","coordinates":[[139.38817,35.66382],[139.38679,35.66467]]}},{"type":"Feature","properties":{"idx":102,"road":NaN,"cls":"tertiary","shops":0,"st_km":0.59,"mesh":"53393390"},"geometry":{"type":"LineString","coordinates":[[139.38679,35.66467],[139.38606,35.66394],[139.3844,35.6625]]}},{"type":"Feature","properties":{"idx":111,"road":NaN,"cls":"tertiary","shops":0,"st_km":0.5,"mesh":"53393390"},"geometry":{"type":"LineString","coordinates":[[139.38029,35.66448],[139.38112,35.66332]]}},{"type":"Feature","properties":{"idx":451,"road":"多摩モノレール通り","cls":"secondary","shops":0,"st_km":0.31,"mesh":"53393382"},"geometry":{"type":"LineString","coordinates":[[139.40392,35.64905],[139.404,35.64931],[139.40419,35.64958],[139.40446,35.64983],[139.40476,35.65002],[139.40544,35.65035],[139.40704,35.6508],[139.40751,35.65104],[139.40791,35.65136],[139.40811,35.65157],[139.40837,35.652],[139.40871,35.65305],[139.40892,35.65341],[139.40924,35.65373],[139.41024,35.65448],[139.41049,35.65481],[139.4109,35.65558],[139.41127,35.65615],[139.41249,35.65724],[139.41291,35.65771]]}},{"type":"Feature","properties":{"idx":93,"road":"多摩モノレール通り","cls":"secondary","shops":1,"st_km":0.55,"mesh":"53393393"},"geometry":{"type":"LineString","coordinates":[[139.41948,35.66631],[139.41909,35.6657],[139.4187,35.66524],[139.41684,35.66352]]}},{"type":"Feature","properties":{"idx":88,"road":"多摩モノレール通り","cls":"secondary_link","shops":1,"st_km":0.2,"mesh":"53393393"},"geometry":{"type":"LineString","coordinates":[[139.41644,35.66316],[139.41579,35.66243],[139.41552,35.6619],[139.41542,35.66187],[139.41528,35.66192],[139.41535,35.66224],[139.41561,35.66265],[139.41577,35.66283],[139.41633,35.66324]]}},{"type":"Feature","properties":{"idx":92,"road":"多摩モノレール通り","cls":"secondary","shops":1,"st_km":0.56,"mesh":"53393393"},"geometry":{"type":"LineString","coordinates":[[139.41673,35.66358],[139.41873,35.66544],[139.41918,35.66605],[139.41956,35.66668]]}},{"type":"Feature","properties":{"idx":215,"road":"多摩モノレール通り","cls":"secondary","shops":3,"st_km":0.22,"mesh":"53393393"},"geometry":{"type":"LineString","coordinates":[[139.41567,35.6625],[139.41543,35.66203]]}},{"type":"Feature","properties":{"idx":38,"road":NaN,"cls":"primary_link","shops":0,"st_km":0.82,"mesh":"53393385"},"geometry":{"type":"LineString","coordinates":[[139.43779,35.65206],[139.43764,35.65202],[139.43752,35.65208]]}},{"type":"Feature","properties":{"idx":39,"road":NaN,"cls":"primary_link","shops":0,"st_km":0.8,"mesh":"53393385"},"geometry":{"type":"LineString","coordinates":[[139.43757,35.65233],[139.43769,35.65238],[139.43783,35.65229]]}},{"type":"Feature","properties":{"idx":39,"road":NaN,"cls":"primary_link","shops":0,"st_km":0.78,"mesh":"53393385"},"geometry":{"type":"LineString","coordinates":[[139.43792,35.65278],[139.43779,35.65273],[139.43765,35.65281]]}},{"type":"Feature","properties":{"idx":139,"road":NaN,"cls":"tertiary","shops":1,"st_km":0.66,"mesh":"53393365"},"geometry":{"type":"LineString","coordinates":[[139.44455,35.63504],[139.44426,35.63553]]}},{"type":"Feature","properties":{"idx":78,"road":NaN,"cls":"primary_link","shops":0,"st_km":0.44,"mesh":"53393363"},"geometry":{"type":"LineString","coordinates":[[139.42079,35.63862],[139.42073,35.63874]]}},{"type":"Feature","properties":{"idx":138,"road":NaN,"cls":"primary_link","shops":1,"st_km":0.53,"mesh":"53393365"},"geometry":{"type":"LineString","coordinates":[[139.44447,35.63374],[139.44435,35.6339]]}},{"type":"Feature","properties":{"idx":133,"road":NaN,"cls":"tertiary","shops":0,"st_km":0.83,"mesh":"53393340"},"geometry":{"type":"LineString","coordinates":[[139.37939,35.62235],[139.37972,35.62192],[139.38089,35.62125],[139.38119,35.62081]]}},{"type":"Feature","properties":{"idx":141,"road":NaN,"cls":"tertiary","shops":0,"st_km":0.77,"mesh":"53393340"},"geometry":{"type":"LineString","coordinates":[[139.38045,35.62051],[139.3802,35.62079],[139.38015,35.62093],[139.38062,35.62143]]}},{"type":"Feature","properties":{"idx":160,"road":NaN,"cls":"tertiary","shops":0,"st_km":0.72,"mesh":"53393352"},"geometry":{"type":"LineString","coordinates":[[139.4063,35.62761],[139.40639,35.6279],[139.40651,35.62797],[139.40804,35.6277]]}},{"type":"Feature","properties":{"idx":106,"road":NaN,"cls":"tertiary","shops":0,"st_km":1.39,"mesh":"53393350"},"geometry":{"type":"LineString","coordinates":[[139.37696,35.62417],[139.37695,35.62427],[139.37734,35.62481],[139.37803,35.6255],[139.37984,35.62691],[139.3804,35.6272],[139.38286,35.62805]]}},{"type":"Feature","properties":{"idx":241,"road":NaN,"cls":"tertiary","shops":1,"st_km":1.15,"mesh":"53393366"},"geometry":{"type":"LineString","coordinates":[[139.45011,35.64093],[139.45051,35.64079],[139.45088,35.64075]]}},{"type":"Feature","properties":{"idx":238,"road":"ひじり坂","cls":"tertiary","shops":1,"st_km":1.17,"mesh":"53393366"},"geometry":{"type":"LineString","coordinates":[[139.45088,35.64075],[139.4513,35.64076]]}},{"type":"Feature","properties":{"idx":235,"road":"ひじり坂","cls":"tertiary","shops":1,"st_km":1.19,"mesh":"53393366"},"geometry":{"type":"LineString","coordinates":[[139.4513,35.64076],[139.45158,35.64067]]}},{"type":"Feature","properties":{"idx":177,"road":"ひじり坂","cls":"tertiary","shops":0,"st_km":1.02,"mesh":"53393366"},"geometry":{"type":"LineString","coordinates":[[139.45158,35.64067],[139.45185,35.64051],[139.45201,35.64034],[139.45362,35.63782],[139.45383,35.63758],[139.45436,35.6373],[139.45558,35.63703]]}},{"type":"Feature","properties":{"idx":435,"road":"ひじり坂","cls":"tertiary","shops":0,"st_km":0.82,"mesh":"53393356"},"geometry":{"type":"LineString","coordinates":[[139.45687,35.63025],[139.45667,35.63012],[139.45663,35.63],[139.45717,35.62877],[139.45717,35.62867],[139.45705,35.62858],[139.45568,35.62801]]}},{"type":"Feature","properties":{"idx":424,"road":"諏訪越通り","cls":"tertiary","shops":1,"st_km":0.49,"mesh":"53393366"},"geometry":{"type":"LineString","coordinates":[[139.45165,35.63358],[139.45172,35.63364]]}},{"type":"Feature","properties":{"idx":163,"road":NaN,"cls":"tertiary","shops":0,"st_km":1.13,"mesh":"53393366"},"geometry":{"type":"LineString","coordinates":[[139.45558,35.63703],[139.45583,35.63778],[139.45579,35.63801],[139.45452,35.63902],[139.45445,35.63912],[139.45426,35.63981],[139.45432,35.63995],[139.45456,35.64013],[139.45532,35.64036],[139.45563,35.64056]]}},{"type":"Feature","properties":{"idx":106,"road":"(連光寺坂上)","cls":"secondary","shops":0,"st_km":1.92,"mesh":"53393367"},"geometry":{"type":"LineString","coordinates":[[139.46508,35.64073],[139.46508,35.64062]]}},{"type":"Feature","properties":{"idx":305,"road":"聖ヶ丘学園通り","cls":"tertiary","shops":0,"st_km":1.2,"mesh":"53393356"},"geometry":{"type":"LineString","coordinates":[[139.46486,35.63492],[139.46368,35.63369],[139.46353,35.63343],[139.46351,35.63311],[139.4637,35.63228],[139.4637,35.63199],[139.46363,35.63169],[139.4625,35.62961],[139.46195,35.62884],[139.46063,35.62768],[139.46019,35.62758],[139.45853,35.62763],[139.45817,35.62772],[139.45794,35.62796],[139.45718,35.62977],[139.45687,35.63025]]}},{"type":"Feature","properties":{"idx":331,"road":"諏訪けやき坂","cls":"tertiary","shops":0,"st_km":0.86,"mesh":"53393346"},"geometry":{"type":"LineString","coordinates":[[139.45027,35.62287],[139.45073,35.62297],[139.45151,35.62281],[139.45193,35.62281],[139.45266,35.62311],[139.4537,35.62363],[139.4548,35.62392],[139.45541,35.62399]]}},{"type":"Feature","properties":{"idx":618,"road":NaN,"cls":"tertiary","shops":0,"st_km":0.44,"mesh":"53393356"},"geometry":{"type":"LineString","coordinates":[[139.45172,35.6292],[139.4524,35.62932],[139.45287,35.6293],[139.4533,35.62918],[139.4541,35.62881]]}},{"type":"Feature","properties":{"idx":44,"road":NaN,"cls":"secondary_link","shops":0,"st_km":1.22,"mesh":"53393365"},"geometry":{"type":"LineString","coordinates":[[139.43918,35.63646],[139.43896,35.63655],[139.43857,35.63706],[139.43848,35.63732],[139.43841,35.6379],[139.43828,35.63828],[139.43762,35.63911],[139.43761,35.63925]]}},{"type":"Feature","properties":{"idx":40,"road":NaN,"cls":"primary_link","shops":0,"st_km":0.86,"mesh":"53393385"},"geometry":{"type":"LineString","coordinates":[[139.43739,35.65138],[139.43754,35.65144],[139.43766,35.65134]]}},{"type":"Feature","properties":{"idx":41,"road":"野猿街道","cls":"primary_link","shops":0,"st_km":0.74,"mesh":"53393385"},"geometry":{"type":"LineString","coordinates":[[139.43831,35.6554],[139.43823,35.6545],[139.43773,35.65172]]}},{"type":"Feature","properties":{"idx":114,"road":NaN,"cls":"primary_link","shops":1,"st_km":0.64,"mesh":"53393362"},"geometry":{"type":"LineString","coordinates":[[139.40963,35.63496],[139.40974,35.63497],[139.40978,35.63493],[139.40976,35.63489]]}},{"type":"Feature","properties":{"idx":252,"road":"野猿街道","cls":"primary","shops":0,"st_km":0.47,"mesh":"53393352"},"geometry":{"type":"LineString","coordinates":[[139.39798,35.62815],[139.39935,35.62843],[139.40044,35.62879],[139.40107,35.62913],[139.40207,35.62989]]}},{"type":"Feature","properties":{"idx":233,"road":"野猿街道","cls":"primary","shops":1,"st_km":0.59,"mesh":"53393351"},"geometry":{"type":"LineString","coordinates":[[139.39809,35.62797],[139.39517,35.62739],[139.39461,35.62736],[139.39374,35.62749],[139.39161,35.62806]]}},{"type":"Feature","properties":{"idx":251,"road":"野猿街道","cls":"primary","shops":2,"st_km":0.48,"mesh":"53393362"},"geometry":{"type":"LineString","coordinates":[[139.40724,35.63376],[139.41252,35.63639],[139.41414,35.63699],[139.41567,35.63735]]}},{"type":"Feature","properties":{"idx":303,"road":"野猿街道","cls":"primary","shops":1,"st_km":0.71,"mesh":"53393352"},"geometry":{"type":"LineString","coordinates":[[139.40732,35.63366],[139.40651,35.6332],[139.40559,35.63258],[139.40165,35.62938],[139.40115,35.62903],[139.4,35.62843],[139.39943,35.62826],[139.39809,35.62797]]}},{"type":"Feature","properties":{"idx":185,"road":NaN,"cls":"tertiary","shops":0,"st_km":0.71,"mesh":"53393343"},"geometry":{"type":"LineString","coordinates":[[139.41386,35.62328],[139.41357,35.62305],[139.41346,35.62266],[139.41304,35.62229]]}},{"type":"Feature","properties":{"idx":83,"road":NaN,"cls":"tertiary","shops":1,"st_km":0.5,"mesh":"53393332"},"geometry":{"type":"LineString","coordinates":[[139.40829,35.6146],[139.40835,35.61413],[139.40824,35.61278],[139.40828,35.61169],[139.4084,35.61149]]}},{"type":"Feature","properties":{"idx":37,"road":NaN,"cls":"tertiary","shops":0,"st_km":0.95,"mesh":"53393332"},"geometry":{"type":"LineString","coordinates":[[139.40446,35.6106],[139.40419,35.61101],[139.4038,35.61133],[139.40224,35.61216],[139.40198,35.6125],[139.4019,35.61285]]}},{"type":"Feature","properties":{"idx":261,"road":NaN,"cls":"tertiary","shops":0,"st_km":1.12,"mesh":"53393331"},"geometry":{"type":"LineString","coordinates":[[139.3969,35.614],[139.39664,35.61451],[139.39632,35.61479],[139.39417,35.61574]]}},{"type":"Feature","properties":{"idx":349,"road":NaN,"cls":"tertiary","shops":1,"st_km":1.29,"mesh":"53393331"},"geometry":{"type":"LineString","coordinates":[[139.39581,35.61268],[139.39531,35.61291],[139.39508,35.61309],[139.39496,35.61328],[139.39472,35.6139],[139.39478,35.61422],[139.39542,35.6152]]}},{"type":"Feature","properties":{"idx":71,"road":"唐木田大橋","cls":"secondary","shops":0,"st_km":0.36,"mesh":"53393332"},"geometry":{"type":"LineString","coordinates":[[139.40858,35.61387],[139.40928,35.61382],[139.41053,35.61362]]}},{"type":"Feature","properties":{"idx":73,"road":"南多摩尾根幹線道路","cls":"secondary","shops":0,"st_km":0.34,"mesh":"53393332"},"geometry":{"type":"LineString","coordinates":[[139.41053,35.61362],[139.41196,35.61339]]}},{"type":"Feature","properties":{"idx":69,"road":"唐木田大橋","cls":"secondary","shops":0,"st_km":0.4,"mesh":"53393332"},"geometry":{"type":"LineString","coordinates":[[139.41038,35.61328],[139.40853,35.61356]]}},{"type":"Feature","properties":{"idx":87,"road":NaN,"cls":"tertiary","shops":1,"st_km":0.45,"mesh":"53393332"},"geometry":{"type":"LineString","coordinates":[[139.41209,35.61204],[139.41203,35.61301]]}},{"type":"Feature","properties":{"idx":139,"road":NaN,"cls":"tertiary","shops":0,"st_km":1.17,"mesh":"53393333"},"geometry":{"type":"LineString","coordinates":[[139.42139,35.60971],[139.42266,35.61103],[139.42271,35.61119],[139.4227,35.61187]]}},{"type":"Feature","properties":{"idx":167,"road":"鶴牧さくら坂","cls":"tertiary","shops":0,"st_km":0.93,"mesh":"53393333"},"geometry":{"type":"LineString","coordinates":[[139.42375,35.61246],[139.4227,35.61187],[139.42185,35.61186],[139.42161,35.6119],[139.42032,35.61259],[139.41971,35.61311],[139.41938,35.61359],[139.4192,35.61414],[139.41918,35.61498]]}},{"type":"Feature","properties":{"idx":199,"road":NaN,"cls":"tertiary","shops":0,"st_km":0.66,"mesh":"53393343"},"geometry":{"type":"LineString","coordinates":[[139.42433,35.61801],[139.42475,35.61815],[139.4254,35.61824]]}},{"type":"Feature","properties":{"idx":160,"road":"上之根大通り","cls":"tertiary","shops":0,"st_km":1.67,"mesh":"53393334"},"geometry":{"type":"LineString","coordinates":[[139.4328,35.60988],[139.43242,35.61081],[139.43228,35.61211]]}},{"type":"Feature","properties":{"idx":269,"road":"上之根大通り","cls":"tertiary","shops":3,"st_km":0.52,"mesh":"53393354"},"geometry":{"type":"LineString","coordinates":[[139.42914,35.62759],[139.42905,35.62771]]}},{"type":"Feature","properties":{"idx":269,"road":"上之根大通り","cls":"tertiary","shops":3,"st_km":0.52,"mesh":"53393354"},"geometry":{"type":"LineString","coordinates":[[139.42905,35.62771],[139.42873,35.62814]]}},{"type":"Feature","properties":{"idx":266,"road":"上之根大通り","cls":"tertiary","shops":3,"st_km":0.53,"mesh":"53393354"},"geometry":{"type":"LineString","coordinates":[[139.42914,35.62776],[139.42923,35.62763]]}},{"type":"Feature","properties":{"idx":103,"road":"上之根大通り","cls":"tertiary","shops":0,"st_km":0.54,"mesh":"53393354"},"geometry":{"type":"LineString","coordinates":[[139.42923,35.62763],[139.43046,35.62599]]}},{"type":"Feature","properties":{"idx":455,"road":"多摩センター南通り","cls":"tertiary","shops":7,"st_km":0.56,"mesh":"53393354"},"geometry":{"type":"LineString","coordinates":[[139.43046,35.62599],[139.4304,35.62591]]}},{"type":"Feature","properties":{"idx":173,"road":"青木葉通り","cls":"tertiary","shops":1,"st_km":0.67,"mesh":"53393344"},"geometry":{"type":"LineString","coordinates":[[139.43206,35.62271],[139.43198,35.62264],[139.43091,35.6223],[139.43014,35.62205],[139.43002,35.62205]]}},{"type":"Feature","properties":{"idx":174,"road":"青木葉通り","cls":"tertiary","shops":1,"st_km":0.66,"mesh":"53393344"},"geometry":{"type":"LineString","coordinates":[[139.43002,35.62205],[139.43012,35.62213],[139.43194,35.62272]]}},{"type":"Feature","properties":{"idx":194,"road":NaN,"cls":"tertiary","shops":0,"st_km":1.37,"mesh":"53393334"},"geometry":{"type":"LineString","coordinates":[[139.43488,35.61545],[139.43391,35.61517],[139.43226,35.61537]]}},{"type":"Feature","properties":{"idx":81,"road":NaN,"cls":"tertiary","shops":0,"st_km":1.09,"mesh":"53393344"},"geometry":{"type":"LineString","coordinates":[[139.43486,35.6192],[139.43359,35.61881],[139.43294,35.6188]]}},{"type":"Feature","properties":{"idx":103,"road":"落合南公園通り","cls":"tertiary","shops":0,"st_km":0.8,"mesh":"53393344"},"geometry":{"type":"LineString","coordinates":[[139.43294,35.6188],[139.4311,35.61895],[139.43065,35.61906],[139.42983,35.61945],[139.42975,35.61942],[139.42957,35.61917],[139.42945,35.6188],[139.42941,35.61783],[139.42941,35.61687],[139.42966,35.61595]]}},{"type":"Feature","properties":{"idx":87,"road":"上之根大通り","cls":"tertiary","shops":0,"st_km":1.0,"mesh":"53393344"},"geometry":{"type":"LineString","coordinates":[[139.43206,35.62271],[139.43275,35.62114],[139.43289,35.62067],[139.43304,35.61985],[139.43304,35.61879],[139.43247,35.61596]]}},{"type":"Feature","properties":{"idx":241,"road":"上之根大通り","cls":"tertiary","shops":2,"st_km":0.62,"mesh":"53393344"},"geometry":{"type":"LineString","coordinates":[[139.43194,35.62272],[139.4304,35.62591]]}},{"type":"Feature","properties":{"idx":254,"road":"青木葉通り","cls":"tertiary","shops":0,"st_km":0.99,"mesh":"53393334"},"geometry":{"type":"LineString","coordinates":[[139.42941,35.60935],[139.42817,35.61231],[139.42804,35.61276],[139.42801,35.61339],[139.42825,35.61474],[139.42825,35.61529],[139.42817,35.61563],[139.4274,35.61728],[139.4273,35.61769],[139.42724,35.61825],[139.42739,35.61909],[139.42752,35.61944],[139.4278,35.61996],[139.42911,35.62161],[139.42947,35.62184],[139.43002,35.62205]]}},{"type":"Feature","properties":{"idx":242,"road":"永山さくら通り","cls":"tertiary","shops":0,"st_km":0.91,"mesh":"53393345"},"geometry":{"type":"LineString","coordinates":[[139.44349,35.62448],[139.44373,35.62282],[139.44385,35.62255],[139.44402,35.62242],[139.44433,35.6223],[139.4458,35.62212],[139.446,35.622],[139.4461,35.6218]]}},{"type":"Feature","properties":{"idx":194,"road":"永山さくら通り","cls":"tertiary","shops":0,"st_km":1.19,"mesh":"53393345"},"geometry":{"type":"LineString","coordinates":[[139.44618,35.62118],[139.44626,35.62092],[139.44642,35.6207],[139.44978,35.61733]]}},{"type":"Feature","properties":{"idx":168,"road":"桜ヶ丘東通り","cls":"tertiary","shops":0,"st_km":0.51,"mesh":"53393376"},"geometry":{"type":"LineString","coordinates":[[139.4501,35.64723],[139.45019,35.6475],[139.4504,35.64764],[139.45126,35.64769],[139.45158,35.64754],[139.45171,35.64734],[139.45178,35.64702],[139.45201,35.6469]]}},{"type":"Feature","properties":{"idx":205,"road":"和田中学通り","cls":"tertiary","shops":0,"st_km":1.04,"mesh":"53393364"},"geometry":{"type":"LineString","coordinates":[[139.43092,35.63732],[139.43073,35.63785],[139.43076,35.63845]]}},{"type":"Feature","properties":{"idx":69,"road":"多摩ニュータウン通り","cls":"secondary","shops":0,"st_km":1.0,"mesh":"53393354"},"geometry":{"type":"LineString","coordinates":[[139.42866,35.62832],[139.42947,35.62878],[139.43313,35.63116],[139.43403,35.63161],[139.43468,35.63184],[139.43556,35.63203],[139.4383,35.63215]]}},{"type":"Feature","properties":{"idx":385,"road":"多摩ニュータウン通り","cls":"secondary","shops":3,"st_km":0.28,"mesh":"53393354"},"geometry":{"type":"LineString","coordinates":[[139.42873,35.62814],[139.42354,35.62619]]}},{"type":"Feature","properties":{"idx":407,"road":"多摩ニュータウン通り","cls":"secondary","shops":1,"st_km":0.29,"mesh":"53393352"},"geometry":{"type":"LineString","coordinates":[[139.40353,35.62763],[139.39864,35.62633]]}},{"type":"Feature","properties":{"idx":353,"road":"多摩ニュータウン通り","cls":"secondary","shops":2,"st_km":0.93,"mesh":"53393341"},"geometry":{"type":"LineString","coordinates":[[139.39263,35.62459],[139.39221,35.62428],[139.39171,35.62366],[139.39026,35.62065],[139.3899,35.62005],[139.38959,35.61972],[139.38929,35.61947],[139.3889,35.61923],[139.3882,35.61888]]}},{"type":"Feature","properties":{"idx":556,"road":"多摩ニュータウン通り","cls":"secondary","shops":5,"st_km":0.46,"mesh":"53393351"},"geometry":{"type":"LineString","coordinates":[[139.39256,35.6247],[139.39339,35.62509],[139.39847,35.62646]]}},{"type":"Feature","properties":{"idx":185,"road":"多摩ニュータウン通り","cls":"secondary","shops":0,"st_km":0.69,"mesh":"53393352"},"geometry":{"type":"LineString","coordinates":[[139.4035,35.62774],[139.40417,35.62783],[139.40486,35.62786],[139.40595,35.62779],[139.40859,35.62732],[139.40947,35.62707],[139.41009,35.62682]]}},{"type":"Feature","properties":{"idx":504,"road":"多摩ニュータウン通り","cls":"secondary","shops":3,"st_km":0.51,"mesh":"53393340"},"geometry":{"type":"LineString","coordinates":[[139.3882,35.61888],[139.38027,35.61492]]}},{"type":"Feature","properties":{"idx":352,"road":"多摩ニュータウン通り","cls":"secondary","shops":2,"st_km":0.94,"mesh":"53393341"},"geometry":{"type":"LineString","coordinates":[[139.38813,35.61897],[139.38906,35.61947],[139.3895,35.6198],[139.3898,35.62012],[139.39002,35.62047],[139.39158,35.62372],[139.39203,35.62428],[139.39256,35.6247]]}},{"type":"Feature","properties":{"idx":97,"road":"野猿街道","cls":"secondary","shops":0,"st_km":1.61,"mesh":"53393350"},"geometry":{"type":"LineString","coordinates":[[139.37166,35.6316],[139.3731,35.63114],[139.3763,35.63038],[139.37723,35.63018],[139.37875,35.62996],[139.37935,35.6298]]}},{"type":"Feature","properties":{"idx":323,"road":"北野街道","cls":"secondary","shops":2,"st_km":0.14,"mesh":"53393370"},"geometry":{"type":"LineString","coordinates":[[139.37884,35.64578],[139.38111,35.6463]]}},{"type":"Feature","properties":{"idx":1008,"road":"川崎街道","cls":"primary","shops":0,"st_km":0.36,"mesh":"53393384"},"geometry":{"type":"LineString","coordinates":[[139.43086,35.65713],[139.43131,35.65703],[139.43282,35.65645],[139.43359,35.656],[139.43413,35.65547],[139.43506,35.65437],[139.43589,35.65313],[139.4364,35.65258],[139.43676,35.65228]]}},{"type":"Feature","properties":{"idx":113,"road":"野猿街道","cls":"primary","shops":0,"st_km":0.43,"mesh":"53393363"},"geometry":{"type":"LineString","coordinates":[[139.42332,35.63947],[139.41803,35.63772]]}},{"type":"Feature","properties":{"idx":285,"road":"野猿街道","cls":"primary","shops":0,"st_km":0.95,"mesh":"53393364"},"geometry":{"type":"LineString","coordinates":[[139.42324,35.63957],[139.42432,35.64006],[139.42524,35.64059],[139.428,35.64254]]}},{"type":"Feature","properties":{"idx":93,"road":"鎌倉街道","cls":"primary","shops":0,"st_km":0.91,"mesh":"53393365"},"geometry":{"type":"LineString","coordinates":[[139.45102,35.64077],[139.45071,35.63979],[139.44941,35.63711],[139.44912,35.63666],[139.44855,35.63598]]}},{"type":"Feature","properties":{"idx":173,"road":"鎌倉街道","cls":"primary","shops":0,"st_km":0.72,"mesh":"53393376"},"geometry":{"type":"LineString","coordinates":[[139.45204,35.64506],[139.4529,35.64718]]}},{"type":"Feature","properties":{"idx":279,"road":"府中街道","cls":"primary","shops":0,"st_km":0.29,"mesh":"53393398"},"geometry":{"type":"LineString","coordinates":[[139.48106,35.66055],[139.47978,35.66191],[139.47925,35.66267],[139.47896,35.66381],[139.47893,35.66551],[139.47888,35.66582],[139.47869,35.66618],[139.47793,35.66698]]}},{"type":"Feature","properties":{"idx":284,"road":"鎌倉街道","cls":"primary","shops":0,"st_km":0.98,"mesh":"53393345"},"geometry":{"type":"LineString","coordinates":[[139.44228,35.62453],[139.44222,35.62334],[139.44224,35.62283],[139.4428,35.62027]]}},{"type":"Feature","properties":{"idx":148,"road":"鎌倉街道","cls":"primary","shops":0,"st_km":0.55,"mesh":"53393355"},"geometry":{"type":"LineString","coordinates":[[139.44213,35.62453],[139.44247,35.63196]]}},{"type":"Feature","properties":{"idx":276,"road":"唐木田通り","cls":"tertiary","shops":5,"st_km":0.15,"mesh":"53393332"},"geometry":{"type":"LineString","coordinates":[[139.41111,35.61541],[139.41067,35.61538]]}},{"type":"Feature","properties":{"idx":53,"road":"唐木田通り","cls":"tertiary","shops":0,"st_km":0.55,"mesh":"53393332"},"geometry":{"type":"LineString","coordinates":[[139.41059,35.61536],[139.40701,35.61477],[139.4057,35.61471],[139.40342,35.6142],[139.40164,35.6137]]}},{"type":"Feature","properties":{"idx":190,"road":NaN,"cls":"tertiary","shops":0,"st_km":1.36,"mesh":"53393307"},"geometry":{"type":"LineString","coordinates":[[139.46777,35.58792],[139.46749,35.58642]]}},{"type":"Feature","properties":{"idx":40,"road":NaN,"cls":"tertiary","shops":0,"st_km":0.81,"mesh":"53393393"},"geometry":{"type":"LineString","coordinates":[[139.42347,35.66489],[139.42395,35.66456]]}},{"type":"Feature","properties":{"idx":55,"road":NaN,"cls":"tertiary","shops":0,"st_km":0.55,"mesh":"53393393"},"geometry":{"type":"LineString","coordinates":[[139.42192,35.66163],[139.42071,35.66158],[139.4202,35.66168],[139.41673,35.66358]]}},{"type":"Feature","properties":{"idx":225,"road":NaN,"cls":"primary_link","shops":5,"st_km":0.65,"mesh":"53393363"},"geometry":{"type":"LineString","coordinates":[[139.42285,35.63944],[139.42293,35.6394],[139.42292,35.63933]]}},{"type":"Feature","properties":{"idx":54,"road":NaN,"cls":"tertiary","shops":0,"st_km":0.76,"mesh":"53393371"},"geometry":{"type":"LineString","coordinates":[[139.39081,35.64822],[139.39018,35.64844],[139.3874,35.64785],[139.38711,35.6474],[139.38741,35.64644]]}},{"type":"Feature","properties":{"idx":49,"road":NaN,"cls":"tertiary","shops":0,"st_km":0.89,"mesh":"53393371"},"geometry":{"type":"LineString","coordinates":[[139.38864,35.64488],[139.38866,35.64288],[139.38821,35.64248]]}},{"type":"Feature","properties":{"idx":43,"road":NaN,"cls":"tertiary","shops":0,"st_km":1.05,"mesh":"53393371"},"geometry":{"type":"LineString","coordinates":[[139.39072,35.64603],[139.39198,35.64552]]}},{"type":"Feature","properties":{"idx":113,"road":"総合体育館通り","cls":"tertiary","shops":0,"st_km":1.41,"mesh":"53393374"},"geometry":{"type":"LineString","coordinates":[[139.43601,35.64278],[139.43523,35.64258],[139.43487,35.64231],[139.43434,35.64203]]}},{"type":"Feature","properties":{"idx":371,"road":NaN,"cls":"secondary_link","shops":6,"st_km":0.38,"mesh":"53393354"},"geometry":{"type":"LineString","coordinates":[[139.4272,35.62754],[139.4271,35.62772]]}},{"type":"Feature","properties":{"idx":345,"road":"レンガ坂","cls":"pedestrian","shops":0,"st_km":0.41,"mesh":"53393343"},"geometry":{"type":"LineString","coordinates":[[139.42406,35.61915],[139.42388,35.62138]]}},{"type":"Feature","properties":{"idx":986,"road":"レンガ坂橋","cls":"pedestrian","shops":3,"st_km":0.28,"mesh":"53393343"},"geometry":{"type":"LineString","coordinates":[[139.42388,35.62138],[139.42385,35.62165]]}},{"type":"Feature","properties":{"idx":47,"road":NaN,"cls":"tertiary","shops":0,"st_km":0.92,"mesh":"53393371"},"geometry":{"type":"LineString","coordinates":[[139.38821,35.64248],[139.38798,35.6423],[139.38786,35.64225]]}},{"type":"Feature","properties":{"idx":149,"road":NaN,"cls":"tertiary","shops":0,"st_km":0.1,"mesh":"53393370"},"geometry":{"type":"LineString","coordinates":[[139.38111,35.6463],[139.3806,35.64734]]}},{"type":"Feature","properties":{"idx":594,"road":"稲荷橋通り","cls":"tertiary","shops":2,"st_km":0.24,"mesh":"53393343"},"geometry":{"type":"LineString","coordinates":[[139.42032,35.62483],[139.42036,35.62472]]}},{"type":"Feature","properties":{"idx":312,"road":"稲荷橋通り","cls":"tertiary","shops":0,"st_km":0.2,"mesh":"53393343"},"geometry":{"type":"LineString","coordinates":[[139.42036,35.62472],[139.42062,35.62398],[139.42062,35.62321]]}},{"type":"Feature","properties":{"idx":590,"road":"稲荷橋通り","cls":"tertiary","shops":2,"st_km":0.25,"mesh":"53393343"},"geometry":{"type":"LineString","coordinates":[[139.42028,35.62471],[139.42024,35.62482]]}},{"type":"Feature","properties":{"idx":196,"road":"稲荷橋通り","cls":"tertiary","shops":2,"st_km":0.27,"mesh":"53393353"},"geometry":{"type":"LineString","coordinates":[[139.42024,35.62482],[139.42015,35.62504],[139.42015,35.62524]]}},{"type":"Feature","properties":{"idx":88,"road":"山王隧道","cls":"secondary","shops":0,"st_km":0.38,"mesh":"53393353"},"geometry":{"type":"LineString","coordinates":[[139.42387,35.62817],[139.42348,35.62911]]}},{"type":"Feature","properties":{"idx":186,"road":"多摩モノレール通り","cls":"secondary","shops":1,"st_km":0.2,"mesh":"53393353"},"geometry":{"type":"LineString","coordinates":[[139.42403,35.62748],[139.42397,35.62705],[139.42381,35.62651]]}},{"type":"Feature","properties":{"idx":233,"road":NaN,"cls":"primary_link","shops":2,"st_km":0.04,"mesh":"53393363"},"geometry":{"type":"LineString","coordinates":[[139.41631,35.63729],[139.41624,35.63722],[139.41626,35.63711]]}},{"type":"Feature","properties":{"idx":97,"road":NaN,"cls":"primary_link","shops":0,"st_km":0.98,"mesh":"53393376"},"geometry":{"type":"LineString","coordinates":[[139.45156,35.64281],[139.45144,35.64283]]}},{"type":"Feature","properties":{"idx":234,"road":NaN,"cls":"primary_link","shops":1,"st_km":1.01,"mesh":"53393366"},"geometry":{"type":"LineString","coordinates":[[139.45026,35.6392],[139.45039,35.63915]]}},{"type":"Feature","properties":{"idx":100,"road":NaN,"cls":"primary_link","shops":1,"st_km":0.88,"mesh":"53393365"},"geometry":{"type":"LineString","coordinates":[[139.4497,35.63812],[139.44988,35.63806]]}},{"type":"Feature","properties":{"idx":104,"road":NaN,"cls":"primary_link","shops":1,"st_km":0.83,"mesh":"53393365"},"geometry":{"type":"LineString","coordinates":[[139.44966,35.6376],[139.44945,35.63767]]}},{"type":"Feature","properties":{"idx":134,"road":"釜沼橋","cls":"tertiary","shops":1,"st_km":0.87,"mesh":"53393355"},"geometry":{"type":"LineString","coordinates":[[139.43853,35.63105],[139.43857,35.63084]]}},{"type":"Feature","properties":{"idx":184,"road":"貝取大通り","cls":"tertiary","shops":2,"st_km":0.83,"mesh":"53393355"},"geometry":{"type":"LineString","coordinates":[[139.43857,35.63084],[139.43895,35.62892],[139.43897,35.62855],[139.43884,35.62805],[139.43824,35.62705]]}},{"type":"Feature","properties":{"idx":255,"road":"多摩モノレール通り","cls":"secondary","shops":0,"st_km":0.52,"mesh":"53393343"},"geometry":{"type":"LineString","coordinates":[[139.42279,35.62339],[139.42258,35.62274],[139.42248,35.62221],[139.42256,35.61961],[139.42196,35.61561],[139.42198,35.61501]]}},{"type":"Feature","properties":{"idx":192,"road":NaN,"cls":"secondary_link","shops":1,"st_km":1.46,"mesh":"53393364"},"geometry":{"type":"LineString","coordinates":[[139.43716,35.64029],[139.43726,35.6403]]}},{"type":"Feature","properties":{"idx":216,"road":NaN,"cls":"tertiary","shops":0,"st_km":1.13,"mesh":"53393395"},"geometry":{"type":"LineString","coordinates":[[139.43857,35.66768],[139.4383,35.66739],[139.43822,35.66723],[139.43815,35.66431],[139.43812,35.66417],[139.43803,35.66407]]}},{"type":"Feature","properties":{"idx":241,"road":"落合けやき通り","cls":"tertiary","shops":0,"st_km":1.05,"mesh":"53393334"},"geometry":{"type":"LineString","coordinates":[[139.42524,35.61548],[139.42763,35.61555],[139.43077,35.61616],[139.43133,35.61613],[139.43238,35.61597]]}},{"type":"Feature","properties":{"idx":287,"road":NaN,"cls":"tertiary","shops":0,"st_km":0.33,"mesh":"53393333"},"geometry":{"type":"LineString","coordinates":[[139.41637,35.61382],[139.41571,35.61414],[139.41198,35.61477]]}},{"type":"Feature","properties":{"idx":475,"road":NaN,"cls":"tertiary","shops":1,"st_km":0.75,"mesh":"53393320"},"geometry":{"type":"LineString","coordinates":[[139.37935,35.60575],[139.37944,35.60631],[139.3794,35.6065],[139.37926,35.60669],[139.37724,35.60772],[139.377,35.60791],[139.37688,35.60815],[139.37688,35.60846],[139.37726,35.60942],[139.37751,35.60968],[139.37789,35.60991]]}},{"type":"Feature","properties":{"idx":69,"road":NaN,"cls":"tertiary","shops":0,"st_km":0.53,"mesh":"53393330"},"geometry":{"type":"LineString","coordinates":[[139.38225,35.60931],[139.37913,35.60937],[139.37857,35.60948],[139.37817,35.60968],[139.37789,35.60991],[139.37686,35.61128]]}},{"type":"Feature","properties":{"idx":130,"road":NaN,"cls":"tertiary","shops":1,"st_km":0.3,"mesh":"53393330"},"geometry":{"type":"LineString","coordinates":[[139.38225,35.61083],[139.38231,35.6128],[139.38214,35.61331],[139.38184,35.61373]]}},{"type":"Feature","properties":{"idx":191,"road":NaN,"cls":"tertiary","shops":3,"st_km":0.43,"mesh":"53393330"},"geometry":{"type":"LineString","coordinates":[[139.38225,35.61083],[139.38229,35.61078]]}},{"type":"Feature","properties":{"idx":258,"road":"長池見附橋","cls":"tertiary","shops":0,"st_km":1.17,"mesh":"53393331"},"geometry":{"type":"LineString","coordinates":[[139.39262,35.61164],[139.3923,35.61183]]}},{"type":"Feature","properties":{"idx":803,"road":NaN,"cls":"tertiary","shops":4,"st_km":1.12,"mesh":"53393331"},"geometry":{"type":"LineString","coordinates":[[139.3923,35.61183],[139.39162,35.61224]]}},{"type":"Feature","properties":{"idx":268,"road":NaN,"cls":"pedestrian","shops":0,"st_km":0.74,"mesh":"53393333"},"geometry":{"type":"LineString","coordinates":[[139.41957,35.61456],[139.4195,35.61457],[139.41957,35.61456]]}},{"type":"Feature","properties":{"idx":267,"road":NaN,"cls":"tertiary","shops":2,"st_km":0.15,"mesh":"53393342"},"geometry":{"type":"LineString","coordinates":[[139.39886,35.62297],[139.39906,35.62289],[139.39958,35.62279],[139.40004,35.62282],[139.40157,35.62359],[139.40197,35.62388],[139.40254,35.62466],[139.40263,35.62493],[139.40254,35.62524],[139.40195,35.62595]]}},{"type":"Feature","properties":{"idx":89,"road":NaN,"cls":"primary_link","shops":0,"st_km":1.48,"mesh":"53393374"},"geometry":{"type":"LineString","coordinates":[[139.43294,35.64408],[139.43285,35.64412],[139.43288,35.64419]]}},{"type":"Feature","properties":{"idx":113,"road":NaN,"cls":"primary_link","shops":0,"st_km":1.22,"mesh":"53393374"},"geometry":{"type":"LineString","coordinates":[[139.43517,35.64557],[139.43508,35.64557],[139.43505,35.64563]]}},{"type":"Feature","properties":{"idx":129,"road":NaN,"cls":"primary_link","shops":0,"st_km":1.04,"mesh":"53393374"},"geometry":{"type":"LineString","coordinates":[[139.43626,35.64749],[139.43616,35.64747],[139.43614,35.64754]]}},{"type":"Feature","properties":{"idx":306,"road":NaN,"cls":"primary_link","shops":0,"st_km":0.66,"mesh":"53393386"},"geometry":{"type":"LineString","coordinates":[[139.45411,35.65053],[139.45425,35.65055],[139.45434,35.65048]]}},{"type":"Feature","properties":{"idx":836,"road":"鎌倉街道","cls":"primary","shops":4,"st_km":0.1,"mesh":"53393396"},"geometry":{"type":"LineString","coordinates":[[139.45752,35.66042],[139.45768,35.66047]]}},{"type":"Feature","properties":{"idx":294,"road":"中央道側道","cls":"tertiary","shops":0,"st_km":0.67,"mesh":"53393397"},"geometry":{"type":"LineString","coordinates":[[139.45899,35.66466],[139.45905,35.66461],[139.46296,35.6643],[139.46627,35.66397]]}},{"type":"Feature","properties":{"idx":677,"road":"鎌倉街道","cls":"primary_link","shops":2,"st_km":0.38,"mesh":"53393397"},"geometry":{"type":"LineString","coordinates":[[139.46528,35.66631],[139.46473,35.66609],[139.46446,35.66593]]}},{"type":"Feature","properties":{"idx":171,"road":"鎌倉街道","cls":"primary","shops":0,"st_km":0.73,"mesh":"53393376"},"geometry":{"type":"LineString","coordinates":[[139.45304,35.64713],[139.45216,35.64499]]}},{"type":"Feature","properties":{"idx":180,"road":"鎌倉街道","cls":"primary","shops":0,"st_km":0.68,"mesh":"53393376"},"geometry":{"type":"LineString","coordinates":[[139.4532,35.6475],[139.45304,35.64713]]}},{"type":"Feature","properties":{"idx":185,"road":"鎌倉街道","cls":"primary","shops":0,"st_km":0.65,"mesh":"53393376"},"geometry":{"type":"LineString","coordinates":[[139.45305,35.64754],[139.45348,35.64859]]}},{"type":"Feature","properties":{"idx":182,"road":"鎌倉街道","cls":"primary","shops":0,"st_km":0.66,"mesh":"53393376"},"geometry":{"type":"LineString","coordinates":[[139.4529,35.64718],[139.45305,35.64754]]}},{"type":"Feature","properties":{"idx":216,"road":NaN,"cls":"secondary_link","shops":1,"st_km":0.69,"mesh":"53393343"},"geometry":{"type":"LineString","coordinates":[[139.41526,35.62469],[139.4152,35.62474],[139.41524,35.6248]]}},{"type":"Feature","properties":{"idx":690,"road":NaN,"cls":"pedestrian","shops":5,"st_km":0.09,"mesh":"53393342"},"geometry":{"type":"LineString","coordinates":[[139.40059,35.62354],[139.40037,35.62384]]}},{"type":"Feature","properties":{"idx":679,"road":NaN,"cls":"tertiary","shops":2,"st_km":0.12,"mesh":"53393341"},"geometry":{"type":"LineString","coordinates":[[139.39973,35.62278],[139.39967,35.62335],[139.39956,35.6238],[139.39962,35.62387],[139.40016,35.62414]]}},{"type":"Feature","properties":{"idx":681,"road":NaN,"cls":"pedestrian","shops":5,"st_km":0.1,"mesh":"53393342"},"geometry":{"type":"LineString","coordinates":[[139.40136,35.62394],[139.40059,35.62354]]}},{"type":"Feature","properties":{"idx":392,"road":NaN,"cls":"pedestrian","shops":2,"st_km":0.09,"mesh":"53393342"},"geometry":{"type":"LineString","coordinates":[[139.40136,35.62394],[139.40128,35.62401],[139.40121,35.62418],[139.40113,35.62422]]}},{"type":"Feature","properties":{"idx":222,"road":"多摩ニュータウン通り","cls":"secondary","shops":0,"st_km":0.67,"mesh":"53393343"},"geometry":{"type":"LineString","coordinates":[[139.41789,35.62484],[139.41472,35.62467],[139.41399,35.62475],[139.41315,35.62501]]}},{"type":"Feature","properties":{"idx":70,"road":NaN,"cls":"tertiary","shops":0,"st_km":0.61,"mesh":"53393353"},"geometry":{"type":"LineString","coordinates":[[139.4176,35.62598],[139.41756,35.62584],[139.41739,35.62576],[139.4164,35.62575],[139.41623,35.62567],[139.41614,35.62552],[139.4162,35.62487]]}},{"type":"Feature","properties":{"idx":441,"road":NaN,"cls":"tertiary","shops":2,"st_km":0.13,"mesh":"53393319"},"geometry":{"type":"LineString","coordinates":[[139.49149,35.60018],[139.497,35.59842]]}},{"type":"Feature","properties":{"idx":441,"road":NaN,"cls":"tertiary","shops":2,"st_km":0.13,"mesh":"53393319"},"geometry":{"type":"LineString","coordinates":[[139.49261,35.59861],[139.49311,35.59966]]}},{"type":"Feature","properties":{"idx":156,"road":NaN,"cls":"tertiary","shops":0,"st_km":0.48,"mesh":"53393319"},"geometry":{"type":"LineString","coordinates":[[139.49905,35.595],[139.49754,35.59554],[139.49622,35.59563],[139.49599,35.59568],[139.49465,35.59632],[139.49443,35.59651],[139.4943,35.59669],[139.49368,35.59809],[139.4935,35.59826],[139.49325,35.59841],[139.4895,35.59961],[139.4886,35.59976],[139.48809,35.59992],[139.48595,35.60101],[139.48543,35.60133],[139.48489,35.60179],[139.48284,35.60385],[139.48077,35.60506],[139.48065,35.60526],[139.48059,35.6056],[139.48051,35.60574],[139.48,35.60625],[139.47865,35.60707]]}},{"type":"Feature","properties":{"idx":265,"road":NaN,"cls":"secondary","shops":1,"st_km":0.24,"mesh":"53393309"},"geometry":{"type":"LineString","coordinates":[[139.49704,35.5909],[139.49604,35.59147],[139.49526,35.5917]]}},{"type":"Feature","properties":{"idx":100,"road":NaN,"cls":"tertiary","shops":0,"st_km":0.73,"mesh":"53393347"},"geometry":{"type":"LineString","coordinates":[[139.46624,35.624],[139.46642,35.62447],[139.46666,35.62574]]}},{"type":"Feature","properties":{"idx":57,"road":"新田通り","cls":"tertiary","shops":0,"st_km":0.65,"mesh":"53393379"},"geometry":{"type":"LineString","coordinates":[[139.49763,35.64918],[139.4974,35.64837],[139.49697,35.64788],[139.49667,35.64731]]}},{"type":"Feature","properties":{"idx":388,"road":"星谷戸トンネル","cls":"tertiary","shops":2,"st_km":1.63,"mesh":"53393310"},"geometry":{"type":"LineString","coordinates":[[139.38449,35.59952],[139.38485,35.5996]]}},{"type":"Feature","properties":{"idx":164,"road":NaN,"cls":"tertiary","shops":0,"st_km":1.64,"mesh":"53393320"},"geometry":{"type":"LineString","coordinates":[[139.38485,35.5996],[139.38527,35.59961],[139.38665,35.59949],[139.38681,35.59952],[139.38689,35.59959],[139.38778,35.6014],[139.38786,35.60182],[139.38782,35.60201],[139.38767,35.60227],[139.3868,35.60304]]}},{"type":"Feature","properties":{"idx":297,"road":NaN,"cls":"tertiary","shops":1,"st_km":1.38,"mesh":"53393300"},"geometry":{"type":"LineString","coordinates":[[139.38016,35.59223],[139.37962,35.59119],[139.37921,35.59077]]}},{"type":"Feature","properties":{"idx":240,"road":NaN,"cls":"tertiary","shops":0,"st_km":1.11,"mesh":"53393300"},"geometry":{"type":"LineString","coordinates":[[139.37909,35.59062],[139.37884,35.5903],[139.37765,35.58815],[139.37748,35.58799]]}},{"type":"Feature","properties":{"idx":147,"road":NaN,"cls":"tertiary","shops":0,"st_km":0.57,"mesh":"53393338"},"geometry":{"type":"LineString","coordinates":[[139.48121,35.6084],[139.47612,35.61158],[139.47313,35.61305],[139.47279,35.61312],[139.47254,35.61308],[139.4717,35.61256]]}},{"type":"Feature","properties":{"idx":158,"road":NaN,"cls":"tertiary","shops":0,"st_km":0.24,"mesh":"53393347"},"geometry":{"type":"LineString","coordinates":[[139.46702,35.6126],[139.4663,35.61357],[139.46619,35.61377],[139.46617,35.61392],[139.46625,35.61464],[139.46618,35.61494],[139.46602,35.61517],[139.46454,35.61651],[139.46428,35.61666],[139.46402,35.61671],[139.46226,35.61672],[139.46181,35.61681],[139.4613,35.61708],[139.46018,35.61809],[139.45991,35.61847],[139.45981,35.61884],[139.45978,35.6202],[139.45983,35.6206]]}},{"type":"Feature","properties":{"idx":650,"road":"鶴川街道","cls":"primary","shops":2,"st_km":0.94,"mesh":"53393307"},"geometry":{"type":"LineString","coordinates":[[139.47132,35.58328],[139.47151,35.58346]]}},{"type":"Feature","properties":{"idx":511,"road":"鶴川街道","cls":"primary","shops":1,"st_km":0.89,"mesh":"53393307"},"geometry":{"type":"LineString","coordinates":[[139.47151,35.58346],[139.4727,35.58464]]}},{"type":"Feature","properties":{"idx":330,"road":"麻生通り","cls":"primary","shops":3,"st_km":0.64,"mesh":"53393309"},"geometry":{"type":"LineString","coordinates":[[139.49689,35.5839],[139.49696,35.58371]]}},{"type":"Feature","properties":{"idx":99,"road":NaN,"cls":"tertiary","shops":0,"st_km":0.71,"mesh":"53393309"},"geometry":{"type":"LineString","coordinates":[[139.49595,35.58352],[139.49568,35.5836],[139.49509,35.58337],[139.4948,35.58343],[139.49392,35.58462],[139.49366,35.58474]]}},{"type":"Feature","properties":{"idx":111,"road":NaN,"cls":"tertiary","shops":0,"st_km":0.59,"mesh":"53393309"},"geometry":{"type":"LineString","coordinates":[[139.49366,35.58474],[139.49378,35.585],[139.49426,35.58559]]}},{"type":"Feature","properties":{"idx":147,"road":"津久井道","cls":"primary","shops":1,"st_km":0.34,"mesh":"53393308"},"geometry":{"type":"LineString","coordinates":[[139.48408,35.58475],[139.48564,35.58498]]}},{"type":"Feature","properties":{"idx":323,"road":NaN,"cls":"tertiary","shops":5,"st_km":0.18,"mesh":"53393308"},"geometry":{"type":"LineString","coordinates":[[139.48299,35.58461],[139.48308,35.58415]]}},{"type":"Feature","properties":{"idx":584,"road":"尾根緑道","cls":"pedestrian","shops":2,"st_km":1.2,"mesh":"53393320"},"geometry":{"type":"LineString","coordinates":[[139.372,35.60508],[139.37267,35.60439],[139.37312,35.60417],[139.37531,35.60438],[139.37639,35.60419],[139.37691,35.60417],[139.37735,35.60409],[139.37861,35.6034],[139.37939,35.60263],[139.37966,35.60248],[139.38006,35.60235],[139.38109,35.60234],[139.38155,35.6022],[139.38174,35.60207],[139.38223,35.6014],[139.38455,35.60018],[139.38473,35.59998],[139.38472,35.59969],[139.38481,35.59949],[139.3851,35.59911],[139.3853,35.59898],[139.38588,35.59883],[139.38609,35.59871],[139.38638,35.5983],[139.38653,35.5979],[139.38673,35.59769]]}},{"type":"Feature","properties":{"idx":208,"road":NaN,"cls":"tertiary","shops":0,"st_km":0.61,"mesh":"53393343"},"geometry":{"type":"LineString","coordinates":[[139.4162,35.62487],[139.41621,35.62476]]}},{"type":"Feature","properties":{"idx":191,"road":NaN,"cls":"tertiary","shops":0,"st_km":1.4,"mesh":"53393320"},"geometry":{"type":"LineString","coordinates":[[139.38443,35.60168],[139.38369,35.60225]]}},{"type":"Feature","properties":{"idx":241,"road":NaN,"cls":"tertiary","shops":0,"st_km":1.03,"mesh":"53393320"},"geometry":{"type":"LineString","coordinates":[[139.3778,35.60588],[139.37762,35.6044],[139.37768,35.60422],[139.37776,35.60414],[139.37851,35.60371],[139.37881,35.60362],[139.37914,35.60361],[139.38012,35.60377]]}},{"type":"Feature","properties":{"idx":173,"road":NaN,"cls":"tertiary","shops":0,"st_km":0.37,"mesh":"53393319"},"geometry":{"type":"LineString","coordinates":[[139.49725,35.59916],[139.49717,35.59891]]}},{"type":"Feature","properties":{"idx":163,"road":NaN,"cls":"tertiary","shops":0,"st_km":0.43,"mesh":"53393319"},"geometry":{"type":"LineString","coordinates":[[139.49717,35.59891],[139.4967,35.59753],[139.49509,35.59609]]}},{"type":"Feature","properties":{"idx":361,"road":NaN,"cls":"tertiary","shops":0,"st_km":0.14,"mesh":"53393329"},"geometry":{"type":"LineString","coordinates":[[139.49725,35.59916],[139.49724,35.5995],[139.49711,35.59967],[139.49691,35.59981],[139.49518,35.60016],[139.49362,35.60076],[139.49334,35.60103],[139.49289,35.60176]]}},{"type":"Feature","properties":{"idx":337,"road":NaN,"cls":"tertiary","shops":0,"st_km":0.21,"mesh":"53393329"},"geometry":{"type":"LineString","coordinates":[[139.49111,35.60169],[139.49123,35.60151],[139.49156,35.60123],[139.49162,35.60088]]}},{"type":"Feature","properties":{"idx":309,"road":NaN,"cls":"tertiary","shops":0,"st_km":0.3,"mesh":"53393329"},"geometry":{"type":"LineString","coordinates":[[139.49111,35.60169],[139.49056,35.60166],[139.49027,35.60137]]}},{"type":"Feature","properties":{"idx":138,"road":NaN,"cls":"tertiary","shops":0,"st_km":0.54,"mesh":"53393328"},"geometry":{"type":"LineString","coordinates":[[139.48653,35.60348],[139.48612,35.60293]]}},{"type":"Feature","properties":{"idx":299,"road":NaN,"cls":"tertiary","shops":1,"st_km":0.16,"mesh":"53393328"},"geometry":{"type":"LineString","coordinates":[[139.48189,35.6065],[139.48271,35.60746]]}},{"type":"Feature","properties":{"idx":131,"road":NaN,"cls":"tertiary","shops":0,"st_km":0.59,"mesh":"53393328"},"geometry":{"type":"LineString","coordinates":[[139.49056,35.60166],[139.49025,35.60174],[139.48872,35.60244],[139.48587,35.60382],[139.48393,35.60533]]}},{"type":"Feature","properties":{"idx":525,"road":"鶴川街道","cls":"primary","shops":0,"st_km":1.26,"mesh":"53393327"},"geometry":{"type":"LineString","coordinates":[[139.46381,35.6078],[139.46384,35.60694],[139.46335,35.60544],[139.46321,35.60486],[139.46317,35.60445],[139.46325,35.60373],[139.46344,35.6033],[139.46372,35.60289],[139.46556,35.60091],[139.46644,35.60017]]}},{"type":"Feature","properties":{"idx":192,"road":NaN,"cls":"tertiary","shops":5,"st_km":0.71,"mesh":"53393308"},"geometry":{"type":"LineString","coordinates":[[139.47934,35.58916],[139.47957,35.58923]]}},{"type":"Feature","properties":{"idx":137,"road":NaN,"cls":"tertiary","shops":3,"st_km":0.71,"mesh":"53393308"},"geometry":{"type":"LineString","coordinates":[[139.47957,35.58923],[139.47967,35.58925]]}},{"type":"Feature","properties":{"idx":51,"road":NaN,"cls":"tertiary","shops":0,"st_km":0.78,"mesh":"53393308"},"geometry":{"type":"LineString","coordinates":[[139.47967,35.58925],[139.48018,35.58943],[139.48077,35.58992],[139.48141,35.5903],[139.48193,35.59071],[139.48265,35.59093]]}},{"type":"Feature","properties":{"idx":635,"road":NaN,"cls":"tertiary","shops":0,"st_km":0.72,"mesh":"53393327"},"geometry":{"type":"LineString","coordinates":[[139.46926,35.60547],[139.47235,35.60776]]}},{"type":"Feature","properties":{"idx":657,"road":NaN,"cls":"tertiary","shops":0,"st_km":0.69,"mesh":"53393327"},"geometry":{"type":"LineString","coordinates":[[139.47023,35.60619],[139.46824,35.60799]]}},{"type":"Feature","properties":{"idx":187,"road":NaN,"cls":"tertiary","shops":0,"st_km":0.54,"mesh":"53393337"},"geometry":{"type":"LineString","coordinates":[[139.47079,35.60957],[139.47285,35.60716]]}},{"type":"Feature","properties":{"idx":744,"road":NaN,"cls":"tertiary","shops":0,"st_km":0.55,"mesh":"53393327"},"geometry":{"type":"LineString","coordinates":[[139.47032,35.60773],[139.47089,35.60815],[139.47167,35.60857]]}},{"type":"Feature","properties":{"idx":175,"road":NaN,"cls":"tertiary","shops":0,"st_km":0.61,"mesh":"53393337"},"geometry":{"type":"LineString","coordinates":[[139.47176,35.60644],[139.4725,35.60696],[139.47389,35.60778],[139.4771,35.61091],[139.47769,35.61178]]}},{"type":"Feature","properties":{"idx":227,"road":NaN,"cls":"tertiary","shops":1,"st_km":0.44,"mesh":"53393328"},"geometry":{"type":"LineString","coordinates":[[139.47736,35.60792],[139.47678,35.60726],[139.4764,35.60666]]}},{"type":"Feature","properties":{"idx":174,"road":NaN,"cls":"tertiary","shops":0,"st_km":0.29,"mesh":"53393328"},"geometry":{"type":"LineString","coordinates":[[139.4764,35.60666],[139.47802,35.60581],[139.47826,35.60575],[139.47848,35.60578],[139.4791,35.60602],[139.47923,35.60615],[139.4795,35.60658]]}},{"type":"Feature","properties":{"idx":148,"road":"麻生通り","cls":"primary","shops":0,"st_km":0.52,"mesh":"53393309"},"geometry":{"type":"LineString","coordinates":[[139.49575,35.58588],[139.49647,35.58495],[139.49689,35.5839]]}},{"type":"Feature","properties":{"idx":82,"road":"鍛冶屋車橋","cls":"tertiary","shops":0,"st_km":2.5,"mesh":"53393306"},"geometry":{"type":"LineString","coordinates":[[139.45486,35.58753],[139.45484,35.5877]]}},{"type":"Feature","properties":{"idx":82,"road":NaN,"cls":"tertiary","shops":0,"st_km":2.51,"mesh":"53393306"},"geometry":{"type":"LineString","coordinates":[[139.45484,35.5877],[139.45489,35.58823],[139.45504,35.58869]]}},{"type":"Feature","properties":{"idx":609,"road":"岩子橋","cls":"tertiary","shops":4,"st_km":2.58,"mesh":"53393316"},"geometry":{"type":"LineString","coordinates":[[139.45564,35.59353],[139.45559,35.59341]]}},{"type":"Feature","properties":{"idx":83,"road":NaN,"cls":"tertiary","shops":0,"st_km":2.46,"mesh":"53393306"},"geometry":{"type":"LineString","coordinates":[[139.45559,35.59341],[139.45547,35.59315],[139.45548,35.59305],[139.4561,35.59243],[139.4562,35.59193],[139.45651,35.59142],[139.45652,35.59112],[139.4563,35.59033],[139.45526,35.58896],[139.45523,35.5887]]}},{"type":"Feature","properties":{"idx":238,"road":"鶴川街道","cls":"primary","shops":0,"st_km":0.52,"mesh":"53393337"},"geometry":{"type":"LineString","coordinates":[[139.46702,35.6126],[139.46674,35.61233],[139.46648,35.6119],[139.46646,35.61172],[139.46653,35.61149],[139.46718,35.61059],[139.4672,35.6104],[139.46716,35.61029],[139.46704,35.61018],[139.46667,35.6102],[139.46619,35.61062],[139.46598,35.6107],[139.46576,35.61067],[139.46551,35.6105],[139.46531,35.61022],[139.46505,35.60929],[139.46493,35.60905],[139.46473,35.60892],[139.46396,35.60887],[139.46376,35.60874],[139.46381,35.6078]]}},{"type":"Feature","properties":{"idx":633,"road":"鶴川街道","cls":"primary","shops":2,"st_km":0.23,"mesh":"53393337"},"geometry":{"type":"LineString","coordinates":[[139.46911,35.61362],[139.4685,35.61328],[139.46735,35.61276]]}},{"type":"Feature","properties":{"idx":57,"road":NaN,"cls":"tertiary","shops":0,"st_km":0.5,"mesh":"53393372"},"geometry":{"type":"LineString","coordinates":[[139.41644,35.65293],[139.41618,35.65294],[139.41611,35.65287],[139.41592,35.65227],[139.41577,35.65214],[139.41552,35.65214],[139.41524,35.65232],[139.41495,35.65239],[139.41462,35.65231],[139.41336,35.6518],[139.41323,35.65169],[139.41236,35.65048],[139.41173,35.65],[139.4116,35.64994],[139.41125,35.6499],[139.41094,35.64995],[139.41066,35.65009],[139.41046,35.6503],[139.41026,35.65071],[139.41025,35.65087],[139.41034,35.65121],[139.41022,35.65176],[139.41032,35.65205],[139.41095,35.65263],[139.41117,35.65277],[139.41306,35.6535],[139.41336,35.65382],[139.41367,35.65442]]}},{"type":"Feature","properties":{"idx":113,"road":NaN,"cls":"tertiary","shops":0,"st_km":0.44,"mesh":"53393373"},"geometry":{"type":"LineString","coordinates":[[139.41307,35.64248],[139.41326,35.64287],[139.41338,35.64335],[139.41341,35.64374]]}},{"type":"Feature","properties":{"idx":100,"road":NaN,"cls":"tertiary","shops":0,"st_km":0.56,"mesh":"53393373"},"geometry":{"type":"LineString","coordinates":[[139.41665,35.64164],[139.41635,35.64171],[139.41574,35.64219],[139.41561,35.64224],[139.41539,35.64226],[139.41422,35.64212],[139.41394,35.64217],[139.41307,35.64248]]}},{"type":"Feature","properties":{"idx":78,"road":NaN,"cls":"tertiary","shops":0,"st_km":0.23,"mesh":"53393372"},"geometry":{"type":"LineString","coordinates":[[139.41307,35.64248],[139.41206,35.64283],[139.41178,35.64286],[139.41142,35.64281],[139.4102,35.64206],[139.40997,35.64181],[139.40971,35.6414]]}},{"type":"Feature","properties":{"idx":87,"road":NaN,"cls":"tertiary","shops":0,"st_km":0.88,"mesh":"53393383"},"geometry":{"type":"LineString","coordinates":[[139.41664,35.65153],[139.41707,35.65107],[139.41811,35.65067],[139.41843,35.65039],[139.41852,35.65007],[139.4183,35.64881],[139.41835,35.64849]]}},{"type":"Feature","properties":{"idx":104,"road":NaN,"cls":"tertiary","shops":0,"st_km":0.66,"mesh":"53393383"},"geometry":{"type":"LineString","coordinates":[[139.4165,35.65167],[139.41664,35.65153]]}},{"type":"Feature","properties":{"idx":55,"road":NaN,"cls":"secondary_link","shops":0,"st_km":0.26,"mesh":"53393393"},"geometry":{"type":"LineString","coordinates":[[139.41518,35.66099],[139.41505,35.66065],[139.41488,35.66041],[139.41433,35.65983]]}},{"type":"Feature","properties":{"idx":169,"road":NaN,"cls":"pedestrian","shops":1,"st_km":0.18,"mesh":"53393372"},"geometry":{"type":"LineString","coordinates":[[139.4088,35.64352],[139.40862,35.64355]]}},{"type":"Feature","properties":{"idx":181,"road":NaN,"cls":"pedestrian","shops":1,"st_km":0.06,"mesh":"53393372"},"geometry":{"type":"LineString","coordinates":[[139.40437,35.64899],[139.40465,35.64892],[139.4048,35.649],[139.40486,35.64914],[139.40536,35.64938],[139.40547,35.64937],[139.40565,35.64953],[139.40572,35.64953]]}},{"type":"Feature","properties":{"idx":459,"road":NaN,"cls":"pedestrian","shops":3,"st_km":0.38,"mesh":"53393383"},"geometry":{"type":"LineString","coordinates":[[139.41313,35.65808],[139.41293,35.65824]]}},{"type":"Feature","properties":{"idx":333,"road":NaN,"cls":"tertiary","shops":0,"st_km":0.3,"mesh":"53393392"},"geometry":{"type":"LineString","coordinates":[[139.41046,35.65881],[139.41108,35.65907],[139.41233,35.65978],[139.41246,35.65979],[139.41276,35.65972],[139.41332,35.65944],[139.41366,35.65905],[139.4138,35.65897]]}},{"type":"Feature","properties":{"idx":210,"road":NaN,"cls":"pedestrian","shops":2,"st_km":0.22,"mesh":"53393393"},"geometry":{"type":"LineString","coordinates":[[139.4153,35.66185],[139.41529,35.66182],[139.41545,35.66177],[139.41524,35.66117],[139.41512,35.6612]]}},{"type":"Feature","properties":{"idx":391,"road":NaN,"cls":"pedestrian","shops":4,"st_km":0.02,"mesh":"53393393"},"geometry":{"type":"LineString","coordinates":[[139.41312,35.66194],[139.41351,35.66263]]}},{"type":"Feature","properties":{"idx":178,"road":NaN,"cls":"tertiary","shops":0,"st_km":1.46,"mesh":"53393307"},"geometry":{"type":"LineString","coordinates":[[139.45987,35.58778],[139.46174,35.58719],[139.46246,35.58702],[139.46749,35.58642],[139.46784,35.58633],[139.46919,35.58548],[139.47057,35.58481],[139.47087,35.58459],[139.47178,35.58374]]}},{"type":"Feature","properties":{"idx":93,"road":"綾部原トンネル","cls":"primary","shops":0,"st_km":2.94,"mesh":"53393306"},"geometry":{"type":"LineString","coordinates":[[139.45037,35.593],[139.4507,35.59206],[139.45107,35.59055],[139.45114,35.5899],[139.45108,35.58934]]}},{"type":"Feature","properties":{"idx":208,"road":NaN,"cls":"tertiary","shops":0,"st_km":0.61,"mesh":"53393392"},"geometry":{"type":"LineString","coordinates":[[139.40715,35.66039],[139.40603,35.6598],[139.40556,35.6594],[139.40576,35.65637]]}},{"type":"Feature","properties":{"idx":96,"road":NaN,"cls":"tertiary","shops":0,"st_km":0.75,"mesh":"53393383"},"geometry":{"type":"LineString","coordinates":[[139.41811,35.65067],[139.41826,35.65093],[139.41804,35.65206],[139.41807,35.65229],[139.41818,35.65246],[139.41892,35.65306]]}},{"type":"Feature","properties":{"idx":146,"road":"中央道側道","cls":"tertiary","shops":0,"st_km":0.74,"mesh":"53393398"},"geometry":{"type":"LineString","coordinates":[[139.4806,35.65973],[139.48102,35.66001]]}},{"type":"Feature","properties":{"idx":137,"road":"中央道側道","cls":"tertiary","shops":0,"st_km":0.47,"mesh":"53393399"},"geometry":{"type":"LineString","coordinates":[[139.49274,35.66031],[139.492,35.66025],[139.48802,35.66024],[139.48802,35.65999]]}},{"type":"Feature","properties":{"idx":184,"road":"愛宕北通り","cls":"tertiary","shops":0,"st_km":1.19,"mesh":"53393364"},"geometry":{"type":"LineString","coordinates":[[139.42944,35.63487],[139.43071,35.63509],[139.43247,35.63527],[139.43427,35.6353],[139.43797,35.63567],[139.43819,35.63571],[139.4386,35.6359],[139.43918,35.63646]]}},{"type":"Feature","properties":{"idx":220,"road":NaN,"cls":"tertiary","shops":0,"st_km":0.73,"mesh":"53393392"},"geometry":{"type":"LineString","coordinates":[[139.40503,35.66392],[139.40564,35.66399]]}},{"type":"Feature","properties":{"idx":162,"road":NaN,"cls":"tertiary","shops":0,"st_km":1.68,"mesh":"53393300"},"geometry":{"type":"LineString","coordinates":[[139.3876,35.58848],[139.38724,35.58791]]}},{"type":"Feature","properties":{"idx":302,"road":"高橋","cls":"tertiary","shops":0,"st_km":1.72,"mesh":"53393301"},"geometry":{"type":"LineString","coordinates":[[139.3877,35.58868],[139.3876,35.58848]]}},{"type":"Feature","properties":{"idx":331,"road":NaN,"cls":"tertiary","shops":0,"st_km":1.55,"mesh":"53393301"},"geometry":{"type":"LineString","coordinates":[[139.39473,35.58471],[139.39495,35.58527],[139.39503,35.58587]]}},{"type":"Feature","properties":{"idx":540,"road":NaN,"cls":"tertiary","shops":1,"st_km":1.42,"mesh":"53393301"},"geometry":{"type":"LineString","coordinates":[[139.39459,35.5845],[139.39432,35.58419],[139.39397,35.5839]]}},{"type":"Feature","properties":{"idx":51,"road":NaN,"cls":"tertiary","shops":0,"st_km":0.53,"mesh":"53393393"},"geometry":{"type":"LineString","coordinates":[[139.41938,35.66658],[139.41969,35.66646]]}},{"type":"Feature","properties":{"idx":50,"road":NaN,"cls":"tertiary","shops":0,"st_km":0.55,"mesh":"53393393"},"geometry":{"type":"LineString","coordinates":[[139.41969,35.66646],[139.4202,35.66629]]}},{"type":"Feature","properties":{"idx":347,"road":NaN,"cls":"tertiary","shops":0,"st_km":1.47,"mesh":"53393301"},"geometry":{"type":"LineString","coordinates":[[139.39459,35.5845],[139.39473,35.58471]]}},{"type":"Feature","properties":{"idx":717,"road":"黒川橋","cls":"tertiary","shops":3,"st_km":0.1,"mesh":"53393337"},"geometry":{"type":"LineString","coordinates":[[139.4717,35.61256],[139.47144,35.61239]]}},{"type":"Feature","properties":{"idx":292,"road":NaN,"cls":"tertiary","shops":0,"st_km":0.09,"mesh":"53393337"},"geometry":{"type":"LineString","coordinates":[[139.47144,35.61239],[139.47105,35.61227],[139.47044,35.61237],[139.4702,35.61237],[139.46963,35.61211]]}},{"type":"Feature","properties":{"idx":183,"road":NaN,"cls":"tertiary","shops":0,"st_km":0.25,"mesh":"53393328"},"geometry":{"type":"LineString","coordinates":[[139.48121,35.6084],[139.48271,35.60746]]}},{"type":"Feature","properties":{"idx":112,"road":NaN,"cls":"tertiary","shops":0,"st_km":0.6,"mesh":"53393347"},"geometry":{"type":"LineString","coordinates":[[139.46506,35.62074],[139.46484,35.62077],[139.4644,35.62097],[139.46416,35.62119],[139.46405,35.6214],[139.464,35.62314],[139.46394,35.62333],[139.46365,35.62356],[139.46289,35.62371],[139.46252,35.62366],[139.4623,35.62354],[139.46138,35.62232],[139.46036,35.62132]]}},{"type":"Feature","properties":{"idx":630,"road":"尻手黒川道路","cls":"primary","shops":4,"st_km":0.46,"mesh":"53393319"},"geometry":{"type":"LineString","coordinates":[[139.49897,35.59326],[139.50039,35.59339]]}},{"type":"Feature","properties":{"idx":178,"road":"平尾外周通り","cls":"tertiary","shops":0,"st_km":0.9,"mesh":"53393329"},"geometry":{"type":"LineString","coordinates":[[139.48884,35.60648],[139.48995,35.60681],[139.49037,35.60702],[139.49252,35.60898],[139.49267,35.60917],[139.49281,35.60947],[139.49314,35.61096]]}},{"type":"Feature","properties":{"idx":146,"road":"平尾小通り","cls":"tertiary","shops":0,"st_km":0.68,"mesh":"53393339"},"geometry":{"type":"LineString","coordinates":[[139.48752,35.60822],[139.4884,35.60903]]}},{"type":"Feature","properties":{"idx":167,"road":NaN,"cls":"tertiary","shops":1,"st_km":1.0,"mesh":"53393339"},"geometry":{"type":"LineString","coordinates":[[139.48947,35.61163],[139.48925,35.61229]]}},{"type":"Feature","properties":{"idx":186,"road":NaN,"cls":"pedestrian","shops":0,"st_km":0.71,"mesh":"53393338"},"geometry":{"type":"LineString","coordinates":[[139.4877,35.61093],[139.48691,35.61018],[139.48828,35.60919]]}},{"type":"Feature","properties":{"idx":267,"road":NaN,"cls":"pedestrian","shops":1,"st_km":0.82,"mesh":"53393339"},"geometry":{"type":"LineString","coordinates":[[139.48766,35.61089],[139.48902,35.60992]]}},{"type":"Feature","properties":{"idx":226,"road":"平尾外周通り","cls":"tertiary","shops":0,"st_km":0.67,"mesh":"53393329"},"geometry":{"type":"LineString","coordinates":[[139.48884,35.60648],[139.48845,35.60733],[139.4883,35.60756],[139.488,35.60785],[139.48752,35.60822]]}},{"type":"Feature","properties":{"idx":167,"road":"平尾文化通り","cls":"tertiary","shops":1,"st_km":0.94,"mesh":"53393338"},"geometry":{"type":"LineString","coordinates":[[139.48684,35.61278],[139.48771,35.61255]]}},{"type":"Feature","properties":{"idx":287,"road":NaN,"cls":"tertiary","shops":0,"st_km":0.1,"mesh":"53393337"},"geometry":{"type":"LineString","coordinates":[[139.47102,35.61363],[139.47183,35.61415]]}},{"type":"Feature","properties":{"idx":59,"road":"竜ヶ峰通り","cls":"tertiary","shops":0,"st_km":1.09,"mesh":"53393373"},"geometry":{"type":"LineString","coordinates":[[139.41835,35.64849],[139.41848,35.64828],[139.41909,35.64761],[139.41921,35.64734]]}},{"type":"Feature","properties":{"idx":274,"road":NaN,"cls":"tertiary","shops":0,"st_km":0.73,"mesh":"53393382"},"geometry":{"type":"LineString","coordinates":[[139.40277,35.65762],[139.40325,35.65641]]}},{"type":"Feature","properties":{"idx":259,"road":NaN,"cls":"tertiary","shops":0,"st_km":0.2,"mesh":"53393337"},"geometry":{"type":"LineString","coordinates":[[139.4727,35.61312],[139.47256,35.6134],[139.47183,35.61415],[139.47263,35.61467],[139.47268,35.61474],[139.47234,35.61527],[139.47242,35.6158],[139.47235,35.61601]]}},{"type":"Feature","properties":{"idx":210,"road":"上之根大通り","cls":"tertiary","shops":2,"st_km":0.52,"mesh":"53393354"},"geometry":{"type":"LineString","coordinates":[[139.42943,35.6272],[139.42914,35.62759]]}},{"type":"Feature","properties":{"idx":146,"road":"平尾外周通り","cls":"tertiary","shops":0,"st_km":0.62,"mesh":"53393338"},"geometry":{"type":"LineString","coordinates":[[139.48185,35.61015],[139.48199,35.61038],[139.48257,35.61084],[139.48302,35.61126],[139.48327,35.61107],[139.48377,35.61083],[139.48412,35.61076],[139.48438,35.61077],[139.48588,35.6111],[139.48741,35.6119]]}},{"type":"Feature","properties":{"idx":200,"road":NaN,"cls":"tertiary","shops":1,"st_km":0.61,"mesh":"53393396"},"geometry":{"type":"LineString","coordinates":[[139.45911,35.66548],[139.459,35.66555],[139.45892,35.66577]]}},{"type":"Feature","properties":{"idx":17,"road":NaN,"cls":"tertiary","shops":0,"st_km":1.03,"mesh":"53393369"},"geometry":{"type":"LineString","coordinates":[[139.49,35.63398],[139.48869,35.6346],[139.48849,35.63473],[139.48822,35.63504]]}},{"type":"Feature","properties":{"idx":211,"road":NaN,"cls":"primary","shops":0,"st_km":0.51,"mesh":"53393376"},"geometry":{"type":"LineString","coordinates":[[139.45264,35.64778],[139.45238,35.6479],[139.45163,35.64869],[139.45119,35.64918],[139.45119,35.64933]]}},{"type":"Feature","properties":{"idx":82,"road":NaN,"cls":"tertiary","shops":0,"st_km":1.51,"mesh":"53393339"},"geometry":{"type":"LineString","coordinates":[[139.49909,35.61491],[139.49779,35.61532]]}},{"type":"Feature","properties":{"idx":133,"road":NaN,"cls":"tertiary","shops":1,"st_km":1.27,"mesh":"53393339"},"geometry":{"type":"LineString","coordinates":[[139.49381,35.61228],[139.49328,35.6115],[139.49314,35.61096]]}},{"type":"Feature","properties":{"idx":193,"road":NaN,"cls":"tertiary","shops":0,"st_km":0.92,"mesh":"53393329"},"geometry":{"type":"LineString","coordinates":[[139.49889,35.60814],[139.49884,35.60807]]}},{"type":"Feature","properties":{"idx":193,"road":NaN,"cls":"tertiary","shops":0,"st_km":0.92,"mesh":"53393329"},"geometry":{"type":"LineString","coordinates":[[139.49884,35.60807],[139.4988,35.60801]]}},{"type":"Feature","properties":{"idx":208,"road":"芝間通り","cls":"tertiary","shops":0,"st_km":0.37,"mesh":"53393398"},"geometry":{"type":"LineString","coordinates":[[139.47324,35.65913],[139.47325,35.65927],[139.47345,35.65953],[139.4737,35.66005],[139.47432,35.66075],[139.47481,35.66142],[139.4751,35.66169],[139.47506,35.66261],[139.47521,35.66296],[139.47522,35.66408],[139.47501,35.66556],[139.47503,35.66574],[139.47528,35.6663],[139.47529,35.66646],[139.47521,35.66663],[139.47489,35.66692],[139.47471,35.66723]]}},{"type":"Feature","properties":{"idx":91,"road":NaN,"cls":"pedestrian","shops":0,"st_km":0.4,"mesh":"53393372"},"geometry":{"type":"LineString","coordinates":[[139.40535,35.64467],[139.40652,35.64461]]}},{"type":"Feature","properties":{"idx":88,"road":NaN,"cls":"pedestrian","shops":0,"st_km":0.43,"mesh":"53393372"},"geometry":{"type":"LineString","coordinates":[[139.41027,35.64551],[139.41032,35.6455]]}},{"type":"Feature","properties":{"idx":91,"road":NaN,"cls":"pedestrian","shops":0,"st_km":0.39,"mesh":"53393372"},"geometry":{"type":"LineString","coordinates":[[139.41031,35.64581],[139.41022,35.64514],[139.40959,35.64518]]}},{"type":"Feature","properties":{"idx":93,"road":NaN,"cls":"pedestrian","shops":0,"st_km":0.37,"mesh":"53393372"},"geometry":{"type":"LineString","coordinates":[[139.40967,35.64518],[139.40966,35.64511]]}},{"type":"Feature","properties":{"idx":93,"road":NaN,"cls":"pedestrian","shops":0,"st_km":0.37,"mesh":"53393372"},"geometry":{"type":"LineString","coordinates":[[139.40918,35.64524],[139.40932,35.64522]]}},{"type":"Feature","properties":{"idx":102,"road":NaN,"cls":"pedestrian","shops":0,"st_km":0.29,"mesh":"53393372"},"geometry":{"type":"LineString","coordinates":[[139.40846,35.64429],[139.40837,35.64429],[139.40839,35.64443],[139.4079,35.64447]]}},{"type":"Feature","properties":{"idx":96,"road":NaN,"cls":"pedestrian","shops":0,"st_km":0.34,"mesh":"53393372"},"geometry":{"type":"LineString","coordinates":[[139.40647,35.64423],[139.40615,35.64425]]}},{"type":"Feature","properties":{"idx":84,"road":NaN,"cls":"pedestrian","shops":0,"st_km":0.48,"mesh":"53393372"},"geometry":{"type":"LineString","coordinates":[[139.4098,35.64613],[139.40979,35.64605]]}},{"type":"Feature","properties":{"idx":86,"road":NaN,"cls":"pedestrian","shops":0,"st_km":0.45,"mesh":"53393372"},"geometry":{"type":"LineString","coordinates":[[139.40958,35.64591],[139.40958,35.64588]]}},{"type":"Feature","properties":{"idx":90,"road":NaN,"cls":"pedestrian","shops":0,"st_km":0.41,"mesh":"53393372"},"geometry":{"type":"LineString","coordinates":[[139.41,35.64542],[139.41004,35.64542]]}},{"type":"Feature","properties":{"idx":97,"road":NaN,"cls":"pedestrian","shops":0,"st_km":0.34,"mesh":"53393372"},"geometry":{"type":"LineString","coordinates":[[139.40872,35.6451],[139.40866,35.64473]]}},{"type":"Feature","properties":{"idx":99,"road":NaN,"cls":"pedestrian","shops":0,"st_km":0.32,"mesh":"53393372"},"geometry":{"type":"LineString","coordinates":[[139.41024,35.64464],[139.41009,35.6445],[139.41027,35.64436]]}},{"type":"Feature","properties":{"idx":152,"road":NaN,"cls":"pedestrian","shops":1,"st_km":0.29,"mesh":"53393372"},"geometry":{"type":"LineString","coordinates":[[139.40879,35.64445],[139.40885,35.64448]]}},{"type":"Feature","properties":{"idx":89,"road":NaN,"cls":"pedestrian","shops":0,"st_km":0.42,"mesh":"53393372"},"geometry":{"type":"LineString","coordinates":[[139.41026,35.64542],[139.41021,35.64543]]}},{"type":"Feature","properties":{"idx":96,"road":NaN,"cls":"pedestrian","shops":0,"st_km":0.34,"mesh":"53393372"},"geometry":{"type":"LineString","coordinates":[[139.40932,35.64522],[139.40924,35.64459]]}},{"type":"Feature","properties":{"idx":95,"road":NaN,"cls":"pedestrian","shops":0,"st_km":0.36,"mesh":"53393372"},"geometry":{"type":"LineString","coordinates":[[139.40855,35.64512],[139.4093,35.64505]]}},{"type":"Feature","properties":{"idx":95,"road":NaN,"cls":"pedestrian","shops":0,"st_km":0.36,"mesh":"53393372"},"geometry":{"type":"LineString","coordinates":[[139.41008,35.64493],[139.41014,35.64487]]}},{"type":"Feature","properties":{"idx":144,"road":NaN,"cls":"pedestrian","shops":1,"st_km":0.34,"mesh":"53393372"},"geometry":{"type":"LineString","coordinates":[[139.40798,35.64497],[139.40827,35.64494]]}},{"type":"Feature","properties":{"idx":102,"road":NaN,"cls":"pedestrian","shops":0,"st_km":0.28,"mesh":"53393372"},"geometry":{"type":"LineString","coordinates":[[139.40879,35.64445],[139.40846,35.64444],[139.40843,35.64408]]}},{"type":"Feature","properties":{"idx":485,"road":NaN,"cls":"tertiary","shops":1,"st_km":0.89,"mesh":"53393331"},"geometry":{"type":"LineString","coordinates":[[139.38783,35.61179],[139.3888,35.61177],[139.38912,35.61187],[139.39025,35.61309]]}},{"type":"Feature","properties":{"idx":183,"road":NaN,"cls":"tertiary","shops":0,"st_km":0.39,"mesh":"53393338"},"geometry":{"type":"LineString","coordinates":[[139.48185,35.61015],[139.48164,35.60981],[139.48138,35.60877],[139.48121,35.6084]]}},{"type":"Feature","properties":{"idx":193,"road":NaN,"cls":"tertiary","shops":0,"st_km":0.19,"mesh":"53393328"},"geometry":{"type":"LineString","coordinates":[[139.48393,35.60533],[139.48293,35.60593]]}},{"type":"Feature","properties":{"idx":316,"road":NaN,"cls":"tertiary","shops":1,"st_km":0.11,"mesh":"53393328"},"geometry":{"type":"LineString","coordinates":[[139.48293,35.60593],[139.48189,35.6065]]}},{"type":"Feature","properties":{"idx":204,"road":NaN,"cls":"tertiary","shops":1,"st_km":0.55,"mesh":"53393328"},"geometry":{"type":"LineString","coordinates":[[139.48612,35.60293],[139.48511,35.6016]]}},{"type":"Feature","properties":{"idx":142,"road":NaN,"cls":"tertiary","shops":0,"st_km":0.5,"mesh":"53393328"},"geometry":{"type":"LineString","coordinates":[[139.48554,35.6033],[139.48612,35.60293]]}},{"type":"Feature","properties":{"idx":130,"road":NaN,"cls":"tertiary","shops":0,"st_km":0.6,"mesh":"53393328"},"geometry":{"type":"LineString","coordinates":[[139.48612,35.60293],[139.48739,35.60242]]}},{"type":"Feature","properties":{"idx":126,"road":NaN,"cls":"tertiary","shops":0,"st_km":0.59,"mesh":"53393328"},"geometry":{"type":"LineString","coordinates":[[139.48739,35.60242],[139.48751,35.60236]]}},{"type":"Feature","properties":{"idx":618,"road":NaN,"cls":"tertiary","shops":0,"st_km":0.55,"mesh":"53393318"},"geometry":{"type":"LineString","coordinates":[[139.48809,35.59992],[139.48745,35.59944],[139.48679,35.5987]]}},{"type":"Feature","properties":{"idx":793,"road":NaN,"cls":"secondary","shops":0,"st_km":0.61,"mesh":"53393327"},"geometry":{"type":"LineString","coordinates":[[139.47913,35.60417],[139.47562,35.60536],[139.47509,35.60562],[139.47468,35.6059],[139.47436,35.60621],[139.47212,35.60879],[139.47167,35.60997],[139.47147,35.6103],[139.47008,35.61159],[139.4697,35.61201],[139.46943,35.6125],[139.46911,35.61362]]}},{"type":"Feature","properties":{"idx":200,"road":NaN,"cls":"secondary","shops":0,"st_km":0.4,"mesh":"53393319"},"geometry":{"type":"LineString","coordinates":[[139.49526,35.5917],[139.49474,35.59186],[139.4935,35.5926]]}},{"type":"Feature","properties":{"idx":160,"road":NaN,"cls":"secondary","shops":0,"st_km":0.58,"mesh":"53393319"},"geometry":{"type":"LineString","coordinates":[[139.49237,35.59344],[139.49155,35.59399],[139.49097,35.59466],[139.48829,35.59742],[139.48679,35.5987]]}},{"type":"Feature","properties":{"idx":412,"road":NaN,"cls":"tertiary","shops":0,"st_km":0.45,"mesh":"53393391"},"geometry":{"type":"LineString","coordinates":[[139.39556,35.65806],[139.39335,35.65977]]}},{"type":"Feature","properties":{"idx":361,"road":NaN,"cls":"tertiary","shops":0,"st_km":0.42,"mesh":"53393381"},"geometry":{"type":"LineString","coordinates":[[139.39575,35.6579],[139.39556,35.65806]]}},{"type":"Feature","properties":{"idx":16,"road":"竪神社通り","cls":"tertiary","shops":0,"st_km":1.16,"mesh":"53393369"},"geometry":{"type":"LineString","coordinates":[[139.48705,35.63406],[139.48718,35.63437],[139.4873,35.63452],[139.48822,35.63504]]}},{"type":"Feature","properties":{"idx":82,"road":"丘の上通り","cls":"tertiary","shops":0,"st_km":1.11,"mesh":"53393368"},"geometry":{"type":"LineString","coordinates":[[139.48639,35.63777],[139.48602,35.63782],[139.48586,35.63777],[139.48566,35.63759],[139.48544,35.63753],[139.48513,35.63761],[139.48481,35.63792],[139.48458,35.63834],[139.48451,35.63881],[139.48455,35.6391],[139.48467,35.63928],[139.48501,35.63951],[139.48516,35.63969],[139.48522,35.63987],[139.48524,35.64048],[139.48534,35.64075],[139.48556,35.64096],[139.48607,35.64126],[139.4867,35.64147],[139.48706,35.64152],[139.4872,35.64148],[139.48737,35.6413],[139.48737,35.64091],[139.48762,35.64062]]}},{"type":"Feature","properties":{"idx":72,"road":"長峰西通り","cls":"tertiary","shops":0,"st_km":1.18,"mesh":"53393358"},"geometry":{"type":"LineString","coordinates":[[139.47736,35.6294],[139.4783,35.62872],[139.47863,35.62855],[139.47889,35.62848]]}},{"type":"Feature","properties":{"idx":69,"road":"長峰中央通り","cls":"tertiary","shops":0,"st_km":1.23,"mesh":"53393358"},"geometry":{"type":"LineString","coordinates":[[139.4795,35.62948],[139.47909,35.62903],[139.47889,35.62848]]}},{"type":"Feature","properties":{"idx":103,"road":NaN,"cls":"primary_link","shops":0,"st_km":0.1,"mesh":"53393389"},"geometry":{"type":"LineString","coordinates":[[139.48765,35.65718],[139.48782,35.65694],[139.48787,35.65644]]}},{"type":"Feature","properties":{"idx":103,"road":NaN,"cls":"primary_link","shops":0,"st_km":0.1,"mesh":"53393389"},"geometry":{"type":"LineString","coordinates":[[139.48787,35.65644],[139.48794,35.65582],[139.48788,35.65573],[139.48771,35.6557],[139.48758,35.65581],[139.48752,35.6566],[139.48721,35.65715],[139.48724,35.65725],[139.48743,35.65736]]}},{"type":"Feature","properties":{"idx":80,"road":NaN,"cls":"tertiary","shops":0,"st_km":0.49,"mesh":"53393389"},"geometry":{"type":"LineString","coordinates":[[139.49602,35.65501],[139.49408,35.65535],[139.4918,35.65556]]}},{"type":"Feature","properties":{"idx":98,"road":NaN,"cls":"tertiary","shops":0,"st_km":0.23,"mesh":"53393389"},"geometry":{"type":"LineString","coordinates":[[139.50149,35.65365],[139.50023,35.65387],[139.49602,35.65501]]}},{"type":"Feature","properties":{"idx":123,"road":NaN,"cls":"tertiary","shops":0,"st_km":0.53,"mesh":"53393399"},"geometry":{"type":"LineString","coordinates":[[139.49661,35.66028],[139.49663,35.6604]]}},{"type":"Feature","properties":{"idx":194,"road":NaN,"cls":"tertiary","shops":1,"st_km":0.48,"mesh":"53393399"},"geometry":{"type":"LineString","coordinates":[[139.49653,35.65965],[139.49654,35.65981]]}},{"type":"Feature","properties":{"idx":189,"road":NaN,"cls":"tertiary","shops":1,"st_km":0.51,"mesh":"53393399"},"geometry":{"type":"LineString","coordinates":[[139.49655,35.65987],[139.49661,35.66028]]}},{"type":"Feature","properties":{"idx":58,"road":NaN,"cls":"tertiary","shops":0,"st_km":0.62,"mesh":"53393379"},"geometry":{"type":"LineString","coordinates":[[139.49596,35.64713],[139.4955,35.64648]]}},{"type":"Feature","properties":{"idx":139,"road":NaN,"cls":"tertiary","shops":2,"st_km":0.43,"mesh":"53393379"},"geometry":{"type":"LineString","coordinates":[[139.49392,35.64751],[139.4938,35.6475]]}},{"type":"Feature","properties":{"idx":86,"road":"旧川崎街道","cls":"tertiary","shops":1,"st_km":0.65,"mesh":"53393379"},"geometry":{"type":"LineString","coordinates":[[139.49667,35.64731],[139.49622,35.64713],[139.49596,35.64713]]}},{"type":"Feature","properties":{"idx":91,"road":NaN,"cls":"pedestrian","shops":0,"st_km":0.65,"mesh":"53393389"},"geometry":{"type":"LineString","coordinates":[[139.49994,35.65021],[139.49787,35.6506]]}},{"type":"Feature","properties":{"idx":137,"road":NaN,"cls":"pedestrian","shops":1,"st_km":0.65,"mesh":"53393389"},"geometry":{"type":"LineString","coordinates":[[139.49787,35.6506],[139.49661,35.65085]]}},{"type":"Feature","properties":{"idx":101,"road":"いちょう並木通り","cls":"tertiary","shops":0,"st_km":0.07,"mesh":"53393379"},"geometry":{"type":"LineString","coordinates":[[139.49038,35.64971],[139.48976,35.64964]]}},{"type":"Feature","properties":{"idx":149,"road":NaN,"cls":"primary_link","shops":2,"st_km":0.36,"mesh":"53393378"},"geometry":{"type":"LineString","coordinates":[[139.48611,35.64758],[139.48608,35.64767]]}},{"type":"Feature","properties":{"idx":211,"road":NaN,"cls":"tertiary","shops":0,"st_km":1.25,"mesh":"53393320"},"geometry":{"type":"LineString","coordinates":[[139.38067,35.60522],[139.38057,35.60504],[139.38066,35.60474],[139.38064,35.60456],[139.38019,35.60398],[139.38012,35.60377],[139.38042,35.60328],[139.38062,35.60312],[139.38094,35.60297],[139.38216,35.6027],[139.38247,35.60272],[139.3828,35.60283],[139.38396,35.60377],[139.38406,35.60396],[139.384,35.60434]]}},{"type":"Feature","properties":{"idx":365,"road":NaN,"cls":"tertiary","shops":6,"st_km":0.25,"mesh":"53393330"},"geometry":{"type":"LineString","coordinates":[[139.37966,35.61661],[139.37637,35.61495]]}},{"type":"Feature","properties":{"idx":79,"road":NaN,"cls":"tertiary","shops":0,"st_km":0.4,"mesh":"53393330"},"geometry":{"type":"LineString","coordinates":[[139.37547,35.6162],[139.37558,35.61611],[139.37572,35.61585],[139.37631,35.61503]]}},{"type":"Feature","properties":{"idx":84,"road":NaN,"cls":"tertiary","shops":0,"st_km":0.33,"mesh":"53393330"},"geometry":{"type":"LineString","coordinates":[[139.37726,35.61359],[139.37569,35.61569],[139.37547,35.61608],[139.37547,35.6162]]}},{"type":"Feature","properties":{"idx":141,"road":NaN,"cls":"tertiary","shops":1,"st_km":0.22,"mesh":"53393330"},"geometry":{"type":"LineString","coordinates":[[139.37749,35.61346],[139.37757,35.61335]]}},{"type":"Feature","properties":{"idx":142,"road":"東光寺橋","cls":"tertiary","shops":1,"st_km":0.22,"mesh":"53393330"},"geometry":{"type":"LineString","coordinates":[[139.37757,35.61335],[139.37784,35.61298]]}},{"type":"Feature","properties":{"idx":94,"road":NaN,"cls":"tertiary","shops":0,"st_km":0.23,"mesh":"53393330"},"geometry":{"type":"LineString","coordinates":[[139.37784,35.61298],[139.37847,35.61215]]}},{"type":"Feature","properties":{"idx":140,"road":"東光寺橋","cls":"tertiary","shops":1,"st_km":0.23,"mesh":"53393330"},"geometry":{"type":"LineString","coordinates":[[139.37775,35.61294],[139.37748,35.61331]]}},{"type":"Feature","properties":{"idx":140,"road":NaN,"cls":"tertiary","shops":1,"st_km":0.23,"mesh":"53393330"},"geometry":{"type":"LineString","coordinates":[[139.37748,35.61331],[139.37739,35.61341]]}},{"type":"Feature","properties":{"idx":465,"road":NaN,"cls":"pedestrian","shops":3,"st_km":0.37,"mesh":"53393383"},"geometry":{"type":"LineString","coordinates":[[139.41472,35.65416],[139.41472,35.65454]]}},{"type":"Feature","properties":{"idx":147,"road":NaN,"cls":"tertiary","shops":0,"st_km":0.29,"mesh":"53393383"},"geometry":{"type":"LineString","coordinates":[[139.41367,35.65442],[139.4139,35.65462]]}},{"type":"Feature","properties":{"idx":145,"road":NaN,"cls":"tertiary","shops":0,"st_km":0.3,"mesh":"53393383"},"geometry":{"type":"LineString","coordinates":[[139.4139,35.65462],[139.41418,35.65483]]}},{"type":"Feature","properties":{"idx":140,"road":NaN,"cls":"tertiary","shops":0,"st_km":0.34,"mesh":"53393383"},"geometry":{"type":"LineString","coordinates":[[139.4144,35.65432],[139.41438,35.65459],[139.41418,35.65483]]}},{"type":"Feature","properties":{"idx":154,"road":NaN,"cls":"pedestrian","shops":1,"st_km":0.85,"mesh":"53393373"},"geometry":{"type":"LineString","coordinates":[[139.4207,35.64402],[139.42007,35.6437]]}},{"type":"Feature","properties":{"idx":166,"road":"九頭龍通り","cls":"tertiary","shops":0,"st_km":0.28,"mesh":"53393375"},"geometry":{"type":"LineString","coordinates":[[139.44638,35.64919],[139.44715,35.64913],[139.44764,35.64888],[139.44785,35.64883],[139.44826,35.64891],[139.4487,35.64892],[139.44963,35.64874],[139.45006,35.64897],[139.45094,35.64883],[139.45129,35.64907]]}},{"type":"Feature","properties":{"idx":309,"road":"中央道側道","cls":"tertiary","shops":0,"st_km":0.54,"mesh":"53393397"},"geometry":{"type":"LineString","coordinates":[[139.47058,35.66323],[139.47263,35.66271],[139.47511,35.66199]]}},{"type":"Feature","properties":{"idx":708,"road":"下河原通り","cls":"tertiary","shops":1,"st_km":0.31,"mesh":"53393386"},"geometry":{"type":"LineString","coordinates":[[139.45733,35.65934],[139.4575,35.65929],[139.4576,35.65878],[139.45769,35.65863],[139.45875,35.6579],[139.45949,35.65751],[139.46003,35.65739],[139.46131,35.65742],[139.46197,35.65735],[139.46299,35.65715],[139.46353,35.65699]]}},{"type":"Feature","properties":{"idx":120,"road":"中央道側道","cls":"tertiary","shops":0,"st_km":0.73,"mesh":"53393396"},"geometry":{"type":"LineString","coordinates":[[139.4505,35.66639],[139.45206,35.66588],[139.45326,35.66558],[139.45403,35.6654],[139.45416,35.6654],[139.45426,35.66548]]}},{"type":"Feature","properties":{"idx":266,"road":"日新四谷通り","cls":"tertiary","shops":0,"st_km":0.92,"mesh":"53393395"},"geometry":{"type":"LineString","coordinates":[[139.45031,35.66601],[139.4498,35.665],[139.44922,35.664],[139.44885,35.66345],[139.4482,35.66286]]}},{"type":"Feature","properties":{"idx":109,"road":"日新四谷通り","cls":"tertiary","shops":0,"st_km":0.84,"mesh":"53393396"},"geometry":{"type":"LineString","coordinates":[[139.45035,35.66609],[139.45031,35.66601]]}},{"type":"Feature","properties":{"idx":112,"road":"日新四谷通り","cls":"tertiary","shops":0,"st_km":0.81,"mesh":"53393396"},"geometry":{"type":"LineString","coordinates":[[139.4505,35.66639],[139.45047,35.66631]]}},{"type":"Feature","properties":{"idx":531,"road":"下河原通り","cls":"tertiary","shops":2,"st_km":0.6,"mesh":"53393387"},"geometry":{"type":"LineString","coordinates":[[139.46386,35.6573],[139.46353,35.65699]]}},{"type":"Feature","properties":{"idx":543,"road":NaN,"cls":"tertiary","shops":3,"st_km":0.13,"mesh":"53393396"},"geometry":{"type":"LineString","coordinates":[[139.45895,35.66043],[139.45874,35.66042],[139.45801,35.66057]]}},{"type":"Feature","properties":{"idx":164,"road":NaN,"cls":"tertiary","shops":0,"st_km":0.41,"mesh":"53393396"},"geometry":{"type":"LineString","coordinates":[[139.45974,35.65932],[139.46088,35.65893],[139.46199,35.65841],[139.46235,35.65831],[139.46418,35.65752]]}},{"type":"Feature","properties":{"idx":60,"road":"天神山通り","cls":"tertiary","shops":0,"st_km":0.59,"mesh":"53393379"},"geometry":{"type":"LineString","coordinates":[[139.49304,35.64044],[139.49629,35.64262],[139.4966,35.64268],[139.49708,35.64255],[139.49732,35.64254],[139.49766,35.64271],[139.49796,35.64301],[139.4981,35.64321],[139.49835,35.64427],[139.49874,35.6449]]}},{"type":"Feature","properties":{"idx":29,"road":"竪谷戸大橋","cls":"primary","shops":0,"st_km":0.69,"mesh":"53393369"},"geometry":{"type":"LineString","coordinates":[[139.49268,35.63865],[139.49401,35.63928]]}},{"type":"Feature","properties":{"idx":32,"road":NaN,"cls":"tertiary","shops":0,"st_km":0.35,"mesh":"53393369"},"geometry":{"type":"LineString","coordinates":[[139.49874,35.63926],[139.49864,35.63893]]}},{"type":"Feature","properties":{"idx":29,"road":NaN,"cls":"primary_link","shops":1,"st_km":0.75,"mesh":"53393369"},"geometry":{"type":"LineString","coordinates":[[139.4928,35.6383],[139.49259,35.63824],[139.49216,35.63825],[139.49185,35.63815],[139.49171,35.63815]]}},{"type":"Feature","properties":{"idx":19,"road":NaN,"cls":"tertiary","shops":0,"st_km":0.92,"mesh":"53393369"},"geometry":{"type":"LineString","coordinates":[[139.49088,35.63939],[139.49066,35.63925]]}},{"type":"Feature","properties":{"idx":29,"road":"南多摩尾根幹線道路","cls":"primary","shops":0,"st_km":0.7,"mesh":"53393369"},"geometry":{"type":"LineString","coordinates":[[139.49294,35.63838],[139.4928,35.6383]]}},{"type":"Feature","properties":{"idx":27,"road":NaN,"cls":"primary_link","shops":1,"st_km":0.81,"mesh":"53393369"},"geometry":{"type":"LineString","coordinates":[[139.49079,35.63765],[139.49105,35.63771],[139.49148,35.63769],[139.49198,35.63783]]}},{"type":"Feature","properties":{"idx":33,"road":NaN,"cls":"primary_link","shops":1,"st_km":0.61,"mesh":"53393369"},"geometry":{"type":"LineString","coordinates":[[139.49516,35.63933],[139.49458,35.63938],[139.49425,35.63932],[139.49415,35.63934]]}},{"type":"Feature","properties":{"idx":27,"road":"向陽台･公園通り","cls":"tertiary","shops":0,"st_km":0.52,"mesh":"53393369"},"geometry":{"type":"LineString","coordinates":[[139.49456,35.63905],[139.49487,35.63902],[139.49555,35.6392],[139.4961,35.63926],[139.49665,35.63921],[139.49709,35.63904]]}},{"type":"Feature","properties":{"idx":81,"road":"向陽台･公園通り","cls":"tertiary","shops":3,"st_km":0.34,"mesh":"53393369"},"geometry":{"type":"LineString","coordinates":[[139.49836,35.6379],[139.49799,35.63829],[139.49734,35.63888],[139.49709,35.63904]]}},{"type":"Feature","properties":{"idx":27,"road":"向陽台･公園通り","cls":"tertiary","shops":0,"st_km":0.52,"mesh":"53393369"},"geometry":{"type":"LineString","coordinates":[[139.49709,35.63904],[139.49664,35.63916],[139.49611,35.63921],[139.49557,35.63915],[139.49489,35.63897],[139.49459,35.639]]}},{"type":"Feature","properties":{"idx":30,"road":"竪谷戸大橋","cls":"primary","shops":0,"st_km":0.66,"mesh":"53393369"},"geometry":{"type":"LineString","coordinates":[[139.49426,35.63905],[139.49294,35.63838]]}},{"type":"Feature","properties":{"idx":29,"road":"鶴川街道","cls":"primary","shops":0,"st_km":0.67,"mesh":"53393369"},"geometry":{"type":"LineString","coordinates":[[139.49624,35.63551],[139.49434,35.63473],[139.49405,35.63453],[139.49303,35.63322],[139.49251,35.6328],[139.49194,35.63215],[139.49137,35.63117]]}},{"type":"Feature","properties":{"idx":153,"road":"鶴川街道","cls":"primary","shops":0,"st_km":0.98,"mesh":"53393359"},"geometry":{"type":"LineString","coordinates":[[139.49137,35.63117],[139.49129,35.63102]]}},{"type":"Feature","properties":{"idx":135,"road":"鶴川街道","cls":"primary","shops":0,"st_km":1.14,"mesh":"53393359"},"geometry":{"type":"LineString","coordinates":[[139.49129,35.63102],[139.49009,35.62876],[139.4896,35.62815]]}},{"type":"Feature","properties":{"idx":96,"road":"堂ヶ谷戸通り;新きさらぎ橋","cls":"tertiary","shops":0,"st_km":1.31,"mesh":"53393359"},"geometry":{"type":"LineString","coordinates":[[139.48916,35.62844],[139.489,35.62855]]}},{"type":"Feature","properties":{"idx":95,"road":"堂ヶ谷戸通り","cls":"tertiary","shops":0,"st_km":1.33,"mesh":"53393359"},"geometry":{"type":"LineString","coordinates":[[139.489,35.62855],[139.48813,35.62902]]}},{"type":"Feature","properties":{"idx":59,"road":"堂ヶ谷戸通り","cls":"tertiary","shops":0,"st_km":1.46,"mesh":"53393358"},"geometry":{"type":"LineString","coordinates":[[139.48426,35.6296],[139.48449,35.6294],[139.48464,35.62938],[139.48526,35.62969],[139.48617,35.62967],[139.48642,35.62959],[139.48726,35.62914],[139.48747,35.62909],[139.48792,35.62909],[139.48813,35.62902]]}},{"type":"Feature","properties":{"idx":96,"road":"堂ヶ谷戸通り","cls":"tertiary","shops":0,"st_km":1.31,"mesh":"53393359"},"geometry":{"type":"LineString","coordinates":[[139.4896,35.62815],[139.48916,35.62844]]}},{"type":"Feature","properties":{"idx":97,"road":NaN,"cls":"tertiary","shops":0,"st_km":1.29,"mesh":"53393359"},"geometry":{"type":"LineString","coordinates":[[139.4901,35.62773],[139.49027,35.62742],[139.49081,35.62748],[139.49099,35.62742],[139.4914,35.62677],[139.49164,35.62663],[139.49193,35.6266],[139.4921,35.62664],[139.49251,35.62688]]}},{"type":"Feature","properties":{"idx":88,"road":"上谷戸大橋通り","cls":"tertiary","shops":1,"st_km":1.49,"mesh":"53393358"},"geometry":{"type":"LineString","coordinates":[[139.48419,35.62966],[139.48469,35.63004],[139.48507,35.63057],[139.48517,35.63091],[139.48527,35.63208]]}},{"type":"Feature","properties":{"idx":93,"road":"上谷戸大橋通り","cls":"tertiary","shops":1,"st_km":1.39,"mesh":"53393358"},"geometry":{"type":"LineString","coordinates":[[139.48476,35.63394],[139.4853,35.63312],[139.48538,35.63277],[139.48538,35.63231]]}},{"type":"Feature","properties":{"idx":92,"road":"上谷戸大橋通り","cls":"tertiary","shops":1,"st_km":1.41,"mesh":"53393358"},"geometry":{"type":"LineString","coordinates":[[139.48538,35.63231],[139.48536,35.63208]]}},{"type":"Feature","properties":{"idx":56,"road":NaN,"cls":"tertiary","shops":0,"st_km":1.57,"mesh":"53393358"},"geometry":{"type":"LineString","coordinates":[[139.48419,35.62966],[139.48426,35.6296]]}},{"type":"Feature","properties":{"idx":55,"road":NaN,"cls":"tertiary","shops":0,"st_km":1.59,"mesh":"53393358"},"geometry":{"type":"LineString","coordinates":[[139.48166,35.63034],[139.48179,35.63011],[139.48194,35.63002],[139.48253,35.63021],[139.4831,35.63022],[139.48328,35.6303],[139.48407,35.63091],[139.48419,35.6311],[139.48423,35.6316],[139.48398,35.63186]]}},{"type":"Feature","properties":{"idx":125,"road":"上谷戸大橋通り","cls":"tertiary","shops":0,"st_km":0.78,"mesh":"53393348"},"geometry":{"type":"LineString","coordinates":[[139.47713,35.62304],[139.4773,35.62344],[139.47756,35.6237],[139.47792,35.62388],[139.47888,35.62424],[139.47927,35.62449],[139.47946,35.62472],[139.47993,35.62552]]}},{"type":"Feature","properties":{"idx":122,"road":"上谷戸大橋通り","cls":"tertiary","shops":0,"st_km":0.81,"mesh":"53393348"},"geometry":{"type":"LineString","coordinates":[[139.47993,35.62552],[139.47963,35.62483],[139.47939,35.62449],[139.479,35.6242],[139.47779,35.62374],[139.47763,35.62365],[139.47742,35.62343]]}},{"type":"Feature","properties":{"idx":83,"road":"上谷戸大橋通り","cls":"tertiary","shops":0,"st_km":0.99,"mesh":"53393358"},"geometry":{"type":"LineString","coordinates":[[139.47993,35.62552],[139.48019,35.62589]]}},{"type":"Feature","properties":{"idx":70,"road":"上谷戸大橋通り","cls":"tertiary","shops":0,"st_km":1.23,"mesh":"53393358"},"geometry":{"type":"LineString","coordinates":[[139.48148,35.62751],[139.48153,35.62758]]}},{"type":"Feature","properties":{"idx":75,"road":"上谷戸大橋","cls":"tertiary","shops":0,"st_km":1.12,"mesh":"53393358"},"geometry":{"type":"LineString","coordinates":[[139.48019,35.62589],[139.48148,35.62751]]}},{"type":"Feature","properties":{"idx":75,"road":"上谷戸通り","cls":"tertiary","shops":0,"st_km":1.13,"mesh":"53393358"},"geometry":{"type":"LineString","coordinates":[[139.47982,35.62727],[139.48095,35.62711]]}},{"type":"Feature","properties":{"idx":87,"road":"上谷戸通り","cls":"tertiary","shops":0,"st_km":0.94,"mesh":"53393358"},"geometry":{"type":"LineString","coordinates":[[139.47463,35.62803],[139.47484,35.62786],[139.47487,35.62771],[139.47481,35.62764],[139.47414,35.62729],[139.47397,35.62714],[139.47379,35.62673],[139.47383,35.62659],[139.47397,35.62648],[139.47414,35.62645],[139.47434,35.62651],[139.47508,35.62693],[139.47597,35.62752],[139.47634,35.62761],[139.47663,35.62757],[139.47699,35.62722],[139.47715,35.62716],[139.47774,35.62728],[139.47796,35.62738],[139.47815,35.62756],[139.47831,35.62761],[139.47905,35.62754],[139.47946,35.62736],[139.47982,35.62727]]}},{"type":"Feature","properties":{"idx":558,"road":"鶴川街道","cls":"primary","shops":3,"st_km":0.17,"mesh":"53393347"},"geometry":{"type":"LineString","coordinates":[[139.4746,35.61933],[139.47354,35.61823]]}},{"type":"Feature","properties":{"idx":565,"road":"鶴川街道","cls":"primary","shops":2,"st_km":0.34,"mesh":"53393337"},"geometry":{"type":"LineString","coordinates":[[139.47354,35.61823],[139.47256,35.61716],[139.47126,35.61543],[139.46972,35.6141]]}},{"type":"Feature","properties":{"idx":117,"road":NaN,"cls":"tertiary","shops":0,"st_km":0.53,"mesh":"53393309"},"geometry":{"type":"LineString","coordinates":[[139.49393,35.58643],[139.49369,35.5867],[139.4935,35.58675],[139.49265,35.58649],[139.49246,35.58651],[139.4923,35.58667],[139.49223,35.58696]]}},{"type":"Feature","properties":{"idx":84,"road":"多摩モノレール通り","cls":"secondary","shops":0,"st_km":0.21,"mesh":"53393372"},"geometry":{"type":"LineString","coordinates":[[139.40392,35.64905],[139.40375,35.64827],[139.40357,35.64785],[139.40349,35.64751]]}},{"type":"Feature","properties":{"idx":190,"road":"柳沢橋","cls":"tertiary","shops":0,"st_km":0.45,"mesh":"53393340"},"geometry":{"type":"LineString","coordinates":[[139.37846,35.61798],[139.37829,35.61786]]}},{"type":"Feature","properties":{"idx":507,"road":NaN,"cls":"pedestrian","shops":0,"st_km":0.8,"mesh":"53393360"},"geometry":{"type":"LineString","coordinates":[[139.37919,35.63986],[139.37918,35.63998],[139.37901,35.64001],[139.37911,35.64016],[139.37891,35.64019],[139.37899,35.64032],[139.37901,35.64044],[139.37919,35.64051],[139.37924,35.6406]]}},{"type":"Feature","properties":{"idx":857,"road":NaN,"cls":"pedestrian","shops":9,"st_km":0.04,"mesh":"53393330"},"geometry":{"type":"LineString","coordinates":[[139.37979,35.61388],[139.37911,35.6148]]}},{"type":"Feature","properties":{"idx":473,"road":NaN,"cls":"pedestrian","shops":0,"st_km":0.88,"mesh":"53393360"},"geometry":{"type":"LineString","coordinates":[[139.37749,35.63932],[139.37857,35.6395],[139.37872,35.63958],[139.37901,35.6399],[139.37919,35.63986]]}},{"type":"Feature","properties":{"idx":148,"road":NaN,"cls":"pedestrian","shops":1,"st_km":0.31,"mesh":"53393372"},"geometry":{"type":"LineString","coordinates":[[139.40822,35.64476],[139.40946,35.64467]]}},{"type":"Feature","properties":{"idx":371,"road":"天神通り","cls":"tertiary","shops":0,"st_km":1.54,"mesh":"53393349"},"geometry":{"type":"LineString","coordinates":[[139.48979,35.61995],[139.49002,35.61962],[139.49036,35.61843],[139.4904,35.61814],[139.49033,35.618],[139.4899,35.61759],[139.48977,35.61737],[139.48914,35.6154]]}},{"type":"Feature","properties":{"idx":93,"road":NaN,"cls":"tertiary","shops":0,"st_km":1.32,"mesh":"53393339"},"geometry":{"type":"LineString","coordinates":[[139.49779,35.61532],[139.49672,35.61311],[139.49663,35.61275],[139.49666,35.61238],[139.49703,35.61143],[139.49734,35.611],[139.49947,35.609]]}},{"type":"Feature","properties":{"idx":362,"road":NaN,"cls":"tertiary","shops":0,"st_km":1.66,"mesh":"53393349"},"geometry":{"type":"LineString","coordinates":[[139.49779,35.61532],[139.49802,35.61581],[139.49857,35.61648],[139.49898,35.61688],[139.50004,35.61817],[139.50032,35.61869]]}},{"type":"Feature","properties":{"idx":116,"road":NaN,"cls":"tertiary","shops":1,"st_km":1.41,"mesh":"53393348"},"geometry":{"type":"LineString","coordinates":[[139.48651,35.62476],[139.48654,35.62456]]}},{"type":"Feature","properties":{"idx":81,"road":"天神通り","cls":"tertiary","shops":0,"st_km":1.34,"mesh":"53393348"},"geometry":{"type":"LineString","coordinates":[[139.48654,35.62456],[139.48667,35.62361],[139.48659,35.62336],[139.48626,35.62303],[139.48617,35.62284],[139.48622,35.62267],[139.48658,35.62208],[139.48687,35.62176],[139.48741,35.62144],[139.48854,35.62042],[139.48896,35.62021],[139.48951,35.6201],[139.48979,35.61995]]}},{"type":"Feature","properties":{"idx":58,"road":"天神通り","cls":"tertiary","shops":0,"st_km":1.51,"mesh":"53393358"},"geometry":{"type":"LineString","coordinates":[[139.48794,35.6274],[139.48751,35.62687],[139.48739,35.62681],[139.48702,35.62678],[139.48684,35.62666],[139.48673,35.62653],[139.48669,35.62636],[139.48672,35.62586],[139.48646,35.62549],[139.48643,35.62538],[139.48651,35.62476]]}},{"type":"Feature","properties":{"idx":81,"road":"鶴川街道","cls":"primary","shops":0,"st_km":1.33,"mesh":"53393358"},"geometry":{"type":"LineString","coordinates":[[139.48386,35.62678],[139.48396,35.62686]]}},{"type":"Feature","properties":{"idx":128,"road":"鶴川街道","cls":"primary","shops":0,"st_km":1.03,"mesh":"53393348"},"geometry":{"type":"LineString","coordinates":[[139.47977,35.62163],[139.48102,35.62274],[139.48178,35.62351],[139.48201,35.62384],[139.48301,35.62588],[139.48337,35.62632],[139.48386,35.62678]]}},{"type":"Feature","properties":{"idx":71,"road":"鶴川街道","cls":"primary","shops":0,"st_km":1.54,"mesh":"53393358"},"geometry":{"type":"LineString","coordinates":[[139.4862,35.62729],[139.48634,35.6273]]}},{"type":"Feature","properties":{"idx":151,"road":"鶴川街道","cls":"primary","shops":2,"st_km":1.44,"mesh":"53393358"},"geometry":{"type":"LineString","coordinates":[[139.48396,35.62686],[139.48437,35.6271],[139.48471,35.6272],[139.4862,35.62729]]}},{"type":"Feature","properties":{"idx":552,"road":NaN,"cls":"tertiary","shops":7,"st_km":0.88,"mesh":"53393388"},"geometry":{"type":"LineString","coordinates":[[139.48027,35.65511],[139.47935,35.65506],[139.47781,35.65516]]}},{"type":"Feature","properties":{"idx":237,"road":NaN,"cls":"pedestrian","shops":0,"st_km":0.07,"mesh":"53393390"},"geometry":{"type":"LineString","coordinates":[[139.38107,35.65955],[139.381,35.65957],[139.38031,35.65912]]}},{"type":"Feature","properties":{"idx":203,"road":NaN,"cls":"tertiary","shops":0,"st_km":0.68,"mesh":"53393380"},"geometry":{"type":"LineString","coordinates":[[139.37882,35.65505],[139.37855,35.65459],[139.37851,35.65412],[139.37834,35.65386],[139.37402,35.65106]]}},{"type":"Feature","properties":{"idx":219,"road":NaN,"cls":"tertiary","shops":0,"st_km":0.6,"mesh":"53393380"},"geometry":{"type":"LineString","coordinates":[[139.37069,35.6491],[139.37165,35.64922],[139.37279,35.64968],[139.37386,35.65021],[139.37417,35.65054],[139.37447,35.65075],[139.37834,35.65257],[139.37988,35.65322]]}},{"type":"Feature","properties":{"idx":1106,"road":NaN,"cls":"tertiary","shops":22,"st_km":0.04,"mesh":"53393393"},"geometry":{"type":"LineString","coordinates":[[139.41319,35.66156],[139.41278,35.66173],[139.41277,35.66189],[139.41292,35.66191],[139.41329,35.66175],[139.41334,35.66169],[139.41335,35.66147]]}},{"type":"Feature","properties":{"idx":112,"road":NaN,"cls":"secondary_link","shops":2,"st_km":0.24,"mesh":"53393393"},"geometry":{"type":"LineString","coordinates":[[139.4142,35.65982],[139.4149,35.66101]]}},{"type":"Feature","properties":{"idx":61,"road":"野猿街道","cls":"primary","shops":0,"st_km":0.68,"mesh":"53393385"},"geometry":{"type":"LineString","coordinates":[[139.43893,35.65776],[139.43886,35.65765]]}},{"type":"Feature","properties":{"idx":345,"road":"野猿街道","cls":"primary","shops":0,"st_km":0.82,"mesh":"53393395"},"geometry":{"type":"LineString","coordinates":[[139.43883,35.65781],[139.44111,35.66139]]}},{"type":"Feature","properties":{"idx":93,"road":"野猿街道","cls":"primary","shops":1,"st_km":0.66,"mesh":"53393385"},"geometry":{"type":"LineString","coordinates":[[139.43886,35.65765],[139.43856,35.65682]]}},{"type":"Feature","properties":{"idx":61,"road":"野猿街道","cls":"primary","shops":0,"st_km":0.67,"mesh":"53393385"},"geometry":{"type":"LineString","coordinates":[[139.43877,35.65769],[139.43883,35.65781]]}},{"type":"Feature","properties":{"idx":374,"road":"宮下通り","cls":"tertiary","shops":6,"st_km":0.11,"mesh":"53393385"},"geometry":{"type":"LineString","coordinates":[[139.44674,35.65192],[139.44735,35.65174],[139.44755,35.65162]]}},{"type":"Feature","properties":{"idx":475,"road":"聖蹟Uロード","cls":"tertiary","shops":8,"st_km":0.1,"mesh":"53393385"},"geometry":{"type":"LineString","coordinates":[[139.44674,35.65192],[139.44652,35.65136]]}},{"type":"Feature","properties":{"idx":231,"road":NaN,"cls":"primary","shops":0,"st_km":0.42,"mesh":"53393376"},"geometry":{"type":"LineString","coordinates":[[139.45119,35.64933],[139.45123,35.64942]]}},{"type":"Feature","properties":{"idx":368,"road":NaN,"cls":"tertiary","shops":0,"st_km":1.03,"mesh":"53393356"},"geometry":{"type":"LineString","coordinates":[[139.45892,35.63287],[139.45924,35.63287]]}},{"type":"Feature","properties":{"idx":220,"road":NaN,"cls":"tertiary","shops":1,"st_km":1.27,"mesh":"53393366"},"geometry":{"type":"LineString","coordinates":[[139.46015,35.63285],[139.46097,35.63283],[139.46122,35.63288],[139.4614,35.63306],[139.46157,35.63366],[139.46184,35.63382],[139.46203,35.63383],[139.46292,35.63365],[139.46353,35.63343]]}},{"type":"Feature","properties":{"idx":353,"road":"聖ヶ丘橋","cls":"tertiary","shops":0,"st_km":1.08,"mesh":"53393356"},"geometry":{"type":"LineString","coordinates":[[139.45924,35.63287],[139.46015,35.63285]]}},{"type":"Feature","properties":{"idx":183,"road":NaN,"cls":"tertiary","shops":0,"st_km":0.48,"mesh":"53393340"},"geometry":{"type":"LineString","coordinates":[[139.37829,35.61786],[139.37786,35.61769],[139.37745,35.61768],[139.37576,35.61817]]}},{"type":"Feature","properties":{"idx":83,"road":NaN,"cls":"tertiary","shops":0,"st_km":2.45,"mesh":"53393306"},"geometry":{"type":"LineString","coordinates":[[139.45245,35.58492],[139.4526,35.58446],[139.45269,35.58407],[139.45268,35.58386],[139.4525,35.58365],[139.45218,35.58349],[139.45204,35.58336],[139.45173,35.58259]]}},{"type":"Feature","properties":{"idx":117,"road":NaN,"cls":"tertiary","shops":0,"st_km":0.11,"mesh":"53393389"},"geometry":{"type":"LineString","coordinates":[[139.48674,35.6555],[139.48882,35.65559]]}},{"type":"Feature","properties":{"idx":145,"road":NaN,"cls":"tertiary","shops":0,"st_km":0.68,"mesh":"53393388"},"geometry":{"type":"LineString","coordinates":[[139.48212,35.6552],[139.48134,35.65524],[139.48027,35.65511]]}},{"type":"Feature","properties":{"idx":181,"road":NaN,"cls":"tertiary","shops":0,"st_km":0.44,"mesh":"53393388"},"geometry":{"type":"LineString","coordinates":[[139.48563,35.65543],[139.48284,35.65519],[139.48212,35.6552]]}},{"type":"Feature","properties":{"idx":144,"road":"中央道側道","cls":"tertiary","shops":0,"st_km":0.76,"mesh":"53393398"},"geometry":{"type":"LineString","coordinates":[[139.47976,35.6594],[139.47999,35.65943],[139.48036,35.65959]]}},{"type":"Feature","properties":{"idx":153,"road":"中央道側道","cls":"tertiary","shops":0,"st_km":0.68,"mesh":"53393398"},"geometry":{"type":"LineString","coordinates":[[139.47925,35.66054],[139.47966,35.66016],[139.47976,35.6594]]}},{"type":"Feature","properties":{"idx":167,"road":"中央道側道","cls":"tertiary","shops":0,"st_km":0.59,"mesh":"53393398"},"geometry":{"type":"LineString","coordinates":[[139.47925,35.66054],[139.47874,35.66102]]}},{"type":"Feature","properties":{"idx":168,"road":"中央道側道","cls":"tertiary","shops":0,"st_km":0.58,"mesh":"53393398"},"geometry":{"type":"LineString","coordinates":[[139.47874,35.66102],[139.4789,35.66096],[139.47925,35.66054]]}},{"type":"Feature","properties":{"idx":314,"road":NaN,"cls":"tertiary","shops":1,"st_km":0.16,"mesh":"53393396"},"geometry":{"type":"LineString","coordinates":[[139.45974,35.65932],[139.45923,35.65972]]}},{"type":"Feature","properties":{"idx":344,"road":"ふるさと通り","cls":"tertiary","shops":4,"st_km":0.96,"mesh":"53393388"},"geometry":{"type":"LineString","coordinates":[[139.47781,35.65516],[139.47785,35.65543],[139.47793,35.65558],[139.47861,35.65597]]}},{"type":"Feature","properties":{"idx":438,"road":NaN,"cls":"pedestrian","shops":0,"st_km":0.58,"mesh":"53393397"},"geometry":{"type":"LineString","coordinates":[[139.46577,35.66344],[139.46569,35.66319]]}},{"type":"Feature","properties":{"idx":312,"road":NaN,"cls":"tertiary","shops":0,"st_km":2.6,"mesh":"53393303"},"geometry":{"type":"LineString","coordinates":[[139.41419,35.58685],[139.41627,35.58505],[139.41631,35.58494],[139.41626,35.58384],[139.41604,35.58349],[139.41615,35.58338],[139.41669,35.5834],[139.41701,35.5833],[139.41709,35.58322],[139.41711,35.58281],[139.41689,35.58241]]}},{"type":"Feature","properties":{"idx":244,"road":NaN,"cls":"tertiary","shops":0,"st_km":2.65,"mesh":"53393312"},"geometry":{"type":"LineString","coordinates":[[139.40742,35.5935],[139.40914,35.59213]]}},{"type":"Feature","properties":{"idx":250,"road":NaN,"cls":"tertiary","shops":0,"st_km":2.15,"mesh":"53393301"},"geometry":{"type":"LineString","coordinates":[[139.3968,35.58948],[139.39718,35.58956],[139.39816,35.58926],[139.39855,35.58926],[139.39882,35.58938],[139.39897,35.58957],[139.39903,35.58979],[139.39904,35.59029],[139.39922,35.5905],[139.39983,35.59056],[139.40033,35.59033]]}},{"type":"Feature","properties":{"idx":252,"road":NaN,"cls":"tertiary","shops":0,"st_km":2.52,"mesh":"53393312"},"geometry":{"type":"LineString","coordinates":[[139.4082,35.59497],[139.40864,35.59468],[139.41028,35.59281]]}},{"type":"Feature","properties":{"idx":254,"road":NaN,"cls":"tertiary","shops":0,"st_km":2.49,"mesh":"53393312"},"geometry":{"type":"LineString","coordinates":[[139.40029,35.59582],[139.40144,35.59574],[139.402,35.59562],[139.40275,35.59538]]}},{"type":"Feature","properties":{"idx":432,"road":NaN,"cls":"tertiary","shops":0,"st_km":1.05,"mesh":"53393318"},"geometry":{"type":"LineString","coordinates":[[139.48265,35.59093],[139.48233,35.59204],[139.48073,35.59349],[139.48024,35.59405]]}},{"type":"Feature","properties":{"idx":64,"road":NaN,"cls":"tertiary","shops":0,"st_km":0.54,"mesh":"53393308"},"geometry":{"type":"LineString","coordinates":[[139.4866,35.58815],[139.48622,35.58794],[139.48586,35.58781],[139.48525,35.58772],[139.48271,35.58772],[139.4813,35.58795],[139.48071,35.58793]]}},{"type":"Feature","properties":{"idx":414,"road":NaN,"cls":"tertiary","shops":1,"st_km":0.41,"mesh":"53393329"},"geometry":{"type":"LineString","coordinates":[[139.48809,35.59992],[139.48862,35.60001],[139.48878,35.60012],[139.48885,35.60025],[139.48884,35.60067],[139.48892,35.60085],[139.48908,35.60099],[139.48936,35.60111],[139.4899,35.60111],[139.4902,35.60127]]}},{"type":"Feature","properties":{"idx":153,"road":NaN,"cls":"tertiary","shops":0,"st_km":0.43,"mesh":"53393328"},"geometry":{"type":"LineString","coordinates":[[139.48554,35.6033],[139.4848,35.60374]]}},{"type":"Feature","properties":{"idx":141,"road":NaN,"cls":"secondary_link","shops":0,"st_km":0.22,"mesh":"53393328"},"geometry":{"type":"LineString","coordinates":[[139.48022,35.60381],[139.48024,35.6039],[139.47964,35.60432],[139.47941,35.60462],[139.47926,35.60466]]}},{"type":"Feature","properties":{"idx":163,"road":NaN,"cls":"secondary","shops":0,"st_km":0.48,"mesh":"53393328"},"geometry":{"type":"LineString","coordinates":[[139.48679,35.5987],[139.48449,35.60041],[139.48156,35.60323],[139.48102,35.60353],[139.47913,35.60417]]}},{"type":"Feature","properties":{"idx":40,"road":"向陽台・公園通り","cls":"tertiary","shops":0,"st_km":0.13,"mesh":"53393369"},"geometry":{"type":"LineString","coordinates":[[139.49981,35.63631],[139.49855,35.63764]]}},{"type":"Feature","properties":{"idx":135,"road":"向陽台・公園通り","cls":"tertiary","shops":4,"st_km":0.02,"mesh":"53393369"},"geometry":{"type":"LineString","coordinates":[[139.49987,35.63633],[139.50013,35.63608]]}},{"type":"Feature","properties":{"idx":135,"road":"向陽台・公園通り","cls":"tertiary","shops":4,"st_km":0.02,"mesh":"53393369"},"geometry":{"type":"LineString","coordinates":[[139.50007,35.63605],[139.49981,35.63631]]}},{"type":"Feature","properties":{"idx":71,"road":"向陽台・公園通り","cls":"tertiary","shops":2,"st_km":0.25,"mesh":"53393369"},"geometry":{"type":"LineString","coordinates":[[139.49836,35.6379],[139.49845,35.63785]]}},{"type":"Feature","properties":{"idx":54,"road":"向陽台・公園通り","cls":"tertiary","shops":1,"st_km":0.24,"mesh":"53393369"},"geometry":{"type":"LineString","coordinates":[[139.49848,35.63772],[139.4984,35.63781]]}},{"type":"Feature","properties":{"idx":54,"road":"向陽台・公園通り","cls":"tertiary","shops":1,"st_km":0.23,"mesh":"53393369"},"geometry":{"type":"LineString","coordinates":[[139.49853,35.63776],[139.4986,35.63767]]}},{"type":"Feature","properties":{"idx":40,"road":"向陽台・公園通り","cls":"tertiary","shops":0,"st_km":0.13,"mesh":"53393369"},"geometry":{"type":"LineString","coordinates":[[139.4986,35.63767],[139.49987,35.63633]]}},{"type":"Feature","properties":{"idx":82,"road":NaN,"cls":"tertiary","shops":3,"st_km":0.32,"mesh":"53393369"},"geometry":{"type":"LineString","coordinates":[[139.49799,35.63829],[139.49864,35.63893]]}},{"type":"Feature","properties":{"idx":87,"road":"鶴川街道","cls":"primary","shops":2,"st_km":0.27,"mesh":"53393369"},"geometry":{"type":"LineString","coordinates":[[139.49735,35.63706],[139.49738,35.63694]]}},{"type":"Feature","properties":{"idx":54,"road":"向陽台・公園通り","cls":"tertiary","shops":1,"st_km":0.23,"mesh":"53393369"},"geometry":{"type":"LineString","coordinates":[[139.49855,35.63764],[139.49848,35.63772]]}},{"type":"Feature","properties":{"idx":87,"road":"鶴川街道","cls":"primary","shops":2,"st_km":0.26,"mesh":"53393369"},"geometry":{"type":"LineString","coordinates":[[139.49738,35.63694],[139.49743,35.63677]]}},{"type":"Feature","properties":{"idx":88,"road":"鶴川街道","cls":"primary","shops":2,"st_km":0.26,"mesh":"53393369"},"geometry":{"type":"LineString","coordinates":[[139.49743,35.63677],[139.49743,35.63674]]}},{"type":"Feature","properties":{"idx":40,"road":"鶴川街道","cls":"primary","shops":0,"st_km":0.35,"mesh":"53393369"},"geometry":{"type":"LineString","coordinates":[[139.49654,35.63563],[139.49624,35.63551]]}},{"type":"Feature","properties":{"idx":127,"road":NaN,"cls":"tertiary","shops":0,"st_km":1.23,"mesh":"53393322"},"geometry":{"type":"LineString","coordinates":[[139.4084,35.61149],[139.4082,35.61126],[139.40788,35.61059],[139.4074,35.60981],[139.40723,35.60935],[139.40718,35.60899],[139.40721,35.60882],[139.40731,35.6086],[139.40749,35.60841],[139.4079,35.60811],[139.40812,35.6077],[139.4083,35.60605],[139.40825,35.60563],[139.40798,35.60453],[139.40803,35.60306],[139.40854,35.60131],[139.4088,35.59979]]}},{"type":"Feature","properties":{"idx":145,"road":"中央道側道","cls":"tertiary","shops":0,"st_km":0.75,"mesh":"53393398"},"geometry":{"type":"LineString","coordinates":[[139.4806,35.65973],[139.48036,35.65959]]}},{"type":"Feature","properties":{"idx":225,"road":NaN,"cls":"tertiary","shops":3,"st_km":0.15,"mesh":"53393385"},"geometry":{"type":"LineString","coordinates":[[139.44676,35.65235],[139.44674,35.65192]]}},{"type":"Feature","properties":{"idx":188,"road":"府中街道","cls":"primary","shops":0,"st_km":0.7,"mesh":"53393398"},"geometry":{"type":"LineString","coordinates":[[139.48134,35.66026],[139.48106,35.66055]]}},{"type":"Feature","properties":{"idx":1071,"road":"鎌倉街道","cls":"primary","shops":3,"st_km":0.51,"mesh":"53393397"},"geometry":{"type":"LineString","coordinates":[[139.46333,35.66399],[139.46422,35.66564],[139.46456,35.66607],[139.46476,35.66645]]}},{"type":"Feature","properties":{"idx":219,"road":NaN,"cls":"tertiary","shops":0,"st_km":0.08,"mesh":"53393328"},"geometry":{"type":"LineString","coordinates":[[139.48265,35.60492],[139.48113,35.60561]]}},{"type":"Feature","properties":{"idx":589,"road":NaN,"cls":"tertiary","shops":3,"st_km":0.01,"mesh":"53393328"},"geometry":{"type":"LineString","coordinates":[[139.48145,35.60597],[139.48117,35.60564]]}},{"type":"Feature","properties":{"idx":561,"road":NaN,"cls":"tertiary","shops":3,"st_km":0.05,"mesh":"53393328"},"geometry":{"type":"LineString","coordinates":[[139.48117,35.60564],[139.48072,35.60512]]}},{"type":"Feature","properties":{"idx":150,"road":NaN,"cls":"tertiary","shops":0,"st_km":0.55,"mesh":"53393338"},"geometry":{"type":"LineString","coordinates":[[139.47171,35.60987],[139.47312,35.61043],[139.47561,35.61235],[139.47594,35.61243],[139.47697,35.61211],[139.4803,35.61064],[139.4805,35.61048],[139.48071,35.61003],[139.48088,35.6098],[139.48109,35.60964],[139.48154,35.60942]]}},{"type":"Feature","properties":{"idx":577,"road":NaN,"cls":"tertiary","shops":0,"st_km":1.19,"mesh":"53393317"},"geometry":{"type":"LineString","coordinates":[[139.47362,35.59841],[139.47218,35.59867],[139.47171,35.59884],[139.46765,35.60143]]}},{"type":"Feature","properties":{"idx":186,"road":NaN,"cls":"tertiary","shops":0,"st_km":0.08,"mesh":"53393347"},"geometry":{"type":"LineString","coordinates":[[139.46509,35.61729],[139.46412,35.61819]]}},{"type":"Feature","properties":{"idx":737,"road":NaN,"cls":"tertiary","shops":7,"st_km":0.21,"mesh":"53393347"},"geometry":{"type":"LineString","coordinates":[[139.45978,35.6202],[139.46162,35.6202],[139.46198,35.62036],[139.4624,35.62067],[139.46418,35.61905],[139.46425,35.61889],[139.46419,35.61872],[139.46359,35.61827],[139.46345,35.61807],[139.46343,35.61671]]}},{"type":"Feature","properties":{"idx":233,"road":NaN,"cls":"tertiary","shops":0,"st_km":0.31,"mesh":"53393337"},"geometry":{"type":"LineString","coordinates":[[139.4658,35.61538],[139.46707,35.61631]]}},{"type":"Feature","properties":{"idx":154,"road":NaN,"cls":"tertiary","shops":0,"st_km":1.2,"mesh":"53393366"},"geometry":{"type":"LineString","coordinates":[[139.45819,35.63622],[139.45853,35.63653],[139.4586,35.63681],[139.4581,35.63792],[139.45797,35.63806],[139.45767,35.63821],[139.45701,35.63835],[139.45687,35.63842],[139.45669,35.63863],[139.45666,35.63885],[139.4568,35.63992],[139.4568,35.6402],[139.45654,35.64101],[139.45627,35.64167]]}},{"type":"Feature","properties":{"idx":183,"road":NaN,"cls":"tertiary","shops":0,"st_km":1.17,"mesh":"53393357"},"geometry":{"type":"LineString","coordinates":[[139.46439,35.62838],[139.46238,35.62943]]}},{"type":"Feature","properties":{"idx":133,"road":NaN,"cls":"tertiary","shops":0,"st_km":2.72,"mesh":"53393302"},"geometry":{"type":"LineString","coordinates":[[139.41061,35.58604],[139.41045,35.58632],[139.41041,35.58648],[139.41039,35.58765],[139.41043,35.58802],[139.4106,35.58852],[139.41133,35.58981],[139.41161,35.59009],[139.41416,35.5916]]}},{"type":"Feature","properties":{"idx":72,"road":NaN,"cls":"tertiary","shops":0,"st_km":1.19,"mesh":"53393358"},"geometry":{"type":"LineString","coordinates":[[139.48095,35.62711],[139.48107,35.62746],[139.48097,35.62769],[139.48081,35.62776],[139.48029,35.62776],[139.47972,35.62798],[139.47963,35.62809],[139.47969,35.62833]]}},{"type":"Feature","properties":{"idx":54,"road":"城山みはらし通り","cls":"tertiary","shops":0,"st_km":0.7,"mesh":"53393379"},"geometry":{"type":"LineString","coordinates":[[139.49511,35.64184],[139.49504,35.64193],[139.49505,35.642],[139.49533,35.64228],[139.49541,35.64246],[139.49541,35.64263],[139.49534,35.64277],[139.49444,35.64347],[139.49347,35.64373],[139.4932,35.64369],[139.49304,35.64361],[139.4906,35.64197],[139.4904,35.64191],[139.48984,35.64188]]}},{"type":"Feature","properties":{"idx":36,"road":NaN,"cls":"tertiary_link","shops":0,"st_km":0.65,"mesh":"53393379"},"geometry":{"type":"LineString","coordinates":[[139.49607,35.64248],[139.49531,35.64352],[139.49561,35.64387]]}},{"type":"Feature","properties":{"idx":154,"road":NaN,"cls":"tertiary","shops":0,"st_km":0.27,"mesh":"53393347"},"geometry":{"type":"LineString","coordinates":[[139.46847,35.61766],[139.46799,35.61731],[139.4677,35.61727],[139.46743,35.61735],[139.46685,35.61791]]}},{"type":"Feature","properties":{"idx":183,"road":"めがね橋","cls":"tertiary","shops":0,"st_km":0.75,"mesh":"53393341"},"geometry":{"type":"LineString","coordinates":[[139.39358,35.61999],[139.39384,35.62038],[139.39413,35.62056]]}},{"type":"Feature","properties":{"idx":228,"road":NaN,"cls":"tertiary","shops":0,"st_km":0.51,"mesh":"53393341"},"geometry":{"type":"LineString","coordinates":[[139.39413,35.62056],[139.3959,35.62148],[139.39618,35.62157],[139.3966,35.62154],[139.39807,35.62112]]}},{"type":"Feature","properties":{"idx":153,"road":"ふるさと通り","cls":"tertiary","shops":1,"st_km":1.12,"mesh":"53393388"},"geometry":{"type":"LineString","coordinates":[[139.47781,35.65516],[139.47596,35.65536],[139.47483,35.65539]]}},{"type":"Feature","properties":{"idx":134,"road":NaN,"cls":"tertiary","shops":0,"st_km":0.6,"mesh":"53393396"},"geometry":{"type":"LineString","coordinates":[[139.45319,35.6661],[139.45333,35.66619],[139.45348,35.6662],[139.45456,35.66587],[139.45567,35.666],[139.4568,35.66583]]}},{"type":"Feature","properties":{"idx":221,"road":"甲州街道","cls":"pedestrian","shops":0,"st_km":1.22,"mesh":"53393387"},"geometry":{"type":"LineString","coordinates":[[139.47125,35.65589],[139.47231,35.6557],[139.47258,35.65558],[139.47322,35.65549]]}},{"type":"Feature","properties":{"idx":210,"road":NaN,"cls":"pedestrian","shops":0,"st_km":1.29,"mesh":"53393387"},"geometry":{"type":"LineString","coordinates":[[139.47191,35.65418],[139.47257,35.65427],[139.47349,35.65475],[139.47419,35.65478],[139.47493,35.65491]]}},{"type":"Feature","properties":{"idx":164,"road":"中央道側道","cls":"tertiary","shops":0,"st_km":0.55,"mesh":"53393398"},"geometry":{"type":"LineString","coordinates":[[139.48139,35.66021],[139.48382,35.65992],[139.48797,35.65992],[139.48802,35.65999]]}},{"type":"Feature","properties":{"idx":138,"road":"中央道側道","cls":"tertiary","shops":0,"st_km":0.42,"mesh":"53393399"},"geometry":{"type":"LineString","coordinates":[[139.49906,35.66023],[139.4993,35.66008],[139.49933,35.65957]]}},{"type":"Feature","properties":{"idx":138,"road":NaN,"cls":"tertiary","shops":0,"st_km":0.57,"mesh":"53393396"},"geometry":{"type":"LineString","coordinates":[[139.4568,35.66583],[139.45876,35.66579]]}},{"type":"Feature","properties":{"idx":151,"road":"競馬場通り","cls":"tertiary","shops":0,"st_km":0.42,"mesh":"53393399"},"geometry":{"type":"LineString","coordinates":[[139.49166,35.66615],[139.49161,35.66622],[139.49172,35.66641],[139.49193,35.66652],[139.4921,35.66649]]}},{"type":"Feature","properties":{"idx":198,"road":NaN,"cls":"pedestrian","shops":0,"st_km":1.37,"mesh":"53393387"},"geometry":{"type":"LineString","coordinates":[[139.47067,35.65411],[139.47134,35.65411],[139.47191,35.65418]]}},{"type":"Feature","properties":{"idx":262,"road":"新小金井街道","cls":"secondary","shops":2,"st_km":0.7,"mesh":"53393399"},"geometry":{"type":"LineString","coordinates":[[139.49274,35.66031],[139.49276,35.66066],[139.49285,35.661],[139.4932,35.66168],[139.49598,35.66459]]}},{"type":"Feature","properties":{"idx":144,"road":"新小金井街道","cls":"secondary","shops":0,"st_km":0.54,"mesh":"53393399"},"geometry":{"type":"LineString","coordinates":[[139.49274,35.65921],[139.49274,35.66031]]}},{"type":"Feature","properties":{"idx":119,"road":"新小金井街道","cls":"secondary","shops":0,"st_km":0.2,"mesh":"53393389"},"geometry":{"type":"LineString","coordinates":[[139.48743,35.65736],[139.48915,35.65826],[139.48999,35.65861]]}},{"type":"Feature","properties":{"idx":138,"road":"中央道側道","cls":"tertiary","shops":0,"st_km":0.59,"mesh":"53393396"},"geometry":{"type":"LineString","coordinates":[[139.45888,35.66476],[139.45899,35.66466]]}},{"type":"Feature","properties":{"idx":126,"road":"くすのき通り","cls":"tertiary","shops":0,"st_km":0.67,"mesh":"53393396"},"geometry":{"type":"LineString","coordinates":[[139.45108,35.6676],[139.45173,35.66704],[139.45377,35.66572],[139.45454,35.66538],[139.45571,35.66515],[139.45888,35.66476]]}},{"type":"Feature","properties":{"idx":486,"road":"鎌倉街道","cls":"primary","shops":0,"st_km":0.51,"mesh":"53393386"},"geometry":{"type":"LineString","coordinates":[[139.45564,35.65524],[139.45569,35.65533]]}},{"type":"Feature","properties":{"idx":447,"road":"野猿街道","cls":"primary_link","shops":0,"st_km":0.87,"mesh":"53393384"},"geometry":{"type":"LineString","coordinates":[[139.43729,35.6508],[139.43746,35.65177]]}},{"type":"Feature","properties":{"idx":150,"road":"競艇場通り","cls":"tertiary","shops":0,"st_km":0.33,"mesh":"53393399"},"geometry":{"type":"LineString","coordinates":[[139.49946,35.65881],[139.49933,35.65957]]}},{"type":"Feature","properties":{"idx":197,"road":"競艇場通り","cls":"tertiary","shops":2,"st_km":0.22,"mesh":"53393389"},"geometry":{"type":"LineString","coordinates":[[139.49962,35.65765],[139.49946,35.65881]]}},{"type":"Feature","properties":{"idx":167,"road":"競艇場通り","cls":"tertiary","shops":1,"st_km":0.11,"mesh":"53393389"},"geometry":{"type":"LineString","coordinates":[[139.49955,35.6567],[139.49962,35.65765]]}},{"type":"Feature","properties":{"idx":159,"road":"川崎府中線","cls":"primary","shops":0,"st_km":0.5,"mesh":"53393399"},"geometry":{"type":"LineString","coordinates":[[139.49933,35.65957],[139.49691,35.65968],[139.49274,35.65921]]}},{"type":"Feature","properties":{"idx":135,"road":"多摩川通り","cls":"tertiary","shops":0,"st_km":1.48,"mesh":"53393387"},"geometry":{"type":"LineString","coordinates":[[139.4748,35.65328],[139.47294,35.65306],[139.47153,35.65305],[139.47062,35.65311]]}},{"type":"Feature","properties":{"idx":240,"road":"かえで通り","cls":"tertiary","shops":0,"st_km":0.81,"mesh":"53393397"},"geometry":{"type":"LineString","coordinates":[[139.47058,35.66323],[139.47058,35.65939],[139.47049,35.65928],[139.47041,35.65926],[139.46986,35.65926]]}},{"type":"Feature","properties":{"idx":193,"road":"ふるさと通り","cls":"tertiary","shops":1,"st_km":0.82,"mesh":"53393388"},"geometry":{"type":"LineString","coordinates":[[139.47976,35.6594],[139.47999,35.65659]]}},{"type":"Feature","properties":{"idx":306,"road":"鎌倉街道","cls":"primary","shops":1,"st_km":0.41,"mesh":"53393396"},"geometry":{"type":"LineString","coordinates":[[139.45801,35.66057],[139.45842,35.66089],[139.46243,35.66262],[139.46276,35.66293],[139.46333,35.66399]]}},{"type":"Feature","properties":{"idx":157,"road":"しみず下通り","cls":"tertiary","shops":0,"st_km":0.38,"mesh":"53393399"},"geometry":{"type":"LineString","coordinates":[[139.49598,35.66459],[139.49467,35.66505],[139.49422,35.6653],[139.49346,35.66587],[139.49316,35.66602],[139.49266,35.66612],[139.49166,35.66611]]}},{"type":"Feature","properties":{"idx":136,"road":NaN,"cls":"tertiary","shops":0,"st_km":0.59,"mesh":"53393396"},"geometry":{"type":"LineString","coordinates":[[139.45876,35.66579],[139.45892,35.66577]]}},{"type":"Feature","properties":{"idx":135,"road":NaN,"cls":"tertiary","shops":0,"st_km":0.59,"mesh":"53393396"},"geometry":{"type":"LineString","coordinates":[[139.45892,35.66577],[139.45917,35.66576]]}},{"type":"Feature","properties":{"idx":590,"road":NaN,"cls":"tertiary","shops":1,"st_km":0.37,"mesh":"53393397"},"geometry":{"type":"LineString","coordinates":[[139.46481,35.66655],[139.46476,35.66645]]}},{"type":"Feature","properties":{"idx":411,"road":"かえで通り","cls":"tertiary","shops":0,"st_km":0.33,"mesh":"53393397"},"geometry":{"type":"LineString","coordinates":[[139.47044,35.66839],[139.47065,35.66676],[139.47058,35.66323]]}},{"type":"Feature","properties":{"idx":436,"road":NaN,"cls":"tertiary","shops":2,"st_km":0.12,"mesh":"53393396"},"geometry":{"type":"LineString","coordinates":[[139.45923,35.65972],[139.45912,35.65983],[139.4589,35.65995],[139.45889,35.66],[139.45904,35.66025],[139.45895,35.66043]]}},{"type":"Feature","properties":{"idx":348,"road":"中央道側道","cls":"tertiary","shops":0,"st_km":0.49,"mesh":"53393397"},"geometry":{"type":"LineString","coordinates":[[139.46627,35.66397],[139.46793,35.66375],[139.47058,35.66323]]}},{"type":"Feature","properties":{"idx":184,"road":"中央道側道","cls":"tertiary","shops":0,"st_km":0.49,"mesh":"53393398"},"geometry":{"type":"LineString","coordinates":[[139.47511,35.66199],[139.47697,35.66145],[139.47837,35.66108],[139.47874,35.66102]]}},{"type":"Feature","properties":{"idx":311,"road":"諏訪南通り","cls":"tertiary","shops":0,"st_km":0.88,"mesh":"53393346"},"geometry":{"type":"LineString","coordinates":[[139.45663,35.62154],[139.4579,35.62214],[139.45824,35.6224],[139.45841,35.62268],[139.45866,35.62335],[139.45865,35.62376],[139.45843,35.62413],[139.4565,35.62611],[139.45627,35.62623],[139.45605,35.62627],[139.4552,35.62622]]}},{"type":"Feature","properties":{"idx":100,"road":NaN,"cls":"tertiary","shops":0,"st_km":3.03,"mesh":"53393315"},"geometry":{"type":"LineString","coordinates":[[139.44769,35.59312],[139.44756,35.59349],[139.44776,35.59389]]}},{"type":"Feature","properties":{"idx":2718,"road":NaN,"cls":"pedestrian","shops":20,"st_km":0.03,"mesh":"53393390"},"geometry":{"type":"LineString","coordinates":[[139.38107,35.65955],[139.38133,35.65975],[139.38136,35.65972]]}},{"type":"Feature","properties":{"idx":2143,"road":NaN,"cls":"pedestrian","shops":15,"st_km":0.01,"mesh":"53393390"},"geometry":{"type":"LineString","coordinates":[[139.38166,35.6594],[139.38143,35.65964]]}},{"type":"Feature","properties":{"idx":2420,"road":NaN,"cls":"pedestrian","shops":18,"st_km":0.05,"mesh":"53393390"},"geometry":{"type":"LineString","coordinates":[[139.38147,35.6602],[139.38155,35.66021],[139.38175,35.66001],[139.38133,35.65975],[139.38113,35.65998]]}},{"type":"Feature","properties":{"idx":185,"road":NaN,"cls":"tertiary","shops":1,"st_km":1.34,"mesh":"53393333"},"geometry":{"type":"LineString","coordinates":[[139.42301,35.60888],[139.42283,35.60857]]}},{"type":"Feature","properties":{"idx":82,"road":NaN,"cls":"secondary_link","shops":0,"st_km":0.52,"mesh":"53393390"},"geometry":{"type":"LineString","coordinates":[[139.37541,35.65866],[139.37583,35.65859],[139.37617,35.65843]]}},{"type":"Feature","properties":{"idx":100,"road":NaN,"cls":"tertiary","shops":0,"st_km":0.89,"mesh":"53393383"},"geometry":{"type":"LineString","coordinates":[[139.42178,35.65556],[139.42218,35.65704],[139.42215,35.65724],[139.42198,35.65737],[139.42083,35.65758],[139.4207,35.65768],[139.42066,35.65788],[139.42073,35.65799],[139.42084,35.65804],[139.42171,35.65804],[139.42206,35.6582],[139.4223,35.65846],[139.42243,35.65907]]}},{"type":"Feature","properties":{"idx":60,"road":NaN,"cls":"tertiary","shops":0,"st_km":1.13,"mesh":"53393373"},"geometry":{"type":"LineString","coordinates":[[139.42032,35.64837],[139.4209,35.64836],[139.4213,35.64842],[139.42228,35.64902],[139.42244,35.64918],[139.42258,35.64936],[139.4228,35.64981],[139.42408,35.65257]]}},{"type":"Feature","properties":{"idx":86,"road":NaN,"cls":"tertiary","shops":0,"st_km":1.02,"mesh":"53393344"},"geometry":{"type":"LineString","coordinates":[[139.43725,35.62237],[139.43673,35.62235],[139.43649,35.62239],[139.43614,35.62274],[139.43587,35.62314],[139.43551,35.62425],[139.4356,35.62454],[139.43587,35.6249],[139.4359,35.62518],[139.43574,35.62612],[139.4355,35.62645]]}},{"type":"Feature","properties":{"idx":90,"road":NaN,"cls":"tertiary","shops":0,"st_km":0.92,"mesh":"53393383"},"geometry":{"type":"LineString","coordinates":[[139.42265,35.65322],[139.42461,35.65233],[139.42474,35.65218],[139.42479,35.65162],[139.4247,35.65111],[139.42374,35.64902],[139.4236,35.64878],[139.4232,35.64841]]}},{"type":"Feature","properties":{"idx":87,"road":NaN,"cls":"tertiary","shops":0,"st_km":0.88,"mesh":"53393383"},"geometry":{"type":"LineString","coordinates":[[139.42506,35.65634],[139.42471,35.65652],[139.42068,35.65721],[139.42062,35.65721],[139.42026,35.65683],[139.42019,35.65657],[139.42036,35.65544],[139.42108,35.65382],[139.42127,35.65377],[139.42138,35.6538],[139.42215,35.65437],[139.42244,35.65433],[139.42271,35.65438],[139.42284,35.65448],[139.42298,35.65475],[139.42309,35.65486],[139.42381,35.65452],[139.42398,35.65434],[139.42416,35.654],[139.42484,35.65337],[139.42503,35.65324]]}},{"type":"Feature","properties":{"idx":56,"road":NaN,"cls":"tertiary","shops":0,"st_km":1.24,"mesh":"53393373"},"geometry":{"type":"LineString","coordinates":[[139.4232,35.64841],[139.4214,35.64959]]}},{"type":"Feature","properties":{"idx":746,"road":NaN,"cls":"pedestrian","shops":0,"st_km":0.02,"mesh":"53393381"},"geometry":{"type":"LineString","coordinates":[[139.39297,35.65567],[139.39205,35.65485],[139.39186,35.65479],[139.3917,35.65464]]}},{"type":"Feature","properties":{"idx":97,"road":"旧野猿街道","cls":"tertiary","shops":0,"st_km":1.5,"mesh":"53393350"},"geometry":{"type":"LineString","coordinates":[[139.38337,35.62878],[139.38565,35.62862],[139.38573,35.62858],[139.38579,35.62846]]}},{"type":"Feature","properties":{"idx":170,"road":NaN,"cls":"tertiary","shops":0,"st_km":0.19,"mesh":"53393355"},"geometry":{"type":"LineString","coordinates":[[139.4469,35.62752],[139.44644,35.62822],[139.44643,35.62839],[139.44664,35.62876],[139.44663,35.62893],[139.44617,35.62953],[139.446,35.63009],[139.44584,35.63023],[139.4451,35.63039],[139.44489,35.63036],[139.44466,35.63024],[139.4444,35.62983],[139.44439,35.62971],[139.44448,35.62929],[139.4444,35.62888],[139.44431,35.62879],[139.44413,35.62879]]}},{"type":"Feature","properties":{"idx":271,"road":NaN,"cls":"pedestrian","shops":3,"st_km":0.79,"mesh":"53393373"},"geometry":{"type":"LineString","coordinates":[[139.42081,35.64246],[139.41996,35.64352],[139.42013,35.64362],[139.41998,35.64382],[139.42026,35.64396]]}},{"type":"Feature","properties":{"idx":236,"road":"黒川柳橋","cls":"tertiary","shops":0,"st_km":0.3,"mesh":"53393337"},"geometry":{"type":"LineString","coordinates":[[139.46707,35.61631],[139.46742,35.61656]]}},{"type":"Feature","properties":{"idx":142,"road":NaN,"cls":"tertiary","shops":0,"st_km":0.35,"mesh":"53393347"},"geometry":{"type":"LineString","coordinates":[[139.46742,35.61656],[139.46774,35.61666],[139.46825,35.61671],[139.46852,35.61683],[139.46899,35.61717]]}},{"type":"Feature","properties":{"idx":92,"road":NaN,"cls":"pedestrian","shops":0,"st_km":0.75,"mesh":"53393363"},"geometry":{"type":"LineString","coordinates":[[139.4239,35.63992],[139.42386,35.63997],[139.42378,35.63994]]}},{"type":"Feature","properties":{"idx":187,"road":NaN,"cls":"tertiary","shops":0,"st_km":1.43,"mesh":"53393300"},"geometry":{"type":"LineString","coordinates":[[139.38593,35.58592],[139.38601,35.58603]]}},{"type":"Feature","properties":{"idx":445,"road":NaN,"cls":"tertiary","shops":1,"st_km":1.76,"mesh":"53393301"},"geometry":{"type":"LineString","coordinates":[[139.38793,35.58911],[139.3877,35.58868]]}},{"type":"Feature","properties":{"idx":171,"road":NaN,"cls":"tertiary","shops":0,"st_km":1.58,"mesh":"53393300"},"geometry":{"type":"LineString","coordinates":[[139.38649,35.5868],[139.38724,35.58791]]}},{"type":"Feature","properties":{"idx":175,"road":NaN,"cls":"tertiary","shops":0,"st_km":1.54,"mesh":"53393300"},"geometry":{"type":"LineString","coordinates":[[139.38724,35.58791],[139.38725,35.58785],[139.38607,35.586]]}},{"type":"Feature","properties":{"idx":218,"road":NaN,"cls":"tertiary","shops":1,"st_km":0.36,"mesh":"53393355"},"geometry":{"type":"LineString","coordinates":[[139.44702,35.63161],[139.44478,35.63152],[139.44387,35.63109],[139.44373,35.63097],[139.44364,35.6308],[139.44356,35.62963]]}},{"type":"Feature","properties":{"idx":101,"road":"新開橋","cls":"tertiary","shops":0,"st_km":2.98,"mesh":"53393315"},"geometry":{"type":"LineString","coordinates":[[139.44776,35.59389],[139.44777,35.59397]]}},{"type":"Feature","properties":{"idx":101,"road":NaN,"cls":"tertiary","shops":0,"st_km":2.96,"mesh":"53393315"},"geometry":{"type":"LineString","coordinates":[[139.44777,35.59397],[139.44782,35.59431]]}},{"type":"Feature","properties":{"idx":234,"road":"鎌倉街道","cls":"primary","shops":3,"st_km":2.89,"mesh":"53393306"},"geometry":{"type":"LineString","coordinates":[[139.45038,35.58783],[139.45054,35.58823]]}},{"type":"Feature","properties":{"idx":141,"road":"鎌倉街道","cls":"primary","shops":1,"st_km":2.85,"mesh":"53393306"},"geometry":{"type":"LineString","coordinates":[[139.45043,35.5876],[139.44977,35.58595]]}},{"type":"Feature","properties":{"idx":168,"road":"町田平山八王子線","cls":"secondary","shops":1,"st_km":2.72,"mesh":"53393313"},"geometry":{"type":"LineString","coordinates":[[139.41845,35.58991],[139.41811,35.5905],[139.4178,35.59082],[139.41743,35.59111],[139.41607,35.59199],[139.41582,35.59221],[139.41507,35.59305],[139.4139,35.59382],[139.41285,35.59464]]}},{"type":"Feature","properties":{"idx":145,"road":"堰場橋","cls":"secondary","shops":0,"st_km":0.08,"mesh":"53393363"},"geometry":{"type":"LineString","coordinates":[[139.41726,35.63629],[139.4169,35.63653]]}},{"type":"Feature","properties":{"idx":907,"road":"川崎街道","cls":"primary","shops":2,"st_km":0.21,"mesh":"53393392"},"geometry":{"type":"LineString","coordinates":[[139.40696,35.66329],[139.40737,35.66344],[139.40801,35.66348],[139.41014,35.66306],[139.41047,35.66295],[139.41076,35.66278],[139.41105,35.66249],[139.41122,35.6622],[139.41154,35.6613],[139.41179,35.66094],[139.41206,35.66071],[139.41303,35.66008]]}},{"type":"Feature","properties":{"idx":235,"road":NaN,"cls":"tertiary","shops":0,"st_km":0.65,"mesh":"53393392"},"geometry":{"type":"LineString","coordinates":[[139.40564,35.66399],[139.40676,35.66392]]}},{"type":"Feature","properties":{"idx":123,"road":NaN,"cls":"tertiary","shops":1,"st_km":0.35,"mesh":"53393330"},"geometry":{"type":"LineString","coordinates":[[139.37847,35.61215],[139.37909,35.61135],[139.37945,35.61109],[139.37974,35.61096],[139.38023,35.61087],[139.38225,35.61083]]}},{"type":"Feature","properties":{"idx":93,"road":NaN,"cls":"tertiary","shops":0,"st_km":0.24,"mesh":"53393330"},"geometry":{"type":"LineString","coordinates":[[139.37842,35.61207],[139.37775,35.61294]]}},{"type":"Feature","properties":{"idx":87,"road":"鶴川街道","cls":"secondary","shops":0,"st_km":0.35,"mesh":"53393308"},"geometry":{"type":"LineString","coordinates":[[139.48028,35.58779],[139.48145,35.5868],[139.48408,35.58475]]}},{"type":"Feature","properties":{"idx":695,"road":"鶴川いちょう通り","cls":"tertiary","shops":3,"st_km":0.86,"mesh":"53393307"},"geometry":{"type":"LineString","coordinates":[[139.48028,35.58779],[139.47755,35.58681],[139.47696,35.58673],[139.47645,35.58677],[139.47581,35.58697],[139.47156,35.58902],[139.47076,35.58926],[139.46808,35.58989]]}},{"type":"Feature","properties":{"idx":128,"road":NaN,"cls":"tertiary","shops":2,"st_km":0.54,"mesh":"53393308"},"geometry":{"type":"LineString","coordinates":[[139.48057,35.58789],[139.48028,35.58779]]}},{"type":"Feature","properties":{"idx":128,"road":NaN,"cls":"tertiary","shops":2,"st_km":0.54,"mesh":"53393308"},"geometry":{"type":"LineString","coordinates":[[139.48071,35.58793],[139.48057,35.58789]]}},{"type":"Feature","properties":{"idx":137,"road":"津久井道","cls":"primary","shops":1,"st_km":0.41,"mesh":"53393308"},"geometry":{"type":"LineString","coordinates":[[139.48564,35.58498],[139.48582,35.58501]]}},{"type":"Feature","properties":{"idx":135,"road":"津久井道","cls":"primary","shops":0,"st_km":0.64,"mesh":"53393309"},"geometry":{"type":"LineString","coordinates":[[139.48643,35.58509],[139.48892,35.5854],[139.49035,35.5853]]}},{"type":"Feature","properties":{"idx":274,"road":NaN,"cls":"tertiary","shops":2,"st_km":0.19,"mesh":"53393370"},"geometry":{"type":"LineString","coordinates":[[139.37885,35.64592],[139.37884,35.64578]]}},{"type":"Feature","properties":{"idx":547,"road":NaN,"cls":"pedestrian","shops":7,"st_km":0.08,"mesh":"53393393"},"geometry":{"type":"LineString","coordinates":[[139.4139,35.66243],[139.41403,35.66211],[139.41368,35.66153]]}},{"type":"Feature","properties":{"idx":199,"road":"多摩センター南通り","cls":"tertiary","shops":0,"st_km":0.12,"mesh":"53393344"},"geometry":{"type":"LineString","coordinates":[[139.42424,35.62375],[139.42625,35.6245]]}},{"type":"Feature","properties":{"idx":651,"road":"多摩中央公園通り","cls":"tertiary","shops":6,"st_km":0.29,"mesh":"53393344"},"geometry":{"type":"LineString","coordinates":[[139.4227,35.62145],[139.4234,35.62149],[139.424,35.62159],[139.42724,35.62272]]}},{"type":"Feature","properties":{"idx":223,"road":NaN,"cls":"tertiary","shops":1,"st_km":0.17,"mesh":"53393354"},"geometry":{"type":"LineString","coordinates":[[139.42386,35.62447],[139.42738,35.62577],[139.42773,35.62574],[139.42804,35.6256],[139.42832,35.62518]]}},{"type":"Feature","properties":{"idx":403,"road":"多摩中央公園通り","cls":"tertiary","shops":3,"st_km":0.3,"mesh":"53393344"},"geometry":{"type":"LineString","coordinates":[[139.42734,35.62266],[139.42403,35.6215],[139.4236,35.62142],[139.42271,35.62136]]}},{"type":"Feature","properties":{"idx":421,"road":NaN,"cls":"tertiary","shops":0,"st_km":1.09,"mesh":"53393318"},"geometry":{"type":"LineString","coordinates":[[139.48308,35.59365],[139.48289,35.59334],[139.48235,35.59217],[139.48227,35.59211]]}},{"type":"Feature","properties":{"idx":305,"road":NaN,"cls":"tertiary","shops":0,"st_km":0.31,"mesh":"53393329"},"geometry":{"type":"LineString","coordinates":[[139.49027,35.60137],[139.4902,35.60127]]}},{"type":"Feature","properties":{"idx":350,"road":NaN,"cls":"tertiary","shops":0,"st_km":0.17,"mesh":"53393329"},"geometry":{"type":"LineString","coordinates":[[139.49162,35.60088],[139.4916,35.60077]]}},{"type":"Feature","properties":{"idx":352,"road":NaN,"cls":"tertiary","shops":0,"st_km":0.17,"mesh":"53393329"},"geometry":{"type":"LineString","coordinates":[[139.4916,35.60077],[139.49142,35.59983]]}},{"type":"Feature","properties":{"idx":179,"road":NaN,"cls":"tertiary","shops":0,"st_km":0.27,"mesh":"53393328"},"geometry":{"type":"LineString","coordinates":[[139.48265,35.60492],[139.4848,35.60374]]}},{"type":"Feature","properties":{"idx":114,"road":"ひなた通り","cls":"tertiary","shops":0,"st_km":0.91,"mesh":"53393338"},"geometry":{"type":"LineString","coordinates":[[139.48392,35.61625],[139.48387,35.61611],[139.48376,35.61598],[139.48311,35.61559],[139.48284,35.61535],[139.48236,35.6148],[139.48223,35.61449],[139.48228,35.61322],[139.48234,35.61286],[139.48249,35.61253],[139.48295,35.61209],[139.48312,35.61182],[139.48314,35.6116],[139.48302,35.61126]]}},{"type":"Feature","properties":{"idx":211,"road":NaN,"cls":"tertiary","shops":0,"st_km":2.42,"mesh":"53393316"},"geometry":{"type":"LineString","coordinates":[[139.45352,35.59527],[139.45357,35.59541],[139.45386,35.59573],[139.45465,35.59636],[139.4547,35.59645],[139.45469,35.59656],[139.45457,35.59669]]}},{"type":"Feature","properties":{"idx":125,"road":NaN,"cls":"tertiary","shops":0,"st_km":2.19,"mesh":"53393335"},"geometry":{"type":"LineString","coordinates":[[139.43811,35.61011],[139.4404,35.61024],[139.44083,35.61014],[139.44177,35.60977],[139.44279,35.60979]]}},{"type":"Feature","properties":{"idx":121,"road":"卸売市場西側橋","cls":"tertiary","shops":0,"st_km":2.2,"mesh":"53393335"},"geometry":{"type":"LineString","coordinates":[[139.44279,35.60979],[139.44347,35.60983]]}},{"type":"Feature","properties":{"idx":124,"road":NaN,"cls":"tertiary","shops":0,"st_km":2.15,"mesh":"53393335"},"geometry":{"type":"LineString","coordinates":[[139.44347,35.60983],[139.44403,35.60987]]}},{"type":"Feature","properties":{"idx":122,"road":NaN,"cls":"tertiary","shops":0,"st_km":2.24,"mesh":"53393335"},"geometry":{"type":"LineString","coordinates":[[139.4423,35.60977],[139.44227,35.61014],[139.44234,35.61027],[139.44254,35.61036],[139.44303,35.61039]]}},{"type":"Feature","properties":{"idx":125,"road":NaN,"cls":"tertiary","shops":0,"st_km":2.11,"mesh":"53393335"},"geometry":{"type":"LineString","coordinates":[[139.44319,35.61042],[139.44367,35.61043],[139.44389,35.61036],[139.44399,35.61021],[139.44403,35.60987]]}},{"type":"Feature","properties":{"idx":193,"road":NaN,"cls":"primary_link","shops":0,"st_km":2.36,"mesh":"53393316"},"geometry":{"type":"LineString","coordinates":[[139.45775,35.59214],[139.45835,35.59177],[139.45846,35.59176],[139.45859,35.59183]]}},{"type":"Feature","properties":{"idx":138,"road":NaN,"cls":"tertiary","shops":0,"st_km":1.91,"mesh":"53393335"},"geometry":{"type":"LineString","coordinates":[[139.44555,35.61186],[139.44489,35.61264],[139.44479,35.61354],[139.44444,35.61393]]}},{"type":"Feature","properties":{"idx":73,"road":NaN,"cls":"secondary","shops":0,"st_km":2.27,"mesh":"53393324"},"geometry":{"type":"LineString","coordinates":[[139.43539,35.6015],[139.43556,35.6017],[139.4355,35.60187],[139.43534,35.60203],[139.43497,35.60224],[139.43463,35.60279],[139.43395,35.60338],[139.43394,35.60358],[139.43386,35.60373],[139.43401,35.60401],[139.43406,35.60471],[139.43423,35.60493],[139.43452,35.60507],[139.43461,35.60517],[139.43446,35.6057],[139.4345,35.60586],[139.43458,35.60596],[139.43468,35.60602],[139.43514,35.60606],[139.43541,35.60629],[139.4361,35.60644],[139.43634,35.60657],[139.43673,35.60725],[139.43705,35.60796],[139.43737,35.60843],[139.43793,35.60912],[139.43797,35.60931],[139.43784,35.60942]]}},{"type":"Feature","properties":{"idx":147,"road":NaN,"cls":"tertiary","shops":2,"st_km":3.55,"mesh":"53393304"},"geometry":{"type":"LineString","coordinates":[[139.43459,35.59245],[139.43555,35.59091],[139.43569,35.59044],[139.43607,35.59008],[139.43627,35.58981]]}},{"type":"Feature","properties":{"idx":48,"road":"長池小山田陸橋","cls":"tertiary","shops":0,"st_km":1.33,"mesh":"53393321"},"geometry":{"type":"LineString","coordinates":[[139.39158,35.60658],[139.39101,35.60664]]}},{"type":"Feature","properties":{"idx":570,"road":NaN,"cls":"tertiary","shops":1,"st_km":0.54,"mesh":"53393391"},"geometry":{"type":"LineString","coordinates":[[139.38517,35.65603],[139.3912,35.66083]]}},{"type":"Feature","properties":{"idx":157,"road":"小山田隧道","cls":"tertiary","shops":0,"st_km":2.17,"mesh":"53393302"},"geometry":{"type":"LineString","coordinates":[[139.40626,35.58571],[139.40615,35.5861]]}},{"type":"Feature","properties":{"idx":151,"road":"桜台通り","cls":"tertiary","shops":0,"st_km":2.28,"mesh":"53393302"},"geometry":{"type":"LineString","coordinates":[[139.40615,35.5861],[139.40606,35.58655],[139.40607,35.5869],[139.40621,35.58736],[139.4065,35.58788]]}},{"type":"Feature","properties":{"idx":108,"road":"是政通り","cls":"tertiary","shops":0,"st_km":0.61,"mesh":"53393399"},"geometry":{"type":"LineString","coordinates":[[139.49078,35.66346],[139.49056,35.66397],[139.4904,35.66496],[139.49026,35.66594],[139.49035,35.66629]]}},{"type":"Feature","properties":{"idx":58,"road":NaN,"cls":"secondary_link","shops":0,"st_km":0.86,"mesh":"53393365"},"geometry":{"type":"LineString","coordinates":[[139.44064,35.63604],[139.4408,35.63605],[139.44112,35.63593],[139.44206,35.63535],[139.44209,35.63524]]}},{"type":"Feature","properties":{"idx":97,"road":NaN,"cls":"tertiary","shops":0,"st_km":0.87,"mesh":"53393351"},"geometry":{"type":"LineString","coordinates":[[139.39729,35.6314],[139.39786,35.63222],[139.39791,35.63247],[139.39788,35.63279]]}},{"type":"Feature","properties":{"idx":65,"road":NaN,"cls":"tertiary","shops":0,"st_km":1.03,"mesh":"53393373"},"geometry":{"type":"LineString","coordinates":[[139.42391,35.64318],[139.42413,35.64419],[139.42431,35.64434]]}},{"type":"Feature","properties":{"idx":97,"road":NaN,"cls":"pedestrian","shops":0,"st_km":0.96,"mesh":"53393373"},"geometry":{"type":"LineString","coordinates":[[139.41783,35.6449],[139.41777,35.64549],[139.41765,35.64562],[139.41769,35.64576],[139.41784,35.64592],[139.4178,35.64649],[139.4177,35.64659],[139.41749,35.64669],[139.41742,35.64689],[139.4175,35.64702],[139.41814,35.64766],[139.41831,35.64791],[139.41841,35.64822]]}},{"type":"Feature","properties":{"idx":158,"road":NaN,"cls":"tertiary","shops":3,"st_km":1.13,"mesh":"53393365"},"geometry":{"type":"LineString","coordinates":[[139.44466,35.64073],[139.44458,35.64067],[139.44444,35.64067],[139.44436,35.64072],[139.44434,35.64084],[139.44445,35.64093],[139.44459,35.64092],[139.44467,35.64082],[139.44466,35.64073]]}},{"type":"Feature","properties":{"idx":68,"road":NaN,"cls":"tertiary","shops":0,"st_km":1.02,"mesh":"53393365"},"geometry":{"type":"LineString","coordinates":[[139.44913,35.63933],[139.44979,35.63935],[139.45026,35.6392]]}},{"type":"Feature","properties":{"idx":298,"road":NaN,"cls":"tertiary","shops":1,"st_km":1.16,"mesh":"53393345"},"geometry":{"type":"LineString","coordinates":[[139.43835,35.62304],[139.43843,35.6232]]}},{"type":"Feature","properties":{"idx":725,"road":"貝取北公園通り","cls":"tertiary","shops":5,"st_km":1.1,"mesh":"53393345"},"geometry":{"type":"LineString","coordinates":[[139.43843,35.6232],[139.43851,35.62355],[139.43855,35.62403],[139.43865,35.62436]]}},{"type":"Feature","properties":{"idx":66,"road":NaN,"cls":"primary_link","shops":0,"st_km":1.51,"mesh":"53393376"},"geometry":{"type":"LineString","coordinates":[[139.46234,35.64185],[139.46162,35.64326],[139.46122,35.64376],[139.46056,35.64424],[139.45913,35.64483]]}},{"type":"Feature","properties":{"idx":422,"road":"よこみねトンネル","cls":"tertiary","shops":0,"st_km":0.54,"mesh":"53393346"},"geometry":{"type":"LineString","coordinates":[[139.46036,35.62132],[139.46002,35.62102],[139.45983,35.6206]]}},{"type":"Feature","properties":{"idx":88,"road":NaN,"cls":"primary_link","shops":0,"st_km":1.8,"mesh":"53393367"},"geometry":{"type":"LineString","coordinates":[[139.46461,35.64058],[139.46396,35.64058],[139.46351,35.64073],[139.46316,35.64091],[139.4627,35.64129],[139.46234,35.64185]]}},{"type":"Feature","properties":{"idx":81,"road":"競艇場通り","cls":"tertiary","shops":0,"st_km":0.43,"mesh":"53393389"},"geometry":{"type":"LineString","coordinates":[[139.48998,35.65633],[139.49418,35.65606],[139.49732,35.65596],[139.49841,35.65606],[139.49905,35.65616],[139.49941,35.65643],[139.49955,35.6567]]}},{"type":"Feature","properties":{"idx":121,"road":NaN,"cls":"tertiary","shops":0,"st_km":0.1,"mesh":"53393389"},"geometry":{"type":"LineString","coordinates":[[139.49038,35.64971],[139.48928,35.65049]]}},{"type":"Feature","properties":{"idx":115,"road":"府中街道","cls":"primary","shops":0,"st_km":0.16,"mesh":"53393379"},"geometry":{"type":"LineString","coordinates":[[139.48868,35.64799],[139.4886,35.64806]]}},{"type":"Feature","properties":{"idx":139,"road":"府中街道","cls":"primary","shops":0,"st_km":0.18,"mesh":"53393389"},"geometry":{"type":"LineString","coordinates":[[139.48822,35.65133],[139.48845,35.6497]]}},{"type":"Feature","properties":{"idx":105,"road":NaN,"cls":"primary_link","shops":0,"st_km":0.08,"mesh":"53393389"},"geometry":{"type":"LineString","coordinates":[[139.48806,35.65571],[139.48783,35.6557]]}},{"type":"Feature","properties":{"idx":316,"road":NaN,"cls":"primary_link","shops":1,"st_km":0.15,"mesh":"53393388"},"geometry":{"type":"LineString","coordinates":[[139.48674,35.6555],[139.48682,35.65557],[139.4875,35.65568]]}},{"type":"Feature","properties":{"idx":191,"road":"平尾小通り","cls":"tertiary","shops":1,"st_km":0.84,"mesh":"53393339"},"geometry":{"type":"LineString","coordinates":[[139.48913,35.60971],[139.48928,35.60984]]}},{"type":"Feature","properties":{"idx":259,"road":"平尾小通り","cls":"tertiary","shops":2,"st_km":0.82,"mesh":"53393339"},"geometry":{"type":"LineString","coordinates":[[139.48894,35.60953],[139.48913,35.60971]]}},{"type":"Feature","properties":{"idx":205,"road":"平尾中央通り","cls":"tertiary","shops":0,"st_km":0.85,"mesh":"53393329"},"geometry":{"type":"LineString","coordinates":[[139.4988,35.60801],[139.49998,35.60719]]}},{"type":"Feature","properties":{"idx":205,"road":NaN,"cls":"pedestrian","shops":1,"st_km":0.29,"mesh":"53393389"},"geometry":{"type":"LineString","coordinates":[[139.48851,35.65168],[139.4886,35.65176],[139.4891,35.65181],[139.49054,35.65181]]}},{"type":"Feature","properties":{"idx":311,"road":NaN,"cls":"primary_link","shops":0,"st_km":0.73,"mesh":"53393346"},"geometry":{"type":"LineString","coordinates":[[139.46195,35.62484],[139.46121,35.62395],[139.46107,35.62392],[139.46089,35.62399]]}},{"type":"Feature","properties":{"idx":136,"road":NaN,"cls":"tertiary","shops":0,"st_km":1.96,"mesh":"53393335"},"geometry":{"type":"LineString","coordinates":[[139.44279,35.61318],[139.4417,35.6131],[139.44145,35.61314],[139.44027,35.61374]]}},{"type":"Feature","properties":{"idx":186,"road":"津久井道","cls":"primary","shops":0,"st_km":0.29,"mesh":"53393309"},"geometry":{"type":"LineString","coordinates":[[139.49477,35.58713],[139.49525,35.58768],[139.49568,35.58837]]}},{"type":"Feature","properties":{"idx":64,"road":"鶴川街道","cls":"primary","shops":1,"st_km":0.29,"mesh":"53393369"},"geometry":{"type":"LineString","coordinates":[[139.49991,35.63897],[139.49918,35.6384]]}},{"type":"Feature","properties":{"idx":103,"road":NaN,"cls":"tertiary","shops":0,"st_km":1.2,"mesh":"53393359"},"geometry":{"type":"LineString","coordinates":[[139.49251,35.62688],[139.49315,35.62728]]}},{"type":"Feature","properties":{"idx":517,"road":"若葉台中央通り","cls":"tertiary","shops":4,"st_km":0.21,"mesh":"53393347"},"geometry":{"type":"LineString","coordinates":[[139.47195,35.62069],[139.47062,35.62081],[139.47031,35.62093],[139.46996,35.62119]]}},{"type":"Feature","properties":{"idx":258,"road":"若葉台公園西通り","cls":"tertiary","shops":0,"st_km":0.79,"mesh":"53393357"},"geometry":{"type":"LineString","coordinates":[[139.46908,35.62525],[139.46957,35.62644],[139.46981,35.6268]]}},{"type":"Feature","properties":{"idx":267,"road":"若葉台中央通り","cls":"tertiary","shops":1,"st_km":0.17,"mesh":"53393347"},"geometry":{"type":"LineString","coordinates":[[139.47209,35.62075],[139.47403,35.6206],[139.47441,35.62069],[139.47466,35.62083]]}},{"type":"Feature","properties":{"idx":299,"road":"東京都道19号町田調布線","cls":"primary","shops":0,"st_km":0.83,"mesh":"53393357"},"geometry":{"type":"LineString","coordinates":[[139.46666,35.62574],[139.46266,35.62597]]}},{"type":"Feature","properties":{"idx":151,"road":"東京都道19号町田調布線","cls":"primary","shops":0,"st_km":0.56,"mesh":"53393347"},"geometry":{"type":"LineString","coordinates":[[139.46918,35.62525],[139.47513,35.62363]]}},{"type":"Feature","properties":{"idx":186,"road":"若葉台丘の手通り","cls":"tertiary","shops":0,"st_km":1.19,"mesh":"53393357"},"geometry":{"type":"LineString","coordinates":[[139.46666,35.62574],[139.46675,35.62633],[139.46667,35.6271],[139.46715,35.62815],[139.46711,35.62902],[139.46725,35.62924],[139.46746,35.62937],[139.46785,35.62944],[139.4683,35.62942],[139.46862,35.62924],[139.46907,35.62879],[139.46924,35.62845],[139.46929,35.62731],[139.46948,35.62704],[139.46981,35.6268]]}},{"type":"Feature","properties":{"idx":124,"road":"若葉台中央通り","cls":"tertiary","shops":0,"st_km":0.54,"mesh":"53393347"},"geometry":{"type":"LineString","coordinates":[[139.46918,35.62525],[139.46853,35.62329],[139.46853,35.62303],[139.46861,35.6228],[139.46871,35.62266],[139.47,35.62128]]}},{"type":"Feature","properties":{"idx":53,"road":"向陽台・公園通り","cls":"tertiary","shops":1,"st_km":0.25,"mesh":"53393369"},"geometry":{"type":"LineString","coordinates":[[139.4984,35.63781],[139.49836,35.6379]]}},{"type":"Feature","properties":{"idx":20,"road":"向陽台･公園通り","cls":"tertiary","shops":0,"st_km":0.86,"mesh":"53393369"},"geometry":{"type":"LineString","coordinates":[[139.49033,35.64093],[139.49206,35.64099],[139.49251,35.6409],[139.49273,35.64076],[139.49408,35.63941]]}},{"type":"Feature","properties":{"idx":107,"road":"鶴川街道","cls":"primary","shops":3,"st_km":0.28,"mesh":"53393369"},"geometry":{"type":"LineString","coordinates":[[139.49836,35.6379],[139.49992,35.63908]]}},{"type":"Feature","properties":{"idx":122,"road":"府中街道","cls":"primary","shops":0,"st_km":0.09,"mesh":"53393379"},"geometry":{"type":"LineString","coordinates":[[139.48845,35.6497],[139.48856,35.64886]]}},{"type":"Feature","properties":{"idx":44,"road":"鶴川街道","cls":"primary","shops":0,"st_km":0.25,"mesh":"53393369"},"geometry":{"type":"LineString","coordinates":[[139.4984,35.63781],[139.49735,35.63706]]}},{"type":"Feature","properties":{"idx":550,"road":NaN,"cls":"tertiary","shops":9,"st_km":0.1,"mesh":"53393308"},"geometry":{"type":"LineString","coordinates":[[139.4817,35.58385],[139.48158,35.5842]]}},{"type":"Feature","properties":{"idx":267,"road":"東京都道19号町田調布線","cls":"primary","shops":0,"st_km":2.47,"mesh":"53393316"},"geometry":{"type":"LineString","coordinates":[[139.45807,35.59486],[139.45725,35.59401],[139.45716,35.59386],[139.45716,35.59371],[139.45781,35.59248],[139.45799,35.59228],[139.45892,35.59154]]}},{"type":"Feature","properties":{"idx":475,"road":"若葉台駅前坂通り","cls":"tertiary","shops":3,"st_km":0.11,"mesh":"53393347"},"geometry":{"type":"LineString","coordinates":[[139.46996,35.62119],[139.46973,35.62098],[139.46973,35.62079],[139.47019,35.62028],[139.47062,35.62003],[139.47108,35.61993],[139.47386,35.61957]]}},{"type":"Feature","properties":{"idx":141,"road":"若葉台西樫の木通り","cls":"tertiary","shops":0,"st_km":0.41,"mesh":"53393347"},"geometry":{"type":"LineString","coordinates":[[139.47,35.62128],[139.47069,35.62172],[139.47097,35.62212],[139.47108,35.62292],[139.47104,35.62315],[139.4708,35.62376],[139.47079,35.62399],[139.47088,35.62433],[139.47107,35.62473]]}},{"type":"Feature","properties":{"idx":123,"road":"若葉台中央通り","cls":"tertiary","shops":0,"st_km":0.54,"mesh":"53393347"},"geometry":{"type":"LineString","coordinates":[[139.46996,35.62119],[139.46863,35.62261],[139.46844,35.62296],[139.46842,35.62315],[139.46846,35.62342],[139.46908,35.62525]]}},{"type":"Feature","properties":{"idx":583,"road":"若葉台中央通り","cls":"tertiary","shops":5,"st_km":0.24,"mesh":"53393347"},"geometry":{"type":"LineString","coordinates":[[139.47,35.62128],[139.47025,35.62106],[139.47048,35.62094],[139.47125,35.62083]]}},{"type":"Feature","properties":{"idx":282,"road":"鶴川団地中央通り","cls":"tertiary","shops":1,"st_km":1.37,"mesh":"53393307"},"geometry":{"type":"LineString","coordinates":[[139.46808,35.58989],[139.46834,35.59042],[139.46879,35.59079],[139.47072,35.59148],[139.4713,35.59183],[139.47168,35.5923],[139.47227,35.59367]]}},{"type":"Feature","properties":{"idx":750,"road":"鶴川いちょう通り","cls":"tertiary","shops":2,"st_km":1.98,"mesh":"53393317"},"geometry":{"type":"LineString","coordinates":[[139.45807,35.59486],[139.46268,35.59213],[139.46464,35.5908],[139.46504,35.59062],[139.46558,35.59046],[139.46808,35.58989]]}},{"type":"Feature","properties":{"idx":16,"road":NaN,"cls":"tertiary","shops":0,"st_km":1.13,"mesh":"53393369"},"geometry":{"type":"LineString","coordinates":[[139.4878,35.63556],[139.48754,35.63588]]}},{"type":"Feature","properties":{"idx":103,"road":"平尾中央通り","cls":"tertiary","shops":0,"st_km":1.06,"mesh":"53393339"},"geometry":{"type":"LineString","coordinates":[[139.49595,35.61],[139.49785,35.60867]]}},{"type":"Feature","properties":{"idx":185,"road":"鶴川街道","cls":"primary","shops":0,"st_km":0.6,"mesh":"53393348"},"geometry":{"type":"LineString","coordinates":[[139.47809,35.62114],[139.47898,35.62128]]}},{"type":"Feature","properties":{"idx":80,"road":"向陽台･公園通り","cls":"tertiary","shops":0,"st_km":1.13,"mesh":"53393368"},"geometry":{"type":"LineString","coordinates":[[139.48639,35.63777],[139.4873,35.64018],[139.48741,35.64041],[139.48762,35.64062]]}},{"type":"Feature","properties":{"idx":37,"road":"向陽台･公園通り","cls":"tertiary","shops":2,"st_km":0.93,"mesh":"53393369"},"geometry":{"type":"LineString","coordinates":[[139.48762,35.64062],[139.48789,35.64076],[139.48817,35.64084],[139.4892,35.64088]]}},{"type":"Feature","properties":{"idx":65,"road":"南多摩尾根幹線道路","cls":"primary","shops":0,"st_km":1.69,"mesh":"53393358"},"geometry":{"type":"LineString","coordinates":[[139.48327,35.63326],[139.48246,35.63291],[139.48004,35.63199]]}},{"type":"Feature","properties":{"idx":78,"road":"南多摩尾根幹線道路","cls":"primary","shops":0,"st_km":1.39,"mesh":"53393358"},"geometry":{"type":"LineString","coordinates":[[139.48004,35.63199],[139.47871,35.63126],[139.47838,35.631],[139.47814,35.6307],[139.47754,35.62964],[139.47736,35.6294]]}},{"type":"Feature","properties":{"idx":95,"road":"平尾中央通り","cls":"tertiary","shops":0,"st_km":1.17,"mesh":"53393339"},"geometry":{"type":"LineString","coordinates":[[139.49314,35.61096],[139.49479,35.61068],[139.49524,35.61048],[139.49595,35.61]]}},{"type":"Feature","properties":{"idx":77,"road":"向陽台･公園通り","cls":"tertiary","shops":0,"st_km":1.21,"mesh":"53393368"},"geometry":{"type":"LineString","coordinates":[[139.48754,35.63588],[139.48644,35.63723],[139.48635,35.63747],[139.48639,35.63777]]}},{"type":"Feature","properties":{"idx":185,"road":"東京都道19号町田調布線","cls":"primary","shops":0,"st_km":0.6,"mesh":"53393348"},"geometry":{"type":"LineString","coordinates":[[139.47723,35.62302],[139.47713,35.62304]]}},{"type":"Feature","properties":{"idx":22,"road":"南多摩尾根幹線道路","cls":"primary","shops":0,"st_km":1.0,"mesh":"53393369"},"geometry":{"type":"LineString","coordinates":[[139.48754,35.63588],[139.49079,35.63765]]}},{"type":"Feature","properties":{"idx":174,"road":"平尾外周通り","cls":"tertiary","shops":0,"st_km":0.44,"mesh":"53393338"},"geometry":{"type":"LineString","coordinates":[[139.48752,35.60822],[139.48686,35.60858],[139.48624,35.60876],[139.48492,35.60889],[139.48405,35.60879],[139.48369,35.60883],[139.48346,35.60892],[139.48328,35.60907],[139.48296,35.60963],[139.4828,35.60979],[139.48248,35.60994],[139.48185,35.61015]]}},{"type":"Feature","properties":{"idx":273,"road":"平尾文化通り","cls":"tertiary","shops":4,"st_km":1.28,"mesh":"53393339"},"geometry":{"type":"LineString","coordinates":[[139.48771,35.61255],[139.48899,35.61222],[139.49036,35.61259],[139.49126,35.61291],[139.49208,35.61297],[139.49269,35.61278],[139.49381,35.61228],[139.49654,35.61066]]}},{"type":"Feature","properties":{"idx":56,"road":"上谷戸大橋通り","cls":"tertiary","shops":0,"st_km":1.58,"mesh":"53393358"},"geometry":{"type":"LineString","coordinates":[[139.48536,35.63208],[139.48527,35.63087],[139.48517,35.63054],[139.48493,35.63016],[139.48459,35.62984],[139.48227,35.62825],[139.48187,35.62792]]}},{"type":"Feature","properties":{"idx":93,"road":"上谷戸大橋通り","cls":"tertiary","shops":1,"st_km":1.4,"mesh":"53393358"},"geometry":{"type":"LineString","coordinates":[[139.48527,35.63208],[139.48528,35.63289],[139.48516,35.63322],[139.48495,35.63352]]}},{"type":"Feature","properties":{"idx":456,"road":"南多摩尾根幹線道路","cls":"primary","shops":1,"st_km":0.86,"mesh":"53393357"},"geometry":{"type":"LineString","coordinates":[[139.47463,35.62803],[139.4735,35.6272],[139.47319,35.62709],[139.47282,35.62704],[139.47242,35.62709],[139.47199,35.62727],[139.47134,35.62786]]}},{"type":"Feature","properties":{"idx":122,"road":NaN,"cls":"tertiary","shops":2,"st_km":1.42,"mesh":"53393358"},"geometry":{"type":"LineString","coordinates":[[139.48527,35.63208],[139.48536,35.63208]]}},{"type":"Feature","properties":{"idx":59,"road":NaN,"cls":"tertiary","shops":0,"st_km":1.48,"mesh":"53393358"},"geometry":{"type":"LineString","coordinates":[[139.48398,35.63186],[139.48427,35.63202],[139.48457,35.63209],[139.48527,35.63208]]}},{"type":"Feature","properties":{"idx":94,"road":"平尾文化通り","cls":"tertiary","shops":0,"st_km":1.19,"mesh":"53393339"},"geometry":{"type":"LineString","coordinates":[[139.49654,35.61066],[139.49684,35.61057]]}},{"type":"Feature","properties":{"idx":126,"road":"南多摩尾根幹線道路","cls":"primary","shops":1,"st_km":1.42,"mesh":"53393368"},"geometry":{"type":"LineString","coordinates":[[139.48476,35.63394],[139.48468,35.6339]]}},{"type":"Feature","properties":{"idx":67,"road":NaN,"cls":"tertiary","shops":0,"st_km":1.42,"mesh":"53393368"},"geometry":{"type":"LineString","coordinates":[[139.48449,35.63423],[139.48476,35.63394]]}},{"type":"Feature","properties":{"idx":187,"road":"平尾中央通り","cls":"tertiary","shops":0,"st_km":0.96,"mesh":"53393329"},"geometry":{"type":"LineString","coordinates":[[139.49814,35.60847],[139.4988,35.60801]]}},{"type":"Feature","properties":{"idx":72,"road":"長峰西通り","cls":"tertiary","shops":0,"st_km":1.18,"mesh":"53393358"},"geometry":{"type":"LineString","coordinates":[[139.47969,35.62833],[139.47889,35.62848]]}},{"type":"Feature","properties":{"idx":117,"road":"平尾中央通り","cls":"tertiary","shops":0,"st_km":1.01,"mesh":"53393339"},"geometry":{"type":"LineString","coordinates":[[139.49785,35.60867],[139.49814,35.60847]]}},{"type":"Feature","properties":{"idx":97,"road":"南多摩尾根幹線道路","cls":"primary","shops":0,"st_km":1.2,"mesh":"53393368"},"geometry":{"type":"LineString","coordinates":[[139.4878,35.63556],[139.48609,35.63463]]}},{"type":"Feature","properties":{"idx":183,"road":"若葉台中央通り","cls":"tertiary","shops":0,"st_km":0.15,"mesh":"53393347"},"geometry":{"type":"LineString","coordinates":[[139.47208,35.62068],[139.47195,35.62069]]}},{"type":"Feature","properties":{"idx":131,"road":"いちょう並木通り","cls":"tertiary","shops":1,"st_km":0.42,"mesh":"53393389"},"geometry":{"type":"LineString","coordinates":[[139.49038,35.64971],[139.49096,35.64982],[139.49316,35.65004],[139.49413,35.65004],[139.49524,35.64988],[139.49763,35.64918]]}},{"type":"Feature","properties":{"idx":58,"road":NaN,"cls":"tertiary","shops":0,"st_km":0.62,"mesh":"53393379"},"geometry":{"type":"LineString","coordinates":[[139.4955,35.64648],[139.49544,35.64642]]}},{"type":"Feature","properties":{"idx":231,"road":"鶴川街道","cls":"primary","shops":0,"st_km":0.36,"mesh":"53393348"},"geometry":{"type":"LineString","coordinates":[[139.47809,35.62114],[139.4771,35.62102],[139.47658,35.62087],[139.47609,35.62066],[139.47553,35.62029],[139.4746,35.61933]]}},{"type":"Feature","properties":{"idx":310,"road":NaN,"cls":"tertiary","shops":1,"st_km":0.13,"mesh":"53393328"},"geometry":{"type":"LineString","coordinates":[[139.48189,35.6065],[139.48038,35.60736]]}},{"type":"Feature","properties":{"idx":104,"road":"天神通り","cls":"tertiary","shops":0,"st_km":1.09,"mesh":"53393339"},"geometry":{"type":"LineString","coordinates":[[139.48914,35.6154],[139.489,35.61523],[139.48812,35.61459],[139.48764,35.61415],[139.4869,35.61377],[139.48643,35.61311],[139.48617,35.61287]]}},{"type":"Feature","properties":{"idx":490,"road":NaN,"cls":"tertiary","shops":3,"st_km":0.18,"mesh":"53393328"},"geometry":{"type":"LineString","coordinates":[[139.48038,35.60736],[139.47989,35.60679]]}},{"type":"Feature","properties":{"idx":116,"road":"平尾中央通り","cls":"tertiary","shops":0,"st_km":0.89,"mesh":"53393338"},"geometry":{"type":"LineString","coordinates":[[139.48741,35.6119],[139.48705,35.61213],[139.48617,35.61287]]}},{"type":"Feature","properties":{"idx":363,"road":NaN,"cls":"tertiary","shops":2,"st_km":0.26,"mesh":"53393328"},"geometry":{"type":"LineString","coordinates":[[139.48038,35.60736],[139.47919,35.60803]]}},{"type":"Feature","properties":{"idx":887,"road":NaN,"cls":"tertiary","shops":6,"st_km":0.06,"mesh":"53393328"},"geometry":{"type":"LineString","coordinates":[[139.48189,35.6065],[139.48145,35.60597]]}},{"type":"Feature","properties":{"idx":277,"road":NaN,"cls":"tertiary","shops":1,"st_km":0.24,"mesh":"53393328"},"geometry":{"type":"LineString","coordinates":[[139.48121,35.6084],[139.48098,35.60801],[139.48038,35.60736]]}},{"type":"Feature","properties":{"idx":67,"road":"鶴川街道 (Tsurukawa kaido)","cls":"primary","shops":1,"st_km":0.24,"mesh":"53393369"},"geometry":{"type":"LineString","coordinates":[[139.49845,35.63785],[139.4984,35.63781]]}},{"type":"Feature","properties":{"idx":54,"road":"向陽台・公園通り","cls":"tertiary","shops":1,"st_km":0.24,"mesh":"53393369"},"geometry":{"type":"LineString","coordinates":[[139.49845,35.63785],[139.49853,35.63776]]}},{"type":"Feature","properties":{"idx":34,"road":"竪台こぶし通り","cls":"tertiary","shops":1,"st_km":0.72,"mesh":"53393369"},"geometry":{"type":"LineString","coordinates":[[139.49216,35.63682],[139.49229,35.63709],[139.49229,35.63738],[139.49224,35.63753],[139.49198,35.63783]]}},{"type":"Feature","properties":{"idx":19,"road":"竪台こぶし通り","cls":"tertiary","shops":0,"st_km":0.91,"mesh":"53393369"},"geometry":{"type":"LineString","coordinates":[[139.49216,35.63682],[139.49041,35.63371],[139.4902,35.63353],[139.4898,35.63344],[139.48959,35.63348],[139.48895,35.63376],[139.48857,35.63387],[139.48753,35.63396],[139.48705,35.63406]]}},{"type":"Feature","properties":{"idx":58,"road":"南多摩尾根幹線道路","cls":"primary_link","shops":0,"st_km":1.45,"mesh":"53393368"},"geometry":{"type":"LineString","coordinates":[[139.48402,35.63401],[139.48421,35.63402],[139.48434,35.63393],[139.48436,35.6338],[139.48426,35.6337]]}},{"type":"Feature","properties":{"idx":33,"road":NaN,"cls":"tertiary","shops":2,"st_km":1.1,"mesh":"53393369"},"geometry":{"type":"LineString","coordinates":[[139.48822,35.63504],[139.4878,35.63556]]}},{"type":"Feature","properties":{"idx":60,"road":"南多摩尾根幹線道路","cls":"primary_link","shops":0,"st_km":1.4,"mesh":"53393368"},"geometry":{"type":"LineString","coordinates":[[139.48522,35.63418],[139.48497,35.63415],[139.48486,35.63424],[139.48484,35.63436],[139.48495,35.63447]]}},{"type":"Feature","properties":{"idx":19,"road":"竪神社通り","cls":"tertiary","shops":0,"st_km":0.91,"mesh":"53393369"},"geometry":{"type":"LineString","coordinates":[[139.48822,35.63504],[139.49157,35.63685],[139.49191,35.6369],[139.49216,35.63682]]}},{"type":"Feature","properties":{"idx":181,"road":"若葉台中央通り","cls":"tertiary","shops":0,"st_km":0.16,"mesh":"53393347"},"geometry":{"type":"LineString","coordinates":[[139.47196,35.62076],[139.47209,35.62075]]}},{"type":"Feature","properties":{"idx":166,"road":NaN,"cls":"secondary","shops":0,"st_km":0.31,"mesh":"53393347"},"geometry":{"type":"LineString","coordinates":[[139.46735,35.61941],[139.46571,35.61965],[139.4653,35.61995],[139.46511,35.62027],[139.46506,35.62074],[139.46512,35.62246],[139.46527,35.62274],[139.46605,35.62368],[139.46624,35.624]]}},{"type":"Feature","properties":{"idx":276,"road":NaN,"cls":"tertiary","shops":1,"st_km":0.09,"mesh":"53393347"},"geometry":{"type":"LineString","coordinates":[[139.46407,35.61823],[139.46384,35.61845]]}},{"type":"Feature","properties":{"idx":70,"road":"長峰西通り","cls":"tertiary","shops":0,"st_km":1.22,"mesh":"53393358"},"geometry":{"type":"LineString","coordinates":[[139.47969,35.62833],[139.4805,35.62813],[139.48153,35.62758]]}},{"type":"Feature","properties":{"idx":253,"road":NaN,"cls":"tertiary","shops":1,"st_km":0.18,"mesh":"53393347"},"geometry":{"type":"LineString","coordinates":[[139.46509,35.61729],[139.46553,35.61753],[139.46655,35.61775],[139.46685,35.61791],[139.46712,35.61827],[139.46735,35.61941]]}},{"type":"Feature","properties":{"idx":279,"road":NaN,"cls":"tertiary","shops":1,"st_km":0.08,"mesh":"53393347"},"geometry":{"type":"LineString","coordinates":[[139.46412,35.61819],[139.46407,35.61823]]}},{"type":"Feature","properties":{"idx":97,"road":"南多摩尾根幹線道路","cls":"primary","shops":0,"st_km":1.09,"mesh":"53393358"},"geometry":{"type":"LineString","coordinates":[[139.47736,35.6294],[139.47681,35.62897],[139.47649,35.62883],[139.4754,35.62854],[139.47515,35.62842],[139.47463,35.62803]]}},{"type":"Feature","properties":{"idx":253,"road":NaN,"cls":"tertiary","shops":0,"st_km":0.4,"mesh":"53393341"},"geometry":{"type":"LineString","coordinates":[[139.39819,35.62108],[139.39926,35.62078],[139.39943,35.62077],[139.39968,35.62087],[139.40006,35.62139],[139.40019,35.62148],[139.40041,35.62154],[139.40085,35.62152]]}},{"type":"Feature","properties":{"idx":89,"road":NaN,"cls":"tertiary","shops":1,"st_km":0.69,"mesh":"53393330"},"geometry":{"type":"LineString","coordinates":[[139.38692,35.61291],[139.38664,35.61247],[139.38658,35.61216],[139.38664,35.61188],[139.387,35.61118],[139.38702,35.61099],[139.38695,35.6108],[139.3867,35.61058],[139.38554,35.61022],[139.38506,35.61012],[139.38461,35.61022],[139.38407,35.61061],[139.38381,35.61071],[139.38229,35.61078]]}},{"type":"Feature","properties":{"idx":173,"road":"南多摩尾根幹線道路","cls":"secondary","shops":0,"st_km":1.71,"mesh":"53393334"},"geometry":{"type":"LineString","coordinates":[[139.42951,35.60912],[139.42641,35.60835]]}},{"type":"Feature","properties":{"idx":176,"road":NaN,"cls":"primary","shops":1,"st_km":2.1,"mesh":"53393306"},"geometry":{"type":"LineString","coordinates":[[139.45998,35.59034],[139.4601,35.59],[139.46013,35.58881]]}},{"type":"Feature","properties":{"idx":174,"road":"南多摩尾根幹線道路","cls":"secondary","shops":0,"st_km":1.73,"mesh":"53393334"},"geometry":{"type":"LineString","coordinates":[[139.42941,35.60935],[139.43273,35.61025]]}},{"type":"Feature","properties":{"idx":295,"road":"多摩センター南通り","cls":"tertiary","shops":1,"st_km":0.13,"mesh":"53393344"},"geometry":{"type":"LineString","coordinates":[[139.4263,35.62442],[139.42424,35.62365]]}},{"type":"Feature","properties":{"idx":502,"road":"多摩センター南通り","cls":"tertiary","shops":1,"st_km":0.13,"mesh":"53393343"},"geometry":{"type":"LineString","coordinates":[[139.42415,35.62372],[139.42424,35.62375]]}},{"type":"Feature","properties":{"idx":280,"road":"多摩センター東通り","cls":"tertiary","shops":1,"st_km":0.18,"mesh":"53393344"},"geometry":{"type":"LineString","coordinates":[[139.4263,35.62442],[139.42625,35.6245]]}},{"type":"Feature","properties":{"idx":188,"road":"多摩モノレール通り","cls":"secondary","shops":0,"st_km":0.93,"mesh":"53393333"},"geometry":{"type":"LineString","coordinates":[[139.42618,35.60858],[139.42548,35.61011],[139.42522,35.61055],[139.42238,35.61384],[139.42209,35.61428],[139.42187,35.61486],[139.42183,35.61561],[139.42242,35.6195],[139.42234,35.62233],[139.42241,35.62276],[139.4226,35.62337]]}},{"type":"Feature","properties":{"idx":122,"road":"多摩センター南通り","cls":"tertiary","shops":0,"st_km":0.37,"mesh":"53393354"},"geometry":{"type":"LineString","coordinates":[[139.42636,35.62454],[139.42951,35.62573],[139.43046,35.62599]]}},{"type":"Feature","properties":{"idx":277,"road":"多摩センター東通り","cls":"tertiary","shops":1,"st_km":0.19,"mesh":"53393344"},"geometry":{"type":"LineString","coordinates":[[139.42636,35.62454],[139.42641,35.62446]]}},{"type":"Feature","properties":{"idx":528,"road":"多摩センター南通り","cls":"tertiary","shops":1,"st_km":0.08,"mesh":"53393343"},"geometry":{"type":"LineString","coordinates":[[139.42424,35.62365],[139.42363,35.62347],[139.42279,35.62339]]}},{"type":"Feature","properties":{"idx":140,"road":"多摩中央公園通り","cls":"tertiary","shops":0,"st_km":0.47,"mesh":"53393344"},"geometry":{"type":"LineString","coordinates":[[139.42735,35.62276],[139.42798,35.62291],[139.42836,35.62291],[139.42868,35.62285],[139.42923,35.6226],[139.42992,35.62218],[139.43002,35.62205]]}},{"type":"Feature","properties":{"idx":393,"road":"町田街道","cls":"primary","shops":0,"st_km":1.64,"mesh":"53393301"},"geometry":{"type":"LineString","coordinates":[[139.40256,35.58379],[139.40207,35.58399],[139.39919,35.58491],[139.39166,35.58661],[139.39098,35.5869],[139.39038,35.58733]]}},{"type":"Feature","properties":{"idx":212,"road":"さくら通り","cls":"tertiary","shops":1,"st_km":2.48,"mesh":"53393302"},"geometry":{"type":"LineString","coordinates":[[139.40916,35.58153],[139.40948,35.5822],[139.40962,35.58272],[139.40963,35.58317],[139.40942,35.58428],[139.40945,35.58467],[139.40969,35.58512],[139.4103,35.58581],[139.41061,35.58604],[139.4111,35.58623],[139.41341,35.58654],[139.41387,35.58669],[139.41419,35.58685],[139.41468,35.58729],[139.41614,35.58914],[139.4167,35.58947],[139.4175,35.58967]]}},{"type":"Feature","properties":{"idx":339,"road":NaN,"cls":"primary","shops":1,"st_km":1.84,"mesh":"53393302"},"geometry":{"type":"LineString","coordinates":[[139.4051,35.58314],[139.4032,35.58368],[139.40291,35.58381]]}},{"type":"Feature","properties":{"idx":540,"road":"多摩センター東通り (Tama Center higashi dori)","cls":"tertiary","shops":5,"st_km":0.36,"mesh":"53393344"},"geometry":{"type":"LineString","coordinates":[[139.42735,35.62276],[139.42734,35.62266]]}},{"type":"Feature","properties":{"idx":589,"road":NaN,"cls":"tertiary","shops":0,"st_km":0.81,"mesh":"53393327"},"geometry":{"type":"LineString","coordinates":[[139.46587,35.60676],[139.46554,35.60723],[139.46517,35.60745],[139.46481,35.60752],[139.46384,35.60747]]}},{"type":"Feature","properties":{"idx":138,"road":"津久井道","cls":"primary","shops":0,"st_km":0.6,"mesh":"53393309"},"geometry":{"type":"LineString","coordinates":[[139.49035,35.5853],[139.49122,35.58536],[139.49201,35.5856],[139.49381,35.58637],[139.49441,35.58677],[139.49477,35.58713]]}},{"type":"Feature","properties":{"idx":50,"road":NaN,"cls":"tertiary","shops":0,"st_km":0.82,"mesh":"53393308"},"geometry":{"type":"LineString","coordinates":[[139.4866,35.58815],[139.48691,35.58842],[139.48815,35.58983]]}},{"type":"Feature","properties":{"idx":114,"road":"南多摩尾根幹線道路","cls":"tertiary_link","shops":0,"st_km":1.46,"mesh":"53393320"},"geometry":{"type":"LineString","coordinates":[[139.38368,35.60099],[139.38443,35.60168]]}},{"type":"Feature","properties":{"idx":661,"road":"川崎街道","cls":"primary","shops":9,"st_km":0.09,"mesh":"53393385"},"geometry":{"type":"LineString","coordinates":[[139.44654,35.65028],[139.44839,35.64998]]}},{"type":"Feature","properties":{"idx":188,"road":"川崎街道","cls":"primary","shops":0,"st_km":0.63,"mesh":"53393376"},"geometry":{"type":"LineString","coordinates":[[139.45348,35.64859],[139.4533,35.64867]]}},{"type":"Feature","properties":{"idx":330,"road":"宮下通り","cls":"tertiary","shops":5,"st_km":0.11,"mesh":"53393385"},"geometry":{"type":"LineString","coordinates":[[139.44755,35.65162],[139.44762,35.65158]]}},{"type":"Feature","properties":{"idx":187,"road":"鎌倉街道","cls":"primary","shops":0,"st_km":0.64,"mesh":"53393376"},"geometry":{"type":"LineString","coordinates":[[139.45348,35.64859],[139.45352,35.6487]]}},{"type":"Feature","properties":{"idx":240,"road":"東京都道41号稲城日野線","cls":"primary","shops":2,"st_km":1.16,"mesh":"53393376"},"geometry":{"type":"LineString","coordinates":[[139.45794,35.64539],[139.45802,35.64547]]}},{"type":"Feature","properties":{"idx":125,"road":"川崎街道","cls":"primary","shops":0,"st_km":1.11,"mesh":"53393376"},"geometry":{"type":"LineString","coordinates":[[139.45794,35.64539],[139.45709,35.64597]]}},{"type":"Feature","properties":{"idx":440,"road":"聖蹟Uロード","cls":"tertiary","shops":7,"st_km":0.07,"mesh":"53393385"},"geometry":{"type":"LineString","coordinates":[[139.44649,35.65129],[139.44652,35.65136]]}},{"type":"Feature","properties":{"idx":91,"road":"川崎街道","cls":"primary","shops":0,"st_km":1.57,"mesh":"53393376"},"geometry":{"type":"LineString","coordinates":[[139.45802,35.64547],[139.46048,35.64447],[139.46111,35.64409],[139.46139,35.64385],[139.46172,35.64347],[139.46261,35.64174],[139.46287,35.64139],[139.46321,35.6411],[139.46361,35.64088],[139.46405,35.64074],[139.4645,35.64068]]}},{"type":"Feature","properties":{"idx":184,"road":"鎌倉街道","cls":"primary","shops":0,"st_km":0.65,"mesh":"53393376"},"geometry":{"type":"LineString","coordinates":[[139.45366,35.64864],[139.45362,35.64852]]}},{"type":"Feature","properties":{"idx":595,"road":"川崎街道","cls":"primary","shops":8,"st_km":0.1,"mesh":"53393385"},"geometry":{"type":"LineString","coordinates":[[139.44838,35.64989],[139.44654,35.65019]]}},{"type":"Feature","properties":{"idx":158,"road":"稲城日野線","cls":"primary","shops":0,"st_km":0.82,"mesh":"53393376"},"geometry":{"type":"LineString","coordinates":[[139.45216,35.64499],[139.4526,35.64468]]}},{"type":"Feature","properties":{"idx":154,"road":"東京都道157号乞田東寺方線","cls":"secondary","shops":2,"st_km":1.28,"mesh":"53393375"},"geometry":{"type":"LineString","coordinates":[[139.43703,35.64062],[139.43725,35.64069],[139.43731,35.64077],[139.43806,35.64262],[139.43819,35.64303],[139.43818,35.64349]]}},{"type":"Feature","properties":{"idx":85,"road":"東京都道157号乞田東寺方線","cls":"secondary","shops":0,"st_km":0.89,"mesh":"53393365"},"geometry":{"type":"LineString","coordinates":[[139.43925,35.63654],[139.43978,35.63627],[139.44064,35.63604],[139.44108,35.63587],[139.44209,35.63524],[139.44238,35.63492],[139.44256,35.63464]]}},{"type":"Feature","properties":{"idx":923,"road":"川崎街道","cls":"primary","shops":7,"st_km":0.28,"mesh":"53393375"},"geometry":{"type":"LineString","coordinates":[[139.44839,35.64998],[139.45023,35.64967],[139.45123,35.64942]]}},{"type":"Feature","properties":{"idx":40,"road":"野猿街道","cls":"primary_link","shops":0,"st_km":0.85,"mesh":"53393385"},"geometry":{"type":"LineString","coordinates":[[139.43771,35.65163],[139.43734,35.64954]]}},{"type":"Feature","properties":{"idx":53,"road":"川崎街道","cls":"primary","shops":0,"st_km":0.84,"mesh":"53393385"},"geometry":{"type":"LineString","coordinates":[[139.43771,35.65163],[139.43746,35.65177]]}},{"type":"Feature","properties":{"idx":70,"road":"東京都道157号乞田東寺方線","cls":"secondary","shops":0,"st_km":1.13,"mesh":"53393365"},"geometry":{"type":"LineString","coordinates":[[139.43918,35.63646],[139.43882,35.63685],[139.43869,35.63709],[139.43859,35.63742]]}},{"type":"Feature","properties":{"idx":210,"road":"野猿街道","cls":"primary","shops":0,"st_km":0.89,"mesh":"53393374"},"geometry":{"type":"LineString","coordinates":[[139.43716,35.6496],[139.43731,35.65038]]}},{"type":"Feature","properties":{"idx":90,"road":"東京都道157号乞田東寺方線","cls":"secondary","shops":1,"st_km":1.35,"mesh":"53393365"},"geometry":{"type":"LineString","coordinates":[[139.43703,35.64062],[139.43744,35.63966],[139.43842,35.63843],[139.43856,35.63809],[139.43872,35.63744]]}},{"type":"Feature","properties":{"idx":133,"road":"東京都道157号乞田東寺方線","cls":"secondary","shops":0,"st_km":1.34,"mesh":"53393374"},"geometry":{"type":"LineString","coordinates":[[139.43691,35.64059],[139.43635,35.64205],[139.43611,35.64247],[139.43425,35.64446],[139.43422,35.64459]]}},{"type":"Feature","properties":{"idx":202,"road":"野猿街道","cls":"primary","shops":0,"st_km":0.93,"mesh":"53393374"},"geometry":{"type":"LineString","coordinates":[[139.43695,35.649],[139.43695,35.64902]]}},{"type":"Feature","properties":{"idx":182,"road":"乞田東寺方線","cls":"secondary","shops":0,"st_km":0.93,"mesh":"53393374"},"geometry":{"type":"LineString","coordinates":[[139.43703,35.64887],[139.43695,35.649]]}},{"type":"Feature","properties":{"idx":546,"road":"聖蹟Uロード","cls":"tertiary","shops":9,"st_km":0.06,"mesh":"53393385"},"geometry":{"type":"LineString","coordinates":[[139.44648,35.65061],[139.44654,35.65028]]}},{"type":"Feature","properties":{"idx":294,"road":"川崎街道","cls":"primary","shops":5,"st_km":0.44,"mesh":"53393385"},"geometry":{"type":"LineString","coordinates":[[139.44654,35.65019],[139.43771,35.65163]]}},{"type":"Feature","properties":{"idx":160,"road":"野猿街道","cls":"primary","shops":0,"st_km":1.23,"mesh":"53393374"},"geometry":{"type":"LineString","coordinates":[[139.43703,35.64887],[139.43491,35.64512],[139.43464,35.64475],[139.43435,35.64452],[139.43389,35.64432],[139.43115,35.64363]]}},{"type":"Feature","properties":{"idx":387,"road":"多摩センター東通り","cls":"tertiary","shops":3,"st_km":0.14,"mesh":"53393354"},"geometry":{"type":"LineString","coordinates":[[139.42625,35.6245],[139.42532,35.62617]]}},{"type":"Feature","properties":{"idx":65,"road":"愛宕北通り (Atago kita dori)","cls":"tertiary","shops":0,"st_km":1.07,"mesh":"53393365"},"geometry":{"type":"LineString","coordinates":[[139.43918,35.63646],[139.43925,35.63654]]}},{"type":"Feature","properties":{"idx":153,"road":NaN,"cls":"tertiary","shops":1,"st_km":0.25,"mesh":"53393363"},"geometry":{"type":"LineString","coordinates":[[139.42049,35.63372],[139.42089,35.63379]]}},{"type":"Feature","properties":{"idx":278,"road":"多摩センター南通り (Tama Center minami dori)","cls":"tertiary","shops":1,"st_km":0.19,"mesh":"53393344"},"geometry":{"type":"LineString","coordinates":[[139.42641,35.62446],[139.4263,35.62442]]}},{"type":"Feature","properties":{"idx":338,"road":NaN,"cls":"tertiary","shops":0,"st_km":0.45,"mesh":"53393364"},"geometry":{"type":"LineString","coordinates":[[139.4222,35.63401],[139.42367,35.63391],[139.42531,35.63423],[139.4267,35.63471],[139.42824,35.63471],[139.42944,35.63487]]}},{"type":"Feature","properties":{"idx":279,"road":"多摩センター南通り (Tama Center minami dori)","cls":"tertiary","shops":1,"st_km":0.18,"mesh":"53393344"},"geometry":{"type":"LineString","coordinates":[[139.42625,35.6245],[139.42636,35.62454]]}},{"type":"Feature","properties":{"idx":935,"road":"多摩センター東通り","cls":"tertiary","shops":9,"st_km":0.27,"mesh":"53393344"},"geometry":{"type":"LineString","coordinates":[[139.42641,35.62446],[139.42735,35.62276]]}},{"type":"Feature","properties":{"idx":282,"road":"稲荷橋通り","cls":"tertiary","shops":0,"st_km":0.29,"mesh":"53393343"},"geometry":{"type":"LineString","coordinates":[[139.42062,35.62321],[139.41966,35.62157],[139.41958,35.6215]]}},{"type":"Feature","properties":{"idx":200,"road":NaN,"cls":"tertiary","shops":0,"st_km":0.62,"mesh":"53393343"},"geometry":{"type":"LineString","coordinates":[[139.41473,35.62198],[139.41439,35.6218],[139.41401,35.62179],[139.41304,35.62229]]}},{"type":"Feature","properties":{"idx":282,"road":"稲荷橋通り","cls":"tertiary","shops":0,"st_km":0.29,"mesh":"53393343"},"geometry":{"type":"LineString","coordinates":[[139.41957,35.62158],[139.42055,35.62325]]}},{"type":"Feature","properties":{"idx":358,"road":"多摩中央公園通り","cls":"tertiary","shops":1,"st_km":0.46,"mesh":"53393343"},"geometry":{"type":"LineString","coordinates":[[139.41958,35.6215],[139.41702,35.62221]]}},{"type":"Feature","properties":{"idx":309,"road":"稲荷橋通り","cls":"tertiary","shops":0,"st_km":0.2,"mesh":"53393343"},"geometry":{"type":"LineString","coordinates":[[139.42055,35.62325],[139.42052,35.62407],[139.42028,35.62471]]}},{"type":"Feature","properties":{"idx":307,"road":"多摩センター南通り","cls":"tertiary","shops":0,"st_km":0.21,"mesh":"53393343"},"geometry":{"type":"LineString","coordinates":[[139.42062,35.62321],[139.42055,35.62325]]}},{"type":"Feature","properties":{"idx":205,"road":NaN,"cls":"tertiary","shops":0,"st_km":0.73,"mesh":"53393329"},"geometry":{"type":"LineString","coordinates":[[139.50051,35.60464],[139.50011,35.60443],[139.49964,35.60441],[139.49943,35.60453],[139.49925,35.60482],[139.49912,35.60487],[139.49894,35.60487],[139.49873,35.60478],[139.49862,35.60464],[139.49863,35.60449],[139.49871,35.6043]]}},{"type":"Feature","properties":{"idx":152,"road":"東京都道19号町田調布線","cls":"primary","shops":0,"st_km":0.56,"mesh":"53393347"},"geometry":{"type":"LineString","coordinates":[[139.47507,35.62357],[139.46916,35.62518],[139.46908,35.62525]]}},{"type":"Feature","properties":{"idx":236,"road":NaN,"cls":"tertiary","shops":1,"st_km":0.53,"mesh":"53393348"},"geometry":{"type":"LineString","coordinates":[[139.47507,35.62357],[139.47513,35.62363]]}},{"type":"Feature","properties":{"idx":93,"road":"鎌倉街道","cls":"primary","shops":0,"st_km":0.91,"mesh":"53393365"},"geometry":{"type":"LineString","coordinates":[[139.44835,35.63608],[139.4488,35.63659],[139.44921,35.63719],[139.45049,35.63964],[139.45068,35.64007],[139.45088,35.64075]]}},{"type":"Feature","properties":{"idx":127,"road":"鎌倉街道","cls":"primary","shops":0,"st_km":0.56,"mesh":"53393365"},"geometry":{"type":"LineString","coordinates":[[139.44855,35.63598],[139.44767,35.63531],[139.44641,35.63467]]}},{"type":"Feature","properties":{"idx":176,"road":"若葉台中央通り","cls":"tertiary","shops":0,"st_km":0.18,"mesh":"53393347"},"geometry":{"type":"LineString","coordinates":[[139.47476,35.62079],[139.47432,35.62056],[139.47406,35.62052],[139.47266,35.62063]]}},{"type":"Feature","properties":{"idx":119,"road":NaN,"cls":"primary","shops":0,"st_km":0.63,"mesh":"53393365"},"geometry":{"type":"LineString","coordinates":[[139.44855,35.63598],[139.44881,35.63579]]}},{"type":"Feature","properties":{"idx":240,"road":"南多摩尾根幹線道路","cls":"primary","shops":0,"st_km":1.11,"mesh":"53393357"},"geometry":{"type":"LineString","coordinates":[[139.46219,35.62604],[139.46424,35.62889],[139.46533,35.6299],[139.46592,35.63032]]}},{"type":"Feature","properties":{"idx":287,"road":"東京都道19号町田調布線","cls":"primary","shops":1,"st_km":0.56,"mesh":"53393348"},"geometry":{"type":"LineString","coordinates":[[139.47513,35.62363],[139.47697,35.62312],[139.47713,35.62304]]}},{"type":"Feature","properties":{"idx":490,"road":"東京都道18号府中町田線","cls":"primary","shops":0,"st_km":0.87,"mesh":"53393356"},"geometry":{"type":"LineString","coordinates":[[139.46219,35.62604],[139.46266,35.62597]]}},{"type":"Feature","properties":{"idx":149,"road":"若葉台東樫の木通り","cls":"tertiary","shops":0,"st_km":0.35,"mesh":"53393347"},"geometry":{"type":"LineString","coordinates":[[139.47466,35.62083],[139.4738,35.62174],[139.47365,35.62208],[139.47366,35.62227],[139.47382,35.6226],[139.47401,35.62276],[139.47475,35.62309],[139.47487,35.62321],[139.47507,35.62357]]}},{"type":"Feature","properties":{"idx":161,"road":"若葉台中央通り","cls":"tertiary","shops":0,"st_km":0.27,"mesh":"53393347"},"geometry":{"type":"LineString","coordinates":[[139.47466,35.62083],[139.47472,35.62087]]}},{"type":"Feature","properties":{"idx":150,"road":"永山学園通り","cls":"tertiary","shops":0,"st_km":0.31,"mesh":"53393355"},"geometry":{"type":"LineString","coordinates":[[139.44777,35.6279],[139.44665,35.62741],[139.44649,35.6273],[139.44638,35.62712],[139.44624,35.62643]]}},{"type":"Feature","properties":{"idx":373,"road":"東京都道18号府中町田線","cls":"primary","shops":1,"st_km":0.06,"mesh":"53393355"},"geometry":{"type":"LineString","coordinates":[[139.44817,35.63204],[139.44847,35.63156],[139.44859,35.63117],[139.44917,35.62825],[139.44915,35.62809]]}},{"type":"Feature","properties":{"idx":268,"road":"永山駅前通り","cls":"tertiary","shops":1,"st_km":0.14,"mesh":"53393355"},"geometry":{"type":"LineString","coordinates":[[139.44749,35.62948],[139.44777,35.6279]]}},{"type":"Feature","properties":{"idx":1046,"road":"東京都道18号府中町田線","cls":"primary","shops":9,"st_km":0.31,"mesh":"53393355"},"geometry":{"type":"LineString","coordinates":[[139.44808,35.632],[139.44673,35.634]]}},{"type":"Feature","properties":{"idx":210,"road":"鎌倉街道","cls":"primary","shops":0,"st_km":1.4,"mesh":"53393345"},"geometry":{"type":"LineString","coordinates":[[139.4428,35.62027],[139.44288,35.61965],[139.44287,35.6194],[139.44276,35.61897],[139.44257,35.61848],[139.44251,35.61806],[139.44268,35.61605]]}},{"type":"Feature","properties":{"idx":129,"road":NaN,"cls":"primary","shops":0,"st_km":2.86,"mesh":"53393315"},"geometry":{"type":"LineString","coordinates":[[139.44912,35.59448],[139.44971,35.59395],[139.44996,35.59367],[139.45037,35.593]]}},{"type":"Feature","properties":{"idx":188,"road":"鎌倉街道","cls":"primary","shops":1,"st_km":0.57,"mesh":"53393365"},"geometry":{"type":"LineString","coordinates":[[139.44617,35.63478],[139.44754,35.63547],[139.44835,35.63608]]}},{"type":"Feature","properties":{"idx":203,"road":"東京都道18号府中町田線","cls":"primary","shops":1,"st_km":0.49,"mesh":"53393365"},"geometry":{"type":"LineString","coordinates":[[139.44641,35.63467],[139.44669,35.63426]]}},{"type":"Feature","properties":{"idx":171,"road":"永山すずかけ通り","cls":"tertiary","shops":0,"st_km":1.46,"mesh":"53393335"},"geometry":{"type":"LineString","coordinates":[[139.44851,35.61628],[139.44932,35.61547],[139.44958,35.61529],[139.45012,35.61501]]}},{"type":"Feature","properties":{"idx":485,"road":"永山駅前通り","cls":"tertiary","shops":3,"st_km":0.06,"mesh":"53393355"},"geometry":{"type":"LineString","coordinates":[[139.44728,35.63062],[139.44749,35.62948]]}},{"type":"Feature","properties":{"idx":196,"road":NaN,"cls":"tertiary","shops":0,"st_km":1.18,"mesh":"53393345"},"geometry":{"type":"LineString","coordinates":[[139.44264,35.62026],[139.4428,35.62027]]}},{"type":"Feature","properties":{"idx":198,"road":"鎌倉街道","cls":"primary","shops":1,"st_km":0.52,"mesh":"53393365"},"geometry":{"type":"LineString","coordinates":[[139.44641,35.63467],[139.44631,35.63462]]}},{"type":"Feature","properties":{"idx":1485,"road":NaN,"cls":"tertiary","shops":15,"st_km":0.18,"mesh":"53393355"},"geometry":{"type":"LineString","coordinates":[[139.44808,35.632],[139.44732,35.63168],[139.44702,35.63161]]}},{"type":"Feature","properties":{"idx":186,"road":"永山すずかけ通り","cls":"tertiary","shops":0,"st_km":1.25,"mesh":"53393345"},"geometry":{"type":"LineString","coordinates":[[139.4428,35.62027],[139.44362,35.62029],[139.44406,35.62025],[139.44459,35.62008],[139.44489,35.61989],[139.44851,35.61628]]}},{"type":"Feature","properties":{"idx":282,"road":"鎌倉街道","cls":"primary","shops":0,"st_km":0.99,"mesh":"53393345"},"geometry":{"type":"LineString","coordinates":[[139.44264,35.62026],[139.44209,35.62281],[139.44213,35.62453]]}},{"type":"Feature","properties":{"idx":507,"road":"東京都道18号府中町田線","cls":"primary","shops":1,"st_km":1.06,"mesh":"53393346"},"geometry":{"type":"LineString","coordinates":[[139.45239,35.61977],[139.45301,35.61902],[139.45315,35.61892],[139.45333,35.61893],[139.45413,35.61929],[139.45434,35.61921],[139.45449,35.619]]}},{"type":"Feature","properties":{"idx":257,"road":"鎌倉街道","cls":"primary","shops":0,"st_km":2.52,"mesh":"53393316"},"geometry":{"type":"LineString","coordinates":[[139.44912,35.59448],[139.45288,35.5953],[139.45319,35.59532],[139.45355,35.59526],[139.45378,35.59516],[139.45694,35.59322],[139.45724,35.59293],[139.45789,35.59198],[139.45922,35.59098]]}},{"type":"Feature","properties":{"idx":157,"road":"鎌倉街道","cls":"primary","shops":0,"st_km":2.51,"mesh":"53393325"},"geometry":{"type":"LineString","coordinates":[[139.44896,35.59447],[139.44794,35.5954],[139.44739,35.59607],[139.44579,35.59897],[139.44563,35.59962],[139.44567,35.60112],[139.44561,35.60174],[139.44475,35.60476],[139.44327,35.60834],[139.44318,35.60878],[139.44301,35.6107]]}},{"type":"Feature","properties":{"idx":286,"road":"東京都道19号町田調布線","cls":"primary","shops":0,"st_km":2.16,"mesh":"53393316"},"geometry":{"type":"LineString","coordinates":[[139.46084,35.59718],[139.45807,35.59486]]}},{"type":"Feature","properties":{"idx":307,"road":"東京都道19号町田調布線","cls":"primary","shops":0,"st_km":1.97,"mesh":"53393316"},"geometry":{"type":"LineString","coordinates":[[139.46107,35.59737],[139.46084,35.59718]]}},{"type":"Feature","properties":{"idx":370,"road":NaN,"cls":"tertiary","shops":0,"st_km":1.26,"mesh":"53393318"},"geometry":{"type":"LineString","coordinates":[[139.48024,35.59405],[139.47965,35.59471]]}},{"type":"Feature","properties":{"idx":67,"road":"鶴川街道","cls":"secondary","shops":0,"st_km":0.62,"mesh":"53393308"},"geometry":{"type":"LineString","coordinates":[[139.47934,35.58916],[139.47985,35.58819],[139.48028,35.58779]]}},{"type":"Feature","properties":{"idx":244,"road":NaN,"cls":"tertiary","shops":0,"st_km":1.98,"mesh":"53393316"},"geometry":{"type":"LineString","coordinates":[[139.46152,35.597],[139.46098,35.59709],[139.46084,35.59718]]}},{"type":"Feature","properties":{"idx":544,"road":"鶴川団地中央通り","cls":"tertiary","shops":1,"st_km":1.25,"mesh":"53393318"},"geometry":{"type":"LineString","coordinates":[[139.47227,35.59367],[139.47252,35.59417],[139.47297,35.59463],[139.47532,35.59579],[139.47582,35.59616],[139.47608,35.59649],[139.4762,35.59673],[139.47669,35.59853]]}},{"type":"Feature","properties":{"idx":600,"road":NaN,"cls":"tertiary","shops":1,"st_km":1.84,"mesh":"53393317"},"geometry":{"type":"LineString","coordinates":[[139.47227,35.59367],[139.47174,35.59379],[139.47137,35.59377],[139.46734,35.59265],[139.46675,35.59264],[139.46621,35.59276],[139.46571,35.59297],[139.46362,35.59416],[139.46346,35.59436],[139.46336,35.59459],[139.46337,35.59587],[139.46333,35.59607],[139.4632,35.59634],[139.46296,35.59659],[139.46273,35.59674],[139.46233,35.59686],[139.46152,35.597]]}},{"type":"Feature","properties":{"idx":234,"road":"若葉台公園西通り","cls":"tertiary","shops":0,"st_km":0.9,"mesh":"53393357"},"geometry":{"type":"LineString","coordinates":[[139.46981,35.6268],[139.47118,35.62779],[139.47134,35.62786]]}},{"type":"Feature","properties":{"idx":177,"road":"上麻生連光寺線","cls":"secondary","shops":1,"st_km":1.71,"mesh":"53393367"},"geometry":{"type":"LineString","coordinates":[[139.46508,35.64062],[139.46505,35.64045],[139.46478,35.63994],[139.46373,35.63883],[139.46378,35.63871],[139.46427,35.63847],[139.4645,35.63828],[139.46459,35.63815],[139.46466,35.63789],[139.46458,35.63705],[139.46435,35.6367],[139.46391,35.63634],[139.46386,35.63623],[139.46386,35.63599],[139.46412,35.63548],[139.46486,35.63492]]}},{"type":"Feature","properties":{"idx":120,"road":"川崎街道","cls":"primary","shops":0,"st_km":1.89,"mesh":"53393367"},"geometry":{"type":"LineString","coordinates":[[139.46508,35.64062],[139.46461,35.64058]]}},{"type":"Feature","properties":{"idx":161,"road":NaN,"cls":"secondary","shops":0,"st_km":1.56,"mesh":"53393357"},"geometry":{"type":"LineString","coordinates":[[139.46486,35.63492],[139.465,35.63473],[139.46495,35.63412],[139.46507,35.63383],[139.46574,35.63331],[139.46584,35.63319],[139.46589,35.63301],[139.46581,35.63276],[139.465,35.63162],[139.46476,35.63091],[139.46484,35.63],[139.46493,35.62973]]}},{"type":"Feature","properties":{"idx":228,"road":"聖ヶ丘学園通り","cls":"tertiary","shops":0,"st_km":0.72,"mesh":"53393366"},"geometry":{"type":"LineString","coordinates":[[139.45687,35.63025],[139.45623,35.63105],[139.45564,35.63204],[139.45508,35.63304],[139.45504,35.6332],[139.45509,35.63339],[139.45527,35.63358],[139.45606,35.63406],[139.45675,35.63437],[139.45717,35.63447],[139.4591,35.63467]]}},{"type":"Feature","properties":{"idx":340,"road":"ひじり坂","cls":"tertiary","shops":2,"st_km":1.07,"mesh":"53393366"},"geometry":{"type":"LineString","coordinates":[[139.45558,35.63703],[139.4573,35.63665],[139.45808,35.63629],[139.4584,35.63603],[139.45881,35.63554],[139.45893,35.6353],[139.45909,35.63474],[139.4591,35.63443],[139.45871,35.63103],[139.45849,35.63085],[139.45687,35.63025]]}},{"type":"Feature","properties":{"idx":289,"road":"永山駅前通り","cls":"tertiary","shops":1,"st_km":0.07,"mesh":"53393355"},"geometry":{"type":"LineString","coordinates":[[139.44741,35.62947],[139.44719,35.63061]]}},{"type":"Feature","properties":{"idx":61,"road":"野猿街道","cls":"primary","shops":0,"st_km":0.67,"mesh":"53393385"},"geometry":{"type":"LineString","coordinates":[[139.43831,35.6554],[139.43816,35.6546]]}},{"type":"Feature","properties":{"idx":335,"road":"川崎街道","cls":"primary","shops":6,"st_km":0.44,"mesh":"53393385"},"geometry":{"type":"LineString","coordinates":[[139.43773,35.65172],[139.44654,35.65028]]}},{"type":"Feature","properties":{"idx":165,"road":"多摩平の森緑地通り","cls":"tertiary","shops":1,"st_km":0.51,"mesh":"53393390"},"geometry":{"type":"LineString","coordinates":[[139.38057,35.66084],[139.38285,35.66296],[139.38494,35.66554],[139.38513,35.66582],[139.38535,35.66632],[139.38543,35.66659],[139.38546,35.66705]]}},{"type":"Feature","properties":{"idx":350,"road":"フジビューウォーク","cls":"pedestrian","shops":0,"st_km":0.17,"mesh":"53393398"},"geometry":{"type":"LineString","coordinates":[[139.48068,35.66438],[139.47913,35.66477],[139.47845,35.6648],[139.47785,35.66504],[139.4777,35.66525],[139.47741,35.66618],[139.47738,35.66617]]}},{"type":"Feature","properties":{"idx":207,"road":NaN,"cls":"pedestrian","shops":0,"st_km":1.31,"mesh":"53393387"},"geometry":{"type":"LineString","coordinates":[[139.47215,35.65573],[139.47208,35.65539],[139.47182,35.655],[139.47191,35.65418]]}},{"type":"Feature","properties":{"idx":105,"road":"鶴川街道","cls":"secondary","shops":2,"st_km":0.9,"mesh":"53393308"},"geometry":{"type":"LineString","coordinates":[[139.47748,35.59222],[139.47871,35.59043],[139.47934,35.58916]]}},{"type":"Feature","properties":{"idx":46,"road":NaN,"cls":"tertiary","shops":0,"st_km":1.39,"mesh":"53393321"},"geometry":{"type":"LineString","coordinates":[[139.39239,35.60699],[139.39236,35.60683],[139.39223,35.6067],[139.39191,35.60659],[139.39158,35.60658]]}},{"type":"Feature","properties":{"idx":141,"road":NaN,"cls":"primary","shops":1,"st_km":2.89,"mesh":"53393306"},"geometry":{"type":"LineString","coordinates":[[139.45054,35.58823],[139.45094,35.58936]]}},{"type":"Feature","properties":{"idx":234,"road":"鎌倉街道","cls":"primary","shops":3,"st_km":2.88,"mesh":"53393306"},"geometry":{"type":"LineString","coordinates":[[139.45068,35.58825],[139.45053,35.58785]]}},{"type":"Feature","properties":{"idx":122,"road":NaN,"cls":"primary","shops":0,"st_km":0.6,"mesh":"53393365"},"geometry":{"type":"LineString","coordinates":[[139.44896,35.63557],[139.44874,35.63573]]}},{"type":"Feature","properties":{"idx":119,"road":NaN,"cls":"primary","shops":0,"st_km":0.63,"mesh":"53393365"},"geometry":{"type":"LineString","coordinates":[[139.44874,35.63573],[139.44847,35.63592],[139.44835,35.63608]]}},{"type":"Feature","properties":{"idx":121,"road":NaN,"cls":"primary","shops":0,"st_km":0.61,"mesh":"53393365"},"geometry":{"type":"LineString","coordinates":[[139.44881,35.63579],[139.44901,35.63564]]}},{"type":"Feature","properties":{"idx":1194,"road":"東京都道18号府中町田線","cls":"primary","shops":5,"st_km":0.53,"mesh":"53393366"},"geometry":{"type":"LineString","coordinates":[[139.44901,35.63564],[139.45172,35.63364]]}},{"type":"Feature","properties":{"idx":40,"road":NaN,"cls":"secondary_link","shops":0,"st_km":1.35,"mesh":"53393365"},"geometry":{"type":"LineString","coordinates":[[139.43726,35.6403],[139.4376,35.63957],[139.43851,35.63846],[139.43867,35.63805],[139.4386,35.63794]]}},{"type":"Feature","properties":{"idx":157,"road":"和田原通り","cls":"tertiary","shops":0,"st_km":1.44,"mesh":"53393364"},"geometry":{"type":"LineString","coordinates":[[139.43367,35.63975],[139.4358,35.63962]]}},{"type":"Feature","properties":{"idx":143,"road":NaN,"cls":"secondary","shops":0,"st_km":2.12,"mesh":"53393335"},"geometry":{"type":"LineString","coordinates":[[139.44102,35.61135],[139.44293,35.61156]]}},{"type":"Feature","properties":{"idx":259,"road":"上之根大通り","cls":"tertiary","shops":3,"st_km":0.53,"mesh":"53393354"},"geometry":{"type":"LineString","coordinates":[[139.4304,35.62591],[139.42943,35.6272]]}},{"type":"Feature","properties":{"idx":172,"road":"南多摩尾根幹線道路","cls":"secondary","shops":0,"st_km":1.76,"mesh":"53393334"},"geometry":{"type":"LineString","coordinates":[[139.4328,35.60988],[139.43169,35.60966],[139.42951,35.60912]]}},{"type":"Feature","properties":{"idx":154,"road":"鎌倉街道","cls":"primary","shops":0,"st_km":2.14,"mesh":"53393335"},"geometry":{"type":"LineString","coordinates":[[139.44312,35.61118],[139.44316,35.61074]]}},{"type":"Feature","properties":{"idx":240,"road":"上之根大通り","cls":"tertiary","shops":2,"st_km":0.63,"mesh":"53393344"},"geometry":{"type":"LineString","coordinates":[[139.43046,35.62599],[139.43059,35.62581],[139.43206,35.62271]]}},{"type":"Feature","properties":{"idx":164,"road":"南多摩尾根幹線道路","cls":"secondary","shops":0,"st_km":1.85,"mesh":"53393334"},"geometry":{"type":"LineString","coordinates":[[139.43273,35.61025],[139.43504,35.61065],[139.43799,35.61092]]}},{"type":"Feature","properties":{"idx":227,"road":"上之根大通り","cls":"tertiary","shops":1,"st_km":1.78,"mesh":"53393334"},"geometry":{"type":"LineString","coordinates":[[139.43273,35.61025],[139.4328,35.60988]]}},{"type":"Feature","properties":{"idx":149,"road":"貝取大通り","cls":"tertiary","shops":0,"st_km":1.77,"mesh":"53393335"},"geometry":{"type":"LineString","coordinates":[[139.43775,35.61398],[139.43786,35.61259]]}},{"type":"Feature","properties":{"idx":122,"road":"多摩センター南通り","cls":"tertiary","shops":0,"st_km":0.37,"mesh":"53393354"},"geometry":{"type":"LineString","coordinates":[[139.4304,35.62591],[139.42956,35.62564],[139.42641,35.62446]]}},{"type":"Feature","properties":{"idx":263,"road":NaN,"cls":"tertiary","shops":0,"st_km":2.37,"mesh":"53393312"},"geometry":{"type":"LineString","coordinates":[[139.40275,35.59538],[139.40336,35.59645],[139.40409,35.59717]]}},{"type":"Feature","properties":{"idx":108,"road":"平山通り","cls":"secondary","shops":0,"st_km":0.55,"mesh":"53393370"},"geometry":{"type":"LineString","coordinates":[[139.38516,35.64541],[139.38568,35.64499]]}},{"type":"Feature","properties":{"idx":451,"road":"平山通り","cls":"secondary","shops":1,"st_km":0.48,"mesh":"53393380"},"geometry":{"type":"LineString","coordinates":[[139.37608,35.65835],[139.37668,35.65772]]}},{"type":"Feature","properties":{"idx":86,"road":"平山通り","cls":"secondary","shops":0,"st_km":0.81,"mesh":"53393370"},"geometry":{"type":"LineString","coordinates":[[139.38568,35.64499],[139.38732,35.64367],[139.38772,35.64321],[139.38785,35.64282],[139.38786,35.6415]]}},{"type":"Feature","properties":{"idx":613,"road":"多摩モノレール通り","cls":"secondary","shops":1,"st_km":0.05,"mesh":"53393343"},"geometry":{"type":"LineString","coordinates":[[139.4226,35.62337],[139.42262,35.62345]]}},{"type":"Feature","properties":{"idx":237,"road":"野猿街道","cls":"primary","shops":1,"st_km":0.09,"mesh":"53393363"},"geometry":{"type":"LineString","coordinates":[[139.41581,35.63738],[139.418,35.63785]]}},{"type":"Feature","properties":{"idx":616,"road":"多摩モノレール通り","cls":"secondary","shops":1,"st_km":0.05,"mesh":"53393343"},"geometry":{"type":"LineString","coordinates":[[139.42282,35.62348],[139.42279,35.62339]]}},{"type":"Feature","properties":{"idx":532,"road":"多摩センター南通り","cls":"tertiary","shops":1,"st_km":0.07,"mesh":"53393343"},"geometry":{"type":"LineString","coordinates":[[139.42282,35.62348],[139.42361,35.62356],[139.42415,35.62372]]}},{"type":"Feature","properties":{"idx":59,"road":"相模原立川線","cls":"secondary","shops":0,"st_km":0.57,"mesh":"53393372"},"geometry":{"type":"LineString","coordinates":[[139.39875,35.6441],[139.39997,35.64476],[139.40311,35.64737],[139.40349,35.64751]]}},{"type":"Feature","properties":{"idx":82,"road":NaN,"cls":"tertiary","shops":0,"st_km":0.75,"mesh":"53393362"},"geometry":{"type":"LineString","coordinates":[[139.40384,35.63913],[139.40312,35.63907],[139.40273,35.63917],[139.40258,35.63926],[139.39912,35.64212],[139.39894,35.64241],[139.39893,35.64321],[139.39882,35.64376]]}},{"type":"Feature","properties":{"idx":217,"road":"多摩モノレール通り","cls":"secondary","shops":1,"st_km":0.08,"mesh":"53393363"},"geometry":{"type":"LineString","coordinates":[[139.41588,35.6372],[139.41567,35.63735]]}},{"type":"Feature","properties":{"idx":337,"road":"多摩センター南通り","cls":"tertiary","shops":0,"st_km":0.12,"mesh":"53393343"},"geometry":{"type":"LineString","coordinates":[[139.4226,35.62337],[139.42062,35.62321]]}},{"type":"Feature","properties":{"idx":254,"road":"野猿街道","cls":"primary","shops":2,"st_km":0.47,"mesh":"53393362"},"geometry":{"type":"LineString","coordinates":[[139.41588,35.6372],[139.41391,35.63675],[139.41278,35.63636],[139.40732,35.63366]]}},{"type":"Feature","properties":{"idx":139,"road":NaN,"cls":"tertiary","shops":2,"st_km":0.9,"mesh":"53393362"},"geometry":{"type":"LineString","coordinates":[[139.40724,35.63376],[139.40732,35.63366]]}},{"type":"Feature","properties":{"idx":102,"road":"町田平山八王子線","cls":"secondary","shops":0,"st_km":0.61,"mesh":"53393370"},"geometry":{"type":"LineString","coordinates":[[139.38639,35.64513],[139.38568,35.64499]]}},{"type":"Feature","properties":{"idx":1925,"road":"豊田停車場線","cls":"secondary","shops":19,"st_km":0.12,"mesh":"53393390"},"geometry":{"type":"LineString","coordinates":[[139.38057,35.66084],[139.3813,35.66009]]}},{"type":"Feature","properties":{"idx":590,"road":"鶴川街道","cls":"primary","shops":8,"st_km":0.16,"mesh":"53393308"},"geometry":{"type":"LineString","coordinates":[[139.48158,35.5842],[139.48228,35.58449],[139.48299,35.58461]]}},{"type":"Feature","properties":{"idx":358,"road":NaN,"cls":"tertiary","shops":5,"st_km":0.08,"mesh":"53393308"},"geometry":{"type":"LineString","coordinates":[[139.4817,35.58385],[139.48183,35.58378],[139.48246,35.58392]]}},{"type":"Feature","properties":{"idx":188,"road":"舞の橋歩道橋","cls":"pedestrian","shops":1,"st_km":0.25,"mesh":"53393330"},"geometry":{"type":"LineString","coordinates":[[139.37834,35.61583],[139.37819,35.61603]]}},{"type":"Feature","properties":{"idx":62,"road":NaN,"cls":"tertiary_link","shops":0,"st_km":0.61,"mesh":"53393390"},"geometry":{"type":"LineString","coordinates":[[139.3815,35.66504],[139.38153,35.66493]]}},{"type":"Feature","properties":{"idx":242,"road":"桜台通り","cls":"tertiary","shops":0,"st_km":2.71,"mesh":"53393312"},"geometry":{"type":"LineString","coordinates":[[139.4075,35.58964],[139.40859,35.59152],[139.409,35.59201],[139.40955,35.59241],[139.41174,35.59363],[139.4122,35.594]]}},{"type":"Feature","properties":{"idx":151,"road":"八重咲通り","cls":"tertiary","shops":0,"st_km":2.23,"mesh":"53393302"},"geometry":{"type":"LineString","coordinates":[[139.40231,35.58841],[139.40253,35.58847]]}},{"type":"Feature","properties":{"idx":145,"road":"八重咲通り","cls":"tertiary","shops":0,"st_km":2.35,"mesh":"53393302"},"geometry":{"type":"LineString","coordinates":[[139.40253,35.58847],[139.403,35.58878],[139.40342,35.58885],[139.40463,35.58833],[139.4054,35.58829],[139.4065,35.58788]]}},{"type":"Feature","properties":{"idx":150,"road":NaN,"cls":"tertiary","shops":0,"st_km":0.7,"mesh":"53393340"},"geometry":{"type":"LineString","coordinates":[[139.38342,35.62165],[139.38077,35.62067],[139.38035,35.62044],[139.38,35.62007],[139.37917,35.6185],[139.37901,35.61834],[139.37846,35.61798]]}},{"type":"Feature","properties":{"idx":98,"road":NaN,"cls":"tertiary","shops":0,"st_km":0.19,"mesh":"53393330"},"geometry":{"type":"LineString","coordinates":[[139.38178,35.6138],[139.38191,35.61382]]}},{"type":"Feature","properties":{"idx":136,"road":NaN,"cls":"tertiary","shops":1,"st_km":0.26,"mesh":"53393330"},"geometry":{"type":"LineString","coordinates":[[139.37853,35.61207],[139.37842,35.61207]]}},{"type":"Feature","properties":{"idx":203,"road":NaN,"cls":"tertiary","shops":2,"st_km":0.15,"mesh":"53393330"},"geometry":{"type":"LineString","coordinates":[[139.38184,35.61373],[139.38079,35.61321]]}},{"type":"Feature","properties":{"idx":95,"road":"多摩ニュータウン通り","cls":"secondary","shops":0,"st_km":0.32,"mesh":"53393330"},"geometry":{"type":"LineString","coordinates":[[139.37558,35.61264],[139.37734,35.61355]]}},{"type":"Feature","properties":{"idx":95,"road":"多摩ニュータウン通り","cls":"secondary","shops":0,"st_km":0.32,"mesh":"53393330"},"geometry":{"type":"LineString","coordinates":[[139.37738,35.61349],[139.37563,35.61258]]}},{"type":"Feature","properties":{"idx":368,"road":"多摩ニュータウン通り","cls":"secondary","shops":4,"st_km":0.08,"mesh":"53393330"},"geometry":{"type":"LineString","coordinates":[[139.37951,35.61464],[139.3802,35.615]]}},{"type":"Feature","properties":{"idx":130,"road":NaN,"cls":"tertiary","shops":1,"st_km":0.3,"mesh":"53393330"},"geometry":{"type":"LineString","coordinates":[[139.38191,35.61382],[139.38223,35.61333],[139.3824,35.61282],[139.38235,35.61085],[139.38229,35.61078]]}},{"type":"Feature","properties":{"idx":88,"road":NaN,"cls":"tertiary","shops":0,"st_km":0.29,"mesh":"53393330"},"geometry":{"type":"LineString","coordinates":[[139.37972,35.61671],[139.37966,35.61661]]}},{"type":"Feature","properties":{"idx":84,"road":NaN,"cls":"tertiary","shops":0,"st_km":0.33,"mesh":"53393330"},"geometry":{"type":"LineString","coordinates":[[139.37637,35.61495],[139.37624,35.61494]]}},{"type":"Feature","properties":{"idx":136,"road":NaN,"cls":"tertiary","shops":1,"st_km":0.26,"mesh":"53393330"},"geometry":{"type":"LineString","coordinates":[[139.37631,35.61503],[139.3796,35.61669]]}},{"type":"Feature","properties":{"idx":222,"road":NaN,"cls":"tertiary","shops":0,"st_km":0.29,"mesh":"53393340"},"geometry":{"type":"LineString","coordinates":[[139.3796,35.61669],[139.37972,35.61671]]}},{"type":"Feature","properties":{"idx":1168,"road":NaN,"cls":"pedestrian","shops":15,"st_km":0.16,"mesh":"53393330"},"geometry":{"type":"LineString","coordinates":[[139.37911,35.6148],[139.37842,35.61573]]}},{"type":"Feature","properties":{"idx":202,"road":NaN,"cls":"tertiary","shops":2,"st_km":0.15,"mesh":"53393330"},"geometry":{"type":"LineString","coordinates":[[139.38184,35.61373],[139.38122,35.61455]]}},{"type":"Feature","properties":{"idx":1293,"road":NaN,"cls":"pedestrian","shops":15,"st_km":0.07,"mesh":"53393330"},"geometry":{"type":"LineString","coordinates":[[139.38033,35.61314],[139.37979,35.61388]]}},{"type":"Feature","properties":{"idx":312,"road":NaN,"cls":"tertiary","shops":0,"st_km":2.39,"mesh":"53393311"},"geometry":{"type":"LineString","coordinates":[[139.39992,35.59954],[139.3992,35.59893],[139.39899,35.59865],[139.39877,35.59805],[139.39884,35.59758],[139.3988,35.59733],[139.3979,35.59601],[139.3978,35.59579],[139.39736,35.59451],[139.39705,35.59343],[139.39709,35.59307],[139.39729,35.59257],[139.3973,35.59229],[139.39687,35.59031],[139.39683,35.58957],[139.39672,35.58935],[139.39603,35.58848],[139.39576,35.5878],[139.39524,35.58679],[139.39503,35.58587]]}},{"type":"Feature","properties":{"idx":162,"road":"東京都道19号町田調布線","cls":"primary","shops":0,"st_km":0.74,"mesh":"53393348"},"geometry":{"type":"LineString","coordinates":[[139.47932,35.62012],[139.48035,35.61813],[139.4807,35.61757],[139.48125,35.61694],[139.48202,35.6163]]}},{"type":"Feature","properties":{"idx":81,"road":NaN,"cls":"tertiary","shops":0,"st_km":1.35,"mesh":"53393348"},"geometry":{"type":"LineString","coordinates":[[139.48577,35.62074],[139.4865,35.62017],[139.48683,35.61977],[139.4873,35.61818],[139.48731,35.61778],[139.48726,35.61758],[139.48649,35.61627]]}},{"type":"Feature","properties":{"idx":37,"road":NaN,"cls":"secondary","shops":0,"st_km":1.11,"mesh":"53393332"},"geometry":{"type":"LineString","coordinates":[[139.39905,35.61213],[139.40024,35.61263],[139.40107,35.61286],[139.40186,35.613]]}},{"type":"Feature","properties":{"idx":264,"road":"町田平山八王子線","cls":"secondary","shops":0,"st_km":1.27,"mesh":"53393331"},"geometry":{"type":"LineString","coordinates":[[139.39905,35.61213],[139.39891,35.61217],[139.39835,35.61292],[139.39768,35.61426]]}},{"type":"Feature","properties":{"idx":263,"road":"町田平山八王子線","cls":"secondary","shops":0,"st_km":1.25,"mesh":"53393331"},"geometry":{"type":"LineString","coordinates":[[139.39858,35.61279],[139.39904,35.61224],[139.39905,35.61213]]}},{"type":"Feature","properties":{"idx":1050,"road":"宮下通り","cls":"tertiary","shops":20,"st_km":0.09,"mesh":"53393385"},"geometry":{"type":"LineString","coordinates":[[139.44794,35.65107],[139.448,35.65091]]}},{"type":"Feature","properties":{"idx":699,"road":"宮下通り","cls":"tertiary","shops":13,"st_km":0.12,"mesh":"53393385"},"geometry":{"type":"LineString","coordinates":[[139.448,35.65091],[139.44815,35.65046],[139.44839,35.65016],[139.44839,35.64998]]}},{"type":"Feature","properties":{"idx":452,"road":"聖蹟Uロード","cls":"tertiary","shops":7,"st_km":0.05,"mesh":"53393385"},"geometry":{"type":"LineString","coordinates":[[139.44644,35.6508],[139.44648,35.65061]]}},{"type":"Feature","properties":{"idx":95,"road":NaN,"cls":"tertiary","shops":0,"st_km":0.67,"mesh":"53393390"},"geometry":{"type":"LineString","coordinates":[[139.37908,35.66391],[139.38286,35.66569],[139.38546,35.66705]]}},{"type":"Feature","properties":{"idx":91,"road":"薬師台通り","cls":"tertiary","shops":0,"st_km":2.17,"mesh":"53393306"},"geometry":{"type":"LineString","coordinates":[[139.45668,35.58361],[139.45699,35.58417],[139.45724,35.58451],[139.45961,35.58745]]}},{"type":"Feature","properties":{"idx":148,"road":"若葉台東樫の木通り","cls":"tertiary","shops":0,"st_km":0.35,"mesh":"53393347"},"geometry":{"type":"LineString","coordinates":[[139.47514,35.62355],[139.47494,35.62319],[139.4746,35.62295],[139.47405,35.62271],[139.47388,35.62257],[139.47373,35.62227],[139.47377,35.62193],[139.47386,35.62177],[139.47472,35.62087]]}},{"type":"Feature","properties":{"idx":1136,"road":"町田街道","cls":"primary","shops":4,"st_km":1.71,"mesh":"53393301"},"geometry":{"type":"LineString","coordinates":[[139.39038,35.58733],[139.3897,35.58807],[139.38938,35.58835],[139.38891,35.58863],[139.38793,35.58911]]}},{"type":"Feature","properties":{"idx":535,"road":"町田街道","cls":"primary","shops":2,"st_km":1.5,"mesh":"53393310"},"geometry":{"type":"LineString","coordinates":[[139.38793,35.58911],[139.38385,35.59112],[139.38016,35.59223],[139.37464,35.59481]]}},{"type":"Feature","properties":{"idx":147,"road":"中央道側道","cls":"tertiary","shops":0,"st_km":0.73,"mesh":"53393398"},"geometry":{"type":"LineString","coordinates":[[139.48113,35.66008],[139.48139,35.66021]]}},{"type":"Feature","properties":{"idx":147,"road":"中央道側道","cls":"tertiary","shops":0,"st_km":0.73,"mesh":"53393398"},"geometry":{"type":"LineString","coordinates":[[139.48102,35.66001],[139.48113,35.66008]]}},{"type":"Feature","properties":{"idx":236,"road":"宮下通り","cls":"tertiary","shops":3,"st_km":0.1,"mesh":"53393385"},"geometry":{"type":"LineString","coordinates":[[139.44762,35.65158],[139.44768,35.65152]]}},{"type":"Feature","properties":{"idx":618,"road":"宮下通り","cls":"tertiary","shops":11,"st_km":0.1,"mesh":"53393385"},"geometry":{"type":"LineString","coordinates":[[139.44768,35.65152],[139.44786,35.65129],[139.44794,35.65107]]}},{"type":"Feature","properties":{"idx":393,"road":"聖蹟Uロード","cls":"tertiary","shops":6,"st_km":0.07,"mesh":"53393385"},"geometry":{"type":"LineString","coordinates":[[139.44646,35.65123],[139.44649,35.65129]]}},{"type":"Feature","properties":{"idx":398,"road":"聖蹟Uロード","cls":"tertiary","shops":6,"st_km":0.05,"mesh":"53393385"},"geometry":{"type":"LineString","coordinates":[[139.44646,35.65123],[139.44642,35.65102],[139.44644,35.6508]]}},{"type":"Feature","properties":{"idx":189,"road":NaN,"cls":"tertiary","shops":2,"st_km":1.58,"mesh":"53393350"},"geometry":{"type":"LineString","coordinates":[[139.38286,35.62805],[139.38295,35.62811]]}},{"type":"Feature","properties":{"idx":182,"road":NaN,"cls":"tertiary","shops":2,"st_km":1.61,"mesh":"53393350"},"geometry":{"type":"LineString","coordinates":[[139.38295,35.62811],[139.38318,35.62838],[139.38337,35.62878]]}},{"type":"Feature","properties":{"idx":146,"road":"柚木街道","cls":"primary","shops":0,"st_km":1.25,"mesh":"53393350"},"geometry":{"type":"LineString","coordinates":[[139.37595,35.62383],[139.37676,35.62409],[139.3774,35.62439],[139.37986,35.62616],[139.38057,35.62655],[139.38134,35.62685]]}},{"type":"Feature","properties":{"idx":240,"road":"柚木街道","cls":"primary","shops":2,"st_km":1.55,"mesh":"53393350"},"geometry":{"type":"LineString","coordinates":[[139.38352,35.62769],[139.38363,35.62774]]}},{"type":"Feature","properties":{"idx":130,"road":"柚木街道","cls":"primary","shops":0,"st_km":1.13,"mesh":"53393340"},"geometry":{"type":"LineString","coordinates":[[139.37603,35.62378],[139.37593,35.62375]]}},{"type":"Feature","properties":{"idx":105,"road":NaN,"cls":"tertiary","shops":0,"st_km":1.12,"mesh":"53393340"},"geometry":{"type":"LineString","coordinates":[[139.37603,35.62378],[139.37608,35.62367]]}},{"type":"Feature","properties":{"idx":156,"road":"旧野猿街道","cls":"tertiary","shops":1,"st_km":1.39,"mesh":"53393350"},"geometry":{"type":"LineString","coordinates":[[139.38583,35.62834],[139.38579,35.62846]]}},{"type":"Feature","properties":{"idx":104,"road":NaN,"cls":"tertiary","shops":0,"st_km":1.13,"mesh":"53393340"},"geometry":{"type":"LineString","coordinates":[[139.37593,35.62375],[139.37595,35.62383]]}},{"type":"Feature","properties":{"idx":153,"road":NaN,"cls":"tertiary","shops":1,"st_km":0.14,"mesh":"53393330"},"geometry":{"type":"LineString","coordinates":[[139.38074,35.61328],[139.38178,35.6138]]}},{"type":"Feature","properties":{"idx":351,"road":NaN,"cls":"tertiary","shops":5,"st_km":0.16,"mesh":"53393330"},"geometry":{"type":"LineString","coordinates":[[139.38079,35.61321],[139.37853,35.61207]]}},{"type":"Feature","properties":{"idx":102,"road":"野猿街道","cls":"secondary","shops":0,"st_km":1.65,"mesh":"53393350"},"geometry":{"type":"LineString","coordinates":[[139.38286,35.62805],[139.38035,35.62932],[139.37932,35.62973]]}},{"type":"Feature","properties":{"idx":97,"road":"野猿街道","cls":"primary","shops":0,"st_km":1.15,"mesh":"53393351"},"geometry":{"type":"LineString","coordinates":[[139.38579,35.62846],[139.38729,35.62869],[139.38858,35.62873],[139.39002,35.62858],[139.39166,35.62819]]}},{"type":"Feature","properties":{"idx":213,"road":"野猿街道","cls":"secondary","shops":2,"st_km":1.57,"mesh":"53393350"},"geometry":{"type":"LineString","coordinates":[[139.38295,35.62811],[139.38363,35.62774]]}},{"type":"Feature","properties":{"idx":136,"road":"野猿街道","cls":"primary","shops":1,"st_km":1.24,"mesh":"53393351"},"geometry":{"type":"LineString","coordinates":[[139.39161,35.62806],[139.39063,35.62833],[139.38969,35.6285],[139.38859,35.6286],[139.3877,35.62859],[139.38655,35.62848],[139.38557,35.62828],[139.38364,35.62764]]}},{"type":"Feature","properties":{"idx":214,"road":"野猿街道","cls":"secondary","shops":2,"st_km":1.56,"mesh":"53393350"},"geometry":{"type":"LineString","coordinates":[[139.38352,35.62769],[139.38286,35.62805]]}},{"type":"Feature","properties":{"idx":88,"road":"旧野猿街道","cls":"tertiary","shops":0,"st_km":1.71,"mesh":"53393350"},"geometry":{"type":"LineString","coordinates":[[139.37935,35.6298],[139.37946,35.62988],[139.3796,35.6299],[139.38023,35.62981],[139.38265,35.62898],[139.38337,35.62878]]}},{"type":"Feature","properties":{"idx":124,"road":NaN,"cls":"tertiary","shops":0,"st_km":0.91,"mesh":"53393340"},"geometry":{"type":"LineString","coordinates":[[139.37668,35.62018],[139.37733,35.62002],[139.37764,35.62007],[139.37789,35.62022],[139.37808,35.62052],[139.37822,35.62157],[139.37827,35.62173],[139.37841,35.62191],[139.37858,35.62203],[139.37975,35.62253],[139.38062,35.62335],[139.3811,35.62365],[139.38248,35.62427],[139.38288,35.62441]]}},{"type":"Feature","properties":{"idx":97,"road":"野猿街道","cls":"secondary","shops":0,"st_km":1.61,"mesh":"53393350"},"geometry":{"type":"LineString","coordinates":[[139.37932,35.62973],[139.37875,35.62988],[139.37636,35.63028],[139.37289,35.63112],[139.37162,35.63152]]}},{"type":"Feature","properties":{"idx":101,"road":"野猿街道","cls":"secondary","shops":0,"st_km":1.66,"mesh":"53393350"},"geometry":{"type":"LineString","coordinates":[[139.37935,35.6298],[139.38012,35.62951],[139.38295,35.62811]]}},{"type":"Feature","properties":{"idx":90,"road":NaN,"cls":"tertiary","shops":0,"st_km":0.44,"mesh":"53393363"},"geometry":{"type":"LineString","coordinates":[[139.42324,35.63957],[139.42314,35.63963],[139.4227,35.63967],[139.42214,35.63963],[139.41906,35.63867],[139.41868,35.63852],[139.41834,35.63829],[139.41803,35.638],[139.418,35.63785]]}},{"type":"Feature","properties":{"idx":232,"road":NaN,"cls":"tertiary","shops":2,"st_km":0.18,"mesh":"53393363"},"geometry":{"type":"LineString","coordinates":[[139.418,35.63785],[139.41803,35.63772]]}},{"type":"Feature","properties":{"idx":200,"road":NaN,"cls":"tertiary","shops":0,"st_km":0.65,"mesh":"53393341"},"geometry":{"type":"LineString","coordinates":[[139.39263,35.62459],[139.3937,35.62324]]}},{"type":"Feature","properties":{"idx":479,"road":NaN,"cls":"tertiary","shops":3,"st_km":0.7,"mesh":"53393341"},"geometry":{"type":"LineString","coordinates":[[139.39256,35.6247],[139.39263,35.62459]]}},{"type":"Feature","properties":{"idx":144,"road":NaN,"cls":"tertiary","shops":1,"st_km":0.88,"mesh":"53393351"},"geometry":{"type":"LineString","coordinates":[[139.39161,35.62806],[139.39144,35.62764]]}},{"type":"Feature","properties":{"idx":384,"road":"野猿街道","cls":"primary","shops":3,"st_km":0.6,"mesh":"53393351"},"geometry":{"type":"LineString","coordinates":[[139.39166,35.62819],[139.39377,35.62762],[139.39449,35.62753],[139.39517,35.62758],[139.39798,35.62815]]}},{"type":"Feature","properties":{"idx":237,"road":"野猿街道","cls":"primary","shops":1,"st_km":0.1,"mesh":"53393363"},"geometry":{"type":"LineString","coordinates":[[139.41803,35.63772],[139.41631,35.63729]]}},{"type":"Feature","properties":{"idx":113,"road":"野猿街道","cls":"primary","shops":0,"st_km":0.43,"mesh":"53393363"},"geometry":{"type":"LineString","coordinates":[[139.418,35.63785],[139.42324,35.63957]]}},{"type":"Feature","properties":{"idx":268,"road":"南多摩尾根幹線道路","cls":"secondary","shops":0,"st_km":1.29,"mesh":"53393310"},"geometry":{"type":"LineString","coordinates":[[139.38159,35.59916],[139.38058,35.59836],[139.37935,35.59759]]}},{"type":"Feature","properties":{"idx":494,"road":"多摩ニュータウン通り","cls":"secondary","shops":6,"st_km":0.07,"mesh":"53393330"},"geometry":{"type":"LineString","coordinates":[[139.38027,35.61492],[139.37955,35.61457]]}},{"type":"Feature","properties":{"idx":503,"road":"多摩ニュータウン通り","cls":"secondary","shops":3,"st_km":0.51,"mesh":"53393340"},"geometry":{"type":"LineString","coordinates":[[139.3802,35.615],[139.38813,35.61897]]}},{"type":"Feature","properties":{"idx":402,"road":"多摩ニュータウン通り","cls":"secondary","shops":1,"st_km":0.3,"mesh":"53393352"},"geometry":{"type":"LineString","coordinates":[[139.39859,35.6265],[139.4035,35.62774]]}},{"type":"Feature","properties":{"idx":561,"road":"多摩ニュータウン通り","cls":"secondary","shops":5,"st_km":0.45,"mesh":"53393351"},"geometry":{"type":"LineString","coordinates":[[139.39852,35.6263],[139.39363,35.62503],[139.39314,35.62487],[139.39263,35.62459]]}},{"type":"Feature","properties":{"idx":343,"road":"多摩境通り","cls":"tertiary","shops":1,"st_km":1.35,"mesh":"53393310"},"geometry":{"type":"LineString","coordinates":[[139.38148,35.59922],[139.38159,35.59916]]}},{"type":"Feature","properties":{"idx":697,"road":"多摩境通り","cls":"tertiary","shops":5,"st_km":1.58,"mesh":"53393310"},"geometry":{"type":"LineString","coordinates":[[139.38159,35.59916],[139.38583,35.59675]]}},{"type":"Feature","properties":{"idx":1120,"road":"宮下通り","cls":"tertiary","shops":10,"st_km":0.16,"mesh":"53393375"},"geometry":{"type":"LineString","coordinates":[[139.44838,35.64989],[139.44839,35.64998]]}},{"type":"Feature","properties":{"idx":425,"road":"町田平山八王子線","cls":"secondary","shops":2,"st_km":0.17,"mesh":"53393351"},"geometry":{"type":"LineString","coordinates":[[139.39864,35.62633],[139.39901,35.62518],[139.39914,35.6246]]}},{"type":"Feature","properties":{"idx":457,"road":"平山通り","cls":"secondary","shops":3,"st_km":0.32,"mesh":"53393351"},"geometry":{"type":"LineString","coordinates":[[139.39847,35.62646],[139.39824,35.62719]]}},{"type":"Feature","properties":{"idx":250,"road":"平山通り","cls":"secondary","shops":1,"st_km":0.41,"mesh":"53393351"},"geometry":{"type":"LineString","coordinates":[[139.39809,35.62797],[139.39826,35.6275]]}},{"type":"Feature","properties":{"idx":175,"road":"相模原立川線 (Sagamihara Tachikawa Line)","cls":"secondary","shops":2,"st_km":0.41,"mesh":"53393330"},"geometry":{"type":"LineString","coordinates":[[139.3832,35.61651],[139.38327,35.61641]]}},{"type":"Feature","properties":{"idx":537,"road":"聖蹟Uロード","cls":"tertiary","shops":9,"st_km":0.07,"mesh":"53393385"},"geometry":{"type":"LineString","coordinates":[[139.44654,35.65028],[139.44654,35.65019]]}},{"type":"Feature","properties":{"idx":70,"road":NaN,"cls":"secondary_link","shops":0,"st_km":0.23,"mesh":"53393330"},"geometry":{"type":"LineString","coordinates":[[139.37726,35.61359],[139.37735,35.61364]]}},{"type":"Feature","properties":{"idx":105,"road":NaN,"cls":"secondary_link","shops":1,"st_km":0.23,"mesh":"53393330"},"geometry":{"type":"LineString","coordinates":[[139.37749,35.61346],[139.37739,35.61341]]}},{"type":"Feature","properties":{"idx":204,"road":NaN,"cls":"tertiary","shops":0,"st_km":1.53,"mesh":"53393310"},"geometry":{"type":"LineString","coordinates":[[139.38255,35.59861],[139.38449,35.59952]]}},{"type":"Feature","properties":{"idx":195,"road":NaN,"cls":"tertiary","shops":2,"st_km":0.13,"mesh":"53393308"},"geometry":{"type":"LineString","coordinates":[[139.48326,35.58366],[139.4829,35.58361]]}},{"type":"Feature","properties":{"idx":411,"road":"多摩モノレール通り","cls":"secondary","shops":4,"st_km":0.1,"mesh":"53393353"},"geometry":{"type":"LineString","coordinates":[[139.42381,35.62651],[139.42354,35.62566]]}},{"type":"Feature","properties":{"idx":391,"road":NaN,"cls":"secondary","shops":1,"st_km":0.49,"mesh":"53393343"},"geometry":{"type":"LineString","coordinates":[[139.41789,35.62484],[139.41785,35.62453],[139.41772,35.62423],[139.41665,35.62239]]}},{"type":"Feature","properties":{"idx":289,"road":"さくら通り","cls":"tertiary","shops":0,"st_km":2.91,"mesh":"53393303"},"geometry":{"type":"LineString","coordinates":[[139.4185,35.59237],[139.41816,35.59216],[139.41809,35.59198],[139.41813,35.59184],[139.41862,35.59111],[139.41884,35.59093],[139.41921,35.59076],[139.41929,35.59066],[139.41931,35.59052],[139.41923,35.59039],[139.41845,35.58991]]}},{"type":"Feature","properties":{"idx":229,"road":"多摩ニュータウン通り","cls":"secondary","shops":2,"st_km":0.23,"mesh":"53393353"},"geometry":{"type":"LineString","coordinates":[[139.42354,35.62619],[139.421,35.62525],[139.42042,35.62509],[139.41957,35.62496],[139.41789,35.62484]]}},{"type":"Feature","properties":{"idx":225,"road":"多摩ニュータウン通り","cls":"secondary","shops":1,"st_km":0.31,"mesh":"53393354"},"geometry":{"type":"LineString","coordinates":[[139.42381,35.62651],[139.42811,35.62809],[139.42866,35.62832]]}},{"type":"Feature","properties":{"idx":284,"road":"多摩ニュータウン通り","cls":"secondary","shops":3,"st_km":0.24,"mesh":"53393353"},"geometry":{"type":"LineString","coordinates":[[139.41802,35.62504],[139.41957,35.62515],[139.4204,35.62529],[139.421,35.62546],[139.42381,35.62651]]}},{"type":"Feature","properties":{"idx":162,"road":NaN,"cls":"tertiary","shops":0,"st_km":0.96,"mesh":"53393333"},"geometry":{"type":"LineString","coordinates":[[139.41209,35.61204],[139.41266,35.61223],[139.41335,35.61174],[139.41385,35.61157],[139.41446,35.61151],[139.41601,35.61151],[139.41629,35.61147],[139.41741,35.61093],[139.41808,35.61045],[139.41835,35.61036],[139.41905,35.61033],[139.41922,35.61029],[139.42019,35.6098],[139.42035,35.60955],[139.42035,35.60933],[139.41962,35.60801],[139.41954,35.60772],[139.41953,35.60743],[139.41967,35.60694],[139.4206,35.60533],[139.42075,35.60488]]}},{"type":"Feature","properties":{"idx":294,"road":NaN,"cls":"tertiary","shops":1,"st_km":0.25,"mesh":"53393319"},"geometry":{"type":"LineString","coordinates":[[139.49261,35.59861],[139.49219,35.59773]]}},{"type":"Feature","properties":{"idx":320,"road":"町田平山八王子線","cls":"secondary","shops":0,"st_km":2.13,"mesh":"53393312"},"geometry":{"type":"LineString","coordinates":[[139.39983,35.60004],[139.40008,35.59991],[139.40007,35.59966]]}},{"type":"Feature","properties":{"idx":344,"road":"鶴川街道","cls":"primary","shops":0,"st_km":0.14,"mesh":"53393337"},"geometry":{"type":"LineString","coordinates":[[139.46972,35.6141],[139.46911,35.61362]]}},{"type":"Feature","properties":{"idx":42,"road":"南多摩尾根幹線道路","cls":"primary","shops":1,"st_km":0.73,"mesh":"53393369"},"geometry":{"type":"LineString","coordinates":[[139.4928,35.6383],[139.49213,35.63792]]}},{"type":"Feature","properties":{"idx":124,"road":"川崎街道","cls":"primary","shops":0,"st_km":1.65,"mesh":"53393377"},"geometry":{"type":"LineString","coordinates":[[139.46508,35.64073],[139.46551,35.64086],[139.46637,35.64125],[139.46687,35.6416],[139.46723,35.64207],[139.46754,35.64283],[139.46775,35.64321],[139.46801,35.64354],[139.46847,35.64393],[139.46887,35.64418],[139.47249,35.64606],[139.47295,35.64622],[139.47359,35.64634],[139.47573,35.64647],[139.4764,35.64642],[139.47734,35.64618],[139.478,35.64617],[139.47876,35.64637],[139.47965,35.6469],[139.47995,35.64701],[139.48037,35.64709],[139.48068,35.6471]]}},{"type":"Feature","properties":{"idx":118,"road":"平尾小通り","cls":"tertiary","shops":0,"st_km":0.94,"mesh":"53393339"},"geometry":{"type":"LineString","coordinates":[[139.48928,35.60984],[139.48954,35.61016],[139.48969,35.61057],[139.48967,35.61093],[139.48947,35.61163]]}},{"type":"Feature","properties":{"idx":18,"road":"城山通り","cls":"tertiary","shops":0,"st_km":0.97,"mesh":"53393369"},"geometry":{"type":"LineString","coordinates":[[139.48998,35.64091],[139.49,35.64032],[139.4902,35.63979],[139.49041,35.63951],[139.49135,35.63852]]}},{"type":"Feature","properties":{"idx":87,"road":"長峰中央通り","cls":"tertiary","shops":1,"st_km":1.51,"mesh":"53393358"},"geometry":{"type":"LineString","coordinates":[[139.4795,35.62948],[139.47983,35.62967],[139.48237,35.63064],[139.48298,35.63102],[139.48398,35.63186]]}},{"type":"Feature","properties":{"idx":149,"road":"いちょう並木通り","cls":"tertiary","shops":1,"st_km":0.08,"mesh":"53393379"},"geometry":{"type":"LineString","coordinates":[[139.48928,35.64967],[139.48845,35.6497]]}},{"type":"Feature","properties":{"idx":232,"road":NaN,"cls":"tertiary","shops":3,"st_km":0.15,"mesh":"53393379"},"geometry":{"type":"LineString","coordinates":[[139.49183,35.64852],[139.49174,35.64871],[139.49038,35.64971]]}},{"type":"Feature","properties":{"idx":445,"road":"豊田停車場線","cls":"secondary","shops":7,"st_km":0.75,"mesh":"53393390"},"geometry":{"type":"LineString","coordinates":[[139.37726,35.66738],[139.37823,35.66611],[139.37849,35.66564],[139.37908,35.66391]]}},{"type":"Feature","properties":{"idx":122,"road":NaN,"cls":"tertiary","shops":0,"st_km":0.83,"mesh":"53393338"},"geometry":{"type":"LineString","coordinates":[[139.48459,35.61417],[139.48377,35.61355],[139.48312,35.61331],[139.4809,35.61316],[139.48055,35.61305],[139.48033,35.61289],[139.48019,35.61268],[139.48001,35.61139]]}},{"type":"Feature","properties":{"idx":209,"road":"東京都道19号町田調布線","cls":"primary","shops":1,"st_km":0.94,"mesh":"53393338"},"geometry":{"type":"LineString","coordinates":[[139.48617,35.61287],[139.48459,35.61417]]}},{"type":"Feature","properties":{"idx":327,"road":NaN,"cls":"secondary_link","shops":1,"st_km":1.02,"mesh":"53393310"},"geometry":{"type":"LineString","coordinates":[[139.37519,35.59582],[139.37497,35.5959],[139.37488,35.59608],[139.37793,35.59715]]}},{"type":"Feature","properties":{"idx":288,"road":"南多摩尾根幹線道路","cls":"secondary","shops":0,"st_km":1.19,"mesh":"53393310"},"geometry":{"type":"LineString","coordinates":[[139.37874,35.59741],[139.37928,35.59768]]}},{"type":"Feature","properties":{"idx":317,"road":"小山沼陸橋","cls":"secondary","shops":0,"st_km":1.06,"mesh":"53393310"},"geometry":{"type":"LineString","coordinates":[[139.37879,35.59733],[139.3747,35.59586]]}},{"type":"Feature","properties":{"idx":286,"road":"南多摩尾根幹線道路","cls":"secondary","shops":0,"st_km":1.2,"mesh":"53393310"},"geometry":{"type":"LineString","coordinates":[[139.37935,35.59759],[139.37879,35.59733]]}},{"type":"Feature","properties":{"idx":270,"road":"南多摩尾根幹線道路","cls":"secondary","shops":0,"st_km":1.28,"mesh":"53393310"},"geometry":{"type":"LineString","coordinates":[[139.37928,35.59768],[139.38025,35.59827],[139.38148,35.59922]]}},{"type":"Feature","properties":{"idx":254,"road":"津久井道","cls":"primary","shops":1,"st_km":0.63,"mesh":"53393319"},"geometry":{"type":"LineString","coordinates":[[139.50214,35.60347],[139.50114,35.60261],[139.50081,35.60216],[139.50061,35.60174],[139.50001,35.5992],[139.49961,35.59625],[139.49939,35.59568],[139.49796,35.59279]]}},{"type":"Feature","properties":{"idx":67,"road":NaN,"cls":"pedestrian","shops":0,"st_km":0.66,"mesh":"53393372"},"geometry":{"type":"LineString","coordinates":[[139.41222,35.64734],[139.41235,35.64724]]}},{"type":"Feature","properties":{"idx":259,"road":NaN,"cls":"pedestrian","shops":1,"st_km":0.86,"mesh":"53393339"},"geometry":{"type":"LineString","coordinates":[[139.4894,35.60964],[139.48968,35.60943]]}},{"type":"Feature","properties":{"idx":129,"road":"東京都道19号町田調布線","cls":"primary","shops":0,"st_km":1.03,"mesh":"53393338"},"geometry":{"type":"LineString","coordinates":[[139.48264,35.61579],[139.48298,35.61553]]}},{"type":"Feature","properties":{"idx":311,"road":"相模原立川線","cls":"secondary","shops":0,"st_km":1.09,"mesh":"53393310"},"geometry":{"type":"LineString","coordinates":[[139.37935,35.59759],[139.37938,35.59745],[139.37899,35.597],[139.3787,35.59673],[139.37839,35.59655],[139.37786,35.5964],[139.37591,35.5962],[139.37541,35.59601],[139.37512,35.59571],[139.37464,35.59481]]}},{"type":"Feature","properties":{"idx":127,"road":"上平尾トンネル","cls":"primary","shops":0,"st_km":1.06,"mesh":"53393338"},"geometry":{"type":"LineString","coordinates":[[139.48389,35.61472],[139.48294,35.61551]]}},{"type":"Feature","properties":{"idx":233,"road":"永山いちょう通り","cls":"tertiary","shops":0,"st_km":1.27,"mesh":"53393346"},"geometry":{"type":"LineString","coordinates":[[139.44978,35.61733],[139.45159,35.6193],[139.45239,35.61977]]}},{"type":"Feature","properties":{"idx":901,"road":"多摩境通り","cls":"tertiary","shops":4,"st_km":0.76,"mesh":"53393320"},"geometry":{"type":"LineString","coordinates":[[139.36809,35.60288],[139.37483,35.60233],[139.37602,35.60212],[139.37655,35.60195],[139.37719,35.60165],[139.38148,35.59922]]}},{"type":"Feature","properties":{"idx":1039,"road":"東京都道18号府中町田線","cls":"primary","shops":1,"st_km":0.56,"mesh":"53393356"},"geometry":{"type":"LineString","coordinates":[[139.45172,35.63364],[139.45317,35.63253],[139.45388,35.63176],[139.45429,35.63109],[139.45568,35.62801]]}},{"type":"Feature","properties":{"idx":860,"road":"東京都道18号府中町田線","cls":"primary","shops":3,"st_km":0.52,"mesh":"53393366"},"geometry":{"type":"LineString","coordinates":[[139.45165,35.63358],[139.44896,35.63557]]}},{"type":"Feature","properties":{"idx":564,"road":"諏訪南通り","cls":"tertiary","shops":2,"st_km":1.0,"mesh":"53393346"},"geometry":{"type":"LineString","coordinates":[[139.45663,35.62154],[139.45505,35.62082],[139.45302,35.62087],[139.45273,35.62079],[139.45191,35.62036]]}},{"type":"Feature","properties":{"idx":420,"road":"諏訪の谷通り","cls":"tertiary","shops":0,"st_km":0.85,"mesh":"53393356"},"geometry":{"type":"LineString","coordinates":[[139.4552,35.62622],[139.45541,35.62399]]}},{"type":"Feature","properties":{"idx":292,"road":"諏訪の谷通り","cls":"tertiary","shops":0,"st_km":0.96,"mesh":"53393346"},"geometry":{"type":"LineString","coordinates":[[139.45541,35.62399],[139.4555,35.62337],[139.45569,35.6229],[139.45663,35.62154]]}},{"type":"Feature","properties":{"idx":149,"road":"諏訪越通り","cls":"tertiary","shops":0,"st_km":0.34,"mesh":"53393355"},"geometry":{"type":"LineString","coordinates":[[139.45165,35.63358],[139.45131,35.63328],[139.4505,35.63307],[139.44938,35.63305],[139.44906,35.63298],[139.44884,35.63277],[139.44858,35.63227],[139.44808,35.632]]}},{"type":"Feature","properties":{"idx":209,"road":"鎌倉街道","cls":"primary","shops":0,"st_km":1.4,"mesh":"53393345"},"geometry":{"type":"LineString","coordinates":[[139.44253,35.61604],[139.44236,35.61806],[139.44242,35.61851],[139.44268,35.6192],[139.44272,35.61942],[139.44271,35.61989],[139.44264,35.62026]]}},{"type":"Feature","properties":{"idx":177,"road":"鎌倉街道","cls":"primary","shops":0,"st_km":1.87,"mesh":"53393335"},"geometry":{"type":"LineString","coordinates":[[139.44268,35.61605],[139.44312,35.61118]]}},{"type":"Feature","properties":{"idx":102,"road":"乞田東寺方線","cls":"secondary","shops":0,"st_km":0.92,"mesh":"53393375"},"geometry":{"type":"LineString","coordinates":[[139.43818,35.64349],[139.43805,35.64484],[139.43838,35.64613],[139.43837,35.64653],[139.43827,35.64679],[139.43703,35.64887]]}},{"type":"Feature","properties":{"idx":379,"road":"東京都道157号乞田東寺方線","cls":"secondary","shops":2,"st_km":1.46,"mesh":"53393364"},"geometry":{"type":"LineString","coordinates":[[139.43761,35.63925],[139.43725,35.63978],[139.43691,35.64059]]}},{"type":"Feature","properties":{"idx":491,"road":"東京都道18号府中町田線","cls":"primary","shops":1,"st_km":1.15,"mesh":"53393346"},"geometry":{"type":"LineString","coordinates":[[139.45191,35.62036],[139.45239,35.61977]]}},{"type":"Feature","properties":{"idx":434,"road":NaN,"cls":"secondary","shops":1,"st_km":0.36,"mesh":"53393343"},"geometry":{"type":"LineString","coordinates":[[139.41661,35.62232],[139.41464,35.61897],[139.41422,35.6184],[139.41234,35.61629],[139.4121,35.61586],[139.41198,35.61548]]}},{"type":"Feature","properties":{"idx":436,"road":NaN,"cls":"secondary","shops":1,"st_km":0.35,"mesh":"53393343"},"geometry":{"type":"LineString","coordinates":[[139.41189,35.61547],[139.41209,35.61604],[139.41231,35.61639],[139.41414,35.61843],[139.41449,35.61889],[139.41653,35.62235]]}},{"type":"Feature","properties":{"idx":240,"road":NaN,"cls":"secondary","shops":0,"st_km":0.58,"mesh":"53393343"},"geometry":{"type":"LineString","coordinates":[[139.41665,35.62239],[139.41661,35.62232]]}},{"type":"Feature","properties":{"idx":158,"road":NaN,"cls":"secondary","shops":2,"st_km":0.26,"mesh":"53393332"},"geometry":{"type":"LineString","coordinates":[[139.41198,35.61548],[139.41196,35.61514],[139.41207,35.61311],[139.41203,35.61301]]}},{"type":"Feature","properties":{"idx":387,"road":NaN,"cls":"secondary","shops":1,"st_km":0.5,"mesh":"53393343"},"geometry":{"type":"LineString","coordinates":[[139.41653,35.62235],[139.41764,35.62425],[139.41775,35.62454],[139.4178,35.62483]]}},{"type":"Feature","properties":{"idx":1047,"road":"東京都道18号府中町田線","cls":"primary","shops":1,"st_km":0.55,"mesh":"53393356"},"geometry":{"type":"LineString","coordinates":[[139.45561,35.62796],[139.4542,35.63106],[139.45378,35.63176],[139.45311,35.63249],[139.45165,35.63358]]}},{"type":"Feature","properties":{"idx":454,"road":"東京都道18号府中町田線","cls":"primary","shops":0,"st_km":1.02,"mesh":"53393356"},"geometry":{"type":"LineString","coordinates":[[139.45568,35.62801],[139.45593,35.6275],[139.45633,35.62701],[139.45705,35.62654],[139.45737,35.62642],[139.45773,35.62632],[139.45819,35.62626],[139.46219,35.62604]]}},{"type":"Feature","properties":{"idx":68,"road":"いろは坂通り","cls":"tertiary","shops":0,"st_km":1.03,"mesh":"53393365"},"geometry":{"type":"LineString","coordinates":[[139.44307,35.63888],[139.4415,35.63765],[139.4412,35.63748],[139.44086,35.63749],[139.44055,35.63773],[139.44041,35.63776],[139.43872,35.63744]]}},{"type":"Feature","properties":{"idx":235,"road":"メタセコイア通り","cls":"tertiary","shops":0,"st_km":0.54,"mesh":"53393333"},"geometry":{"type":"LineString","coordinates":[[139.41583,35.61277],[139.41608,35.61335],[139.41637,35.61382],[139.41661,35.61408],[139.41702,35.61441],[139.4174,35.61464],[139.41807,35.61487],[139.41863,35.61497],[139.41918,35.61498]]}},{"type":"Feature","properties":{"idx":182,"road":"メタセコイア通り","cls":"tertiary","shops":0,"st_km":0.83,"mesh":"53393333"},"geometry":{"type":"LineString","coordinates":[[139.41918,35.61498],[139.42198,35.61501]]}},{"type":"Feature","properties":{"idx":87,"road":"上之根大通り","cls":"tertiary","shops":0,"st_km":0.99,"mesh":"53393344"},"geometry":{"type":"LineString","coordinates":[[139.43238,35.61597],[139.43294,35.6188],[139.43294,35.61984],[139.4328,35.62065],[139.43266,35.62114],[139.43194,35.62272]]}},{"type":"Feature","properties":{"idx":161,"road":"上之根大通り","cls":"tertiary","shops":0,"st_km":1.66,"mesh":"53393334"},"geometry":{"type":"LineString","coordinates":[[139.43237,35.61212],[139.4325,35.61094],[139.43273,35.61025]]}},{"type":"Feature","properties":{"idx":190,"road":"上之根大通り","cls":"tertiary","shops":0,"st_km":1.38,"mesh":"53393334"},"geometry":{"type":"LineString","coordinates":[[139.43247,35.61596],[139.43219,35.61439],[139.43237,35.61212]]}},{"type":"Feature","properties":{"idx":191,"road":"上之根大通り","cls":"tertiary","shops":0,"st_km":1.38,"mesh":"53393334"},"geometry":{"type":"LineString","coordinates":[[139.43228,35.61211],[139.43212,35.61439],[139.43218,35.61493],[139.43238,35.61597]]}},{"type":"Feature","properties":{"idx":102,"road":"和田中学通り","cls":"tertiary","shops":0,"st_km":1.42,"mesh":"53393374"},"geometry":{"type":"LineString","coordinates":[[139.4309,35.64018],[139.43095,35.64045],[139.43145,35.64188],[139.43157,35.64321],[139.43145,35.64383]]}},{"type":"Feature","properties":{"idx":189,"road":"和田中学通り","cls":"tertiary","shops":0,"st_km":1.15,"mesh":"53393364"},"geometry":{"type":"LineString","coordinates":[[139.4309,35.64018],[139.43076,35.63845]]}},{"type":"Feature","properties":{"idx":168,"road":"和田原通り","cls":"tertiary","shops":0,"st_km":1.34,"mesh":"53393364"},"geometry":{"type":"LineString","coordinates":[[139.43249,35.63985],[139.43295,35.63976],[139.43367,35.63975]]}},{"type":"Feature","properties":{"idx":363,"road":"唐木田通り","cls":"tertiary","shops":7,"st_km":0.13,"mesh":"53393332"},"geometry":{"type":"LineString","coordinates":[[139.41189,35.61547],[139.41111,35.61541]]}},{"type":"Feature","properties":{"idx":212,"road":"多摩中央公園通り","cls":"tertiary","shops":0,"st_km":0.59,"mesh":"53393343"},"geometry":{"type":"LineString","coordinates":[[139.41661,35.62232],[139.41653,35.62235]]}},{"type":"Feature","properties":{"idx":216,"road":"多摩中央公園通り","cls":"tertiary","shops":0,"st_km":0.57,"mesh":"53393343"},"geometry":{"type":"LineString","coordinates":[[139.41665,35.62239],[139.41695,35.6223]]}},{"type":"Feature","properties":{"idx":165,"road":"南多摩尾根幹線道路","cls":"secondary","shops":0,"st_km":1.09,"mesh":"53393333"},"geometry":{"type":"LineString","coordinates":[[139.41583,35.61277],[139.41683,35.61253],[139.41752,35.61223],[139.42185,35.60942],[139.42262,35.60903],[139.42347,35.60874],[139.4245,35.60855],[139.42546,35.60852],[139.42618,35.60858]]}},{"type":"Feature","properties":{"idx":422,"road":"南多摩尾根幹線道路","cls":"secondary","shops":1,"st_km":0.47,"mesh":"53393333"},"geometry":{"type":"LineString","coordinates":[[139.4157,35.61246],[139.41473,35.61256],[139.41203,35.61301]]}},{"type":"Feature","properties":{"idx":49,"road":NaN,"cls":"secondary","shops":0,"st_km":0.76,"mesh":"53393332"},"geometry":{"type":"LineString","coordinates":[[139.40186,35.613],[139.40671,35.6137]]}},{"type":"Feature","properties":{"idx":37,"road":"南多摩尾根幹線道路","cls":"secondary","shops":0,"st_km":1.11,"mesh":"53393332"},"geometry":{"type":"LineString","coordinates":[[139.4019,35.61285],[139.40102,35.61265],[139.4005,35.61246],[139.39931,35.61184]]}},{"type":"Feature","properties":{"idx":233,"road":"永山さくら通り","cls":"tertiary","shops":0,"st_km":0.95,"mesh":"53393345"},"geometry":{"type":"LineString","coordinates":[[139.4461,35.6218],[139.44618,35.62118]]}},{"type":"Feature","properties":{"idx":113,"road":"永山さくら通り","cls":"tertiary","shops":0,"st_km":0.61,"mesh":"53393355"},"geometry":{"type":"LineString","coordinates":[[139.44444,35.62665],[139.44407,35.62553],[139.44359,35.62482],[139.44349,35.62448]]}},{"type":"Feature","properties":{"idx":473,"road":"永山学園通り","cls":"tertiary","shops":1,"st_km":0.61,"mesh":"53393345"},"geometry":{"type":"LineString","coordinates":[[139.44624,35.62643],[139.4461,35.62552],[139.44612,35.62503],[139.4462,35.62481],[139.44649,35.62459],[139.44675,35.62454],[139.44781,35.62457],[139.44978,35.62484]]}},{"type":"Feature","properties":{"idx":160,"road":"瓜生通り","cls":"tertiary","shops":0,"st_km":1.62,"mesh":"53393335"},"geometry":{"type":"LineString","coordinates":[[139.4456,35.61437],[139.44492,35.61521],[139.44405,35.61584],[139.44344,35.61605],[139.44268,35.61605]]}},{"type":"Feature","properties":{"idx":213,"road":"落合けやき通り","cls":"tertiary","shops":0,"st_km":1.23,"mesh":"53393334"},"geometry":{"type":"LineString","coordinates":[[139.43238,35.61597],[139.43247,35.61596]]}},{"type":"Feature","properties":{"idx":224,"road":"西落通り","cls":"tertiary","shops":0,"st_km":1.15,"mesh":"53393334"},"geometry":{"type":"LineString","coordinates":[[139.42524,35.61548],[139.42529,35.6152],[139.4252,35.61358],[139.42515,35.6134],[139.42492,35.61314],[139.42375,35.61246]]}},{"type":"Feature","properties":{"idx":474,"road":"諏訪の谷通り","cls":"tertiary","shops":0,"st_km":0.71,"mesh":"53393356"},"geometry":{"type":"LineString","coordinates":[[139.45561,35.62796],[139.45529,35.62771],[139.45513,35.62743],[139.45511,35.6272],[139.4552,35.62622]]}},{"type":"Feature","properties":{"idx":164,"road":"豊ケ丘中通り","cls":"tertiary","shops":0,"st_km":1.62,"mesh":"53393334"},"geometry":{"type":"LineString","coordinates":[[139.43237,35.61212],[139.43353,35.6122],[139.43403,35.61241],[139.4354,35.61358],[139.43551,35.61388],[139.4354,35.61422]]}},{"type":"Feature","properties":{"idx":109,"road":"豊ケ丘中通り","cls":"tertiary","shops":1,"st_km":1.23,"mesh":"53393344"},"geometry":{"type":"LineString","coordinates":[[139.4354,35.61422],[139.4346,35.6161],[139.43451,35.61645],[139.43461,35.6167],[139.43537,35.61798],[139.43535,35.61822],[139.43489,35.6191],[139.43487,35.61945],[139.4353,35.62068],[139.43558,35.62105],[139.43583,35.6212],[139.43611,35.62128],[139.43731,35.62132]]}},{"type":"Feature","properties":{"idx":55,"road":NaN,"cls":"tertiary","shops":1,"st_km":0.98,"mesh":"53393332"},"geometry":{"type":"LineString","coordinates":[[139.40164,35.6137],[139.40094,35.615],[139.40068,35.61519],[139.39981,35.61554]]}},{"type":"Feature","properties":{"idx":155,"road":"貝取こぶし通り","cls":"tertiary","shops":0,"st_km":1.75,"mesh":"53393334"},"geometry":{"type":"LineString","coordinates":[[139.43786,35.61259],[139.43622,35.61251],[139.43592,35.61254],[139.43554,35.61268],[139.43491,35.61315]]}},{"type":"Feature","properties":{"idx":115,"road":"貝取大通り","cls":"tertiary","shops":1,"st_km":1.14,"mesh":"53393344"},"geometry":{"type":"LineString","coordinates":[[139.43824,35.62705],[139.43734,35.6256],[139.43715,35.62513],[139.43711,35.62464],[139.43725,35.62237]]}},{"type":"Feature","properties":{"idx":83,"road":NaN,"cls":"tertiary","shops":0,"st_km":0.95,"mesh":"53393355"},"geometry":{"type":"LineString","coordinates":[[139.43865,35.62436],[139.43894,35.62534],[139.43885,35.626],[139.43905,35.62635],[139.43908,35.62648],[139.43904,35.62664],[139.43895,35.62674],[139.43855,35.62692]]}},{"type":"Feature","properties":{"idx":66,"road":"貝取大通り","cls":"tertiary","shops":0,"st_km":1.38,"mesh":"53393344"},"geometry":{"type":"LineString","coordinates":[[139.43725,35.62237],[139.43741,35.61917],[139.43721,35.61815],[139.4372,35.61768],[139.43758,35.61617],[139.43773,35.61431]]}},{"type":"Feature","properties":{"idx":151,"road":"貝取こぶし通り","cls":"tertiary","shops":0,"st_km":1.57,"mesh":"53393345"},"geometry":{"type":"LineString","coordinates":[[139.44027,35.61374],[139.44064,35.61442],[139.44067,35.61469],[139.44034,35.616],[139.43985,35.61732],[139.43987,35.61762],[139.44004,35.61794],[139.44179,35.61996],[139.44213,35.62018],[139.44264,35.62026]]}},{"type":"Feature","properties":{"idx":243,"road":NaN,"cls":"tertiary","shops":4,"st_km":0.66,"mesh":"53393354"},"geometry":{"type":"LineString","coordinates":[[139.43418,35.63365],[139.43338,35.63355],[139.43259,35.63332],[139.42844,35.63118],[139.42798,35.63106],[139.42715,35.63097],[139.42672,35.63085],[139.42521,35.63011],[139.42484,35.63005],[139.42437,35.63012]]}},{"type":"Feature","properties":{"idx":155,"road":"貝取大通り","cls":"tertiary","shops":0,"st_km":1.7,"mesh":"53393335"},"geometry":{"type":"LineString","coordinates":[[139.43773,35.61431],[139.43775,35.61398]]}},{"type":"Feature","properties":{"idx":55,"road":NaN,"cls":"tertiary","shops":1,"st_km":0.97,"mesh":"53393332"},"geometry":{"type":"LineString","coordinates":[[139.4019,35.61285],[139.40186,35.613]]}},{"type":"Feature","properties":{"idx":91,"road":NaN,"cls":"tertiary","shops":0,"st_km":0.22,"mesh":"53393353"},"geometry":{"type":"LineString","coordinates":[[139.42318,35.63004],[139.42322,35.63005]]}},{"type":"Feature","properties":{"idx":163,"road":NaN,"cls":"tertiary","shops":1,"st_km":0.73,"mesh":"53393344"},"geometry":{"type":"LineString","coordinates":[[139.43194,35.62272],[139.43206,35.62271]]}},{"type":"Feature","properties":{"idx":105,"road":NaN,"cls":"secondary","shops":0,"st_km":0.19,"mesh":"53393353"},"geometry":{"type":"LineString","coordinates":[[139.42297,35.62997],[139.42276,35.63041]]}},{"type":"Feature","properties":{"idx":87,"road":NaN,"cls":"tertiary","shops":0,"st_km":0.73,"mesh":"53393354"},"geometry":{"type":"LineString","coordinates":[[139.4355,35.62645],[139.43421,35.6257],[139.43395,35.62565],[139.43285,35.62565],[139.43249,35.62547],[139.43235,35.62527],[139.43232,35.62514],[139.4322,35.62375],[139.43225,35.62352],[139.43249,35.62312],[139.43251,35.62303],[139.43248,35.62293],[139.43235,35.6228],[139.43206,35.62271]]}},{"type":"Feature","properties":{"idx":81,"road":NaN,"cls":"tertiary","shops":0,"st_km":0.98,"mesh":"53393355"},"geometry":{"type":"LineString","coordinates":[[139.43853,35.63318],[139.43731,35.63304]]}},{"type":"Feature","properties":{"idx":97,"road":NaN,"cls":"secondary","shops":0,"st_km":0.27,"mesh":"53393353"},"geometry":{"type":"LineString","coordinates":[[139.42322,35.63005],[139.42364,35.62916]]}},{"type":"Feature","properties":{"idx":92,"road":NaN,"cls":"tertiary","shops":3,"st_km":0.96,"mesh":"53393332"},"geometry":{"type":"LineString","coordinates":[[139.40186,35.613],[139.40179,35.61334],[139.40164,35.6137]]}},{"type":"Feature","properties":{"idx":167,"road":NaN,"cls":"primary","shops":1,"st_km":0.7,"mesh":"53393365"},"geometry":{"type":"LineString","coordinates":[[139.44282,35.6347],[139.44256,35.63464]]}},{"type":"Feature","properties":{"idx":186,"road":NaN,"cls":"tertiary","shops":2,"st_km":0.66,"mesh":"53393365"},"geometry":{"type":"LineString","coordinates":[[139.44455,35.63504],[139.44282,35.6347]]}},{"type":"Feature","properties":{"idx":103,"road":NaN,"cls":"tertiary","shops":0,"st_km":0.77,"mesh":"53393375"},"geometry":{"type":"LineString","coordinates":[[139.44488,35.64383],[139.44528,35.64409],[139.44535,35.64427]]}},{"type":"Feature","properties":{"idx":234,"road":NaN,"cls":"tertiary","shops":0,"st_km":0.45,"mesh":"53393343"},"geometry":{"type":"LineString","coordinates":[[139.41251,35.62102],[139.41299,35.62008]]}},{"type":"Feature","properties":{"idx":90,"road":NaN,"cls":"tertiary","shops":0,"st_km":0.24,"mesh":"53393353"},"geometry":{"type":"LineString","coordinates":[[139.42437,35.63012],[139.42382,35.6302],[139.42322,35.63005]]}},{"type":"Feature","properties":{"idx":140,"road":"貝取大通り","cls":"tertiary","shops":0,"st_km":1.91,"mesh":"53393335"},"geometry":{"type":"LineString","coordinates":[[139.43786,35.61259],[139.43799,35.61092]]}},{"type":"Feature","properties":{"idx":72,"road":NaN,"cls":"tertiary","shops":0,"st_km":0.58,"mesh":"53393353"},"geometry":{"type":"LineString","coordinates":[[139.42297,35.62997],[139.42181,35.6296],[139.42158,35.62946],[139.42137,35.62925],[139.42121,35.62893],[139.42118,35.62809],[139.42105,35.62758],[139.42073,35.62707],[139.42033,35.6267],[139.4198,35.62641],[139.41871,35.6261],[139.41815,35.62602],[139.41715,35.62598],[139.41694,35.62601],[139.41665,35.62614],[139.41567,35.62706],[139.41531,35.6273],[139.41478,35.62747],[139.41387,35.62751],[139.41354,35.62757],[139.41323,35.62771],[139.41296,35.62802],[139.41289,35.62835],[139.41301,35.62871],[139.41466,35.63073]]}},{"type":"Feature","properties":{"idx":113,"road":"いろは坂通り","cls":"tertiary","shops":0,"st_km":0.66,"mesh":"53393375"},"geometry":{"type":"LineString","coordinates":[[139.44535,35.64427],[139.44526,35.64449],[139.44511,35.64461],[139.44483,35.64464],[139.4442,35.6445],[139.44411,35.6446],[139.44413,35.64468],[139.44521,35.64513],[139.44527,35.64526],[139.44519,35.64536],[139.445,35.64532],[139.44473,35.64508],[139.44464,35.64508],[139.44454,35.64518],[139.44462,35.64532],[139.445,35.64556],[139.4452,35.64588],[139.44534,35.64601],[139.44554,35.64607],[139.44624,35.64611],[139.44665,35.64632],[139.4468,35.64651],[139.44683,35.64671],[139.44666,35.64732]]}},{"type":"Feature","properties":{"idx":79,"road":NaN,"cls":"tertiary","shops":0,"st_km":0.83,"mesh":"53393365"},"geometry":{"type":"LineString","coordinates":[[139.43853,35.63318],[139.43997,35.63338],[139.44061,35.63363],[139.44108,35.63388]]}},{"type":"Feature","properties":{"idx":84,"road":"多摩ニュータウン通り","cls":"secondary","shops":0,"st_km":0.46,"mesh":"53393330"},"geometry":{"type":"LineString","coordinates":[[139.37488,35.61221],[139.37558,35.61264]]}},{"type":"Feature","properties":{"idx":262,"road":NaN,"cls":"primary","shops":2,"st_km":0.53,"mesh":"53393365"},"geometry":{"type":"LineString","coordinates":[[139.44631,35.63462],[139.44617,35.63478]]}},{"type":"Feature","properties":{"idx":113,"road":"多摩ニュータウン通り","cls":"secondary","shops":0,"st_km":0.73,"mesh":"53393355"},"geometry":{"type":"LineString","coordinates":[[139.4383,35.63215],[139.43998,35.63221],[139.44089,35.63233],[139.4418,35.63263],[139.44255,35.63299]]}},{"type":"Feature","properties":{"idx":69,"road":"多摩ニュータウン通り","cls":"secondary","shops":0,"st_km":1.0,"mesh":"53393354"},"geometry":{"type":"LineString","coordinates":[[139.43832,35.63202],[139.4356,35.63189],[139.43475,35.63171],[139.43411,35.63149],[139.43323,35.63104],[139.42927,35.62844],[139.42873,35.62814]]}},{"type":"Feature","properties":{"idx":148,"road":"南多摩尾根幹線道路","cls":"secondary","shops":0,"st_km":2.06,"mesh":"53393335"},"geometry":{"type":"LineString","coordinates":[[139.43799,35.61092],[139.44102,35.61135]]}},{"type":"Feature","properties":{"idx":161,"road":"南多摩尾根幹線道路","cls":"secondary","shops":0,"st_km":1.89,"mesh":"53393334"},"geometry":{"type":"LineString","coordinates":[[139.43801,35.61067],[139.43663,35.61051],[139.4328,35.60988]]}},{"type":"Feature","properties":{"idx":152,"road":NaN,"cls":"secondary","shops":0,"st_km":2.0,"mesh":"53393335"},"geometry":{"type":"LineString","coordinates":[[139.43799,35.61092],[139.43801,35.61067]]}},{"type":"Feature","properties":{"idx":175,"road":"貝取大通り","cls":"tertiary","shops":2,"st_km":0.89,"mesh":"53393355"},"geometry":{"type":"LineString","coordinates":[[139.43832,35.63202],[139.43853,35.63105]]}},{"type":"Feature","properties":{"idx":199,"road":"鎌倉街道","cls":"primary","shops":1,"st_km":0.51,"mesh":"53393365"},"geometry":{"type":"LineString","coordinates":[[139.44631,35.63462],[139.44271,35.63289]]}},{"type":"Feature","properties":{"idx":62,"road":"中和田通り","cls":"tertiary","shops":0,"st_km":1.08,"mesh":"53393373"},"geometry":{"type":"LineString","coordinates":[[139.428,35.64254],[139.42579,35.6434],[139.42476,35.64399],[139.42413,35.64447],[139.42383,35.6446],[139.42243,35.64511],[139.42129,35.64544],[139.42015,35.6456],[139.41996,35.64569],[139.41951,35.64613],[139.41934,35.64621],[139.4188,35.64615]]}},{"type":"Feature","properties":{"idx":67,"road":"竜ヶ峰通り","cls":"tertiary","shops":0,"st_km":0.98,"mesh":"53393373"},"geometry":{"type":"LineString","coordinates":[[139.41891,35.64474],[139.41906,35.64492],[139.41914,35.64518],[139.41909,35.64547],[139.41889,35.64585],[139.4188,35.64615]]}},{"type":"Feature","properties":{"idx":88,"road":"竜ヶ峰通り","cls":"tertiary","shops":0,"st_km":0.7,"mesh":"53393373"},"geometry":{"type":"LineString","coordinates":[[139.41768,35.64195],[139.41657,35.6428],[139.41632,35.64319],[139.4163,35.64331],[139.41632,35.64344],[139.41694,35.64442],[139.41716,35.64454],[139.41754,35.64456]]}},{"type":"Feature","properties":{"idx":92,"road":NaN,"cls":"tertiary","shops":0,"st_km":0.89,"mesh":"53393383"},"geometry":{"type":"LineString","coordinates":[[139.42064,35.65061],[139.42065,35.65106],[139.42078,35.6513],[139.4219,35.65231],[139.42249,35.65306],[139.42347,35.65409],[139.4236,35.65434],[139.4237,35.65482],[139.42382,35.65502],[139.4245,35.65567],[139.42506,35.65634]]}},{"type":"Feature","properties":{"idx":308,"road":"多摩モノレール通り","cls":"secondary","shops":2,"st_km":0.02,"mesh":"53393363"},"geometry":{"type":"LineString","coordinates":[[139.41626,35.63711],[139.41704,35.63659]]}},{"type":"Feature","properties":{"idx":284,"road":"野猿街道","cls":"primary","shops":0,"st_km":0.96,"mesh":"53393364"},"geometry":{"type":"LineString","coordinates":[[139.4281,35.64245],[139.42525,35.64045],[139.42448,35.64],[139.42332,35.63947]]}},{"type":"Feature","properties":{"idx":239,"road":"野猿街道","cls":"primary","shops":1,"st_km":0.09,"mesh":"53393363"},"geometry":{"type":"LineString","coordinates":[[139.41567,35.63735],[139.41581,35.63738]]}},{"type":"Feature","properties":{"idx":247,"road":"野猿街道","cls":"primary","shops":1,"st_km":0.05,"mesh":"53393363"},"geometry":{"type":"LineString","coordinates":[[139.41631,35.63729],[139.41588,35.6372]]}},{"type":"Feature","properties":{"idx":207,"road":"野猿街道","cls":"primary","shops":1,"st_km":1.34,"mesh":"53393374"},"geometry":{"type":"LineString","coordinates":[[139.428,35.64254],[139.42862,35.64293],[139.42919,35.64319],[139.43038,35.64356]]}},{"type":"Feature","properties":{"idx":81,"road":NaN,"cls":"tertiary","shops":0,"st_km":0.37,"mesh":"53393330"},"geometry":{"type":"LineString","coordinates":[[139.37389,35.61386],[139.37419,35.61355],[139.37478,35.61317],[139.37497,35.61312],[139.37526,35.61315],[139.37599,35.61347],[139.37616,35.61361],[139.37621,35.6138],[139.37617,35.61393],[139.37583,35.61439],[139.3758,35.61456],[139.37591,35.61476],[139.37624,35.61494]]}},{"type":"Feature","properties":{"idx":305,"road":"川崎街道","cls":"primary","shops":0,"st_km":0.61,"mesh":"53393392"},"geometry":{"type":"LineString","coordinates":[[139.40771,35.66574],[139.40758,35.66542]]}},{"type":"Feature","properties":{"idx":466,"road":"川崎街道","cls":"primary","shops":1,"st_km":0.59,"mesh":"53393392"},"geometry":{"type":"LineString","coordinates":[[139.40669,35.66342],[139.40663,35.66312]]}},{"type":"Feature","properties":{"idx":61,"road":"城山通り","cls":"tertiary","shops":0,"st_km":0.57,"mesh":"53393379"},"geometry":{"type":"LineString","coordinates":[[139.48883,35.64718],[139.48889,35.64708],[139.48913,35.64581],[139.48914,35.64551],[139.48907,35.64511],[139.48864,35.64397],[139.48861,35.64374],[139.48864,35.64339],[139.4889,35.64293],[139.48964,35.64227],[139.4898,35.64207],[139.48996,35.6417],[139.48998,35.64135]]}},{"type":"Feature","properties":{"idx":88,"road":"城山通り","cls":"tertiary","shops":0,"st_km":0.19,"mesh":"53393379"},"geometry":{"type":"LineString","coordinates":[[139.48883,35.64718],[139.48868,35.64799]]}},{"type":"Feature","properties":{"idx":124,"road":"柚木街道","cls":"primary","shops":0,"st_km":1.5,"mesh":"53393350"},"geometry":{"type":"LineString","coordinates":[[139.38193,35.62707],[139.38352,35.62769]]}},{"type":"Feature","properties":{"idx":232,"road":"けやき並木","cls":"pedestrian","shops":0,"st_km":1.15,"mesh":"53393387"},"geometry":{"type":"LineString","coordinates":[[139.47358,35.65622],[139.47311,35.65629],[139.47294,35.65625],[139.47289,35.6562],[139.47273,35.65556]]}},{"type":"Feature","properties":{"idx":172,"road":NaN,"cls":"pedestrian","shops":0,"st_km":0.62,"mesh":"53393399"},"geometry":{"type":"LineString","coordinates":[[139.4937,35.66334],[139.49388,35.66326],[139.49418,35.66326],[139.49458,35.66314]]}},{"type":"Feature","properties":{"idx":171,"road":NaN,"cls":"pedestrian","shops":0,"st_km":0.63,"mesh":"53393399"},"geometry":{"type":"LineString","coordinates":[[139.4937,35.66334],[139.4929,35.66347],[139.49247,35.66349]]}},{"type":"Feature","properties":{"idx":118,"road":NaN,"cls":"pedestrian","shops":0,"st_km":1.02,"mesh":"53393351"},"geometry":{"type":"LineString","coordinates":[[139.39145,35.63014],[139.39138,35.63001]]}},{"type":"Feature","properties":{"idx":109,"road":NaN,"cls":"pedestrian","shops":0,"st_km":1.12,"mesh":"53393351"},"geometry":{"type":"LineString","coordinates":[[139.391,35.63117],[139.39096,35.63113]]}},{"type":"Feature","properties":{"idx":100,"road":"平山通り","cls":"secondary","shops":0,"st_km":0.97,"mesh":"53393351"},"geometry":{"type":"LineString","coordinates":[[139.39217,35.63325],[139.39473,35.63145],[139.39665,35.63053]]}},{"type":"Feature","properties":{"idx":147,"road":NaN,"cls":"pedestrian","shops":0,"st_km":1.06,"mesh":"53393388"},"geometry":{"type":"LineString","coordinates":[[139.47938,35.65645],[139.47868,35.65615],[139.4745,35.65615]]}},{"type":"Feature","properties":{"idx":221,"road":NaN,"cls":"pedestrian","shops":1,"st_km":1.12,"mesh":"53393388"},"geometry":{"type":"LineString","coordinates":[[139.47629,35.65615],[139.47629,35.65553]]}},{"type":"Feature","properties":{"idx":143,"road":NaN,"cls":"pedestrian","shops":0,"st_km":1.09,"mesh":"53393388"},"geometry":{"type":"LineString","coordinates":[[139.47662,35.65615],[139.47662,35.65568]]}},{"type":"Feature","properties":{"idx":57,"road":"平山通り","cls":"secondary","shops":0,"st_km":1.35,"mesh":"53393361"},"geometry":{"type":"LineString","coordinates":[[139.38878,35.63784],[139.38911,35.63736]]}},{"type":"Feature","properties":{"idx":119,"road":"平山通り","cls":"secondary","shops":0,"st_km":0.44,"mesh":"53393370"},"geometry":{"type":"LineString","coordinates":[[139.38429,35.647],[139.3847,35.64589],[139.38486,35.64567],[139.38516,35.64541]]}},{"type":"Feature","properties":{"idx":285,"road":"北野街道","cls":"secondary","shops":2,"st_km":0.26,"mesh":"53393370"},"geometry":{"type":"LineString","coordinates":[[139.38111,35.6463],[139.38429,35.647]]}},{"type":"Feature","properties":{"idx":94,"road":"北野街道","cls":"secondary","shops":0,"st_km":0.7,"mesh":"53393370"},"geometry":{"type":"LineString","coordinates":[[139.38429,35.647],[139.38543,35.6474],[139.38623,35.64791],[139.38794,35.64922],[139.39012,35.65108]]}},{"type":"Feature","properties":{"idx":272,"road":"町田平山八王子線","cls":"secondary","shops":0,"st_km":1.23,"mesh":"53393331"},"geometry":{"type":"LineString","coordinates":[[139.3978,35.6143],[139.39832,35.61322],[139.39858,35.61279]]}},{"type":"Feature","properties":{"idx":194,"road":"町田平山八王子線","cls":"secondary","shops":0,"st_km":0.82,"mesh":"53393341"},"geometry":{"type":"LineString","coordinates":[[139.39819,35.62108],[139.39678,35.6179],[139.39665,35.61753],[139.39661,35.61725],[139.39662,35.61692],[139.3967,35.61667],[139.3978,35.6143]]}},{"type":"Feature","properties":{"idx":422,"road":"町田平山八王子線","cls":"secondary","shops":2,"st_km":0.18,"mesh":"53393351"},"geometry":{"type":"LineString","coordinates":[[139.39901,35.62459],[139.39889,35.62516],[139.39852,35.6263]]}},{"type":"Feature","properties":{"idx":193,"road":"町田平山八王子線","cls":"secondary","shops":0,"st_km":0.82,"mesh":"53393341"},"geometry":{"type":"LineString","coordinates":[[139.39768,35.61426],[139.39658,35.61664],[139.3965,35.61691],[139.39648,35.61729],[139.39666,35.61792],[139.39807,35.62112]]}},{"type":"Feature","properties":{"idx":849,"road":"町田平山八王子線","cls":"secondary","shops":3,"st_km":0.23,"mesh":"53393341"},"geometry":{"type":"LineString","coordinates":[[139.39807,35.62112],[139.39886,35.62297],[139.39902,35.62375],[139.39901,35.62459]]}},{"type":"Feature","properties":{"idx":1024,"road":"町田平山八王子線","cls":"secondary","shops":4,"st_km":0.23,"mesh":"53393341"},"geometry":{"type":"LineString","coordinates":[[139.39914,35.6246],[139.39915,35.62378],[139.39897,35.62292],[139.39819,35.62108]]}},{"type":"Feature","properties":{"idx":606,"road":NaN,"cls":"tertiary","shops":6,"st_km":0.09,"mesh":"53393370"},"geometry":{"type":"LineString","coordinates":[[139.3806,35.64734],[139.38054,35.6476],[139.38062,35.64772],[139.38073,35.64774],[139.38083,35.64756],[139.38064,35.64743],[139.3806,35.64734]]}},{"type":"Feature","properties":{"idx":371,"road":NaN,"cls":"tertiary","shops":1,"st_km":1.2,"mesh":"53393331"},"geometry":{"type":"LineString","coordinates":[[139.39648,35.61711],[139.39583,35.6171],[139.3952,35.61698],[139.39472,35.61676],[139.3943,35.61643],[139.39277,35.61419],[139.39205,35.61281],[139.39162,35.61224]]}},{"type":"Feature","properties":{"idx":240,"road":NaN,"cls":"tertiary","shops":0,"st_km":0.29,"mesh":"53393352"},"geometry":{"type":"LineString","coordinates":[[139.40088,35.62536],[139.40355,35.62687],[139.40364,35.62711],[139.40353,35.62763]]}},{"type":"Feature","properties":{"idx":271,"road":NaN,"cls":"tertiary","shops":0,"st_km":0.93,"mesh":"53393320"},"geometry":{"type":"LineString","coordinates":[[139.38067,35.60522],[139.38015,35.60552],[139.37963,35.6057],[139.37752,35.60591],[139.37689,35.60605],[139.37334,35.60807]]}},{"type":"Feature","properties":{"idx":215,"road":NaN,"cls":"tertiary","shops":0,"st_km":1.4,"mesh":"53393331"},"geometry":{"type":"LineString","coordinates":[[139.39768,35.61426],[139.3969,35.614],[139.39662,35.6138],[139.39528,35.61192],[139.39499,35.61162],[139.39466,35.61147],[139.39377,35.61132],[139.39339,35.61131],[139.39309,35.61139]]}},{"type":"Feature","properties":{"idx":497,"road":NaN,"cls":"tertiary","shops":2,"st_km":0.42,"mesh":"53393341"},"geometry":{"type":"LineString","coordinates":[[139.39819,35.62108],[139.39807,35.62112]]}},{"type":"Feature","properties":{"idx":383,"road":NaN,"cls":"tertiary","shops":1,"st_km":1.28,"mesh":"53393360"},"geometry":{"type":"LineString","coordinates":[[139.38483,35.63649],[139.38444,35.63635]]}},{"type":"Feature","properties":{"idx":255,"road":NaN,"cls":"tertiary","shops":0,"st_km":1.15,"mesh":"53393331"},"geometry":{"type":"LineString","coordinates":[[139.3978,35.6143],[139.39768,35.61426]]}},{"type":"Feature","properties":{"idx":341,"road":NaN,"cls":"tertiary","shops":0,"st_km":0.11,"mesh":"53393341"},"geometry":{"type":"LineString","coordinates":[[139.39914,35.6246],[139.39901,35.62459]]}},{"type":"Feature","properties":{"idx":292,"road":NaN,"cls":"tertiary","shops":0,"st_km":1.01,"mesh":"53393331"},"geometry":{"type":"LineString","coordinates":[[139.39162,35.61224],[139.39033,35.61303],[139.39002,35.61336],[139.38986,35.61371],[139.38981,35.61396],[139.38984,35.61457],[139.3899,35.61491],[139.38999,35.61517],[139.39022,35.61553],[139.39166,35.61716],[139.39327,35.6185],[139.39338,35.61865],[139.3935,35.61893],[139.39358,35.61999]]}},{"type":"Feature","properties":{"idx":237,"road":NaN,"cls":"tertiary","shops":0,"st_km":1.1,"mesh":"53393320"},"geometry":{"type":"LineString","coordinates":[[139.39162,35.61224],[139.39047,35.6109],[139.39031,35.61057],[139.39003,35.6097],[139.3898,35.60928],[139.38948,35.60896],[139.38811,35.60782],[139.38776,35.60742],[139.38755,35.60695],[139.38738,35.60575],[139.38721,35.60543],[139.38685,35.60509],[139.38635,35.60486],[139.38544,35.60463],[139.38364,35.60429],[139.38315,35.60426],[139.38265,35.6043],[139.38203,35.60448],[139.38067,35.60522]]}},{"type":"Feature","properties":{"idx":293,"road":NaN,"cls":"tertiary","shops":2,"st_km":0.07,"mesh":"53393342"},"geometry":{"type":"LineString","coordinates":[[139.40124,35.62445],[139.40116,35.62446],[139.40106,35.62459],[139.40121,35.62485]]}},{"type":"Feature","properties":{"idx":214,"road":NaN,"cls":"tertiary","shops":1,"st_km":0.09,"mesh":"53393342"},"geometry":{"type":"LineString","coordinates":[[139.40144,35.62457],[139.40124,35.62445]]}},{"type":"Feature","properties":{"idx":372,"road":NaN,"cls":"tertiary","shops":3,"st_km":0.05,"mesh":"53393342"},"geometry":{"type":"LineString","coordinates":[[139.39914,35.6246],[139.39972,35.62473],[139.40088,35.62536]]}},{"type":"Feature","properties":{"idx":147,"road":"府中街道","cls":"primary","shops":0,"st_km":0.1,"mesh":"53393389"},"geometry":{"type":"LineString","coordinates":[[139.48785,35.65567],[139.48787,35.65545]]}},{"type":"Feature","properties":{"idx":148,"road":"府中街道","cls":"primary","shops":0,"st_km":0.09,"mesh":"53393389"},"geometry":{"type":"LineString","coordinates":[[139.4877,35.65566],[139.48768,35.65609]]}},{"type":"Feature","properties":{"idx":145,"road":"府中街道","cls":"primary","shops":0,"st_km":0.11,"mesh":"53393389"},"geometry":{"type":"LineString","coordinates":[[139.48772,35.65544],[139.4877,35.65566]]}},{"type":"Feature","properties":{"idx":121,"road":"府中街道","cls":"primary","shops":0,"st_km":0.29,"mesh":"53393389"},"geometry":{"type":"LineString","coordinates":[[139.48787,35.65545],[139.4882,35.65184]]}},{"type":"Feature","properties":{"idx":134,"road":NaN,"cls":"secondary_link","shops":0,"st_km":0.27,"mesh":"53393328"},"geometry":{"type":"LineString","coordinates":[[139.47928,35.60482],[139.47791,35.60468],[139.47786,35.60461]]}},{"type":"Feature","properties":{"idx":336,"road":NaN,"cls":"pedestrian","shops":0,"st_km":0.21,"mesh":"53393398"},"geometry":{"type":"LineString","coordinates":[[139.47913,35.66477],[139.47916,35.66493]]}},{"type":"Feature","properties":{"idx":170,"road":NaN,"cls":"tertiary","shops":0,"st_km":1.47,"mesh":"53393364"},"geometry":{"type":"LineString","coordinates":[[139.43691,35.64059],[139.43642,35.64051]]}},{"type":"Feature","properties":{"idx":141,"road":"しみず下通り","cls":"tertiary","shops":0,"st_km":0.47,"mesh":"53393399"},"geometry":{"type":"LineString","coordinates":[[139.49955,35.66314],[139.498,35.66394],[139.49598,35.66459]]}},{"type":"Feature","properties":{"idx":134,"road":"東郷寺通り","cls":"tertiary","shops":0,"st_km":0.53,"mesh":"53393399"},"geometry":{"type":"LineString","coordinates":[[139.49955,35.66314],[139.49916,35.66281],[139.4985,35.66245],[139.49792,35.66186]]}},{"type":"Feature","properties":{"idx":84,"road":NaN,"cls":"tertiary","shops":0,"st_km":0.93,"mesh":"53393383"},"geometry":{"type":"LineString","coordinates":[[139.41913,35.65319],[139.4194,35.65322],[139.41987,35.65312],[139.42067,35.65267],[139.42078,35.65253],[139.42117,35.65166]]}},{"type":"Feature","properties":{"idx":94,"road":NaN,"cls":"tertiary","shops":0,"st_km":0.78,"mesh":"53393383"},"geometry":{"type":"LineString","coordinates":[[139.41892,35.65306],[139.41913,35.65319]]}},{"type":"Feature","properties":{"idx":138,"road":"通学路","cls":"pedestrian","shops":0,"st_km":0.51,"mesh":"53393370"},"geometry":{"type":"LineString","coordinates":[[139.38099,35.64343],[139.38139,35.64346],[139.38137,35.64322],[139.38118,35.64305],[139.38107,35.64272],[139.38148,35.64274],[139.38161,35.64302],[139.38185,35.64308]]}},{"type":"Feature","properties":{"idx":81,"road":"川崎街道","cls":"primary","shops":0,"st_km":0.39,"mesh":"53393393"},"geometry":{"type":"LineString","coordinates":[[139.4149,35.65917],[139.41507,35.65915]]}},{"type":"Feature","properties":{"idx":122,"road":"川崎街道","cls":"primary","shops":2,"st_km":0.68,"mesh":"53393393"},"geometry":{"type":"LineString","coordinates":[[139.41673,35.65904],[139.41775,35.65905],[139.42105,35.65927],[139.42168,35.65922],[139.42243,35.65907]]}},{"type":"Feature","properties":{"idx":747,"road":"津久井道","cls":"primary","shops":5,"st_km":0.15,"mesh":"53393309"},"geometry":{"type":"LineString","coordinates":[[139.49575,35.58851],[139.49624,35.5895]]}},{"type":"Feature","properties":{"idx":303,"road":"津久井道","cls":"primary","shops":1,"st_km":0.21,"mesh":"53393309"},"geometry":{"type":"LineString","coordinates":[[139.49568,35.58837],[139.49575,35.58851]]}},{"type":"Feature","properties":{"idx":80,"road":"川崎街道","cls":"primary","shops":0,"st_km":0.52,"mesh":"53393379"},"geometry":{"type":"LineString","coordinates":[[139.49544,35.64642],[139.4938,35.6475]]}},{"type":"Feature","properties":{"idx":81,"road":"川崎街道","cls":"primary","shops":0,"st_km":0.52,"mesh":"53393379"},"geometry":{"type":"LineString","coordinates":[[139.4955,35.64648],[139.49617,35.64606],[139.49874,35.6449]]}},{"type":"Feature","properties":{"idx":180,"road":"川崎街道","cls":"primary","shops":1,"st_km":0.24,"mesh":"53393378"},"geometry":{"type":"LineString","coordinates":[[139.48636,35.64772],[139.4886,35.64806]]}},{"type":"Feature","properties":{"idx":97,"road":"川崎街道","cls":"primary","shops":0,"st_km":0.45,"mesh":"53393378"},"geometry":{"type":"LineString","coordinates":[[139.48451,35.6473],[139.48557,35.64756]]}},{"type":"Feature","properties":{"idx":177,"road":"川崎街道","cls":"primary","shops":1,"st_km":0.25,"mesh":"53393378"},"geometry":{"type":"LineString","coordinates":[[139.48868,35.64799],[139.48611,35.64758]]}},{"type":"Feature","properties":{"idx":294,"road":"川崎街道","cls":"primary","shops":3,"st_km":0.13,"mesh":"53393379"},"geometry":{"type":"LineString","coordinates":[[139.4887,35.64808],[139.48926,35.64817]]}},{"type":"Feature","properties":{"idx":196,"road":"川崎街道","cls":"primary","shops":2,"st_km":0.31,"mesh":"53393379"},"geometry":{"type":"LineString","coordinates":[[139.49273,35.6483],[139.49283,35.64824]]}},{"type":"Feature","properties":{"idx":294,"road":"川崎街道","cls":"primary","shops":3,"st_km":0.13,"mesh":"53393379"},"geometry":{"type":"LineString","coordinates":[[139.48975,35.64816],[139.48868,35.64799]]}},{"type":"Feature","properties":{"idx":82,"road":"南多摩尾根幹線道路(第2通行帯)","cls":"primary","shops":2,"st_km":0.33,"mesh":"53393369"},"geometry":{"type":"LineString","coordinates":[[139.5,35.63907],[139.49992,35.63908]]}},{"type":"Feature","properties":{"idx":71,"road":"鶴川街道","cls":"primary","shops":0,"st_km":1.53,"mesh":"53393358"},"geometry":{"type":"LineString","coordinates":[[139.48794,35.6274],[139.48634,35.6273]]}},{"type":"Feature","properties":{"idx":114,"road":"鶴川街道","cls":"primary","shops":0,"st_km":1.39,"mesh":"53393359"},"geometry":{"type":"LineString","coordinates":[[139.4896,35.62815],[139.48892,35.62772],[139.48836,35.6275],[139.48794,35.6274]]}},{"type":"Feature","properties":{"idx":191,"road":"袋橋","cls":"tertiary","shops":3,"st_km":2.78,"mesh":"53393306"},"geometry":{"type":"LineString","coordinates":[[139.4518,35.58817],[139.45174,35.58799]]}},{"type":"Feature","properties":{"idx":537,"road":NaN,"cls":"tertiary","shops":3,"st_km":2.78,"mesh":"53393305"},"geometry":{"type":"LineString","coordinates":[[139.44977,35.58595],[139.44965,35.58598]]}},{"type":"Feature","properties":{"idx":191,"road":NaN,"cls":"tertiary","shops":3,"st_km":2.78,"mesh":"53393306"},"geometry":{"type":"LineString","coordinates":[[139.45185,35.58839],[139.4518,35.58817]]}},{"type":"Feature","properties":{"idx":528,"road":"北野街道","cls":"secondary","shops":0,"st_km":0.16,"mesh":"53393381"},"geometry":{"type":"LineString","coordinates":[[139.39131,35.65209],[139.3969,35.65685]]}},{"type":"Feature","properties":{"idx":172,"road":"川崎街道","cls":"primary","shops":2,"st_km":0.32,"mesh":"53393393"},"geometry":{"type":"LineString","coordinates":[[139.41396,35.65948],[139.41407,35.65943]]}},{"type":"Feature","properties":{"idx":226,"road":NaN,"cls":"tertiary","shops":0,"st_km":0.51,"mesh":"53393392"},"geometry":{"type":"LineString","coordinates":[[139.40715,35.66039],[139.40738,35.65728]]}},{"type":"Feature","properties":{"idx":267,"road":NaN,"cls":"tertiary","shops":1,"st_km":0.11,"mesh":"53393309"},"geometry":{"type":"LineString","coordinates":[[139.49914,35.58882],[139.49882,35.58883],[139.4984,35.58904],[139.49834,35.58902],[139.49821,35.58872]]}},{"type":"Feature","properties":{"idx":239,"road":NaN,"cls":"tertiary","shops":0,"st_km":1.38,"mesh":"53393360"},"geometry":{"type":"LineString","coordinates":[[139.38444,35.63635],[139.38263,35.63539],[139.38218,35.6352],[139.37829,35.63461],[139.37491,35.6337]]}},{"type":"Feature","properties":{"idx":430,"road":"鶴川街道","cls":"primary","shops":5,"st_km":0.12,"mesh":"53393308"},"geometry":{"type":"LineString","coordinates":[[139.48015,35.58352],[139.48158,35.5842]]}},{"type":"Feature","properties":{"idx":202,"road":"南多摩尾根幹線道路","cls":"secondary","shops":0,"st_km":1.49,"mesh":"53393320"},"geometry":{"type":"LineString","coordinates":[[139.38404,35.60112],[139.38383,35.60095]]}},{"type":"Feature","properties":{"idx":145,"road":NaN,"cls":"secondary_link","shops":0,"st_km":1.38,"mesh":"53393320"},"geometry":{"type":"LineString","coordinates":[[139.38443,35.60168],[139.38586,35.60286],[139.38648,35.60331]]}},{"type":"Feature","properties":{"idx":315,"road":"町田平山八王子線","cls":"secondary","shops":0,"st_km":2.17,"mesh":"53393312"},"geometry":{"type":"LineString","coordinates":[[139.40409,35.59717],[139.40148,35.59913],[139.40007,35.59966]]}},{"type":"Feature","properties":{"idx":220,"road":"相模原立川線","cls":"secondary","shops":0,"st_km":1.36,"mesh":"53393320"},"geometry":{"type":"LineString","coordinates":[[139.38648,35.60331],[139.3868,35.60304]]}},{"type":"Feature","properties":{"idx":202,"road":NaN,"cls":"tertiary","shops":0,"st_km":1.32,"mesh":"53393320"},"geometry":{"type":"LineString","coordinates":[[139.38369,35.60225],[139.38295,35.60291]]}},{"type":"Feature","properties":{"idx":254,"road":NaN,"cls":"tertiary","shops":0,"st_km":2.5,"mesh":"53393312"},"geometry":{"type":"LineString","coordinates":[[139.40275,35.59538],[139.40517,35.59451]]}},{"type":"Feature","properties":{"idx":252,"road":NaN,"cls":"primary","shops":2,"st_km":2.99,"mesh":"53393315"},"geometry":{"type":"LineString","coordinates":[[139.44424,35.59604],[139.44524,35.59559],[139.44731,35.59441],[139.44792,35.5943],[139.44896,35.59447]]}},{"type":"Feature","properties":{"idx":63,"road":"東京都道157号乞田東寺方線","cls":"secondary","shops":0,"st_km":1.27,"mesh":"53393365"},"geometry":{"type":"LineString","coordinates":[[139.43859,35.63742],[139.43845,35.63807],[139.43831,35.6384],[139.43761,35.63925]]}},{"type":"Feature","properties":{"idx":85,"road":"東京都道157号乞田東寺方線","cls":"secondary","shops":0,"st_km":0.89,"mesh":"53393365"},"geometry":{"type":"LineString","coordinates":[[139.44244,35.63459],[139.44226,35.63488],[139.44201,35.63515],[139.44115,35.63571],[139.4406,35.63595],[139.43971,35.63619],[139.43918,35.63646]]}},{"type":"Feature","properties":{"idx":178,"road":NaN,"cls":"primary","shops":1,"st_km":0.63,"mesh":"53393365"},"geometry":{"type":"LineString","coordinates":[[139.44256,35.63464],[139.44273,35.63402],[139.44271,35.63289]]}},{"type":"Feature","properties":{"idx":166,"road":NaN,"cls":"primary","shops":1,"st_km":0.71,"mesh":"53393365"},"geometry":{"type":"LineString","coordinates":[[139.44256,35.63464],[139.44244,35.63459]]}},{"type":"Feature","properties":{"idx":240,"road":"東京都道18号府中町田線","cls":"primary","shops":0,"st_km":0.09,"mesh":"53393355"},"geometry":{"type":"LineString","coordinates":[[139.44871,35.62999],[139.44843,35.63134],[139.44837,35.63153],[139.44808,35.632]]}},{"type":"Feature","properties":{"idx":94,"road":NaN,"cls":"primary_link","shops":0,"st_km":0.21,"mesh":"53393389"},"geometry":{"type":"LineString","coordinates":[[139.48828,35.64995],[139.48813,35.65042],[139.48799,35.65147]]}},{"type":"Feature","properties":{"idx":257,"road":"いちょう並木通り","cls":"tertiary","shops":3,"st_km":0.05,"mesh":"53393379"},"geometry":{"type":"LineString","coordinates":[[139.48928,35.64967],[139.48976,35.64964]]}},{"type":"Feature","properties":{"idx":789,"road":NaN,"cls":"pedestrian","shops":3,"st_km":0.09,"mesh":"53393319"},"geometry":{"type":"LineString","coordinates":[[139.49387,35.59958],[139.49405,35.59953]]}},{"type":"Feature","properties":{"idx":1408,"road":NaN,"cls":"pedestrian","shops":3,"st_km":0.02,"mesh":"53393329"},"geometry":{"type":"LineString","coordinates":[[139.49326,35.59988],[139.49322,35.59992],[139.49324,35.60001],[139.49334,35.60001],[139.49336,35.59994],[139.49326,35.59988]]}},{"type":"Feature","properties":{"idx":1144,"road":NaN,"cls":"pedestrian","shops":5,"st_km":0.06,"mesh":"53393319"},"geometry":{"type":"LineString","coordinates":[[139.4933,35.59988],[139.49385,35.59965],[139.49386,35.59955]]}},{"type":"Feature","properties":{"idx":1148,"road":NaN,"cls":"pedestrian","shops":5,"st_km":0.05,"mesh":"53393319"},"geometry":{"type":"LineString","coordinates":[[139.49326,35.59988],[139.49315,35.59965]]}},{"type":"Feature","properties":{"idx":129,"road":"東京都道19号町田調布線","cls":"primary","shops":0,"st_km":1.03,"mesh":"53393338"},"geometry":{"type":"LineString","coordinates":[[139.48294,35.61551],[139.48264,35.61579]]}},{"type":"Feature","properties":{"idx":126,"road":"上平尾トンネル","cls":"primary","shops":0,"st_km":1.06,"mesh":"53393338"},"geometry":{"type":"LineString","coordinates":[[139.48298,35.61553],[139.48393,35.61475]]}},{"type":"Feature","properties":{"idx":132,"road":"東京都道19号町田調布線","cls":"primary","shops":0,"st_km":1.0,"mesh":"53393338"},"geometry":{"type":"LineString","coordinates":[[139.48264,35.61579],[139.48245,35.61596]]}},{"type":"Feature","properties":{"idx":326,"road":"東京都道19号町田調布線","cls":"primary","shops":3,"st_km":1.02,"mesh":"53393338"},"geometry":{"type":"LineString","coordinates":[[139.48393,35.61475],[139.48406,35.61461]]}},{"type":"Feature","properties":{"idx":326,"road":"東京都道19号町田調布線","cls":"primary","shops":3,"st_km":1.02,"mesh":"53393338"},"geometry":{"type":"LineString","coordinates":[[139.48406,35.61461],[139.48389,35.61472]]}},{"type":"Feature","properties":{"idx":294,"road":"多摩モノレール通り","cls":"secondary","shops":2,"st_km":1.25,"mesh":"53393333"},"geometry":{"type":"LineString","coordinates":[[139.42198,35.61501],[139.42221,35.61432],[139.42249,35.61391],[139.42533,35.6106],[139.4256,35.61015],[139.4263,35.6086]]}},{"type":"Feature","properties":{"idx":544,"road":"多摩センター南通り","cls":"tertiary","shops":1,"st_km":0.05,"mesh":"53393343"},"geometry":{"type":"LineString","coordinates":[[139.42279,35.62339],[139.4226,35.62337]]}},{"type":"Feature","properties":{"idx":286,"road":NaN,"cls":"primary","shops":1,"st_km":0.61,"mesh":"53393376"},"geometry":{"type":"LineString","coordinates":[[139.45264,35.64778],[139.45259,35.64771]]}},{"type":"Feature","properties":{"idx":185,"road":NaN,"cls":"tertiary","shops":0,"st_km":0.42,"mesh":"53393376"},"geometry":{"type":"LineString","coordinates":[[139.45123,35.64942],[139.45155,35.65021]]}},{"type":"Feature","properties":{"idx":207,"road":"川崎街道","cls":"primary","shops":0,"st_km":0.53,"mesh":"53393376"},"geometry":{"type":"LineString","coordinates":[[139.45123,35.64942],[139.45284,35.64897],[139.45352,35.6487]]}},{"type":"Feature","properties":{"idx":1024,"road":"川崎街道","cls":"primary","shops":8,"st_km":0.29,"mesh":"53393375"},"geometry":{"type":"LineString","coordinates":[[139.45119,35.64933],[139.44998,35.64963],[139.44838,35.64989]]}},{"type":"Feature","properties":{"idx":627,"road":"多摩モノレール通り","cls":"secondary","shops":1,"st_km":0.03,"mesh":"53393343"},"geometry":{"type":"LineString","coordinates":[[139.42262,35.62345],[139.42272,35.62375]]}},{"type":"Feature","properties":{"idx":1331,"road":NaN,"cls":"tertiary","shops":1,"st_km":1.44,"mesh":"53393323"},"geometry":{"type":"LineString","coordinates":[[139.42283,35.60857],[139.42249,35.60797],[139.42245,35.6078],[139.42254,35.6076],[139.42281,35.60731],[139.42315,35.60718],[139.4237,35.60715],[139.42445,35.60719]]}},{"type":"Feature","properties":{"idx":191,"road":NaN,"cls":"secondary_link","shops":0,"st_km":1.2,"mesh":"53393310"},"geometry":{"type":"LineString","coordinates":[[139.37793,35.59715],[139.37912,35.59769],[139.38028,35.59837],[139.3804,35.59838]]}},{"type":"Feature","properties":{"idx":70,"road":"東京都道157号乞田東寺方線","cls":"secondary","shops":0,"st_km":1.13,"mesh":"53393365"},"geometry":{"type":"LineString","coordinates":[[139.43872,35.63744],[139.43887,35.63701],[139.43925,35.63654]]}},{"type":"Feature","properties":{"idx":90,"road":"いろは坂通り","cls":"tertiary","shops":1,"st_km":1.18,"mesh":"53393365"},"geometry":{"type":"LineString","coordinates":[[139.43872,35.63744],[139.43859,35.63742]]}},{"type":"Feature","properties":{"idx":490,"road":"山王橋","cls":"secondary","shops":5,"st_km":0.08,"mesh":"53393353"},"geometry":{"type":"LineString","coordinates":[[139.42327,35.62539],[139.42333,35.62558]]}},{"type":"Feature","properties":{"idx":276,"road":"多摩モノレール通り","cls":"secondary","shops":2,"st_km":0.1,"mesh":"53393353"},"geometry":{"type":"LineString","coordinates":[[139.42333,35.62558],[139.42354,35.62619]]}},{"type":"Feature","properties":{"idx":142,"road":"大蔵橋","cls":"tertiary","shops":1,"st_km":2.07,"mesh":"53393306"},"geometry":{"type":"LineString","coordinates":[[139.45961,35.58745],[139.45975,35.58762]]}},{"type":"Feature","properties":{"idx":95,"road":"薬師台通り","cls":"tertiary","shops":0,"st_km":2.05,"mesh":"53393306"},"geometry":{"type":"LineString","coordinates":[[139.45975,35.58762],[139.46005,35.5881],[139.46013,35.58844],[139.46013,35.58881]]}},{"type":"Feature","properties":{"idx":64,"road":NaN,"cls":"tertiary","shops":0,"st_km":2.28,"mesh":"53393324"},"geometry":{"type":"LineString","coordinates":[[139.43539,35.6015],[139.43168,35.60342],[139.43019,35.60451],[139.4299,35.60464],[139.42794,35.60526],[139.42771,35.60549],[139.42758,35.60593]]}},{"type":"Feature","properties":{"idx":62,"road":"小野路宿通り","cls":"secondary","shops":0,"st_km":2.94,"mesh":"53393324"},"geometry":{"type":"LineString","coordinates":[[139.43852,35.59855],[139.43634,35.60071],[139.43539,35.6015]]}},{"type":"Feature","properties":{"idx":54,"road":"小山乞田線","cls":"secondary","shops":0,"st_km":1.31,"mesh":"53393321"},"geometry":{"type":"LineString","coordinates":[[139.39036,35.60601],[139.39084,35.60636]]}},{"type":"Feature","properties":{"idx":238,"road":"小山乞田線","cls":"secondary","shops":0,"st_km":1.46,"mesh":"53393331"},"geometry":{"type":"LineString","coordinates":[[139.39084,35.60636],[139.39648,35.61057],[139.39777,35.6114],[139.39905,35.61213]]}},{"type":"Feature","properties":{"idx":54,"road":"南多摩尾根幹線道路","cls":"secondary","shops":0,"st_km":1.32,"mesh":"53393321"},"geometry":{"type":"LineString","coordinates":[[139.39045,35.60593],[139.38711,35.60345]]}},{"type":"Feature","properties":{"idx":36,"road":NaN,"cls":"secondary_link","shops":0,"st_km":1.34,"mesh":"53393321"},"geometry":{"type":"LineString","coordinates":[[139.3902,35.60575],[139.38814,35.60403],[139.3868,35.60304]]}},{"type":"Feature","properties":{"idx":54,"road":"小山乞田線","cls":"secondary","shops":0,"st_km":1.32,"mesh":"53393321"},"geometry":{"type":"LineString","coordinates":[[139.39093,35.60629],[139.39045,35.60593]]}},{"type":"Feature","properties":{"idx":223,"road":NaN,"cls":"tertiary","shops":4,"st_km":3.46,"mesh":"53393304"},"geometry":{"type":"LineString","coordinates":[[139.43632,35.58483],[139.43585,35.58499],[139.43572,35.58519],[139.43566,35.58544]]}},{"type":"Feature","properties":{"idx":112,"road":"鎧橋","cls":"tertiary","shops":1,"st_km":3.4,"mesh":"53393304"},"geometry":{"type":"LineString","coordinates":[[139.43661,35.58466],[139.43632,35.58483]]}},{"type":"Feature","properties":{"idx":75,"road":NaN,"cls":"tertiary","shops":0,"st_km":3.35,"mesh":"53393304"},"geometry":{"type":"LineString","coordinates":[[139.43663,35.58408],[139.43669,35.58451],[139.43661,35.58466]]}},{"type":"Feature","properties":{"idx":75,"road":"新鎧橋","cls":"tertiary","shops":0,"st_km":3.33,"mesh":"53393304"},"geometry":{"type":"LineString","coordinates":[[139.4366,35.58388],[139.43663,35.58408]]}},{"type":"Feature","properties":{"idx":450,"road":NaN,"cls":"primary","shops":2,"st_km":1.85,"mesh":"53393302"},"geometry":{"type":"LineString","coordinates":[[139.40291,35.58381],[139.40514,35.58323]]}},{"type":"Feature","properties":{"idx":56,"road":NaN,"cls":"tertiary","shops":1,"st_km":0.94,"mesh":"53393332"},"geometry":{"type":"LineString","coordinates":[[139.40853,35.60809],[139.40848,35.60837],[139.40835,35.6085],[139.40744,35.60876],[139.40723,35.60875]]}},{"type":"Feature","properties":{"idx":210,"road":NaN,"cls":"secondary_link","shops":0,"st_km":1.07,"mesh":"53393310"},"geometry":{"type":"LineString","coordinates":[[139.37697,35.59681],[139.37708,35.59662]]}},{"type":"Feature","properties":{"idx":273,"road":"東京都道156号町田日野線","cls":"secondary","shops":4,"st_km":1.71,"mesh":"53393324"},"geometry":{"type":"LineString","coordinates":[[139.42641,35.60835],[139.42728,35.60663],[139.42729,35.60653]]}},{"type":"Feature","properties":{"idx":319,"road":"小山沼陸橋","cls":"secondary","shops":0,"st_km":1.05,"mesh":"53393310"},"geometry":{"type":"LineString","coordinates":[[139.37467,35.59593],[139.37772,35.597],[139.37874,35.59741]]}},{"type":"Feature","properties":{"idx":380,"road":"芝溝街道","cls":"primary","shops":1,"st_km":3.12,"mesh":"53393305"},"geometry":{"type":"LineString","coordinates":[[139.44962,35.58812],[139.44549,35.58761],[139.44385,35.5872],[139.44331,35.58716],[139.44182,35.58718]]}},{"type":"Feature","properties":{"idx":231,"road":"芝溝街道","cls":"primary","shops":2,"st_km":2.14,"mesh":"53393306"},"geometry":{"type":"LineString","coordinates":[[139.45937,35.58879],[139.45924,35.58879]]}},{"type":"Feature","properties":{"idx":99,"road":"五反田橋","cls":"tertiary","shops":0,"st_km":3.08,"mesh":"53393315"},"geometry":{"type":"LineString","coordinates":[[139.44403,35.59583],[139.44411,35.5959]]}},{"type":"Feature","properties":{"idx":100,"road":NaN,"cls":"tertiary","shops":0,"st_km":3.07,"mesh":"53393315"},"geometry":{"type":"LineString","coordinates":[[139.44411,35.5959],[139.44424,35.59604]]}},{"type":"Feature","properties":{"idx":319,"road":NaN,"cls":"tertiary","shops":0,"st_km":2.51,"mesh":"53393303"},"geometry":{"type":"LineString","coordinates":[[139.41363,35.5857],[139.41561,35.58402],[139.41584,35.58393],[139.41627,35.5839]]}},{"type":"Feature","properties":{"idx":322,"road":NaN,"cls":"tertiary","shops":0,"st_km":2.48,"mesh":"53393303"},"geometry":{"type":"LineString","coordinates":[[139.41363,35.5857],[139.41343,35.58549],[139.41342,35.58524],[139.41355,35.5851],[139.41396,35.58491],[139.41404,35.58477],[139.41404,35.58468],[139.41395,35.58438],[139.41355,35.58399]]}},{"type":"Feature","properties":{"idx":126,"road":NaN,"cls":"tertiary","shops":2,"st_km":0.37,"mesh":"53393332"},"geometry":{"type":"LineString","coordinates":[[139.4082,35.61496],[139.40829,35.6146]]}},{"type":"Feature","properties":{"idx":79,"road":NaN,"cls":"tertiary","shops":0,"st_km":3.4,"mesh":"53393314"},"geometry":{"type":"LineString","coordinates":[[139.4365,35.59434],[139.43727,35.59381],[139.43751,35.59348]]}},{"type":"Feature","properties":{"idx":217,"road":NaN,"cls":"tertiary","shops":0,"st_km":2.74,"mesh":"53393305"},"geometry":{"type":"LineString","coordinates":[[139.44799,35.58564],[139.44821,35.58545],[139.44852,35.58487],[139.44869,35.58476],[139.44927,35.58461]]}},{"type":"Feature","properties":{"idx":159,"road":"多摩モノレール通り","cls":"secondary","shops":2,"st_km":0.29,"mesh":"53393393"},"geometry":{"type":"LineString","coordinates":[[139.41456,35.66021],[139.41407,35.65943]]}},{"type":"Feature","properties":{"idx":158,"road":"多摩モノレール通り","cls":"secondary","shops":2,"st_km":0.3,"mesh":"53393393"},"geometry":{"type":"LineString","coordinates":[[139.41396,35.65948],[139.4142,35.65982]]}},{"type":"Feature","properties":{"idx":426,"road":"多摩モノレール通り","cls":"secondary","shops":10,"st_km":0.41,"mesh":"53393393"},"geometry":{"type":"LineString","coordinates":[[139.41291,35.65771],[139.41396,35.65948]]}},{"type":"Feature","properties":{"idx":541,"road":"川崎街道","cls":"primary","shops":10,"st_km":0.28,"mesh":"53393393"},"geometry":{"type":"LineString","coordinates":[[139.41303,35.66008],[139.41396,35.65948]]}},{"type":"Feature","properties":{"idx":125,"road":"川崎街道","cls":"primary","shops":1,"st_km":0.36,"mesh":"53393393"},"geometry":{"type":"LineString","coordinates":[[139.41407,35.65943],[139.41455,35.65925],[139.4149,35.65917]]}},{"type":"Feature","properties":{"idx":140,"road":NaN,"cls":"tertiary","shops":0,"st_km":0.33,"mesh":"53393383"},"geometry":{"type":"LineString","coordinates":[[139.41297,35.65761],[139.41291,35.65771]]}},{"type":"Feature","properties":{"idx":67,"road":"竜ヶ峰通り","cls":"tertiary","shops":0,"st_km":1.04,"mesh":"53393373"},"geometry":{"type":"LineString","coordinates":[[139.4188,35.64615],[139.41885,35.64658]]}},{"type":"Feature","properties":{"idx":210,"road":NaN,"cls":"tertiary","shops":0,"st_km":0.6,"mesh":"53393341"},"geometry":{"type":"LineString","coordinates":[[139.3937,35.62324],[139.39409,35.62281],[139.39441,35.62261]]}},{"type":"Feature","properties":{"idx":105,"road":"桜台通り","cls":"tertiary","shops":0,"st_km":2.46,"mesh":"53393313"},"geometry":{"type":"LineString","coordinates":[[139.4123,35.5941],[139.41285,35.59464]]}},{"type":"Feature","properties":{"idx":254,"road":"新竹之内橋","cls":"tertiary","shops":0,"st_km":2.5,"mesh":"53393312"},"geometry":{"type":"LineString","coordinates":[[139.4122,35.594],[139.4123,35.5941]]}},{"type":"Feature","properties":{"idx":283,"road":"坂下橋","cls":"tertiary","shops":0,"st_km":3.03,"mesh":"53393303"},"geometry":{"type":"LineString","coordinates":[[139.4175,35.58967],[139.4177,35.58972]]}},{"type":"Feature","properties":{"idx":283,"road":"さくら通り","cls":"tertiary","shops":0,"st_km":3.02,"mesh":"53393303"},"geometry":{"type":"LineString","coordinates":[[139.4177,35.58972],[139.41845,35.58991]]}},{"type":"Feature","properties":{"idx":138,"road":NaN,"cls":"tertiary","shops":0,"st_km":0.89,"mesh":"53393352"},"geometry":{"type":"LineString","coordinates":[[139.40328,35.63087],[139.40314,35.63101],[139.40288,35.63145],[139.40276,35.63152],[139.40255,35.63151],[139.40215,35.63133],[139.40178,35.63129],[139.4015,35.63133],[139.40127,35.63146],[139.40079,35.63221],[139.40031,35.63258],[139.40012,35.63277],[139.40007,35.633],[139.40018,35.63337],[139.40018,35.6335],[139.40011,35.63369],[139.39995,35.63386],[139.39971,35.63395],[139.39881,35.63406],[139.39795,35.63425]]}},{"type":"Feature","properties":{"idx":274,"road":"南多摩尾根幹線道路","cls":"secondary","shops":1,"st_km":1.61,"mesh":"53393334"},"geometry":{"type":"LineString","coordinates":[[139.42641,35.60835],[139.42631,35.60832]]}},{"type":"Feature","properties":{"idx":357,"road":"南北道路","cls":"tertiary","shops":0,"st_km":0.64,"mesh":"53393300"},"geometry":{"type":"LineString","coordinates":[[139.37748,35.58799],[139.37694,35.58747],[139.37369,35.58333]]}},{"type":"Feature","properties":{"idx":298,"road":NaN,"cls":"pedestrian","shops":1,"st_km":2.37,"mesh":"53393302"},"geometry":{"type":"LineString","coordinates":[[139.40231,35.58983],[139.40257,35.5902]]}},{"type":"Feature","properties":{"idx":1202,"road":NaN,"cls":"pedestrian","shops":8,"st_km":0.06,"mesh":"53393390"},"geometry":{"type":"LineString","coordinates":[[139.38152,35.65918],[139.38186,35.65879]]}},{"type":"Feature","properties":{"idx":809,"road":NaN,"cls":"tertiary","shops":7,"st_km":0.03,"mesh":"53393390"},"geometry":{"type":"LineString","coordinates":[[139.38138,35.65909],[139.3817,35.65929]]}},{"type":"Feature","properties":{"idx":795,"road":NaN,"cls":"tertiary","shops":7,"st_km":0.05,"mesh":"53393390"},"geometry":{"type":"LineString","coordinates":[[139.38175,35.65871],[139.38157,35.65883],[139.38141,35.65884],[139.38126,35.65897],[139.38125,35.65906],[139.38131,35.6591],[139.38142,35.65908],[139.38169,35.65883],[139.38175,35.65871]]}},{"type":"Feature","properties":{"idx":279,"road":NaN,"cls":"tertiary","shops":0,"st_km":0.44,"mesh":"53393380"},"geometry":{"type":"LineString","coordinates":[[139.38297,35.65507],[139.38326,35.6554],[139.38351,35.65578],[139.38376,35.65596],[139.38389,35.65648],[139.38435,35.65682]]}},{"type":"Feature","properties":{"idx":80,"road":"川崎街道","cls":"primary","shops":0,"st_km":0.66,"mesh":"53393378"},"geometry":{"type":"LineString","coordinates":[[139.48089,35.64709],[139.48195,35.64708],[139.48386,35.64722],[139.48451,35.6473]]}},{"type":"Feature","properties":{"idx":127,"road":"川崎街道","cls":"primary","shops":0,"st_km":1.62,"mesh":"53393377"},"geometry":{"type":"LineString","coordinates":[[139.48068,35.647],[139.48037,35.647],[139.47992,35.6469],[139.47882,35.64629],[139.47806,35.64608],[139.4774,35.64608],[139.47645,35.64631],[139.4758,35.64637],[139.47348,35.64623],[139.473,35.64614],[139.47255,35.64598],[139.46878,35.64402],[139.4684,35.64376],[139.46808,35.64345],[139.46781,35.64311],[139.46727,35.64191],[139.46704,35.64161],[139.46656,35.64124],[139.46586,35.6409]]}},{"type":"Feature","properties":{"idx":99,"road":"川崎街道","cls":"primary","shops":0,"st_km":0.43,"mesh":"53393378"},"geometry":{"type":"LineString","coordinates":[[139.48611,35.64758],[139.48449,35.6472]]}},{"type":"Feature","properties":{"idx":270,"road":"平尾小通り","cls":"tertiary","shops":2,"st_km":0.77,"mesh":"53393339"},"geometry":{"type":"LineString","coordinates":[[139.4884,35.60903],[139.48894,35.60953]]}},{"type":"Feature","properties":{"idx":511,"road":NaN,"cls":"tertiary","shops":4,"st_km":0.08,"mesh":"53393390"},"geometry":{"type":"LineString","coordinates":[[139.38175,35.65871],[139.3821,35.65896]]}},{"type":"Feature","properties":{"idx":581,"road":"平山通り","cls":"secondary","shops":2,"st_km":0.52,"mesh":"53393380"},"geometry":{"type":"LineString","coordinates":[[139.37818,35.65585],[139.37882,35.65505]]}},{"type":"Feature","properties":{"idx":98,"road":NaN,"cls":"tertiary","shops":0,"st_km":3.21,"mesh":"53393315"},"geometry":{"type":"LineString","coordinates":[[139.44231,35.59401],[139.44274,35.59426],[139.44301,35.59448],[139.4435,35.59532],[139.44403,35.59583]]}},{"type":"Feature","properties":{"idx":184,"road":NaN,"cls":"tertiary","shops":0,"st_km":1.45,"mesh":"53393300"},"geometry":{"type":"LineString","coordinates":[[139.38601,35.58603],[139.3862,35.58634]]}},{"type":"Feature","properties":{"idx":187,"road":NaN,"cls":"tertiary","shops":0,"st_km":1.43,"mesh":"53393300"},"geometry":{"type":"LineString","coordinates":[[139.38607,35.586],[139.386,35.58589]]}},{"type":"Feature","properties":{"idx":146,"road":"一本杉公園通り","cls":"secondary","shops":0,"st_km":2.07,"mesh":"53393335"},"geometry":{"type":"LineString","coordinates":[[139.43784,35.60942],[139.43807,35.60973],[139.43812,35.60993],[139.43801,35.61067]]}},{"type":"Feature","properties":{"idx":89,"road":"東京都道156号町田日野線","cls":"secondary","shops":0,"st_km":3.31,"mesh":"53393314"},"geometry":{"type":"LineString","coordinates":[[139.43459,35.59245],[139.43684,35.59471],[139.43713,35.59519],[139.43751,35.59633],[139.43775,35.5968],[139.43894,35.59827]]}},{"type":"Feature","properties":{"idx":174,"road":NaN,"cls":"tertiary","shops":0,"st_km":1.89,"mesh":"53393310"},"geometry":{"type":"LineString","coordinates":[[139.38915,35.59486],[139.38862,35.59427],[139.38721,35.59304],[139.38708,35.59278],[139.38671,35.59146],[139.38671,35.59128],[139.38681,35.59109],[139.38809,35.58958],[139.38809,35.58944],[139.38793,35.58911]]}},{"type":"Feature","properties":{"idx":180,"road":NaN,"cls":"tertiary","shops":0,"st_km":1.49,"mesh":"53393300"},"geometry":{"type":"LineString","coordinates":[[139.3862,35.58634],[139.38649,35.5868]]}},{"type":"Feature","properties":{"idx":147,"road":"柚木街道","cls":"primary","shops":0,"st_km":1.24,"mesh":"53393350"},"geometry":{"type":"LineString","coordinates":[[139.38137,35.62679],[139.38049,35.62643],[139.37983,35.62606],[139.3778,35.62455],[139.37743,35.62432],[139.37682,35.62403],[139.37603,35.62378]]}},{"type":"Feature","properties":{"idx":106,"road":NaN,"cls":"tertiary","shops":0,"st_km":1.39,"mesh":"53393350"},"geometry":{"type":"LineString","coordinates":[[139.38137,35.62679],[139.38173,35.62622]]}},{"type":"Feature","properties":{"idx":107,"road":NaN,"cls":"tertiary","shops":0,"st_km":1.09,"mesh":"53393340"},"geometry":{"type":"LineString","coordinates":[[139.38285,35.62301],[139.38248,35.62427]]}},{"type":"Feature","properties":{"idx":332,"road":NaN,"cls":"tertiary","shops":2,"st_km":0.59,"mesh":"53393340"},"geometry":{"type":"LineString","coordinates":[[139.37668,35.62018],[139.37544,35.61745],[139.37536,35.61695],[139.37539,35.61648],[139.37547,35.6162]]}},{"type":"Feature","properties":{"idx":197,"road":NaN,"cls":"primary_link","shops":0,"st_km":0.99,"mesh":"53393345"},"geometry":{"type":"LineString","coordinates":[[139.44218,35.62231],[139.44233,35.62233]]}},{"type":"Feature","properties":{"idx":157,"road":"鎌倉街道","cls":"primary","shops":0,"st_km":2.5,"mesh":"53393325"},"geometry":{"type":"LineString","coordinates":[[139.44316,35.61074],[139.44333,35.60878],[139.44341,35.60837],[139.44477,35.60508],[139.44572,35.60177],[139.44579,35.60112],[139.44576,35.59963],[139.44591,35.599],[139.44749,35.59611],[139.44803,35.59547],[139.44912,35.59448]]}},{"type":"Feature","properties":{"idx":157,"road":"鎌倉街道","cls":"primary","shops":0,"st_km":2.16,"mesh":"53393335"},"geometry":{"type":"LineString","coordinates":[[139.44301,35.6107],[139.44296,35.61116]]}},{"type":"Feature","properties":{"idx":188,"road":"野猿街道","cls":"primary","shops":0,"st_km":0.79,"mesh":"53393352"},"geometry":{"type":"LineString","coordinates":[[139.40207,35.62989],[139.40498,35.63225]]}},{"type":"Feature","properties":{"idx":230,"road":"野猿街道","cls":"primary","shops":1,"st_km":1.01,"mesh":"53393352"},"geometry":{"type":"LineString","coordinates":[[139.40498,35.63225],[139.40603,35.63306],[139.40724,35.63376]]}},{"type":"Feature","properties":{"idx":96,"road":NaN,"cls":"tertiary","shops":0,"st_km":0.89,"mesh":"53393351"},"geometry":{"type":"LineString","coordinates":[[139.39665,35.63053],[139.39617,35.62989],[139.39593,35.62976],[139.39572,35.62971],[139.3955,35.62973],[139.39318,35.63035],[139.39291,35.63035],[139.3927,35.63029],[139.39243,35.63007],[139.39166,35.62819]]}},{"type":"Feature","properties":{"idx":187,"road":"平山通り","cls":"secondary","shops":1,"st_km":0.72,"mesh":"53393351"},"geometry":{"type":"LineString","coordinates":[[139.39665,35.63053],[139.39692,35.63039],[139.39724,35.63011]]}},{"type":"Feature","properties":{"idx":142,"road":NaN,"cls":"tertiary","shops":0,"st_km":0.85,"mesh":"53393352"},"geometry":{"type":"LineString","coordinates":[[139.40801,35.62753],[139.40811,35.62824],[139.40807,35.62855],[139.40795,35.62888],[139.40768,35.62928],[139.40667,35.63053]]}},{"type":"Feature","properties":{"idx":154,"road":NaN,"cls":"tertiary","shops":0,"st_km":0.76,"mesh":"53393352"},"geometry":{"type":"LineString","coordinates":[[139.40796,35.62719],[139.40801,35.62753]]}},{"type":"Feature","properties":{"idx":29,"road":NaN,"cls":"tertiary_link","shops":0,"st_km":0.96,"mesh":"53393371"},"geometry":{"type":"LineString","coordinates":[[139.39041,35.64597],[139.39025,35.64578]]}},{"type":"Feature","properties":{"idx":45,"road":NaN,"cls":"tertiary","shops":0,"st_km":1.01,"mesh":"53393371"},"geometry":{"type":"LineString","coordinates":[[139.39041,35.64597],[139.39207,35.64632]]}},{"type":"Feature","properties":{"idx":94,"road":"内裏橋","cls":"tertiary","shops":0,"st_km":0.23,"mesh":"53393330"},"geometry":{"type":"LineString","coordinates":[[139.37736,35.61362],[139.37747,35.61348]]}},{"type":"Feature","properties":{"idx":93,"road":"内裏橋","cls":"tertiary","shops":0,"st_km":0.24,"mesh":"53393330"},"geometry":{"type":"LineString","coordinates":[[139.37738,35.61343],[139.37727,35.61357]]}},{"type":"Feature","properties":{"idx":867,"road":"鎌倉街道","cls":"primary","shops":4,"st_km":0.07,"mesh":"53393396"},"geometry":{"type":"LineString","coordinates":[[139.45768,35.66047],[139.45747,35.6598]]}},{"type":"Feature","properties":{"idx":246,"road":"新府中街道","cls":"primary","shops":1,"st_km":0.64,"mesh":"53393396"},"geometry":{"type":"LineString","coordinates":[[139.45815,35.66242],[139.45906,35.66532],[139.45922,35.66599],[139.45925,35.66666],[139.45919,35.66802]]}},{"type":"Feature","properties":{"idx":472,"road":"川崎街道","cls":"primary","shops":1,"st_km":0.58,"mesh":"53393392"},"geometry":{"type":"LineString","coordinates":[[139.40663,35.66312],[139.40696,35.66329]]}},{"type":"Feature","properties":{"idx":83,"road":NaN,"cls":"primary","shops":0,"st_km":1.05,"mesh":"53393365"},"geometry":{"type":"LineString","coordinates":[[139.45201,35.6469],[139.45179,35.64659],[139.45116,35.64529],[139.45094,35.64392],[139.45008,35.64085],[139.44963,35.63997],[139.44843,35.63842],[139.44803,35.63742],[139.44783,35.63709],[139.44754,35.63681],[139.44722,35.63664],[139.44514,35.63591],[139.44334,35.63513],[139.44304,35.63497],[139.44282,35.6347]]}},{"type":"Feature","properties":{"idx":145,"road":"芝溝街道","cls":"primary","shops":1,"st_km":3.13,"mesh":"53393304"},"geometry":{"type":"LineString","coordinates":[[139.42754,35.58339],[139.42723,35.58334]]}},{"type":"Feature","properties":{"idx":292,"road":"南多摩尾根幹線道路","cls":"secondary","shops":0,"st_km":0.44,"mesh":"53393333"},"geometry":{"type":"LineString","coordinates":[[139.41196,35.61339],[139.41583,35.61277]]}},{"type":"Feature","properties":{"idx":70,"road":"南多摩尾根幹線道路","cls":"secondary","shops":0,"st_km":0.38,"mesh":"53393332"},"geometry":{"type":"LineString","coordinates":[[139.41203,35.61301],[139.41038,35.61328]]}},{"type":"Feature","properties":{"idx":96,"road":"南多摩尾根幹線道路","cls":"secondary","shops":1,"st_km":0.47,"mesh":"53393332"},"geometry":{"type":"LineString","coordinates":[[139.40671,35.6137],[139.40775,35.61385],[139.40858,35.61387]]}},{"type":"Feature","properties":{"idx":52,"road":"南多摩尾根幹線道路","cls":"secondary","shops":0,"st_km":0.69,"mesh":"53393332"},"geometry":{"type":"LineString","coordinates":[[139.40853,35.61356],[139.40761,35.61359],[139.40675,35.61354],[139.4019,35.61285]]}},{"type":"Feature","properties":{"idx":289,"road":"東京都道19号町田調布線","cls":"primary","shops":1,"st_km":0.55,"mesh":"53393348"},"geometry":{"type":"LineString","coordinates":[[139.47713,35.62304],[139.47696,35.62305],[139.47507,35.62357]]}},{"type":"Feature","properties":{"idx":436,"road":NaN,"cls":"tertiary","shops":9,"st_km":0.14,"mesh":"53393332"},"geometry":{"type":"LineString","coordinates":[[139.41083,35.61578],[139.41054,35.61536]]}},{"type":"Feature","properties":{"idx":228,"road":"桜台橋","cls":"tertiary","shops":1,"st_km":2.2,"mesh":"53393302"},"geometry":{"type":"LineString","coordinates":[[139.40185,35.58841],[139.40222,35.5884]]}},{"type":"Feature","properties":{"idx":227,"road":"八重咲通り","cls":"tertiary","shops":1,"st_km":2.22,"mesh":"53393302"},"geometry":{"type":"LineString","coordinates":[[139.40222,35.5884],[139.40231,35.58841]]}},{"type":"Feature","properties":{"idx":137,"road":NaN,"cls":"tertiary","shops":0,"st_km":2.62,"mesh":"53393302"},"geometry":{"type":"LineString","coordinates":[[139.40969,35.58981],[139.41007,35.58958],[139.41016,35.58944],[139.41014,35.58931],[139.40988,35.58883],[139.41,35.58842],[139.41011,35.58839],[139.41023,35.58842],[139.41049,35.58873],[139.41069,35.58869]]}},{"type":"Feature","properties":{"idx":178,"road":"東京都道19号町田調布線","cls":"primary","shops":0,"st_km":0.64,"mesh":"53393348"},"geometry":{"type":"LineString","coordinates":[[139.47898,35.62128],[139.47912,35.62083]]}},{"type":"Feature","properties":{"idx":116,"road":NaN,"cls":"secondary","shops":0,"st_km":0.1,"mesh":"53393353"},"geometry":{"type":"LineString","coordinates":[[139.42258,35.63148],[139.42286,35.6308]]}},{"type":"Feature","properties":{"idx":110,"road":NaN,"cls":"secondary","shops":0,"st_km":0.15,"mesh":"53393353"},"geometry":{"type":"LineString","coordinates":[[139.42286,35.6308],[139.42301,35.63049]]}},{"type":"Feature","properties":{"idx":375,"road":NaN,"cls":"pedestrian","shops":0,"st_km":0.33,"mesh":"53393341"},"geometry":{"type":"LineString","coordinates":[[139.39746,35.6229],[139.39742,35.62274],[139.3972,35.62261]]}},{"type":"Feature","properties":{"idx":224,"road":NaN,"cls":"tertiary","shops":0,"st_km":0.53,"mesh":"53393341"},"geometry":{"type":"LineString","coordinates":[[139.39529,35.62323],[139.3944,35.62282],[139.3943,35.62268]]}},{"type":"Feature","properties":{"idx":77,"road":NaN,"cls":"tertiary","shops":0,"st_km":3.14,"mesh":"53393304"},"geometry":{"type":"LineString","coordinates":[[139.42461,35.59377],[139.42492,35.59352],[139.42508,35.59323],[139.42511,35.59294],[139.42506,35.59234],[139.42536,35.59145],[139.42672,35.58964],[139.42698,35.5877]]}},{"type":"Feature","properties":{"idx":100,"road":"さくら通り","cls":"tertiary","shops":0,"st_km":2.7,"mesh":"53393313"},"geometry":{"type":"LineString","coordinates":[[139.42461,35.59377],[139.42389,35.59328],[139.42364,35.59321],[139.42352,35.59325],[139.4229,35.59381],[139.4227,35.59388],[139.42239,35.59389],[139.4215,35.59352],[139.42072,35.59337],[139.4185,35.59237]]}},{"type":"Feature","properties":{"idx":18,"road":"城山通り","cls":"tertiary","shops":0,"st_km":1.0,"mesh":"53393369"},"geometry":{"type":"LineString","coordinates":[[139.49061,35.63921],[139.49027,35.63957],[139.49006,35.6399],[139.48996,35.64021],[139.48992,35.64053]]}},{"type":"Feature","properties":{"idx":128,"road":"東京都道156号町田日野線","cls":"secondary","shops":1,"st_km":1.83,"mesh":"53393324"},"geometry":{"type":"LineString","coordinates":[[139.42758,35.60593],[139.42729,35.60653]]}},{"type":"Feature","properties":{"idx":186,"road":"芝溝街道","cls":"primary","shops":2,"st_km":3.46,"mesh":"53393304"},"geometry":{"type":"LineString","coordinates":[[139.44182,35.58718],[139.44002,35.5872],[139.43964,35.58714],[139.43609,35.5855],[139.43566,35.58544],[139.43322,35.58533],[139.43245,35.58514],[139.43178,35.58483]]}},{"type":"Feature","properties":{"idx":247,"road":"芝溝街道","cls":"primary","shops":3,"st_km":2.64,"mesh":"53393306"},"geometry":{"type":"LineString","coordinates":[[139.45504,35.58869],[139.4542,35.58864],[139.45185,35.58839]]}},{"type":"Feature","properties":{"idx":143,"road":"芝溝街道","cls":"primary","shops":1,"st_km":3.24,"mesh":"53393304"},"geometry":{"type":"LineString","coordinates":[[139.43178,35.58483],[139.42961,35.58383],[139.42884,35.58361],[139.42754,35.58339]]}},{"type":"Feature","properties":{"idx":189,"road":"芝溝街道","cls":"primary","shops":2,"st_km":2.83,"mesh":"53393306"},"geometry":{"type":"LineString","coordinates":[[139.45185,35.58839],[139.45068,35.58825]]}},{"type":"Feature","properties":{"idx":234,"road":"芝溝街道","cls":"primary","shops":2,"st_km":2.1,"mesh":"53393306"},"geometry":{"type":"LineString","coordinates":[[139.45937,35.58879],[139.46013,35.58881]]}},{"type":"Feature","properties":{"idx":234,"road":"芝溝街道","cls":"primary","shops":3,"st_km":2.89,"mesh":"53393306"},"geometry":{"type":"LineString","coordinates":[[139.45068,35.58825],[139.45054,35.58823]]}},{"type":"Feature","properties":{"idx":485,"road":"芝溝街道","cls":"primary","shops":7,"st_km":2.32,"mesh":"53393306"},"geometry":{"type":"LineString","coordinates":[[139.45924,35.58879],[139.45504,35.58869]]}},{"type":"Feature","properties":{"idx":296,"road":"芝溝街道","cls":"primary","shops":1,"st_km":1.66,"mesh":"53393307"},"geometry":{"type":"LineString","coordinates":[[139.4619,35.58882],[139.46287,35.58853],[139.46746,35.58796]]}},{"type":"Feature","properties":{"idx":122,"road":"芝溝街道","cls":"primary","shops":0,"st_km":1.99,"mesh":"53393306"},"geometry":{"type":"LineString","coordinates":[[139.46013,35.58881],[139.4619,35.58882]]}},{"type":"Feature","properties":{"idx":616,"road":"さくら通り","cls":"tertiary","shops":5,"st_km":0.22,"mesh":"53393375"},"geometry":{"type":"LineString","coordinates":[[139.44656,35.64763],[139.44641,35.6483],[139.44637,35.64877],[139.44638,35.64919],[139.44654,35.65019]]}},{"type":"Feature","properties":{"idx":151,"road":NaN,"cls":"tertiary","shops":0,"st_km":0.37,"mesh":"53393375"},"geometry":{"type":"LineString","coordinates":[[139.44666,35.64732],[139.44656,35.64763]]}},{"type":"Feature","properties":{"idx":261,"road":NaN,"cls":"pedestrian","shops":0,"st_km":0.27,"mesh":"53393398"},"geometry":{"type":"LineString","coordinates":[[139.4847,35.66641],[139.48471,35.66551]]}},{"type":"Feature","properties":{"idx":193,"road":"北野街道","cls":"secondary","shops":1,"st_km":0.37,"mesh":"53393370"},"geometry":{"type":"LineString","coordinates":[[139.37584,35.64362],[139.37667,35.64424],[139.37777,35.64518],[139.3783,35.64552],[139.37884,35.64578]]}},{"type":"Feature","properties":{"idx":49,"road":NaN,"cls":"tertiary","shops":0,"st_km":0.57,"mesh":"53393393"},"geometry":{"type":"LineString","coordinates":[[139.4202,35.66629],[139.42025,35.66615]]}},{"type":"Feature","properties":{"idx":299,"road":"野猿街道","cls":"primary","shops":0,"st_km":0.99,"mesh":"53393395"},"geometry":{"type":"LineString","coordinates":[[139.44111,35.66139],[139.44118,35.6615]]}},{"type":"Feature","properties":{"idx":225,"road":NaN,"cls":"pedestrian","shops":0,"st_km":0.42,"mesh":"53393398"},"geometry":{"type":"LineString","coordinates":[[139.48473,35.66452],[139.48528,35.66455]]}},{"type":"Feature","properties":{"idx":184,"road":NaN,"cls":"pedestrian","shops":0,"st_km":0.65,"mesh":"53393398"},"geometry":{"type":"LineString","coordinates":[[139.48528,35.66334],[139.48526,35.66289],[139.48434,35.66192],[139.48416,35.66164]]}},{"type":"Feature","properties":{"idx":213,"road":NaN,"cls":"pedestrian","shops":0,"st_km":0.48,"mesh":"53393398"},"geometry":{"type":"LineString","coordinates":[[139.48528,35.66455],[139.48539,35.66456],[139.48528,35.66334]]}},{"type":"Feature","properties":{"idx":568,"road":"山王橋","cls":"secondary","shops":6,"st_km":0.07,"mesh":"53393353"},"geometry":{"type":"LineString","coordinates":[[139.42354,35.62566],[139.42347,35.62547]]}},{"type":"Feature","properties":{"idx":542,"road":"落合橋","cls":"tertiary","shops":5,"st_km":0.16,"mesh":"53393354"},"geometry":{"type":"LineString","coordinates":[[139.42537,35.62633],[139.42544,35.62621]]}},{"type":"Feature","properties":{"idx":381,"road":"多摩センター東通り","cls":"tertiary","shops":3,"st_km":0.18,"mesh":"53393354"},"geometry":{"type":"LineString","coordinates":[[139.42512,35.62677],[139.42537,35.62633]]}},{"type":"Feature","properties":{"idx":384,"road":"多摩センター東通り","cls":"tertiary","shops":3,"st_km":0.17,"mesh":"53393354"},"geometry":{"type":"LineString","coordinates":[[139.42526,35.62629],[139.42501,35.62673]]}},{"type":"Feature","properties":{"idx":469,"road":"落合橋","cls":"tertiary","shops":4,"st_km":0.15,"mesh":"53393354"},"geometry":{"type":"LineString","coordinates":[[139.42532,35.62617],[139.42526,35.62629]]}},{"type":"Feature","properties":{"idx":204,"road":"ハローキティストリート","cls":"pedestrian","shops":0,"st_km":0.4,"mesh":"53393344"},"geometry":{"type":"LineString","coordinates":[[139.42865,35.62429],[139.42887,35.62438]]}},{"type":"Feature","properties":{"idx":483,"road":NaN,"cls":"pedestrian","shops":0,"st_km":0.1,"mesh":"53393343"},"geometry":{"type":"LineString","coordinates":[[139.42466,35.62447],[139.42506,35.62375]]}},{"type":"Feature","properties":{"idx":2622,"road":NaN,"cls":"pedestrian","shops":8,"st_km":0.02,"mesh":"53393343"},"geometry":{"type":"LineString","coordinates":[[139.42446,35.62483],[139.42456,35.62466]]}},{"type":"Feature","properties":{"idx":329,"road":NaN,"cls":"pedestrian","shops":1,"st_km":0.33,"mesh":"53393344"},"geometry":{"type":"LineString","coordinates":[[139.42582,35.62241],[139.42602,35.62204]]}},{"type":"Feature","properties":{"idx":343,"road":NaN,"cls":"pedestrian","shops":0,"st_km":0.18,"mesh":"53393398"},"geometry":{"type":"LineString","coordinates":[[139.47882,35.66494],[139.47881,35.6647]]}},{"type":"Feature","properties":{"idx":178,"road":"しみず下トンネル","cls":"secondary","shops":0,"st_km":0.37,"mesh":"53393399"},"geometry":{"type":"LineString","coordinates":[[139.49647,35.66512],[139.49696,35.66584],[139.49714,35.66619]]}},{"type":"Feature","properties":{"idx":192,"road":"新小金井街道","cls":"secondary","shops":0,"st_km":0.3,"mesh":"53393399"},"geometry":{"type":"LineString","coordinates":[[139.49714,35.66619],[139.4975,35.66702]]}},{"type":"Feature","properties":{"idx":127,"road":NaN,"cls":"secondary_link","shops":0,"st_km":0.3,"mesh":"53393399"},"geometry":{"type":"LineString","coordinates":[[139.4975,35.66702],[139.49751,35.66682],[139.4972,35.66612]]}},{"type":"Feature","properties":{"idx":217,"road":"府中街道","cls":"primary","shops":0,"st_km":0.48,"mesh":"53393398"},"geometry":{"type":"LineString","coordinates":[[139.48743,35.65736],[139.48649,35.6577],[139.48397,35.65838],[139.48293,35.65875],[139.48242,35.65912],[139.48134,35.66026]]}},{"type":"Feature","properties":{"idx":145,"road":"府中街道","cls":"primary","shops":0,"st_km":0.11,"mesh":"53393389"},"geometry":{"type":"LineString","coordinates":[[139.48765,35.65718],[139.48772,35.65699],[139.48776,35.65651]]}},{"type":"Feature","properties":{"idx":143,"road":"府中街道","cls":"primary","shops":0,"st_km":0.13,"mesh":"53393389"},"geometry":{"type":"LineString","coordinates":[[139.48766,35.65651],[139.48762,35.65697],[139.48743,35.65736]]}},{"type":"Feature","properties":{"idx":150,"road":"府中街道","cls":"primary","shops":0,"st_km":0.08,"mesh":"53393389"},"geometry":{"type":"LineString","coordinates":[[139.4878,35.6561],[139.48785,35.65567]]}},{"type":"Feature","properties":{"idx":107,"road":NaN,"cls":"primary_link","shops":0,"st_km":0.06,"mesh":"53393389"},"geometry":{"type":"LineString","coordinates":[[139.48806,35.65571],[139.48871,35.65565],[139.48882,35.65559]]}},{"type":"Feature","properties":{"idx":106,"road":NaN,"cls":"primary_link","shops":0,"st_km":0.08,"mesh":"53393389"},"geometry":{"type":"LineString","coordinates":[[139.48794,35.65582],[139.48806,35.65571]]}},{"type":"Feature","properties":{"idx":102,"road":NaN,"cls":"primary_link","shops":0,"st_km":0.11,"mesh":"53393389"},"geometry":{"type":"LineString","coordinates":[[139.48771,35.6557],[139.4875,35.65568]]}},{"type":"Feature","properties":{"idx":102,"road":NaN,"cls":"primary_link","shops":0,"st_km":0.11,"mesh":"53393389"},"geometry":{"type":"LineString","coordinates":[[139.4875,35.65568],[139.48761,35.65576]]}},{"type":"Feature","properties":{"idx":151,"road":"競馬場通り","cls":"tertiary","shops":0,"st_km":0.42,"mesh":"53393399"},"geometry":{"type":"LineString","coordinates":[[139.4921,35.66649],[139.4918,35.66638],[139.49166,35.66615]]}},{"type":"Feature","properties":{"idx":147,"road":"競馬場通り","cls":"tertiary","shops":0,"st_km":0.45,"mesh":"53393399"},"geometry":{"type":"LineString","coordinates":[[139.49166,35.66615],[139.49166,35.66611]]}},{"type":"Feature","properties":{"idx":116,"road":"是政通り","cls":"tertiary","shops":0,"st_km":0.65,"mesh":"53393399"},"geometry":{"type":"LineString","coordinates":[[139.49029,35.66025],[139.49033,35.66151],[139.49052,35.66173],[139.49059,35.66243],[139.49075,35.66275],[139.49078,35.66346]]}},{"type":"Feature","properties":{"idx":608,"road":"平山通り","cls":"secondary","shops":2,"st_km":0.47,"mesh":"53393380"},"geometry":{"type":"LineString","coordinates":[[139.37668,35.65772],[139.37686,35.6575]]}},{"type":"Feature","properties":{"idx":776,"road":NaN,"cls":"tertiary","shops":11,"st_km":0.43,"mesh":"53393390"},"geometry":{"type":"LineString","coordinates":[[139.37736,35.6624],[139.37956,35.66245]]}},{"type":"Feature","properties":{"idx":791,"road":"豊田停車場線","cls":"secondary","shops":9,"st_km":0.36,"mesh":"53393390"},"geometry":{"type":"LineString","coordinates":[[139.37908,35.66391],[139.37977,35.66191],[139.38022,35.6612],[139.38057,35.66084]]}},{"type":"Feature","properties":{"idx":170,"road":NaN,"cls":"tertiary","shops":1,"st_km":0.48,"mesh":"53393390"},"geometry":{"type":"LineString","coordinates":[[139.37956,35.66245],[139.38112,35.66332],[139.38192,35.66379],[139.38217,35.664],[139.38289,35.66487],[139.38295,35.66515],[139.38286,35.66569]]}},{"type":"Feature","properties":{"idx":248,"road":"津久井道","cls":"primary","shops":1,"st_km":0.66,"mesh":"53393319"},"geometry":{"type":"LineString","coordinates":[[139.49696,35.59095],[139.49946,35.59607],[139.49956,35.59647],[139.49992,35.59921],[139.50054,35.60182],[139.5008,35.60232],[139.50105,35.60264],[139.50209,35.60354]]}},{"type":"Feature","properties":{"idx":828,"road":"多摩モノレール通り","cls":"secondary","shops":2,"st_km":0.04,"mesh":"53393343"},"geometry":{"type":"LineString","coordinates":[[139.42272,35.62375],[139.42302,35.62465]]}},{"type":"Feature","properties":{"idx":346,"road":"多摩モノレール通り","cls":"secondary","shops":3,"st_km":0.1,"mesh":"53393353"},"geometry":{"type":"LineString","coordinates":[[139.42302,35.62465],[139.42327,35.62539]]}},{"type":"Feature","properties":{"idx":405,"road":"多摩モノレール通り","cls":"secondary","shops":0,"st_km":0.1,"mesh":"53393343"},"geometry":{"type":"LineString","coordinates":[[139.42339,35.62523],[139.42305,35.62419]]}},{"type":"Feature","properties":{"idx":1063,"road":"多摩モノレール通り","cls":"secondary","shops":3,"st_km":0.01,"mesh":"53393343"},"geometry":{"type":"LineString","coordinates":[[139.42305,35.62419],[139.42282,35.62348]]}},{"type":"Feature","properties":{"idx":200,"road":NaN,"cls":"tertiary","shops":0,"st_km":0.65,"mesh":"53393343"},"geometry":{"type":"LineString","coordinates":[[139.41906,35.61745],[139.42037,35.61823],[139.42072,35.61834],[139.42104,35.61835],[139.42237,35.61821]]}},{"type":"Feature","properties":{"idx":286,"road":NaN,"cls":"tertiary","shops":0,"st_km":0.25,"mesh":"53393343"},"geometry":{"type":"LineString","coordinates":[[139.41695,35.6162],[139.41651,35.61663],[139.41573,35.61713],[139.41536,35.61727],[139.41504,35.61727],[139.41473,35.61718],[139.41454,35.61706],[139.4134,35.61578],[139.4132,35.61563],[139.41294,35.61555],[139.41198,35.61548]]}},{"type":"Feature","properties":{"idx":234,"road":NaN,"cls":"tertiary","shops":2,"st_km":0.61,"mesh":"53393383"},"geometry":{"type":"LineString","coordinates":[[139.42463,35.65789],[139.42486,35.65823]]}},{"type":"Feature","properties":{"idx":179,"road":"坂平橋","cls":"primary","shops":0,"st_km":0.63,"mesh":"53393348"},"geometry":{"type":"LineString","coordinates":[[139.47912,35.62083],[139.47932,35.62012]]}},{"type":"Feature","properties":{"idx":205,"road":NaN,"cls":"secondary_link","shops":0,"st_km":1.1,"mesh":"53393310"},"geometry":{"type":"LineString","coordinates":[[139.37814,35.59723],[139.37821,35.59721],[139.37826,35.59713],[139.37818,35.59702],[139.3764,35.59638],[139.37637,35.59626]]}},{"type":"Feature","properties":{"idx":251,"road":"桜台通り","cls":"tertiary","shops":1,"st_km":2.01,"mesh":"53393302"},"geometry":{"type":"LineString","coordinates":[[139.4051,35.58314],[139.40621,35.58494],[139.4063,35.58537],[139.40626,35.58571]]}},{"type":"Feature","properties":{"idx":92,"road":"小田良トンネル","cls":"tertiary","shops":0,"st_km":1.19,"mesh":"53393338"},"geometry":{"type":"LineString","coordinates":[[139.48578,35.61524],[139.4864,35.61619]]}},{"type":"Feature","properties":{"idx":97,"road":NaN,"cls":"tertiary","shops":0,"st_km":1.11,"mesh":"53393338"},"geometry":{"type":"LineString","coordinates":[[139.48558,35.615],[139.48578,35.61524]]}},{"type":"Feature","properties":{"idx":102,"road":"学園通り","cls":"tertiary","shops":0,"st_km":1.05,"mesh":"53393338"},"geometry":{"type":"LineString","coordinates":[[139.48392,35.61625],[139.48245,35.61596]]}},{"type":"Feature","properties":{"idx":63,"road":"南多摩尾根幹線道路","cls":"secondary_link","shops":1,"st_km":0.49,"mesh":"53393332"},"geometry":{"type":"LineString","coordinates":[[139.40671,35.6137],[139.40741,35.61371],[139.40819,35.61364],[139.4083,35.61357]]}},{"type":"Feature","properties":{"idx":215,"road":"多摩中央公園通り","cls":"tertiary","shops":0,"st_km":0.57,"mesh":"53393343"},"geometry":{"type":"LineString","coordinates":[[139.41691,35.62224],[139.41661,35.62232]]}},{"type":"Feature","properties":{"idx":218,"road":"多摩中央公園通り","cls":"tertiary","shops":0,"st_km":0.56,"mesh":"53393343"},"geometry":{"type":"LineString","coordinates":[[139.41702,35.62221],[139.41691,35.62224]]}},{"type":"Feature","properties":{"idx":360,"road":"多摩中央公園通り","cls":"tertiary","shops":1,"st_km":0.46,"mesh":"53393343"},"geometry":{"type":"LineString","coordinates":[[139.41705,35.62227],[139.41957,35.62158]]}},{"type":"Feature","properties":{"idx":219,"road":"多摩中央公園通り","cls":"tertiary","shops":0,"st_km":0.55,"mesh":"53393343"},"geometry":{"type":"LineString","coordinates":[[139.41695,35.6223],[139.41705,35.62227]]}},{"type":"Feature","properties":{"idx":51,"road":NaN,"cls":"tertiary","shops":0,"st_km":0.59,"mesh":"53393332"},"geometry":{"type":"LineString","coordinates":[[139.4084,35.61149],[139.40863,35.61142],[139.40923,35.61144],[139.41023,35.61134],[139.41209,35.61204]]}},{"type":"Feature","properties":{"idx":356,"road":NaN,"cls":"tertiary","shops":3,"st_km":0.1,"mesh":"53393342"},"geometry":{"type":"LineString","coordinates":[[139.40121,35.62485],[139.40135,35.62482]]}},{"type":"Feature","properties":{"idx":109,"road":NaN,"cls":"tertiary_link","shops":1,"st_km":0.66,"mesh":"53393344"},"geometry":{"type":"LineString","coordinates":[[139.43091,35.6223],[139.43088,35.62237]]}},{"type":"Feature","properties":{"idx":224,"road":"南多摩尾根幹線道路","cls":"primary","shops":1,"st_km":1.39,"mesh":"53393336"},"geometry":{"type":"LineString","coordinates":[[139.45012,35.61501],[139.45038,35.61489]]}},{"type":"Feature","properties":{"idx":306,"road":"町田平山八王子線","cls":"secondary","shops":0,"st_km":2.26,"mesh":"53393312"},"geometry":{"type":"LineString","coordinates":[[139.41285,35.59464],[139.41081,35.59639],[139.409,35.59696],[139.40849,35.59708]]}},{"type":"Feature","properties":{"idx":236,"road":"貝取北公園通り","cls":"tertiary","shops":0,"st_km":0.93,"mesh":"53393345"},"geometry":{"type":"LineString","coordinates":[[139.44228,35.62453],[139.44108,35.62453],[139.44039,35.62417],[139.4401,35.62409],[139.43941,35.62419],[139.43865,35.62436]]}},{"type":"Feature","properties":{"idx":94,"road":"南多摩尾根幹線道路","cls":"primary","shops":0,"st_km":1.24,"mesh":"53393368"},"geometry":{"type":"LineString","coordinates":[[139.48582,35.63495],[139.48707,35.63563]]}},{"type":"Feature","properties":{"idx":689,"road":"諏訪尾根通り","cls":"tertiary","shops":0,"st_km":0.34,"mesh":"53393356"},"geometry":{"type":"LineString","coordinates":[[139.45154,35.62958],[139.45172,35.6292],[139.4518,35.62888]]}},{"type":"Feature","properties":{"idx":363,"road":"野猿街道","cls":"primary","shops":1,"st_km":1.29,"mesh":"53393395"},"geometry":{"type":"LineString","coordinates":[[139.44288,35.66412],[139.44293,35.6642]]}},{"type":"Feature","properties":{"idx":228,"road":"野猿街道","cls":"primary","shops":0,"st_km":1.38,"mesh":"53393395"},"geometry":{"type":"LineString","coordinates":[[139.444,35.66565],[139.44301,35.66412]]}},{"type":"Feature","properties":{"idx":343,"road":"野猿街道","cls":"primary","shops":0,"st_km":0.82,"mesh":"53393395"},"geometry":{"type":"LineString","coordinates":[[139.4412,35.66134],[139.43893,35.65776]]}},{"type":"Feature","properties":{"idx":308,"road":"町田平山八王子線","cls":"secondary","shops":0,"st_km":2.24,"mesh":"53393312"},"geometry":{"type":"LineString","coordinates":[[139.40849,35.59708],[139.40768,35.59715],[139.4073,35.59713],[139.40568,35.59677],[139.40523,35.59674],[139.40469,35.59684],[139.40409,35.59717]]}},{"type":"Feature","properties":{"idx":141,"road":"桜台通り","cls":"tertiary","shops":0,"st_km":2.49,"mesh":"53393302"},"geometry":{"type":"LineString","coordinates":[[139.4065,35.58788],[139.4075,35.58964]]}},{"type":"Feature","properties":{"idx":546,"road":"鎌倉街道","cls":"primary","shops":0,"st_km":0.27,"mesh":"53393397"},"geometry":{"type":"LineString","coordinates":[[139.46787,35.66651],[139.46528,35.66631],[139.46476,35.66645]]}},{"type":"Feature","properties":{"idx":599,"road":"鎌倉街道","cls":"primary","shops":0,"st_km":0.18,"mesh":"53393397"},"geometry":{"type":"LineString","coordinates":[[139.46815,35.66654],[139.46787,35.66651]]}},{"type":"Feature","properties":{"idx":138,"road":"府中街道","cls":"primary","shops":0,"st_km":0.19,"mesh":"53393389"},"geometry":{"type":"LineString","coordinates":[[139.48833,35.6497],[139.48813,35.65132]]}},{"type":"Feature","properties":{"idx":121,"road":"府中街道","cls":"primary","shops":0,"st_km":0.1,"mesh":"53393379"},"geometry":{"type":"LineString","coordinates":[[139.4886,35.64806],[139.48833,35.6497]]}},{"type":"Feature","properties":{"idx":95,"road":NaN,"cls":"tertiary","shops":0,"st_km":0.12,"mesh":"53393379"},"geometry":{"type":"LineString","coordinates":[[139.48845,35.6497],[139.48833,35.6497]]}},{"type":"Feature","properties":{"idx":94,"road":NaN,"cls":"primary_link","shops":0,"st_km":0.22,"mesh":"53393389"},"geometry":{"type":"LineString","coordinates":[[139.48832,35.65152],[139.48843,35.65046],[139.48833,35.65038]]}},{"type":"Feature","properties":{"idx":30,"road":NaN,"cls":"tertiary","shops":1,"st_km":0.85,"mesh":"53393369"},"geometry":{"type":"LineString","coordinates":[[139.49088,35.63939],[139.49134,35.63964],[139.49248,35.64009],[139.49304,35.64044]]}},{"type":"Feature","properties":{"idx":114,"road":"平尾文化通り","cls":"tertiary","shops":0,"st_km":0.91,"mesh":"53393338"},"geometry":{"type":"LineString","coordinates":[[139.48684,35.61278],[139.48668,35.61243]]}},{"type":"Feature","properties":{"idx":90,"road":"川崎街道","cls":"primary","shops":0,"st_km":1.6,"mesh":"53393376"},"geometry":{"type":"LineString","coordinates":[[139.46461,35.64058],[139.46419,35.64061],[139.46372,35.64073],[139.46322,35.64097],[139.46289,35.64122],[139.4625,35.64171],[139.46161,35.64343],[139.46142,35.64367],[139.46102,35.64404],[139.46044,35.64439],[139.45854,35.64513]]}},{"type":"Feature","properties":{"idx":77,"road":NaN,"cls":"primary_link","shops":0,"st_km":1.28,"mesh":"53393376"},"geometry":{"type":"LineString","coordinates":[[139.45901,35.64496],[139.45913,35.64483]]}},{"type":"Feature","properties":{"idx":79,"road":NaN,"cls":"primary_link","shops":0,"st_km":1.25,"mesh":"53393376"},"geometry":{"type":"LineString","coordinates":[[139.45913,35.64483],[139.45876,35.64497],[139.45854,35.64513]]}},{"type":"Feature","properties":{"idx":176,"road":"川崎街道","cls":"primary","shops":1,"st_km":1.19,"mesh":"53393376"},"geometry":{"type":"LineString","coordinates":[[139.45854,35.64513],[139.45794,35.64539]]}},{"type":"Feature","properties":{"idx":124,"road":NaN,"cls":"primary_link","shops":1,"st_km":1.18,"mesh":"53393376"},"geometry":{"type":"LineString","coordinates":[[139.45815,35.64528],[139.45815,35.64534],[139.45823,35.64536]]}},{"type":"Feature","properties":{"idx":139,"road":"八重咲通り","cls":"tertiary","shops":0,"st_km":2.51,"mesh":"53393302"},"geometry":{"type":"LineString","coordinates":[[139.40185,35.58841],[139.4016,35.58845],[139.40138,35.58859],[139.40129,35.58874],[139.40127,35.58916],[139.40122,35.58932],[139.40111,35.58941],[139.40048,35.58974],[139.40034,35.5899],[139.40028,35.59007],[139.40033,35.59033],[139.40116,35.5915],[139.40137,35.5917],[139.40163,35.59181],[139.40201,35.59181],[139.40228,35.59172],[139.40347,35.5908],[139.40377,35.59075],[139.40422,35.59081],[139.40449,35.59078],[139.4075,35.58964]]}},{"type":"Feature","properties":{"idx":476,"road":"四谷通り","cls":"tertiary","shops":2,"st_km":0.04,"mesh":"53393396"},"geometry":{"type":"LineString","coordinates":[[139.45734,35.65982],[139.45747,35.6598]]}},{"type":"Feature","properties":{"idx":258,"road":"ふるさと通り","cls":"tertiary","shops":1,"st_km":1.12,"mesh":"53393387"},"geometry":{"type":"LineString","coordinates":[[139.47411,35.65658],[139.47427,35.65644],[139.47448,35.65614],[139.47483,35.65539]]}},{"type":"Feature","properties":{"idx":189,"road":"ふるさと通り","cls":"tertiary","shops":1,"st_km":0.85,"mesh":"53393388"},"geometry":{"type":"LineString","coordinates":[[139.47861,35.65597],[139.47969,35.6565],[139.47999,35.65659]]}},{"type":"Feature","properties":{"idx":134,"road":NaN,"cls":"tertiary","shops":0,"st_km":0.49,"mesh":"53393399"},"geometry":{"type":"LineString","coordinates":[[139.48802,35.66024],[139.48802,35.66041],[139.48811,35.66047],[139.48927,35.66054],[139.49033,35.66151]]}},{"type":"Feature","properties":{"idx":151,"road":NaN,"cls":"tertiary","shops":0,"st_km":0.12,"mesh":"53393362"},"geometry":{"type":"LineString","coordinates":[[139.40971,35.6414],[139.40953,35.64115],[139.40924,35.64097],[139.40895,35.64088],[139.40819,35.64077],[139.40728,35.64042]]}},{"type":"Feature","properties":{"idx":102,"road":NaN,"cls":"tertiary","shops":0,"st_km":0.35,"mesh":"53393363"},"geometry":{"type":"LineString","coordinates":[[139.41196,35.64057],[139.41307,35.64248]]}},{"type":"Feature","properties":{"idx":112,"road":"多摩モノレール通り","cls":"secondary","shops":0,"st_km":0.33,"mesh":"53393363"},"geometry":{"type":"LineString","coordinates":[[139.41196,35.64057],[139.41286,35.64016],[139.41332,35.63985],[139.41369,35.63949],[139.41468,35.63824],[139.41508,35.63787],[139.41581,35.63738]]}},{"type":"Feature","properties":{"idx":481,"road":NaN,"cls":"tertiary","shops":1,"st_km":0.3,"mesh":"53393380"},"geometry":{"type":"LineString","coordinates":[[139.38175,35.65871],[139.38136,35.65841],[139.38097,35.65798],[139.37882,35.65505]]}},{"type":"Feature","properties":{"idx":994,"road":NaN,"cls":"pedestrian","shops":6,"st_km":0.02,"mesh":"53393390"},"geometry":{"type":"LineString","coordinates":[[139.38111,35.65904],[139.38154,35.65933],[139.3817,35.65929]]}},{"type":"Feature","properties":{"idx":74,"road":NaN,"cls":"tertiary","shops":0,"st_km":0.44,"mesh":"53393353"},"geometry":{"type":"LineString","coordinates":[[139.41466,35.63073],[139.41519,35.63125],[139.41809,35.63313],[139.41892,35.63343],[139.42049,35.63372]]}},{"type":"Feature","properties":{"idx":507,"road":NaN,"cls":"tertiary","shops":4,"st_km":0.09,"mesh":"53393390"},"geometry":{"type":"LineString","coordinates":[[139.3821,35.65896],[139.38262,35.65933]]}},{"type":"Feature","properties":{"idx":274,"road":NaN,"cls":"tertiary","shops":0,"st_km":0.46,"mesh":"53393380"},"geometry":{"type":"LineString","coordinates":[[139.38527,35.65593],[139.38434,35.65684]]}},{"type":"Feature","properties":{"idx":404,"road":NaN,"cls":"tertiary","shops":6,"st_km":0.15,"mesh":"53393330"},"geometry":{"type":"LineString","coordinates":[[139.37847,35.61215],[139.38074,35.61328]]}},{"type":"Feature","properties":{"idx":74,"road":"竜ヶ峰通り","cls":"tertiary","shops":0,"st_km":0.87,"mesh":"53393373"},"geometry":{"type":"LineString","coordinates":[[139.41754,35.64456],[139.41846,35.64457],[139.41891,35.64474]]}},{"type":"Feature","properties":{"idx":84,"road":NaN,"cls":"pedestrian","shops":0,"st_km":1.04,"mesh":"53393373"},"geometry":{"type":"LineString","coordinates":[[139.41841,35.64822],[139.41851,35.64843]]}},{"type":"Feature","properties":{"idx":84,"road":NaN,"cls":"pedestrian","shops":0,"st_km":1.02,"mesh":"53393373"},"geometry":{"type":"LineString","coordinates":[[139.41851,35.64843],[139.41861,35.64865]]}},{"type":"Feature","properties":{"idx":103,"road":NaN,"cls":"tertiary","shops":0,"st_km":1.04,"mesh":"53393338"},"geometry":{"type":"LineString","coordinates":[[139.48558,35.615],[139.48459,35.61417]]}},{"type":"Feature","properties":{"idx":88,"road":NaN,"cls":"tertiary","shops":0,"st_km":1.25,"mesh":"53393338"},"geometry":{"type":"LineString","coordinates":[[139.4864,35.61619],[139.48649,35.61627]]}},{"type":"Feature","properties":{"idx":88,"road":NaN,"cls":"tertiary","shops":0,"st_km":1.25,"mesh":"53393338"},"geometry":{"type":"LineString","coordinates":[[139.48649,35.61627],[139.48646,35.61617]]}},{"type":"Feature","properties":{"idx":92,"road":"小田良トンネル","cls":"tertiary","shops":0,"st_km":1.19,"mesh":"53393338"},"geometry":{"type":"LineString","coordinates":[[139.48646,35.61617],[139.48582,35.61522]]}},{"type":"Feature","properties":{"idx":97,"road":NaN,"cls":"tertiary","shops":0,"st_km":1.11,"mesh":"53393338"},"geometry":{"type":"LineString","coordinates":[[139.48582,35.61522],[139.48558,35.615]]}},{"type":"Feature","properties":{"idx":110,"road":"日新四谷通り","cls":"tertiary","shops":0,"st_km":0.82,"mesh":"53393396"},"geometry":{"type":"LineString","coordinates":[[139.45047,35.66631],[139.45035,35.66609]]}},{"type":"Feature","properties":{"idx":298,"road":"野猿街道","cls":"primary","shops":0,"st_km":1.0,"mesh":"53393395"},"geometry":{"type":"LineString","coordinates":[[139.44126,35.66144],[139.4412,35.66134]]}},{"type":"Feature","properties":{"idx":290,"road":"野猿街道","cls":"primary","shops":0,"st_km":1.03,"mesh":"53393395"},"geometry":{"type":"LineString","coordinates":[[139.44118,35.6615],[139.4416,35.66214]]}},{"type":"Feature","properties":{"idx":225,"road":"多摩川通り","cls":"tertiary","shops":0,"st_km":0.79,"mesh":"53393387"},"geometry":{"type":"LineString","coordinates":[[139.47062,35.65311],[139.46831,35.6533],[139.46546,35.65367],[139.46203,35.65421],[139.45584,35.6553]]}},{"type":"Feature","properties":{"idx":370,"road":NaN,"cls":"pedestrian","shops":0,"st_km":0.51,"mesh":"53393392"},"geometry":{"type":"LineString","coordinates":[[139.40794,35.66357],[139.40775,35.66366],[139.40747,35.66364]]}},{"type":"Feature","properties":{"idx":117,"road":NaN,"cls":"tertiary","shops":0,"st_km":2.13,"mesh":"53393313"},"geometry":{"type":"LineString","coordinates":[[139.42075,35.60488],[139.42121,35.6007],[139.42108,35.60012],[139.42089,35.59978],[139.42063,35.59946],[139.42089,35.59831],[139.42109,35.598],[139.42188,35.59726],[139.42204,35.59701],[139.42257,35.59593],[139.4233,35.59519],[139.42396,35.59423],[139.42461,35.59377]]}},{"type":"Feature","properties":{"idx":260,"road":NaN,"cls":"tertiary_link","shops":0,"st_km":1.1,"mesh":"53393318"},"geometry":{"type":"LineString","coordinates":[[139.47715,35.59228],[139.47726,35.59233],[139.4773,35.59241]]}},{"type":"Feature","properties":{"idx":345,"road":NaN,"cls":"tertiary","shops":2,"st_km":0.31,"mesh":"53393328"},"geometry":{"type":"LineString","coordinates":[[139.48001,35.61139],[139.47966,35.60878],[139.47955,35.60855],[139.47878,35.60743],[139.4786,35.60685],[139.47859,35.60662],[139.47866,35.60631],[139.47919,35.60534],[139.47928,35.60506],[139.47926,35.60466],[139.47913,35.60417]]}},{"type":"Feature","properties":{"idx":374,"road":"若葉台駅前坂通り","cls":"tertiary","shops":2,"st_km":0.13,"mesh":"53393347"},"geometry":{"type":"LineString","coordinates":[[139.47372,35.61954],[139.47108,35.61987],[139.47042,35.62005],[139.47002,35.62034],[139.46967,35.62077],[139.46965,35.62093],[139.46971,35.62107],[139.47,35.62128]]}},{"type":"Feature","properties":{"idx":152,"road":NaN,"cls":"tertiary_link","shops":0,"st_km":0.61,"mesh":"53393392"},"geometry":{"type":"LineString","coordinates":[[139.40641,35.66275],[139.40636,35.66287],[139.40622,35.6629]]}},{"type":"Feature","properties":{"idx":1027,"road":NaN,"cls":"pedestrian","shops":2,"st_km":0.03,"mesh":"53393343"},"geometry":{"type":"LineString","coordinates":[[139.4226,35.624],[139.42263,35.62407]]}},{"type":"Feature","properties":{"idx":628,"road":NaN,"cls":"tertiary","shops":0,"st_km":0.79,"mesh":"53393327"},"geometry":{"type":"LineString","coordinates":[[139.46923,35.60872],[139.47433,35.60413],[139.47463,35.60404],[139.47487,35.60405],[139.47547,35.60434],[139.47575,35.60466],[139.47603,35.60522]]}},{"type":"Feature","properties":{"idx":918,"road":NaN,"cls":"tertiary","shops":1,"st_km":0.77,"mesh":"53393327"},"geometry":{"type":"LineString","coordinates":[[139.47214,35.60266],[139.47065,35.60419],[139.46769,35.60688],[139.46756,35.60705],[139.46754,35.60717],[139.46756,35.60738],[139.46771,35.6076],[139.4698,35.60912],[139.47019,35.60934],[139.47171,35.60987]]}},{"type":"Feature","properties":{"idx":353,"road":NaN,"cls":"tertiary","shops":1,"st_km":0.35,"mesh":"53393337"},"geometry":{"type":"LineString","coordinates":[[139.47221,35.61614],[139.47193,35.61629]]}},{"type":"Feature","properties":{"idx":334,"road":NaN,"cls":"tertiary","shops":1,"st_km":0.35,"mesh":"53393337"},"geometry":{"type":"LineString","coordinates":[[139.47235,35.61601],[139.47221,35.61614]]}},{"type":"Feature","properties":{"idx":465,"road":"東京都道19号町田調布線","cls":"primary","shops":5,"st_km":1.0,"mesh":"53393338"},"geometry":{"type":"LineString","coordinates":[[139.48459,35.61417],[139.48406,35.61461]]}},{"type":"Feature","properties":{"idx":120,"road":"平尾中央通り","cls":"tertiary","shops":0,"st_km":0.91,"mesh":"53393339"},"geometry":{"type":"LineString","coordinates":[[139.48947,35.61163],[139.48891,35.61157],[139.48842,35.61159],[139.48779,35.61175],[139.48741,35.6119]]}},{"type":"Feature","properties":{"idx":35,"road":"町田平山八王子線","cls":"secondary","shops":0,"st_km":1.19,"mesh":"53393332"},"geometry":{"type":"LineString","coordinates":[[139.40152,35.60893],[139.40208,35.60917],[139.40287,35.6094]]}},{"type":"Feature","properties":{"idx":87,"road":NaN,"cls":"tertiary","shops":0,"st_km":1.41,"mesh":"53393339"},"geometry":{"type":"LineString","coordinates":[[139.50035,35.6145],[139.49909,35.61491]]}},{"type":"Feature","properties":{"idx":100,"road":"五反田橋","cls":"tertiary","shops":0,"st_km":3.07,"mesh":"53393315"},"geometry":{"type":"LineString","coordinates":[[139.4439,35.59617],[139.44404,35.59612]]}},{"type":"Feature","properties":{"idx":150,"road":NaN,"cls":"tertiary","shops":1,"st_km":3.06,"mesh":"53393315"},"geometry":{"type":"LineString","coordinates":[[139.44404,35.59612],[139.44424,35.59604]]}},{"type":"Feature","properties":{"idx":104,"road":NaN,"cls":"primary_link","shops":0,"st_km":2.26,"mesh":"53393335"},"geometry":{"type":"LineString","coordinates":[[139.44327,35.60834],[139.44341,35.60837]]}},{"type":"Feature","properties":{"idx":60,"road":"城山通り","cls":"tertiary","shops":0,"st_km":0.6,"mesh":"53393379"},"geometry":{"type":"LineString","coordinates":[[139.48991,35.64091],[139.48992,35.6416],[139.48984,35.64188],[139.48961,35.64224],[139.48885,35.64289],[139.48862,35.64325],[139.48855,35.6435],[139.48854,35.64383],[139.48861,35.6441],[139.489,35.6451],[139.48907,35.64543],[139.48905,35.64587],[139.48883,35.64718]]}},{"type":"Feature","properties":{"idx":28,"road":"向陽台･公園通り","cls":"tertiary","shops":1,"st_km":0.92,"mesh":"53393369"},"geometry":{"type":"LineString","coordinates":[[139.48991,35.64091],[139.48998,35.64091]]}},{"type":"Feature","properties":{"idx":143,"road":NaN,"cls":"secondary_link","shops":3,"st_km":0.22,"mesh":"53393393"},"geometry":{"type":"LineString","coordinates":[[139.4149,35.66101],[139.415,35.66104],[139.41518,35.66099]]}},{"type":"Feature","properties":{"idx":878,"road":NaN,"cls":"tertiary","shops":0,"st_km":0.81,"mesh":"53393394"},"geometry":{"type":"LineString","coordinates":[[139.42522,35.66363],[139.42574,35.66346],[139.426,35.6632],[139.42605,35.66279],[139.42628,35.66255]]}},{"type":"Feature","properties":{"idx":39,"road":NaN,"cls":"tertiary","shops":0,"st_km":0.84,"mesh":"53393393"},"geometry":{"type":"LineString","coordinates":[[139.42395,35.66456],[139.42403,35.66451]]}},{"type":"Feature","properties":{"idx":940,"road":NaN,"cls":"tertiary","shops":0,"st_km":0.73,"mesh":"53393394"},"geometry":{"type":"LineString","coordinates":[[139.42628,35.66255],[139.42634,35.6625]]}},{"type":"Feature","properties":{"idx":273,"road":"川端橋","cls":"tertiary","shops":3,"st_km":0.73,"mesh":"53393351"},"geometry":{"type":"LineString","coordinates":[[139.39221,35.62513],[139.39231,35.62501]]}},{"type":"Feature","properties":{"idx":103,"road":"平尾中央通り","cls":"tertiary","shops":0,"st_km":1.1,"mesh":"53393339"},"geometry":{"type":"LineString","coordinates":[[139.48947,35.61163],[139.4901,35.61174],[139.49073,35.61169],[139.49185,35.61117],[139.49314,35.61096]]}},{"type":"Feature","properties":{"idx":125,"road":NaN,"cls":"tertiary","shops":1,"st_km":0.81,"mesh":"53393390"},"geometry":{"type":"LineString","coordinates":[[139.37568,35.66496],[139.37519,35.66471]]}},{"type":"Feature","properties":{"idx":162,"road":"野猿街道","cls":"secondary","shops":1,"st_km":1.55,"mesh":"53393350"},"geometry":{"type":"LineString","coordinates":[[139.38363,35.62774],[139.38364,35.62764]]}},{"type":"Feature","properties":{"idx":82,"road":NaN,"cls":"tertiary","shops":0,"st_km":0.53,"mesh":"53393363"},"geometry":{"type":"LineString","coordinates":[[139.41671,35.64165],[139.41665,35.64164]]}},{"type":"Feature","properties":{"idx":82,"road":NaN,"cls":"tertiary","shops":0,"st_km":0.53,"mesh":"53393363"},"geometry":{"type":"LineString","coordinates":[[139.41679,35.64166],[139.41671,35.64165]]}},{"type":"Feature","properties":{"idx":106,"road":NaN,"cls":"pedestrian","shops":0,"st_km":0.6,"mesh":"53393363"},"geometry":{"type":"LineString","coordinates":[[139.41902,35.64111],[139.41938,35.64154],[139.4195,35.64195],[139.41979,35.64221]]}},{"type":"Feature","properties":{"idx":220,"road":"北野街道","cls":"secondary","shops":0,"st_km":0.86,"mesh":"53393392"},"geometry":{"type":"LineString","coordinates":[[139.40074,35.65996],[139.40663,35.66312]]}},{"type":"Feature","properties":{"idx":196,"road":"北野街道","cls":"secondary","shops":0,"st_km":0.91,"mesh":"53393392"},"geometry":{"type":"LineString","coordinates":[[139.40066,35.65991],[139.40074,35.65996]]}},{"type":"Feature","properties":{"idx":172,"road":"若葉台中央通り","cls":"tertiary","shops":0,"st_km":0.44,"mesh":"53393348"},"geometry":{"type":"LineString","coordinates":[[139.47472,35.62087],[139.47669,35.62214],[139.4769,35.62243],[139.47713,35.62304]]}},{"type":"Feature","properties":{"idx":161,"road":"若葉台東樫の木通り","cls":"tertiary","shops":0,"st_km":0.27,"mesh":"53393347"},"geometry":{"type":"LineString","coordinates":[[139.47472,35.62087],[139.47476,35.62079]]}},{"type":"Feature","properties":{"idx":80,"road":"南多摩尾根幹線道路","cls":"primary","shops":0,"st_km":1.5,"mesh":"53393368"},"geometry":{"type":"LineString","coordinates":[[139.48459,35.63386],[139.48327,35.63326]]}},{"type":"Feature","properties":{"idx":67,"road":NaN,"cls":"tertiary","shops":0,"st_km":1.43,"mesh":"53393368"},"geometry":{"type":"LineString","coordinates":[[139.48468,35.6339],[139.48449,35.63423]]}},{"type":"Feature","properties":{"idx":49,"road":NaN,"cls":"tertiary","shops":0,"st_km":0.87,"mesh":"53393371"},"geometry":{"type":"LineString","coordinates":[[139.39881,35.64385],[139.39875,35.6441]]}},{"type":"Feature","properties":{"idx":48,"road":NaN,"cls":"tertiary","shops":0,"st_km":0.88,"mesh":"53393371"},"geometry":{"type":"LineString","coordinates":[[139.39882,35.64376],[139.39881,35.64385]]}},{"type":"Feature","properties":{"idx":236,"road":"川崎街道","cls":"primary","shops":2,"st_km":0.13,"mesh":"53393379"},"geometry":{"type":"LineString","coordinates":[[139.48926,35.64817],[139.49139,35.64849],[139.49183,35.64852]]}},{"type":"Feature","properties":{"idx":179,"road":"四谷通り","cls":"tertiary","shops":0,"st_km":0.31,"mesh":"53393396"},"geometry":{"type":"LineString","coordinates":[[139.45191,35.66176],[139.4525,35.66165],[139.45495,35.66096],[139.45534,35.66079],[139.45582,35.66049],[139.45657,35.66027],[139.45724,35.65984],[139.45734,35.65982]]}},{"type":"Feature","properties":{"idx":260,"road":"野猿街道","cls":"primary","shops":0,"st_km":1.18,"mesh":"53393395"},"geometry":{"type":"LineString","coordinates":[[139.44301,35.66412],[139.44168,35.66211]]}},{"type":"Feature","properties":{"idx":361,"road":"府中相模原線","cls":"primary","shops":1,"st_km":1.29,"mesh":"53393395"},"geometry":{"type":"LineString","coordinates":[[139.44293,35.6642],[139.44301,35.66412]]}},{"type":"Feature","properties":{"idx":228,"road":"野猿街道","cls":"primary","shops":0,"st_km":1.38,"mesh":"53393395"},"geometry":{"type":"LineString","coordinates":[[139.44293,35.6642],[139.44391,35.6657]]}},{"type":"Feature","properties":{"idx":191,"road":NaN,"cls":"primary_link","shops":1,"st_km":1.06,"mesh":"53393374"},"geometry":{"type":"LineString","coordinates":[[139.43602,35.64733],[139.43615,35.64729]]}},{"type":"Feature","properties":{"idx":617,"road":"鎌倉街道","cls":"primary","shops":0,"st_km":0.26,"mesh":"53393386"},"geometry":{"type":"LineString","coordinates":[[139.45733,35.65934],[139.45634,35.65633],[139.45584,35.6553]]}},{"type":"Feature","properties":{"idx":721,"road":"鎌倉街道","cls":"primary","shops":3,"st_km":0.07,"mesh":"53393396"},"geometry":{"type":"LineString","coordinates":[[139.45734,35.65982],[139.45752,35.66042]]}},{"type":"Feature","properties":{"idx":181,"road":"新府中街道","cls":"primary","shops":0,"st_km":0.53,"mesh":"53393396"},"geometry":{"type":"LineString","coordinates":[[139.45933,35.66802],[139.45938,35.66645],[139.45928,35.66564],[139.45768,35.66047]]}},{"type":"Feature","properties":{"idx":246,"road":"府中相模原線","cls":"primary","shops":0,"st_km":1.26,"mesh":"53393395"},"geometry":{"type":"LineString","coordinates":[[139.43857,35.66768],[139.43956,35.66673],[139.44017,35.66622],[139.44293,35.6642]]}},{"type":"Feature","properties":{"idx":135,"road":"上谷戸大橋通り","cls":"tertiary","shops":2,"st_km":1.42,"mesh":"53393368"},"geometry":{"type":"LineString","coordinates":[[139.48495,35.63352],[139.48468,35.6339]]}},{"type":"Feature","properties":{"idx":82,"road":"南多摩尾根幹線道路","cls":"primary","shops":0,"st_km":1.46,"mesh":"53393368"},"geometry":{"type":"LineString","coordinates":[[139.48402,35.63401],[139.48436,35.63417]]}},{"type":"Feature","properties":{"idx":171,"road":"南多摩尾根幹線道路","cls":"primary","shops":2,"st_km":1.39,"mesh":"53393368"},"geometry":{"type":"LineString","coordinates":[[139.48522,35.63418],[139.48476,35.63394]]}},{"type":"Feature","properties":{"idx":204,"road":"東京都道18号府中町田線","cls":"primary","shops":1,"st_km":0.49,"mesh":"53393365"},"geometry":{"type":"LineString","coordinates":[[139.44659,35.63422],[139.44631,35.63462]]}},{"type":"Feature","properties":{"idx":211,"road":"東京都道18号府中町田線","cls":"primary","shops":1,"st_km":0.45,"mesh":"53393365"},"geometry":{"type":"LineString","coordinates":[[139.44673,35.634],[139.44659,35.63422]]}},{"type":"Feature","properties":{"idx":949,"road":"東京都道18号府中町田線","cls":"primary","shops":8,"st_km":0.32,"mesh":"53393355"},"geometry":{"type":"LineString","coordinates":[[139.44683,35.63404],[139.44817,35.63204]]}},{"type":"Feature","properties":{"idx":211,"road":"東京都道18号府中町田線","cls":"primary","shops":1,"st_km":0.45,"mesh":"53393365"},"geometry":{"type":"LineString","coordinates":[[139.44669,35.63426],[139.44683,35.63404]]}},{"type":"Feature","properties":{"idx":487,"road":"小山田桜台商店街","cls":"pedestrian","shops":3,"st_km":2.43,"mesh":"53393302"},"geometry":{"type":"LineString","coordinates":[[139.40257,35.5902],[139.40296,35.59077]]}},{"type":"Feature","properties":{"idx":75,"road":NaN,"cls":"tertiary","shops":0,"st_km":3.36,"mesh":"53393304"},"geometry":{"type":"LineString","coordinates":[[139.42699,35.58762],[139.42754,35.58339]]}},{"type":"Feature","properties":{"idx":74,"road":"新道橋","cls":"tertiary","shops":0,"st_km":3.49,"mesh":"53393304"},"geometry":{"type":"LineString","coordinates":[[139.42698,35.5877],[139.42699,35.58762]]}},{"type":"Feature","properties":{"idx":74,"road":"図師半沢通り","cls":"tertiary","shops":0,"st_km":3.55,"mesh":"53393304"},"geometry":{"type":"LineString","coordinates":[[139.4277,35.58664],[139.42815,35.58653],[139.4285,35.58651],[139.42985,35.58652],[139.43075,35.5866],[139.43174,35.58682],[139.43321,35.58737]]}},{"type":"Feature","properties":{"idx":74,"road":"橋場橋","cls":"tertiary","shops":0,"st_km":3.49,"mesh":"53393304"},"geometry":{"type":"LineString","coordinates":[[139.42761,35.58667],[139.4277,35.58664]]}},{"type":"Feature","properties":{"idx":84,"road":NaN,"cls":"tertiary","shops":0,"st_km":0.94,"mesh":"53393355"},"geometry":{"type":"LineString","coordinates":[[139.43847,35.62696],[139.43824,35.62705]]}},{"type":"Feature","properties":{"idx":85,"road":NaN,"cls":"tertiary","shops":0,"st_km":0.93,"mesh":"53393355"},"geometry":{"type":"LineString","coordinates":[[139.43855,35.62692],[139.43847,35.62696]]}},{"type":"Feature","properties":{"idx":331,"road":"和田原通り","cls":"tertiary","shops":2,"st_km":1.49,"mesh":"53393364"},"geometry":{"type":"LineString","coordinates":[[139.43588,35.63959],[139.43605,35.63958],[139.43718,35.63992]]}},{"type":"Feature","properties":{"idx":225,"road":"和田原通り","cls":"tertiary","shops":1,"st_km":1.52,"mesh":"53393364"},"geometry":{"type":"LineString","coordinates":[[139.4358,35.63962],[139.43588,35.63959]]}},{"type":"Feature","properties":{"idx":237,"road":"若葉台西樫の木通り","cls":"tertiary","shops":1,"st_km":0.29,"mesh":"53393347"},"geometry":{"type":"LineString","coordinates":[[139.47077,35.62172],[139.46996,35.62119]]}},{"type":"Feature","properties":{"idx":32,"road":NaN,"cls":"tertiary_link","shops":0,"st_km":0.77,"mesh":"53393379"},"geometry":{"type":"LineString","coordinates":[[139.48961,35.64224],[139.48964,35.64227]]}},{"type":"Feature","properties":{"idx":79,"road":NaN,"cls":"tertiary","shops":0,"st_km":0.28,"mesh":"53393385"},"geometry":{"type":"LineString","coordinates":[[139.447,35.65357],[139.44686,35.65319],[139.44688,35.65308]]}},{"type":"Feature","properties":{"idx":68,"road":"上谷戸大橋通り","cls":"tertiary","shops":0,"st_km":1.26,"mesh":"53393358"},"geometry":{"type":"LineString","coordinates":[[139.48187,35.62792],[139.48153,35.62758]]}},{"type":"Feature","properties":{"idx":184,"road":"若葉台中央通り","cls":"tertiary","shops":0,"st_km":0.14,"mesh":"53393347"},"geometry":{"type":"LineString","coordinates":[[139.47266,35.62063],[139.47208,35.62068]]}},{"type":"Feature","properties":{"idx":356,"road":"若葉台中央通り","cls":"tertiary","shops":2,"st_km":0.17,"mesh":"53393347"},"geometry":{"type":"LineString","coordinates":[[139.47125,35.62083],[139.47196,35.62076]]}},{"type":"Feature","properties":{"idx":41,"road":"南多摩尾根幹線道路","cls":"primary","shops":1,"st_km":0.76,"mesh":"53393369"},"geometry":{"type":"LineString","coordinates":[[139.4918,35.6382],[139.49268,35.63865]]}},{"type":"Feature","properties":{"idx":32,"road":"城山通り;稲城五中入口","cls":"tertiary","shops":1,"st_km":0.79,"mesh":"53393369"},"geometry":{"type":"LineString","coordinates":[[139.49198,35.63783],[139.49185,35.63789],[139.49156,35.63821]]}},{"type":"Feature","properties":{"idx":23,"road":"南多摩尾根幹線道路","cls":"primary","shops":0,"st_km":0.94,"mesh":"53393369"},"geometry":{"type":"LineString","coordinates":[[139.49184,35.63775],[139.4878,35.63556]]}},{"type":"Feature","properties":{"idx":33,"road":"南多摩尾根幹線道路","cls":"primary","shops":0,"st_km":0.54,"mesh":"53393369"},"geometry":{"type":"LineString","coordinates":[[139.49425,35.63937],[139.49499,35.63957],[139.49587,35.63967],[139.49666,35.63966],[139.49789,35.63953]]}},{"type":"Feature","properties":{"idx":24,"road":"向陽台･公園通り;竪谷戸大橋","cls":"tertiary","shops":0,"st_km":0.63,"mesh":"53393369"},"geometry":{"type":"LineString","coordinates":[[139.49437,35.6391],[139.49415,35.63934]]}},{"type":"Feature","properties":{"idx":35,"road":"南多摩尾根幹線道路","cls":"primary","shops":0,"st_km":0.49,"mesh":"53393369"},"geometry":{"type":"LineString","coordinates":[[139.49826,35.63932],[139.49657,35.63949],[139.4957,35.63943],[139.49516,35.63933]]}},{"type":"Feature","properties":{"idx":145,"road":"上谷戸大橋通り","cls":"tertiary","shops":0,"st_km":0.62,"mesh":"53393348"},"geometry":{"type":"LineString","coordinates":[[139.47742,35.62343],[139.47723,35.62302]]}},{"type":"Feature","properties":{"idx":125,"road":"南多摩尾根幹線道路","cls":"primary","shops":1,"st_km":1.43,"mesh":"53393368"},"geometry":{"type":"LineString","coordinates":[[139.48468,35.6339],[139.48459,35.63386]]}},{"type":"Feature","properties":{"idx":83,"road":"南多摩尾根幹線道路","cls":"primary","shops":0,"st_km":1.44,"mesh":"53393368"},"geometry":{"type":"LineString","coordinates":[[139.48436,35.63417],[139.48449,35.63423]]}},{"type":"Feature","properties":{"idx":86,"road":"南多摩尾根幹線道路","cls":"primary","shops":0,"st_km":1.39,"mesh":"53393368"},"geometry":{"type":"LineString","coordinates":[[139.48449,35.63423],[139.48546,35.63476]]}},{"type":"Feature","properties":{"idx":119,"road":"川崎街道","cls":"primary","shops":0,"st_km":1.9,"mesh":"53393367"},"geometry":{"type":"LineString","coordinates":[[139.4645,35.64068],[139.46508,35.64073]]}},{"type":"Feature","properties":{"idx":117,"road":"川崎街道","cls":"primary","shops":0,"st_km":1.95,"mesh":"53393367"},"geometry":{"type":"LineString","coordinates":[[139.46586,35.6409],[139.46508,35.64062]]}},{"type":"Feature","properties":{"idx":87,"road":"南多摩尾根幹線道路","cls":"primary","shops":0,"st_km":1.36,"mesh":"53393368"},"geometry":{"type":"LineString","coordinates":[[139.48537,35.63425],[139.48522,35.63418]]}},{"type":"Feature","properties":{"idx":80,"road":"南多摩尾根幹線道路","cls":"primary","shops":0,"st_km":1.5,"mesh":"53393368"},"geometry":{"type":"LineString","coordinates":[[139.48371,35.63388],[139.48402,35.63401]]}},{"type":"Feature","properties":{"idx":120,"road":"南多摩尾根幹線道路","cls":"primary","shops":4,"st_km":0.35,"mesh":"53393369"},"geometry":{"type":"LineString","coordinates":[[139.49927,35.63935],[139.50011,35.63923]]}},{"type":"Feature","properties":{"idx":47,"road":"山崎通り","cls":"tertiary","shops":1,"st_km":0.38,"mesh":"53393369"},"geometry":{"type":"LineString","coordinates":[[139.49875,35.63942],[139.49874,35.63926]]}},{"type":"Feature","properties":{"idx":100,"road":"南多摩尾根幹線道路","cls":"primary","shops":3,"st_km":0.35,"mesh":"53393369"},"geometry":{"type":"LineString","coordinates":[[139.49954,35.63914],[139.49874,35.63926]]}},{"type":"Feature","properties":{"idx":305,"road":NaN,"cls":"primary_link","shops":0,"st_km":0.66,"mesh":"53393386"},"geometry":{"type":"LineString","coordinates":[[139.45438,35.65063],[139.45426,35.65061],[139.45417,35.6507]]}},{"type":"Feature","properties":{"idx":653,"road":"鎌倉街道","cls":"primary","shops":1,"st_km":0.66,"mesh":"53393386"},"geometry":{"type":"LineString","coordinates":[[139.45459,35.65178],[139.45456,35.65134],[139.45434,35.65048],[139.45366,35.64864]]}},{"type":"Feature","properties":{"idx":632,"road":"鎌倉街道","cls":"primary","shops":0,"st_km":0.24,"mesh":"53393386"},"geometry":{"type":"LineString","coordinates":[[139.45569,35.65533],[139.45605,35.65594],[139.45622,35.65635],[139.45734,35.65982]]}},{"type":"Feature","properties":{"idx":391,"road":"多摩川通り","cls":"tertiary","shops":0,"st_km":0.5,"mesh":"53393386"},"geometry":{"type":"LineString","coordinates":[[139.45584,35.6553],[139.45579,35.65531]]}},{"type":"Feature","properties":{"idx":487,"road":"鎌倉街道","cls":"primary","shops":0,"st_km":0.5,"mesh":"53393386"},"geometry":{"type":"LineString","coordinates":[[139.45584,35.6553],[139.45577,35.65521]]}},{"type":"Feature","properties":{"idx":1039,"road":NaN,"cls":"primary_link","shops":3,"st_km":0.3,"mesh":"53393386"},"geometry":{"type":"LineString","coordinates":[[139.45642,35.65694],[139.45649,35.657],[139.45655,35.65697]]}},{"type":"Feature","properties":{"idx":45,"road":"鶴川街道","cls":"primary","shops":0,"st_km":0.24,"mesh":"53393369"},"geometry":{"type":"LineString","coordinates":[[139.49743,35.63674],[139.49753,35.63622],[139.49741,35.63602],[139.49723,35.63592]]}},{"type":"Feature","properties":{"idx":158,"road":"和田原通り","cls":"tertiary_link","shops":1,"st_km":1.47,"mesh":"53393364"},"geometry":{"type":"LineString","coordinates":[[139.43727,35.64003],[139.43726,35.63996],[139.43718,35.63992]]}},{"type":"Feature","properties":{"idx":190,"road":NaN,"cls":"secondary_link","shops":1,"st_km":1.47,"mesh":"53393364"},"geometry":{"type":"LineString","coordinates":[[139.43707,35.64018],[139.4371,35.64027],[139.43716,35.64029]]}},{"type":"Feature","properties":{"idx":492,"road":"東京都道19号町田調布線","cls":"primary","shops":0,"st_km":0.87,"mesh":"53393356"},"geometry":{"type":"LineString","coordinates":[[139.46266,35.62597],[139.46214,35.62596]]}},{"type":"Feature","properties":{"idx":669,"road":NaN,"cls":"tertiary","shops":13,"st_km":0.27,"mesh":"53393330"},"geometry":{"type":"LineString","coordinates":[[139.37631,35.61503],[139.37735,35.61364]]}},{"type":"Feature","properties":{"idx":82,"road":"鶴川街道（信号注意！）","cls":"primary","shops":2,"st_km":0.32,"mesh":"53393369"},"geometry":{"type":"LineString","coordinates":[[139.5,35.63907],[139.49991,35.63897]]}},{"type":"Feature","properties":{"idx":750,"road":NaN,"cls":"tertiary","shops":4,"st_km":1.21,"mesh":"53393331"},"geometry":{"type":"LineString","coordinates":[[139.39309,35.61139],[139.39262,35.61164]]}},{"type":"Feature","properties":{"idx":205,"road":"東京都道19号町田調布線","cls":"primary","shops":1,"st_km":0.97,"mesh":"53393338"},"geometry":{"type":"LineString","coordinates":[[139.48202,35.6163],[139.48245,35.61596]]}},{"type":"Feature","properties":{"idx":172,"road":"鶴川街道","cls":"primary","shops":0,"st_km":0.68,"mesh":"53393348"},"geometry":{"type":"LineString","coordinates":[[139.47898,35.62128],[139.47942,35.62144],[139.47977,35.62163]]}},{"type":"Feature","properties":{"idx":239,"road":"府中街道","cls":"primary","shops":2,"st_km":0.12,"mesh":"53393379"},"geometry":{"type":"LineString","coordinates":[[139.48856,35.64886],[139.4887,35.64808]]}},{"type":"Feature","properties":{"idx":220,"road":"尻手黒川道路","cls":"primary","shops":0,"st_km":0.41,"mesh":"53393319"},"geometry":{"type":"LineString","coordinates":[[139.49808,35.59324],[139.49833,35.59321],[139.49897,35.59326]]}},{"type":"Feature","properties":{"idx":830,"road":"鎌倉街道","cls":"primary","shops":4,"st_km":0.11,"mesh":"53393396"},"geometry":{"type":"LineString","coordinates":[[139.45768,35.66047],[139.45801,35.66057]]}},{"type":"Feature","properties":{"idx":59,"road":"旧川崎街道","cls":"tertiary","shops":0,"st_km":0.61,"mesh":"53393379"},"geometry":{"type":"LineString","coordinates":[[139.49718,35.64711],[139.49687,35.64719],[139.49667,35.64731]]}},{"type":"Feature","properties":{"idx":436,"road":NaN,"cls":"tertiary_link","shops":8,"st_km":0.5,"mesh":"53393399"},"geometry":{"type":"LineString","coordinates":[[139.49118,35.66609],[139.49069,35.66617],[139.49065,35.66619],[139.49069,35.66622]]}},{"type":"Feature","properties":{"idx":166,"road":"新小金井街道","cls":"secondary","shops":0,"st_km":0.44,"mesh":"53393399"},"geometry":{"type":"LineString","coordinates":[[139.49598,35.66459],[139.49647,35.66512]]}},{"type":"Feature","properties":{"idx":681,"road":"川崎街道","cls":"primary","shops":0,"st_km":0.79,"mesh":"53393384"},"geometry":{"type":"LineString","coordinates":[[139.43676,35.65228],[139.43746,35.65177]]}},{"type":"Feature","properties":{"idx":90,"road":"南多摩尾根幹線道路","cls":"primary","shops":0,"st_km":1.32,"mesh":"53393368"},"geometry":{"type":"LineString","coordinates":[[139.48609,35.63463],[139.48537,35.63425]]}},{"type":"Feature","properties":{"idx":75,"road":"竪台こぶし通り","cls":"tertiary","shops":0,"st_km":1.26,"mesh":"53393368"},"geometry":{"type":"LineString","coordinates":[[139.48609,35.63463],[139.48632,35.63434],[139.48652,35.63419],[139.48705,35.63406]]}},{"type":"Feature","properties":{"idx":123,"road":"柚木街道","cls":"primary","shops":0,"st_km":1.51,"mesh":"53393350"},"geometry":{"type":"LineString","coordinates":[[139.38364,35.62764],[139.38258,35.62724]]}},{"type":"Feature","properties":{"idx":128,"road":"柚木街道","cls":"primary","shops":0,"st_km":1.44,"mesh":"53393350"},"geometry":{"type":"LineString","coordinates":[[139.38134,35.62685],[139.38193,35.62707]]}},{"type":"Feature","properties":{"idx":59,"road":"山崎通り","cls":"tertiary","shops":0,"st_km":0.62,"mesh":"53393379"},"geometry":{"type":"LineString","coordinates":[[139.4938,35.6475],[139.49329,35.64724],[139.49289,35.64716],[139.4925,35.64692],[139.49247,35.64682],[139.49263,35.64645],[139.49279,35.64629],[139.49344,35.6459],[139.49395,35.64538],[139.49431,35.64488],[139.49449,35.64476],[139.49508,35.64456],[139.49533,35.64413],[139.4959,35.64365],[139.49629,35.6434],[139.49738,35.64289],[139.49854,35.64214],[139.49898,35.64097],[139.49861,35.64027],[139.4986,35.64006],[139.49875,35.63948]]}},{"type":"Feature","properties":{"idx":230,"road":"川崎街道","cls":"primary","shops":3,"st_km":0.37,"mesh":"53393379"},"geometry":{"type":"LineString","coordinates":[[139.4938,35.6475],[139.49283,35.64815]]}},{"type":"Feature","properties":{"idx":79,"road":"川崎街道","cls":"primary","shops":0,"st_km":0.53,"mesh":"53393379"},"geometry":{"type":"LineString","coordinates":[[139.49392,35.64751],[139.4955,35.64648]]}},{"type":"Feature","properties":{"idx":154,"road":"川崎街道","cls":"primary","shops":1,"st_km":0.26,"mesh":"53393379"},"geometry":{"type":"LineString","coordinates":[[139.49183,35.64852],[139.49217,35.64849],[139.49273,35.6483]]}},{"type":"Feature","properties":{"idx":229,"road":"川崎街道","cls":"primary","shops":3,"st_km":0.38,"mesh":"53393379"},"geometry":{"type":"LineString","coordinates":[[139.49283,35.64824],[139.49392,35.64751]]}},{"type":"Feature","properties":{"idx":153,"road":"川崎街道","cls":"primary","shops":1,"st_km":0.27,"mesh":"53393379"},"geometry":{"type":"LineString","coordinates":[[139.49267,35.64824],[139.49196,35.64843]]}},{"type":"Feature","properties":{"idx":196,"road":"川崎街道","cls":"primary","shops":2,"st_km":0.31,"mesh":"53393379"},"geometry":{"type":"LineString","coordinates":[[139.49283,35.64815],[139.49267,35.64824]]}},{"type":"Feature","properties":{"idx":213,"road":"川崎街道","cls":"primary","shops":2,"st_km":0.23,"mesh":"53393379"},"geometry":{"type":"LineString","coordinates":[[139.49196,35.64843],[139.49183,35.64843]]}},{"type":"Feature","properties":{"idx":341,"road":NaN,"cls":"tertiary_link","shops":4,"st_km":0.14,"mesh":"53393355"},"geometry":{"type":"LineString","coordinates":[[139.44708,35.63116],[139.44717,35.63117]]}},{"type":"Feature","properties":{"idx":93,"road":"多摩川通り","cls":"tertiary","shops":0,"st_km":1.25,"mesh":"53393388"},"geometry":{"type":"LineString","coordinates":[[139.47483,35.65539],[139.47521,35.65358],[139.47512,35.65337],[139.4748,35.65328]]}},{"type":"Feature","properties":{"idx":83,"road":"桜ヶ丘東通り","cls":"tertiary","shops":0,"st_km":1.02,"mesh":"53393375"},"geometry":{"type":"LineString","coordinates":[[139.44463,35.64089],[139.44559,35.64213],[139.44594,35.64238]]}},{"type":"Feature","properties":{"idx":31,"road":"南多摩尾根幹線道路;竪谷戸大橋","cls":"primary","shops":0,"st_km":0.62,"mesh":"53393369"},"geometry":{"type":"LineString","coordinates":[[139.49437,35.6391],[139.49426,35.63905]]}},{"type":"Feature","properties":{"idx":31,"road":"南多摩尾根幹線道路;竪谷戸大橋","cls":"primary","shops":0,"st_km":0.61,"mesh":"53393369"},"geometry":{"type":"LineString","coordinates":[[139.4946,35.63917],[139.49443,35.63912]]}},{"type":"Feature","properties":{"idx":36,"road":"向陽台･公園通り;竪谷戸大橋","cls":"tertiary","shops":1,"st_km":0.65,"mesh":"53393369"},"geometry":{"type":"LineString","coordinates":[[139.49408,35.63941],[139.49415,35.63934]]}},{"type":"Feature","properties":{"idx":45,"road":"南多摩尾根幹線道路;竪谷戸大橋","cls":"primary","shops":1,"st_km":0.65,"mesh":"53393369"},"geometry":{"type":"LineString","coordinates":[[139.49415,35.63934],[139.49425,35.63937]]}},{"type":"Feature","properties":{"idx":30,"road":"南多摩尾根幹線道路;竪谷戸大橋","cls":"primary","shops":0,"st_km":0.65,"mesh":"53393369"},"geometry":{"type":"LineString","coordinates":[[139.49401,35.63928],[139.49415,35.63934]]}},{"type":"Feature","properties":{"idx":113,"road":"鎌倉街道","cls":"primary","shops":0,"st_km":2.18,"mesh":"53393306"},"geometry":{"type":"LineString","coordinates":[[139.45922,35.59098],[139.45998,35.59034]]}},{"type":"Feature","properties":{"idx":111,"road":"東京都道19号町田調布線","cls":"primary","shops":0,"st_km":2.25,"mesh":"53393306"},"geometry":{"type":"LineString","coordinates":[[139.45892,35.59154],[139.45914,35.59121],[139.45922,35.59098]]}},{"type":"Feature","properties":{"idx":429,"road":"鶴川街道","cls":"primary","shops":1,"st_km":0.33,"mesh":"53393337"},"geometry":{"type":"LineString","coordinates":[[139.46735,35.61276],[139.46702,35.6126]]}},{"type":"Feature","properties":{"idx":331,"road":"多摩川通り","cls":"tertiary","shops":0,"st_km":0.68,"mesh":"53393386"},"geometry":{"type":"LineString","coordinates":[[139.45569,35.65533],[139.45184,35.6561],[139.45107,35.65643],[139.45042,35.65648],[139.44811,35.65726],[139.4471,35.6577]]}},{"type":"Feature","properties":{"idx":161,"road":"南多摩尾根幹線道路","cls":"primary","shops":0,"st_km":2.03,"mesh":"53393335"},"geometry":{"type":"LineString","coordinates":[[139.44567,35.61146],[139.44296,35.61116]]}},{"type":"Feature","properties":{"idx":487,"road":"鎌倉街道","cls":"primary","shops":0,"st_km":0.5,"mesh":"53393386"},"geometry":{"type":"LineString","coordinates":[[139.45577,35.65521],[139.45579,35.65531]]}},{"type":"Feature","properties":{"idx":637,"road":"鎌倉街道","cls":"primary","shops":1,"st_km":0.69,"mesh":"53393386"},"geometry":{"type":"LineString","coordinates":[[139.45444,35.65139],[139.45454,35.65183],[139.45461,35.65194]]}},{"type":"Feature","properties":{"idx":112,"road":NaN,"cls":"tertiary","shops":0,"st_km":0.58,"mesh":"53393383"},"geometry":{"type":"LineString","coordinates":[[139.41594,35.65388],[139.41628,35.6536],[139.41644,35.65329],[139.41644,35.65293],[139.41627,35.65248],[139.41622,35.65221],[139.4163,35.65191],[139.4165,35.65167]]}},{"type":"Feature","properties":{"idx":209,"road":NaN,"cls":"tertiary","shops":1,"st_km":0.34,"mesh":"53393383"},"geometry":{"type":"LineString","coordinates":[[139.41375,35.65489],[139.41379,35.65457],[139.41388,35.65445],[139.41403,35.65438],[139.4144,35.65432],[139.41405,35.6543],[139.41383,35.65441],[139.4137,35.65464],[139.41375,35.65489]]}},{"type":"Feature","properties":{"idx":552,"road":"平尾団地商店街","cls":"pedestrian","shops":4,"st_km":0.79,"mesh":"53393339"},"geometry":{"type":"LineString","coordinates":[[139.4885,35.60962],[139.48875,35.60944]]}},{"type":"Feature","properties":{"idx":115,"road":"川崎街道","cls":"primary","shops":0,"st_km":0.15,"mesh":"53393379"},"geometry":{"type":"LineString","coordinates":[[139.4886,35.64806],[139.4887,35.64808]]}},{"type":"Feature","properties":{"idx":115,"road":"城山通り","cls":"primary","shops":0,"st_km":0.15,"mesh":"53393379"},"geometry":{"type":"LineString","coordinates":[[139.4887,35.64808],[139.48868,35.64799]]}},{"type":"Feature","properties":{"idx":322,"road":NaN,"cls":"tertiary","shops":2,"st_km":1.62,"mesh":"53393335"},"geometry":{"type":"LineString","coordinates":[[139.44268,35.61605],[139.44253,35.61604]]}},{"type":"Feature","properties":{"idx":32,"road":"竪台こぶし通り;稲城五中入口","cls":"tertiary","shops":1,"st_km":0.78,"mesh":"53393369"},"geometry":{"type":"LineString","coordinates":[[139.49162,35.63824],[139.49198,35.63783]]}},{"type":"Feature","properties":{"idx":678,"road":NaN,"cls":"tertiary","shops":11,"st_km":0.06,"mesh":"53393308"},"geometry":{"type":"LineString","coordinates":[[139.48202,35.58373],[139.48179,35.58369],[139.4817,35.58385]]}},{"type":"Feature","properties":{"idx":349,"road":NaN,"cls":"tertiary","shops":5,"st_km":0.11,"mesh":"53393308"},"geometry":{"type":"LineString","coordinates":[[139.4829,35.58361],[139.48283,35.58363],[139.48277,35.58382],[139.4827,35.58387],[139.48202,35.58373]]}},{"type":"Feature","properties":{"idx":79,"road":NaN,"cls":"pedestrian","shops":0,"st_km":1.19,"mesh":"53393361"},"geometry":{"type":"LineString","coordinates":[[139.39813,35.63537],[139.39836,35.63552]]}},{"type":"Feature","properties":{"idx":81,"road":NaN,"cls":"pedestrian","shops":0,"st_km":1.19,"mesh":"53393361"},"geometry":{"type":"LineString","coordinates":[[139.397,35.63476],[139.39702,35.635]]}},{"type":"Feature","properties":{"idx":84,"road":NaN,"cls":"pedestrian","shops":0,"st_km":1.14,"mesh":"53393361"},"geometry":{"type":"LineString","coordinates":[[139.39807,35.63463],[139.39812,35.63462]]}},{"type":"Feature","properties":{"idx":83,"road":NaN,"cls":"pedestrian","shops":0,"st_km":1.15,"mesh":"53393361"},"geometry":{"type":"LineString","coordinates":[[139.39788,35.63469],[139.39797,35.63466]]}},{"type":"Feature","properties":{"idx":143,"road":NaN,"cls":"pedestrian","shops":0,"st_km":0.79,"mesh":"53393351"},"geometry":{"type":"LineString","coordinates":[[139.39453,35.62971],[139.39463,35.62996]]}},{"type":"Feature","properties":{"idx":105,"road":NaN,"cls":"pedestrian","shops":0,"st_km":1.18,"mesh":"53393351"},"geometry":{"type":"LineString","coordinates":[[139.39138,35.63224],[139.39158,35.63224]]}},{"type":"Feature","properties":{"idx":103,"road":NaN,"cls":"pedestrian","shops":0,"st_km":1.2,"mesh":"53393351"},"geometry":{"type":"LineString","coordinates":[[139.39112,35.63222],[139.39119,35.63223]]}},{"type":"Feature","properties":{"idx":109,"road":NaN,"cls":"pedestrian","shops":0,"st_km":1.13,"mesh":"53393351"},"geometry":{"type":"LineString","coordinates":[[139.39079,35.63098],[139.39073,35.63092]]}},{"type":"Feature","properties":{"idx":118,"road":NaN,"cls":"pedestrian","shops":0,"st_km":1.03,"mesh":"53393351"},"geometry":{"type":"LineString","coordinates":[[139.39154,35.63033],[139.39152,35.63028]]}},{"type":"Feature","properties":{"idx":205,"road":NaN,"cls":"pedestrian","shops":0,"st_km":0.35,"mesh":"53393347"},"geometry":{"type":"LineString","coordinates":[[139.47488,35.6218],[139.47481,35.62172],[139.47483,35.62166],[139.4749,35.62162],[139.47501,35.62165],[139.47502,35.62177],[139.47488,35.6218]]}},{"type":"Feature","properties":{"idx":163,"road":NaN,"cls":"primary_link","shops":2,"st_km":0.27,"mesh":"53393378"},"geometry":{"type":"LineString","coordinates":[[139.48717,35.64775],[139.48715,35.64784]]}},{"type":"Feature","properties":{"idx":215,"road":"川崎街道","cls":"primary","shops":2,"st_km":0.34,"mesh":"53393378"},"geometry":{"type":"LineString","coordinates":[[139.48608,35.64767],[139.48636,35.64772]]}},{"type":"Feature","properties":{"idx":172,"road":NaN,"cls":"primary_link","shops":0,"st_km":1.26,"mesh":"53393395"},"geometry":{"type":"LineString","coordinates":[[139.44109,35.66543],[139.44116,35.66549]]}},{"type":"Feature","properties":{"idx":443,"road":"鎌倉街道","cls":"primary","shops":0,"st_km":0.64,"mesh":"53393386"},"geometry":{"type":"LineString","coordinates":[[139.45352,35.6487],[139.45417,35.6507],[139.45444,35.65139],[139.45447,35.65196]]}},{"type":"Feature","properties":{"idx":186,"road":"川崎街道","cls":"primary","shops":0,"st_km":0.65,"mesh":"53393376"},"geometry":{"type":"LineString","coordinates":[[139.45352,35.6487],[139.45366,35.64864]]}},{"type":"Feature","properties":{"idx":183,"road":"鎌倉街道","cls":"primary","shops":0,"st_km":0.66,"mesh":"53393376"},"geometry":{"type":"LineString","coordinates":[[139.45362,35.64852],[139.4532,35.6475]]}},{"type":"Feature","properties":{"idx":185,"road":"川崎街道","cls":"primary","shops":0,"st_km":0.65,"mesh":"53393376"},"geometry":{"type":"LineString","coordinates":[[139.45362,35.64852],[139.45348,35.64859]]}},{"type":"Feature","properties":{"idx":209,"road":"川崎街道","cls":"primary","shops":0,"st_km":0.52,"mesh":"53393376"},"geometry":{"type":"LineString","coordinates":[[139.4533,35.64867],[139.45262,35.64894],[139.45119,35.64933]]}},{"type":"Feature","properties":{"idx":193,"road":NaN,"cls":"tertiary","shops":1,"st_km":0.49,"mesh":"53393399"},"geometry":{"type":"LineString","coordinates":[[139.49654,35.65981],[139.49655,35.65987]]}},{"type":"Feature","properties":{"idx":291,"road":"多摩ニュータウン通り","cls":"secondary","shops":1,"st_km":0.26,"mesh":"53393351"},"geometry":{"type":"LineString","coordinates":[[139.39864,35.62633],[139.39852,35.6263]]}},{"type":"Feature","properties":{"idx":286,"road":"多摩ニュータウン通り","cls":"secondary","shops":1,"st_km":0.28,"mesh":"53393351"},"geometry":{"type":"LineString","coordinates":[[139.39847,35.62646],[139.39859,35.6265]]}},{"type":"Feature","properties":{"idx":289,"road":"平山通り","cls":"secondary","shops":1,"st_km":0.27,"mesh":"53393351"},"geometry":{"type":"LineString","coordinates":[[139.39859,35.6265],[139.39864,35.62633]]}},{"type":"Feature","properties":{"idx":288,"road":"平山通り","cls":"secondary","shops":1,"st_km":0.27,"mesh":"53393351"},"geometry":{"type":"LineString","coordinates":[[139.39852,35.6263],[139.39847,35.62646]]}},{"type":"Feature","properties":{"idx":108,"road":"学園通り","cls":"tertiary","shops":0,"st_km":0.97,"mesh":"53393338"},"geometry":{"type":"LineString","coordinates":[[139.48245,35.61596],[139.48199,35.61587]]}},{"type":"Feature","properties":{"idx":46,"road":"山崎通り","cls":"tertiary","shops":1,"st_km":0.39,"mesh":"53393369"},"geometry":{"type":"LineString","coordinates":[[139.49875,35.63948],[139.49875,35.63942]]}},{"type":"Feature","properties":{"idx":122,"road":"南多摩尾根幹線道路","cls":"primary","shops":4,"st_km":0.33,"mesh":"53393369"},"geometry":{"type":"LineString","coordinates":[[139.49992,35.63908],[139.49954,35.63914]]}},{"type":"Feature","properties":{"idx":281,"road":NaN,"cls":"pedestrian","shops":1,"st_km":0.76,"mesh":"53393339"},"geometry":{"type":"LineString","coordinates":[[139.48864,35.60894],[139.48906,35.60862]]}},{"type":"Feature","properties":{"idx":25,"road":"向陽台･公園通り;竪谷戸大橋","cls":"tertiary","shops":0,"st_km":0.61,"mesh":"53393369"},"geometry":{"type":"LineString","coordinates":[[139.49459,35.639],[139.49437,35.6391]]}},{"type":"Feature","properties":{"idx":229,"road":NaN,"cls":"secondary_link","shops":0,"st_km":0.22,"mesh":"53393343"},"geometry":{"type":"LineString","coordinates":[[139.42247,35.62209],[139.42256,35.6217]]}},{"type":"Feature","properties":{"idx":228,"road":NaN,"cls":"secondary_link","shops":0,"st_km":0.22,"mesh":"53393343"},"geometry":{"type":"LineString","coordinates":[[139.42225,35.62169],[139.42233,35.62209]]}},{"type":"Feature","properties":{"idx":322,"road":NaN,"cls":"secondary_link","shops":1,"st_km":0.28,"mesh":"53393343"},"geometry":{"type":"LineString","coordinates":[[139.42299,35.62122],[139.42301,35.62147]]}},{"type":"Feature","properties":{"idx":430,"road":NaN,"cls":"secondary_link","shops":2,"st_km":0.28,"mesh":"53393343"},"geometry":{"type":"LineString","coordinates":[[139.42301,35.62147],[139.42307,35.62122]]}},{"type":"Feature","properties":{"idx":211,"road":NaN,"cls":"secondary_link","shops":0,"st_km":0.3,"mesh":"53393343"},"geometry":{"type":"LineString","coordinates":[[139.42181,35.62115],[139.42183,35.62141]]}},{"type":"Feature","properties":{"idx":211,"road":NaN,"cls":"secondary_link","shops":0,"st_km":0.3,"mesh":"53393343"},"geometry":{"type":"LineString","coordinates":[[139.42183,35.62141],[139.42189,35.62116]]}},{"type":"Feature","properties":{"idx":206,"road":"競馬場通り","cls":"tertiary","shops":0,"st_km":0.37,"mesh":"53393398"},"geometry":{"type":"LineString","coordinates":[[139.48326,35.66669],[139.48249,35.66661],[139.48221,35.66646],[139.48157,35.66579],[139.48107,35.66479],[139.48092,35.66467],[139.48069,35.66463],[139.47977,35.66471],[139.47893,35.66488]]}},{"type":"Feature","properties":{"idx":207,"road":"競馬場通り","cls":"tertiary","shops":0,"st_km":0.37,"mesh":"53393398"},"geometry":{"type":"LineString","coordinates":[[139.47893,35.66488],[139.48062,35.6647],[139.48089,35.66473],[139.48104,35.66488],[139.4815,35.66582],[139.48222,35.66657],[139.48246,35.66671],[139.48324,35.66679]]}},{"type":"Feature","properties":{"idx":346,"road":NaN,"cls":"pedestrian","shops":0,"st_km":0.18,"mesh":"53393398"},"geometry":{"type":"LineString","coordinates":[[139.4769,35.66463],[139.47699,35.66397]]}},{"type":"Feature","properties":{"idx":542,"road":"多摩センター東通り","cls":"tertiary","shops":5,"st_km":0.36,"mesh":"53393344"},"geometry":{"type":"LineString","coordinates":[[139.42734,35.62266],[139.42724,35.62272]]}},{"type":"Feature","properties":{"idx":544,"road":"多摩中央公園通り","cls":"tertiary","shops":5,"st_km":0.36,"mesh":"53393344"},"geometry":{"type":"LineString","coordinates":[[139.42724,35.62272],[139.42735,35.62276]]}},{"type":"Feature","properties":{"idx":220,"road":NaN,"cls":"tertiary_link","shops":1,"st_km":0.48,"mesh":"53393343"},"geometry":{"type":"LineString","coordinates":[[139.41805,35.622],[139.41802,35.62193]]}},{"type":"Feature","properties":{"idx":103,"road":"明神橋通り","cls":"tertiary","shops":0,"st_km":0.77,"mesh":"53393375"},"geometry":{"type":"LineString","coordinates":[[139.43879,35.64879],[139.43883,35.6488]]}},{"type":"Feature","properties":{"idx":185,"road":"総合体育館通り","cls":"tertiary","shops":3,"st_km":1.17,"mesh":"53393375"},"geometry":{"type":"LineString","coordinates":[[139.43818,35.64349],[139.43744,35.64353],[139.4372,35.64346],[139.43697,35.64331]]}},{"type":"Feature","properties":{"idx":42,"road":"鶴川街道","cls":"primary","shops":0,"st_km":0.3,"mesh":"53393369"},"geometry":{"type":"LineString","coordinates":[[139.49713,35.63587],[139.49654,35.63563]]}},{"type":"Feature","properties":{"idx":43,"road":"鶴川街道","cls":"primary","shops":0,"st_km":0.27,"mesh":"53393369"},"geometry":{"type":"LineString","coordinates":[[139.49723,35.63592],[139.49713,35.63587]]}},{"type":"Feature","properties":{"idx":320,"road":"上之根大通り","cls":"tertiary","shops":4,"st_km":0.53,"mesh":"53393354"},"geometry":{"type":"LineString","coordinates":[[139.42873,35.62814],[139.42866,35.62832]]}},{"type":"Feature","properties":{"idx":319,"road":"上之根大通り","cls":"tertiary","shops":4,"st_km":0.53,"mesh":"53393354"},"geometry":{"type":"LineString","coordinates":[[139.42866,35.62832],[139.42882,35.62818]]}},{"type":"Feature","properties":{"idx":81,"road":"多摩モノレール通り","cls":"secondary","shops":0,"st_km":0.28,"mesh":"53393393"},"geometry":{"type":"LineString","coordinates":[[139.4142,35.65982],[139.41456,35.66021]]}},{"type":"Feature","properties":{"idx":794,"road":NaN,"cls":"tertiary","shops":16,"st_km":0.09,"mesh":"53393393"},"geometry":{"type":"LineString","coordinates":[[139.41335,35.66147],[139.41319,35.66156]]}},{"type":"Feature","properties":{"idx":254,"road":NaN,"cls":"tertiary","shops":0,"st_km":0.54,"mesh":"53393380"},"geometry":{"type":"LineString","coordinates":[[139.38221,35.65411],[139.3828,35.65451],[139.3841,35.65519],[139.38517,35.65603]]}},{"type":"Feature","properties":{"idx":72,"road":"帝京北通り","cls":"tertiary","shops":0,"st_km":0.89,"mesh":"53393373"},"geometry":{"type":"LineString","coordinates":[[139.42106,35.64432],[139.42183,35.64357],[139.4224,35.64333]]}},{"type":"Feature","properties":{"idx":70,"road":"帝京北通り","cls":"tertiary","shops":0,"st_km":0.94,"mesh":"53393373"},"geometry":{"type":"LineString","coordinates":[[139.4224,35.64333],[139.42303,35.6433],[139.42391,35.64318]]}},{"type":"Feature","properties":{"idx":57,"road":NaN,"cls":"tertiary","shops":0,"st_km":1.14,"mesh":"53393373"},"geometry":{"type":"LineString","coordinates":[[139.41921,35.64734],[139.42032,35.64837],[139.42056,35.64874],[139.42069,35.64921],[139.42064,35.65061]]}},{"type":"Feature","properties":{"idx":81,"road":"川崎街道","cls":"primary","shops":1,"st_km":0.71,"mesh":"53393393"},"geometry":{"type":"LineString","coordinates":[[139.42243,35.65907],[139.42486,35.65823]]}},{"type":"Feature","properties":{"idx":1043,"road":"川崎街道","cls":"primary","shops":0,"st_km":0.33,"mesh":"53393384"},"geometry":{"type":"LineString","coordinates":[[139.42486,35.65823],[139.42699,35.6575],[139.42773,35.65731],[139.42874,35.65719],[139.43005,35.65722],[139.43086,35.65713]]}},{"type":"Feature","properties":{"idx":250,"road":NaN,"cls":"tertiary","shops":0,"st_km":0.55,"mesh":"53393380"},"geometry":{"type":"LineString","coordinates":[[139.38527,35.65593],[139.38444,35.65527],[139.38388,35.65491],[139.38221,35.65411]]}},{"type":"Feature","properties":{"idx":250,"road":NaN,"cls":"tertiary","shops":0,"st_km":0.55,"mesh":"53393380"},"geometry":{"type":"LineString","coordinates":[[139.38574,35.65549],[139.38527,35.65593]]}},{"type":"Feature","properties":{"idx":146,"road":"野猿街道","cls":"primary_link","shops":0,"st_km":0.89,"mesh":"53393374"},"geometry":{"type":"LineString","coordinates":[[139.43734,35.64954],[139.43721,35.64937]]}},{"type":"Feature","properties":{"idx":144,"road":"野猿街道","cls":"primary_link","shops":0,"st_km":0.91,"mesh":"53393374"},"geometry":{"type":"LineString","coordinates":[[139.43708,35.64938],[139.43708,35.64956]]}},{"type":"Feature","properties":{"idx":302,"road":NaN,"cls":"tertiary","shops":0,"st_km":0.61,"mesh":"53393381"},"geometry":{"type":"LineString","coordinates":[[139.39916,35.65532],[139.39937,35.65482]]}},{"type":"Feature","properties":{"idx":262,"road":NaN,"cls":"tertiary","shops":0,"st_km":0.78,"mesh":"53393382"},"geometry":{"type":"LineString","coordinates":[[139.40264,35.65794],[139.40277,35.65762]]}},{"type":"Feature","properties":{"idx":214,"road":NaN,"cls":"tertiary","shops":2,"st_km":0.44,"mesh":"53393370"},"geometry":{"type":"LineString","coordinates":[[139.37538,35.6502],[139.37552,35.6499],[139.3765,35.64886]]}},{"type":"Feature","properties":{"idx":73,"road":"平山通り","cls":"secondary","shops":0,"st_km":0.99,"mesh":"53393361"},"geometry":{"type":"LineString","coordinates":[[139.38786,35.6415],[139.38786,35.64086]]}},{"type":"Feature","properties":{"idx":54,"road":NaN,"cls":"tertiary","shops":0,"st_km":0.76,"mesh":"53393371"},"geometry":{"type":"LineString","coordinates":[[139.38672,35.64442],[139.38682,35.6445],[139.38864,35.64488]]}},{"type":"Feature","properties":{"idx":51,"road":NaN,"cls":"tertiary","shops":0,"st_km":0.82,"mesh":"53393371"},"geometry":{"type":"LineString","coordinates":[[139.38864,35.6456],[139.38864,35.64488]]}},{"type":"Feature","properties":{"idx":63,"road":"町田平山八王子線","cls":"secondary","shops":0,"st_km":0.72,"mesh":"53393371"},"geometry":{"type":"LineString","coordinates":[[139.38864,35.6456],[139.38639,35.64513]]}},{"type":"Feature","properties":{"idx":44,"road":"町田平山八王子線","cls":"secondary","shops":0,"st_km":1.2,"mesh":"53393371"},"geometry":{"type":"LineString","coordinates":[[139.39504,35.64382],[139.3943,35.64402],[139.39214,35.64499]]}},{"type":"Feature","properties":{"idx":603,"road":"北野街道","cls":"secondary","shops":1,"st_km":0.43,"mesh":"53393381"},"geometry":{"type":"LineString","coordinates":[[139.39012,35.65108],[139.39131,35.65209]]}},{"type":"Feature","properties":{"idx":64,"road":"竜ヶ峰通り","cls":"tertiary","shops":0,"st_km":1.09,"mesh":"53393373"},"geometry":{"type":"LineString","coordinates":[[139.41921,35.64734],[139.41885,35.64658]]}},{"type":"Feature","properties":{"idx":254,"road":NaN,"cls":"tertiary","shops":2,"st_km":0.44,"mesh":"53393383"},"geometry":{"type":"LineString","coordinates":[[139.41484,35.65431],[139.4152,35.65424],[139.41594,35.65388]]}},{"type":"Feature","properties":{"idx":318,"road":NaN,"cls":"tertiary","shops":3,"st_km":0.44,"mesh":"53393383"},"geometry":{"type":"LineString","coordinates":[[139.41594,35.65388],[139.41484,35.65431]]}},{"type":"Feature","properties":{"idx":341,"road":NaN,"cls":"tertiary","shops":3,"st_km":0.36,"mesh":"53393383"},"geometry":{"type":"LineString","coordinates":[[139.4144,35.65432],[139.41484,35.65431]]}},{"type":"Feature","properties":{"idx":256,"road":"野猿街道","cls":"primary","shops":2,"st_km":1.47,"mesh":"53393374"},"geometry":{"type":"LineString","coordinates":[[139.43057,35.64348],[139.43036,35.64343]]}},{"type":"Feature","properties":{"idx":254,"road":"野猿街道","cls":"primary","shops":2,"st_km":1.48,"mesh":"53393374"},"geometry":{"type":"LineString","coordinates":[[139.43038,35.64356],[139.4307,35.64364]]}},{"type":"Feature","properties":{"idx":156,"road":"多摩モノレール通り","cls":"secondary","shops":2,"st_km":0.32,"mesh":"53393393"},"geometry":{"type":"LineString","coordinates":[[139.41605,35.66291],[139.41633,35.66324],[139.41673,35.66358]]}},{"type":"Feature","properties":{"idx":155,"road":"多摩モノレール通り","cls":"secondary","shops":2,"st_km":0.32,"mesh":"53393393"},"geometry":{"type":"LineString","coordinates":[[139.41684,35.66352],[139.41644,35.66316],[139.41605,35.66291]]}},{"type":"Feature","properties":{"idx":287,"road":NaN,"cls":"tertiary","shops":0,"st_km":0.67,"mesh":"53393382"},"geometry":{"type":"LineString","coordinates":[[139.40325,35.65641],[139.4035,35.65578]]}},{"type":"Feature","properties":{"idx":331,"road":NaN,"cls":"tertiary","shops":0,"st_km":0.51,"mesh":"53393381"},"geometry":{"type":"LineString","coordinates":[[139.39634,35.6585],[139.39764,35.6575]]}},{"type":"Feature","properties":{"idx":913,"road":"北野街道","cls":"secondary","shops":3,"st_km":0.71,"mesh":"53393391"},"geometry":{"type":"LineString","coordinates":[[139.39764,35.6575],[139.39999,35.65949],[139.40066,35.65991]]}},{"type":"Feature","properties":{"idx":1148,"road":"北野街道","cls":"secondary","shops":4,"st_km":0.48,"mesh":"53393381"},"geometry":{"type":"LineString","coordinates":[[139.3969,35.65685],[139.39764,35.6575]]}},{"type":"Feature","properties":{"idx":483,"road":NaN,"cls":"tertiary","shops":7,"st_km":0.53,"mesh":"53393390"},"geometry":{"type":"LineString","coordinates":[[139.37679,35.66271],[139.37908,35.66391]]}},{"type":"Feature","properties":{"idx":322,"road":NaN,"cls":"tertiary","shops":0,"st_km":0.81,"mesh":"53393391"},"geometry":{"type":"LineString","coordinates":[[139.38924,35.66312],[139.38892,35.66337]]}},{"type":"Feature","properties":{"idx":36,"road":NaN,"cls":"tertiary","shops":0,"st_km":0.91,"mesh":"53393393"},"geometry":{"type":"LineString","coordinates":[[139.42403,35.66451],[139.42437,35.66417],[139.42522,35.66363]]}},{"type":"Feature","properties":{"idx":92,"road":NaN,"cls":"tertiary","shops":0,"st_km":0.6,"mesh":"53393370"},"geometry":{"type":"LineString","coordinates":[[139.37584,35.64362],[139.37598,35.64341],[139.37601,35.64224]]}},{"type":"Feature","properties":{"idx":332,"road":NaN,"cls":"tertiary","shops":0,"st_km":0.89,"mesh":"53393360"},"geometry":{"type":"LineString","coordinates":[[139.37536,35.6397],[139.37492,35.64057]]}},{"type":"Feature","properties":{"idx":511,"road":NaN,"cls":"pedestrian","shops":7,"st_km":0.73,"mesh":"53393373"},"geometry":{"type":"LineString","coordinates":[[139.41996,35.64352],[139.41946,35.64324],[139.41969,35.64314],[139.42055,35.64209],[139.42075,35.64196]]}},{"type":"Feature","properties":{"idx":108,"road":NaN,"cls":"pedestrian","shops":0,"st_km":0.79,"mesh":"53393373"},"geometry":{"type":"LineString","coordinates":[[139.42221,35.64194],[139.42136,35.64295]]}},{"type":"Feature","properties":{"idx":137,"road":NaN,"cls":"pedestrian","shops":1,"st_km":0.77,"mesh":"53393363"},"geometry":{"type":"LineString","coordinates":[[139.42256,35.64151],[139.42286,35.64116],[139.42324,35.64105],[139.42365,35.6412],[139.4238,35.64146]]}},{"type":"Feature","properties":{"idx":96,"road":NaN,"cls":"pedestrian","shops":0,"st_km":0.71,"mesh":"53393363"},"geometry":{"type":"LineString","coordinates":[[139.42202,35.64152],[139.42124,35.64172]]}},{"type":"Feature","properties":{"idx":97,"road":NaN,"cls":"pedestrian","shops":0,"st_km":0.7,"mesh":"53393363"},"geometry":{"type":"LineString","coordinates":[[139.42198,35.64145],[139.42181,35.64149],[139.42176,35.64136],[139.42163,35.64139]]}},{"type":"Feature","properties":{"idx":112,"road":NaN,"cls":"pedestrian","shops":0,"st_km":0.75,"mesh":"53393373"},"geometry":{"type":"LineString","coordinates":[[139.41923,35.6432],[139.41946,35.64324]]}},{"type":"Feature","properties":{"idx":518,"road":NaN,"cls":"pedestrian","shops":7,"st_km":0.72,"mesh":"53393373"},"geometry":{"type":"LineString","coordinates":[[139.4192,35.64274],[139.41941,35.64288],[139.41946,35.64282],[139.41981,35.643]]}},{"type":"Feature","properties":{"idx":519,"road":NaN,"cls":"tertiary","shops":1,"st_km":0.23,"mesh":"53393380"},"geometry":{"type":"LineString","coordinates":[[139.38423,35.65694],[139.3821,35.65896]]}},{"type":"Feature","properties":{"idx":295,"road":"矢崎橋","cls":"tertiary","shops":0,"st_km":0.38,"mesh":"53393380"},"geometry":{"type":"LineString","coordinates":[[139.38434,35.65684],[139.38423,35.65694]]}},{"type":"Feature","properties":{"idx":89,"road":"南多摩尾根幹線道路","cls":"primary","shops":0,"st_km":1.32,"mesh":"53393368"},"geometry":{"type":"LineString","coordinates":[[139.48546,35.63476],[139.48582,35.63495]]}},{"type":"Feature","properties":{"idx":100,"road":"南多摩尾根幹線道路","cls":"primary","shops":0,"st_km":1.16,"mesh":"53393368"},"geometry":{"type":"LineString","coordinates":[[139.48707,35.63563],[139.48754,35.63588]]}},{"type":"Feature","properties":{"idx":28,"road":"向陽台･公園通り","cls":"tertiary","shops":1,"st_km":0.92,"mesh":"53393369"},"geometry":{"type":"LineString","coordinates":[[139.48998,35.64091],[139.49033,35.64093]]}},{"type":"Feature","properties":{"idx":27,"road":"城山通り","cls":"tertiary","shops":1,"st_km":0.94,"mesh":"53393369"},"geometry":{"type":"LineString","coordinates":[[139.48992,35.64053],[139.48991,35.64091]]}},{"type":"Feature","properties":{"idx":31,"road":"城山通り","cls":"tertiary","shops":1,"st_km":0.83,"mesh":"53393369"},"geometry":{"type":"LineString","coordinates":[[139.49156,35.63821],[139.49121,35.63858]]}},{"type":"Feature","properties":{"idx":25,"road":"南多摩尾根幹線道路","cls":"primary","shops":0,"st_km":0.84,"mesh":"53393369"},"geometry":{"type":"LineString","coordinates":[[139.49079,35.63765],[139.4915,35.63804]]}},{"type":"Feature","properties":{"idx":31,"road":"城山通り","cls":"tertiary","shops":1,"st_km":0.82,"mesh":"53393369"},"geometry":{"type":"LineString","coordinates":[[139.49135,35.63852],[139.49162,35.63824]]}},{"type":"Feature","properties":{"idx":19,"road":"城山通り","cls":"tertiary","shops":0,"st_km":0.89,"mesh":"53393369"},"geometry":{"type":"LineString","coordinates":[[139.49121,35.63858],[139.49061,35.63921]]}},{"type":"Feature","properties":{"idx":28,"road":"城山通り","cls":"tertiary","shops":1,"st_km":0.9,"mesh":"53393369"},"geometry":{"type":"LineString","coordinates":[[139.48998,35.64135],[139.48998,35.64091]]}},{"type":"Feature","properties":{"idx":37,"road":"向陽台･公園通り","cls":"tertiary","shops":2,"st_km":0.92,"mesh":"53393369"},"geometry":{"type":"LineString","coordinates":[[139.4892,35.64088],[139.48991,35.64091]]}},{"type":"Feature","properties":{"idx":183,"road":"東京都道156号町田日野線","cls":"secondary","shops":0,"st_km":1.6,"mesh":"53393334"},"geometry":{"type":"LineString","coordinates":[[139.4263,35.6086],[139.42641,35.60835]]}},{"type":"Feature","properties":{"idx":507,"road":"鎌倉街道","cls":"primary","shops":0,"st_km":0.46,"mesh":"53393386"},"geometry":{"type":"LineString","coordinates":[[139.45579,35.65531],[139.45605,35.65594]]}},{"type":"Feature","properties":{"idx":391,"road":"多摩川通り","cls":"tertiary","shops":0,"st_km":0.5,"mesh":"53393386"},"geometry":{"type":"LineString","coordinates":[[139.45579,35.65531],[139.45569,35.65533]]}},{"type":"Feature","properties":{"idx":32,"road":"南多摩尾根幹線道路","cls":"primary","shops":0,"st_km":0.59,"mesh":"53393369"},"geometry":{"type":"LineString","coordinates":[[139.49516,35.63933],[139.4946,35.63917]]}},{"type":"Feature","properties":{"idx":39,"road":"南多摩尾根幹線道路","cls":"primary","shops":0,"st_km":0.38,"mesh":"53393369"},"geometry":{"type":"LineString","coordinates":[[139.49874,35.63926],[139.49826,35.63932]]}},{"type":"Feature","properties":{"idx":37,"road":"向陽台･公園通り;竪谷戸大橋","cls":"tertiary","shops":1,"st_km":0.63,"mesh":"53393369"},"geometry":{"type":"LineString","coordinates":[[139.49415,35.63934],[139.49443,35.63912]]}},{"type":"Feature","properties":{"idx":25,"road":"向陽台･公園通り;竪谷戸大橋","cls":"tertiary","shops":0,"st_km":0.61,"mesh":"53393369"},"geometry":{"type":"LineString","coordinates":[[139.49443,35.63912],[139.49456,35.63905]]}},{"type":"Feature","properties":{"idx":31,"road":"南多摩尾根幹線道路(竪谷戸大橋)","cls":"primary","shops":0,"st_km":0.62,"mesh":"53393369"},"geometry":{"type":"LineString","coordinates":[[139.49443,35.63912],[139.49437,35.6391]]}},{"type":"Feature","properties":{"idx":74,"road":NaN,"cls":"pedestrian","shops":0,"st_km":0.53,"mesh":"53393332"},"geometry":{"type":"LineString","coordinates":[[139.40786,35.61321],[139.40749,35.613]]}},{"type":"Feature","properties":{"idx":70,"road":NaN,"cls":"pedestrian","shops":0,"st_km":0.59,"mesh":"53393332"},"geometry":{"type":"LineString","coordinates":[[139.40733,35.6129],[139.40696,35.61269]]}},{"type":"Feature","properties":{"idx":69,"road":NaN,"cls":"pedestrian","shops":0,"st_km":0.61,"mesh":"53393332"},"geometry":{"type":"LineString","coordinates":[[139.40691,35.61273],[139.40699,35.61263]]}},{"type":"Feature","properties":{"idx":67,"road":NaN,"cls":"pedestrian","shops":0,"st_km":0.63,"mesh":"53393332"},"geometry":{"type":"LineString","coordinates":[[139.4067,35.61262],[139.40679,35.61252]]}},{"type":"Feature","properties":{"idx":63,"road":NaN,"cls":"pedestrian","shops":0,"st_km":0.71,"mesh":"53393332"},"geometry":{"type":"LineString","coordinates":[[139.40657,35.61247],[139.40544,35.61181]]}},{"type":"Feature","properties":{"idx":67,"road":NaN,"cls":"pedestrian","shops":0,"st_km":0.64,"mesh":"53393332"},"geometry":{"type":"LineString","coordinates":[[139.40672,35.61256],[139.40659,35.61248]]}},{"type":"Feature","properties":{"idx":283,"road":NaN,"cls":"pedestrian","shops":1,"st_km":0.76,"mesh":"53393339"},"geometry":{"type":"LineString","coordinates":[[139.48818,35.60959],[139.48822,35.60963]]}},{"type":"Feature","properties":{"idx":193,"road":NaN,"cls":"pedestrian","shops":0,"st_km":0.73,"mesh":"53393339"},"geometry":{"type":"LineString","coordinates":[[139.48798,35.60941],[139.488,35.60943]]}},{"type":"Feature","properties":{"idx":196,"road":NaN,"cls":"tertiary","shops":1,"st_km":1.26,"mesh":"53393333"},"geometry":{"type":"LineString","coordinates":[[139.42385,35.61104],[139.42384,35.61124]]}},{"type":"Feature","properties":{"idx":2286,"road":NaN,"cls":"pedestrian","shops":16,"st_km":1.4,"mesh":"53393307"},"geometry":{"type":"LineString","coordinates":[[139.46977,35.59108],[139.46981,35.591]]}},{"type":"Feature","properties":{"idx":267,"road":NaN,"cls":"secondary","shops":0,"st_km":0.47,"mesh":"53393343"},"geometry":{"type":"LineString","coordinates":[[139.41764,35.62501],[139.41779,35.62496],[139.41789,35.62484]]}},{"type":"Feature","properties":{"idx":269,"road":NaN,"cls":"secondary","shops":0,"st_km":0.46,"mesh":"53393343"},"geometry":{"type":"LineString","coordinates":[[139.4178,35.62483],[139.41802,35.62504]]}},{"type":"Feature","properties":{"idx":278,"road":NaN,"cls":"tertiary","shops":4,"st_km":0.17,"mesh":"53393308"},"geometry":{"type":"LineString","coordinates":[[139.48246,35.58392],[139.48341,35.58409],[139.48352,35.58399],[139.48356,35.58375],[139.48349,35.5837],[139.48326,35.58366]]}},{"type":"Feature","properties":{"idx":273,"road":"鶴川街道","cls":"primary","shops":3,"st_km":0.23,"mesh":"53393308"},"geometry":{"type":"LineString","coordinates":[[139.48299,35.58461],[139.48408,35.58475]]}},{"type":"Feature","properties":{"idx":178,"road":"東京都道19号町田調布線","cls":"primary","shops":0,"st_km":0.64,"mesh":"53393348"},"geometry":{"type":"LineString","coordinates":[[139.47898,35.62128],[139.47867,35.62187]]}},{"type":"Feature","properties":{"idx":78,"road":"南多摩尾根幹線道路","cls":"primary","shops":2,"st_km":0.37,"mesh":"53393369"},"geometry":{"type":"LineString","coordinates":[[139.49875,35.63942],[139.49927,35.63935]]}},{"type":"Feature","properties":{"idx":57,"road":"南多摩尾根幹線道路","cls":"primary","shops":1,"st_km":0.41,"mesh":"53393369"},"geometry":{"type":"LineString","coordinates":[[139.49789,35.63953],[139.49875,35.63942]]}},{"type":"Feature","properties":{"idx":39,"road":"南多摩尾根幹線道路;稲城五中入口","cls":"primary","shops":1,"st_km":0.8,"mesh":"53393369"},"geometry":{"type":"LineString","coordinates":[[139.4915,35.63804],[139.4918,35.6382]]}},{"type":"Feature","properties":{"idx":54,"road":"南多摩尾根幹線道路;稲城五中入口","cls":"primary","shops":2,"st_km":0.76,"mesh":"53393369"},"geometry":{"type":"LineString","coordinates":[[139.49213,35.63792],[139.49184,35.63775]]}},{"type":"Feature","properties":{"idx":63,"road":"上谷戸大橋通り","cls":"tertiary","shops":0,"st_km":1.38,"mesh":"53393358"},"geometry":{"type":"LineString","coordinates":[[139.48153,35.62758],[139.48176,35.62793],[139.48206,35.6282],[139.48381,35.6294]]}},{"type":"Feature","properties":{"idx":57,"road":"上谷戸大橋通り","cls":"tertiary","shops":0,"st_km":1.55,"mesh":"53393358"},"geometry":{"type":"LineString","coordinates":[[139.48381,35.6294],[139.48419,35.62966]]}},{"type":"Feature","properties":{"idx":223,"road":NaN,"cls":"pedestrian","shops":0,"st_km":0.5,"mesh":"53393348"},"geometry":{"type":"LineString","coordinates":[[139.47638,35.6226],[139.47606,35.62247]]}},{"type":"Feature","properties":{"idx":49,"road":NaN,"cls":"tertiary","shops":0,"st_km":0.56,"mesh":"53393393"},"geometry":{"type":"LineString","coordinates":[[139.41941,35.66642],[139.42025,35.66615]]}},{"type":"Feature","properties":{"idx":76,"road":NaN,"cls":"pedestrian","shops":0,"st_km":0.68,"mesh":"53393379"},"geometry":{"type":"LineString","coordinates":[[139.49697,35.64866],[139.49697,35.64868]]}},{"type":"Feature","properties":{"idx":76,"road":NaN,"cls":"pedestrian","shops":0,"st_km":0.67,"mesh":"53393379"},"geometry":{"type":"LineString","coordinates":[[139.49695,35.64862],[139.49697,35.64866]]}},{"type":"Feature","properties":{"idx":229,"road":NaN,"cls":"tertiary","shops":0,"st_km":0.65,"mesh":"53393380"},"geometry":{"type":"LineString","coordinates":[[139.37988,35.65322],[139.38034,35.65342],[139.38118,35.65366],[139.38221,35.65411]]}},{"type":"Feature","properties":{"idx":289,"road":"豊田高幡線","cls":"secondary","shops":0,"st_km":1.0,"mesh":"53393391"},"geometry":{"type":"LineString","coordinates":[[139.39463,35.66352],[139.39601,35.66417]]}},{"type":"Feature","properties":{"idx":210,"road":NaN,"cls":"pedestrian","shops":0,"st_km":0.98,"mesh":"53393322"},"geometry":{"type":"LineString","coordinates":[[139.40802,35.60793],[139.40805,35.6083],[139.40813,35.60857]]}},{"type":"Feature","properties":{"idx":37,"road":"町田平山八王子線","cls":"secondary","shops":0,"st_km":1.12,"mesh":"53393332"},"geometry":{"type":"LineString","coordinates":[[139.40287,35.6094],[139.40293,35.60944]]}},{"type":"Feature","properties":{"idx":110,"road":"鶴川街道","cls":"primary","shops":3,"st_km":0.25,"mesh":"53393369"},"geometry":{"type":"LineString","coordinates":[[139.49918,35.6384],[139.49845,35.63785]]}},{"type":"Feature","properties":{"idx":44,"road":"鶴川街道","cls":"primary","shops":0,"st_km":0.25,"mesh":"53393369"},"geometry":{"type":"LineString","coordinates":[[139.49781,35.63748],[139.49836,35.6379]]}},{"type":"Feature","properties":{"idx":115,"road":"川崎街道","cls":"primary","shops":1,"st_km":0.43,"mesh":"53393393"},"geometry":{"type":"LineString","coordinates":[[139.41507,35.65915],[139.41673,35.65904]]}},{"type":"Feature","properties":{"idx":122,"road":NaN,"cls":"primary_link","shops":1,"st_km":2.11,"mesh":"53393306"},"geometry":{"type":"LineString","coordinates":[[139.46023,35.59007],[139.46014,35.59006],[139.4601,35.59]]}},{"type":"Feature","properties":{"idx":209,"road":"野猿街道","cls":"primary","shops":0,"st_km":0.89,"mesh":"53393374"},"geometry":{"type":"LineString","coordinates":[[139.43726,35.64959],[139.43721,35.64937]]}},{"type":"Feature","properties":{"idx":207,"road":"野猿街道","cls":"primary","shops":0,"st_km":0.9,"mesh":"53393374"},"geometry":{"type":"LineString","coordinates":[[139.43708,35.64938],[139.43716,35.6496]]}},{"type":"Feature","properties":{"idx":43,"road":"野猿街道","cls":"primary_link","shops":0,"st_km":0.66,"mesh":"53393385"},"geometry":{"type":"LineString","coordinates":[[139.43799,35.65463],[139.43822,35.65541]]}},{"type":"Feature","properties":{"idx":208,"road":"野猿街道","cls":"primary","shops":0,"st_km":0.9,"mesh":"53393374"},"geometry":{"type":"LineString","coordinates":[[139.43721,35.64937],[139.43721,35.64935]]}},{"type":"Feature","properties":{"idx":206,"road":"野猿街道","cls":"primary","shops":0,"st_km":0.91,"mesh":"53393374"},"geometry":{"type":"LineString","coordinates":[[139.43708,35.64936],[139.43708,35.64938]]}},{"type":"Feature","properties":{"idx":190,"road":NaN,"cls":"tertiary","shops":2,"st_km":0.32,"mesh":"53393363"},"geometry":{"type":"LineString","coordinates":[[139.42067,35.63449],[139.42049,35.63444],[139.42032,35.63428]]}},{"type":"Feature","properties":{"idx":57,"road":"多摩モノレール通り","cls":"secondary","shops":0,"st_km":0.54,"mesh":"53393393"},"geometry":{"type":"LineString","coordinates":[[139.41967,35.66663],[139.41948,35.66631]]}},{"type":"Feature","properties":{"idx":63,"road":NaN,"cls":"tertiary","shops":0,"st_km":0.63,"mesh":"53393330"},"geometry":{"type":"LineString","coordinates":[[139.38628,35.61427],[139.38628,35.61485],[139.38634,35.61508],[139.38646,35.61521],[139.38764,35.61606]]}},{"type":"Feature","properties":{"idx":66,"road":"別所橋","cls":"tertiary","shops":0,"st_km":0.58,"mesh":"53393330"},"geometry":{"type":"LineString","coordinates":[[139.38629,35.61413],[139.38628,35.61427]]}},{"type":"Feature","properties":{"idx":272,"road":NaN,"cls":"secondary_link","shops":1,"st_km":0.45,"mesh":"53393343"},"geometry":{"type":"LineString","coordinates":[[139.42265,35.61999],[139.42256,35.61961]]}},{"type":"Feature","properties":{"idx":181,"road":NaN,"cls":"secondary_link","shops":0,"st_km":0.45,"mesh":"53393343"},"geometry":{"type":"LineString","coordinates":[[139.42243,35.61962],[139.42234,35.61999]]}},{"type":"Feature","properties":{"idx":349,"road":"唐木田通り","cls":"tertiary","shops":7,"st_km":0.16,"mesh":"53393332"},"geometry":{"type":"LineString","coordinates":[[139.41067,35.61538],[139.41059,35.61536]]}},{"type":"Feature","properties":{"idx":97,"road":"芝溝街道","cls":"primary","shops":0,"st_km":3.12,"mesh":"53393304"},"geometry":{"type":"LineString","coordinates":[[139.42723,35.58334],[139.42721,35.58333]]}},{"type":"Feature","properties":{"idx":93,"road":NaN,"cls":"pedestrian","shops":0,"st_km":0.75,"mesh":"53393363"},"geometry":{"type":"LineString","coordinates":[[139.42249,35.64143],[139.42264,35.64142]]}},{"type":"Feature","properties":{"idx":93,"road":NaN,"cls":"pedestrian","shops":0,"st_km":0.75,"mesh":"53393363"},"geometry":{"type":"LineString","coordinates":[[139.42251,35.64137],[139.42269,35.64136]]}},{"type":"Feature","properties":{"idx":262,"road":NaN,"cls":"tertiary","shops":0,"st_km":1.12,"mesh":"53393331"},"geometry":{"type":"LineString","coordinates":[[139.39417,35.61574],[139.39388,35.61587]]}},{"type":"Feature","properties":{"idx":236,"road":"東京都道139号真光寺長津田線","cls":"secondary","shops":3,"st_km":0.27,"mesh":"53393308"},"geometry":{"type":"LineString","coordinates":[[139.48408,35.58475],[139.48419,35.58462]]}},{"type":"Feature","properties":{"idx":891,"road":"津久井道","cls":"primary","shops":6,"st_km":0.11,"mesh":"53393309"},"geometry":{"type":"LineString","coordinates":[[139.49624,35.5895],[139.49638,35.5898]]}},{"type":"Feature","properties":{"idx":898,"road":"津久井道","cls":"primary","shops":6,"st_km":0.11,"mesh":"53393309"},"geometry":{"type":"LineString","coordinates":[[139.49673,35.59034],[139.49638,35.5898]]}},{"type":"Feature","properties":{"idx":444,"road":"津久井道","cls":"primary","shops":2,"st_km":0.12,"mesh":"53393309"},"geometry":{"type":"LineString","coordinates":[[139.49681,35.59047],[139.49673,35.59034]]}},{"type":"Feature","properties":{"idx":544,"road":"津久井道","cls":"primary","shops":3,"st_km":0.14,"mesh":"53393309"},"geometry":{"type":"LineString","coordinates":[[139.49704,35.5909],[139.49681,35.59047]]}},{"type":"Feature","properties":{"idx":264,"road":NaN,"cls":"tertiary_link","shops":7,"st_km":0.16,"mesh":"53393308"},"geometry":{"type":"LineString","coordinates":[[139.48308,35.58415],[139.48321,35.58408]]}},{"type":"Feature","properties":{"idx":237,"road":NaN,"cls":"tertiary_link","shops":6,"st_km":0.16,"mesh":"53393308"},"geometry":{"type":"LineString","coordinates":[[139.48299,35.58404],[139.48308,35.58415]]}},{"type":"Feature","properties":{"idx":69,"road":"川崎街道","cls":"primary","shops":0,"st_km":0.83,"mesh":"53393378"},"geometry":{"type":"LineString","coordinates":[[139.48068,35.6471],[139.48089,35.64709]]}},{"type":"Feature","properties":{"idx":238,"road":NaN,"cls":"primary_link","shops":1,"st_km":1.84,"mesh":"53393302"},"geometry":{"type":"LineString","coordinates":[[139.40325,35.58366],[139.40328,35.58374]]}},{"type":"Feature","properties":{"idx":76,"road":NaN,"cls":"pedestrian","shops":0,"st_km":0.68,"mesh":"53393379"},"geometry":{"type":"LineString","coordinates":[[139.49695,35.64862],[139.49691,35.64844],[139.49734,35.64836]]}},{"type":"Feature","properties":{"idx":163,"road":"多摩境通り","cls":"tertiary","shops":0,"st_km":1.98,"mesh":"53393310"},"geometry":{"type":"LineString","coordinates":[[139.38583,35.59675],[139.38915,35.59486]]}},{"type":"Feature","properties":{"idx":284,"road":"東京都道139号真光寺長津田線","cls":"secondary","shops":4,"st_km":0.27,"mesh":"53393308"},"geometry":{"type":"LineString","coordinates":[[139.48419,35.58462],[139.48429,35.58446]]}},{"type":"Feature","properties":{"idx":140,"road":NaN,"cls":"tertiary","shops":1,"st_km":0.8,"mesh":"53393309"},"geometry":{"type":"LineString","coordinates":[[139.49032,35.58478],[139.49035,35.5853]]}},{"type":"Feature","properties":{"idx":297,"road":"平山通り","cls":"secondary","shops":0,"st_km":0.4,"mesh":"53393380"},"geometry":{"type":"LineString","coordinates":[[139.38205,35.65043],[139.38212,35.65038]]}},{"type":"Feature","properties":{"idx":194,"road":"平山通り","cls":"secondary","shops":1,"st_km":0.36,"mesh":"53393370"},"geometry":{"type":"LineString","coordinates":[[139.38371,35.64817],[139.38376,35.64806]]}},{"type":"Feature","properties":{"idx":94,"road":"鎌倉街道","cls":"primary","shops":0,"st_km":2.89,"mesh":"53393306"},"geometry":{"type":"LineString","coordinates":[[139.45053,35.58785],[139.45043,35.5876]]}},{"type":"Feature","properties":{"idx":93,"road":"鎌倉街道","cls":"primary","shops":0,"st_km":2.9,"mesh":"53393306"},"geometry":{"type":"LineString","coordinates":[[139.45028,35.58757],[139.45038,35.58783]]}},{"type":"Feature","properties":{"idx":165,"road":NaN,"cls":"secondary_link","shops":1,"st_km":0.42,"mesh":"53393351"},"geometry":{"type":"LineString","coordinates":[[139.3981,35.62745],[139.39794,35.62787],[139.3978,35.62791]]}},{"type":"Feature","properties":{"idx":115,"road":NaN,"cls":"secondary_link","shops":0,"st_km":0.37,"mesh":"53393351"},"geometry":{"type":"LineString","coordinates":[[139.39821,35.62718],[139.3981,35.62745]]}},{"type":"Feature","properties":{"idx":177,"road":NaN,"cls":"secondary_link","shops":1,"st_km":0.35,"mesh":"53393351"},"geometry":{"type":"LineString","coordinates":[[139.39826,35.62708],[139.39821,35.62718]]}},{"type":"Feature","properties":{"idx":186,"road":"芝溝街道","cls":"primary","shops":2,"st_km":2.92,"mesh":"53393306"},"geometry":{"type":"LineString","coordinates":[[139.45054,35.58823],[139.44995,35.58816]]}},{"type":"Feature","properties":{"idx":261,"road":"芝溝街道","cls":"primary","shops":0,"st_km":2.96,"mesh":"53393305"},"geometry":{"type":"LineString","coordinates":[[139.44995,35.58816],[139.44962,35.58812]]}},{"type":"Feature","properties":{"idx":156,"road":"川崎街道","cls":"primary","shops":1,"st_km":0.38,"mesh":"53393378"},"geometry":{"type":"LineString","coordinates":[[139.48557,35.64756],[139.48608,35.64767]]}},{"type":"Feature","properties":{"idx":547,"road":"永山駅前通り","cls":"tertiary","shops":4,"st_km":0.14,"mesh":"53393355"},"geometry":{"type":"LineString","coordinates":[[139.44719,35.63061],[139.447,35.63153],[139.44702,35.63161]]}},{"type":"Feature","properties":{"idx":147,"road":NaN,"cls":"tertiary_link","shops":0,"st_km":0.24,"mesh":"53393398"},"geometry":{"type":"LineString","coordinates":[[139.47956,35.66474],[139.47957,35.66481]]}},{"type":"Feature","properties":{"idx":188,"road":"競艇場通り","cls":"tertiary","shops":1,"st_km":0.04,"mesh":"53393389"},"geometry":{"type":"LineString","coordinates":[[139.48787,35.65644],[139.48885,35.65643],[139.48998,35.65633]]}},{"type":"Feature","properties":{"idx":603,"road":"鎌倉街道","cls":"primary","shops":0,"st_km":0.17,"mesh":"53393397"},"geometry":{"type":"LineString","coordinates":[[139.46828,35.66657],[139.46815,35.66654]]}},{"type":"Feature","properties":{"idx":393,"road":"下河原通り","cls":"tertiary","shops":1,"st_km":0.62,"mesh":"53393387"},"geometry":{"type":"LineString","coordinates":[[139.46418,35.65752],[139.46386,35.6573]]}},{"type":"Feature","properties":{"idx":603,"road":"鎌倉街道","cls":"primary","shops":2,"st_km":0.03,"mesh":"53393396"},"geometry":{"type":"LineString","coordinates":[[139.45747,35.6598],[139.45733,35.65934]]}},{"type":"Feature","properties":{"idx":249,"road":"新府中街道","cls":"primary","shops":0,"st_km":0.21,"mesh":"53393396"},"geometry":{"type":"LineString","coordinates":[[139.45752,35.66042],[139.45815,35.66242]]}},{"type":"Feature","properties":{"idx":735,"road":"多摩川通り","cls":"tertiary","shops":0,"st_km":1.03,"mesh":"53393394"},"geometry":{"type":"LineString","coordinates":[[139.44161,35.66122],[139.44115,35.66162],[139.43991,35.66249],[139.43894,35.66328],[139.43577,35.66611],[139.4344,35.66747],[139.43106,35.67108]]}},{"type":"Feature","properties":{"idx":263,"road":"多摩川通り","cls":"tertiary","shops":0,"st_km":0.97,"mesh":"53393395"},"geometry":{"type":"LineString","coordinates":[[139.4471,35.6577],[139.44491,35.65881],[139.44339,35.65974],[139.44259,35.66033],[139.44161,35.66122]]}},{"type":"Feature","properties":{"idx":208,"road":"府中街道","cls":"primary","shops":1,"st_km":0.16,"mesh":"53393389"},"geometry":{"type":"LineString","coordinates":[[139.48743,35.65736],[139.48757,35.6573],[139.48765,35.65718]]}},{"type":"Feature","properties":{"idx":248,"road":"新小金井街道","cls":"secondary","shops":1,"st_km":0.4,"mesh":"53393399"},"geometry":{"type":"LineString","coordinates":[[139.48999,35.65861],[139.49148,35.65903],[139.49274,35.65921]]}},{"type":"Feature","properties":{"idx":149,"road":"府中街道","cls":"primary","shops":0,"st_km":0.09,"mesh":"53393389"},"geometry":{"type":"LineString","coordinates":[[139.48768,35.65609],[139.48766,35.65651]]}},{"type":"Feature","properties":{"idx":150,"road":"府中街道","cls":"primary","shops":0,"st_km":0.08,"mesh":"53393389"},"geometry":{"type":"LineString","coordinates":[[139.48776,35.65651],[139.4878,35.6561]]}},{"type":"Feature","properties":{"idx":122,"road":"府中街道","cls":"primary","shops":0,"st_km":0.31,"mesh":"53393389"},"geometry":{"type":"LineString","coordinates":[[139.4882,35.65184],[139.48821,35.65168]]}},{"type":"Feature","properties":{"idx":122,"road":"府中街道","cls":"primary","shops":0,"st_km":0.31,"mesh":"53393389"},"geometry":{"type":"LineString","coordinates":[[139.48808,35.65166],[139.48805,35.65183]]}},{"type":"Feature","properties":{"idx":125,"road":"府中街道","cls":"primary","shops":0,"st_km":0.28,"mesh":"53393389"},"geometry":{"type":"LineString","coordinates":[[139.48813,35.65132],[139.48808,35.65166]]}},{"type":"Feature","properties":{"idx":126,"road":"府中街道","cls":"primary","shops":0,"st_km":0.28,"mesh":"53393389"},"geometry":{"type":"LineString","coordinates":[[139.48821,35.65168],[139.48822,35.65133]]}},{"type":"Feature","properties":{"idx":332,"road":NaN,"cls":"tertiary","shops":2,"st_km":1.67,"mesh":"53393300"},"geometry":{"type":"LineString","coordinates":[[139.38473,35.59184],[139.38448,35.59118],[139.38431,35.59091]]}},{"type":"Feature","properties":{"idx":157,"road":NaN,"cls":"tertiary","shops":0,"st_km":1.77,"mesh":"53393300"},"geometry":{"type":"LineString","coordinates":[[139.38473,35.59184],[139.38511,35.59173],[139.38671,35.59146]]}},{"type":"Feature","properties":{"idx":555,"road":NaN,"cls":"pedestrian","shops":8,"st_km":0.12,"mesh":"53393332"},"geometry":{"type":"LineString","coordinates":[[139.41107,35.61575],[139.41087,35.61547]]}},{"type":"Feature","properties":{"idx":382,"road":NaN,"cls":"pedestrian","shops":5,"st_km":0.14,"mesh":"53393332"},"geometry":{"type":"LineString","coordinates":[[139.41066,35.61545],[139.41111,35.6155]]}},{"type":"Feature","properties":{"idx":538,"road":NaN,"cls":"pedestrian","shops":8,"st_km":0.15,"mesh":"53393332"},"geometry":{"type":"LineString","coordinates":[[139.41068,35.61541],[139.4107,35.61546]]}},{"type":"Feature","properties":{"idx":124,"road":NaN,"cls":"tertiary","shops":0,"st_km":0.47,"mesh":"53393309"},"geometry":{"type":"LineString","coordinates":[[139.49699,35.58363],[139.49816,35.58414],[139.49834,35.58437],[139.49839,35.58523],[139.49807,35.58635],[139.49807,35.58694],[139.49792,35.58771]]}},{"type":"Feature","properties":{"idx":180,"road":"ふるさと通り","cls":"tertiary","shops":0,"st_km":1.06,"mesh":"53393387"},"geometry":{"type":"LineString","coordinates":[[139.47386,35.65685],[139.47411,35.65658]]}},{"type":"Feature","properties":{"idx":110,"road":NaN,"cls":"tertiary","shops":0,"st_km":0.16,"mesh":"53393389"},"geometry":{"type":"LineString","coordinates":[[139.48882,35.65559],[139.48975,35.65561],[139.4918,35.65556]]}},{"type":"Feature","properties":{"idx":221,"road":NaN,"cls":"tertiary","shops":0,"st_km":0.24,"mesh":"53393388"},"geometry":{"type":"LineString","coordinates":[[139.48563,35.65543],[139.48674,35.6555]]}},{"type":"Feature","properties":{"idx":671,"road":"津久井道","cls":"primary","shops":4,"st_km":0.11,"mesh":"53393309"},"geometry":{"type":"LineString","coordinates":[[139.49638,35.5898],[139.49666,35.59036]]}},{"type":"Feature","properties":{"idx":441,"road":"津久井道","cls":"primary","shops":2,"st_km":0.12,"mesh":"53393309"},"geometry":{"type":"LineString","coordinates":[[139.49666,35.59036],[139.49672,35.59048]]}},{"type":"Feature","properties":{"idx":540,"road":"津久井道","cls":"primary","shops":3,"st_km":0.14,"mesh":"53393309"},"geometry":{"type":"LineString","coordinates":[[139.49672,35.59048],[139.49696,35.59095]]}},{"type":"Feature","properties":{"idx":646,"road":"津久井道","cls":"primary","shops":3,"st_km":0.25,"mesh":"53393319"},"geometry":{"type":"LineString","coordinates":[[139.49796,35.59279],[139.49704,35.5909]]}},{"type":"Feature","properties":{"idx":819,"road":NaN,"cls":"pedestrian","shops":2,"st_km":0.24,"mesh":"53393343"},"geometry":{"type":"LineString","coordinates":[[139.42382,35.62205],[139.42385,35.62165]]}},{"type":"Feature","properties":{"idx":1407,"road":"ハローキティストリート","cls":"pedestrian","shops":10,"st_km":0.27,"mesh":"53393344"},"geometry":{"type":"LineString","coordinates":[[139.42667,35.62354],[139.42698,35.62365]]}},{"type":"Feature","properties":{"idx":393,"road":NaN,"cls":"tertiary","shops":2,"st_km":0.5,"mesh":"53393352"},"geometry":{"type":"LineString","coordinates":[[139.40353,35.62763],[139.40335,35.62836],[139.40316,35.62868]]}},{"type":"Feature","properties":{"idx":140,"road":"鎌倉街道","cls":"primary","shops":0,"st_km":0.97,"mesh":"53393376"},"geometry":{"type":"LineString","coordinates":[[139.45088,35.64075],[139.45204,35.64506]]}},{"type":"Feature","properties":{"idx":139,"road":"鎌倉街道","cls":"primary","shops":0,"st_km":0.97,"mesh":"53393376"},"geometry":{"type":"LineString","coordinates":[[139.45216,35.64499],[139.45102,35.64077]]}},{"type":"Feature","properties":{"idx":203,"road":"あたご切通し","cls":"tertiary","shops":0,"st_km":1.19,"mesh":"53393364"},"geometry":{"type":"LineString","coordinates":[[139.43666,35.63441],[139.43641,35.63494],[139.4363,35.6355]]}},{"type":"Feature","properties":{"idx":201,"road":"あたご切通し","cls":"tertiary","shops":4,"st_km":1.01,"mesh":"53393354"},"geometry":{"type":"LineString","coordinates":[[139.43723,35.63198],[139.4372,35.63243]]}},{"type":"Feature","properties":{"idx":219,"road":NaN,"cls":"tertiary","shops":0,"st_km":1.09,"mesh":"53393364"},"geometry":{"type":"LineString","coordinates":[[139.43692,35.63361],[139.43702,35.63371]]}},{"type":"Feature","properties":{"idx":183,"road":NaN,"cls":"tertiary","shops":0,"st_km":0.15,"mesh":"53393347"},"geometry":{"type":"LineString","coordinates":[[139.47386,35.61957],[139.47406,35.61951]]}},{"type":"Feature","properties":{"idx":184,"road":NaN,"cls":"tertiary","shops":0,"st_km":0.14,"mesh":"53393347"},"geometry":{"type":"LineString","coordinates":[[139.47406,35.61951],[139.47372,35.61954]]}},{"type":"Feature","properties":{"idx":511,"road":NaN,"cls":"pedestrian","shops":0,"st_km":2.0,"mesh":"53393317"},"geometry":{"type":"LineString","coordinates":[[139.46413,35.59392],[139.46442,35.59429]]}},{"type":"Feature","properties":{"idx":152,"road":NaN,"cls":"tertiary","shops":0,"st_km":1.72,"mesh":"53393335"},"geometry":{"type":"LineString","coordinates":[[139.44288,35.61499],[139.44303,35.615]]}},{"type":"Feature","properties":{"idx":152,"road":NaN,"cls":"tertiary","shops":0,"st_km":1.72,"mesh":"53393335"},"geometry":{"type":"LineString","coordinates":[[139.44278,35.61498],[139.44288,35.61499]]}},{"type":"Feature","properties":{"idx":247,"road":NaN,"cls":"secondary","shops":1,"st_km":0.61,"mesh":"53393319"},"geometry":{"type":"LineString","coordinates":[[139.49288,35.59309],[139.49237,35.59344]]}},{"type":"Feature","properties":{"idx":263,"road":NaN,"cls":"secondary","shops":1,"st_km":0.54,"mesh":"53393319"},"geometry":{"type":"LineString","coordinates":[[139.4935,35.5926],[139.49288,35.59309]]}},{"type":"Feature","properties":{"idx":431,"road":NaN,"cls":"tertiary","shops":0,"st_km":1.01,"mesh":"53393318"},"geometry":{"type":"LineString","coordinates":[[139.47652,35.5979],[139.47362,35.59841]]}},{"type":"Feature","properties":{"idx":132,"road":"津久井道","cls":"primary","shops":1,"st_km":0.45,"mesh":"53393308"},"geometry":{"type":"LineString","coordinates":[[139.48582,35.58501],[139.48643,35.58509]]}},{"type":"Feature","properties":{"idx":93,"road":NaN,"cls":"tertiary","shops":0,"st_km":0.23,"mesh":"53393330"},"geometry":{"type":"LineString","coordinates":[[139.37735,35.61364],[139.37736,35.61362]]}},{"type":"Feature","properties":{"idx":92,"road":NaN,"cls":"tertiary","shops":0,"st_km":0.24,"mesh":"53393330"},"geometry":{"type":"LineString","coordinates":[[139.37727,35.61357],[139.37726,35.61359]]}},{"type":"Feature","properties":{"idx":141,"road":NaN,"cls":"tertiary","shops":1,"st_km":0.22,"mesh":"53393330"},"geometry":{"type":"LineString","coordinates":[[139.37747,35.61348],[139.37749,35.61346]]}},{"type":"Feature","properties":{"idx":93,"road":NaN,"cls":"tertiary","shops":0,"st_km":0.23,"mesh":"53393330"},"geometry":{"type":"LineString","coordinates":[[139.37739,35.61341],[139.37738,35.61343]]}},{"type":"Feature","properties":{"idx":223,"road":"川崎街道","cls":"primary","shops":2,"st_km":0.19,"mesh":"53393379"},"geometry":{"type":"LineString","coordinates":[[139.49183,35.64843],[139.49084,35.64833]]}},{"type":"Feature","properties":{"idx":236,"road":"川崎街道","cls":"primary","shops":2,"st_km":0.13,"mesh":"53393379"},"geometry":{"type":"LineString","coordinates":[[139.49084,35.64833],[139.48985,35.64817]]}},{"type":"Feature","properties":{"idx":179,"road":"川崎街道","cls":"primary","shops":1,"st_km":0.12,"mesh":"53393379"},"geometry":{"type":"LineString","coordinates":[[139.48985,35.64817],[139.48975,35.64816]]}}]}