{"type":"FeatureCollection","features":[{"type":"Feature","properties":{"idx":116,"road":"秦野清川線","cls":"primary","shops":0,"st_km":1.5,"mesh":"53390158"},"geometry":{"type":"LineString","coordinates":[[139.23583,35.37964],[139.2361,35.38015],[139.23625,35.38055],[139.23639,35.38155],[139.23656,35.38171]]}},{"type":"Feature","properties":{"idx":454,"road":NaN,"cls":"tertiary","shops":0,"st_km":1.01,"mesh":"53390154"},"geometry":{"type":"LineString","coordinates":[[139.18132,35.37702],[139.18114,35.37765],[139.18045,35.37858],[139.18007,35.37931],[139.17957,35.37992],[139.17915,35.38141],[139.17907,35.38277],[139.17884,35.3836],[139.17805,35.38481],[139.17702,35.38664],[139.177,35.3868],[139.1771,35.38701]]}},{"type":"Feature","properties":{"idx":57,"road":NaN,"cls":"tertiary","shops":0,"st_km":1.94,"mesh":"53390139"},"geometry":{"type":"LineString","coordinates":[[139.24405,35.3663],[139.24414,35.36628],[139.2447,35.36575],[139.24665,35.36448],[139.24725,35.36386],[139.24854,35.36295]]}},{"type":"Feature","properties":{"idx":298,"road":"松田停車場線","cls":"secondary","shops":1,"st_km":0.2,"mesh":"53390111"},"geometry":{"type":"LineString","coordinates":[[139.13787,35.34762],[139.13757,35.34704]]}},{"type":"Feature","properties":{"idx":135,"road":"松田国府津線","cls":"primary","shops":0,"st_km":1.05,"mesh":"53390112"},"geometry":{"type":"LineString","coordinates":[[139.15232,35.33902],[139.1517,35.3416],[139.15056,35.34445],[139.15049,35.34518],[139.15057,35.34596],[139.15052,35.34644],[139.15041,35.34685],[139.15023,35.34711],[139.14999,35.34725],[139.14929,35.34745]]}},{"type":"Feature","properties":{"idx":30,"road":"神縄神山線","cls":"secondary","shops":0,"st_km":3.29,"mesh":"53390150"},"geometry":{"type":"LineString","coordinates":[[139.15845,35.3627],[139.15725,35.36332],[139.15678,35.36381],[139.15657,35.36414],[139.15648,35.3644],[139.15636,35.36528],[139.15619,35.36553],[139.15353,35.36702],[139.15341,35.36714],[139.15327,35.36744],[139.15324,35.36793],[139.15285,35.36842],[139.15215,35.36882],[139.15191,35.36889],[139.15157,35.36888],[139.1512,35.36873],[139.151,35.36876],[139.15088,35.36887],[139.15081,35.36928],[139.15052,35.36983],[139.15012,35.37022],[139.14949,35.37045],[139.14826,35.37066],[139.14791,35.37082],[139.14767,35.37103],[139.14679,35.37149],[139.1467,35.37166],[139.14665,35.37231],[139.14653,35.3725],[139.14638,35.37258],[139.14614,35.37259],[139.14597,35.37254],[139.14574,35.37239],[139.14557,35.37224],[139.14541,35.3719],[139.14506,35.37164],[139.14496,35.37136],[139.14483,35.37127],[139.14366,35.37131],[139.14325,35.37159],[139.14312,35.37155],[139.14278,35.37124],[139.14257,35.37124],[139.14245,35.37139],[139.14216,35.37247],[139.14202,35.37282],[139.14197,35.37319],[139.14163,35.37346],[139.14109,35.37368],[139.14079,35.37409],[139.14061,35.37415],[139.14026,35.37408],[139.13973,35.3743],[139.13914,35.37432],[139.13847,35.37442],[139.13827,35.37466],[139.13796,35.37489],[139.13755,35.3754],[139.13737,35.37546],[139.13693,35.37549],[139.13673,35.37556],[139.13607,35.37605],[139.13536,35.37641],[139.13546,35.37679],[139.13547,35.37707],[139.1354,35.37717],[139.13492,35.37744],[139.13488,35.37752],[139.135,35.37781],[139.13499,35.3782],[139.13518,35.37853],[139.13504,35.37879],[139.13504,35.37957],[139.13499,35.37976],[139.1347,35.38004],[139.13409,35.38047],[139.13355,35.38062],[139.13329,35.38077],[139.1333,35.38091],[139.13368,35.38143],[139.13374,35.38165],[139.13372,35.3818],[139.13368,35.3819],[139.13357,35.38197],[139.13315,35.38203],[139.13305,35.38209],[139.13296,35.38226],[139.13341,35.38302],[139.13379,35.38318],[139.13385,35.38334],[139.13373,35.38347],[139.13319,35.38358],[139.13308,35.38366],[139.13303,35.38387],[139.13328,35.38452],[139.13325,35.38509],[139.13349,35.38566],[139.13362,35.38612],[139.13384,35.38642],[139.13412,35.38658],[139.13457,35.38698],[139.13493,35.38754],[139.13534,35.38839],[139.13571,35.38937],[139.13601,35.38993],[139.13626,35.39054],[139.13648,35.39119],[139.13658,35.39198],[139.13662,35.39204],[139.13685,35.39206],[139.13693,35.39199],[139.13705,35.39168],[139.13722,35.39163],[139.13812,35.39214],[139.13839,35.39237],[139.13825,35.39282],[139.13821,35.39347],[139.13879,35.39541],[139.13908,35.39657],[139.1386,35.39733],[139.13854,35.39751],[139.13856,35.39769],[139.13876,35.3982],[139.13857,35.39862],[139.13874,35.39948],[139.13893,35.40015],[139.13893,35.40027],[139.13887,35.40039]]}},{"type":"Feature","properties":{"idx":43,"road":"大山秦野線","cls":"secondary","shops":0,"st_km":3.31,"mesh":"53390178"},"geometry":{"type":"LineString","coordinates":[[139.2359,35.39728],[139.2361,35.39739],[139.23626,35.39769],[139.23632,35.39796],[139.2363,35.39885],[139.23683,35.4001],[139.23692,35.40044]]}},{"type":"Feature","properties":{"idx":341,"road":"秦野停車場線","cls":"secondary","shops":2,"st_km":0.19,"mesh":"53390148"},"geometry":{"type":"LineString","coordinates":[[139.22651,35.37107],[139.22497,35.37195],[139.22427,35.37243]]}},{"type":"Feature","properties":{"idx":98,"road":"秦野二宮線","cls":"primary_link","shops":0,"st_km":1.22,"mesh":"53390158"},"geometry":{"type":"LineString","coordinates":[[139.23364,35.37885],[139.2332,35.3796]]}},{"type":"Feature","properties":{"idx":93,"road":"秦野二宮線","cls":"primary_link","shops":0,"st_km":1.29,"mesh":"53390158"},"geometry":{"type":"LineString","coordinates":[[139.2325,35.38041],[139.23279,35.38034]]}},{"type":"Feature","properties":{"idx":97,"road":"秦野二宮線","cls":"primary_link","shops":0,"st_km":1.23,"mesh":"53390158"},"geometry":{"type":"LineString","coordinates":[[139.23269,35.38009],[139.23309,35.3798],[139.23334,35.37954],[139.23395,35.37848],[139.23396,35.37836]]}},{"type":"Feature","properties":{"idx":146,"road":"秦野二宮線","cls":"primary","shops":0,"st_km":1.15,"mesh":"53390158"},"geometry":{"type":"LineString","coordinates":[[139.23432,35.37784],[139.23396,35.37836]]}},{"type":"Feature","properties":{"idx":90,"road":NaN,"cls":"primary_link","shops":0,"st_km":1.33,"mesh":"53390158"},"geometry":{"type":"LineString","coordinates":[[139.23305,35.3807],[139.23277,35.3807],[139.2326,35.38048]]}},{"type":"Feature","properties":{"idx":110,"road":NaN,"cls":"tertiary","shops":0,"st_km":1.23,"mesh":"53390158"},"geometry":{"type":"LineString","coordinates":[[139.23237,35.37967],[139.23244,35.37986],[139.23265,35.37999]]}},{"type":"Feature","properties":{"idx":100,"road":NaN,"cls":"tertiary","shops":0,"st_km":1.38,"mesh":"53390158"},"geometry":{"type":"LineString","coordinates":[[139.23264,35.38082],[139.23268,35.38098],[139.23301,35.3816]]}},{"type":"Feature","properties":{"idx":48,"road":"堀山下秦野停車場線","cls":"secondary","shops":0,"st_km":2.02,"mesh":"53390174"},"geometry":{"type":"LineString","coordinates":[[139.18055,35.39122],[139.18113,35.39228],[139.18147,35.39275]]}},{"type":"Feature","properties":{"idx":99,"road":"秦野二宮線","cls":"primary","shops":0,"st_km":0.88,"mesh":"53390148"},"geometry":{"type":"LineString","coordinates":[[139.23567,35.36887],[139.23572,35.369]]}},{"type":"Feature","properties":{"idx":99,"road":NaN,"cls":"tertiary","shops":0,"st_km":0.63,"mesh":"53390148"},"geometry":{"type":"LineString","coordinates":[[139.23038,35.37091],[139.23062,35.37077],[139.23296,35.36979],[139.23567,35.36887]]}},{"type":"Feature","properties":{"idx":315,"road":NaN,"cls":"tertiary","shops":0,"st_km":0.09,"mesh":"53390144"},"geometry":{"type":"LineString","coordinates":[[139.18431,35.37356],[139.18279,35.37406]]}},{"type":"Feature","properties":{"idx":311,"road":NaN,"cls":"tertiary","shops":0,"st_km":0.1,"mesh":"53390144"},"geometry":{"type":"LineString","coordinates":[[139.18402,35.37285],[139.18431,35.37356]]}},{"type":"Feature","properties":{"idx":365,"road":NaN,"cls":"tertiary","shops":0,"st_km":1.18,"mesh":"53390102"},"geometry":{"type":"LineString","coordinates":[[139.16096,35.33983],[139.16082,35.34039],[139.16095,35.34063]]}},{"type":"Feature","properties":{"idx":522,"road":"はだの桜みち","cls":"tertiary","shops":0,"st_km":1.21,"mesh":"53390155"},"geometry":{"type":"LineString","coordinates":[[139.19413,35.37752],[139.20129,35.37358]]}},{"type":"Feature","properties":{"idx":495,"road":"文化会館通り","cls":"tertiary","shops":0,"st_km":1.29,"mesh":"53390155"},"geometry":{"type":"LineString","coordinates":[[139.19413,35.37752],[139.19876,35.38307]]}},{"type":"Feature","properties":{"idx":514,"road":"水無川通り","cls":"tertiary","shops":0,"st_km":1.66,"mesh":"53390164"},"geometry":{"type":"LineString","coordinates":[[139.18531,35.39087],[139.18767,35.38842],[139.18805,35.38813],[139.18901,35.38754],[139.1896,35.38725]]}},{"type":"Feature","properties":{"idx":292,"road":NaN,"cls":"tertiary","shops":0,"st_km":1.77,"mesh":"53390156"},"geometry":{"type":"LineString","coordinates":[[139.20888,35.37799],[139.20924,35.37848],[139.2095,35.37864],[139.20973,35.37871],[139.21037,35.37869],[139.21064,35.37879],[139.2108,35.37891]]}},{"type":"Feature","properties":{"idx":253,"road":NaN,"cls":"tertiary","shops":0,"st_km":1.47,"mesh":"53390146"},"geometry":{"type":"LineString","coordinates":[[139.19675,35.37165],[139.19692,35.3716],[139.19856,35.37164],[139.20054,35.37101],[139.20098,35.37093],[139.20278,35.37091],[139.20382,35.371]]}},{"type":"Feature","properties":{"idx":409,"road":"水無川通り","cls":"tertiary","shops":2,"st_km":0.8,"mesh":"53390147"},"geometry":{"type":"LineString","coordinates":[[139.21329,35.37596],[139.21579,35.37522],[139.22262,35.37363],[139.22419,35.37302],[139.22465,35.37268]]}},{"type":"Feature","properties":{"idx":398,"road":NaN,"cls":"tertiary","shops":4,"st_km":0.32,"mesh":"53390148"},"geometry":{"type":"LineString","coordinates":[[139.23123,35.36901],[139.22799,35.37026]]}},{"type":"Feature","properties":{"idx":225,"road":NaN,"cls":"tertiary","shops":1,"st_km":0.2,"mesh":"53390148"},"geometry":{"type":"LineString","coordinates":[[139.22824,35.3706],[139.22822,35.37057]]}},{"type":"Feature","properties":{"idx":72,"road":NaN,"cls":"tertiary","shops":0,"st_km":1.57,"mesh":"53390103"},"geometry":{"type":"LineString","coordinates":[[139.17252,35.33903],[139.17116,35.33948],[139.17019,35.33967],[139.16989,35.33968],[139.16952,35.3396],[139.16886,35.33923],[139.16852,35.33919],[139.16794,35.33924],[139.16773,35.33922],[139.16697,35.33885],[139.16658,35.33873],[139.16623,35.3387],[139.16464,35.33876],[139.16393,35.3389],[139.16355,35.33908],[139.16313,35.33938],[139.16269,35.33985],[139.1625,35.33997],[139.16215,35.34002],[139.16155,35.33988],[139.16096,35.33983]]}},{"type":"Feature","properties":{"idx":87,"road":NaN,"cls":"tertiary","shops":0,"st_km":1.2,"mesh":"53390112"},"geometry":{"type":"LineString","coordinates":[[139.15837,35.34265],[139.15817,35.34259],[139.15804,35.3425]]}},{"type":"Feature","properties":{"idx":352,"road":NaN,"cls":"tertiary","shops":0,"st_km":1.23,"mesh":"53390102"},"geometry":{"type":"LineString","coordinates":[[139.16095,35.34063],[139.16123,35.34091]]}},{"type":"Feature","properties":{"idx":346,"road":NaN,"cls":"tertiary","shops":0,"st_km":1.26,"mesh":"53390102"},"geometry":{"type":"LineString","coordinates":[[139.16123,35.34091],[139.16134,35.34101]]}},{"type":"Feature","properties":{"idx":59,"road":"神縄神山線","cls":"secondary","shops":0,"st_km":1.65,"mesh":"53390122"},"geometry":{"type":"LineString","coordinates":[[139.15131,35.34805],[139.15414,35.35062],[139.15571,35.35255],[139.15592,35.35269],[139.15606,35.35271],[139.15638,35.35262],[139.15665,35.35261],[139.15695,35.35274],[139.15716,35.35292],[139.15747,35.35331],[139.15771,35.3539],[139.15789,35.35419],[139.15883,35.35514],[139.15892,35.35541],[139.15896,35.35603],[139.15903,35.3562],[139.15923,35.35639]]}},{"type":"Feature","properties":{"idx":341,"road":NaN,"cls":"primary","shops":0,"st_km":0.7,"mesh":"53390101"},"geometry":{"type":"LineString","coordinates":[[139.15072,35.34051],[139.14853,35.33968],[139.1478,35.3395]]}},{"type":"Feature","properties":{"idx":69,"road":"平塚秦野線","cls":"primary","shops":0,"st_km":2.01,"mesh":"53390139"},"geometry":{"type":"LineString","coordinates":[[139.24693,35.36284],[139.24615,35.36342]]}},{"type":"Feature","properties":{"idx":72,"road":"平塚秦野線","cls":"primary","shops":0,"st_km":1.91,"mesh":"53390139"},"geometry":{"type":"LineString","coordinates":[[139.24615,35.36342],[139.24522,35.36412]]}},{"type":"Feature","properties":{"idx":276,"road":NaN,"cls":"tertiary","shops":0,"st_km":1.35,"mesh":"53390146"},"geometry":{"type":"LineString","coordinates":[[139.21164,35.36808],[139.21161,35.36771],[139.21167,35.36713],[139.2116,35.36682],[139.21129,35.36648],[139.21106,35.36613]]}},{"type":"Feature","properties":{"idx":228,"road":"松田停車場線","cls":"secondary","shops":0,"st_km":0.46,"mesh":"53390110"},"geometry":{"type":"LineString","coordinates":[[139.13478,35.34793],[139.13514,35.34859]]}},{"type":"Feature","properties":{"idx":229,"road":NaN,"cls":"tertiary","shops":0,"st_km":0.33,"mesh":"53390110"},"geometry":{"type":"LineString","coordinates":[[139.13618,35.34692],[139.13615,35.34677],[139.13561,35.3458],[139.13466,35.3446]]}},{"type":"Feature","properties":{"idx":329,"road":NaN,"cls":"tertiary","shops":1,"st_km":0.44,"mesh":"53390110"},"geometry":{"type":"LineString","coordinates":[[139.13466,35.3446],[139.13458,35.34451]]}},{"type":"Feature","properties":{"idx":211,"road":NaN,"cls":"tertiary","shops":0,"st_km":0.48,"mesh":"53390110"},"geometry":{"type":"LineString","coordinates":[[139.13458,35.34451],[139.13386,35.34368]]}},{"type":"Feature","properties":{"idx":54,"road":NaN,"cls":"tertiary","shops":0,"st_km":2.28,"mesh":"53390128"},"geometry":{"type":"LineString","coordinates":[[139.2353,35.35036],[139.23457,35.35054],[139.23413,35.3506],[139.23364,35.35058],[139.23307,35.35045]]}},{"type":"Feature","properties":{"idx":93,"road":NaN,"cls":"tertiary","shops":0,"st_km":2.75,"mesh":"53390118"},"geometry":{"type":"LineString","coordinates":[[139.23239,35.34646],[139.23303,35.34584],[139.23366,35.34556]]}},{"type":"Feature","properties":{"idx":57,"road":NaN,"cls":"tertiary","shops":0,"st_km":2.14,"mesh":"53390103"},"geometry":{"type":"LineString","coordinates":[[139.17307,35.34036],[139.17274,35.33956]]}},{"type":"Feature","properties":{"idx":151,"road":NaN,"cls":"tertiary","shops":0,"st_km":2.36,"mesh":"53390167"},"geometry":{"type":"LineString","coordinates":[[139.21938,35.39051],[139.21775,35.39044]]}},{"type":"Feature","properties":{"idx":110,"road":NaN,"cls":"tertiary","shops":0,"st_km":1.24,"mesh":"53390158"},"geometry":{"type":"LineString","coordinates":[[139.23513,35.37602],[139.23526,35.37608],[139.23532,35.37618],[139.23565,35.37744],[139.23638,35.37933],[139.23648,35.3797],[139.23645,35.37982]]}},{"type":"Feature","properties":{"idx":142,"road":NaN,"cls":"tertiary","shops":0,"st_km":3.66,"mesh":"53390119"},"geometry":{"type":"LineString","coordinates":[[139.25093,35.34287],[139.25078,35.34292],[139.25029,35.34288],[139.24985,35.34292],[139.24928,35.3431],[139.24816,35.34368],[139.24784,35.34399]]}},{"type":"Feature","properties":{"idx":159,"road":NaN,"cls":"tertiary","shops":0,"st_km":3.93,"mesh":"53390108"},"geometry":{"type":"LineString","coordinates":[[139.23265,35.3386],[139.23272,35.33661],[139.23258,35.33479],[139.23262,35.33455],[139.23288,35.33381],[139.23346,35.33296],[139.23358,35.33263],[139.2338,35.33253],[139.23465,35.3325]]}},{"type":"Feature","properties":{"idx":110,"road":NaN,"cls":"tertiary","shops":0,"st_km":1.23,"mesh":"53390158"},"geometry":{"type":"LineString","coordinates":[[139.23265,35.37999],[139.23237,35.37967]]}},{"type":"Feature","properties":{"idx":95,"road":"秦野二宮線","cls":"primary_link","shops":0,"st_km":1.25,"mesh":"53390158"},"geometry":{"type":"LineString","coordinates":[[139.2332,35.3796],[139.23292,35.37986],[139.23237,35.38023]]}},{"type":"Feature","properties":{"idx":272,"road":NaN,"cls":"tertiary","shops":0,"st_km":1.9,"mesh":"53390156"},"geometry":{"type":"LineString","coordinates":[[139.20335,35.38132],[139.2035,35.38146]]}},{"type":"Feature","properties":{"idx":450,"road":NaN,"cls":"tertiary","shops":0,"st_km":2.03,"mesh":"53390165"},"geometry":{"type":"LineString","coordinates":[[139.20204,35.39149],[139.19984,35.38884],[139.19943,35.38846],[139.19891,35.38785],[139.19831,35.38677],[139.19785,35.38607],[139.19769,35.38569],[139.19739,35.38529],[139.19726,35.38499],[139.19685,35.38457],[139.19662,35.38412]]}},{"type":"Feature","properties":{"idx":664,"road":NaN,"cls":"tertiary","shops":0,"st_km":1.31,"mesh":"53390165"},"geometry":{"type":"LineString","coordinates":[[139.18827,35.38377],[139.18944,35.38683]]}},{"type":"Feature","properties":{"idx":28,"road":NaN,"cls":"tertiary","shops":0,"st_km":3.09,"mesh":"53390183"},"geometry":{"type":"LineString","coordinates":[[139.17154,35.40074],[139.17305,35.40135],[139.17329,35.40138],[139.17355,35.40132],[139.17367,35.40124],[139.174,35.4008],[139.17426,35.4001],[139.17435,35.39995],[139.17453,35.39982],[139.1751,35.39961],[139.17528,35.39946],[139.17571,35.3985]]}},{"type":"Feature","properties":{"idx":573,"road":NaN,"cls":"tertiary","shops":0,"st_km":1.08,"mesh":"53390155"},"geometry":{"type":"LineString","coordinates":[[139.18827,35.38377],[139.18927,35.38323],[139.1899,35.38302],[139.19111,35.3822],[139.19163,35.38206],[139.19207,35.38208],[139.19252,35.38227],[139.19278,35.38249],[139.19327,35.38309],[139.19342,35.38309],[139.19369,35.38295]]}},{"type":"Feature","properties":{"idx":477,"road":NaN,"cls":"tertiary","shops":0,"st_km":1.34,"mesh":"53390155"},"geometry":{"type":"LineString","coordinates":[[139.19727,35.38131],[139.19575,35.38211],[139.1952,35.3822],[139.19369,35.38295]]}},{"type":"Feature","properties":{"idx":412,"road":"カルチャーパーク通り","cls":"tertiary","shops":1,"st_km":1.88,"mesh":"53390156"},"geometry":{"type":"LineString","coordinates":[[139.19869,35.38298],[139.20082,35.38215],[139.202,35.38153],[139.20625,35.37868],[139.20852,35.37747]]}},{"type":"Feature","properties":{"idx":170,"road":NaN,"cls":"tertiary","shops":1,"st_km":0.49,"mesh":"53390148"},"geometry":{"type":"LineString","coordinates":[[139.2314,35.36939],[139.23124,35.36904]]}},{"type":"Feature","properties":{"idx":60,"road":NaN,"cls":"tertiary","shops":0,"st_km":2.0,"mesh":"53390128"},"geometry":{"type":"LineString","coordinates":[[139.2322,35.35344],[139.23202,35.35287],[139.2318,35.35259],[139.2314,35.35235],[139.23097,35.35224]]}},{"type":"Feature","properties":{"idx":108,"road":"軽便みち","cls":"tertiary","shops":0,"st_km":1.17,"mesh":"53390138"},"geometry":{"type":"LineString","coordinates":[[139.2345,35.36325],[139.23457,35.36305],[139.2346,35.3611]]}},{"type":"Feature","properties":{"idx":210,"road":"井ノ口トンネル","cls":"primary","shops":0,"st_km":3.27,"mesh":"53390108"},"geometry":{"type":"LineString","coordinates":[[139.22686,35.33994],[139.22492,35.34079],[139.22393,35.34114]]}},{"type":"Feature","properties":{"idx":133,"road":NaN,"cls":"tertiary","shops":0,"st_km":3.63,"mesh":"53390115"},"geometry":{"type":"LineString","coordinates":[[139.20327,35.34445],[139.20295,35.34447],[139.20276,35.34439],[139.2021,35.34361],[139.20156,35.34329],[139.20063,35.34326],[139.19971,35.3435],[139.19938,35.34374],[139.19921,35.34403],[139.19875,35.34454],[139.19833,35.34475],[139.19776,35.34487],[139.1976,35.34499],[139.19735,35.34526],[139.19702,35.34595],[139.19685,35.34617],[139.19651,35.34642]]}},{"type":"Feature","properties":{"idx":28,"road":NaN,"cls":"tertiary","shops":0,"st_km":2.46,"mesh":"53390126"},"geometry":{"type":"LineString","coordinates":[[139.21206,35.35107],[139.2119,35.35113],[139.21182,35.35122]]}},{"type":"Feature","properties":{"idx":28,"road":NaN,"cls":"tertiary","shops":0,"st_km":2.46,"mesh":"53390126"},"geometry":{"type":"LineString","coordinates":[[139.2119,35.35124],[139.21206,35.35107]]}},{"type":"Feature","properties":{"idx":29,"road":NaN,"cls":"tertiary","shops":0,"st_km":2.41,"mesh":"53390126"},"geometry":{"type":"LineString","coordinates":[[139.21116,35.3521],[139.21138,35.352],[139.21156,35.35179]]}},{"type":"Feature","properties":{"idx":156,"road":NaN,"cls":"tertiary","shops":0,"st_km":2.84,"mesh":"53390117"},"geometry":{"type":"LineString","coordinates":[[139.21848,35.34576],[139.21883,35.34569],[139.21963,35.34515],[139.22029,35.34484],[139.22089,35.3447],[139.2214,35.34464]]}},{"type":"Feature","properties":{"idx":193,"road":"秦野二宮線","cls":"primary","shops":1,"st_km":1.24,"mesh":"53390138"},"geometry":{"type":"LineString","coordinates":[[139.23389,35.36115],[139.23389,35.36072]]}},{"type":"Feature","properties":{"idx":85,"road":NaN,"cls":"tertiary","shops":0,"st_km":1.37,"mesh":"53390128"},"geometry":{"type":"LineString","coordinates":[[139.22752,35.35666],[139.22743,35.35725],[139.22719,35.35764],[139.226,35.35859]]}},{"type":"Feature","properties":{"idx":73,"road":NaN,"cls":"tertiary","shops":0,"st_km":1.61,"mesh":"53390128"},"geometry":{"type":"LineString","coordinates":[[139.22752,35.35666],[139.22835,35.35666],[139.22861,35.35659],[139.2288,35.35645],[139.22902,35.35594],[139.22921,35.35579],[139.22949,35.35582],[139.22995,35.35601],[139.23066,35.35593],[139.23093,35.35581],[139.23136,35.35545]]}},{"type":"Feature","properties":{"idx":226,"road":NaN,"cls":"tertiary","shops":1,"st_km":3.05,"mesh":"53390117"},"geometry":{"type":"LineString","coordinates":[[139.22179,35.3424],[139.2241,35.34266],[139.22446,35.34278],[139.22485,35.34306],[139.22502,35.34332],[139.22529,35.3442]]}},{"type":"Feature","properties":{"idx":342,"road":NaN,"cls":"tertiary","shops":0,"st_km":0.26,"mesh":"53390147"},"geometry":{"type":"LineString","coordinates":[[139.22412,35.36846],[139.22537,35.3675]]}},{"type":"Feature","properties":{"idx":164,"road":NaN,"cls":"tertiary","shops":0,"st_km":0.12,"mesh":"53390148"},"geometry":{"type":"LineString","coordinates":[[139.22646,35.36862],[139.22506,35.36945]]}},{"type":"Feature","properties":{"idx":456,"road":NaN,"cls":"tertiary","shops":0,"st_km":1.41,"mesh":"53390155"},"geometry":{"type":"LineString","coordinates":[[139.20041,35.37872],[139.19942,35.37935],[139.19898,35.37956],[139.1984,35.37967],[139.19785,35.37962],[139.19731,35.37968],[139.19688,35.37982],[139.1963,35.38011]]}},{"type":"Feature","properties":{"idx":96,"road":NaN,"cls":"tertiary_link","shops":0,"st_km":0.34,"mesh":"53390111"},"geometry":{"type":"LineString","coordinates":[[139.14092,35.34904],[139.14067,35.34896],[139.1398,35.3489],[139.13965,35.3488]]}},{"type":"Feature","properties":{"idx":108,"road":NaN,"cls":"tertiary","shops":1,"st_km":1.49,"mesh":"53390139"},"geometry":{"type":"LineString","coordinates":[[139.23885,35.36026],[139.2387,35.36032],[139.23837,35.36064],[139.23702,35.36129]]}},{"type":"Feature","properties":{"idx":66,"road":NaN,"cls":"tertiary","shops":0,"st_km":1.65,"mesh":"53390139"},"geometry":{"type":"LineString","coordinates":[[139.24047,35.36019],[139.23925,35.36018],[139.23885,35.36026]]}},{"type":"Feature","properties":{"idx":103,"road":NaN,"cls":"tertiary","shops":0,"st_km":2.37,"mesh":"53390118"},"geometry":{"type":"LineString","coordinates":[[139.23013,35.34945],[139.2307,35.3485]]}},{"type":"Feature","properties":{"idx":320,"road":NaN,"cls":"tertiary","shops":0,"st_km":2.13,"mesh":"53390129"},"geometry":{"type":"LineString","coordinates":[[139.24203,35.3568],[139.24434,35.35785],[139.24581,35.35862]]}},{"type":"Feature","properties":{"idx":452,"road":NaN,"cls":"secondary","shops":3,"st_km":0.14,"mesh":"53390148"},"geometry":{"type":"LineString","coordinates":[[139.2268,35.37132],[139.22655,35.3711]]}},{"type":"Feature","properties":{"idx":368,"road":"堀山下秦野停車場線","cls":"secondary","shops":2,"st_km":0.12,"mesh":"53390148"},"geometry":{"type":"LineString","coordinates":[[139.22655,35.3711],[139.22651,35.37107]]}},{"type":"Feature","properties":{"idx":263,"road":"堀山下秦野停車場線","cls":"secondary","shops":1,"st_km":0.17,"mesh":"53390148"},"geometry":{"type":"LineString","coordinates":[[139.227,35.37147],[139.22683,35.37135]]}},{"type":"Feature","properties":{"idx":248,"road":"堀山下秦野停車場線","cls":"secondary","shops":1,"st_km":0.22,"mesh":"53390148"},"geometry":{"type":"LineString","coordinates":[[139.22779,35.37205],[139.2273,35.37164],[139.227,35.37147]]}},{"type":"Feature","properties":{"idx":118,"road":NaN,"cls":"tertiary","shops":0,"st_km":0.44,"mesh":"53390148"},"geometry":{"type":"LineString","coordinates":[[139.23038,35.37091],[139.23042,35.37072],[139.23066,35.37037],[139.23132,35.3697],[139.2314,35.36955],[139.2314,35.36939]]}},{"type":"Feature","properties":{"idx":148,"road":"十代橋","cls":"tertiary","shops":0,"st_km":0.86,"mesh":"53390158"},"geometry":{"type":"LineString","coordinates":[[139.23304,35.37517],[139.23337,35.37506]]}},{"type":"Feature","properties":{"idx":147,"road":NaN,"cls":"tertiary","shops":0,"st_km":0.87,"mesh":"53390158"},"geometry":{"type":"LineString","coordinates":[[139.23337,35.37506],[139.23353,35.37507]]}},{"type":"Feature","properties":{"idx":85,"road":NaN,"cls":"tertiary","shops":0,"st_km":0.8,"mesh":"53390148"},"geometry":{"type":"LineString","coordinates":[[139.23207,35.37472],[139.23302,35.37518]]}},{"type":"Feature","properties":{"idx":97,"road":"秦野二宮線","cls":"primary_link","shops":0,"st_km":1.23,"mesh":"53390158"},"geometry":{"type":"LineString","coordinates":[[139.23364,35.37885],[139.23354,35.37894],[139.23329,35.37937],[139.23308,35.37963],[139.23265,35.37999]]}},{"type":"Feature","properties":{"idx":135,"road":"秦野停車場線","cls":"secondary","shops":0,"st_km":1.12,"mesh":"53390158"},"geometry":{"type":"LineString","coordinates":[[139.23333,35.37812],[139.23362,35.37823]]}},{"type":"Feature","properties":{"idx":121,"road":"秦野停車場線","cls":"secondary","shops":0,"st_km":1.27,"mesh":"53390158"},"geometry":{"type":"LineString","coordinates":[[139.23396,35.37836],[139.23449,35.37862],[139.23559,35.37928],[139.23583,35.37964]]}},{"type":"Feature","properties":{"idx":74,"road":NaN,"cls":"secondary_link","shops":0,"st_km":1.39,"mesh":"53390158"},"geometry":{"type":"LineString","coordinates":[[139.23645,35.37982],[139.23559,35.37928]]}},{"type":"Feature","properties":{"idx":218,"road":NaN,"cls":"tertiary","shops":0,"st_km":1.86,"mesh":"53390168"},"geometry":{"type":"LineString","coordinates":[[139.23232,35.38658],[139.23214,35.386],[139.23192,35.38553]]}},{"type":"Feature","properties":{"idx":180,"road":NaN,"cls":"tertiary","shops":0,"st_km":2.35,"mesh":"53390168"},"geometry":{"type":"LineString","coordinates":[[139.23232,35.38658],[139.23222,35.38761],[139.23239,35.38888],[139.2325,35.39058],[139.23284,35.39187],[139.2331,35.39244],[139.23322,35.3935],[139.23354,35.39442]]}},{"type":"Feature","properties":{"idx":42,"road":"金目川橋","cls":"tertiary","shops":0,"st_km":2.84,"mesh":"53390178"},"geometry":{"type":"LineString","coordinates":[[139.23156,35.39533],[139.23171,35.3952]]}},{"type":"Feature","properties":{"idx":43,"road":NaN,"cls":"tertiary","shops":0,"st_km":2.69,"mesh":"53390178"},"geometry":{"type":"LineString","coordinates":[[139.23414,35.3942],[139.23428,35.394],[139.23451,35.39341],[139.23468,35.39313],[139.23523,35.39269],[139.23535,35.39262],[139.23547,35.39261]]}},{"type":"Feature","properties":{"idx":223,"road":NaN,"cls":"tertiary","shops":0,"st_km":1.5,"mesh":"53390167"},"geometry":{"type":"LineString","coordinates":[[139.22277,35.38567],[139.22306,35.38554],[139.22473,35.38524],[139.22519,35.38485],[139.22526,35.3847],[139.22522,35.38419],[139.22502,35.38398],[139.2249,35.38377],[139.22506,35.38283],[139.22516,35.38255],[139.22534,35.38239],[139.22629,35.38233],[139.2265,35.38219],[139.22658,35.38199],[139.22666,35.3816],[139.22662,35.38147],[139.2263,35.38099]]}},{"type":"Feature","properties":{"idx":42,"road":NaN,"cls":"tertiary","shops":0,"st_km":2.79,"mesh":"53390178"},"geometry":{"type":"LineString","coordinates":[[139.23171,35.3952],[139.23232,35.3947],[139.23354,35.39442]]}},{"type":"Feature","properties":{"idx":103,"road":"大山秦野線","cls":"secondary","shops":1,"st_km":2.71,"mesh":"53390189"},"geometry":{"type":"LineString","coordinates":[[139.23689,35.40309],[139.23739,35.40348],[139.23817,35.4039],[139.2398,35.40498]]}},{"type":"Feature","properties":{"idx":74,"road":"久保橋","cls":"secondary","shops":0,"st_km":2.36,"mesh":"53390189"},"geometry":{"type":"LineString","coordinates":[[139.24238,35.40669],[139.24245,35.40666]]}},{"type":"Feature","properties":{"idx":74,"road":"大山秦野線","cls":"secondary","shops":0,"st_km":2.37,"mesh":"53390189"},"geometry":{"type":"LineString","coordinates":[[139.24245,35.40666],[139.24252,35.40659]]}},{"type":"Feature","properties":{"idx":73,"road":"大山秦野線","cls":"secondary","shops":0,"st_km":2.4,"mesh":"53390189"},"geometry":{"type":"LineString","coordinates":[[139.24252,35.40659],[139.24276,35.40636],[139.24294,35.40627],[139.24347,35.40622],[139.24396,35.40601]]}},{"type":"Feature","properties":{"idx":82,"road":"滝ノ上橋","cls":"tertiary","shops":0,"st_km":3.5,"mesh":"53390116"},"geometry":{"type":"LineString","coordinates":[[139.2034,35.34441],[139.20391,35.34426],[139.20417,35.34411]]}},{"type":"Feature","properties":{"idx":89,"road":"神縄神山線","cls":"secondary","shops":0,"st_km":2.5,"mesh":"53390132"},"geometry":{"type":"LineString","coordinates":[[139.15836,35.36213],[139.15862,35.3619]]}},{"type":"Feature","properties":{"idx":566,"road":NaN,"cls":"tertiary","shops":12,"st_km":3.6,"mesh":"53390116"},"geometry":{"type":"LineString","coordinates":[[139.20417,35.34411],[139.20448,35.34366],[139.20447,35.34322],[139.20442,35.34299],[139.20394,35.34221],[139.2036,35.342],[139.20353,35.34191]]}},{"type":"Feature","properties":{"idx":284,"road":NaN,"cls":"tertiary","shops":0,"st_km":2.93,"mesh":"53390176"},"geometry":{"type":"LineString","coordinates":[[139.21484,35.39153],[139.2147,35.39156],[139.21435,35.39154],[139.21345,35.39202],[139.21278,35.39213],[139.21245,35.39251],[139.21187,35.39292],[139.21153,35.39348],[139.2113,35.39437],[139.2109,35.39501],[139.21069,35.39589],[139.21007,35.39677],[139.2098,35.39699]]}},{"type":"Feature","properties":{"idx":281,"road":NaN,"cls":"tertiary","shops":0,"st_km":2.97,"mesh":"53390176"},"geometry":{"type":"LineString","coordinates":[[139.205,35.39365],[139.20544,35.39367],[139.20596,35.39362],[139.20664,35.39362],[139.20794,35.39314],[139.20896,35.39284]]}},{"type":"Feature","properties":{"idx":96,"road":NaN,"cls":"tertiary","shops":0,"st_km":1.42,"mesh":"53390149"},"geometry":{"type":"LineString","coordinates":[[139.23912,35.36789],[139.23983,35.36806],[139.24036,35.36798],[139.24294,35.36683],[139.24345,35.36636]]}},{"type":"Feature","properties":{"idx":193,"road":NaN,"cls":"tertiary","shops":0,"st_km":1.76,"mesh":"53390167"},"geometry":{"type":"LineString","coordinates":[[139.21505,35.38666],[139.21632,35.38635],[139.21669,35.38621],[139.21705,35.38601],[139.21833,35.38523],[139.21869,35.3849],[139.21936,35.38412],[139.21963,35.38392],[139.21997,35.38376],[139.22054,35.38366],[139.22277,35.38367]]}},{"type":"Feature","properties":{"idx":199,"road":NaN,"cls":"tertiary","shops":0,"st_km":1.7,"mesh":"53390167"},"geometry":{"type":"LineString","coordinates":[[139.22277,35.38494],[139.2203,35.38493]]}},{"type":"Feature","properties":{"idx":209,"road":NaN,"cls":"tertiary","shops":0,"st_km":1.61,"mesh":"53390167"},"geometry":{"type":"LineString","coordinates":[[139.22277,35.38494],[139.22277,35.38367]]}},{"type":"Feature","properties":{"idx":28,"road":NaN,"cls":"tertiary","shops":0,"st_km":2.47,"mesh":"53390126"},"geometry":{"type":"LineString","coordinates":[[139.20647,35.35385],[139.20727,35.35349],[139.20924,35.35305],[139.20972,35.35268]]}},{"type":"Feature","properties":{"idx":29,"road":NaN,"cls":"tertiary","shops":0,"st_km":3.72,"mesh":"53390107"},"geometry":{"type":"LineString","coordinates":[[139.21947,35.33521],[139.21884,35.33504],[139.21864,35.33505],[139.21834,35.33515],[139.21824,35.33523],[139.2181,35.33546],[139.21797,35.33601],[139.21799,35.33651],[139.21878,35.33949],[139.21881,35.3398],[139.21875,35.34015]]}},{"type":"Feature","properties":{"idx":292,"road":NaN,"cls":"tertiary","shops":0,"st_km":0.77,"mesh":"53390101"},"geometry":{"type":"LineString","coordinates":[[139.14024,35.33609],[139.13942,35.33727],[139.13904,35.33761],[139.13815,35.33822],[139.13746,35.33893],[139.13745,35.33901]]}},{"type":"Feature","properties":{"idx":842,"road":"足柄大橋","cls":"primary","shops":0,"st_km":0.84,"mesh":"53390100"},"geometry":{"type":"LineString","coordinates":[[139.13933,35.33572],[139.13142,35.33247]]}},{"type":"Feature","properties":{"idx":193,"road":"新十文字橋","cls":"secondary","shops":0,"st_km":0.63,"mesh":"53390110"},"geometry":{"type":"LineString","coordinates":[[139.12923,35.3431],[139.13356,35.34645],[139.13427,35.34718],[139.13478,35.34793]]}},{"type":"Feature","properties":{"idx":181,"road":"十文字橋","cls":"tertiary","shops":0,"st_km":0.64,"mesh":"53390110"},"geometry":{"type":"LineString","coordinates":[[139.13378,35.34362],[139.13162,35.34207]]}},{"type":"Feature","properties":{"idx":155,"road":NaN,"cls":"tertiary","shops":0,"st_km":0.81,"mesh":"53390110"},"geometry":{"type":"LineString","coordinates":[[139.13162,35.34207],[139.13108,35.34161],[139.13088,35.34133]]}},{"type":"Feature","properties":{"idx":42,"road":NaN,"cls":"tertiary","shops":0,"st_km":2.22,"mesh":"53390104"},"geometry":{"type":"LineString","coordinates":[[139.18018,35.33344],[139.18114,35.33343],[139.1813,35.33338],[139.1814,35.33326],[139.1814,35.33315],[139.1812,35.33272],[139.1812,35.33255],[139.18126,35.33246],[139.1815,35.33233],[139.18178,35.3323],[139.18203,35.33248],[139.18224,35.33283],[139.18196,35.33355],[139.18201,35.33373],[139.18225,35.33403],[139.18262,35.33434],[139.18312,35.33468],[139.18382,35.33495],[139.18429,35.33497],[139.18441,35.33543],[139.18453,35.33563],[139.18441,35.33582],[139.18418,35.33591],[139.18323,35.33575],[139.18302,35.33579],[139.18289,35.33597],[139.18297,35.33636],[139.18295,35.33651],[139.18281,35.33676],[139.18267,35.33686]]}},{"type":"Feature","properties":{"idx":1464,"road":NaN,"cls":"tertiary","shops":0,"st_km":0.44,"mesh":"53390145"},"geometry":{"type":"LineString","coordinates":[[139.19227,35.3715],[139.18882,35.37189],[139.18632,35.3724],[139.18506,35.37272]]}},{"type":"Feature","properties":{"idx":65,"road":"蓬来橋","cls":"tertiary","shops":0,"st_km":1.66,"mesh":"53390139"},"geometry":{"type":"LineString","coordinates":[[139.24353,35.36635],[139.24405,35.3663]]}},{"type":"Feature","properties":{"idx":98,"road":"秦野二宮線","cls":"primary","shops":0,"st_km":0.89,"mesh":"53390148"},"geometry":{"type":"LineString","coordinates":[[139.23586,35.36937],[139.23611,35.37011],[139.23613,35.37054],[139.23517,35.37294],[139.23508,35.37347],[139.23516,35.3744]]}},{"type":"Feature","properties":{"idx":98,"road":"秦野二宮線","cls":"primary","shops":0,"st_km":0.89,"mesh":"53390148"},"geometry":{"type":"LineString","coordinates":[[139.23572,35.369],[139.23586,35.36937]]}},{"type":"Feature","properties":{"idx":328,"road":NaN,"cls":"tertiary","shops":0,"st_km":2.05,"mesh":"53390159"},"geometry":{"type":"LineString","coordinates":[[139.2452,35.38111],[139.24435,35.38061],[139.24391,35.38024]]}},{"type":"Feature","properties":{"idx":228,"road":"平成橋","cls":"tertiary","shops":1,"st_km":0.19,"mesh":"53390148"},"geometry":{"type":"LineString","coordinates":[[139.22822,35.37057],[139.22802,35.3703]]}},{"type":"Feature","properties":{"idx":160,"road":NaN,"cls":"tertiary","shops":0,"st_km":0.14,"mesh":"53390148"},"geometry":{"type":"LineString","coordinates":[[139.22799,35.37026],[139.22719,35.36937]]}},{"type":"Feature","properties":{"idx":141,"road":NaN,"cls":"tertiary","shops":1,"st_km":0.68,"mesh":"53390148"},"geometry":{"type":"LineString","coordinates":[[139.23141,35.36941],[139.23351,35.36837],[139.23405,35.36805],[139.23485,35.36744],[139.23508,35.36734]]}},{"type":"Feature","properties":{"idx":206,"road":NaN,"cls":"tertiary","shops":0,"st_km":1.38,"mesh":"53390153"},"geometry":{"type":"LineString","coordinates":[[139.17061,35.37859],[139.17103,35.37955],[139.17112,35.38066],[139.17136,35.38093],[139.17175,35.38103]]}},{"type":"Feature","properties":{"idx":20,"road":NaN,"cls":"tertiary","shops":0,"st_km":3.41,"mesh":"53390173"},"geometry":{"type":"LineString","coordinates":[[139.15908,35.40209],[139.16252,35.39918],[139.16358,35.39854],[139.16396,35.39788],[139.16423,35.39719],[139.16516,35.39657],[139.16528,35.39642],[139.16553,35.39591],[139.16566,35.39578]]}},{"type":"Feature","properties":{"idx":94,"road":"平塚松田線","cls":"primary","shops":0,"st_km":4.07,"mesh":"53390109"},"geometry":{"type":"LineString","coordinates":[[139.25,35.33843],[139.24989,35.33813],[139.24967,35.33798],[139.24936,35.33789],[139.24857,35.33781],[139.24819,35.33755],[139.24789,35.33719],[139.2471,35.33701],[139.24678,35.33706],[139.24653,35.33726],[139.24649,35.33737],[139.24651,35.33753],[139.24693,35.33797],[139.24698,35.33815],[139.24684,35.33835],[139.24647,35.33841],[139.24618,35.33828],[139.24568,35.3378],[139.24496,35.33777],[139.24464,35.33771],[139.24425,35.33724],[139.24339,35.33686],[139.24323,35.33671],[139.24319,35.33633],[139.24311,35.33614],[139.24288,35.33595],[139.24198,35.33584],[139.24094,35.33578],[139.24045,35.33563],[139.23962,35.33532],[139.23846,35.33454],[139.23819,35.33442],[139.23803,35.33441],[139.23784,35.33446],[139.23754,35.33467],[139.23742,35.3354],[139.23668,35.33685],[139.2365,35.33817],[139.23655,35.33908],[139.23653,35.33962],[139.23648,35.33989],[139.23636,35.34003]]}},{"type":"Feature","properties":{"idx":87,"road":"秦野大井線","cls":"secondary","shops":0,"st_km":1.39,"mesh":"53390112"},"geometry":{"type":"LineString","coordinates":[[139.16134,35.34101],[139.16186,35.34156],[139.162,35.34194],[139.16197,35.34234],[139.16173,35.34301],[139.16171,35.34321],[139.16175,35.34364],[139.16173,35.34382],[139.16167,35.34395],[139.1614,35.34416],[139.16104,35.34418],[139.16078,35.34404],[139.1603,35.34349],[139.16,35.34332],[139.15965,35.34335],[139.1595,35.34342],[139.15934,35.34363],[139.15932,35.34384],[139.15942,35.34404],[139.15967,35.34423],[139.16044,35.34463],[139.16148,35.34505],[139.16279,35.34589]]}},{"type":"Feature","properties":{"idx":201,"road":NaN,"cls":"tertiary","shops":0,"st_km":0.82,"mesh":"53390147"},"geometry":{"type":"LineString","coordinates":[[139.21584,35.36713],[139.21693,35.36715],[139.21716,35.36721],[139.21733,35.36744],[139.21757,35.36795],[139.21866,35.36924]]}},{"type":"Feature","properties":{"idx":334,"road":NaN,"cls":"tertiary","shops":0,"st_km":0.29,"mesh":"53390147"},"geometry":{"type":"LineString","coordinates":[[139.22206,35.36947],[139.22321,35.36906],[139.22412,35.36846]]}},{"type":"Feature","properties":{"idx":203,"road":"平塚松田線","cls":"primary","shops":0,"st_km":3.61,"mesh":"53390108"},"geometry":{"type":"LineString","coordinates":[[139.23265,35.3386],[139.2322,35.33847],[139.23206,35.33831],[139.23191,35.33798],[139.23173,35.33785],[139.23157,35.3378],[139.23132,35.3378],[139.2306,35.338],[139.23001,35.33805]]}},{"type":"Feature","properties":{"idx":308,"road":"平塚松田線","cls":"primary","shops":1,"st_km":3.45,"mesh":"53390108"},"geometry":{"type":"LineString","coordinates":[[139.23487,35.33981],[139.23476,35.33975]]}},{"type":"Feature","properties":{"idx":166,"road":NaN,"cls":"tertiary","shops":0,"st_km":2.55,"mesh":"53390117"},"geometry":{"type":"LineString","coordinates":[[139.22543,35.34819],[139.22306,35.34775],[139.22254,35.3475],[139.22219,35.3472],[139.22189,35.34679],[139.22177,35.34654],[139.22173,35.34632],[139.22173,35.34588],[139.22193,35.34464]]}},{"type":"Feature","properties":{"idx":95,"road":NaN,"cls":"tertiary","shops":0,"st_km":2.65,"mesh":"53390118"},"geometry":{"type":"LineString","coordinates":[[139.22529,35.3442],[139.22555,35.34507],[139.22567,35.34576],[139.22571,35.34647],[139.22567,35.34703],[139.22543,35.34819]]}},{"type":"Feature","properties":{"idx":62,"road":NaN,"cls":"tertiary","shops":0,"st_km":1.94,"mesh":"53390128"},"geometry":{"type":"LineString","coordinates":[[139.23037,35.35228],[139.22935,35.35251],[139.22705,35.35264],[139.22652,35.35276],[139.22519,35.35324]]}},{"type":"Feature","properties":{"idx":179,"road":NaN,"cls":"tertiary","shops":0,"st_km":1.6,"mesh":"53390127"},"geometry":{"type":"LineString","coordinates":[[139.22355,35.35735],[139.2238,35.35648],[139.22383,35.35617],[139.22381,35.3558],[139.22356,35.35513],[139.22299,35.35434]]}},{"type":"Feature","properties":{"idx":143,"road":NaN,"cls":"tertiary","shops":0,"st_km":2.07,"mesh":"53390127"},"geometry":{"type":"LineString","coordinates":[[139.22299,35.35434],[139.22214,35.35323],[139.22173,35.35262],[139.22168,35.35222],[139.22174,35.352],[139.2219,35.35171],[139.2222,35.35145],[139.2227,35.35126],[139.22465,35.35102],[139.22517,35.35101]]}},{"type":"Feature","properties":{"idx":56,"road":"砂口橋","cls":"tertiary","shops":0,"st_km":2.19,"mesh":"53390128"},"geometry":{"type":"LineString","coordinates":[[139.22518,35.35021],[139.22517,35.35057]]}},{"type":"Feature","properties":{"idx":213,"road":NaN,"cls":"tertiary","shops":1,"st_km":2.08,"mesh":"53390127"},"geometry":{"type":"LineString","coordinates":[[139.22517,35.35101],[139.22514,35.35126],[139.22504,35.35131],[139.22467,35.35133],[139.22458,35.35142],[139.22463,35.35154]]}},{"type":"Feature","properties":{"idx":72,"road":NaN,"cls":"tertiary","shops":0,"st_km":1.64,"mesh":"53390128"},"geometry":{"type":"LineString","coordinates":[[139.23368,35.35785],[139.23447,35.35705],[139.2346,35.35699],[139.23511,35.35719],[139.23512,35.35729],[139.23494,35.35765]]}},{"type":"Feature","properties":{"idx":77,"road":NaN,"cls":"tertiary","shops":0,"st_km":1.53,"mesh":"53390128"},"geometry":{"type":"LineString","coordinates":[[139.23368,35.35785],[139.23279,35.35727]]}},{"type":"Feature","properties":{"idx":105,"road":NaN,"cls":"tertiary","shops":0,"st_km":1.2,"mesh":"53390138"},"geometry":{"type":"LineString","coordinates":[[139.22996,35.35972],[139.22993,35.35964]]}},{"type":"Feature","properties":{"idx":72,"road":NaN,"cls":"tertiary","shops":0,"st_km":1.64,"mesh":"53390128"},"geometry":{"type":"LineString","coordinates":[[139.23184,35.35613],[139.23188,35.3561]]}},{"type":"Feature","properties":{"idx":153,"road":NaN,"cls":"tertiary","shops":1,"st_km":2.39,"mesh":"53390118"},"geometry":{"type":"LineString","coordinates":[[139.23125,35.34873],[139.23231,35.34913],[139.23264,35.34915],[139.23299,35.34911]]}},{"type":"Feature","properties":{"idx":98,"road":NaN,"cls":"tertiary","shops":0,"st_km":2.53,"mesh":"53390118"},"geometry":{"type":"LineString","coordinates":[[139.22742,35.34852],[139.22771,35.34745],[139.2287,35.34727],[139.22883,35.34732],[139.22888,35.34772],[139.22893,35.3478],[139.2307,35.3485]]}},{"type":"Feature","properties":{"idx":97,"road":NaN,"cls":"tertiary","shops":0,"st_km":2.58,"mesh":"53390118"},"geometry":{"type":"LineString","coordinates":[[139.23115,35.34769],[139.23071,35.3475],[139.23069,35.34741],[139.2309,35.34704],[139.23091,35.34692],[139.23083,35.34679],[139.23048,35.34656]]}},{"type":"Feature","properties":{"idx":126,"road":NaN,"cls":"tertiary","shops":0,"st_km":0.97,"mesh":"53390138"},"geometry":{"type":"LineString","coordinates":[[139.23351,35.36376],[139.23318,35.36352]]}},{"type":"Feature","properties":{"idx":97,"road":NaN,"cls":"tertiary","shops":0,"st_km":1.32,"mesh":"53390138"},"geometry":{"type":"LineString","coordinates":[[139.22978,35.35925],[139.23108,35.35884],[139.23149,35.35857],[139.23196,35.3581]]}},{"type":"Feature","properties":{"idx":130,"road":NaN,"cls":"tertiary","shops":0,"st_km":0.94,"mesh":"53390138"},"geometry":{"type":"LineString","coordinates":[[139.23244,35.36226],[139.2321,35.36243],[139.23154,35.363],[139.23129,35.36317],[139.23115,35.36326],[139.23059,35.36342]]}},{"type":"Feature","properties":{"idx":146,"road":NaN,"cls":"tertiary","shops":0,"st_km":0.8,"mesh":"53390138"},"geometry":{"type":"LineString","coordinates":[[139.22665,35.36381],[139.22699,35.36196]]}},{"type":"Feature","properties":{"idx":183,"road":"尾尻隧道","cls":"tertiary","shops":0,"st_km":0.55,"mesh":"53390138"},"geometry":{"type":"LineString","coordinates":[[139.22638,35.36533],[139.22645,35.36492]]}},{"type":"Feature","properties":{"idx":189,"road":NaN,"cls":"tertiary","shops":0,"st_km":1.03,"mesh":"53390137"},"geometry":{"type":"LineString","coordinates":[[139.21584,35.36713],[139.21563,35.36634],[139.21539,35.36577]]}},{"type":"Feature","properties":{"idx":273,"road":"今泉蛍橋","cls":"tertiary","shops":0,"st_km":0.61,"mesh":"53390137"},"geometry":{"type":"LineString","coordinates":[[139.22155,35.36617],[139.22145,35.36602]]}},{"type":"Feature","properties":{"idx":255,"road":NaN,"cls":"tertiary","shops":0,"st_km":0.68,"mesh":"53390137"},"geometry":{"type":"LineString","coordinates":[[139.22145,35.36602],[139.22113,35.36547],[139.22114,35.36522],[139.22124,35.36504],[139.22148,35.36488],[139.22304,35.3645],[139.22321,35.36439],[139.22342,35.36409],[139.22345,35.36374],[139.22318,35.36325],[139.22306,35.36286],[139.22301,35.36206]]}},{"type":"Feature","properties":{"idx":211,"road":NaN,"cls":"tertiary","shops":0,"st_km":1.8,"mesh":"53390146"},"geometry":{"type":"LineString","coordinates":[[139.20382,35.371],[139.20399,35.37103]]}},{"type":"Feature","properties":{"idx":278,"road":NaN,"cls":"tertiary","shops":0,"st_km":1.34,"mesh":"53390146"},"geometry":{"type":"LineString","coordinates":[[139.20399,35.37103],[139.20477,35.37121],[139.20535,35.37141],[139.20679,35.3725],[139.20718,35.3727],[139.20925,35.3732],[139.20958,35.37321],[139.21101,35.37301],[139.2151,35.37273],[139.21782,35.37295],[139.21883,35.37316],[139.22025,35.37294]]}},{"type":"Feature","properties":{"idx":260,"road":"はだの桜みち","cls":"primary","shops":0,"st_km":1.83,"mesh":"53390146"},"geometry":{"type":"LineString","coordinates":[[139.20426,35.37056],[139.2041,35.37076]]}},{"type":"Feature","properties":{"idx":280,"road":"はだの桜みち","cls":"primary","shops":0,"st_km":1.68,"mesh":"53390146"},"geometry":{"type":"LineString","coordinates":[[139.2041,35.37076],[139.20255,35.37269],[139.202,35.37318],[139.20129,35.37358]]}},{"type":"Feature","properties":{"idx":1096,"road":"秦野停車場線","cls":"secondary","shops":4,"st_km":0.31,"mesh":"53390147"},"geometry":{"type":"LineString","coordinates":[[139.22431,35.37246],[139.2246,35.37265]]}},{"type":"Feature","properties":{"idx":141,"road":"秦野停車場線","cls":"secondary","shops":0,"st_km":0.38,"mesh":"53390148"},"geometry":{"type":"LineString","coordinates":[[139.22465,35.37268],[139.22541,35.37321],[139.22626,35.37357],[139.22747,35.37444]]}},{"type":"Feature","properties":{"idx":35,"road":"堀山下秦野停車場線","cls":"secondary","shops":0,"st_km":2.99,"mesh":"53390185"},"geometry":{"type":"LineString","coordinates":[[139.18847,35.40043],[139.18858,35.40056],[139.18887,35.40076],[139.18959,35.40095]]}},{"type":"Feature","properties":{"idx":35,"road":"堀山下秦野停車場線","cls":"secondary","shops":0,"st_km":2.94,"mesh":"53390185"},"geometry":{"type":"LineString","coordinates":[[139.18843,35.40032],[139.18847,35.40043]]}},{"type":"Feature","properties":{"idx":47,"road":"堀山下秦野停車場線","cls":"secondary","shops":0,"st_km":2.11,"mesh":"53390174"},"geometry":{"type":"LineString","coordinates":[[139.18147,35.39275],[139.18171,35.39304]]}},{"type":"Feature","properties":{"idx":42,"road":"堀山下秦野停車場線","cls":"secondary","shops":0,"st_km":2.44,"mesh":"53390174"},"geometry":{"type":"LineString","coordinates":[[139.18267,35.395],[139.18296,35.39549],[139.18334,35.39588],[139.1841,35.39713]]}},{"type":"Feature","properties":{"idx":195,"road":NaN,"cls":"tertiary","shops":2,"st_km":2.9,"mesh":"53390175"},"geometry":{"type":"LineString","coordinates":[[139.19372,35.39914],[139.19363,35.39909]]}},{"type":"Feature","properties":{"idx":119,"road":NaN,"cls":"tertiary","shops":0,"st_km":2.14,"mesh":"53390175"},"geometry":{"type":"LineString","coordinates":[[139.19331,35.3925],[139.19262,35.39255],[139.192,35.39238],[139.19142,35.39248],[139.19114,35.39265],[139.1908,35.39305],[139.19019,35.39357]]}},{"type":"Feature","properties":{"idx":196,"road":"菩提橋","cls":"tertiary","shops":2,"st_km":2.89,"mesh":"53390175"},"geometry":{"type":"LineString","coordinates":[[139.19363,35.39909],[139.1936,35.39902]]}},{"type":"Feature","properties":{"idx":101,"road":NaN,"cls":"tertiary","shops":0,"st_km":2.74,"mesh":"53390175"},"geometry":{"type":"LineString","coordinates":[[139.1936,35.39902],[139.19356,35.39873],[139.19324,35.39767],[139.19275,35.39727],[139.19224,35.39658]]}},{"type":"Feature","properties":{"idx":30,"road":NaN,"cls":"tertiary","shops":0,"st_km":3.09,"mesh":"53390185"},"geometry":{"type":"LineString","coordinates":[[139.18754,35.40247],[139.18785,35.40231],[139.18804,35.40208],[139.18869,35.4017],[139.1891,35.40128],[139.18955,35.40104],[139.18959,35.40095]]}},{"type":"Feature","properties":{"idx":447,"road":NaN,"cls":"tertiary","shops":0,"st_km":2.04,"mesh":"53390165"},"geometry":{"type":"LineString","coordinates":[[139.18958,35.3872],[139.18983,35.38779],[139.19022,35.38831],[139.19768,35.39449]]}},{"type":"Feature","properties":{"idx":585,"road":"堀戸大橋","cls":"tertiary","shops":0,"st_km":1.51,"mesh":"53390165"},"geometry":{"type":"LineString","coordinates":[[139.18944,35.38683],[139.18958,35.3872]]}},{"type":"Feature","properties":{"idx":256,"road":"水無川通り","cls":"tertiary","shops":0,"st_km":2.05,"mesh":"53390156"},"geometry":{"type":"LineString","coordinates":[[139.20335,35.38132],[139.20487,35.38027],[139.20651,35.37921],[139.20721,35.3788],[139.20888,35.37799]]}},{"type":"Feature","properties":{"idx":600,"road":NaN,"cls":"tertiary","shops":0,"st_km":1.46,"mesh":"53390165"},"geometry":{"type":"LineString","coordinates":[[139.1894,35.38671],[139.1909,35.38631],[139.19231,35.38576],[139.19431,35.38453],[139.19579,35.38384],[139.19645,35.38361],[139.19869,35.38298]]}},{"type":"Feature","properties":{"idx":574,"road":NaN,"cls":"tertiary","shops":0,"st_km":1.54,"mesh":"53390165"},"geometry":{"type":"LineString","coordinates":[[139.18625,35.38894],[139.18722,35.38802],[139.18774,35.38763],[139.1894,35.38671]]}},{"type":"Feature","properties":{"idx":22,"road":NaN,"cls":"tertiary","shops":0,"st_km":2.68,"mesh":"53390173"},"geometry":{"type":"LineString","coordinates":[[139.17571,35.3985],[139.1752,35.39835],[139.17511,35.39823],[139.17507,35.39789],[139.17496,35.39749],[139.175,35.39667],[139.17497,35.39653],[139.17487,35.39641],[139.17476,35.39632],[139.17455,35.39626],[139.17426,35.39626],[139.17405,35.39631],[139.17381,35.39646],[139.17366,35.39649],[139.17347,35.39644]]}},{"type":"Feature","properties":{"idx":23,"road":NaN,"cls":"tertiary","shops":0,"st_km":2.54,"mesh":"53390173"},"geometry":{"type":"LineString","coordinates":[[139.16997,35.39385],[139.16941,35.39331],[139.16893,35.39304],[139.16869,35.39285]]}},{"type":"Feature","properties":{"idx":23,"road":"戈戸橋","cls":"tertiary","shops":0,"st_km":2.56,"mesh":"53390173"},"geometry":{"type":"LineString","coordinates":[[139.17027,35.39397],[139.16997,35.39385]]}},{"type":"Feature","properties":{"idx":419,"road":NaN,"cls":"tertiary","shops":0,"st_km":2.1,"mesh":"53390163"},"geometry":{"type":"LineString","coordinates":[[139.16869,35.39285],[139.16894,35.39253],[139.16948,35.39233],[139.1697,35.39218],[139.16983,35.39199],[139.16984,35.39181],[139.16949,35.3905],[139.16876,35.3891],[139.1686,35.38845],[139.16825,35.38782],[139.16844,35.38708],[139.16842,35.38498],[139.1687,35.38439],[139.1687,35.38415],[139.16852,35.38391],[139.16784,35.38358],[139.16752,35.38333],[139.16737,35.38309],[139.16718,35.38219]]}},{"type":"Feature","properties":{"idx":796,"road":NaN,"cls":"tertiary","shops":0,"st_km":1.15,"mesh":"53390145"},"geometry":{"type":"LineString","coordinates":[[139.19832,35.36802],[139.19792,35.36814],[139.19775,35.36825],[139.19768,35.36859],[139.1978,35.36916],[139.19781,35.36954],[139.19757,35.3699],[139.19741,35.37005],[139.19657,35.37029],[139.19619,35.37045],[139.19319,35.37142],[139.19259,35.37152],[139.19252,35.3716]]}},{"type":"Feature","properties":{"idx":1005,"road":NaN,"cls":"tertiary","shops":0,"st_km":0.86,"mesh":"53390145"},"geometry":{"type":"LineString","coordinates":[[139.18782,35.36933],[139.18888,35.36852],[139.18968,35.36777],[139.19005,35.36729],[139.19053,35.36638],[139.19134,35.36578]]}},{"type":"Feature","properties":{"idx":208,"road":NaN,"cls":"tertiary","shops":0,"st_km":1.82,"mesh":"53390146"},"geometry":{"type":"LineString","coordinates":[[139.20236,35.3695],[139.20269,35.36948],[139.20316,35.3693],[139.20387,35.36891],[139.20426,35.36874],[139.20449,35.36869],[139.20484,35.36876]]}},{"type":"Feature","properties":{"idx":318,"road":NaN,"cls":"tertiary","shops":0,"st_km":1.6,"mesh":"53390156"},"geometry":{"type":"LineString","coordinates":[[139.20123,35.38003],[139.20074,35.37917],[139.20041,35.37872]]}},{"type":"Feature","properties":{"idx":297,"road":NaN,"cls":"tertiary","shops":0,"st_km":0.14,"mesh":"53390144"},"geometry":{"type":"LineString","coordinates":[[139.18243,35.3752],[139.18435,35.37478]]}},{"type":"Feature","properties":{"idx":457,"road":NaN,"cls":"tertiary","shops":1,"st_km":0.12,"mesh":"53390144"},"geometry":{"type":"LineString","coordinates":[[139.18512,35.37459],[139.18527,35.37463],[139.18631,35.37434]]}},{"type":"Feature","properties":{"idx":947,"road":NaN,"cls":"secondary","shops":0,"st_km":0.33,"mesh":"53390154"},"geometry":{"type":"LineString","coordinates":[[139.18243,35.3752],[139.18202,35.37611],[139.18177,35.37646],[139.18139,35.37687],[139.18132,35.37702]]}},{"type":"Feature","properties":{"idx":283,"road":NaN,"cls":"tertiary","shops":0,"st_km":0.19,"mesh":"53390144"},"geometry":{"type":"LineString","coordinates":[[139.18279,35.37406],[139.18271,35.37367],[139.18237,35.37324],[139.18216,35.37283]]}},{"type":"Feature","properties":{"idx":159,"road":NaN,"cls":"tertiary","shops":0,"st_km":0.8,"mesh":"53390144"},"geometry":{"type":"LineString","coordinates":[[139.17849,35.37062],[139.17807,35.37051],[139.17803,35.37042],[139.17807,35.3701],[139.17798,35.37003],[139.17786,35.37004],[139.17734,35.37026],[139.17706,35.37028],[139.17631,35.36997],[139.1755,35.36981],[139.17533,35.36951]]}},{"type":"Feature","properties":{"idx":156,"road":NaN,"cls":"tertiary","shops":0,"st_km":0.81,"mesh":"53390144"},"geometry":{"type":"LineString","coordinates":[[139.17533,35.36951],[139.17571,35.36943],[139.17653,35.36956],[139.17717,35.36983],[139.17742,35.36978],[139.17754,35.36963],[139.17767,35.36871],[139.17798,35.36795],[139.17804,35.3679],[139.1785,35.36789],[139.17854,35.36781],[139.17849,35.3676]]}},{"type":"Feature","properties":{"idx":158,"road":NaN,"cls":"tertiary","shops":0,"st_km":1.05,"mesh":"53390143"},"geometry":{"type":"LineString","coordinates":[[139.17386,35.37143],[139.17416,35.37047],[139.17416,35.37019],[139.17422,35.36999],[139.17408,35.36982],[139.17445,35.3693],[139.17449,35.36888],[139.17461,35.36879],[139.17483,35.36881],[139.17499,35.36869]]}},{"type":"Feature","properties":{"idx":417,"road":NaN,"cls":"tertiary","shops":1,"st_km":1.87,"mesh":"53390156"},"geometry":{"type":"LineString","coordinates":[[139.20661,35.37576],[139.20666,35.37562],[139.20673,35.37558]]}},{"type":"Feature","properties":{"idx":190,"road":NaN,"cls":"primary_link","shops":0,"st_km":1.74,"mesh":"53390146"},"geometry":{"type":"LineString","coordinates":[[139.20379,35.37099],[139.20322,35.3717],[139.20308,35.37205]]}},{"type":"Feature","properties":{"idx":188,"road":NaN,"cls":"primary_link","shops":0,"st_km":1.76,"mesh":"53390146"},"geometry":{"type":"LineString","coordinates":[[139.20308,35.37205],[139.20337,35.37185],[139.20401,35.37103]]}},{"type":"Feature","properties":{"idx":177,"road":NaN,"cls":"primary_link","shops":0,"st_km":1.89,"mesh":"53390146"},"geometry":{"type":"LineString","coordinates":[[139.20433,35.37065],[139.2049,35.36991],[139.20502,35.36959]]}},{"type":"Feature","properties":{"idx":178,"road":NaN,"cls":"primary_link","shops":0,"st_km":1.87,"mesh":"53390146"},"geometry":{"type":"LineString","coordinates":[[139.20502,35.36959],[139.20472,35.36981],[139.2041,35.37061]]}},{"type":"Feature","properties":{"idx":243,"road":NaN,"cls":"tertiary","shops":0,"st_km":1.54,"mesh":"53390146"},"geometry":{"type":"LineString","coordinates":[[139.19832,35.36802],[139.19903,35.36836],[139.20062,35.36878],[139.20082,35.36891],[139.20104,35.36926],[139.20119,35.36934],[139.20154,35.36939]]}},{"type":"Feature","properties":{"idx":729,"road":NaN,"cls":"tertiary","shops":0,"st_km":1.27,"mesh":"53390145"},"geometry":{"type":"LineString","coordinates":[[139.19336,35.3669],[139.19444,35.36715],[139.19499,35.36721],[139.19608,35.3674],[139.19719,35.36774],[139.19832,35.36802]]}},{"type":"Feature","properties":{"idx":273,"road":NaN,"cls":"tertiary","shops":0,"st_km":1.91,"mesh":"53390156"},"geometry":{"type":"LineString","coordinates":[[139.20649,35.37711],[139.20661,35.37576]]}},{"type":"Feature","properties":{"idx":504,"road":"堀山下秦野停車場線","cls":"secondary","shops":0,"st_km":1.3,"mesh":"53390157"},"geometry":{"type":"LineString","coordinates":[[139.21888,35.38045],[139.2192,35.3801]]}},{"type":"Feature","properties":{"idx":289,"road":"富士見橋","cls":"tertiary","shops":0,"st_km":1.79,"mesh":"53390156"},"geometry":{"type":"LineString","coordinates":[[139.20884,35.37794],[139.20859,35.37756]]}},{"type":"Feature","properties":{"idx":289,"road":NaN,"cls":"tertiary","shops":0,"st_km":1.8,"mesh":"53390156"},"geometry":{"type":"LineString","coordinates":[[139.20859,35.37756],[139.20821,35.37702],[139.20811,35.37679],[139.20804,35.37633]]}},{"type":"Feature","properties":{"idx":159,"road":NaN,"cls":"tertiary","shops":0,"st_km":2.2,"mesh":"53390167"},"geometry":{"type":"LineString","coordinates":[[139.21505,35.38666],[139.21537,35.38723],[139.21587,35.38788],[139.21603,35.38861],[139.21615,35.38887],[139.21685,35.38951]]}},{"type":"Feature","properties":{"idx":177,"road":"葛葉大橋","cls":"tertiary","shops":0,"st_km":1.94,"mesh":"53390167"},"geometry":{"type":"LineString","coordinates":[[139.2137,35.38411],[139.21394,35.38465]]}},{"type":"Feature","properties":{"idx":649,"road":"堀山下秦野停車場線","cls":"secondary","shops":0,"st_km":2.51,"mesh":"53390166"},"geometry":{"type":"LineString","coordinates":[[139.19768,35.39449],[139.19811,35.39407],[139.19836,35.39373],[139.19913,35.39316],[139.19972,35.39281],[139.20058,35.39242],[139.20258,35.39117],[139.20446,35.38973],[139.20631,35.38864],[139.20953,35.38629]]}},{"type":"Feature","properties":{"idx":118,"road":"堀山下秦野停車場線","cls":"secondary","shops":0,"st_km":2.57,"mesh":"53390175"},"geometry":{"type":"LineString","coordinates":[[139.19755,35.39464],[139.19767,35.39451]]}},{"type":"Feature","properties":{"idx":31,"road":NaN,"cls":"tertiary","shops":0,"st_km":3.02,"mesh":"53390185"},"geometry":{"type":"LineString","coordinates":[[139.19436,35.40015],[139.19369,35.40016]]}},{"type":"Feature","properties":{"idx":31,"road":NaN,"cls":"tertiary","shops":0,"st_km":3.03,"mesh":"53390185"},"geometry":{"type":"LineString","coordinates":[[139.19447,35.40016],[139.19436,35.40015]]}},{"type":"Feature","properties":{"idx":110,"road":"堀山下秦野停車場線","cls":"secondary","shops":0,"st_km":2.89,"mesh":"53390175"},"geometry":{"type":"LineString","coordinates":[[139.19484,35.39868],[139.19499,35.39865]]}},{"type":"Feature","properties":{"idx":114,"road":"堀山下秦野停車場線","cls":"secondary","shops":0,"st_km":2.73,"mesh":"53390175"},"geometry":{"type":"LineString","coordinates":[[139.19499,35.39865],[139.19535,35.39852],[139.19565,35.39828],[139.19603,35.39708],[139.19704,35.39539],[139.19755,35.39464]]}},{"type":"Feature","properties":{"idx":114,"road":NaN,"cls":"tertiary","shops":0,"st_km":2.28,"mesh":"53390175"},"geometry":{"type":"LineString","coordinates":[[139.19331,35.3925],[139.19347,35.39271],[139.19385,35.39284],[139.19532,35.39308],[139.19574,35.39311],[139.19594,35.39307]]}},{"type":"Feature","properties":{"idx":108,"road":NaN,"cls":"tertiary","shops":0,"st_km":2.44,"mesh":"53390175"},"geometry":{"type":"LineString","coordinates":[[139.19657,35.39313],[139.19702,35.39313],[139.19711,35.39318],[139.1972,35.39365],[139.19741,35.39405],[139.19736,35.39423]]}},{"type":"Feature","properties":{"idx":271,"road":NaN,"cls":"tertiary","shops":0,"st_km":3.25,"mesh":"53390176"},"geometry":{"type":"LineString","coordinates":[[139.20755,35.39764],[139.20726,35.39775],[139.20707,35.3979],[139.20637,35.39879],[139.20585,35.39903],[139.2052,35.39923],[139.20444,35.39927],[139.20335,35.39946],[139.2028,35.39938],[139.20251,35.39939],[139.20222,35.39947],[139.20151,35.39983],[139.20123,35.3999],[139.19987,35.39971],[139.19843,35.39971],[139.19795,35.39982],[139.197,35.40033],[139.19667,35.40035]]}},{"type":"Feature","properties":{"idx":219,"road":NaN,"cls":"tertiary","shops":0,"st_km":1.53,"mesh":"53390167"},"geometry":{"type":"LineString","coordinates":[[139.22277,35.38367],[139.22384,35.38368]]}},{"type":"Feature","properties":{"idx":603,"road":"葛葉橋","cls":"tertiary","shops":0,"st_km":2.37,"mesh":"53390166"},"geometry":{"type":"LineString","coordinates":[[139.21084,35.38742],[139.21111,35.38756]]}},{"type":"Feature","properties":{"idx":236,"road":"秦野清川線","cls":"primary","shops":0,"st_km":2.2,"mesh":"53390168"},"geometry":{"type":"LineString","coordinates":[[139.23779,35.38408],[139.2376,35.38482],[139.23744,35.38521],[139.23683,35.38619],[139.23623,35.38683],[139.23574,35.38763],[139.23569,35.38779],[139.23572,35.38819],[139.23566,35.38846],[139.23535,35.38937],[139.23491,35.39019],[139.2348,35.39052],[139.23476,35.39073],[139.23483,35.39114],[139.23497,35.39145],[139.23545,35.39208],[139.23547,35.39261]]}},{"type":"Feature","properties":{"idx":201,"road":"秦野清川線","cls":"primary","shops":2,"st_km":1.74,"mesh":"53390158"},"geometry":{"type":"LineString","coordinates":[[139.23656,35.38171],[139.23719,35.3819],[139.23736,35.38208],[139.23749,35.3827],[139.23783,35.38359],[139.23779,35.38408]]}},{"type":"Feature","properties":{"idx":149,"road":NaN,"cls":"tertiary","shops":0,"st_km":0.85,"mesh":"53390158"},"geometry":{"type":"LineString","coordinates":[[139.23302,35.37518],[139.23304,35.37517]]}},{"type":"Feature","properties":{"idx":172,"road":"秦野停車場線","cls":"secondary","shops":0,"st_km":0.82,"mesh":"53390158"},"geometry":{"type":"LineString","coordinates":[[139.22747,35.37444],[139.22859,35.37521],[139.22948,35.37625],[139.23086,35.37736],[139.23107,35.37745],[139.2319,35.3776],[139.23333,35.37812]]}},{"type":"Feature","properties":{"idx":118,"road":"下落合橋","cls":"tertiary","shops":0,"st_km":1.14,"mesh":"53390158"},"geometry":{"type":"LineString","coordinates":[[139.23206,35.37898],[139.23218,35.37922]]}},{"type":"Feature","properties":{"idx":114,"road":NaN,"cls":"tertiary","shops":0,"st_km":1.18,"mesh":"53390158"},"geometry":{"type":"LineString","coordinates":[[139.23219,35.37925],[139.23237,35.37967]]}},{"type":"Feature","properties":{"idx":102,"road":NaN,"cls":"tertiary","shops":0,"st_km":1.73,"mesh":"53390143"},"geometry":{"type":"LineString","coordinates":[[139.16967,35.37621],[139.16871,35.37518],[139.16841,35.37495],[139.16562,35.37323],[139.165,35.37228],[139.163,35.37034],[139.16248,35.36947],[139.16231,35.36943]]}},{"type":"Feature","properties":{"idx":223,"road":NaN,"cls":"tertiary","shops":0,"st_km":1.26,"mesh":"53390153"},"geometry":{"type":"LineString","coordinates":[[139.17214,35.38094],[139.17237,35.38077],[139.17249,35.38054],[139.17251,35.37965],[139.17259,35.37927],[139.17286,35.37895],[139.17319,35.37877]]}},{"type":"Feature","properties":{"idx":207,"road":NaN,"cls":"tertiary","shops":0,"st_km":1.37,"mesh":"53390153"},"geometry":{"type":"LineString","coordinates":[[139.17175,35.38103],[139.17214,35.38094]]}},{"type":"Feature","properties":{"idx":219,"road":NaN,"cls":"tertiary","shops":0,"st_km":0.72,"mesh":"53390147"},"geometry":{"type":"LineString","coordinates":[[139.21929,35.37043],[139.21787,35.37086],[139.21701,35.37094]]}},{"type":"Feature","properties":{"idx":134,"road":"上尾尻橋","cls":"tertiary","shops":0,"st_km":0.31,"mesh":"53390148"},"geometry":{"type":"LineString","coordinates":[[139.2255,35.36737],[139.22565,35.3672]]}},{"type":"Feature","properties":{"idx":208,"road":NaN,"cls":"tertiary","shops":0,"st_km":0.42,"mesh":"53390138"},"geometry":{"type":"LineString","coordinates":[[139.22565,35.3672],[139.22595,35.36682],[139.22615,35.36641],[139.22638,35.36533]]}},{"type":"Feature","properties":{"idx":170,"road":NaN,"cls":"tertiary","shops":1,"st_km":0.48,"mesh":"53390148"},"geometry":{"type":"LineString","coordinates":[[139.23123,35.36901],[139.23102,35.36845],[139.23052,35.36764]]}},{"type":"Feature","properties":{"idx":113,"road":NaN,"cls":"tertiary","shops":0,"st_km":0.49,"mesh":"53390148"},"geometry":{"type":"LineString","coordinates":[[139.23052,35.36764],[139.23049,35.36753]]}},{"type":"Feature","properties":{"idx":162,"road":NaN,"cls":"tertiary","shops":0,"st_km":0.68,"mesh":"53390138"},"geometry":{"type":"LineString","coordinates":[[139.23049,35.36753],[139.23049,35.36741],[139.23058,35.36722],[139.23133,35.36656],[139.23152,35.36646],[139.23284,35.36648],[139.23354,35.3663],[139.23363,35.36623],[139.23369,35.36607],[139.23368,35.36581],[139.23364,35.36572]]}},{"type":"Feature","properties":{"idx":99,"road":"新常盤橋","cls":"primary","shops":0,"st_km":0.88,"mesh":"53390148"},"geometry":{"type":"LineString","coordinates":[[139.23504,35.36723],[139.23485,35.36671]]}},{"type":"Feature","properties":{"idx":170,"road":"平塚秦野線","cls":"primary","shops":0,"st_km":0.88,"mesh":"53390138"},"geometry":{"type":"LineString","coordinates":[[139.23485,35.36671],[139.23478,35.36651]]}},{"type":"Feature","properties":{"idx":276,"road":NaN,"cls":"tertiary","shops":0,"st_km":2.59,"mesh":"53390129"},"geometry":{"type":"LineString","coordinates":[[139.25343,35.35608],[139.25301,35.35626],[139.2522,35.35636],[139.2521,35.3564],[139.25187,35.35664],[139.25111,35.35698],[139.25079,35.35709],[139.24972,35.35727],[139.2494,35.35756],[139.24853,35.35786],[139.24821,35.35794],[139.2472,35.35804],[139.24674,35.35826],[139.24644,35.35824],[139.24634,35.35828]]}},{"type":"Feature","properties":{"idx":374,"road":"小田原松田線","cls":"secondary","shops":0,"st_km":0.63,"mesh":"53390101"},"geometry":{"type":"LineString","coordinates":[[139.14382,35.3377],[139.14337,35.33807],[139.14312,35.33843],[139.14266,35.33987],[139.14216,35.34061],[139.14177,35.34164]]}},{"type":"Feature","properties":{"idx":46,"road":NaN,"cls":"tertiary","shops":0,"st_km":1.97,"mesh":"53390104"},"geometry":{"type":"LineString","coordinates":[[139.17252,35.33903],[139.17318,35.33882],[139.17464,35.33826],[139.17481,35.33816],[139.17497,35.33793],[139.17496,35.33773],[139.17486,35.33757],[139.17451,35.33727],[139.17447,35.33717],[139.17475,35.33661],[139.17498,35.33652],[139.17624,35.33643],[139.17642,35.33634],[139.17687,35.33596],[139.17774,35.33549],[139.17821,35.3353],[139.17875,35.33488],[139.17952,35.33396],[139.17981,35.3335],[139.18018,35.33344]]}},{"type":"Feature","properties":{"idx":57,"road":"矢頭橋","cls":"tertiary","shops":0,"st_km":2.1,"mesh":"53390103"},"geometry":{"type":"LineString","coordinates":[[139.17274,35.33956],[139.17252,35.33903]]}},{"type":"Feature","properties":{"idx":205,"road":"小田原松田線","cls":"secondary","shops":0,"st_km":0.23,"mesh":"53390111"},"geometry":{"type":"LineString","coordinates":[[139.14145,35.34255],[139.14101,35.34366]]}},{"type":"Feature","properties":{"idx":183,"road":"文久橋","cls":"secondary","shops":0,"st_km":0.34,"mesh":"53390111"},"geometry":{"type":"LineString","coordinates":[[139.14177,35.34164],[139.14145,35.34255]]}},{"type":"Feature","properties":{"idx":36,"road":"風の吊り橋","cls":"pedestrian","shops":0,"st_km":3.68,"mesh":"53390183"},"geometry":{"type":"LineString","coordinates":[[139.17025,35.40484],[139.17268,35.40616]]}},{"type":"Feature","properties":{"idx":250,"road":"秦野大井線","cls":"secondary","shops":0,"st_km":0.43,"mesh":"53390144"},"geometry":{"type":"LineString","coordinates":[[139.18233,35.36876],[139.18248,35.36891],[139.18289,35.36914],[139.18305,35.36933],[139.18396,35.37086],[139.18466,35.37183]]}},{"type":"Feature","properties":{"idx":222,"road":"秦野大井線","cls":"secondary","shops":0,"st_km":1.44,"mesh":"53390134"},"geometry":{"type":"LineString","coordinates":[[139.17932,35.36072],[139.1802,35.36271]]}},{"type":"Feature","properties":{"idx":30,"road":NaN,"cls":"tertiary","shops":0,"st_km":2.27,"mesh":"53390126"},"geometry":{"type":"LineString","coordinates":[[139.20709,35.36047],[139.20713,35.36027],[139.20713,35.35963],[139.20709,35.35942],[139.20687,35.35885],[139.2069,35.358],[139.20679,35.35723],[139.20691,35.35702],[139.20734,35.35655],[139.20742,35.35638],[139.20743,35.35618],[139.20735,35.35602],[139.2072,35.35588],[139.20665,35.35568],[139.20652,35.35554],[139.20645,35.35527],[139.20655,35.35413],[139.20647,35.35385]]}},{"type":"Feature","properties":{"idx":88,"road":"平塚秦野線","cls":"primary","shops":0,"st_km":1.02,"mesh":"53390148"},"geometry":{"type":"LineString","coordinates":[[139.23867,35.36802],[139.23567,35.36887]]}},{"type":"Feature","properties":{"idx":75,"road":"平塚秦野線","cls":"primary","shops":0,"st_km":1.82,"mesh":"53390139"},"geometry":{"type":"LineString","coordinates":[[139.24522,35.36412],[139.24448,35.36467]]}},{"type":"Feature","properties":{"idx":37,"road":NaN,"cls":"secondary_link","shops":0,"st_km":2.29,"mesh":"53390139"},"geometry":{"type":"LineString","coordinates":[[139.24885,35.36139],[139.24915,35.36151]]}},{"type":"Feature","properties":{"idx":170,"road":NaN,"cls":"tertiary","shops":0,"st_km":2.47,"mesh":"53390117"},"geometry":{"type":"LineString","coordinates":[[139.22273,35.34762],[139.22218,35.34842]]}},{"type":"Feature","properties":{"idx":265,"road":NaN,"cls":"tertiary","shops":1,"st_km":2.33,"mesh":"53390117"},"geometry":{"type":"LineString","coordinates":[[139.22194,35.35023],[139.22187,35.34942],[139.22203,35.34874],[139.22218,35.34842]]}},{"type":"Feature","properties":{"idx":19,"road":"広域農道やまゆりライン","cls":"tertiary","shops":0,"st_km":3.76,"mesh":"53390106"},"geometry":{"type":"LineString","coordinates":[[139.20922,35.33876],[139.20935,35.33907],[139.20934,35.33937]]}},{"type":"Feature","properties":{"idx":19,"road":"広域農道やまゆりライン","cls":"tertiary","shops":0,"st_km":3.62,"mesh":"53390106"},"geometry":{"type":"LineString","coordinates":[[139.20934,35.33937],[139.20922,35.33966],[139.20848,35.34063],[139.20838,35.34086],[139.2084,35.341],[139.20863,35.34124],[139.20978,35.34192]]}},{"type":"Feature","properties":{"idx":398,"road":NaN,"cls":"tertiary","shops":0,"st_km":1.05,"mesh":"53390102"},"geometry":{"type":"LineString","coordinates":[[139.15768,35.34219],[139.15698,35.34157],[139.15686,35.3414],[139.15683,35.34113],[139.15694,35.34089]]}},{"type":"Feature","properties":{"idx":89,"road":NaN,"cls":"tertiary","shops":0,"st_km":1.16,"mesh":"53390112"},"geometry":{"type":"LineString","coordinates":[[139.15804,35.3425],[139.15768,35.34219]]}},{"type":"Feature","properties":{"idx":39,"road":NaN,"cls":"tertiary","shops":0,"st_km":3.85,"mesh":"53390151"},"geometry":{"type":"LineString","coordinates":[[139.13971,35.37968],[139.13984,35.3799],[139.14034,35.3804],[139.14051,35.38062],[139.14102,35.38076],[139.14125,35.3809],[139.14165,35.38144]]}},{"type":"Feature","properties":{"idx":39,"road":NaN,"cls":"tertiary","shops":0,"st_km":3.73,"mesh":"53390151"},"geometry":{"type":"LineString","coordinates":[[139.13969,35.37957],[139.13971,35.37968]]}},{"type":"Feature","properties":{"idx":39,"road":NaN,"cls":"tertiary","shops":0,"st_km":3.81,"mesh":"53390151"},"geometry":{"type":"LineString","coordinates":[[139.14385,35.38322],[139.1442,35.3831],[139.14428,35.383],[139.14432,35.38278],[139.14357,35.38169],[139.14354,35.38156],[139.14357,35.38107],[139.14362,35.38086],[139.14428,35.37983]]}},{"type":"Feature","properties":{"idx":40,"road":NaN,"cls":"tertiary","shops":0,"st_km":3.44,"mesh":"53390151"},"geometry":{"type":"LineString","coordinates":[[139.13772,35.37522],[139.13826,35.37575],[139.13859,35.37592],[139.1392,35.37613],[139.13948,35.37636],[139.13957,35.3766],[139.13961,35.37688],[139.13962,35.37719],[139.13956,35.37744],[139.13968,35.37801],[139.13961,35.37894],[139.13969,35.37957]]}},{"type":"Feature","properties":{"idx":39,"road":NaN,"cls":"tertiary","shops":0,"st_km":3.92,"mesh":"53390151"},"geometry":{"type":"LineString","coordinates":[[139.1421,35.38256],[139.14245,35.38294],[139.14273,35.38309],[139.143,35.38318],[139.14385,35.38322]]}},{"type":"Feature","properties":{"idx":39,"road":NaN,"cls":"tertiary","shops":0,"st_km":3.97,"mesh":"53390151"},"geometry":{"type":"LineString","coordinates":[[139.1421,35.38256],[139.14197,35.38233],[139.1418,35.38174],[139.14165,35.38144]]}},{"type":"Feature","properties":{"idx":339,"road":"御殿場大井線","cls":"primary","shops":0,"st_km":0.7,"mesh":"53390101"},"geometry":{"type":"LineString","coordinates":[[139.14597,35.33869],[139.14455,35.33803]]}},{"type":"Feature","properties":{"idx":19,"road":"秦野清川線","cls":"primary","shops":0,"st_km":2.58,"mesh":"53390188"},"geometry":{"type":"LineString","coordinates":[[139.231,35.40783],[139.23103,35.40734],[139.23088,35.40694]]}},{"type":"Feature","properties":{"idx":19,"road":"秦野清川線","cls":"primary","shops":0,"st_km":2.59,"mesh":"53390188"},"geometry":{"type":"LineString","coordinates":[[139.23088,35.40694],[139.231,35.40783]]}},{"type":"Feature","properties":{"idx":165,"road":NaN,"cls":"tertiary","shops":0,"st_km":0.11,"mesh":"53390148"},"geometry":{"type":"LineString","coordinates":[[139.22651,35.37107],[139.2272,35.37069]]}},{"type":"Feature","properties":{"idx":9,"road":"秦野清川線","cls":"primary","shops":0,"st_km":2.38,"mesh":"53390198"},"geometry":{"type":"LineString","coordinates":[[139.231,35.40783],[139.23102,35.41013],[139.23089,35.4106],[139.23066,35.41105]]}},{"type":"Feature","properties":{"idx":24,"road":"秦野清川線","cls":"primary","shops":3,"st_km":1.93,"mesh":"53390198"},"geometry":{"type":"LineString","coordinates":[[139.22835,35.41581],[139.22821,35.41587]]}},{"type":"Feature","properties":{"idx":10,"road":"秦野清川線","cls":"primary","shops":0,"st_km":1.95,"mesh":"53390198"},"geometry":{"type":"LineString","coordinates":[[139.22821,35.41587],[139.22718,35.41615]]}},{"type":"Feature","properties":{"idx":129,"road":"秦野二宮線","cls":"primary","shops":0,"st_km":1.23,"mesh":"53390138"},"geometry":{"type":"LineString","coordinates":[[139.23379,35.36072],[139.2338,35.36117]]}},{"type":"Feature","properties":{"idx":199,"road":"秦野二宮線","cls":"primary","shops":0,"st_km":3.86,"mesh":"53390108"},"geometry":{"type":"LineString","coordinates":[[139.23001,35.33805],[139.22992,35.33675],[139.23001,35.33582],[139.23026,35.33489],[139.23107,35.33297]]}},{"type":"Feature","properties":{"idx":121,"road":"秦野二宮線","cls":"primary","shops":0,"st_km":1.32,"mesh":"53390138"},"geometry":{"type":"LineString","coordinates":[[139.23389,35.36072],[139.23392,35.36036],[139.23402,35.36],[139.23427,35.35948]]}},{"type":"Feature","properties":{"idx":121,"road":"秦野二宮線","cls":"primary","shops":0,"st_km":1.32,"mesh":"53390138"},"geometry":{"type":"LineString","coordinates":[[139.2342,35.35942],[139.23392,35.35998],[139.23381,35.36034],[139.23379,35.36072]]}},{"type":"Feature","properties":{"idx":318,"road":NaN,"cls":"tertiary","shops":0,"st_km":0.44,"mesh":"53390137"},"geometry":{"type":"LineString","coordinates":[[139.22537,35.3675],[139.22473,35.36692],[139.22432,35.3667],[139.22379,35.36651],[139.22331,35.36644],[139.22282,35.36642],[139.22183,35.36658]]}},{"type":"Feature","properties":{"idx":162,"road":"尾尻地下道","cls":"tertiary","shops":0,"st_km":0.13,"mesh":"53390148"},"geometry":{"type":"LineString","coordinates":[[139.22719,35.36937],[139.22702,35.36919]]}},{"type":"Feature","properties":{"idx":151,"road":NaN,"cls":"tertiary","shops":0,"st_km":0.83,"mesh":"53390158"},"geometry":{"type":"LineString","coordinates":[[139.22955,35.3771],[139.23009,35.37675]]}},{"type":"Feature","properties":{"idx":158,"road":NaN,"cls":"tertiary","shops":0,"st_km":0.78,"mesh":"53390158"},"geometry":{"type":"LineString","coordinates":[[139.22741,35.37674],[139.22783,35.37717],[139.22948,35.37625]]}},{"type":"Feature","properties":{"idx":208,"road":NaN,"cls":"tertiary","shops":0,"st_km":1.82,"mesh":"53390146"},"geometry":{"type":"LineString","coordinates":[[139.20484,35.36876],[139.20449,35.36864],[139.20427,35.36866],[139.20382,35.36884],[139.20324,35.3692],[139.20236,35.3695]]}},{"type":"Feature","properties":{"idx":195,"road":NaN,"cls":"tertiary","shops":0,"st_km":1.74,"mesh":"53390167"},"geometry":{"type":"LineString","coordinates":[[139.2203,35.38493],[139.2198,35.38487],[139.21937,35.38467]]}},{"type":"Feature","properties":{"idx":151,"road":NaN,"cls":"tertiary","shops":0,"st_km":0.86,"mesh":"53390144"},"geometry":{"type":"LineString","coordinates":[[139.17543,35.37423],[139.1754,35.37338],[139.17515,35.37307],[139.17514,35.37257],[139.17492,35.37171],[139.17498,35.37156]]}},{"type":"Feature","properties":{"idx":25,"road":NaN,"cls":"tertiary","shops":0,"st_km":3.46,"mesh":"53390184"},"geometry":{"type":"LineString","coordinates":[[139.17932,35.40577],[139.17937,35.40562],[139.17972,35.40526],[139.17965,35.40501],[139.17968,35.40491],[139.18055,35.40444]]}},{"type":"Feature","properties":{"idx":20,"road":NaN,"cls":"tertiary","shops":0,"st_km":3.1,"mesh":"53390173"},"geometry":{"type":"LineString","coordinates":[[139.17023,35.39716],[139.16977,35.39741],[139.16923,35.39804],[139.16892,35.3981],[139.16844,35.3984],[139.1677,35.39945],[139.16752,35.39959],[139.16712,35.39976],[139.16662,35.40036]]}},{"type":"Feature","properties":{"idx":107,"road":NaN,"cls":"tertiary","shops":0,"st_km":2.25,"mesh":"53390118"},"geometry":{"type":"LineString","coordinates":[[139.22843,35.35039],[139.22865,35.35009],[139.22886,35.34998],[139.22957,35.34992],[139.22979,35.34984],[139.22997,35.34969],[139.23013,35.34945]]}},{"type":"Feature","properties":{"idx":57,"road":NaN,"cls":"tertiary","shops":0,"st_km":2.17,"mesh":"53390128"},"geometry":{"type":"LineString","coordinates":[[139.22825,35.35076],[139.22843,35.35039]]}},{"type":"Feature","properties":{"idx":28,"road":"境大橋(新)","cls":"tertiary","shops":0,"st_km":2.44,"mesh":"53390126"},"geometry":{"type":"LineString","coordinates":[[139.21156,35.35179],[139.2119,35.35124]]}},{"type":"Feature","properties":{"idx":28,"road":"境大橋(旧)","cls":"tertiary","shops":0,"st_km":2.44,"mesh":"53390126"},"geometry":{"type":"LineString","coordinates":[[139.21182,35.35122],[139.21147,35.35177]]}},{"type":"Feature","properties":{"idx":29,"road":NaN,"cls":"tertiary","shops":0,"st_km":2.42,"mesh":"53390126"},"geometry":{"type":"LineString","coordinates":[[139.21147,35.35177],[139.21116,35.3521]]}},{"type":"Feature","properties":{"idx":17,"road":NaN,"cls":"tertiary","shops":0,"st_km":2.72,"mesh":"53390123"},"geometry":{"type":"LineString","coordinates":[[139.16743,35.34865],[139.16737,35.3488],[139.16754,35.34922],[139.16783,35.34974],[139.16795,35.34986],[139.16812,35.34992],[139.16997,35.34997],[139.1704,35.35011],[139.17065,35.35037],[139.17068,35.35054],[139.1706,35.35073],[139.17017,35.35104],[139.16994,35.35128],[139.16947,35.35197],[139.16913,35.3522],[139.16909,35.35236],[139.16911,35.35258],[139.16923,35.3527],[139.17027,35.35312],[139.17044,35.35408],[139.17054,35.35427],[139.17077,35.35432],[139.17095,35.35421],[139.17098,35.35405],[139.17088,35.35387],[139.17087,35.35372],[139.17102,35.35352],[139.17148,35.35307],[139.17168,35.35302],[139.17203,35.35309],[139.17242,35.35304],[139.17264,35.35291],[139.17317,35.35233],[139.17363,35.35167],[139.17387,35.35162],[139.1743,35.35174]]}},{"type":"Feature","properties":{"idx":7,"road":"秦野大井線","cls":"secondary","shops":0,"st_km":1.97,"mesh":"53390113"},"geometry":{"type":"LineString","coordinates":[[139.16384,35.34649],[139.16598,35.34775]]}},{"type":"Feature","properties":{"idx":6,"road":"秦野大井線","cls":"secondary","shops":0,"st_km":2.48,"mesh":"53390113"},"geometry":{"type":"LineString","coordinates":[[139.16743,35.34865],[139.16849,35.34912],[139.16892,35.34922],[139.16948,35.34921],[139.17034,35.34912],[139.17124,35.3488],[139.17163,35.34872],[139.17207,35.34876],[139.17251,35.3489],[139.17289,35.34904],[139.17329,35.34926]]}},{"type":"Feature","properties":{"idx":41,"road":NaN,"cls":"tertiary","shops":0,"st_km":2.34,"mesh":"53390104"},"geometry":{"type":"LineString","coordinates":[[139.18267,35.33686],[139.18218,35.337],[139.18198,35.33701],[139.18129,35.33679],[139.18106,35.33693],[139.18059,35.33744],[139.18033,35.3375],[139.18002,35.33748],[139.17994,35.33757],[139.17997,35.33768],[139.18014,35.33771],[139.18069,35.33761],[139.18131,35.3373],[139.18142,35.33736],[139.18142,35.33754],[139.18125,35.33768],[139.18089,35.3379],[139.18042,35.33801],[139.1803,35.33822],[139.1804,35.33853],[139.18053,35.3387],[139.18067,35.33876],[139.18124,35.33882],[139.1814,35.33896],[139.18143,35.33912]]}},{"type":"Feature","properties":{"idx":101,"road":NaN,"cls":"tertiary","shops":0,"st_km":1.75,"mesh":"53390143"},"geometry":{"type":"LineString","coordinates":[[139.16505,35.37492],[139.16538,35.37466]]}},{"type":"Feature","properties":{"idx":116,"road":"松田国府津線","cls":"primary","shops":0,"st_km":0.9,"mesh":"53390111"},"geometry":{"type":"LineString","coordinates":[[139.14929,35.34745],[139.14837,35.34766]]}},{"type":"Feature","properties":{"idx":160,"road":"松田国府津線","cls":"primary","shops":0,"st_km":0.53,"mesh":"53390111"},"geometry":{"type":"LineString","coordinates":[[139.1482,35.34769],[139.14614,35.34758],[139.14447,35.34763],[139.14229,35.34734],[139.14098,35.34734]]}},{"type":"Feature","properties":{"idx":95,"road":NaN,"cls":"tertiary","shops":0,"st_km":0.87,"mesh":"53390111"},"geometry":{"type":"LineString","coordinates":[[139.1482,35.34769],[139.1485,35.34838]]}},{"type":"Feature","properties":{"idx":60,"road":NaN,"cls":"tertiary_link","shops":0,"st_km":0.86,"mesh":"53390111"},"geometry":{"type":"LineString","coordinates":[[139.14831,35.34794],[139.14825,35.34807],[139.14806,35.3482]]}},{"type":"Feature","properties":{"idx":95,"road":NaN,"cls":"tertiary_link","shops":0,"st_km":0.35,"mesh":"53390111"},"geometry":{"type":"LineString","coordinates":[[139.13969,35.34905],[139.13975,35.34909],[139.14022,35.34907],[139.14032,35.34899]]}},{"type":"Feature","properties":{"idx":507,"road":NaN,"cls":"tertiary","shops":4,"st_km":0.24,"mesh":"53390111"},"geometry":{"type":"LineString","coordinates":[[139.13965,35.3488],[139.13962,35.34841],[139.13992,35.34795],[139.1401,35.34792],[139.14011,35.34748]]}},{"type":"Feature","properties":{"idx":197,"road":NaN,"cls":"tertiary","shops":0,"st_km":0.49,"mesh":"53390110"},"geometry":{"type":"LineString","coordinates":[[139.13507,35.34952],[139.13526,35.3493],[139.13531,35.3491],[139.13514,35.34859]]}},{"type":"Feature","properties":{"idx":471,"road":NaN,"cls":"tertiary","shops":0,"st_km":1.34,"mesh":"53390100"},"geometry":{"type":"LineString","coordinates":[[139.12612,35.34048],[139.12498,35.34047]]}},{"type":"Feature","properties":{"idx":211,"road":"小田原松田線","cls":"secondary","shops":0,"st_km":0.14,"mesh":"53390111"},"geometry":{"type":"LineString","coordinates":[[139.14036,35.34532],[139.14057,35.34568],[139.14056,35.34625],[139.14098,35.34734]]}},{"type":"Feature","properties":{"idx":327,"road":"松田国府津線","cls":"primary","shops":1,"st_km":0.21,"mesh":"53390111"},"geometry":{"type":"LineString","coordinates":[[139.14098,35.34734],[139.14034,35.34747],[139.13938,35.34748],[139.13787,35.34762],[139.13604,35.34837],[139.13514,35.34859]]}},{"type":"Feature","properties":{"idx":153,"road":"広域農道やまゆりライン","cls":"tertiary","shops":0,"st_km":2.96,"mesh":"53390117"},"geometry":{"type":"LineString","coordinates":[[139.21151,35.34297],[139.21184,35.34323],[139.21194,35.34356],[139.21185,35.3438],[139.21106,35.34454],[139.21079,35.34494],[139.21075,35.34525],[139.21078,35.3454],[139.21091,35.34566],[139.21103,35.34578],[139.21128,35.34595],[139.21168,35.34607],[139.2122,35.34604],[139.21256,35.34587],[139.21311,35.34535],[139.2135,35.34523],[139.21381,35.34528],[139.21431,35.34555],[139.21559,35.34638],[139.21644,35.34721],[139.21694,35.34788]]}},{"type":"Feature","properties":{"idx":83,"road":"広域農道やまゆりライン","cls":"tertiary","shops":0,"st_km":3.37,"mesh":"53390116"},"geometry":{"type":"LineString","coordinates":[[139.20978,35.34192],[139.21151,35.34297]]}},{"type":"Feature","properties":{"idx":10,"road":"春陽橋","cls":"primary","shops":0,"st_km":1.97,"mesh":"53390198"},"geometry":{"type":"LineString","coordinates":[[139.22718,35.41615],[139.22707,35.41615]]}},{"type":"Feature","properties":{"idx":3,"road":"秦野清川線","cls":"primary","shops":0,"st_km":2.86,"mesh":"53390197"},"geometry":{"type":"LineString","coordinates":[[139.21713,35.4122],[139.21711,35.41211]]}},{"type":"Feature","properties":{"idx":4,"road":"秦野清川線","cls":"primary","shops":0,"st_km":2.33,"mesh":"53390197"},"geometry":{"type":"LineString","coordinates":[[139.22012,35.41642],[139.22006,35.41635]]}},{"type":"Feature","properties":{"idx":17,"road":"秦野清川線","cls":"primary","shops":0,"st_km":3.41,"mesh":"53390196"},"geometry":{"type":"LineString","coordinates":[[139.21711,35.41211],[139.21727,35.41198],[139.21746,35.41199],[139.21778,35.41215],[139.21801,35.41238],[139.21817,35.41242],[139.21886,35.41217],[139.21893,35.41206],[139.21888,35.41196],[139.21797,35.41132],[139.21762,35.4109],[139.21739,35.41054],[139.21727,35.40987],[139.21651,35.40944],[139.21596,35.40941],[139.21581,35.40932],[139.21578,35.40903],[139.2155,35.40878],[139.21539,35.40862],[139.21537,35.40848],[139.21545,35.40827],[139.21604,35.4075],[139.21604,35.40734],[139.2159,35.40717],[139.2154,35.40719],[139.21527,35.40729],[139.21518,35.40744],[139.21498,35.40833],[139.21514,35.40915],[139.21489,35.40948],[139.21484,35.40964],[139.21497,35.40979],[139.21529,35.40981],[139.21543,35.40987],[139.21559,35.41057],[139.21557,35.4107],[139.21543,35.41074],[139.21527,35.41069],[139.21525,35.41029],[139.21506,35.41007],[139.21492,35.41005],[139.21451,35.4102],[139.21444,35.41014],[139.21442,35.40977],[139.21433,35.40967],[139.21359,35.4093],[139.21336,35.40924],[139.21288,35.40921],[139.21243,35.40927],[139.21196,35.40944],[139.21192,35.40953],[139.21204,35.40983],[139.21198,35.41003],[139.21186,35.41017],[139.2115,35.41036],[139.21131,35.41055],[139.21104,35.41061],[139.21017,35.41062],[139.20995,35.41056],[139.20986,35.41062],[139.20986,35.41068],[139.20995,35.41075],[139.21031,35.41071],[139.21137,35.41077],[139.21161,35.41057],[139.21218,35.41039],[139.21229,35.41042],[139.21255,35.41063],[139.21258,35.4108],[139.21237,35.41167],[139.21259,35.41205],[139.21279,35.4123],[139.21281,35.41241],[139.21271,35.41269],[139.21275,35.41282],[139.21286,35.413],[139.21316,35.41331],[139.21307,35.41379],[139.21311,35.41399],[139.21344,35.4145],[139.21348,35.41492],[139.2137,35.41525],[139.2141,35.41602],[139.21437,35.41634],[139.21467,35.41659],[139.21478,35.41678],[139.21474,35.41694],[139.21448,35.41708],[139.21438,35.41723],[139.21437,35.41769],[139.21426,35.41797],[139.21417,35.41847],[139.21419,35.41889],[139.21404,35.41932],[139.21403,35.4202],[139.21412,35.42036],[139.21434,35.42107],[139.21461,35.42148],[139.21484,35.42153],[139.21515,35.42151],[139.21545,35.42173],[139.21568,35.42169],[139.21617,35.42146],[139.21636,35.42148],[139.21646,35.42167],[139.21647,35.42241],[139.21678,35.4229],[139.21692,35.42298],[139.21734,35.42288],[139.21802,35.42295],[139.21805,35.42314],[139.21786,35.42349],[139.21781,35.42405],[139.21751,35.42447],[139.2174,35.42478],[139.21742,35.42489]]}},{"type":"Feature","properties":{"idx":4,"road":"秦野清川線","cls":"primary","shops":0,"st_km":2.36,"mesh":"53390197"},"geometry":{"type":"LineString","coordinates":[[139.22383,35.41615],[139.22377,35.41607],[139.22377,35.41561],[139.22356,35.41479],[139.22341,35.41445],[139.22324,35.41434],[139.2231,35.41433],[139.22296,35.41436],[139.2227,35.41453],[139.22241,35.41456],[139.22208,35.41468],[139.22135,35.41529],[139.22033,35.41641],[139.22012,35.41642]]}},{"type":"Feature","properties":{"idx":3,"road":"秦野清川線","cls":"primary","shops":0,"st_km":2.56,"mesh":"53390197"},"geometry":{"type":"LineString","coordinates":[[139.22006,35.41635],[139.22007,35.41588],[139.22027,35.41546],[139.22025,35.41531],[139.22013,35.41515],[139.22012,35.41505],[139.22038,35.41473],[139.22043,35.41437],[139.22038,35.41429],[139.2201,35.41413],[139.21961,35.41403],[139.21866,35.41411],[139.21856,35.41405],[139.21844,35.41374],[139.21833,35.41364],[139.2178,35.41345],[139.217,35.41357],[139.21691,35.4135],[139.21683,35.41332]]}},{"type":"Feature","properties":{"idx":505,"road":"松田国府津線","cls":"primary","shops":0,"st_km":0.95,"mesh":"53390120"},"geometry":{"type":"LineString","coordinates":[[139.13514,35.34859],[139.13338,35.34896],[139.13082,35.35002],[139.12967,35.35018],[139.12856,35.35054],[139.12682,35.35142],[139.1262,35.3517],[139.12493,35.35158]]}},{"type":"Feature","properties":{"idx":438,"road":NaN,"cls":"tertiary_link","shops":0,"st_km":0.8,"mesh":"53390100"},"geometry":{"type":"LineString","coordinates":[[139.13327,35.33333],[139.13374,35.33352]]}},{"type":"Feature","properties":{"idx":494,"road":NaN,"cls":"tertiary","shops":0,"st_km":1.25,"mesh":"53390100"},"geometry":{"type":"LineString","coordinates":[[139.1254,35.33397],[139.12558,35.33385]]}},{"type":"Feature","properties":{"idx":137,"road":"松田停車場線","cls":"secondary","shops":0,"st_km":1.12,"mesh":"53390110"},"geometry":{"type":"LineString","coordinates":[[139.12612,35.34048],[139.12713,35.34144],[139.12923,35.3431]]}},{"type":"Feature","properties":{"idx":92,"road":"秦野二宮線","cls":"primary_link","shops":0,"st_km":1.3,"mesh":"53390158"},"geometry":{"type":"LineString","coordinates":[[139.23309,35.38061],[139.23323,35.38021],[139.23365,35.37998]]}},{"type":"Feature","properties":{"idx":88,"road":"神縄神山線","cls":"secondary","shops":0,"st_km":2.51,"mesh":"53390132"},"geometry":{"type":"LineString","coordinates":[[139.15877,35.36191],[139.15887,35.36191]]}},{"type":"Feature","properties":{"idx":738,"road":"はだの桜みち","cls":"secondary","shops":0,"st_km":1.26,"mesh":"53390164"},"geometry":{"type":"LineString","coordinates":[[139.18753,35.38183],[139.18659,35.38301],[139.18634,35.38325],[139.18342,35.3853],[139.18278,35.38569],[139.17929,35.38736],[139.17799,35.38808]]}},{"type":"Feature","properties":{"idx":535,"road":"丹沢公園松原町線","cls":"secondary","shops":0,"st_km":1.81,"mesh":"53390164"},"geometry":{"type":"LineString","coordinates":[[139.17799,35.38808],[139.1784,35.38849],[139.17853,35.38871],[139.17873,35.38933],[139.17959,35.39046],[139.18055,35.39122]]}},{"type":"Feature","properties":{"idx":44,"road":"丹沢公園松原町線","cls":"secondary","shops":0,"st_km":2.28,"mesh":"53390174"},"geometry":{"type":"LineString","coordinates":[[139.17353,35.39647],[139.17366,35.39601],[139.17378,35.39586],[139.17399,35.39573],[139.17472,35.39564],[139.175,35.39543],[139.17546,35.39473],[139.17619,35.39411],[139.17624,35.394],[139.17619,35.39367],[139.17628,35.39357],[139.17722,35.39306],[139.17779,35.39298],[139.1787,35.39245],[139.17922,35.39227],[139.1804,35.3913],[139.18055,35.39122]]}},{"type":"Feature","properties":{"idx":220,"road":"堀山下秦野停車場線","cls":"secondary","shops":2,"st_km":2.9,"mesh":"53390175"},"geometry":{"type":"LineString","coordinates":[[139.19369,35.40016],[139.19374,35.39974],[139.19367,35.39933],[139.19372,35.39914],[139.19414,35.3989],[139.19484,35.39868]]}},{"type":"Feature","properties":{"idx":265,"road":"堀山下秦野停車場線","cls":"secondary","shops":2,"st_km":0.44,"mesh":"53390148"},"geometry":{"type":"LineString","coordinates":[[139.22747,35.37444],[139.22823,35.3736],[139.22882,35.37286]]}},{"type":"Feature","properties":{"idx":305,"road":"平塚松田線","cls":"primary","shops":1,"st_km":3.57,"mesh":"53390108"},"geometry":{"type":"LineString","coordinates":[[139.23001,35.33805],[139.2299,35.33807]]}},{"type":"Feature","properties":{"idx":99,"road":"平塚秦野線","cls":"primary","shops":0,"st_km":0.87,"mesh":"53390148"},"geometry":{"type":"LineString","coordinates":[[139.23567,35.36887],[139.23508,35.36734]]}},{"type":"Feature","properties":{"idx":90,"road":"平塚秦野線","cls":"primary","shops":0,"st_km":1.5,"mesh":"53390139"},"geometry":{"type":"LineString","coordinates":[[139.24448,35.36467],[139.24126,35.36703],[139.24026,35.36753],[139.23912,35.36789]]}},{"type":"Feature","properties":{"idx":56,"road":"曽屋鶴巻線","cls":"secondary","shops":0,"st_km":2.27,"mesh":"53390139"},"geometry":{"type":"LineString","coordinates":[[139.24854,35.36295],[139.24866,35.36275],[139.24908,35.36222],[139.24911,35.36165],[139.2493,35.36125],[139.24929,35.36111]]}},{"type":"Feature","properties":{"idx":96,"road":"秦野二宮線","cls":"primary","shops":0,"st_km":1.53,"mesh":"53390128"},"geometry":{"type":"LineString","coordinates":[[139.23427,35.35948],[139.2355,35.35717]]}},{"type":"Feature","properties":{"idx":96,"road":"秦野二宮線","cls":"primary","shops":0,"st_km":1.53,"mesh":"53390128"},"geometry":{"type":"LineString","coordinates":[[139.23545,35.35706],[139.2342,35.35942]]}},{"type":"Feature","properties":{"idx":319,"road":NaN,"cls":"tertiary","shops":2,"st_km":0.14,"mesh":"53390148"},"geometry":{"type":"LineString","coordinates":[[139.22799,35.37026],[139.2272,35.37069]]}},{"type":"Feature","properties":{"idx":66,"road":NaN,"cls":"tertiary","shops":0,"st_km":1.64,"mesh":"53390139"},"geometry":{"type":"LineString","coordinates":[[139.24345,35.36636],[139.24353,35.36635]]}},{"type":"Feature","properties":{"idx":106,"road":NaN,"cls":"tertiary","shops":1,"st_km":1.67,"mesh":"53390128"},"geometry":{"type":"LineString","coordinates":[[139.23545,35.35706],[139.2355,35.35717]]}},{"type":"Feature","properties":{"idx":147,"road":NaN,"cls":"tertiary","shops":0,"st_km":0.22,"mesh":"53390148"},"geometry":{"type":"LineString","coordinates":[[139.22646,35.36862],[139.22537,35.3675]]}},{"type":"Feature","properties":{"idx":140,"road":"平塚秦野線","cls":"primary","shops":0,"st_km":1.21,"mesh":"53390149"},"geometry":{"type":"LineString","coordinates":[[139.23912,35.36789],[139.23904,35.36791]]}},{"type":"Feature","properties":{"idx":142,"road":"平塚秦野線","cls":"primary","shops":0,"st_km":1.18,"mesh":"53390149"},"geometry":{"type":"LineString","coordinates":[[139.23904,35.36791],[139.23867,35.36802]]}},{"type":"Feature","properties":{"idx":337,"road":NaN,"cls":"primary","shops":0,"st_km":0.71,"mesh":"53390101"},"geometry":{"type":"LineString","coordinates":[[139.1478,35.3395],[139.14789,35.33958],[139.15064,35.3406]]}},{"type":"Feature","properties":{"idx":94,"road":"秦野二宮線","cls":"primary_link","shops":0,"st_km":1.27,"mesh":"53390158"},"geometry":{"type":"LineString","coordinates":[[139.23237,35.38023],[139.23126,35.38072]]}},{"type":"Feature","properties":{"idx":81,"road":"秦野二宮線","cls":"primary","shops":0,"st_km":1.86,"mesh":"53390128"},"geometry":{"type":"LineString","coordinates":[[139.23635,35.35384],[139.23642,35.35426],[139.23642,35.35462],[139.23633,35.35525],[139.23615,35.35577],[139.23545,35.35706]]}},{"type":"Feature","properties":{"idx":386,"road":NaN,"cls":"pedestrian","shops":0,"st_km":0.66,"mesh":"53390101"},"geometry":{"type":"LineString","coordinates":[[139.14947,35.33976],[139.14952,35.33953]]}},{"type":"Feature","properties":{"idx":79,"road":NaN,"cls":"tertiary","shops":0,"st_km":1.4,"mesh":"53390103"},"geometry":{"type":"LineString","coordinates":[[139.16284,35.33969],[139.16303,35.3398],[139.16352,35.33981],[139.16396,35.33974],[139.1653,35.33969],[139.16542,35.33964],[139.16544,35.33957]]}},{"type":"Feature","properties":{"idx":18,"road":"秦野清川線","cls":"primary","shops":0,"st_km":2.89,"mesh":"53390188"},"geometry":{"type":"LineString","coordinates":[[139.2322,35.40341],[139.23197,35.40367],[139.23175,35.4041],[139.23163,35.40479]]}},{"type":"Feature","properties":{"idx":42,"road":NaN,"cls":"tertiary","shops":0,"st_km":2.88,"mesh":"53390178"},"geometry":{"type":"LineString","coordinates":[[139.23156,35.39533],[139.23091,35.3959],[139.23064,35.39599]]}},{"type":"Feature","properties":{"idx":340,"road":NaN,"cls":"tertiary","shops":0,"st_km":1.97,"mesh":"53390159"},"geometry":{"type":"LineString","coordinates":[[139.24264,35.38119],[139.24175,35.38253],[139.24173,35.38263],[139.24182,35.38287]]}},{"type":"Feature","properties":{"idx":18,"road":"秦野清川線","cls":"primary","shops":0,"st_km":2.73,"mesh":"53390188"},"geometry":{"type":"LineString","coordinates":[[139.23163,35.40479],[139.23153,35.40511],[139.23115,35.40589],[139.2309,35.40667],[139.23088,35.40694]]}},{"type":"Feature","properties":{"idx":204,"road":NaN,"cls":"tertiary","shops":0,"st_km":2.8,"mesh":"53390162"},"geometry":{"type":"LineString","coordinates":[[139.16737,35.38309],[139.16758,35.3841],[139.16759,35.38429],[139.16725,35.38484],[139.16709,35.38535],[139.16704,35.38611],[139.16671,35.3868],[139.16506,35.38848],[139.16485,35.38969],[139.16463,35.3901],[139.16436,35.39026],[139.16306,35.3907],[139.162,35.39144],[139.16048,35.39164],[139.16012,35.39164],[139.15988,35.39182],[139.15924,35.3921],[139.15894,35.39213],[139.15847,35.39238],[139.15777,35.39255],[139.15769,35.39267],[139.15763,35.39292],[139.15732,35.39338],[139.15669,35.39394],[139.15632,35.39414],[139.1552,35.39453],[139.15446,35.39468],[139.15418,35.39485],[139.15358,35.39588],[139.15341,35.39632],[139.15342,35.39716]]}},{"type":"Feature","properties":{"idx":29,"road":NaN,"cls":"tertiary","shops":0,"st_km":3.87,"mesh":"53390107"},"geometry":{"type":"LineString","coordinates":[[139.21396,35.33777],[139.21414,35.33762],[139.21421,35.33749],[139.21449,35.33668],[139.21476,35.33647],[139.21497,35.33637],[139.21516,35.33619],[139.21573,35.33496]]}},{"type":"Feature","properties":{"idx":24,"road":NaN,"cls":"tertiary","shops":0,"st_km":2.38,"mesh":"53390173"},"geometry":{"type":"LineString","coordinates":[[139.17263,35.39126],[139.17206,35.39147],[139.17174,35.39166],[139.17149,35.39191],[139.1714,35.39207],[139.17136,35.39246],[139.17101,35.39308],[139.17075,35.39388],[139.17056,35.39399],[139.17027,35.39397]]}},{"type":"Feature","properties":{"idx":444,"road":NaN,"cls":"tertiary","shops":0,"st_km":1.96,"mesh":"53390163"},"geometry":{"type":"LineString","coordinates":[[139.17626,35.38781],[139.17557,35.38902],[139.17487,35.3898],[139.17377,35.39076],[139.17318,35.3911],[139.17263,35.39126]]}},{"type":"Feature","properties":{"idx":38,"road":"平塚松田線","cls":"primary","shops":0,"st_km":3.4,"mesh":"53390107"},"geometry":{"type":"LineString","coordinates":[[139.22194,35.34135],[139.22194,35.34091],[139.22181,35.34056],[139.22179,35.34022],[139.22188,35.34002],[139.22225,35.33946],[139.22263,35.33847],[139.22264,35.33806],[139.22252,35.33776]]}},{"type":"Feature","properties":{"idx":206,"road":NaN,"cls":"tertiary","shops":1,"st_km":0.95,"mesh":"53390158"},"geometry":{"type":"LineString","coordinates":[[139.22677,35.37794],[139.22782,35.37919]]}},{"type":"Feature","properties":{"idx":94,"road":NaN,"cls":"tertiary","shops":0,"st_km":0.68,"mesh":"53390148"},"geometry":{"type":"LineString","coordinates":[[139.23269,35.37213],[139.23272,35.37184],[139.23342,35.37092],[139.23399,35.36995],[139.23405,35.36957],[139.23399,35.36942]]}},{"type":"Feature","properties":{"idx":289,"road":NaN,"cls":"tertiary","shops":0,"st_km":1.78,"mesh":"53390156"},"geometry":{"type":"LineString","coordinates":[[139.20123,35.38003],[139.20186,35.37952],[139.20275,35.3789],[139.2037,35.37855],[139.20402,35.37838],[139.20411,35.37842],[139.20424,35.37861],[139.20454,35.37918],[139.2048,35.37956]]}},{"type":"Feature","properties":{"idx":104,"road":NaN,"cls":"pedestrian","shops":0,"st_km":1.56,"mesh":"53390128"},"geometry":{"type":"LineString","coordinates":[[139.22544,35.35603],[139.22575,35.35603]]}},{"type":"Feature","properties":{"idx":152,"road":NaN,"cls":"pedestrian","shops":1,"st_km":1.6,"mesh":"53390128"},"geometry":{"type":"LineString","coordinates":[[139.22671,35.35529],[139.22575,35.35603]]}},{"type":"Feature","properties":{"idx":99,"road":"的橋","cls":"pedestrian","shops":0,"st_km":1.65,"mesh":"53390128"},"geometry":{"type":"LineString","coordinates":[[139.22694,35.35511],[139.22671,35.35529]]}},{"type":"Feature","properties":{"idx":150,"road":NaN,"cls":"pedestrian","shops":1,"st_km":1.63,"mesh":"53390128"},"geometry":{"type":"LineString","coordinates":[[139.22652,35.35535],[139.22653,35.3554]]}},{"type":"Feature","properties":{"idx":368,"road":NaN,"cls":"pedestrian","shops":1,"st_km":0.04,"mesh":"53390148"},"geometry":{"type":"LineString","coordinates":[[139.22658,35.36953],[139.22586,35.36993]]}},{"type":"Feature","properties":{"idx":205,"road":NaN,"cls":"tertiary","shops":0,"st_km":1.88,"mesh":"53390146"},"geometry":{"type":"LineString","coordinates":[[139.20506,35.36884],[139.20573,35.36883],[139.20584,35.36895]]}},{"type":"Feature","properties":{"idx":511,"road":NaN,"cls":"tertiary","shops":0,"st_km":0.86,"mesh":"53390154"},"geometry":{"type":"LineString","coordinates":[[139.17498,35.3785],[139.17479,35.37745],[139.17504,35.37687],[139.17549,35.37639],[139.17554,35.37625],[139.17555,35.37538],[139.17543,35.37423]]}},{"type":"Feature","properties":{"idx":378,"road":NaN,"cls":"tertiary","shops":0,"st_km":1.74,"mesh":"53390159"},"geometry":{"type":"LineString","coordinates":[[139.24222,35.37851],[139.24229,35.37858]]}},{"type":"Feature","properties":{"idx":703,"road":NaN,"cls":"tertiary","shops":0,"st_km":0.51,"mesh":"53390154"},"geometry":{"type":"LineString","coordinates":[[139.17914,35.37537],[139.18002,35.37725]]}},{"type":"Feature","properties":{"idx":912,"road":NaN,"cls":"pedestrian","shops":2,"st_km":0.04,"mesh":"53390144"},"geometry":{"type":"LineString","coordinates":[[139.18509,35.37388],[139.18473,35.37394]]}},{"type":"Feature","properties":{"idx":69,"road":NaN,"cls":"tertiary","shops":0,"st_km":1.56,"mesh":"53390139"},"geometry":{"type":"LineString","coordinates":[[139.24231,35.36627],[139.24203,35.36601],[139.24311,35.36517]]}},{"type":"Feature","properties":{"idx":181,"road":"白笹橋","cls":"tertiary","shops":0,"st_km":1.09,"mesh":"53390137"},"geometry":{"type":"LineString","coordinates":[[139.21539,35.36577],[139.21536,35.36561]]}},{"type":"Feature","properties":{"idx":166,"road":NaN,"cls":"tertiary","shops":0,"st_km":1.2,"mesh":"53390137"},"geometry":{"type":"LineString","coordinates":[[139.21536,35.36561],[139.21527,35.36521],[139.21515,35.36492],[139.21482,35.36445],[139.21478,35.36426],[139.21485,35.364],[139.21517,35.36362],[139.21518,35.36346],[139.21498,35.36329]]}},{"type":"Feature","properties":{"idx":623,"road":NaN,"cls":"pedestrian","shops":0,"st_km":1.42,"mesh":"53390155"},"geometry":{"type":"LineString","coordinates":[[139.1982,35.38065],[139.19726,35.38116]]}},{"type":"Feature","properties":{"idx":134,"road":NaN,"cls":"tertiary","shops":1,"st_km":2.98,"mesh":"53390118"},"geometry":{"type":"LineString","coordinates":[[139.22529,35.3442],[139.22736,35.34329],[139.22879,35.34307],[139.22992,35.34301],[139.23042,35.34287]]}},{"type":"Feature","properties":{"idx":156,"road":"東大塚橋","cls":"tertiary","shops":0,"st_km":2.85,"mesh":"53390117"},"geometry":{"type":"LineString","coordinates":[[139.2214,35.34464],[139.22183,35.34464]]}},{"type":"Feature","properties":{"idx":37,"road":"新中井隧道","cls":"primary","shops":0,"st_km":3.75,"mesh":"53390107"},"geometry":{"type":"LineString","coordinates":[[139.22146,35.33667],[139.22038,35.33638]]}},{"type":"Feature","properties":{"idx":36,"road":"平塚松田線","cls":"primary","shops":0,"st_km":3.83,"mesh":"53390107"},"geometry":{"type":"LineString","coordinates":[[139.22038,35.33638],[139.21988,35.33622],[139.21965,35.33607],[139.21951,35.33591],[139.2194,35.33555],[139.21947,35.33521]]}},{"type":"Feature","properties":{"idx":267,"road":NaN,"cls":"tertiary","shops":0,"st_km":1.95,"mesh":"53390156"},"geometry":{"type":"LineString","coordinates":[[139.2048,35.37956],[139.20485,35.37962]]}},{"type":"Feature","properties":{"idx":383,"road":NaN,"cls":"tertiary","shops":0,"st_km":1.1,"mesh":"53390102"},"geometry":{"type":"LineString","coordinates":[[139.16096,35.33983],[139.16065,35.33977],[139.16043,35.33978],[139.15943,35.34009]]}},{"type":"Feature","properties":{"idx":345,"road":"御殿場大井線","cls":"primary","shops":0,"st_km":0.68,"mesh":"53390101"},"geometry":{"type":"LineString","coordinates":[[139.1473,35.33927],[139.14597,35.33869]]}},{"type":"Feature","properties":{"idx":345,"road":"御殿場大井線","cls":"primary","shops":0,"st_km":0.68,"mesh":"53390101"},"geometry":{"type":"LineString","coordinates":[[139.1478,35.3395],[139.1473,35.33927]]}},{"type":"Feature","properties":{"idx":9,"road":"秦野清川線","cls":"primary","shops":0,"st_km":2.25,"mesh":"53390198"},"geometry":{"type":"LineString","coordinates":[[139.23066,35.41105],[139.23062,35.41112]]}},{"type":"Feature","properties":{"idx":9,"road":"秦野清川線","cls":"primary","shops":0,"st_km":2.1,"mesh":"53390198"},"geometry":{"type":"LineString","coordinates":[[139.23062,35.41112],[139.22953,35.41309],[139.22931,35.41373],[139.22892,35.41522],[139.22873,35.41556],[139.22846,35.41576]]}},{"type":"Feature","properties":{"idx":136,"road":NaN,"cls":"tertiary","shops":0,"st_km":0.3,"mesh":"53390148"},"geometry":{"type":"LineString","coordinates":[[139.22537,35.3675],[139.2255,35.36737]]}},{"type":"Feature","properties":{"idx":88,"road":"神縄神山線","cls":"secondary","shops":0,"st_km":2.52,"mesh":"53390132"},"geometry":{"type":"LineString","coordinates":[[139.15942,35.36141],[139.15908,35.36181]]}},{"type":"Feature","properties":{"idx":88,"road":"神縄神山線","cls":"secondary","shops":0,"st_km":2.52,"mesh":"53390132"},"geometry":{"type":"LineString","coordinates":[[139.15908,35.36181],[139.15899,35.36192]]}},{"type":"Feature","properties":{"idx":658,"road":NaN,"cls":"tertiary","shops":0,"st_km":2.1,"mesh":"53390166"},"geometry":{"type":"LineString","coordinates":[[139.1991,35.38347],[139.20446,35.38973]]}},{"type":"Feature","properties":{"idx":395,"road":"水無瀬橋","cls":"tertiary","shops":0,"st_km":1.65,"mesh":"53390155"},"geometry":{"type":"LineString","coordinates":[[139.19876,35.38307],[139.19901,35.38336]]}},{"type":"Feature","properties":{"idx":29,"road":"丹沢公園松原町線","cls":"secondary","shops":0,"st_km":3.87,"mesh":"53390183"},"geometry":{"type":"LineString","coordinates":[[139.1658,35.40646],[139.16583,35.40617],[139.16592,35.40599],[139.16625,35.4058],[139.16659,35.40579],[139.16723,35.40602],[139.16788,35.40588],[139.16811,35.40566],[139.16852,35.40483]]}},{"type":"Feature","properties":{"idx":20,"road":"神縄神山線","cls":"secondary","shops":1,"st_km":5.07,"mesh":"53390181"},"geometry":{"type":"LineString","coordinates":[[139.13887,35.40039],[139.13882,35.40042]]}},{"type":"Feature","properties":{"idx":23,"road":"神縄神山線","cls":"secondary","shops":0,"st_km":5.9,"mesh":"53390190"},"geometry":{"type":"LineString","coordinates":[[139.13742,35.4014],[139.1371,35.40135],[139.13707,35.40141],[139.13693,35.4032],[139.13674,35.40458],[139.13623,35.40696],[139.13538,35.41026],[139.13491,35.41111],[139.13453,35.41161],[139.13447,35.41221],[139.13443,35.41228],[139.13431,35.41232],[139.13386,35.41218],[139.13364,35.41225],[139.13357,35.41234],[139.13342,35.41269],[139.13337,35.41338],[139.13315,35.41386],[139.13289,35.41417],[139.13278,35.41469],[139.13186,35.41538],[139.13148,35.41557],[139.1313,35.41571]]}},{"type":"Feature","properties":{"idx":174,"road":NaN,"cls":"tertiary","shops":0,"st_km":1.6,"mesh":"53390136"},"geometry":{"type":"LineString","coordinates":[[139.20953,35.36499],[139.20964,35.36486],[139.21022,35.36448],[139.21143,35.36318],[139.21133,35.36308],[139.21105,35.36309],[139.20934,35.36372],[139.20879,35.36364],[139.20865,35.36354],[139.20861,35.36334],[139.20934,35.36265],[139.20932,35.36248],[139.20921,35.3624]]}},{"type":"Feature","properties":{"idx":24,"road":"秦野大井線","cls":"secondary","shops":0,"st_km":2.15,"mesh":"53390124"},"geometry":{"type":"LineString","coordinates":[[139.1743,35.35174],[139.17443,35.35278],[139.17421,35.35367],[139.17434,35.35442],[139.17419,35.35514],[139.17418,35.3553],[139.17427,35.35551],[139.1746,35.35577],[139.17604,35.35629],[139.1763,35.35648],[139.17647,35.35672],[139.17689,35.35826],[139.1771,35.35865],[139.17735,35.35885],[139.17858,35.35952],[139.17879,35.35967],[139.179,35.35998]]}},{"type":"Feature","properties":{"idx":6,"road":"秦野大井線","cls":"secondary","shops":0,"st_km":2.17,"mesh":"53390113"},"geometry":{"type":"LineString","coordinates":[[139.16598,35.34775],[139.16743,35.34865]]}},{"type":"Feature","properties":{"idx":64,"road":NaN,"cls":"tertiary","shops":0,"st_km":1.13,"mesh":"53390135"},"geometry":{"type":"LineString","coordinates":[[139.19051,35.3651],[139.19053,35.36517],[139.19099,35.36543],[139.19108,35.36551],[139.19106,35.36556]]}},{"type":"Feature","properties":{"idx":64,"road":"川久保橋","cls":"tertiary","shops":0,"st_km":1.14,"mesh":"53390135"},"geometry":{"type":"LineString","coordinates":[[139.19053,35.36501],[139.19051,35.3651]]}},{"type":"Feature","properties":{"idx":169,"road":"平塚秦野線","cls":"primary","shops":0,"st_km":0.88,"mesh":"53390138"},"geometry":{"type":"LineString","coordinates":[[139.23478,35.36651],[139.23473,35.36637]]}},{"type":"Feature","properties":{"idx":203,"road":"はだの桜みち","cls":"primary","shops":0,"st_km":1.23,"mesh":"53390137"},"geometry":{"type":"LineString","coordinates":[[139.22301,35.36206],[139.21721,35.3622],[139.21655,35.36231],[139.2159,35.36263],[139.21106,35.36613]]}},{"type":"Feature","properties":{"idx":57,"road":"曽屋鶴巻線","cls":"secondary","shops":0,"st_km":2.24,"mesh":"53390139"},"geometry":{"type":"LineString","coordinates":[[139.24934,35.3621],[139.24898,35.36259],[139.24854,35.36295]]}},{"type":"Feature","properties":{"idx":22,"road":NaN,"cls":"tertiary","shops":0,"st_km":2.63,"mesh":"53390173"},"geometry":{"type":"LineString","coordinates":[[139.1667,35.39345],[139.16729,35.39338],[139.16792,35.39338],[139.16811,35.39326],[139.16837,35.39296],[139.16869,35.39285]]}},{"type":"Feature","properties":{"idx":70,"road":"平塚松田線","cls":"primary","shops":0,"st_km":2.17,"mesh":"53390103"},"geometry":{"type":"LineString","coordinates":[[139.18341,35.34103],[139.18196,35.33974],[139.18145,35.33942],[139.18104,35.33928],[139.18026,35.33923],[139.17878,35.33928],[139.17854,35.33936],[139.17833,35.3395],[139.17796,35.33993],[139.17777,35.34004],[139.17758,35.34009],[139.17731,35.34007],[139.17678,35.33988],[139.1765,35.33986],[139.17573,35.34012],[139.17488,35.34009],[139.174,35.34032],[139.17307,35.34036],[139.17225,35.34051],[139.17186,35.34047],[139.17117,35.3402],[139.17075,35.34017],[139.16902,35.3404],[139.16641,35.34059],[139.16456,35.34088],[139.16399,35.34084],[139.16309,35.34067],[139.16268,35.34067],[139.16217,35.34076],[139.16134,35.34101]]}},{"type":"Feature","properties":{"idx":18,"road":"広域農道やまゆりライン","cls":"tertiary","shops":0,"st_km":4.06,"mesh":"53390106"},"geometry":{"type":"LineString","coordinates":[[139.20821,35.33569],[139.2081,35.33642],[139.20785,35.33696],[139.20784,35.33709],[139.20792,35.3373],[139.2081,35.33753]]}},{"type":"Feature","properties":{"idx":18,"road":"広域農道やまゆりライン","cls":"tertiary","shops":0,"st_km":4.14,"mesh":"53390106"},"geometry":{"type":"LineString","coordinates":[[139.20754,35.33398],[139.20812,35.3343],[139.20827,35.33441],[139.20847,35.33473],[139.20845,35.33511],[139.20821,35.33569]]}},{"type":"Feature","properties":{"idx":23,"road":"平塚松田線","cls":"primary","shops":0,"st_km":3.63,"mesh":"53390106"},"geometry":{"type":"LineString","coordinates":[[139.20514,35.3325],[139.20428,35.33263],[139.20327,35.3327],[139.20297,35.33276],[139.2025,35.33296],[139.20086,35.33391],[139.20057,35.3341],[139.19987,35.33473],[139.19862,35.33559],[139.19837,35.33598],[139.19801,35.33693],[139.19778,35.33721]]}},{"type":"Feature","properties":{"idx":166,"road":NaN,"cls":"tertiary","shops":0,"st_km":2.24,"mesh":"53390125"},"geometry":{"type":"LineString","coordinates":[[139.19651,35.34642],[139.19581,35.34686],[139.1956,35.3471],[139.19529,35.34786],[139.19451,35.34876],[139.19441,35.34906],[139.19441,35.34932],[139.19466,35.35061],[139.19466,35.3509],[139.19459,35.35108],[139.19427,35.35144],[139.19368,35.35191],[139.19266,35.35214],[139.19257,35.35228],[139.19238,35.35291],[139.19222,35.35316],[139.19096,35.35408],[139.19038,35.35466],[139.19032,35.35484],[139.19036,35.35497],[139.19088,35.35549],[139.191,35.35555],[139.19121,35.35556],[139.19182,35.35534],[139.19206,35.35537],[139.19225,35.35551],[139.19228,35.35566],[139.19214,35.35601],[139.19215,35.35623],[139.19289,35.35802],[139.19365,35.35863],[139.19465,35.35963],[139.19468,35.35971],[139.19465,35.35985],[139.19434,35.36034],[139.19441,35.36056],[139.19511,35.36084],[139.19644,35.36087],[139.19676,35.36074]]}},{"type":"Feature","properties":{"idx":100,"road":"平塚松田線","cls":"primary","shops":0,"st_km":1.33,"mesh":"53390112"},"geometry":{"type":"LineString","coordinates":[[139.16134,35.34101],[139.15999,35.34147],[139.15867,35.34217],[139.15842,35.34252],[139.15825,35.34299],[139.15787,35.34345],[139.15777,35.34364],[139.1577,35.34409],[139.15756,35.34437],[139.1574,35.34449],[139.15721,35.34456],[139.15704,35.34459],[139.15655,35.34457],[139.15614,35.3446],[139.15572,35.34479],[139.15463,35.34573],[139.15457,35.34597],[139.15475,35.34643],[139.15463,35.3466],[139.15444,35.34665],[139.15433,35.34662],[139.15331,35.34587],[139.1532,35.34581],[139.15301,35.34584],[139.15293,35.3459],[139.15291,35.346],[139.15288,35.34691],[139.15305,35.34733],[139.15302,35.3477],[139.15279,35.34787],[139.1526,35.34793],[139.15131,35.34805]]}},{"type":"Feature","properties":{"idx":127,"road":"平塚松田線","cls":"primary","shops":0,"st_km":1.07,"mesh":"53390112"},"geometry":{"type":"LineString","coordinates":[[139.15131,35.34805],[139.15023,35.34711]]}},{"type":"Feature","properties":{"idx":38,"road":NaN,"cls":"tertiary","shops":1,"st_km":3.14,"mesh":"53390184"},"geometry":{"type":"LineString","coordinates":[[139.18076,35.40248],[139.18095,35.40198]]}},{"type":"Feature","properties":{"idx":34,"road":NaN,"cls":"tertiary","shops":0,"st_km":2.81,"mesh":"53390174"},"geometry":{"type":"LineString","coordinates":[[139.18242,35.39964],[139.18259,35.39951],[139.18292,35.39939],[139.1845,35.39939],[139.18475,35.39935],[139.18491,35.39929],[139.18511,35.39912],[139.18543,35.3986]]}},{"type":"Feature","properties":{"idx":26,"road":"押立橋","cls":"tertiary","shops":0,"st_km":3.05,"mesh":"53390184"},"geometry":{"type":"LineString","coordinates":[[139.18108,35.40167],[139.18131,35.4011]]}},{"type":"Feature","properties":{"idx":26,"road":NaN,"cls":"tertiary","shops":0,"st_km":3.08,"mesh":"53390184"},"geometry":{"type":"LineString","coordinates":[[139.18104,35.40177],[139.18108,35.40167]]}},{"type":"Feature","properties":{"idx":38,"road":NaN,"cls":"tertiary","shops":1,"st_km":3.1,"mesh":"53390184"},"geometry":{"type":"LineString","coordinates":[[139.181,35.40187],[139.18104,35.40177]]}},{"type":"Feature","properties":{"idx":36,"road":"風の吊り橋","cls":"pedestrian","shops":0,"st_km":3.72,"mesh":"53390183"},"geometry":{"type":"LineString","coordinates":[[139.17268,35.40616],[139.17272,35.40619]]}},{"type":"Feature","properties":{"idx":7,"road":"秦野大井線","cls":"secondary","shops":0,"st_km":1.84,"mesh":"53390113"},"geometry":{"type":"LineString","coordinates":[[139.16351,35.3463],[139.16384,35.34649]]}},{"type":"Feature","properties":{"idx":7,"road":"秦野大井線","cls":"secondary","shops":0,"st_km":1.78,"mesh":"53390113"},"geometry":{"type":"LineString","coordinates":[[139.16279,35.34589],[139.16351,35.3463]]}},{"type":"Feature","properties":{"idx":50,"road":NaN,"cls":"tertiary","shops":0,"st_km":2.29,"mesh":"53390139"},"geometry":{"type":"LineString","coordinates":[[139.24581,35.35862],[139.24657,35.359],[139.24837,35.35952],[139.2494,35.35998]]}},{"type":"Feature","properties":{"idx":48,"road":NaN,"cls":"tertiary","shops":0,"st_km":2.4,"mesh":"53390139"},"geometry":{"type":"LineString","coordinates":[[139.2494,35.35998],[139.24998,35.36026]]}},{"type":"Feature","properties":{"idx":168,"road":"平塚秦野線","cls":"primary","shops":0,"st_km":0.89,"mesh":"53390138"},"geometry":{"type":"LineString","coordinates":[[139.23473,35.36637],[139.23447,35.36567]]}},{"type":"Feature","properties":{"idx":141,"road":"平塚秦野線","cls":"primary","shops":0,"st_km":1.11,"mesh":"53390138"},"geometry":{"type":"LineString","coordinates":[[139.2338,35.36117],[139.23385,35.36345],[139.2339,35.36354]]}},{"type":"Feature","properties":{"idx":141,"road":"平塚秦野線","cls":"primary","shops":0,"st_km":1.11,"mesh":"53390138"},"geometry":{"type":"LineString","coordinates":[[139.2339,35.36354],[139.23394,35.36342],[139.23389,35.36115]]}},{"type":"Feature","properties":{"idx":35,"road":"堀山下秦野停車場線","cls":"secondary","shops":0,"st_km":2.98,"mesh":"53390185"},"geometry":{"type":"LineString","coordinates":[[139.1909,35.40046],[139.19096,35.40044]]}},{"type":"Feature","properties":{"idx":35,"road":"堀山下秦野停車場線","cls":"secondary","shops":0,"st_km":3.0,"mesh":"53390185"},"geometry":{"type":"LineString","coordinates":[[139.19096,35.40044],[139.19126,35.40039],[139.19287,35.40039],[139.19369,35.40016]]}},{"type":"Feature","properties":{"idx":539,"road":"堀山下秦野停車場線","cls":"secondary","shops":0,"st_km":1.21,"mesh":"53390157"},"geometry":{"type":"LineString","coordinates":[[139.21966,35.37966],[139.21978,35.3796]]}},{"type":"Feature","properties":{"idx":558,"road":"堀山下秦野停車場線","cls":"secondary","shops":0,"st_km":1.16,"mesh":"53390157"},"geometry":{"type":"LineString","coordinates":[[139.21978,35.3796],[139.22039,35.37937],[139.22083,35.37912]]}},{"type":"Feature","properties":{"idx":533,"road":"堀山下秦野停車場線","cls":"secondary","shops":0,"st_km":1.22,"mesh":"53390157"},"geometry":{"type":"LineString","coordinates":[[139.2195,35.37978],[139.21966,35.37966]]}},{"type":"Feature","properties":{"idx":748,"road":"堀山下秦野停車場線","cls":"secondary","shops":0,"st_km":0.8,"mesh":"53390157"},"geometry":{"type":"LineString","coordinates":[[139.22095,35.37902],[139.22222,35.37807],[139.22292,35.37777],[139.22402,35.37742],[139.22463,35.37717],[139.22516,35.37685],[139.22747,35.37444]]}},{"type":"Feature","properties":{"idx":582,"road":"堀山下秦野停車場線","cls":"secondary","shops":0,"st_km":1.1,"mesh":"53390157"},"geometry":{"type":"LineString","coordinates":[[139.22083,35.37912],[139.22095,35.37902]]}},{"type":"Feature","properties":{"idx":619,"road":NaN,"cls":"tertiary","shops":0,"st_km":2.27,"mesh":"53390166"},"geometry":{"type":"LineString","coordinates":[[139.20503,35.38248],[139.20638,35.38351],[139.20797,35.38491]]}},{"type":"Feature","properties":{"idx":19,"road":"秦野大井線","cls":"secondary","shops":0,"st_km":2.7,"mesh":"53390123"},"geometry":{"type":"LineString","coordinates":[[139.17413,35.35064],[139.1743,35.35174]]}},{"type":"Feature","properties":{"idx":5,"road":"秦野大井線","cls":"secondary","shops":0,"st_km":2.77,"mesh":"53390113"},"geometry":{"type":"LineString","coordinates":[[139.17329,35.34926],[139.17362,35.34952],[139.17391,35.34991],[139.17406,35.35028],[139.17413,35.35064]]}},{"type":"Feature","properties":{"idx":49,"road":"秦野清川線","cls":"primary","shops":0,"st_km":3.29,"mesh":"53390178"},"geometry":{"type":"LineString","coordinates":[[139.23488,35.39854],[139.23471,35.39867],[139.23442,35.39875],[139.23364,35.39879],[139.23339,35.39891],[139.2333,35.39901],[139.23323,35.39923],[139.23329,35.39972],[139.23311,35.40069]]}},{"type":"Feature","properties":{"idx":49,"road":"中丸橋","cls":"primary","shops":0,"st_km":3.25,"mesh":"53390178"},"geometry":{"type":"LineString","coordinates":[[139.23498,35.39842],[139.23488,35.39854]]}},{"type":"Feature","properties":{"idx":72,"road":"大山秦野線","cls":"secondary","shops":0,"st_km":2.51,"mesh":"53390189"},"geometry":{"type":"LineString","coordinates":[[139.2398,35.40498],[139.24026,35.40524],[139.24148,35.40541],[139.24167,35.40548],[139.24182,35.40567],[139.24231,35.40669],[139.24238,35.40669]]}},{"type":"Feature","properties":{"idx":30,"road":"丹沢公園松原町線","cls":"secondary","shops":0,"st_km":3.44,"mesh":"53390183"},"geometry":{"type":"LineString","coordinates":[[139.16866,35.40464],[139.16927,35.40387],[139.1697,35.40352],[139.17003,35.40317],[139.17063,35.40237],[139.17084,35.40205],[139.17128,35.40113],[139.17154,35.40074]]}},{"type":"Feature","properties":{"idx":24,"road":"丹沢公園松原町線","cls":"secondary","shops":0,"st_km":2.91,"mesh":"53390173"},"geometry":{"type":"LineString","coordinates":[[139.17287,35.39881],[139.17298,35.39817]]}},{"type":"Feature","properties":{"idx":267,"road":NaN,"cls":"tertiary","shops":0,"st_km":3.39,"mesh":"53390176"},"geometry":{"type":"LineString","coordinates":[[139.20973,35.39702],[139.20755,35.39764]]}},{"type":"Feature","properties":{"idx":269,"road":NaN,"cls":"tertiary","shops":0,"st_km":3.34,"mesh":"53390176"},"geometry":{"type":"LineString","coordinates":[[139.2098,35.39699],[139.20973,35.39702]]}},{"type":"Feature","properties":{"idx":31,"road":NaN,"cls":"tertiary","shops":0,"st_km":3.07,"mesh":"53390185"},"geometry":{"type":"LineString","coordinates":[[139.19574,35.40036],[139.19532,35.40035],[139.19447,35.40016]]}},{"type":"Feature","properties":{"idx":30,"road":NaN,"cls":"tertiary","shops":0,"st_km":3.11,"mesh":"53390185"},"geometry":{"type":"LineString","coordinates":[[139.19667,35.40035],[139.19638,35.40035]]}},{"type":"Feature","properties":{"idx":342,"road":NaN,"cls":"tertiary","shops":0,"st_km":1.96,"mesh":"53390159"},"geometry":{"type":"LineString","coordinates":[[139.24391,35.38024],[139.24274,35.38106],[139.24264,35.38119]]}},{"type":"Feature","properties":{"idx":339,"road":NaN,"cls":"tertiary","shops":0,"st_km":1.97,"mesh":"53390159"},"geometry":{"type":"LineString","coordinates":[[139.24553,35.37753],[139.24522,35.37769],[139.24527,35.37777],[139.24553,35.37783],[139.24555,35.37792],[139.24506,35.3784],[139.24508,35.37855],[139.24486,35.37934],[139.2445,35.37986],[139.24391,35.38024]]}},{"type":"Feature","properties":{"idx":3,"road":"秦野清川線","cls":"primary","shops":0,"st_km":2.8,"mesh":"53390197"},"geometry":{"type":"LineString","coordinates":[[139.21682,35.41327],[139.21689,35.41314],[139.2172,35.41299],[139.21726,35.41291],[139.21724,35.41242],[139.21713,35.4122]]}},{"type":"Feature","properties":{"idx":3,"road":"秦野清川線","cls":"primary","shops":0,"st_km":2.79,"mesh":"53390197"},"geometry":{"type":"LineString","coordinates":[[139.21683,35.41332],[139.21682,35.41327]]}},{"type":"Feature","properties":{"idx":10,"road":"秦野清川線","cls":"primary","shops":0,"st_km":2.13,"mesh":"53390198"},"geometry":{"type":"LineString","coordinates":[[139.22707,35.41615],[139.2267,35.41601],[139.22603,35.41541],[139.22581,35.41533],[139.22556,35.41531],[139.22474,35.4155],[139.22447,35.41563],[139.22426,35.41597],[139.22395,35.41616]]}},{"type":"Feature","properties":{"idx":4,"road":"秦野清川線","cls":"primary","shops":0,"st_km":2.13,"mesh":"53390197"},"geometry":{"type":"LineString","coordinates":[[139.22395,35.41616],[139.22383,35.41615]]}},{"type":"Feature","properties":{"idx":131,"road":"平塚秦野線","cls":"primary","shops":0,"st_km":1.21,"mesh":"53390138"},"geometry":{"type":"LineString","coordinates":[[139.23389,35.36115],[139.2338,35.36117]]}},{"type":"Feature","properties":{"idx":91,"road":"秦野二宮線","cls":"primary_link","shops":0,"st_km":1.31,"mesh":"53390158"},"geometry":{"type":"LineString","coordinates":[[139.23279,35.38034],[139.23302,35.38038],[139.23308,35.38046],[139.23309,35.38061]]}},{"type":"Feature","properties":{"idx":93,"road":"秦野二宮線","cls":"primary_link","shops":0,"st_km":1.28,"mesh":"53390158"},"geometry":{"type":"LineString","coordinates":[[139.2319,35.38052],[139.2325,35.38041]]}},{"type":"Feature","properties":{"idx":26,"road":"上関戸橋","cls":"tertiary","shops":0,"st_km":2.96,"mesh":"53390184"},"geometry":{"type":"LineString","coordinates":[[139.1766,35.40026],[139.17683,35.39996],[139.17706,35.39985]]}},{"type":"Feature","properties":{"idx":25,"road":NaN,"cls":"tertiary","shops":0,"st_km":3.3,"mesh":"53390184"},"geometry":{"type":"LineString","coordinates":[[139.17566,35.40262],[139.1772,35.40318],[139.17758,35.40319],[139.17783,35.40313],[139.17809,35.40297],[139.17849,35.4026],[139.1787,35.40227]]}},{"type":"Feature","properties":{"idx":39,"road":NaN,"cls":"tertiary","shops":0,"st_km":2.53,"mesh":"53390104"},"geometry":{"type":"LineString","coordinates":[[139.18138,35.33934],[139.18136,35.33938]]}},{"type":"Feature","properties":{"idx":39,"road":NaN,"cls":"tertiary","shops":0,"st_km":2.52,"mesh":"53390104"},"geometry":{"type":"LineString","coordinates":[[139.18143,35.33912],[139.18138,35.33934]]}},{"type":"Feature","properties":{"idx":46,"road":"平塚松田線","cls":"primary","shops":0,"st_km":2.8,"mesh":"53390104"},"geometry":{"type":"LineString","coordinates":[[139.1836,35.3412],[139.18341,35.34103]]}},{"type":"Feature","properties":{"idx":168,"road":"平塚松田線","cls":"primary","shops":0,"st_km":3.3,"mesh":"53390115"},"geometry":{"type":"LineString","coordinates":[[139.19448,35.34089],[139.19433,35.34163],[139.19412,35.34194],[139.19373,35.34227],[139.19333,35.34245],[139.19298,35.34253],[139.19162,35.34266],[139.19095,35.34298],[139.19073,35.34305],[139.19045,35.34306],[139.19006,35.34295],[139.18948,35.34252],[139.18924,35.34244],[139.18718,35.34219],[139.18631,35.34177],[139.18573,35.34171],[139.18445,35.3417],[139.18404,35.34156],[139.1836,35.3412]]}},{"type":"Feature","properties":{"idx":202,"road":NaN,"cls":"tertiary","shops":0,"st_km":0.52,"mesh":"53390110"},"geometry":{"type":"LineString","coordinates":[[139.13386,35.34368],[139.13378,35.34362]]}},{"type":"Feature","properties":{"idx":25,"road":NaN,"cls":"tertiary","shops":0,"st_km":3.18,"mesh":"53390184"},"geometry":{"type":"LineString","coordinates":[[139.18265,35.40245],[139.18496,35.40288],[139.18517,35.40305],[139.18523,35.40322]]}},{"type":"Feature","properties":{"idx":26,"road":NaN,"cls":"tertiary","shops":0,"st_km":2.98,"mesh":"53390184"},"geometry":{"type":"LineString","coordinates":[[139.17868,35.40027],[139.18135,35.40099]]}},{"type":"Feature","properties":{"idx":25,"road":NaN,"cls":"tertiary","shops":0,"st_km":3.13,"mesh":"53390184"},"geometry":{"type":"LineString","coordinates":[[139.17566,35.40262],[139.176,35.40207],[139.17625,35.40148],[139.1766,35.40026]]}},{"type":"Feature","properties":{"idx":24,"road":"秦野清川線","cls":"primary","shops":3,"st_km":1.93,"mesh":"53390198"},"geometry":{"type":"LineString","coordinates":[[139.22839,35.41579],[139.22835,35.41581]]}},{"type":"Feature","properties":{"idx":24,"road":"秦野清川線","cls":"primary","shops":3,"st_km":1.93,"mesh":"53390198"},"geometry":{"type":"LineString","coordinates":[[139.22846,35.41576],[139.22839,35.41579]]}},{"type":"Feature","properties":{"idx":97,"road":NaN,"cls":"tertiary_link","shops":0,"st_km":0.32,"mesh":"53390111"},"geometry":{"type":"LineString","coordinates":[[139.13965,35.3488],[139.13967,35.34894]]}},{"type":"Feature","properties":{"idx":96,"road":NaN,"cls":"tertiary_link","shops":0,"st_km":0.34,"mesh":"53390111"},"geometry":{"type":"LineString","coordinates":[[139.13967,35.34894],[139.13969,35.34905]]}},{"type":"Feature","properties":{"idx":120,"road":"松田国府津線","cls":"primary","shops":0,"st_km":0.85,"mesh":"53390111"},"geometry":{"type":"LineString","coordinates":[[139.14837,35.34766],[139.1482,35.34769]]}},{"type":"Feature","properties":{"idx":26,"road":"神縄神山線","cls":"secondary","shops":2,"st_km":5.16,"mesh":"53390181"},"geometry":{"type":"LineString","coordinates":[[139.13882,35.40042],[139.13843,35.40055],[139.13826,35.40066],[139.13812,35.4013],[139.138,35.40142],[139.13776,35.40148],[139.13742,35.4014]]}},{"type":"Feature","properties":{"idx":88,"road":"神縄神山線","cls":"secondary","shops":0,"st_km":2.5,"mesh":"53390132"},"geometry":{"type":"LineString","coordinates":[[139.15862,35.3619],[139.15874,35.3619]]}},{"type":"Feature","properties":{"idx":90,"road":"神縄神山線","cls":"secondary","shops":0,"st_km":2.45,"mesh":"53390132"},"geometry":{"type":"LineString","coordinates":[[139.1593,35.35644],[139.16071,35.35756],[139.16093,35.35808],[139.16104,35.35869],[139.16103,35.35901],[139.16087,35.35927],[139.15978,35.36032],[139.15969,35.36054],[139.15961,35.361],[139.15942,35.36141]]}},{"type":"Feature","properties":{"idx":47,"road":"神縄神山線","cls":"secondary","shops":0,"st_km":2.16,"mesh":"53390122"},"geometry":{"type":"LineString","coordinates":[[139.15923,35.35639],[139.1593,35.35644]]}},{"type":"Feature","properties":{"idx":1099,"road":"秦野停車場線","cls":"secondary","shops":4,"st_km":0.31,"mesh":"53390147"},"geometry":{"type":"LineString","coordinates":[[139.22427,35.37243],[139.22431,35.37246]]}},{"type":"Feature","properties":{"idx":1272,"road":"秦野停車場線","cls":"secondary","shops":5,"st_km":0.32,"mesh":"53390147"},"geometry":{"type":"LineString","coordinates":[[139.2246,35.37265],[139.22465,35.37268]]}},{"type":"Feature","properties":{"idx":154,"road":NaN,"cls":"tertiary","shops":0,"st_km":0.18,"mesh":"53390148"},"geometry":{"type":"LineString","coordinates":[[139.22802,35.3703],[139.22799,35.37026]]}},{"type":"Feature","properties":{"idx":222,"road":"水無川通り","cls":"tertiary","shops":1,"st_km":0.22,"mesh":"53390148"},"geometry":{"type":"LineString","coordinates":[[139.22465,35.37268],[139.22498,35.37241],[139.22683,35.37135]]}},{"type":"Feature","properties":{"idx":132,"road":"秦野停車場線","cls":"secondary","shops":0,"st_km":1.15,"mesh":"53390158"},"geometry":{"type":"LineString","coordinates":[[139.23362,35.37823],[139.23396,35.37836]]}},{"type":"Feature","properties":{"idx":132,"road":"秦野二宮線","cls":"primary","shops":0,"st_km":1.29,"mesh":"53390158"},"geometry":{"type":"LineString","coordinates":[[139.23265,35.37999],[139.23269,35.38011],[139.2326,35.38048],[139.23264,35.38082]]}},{"type":"Feature","properties":{"idx":128,"road":"秦野二宮線","cls":"primary","shops":0,"st_km":1.34,"mesh":"53390158"},"geometry":{"type":"LineString","coordinates":[[139.23264,35.38082],[139.23301,35.38073],[139.23309,35.38061]]}},{"type":"Feature","properties":{"idx":426,"road":"堀山下秦野停車場線","cls":"secondary","shops":0,"st_km":1.56,"mesh":"53390157"},"geometry":{"type":"LineString","coordinates":[[139.21338,35.38295],[139.21575,35.38159],[139.21708,35.38107],[139.21837,35.38074],[139.21888,35.38045]]}},{"type":"Feature","properties":{"idx":606,"road":NaN,"cls":"tertiary","shops":0,"st_km":2.36,"mesh":"53390166"},"geometry":{"type":"LineString","coordinates":[[139.20953,35.38629],[139.21084,35.38742]]}},{"type":"Feature","properties":{"idx":262,"road":NaN,"cls":"tertiary","shops":0,"st_km":1.99,"mesh":"53390156"},"geometry":{"type":"LineString","coordinates":[[139.2035,35.38146],[139.20406,35.38179],[139.20484,35.38235]]}},{"type":"Feature","properties":{"idx":253,"road":NaN,"cls":"tertiary","shops":0,"st_km":2.07,"mesh":"53390156"},"geometry":{"type":"LineString","coordinates":[[139.20484,35.38235],[139.20503,35.38248]]}},{"type":"Feature","properties":{"idx":530,"road":"文化会館通り","cls":"tertiary","shops":0,"st_km":1.68,"mesh":"53390165"},"geometry":{"type":"LineString","coordinates":[[139.19901,35.38336],[139.1991,35.38347]]}},{"type":"Feature","properties":{"idx":286,"road":"水無川通り","cls":"tertiary","shops":0,"st_km":1.79,"mesh":"53390156"},"geometry":{"type":"LineString","coordinates":[[139.1991,35.38347],[139.19976,35.38325],[139.20101,35.38269],[139.20335,35.38132]]}},{"type":"Feature","properties":{"idx":118,"road":"堀山下秦野停車場線","cls":"secondary","shops":0,"st_km":2.56,"mesh":"53390175"},"geometry":{"type":"LineString","coordinates":[[139.19767,35.39451],[139.19768,35.39449]]}},{"type":"Feature","properties":{"idx":762,"road":"丹沢公園松原町線","cls":"secondary","shops":0,"st_km":0.55,"mesh":"53390154"},"geometry":{"type":"LineString","coordinates":[[139.1852,35.37571],[139.18547,35.37658],[139.18753,35.38183]]}},{"type":"Feature","properties":{"idx":764,"road":"文化会館通り","cls":"tertiary","shops":0,"st_km":0.74,"mesh":"53390155"},"geometry":{"type":"LineString","coordinates":[[139.19074,35.37341],[139.19413,35.37752]]}},{"type":"Feature","properties":{"idx":713,"road":"はだの桜みち","cls":"tertiary","shops":0,"st_km":0.82,"mesh":"53390155"},"geometry":{"type":"LineString","coordinates":[[139.18753,35.38183],[139.18828,35.3809],[139.18883,35.38046],[139.19413,35.37752]]}},{"type":"Feature","properties":{"idx":289,"road":NaN,"cls":"tertiary","shops":0,"st_km":1.79,"mesh":"53390156"},"geometry":{"type":"LineString","coordinates":[[139.20888,35.37799],[139.20884,35.37794]]}},{"type":"Feature","properties":{"idx":390,"road":NaN,"cls":"tertiary","shops":3,"st_km":0.16,"mesh":"53390148"},"geometry":{"type":"LineString","coordinates":[[139.22683,35.37135],[139.22824,35.3706]]}},{"type":"Feature","properties":{"idx":266,"road":"堀山下秦野停車場線","cls":"secondary","shops":1,"st_km":0.16,"mesh":"53390148"},"geometry":{"type":"LineString","coordinates":[[139.22683,35.37135],[139.2268,35.37132]]}},{"type":"Feature","properties":{"idx":227,"road":NaN,"cls":"tertiary","shops":2,"st_km":0.48,"mesh":"53390148"},"geometry":{"type":"LineString","coordinates":[[139.23124,35.36904],[139.23123,35.36901]]}},{"type":"Feature","properties":{"idx":99,"road":"平塚秦野線","cls":"primary","shops":0,"st_km":0.87,"mesh":"53390148"},"geometry":{"type":"LineString","coordinates":[[139.23508,35.36734],[139.23504,35.36723]]}},{"type":"Feature","properties":{"idx":70,"road":"秦野二宮線","cls":"primary","shops":0,"st_km":2.2,"mesh":"53390128"},"geometry":{"type":"LineString","coordinates":[[139.2353,35.35036],[139.23581,35.35186],[139.23625,35.35351]]}},{"type":"Feature","properties":{"idx":87,"road":NaN,"cls":"tertiary","shops":0,"st_km":3.14,"mesh":"53390118"},"geometry":{"type":"LineString","coordinates":[[139.23366,35.34556],[139.23319,35.34478],[139.23272,35.34366],[139.23233,35.34318],[139.23225,35.343],[139.23224,35.34212],[139.23239,35.34164],[139.2324,35.34099],[139.23265,35.3386]]}},{"type":"Feature","properties":{"idx":81,"road":"秦野二宮線","cls":"primary","shops":0,"st_km":1.86,"mesh":"53390128"},"geometry":{"type":"LineString","coordinates":[[139.2355,35.35717],[139.23622,35.35579],[139.2364,35.3553],[139.2365,35.3545],[139.23642,35.35383]]}},{"type":"Feature","properties":{"idx":204,"road":"平塚松田線","cls":"primary","shops":0,"st_km":3.55,"mesh":"53390108"},"geometry":{"type":"LineString","coordinates":[[139.23476,35.33975],[139.23459,35.33959],[139.23434,35.33899],[139.23397,35.33866],[139.23343,35.33857],[139.23265,35.3386]]}},{"type":"Feature","properties":{"idx":148,"road":"はだの桜みち","cls":"primary","shops":0,"st_km":1.05,"mesh":"53390138"},"geometry":{"type":"LineString","coordinates":[[139.2338,35.36117],[139.23241,35.36139],[139.23076,35.36183],[139.22888,35.3619]]}},{"type":"Feature","properties":{"idx":164,"road":"はだの桜みち","cls":"primary","shops":0,"st_km":0.92,"mesh":"53390138"},"geometry":{"type":"LineString","coordinates":[[139.22888,35.3619],[139.22699,35.36196]]}},{"type":"Feature","properties":{"idx":114,"road":NaN,"cls":"tertiary","shops":0,"st_km":1.1,"mesh":"53390138"},"geometry":{"type":"LineString","coordinates":[[139.22888,35.3619],[139.22864,35.3604],[139.22866,35.36012],[139.22875,35.3599],[139.22899,35.35961],[139.22946,35.35934],[139.22978,35.35925]]}},{"type":"Feature","properties":{"idx":70,"road":NaN,"cls":"tertiary","shops":0,"st_km":1.7,"mesh":"53390128"},"geometry":{"type":"LineString","coordinates":[[139.23545,35.35706],[139.23516,35.35677],[139.2349,35.35659],[139.23418,35.3564],[139.23384,35.3562]]}},{"type":"Feature","properties":{"idx":173,"road":NaN,"cls":"tertiary","shops":0,"st_km":1.14,"mesh":"53390137"},"geometry":{"type":"LineString","coordinates":[[139.22584,35.35987],[139.22463,35.35983],[139.22402,35.3596],[139.2237,35.35933]]}},{"type":"Feature","properties":{"idx":160,"road":NaN,"cls":"tertiary","shops":0,"st_km":1.82,"mesh":"53390127"},"geometry":{"type":"LineString","coordinates":[[139.22519,35.35324],[139.22457,35.35351],[139.22299,35.35434]]}},{"type":"Feature","properties":{"idx":39,"road":"平塚松田線","cls":"primary","shops":0,"st_km":3.19,"mesh":"53390107"},"geometry":{"type":"LineString","coordinates":[[139.22393,35.34114],[139.22334,35.34136],[139.22305,35.34142],[139.22263,35.34142],[139.22194,35.34135]]}},{"type":"Feature","properties":{"idx":37,"road":"平塚松田線","cls":"primary","shops":0,"st_km":3.69,"mesh":"53390107"},"geometry":{"type":"LineString","coordinates":[[139.2224,35.33753],[139.22218,35.33709],[139.22203,35.33696],[139.22179,35.33679],[139.22146,35.33667]]}},{"type":"Feature","properties":{"idx":37,"road":"平塚松田線","cls":"primary","shops":0,"st_km":3.61,"mesh":"53390107"},"geometry":{"type":"LineString","coordinates":[[139.22252,35.33776],[139.2224,35.33753]]}},{"type":"Feature","properties":{"idx":153,"road":NaN,"cls":"tertiary","shops":0,"st_km":2.33,"mesh":"53390167"},"geometry":{"type":"LineString","coordinates":[[139.21685,35.38951],[139.21745,35.38985],[139.21756,35.38999],[139.21775,35.39044]]}},{"type":"Feature","properties":{"idx":357,"road":NaN,"cls":"tertiary","shops":0,"st_km":1.86,"mesh":"53390159"},"geometry":{"type":"LineString","coordinates":[[139.24391,35.38024],[139.24229,35.37858]]}},{"type":"Feature","properties":{"idx":2884,"road":"丹沢公園松原町線","cls":"secondary","shops":3,"st_km":0.13,"mesh":"53390154"},"geometry":{"type":"LineString","coordinates":[[139.18479,35.37468],[139.1852,35.37571]]}},{"type":"Feature","properties":{"idx":88,"road":"丹沢公園松原町線","cls":"secondary","shops":4,"st_km":3.7,"mesh":"53390183"},"geometry":{"type":"LineString","coordinates":[[139.16852,35.40483],[139.16866,35.40464]]}},{"type":"Feature","properties":{"idx":484,"road":"はだの桜みち","cls":"primary","shops":1,"st_km":1.46,"mesh":"53390146"},"geometry":{"type":"LineString","coordinates":[[139.21106,35.36613],[139.21068,35.3666],[139.21036,35.36745],[139.21016,35.36775],[139.2098,35.3681],[139.20942,35.36832]]}},{"type":"Feature","properties":{"idx":284,"road":NaN,"cls":"tertiary","shops":0,"st_km":0.45,"mesh":"53390147"},"geometry":{"type":"LineString","coordinates":[[139.22025,35.37294],[139.22382,35.37236],[139.22409,35.37235],[139.22427,35.37243]]}},{"type":"Feature","properties":{"idx":46,"road":"堀山下秦野停車場線","cls":"secondary","shops":0,"st_km":2.12,"mesh":"53390174"},"geometry":{"type":"LineString","coordinates":[[139.18171,35.39304],[139.18177,35.39312]]}},{"type":"Feature","properties":{"idx":163,"road":NaN,"cls":"tertiary","shops":0,"st_km":1.77,"mesh":"53390134"},"geometry":{"type":"LineString","coordinates":[[139.179,35.35998],[139.17914,35.35986],[139.17909,35.35924],[139.1787,35.35868],[139.17811,35.35811],[139.17796,35.35774]]}},{"type":"Feature","properties":{"idx":201,"road":"秦野大井線","cls":"secondary","shops":0,"st_km":1.6,"mesh":"53390134"},"geometry":{"type":"LineString","coordinates":[[139.179,35.35998],[139.17932,35.36072]]}},{"type":"Feature","properties":{"idx":22,"road":NaN,"cls":"tertiary","shops":0,"st_km":2.02,"mesh":"53390124"},"geometry":{"type":"LineString","coordinates":[[139.17796,35.35774],[139.17786,35.35704],[139.17759,35.35631],[139.17763,35.35606],[139.17751,35.35571]]}},{"type":"Feature","properties":{"idx":475,"road":NaN,"cls":"tertiary","shops":1,"st_km":0.08,"mesh":"53390144"},"geometry":{"type":"LineString","coordinates":[[139.18541,35.37319],[139.18431,35.37356]]}},{"type":"Feature","properties":{"idx":663,"road":"秦野大井線","cls":"secondary","shops":2,"st_km":0.15,"mesh":"53390144"},"geometry":{"type":"LineString","coordinates":[[139.18541,35.37319],[139.18692,35.37516]]}},{"type":"Feature","properties":{"idx":150,"road":NaN,"cls":"tertiary","shops":0,"st_km":1.12,"mesh":"53390143"},"geometry":{"type":"LineString","coordinates":[[139.17386,35.37143],[139.17359,35.37135],[139.17285,35.37089],[139.17163,35.37109]]}},{"type":"Feature","properties":{"idx":170,"road":NaN,"cls":"tertiary","shops":0,"st_km":0.96,"mesh":"53390143"},"geometry":{"type":"LineString","coordinates":[[139.17498,35.37156],[139.17476,35.37143],[139.17461,35.3714],[139.17386,35.37143]]}},{"type":"Feature","properties":{"idx":139,"road":NaN,"cls":"tertiary","shops":0,"st_km":0.95,"mesh":"53390144"},"geometry":{"type":"LineString","coordinates":[[139.17499,35.36869],[139.17532,35.36848],[139.1755,35.36843],[139.17631,35.3688],[139.17724,35.36872],[139.17766,35.36874]]}},{"type":"Feature","properties":{"idx":133,"road":NaN,"cls":"tertiary","shops":0,"st_km":1.01,"mesh":"53390144"},"geometry":{"type":"LineString","coordinates":[[139.17533,35.36951],[139.17499,35.36869]]}},{"type":"Feature","properties":{"idx":154,"road":"曽屋みち","cls":"tertiary","shops":0,"st_km":0.81,"mesh":"53390158"},"geometry":{"type":"LineString","coordinates":[[139.22741,35.37674],[139.22685,35.37759],[139.22677,35.37794]]}},{"type":"Feature","properties":{"idx":18,"road":"広域農道やまゆりライン","cls":"tertiary","shops":0,"st_km":3.94,"mesh":"53390106"},"geometry":{"type":"LineString","coordinates":[[139.20572,35.33305],[139.20754,35.33398]]}},{"type":"Feature","properties":{"idx":22,"road":NaN,"cls":"tertiary","shops":0,"st_km":2.72,"mesh":"53390173"},"geometry":{"type":"LineString","coordinates":[[139.17261,35.39564],[139.17179,35.39599],[139.17072,35.39692]]}},{"type":"Feature","properties":{"idx":21,"road":"上森戸橋","cls":"tertiary","shops":0,"st_km":2.85,"mesh":"53390173"},"geometry":{"type":"LineString","coordinates":[[139.17072,35.39692],[139.17023,35.39716]]}},{"type":"Feature","properties":{"idx":21,"road":NaN,"cls":"tertiary","shops":0,"st_km":2.89,"mesh":"53390173"},"geometry":{"type":"LineString","coordinates":[[139.16566,35.39578],[139.166,35.3955],[139.16647,35.39489]]}},{"type":"Feature","properties":{"idx":21,"road":"東耕地橋","cls":"tertiary","shops":0,"st_km":2.81,"mesh":"53390173"},"geometry":{"type":"LineString","coordinates":[[139.16647,35.39489],[139.16678,35.39453]]}},{"type":"Feature","properties":{"idx":22,"road":NaN,"cls":"tertiary","shops":0,"st_km":2.74,"mesh":"53390173"},"geometry":{"type":"LineString","coordinates":[[139.16678,35.39453],[139.16683,35.39423],[139.16664,35.39383],[139.1667,35.39345]]}},{"type":"Feature","properties":{"idx":16,"road":"大山秦野線","cls":"secondary","shops":0,"st_km":3.1,"mesh":"53390188"},"geometry":{"type":"LineString","coordinates":[[139.23692,35.40044],[139.23677,35.40054],[139.23677,35.40078],[139.23687,35.40095]]}},{"type":"Feature","properties":{"idx":25,"road":NaN,"cls":"tertiary","shops":0,"st_km":3.14,"mesh":"53390184"},"geometry":{"type":"LineString","coordinates":[[139.18095,35.40198],[139.1819,35.4023],[139.18265,35.40245]]}},{"type":"Feature","properties":{"idx":675,"road":NaN,"cls":"tertiary","shops":0,"st_km":2.03,"mesh":"53390166"},"geometry":{"type":"LineString","coordinates":[[139.20158,35.38637],[139.19891,35.38785]]}},{"type":"Feature","properties":{"idx":569,"road":NaN,"cls":"tertiary","shops":0,"st_km":2.56,"mesh":"53390166"},"geometry":{"type":"LineString","coordinates":[[139.20507,35.39047],[139.20446,35.38973]]}},{"type":"Feature","properties":{"idx":69,"road":NaN,"cls":"tertiary","shops":0,"st_km":1.05,"mesh":"53390148"},"geometry":{"type":"LineString","coordinates":[[139.23516,35.3744],[139.23573,35.37404],[139.23622,35.37382],[139.23686,35.37386],[139.23761,35.37377],[139.23832,35.37361]]}},{"type":"Feature","properties":{"idx":338,"road":NaN,"cls":"tertiary","shops":1,"st_km":1.67,"mesh":"53390146"},"geometry":{"type":"LineString","coordinates":[[139.20154,35.36939],[139.20236,35.3695]]}},{"type":"Feature","properties":{"idx":200,"road":NaN,"cls":"tertiary","shops":0,"st_km":1.93,"mesh":"53390146"},"geometry":{"type":"LineString","coordinates":[[139.20484,35.36876],[139.20506,35.36884]]}},{"type":"Feature","properties":{"idx":229,"road":NaN,"cls":"tertiary","shops":0,"st_km":1.63,"mesh":"53390146"},"geometry":{"type":"LineString","coordinates":[[139.202,35.36782],[139.20074,35.36765],[139.20008,35.36765],[139.19937,35.36774]]}},{"type":"Feature","properties":{"idx":51,"road":NaN,"cls":"tertiary","shops":0,"st_km":2.23,"mesh":"53390139"},"geometry":{"type":"LineString","coordinates":[[139.24634,35.35828],[139.24593,35.35855]]}},{"type":"Feature","properties":{"idx":51,"road":NaN,"cls":"tertiary","shops":0,"st_km":2.2,"mesh":"53390139"},"geometry":{"type":"LineString","coordinates":[[139.24593,35.35855],[139.24581,35.35862]]}},{"type":"Feature","properties":{"idx":333,"road":"御殿場大井線","cls":"primary","shops":0,"st_km":0.72,"mesh":"53390101"},"geometry":{"type":"LineString","coordinates":[[139.14455,35.33803],[139.14451,35.33802]]}},{"type":"Feature","properties":{"idx":317,"road":"御殿場大井線","cls":"primary","shops":0,"st_km":0.78,"mesh":"53390101"},"geometry":{"type":"LineString","coordinates":[[139.14451,35.33802],[139.14183,35.33681]]}},{"type":"Feature","properties":{"idx":463,"road":"御殿場大井線","cls":"primary","shops":1,"st_km":0.97,"mesh":"53390101"},"geometry":{"type":"LineString","coordinates":[[139.13989,35.33595],[139.13933,35.33572]]}},{"type":"Feature","properties":{"idx":56,"road":NaN,"cls":"tertiary","shops":0,"st_km":1.32,"mesh":"53390135"},"geometry":{"type":"LineString","coordinates":[[139.19371,35.36345],[139.19117,35.36344],[139.1909,35.36339],[139.19023,35.36317],[139.19003,35.36298],[139.1899,35.36293],[139.18913,35.36291],[139.18909,35.36315],[139.18916,35.36322],[139.19045,35.36346],[139.19147,35.36377],[139.1922,35.36382],[139.19232,35.36388]]}},{"type":"Feature","properties":{"idx":1101,"road":"松田国府津線","cls":"primary","shops":1,"st_km":0.57,"mesh":"53390102"},"geometry":{"type":"LineString","coordinates":[[139.15225,35.33834],[139.15242,35.33849],[139.15232,35.33902]]}},{"type":"Feature","properties":{"idx":1052,"road":"小田原松田線","cls":"secondary","shops":7,"st_km":0.1,"mesh":"53390111"},"geometry":{"type":"LineString","coordinates":[[139.14067,35.3447],[139.14036,35.34532]]}},{"type":"Feature","properties":{"idx":643,"road":"御殿場大井線","cls":"primary","shops":2,"st_km":0.92,"mesh":"53390101"},"geometry":{"type":"LineString","coordinates":[[139.14183,35.33681],[139.13989,35.33595]]}},{"type":"Feature","properties":{"idx":340,"road":"小田原松田線","cls":"secondary","shops":1,"st_km":0.13,"mesh":"53390111"},"geometry":{"type":"LineString","coordinates":[[139.14101,35.34366],[139.14067,35.3447]]}},{"type":"Feature","properties":{"idx":62,"road":"平塚松田線","cls":"primary","shops":0,"st_km":3.54,"mesh":"53390105"},"geometry":{"type":"LineString","coordinates":[[139.19778,35.33721],[139.1973,35.33764]]}},{"type":"Feature","properties":{"idx":62,"road":"鴨沢隧道","cls":"primary","shops":0,"st_km":3.52,"mesh":"53390105"},"geometry":{"type":"LineString","coordinates":[[139.1973,35.33764],[139.19692,35.33798]]}},{"type":"Feature","properties":{"idx":134,"road":NaN,"cls":"tertiary","shops":0,"st_km":2.24,"mesh":"53390127"},"geometry":{"type":"LineString","coordinates":[[139.22194,35.35023],[139.22354,35.35],[139.22517,35.35003]]}},{"type":"Feature","properties":{"idx":105,"road":NaN,"cls":"pedestrian","shops":0,"st_km":1.55,"mesh":"53390128"},"geometry":{"type":"LineString","coordinates":[[139.22575,35.35603],[139.22555,35.35618]]}},{"type":"Feature","properties":{"idx":58,"road":NaN,"cls":"tertiary","shops":0,"st_km":2.11,"mesh":"53390128"},"geometry":{"type":"LineString","coordinates":[[139.22463,35.35154],[139.22477,35.35155],[139.22576,35.35121],[139.22652,35.35102],[139.22745,35.35092],[139.22777,35.35083],[139.2282,35.35083]]}},{"type":"Feature","properties":{"idx":64,"road":"平塚秦野線","cls":"primary","shops":0,"st_km":2.18,"mesh":"53390139"},"geometry":{"type":"LineString","coordinates":[[139.24908,35.36125],[139.24693,35.36284]]}},{"type":"Feature","properties":{"idx":161,"road":"平塚秦野線","cls":"primary","shops":0,"st_km":0.95,"mesh":"53390138"},"geometry":{"type":"LineString","coordinates":[[139.23447,35.36567],[139.23401,35.36439],[139.2339,35.36354]]}},{"type":"Feature","properties":{"idx":62,"road":"平塚秦野線","cls":"primary","shops":0,"st_km":2.31,"mesh":"53390139"},"geometry":{"type":"LineString","coordinates":[[139.24918,35.36118],[139.24908,35.36125]]}},{"type":"Feature","properties":{"idx":135,"road":NaN,"cls":"tertiary","shops":0,"st_km":0.88,"mesh":"53390138"},"geometry":{"type":"LineString","coordinates":[[139.22989,35.36356],[139.22958,35.36267],[139.22944,35.3625],[139.22913,35.36236],[139.22898,35.36222],[139.22888,35.3619]]}},{"type":"Feature","properties":{"idx":96,"road":NaN,"cls":"pedestrian","shops":0,"st_km":1.69,"mesh":"53390128"},"geometry":{"type":"LineString","coordinates":[[139.22756,35.35458],[139.22694,35.35511]]}},{"type":"Feature","properties":{"idx":274,"road":NaN,"cls":"tertiary","shops":0,"st_km":0.48,"mesh":"53390147"},"geometry":{"type":"LineString","coordinates":[[139.22206,35.36947],[139.22087,35.36986],[139.22084,35.36999],[139.2193,35.37046]]}},{"type":"Feature","properties":{"idx":149,"road":NaN,"cls":"tertiary","shops":0,"st_km":2.4,"mesh":"53390167"},"geometry":{"type":"LineString","coordinates":[[139.21111,35.38756],[139.21204,35.38807],[139.21243,35.38849],[139.21324,35.38896],[139.21349,35.38922],[139.21412,35.38971],[139.21412,35.38983],[139.21391,35.39003],[139.21428,35.39064]]}},{"type":"Feature","properties":{"idx":174,"road":NaN,"cls":"tertiary","shops":0,"st_km":1.97,"mesh":"53390167"},"geometry":{"type":"LineString","coordinates":[[139.21394,35.38465],[139.21423,35.38518]]}},{"type":"Feature","properties":{"idx":22,"road":"堀八幡橋","cls":"tertiary","shops":0,"st_km":2.67,"mesh":"53390173"},"geometry":{"type":"LineString","coordinates":[[139.17347,35.39644],[139.17325,35.39631]]}},{"type":"Feature","properties":{"idx":22,"road":NaN,"cls":"tertiary","shops":0,"st_km":2.65,"mesh":"53390173"},"geometry":{"type":"LineString","coordinates":[[139.17325,35.39631],[139.17307,35.39619],[139.17261,35.39564]]}},{"type":"Feature","properties":{"idx":24,"road":NaN,"cls":"tertiary","shops":0,"st_km":2.41,"mesh":"53390173"},"geometry":{"type":"LineString","coordinates":[[139.17261,35.39564],[139.17273,35.39545],[139.17278,35.39502],[139.17256,35.39436],[139.17247,35.39358],[139.17222,35.39258],[139.17263,35.39126]]}},{"type":"Feature","properties":{"idx":281,"road":NaN,"cls":"tertiary","shops":0,"st_km":0.57,"mesh":"53390137"},"geometry":{"type":"LineString","coordinates":[[139.22183,35.36658],[139.22155,35.36617]]}},{"type":"Feature","properties":{"idx":148,"road":"堀山下秦野停車場線","cls":"secondary","shops":0,"st_km":0.33,"mesh":"53390148"},"geometry":{"type":"LineString","coordinates":[[139.22882,35.37286],[139.22837,35.37256],[139.22779,35.37205]]}},{"type":"Feature","properties":{"idx":143,"road":NaN,"cls":"tertiary","shops":0,"st_km":0.91,"mesh":"53390110"},"geometry":{"type":"LineString","coordinates":[[139.13108,35.34161],[139.12915,35.34304],[139.12879,35.34335],[139.12851,35.34367]]}},{"type":"Feature","properties":{"idx":95,"road":NaN,"cls":"tertiary","shops":0,"st_km":2.68,"mesh":"53390118"},"geometry":{"type":"LineString","coordinates":[[139.23231,35.34651],[139.23239,35.34646]]}},{"type":"Feature","properties":{"idx":144,"road":NaN,"cls":"tertiary","shops":1,"st_km":2.64,"mesh":"53390118"},"geometry":{"type":"LineString","coordinates":[[139.23145,35.34717],[139.23173,35.34683],[139.23231,35.34651]]}},{"type":"Feature","properties":{"idx":199,"road":"秦野二宮線","cls":"primary","shops":0,"st_km":3.86,"mesh":"53390108"},"geometry":{"type":"LineString","coordinates":[[139.23098,35.33295],[139.23016,35.33488],[139.22992,35.3358],[139.22982,35.33674],[139.2299,35.33807]]}},{"type":"Feature","properties":{"idx":151,"road":"秦野二宮線","cls":"primary","shops":0,"st_km":1.11,"mesh":"53390158"},"geometry":{"type":"LineString","coordinates":[[139.23513,35.37602],[139.23509,35.37647],[139.23496,35.3769],[139.23471,35.37736],[139.23432,35.37784]]}},{"type":"Feature","properties":{"idx":206,"road":"平塚松田線","cls":"primary","shops":0,"st_km":3.43,"mesh":"53390108"},"geometry":{"type":"LineString","coordinates":[[139.23636,35.34003],[139.23613,35.34017],[139.23591,35.34019],[139.23487,35.33981]]}},{"type":"Feature","properties":{"idx":205,"road":"平塚松田線","cls":"primary","shops":0,"st_km":3.48,"mesh":"53390108"},"geometry":{"type":"LineString","coordinates":[[139.2299,35.33807],[139.22929,35.33813],[139.22893,35.33823],[139.22877,35.33832],[139.22838,35.33862],[139.22727,35.33965],[139.22686,35.33994]]}},{"type":"Feature","properties":{"idx":36,"road":"平塚松田線","cls":"primary","shops":0,"st_km":4.09,"mesh":"53390107"},"geometry":{"type":"LineString","coordinates":[[139.21947,35.33521],[139.21991,35.33423],[139.22004,35.33363],[139.22006,35.33307],[139.22,35.33271],[139.2199,35.33249],[139.21963,35.3322],[139.21934,35.33198]]}},{"type":"Feature","properties":{"idx":29,"road":NaN,"cls":"tertiary","shops":0,"st_km":4.13,"mesh":"53390107"},"geometry":{"type":"LineString","coordinates":[[139.21573,35.33496],[139.21583,35.33471],[139.21588,35.33431],[139.2158,35.33265]]}},{"type":"Feature","properties":{"idx":168,"road":NaN,"cls":"tertiary","shops":0,"st_km":2.51,"mesh":"53390117"},"geometry":{"type":"LineString","coordinates":[[139.21206,35.35107],[139.21238,35.35098],[139.21255,35.35086],[139.21337,35.35013],[139.21394,35.34988],[139.21571,35.34874],[139.21644,35.34837],[139.21694,35.34788]]}},{"type":"Feature","properties":{"idx":100,"road":NaN,"cls":"tertiary","shops":0,"st_km":2.48,"mesh":"53390118"},"geometry":{"type":"LineString","coordinates":[[139.2307,35.3485],[139.23115,35.34769]]}},{"type":"Feature","properties":{"idx":54,"road":NaN,"cls":"tertiary","shops":0,"st_km":2.28,"mesh":"53390128"},"geometry":{"type":"LineString","coordinates":[[139.23307,35.35045],[139.23145,35.34997],[139.23013,35.34945]]}},{"type":"Feature","properties":{"idx":103,"road":NaN,"cls":"tertiary","shops":0,"st_km":2.36,"mesh":"53390118"},"geometry":{"type":"LineString","coordinates":[[139.23013,35.34945],[139.22856,35.34881],[139.22808,35.34866],[139.22742,35.34852]]}},{"type":"Feature","properties":{"idx":104,"road":NaN,"cls":"tertiary","shops":0,"st_km":2.33,"mesh":"53390118"},"geometry":{"type":"LineString","coordinates":[[139.22543,35.34819],[139.2252,35.34914],[139.22517,35.35003]]}},{"type":"Feature","properties":{"idx":56,"road":NaN,"cls":"tertiary","shops":0,"st_km":2.21,"mesh":"53390128"},"geometry":{"type":"LineString","coordinates":[[139.22517,35.35003],[139.22518,35.35021]]}},{"type":"Feature","properties":{"idx":57,"road":NaN,"cls":"tertiary","shops":0,"st_km":2.14,"mesh":"53390128"},"geometry":{"type":"LineString","coordinates":[[139.22517,35.35057],[139.22517,35.35101]]}},{"type":"Feature","properties":{"idx":161,"road":NaN,"cls":"tertiary","shops":0,"st_km":2.68,"mesh":"53390117"},"geometry":{"type":"LineString","coordinates":[[139.21694,35.34788],[139.21814,35.34648],[139.21837,35.34608],[139.21848,35.34576]]}},{"type":"Feature","properties":{"idx":149,"road":NaN,"cls":"tertiary","shops":0,"st_km":3.09,"mesh":"53390117"},"geometry":{"type":"LineString","coordinates":[[139.21848,35.34576],[139.2186,35.34523],[139.2194,35.34348],[139.21949,35.34305],[139.21953,35.34231],[139.21996,35.34142],[139.22031,35.34122],[139.22063,35.34113],[139.22135,35.3413],[139.22194,35.34135]]}},{"type":"Feature","properties":{"idx":19,"road":"広域農道やまゆりライン","cls":"tertiary","shops":0,"st_km":3.8,"mesh":"53390106"},"geometry":{"type":"LineString","coordinates":[[139.20917,35.33869],[139.20922,35.33876]]}},{"type":"Feature","properties":{"idx":18,"road":"広域農道やまゆりライン","cls":"tertiary","shops":0,"st_km":3.88,"mesh":"53390106"},"geometry":{"type":"LineString","coordinates":[[139.2081,35.33753],[139.20917,35.33869]]}},{"type":"Feature","properties":{"idx":141,"road":NaN,"cls":"tertiary","shops":0,"st_km":2.02,"mesh":"53390136"},"geometry":{"type":"LineString","coordinates":[[139.20624,35.36176],[139.20634,35.36155],[139.2068,35.36109],[139.20709,35.36047]]}},{"type":"Feature","properties":{"idx":148,"road":NaN,"cls":"tertiary","shops":0,"st_km":1.91,"mesh":"53390136"},"geometry":{"type":"LineString","coordinates":[[139.20858,35.36266],[139.20814,35.36272],[139.20803,35.3627],[139.20718,35.36227],[139.20636,35.36193],[139.20627,35.36186],[139.20624,35.36176]]}},{"type":"Feature","properties":{"idx":96,"road":"軽便みち","cls":"tertiary","shops":0,"st_km":1.33,"mesh":"53390138"},"geometry":{"type":"LineString","coordinates":[[139.2346,35.3611],[139.23481,35.36006],[139.23475,35.35968]]}},{"type":"Feature","properties":{"idx":178,"road":"軽便みち","cls":"tertiary","shops":1,"st_km":1.04,"mesh":"53390138"},"geometry":{"type":"LineString","coordinates":[[139.2339,35.36354],[139.2345,35.36325]]}},{"type":"Feature","properties":{"idx":138,"road":"軽便みち","cls":"tertiary","shops":0,"st_km":0.87,"mesh":"53390138"},"geometry":{"type":"LineString","coordinates":[[139.23364,35.36572],[139.23295,35.36517],[139.23284,35.36496],[139.23285,35.36468],[139.23309,35.36415],[139.23351,35.36376],[139.2339,35.36354]]}},{"type":"Feature","properties":{"idx":84,"road":"軽便みち","cls":"tertiary","shops":0,"st_km":1.54,"mesh":"53390138"},"geometry":{"type":"LineString","coordinates":[[139.23475,35.35968],[139.23477,35.35944],[139.23516,35.35898],[139.23538,35.35848],[139.23557,35.35749],[139.23557,35.35736],[139.2355,35.35717]]}},{"type":"Feature","properties":{"idx":76,"road":NaN,"cls":"tertiary","shops":0,"st_km":1.56,"mesh":"53390128"},"geometry":{"type":"LineString","coordinates":[[139.23196,35.3581],[139.23384,35.3562]]}},{"type":"Feature","properties":{"idx":70,"road":"秦野二宮線","cls":"primary","shops":0,"st_km":2.19,"mesh":"53390128"},"geometry":{"type":"LineString","coordinates":[[139.23642,35.35383],[139.23575,35.35139],[139.23539,35.35034]]}},{"type":"Feature","properties":{"idx":57,"road":NaN,"cls":"tertiary","shops":0,"st_km":2.15,"mesh":"53390128"},"geometry":{"type":"LineString","coordinates":[[139.2282,35.35083],[139.22825,35.35076]]}},{"type":"Feature","properties":{"idx":81,"road":NaN,"cls":"tertiary","shops":0,"st_km":3.52,"mesh":"53390116"},"geometry":{"type":"LineString","coordinates":[[139.20327,35.34445],[139.2034,35.34441]]}},{"type":"Feature","properties":{"idx":321,"road":NaN,"cls":"tertiary","shops":0,"st_km":1.58,"mesh":"53390156"},"geometry":{"type":"LineString","coordinates":[[139.20177,35.37792],[139.20041,35.37872]]}},{"type":"Feature","properties":{"idx":1201,"road":NaN,"cls":"tertiary","shops":5,"st_km":1.47,"mesh":"53390156"},"geometry":{"type":"LineString","coordinates":[[139.19932,35.37467],[139.20007,35.37571],[139.20053,35.37662],[139.20177,35.37792]]}},{"type":"Feature","properties":{"idx":1199,"road":NaN,"cls":"tertiary","shops":0,"st_km":2.52,"mesh":"53390177"},"geometry":{"type":"LineString","coordinates":[[139.22137,35.39451],[139.2206,35.39218],[139.21999,35.39079],[139.21976,35.39062],[139.21938,35.39051]]}},{"type":"Feature","properties":{"idx":156,"road":NaN,"cls":"tertiary","shops":0,"st_km":2.26,"mesh":"53390167"},"geometry":{"type":"LineString","coordinates":[[139.21938,35.39051],[139.21939,35.39032],[139.21958,35.38983],[139.21963,35.38902]]}},{"type":"Feature","properties":{"idx":115,"road":NaN,"cls":"tertiary","shops":0,"st_km":1.17,"mesh":"53390158"},"geometry":{"type":"LineString","coordinates":[[139.2263,35.38099],[139.22608,35.38075],[139.22559,35.38045],[139.22554,35.38036],[139.22557,35.38026]]}},{"type":"Feature","properties":{"idx":175,"road":NaN,"cls":"tertiary","shops":0,"st_km":1.96,"mesh":"53390167"},"geometry":{"type":"LineString","coordinates":[[139.21963,35.38902],[139.21998,35.38846],[139.22053,35.38812],[139.22091,35.38771],[139.22099,35.38759],[139.22112,35.38716],[139.22136,35.3868],[139.22157,35.38659],[139.22277,35.38567]]}},{"type":"Feature","properties":{"idx":41,"road":NaN,"cls":"tertiary","shops":0,"st_km":2.92,"mesh":"53390178"},"geometry":{"type":"LineString","coordinates":[[139.23064,35.39599],[139.2289,35.39633],[139.22772,35.39623],[139.22643,35.39643],[139.22558,35.39639],[139.22523,35.39629],[139.2236,35.39559],[139.223,35.39526],[139.22165,35.39491],[139.22144,35.39472],[139.22137,35.39451]]}},{"type":"Feature","properties":{"idx":17,"road":"秦野清川線","cls":"primary","shops":0,"st_km":3.11,"mesh":"53390188"},"geometry":{"type":"LineString","coordinates":[[139.23311,35.40069],[139.23306,35.40157],[139.23293,35.40216]]}},{"type":"Feature","properties":{"idx":18,"road":"秦野清川線","cls":"primary","shops":0,"st_km":2.98,"mesh":"53390188"},"geometry":{"type":"LineString","coordinates":[[139.23293,35.40216],[139.23268,35.40289],[139.2322,35.40341]]}},{"type":"Feature","properties":{"idx":64,"road":NaN,"cls":"tertiary","shops":0,"st_km":1.12,"mesh":"53390135"},"geometry":{"type":"LineString","coordinates":[[139.19134,35.36578],[139.1926,35.36642],[139.19336,35.3669]]}},{"type":"Feature","properties":{"idx":204,"road":NaN,"cls":"tertiary","shops":0,"st_km":0.52,"mesh":"53390144"},"geometry":{"type":"LineString","coordinates":[[139.18654,35.37046],[139.18656,35.37021],[139.18782,35.36933]]}},{"type":"Feature","properties":{"idx":24,"road":NaN,"cls":"tertiary","shops":0,"st_km":3.55,"mesh":"53390184"},"geometry":{"type":"LineString","coordinates":[[139.17933,35.40584],[139.17932,35.40577]]}},{"type":"Feature","properties":{"idx":25,"road":NaN,"cls":"tertiary","shops":0,"st_km":3.19,"mesh":"53390184"},"geometry":{"type":"LineString","coordinates":[[139.18605,35.4029],[139.18698,35.40268],[139.18754,35.40247]]}},{"type":"Feature","properties":{"idx":25,"road":NaN,"cls":"tertiary","shops":0,"st_km":3.24,"mesh":"53390184"},"geometry":{"type":"LineString","coordinates":[[139.18055,35.40444],[139.181,35.40399],[139.18158,35.40376],[139.18192,35.4035],[139.18242,35.40326],[139.18352,35.40325],[139.18422,35.40333],[139.18456,35.40342],[139.18483,35.4033],[139.18575,35.4031],[139.18605,35.4029]]}},{"type":"Feature","properties":{"idx":30,"road":NaN,"cls":"tertiary","shops":0,"st_km":3.1,"mesh":"53390185"},"geometry":{"type":"LineString","coordinates":[[139.19638,35.40035],[139.19574,35.40036]]}},{"type":"Feature","properties":{"idx":295,"road":NaN,"cls":"tertiary","shops":0,"st_km":2.74,"mesh":"53390176"},"geometry":{"type":"LineString","coordinates":[[139.20896,35.39284],[139.21061,35.39221],[139.21428,35.39064]]}},{"type":"Feature","properties":{"idx":149,"road":NaN,"cls":"tertiary","shops":0,"st_km":2.42,"mesh":"53390167"},"geometry":{"type":"LineString","coordinates":[[139.21428,35.39064],[139.21685,35.38951]]}},{"type":"Feature","properties":{"idx":169,"road":NaN,"cls":"tertiary","shops":0,"st_km":2.04,"mesh":"53390167"},"geometry":{"type":"LineString","coordinates":[[139.21423,35.38518],[139.21505,35.38666]]}},{"type":"Feature","properties":{"idx":747,"road":"堀山下秦野停車場線","cls":"secondary","shops":0,"st_km":2.09,"mesh":"53390166"},"geometry":{"type":"LineString","coordinates":[[139.20953,35.38629],[139.21132,35.38505],[139.21158,35.38483],[139.21279,35.38345],[139.21338,35.38295]]}},{"type":"Feature","properties":{"idx":182,"road":NaN,"cls":"tertiary","shops":0,"st_km":1.88,"mesh":"53390167"},"geometry":{"type":"LineString","coordinates":[[139.21338,35.38295],[139.2137,35.38411]]}},{"type":"Feature","properties":{"idx":223,"road":NaN,"cls":"tertiary","shops":0,"st_km":1.7,"mesh":"53390146"},"geometry":{"type":"LineString","coordinates":[[139.20804,35.37633],[139.20834,35.37299]]}},{"type":"Feature","properties":{"idx":104,"road":NaN,"cls":"tertiary","shops":0,"st_km":1.23,"mesh":"53390138"},"geometry":{"type":"LineString","coordinates":[[139.22993,35.35964],[139.22978,35.35925]]}},{"type":"Feature","properties":{"idx":80,"road":NaN,"cls":"tertiary","shops":0,"st_km":1.46,"mesh":"53390128"},"geometry":{"type":"LineString","coordinates":[[139.23277,35.35877],[139.23368,35.35785]]}},{"type":"Feature","properties":{"idx":489,"road":NaN,"cls":"tertiary","shops":1,"st_km":0.06,"mesh":"53390144"},"geometry":{"type":"LineString","coordinates":[[139.18431,35.37356],[139.18432,35.3736]]}},{"type":"Feature","properties":{"idx":186,"road":"秦野大井線","cls":"secondary","shops":0,"st_km":0.75,"mesh":"53390144"},"geometry":{"type":"LineString","coordinates":[[139.18255,35.3662],[139.18246,35.36784],[139.18234,35.36842],[139.18233,35.36876]]}},{"type":"Feature","properties":{"idx":315,"road":"秦野大井線","cls":"secondary","shops":0,"st_km":0.2,"mesh":"53390144"},"geometry":{"type":"LineString","coordinates":[[139.18466,35.37183],[139.18506,35.37272]]}},{"type":"Feature","properties":{"idx":504,"road":"秦野大井線","cls":"secondary","shops":1,"st_km":0.14,"mesh":"53390144"},"geometry":{"type":"LineString","coordinates":[[139.18506,35.37272],[139.18541,35.37319]]}},{"type":"Feature","properties":{"idx":275,"road":"秦野大井線","cls":"secondary","shops":0,"st_km":1.12,"mesh":"53390134"},"geometry":{"type":"LineString","coordinates":[[139.1802,35.36271],[139.18039,35.3631],[139.18138,35.3635],[139.18238,35.36442],[139.18245,35.36571],[139.18255,35.3662]]}},{"type":"Feature","properties":{"idx":1058,"road":NaN,"cls":"tertiary","shops":0,"st_km":0.8,"mesh":"53390145"},"geometry":{"type":"LineString","coordinates":[[139.19339,35.37214],[139.19297,35.37192],[139.19241,35.37154],[139.19227,35.3715]]}},{"type":"Feature","properties":{"idx":65,"road":NaN,"cls":"tertiary","shops":0,"st_km":1.11,"mesh":"53390135"},"geometry":{"type":"LineString","coordinates":[[139.19106,35.36556],[139.19134,35.36578]]}},{"type":"Feature","properties":{"idx":185,"road":NaN,"cls":"tertiary","shops":0,"st_km":0.62,"mesh":"53390144"},"geometry":{"type":"LineString","coordinates":[[139.17836,35.37208],[139.17848,35.3717],[139.17849,35.37062]]}},{"type":"Feature","properties":{"idx":288,"road":NaN,"cls":"tertiary","shops":0,"st_km":0.17,"mesh":"53390144"},"geometry":{"type":"LineString","coordinates":[[139.18243,35.3752],[139.18281,35.37442],[139.18279,35.37406]]}},{"type":"Feature","properties":{"idx":326,"road":NaN,"cls":"tertiary","shops":3,"st_km":0.34,"mesh":"53390148"},"geometry":{"type":"LineString","coordinates":[[139.22824,35.3706],[139.23141,35.36941]]}},{"type":"Feature","properties":{"idx":146,"road":NaN,"cls":"tertiary","shops":0,"st_km":2.48,"mesh":"53390167"},"geometry":{"type":"LineString","coordinates":[[139.21775,35.39044],[139.21643,35.39083],[139.21484,35.39153]]}},{"type":"Feature","properties":{"idx":197,"road":NaN,"cls":"tertiary","shops":0,"st_km":1.72,"mesh":"53390167"},"geometry":{"type":"LineString","coordinates":[[139.22277,35.38567],[139.22277,35.38494]]}},{"type":"Feature","properties":{"idx":829,"road":NaN,"cls":"tertiary","shops":3,"st_km":1.81,"mesh":"53390157"},"geometry":{"type":"LineString","coordinates":[[139.21248,35.38175],[139.21338,35.38295]]}},{"type":"Feature","properties":{"idx":610,"road":NaN,"cls":"tertiary","shops":0,"st_km":2.33,"mesh":"53390166"},"geometry":{"type":"LineString","coordinates":[[139.20797,35.38491],[139.20953,35.38629]]}},{"type":"Feature","properties":{"idx":451,"road":NaN,"cls":"tertiary","shops":1,"st_km":1.71,"mesh":"53390156"},"geometry":{"type":"LineString","coordinates":[[139.2108,35.37891],[139.21161,35.3803]]}},{"type":"Feature","properties":{"idx":294,"road":NaN,"cls":"tertiary","shops":0,"st_km":1.76,"mesh":"53390156"},"geometry":{"type":"LineString","coordinates":[[139.21161,35.3803],[139.21248,35.38175]]}},{"type":"Feature","properties":{"idx":328,"road":"水無川通り","cls":"tertiary","shops":0,"st_km":1.56,"mesh":"53390156"},"geometry":{"type":"LineString","coordinates":[[139.20888,35.37799],[139.21267,35.3762],[139.21329,35.37596]]}},{"type":"Feature","properties":{"idx":110,"road":"秦野二宮線","cls":"primary","shops":0,"st_km":3.09,"mesh":"53390118"},"geometry":{"type":"LineString","coordinates":[[139.2299,35.33807],[139.2303,35.34218],[139.23051,35.34323],[139.23081,35.3441],[139.23121,35.34494],[139.23176,35.34582],[139.23231,35.34651]]}},{"type":"Feature","properties":{"idx":110,"road":"秦野二宮線","cls":"primary","shops":0,"st_km":3.09,"mesh":"53390118"},"geometry":{"type":"LineString","coordinates":[[139.23239,35.34646],[139.2317,35.34558],[139.23126,35.34485],[139.23091,35.34409],[139.23061,35.34323],[139.23039,35.34215],[139.23001,35.33805]]}},{"type":"Feature","properties":{"idx":123,"road":"秦野二宮線","cls":"primary","shops":0,"st_km":2.52,"mesh":"53390118"},"geometry":{"type":"LineString","coordinates":[[139.23231,35.34651],[139.23449,35.34875],[139.23493,35.34944],[139.2353,35.35036]]}},{"type":"Feature","properties":{"idx":123,"road":"秦野二宮線","cls":"primary","shops":0,"st_km":2.53,"mesh":"53390118"},"geometry":{"type":"LineString","coordinates":[[139.23539,35.35034],[139.23504,35.34945],[139.23458,35.34873],[139.23239,35.34646]]}},{"type":"Feature","properties":{"idx":146,"road":NaN,"cls":"tertiary","shops":1,"st_km":2.57,"mesh":"53390118"},"geometry":{"type":"LineString","coordinates":[[139.2353,35.35036],[139.23545,35.35032],[139.23548,35.35025],[139.2347,35.34842],[139.23395,35.34619],[139.23366,35.34556]]}},{"type":"Feature","properties":{"idx":89,"road":NaN,"cls":"tertiary","shops":0,"st_km":3.05,"mesh":"53390118"},"geometry":{"type":"LineString","coordinates":[[139.23042,35.34287],[139.23051,35.34284]]}},{"type":"Feature","properties":{"idx":156,"road":NaN,"cls":"tertiary","shops":0,"st_km":2.83,"mesh":"53390117"},"geometry":{"type":"LineString","coordinates":[[139.22183,35.34464],[139.22285,35.34467],[139.22391,35.34458],[139.22469,35.3444],[139.22529,35.3442]]}},{"type":"Feature","properties":{"idx":151,"road":NaN,"cls":"tertiary","shops":0,"st_km":3.03,"mesh":"53390117"},"geometry":{"type":"LineString","coordinates":[[139.22193,35.34464],[139.22198,35.3443],[139.22175,35.34267],[139.22194,35.34135]]}},{"type":"Feature","properties":{"idx":371,"road":NaN,"cls":"tertiary","shops":0,"st_km":0.18,"mesh":"53390147"},"geometry":{"type":"LineString","coordinates":[[139.22506,35.36945],[139.22412,35.36846]]}},{"type":"Feature","properties":{"idx":143,"road":NaN,"cls":"tertiary","shops":0,"st_km":0.25,"mesh":"53390148"},"geometry":{"type":"LineString","coordinates":[[139.22778,35.36785],[139.22691,35.36836]]}},{"type":"Feature","properties":{"idx":584,"road":NaN,"cls":"tertiary","shops":1,"st_km":0.14,"mesh":"53390147"},"geometry":{"type":"LineString","coordinates":[[139.22506,35.36945],[139.22422,35.36997]]}},{"type":"Feature","properties":{"idx":153,"road":NaN,"cls":"tertiary","shops":0,"st_km":0.18,"mesh":"53390148"},"geometry":{"type":"LineString","coordinates":[[139.22691,35.36836],[139.22646,35.36862]]}},{"type":"Feature","properties":{"idx":160,"road":NaN,"cls":"tertiary","shops":0,"st_km":0.14,"mesh":"53390148"},"geometry":{"type":"LineString","coordinates":[[139.22702,35.36919],[139.22646,35.36862]]}},{"type":"Feature","properties":{"idx":169,"road":NaN,"cls":"tertiary","shops":0,"st_km":0.63,"mesh":"53390138"},"geometry":{"type":"LineString","coordinates":[[139.22645,35.36492],[139.22665,35.36381]]}},{"type":"Feature","properties":{"idx":167,"road":"はだの桜みち","cls":"primary","shops":0,"st_km":0.9,"mesh":"53390138"},"geometry":{"type":"LineString","coordinates":[[139.22699,35.36196],[139.22301,35.36206]]}},{"type":"Feature","properties":{"idx":119,"road":NaN,"cls":"tertiary","shops":0,"st_km":1.05,"mesh":"53390138"},"geometry":{"type":"LineString","coordinates":[[139.22699,35.36196],[139.2271,35.36099],[139.22698,35.36062],[139.22671,35.36027],[139.22649,35.3601],[139.22612,35.35994],[139.22584,35.35987]]}},{"type":"Feature","properties":{"idx":152,"road":NaN,"cls":"tertiary","shops":0,"st_km":1.32,"mesh":"53390137"},"geometry":{"type":"LineString","coordinates":[[139.2237,35.35933],[139.2234,35.35893],[139.22329,35.35852],[139.22332,35.35812],[139.22355,35.35735]]}},{"type":"Feature","properties":{"idx":87,"road":NaN,"cls":"tertiary","shops":0,"st_km":1.49,"mesh":"53390138"},"geometry":{"type":"LineString","coordinates":[[139.23494,35.35765],[139.23453,35.35856],[139.23406,35.35936]]}},{"type":"Feature","properties":{"idx":67,"road":NaN,"cls":"tertiary","shops":0,"st_km":1.8,"mesh":"53390128"},"geometry":{"type":"LineString","coordinates":[[139.23384,35.3562],[139.23268,35.35458],[139.23243,35.35413],[139.2322,35.35344]]}},{"type":"Feature","properties":{"idx":184,"road":NaN,"cls":"tertiary","shops":0,"st_km":1.5,"mesh":"53390136"},"geometry":{"type":"LineString","coordinates":[[139.21106,35.36613],[139.21053,35.36568],[139.20976,35.36529]]}},{"type":"Feature","properties":{"idx":153,"road":NaN,"cls":"tertiary","shops":1,"st_km":1.25,"mesh":"53390138"},"geometry":{"type":"LineString","coordinates":[[139.226,35.35859],[139.2256,35.35878],[139.22508,35.35893]]}},{"type":"Feature","properties":{"idx":75,"road":NaN,"cls":"tertiary","shops":0,"st_km":1.57,"mesh":"53390128"},"geometry":{"type":"LineString","coordinates":[[139.22712,35.35544],[139.22736,35.35568],[139.2275,35.35597],[139.22752,35.35666]]}},{"type":"Feature","properties":{"idx":71,"road":NaN,"cls":"tertiary","shops":0,"st_km":1.66,"mesh":"53390128"},"geometry":{"type":"LineString","coordinates":[[139.22625,35.35472],[139.22712,35.35544]]}},{"type":"Feature","properties":{"idx":67,"road":NaN,"cls":"tertiary","shops":0,"st_km":1.78,"mesh":"53390128"},"geometry":{"type":"LineString","coordinates":[[139.22519,35.35324],[139.22584,35.35436],[139.22625,35.35472]]}},{"type":"Feature","properties":{"idx":69,"road":NaN,"cls":"tertiary","shops":0,"st_km":1.73,"mesh":"53390128"},"geometry":{"type":"LineString","coordinates":[[139.23136,35.35545],[139.23171,35.35515],[139.23182,35.35487]]}},{"type":"Feature","properties":{"idx":67,"road":NaN,"cls":"tertiary","shops":0,"st_km":1.79,"mesh":"53390128"},"geometry":{"type":"LineString","coordinates":[[139.23182,35.35487],[139.23172,35.35438]]}},{"type":"Feature","properties":{"idx":65,"road":NaN,"cls":"tertiary","shops":0,"st_km":1.84,"mesh":"53390128"},"geometry":{"type":"LineString","coordinates":[[139.23172,35.35438],[139.23159,35.35385]]}},{"type":"Feature","properties":{"idx":63,"road":NaN,"cls":"tertiary","shops":0,"st_km":1.91,"mesh":"53390128"},"geometry":{"type":"LineString","coordinates":[[139.23159,35.35385],[139.23158,35.35369],[139.23168,35.35358],[139.2322,35.35344]]}},{"type":"Feature","properties":{"idx":64,"road":NaN,"cls":"tertiary","shops":0,"st_km":1.87,"mesh":"53390128"},"geometry":{"type":"LineString","coordinates":[[139.23159,35.35385],[139.23165,35.35384]]}},{"type":"Feature","properties":{"idx":69,"road":NaN,"cls":"tertiary","shops":0,"st_km":1.72,"mesh":"53390128"},"geometry":{"type":"LineString","coordinates":[[139.23229,35.35537],[139.23225,35.35543]]}},{"type":"Feature","properties":{"idx":68,"road":NaN,"cls":"tertiary","shops":0,"st_km":1.76,"mesh":"53390128"},"geometry":{"type":"LineString","coordinates":[[139.23246,35.35504],[139.23245,35.35507]]}},{"type":"Feature","properties":{"idx":66,"road":NaN,"cls":"tertiary","shops":0,"st_km":1.8,"mesh":"53390128"},"geometry":{"type":"LineString","coordinates":[[139.23231,35.35448],[139.23248,35.35481],[139.23247,35.35501]]}},{"type":"Feature","properties":{"idx":174,"road":NaN,"cls":"tertiary","shops":0,"st_km":1.59,"mesh":"53390136"},"geometry":{"type":"LineString","coordinates":[[139.20976,35.36529],[139.20962,35.36519],[139.20953,35.36499]]}},{"type":"Feature","properties":{"idx":61,"road":"平塚秦野線","cls":"primary","shops":0,"st_km":2.35,"mesh":"53390139"},"geometry":{"type":"LineString","coordinates":[[139.2502,35.36035],[139.24918,35.36118]]}},{"type":"Feature","properties":{"idx":170,"road":NaN,"cls":"tertiary","shops":0,"st_km":0.63,"mesh":"53390138"},"geometry":{"type":"LineString","coordinates":[[139.22874,35.36507],[139.22898,35.36505],[139.22906,35.36499],[139.22918,35.36471]]}},{"type":"Feature","properties":{"idx":159,"road":NaN,"cls":"tertiary","shops":0,"st_km":0.7,"mesh":"53390138"},"geometry":{"type":"LineString","coordinates":[[139.22918,35.36471],[139.22938,35.36428],[139.22955,35.36404]]}},{"type":"Feature","properties":{"idx":149,"road":NaN,"cls":"tertiary","shops":0,"st_km":0.77,"mesh":"53390138"},"geometry":{"type":"LineString","coordinates":[[139.22955,35.36404],[139.22972,35.36387],[139.2299,35.36379],[139.22994,35.36372],[139.22989,35.36356]]}},{"type":"Feature","properties":{"idx":29,"road":NaN,"cls":"tertiary","shops":0,"st_km":2.42,"mesh":"53390126"},"geometry":{"type":"LineString","coordinates":[[139.20972,35.35268],[139.21116,35.3521]]}},{"type":"Feature","properties":{"idx":62,"road":"平塚松田線","cls":"primary","shops":0,"st_km":3.48,"mesh":"53390105"},"geometry":{"type":"LineString","coordinates":[[139.19692,35.33798],[139.19484,35.33983],[139.19463,35.34011],[139.19455,35.34036],[139.19448,35.34089]]}},{"type":"Feature","properties":{"idx":52,"road":"秦野清川線","cls":"primary","shops":0,"st_km":2.9,"mesh":"53390178"},"geometry":{"type":"LineString","coordinates":[[139.23547,35.39261],[139.23562,35.39435],[139.23593,35.39497],[139.23596,35.39513],[139.23577,35.39567],[139.23577,35.39582],[139.23585,35.39655],[139.23595,35.39701],[139.2359,35.39728]]}},{"type":"Feature","properties":{"idx":50,"road":"秦野清川線","cls":"primary","shops":0,"st_km":3.2,"mesh":"53390178"},"geometry":{"type":"LineString","coordinates":[[139.2359,35.39728],[139.23498,35.39842]]}},{"type":"Feature","properties":{"idx":43,"road":NaN,"cls":"tertiary","shops":0,"st_km":2.78,"mesh":"53390178"},"geometry":{"type":"LineString","coordinates":[[139.23354,35.39442],[139.23414,35.3942]]}},{"type":"Feature","properties":{"idx":204,"road":NaN,"cls":"tertiary","shops":0,"st_km":1.39,"mesh":"53390153"},"geometry":{"type":"LineString","coordinates":[[139.1702,35.37832],[139.17016,35.3785],[139.1702,35.37861],[139.17028,35.37864],[139.17061,35.37859]]}},{"type":"Feature","properties":{"idx":25,"road":NaN,"cls":"tertiary","shops":0,"st_km":3.91,"mesh":"53390182"},"geometry":{"type":"LineString","coordinates":[[139.15801,35.40197],[139.15875,35.40219],[139.15908,35.40209]]}},{"type":"Feature","properties":{"idx":580,"road":"水無川通り","cls":"tertiary","shops":0,"st_km":1.52,"mesh":"53390165"},"geometry":{"type":"LineString","coordinates":[[139.1896,35.38725],[139.19156,35.38667],[139.19264,35.38621],[139.19311,35.38596],[139.19443,35.38508],[139.19595,35.38434],[139.19662,35.38412],[139.1991,35.38347]]}},{"type":"Feature","properties":{"idx":111,"road":NaN,"cls":"tertiary","shops":0,"st_km":2.36,"mesh":"53390175"},"geometry":{"type":"LineString","coordinates":[[139.19594,35.39307],[139.19618,35.39306],[139.19657,35.39313]]}},{"type":"Feature","properties":{"idx":109,"road":NaN,"cls":"tertiary","shops":0,"st_km":2.41,"mesh":"53390175"},"geometry":{"type":"LineString","coordinates":[[139.19224,35.39658],[139.19185,35.39604],[139.19093,35.39439],[139.19019,35.39357]]}},{"type":"Feature","properties":{"idx":604,"road":NaN,"cls":"tertiary","shops":0,"st_km":1.02,"mesh":"53390155"},"geometry":{"type":"LineString","coordinates":[[139.18753,35.38183],[139.18827,35.38377]]}},{"type":"Feature","properties":{"idx":39,"road":"堀山下秦野停車場線","cls":"secondary","shops":0,"st_km":2.7,"mesh":"53390174"},"geometry":{"type":"LineString","coordinates":[[139.18488,35.39817],[139.18509,35.3984],[139.18543,35.3986]]}},{"type":"Feature","properties":{"idx":520,"road":NaN,"cls":"tertiary","shops":0,"st_km":1.64,"mesh":"53390164"},"geometry":{"type":"LineString","coordinates":[[139.1771,35.38701],[139.17675,35.3872],[139.17646,35.38746],[139.17626,35.38781]]}},{"type":"Feature","properties":{"idx":44,"road":NaN,"cls":"tertiary","shops":0,"st_km":1.98,"mesh":"53390174"},"geometry":{"type":"LineString","coordinates":[[139.18139,35.39266],[139.1833,35.39161],[139.18415,35.39106]]}},{"type":"Feature","properties":{"idx":484,"road":NaN,"cls":"tertiary","shops":0,"st_km":1.78,"mesh":"53390164"},"geometry":{"type":"LineString","coordinates":[[139.18415,35.39106],[139.18514,35.39021],[139.18625,35.38894]]}},{"type":"Feature","properties":{"idx":29,"road":"丹沢公園松原町線","cls":"secondary","shops":0,"st_km":4.01,"mesh":"53390183"},"geometry":{"type":"LineString","coordinates":[[139.16541,35.40698],[139.1658,35.40646]]}},{"type":"Feature","properties":{"idx":670,"road":NaN,"cls":"tertiary","shops":0,"st_km":1.24,"mesh":"53390164"},"geometry":{"type":"LineString","coordinates":[[139.18378,35.38664],[139.18493,35.38588],[139.18694,35.38444],[139.18827,35.38377]]}},{"type":"Feature","properties":{"idx":554,"road":NaN,"cls":"tertiary","shops":0,"st_km":1.53,"mesh":"53390164"},"geometry":{"type":"LineString","coordinates":[[139.18625,35.38894],[139.18544,35.38825],[139.18378,35.38664]]}},{"type":"Feature","properties":{"idx":24,"road":"丹沢公園松原町線","cls":"secondary","shops":0,"st_km":2.77,"mesh":"53390173"},"geometry":{"type":"LineString","coordinates":[[139.17298,35.39817],[139.17322,35.39739],[139.17327,35.39685],[139.17335,35.39668],[139.17353,35.39647]]}},{"type":"Feature","properties":{"idx":23,"road":"丹沢公園松原町線","cls":"secondary","shops":0,"st_km":3.06,"mesh":"53390173"},"geometry":{"type":"LineString","coordinates":[[139.17154,35.40074],[139.17236,35.3998],[139.17278,35.39915],[139.17287,35.39881]]}},{"type":"Feature","properties":{"idx":38,"road":"堀山下秦野停車場線","cls":"secondary","shops":0,"st_km":2.8,"mesh":"53390174"},"geometry":{"type":"LineString","coordinates":[[139.18543,35.3986],[139.18676,35.39914],[139.18769,35.39929],[139.18802,35.39938],[139.18813,35.39947],[139.18834,35.3998],[139.18843,35.40032]]}},{"type":"Feature","properties":{"idx":35,"road":"堀山下秦野停車場線","cls":"secondary","shops":0,"st_km":3.0,"mesh":"53390185"},"geometry":{"type":"LineString","coordinates":[[139.18959,35.40095],[139.19015,35.40078],[139.1909,35.40046]]}},{"type":"Feature","properties":{"idx":37,"road":NaN,"cls":"tertiary","shops":0,"st_km":2.41,"mesh":"53390174"},"geometry":{"type":"LineString","coordinates":[[139.17571,35.3985],[139.17662,35.39639],[139.17707,35.39575],[139.17777,35.39495],[139.17834,35.39447],[139.17878,35.39418],[139.18062,35.39315],[139.18139,35.39266]]}},{"type":"Feature","properties":{"idx":523,"road":NaN,"cls":"tertiary","shops":0,"st_km":1.63,"mesh":"53390164"},"geometry":{"type":"LineString","coordinates":[[139.1771,35.38701],[139.17766,35.38776],[139.17799,35.38808]]}},{"type":"Feature","properties":{"idx":456,"road":NaN,"cls":"tertiary","shops":0,"st_km":1.0,"mesh":"53390154"},"geometry":{"type":"LineString","coordinates":[[139.17505,35.37886],[139.17498,35.3785]]}},{"type":"Feature","properties":{"idx":164,"road":NaN,"cls":"tertiary","shops":0,"st_km":1.78,"mesh":"53390153"},"geometry":{"type":"LineString","coordinates":[[139.16718,35.38219],[139.16696,35.38092],[139.16696,35.3807],[139.16716,35.38002],[139.1671,35.37977],[139.16686,35.37953],[139.1658,35.37907],[139.16557,35.3789],[139.16558,35.37874],[139.16593,35.37809],[139.16595,35.37773],[139.16605,35.37746],[139.16602,35.37729],[139.1658,35.3769],[139.16578,35.37671],[139.16597,35.37601],[139.16616,35.37571]]}},{"type":"Feature","properties":{"idx":210,"road":NaN,"cls":"tertiary","shops":0,"st_km":1.35,"mesh":"53390153"},"geometry":{"type":"LineString","coordinates":[[139.17061,35.37859],[139.16994,35.37673],[139.16967,35.37621]]}},{"type":"Feature","properties":{"idx":38,"road":NaN,"cls":"tertiary","shops":0,"st_km":2.37,"mesh":"53390174"},"geometry":{"type":"LineString","coordinates":[[139.19019,35.39357],[139.18959,35.394],[139.18832,35.39468],[139.18785,35.39488],[139.18455,35.3969],[139.1841,35.39713]]}},{"type":"Feature","properties":{"idx":90,"road":NaN,"cls":"tertiary","shops":1,"st_km":2.02,"mesh":"53390128"},"geometry":{"type":"LineString","coordinates":[[139.23097,35.35224],[139.23037,35.35228]]}},{"type":"Feature","properties":{"idx":67,"road":NaN,"cls":"tertiary","shops":0,"st_km":1.77,"mesh":"53390128"},"geometry":{"type":"LineString","coordinates":[[139.23247,35.35501],[139.23246,35.35504]]}},{"type":"Feature","properties":{"idx":243,"road":NaN,"cls":"tertiary","shops":0,"st_km":0.61,"mesh":"53390147"},"geometry":{"type":"LineString","coordinates":[[139.22,35.37228],[139.22025,35.37294]]}},{"type":"Feature","properties":{"idx":68,"road":NaN,"cls":"tertiary","shops":0,"st_km":1.74,"mesh":"53390128"},"geometry":{"type":"LineString","coordinates":[[139.23245,35.35507],[139.23229,35.35537]]}},{"type":"Feature","properties":{"idx":163,"road":NaN,"cls":"tertiary","shops":0,"st_km":1.22,"mesh":"53390137"},"geometry":{"type":"LineString","coordinates":[[139.22508,35.35893],[139.2237,35.35933]]}},{"type":"Feature","properties":{"idx":46,"road":"堀山下秦野停車場線","cls":"secondary","shops":0,"st_km":2.15,"mesh":"53390174"},"geometry":{"type":"LineString","coordinates":[[139.18177,35.39312],[139.18188,35.39336],[139.18188,35.39363]]}},{"type":"Feature","properties":{"idx":44,"road":"堀山下秦野停車場線","cls":"secondary","shops":0,"st_km":2.28,"mesh":"53390174"},"geometry":{"type":"LineString","coordinates":[[139.18222,35.39446],[139.18235,35.39468]]}},{"type":"Feature","properties":{"idx":44,"road":"堀山下秦野停車場線","cls":"secondary","shops":0,"st_km":2.25,"mesh":"53390174"},"geometry":{"type":"LineString","coordinates":[[139.18202,35.39408],[139.18222,35.39446]]}},{"type":"Feature","properties":{"idx":45,"road":"堀山下秦野停車場線","cls":"secondary","shops":0,"st_km":2.21,"mesh":"53390174"},"geometry":{"type":"LineString","coordinates":[[139.18188,35.39363],[139.1819,35.39384],[139.18202,35.39408]]}},{"type":"Feature","properties":{"idx":43,"road":"堀山下秦野停車場線","cls":"secondary","shops":0,"st_km":2.31,"mesh":"53390174"},"geometry":{"type":"LineString","coordinates":[[139.18235,35.39468],[139.18267,35.395]]}},{"type":"Feature","properties":{"idx":33,"road":NaN,"cls":"tertiary","shops":0,"st_km":2.94,"mesh":"53390174"},"geometry":{"type":"LineString","coordinates":[[139.17706,35.39985],[139.17733,35.39986],[139.17779,35.40003]]}},{"type":"Feature","properties":{"idx":26,"road":NaN,"cls":"tertiary","shops":0,"st_km":2.95,"mesh":"53390184"},"geometry":{"type":"LineString","coordinates":[[139.17779,35.40003],[139.17868,35.40027]]}},{"type":"Feature","properties":{"idx":40,"road":"堀山下秦野停車場線","cls":"secondary","shops":0,"st_km":2.59,"mesh":"53390174"},"geometry":{"type":"LineString","coordinates":[[139.1841,35.39713],[139.1846,35.39776]]}},{"type":"Feature","properties":{"idx":40,"road":"堀山下秦野停車場線","cls":"secondary","shops":0,"st_km":2.64,"mesh":"53390174"},"geometry":{"type":"LineString","coordinates":[[139.1846,35.39776],[139.18477,35.398]]}},{"type":"Feature","properties":{"idx":39,"road":"堀山下秦野停車場線","cls":"secondary","shops":0,"st_km":2.66,"mesh":"53390174"},"geometry":{"type":"LineString","coordinates":[[139.18477,35.398],[139.18488,35.39817]]}},{"type":"Feature","properties":{"idx":43,"road":"水無川通り","cls":"tertiary","shops":0,"st_km":2.0,"mesh":"53390174"},"geometry":{"type":"LineString","coordinates":[[139.18177,35.39312],[139.182,35.39304],[139.1842,35.39172],[139.18531,35.39087]]}},{"type":"Feature","properties":{"idx":145,"road":NaN,"cls":"tertiary","shops":0,"st_km":3.35,"mesh":"53390119"},"geometry":{"type":"LineString","coordinates":[[139.24784,35.34399],[139.24721,35.34414],[139.24691,35.34425],[139.24655,35.34447],[139.2457,35.34469],[139.2452,35.34493],[139.24473,35.34501],[139.24406,35.34521]]}},{"type":"Feature","properties":{"idx":88,"road":"神縄神山線","cls":"secondary","shops":0,"st_km":2.52,"mesh":"53390132"},"geometry":{"type":"LineString","coordinates":[[139.15887,35.36191],[139.15899,35.36192]]}},{"type":"Feature","properties":{"idx":88,"road":"神縄神山線","cls":"secondary","shops":0,"st_km":2.51,"mesh":"53390132"},"geometry":{"type":"LineString","coordinates":[[139.15874,35.3619],[139.15877,35.36191]]}},{"type":"Feature","properties":{"idx":116,"road":NaN,"cls":"tertiary","shops":0,"st_km":1.16,"mesh":"53390158"},"geometry":{"type":"LineString","coordinates":[[139.23218,35.37922],[139.23219,35.37925]]}},{"type":"Feature","properties":{"idx":97,"road":NaN,"cls":"tertiary","shops":0,"st_km":1.42,"mesh":"53390158"},"geometry":{"type":"LineString","coordinates":[[139.23207,35.38188],[139.23157,35.38194],[139.23141,35.38199],[139.23125,35.38211],[139.23114,35.38238],[139.23107,35.38281]]}},{"type":"Feature","properties":{"idx":96,"road":NaN,"cls":"tertiary","shops":0,"st_km":1.44,"mesh":"53390158"},"geometry":{"type":"LineString","coordinates":[[139.23301,35.3816],[139.23284,35.38179],[139.23268,35.38186],[139.23207,35.38188]]}},{"type":"Feature","properties":{"idx":103,"road":NaN,"cls":"tertiary","shops":0,"st_km":1.23,"mesh":"53390138"},"geometry":{"type":"LineString","coordinates":[[139.23702,35.36129],[139.2367,35.36192],[139.23627,35.36255],[139.23603,35.36279],[139.23567,35.36298],[139.23539,35.36306],[139.2347,35.36326],[139.2345,35.36325]]}},{"type":"Feature","properties":{"idx":128,"road":NaN,"cls":"tertiary","shops":0,"st_km":0.95,"mesh":"53390138"},"geometry":{"type":"LineString","coordinates":[[139.23318,35.36352],[139.23292,35.36341],[139.23276,35.36342],[139.23248,35.36352],[139.23232,35.36343],[139.23233,35.36331],[139.23256,35.36309],[139.23261,35.36281],[139.23244,35.36226]]}},{"type":"Feature","properties":{"idx":16,"road":"大山秦野線","cls":"secondary","shops":0,"st_km":2.89,"mesh":"53390188"},"geometry":{"type":"LineString","coordinates":[[139.23652,35.40212],[139.2365,35.40245],[139.23633,35.40268],[139.23672,35.40291],[139.23689,35.40309]]}},{"type":"Feature","properties":{"idx":100,"road":"秦野二宮線","cls":"primary_link","shops":0,"st_km":1.18,"mesh":"53390158"},"geometry":{"type":"LineString","coordinates":[[139.23396,35.37836],[139.23387,35.37845],[139.23364,35.37885]]}},{"type":"Feature","properties":{"idx":136,"road":NaN,"cls":"tertiary","shops":0,"st_km":0.96,"mesh":"53390158"},"geometry":{"type":"LineString","coordinates":[[139.23302,35.37518],[139.23363,35.3758],[139.23375,35.37601],[139.23369,35.37697]]}},{"type":"Feature","properties":{"idx":124,"road":NaN,"cls":"tertiary","shops":0,"st_km":1.08,"mesh":"53390158"},"geometry":{"type":"LineString","coordinates":[[139.23369,35.37697],[139.23364,35.37743],[139.23356,35.37761],[139.23317,35.37806]]}},{"type":"Feature","properties":{"idx":125,"road":NaN,"cls":"tertiary","shops":0,"st_km":1.06,"mesh":"53390158"},"geometry":{"type":"LineString","coordinates":[[139.23013,35.37799],[139.23031,35.3781],[139.23085,35.37867],[139.23105,35.3788],[139.23129,35.37883],[139.23181,35.37877],[139.23198,35.37887],[139.23206,35.37898]]}},{"type":"Feature","properties":{"idx":134,"road":NaN,"cls":"tertiary","shops":0,"st_km":0.98,"mesh":"53390158"},"geometry":{"type":"LineString","coordinates":[[139.22782,35.37919],[139.22994,35.37802],[139.23013,35.37799]]}},{"type":"Feature","properties":{"idx":66,"road":NaN,"cls":"tertiary","shops":0,"st_km":1.82,"mesh":"53390128"},"geometry":{"type":"LineString","coordinates":[[139.23229,35.35444],[139.23231,35.35448]]}},{"type":"Feature","properties":{"idx":524,"road":"堀山下秦野停車場線","cls":"secondary","shops":0,"st_km":1.25,"mesh":"53390157"},"geometry":{"type":"LineString","coordinates":[[139.2193,35.38],[139.2195,35.37978]]}},{"type":"Feature","properties":{"idx":515,"road":"堀山下秦野停車場線","cls":"secondary","shops":0,"st_km":1.27,"mesh":"53390157"},"geometry":{"type":"LineString","coordinates":[[139.2192,35.3801],[139.2193,35.38]]}},{"type":"Feature","properties":{"idx":93,"road":NaN,"cls":"tertiary","shops":0,"st_km":1.48,"mesh":"53390158"},"geometry":{"type":"LineString","coordinates":[[139.23107,35.38281],[139.23105,35.38299],[139.23109,35.38306],[139.23167,35.3833],[139.23169,35.38342],[139.23153,35.38344],[139.23108,35.38325],[139.23005,35.38318],[139.22941,35.38293],[139.22934,35.38293],[139.22933,35.383],[139.23003,35.38339],[139.23036,35.38371],[139.23101,35.38409],[139.23104,35.38425],[139.23097,35.38461],[139.23135,35.38489],[139.23176,35.38529],[139.23192,35.38553]]}},{"type":"Feature","properties":{"idx":126,"road":NaN,"cls":"tertiary","shops":0,"st_km":0.38,"mesh":"53390148"},"geometry":{"type":"LineString","coordinates":[[139.22882,35.37286],[139.23001,35.3713],[139.23038,35.37091]]}},{"type":"Feature","properties":{"idx":215,"road":NaN,"cls":"tertiary","shops":1,"st_km":0.82,"mesh":"53390138"},"geometry":{"type":"LineString","coordinates":[[139.23059,35.36342],[139.23006,35.36357],[139.22989,35.36356]]}},{"type":"Feature","properties":{"idx":71,"road":NaN,"cls":"tertiary","shops":0,"st_km":1.67,"mesh":"53390128"},"geometry":{"type":"LineString","coordinates":[[139.23225,35.35543],[139.23165,35.35588],[139.23167,35.35599],[139.23181,35.3561]]}},{"type":"Feature","properties":{"idx":72,"road":NaN,"cls":"tertiary","shops":0,"st_km":1.63,"mesh":"53390128"},"geometry":{"type":"LineString","coordinates":[[139.23181,35.3561],[139.23184,35.35613]]}},{"type":"Feature","properties":{"idx":70,"road":NaN,"cls":"tertiary","shops":0,"st_km":1.69,"mesh":"53390128"},"geometry":{"type":"LineString","coordinates":[[139.23188,35.3561],[139.23228,35.35583],[139.23282,35.35571],[139.23308,35.35559]]}},{"type":"Feature","properties":{"idx":69,"road":NaN,"cls":"tertiary","shops":0,"st_km":1.73,"mesh":"53390128"},"geometry":{"type":"LineString","coordinates":[[139.23308,35.35559],[139.23316,35.35555]]}},{"type":"Feature","properties":{"idx":69,"road":NaN,"cls":"tertiary","shops":0,"st_km":1.74,"mesh":"53390128"},"geometry":{"type":"LineString","coordinates":[[139.23316,35.35555],[139.23322,35.35552]]}},{"type":"Feature","properties":{"idx":68,"road":NaN,"cls":"tertiary","shops":0,"st_km":1.74,"mesh":"53390128"},"geometry":{"type":"LineString","coordinates":[[139.23322,35.35552],[139.23325,35.35551]]}},{"type":"Feature","properties":{"idx":68,"road":NaN,"cls":"tertiary","shops":0,"st_km":1.74,"mesh":"53390128"},"geometry":{"type":"LineString","coordinates":[[139.23325,35.35551],[139.23332,35.35548]]}},{"type":"Feature","properties":{"idx":26,"road":NaN,"cls":"tertiary","shops":0,"st_km":2.93,"mesh":"53390184"},"geometry":{"type":"LineString","coordinates":[[139.18131,35.4011],[139.18154,35.40065],[139.18242,35.39964]]}},{"type":"Feature","properties":{"idx":38,"road":NaN,"cls":"tertiary","shops":1,"st_km":3.11,"mesh":"53390184"},"geometry":{"type":"LineString","coordinates":[[139.18095,35.40198],[139.181,35.40187]]}},{"type":"Feature","properties":{"idx":26,"road":NaN,"cls":"tertiary","shops":0,"st_km":3.09,"mesh":"53390184"},"geometry":{"type":"LineString","coordinates":[[139.1787,35.40227],[139.17881,35.402],[139.17895,35.40184],[139.1792,35.40169],[139.1794,35.40164],[139.17977,35.40165],[139.18038,35.40186],[139.18095,35.40198]]}},{"type":"Feature","properties":{"idx":64,"road":NaN,"cls":"tertiary","shops":0,"st_km":1.86,"mesh":"53390128"},"geometry":{"type":"LineString","coordinates":[[139.23183,35.35382],[139.23204,35.35378],[139.23229,35.35444]]}},{"type":"Feature","properties":{"idx":64,"road":NaN,"cls":"tertiary","shops":0,"st_km":1.87,"mesh":"53390128"},"geometry":{"type":"LineString","coordinates":[[139.23167,35.35384],[139.23174,35.35383]]}},{"type":"Feature","properties":{"idx":64,"road":NaN,"cls":"tertiary","shops":0,"st_km":1.88,"mesh":"53390128"},"geometry":{"type":"LineString","coordinates":[[139.23174,35.35383],[139.23183,35.35382]]}},{"type":"Feature","properties":{"idx":64,"road":NaN,"cls":"tertiary","shops":0,"st_km":1.87,"mesh":"53390128"},"geometry":{"type":"LineString","coordinates":[[139.23165,35.35384],[139.23167,35.35384]]}},{"type":"Feature","properties":{"idx":164,"road":"秦野二宮線","cls":"primary","shops":0,"st_km":1.0,"mesh":"53390158"},"geometry":{"type":"LineString","coordinates":[[139.23516,35.3744],[139.23519,35.37486],[139.23513,35.37602]]}},{"type":"Feature","properties":{"idx":251,"road":"はだの桜みち","cls":"primary","shops":0,"st_km":1.92,"mesh":"53390146"},"geometry":{"type":"LineString","coordinates":[[139.20584,35.36895],[139.20557,35.36907],[139.20528,35.3693],[139.20426,35.37056]]}},{"type":"Feature","properties":{"idx":272,"road":"はだの桜みち","cls":"primary","shops":0,"st_km":1.75,"mesh":"53390146"},"geometry":{"type":"LineString","coordinates":[[139.20792,35.36861],[139.20708,35.3687],[139.20584,35.36895]]}},{"type":"Feature","properties":{"idx":298,"road":"はだの桜みち","cls":"primary","shops":0,"st_km":1.59,"mesh":"53390146"},"geometry":{"type":"LineString","coordinates":[[139.20942,35.36832],[139.20873,35.36853],[139.20792,35.36861]]}},{"type":"Feature","properties":{"idx":640,"road":NaN,"cls":"tertiary","shops":0,"st_km":1.47,"mesh":"53390145"},"geometry":{"type":"LineString","coordinates":[[139.19937,35.36774],[139.19832,35.36802]]}},{"type":"Feature","properties":{"idx":243,"road":NaN,"cls":"tertiary","shops":0,"st_km":0.61,"mesh":"53390147"},"geometry":{"type":"LineString","coordinates":[[139.21866,35.36924],[139.21915,35.37011],[139.22,35.37228]]}},{"type":"Feature","properties":{"idx":237,"road":NaN,"cls":"tertiary","shops":1,"st_km":1.77,"mesh":"53390136"},"geometry":{"type":"LineString","coordinates":[[139.20921,35.3624],[139.20858,35.36266]]}},{"type":"Feature","properties":{"idx":45,"road":NaN,"cls":"tertiary","shops":0,"st_km":1.67,"mesh":"53390135"},"geometry":{"type":"LineString","coordinates":[[139.19676,35.36074],[139.19682,35.36082],[139.19664,35.36176],[139.19655,35.36189],[139.19597,35.36208],[139.19566,35.36247],[139.19529,35.36252],[139.19508,35.36266],[139.19436,35.36317],[139.19426,35.36343]]}},{"type":"Feature","properties":{"idx":51,"road":NaN,"cls":"tertiary","shops":0,"st_km":1.46,"mesh":"53390135"},"geometry":{"type":"LineString","coordinates":[[139.19426,35.36343],[139.19371,35.36345]]}},{"type":"Feature","properties":{"idx":59,"road":NaN,"cls":"tertiary","shops":0,"st_km":1.24,"mesh":"53390135"},"geometry":{"type":"LineString","coordinates":[[139.19232,35.36388],[139.1923,35.36397],[139.1918,35.36409],[139.19154,35.36425],[139.19054,35.36428],[139.19039,35.36434],[139.19031,35.36456],[139.19053,35.3648],[139.19053,35.36501]]}},{"type":"Feature","properties":{"idx":98,"road":NaN,"cls":"tertiary","shops":0,"st_km":2.56,"mesh":"53390118"},"geometry":{"type":"LineString","coordinates":[[139.23115,35.34769],[139.23145,35.34717]]}},{"type":"Feature","properties":{"idx":74,"road":"秦野二宮線","cls":"primary","shops":0,"st_km":2.04,"mesh":"53390128"},"geometry":{"type":"LineString","coordinates":[[139.23625,35.35351],[139.23635,35.35384]]}},{"type":"Feature","properties":{"idx":102,"road":NaN,"cls":"tertiary","shops":0,"st_km":2.41,"mesh":"53390118"},"geometry":{"type":"LineString","coordinates":[[139.22742,35.34852],[139.22543,35.34819]]}},{"type":"Feature","properties":{"idx":152,"road":NaN,"cls":"tertiary","shops":1,"st_km":2.42,"mesh":"53390118"},"geometry":{"type":"LineString","coordinates":[[139.2307,35.3485],[139.23125,35.34873]]}}]}