{"type":"FeatureCollection","features":[{"type":"Feature","properties":{"idx":492,"road":"川越栗橋線","cls":"primary","shops":1,"st_km":1.49,"mesh":"53397318"},"geometry":{"type":"LineString","coordinates":[[139.48311,35.925],[139.48346,35.92812],[139.4829,35.92874]]}},{"type":"Feature","properties":{"idx":1518,"road":"高澤通り","cls":"tertiary","shops":8,"st_km":1.27,"mesh":"53397318"},"geometry":{"type":"LineString","coordinates":[[139.48311,35.925],[139.48067,35.92514],[139.48037,35.9252]]}},{"type":"Feature","properties":{"idx":341,"road":"川越上尾線","cls":"primary","shops":0,"st_km":1.43,"mesh":"53397318"},"geometry":{"type":"LineString","coordinates":[[139.48576,35.92729],[139.48534,35.92475]]}},{"type":"Feature","properties":{"idx":903,"road":"川越日高線","cls":"primary","shops":1,"st_km":0.54,"mesh":"53397307"},"geometry":{"type":"LineString","coordinates":[[139.47418,35.91858],[139.4751,35.91856]]}},{"type":"Feature","properties":{"idx":1131,"road":"川越日高線","cls":"primary","shops":2,"st_km":0.61,"mesh":"53397307"},"geometry":{"type":"LineString","coordinates":[[139.47418,35.91858],[139.4736,35.91855],[139.47306,35.91842],[139.47104,35.9173]]}},{"type":"Feature","properties":{"idx":301,"road":"","cls":"tertiary","shops":0,"st_km":0.6,"mesh":"53397306"},"geometry":{"type":"LineString","coordinates":[[139.45905,35.91884],[139.45924,35.92774],[139.45906,35.92784],[139.45705,35.92788],[139.45646,35.92797]]}},{"type":"Feature","properties":{"idx":689,"road":"","cls":"tertiary","shops":0,"st_km":1.04,"mesh":"53397317"},"geometry":{"type":"LineString","coordinates":[[139.46178,35.92676],[139.47179,35.9266]]}},{"type":"Feature","properties":{"idx":1038,"road":"坂戸停車場線","cls":"secondary","shops":1,"st_km":0.23,"mesh":"53397351"},"geometry":{"type":"LineString","coordinates":[[139.39195,35.95992],[139.39224,35.95944],[139.3928,35.95749]]}},{"type":"Feature","properties":{"idx":1635,"road":"日光街道","cls":"tertiary","shops":2,"st_km":1.27,"mesh":"53397330"},"geometry":{"type":"LineString","coordinates":[[139.38802,35.95107],[139.38786,35.9502],[139.38742,35.94717],[139.38707,35.94607],[139.38703,35.94574],[139.38707,35.94521],[139.38714,35.94494],[139.38787,35.94348]]}},{"type":"Feature","properties":{"idx":301,"road":"","cls":"tertiary","shops":1,"st_km":0.44,"mesh":"53397341"},"geometry":{"type":"LineString","coordinates":[[139.38871,35.95308],[139.39076,35.95341],[139.39174,35.95347],[139.3953,35.95351],[139.39641,35.95361]]}},{"type":"Feature","properties":{"idx":532,"road":"","cls":"tertiary","shops":3,"st_km":0.39,"mesh":"53397341"},"geometry":{"type":"LineString","coordinates":[[139.39339,35.95635],[139.39326,35.95297],[139.39316,35.95184],[139.39306,35.95135]]}},{"type":"Feature","properties":{"idx":267,"road":"あけぼの通り","cls":"tertiary","shops":0,"st_km":0.16,"mesh":"53397341"},"geometry":{"type":"LineString","coordinates":[[139.39386,35.95834],[139.39668,35.95831],[139.39674,35.95832],[139.39684,35.95845]]}},{"type":"Feature","properties":{"idx":964,"road":"川越坂戸毛呂山線","cls":"primary","shops":0,"st_km":0.78,"mesh":"53397352"},"geometry":{"type":"LineString","coordinates":[[139.40062,35.9621],[139.39949,35.96271]]}},{"type":"Feature","properties":{"idx":181,"road":"日光脇往還","cls":"tertiary","shops":0,"st_km":0.51,"mesh":"53397361"},"geometry":{"type":"LineString","coordinates":[[139.3976,35.96648],[139.3971,35.96841]]}},{"type":"Feature","properties":{"idx":206,"road":"","cls":"tertiary","shops":0,"st_km":0.37,"mesh":"53397361"},"geometry":{"type":"LineString","coordinates":[[139.39356,35.97452],[139.3927,35.97236]]}},{"type":"Feature","properties":{"idx":315,"road":"","cls":"tertiary","shops":1,"st_km":0.4,"mesh":"53397341"},"geometry":{"type":"LineString","coordinates":[[139.39894,35.95567],[139.39736,35.95576]]}},{"type":"Feature","properties":{"idx":195,"road":"","cls":"tertiary","shops":0,"st_km":0.47,"mesh":"53397341"},"geometry":{"type":"LineString","coordinates":[[139.39873,35.95465],[139.39794,35.95469]]}},{"type":"Feature","properties":{"idx":236,"road":"","cls":"tertiary","shops":0,"st_km":0.28,"mesh":"53397341"},"geometry":{"type":"LineString","coordinates":[[139.39534,35.95471],[139.39333,35.9547]]}},{"type":"Feature","properties":{"idx":342,"road":"","cls":"tertiary","shops":1,"st_km":0.32,"mesh":"53397341"},"geometry":{"type":"LineString","coordinates":[[139.39333,35.9547],[139.39178,35.95474]]}},{"type":"Feature","properties":{"idx":385,"road":"","cls":"tertiary","shops":1,"st_km":0.2,"mesh":"53397341"},"geometry":{"type":"LineString","coordinates":[[139.39154,35.95631],[139.39169,35.95617],[139.39316,35.95635]]}},{"type":"Feature","properties":{"idx":394,"road":"","cls":"tertiary","shops":1,"st_km":0.18,"mesh":"53397341"},"geometry":{"type":"LineString","coordinates":[[139.39723,35.95576],[139.39649,35.95581],[139.39363,35.95635]]}},{"type":"Feature","properties":{"idx":225,"road":"","cls":"tertiary","shops":0,"st_km":0.33,"mesh":"53397341"},"geometry":{"type":"LineString","coordinates":[[139.39736,35.95576],[139.39723,35.95576]]}},{"type":"Feature","properties":{"idx":202,"road":"","cls":"tertiary","shops":0,"st_km":0.44,"mesh":"53397341"},"geometry":{"type":"LineString","coordinates":[[139.39794,35.95469],[139.39781,35.95469]]}},{"type":"Feature","properties":{"idx":219,"road":"","cls":"tertiary","shops":0,"st_km":0.36,"mesh":"53397341"},"geometry":{"type":"LineString","coordinates":[[139.39781,35.95469],[139.39534,35.95471]]}},{"type":"Feature","properties":{"idx":586,"road":"川越坂戸毛呂山線旧道","cls":"tertiary","shops":0,"st_km":0.72,"mesh":"53397342"},"geometry":{"type":"LineString","coordinates":[[139.39721,35.95822],[139.3997,35.9566],[139.40558,35.95182],[139.40596,35.9516],[139.40727,35.95107],[139.40953,35.94944]]}},{"type":"Feature","properties":{"idx":1142,"road":"","cls":"tertiary","shops":5,"st_km":0.07,"mesh":"53397332"},"geometry":{"type":"LineString","coordinates":[[139.4089,35.94936],[139.40874,35.94952],[139.4089,35.94967],[139.40908,35.94955],[139.40907,35.94934],[139.40915,35.94925],[139.40925,35.94925],[139.40945,35.94943],[139.40953,35.94944]]}},{"type":"Feature","properties":{"idx":2164,"road":"","cls":"tertiary","shops":0,"st_km":0.91,"mesh":"53397343"},"geometry":{"type":"LineString","coordinates":[[139.40953,35.94944],[139.42143,35.9604]]}},{"type":"Feature","properties":{"idx":537,"road":"川越越生線","cls":"secondary","shops":0,"st_km":1.15,"mesh":"53397313"},"geometry":{"type":"LineString","coordinates":[[139.41943,35.92986],[139.41499,35.92992],[139.41463,35.93004],[139.41319,35.9307],[139.41227,35.93108],[139.41143,35.93124],[139.4089,35.93158]]}},{"type":"Feature","properties":{"idx":145,"road":"","cls":"tertiary","shops":0,"st_km":0.8,"mesh":"53397341"},"geometry":{"type":"LineString","coordinates":[[139.39262,35.94984],[139.39279,35.95042]]}},{"type":"Feature","properties":{"idx":1439,"road":"","cls":"tertiary","shops":1,"st_km":1.16,"mesh":"53397331"},"geometry":{"type":"LineString","coordinates":[[139.39086,35.94421],[139.39262,35.94984]]}},{"type":"Feature","properties":{"idx":517,"road":"","cls":"tertiary","shops":0,"st_km":1.27,"mesh":"53397352"},"geometry":{"type":"LineString","coordinates":[[139.40819,35.96527],[139.40821,35.96507]]}},{"type":"Feature","properties":{"idx":530,"road":"","cls":"tertiary","shops":0,"st_km":0.83,"mesh":"53397342"},"geometry":{"type":"LineString","coordinates":[[139.40219,35.95703],[139.406,35.95393]]}},{"type":"Feature","properties":{"idx":870,"road":"","cls":"tertiary","shops":1,"st_km":0.72,"mesh":"53397342"},"geometry":{"type":"LineString","coordinates":[[139.40123,35.95534],[139.40274,35.95656]]}},{"type":"Feature","properties":{"idx":646,"road":"","cls":"tertiary","shops":0,"st_km":0.6,"mesh":"53397342"},"geometry":{"type":"LineString","coordinates":[[139.39912,35.95477],[139.40037,35.95477],[139.40084,35.95484],[139.40105,35.95494]]}},{"type":"Feature","properties":{"idx":576,"road":"","cls":"tertiary","shops":0,"st_km":0.74,"mesh":"53397342"},"geometry":{"type":"LineString","coordinates":[[139.40266,35.95341],[139.40203,35.95291]]}},{"type":"Feature","properties":{"idx":310,"road":"川越越生線","cls":"secondary","shops":1,"st_km":0.8,"mesh":"53397320"},"geometry":{"type":"LineString","coordinates":[[139.37656,35.94167],[139.37845,35.94141],[139.37929,35.94123],[139.37998,35.94099],[139.38099,35.94052]]}},{"type":"Feature","properties":{"idx":702,"road":"","cls":"tertiary","shops":0,"st_km":1.41,"mesh":"53397330"},"geometry":{"type":"LineString","coordinates":[[139.37961,35.94113],[139.37992,35.94169],[139.38269,35.94427],[139.38444,35.94749],[139.38541,35.94899],[139.3868,35.95071],[139.38725,35.9512],[139.38802,35.95107]]}},{"type":"Feature","properties":{"idx":520,"road":"川越日高線","cls":"primary","shops":0,"st_km":0.17,"mesh":"53397306"},"geometry":{"type":"LineString","coordinates":[[139.45587,35.91871],[139.4568,35.91893],[139.4575,35.91897],[139.46154,35.91858],[139.46197,35.91853],[139.46742,35.91728]]}},{"type":"Feature","properties":{"idx":159,"road":"","cls":"tertiary","shops":0,"st_km":0.63,"mesh":"53397308"},"geometry":{"type":"LineString","coordinates":[[139.48085,35.92111],[139.48082,35.91764]]}},{"type":"Feature","properties":{"idx":519,"road":"","cls":"tertiary","shops":0,"st_km":0.98,"mesh":"53397309"},"geometry":{"type":"LineString","coordinates":[[139.49038,35.92011],[139.48871,35.92008],[139.48852,35.92014],[139.48847,35.92023],[139.4884,35.92188]]}},{"type":"Feature","properties":{"idx":194,"road":"","cls":"tertiary","shops":1,"st_km":0.87,"mesh":"53397308"},"geometry":{"type":"LineString","coordinates":[[139.48517,35.92117],[139.48273,35.92111]]}},{"type":"Feature","properties":{"idx":522,"road":"","cls":"tertiary","shops":0,"st_km":1.85,"mesh":"53397321"},"geometry":{"type":"LineString","coordinates":[[139.38866,35.93939],[139.38941,35.93947],[139.39034,35.93983],[139.39052,35.93998],[139.39079,35.94043],[139.39224,35.94124]]}},{"type":"Feature","properties":{"idx":624,"road":"川越市停車場線","cls":"secondary","shops":3,"st_km":0.29,"mesh":"53397308"},"geometry":{"type":"LineString","coordinates":[[139.47726,35.91463],[139.47712,35.91463],[139.47707,35.91474],[139.47707,35.91588],[139.47717,35.91668],[139.47861,35.91749],[139.479,35.91792],[139.47914,35.91825]]}},{"type":"Feature","properties":{"idx":171,"road":"","cls":"tertiary","shops":0,"st_km":0.55,"mesh":"53397308"},"geometry":{"type":"LineString","coordinates":[[139.47519,35.91872],[139.47536,35.91904]]}},{"type":"Feature","properties":{"idx":201,"road":"","cls":"tertiary","shops":0,"st_km":0.38,"mesh":"53397308"},"geometry":{"type":"LineString","coordinates":[[139.47728,35.91674],[139.47778,35.9184]]}},{"type":"Feature","properties":{"idx":402,"road":"","cls":"tertiary","shops":2,"st_km":0.39,"mesh":"53397308"},"geometry":{"type":"LineString","coordinates":[[139.48202,35.91661],[139.48205,35.91761]]}},{"type":"Feature","properties":{"idx":89,"road":"初雁城（川越城）通り","cls":"tertiary","shops":0,"st_km":1.35,"mesh":"53397308"},"geometry":{"type":"LineString","coordinates":[[139.48534,35.92475],[139.48906,35.92489]]}},{"type":"Feature","properties":{"idx":1072,"road":"","cls":"tertiary","shops":0,"st_km":2.57,"mesh":"53397328"},"geometry":{"type":"LineString","coordinates":[[139.48703,35.94201],[139.48384,35.94016],[139.48266,35.93941],[139.48247,35.93924],[139.481,35.9375],[139.47792,35.93631],[139.47448,35.93259],[139.47397,35.93213],[139.47377,35.93177]]}},{"type":"Feature","properties":{"idx":178,"road":"","cls":"tertiary","shops":0,"st_km":1.71,"mesh":"53397319"},"geometry":{"type":"LineString","coordinates":[[139.49255,35.92573],[139.49227,35.92631],[139.49231,35.92646]]}},{"type":"Feature","properties":{"idx":1685,"road":"川越越生線","cls":"secondary","shops":0,"st_km":0.47,"mesh":"53397305"},"geometry":{"type":"LineString","coordinates":[[139.43918,35.92081],[139.43957,35.92216],[139.44117,35.9246]]}},{"type":"Feature","properties":{"idx":351,"road":"川越越生線","cls":"secondary","shops":0,"st_km":1.04,"mesh":"53397314"},"geometry":{"type":"LineString","coordinates":[[139.43674,35.93326],[139.43773,35.93265]]}},{"type":"Feature","properties":{"idx":199,"road":"","cls":"tertiary","shops":0,"st_km":2.02,"mesh":"53397318"},"geometry":{"type":"LineString","coordinates":[[139.48036,35.93135],[139.47956,35.93301]]}},{"type":"Feature","properties":{"idx":634,"road":"","cls":"tertiary","shops":3,"st_km":1.54,"mesh":"53397318"},"geometry":{"type":"LineString","coordinates":[[139.48576,35.92729],[139.48339,35.92729]]}},{"type":"Feature","properties":{"idx":1549,"road":"菓子屋横町","cls":"pedestrian","shops":21,"st_km":1.21,"mesh":"53397308"},"geometry":{"type":"LineString","coordinates":[[139.48104,35.92513],[139.48107,35.92463],[139.48162,35.92435]]}},{"type":"Feature","properties":{"idx":249,"road":"川越児玉往還　川越坂戸毛呂山線旧道","cls":"tertiary","shops":0,"st_km":1.57,"mesh":"53397318"},"geometry":{"type":"LineString","coordinates":[[139.48018,35.92526],[139.47878,35.92599],[139.47797,35.92658],[139.47523,35.93001],[139.47377,35.93177]]}},{"type":"Feature","properties":{"idx":369,"road":"","cls":"tertiary","shops":2,"st_km":0.48,"mesh":"53397308"},"geometry":{"type":"LineString","coordinates":[[139.48205,35.91761],[139.48205,35.91819]]}},{"type":"Feature","properties":{"idx":303,"road":"","cls":"tertiary","shops":1,"st_km":0.39,"mesh":"53397308"},"geometry":{"type":"LineString","coordinates":[[139.48082,35.91764],[139.48081,35.91664]]}},{"type":"Feature","properties":{"idx":461,"road":"喜多院門前通り","cls":"tertiary","shops":0,"st_km":1.14,"mesh":"53397309"},"geometry":{"type":"LineString","coordinates":[[139.497,35.9178],[139.49052,35.91789],[139.49041,35.91802],[139.49028,35.91852],[139.49011,35.9197]]}},{"type":"Feature","properties":{"idx":273,"road":"川越栗橋線","cls":"primary","shops":0,"st_km":1.81,"mesh":"53397318"},"geometry":{"type":"LineString","coordinates":[[139.48279,35.92885],[139.48191,35.92966],[139.48036,35.93135]]}},{"type":"Feature","properties":{"idx":438,"road":"川越栗橋線","cls":"primary","shops":1,"st_km":1.68,"mesh":"53397318"},"geometry":{"type":"LineString","coordinates":[[139.4829,35.92874],[139.48279,35.92885]]}},{"type":"Feature","properties":{"idx":795,"road":"川越上尾線","cls":"primary","shops":5,"st_km":1.67,"mesh":"53397319"},"geometry":{"type":"LineString","coordinates":[[139.4901,35.92744],[139.48978,35.92728],[139.48942,35.9272],[139.48845,35.92723]]}},{"type":"Feature","properties":{"idx":174,"road":"城下橋","cls":"tertiary","shops":0,"st_km":1.75,"mesh":"53397319"},"geometry":{"type":"LineString","coordinates":[[139.49231,35.92646],[139.49243,35.92657]]}},{"type":"Feature","properties":{"idx":172,"road":"","cls":"tertiary","shops":0,"st_km":1.77,"mesh":"53397319"},"geometry":{"type":"LineString","coordinates":[[139.49243,35.92657],[139.49274,35.92678]]}},{"type":"Feature","properties":{"idx":176,"road":"初雁城（川越城）通り","cls":"tertiary","shops":0,"st_km":1.73,"mesh":"53397319"},"geometry":{"type":"LineString","coordinates":[[139.49288,35.92589],[139.49306,35.92597]]}},{"type":"Feature","properties":{"idx":173,"road":"","cls":"tertiary","shops":0,"st_km":1.76,"mesh":"53397319"},"geometry":{"type":"LineString","coordinates":[[139.49325,35.92605],[139.49333,35.92609]]}},{"type":"Feature","properties":{"idx":506,"road":"川越日高線","cls":"primary","shops":0,"st_km":1.31,"mesh":"53397309"},"geometry":{"type":"LineString","coordinates":[[139.49769,35.91875],[139.49718,35.91871],[139.49579,35.91879],[139.49219,35.91984],[139.49163,35.91986],[139.49011,35.9197]]}},{"type":"Feature","properties":{"idx":411,"road":"","cls":"tertiary","shops":1,"st_km":1.42,"mesh":"53397318"},"geometry":{"type":"LineString","coordinates":[[139.48612,35.92667],[139.48587,35.92537],[139.48543,35.92539]]}},{"type":"Feature","properties":{"idx":270,"road":"","cls":"tertiary","shops":0,"st_km":1.44,"mesh":"53397318"},"geometry":{"type":"LineString","coordinates":[[139.48602,35.92608],[139.48555,35.92614]]}},{"type":"Feature","properties":{"idx":203,"road":"","cls":"tertiary","shops":2,"st_km":1.17,"mesh":"53397308"},"geometry":{"type":"LineString","coordinates":[[139.48685,35.92338],[139.48694,35.92283]]}},{"type":"Feature","properties":{"idx":448,"road":"かすみ東通り","cls":"tertiary","shops":0,"st_km":0.8,"mesh":"53397306"},"geometry":{"type":"LineString","coordinates":[[139.44997,35.91985],[139.45008,35.92004],[139.45054,35.92054],[139.45072,35.92091]]}},{"type":"Feature","properties":{"idx":1496,"road":"かすみ東通り","cls":"tertiary","shops":0,"st_km":0.47,"mesh":"53397305"},"geometry":{"type":"LineString","coordinates":[[139.45072,35.92091],[139.44853,35.92124],[139.447,35.92132],[139.44608,35.92194],[139.4457,35.92226],[139.44555,35.92254],[139.44554,35.92286],[139.44575,35.92384],[139.44575,35.92401],[139.44572,35.92435],[139.44539,35.92487]]}},{"type":"Feature","properties":{"idx":348,"road":"川越日高線","cls":"primary","shops":0,"st_km":0.72,"mesh":"53397306"},"geometry":{"type":"LineString","coordinates":[[139.45337,35.91831],[139.45063,35.9196]]}},{"type":"Feature","properties":{"idx":341,"road":"","cls":"tertiary","shops":0,"st_km":1.12,"mesh":"53397324"},"geometry":{"type":"LineString","coordinates":[[139.43671,35.93328],[139.43678,35.93408],[139.43672,35.93441],[139.43659,35.9347],[139.43643,35.93551],[139.43638,35.93636],[139.43588,35.93822]]}},{"type":"Feature","properties":{"idx":926,"road":"川越坂戸毛呂山線","cls":"primary","shops":0,"st_km":0.47,"mesh":"53397342"},"geometry":{"type":"LineString","coordinates":[[139.42263,35.9423],[139.42036,35.94526],[139.41745,35.94811],[139.41646,35.94889],[139.40419,35.95778],[139.40395,35.95808],[139.40294,35.96041],[139.40266,35.96086],[139.40215,35.9613],[139.40062,35.9621]]}},{"type":"Feature","properties":{"idx":346,"road":"","cls":"tertiary","shops":2,"st_km":0.72,"mesh":"53397332"},"geometry":{"type":"LineString","coordinates":[[139.4049,35.9392],[139.41068,35.94421],[139.41249,35.94567]]}},{"type":"Feature","properties":{"idx":247,"road":"藤金2号橋","cls":"tertiary","shops":0,"st_km":1.2,"mesh":"53397322"},"geometry":{"type":"LineString","coordinates":[[139.40371,35.93817],[139.4049,35.9392]]}},{"type":"Feature","properties":{"idx":2296,"road":"","cls":"tertiary","shops":0,"st_km":0.84,"mesh":"53397343"},"geometry":{"type":"LineString","coordinates":[[139.41269,35.94582],[139.41646,35.94889],[139.42266,35.9546]]}},{"type":"Feature","properties":{"idx":228,"road":"","cls":"tertiary","shops":0,"st_km":0.5,"mesh":"53397333"},"geometry":{"type":"LineString","coordinates":[[139.41249,35.94567],[139.41269,35.94582]]}},{"type":"Feature","properties":{"idx":605,"road":"","cls":"tertiary","shops":0,"st_km":1.65,"mesh":"53397321"},"geometry":{"type":"LineString","coordinates":[[139.39708,35.93782],[139.39939,35.93609],[139.40067,35.93427],[139.40081,35.9341],[139.40106,35.93398]]}},{"type":"Feature","properties":{"idx":182,"road":"","cls":"tertiary","shops":0,"st_km":2.1,"mesh":"53397312"},"geometry":{"type":"LineString","coordinates":[[139.40085,35.93102],[139.40262,35.92912],[139.40312,35.92842],[139.40339,35.92793],[139.40361,35.9273],[139.40412,35.92657]]}},{"type":"Feature","properties":{"idx":731,"road":"おいせ橋通り","cls":"tertiary","shops":1,"st_km":1.12,"mesh":"53397313"},"geometry":{"type":"LineString","coordinates":[[139.41592,35.92908],[139.41652,35.9287]]}},{"type":"Feature","properties":{"idx":699,"road":"日高川島線","cls":"primary","shops":0,"st_km":0.82,"mesh":"53397340"},"geometry":{"type":"LineString","coordinates":[[139.38171,35.95169],[139.38342,35.95213],[139.38395,35.9524],[139.38648,35.95397],[139.3871,35.95444],[139.38815,35.95535],[139.38884,35.95577],[139.38939,35.95633],[139.39,35.95665]]}},{"type":"Feature","properties":{"idx":268,"road":"","cls":"tertiary","shops":2,"st_km":0.82,"mesh":"53397308"},"geometry":{"type":"LineString","coordinates":[[139.48273,35.92111],[139.47966,35.9211]]}},{"type":"Feature","properties":{"idx":1602,"road":"中央通り","cls":"primary","shops":15,"st_km":0.69,"mesh":"53397308"},"geometry":{"type":"LineString","coordinates":[[139.48273,35.92111],[139.48278,35.91929],[139.48277,35.9187],[139.4827,35.9184]]}},{"type":"Feature","properties":{"idx":63,"road":"石坂高坂停車場線","cls":"secondary","shops":0,"st_km":1.65,"mesh":"53397381"},"geometry":{"type":"LineString","coordinates":[[139.403,35.98766],[139.40075,35.98757],[139.40014,35.98761],[139.39992,35.98757],[139.39965,35.98739],[139.39947,35.98735],[139.39784,35.98766],[139.39771,35.98765],[139.39722,35.98751],[139.39485,35.98719],[139.39458,35.98706],[139.39404,35.98661],[139.39374,35.98648],[139.39327,35.98636],[139.38743,35.98583],[139.38707,35.98571],[139.38676,35.98553],[139.38489,35.98427],[139.38212,35.98281],[139.38127,35.98248]]}},{"type":"Feature","properties":{"idx":134,"road":"川鶴けやき通り","cls":"tertiary","shops":1,"st_km":1.79,"mesh":"53397302"},"geometry":{"type":"LineString","coordinates":[[139.41169,35.924],[139.41112,35.92368],[139.40858,35.9228]]}},{"type":"Feature","properties":{"idx":94,"road":"川鶴けやき通り","cls":"tertiary","shops":0,"st_km":1.75,"mesh":"53397302"},"geometry":{"type":"LineString","coordinates":[[139.41248,35.92461],[139.41169,35.924]]}},{"type":"Feature","properties":{"idx":90,"road":"","cls":"tertiary","shops":1,"st_km":2.13,"mesh":"53397301"},"geometry":{"type":"LineString","coordinates":[[139.39801,35.92337],[139.39632,35.92335],[139.39582,35.92349],[139.39487,35.92402],[139.3914,35.92613]]}},{"type":"Feature","properties":{"idx":63,"road":"","cls":"tertiary","shops":0,"st_km":2.0,"mesh":"53397301"},"geometry":{"type":"LineString","coordinates":[[139.39319,35.92184],[139.38942,35.91945],[139.38914,35.91898],[139.38822,35.91711]]}},{"type":"Feature","properties":{"idx":230,"road":"","cls":"tertiary","shops":0,"st_km":1.61,"mesh":"53397312"},"geometry":{"type":"LineString","coordinates":[[139.40837,35.92875],[139.40942,35.92938]]}},{"type":"Feature","properties":{"idx":263,"road":"","cls":"tertiary","shops":0,"st_km":1.38,"mesh":"53397312"},"geometry":{"type":"LineString","coordinates":[[139.40942,35.92938],[139.41034,35.92991],[139.41246,35.93101]]}},{"type":"Feature","properties":{"idx":182,"road":"","cls":"tertiary","shops":0,"st_km":1.68,"mesh":"53397322"},"geometry":{"type":"LineString","coordinates":[[139.40106,35.93398],[139.40188,35.93387],[139.40218,35.93393],[139.40519,35.93509],[139.40551,35.93527]]}},{"type":"Feature","properties":{"idx":205,"road":"","cls":"tertiary","shops":0,"st_km":1.48,"mesh":"53397322"},"geometry":{"type":"LineString","coordinates":[[139.40473,35.93923],[139.40491,35.93895],[139.40608,35.93785],[139.40622,35.93764],[139.40626,35.93702],[139.40651,35.93659],[139.40678,35.93631],[139.40689,35.93603],[139.40681,35.93528],[139.40683,35.93498],[139.40698,35.93442],[139.40747,35.93348],[139.40749,35.93333],[139.40742,35.93249],[139.40765,35.93203],[139.40778,35.93191],[139.40798,35.93183]]}},{"type":"Feature","properties":{"idx":258,"road":"川越越生線","cls":"secondary","shops":0,"st_km":1.61,"mesh":"53397312"},"geometry":{"type":"LineString","coordinates":[[139.4089,35.93158],[139.40818,35.93158],[139.40587,35.93142]]}},{"type":"Feature","properties":{"idx":405,"road":"川越越生線","cls":"secondary","shops":0,"st_km":2.02,"mesh":"53397311"},"geometry":{"type":"LineString","coordinates":[[139.40587,35.93142],[139.40512,35.93144],[139.40395,35.9316],[139.39935,35.93239],[139.39905,35.93248],[139.39167,35.93593]]}},{"type":"Feature","properties":{"idx":200,"road":"藤金1号橋","cls":"tertiary","shops":0,"st_km":1.52,"mesh":"53397322"},"geometry":{"type":"LineString","coordinates":[[139.40551,35.93527],[139.40598,35.93556]]}},{"type":"Feature","properties":{"idx":400,"road":"","cls":"tertiary","shops":1,"st_km":1.1,"mesh":"53397322"},"geometry":{"type":"LineString","coordinates":[[139.40598,35.93556],[139.40684,35.9362],[139.40716,35.93653],[139.40753,35.93677],[139.40849,35.93696],[139.40883,35.93713],[139.4092,35.9375],[139.40984,35.93828],[139.41045,35.93874],[139.41076,35.9389],[139.41392,35.93999],[139.4152,35.94052],[139.41557,35.94054],[139.41491,35.94133],[139.41381,35.94098],[139.41246,35.94112],[139.41177,35.94137]]}},{"type":"Feature","properties":{"idx":38,"road":"片柳川越線","cls":"secondary","shops":0,"st_km":1.82,"mesh":"53397373"},"geometry":{"type":"LineString","coordinates":[[139.41027,35.98417],[139.41069,35.98382],[139.41157,35.98275],[139.41206,35.98234],[139.4126,35.98205],[139.41455,35.98134],[139.41494,35.9811],[139.41522,35.98085],[139.41544,35.98056],[139.41554,35.98035],[139.41566,35.97983]]}},{"type":"Feature","properties":{"idx":167,"road":"片柳川越線","cls":"secondary","shops":0,"st_km":2.07,"mesh":"53397363"},"geometry":{"type":"LineString","coordinates":[[139.41865,35.97236],[139.41948,35.97175],[139.42075,35.97058]]}},{"type":"Feature","properties":{"idx":46,"road":"","cls":"tertiary","shops":0,"st_km":1.43,"mesh":"53397382"},"geometry":{"type":"LineString","coordinates":[[139.40186,35.98393],[139.40293,35.98415]]}},{"type":"Feature","properties":{"idx":971,"road":"","cls":"tertiary","shops":0,"st_km":2.32,"mesh":"53397328"},"geometry":{"type":"LineString","coordinates":[[139.47453,35.93265],[139.47446,35.93274],[139.47447,35.93284],[139.47495,35.93473],[139.47485,35.93539],[139.47489,35.93561],[139.47588,35.93683],[139.47735,35.93884]]}},{"type":"Feature","properties":{"idx":146,"road":"","cls":"tertiary","shops":0,"st_km":2.15,"mesh":"53397319"},"geometry":{"type":"LineString","coordinates":[[139.48769,35.93223],[139.48852,35.93222],[139.48858,35.93226]]}},{"type":"Feature","properties":{"idx":332,"road":"川越日高線","cls":"primary","shops":1,"st_km":0.51,"mesh":"53397308"},"geometry":{"type":"LineString","coordinates":[[139.47528,35.91856],[139.47563,35.91855]]}},{"type":"Feature","properties":{"idx":272,"road":"川越栗橋線","cls":"primary","shops":0,"st_km":4.65,"mesh":"53397349"},"geometry":{"type":"LineString","coordinates":[[139.48801,35.95731],[139.48775,35.95317]]}},{"type":"Feature","properties":{"idx":263,"road":"川越北環状線","cls":"secondary","shops":0,"st_km":3.32,"mesh":"53397337"},"geometry":{"type":"LineString","coordinates":[[139.47428,35.95171],[139.47346,35.9514],[139.47292,35.95104],[139.47251,35.95064],[139.47228,35.95029],[139.47213,35.94994],[139.4721,35.94937],[139.47264,35.94671],[139.47249,35.94285],[139.47243,35.94222],[139.47233,35.94176]]}},{"type":"Feature","properties":{"idx":76,"road":"","cls":"tertiary","shops":0,"st_km":6.88,"mesh":"53397387"},"geometry":{"type":"LineString","coordinates":[[139.47034,35.98721],[139.47037,35.9871],[139.47147,35.9856],[139.47245,35.98481]]}},{"type":"Feature","properties":{"idx":489,"road":"","cls":"tertiary","shops":0,"st_km":0.61,"mesh":"53397315"},"geometry":{"type":"LineString","coordinates":[[139.45272,35.92989],[139.45251,35.92987],[139.45235,35.92975],[139.45206,35.92913],[139.45198,35.9291],[139.44811,35.92955],[139.44653,35.92961],[139.44377,35.92984]]}},{"type":"Feature","properties":{"idx":221,"road":"","cls":"tertiary","shops":0,"st_km":1.07,"mesh":"53397316"},"geometry":{"type":"LineString","coordinates":[[139.45646,35.92797],[139.45605,35.92812],[139.45553,35.92841]]}},{"type":"Feature","properties":{"idx":297,"road":"かすみ北通り","cls":"tertiary","shops":0,"st_km":1.04,"mesh":"53397314"},"geometry":{"type":"LineString","coordinates":[[139.42995,35.92697],[139.43099,35.92576],[139.43141,35.92559],[139.43182,35.92557]]}},{"type":"Feature","properties":{"idx":758,"road":"おいせ橋通り","cls":"tertiary","shops":1,"st_km":0.91,"mesh":"53397304"},"geometry":{"type":"LineString","coordinates":[[139.42359,35.92417],[139.42782,35.92147],[139.42832,35.92109],[139.42867,35.92061],[139.42908,35.91926]]}},{"type":"Feature","properties":{"idx":202,"road":"おいせ橋通り","cls":"tertiary","shops":0,"st_km":1.3,"mesh":"53397303"},"geometry":{"type":"LineString","coordinates":[[139.42353,35.92421],[139.42359,35.92417]]}},{"type":"Feature","properties":{"idx":211,"road":"おいせ橋通り","cls":"tertiary","shops":0,"st_km":1.31,"mesh":"53397303"},"geometry":{"type":"LineString","coordinates":[[139.42164,35.92542],[139.42306,35.92451]]}},{"type":"Feature","properties":{"idx":198,"road":"おいせ橋通り","cls":"tertiary","shops":0,"st_km":1.33,"mesh":"53397303"},"geometry":{"type":"LineString","coordinates":[[139.42306,35.92451],[139.42353,35.92421]]}},{"type":"Feature","properties":{"idx":778,"road":"","cls":"tertiary","shops":0,"st_km":0.43,"mesh":"53397304"},"geometry":{"type":"LineString","coordinates":[[139.42957,35.91746],[139.43177,35.91785]]}},{"type":"Feature","properties":{"idx":23,"road":"","cls":"tertiary","shops":0,"st_km":2.98,"mesh":"53397329"},"geometry":{"type":"LineString","coordinates":[[139.49973,35.93152],[139.49985,35.93179],[139.49987,35.93208],[139.49954,35.93419],[139.49971,35.93599],[139.49957,35.93732],[139.49939,35.94034]]}},{"type":"Feature","properties":{"idx":178,"road":"鶴ヶ島市道1015号線","cls":"tertiary","shops":0,"st_km":2.15,"mesh":"53397310"},"geometry":{"type":"LineString","coordinates":[[139.39023,35.92282],[139.38754,35.9237],[139.38632,35.92429],[139.38292,35.92648],[139.38116,35.92768],[139.38056,35.92816],[139.38052,35.92825]]}},{"type":"Feature","properties":{"idx":137,"road":"","cls":"tertiary","shops":0,"st_km":0.99,"mesh":"53397332"},"geometry":{"type":"LineString","coordinates":[[139.40154,35.94254],[139.40099,35.94205]]}},{"type":"Feature","properties":{"idx":97,"road":"","cls":"tertiary","shops":1,"st_km":1.01,"mesh":"53397323"},"geometry":{"type":"LineString","coordinates":[[139.41165,35.93302],[139.4147,35.93622]]}},{"type":"Feature","properties":{"idx":217,"road":"","cls":"tertiary","shops":0,"st_km":0.48,"mesh":"53397332"},"geometry":{"type":"LineString","coordinates":[[139.40929,35.94302],[139.40882,35.94368],[139.40807,35.9449],[139.40688,35.94612]]}},{"type":"Feature","properties":{"idx":143,"road":"","cls":"tertiary","shops":0,"st_km":0.94,"mesh":"53397332"},"geometry":{"type":"LineString","coordinates":[[139.40187,35.94282],[139.40154,35.94254]]}},{"type":"Feature","properties":{"idx":118,"road":"上伊草坂戸線","cls":"secondary","shops":0,"st_km":4.27,"mesh":"53397366"},"geometry":{"type":"LineString","coordinates":[[139.453,35.96523],[139.44978,35.9709]]}},{"type":"Feature","properties":{"idx":73,"road":"","cls":"tertiary","shops":0,"st_km":4.45,"mesh":"53397365"},"geometry":{"type":"LineString","coordinates":[[139.44035,35.97131],[139.44037,35.97141],[139.44011,35.97203],[139.43982,35.97242],[139.43975,35.97267],[139.4395,35.97525],[139.43935,35.97539],[139.43881,35.97554],[139.43875,35.9756],[139.43875,35.97634],[139.43888,35.97676],[139.4404,35.97772],[139.44069,35.97784],[139.44151,35.97792],[139.44184,35.9778],[139.44885,35.97313],[139.44898,35.97299],[139.45498,35.96311]]}},{"type":"Feature","properties":{"idx":76,"road":"","cls":"tertiary","shops":0,"st_km":3.79,"mesh":"53397365"},"geometry":{"type":"LineString","coordinates":[[139.44518,35.9636],[139.4452,35.96465],[139.44496,35.96544],[139.44486,35.96559],[139.44444,35.96586],[139.44377,35.96592],[139.44344,35.96601],[139.44194,35.96665],[139.44147,35.96693],[139.44117,35.96723],[139.44096,35.96764],[139.44071,35.96863],[139.44065,35.96917],[139.44065,35.97082],[139.44044,35.97121],[139.44025,35.97135],[139.43992,35.97135],[139.43892,35.97116],[139.43814,35.97089],[139.43672,35.97077],[139.43455,35.96994],[139.43376,35.96954],[139.43293,35.96895],[139.43162,35.96752],[139.43132,35.96743],[139.43028,35.96729]]}},{"type":"Feature","properties":{"idx":75,"road":"","cls":"tertiary","shops":0,"st_km":3.98,"mesh":"53397365"},"geometry":{"type":"LineString","coordinates":[[139.44065,35.97082],[139.44221,35.97089],[139.44386,35.97079],[139.4449,35.971],[139.44532,35.9709],[139.44648,35.97032]]}},{"type":"Feature","properties":{"idx":664,"road":"","cls":"tertiary","shops":0,"st_km":0.94,"mesh":"53397352"},"geometry":{"type":"LineString","coordinates":[[139.4022,35.96675],[139.40252,35.96675],[139.40449,35.96628],[139.40672,35.96542]]}},{"type":"Feature","properties":{"idx":237,"road":"","cls":"tertiary","shops":0,"st_km":0.23,"mesh":"53397361"},"geometry":{"type":"LineString","coordinates":[[139.3937,35.97177],[139.39505,35.97097]]}},{"type":"Feature","properties":{"idx":209,"road":"","cls":"tertiary","shops":0,"st_km":0.35,"mesh":"53397361"},"geometry":{"type":"LineString","coordinates":[[139.39717,35.96816],[139.39834,35.9696]]}},{"type":"Feature","properties":{"idx":553,"road":"","cls":"tertiary","shops":0,"st_km":5.69,"mesh":"53397386"},"geometry":{"type":"LineString","coordinates":[[139.458,35.98438],[139.45713,35.98846],[139.45712,35.98878]]}},{"type":"Feature","properties":{"idx":552,"road":"","cls":"tertiary","shops":0,"st_km":5.94,"mesh":"53397386"},"geometry":{"type":"LineString","coordinates":[[139.46923,35.98629],[139.46846,35.98607],[139.46802,35.98583],[139.46767,35.98573],[139.45667,35.9842],[139.45624,35.98423],[139.45514,35.9845],[139.45488,35.98462],[139.45451,35.98494],[139.45429,35.98502],[139.45255,35.98477]]}},{"type":"Feature","properties":{"idx":521,"road":"","cls":"tertiary","shops":0,"st_km":5.89,"mesh":"53397376"},"geometry":{"type":"LineString","coordinates":[[139.46043,35.98471],[139.4614,35.98025],[139.46151,35.97933]]}},{"type":"Feature","properties":{"idx":521,"road":"","cls":"tertiary","shops":0,"st_km":5.85,"mesh":"53397376"},"geometry":{"type":"LineString","coordinates":[[139.46035,35.98016],[139.4614,35.98025]]}},{"type":"Feature","properties":{"idx":75,"road":"","cls":"tertiary","shops":0,"st_km":3.94,"mesh":"53397365"},"geometry":{"type":"LineString","coordinates":[[139.44697,35.96965],[139.44748,35.96798],[139.44717,35.96741],[139.44718,35.96719],[139.44777,35.96631],[139.44798,35.96571],[139.44796,35.96491],[139.44786,35.96408],[139.44791,35.96388],[139.44807,35.96358]]}},{"type":"Feature","properties":{"idx":74,"road":"","cls":"tertiary","shops":0,"st_km":4.16,"mesh":"53397365"},"geometry":{"type":"LineString","coordinates":[[139.44648,35.97032],[139.44672,35.97012],[139.44697,35.96965]]}},{"type":"Feature","properties":{"idx":23,"road":"お成り街道","cls":"tertiary","shops":0,"st_km":2.95,"mesh":"53397329"},"geometry":{"type":"LineString","coordinates":[[139.48667,35.93656],[139.49501,35.93907],[139.4965,35.93955],[139.49939,35.94034]]}},{"type":"Feature","properties":{"idx":372,"road":"","cls":"tertiary","shops":0,"st_km":3.77,"mesh":"53397339"},"geometry":{"type":"LineString","coordinates":[[139.49588,35.94522],[139.49766,35.94493],[139.49853,35.94504]]}},{"type":"Feature","properties":{"idx":46,"road":"","cls":"tertiary","shops":0,"st_km":2.58,"mesh":"53397327"},"geometry":{"type":"LineString","coordinates":[[139.47156,35.94046],[139.46964,35.94091]]}},{"type":"Feature","properties":{"idx":60,"road":"","cls":"tertiary","shops":0,"st_km":3.46,"mesh":"53397355"},"geometry":{"type":"LineString","coordinates":[[139.44518,35.9636],[139.44532,35.96249],[139.44533,35.96176]]}},{"type":"Feature","properties":{"idx":62,"road":"","cls":"tertiary","shops":0,"st_km":3.24,"mesh":"53397355"},"geometry":{"type":"LineString","coordinates":[[139.44033,35.96196],[139.44276,35.9616],[139.44314,35.9616],[139.44398,35.96171],[139.44534,35.96158]]}},{"type":"Feature","properties":{"idx":940,"road":"","cls":"tertiary","shops":0,"st_km":4.06,"mesh":"53397347"},"geometry":{"type":"LineString","coordinates":[[139.47379,35.95163],[139.4718,35.95555],[139.47187,35.95572],[139.47211,35.95589],[139.47263,35.95611],[139.4732,35.95627]]}},{"type":"Feature","properties":{"idx":239,"road":"","cls":"tertiary","shops":0,"st_km":3.52,"mesh":"53397338"},"geometry":{"type":"LineString","coordinates":[[139.48011,35.94454],[139.48019,35.94476],[139.48022,35.94504],[139.48227,35.94531],[139.48883,35.94502],[139.49172,35.94519]]}},{"type":"Feature","properties":{"idx":250,"road":"","cls":"tertiary","shops":0,"st_km":3.15,"mesh":"53397338"},"geometry":{"type":"LineString","coordinates":[[139.47994,35.94216],[139.47997,35.94265]]}},{"type":"Feature","properties":{"idx":52,"road":"片柳川越線","cls":"secondary","shops":0,"st_km":2.57,"mesh":"53397327"},"geometry":{"type":"LineString","coordinates":[[139.46827,35.94123],[139.4682,35.94124]]}},{"type":"Feature","properties":{"idx":312,"road":"片柳川越線","cls":"secondary","shops":0,"st_km":2.62,"mesh":"53397337"},"geometry":{"type":"LineString","coordinates":[[139.46581,35.9418],[139.46478,35.94209],[139.46433,35.94231],[139.46402,35.94253],[139.4634,35.94316],[139.46253,35.94453]]}},{"type":"Feature","properties":{"idx":188,"road":"本町通り","cls":"tertiary","shops":2,"st_km":1.28,"mesh":"53397308"},"geometry":{"type":"LineString","coordinates":[[139.48534,35.92475],[139.48355,35.92495]]}},{"type":"Feature","properties":{"idx":596,"road":"","cls":"primary","shops":0,"st_km":0.72,"mesh":"53397324"},"geometry":{"type":"LineString","coordinates":[[139.43588,35.93822],[139.43156,35.94025],[139.43066,35.94057],[139.43021,35.94062],[139.42968,35.94059],[139.42732,35.94019],[139.4266,35.94009],[139.42616,35.94009],[139.42542,35.94026],[139.42514,35.94039],[139.42447,35.94086]]}},{"type":"Feature","properties":{"idx":242,"road":"川越坂戸毛呂山線","cls":"primary","shops":0,"st_km":1.12,"mesh":"53397325"},"geometry":{"type":"LineString","coordinates":[[139.44274,35.93522],[139.44205,35.93553]]}},{"type":"Feature","properties":{"idx":742,"road":"","cls":"tertiary","shops":0,"st_km":0.47,"mesh":"53397342"},"geometry":{"type":"LineString","coordinates":[[139.40761,35.95228],[139.40943,35.95398]]}},{"type":"Feature","properties":{"idx":163,"road":"平沼中老袋線","cls":"secondary","shops":0,"st_km":5.33,"mesh":"53397358"},"geometry":{"type":"LineString","coordinates":[[139.47123,35.96523],[139.4738,35.96598],[139.4751,35.9662],[139.47614,35.96618],[139.47955,35.96576]]}},{"type":"Feature","properties":{"idx":76,"road":"かわじま中央通り","cls":"tertiary","shops":0,"st_km":6.22,"mesh":"53397387"},"geometry":{"type":"LineString","coordinates":[[139.45969,35.9885],[139.46586,35.98784],[139.46762,35.98772],[139.46863,35.9876]]}},{"type":"Feature","properties":{"idx":140,"road":"かわじま中央通り","cls":"tertiary","shops":0,"st_km":7.19,"mesh":"53397388"},"geometry":{"type":"LineString","coordinates":[[139.47507,35.98551],[139.48031,35.98322],[139.48159,35.98235]]}},{"type":"Feature","properties":{"idx":118,"road":"","cls":"tertiary","shops":0,"st_km":5.93,"mesh":"53397377"},"geometry":{"type":"LineString","coordinates":[[139.45902,35.97788],[139.45942,35.97821],[139.45978,35.97842],[139.46381,35.98056],[139.46442,35.98083],[139.46519,35.98135],[139.46548,35.98162],[139.46558,35.98193],[139.46559,35.9823],[139.46567,35.98239]]}},{"type":"Feature","properties":{"idx":522,"road":"","cls":"tertiary","shops":0,"st_km":5.85,"mesh":"53397376"},"geometry":{"type":"LineString","coordinates":[[139.45957,35.9783],[139.45986,35.97796],[139.45998,35.97796],[139.46465,35.98039],[139.46487,35.9806],[139.46524,35.9808]]}},{"type":"Feature","properties":{"idx":198,"road":"日高川島線","cls":"primary","shops":0,"st_km":4.07,"mesh":"53397385"},"geometry":{"type":"LineString","coordinates":[[139.44031,35.99182],[139.44089,35.99109]]}},{"type":"Feature","properties":{"idx":316,"road":"","cls":"tertiary","shops":0,"st_km":3.3,"mesh":"53397346"},"geometry":{"type":"LineString","coordinates":[[139.44859,35.95623],[139.45005,35.95636],[139.45143,35.95622],[139.4528,35.95617],[139.45369,35.95641],[139.45458,35.95649]]}},{"type":"Feature","properties":{"idx":165,"road":"上伊草坂戸線","cls":"secondary","shops":0,"st_km":3.09,"mesh":"53397354"},"geometry":{"type":"LineString","coordinates":[[139.41922,35.96847],[139.42027,35.96838],[139.42102,35.96809],[139.42341,35.96747],[139.42462,35.96731],[139.42602,35.96696],[139.42658,35.96699],[139.42745,35.96723],[139.42791,35.9673],[139.43053,35.96726],[139.43085,35.9671],[139.43129,35.96652],[139.43142,35.9664],[139.43172,35.96625],[139.43393,35.96583],[139.43859,35.96529],[139.43908,35.96505],[139.43972,35.9646],[139.44069,35.96426],[139.44213,35.96385],[139.4425,35.96381],[139.44333,35.96382],[139.44451,35.96356],[139.44561,35.96361],[139.44737,35.96353],[139.44821,35.96359],[139.44877,35.96371],[139.45041,35.96421],[139.453,35.96523]]}},{"type":"Feature","properties":{"idx":157,"road":"国道254号旧道","cls":"tertiary","shops":0,"st_km":4.35,"mesh":"53397385"},"geometry":{"type":"LineString","coordinates":[[139.44089,35.99109],[139.4416,35.99061],[139.44554,35.98863]]}},{"type":"Feature","properties":{"idx":143,"road":"","cls":"tertiary","shops":0,"st_km":2.16,"mesh":"53397363"},"geometry":{"type":"LineString","coordinates":[[139.42063,35.9735],[139.42085,35.97213],[139.42081,35.97071],[139.42075,35.97058]]}},{"type":"Feature","properties":{"idx":157,"road":"","cls":"tertiary","shops":0,"st_km":2.7,"mesh":"53397354"},"geometry":{"type":"LineString","coordinates":[[139.43852,35.96269],[139.43817,35.96302],[139.43784,35.96322],[139.43723,35.96344],[139.43682,35.96351],[139.43642,35.96351],[139.43593,35.96341],[139.43393,35.96258],[139.43364,35.9625],[139.43304,35.96246],[139.43277,35.9625],[139.43137,35.96293],[139.43007,35.96357],[139.42965,35.96368],[139.42925,35.96368],[139.42822,35.96351]]}},{"type":"Feature","properties":{"idx":101,"road":"","cls":"tertiary","shops":0,"st_km":2.6,"mesh":"53397383"},"geometry":{"type":"LineString","coordinates":[[139.41027,35.98417],[139.4115,35.98479],[139.41179,35.98489],[139.41228,35.98498],[139.41321,35.985],[139.41917,35.98569],[139.42485,35.98607],[139.4255,35.98597],[139.42588,35.98584],[139.42629,35.98563],[139.42936,35.98362]]}},{"type":"Feature","properties":{"idx":874,"road":"","cls":"pedestrian","shops":0,"st_km":0.65,"mesh":"53397304"},"geometry":{"type":"LineString","coordinates":[[139.42806,35.91816],[139.42856,35.91824]]}},{"type":"Feature","properties":{"idx":517,"road":"川越越生線","cls":"secondary","shops":0,"st_km":0.59,"mesh":"53397314"},"geometry":{"type":"LineString","coordinates":[[139.41943,35.92986],[139.42009,35.92987],[139.42064,35.92995],[139.42323,35.93062],[139.42372,35.93079],[139.42514,35.9315],[139.42556,35.93166],[139.4269,35.93208],[139.42834,35.93241],[139.4292,35.9325],[139.4327,35.93247],[139.43336,35.93261],[139.43436,35.93292],[139.43572,35.93326],[139.4363,35.93331]]}},{"type":"Feature","properties":{"idx":955,"road":"鯨井狭山線","cls":"secondary","shops":2,"st_km":0.77,"mesh":"53397315"},"geometry":{"type":"LineString","coordinates":[[139.44337,35.93227],[139.44377,35.93235]]}},{"type":"Feature","properties":{"idx":237,"road":"","cls":"tertiary","shops":0,"st_km":1.72,"mesh":"53397326"},"geometry":{"type":"LineString","coordinates":[[139.45558,35.93403],[139.45633,35.93964],[139.45646,35.94071],[139.45645,35.94094]]}},{"type":"Feature","properties":{"idx":88,"road":"","cls":"tertiary","shops":0,"st_km":2.46,"mesh":"53397336"},"geometry":{"type":"LineString","coordinates":[[139.45448,35.94532],[139.45347,35.9465],[139.45293,35.94686]]}},{"type":"Feature","properties":{"idx":194,"road":"","cls":"tertiary","shops":0,"st_km":2.18,"mesh":"53397326"},"geometry":{"type":"LineString","coordinates":[[139.46253,35.94453],[139.45349,35.93924],[139.45326,35.93917],[139.45259,35.93909]]}},{"type":"Feature","properties":{"idx":95,"road":"","cls":"tertiary","shops":0,"st_km":2.2,"mesh":"53397336"},"geometry":{"type":"LineString","coordinates":[[139.45645,35.94094],[139.45632,35.94163],[139.45577,35.94355],[139.45556,35.944],[139.45525,35.9444]]}},{"type":"Feature","properties":{"idx":83,"road":"","cls":"tertiary","shops":0,"st_km":2.68,"mesh":"53397336"},"geometry":{"type":"LineString","coordinates":[[139.45758,35.94885],[139.45748,35.9485],[139.45734,35.94834],[139.45626,35.9478],[139.4558,35.9477],[139.45483,35.94771],[139.45454,35.94766],[139.45393,35.94731],[139.45293,35.94686]]}},{"type":"Feature","properties":{"idx":548,"road":"","cls":"tertiary","shops":0,"st_km":1.81,"mesh":"53397335"},"geometry":{"type":"LineString","coordinates":[[139.45293,35.94686],[139.4511,35.94608],[139.45053,35.94578],[139.45011,35.94544],[139.44857,35.94395],[139.44642,35.94244],[139.44534,35.94186],[139.44375,35.94165],[139.443,35.94082],[139.44262,35.94002],[139.44228,35.93969],[139.43866,35.9373],[139.43837,35.93714],[139.43816,35.93712],[139.43656,35.93649],[139.43638,35.93636]]}},{"type":"Feature","properties":{"idx":719,"road":"","cls":"tertiary","shops":0,"st_km":0.29,"mesh":"53397324"},"geometry":{"type":"LineString","coordinates":[[139.42125,35.93011],[139.42126,35.93034],[139.42133,35.9305],[139.42155,35.9308],[139.42417,35.93323],[139.42728,35.93574],[139.42817,35.93637],[139.42981,35.93789],[139.43167,35.93935],[139.43241,35.93984]]}},{"type":"Feature","properties":{"idx":95,"road":"","cls":"tertiary","shops":1,"st_km":1.98,"mesh":"53397301"},"geometry":{"type":"LineString","coordinates":[[139.38822,35.91711],[139.38738,35.91725]]}},{"type":"Feature","properties":{"idx":313,"road":"","cls":"tertiary","shops":0,"st_km":2.33,"mesh":"53397311"},"geometry":{"type":"LineString","coordinates":[[139.39469,35.92742],[139.39255,35.92542],[139.39103,35.92386],[139.39019,35.92294]]}},{"type":"Feature","properties":{"idx":288,"road":"","cls":"tertiary","shops":0,"st_km":2.4,"mesh":"53397300"},"geometry":{"type":"LineString","coordinates":[[139.38754,35.9237],[139.38661,35.92264],[139.38493,35.92003],[139.38493,35.91979],[139.38506,35.91924],[139.38514,35.91916],[139.38585,35.919]]}},{"type":"Feature","properties":{"idx":544,"road":"","cls":"tertiary","shops":0,"st_km":0.5,"mesh":"53397315"},"geometry":{"type":"LineString","coordinates":[[139.44377,35.92984],[139.44248,35.92981]]}},{"type":"Feature","properties":{"idx":199,"road":"","cls":"tertiary","shops":0,"st_km":0.64,"mesh":"53397333"},"geometry":{"type":"LineString","coordinates":[[139.4259,35.94335],[139.4255,35.94282],[139.42416,35.94209],[139.42392,35.94164],[139.42367,35.94148]]}},{"type":"Feature","properties":{"idx":137,"road":"駅通り","cls":"tertiary","shops":1,"st_km":0.6,"mesh":"53397323"},"geometry":{"type":"LineString","coordinates":[[139.42163,35.93698],[139.42093,35.93639],[139.41966,35.93519],[139.4194,35.93485],[139.41878,35.93362],[139.41819,35.93268],[139.41695,35.93126],[139.41566,35.92996]]}},{"type":"Feature","properties":{"idx":184,"road":"","cls":"tertiary","shops":0,"st_km":1.45,"mesh":"53397303"},"geometry":{"type":"LineString","coordinates":[[139.42045,35.92313],[139.42063,35.92317],[139.42136,35.92317]]}},{"type":"Feature","properties":{"idx":77,"road":"","cls":"tertiary","shops":0,"st_km":3.09,"mesh":"53397336"},"geometry":{"type":"LineString","coordinates":[[139.45846,35.94869],[139.45894,35.94883],[139.45963,35.9494],[139.46061,35.94986],[139.46104,35.95037],[139.46138,35.95061],[139.46166,35.9507],[139.46258,35.95078]]}},{"type":"Feature","properties":{"idx":168,"road":"","cls":"tertiary","shops":1,"st_km":0.39,"mesh":"53397323"},"geometry":{"type":"LineString","coordinates":[[139.42447,35.94086],[139.42508,35.93985],[139.42533,35.93956]]}},{"type":"Feature","properties":{"idx":165,"road":"","cls":"tertiary","shops":0,"st_km":1.65,"mesh":"53397303"},"geometry":{"type":"LineString","coordinates":[[139.41552,35.92129],[139.41821,35.92223],[139.41849,35.92246],[139.41893,35.92271],[139.42045,35.92313]]}},{"type":"Feature","properties":{"idx":383,"road":"","cls":"tertiary","shops":0,"st_km":1.49,"mesh":"53397334"},"geometry":{"type":"LineString","coordinates":[[139.42429,35.94996],[139.42445,35.94987],[139.42511,35.94999],[139.42741,35.94991],[139.42758,35.94999],[139.42768,35.9501],[139.42777,35.95046],[139.42794,35.95063],[139.42904,35.95103]]}},{"type":"Feature","properties":{"idx":523,"road":"","cls":"tertiary","shops":0,"st_km":1.92,"mesh":"53397335"},"geometry":{"type":"LineString","coordinates":[[139.44282,35.94876],[139.44034,35.94835],[139.43833,35.94838],[139.43749,35.94843],[139.43661,35.94856]]}},{"type":"Feature","properties":{"idx":403,"road":"","cls":"tertiary","shops":0,"st_km":1.41,"mesh":"53397334"},"geometry":{"type":"LineString","coordinates":[[139.43491,35.9448],[139.43523,35.94499],[139.43629,35.94523],[139.43638,35.9453],[139.43638,35.94543]]}},{"type":"Feature","properties":{"idx":325,"road":"","cls":"tertiary","shops":0,"st_km":1.78,"mesh":"53397334"},"geometry":{"type":"LineString","coordinates":[[139.43771,35.95222],[139.43748,35.95196],[139.43684,35.95158],[139.43676,35.95139],[139.43677,35.95106],[139.43698,35.95044],[139.43701,35.95015],[139.43681,35.94911],[139.43649,35.94833],[139.43636,35.94786],[139.43631,35.94622],[139.43638,35.94543]]}},{"type":"Feature","properties":{"idx":92,"road":"","cls":"tertiary","shops":0,"st_km":3.18,"mesh":"53397345"},"geometry":{"type":"LineString","coordinates":[[139.44533,35.96176],[139.44536,35.96134],[139.44544,35.96104],[139.44568,35.96064],[139.44601,35.96033],[139.44712,35.95966],[139.44729,35.95951],[139.44737,35.95933],[139.44768,35.95812],[139.44821,35.95674],[139.44859,35.95623],[139.44939,35.95557],[139.44959,35.95533],[139.44968,35.95498],[139.44969,35.95395]]}},{"type":"Feature","properties":{"idx":824,"road":"","cls":"tertiary","shops":0,"st_km":1.74,"mesh":"53397353"},"geometry":{"type":"LineString","coordinates":[[139.41744,35.96408],[139.41776,35.96374],[139.4228,35.95962],[139.42817,35.95513]]}},{"type":"Feature","properties":{"idx":179,"road":"","cls":"tertiary","shops":0,"st_km":0.75,"mesh":"53397333"},"geometry":{"type":"LineString","coordinates":[[139.41745,35.94076],[139.41901,35.94133],[139.42093,35.94253],[139.42155,35.94266],[139.42201,35.94285],[139.42327,35.94391],[139.42407,35.94437],[139.42446,35.94469],[139.42484,35.94507],[139.42525,35.94575],[139.42596,35.94665],[139.42615,35.94684],[139.42645,35.94701],[139.42677,35.94707]]}},{"type":"Feature","properties":{"idx":125,"road":"","cls":"tertiary","shops":0,"st_km":1.21,"mesh":"53397333"},"geometry":{"type":"LineString","coordinates":[[139.42545,35.95258],[139.42185,35.94961],[139.42025,35.94956],[139.41719,35.94956]]}},{"type":"Feature","properties":{"idx":1517,"road":"","cls":"tertiary","shops":0,"st_km":1.38,"mesh":"53397343"},"geometry":{"type":"LineString","coordinates":[[139.41844,35.95766],[139.42545,35.95258]]}},{"type":"Feature","properties":{"idx":458,"road":"","cls":"tertiary","shops":0,"st_km":1.22,"mesh":"53397334"},"geometry":{"type":"LineString","coordinates":[[139.43064,35.94982],[139.43032,35.94875],[139.43006,35.94819],[139.42707,35.94415]]}},{"type":"Feature","properties":{"idx":136,"road":"","cls":"tertiary","shops":0,"st_km":1.1,"mesh":"53397333"},"geometry":{"type":"LineString","coordinates":[[139.42095,35.94958],[139.4205,35.94876],[139.42052,35.94691],[139.42132,35.94403]]}},{"type":"Feature","properties":{"idx":209,"road":"","cls":"tertiary","shops":0,"st_km":1.86,"mesh":"53397354"},"geometry":{"type":"LineString","coordinates":[[139.42425,35.9584],[139.42495,35.95863],[139.42595,35.95888],[139.42612,35.95898],[139.42634,35.9592]]}},{"type":"Feature","properties":{"idx":148,"road":"","cls":"tertiary","shops":0,"st_km":0.98,"mesh":"53397333"},"geometry":{"type":"LineString","coordinates":[[139.42105,35.94508],[139.42441,35.946]]}},{"type":"Feature","properties":{"idx":172,"road":"","cls":"tertiary","shops":0,"st_km":2.18,"mesh":"53397312"},"geometry":{"type":"LineString","coordinates":[[139.39388,35.92881],[139.39469,35.92742],[139.39522,35.92693],[139.39659,35.92619],[139.39716,35.92599],[139.39752,35.92598],[139.39772,35.92599],[139.39824,35.92619],[139.40062,35.92667],[139.40167,35.927],[139.40256,35.92736],[139.40422,35.92781],[139.40513,35.92795],[139.4055,35.92815],[139.40572,35.92821],[139.40611,35.92829],[139.40683,35.92819],[139.40788,35.9285],[139.40837,35.92875]]}},{"type":"Feature","properties":{"idx":60,"road":"","cls":"tertiary","shops":0,"st_km":2.12,"mesh":"53397301"},"geometry":{"type":"LineString","coordinates":[[139.39024,35.923],[139.39189,35.92254],[139.39245,35.92302],[139.39283,35.92315],[139.39304,35.92315],[139.39322,35.92309],[139.39347,35.92292],[139.3936,35.92264],[139.39362,35.92241],[139.39376,35.92226]]}},{"type":"Feature","properties":{"idx":418,"road":"川越越生線","cls":"secondary","shops":0,"st_km":0.92,"mesh":"53397315"},"geometry":{"type":"LineString","coordinates":[[139.43794,35.93251],[139.43856,35.93206]]}},{"type":"Feature","properties":{"idx":468,"road":"川越越生線","cls":"secondary","shops":0,"st_km":0.79,"mesh":"53397315"},"geometry":{"type":"LineString","coordinates":[[139.43856,35.93206],[139.43904,35.93178],[139.4393,35.93171],[139.4396,35.9317],[139.43989,35.93175],[139.4408,35.93208],[139.44103,35.93207],[139.4416,35.9319],[139.44231,35.93188],[139.44294,35.93217],[139.44337,35.93227]]}},{"type":"Feature","properties":{"idx":93,"road":"","cls":"tertiary","shops":0,"st_km":1.25,"mesh":"53397391"},"geometry":{"type":"LineString","coordinates":[[139.39359,35.99122],[139.39517,35.99287]]}},{"type":"Feature","properties":{"idx":132,"road":"","cls":"tertiary","shops":0,"st_km":1.14,"mesh":"53397333"},"geometry":{"type":"LineString","coordinates":[[139.41426,35.94456],[139.41539,35.94581],[139.41612,35.9465],[139.41688,35.94708],[139.41758,35.9475],[139.41868,35.948],[139.41969,35.94837],[139.42026,35.94868],[139.42284,35.94936],[139.42347,35.94958],[139.42429,35.94996],[139.42526,35.95056],[139.42574,35.95092],[139.42638,35.95156],[139.4272,35.95251],[139.4279,35.9536]]}},{"type":"Feature","properties":{"idx":305,"road":"","cls":"tertiary","shops":0,"st_km":0.93,"mesh":"53397322"},"geometry":{"type":"LineString","coordinates":[[139.41363,35.94476],[139.4127,35.94348],[139.41032,35.93999],[139.40917,35.93856],[139.40771,35.93702],[139.40771,35.93683]]}},{"type":"Feature","properties":{"idx":175,"road":"初雁城（川越城）通り","cls":"tertiary","shops":0,"st_km":1.75,"mesh":"53397319"},"geometry":{"type":"LineString","coordinates":[[139.49306,35.92597],[139.49325,35.92605]]}},{"type":"Feature","properties":{"idx":464,"road":"","cls":"tertiary","shops":0,"st_km":1.44,"mesh":"53397352"},"geometry":{"type":"LineString","coordinates":[[139.41442,35.96292],[139.41188,35.96541],[139.41157,35.96595],[139.40933,35.97062]]}},{"type":"Feature","properties":{"idx":123,"road":"","cls":"tertiary","shops":0,"st_km":3.0,"mesh":"53397364"},"geometry":{"type":"LineString","coordinates":[[139.42841,35.96896],[139.42907,35.96907],[139.43174,35.9693],[139.43228,35.96923],[139.43258,35.96914],[139.43293,35.96895]]}},{"type":"Feature","properties":{"idx":460,"road":"","cls":"tertiary","shops":0,"st_km":1.48,"mesh":"53397352"},"geometry":{"type":"LineString","coordinates":[[139.40425,35.96554],[139.40628,35.96452],[139.41246,35.96172],[139.41349,35.9612],[139.41498,35.96018],[139.41844,35.95766]]}},{"type":"Feature","properties":{"idx":127,"road":"","cls":"tertiary","shops":0,"st_km":2.84,"mesh":"53397364"},"geometry":{"type":"LineString","coordinates":[[139.42869,35.96728],[139.42888,35.96773],[139.42891,35.96801],[139.42885,35.96818],[139.42846,35.9688],[139.42841,35.96907],[139.42863,35.96999],[139.42866,35.97043]]}},{"type":"Feature","properties":{"idx":117,"road":"","cls":"tertiary","shops":0,"st_km":3.37,"mesh":"53397364"},"geometry":{"type":"LineString","coordinates":[[139.43361,35.97649],[139.43379,35.97579],[139.43418,35.97517],[139.43428,35.97489],[139.4343,35.97461],[139.4342,35.97336],[139.43423,35.97282],[139.43454,35.97162],[139.43452,35.97146],[139.43444,35.97139],[139.43367,35.97131],[139.43348,35.9712],[139.43367,35.96968],[139.43376,35.96954]]}},{"type":"Feature","properties":{"idx":97,"road":"","cls":"tertiary","shops":0,"st_km":1.33,"mesh":"53397372"},"geometry":{"type":"LineString","coordinates":[[139.41038,35.97905],[139.41068,35.97789],[139.41068,35.97763],[139.41058,35.97728],[139.41058,35.97688],[139.41093,35.975],[139.4109,35.97474],[139.41066,35.97429],[139.41062,35.97408],[139.41069,35.97366],[139.41074,35.97237]]}},{"type":"Feature","properties":{"idx":124,"road":"","cls":"tertiary","shops":0,"st_km":2.94,"mesh":"53397364"},"geometry":{"type":"LineString","coordinates":[[139.4263,35.97046],[139.42759,35.97128],[139.4278,35.97151],[139.42786,35.97177],[139.4284,35.97184],[139.42953,35.97221],[139.42954,35.97232],[139.42939,35.97322],[139.42956,35.97341],[139.43068,35.97351],[139.43146,35.97367],[139.43227,35.97429],[139.43278,35.9746],[139.43367,35.97484],[139.43428,35.97489]]}},{"type":"Feature","properties":{"idx":1127,"road":"","cls":"tertiary","shops":0,"st_km":1.23,"mesh":"53397353"},"geometry":{"type":"LineString","coordinates":[[139.41776,35.96374],[139.41255,35.95957],[139.41152,35.95879],[139.41126,35.95872],[139.40755,35.95533]]}},{"type":"Feature","properties":{"idx":384,"road":"","cls":"tertiary","shops":1,"st_km":1.71,"mesh":"53397344"},"geometry":{"type":"LineString","coordinates":[[139.42058,35.95963],[139.42771,35.95444],[139.42545,35.95258]]}},{"type":"Feature","properties":{"idx":326,"road":"","cls":"tertiary","shops":0,"st_km":3.06,"mesh":"53397346"},"geometry":{"type":"LineString","coordinates":[[139.44969,35.95395],[139.45137,35.95392]]}},{"type":"Feature","properties":{"idx":146,"road":"","cls":"tertiary","shops":1,"st_km":2.82,"mesh":"53397345"},"geometry":{"type":"LineString","coordinates":[[139.44444,35.95374],[139.44703,35.95419],[139.44803,35.95418],[139.44921,35.954]]}},{"type":"Feature","properties":{"idx":102,"road":"国道254号旧道","cls":"tertiary","shops":0,"st_km":5.37,"mesh":"53397366"},"geometry":{"type":"LineString","coordinates":[[139.45902,35.97788],[139.4612,35.97571],[139.46155,35.97524],[139.46178,35.97465],[139.46244,35.97174],[139.46262,35.97113],[139.46306,35.97053],[139.46349,35.97016],[139.46384,35.96997]]}},{"type":"Feature","properties":{"idx":86,"road":"","cls":"tertiary","shops":0,"st_km":6.03,"mesh":"53397369"},"geometry":{"type":"LineString","coordinates":[[139.48571,35.97207],[139.48599,35.9711],[139.48666,35.9697],[139.48762,35.96852],[139.48801,35.96798],[139.4884,35.96731],[139.48887,35.9663],[139.48956,35.96502]]}},{"type":"Feature","properties":{"idx":259,"road":"","cls":"tertiary","shops":0,"st_km":4.88,"mesh":"53397357"},"geometry":{"type":"LineString","coordinates":[[139.4717,35.96273],[139.47138,35.96313],[139.47044,35.96383],[139.46955,35.96469]]}},{"type":"Feature","properties":{"idx":36,"road":"","cls":"tertiary","shops":0,"st_km":7.07,"mesh":"53397378"},"geometry":{"type":"LineString","coordinates":[[139.4761,35.98264],[139.47622,35.98269],[139.47721,35.98256],[139.4814,35.98228],[139.48159,35.98235]]}},{"type":"Feature","properties":{"idx":114,"road":"","cls":"tertiary","shops":1,"st_km":6.78,"mesh":"53397387"},"geometry":{"type":"LineString","coordinates":[[139.4693,35.98615],[139.47077,35.98655]]}},{"type":"Feature","properties":{"idx":555,"road":"かわじま中央通り","cls":"tertiary","shops":0,"st_km":5.17,"mesh":"53397386"},"geometry":{"type":"LineString","coordinates":[[139.44605,35.99175],[139.44624,35.99163],[139.4503,35.9916],[139.45701,35.98881],[139.45761,35.9887],[139.45969,35.9885]]}},{"type":"Feature","properties":{"idx":36,"road":"","cls":"tertiary","shops":0,"st_km":6.7,"mesh":"53397378"},"geometry":{"type":"LineString","coordinates":[[139.48671,35.97933],[139.48574,35.97676],[139.4856,35.97627],[139.48539,35.9734],[139.48544,35.97304],[139.48571,35.97207]]}},{"type":"Feature","properties":{"idx":36,"road":"かわじま中央通り","cls":"tertiary","shops":0,"st_km":7.12,"mesh":"53397378"},"geometry":{"type":"LineString","coordinates":[[139.48685,35.97928],[139.48636,35.97949],[139.48368,35.981],[139.48199,35.98208]]}},{"type":"Feature","properties":{"idx":36,"road":"","cls":"tertiary","shops":0,"st_km":7.1,"mesh":"53397378"},"geometry":{"type":"LineString","coordinates":[[139.48201,35.98092],[139.4819,35.98185],[139.48199,35.98208]]}},{"type":"Feature","properties":{"idx":452,"road":"","cls":"tertiary","shops":0,"st_km":6.25,"mesh":"53397397"},"geometry":{"type":"LineString","coordinates":[[139.46875,35.99796],[139.46736,35.99792],[139.46552,35.99777],[139.46471,35.99792]]}},{"type":"Feature","properties":{"idx":616,"road":"","cls":"tertiary","shops":0,"st_km":6.08,"mesh":"53397398"},"geometry":{"type":"LineString","coordinates":[[139.48897,35.99305],[139.48373,35.99306]]}},{"type":"Feature","properties":{"idx":333,"road":"","cls":"tertiary","shops":0,"st_km":5.84,"mesh":"53397399"},"geometry":{"type":"LineString","coordinates":[[139.489,35.99683],[139.48895,35.99121]]}},{"type":"Feature","properties":{"idx":140,"road":"","cls":"tertiary","shops":0,"st_km":6.6,"mesh":"53397388"},"geometry":{"type":"LineString","coordinates":[[139.48777,35.98687],[139.48434,35.98688]]}},{"type":"Feature","properties":{"idx":144,"road":"","cls":"tertiary","shops":0,"st_km":5.33,"mesh":"53397358"},"geometry":{"type":"LineString","coordinates":[[139.48002,35.96606],[139.47998,35.96326],[139.48016,35.96261]]}},{"type":"Feature","properties":{"idx":245,"road":"","cls":"tertiary","shops":0,"st_km":5.93,"mesh":"53397368"},"geometry":{"type":"LineString","coordinates":[[139.48762,35.96852],[139.48483,35.96757]]}},{"type":"Feature","properties":{"idx":110,"road":"","cls":"tertiary","shops":0,"st_km":2.32,"mesh":"53397345"},"geometry":{"type":"LineString","coordinates":[[139.43771,35.95222],[139.43868,35.95261],[139.43903,35.95268],[139.43947,35.95264],[139.44016,35.95243],[139.44056,35.9524],[139.44446,35.95296]]}},{"type":"Feature","properties":{"idx":155,"road":"","cls":"tertiary","shops":0,"st_km":1.51,"mesh":"53397350"},"geometry":{"type":"LineString","coordinates":[[139.37826,35.9626],[139.37929,35.96254]]}},{"type":"Feature","properties":{"idx":129,"road":"","cls":"tertiary","shops":0,"st_km":1.85,"mesh":"53397350"},"geometry":{"type":"LineString","coordinates":[[139.37526,35.96416],[139.37562,35.96393]]}},{"type":"Feature","properties":{"idx":31,"road":"","cls":"tertiary","shops":0,"st_km":1.95,"mesh":"53397360"},"geometry":{"type":"LineString","coordinates":[[139.37544,35.97277],[139.37537,35.97492],[139.37518,35.976]]}},{"type":"Feature","properties":{"idx":33,"road":"","cls":"tertiary","shops":0,"st_km":1.8,"mesh":"53397360"},"geometry":{"type":"LineString","coordinates":[[139.37838,35.97116],[139.37548,35.97107]]}},{"type":"Feature","properties":{"idx":33,"road":"","cls":"tertiary","shops":0,"st_km":1.8,"mesh":"53397360"},"geometry":{"type":"LineString","coordinates":[[139.37845,35.97328],[139.37542,35.97319]]}},{"type":"Feature","properties":{"idx":412,"road":"","cls":"tertiary","shops":0,"st_km":1.2,"mesh":"53397340"},"geometry":{"type":"LineString","coordinates":[[139.38195,35.95331],[139.38146,35.95353]]}},{"type":"Feature","properties":{"idx":136,"road":"","cls":"tertiary","shops":0,"st_km":1.74,"mesh":"53397350"},"geometry":{"type":"LineString","coordinates":[[139.3764,35.9634],[139.37649,35.96333]]}},{"type":"Feature","properties":{"idx":31,"road":"","cls":"tertiary","shops":0,"st_km":1.94,"mesh":"53397360"},"geometry":{"type":"LineString","coordinates":[[139.37503,35.96897],[139.37548,35.97107],[139.37544,35.97277]]}},{"type":"Feature","properties":{"idx":381,"road":"","cls":"tertiary","shops":0,"st_km":1.31,"mesh":"53397340"},"geometry":{"type":"LineString","coordinates":[[139.38067,35.9539],[139.37958,35.95442]]}},{"type":"Feature","properties":{"idx":845,"road":"","cls":"tertiary","shops":2,"st_km":1.17,"mesh":"53397340"},"geometry":{"type":"LineString","coordinates":[[139.38254,35.95304],[139.38195,35.95331]]}},{"type":"Feature","properties":{"idx":32,"road":"","cls":"tertiary","shops":0,"st_km":1.84,"mesh":"53397360"},"geometry":{"type":"LineString","coordinates":[[139.37519,35.96976],[139.37805,35.96928],[139.37826,35.96933]]}},{"type":"Feature","properties":{"idx":127,"road":"","cls":"tertiary","shops":0,"st_km":1.89,"mesh":"53397350"},"geometry":{"type":"LineString","coordinates":[[139.37496,35.96437],[139.37526,35.96416]]}},{"type":"Feature","properties":{"idx":133,"road":"","cls":"tertiary","shops":0,"st_km":1.79,"mesh":"53397350"},"geometry":{"type":"LineString","coordinates":[[139.37562,35.96393],[139.3764,35.9634]]}},{"type":"Feature","properties":{"idx":36,"road":"","cls":"tertiary","shops":0,"st_km":1.63,"mesh":"53397360"},"geometry":{"type":"LineString","coordinates":[[139.37909,35.96966],[139.37904,35.96953]]}},{"type":"Feature","properties":{"idx":442,"road":"","cls":"tertiary","shops":0,"st_km":1.11,"mesh":"53397340"},"geometry":{"type":"LineString","coordinates":[[139.38254,35.95304],[139.38395,35.9524]]}},{"type":"Feature","properties":{"idx":399,"road":"","cls":"tertiary","shops":0,"st_km":1.24,"mesh":"53397340"},"geometry":{"type":"LineString","coordinates":[[139.38146,35.95353],[139.38067,35.9539]]}},{"type":"Feature","properties":{"idx":183,"road":"","cls":"tertiary","shops":0,"st_km":1.25,"mesh":"53397350"},"geometry":{"type":"LineString","coordinates":[[139.38098,35.96233],[139.38179,35.96237],[139.38246,35.96224],[139.38258,35.96218]]}},{"type":"Feature","properties":{"idx":165,"road":"","cls":"tertiary","shops":0,"st_km":1.41,"mesh":"53397350"},"geometry":{"type":"LineString","coordinates":[[139.37929,35.96254],[139.37965,35.9625],[139.38017,35.96233],[139.38049,35.9623]]}},{"type":"Feature","properties":{"idx":37,"road":"","cls":"tertiary","shops":0,"st_km":1.59,"mesh":"53397360"},"geometry":{"type":"LineString","coordinates":[[139.37909,35.96966],[139.37938,35.97051],[139.37957,35.97065],[139.37994,35.97071]]}},{"type":"Feature","properties":{"idx":143,"road":"","cls":"tertiary","shops":0,"st_km":1.65,"mesh":"53397350"},"geometry":{"type":"LineString","coordinates":[[139.37649,35.96333],[139.37724,35.96286],[139.37786,35.96266],[139.3782,35.96261]]}},{"type":"Feature","properties":{"idx":69,"road":"","cls":"tertiary","shops":0,"st_km":1.31,"mesh":"53397381"},"geometry":{"type":"LineString","coordinates":[[139.40093,35.98376],[139.39893,35.98339],[139.39854,35.98324]]}},{"type":"Feature","properties":{"idx":94,"road":"","cls":"tertiary","shops":0,"st_km":1.38,"mesh":"53397372"},"geometry":{"type":"LineString","coordinates":[[139.40677,35.98268],[139.40361,35.98211]]}},{"type":"Feature","properties":{"idx":18,"road":"","cls":"tertiary","shops":0,"st_km":1.55,"mesh":"53397370"},"geometry":{"type":"LineString","coordinates":[[139.38152,35.97994],[139.38309,35.98055],[139.38355,35.98065],[139.38446,35.98071],[139.38508,35.98095]]}},{"type":"Feature","properties":{"idx":3,"road":"","cls":"tertiary","shops":0,"st_km":2.97,"mesh":"53397374"},"geometry":{"type":"LineString","coordinates":[[139.42784,35.97904],[139.43019,35.97611]]}},{"type":"Feature","properties":{"idx":527,"road":"","cls":"tertiary","shops":0,"st_km":1.26,"mesh":"53397352"},"geometry":{"type":"LineString","coordinates":[[139.40416,35.96182],[139.40437,35.96177],[139.40521,35.96177],[139.40664,35.96197],[139.40968,35.96218]]}},{"type":"Feature","properties":{"idx":63,"road":"","cls":"tertiary","shops":0,"st_km":1.37,"mesh":"53397371"},"geometry":{"type":"LineString","coordinates":[[139.38758,35.98204],[139.38764,35.98155]]}},{"type":"Feature","properties":{"idx":104,"road":"","cls":"tertiary","shops":0,"st_km":1.23,"mesh":"53397372"},"geometry":{"type":"LineString","coordinates":[[139.40037,35.98144],[139.40083,35.983],[139.40093,35.98376]]}},{"type":"Feature","properties":{"idx":737,"road":"","cls":"tertiary","shops":0,"st_km":0.82,"mesh":"53397352"},"geometry":{"type":"LineString","coordinates":[[139.40127,35.9673],[139.40425,35.96554]]}},{"type":"Feature","properties":{"idx":28,"road":"","cls":"tertiary","shops":0,"st_km":2.23,"mesh":"53397373"},"geometry":{"type":"LineString","coordinates":[[139.41999,35.97925],[139.42002,35.97897]]}},{"type":"Feature","properties":{"idx":81,"road":"","cls":"tertiary","shops":0,"st_km":1.74,"mesh":"53397380"},"geometry":{"type":"LineString","coordinates":[[139.38625,35.98496],[139.38616,35.98513]]}},{"type":"Feature","properties":{"idx":252,"road":"","cls":"tertiary","shops":0,"st_km":0.17,"mesh":"53397361"},"geometry":{"type":"LineString","coordinates":[[139.39637,35.97288],[139.39511,35.97362]]}},{"type":"Feature","properties":{"idx":284,"road":"","cls":"tertiary","shops":0,"st_km":0.48,"mesh":"53397362"},"geometry":{"type":"LineString","coordinates":[[139.40088,35.9747],[139.401,35.97473]]}},{"type":"Feature","properties":{"idx":45,"road":"","cls":"tertiary","shops":0,"st_km":1.26,"mesh":"53397360"},"geometry":{"type":"LineString","coordinates":[[139.38376,35.97203],[139.38209,35.97197]]}},{"type":"Feature","properties":{"idx":26,"road":"","cls":"tertiary","shops":0,"st_km":1.01,"mesh":"53397370"},"geometry":{"type":"LineString","coordinates":[[139.38655,35.97682],[139.38763,35.9761]]}},{"type":"Feature","properties":{"idx":307,"road":"","cls":"tertiary","shops":0,"st_km":0.4,"mesh":"53397362"},"geometry":{"type":"LineString","coordinates":[[139.40194,35.96959],[139.3995,35.97103]]}},{"type":"Feature","properties":{"idx":242,"road":"","cls":"tertiary","shops":0,"st_km":0.65,"mesh":"53397362"},"geometry":{"type":"LineString","coordinates":[[139.40115,35.96737],[139.40127,35.9673]]}},{"type":"Feature","properties":{"idx":158,"road":"","cls":"tertiary","shops":0,"st_km":0.65,"mesh":"53397361"},"geometry":{"type":"LineString","coordinates":[[139.39028,35.96998],[139.39036,35.9689]]}},{"type":"Feature","properties":{"idx":83,"road":"","cls":"tertiary","shops":0,"st_km":1.57,"mesh":"53397372"},"geometry":{"type":"LineString","coordinates":[[139.40954,35.98197],[139.40974,35.9813]]}},{"type":"Feature","properties":{"idx":64,"road":"","cls":"tertiary","shops":0,"st_km":1.35,"mesh":"53397371"},"geometry":{"type":"LineString","coordinates":[[139.38764,35.98155],[139.38764,35.98152]]}},{"type":"Feature","properties":{"idx":397,"road":"","cls":"tertiary","shops":1,"st_km":0.55,"mesh":"53397362"},"geometry":{"type":"LineString","coordinates":[[139.40002,35.96801],[139.40052,35.96774]]}},{"type":"Feature","properties":{"idx":164,"road":"","cls":"tertiary","shops":0,"st_km":0.61,"mesh":"53397361"},"geometry":{"type":"LineString","coordinates":[[139.39014,35.97243],[139.39005,35.97197]]}},{"type":"Feature","properties":{"idx":19,"road":"","cls":"tertiary","shops":0,"st_km":1.41,"mesh":"53397370"},"geometry":{"type":"LineString","coordinates":[[139.38609,35.98134],[139.38664,35.9814]]}},{"type":"Feature","properties":{"idx":29,"road":"","cls":"tertiary","shops":0,"st_km":2.17,"mesh":"53397373"},"geometry":{"type":"LineString","coordinates":[[139.42014,35.97691],[139.42019,35.97651]]}},{"type":"Feature","properties":{"idx":17,"road":"","cls":"tertiary","shops":0,"st_km":1.6,"mesh":"53397370"},"geometry":{"type":"LineString","coordinates":[[139.38013,35.97767],[139.38091,35.97768]]}},{"type":"Feature","properties":{"idx":25,"road":"","cls":"tertiary","shops":0,"st_km":2.63,"mesh":"53397373"},"geometry":{"type":"LineString","coordinates":[[139.42697,35.97954],[139.4216,35.98057]]}},{"type":"Feature","properties":{"idx":104,"road":"","cls":"tertiary","shops":0,"st_km":0.72,"mesh":"53397371"},"geometry":{"type":"LineString","coordinates":[[139.38953,35.97563],[139.39079,35.97545]]}},{"type":"Feature","properties":{"idx":104,"road":"","cls":"tertiary","shops":0,"st_km":2.52,"mesh":"53397383"},"geometry":{"type":"LineString","coordinates":[[139.41885,35.98888],[139.41897,35.98754]]}},{"type":"Feature","properties":{"idx":107,"road":"","cls":"tertiary","shops":0,"st_km":0.69,"mesh":"53397371"},"geometry":{"type":"LineString","coordinates":[[139.39099,35.97639],[139.39079,35.97545]]}},{"type":"Feature","properties":{"idx":134,"road":"","cls":"tertiary","shops":0,"st_km":0.45,"mesh":"53397371"},"geometry":{"type":"LineString","coordinates":[[139.3988,35.97569],[139.39858,35.97573]]}},{"type":"Feature","properties":{"idx":53,"road":"","cls":"tertiary","shops":0,"st_km":1.04,"mesh":"53397360"},"geometry":{"type":"LineString","coordinates":[[139.38529,35.97207],[139.38526,35.97207]]}},{"type":"Feature","properties":{"idx":21,"road":"","cls":"tertiary","shops":0,"st_km":1.27,"mesh":"53397370"},"geometry":{"type":"LineString","coordinates":[[139.38745,35.98049],[139.38747,35.98054]]}},{"type":"Feature","properties":{"idx":56,"road":"","cls":"tertiary","shops":0,"st_km":0.97,"mesh":"53397360"},"geometry":{"type":"LineString","coordinates":[[139.38529,35.97207],[139.38694,35.97213]]}},{"type":"Feature","properties":{"idx":229,"road":"","cls":"tertiary","shops":0,"st_km":0.27,"mesh":"53397361"},"geometry":{"type":"LineString","coordinates":[[139.3995,35.97103],[139.39982,35.97143]]}},{"type":"Feature","properties":{"idx":134,"road":"","cls":"tertiary","shops":0,"st_km":0.45,"mesh":"53397371"},"geometry":{"type":"LineString","coordinates":[[139.39652,35.97618],[139.39858,35.97573]]}},{"type":"Feature","properties":{"idx":146,"road":"","cls":"tertiary","shops":0,"st_km":0.74,"mesh":"53397361"},"geometry":{"type":"LineString","coordinates":[[139.39028,35.96834],[139.39007,35.96796]]}},{"type":"Feature","properties":{"idx":38,"road":"","cls":"tertiary","shops":0,"st_km":1.51,"mesh":"53397360"},"geometry":{"type":"LineString","coordinates":[[139.38045,35.97073],[139.37994,35.97071]]}},{"type":"Feature","properties":{"idx":28,"road":"","cls":"tertiary","shops":0,"st_km":2.24,"mesh":"53397373"},"geometry":{"type":"LineString","coordinates":[[139.41999,35.97925],[139.41999,35.97928]]}},{"type":"Feature","properties":{"idx":18,"road":"","cls":"tertiary","shops":0,"st_km":1.55,"mesh":"53397370"},"geometry":{"type":"LineString","coordinates":[[139.38091,35.97768],[139.38137,35.97769]]}},{"type":"Feature","properties":{"idx":289,"road":"","cls":"tertiary","shops":0,"st_km":0.46,"mesh":"53397362"},"geometry":{"type":"LineString","coordinates":[[139.40052,35.97462],[139.40088,35.9747]]}},{"type":"Feature","properties":{"idx":61,"road":"","cls":"tertiary","shops":0,"st_km":1.41,"mesh":"53397371"},"geometry":{"type":"LineString","coordinates":[[139.38753,35.98227],[139.38758,35.98204]]}},{"type":"Feature","properties":{"idx":221,"road":"日光脇往還","cls":"tertiary","shops":0,"st_km":0.3,"mesh":"53397361"},"geometry":{"type":"LineString","coordinates":[[139.39692,35.9691],[139.39683,35.96943]]}},{"type":"Feature","properties":{"idx":163,"road":"","cls":"tertiary","shops":0,"st_km":0.62,"mesh":"53397361"},"geometry":{"type":"LineString","coordinates":[[139.39005,35.97197],[139.38997,35.97156]]}},{"type":"Feature","properties":{"idx":50,"road":"","cls":"tertiary","shops":0,"st_km":1.11,"mesh":"53397360"},"geometry":{"type":"LineString","coordinates":[[139.38526,35.97207],[139.38376,35.97203]]}},{"type":"Feature","properties":{"idx":21,"road":"","cls":"tertiary","shops":0,"st_km":1.31,"mesh":"53397370"},"geometry":{"type":"LineString","coordinates":[[139.38137,35.97769],[139.38408,35.97776],[139.38468,35.9777],[139.3852,35.97756],[139.38569,35.97735],[139.38655,35.97682]]}},{"type":"Feature","properties":{"idx":161,"road":"","cls":"tertiary","shops":0,"st_km":0.63,"mesh":"53397361"},"geometry":{"type":"LineString","coordinates":[[139.39079,35.97545],[139.39032,35.97333]]}},{"type":"Feature","properties":{"idx":17,"road":"","cls":"tertiary","shops":0,"st_km":1.66,"mesh":"53397370"},"geometry":{"type":"LineString","coordinates":[[139.38021,35.97767],[139.38037,35.97948]]}},{"type":"Feature","properties":{"idx":251,"road":"","cls":"tertiary","shops":0,"st_km":0.61,"mesh":"53397362"},"geometry":{"type":"LineString","coordinates":[[139.40052,35.96774],[139.40112,35.96739]]}},{"type":"Feature","properties":{"idx":48,"road":"","cls":"tertiary","shops":0,"st_km":1.38,"mesh":"53397382"},"geometry":{"type":"LineString","coordinates":[[139.40093,35.98376],[139.40186,35.98393]]}},{"type":"Feature","properties":{"idx":78,"road":"","cls":"tertiary","shops":0,"st_km":1.07,"mesh":"53397371"},"geometry":{"type":"LineString","coordinates":[[139.39761,35.98218],[139.39671,35.98107]]}},{"type":"Feature","properties":{"idx":22,"road":"","cls":"tertiary","shops":0,"st_km":1.23,"mesh":"53397370"},"geometry":{"type":"LineString","coordinates":[[139.38745,35.98049],[139.38702,35.97925]]}},{"type":"Feature","properties":{"idx":41,"road":"","cls":"tertiary","shops":0,"st_km":1.41,"mesh":"53397360"},"geometry":{"type":"LineString","coordinates":[[139.38045,35.97073],[139.38119,35.97073],[139.3818,35.97055],[139.38217,35.97052]]}},{"type":"Feature","properties":{"idx":141,"road":"","cls":"tertiary","shops":0,"st_km":0.78,"mesh":"53397361"},"geometry":{"type":"LineString","coordinates":[[139.39007,35.96796],[139.38984,35.96758]]}},{"type":"Feature","properties":{"idx":34,"road":"","cls":"tertiary","shops":1,"st_km":1.2,"mesh":"53397370"},"geometry":{"type":"LineString","coordinates":[[139.38587,35.97775],[139.38537,35.97766],[139.3852,35.97756]]}},{"type":"Feature","properties":{"idx":302,"road":"","cls":"tertiary","shops":0,"st_km":0.41,"mesh":"53397362"},"geometry":{"type":"LineString","coordinates":[[139.40077,35.97346],[139.40052,35.97462]]}},{"type":"Feature","properties":{"idx":108,"road":"","cls":"tertiary","shops":0,"st_km":2.38,"mesh":"53397383"},"geometry":{"type":"LineString","coordinates":[[139.41659,35.9893],[139.41682,35.98902],[139.41704,35.98892],[139.418,35.98886],[139.41885,35.98888]]}},{"type":"Feature","properties":{"idx":18,"road":"","cls":"tertiary","shops":0,"st_km":1.51,"mesh":"53397370"},"geometry":{"type":"LineString","coordinates":[[139.38719,35.9831],[139.38721,35.98306]]}},{"type":"Feature","properties":{"idx":152,"road":"","cls":"tertiary","shops":0,"st_km":0.69,"mesh":"53397361"},"geometry":{"type":"LineString","coordinates":[[139.39036,35.9689],[139.39037,35.96864],[139.39028,35.96834]]}},{"type":"Feature","properties":{"idx":130,"road":"","cls":"tertiary","shops":0,"st_km":0.48,"mesh":"53397371"},"geometry":{"type":"LineString","coordinates":[[139.39356,35.97452],[139.39441,35.97664]]}},{"type":"Feature","properties":{"idx":228,"road":"","cls":"tertiary","shops":0,"st_km":0.27,"mesh":"53397361"},"geometry":{"type":"LineString","coordinates":[[139.39918,35.97064],[139.39834,35.9696]]}},{"type":"Feature","properties":{"idx":290,"road":"","cls":"tertiary","shops":0,"st_km":0.46,"mesh":"53397362"},"geometry":{"type":"LineString","coordinates":[[139.40052,35.97462],[139.40041,35.97487],[139.40015,35.97517]]}},{"type":"Feature","properties":{"idx":17,"road":"","cls":"tertiary","shops":0,"st_km":1.67,"mesh":"53397370"},"geometry":{"type":"LineString","coordinates":[[139.38037,35.97948],[139.38152,35.97994]]}},{"type":"Feature","properties":{"idx":81,"road":"","cls":"tertiary","shops":0,"st_km":1.63,"mesh":"53397372"},"geometry":{"type":"LineString","coordinates":[[139.40954,35.98197],[139.40925,35.98314]]}},{"type":"Feature","properties":{"idx":29,"road":"","cls":"tertiary","shops":0,"st_km":2.21,"mesh":"53397373"},"geometry":{"type":"LineString","coordinates":[[139.42002,35.97894],[139.42012,35.97785]]}},{"type":"Feature","properties":{"idx":87,"road":"","cls":"tertiary","shops":0,"st_km":1.5,"mesh":"53397372"},"geometry":{"type":"LineString","coordinates":[[139.41247,35.97593],[139.41231,35.9776],[139.41237,35.97767]]}},{"type":"Feature","properties":{"idx":20,"road":"","cls":"tertiary","shops":0,"st_km":1.37,"mesh":"53397370"},"geometry":{"type":"LineString","coordinates":[[139.38664,35.9814],[139.38764,35.98152]]}},{"type":"Feature","properties":{"idx":216,"road":"","cls":"tertiary","shops":0,"st_km":0.32,"mesh":"53397361"},"geometry":{"type":"LineString","coordinates":[[139.39511,35.97362],[139.39356,35.97452]]}},{"type":"Feature","properties":{"idx":251,"road":"","cls":"tertiary","shops":0,"st_km":0.18,"mesh":"53397361"},"geometry":{"type":"LineString","coordinates":[[139.3995,35.97103],[139.3979,35.97197]]}},{"type":"Feature","properties":{"idx":65,"road":"","cls":"tertiary","shops":0,"st_km":1.31,"mesh":"53397371"},"geometry":{"type":"LineString","coordinates":[[139.38764,35.98152],[139.38765,35.98116],[139.38757,35.98084]]}},{"type":"Feature","properties":{"idx":209,"road":"日光脇往還","cls":"tertiary","shops":0,"st_km":0.36,"mesh":"53397361"},"geometry":{"type":"LineString","coordinates":[[139.3971,35.96841],[139.39692,35.9691]]}},{"type":"Feature","properties":{"idx":3,"road":"","cls":"tertiary","shops":0,"st_km":3.78,"mesh":"53397374"},"geometry":{"type":"LineString","coordinates":[[139.43574,35.98091],[139.43826,35.9823]]}},{"type":"Feature","properties":{"idx":231,"road":"","cls":"tertiary","shops":0,"st_km":0.26,"mesh":"53397361"},"geometry":{"type":"LineString","coordinates":[[139.3995,35.97103],[139.39918,35.97064]]}},{"type":"Feature","properties":{"idx":165,"road":"","cls":"tertiary","shops":0,"st_km":0.61,"mesh":"53397361"},"geometry":{"type":"LineString","coordinates":[[139.39032,35.97333],[139.39014,35.97243]]}},{"type":"Feature","properties":{"idx":23,"road":"","cls":"tertiary","shops":0,"st_km":1.15,"mesh":"53397370"},"geometry":{"type":"LineString","coordinates":[[139.38699,35.97869],[139.38692,35.97851]]}},{"type":"Feature","properties":{"idx":29,"road":"","cls":"tertiary","shops":0,"st_km":2.18,"mesh":"53397373"},"geometry":{"type":"LineString","coordinates":[[139.42012,35.97785],[139.42014,35.97691]]}},{"type":"Feature","properties":{"idx":3,"road":"","cls":"tertiary","shops":0,"st_km":3.29,"mesh":"53397374"},"geometry":{"type":"LineString","coordinates":[[139.43036,35.98295],[139.43096,35.98252],[139.43129,35.98214]]}},{"type":"Feature","properties":{"idx":123,"road":"","cls":"tertiary","shops":0,"st_km":1.0,"mesh":"53397372"},"geometry":{"type":"LineString","coordinates":[[139.39989,35.97973],[139.40037,35.98144]]}},{"type":"Feature","properties":{"idx":71,"road":"","cls":"tertiary","shops":0,"st_km":1.2,"mesh":"53397371"},"geometry":{"type":"LineString","coordinates":[[139.39854,35.98324],[139.39819,35.98292],[139.39761,35.98218]]}},{"type":"Feature","properties":{"idx":23,"road":"","cls":"tertiary","shops":0,"st_km":1.18,"mesh":"53397370"},"geometry":{"type":"LineString","coordinates":[[139.38702,35.97925],[139.38699,35.97869]]}},{"type":"Feature","properties":{"idx":89,"road":"","cls":"tertiary","shops":1,"st_km":0.89,"mesh":"53397360"},"geometry":{"type":"LineString","coordinates":[[139.38694,35.97213],[139.38696,35.97213]]}},{"type":"Feature","properties":{"idx":19,"road":"","cls":"tertiary","shops":0,"st_km":1.44,"mesh":"53397370"},"geometry":{"type":"LineString","coordinates":[[139.38508,35.98095],[139.38568,35.98122],[139.38609,35.98134]]}},{"type":"Feature","properties":{"idx":174,"road":"","cls":"tertiary","shops":2,"st_km":0.93,"mesh":"53397371"},"geometry":{"type":"LineString","coordinates":[[139.39671,35.98107],[139.39601,35.98019],[139.39559,35.9795]]}},{"type":"Feature","properties":{"idx":3,"road":"","cls":"tertiary","shops":0,"st_km":2.88,"mesh":"53397374"},"geometry":{"type":"LineString","coordinates":[[139.42697,35.97954],[139.42746,35.97942],[139.42784,35.97904]]}},{"type":"Feature","properties":{"idx":27,"road":"","cls":"tertiary","shops":0,"st_km":2.36,"mesh":"53397373"},"geometry":{"type":"LineString","coordinates":[[139.4216,35.98057],[139.42027,35.98082],[139.41983,35.98086]]}},{"type":"Feature","properties":{"idx":133,"road":"","cls":"tertiary","shops":0,"st_km":0.85,"mesh":"53397361"},"geometry":{"type":"LineString","coordinates":[[139.38984,35.96758],[139.38952,35.96705],[139.38914,35.96686]]}},{"type":"Feature","properties":{"idx":3,"road":"","cls":"tertiary","shops":0,"st_km":3.52,"mesh":"53397374"},"geometry":{"type":"LineString","coordinates":[[139.43341,35.97959],[139.43574,35.98091]]}},{"type":"Feature","properties":{"idx":337,"road":"","cls":"tertiary","shops":0,"st_km":0.3,"mesh":"53397362"},"geometry":{"type":"LineString","coordinates":[[139.39982,35.97143],[139.40059,35.97241]]}},{"type":"Feature","properties":{"idx":122,"road":"","cls":"tertiary","shops":0,"st_km":0.54,"mesh":"53397371"},"geometry":{"type":"LineString","coordinates":[[139.39079,35.97545],[139.39186,35.9753],[139.39235,35.97518],[139.39286,35.97496],[139.39356,35.97452]]}},{"type":"Feature","properties":{"idx":106,"road":"","cls":"tertiary","shops":0,"st_km":2.41,"mesh":"53397383"},"geometry":{"type":"LineString","coordinates":[[139.41897,35.98754],[139.41917,35.98569],[139.41948,35.98441],[139.41999,35.97928]]}},{"type":"Feature","properties":{"idx":143,"road":"","cls":"tertiary","shops":0,"st_km":0.76,"mesh":"53397361"},"geometry":{"type":"LineString","coordinates":[[139.3882,35.97216],[139.38864,35.97217]]}},{"type":"Feature","properties":{"idx":3,"road":"","cls":"tertiary","shops":0,"st_km":3.38,"mesh":"53397374"},"geometry":{"type":"LineString","coordinates":[[139.43129,35.98214],[139.4348,35.97787]]}},{"type":"Feature","properties":{"idx":39,"road":"","cls":"tertiary","shops":0,"st_km":1.74,"mesh":"53397382"},"geometry":{"type":"LineString","coordinates":[[139.40925,35.98314],[139.40973,35.98371],[139.41027,35.98417]]}},{"type":"Feature","properties":{"idx":183,"road":"","cls":"tertiary","shops":0,"st_km":0.49,"mesh":"53397361"},"geometry":{"type":"LineString","coordinates":[[139.39032,35.97333],[139.3927,35.97236]]}},{"type":"Feature","properties":{"idx":3,"road":"","cls":"tertiary","shops":0,"st_km":3.23,"mesh":"53397374"},"geometry":{"type":"LineString","coordinates":[[139.42936,35.98362],[139.43036,35.98295]]}},{"type":"Feature","properties":{"idx":23,"road":"","cls":"tertiary","shops":0,"st_km":1.15,"mesh":"53397370"},"geometry":{"type":"LineString","coordinates":[[139.38692,35.97851],[139.3868,35.97833],[139.3864,35.97799],[139.38587,35.97775]]}},{"type":"Feature","properties":{"idx":87,"road":"樋の口橋","cls":"tertiary","shops":0,"st_km":1.62,"mesh":"53397380"},"geometry":{"type":"LineString","coordinates":[[139.38719,35.9831],[139.38625,35.98496]]}},{"type":"Feature","properties":{"idx":126,"road":"","cls":"tertiary","shops":0,"st_km":0.51,"mesh":"53397371"},"geometry":{"type":"LineString","coordinates":[[139.39441,35.97664],[139.39652,35.97618]]}},{"type":"Feature","properties":{"idx":95,"road":"","cls":"tertiary","shops":0,"st_km":0.82,"mesh":"53397371"},"geometry":{"type":"LineString","coordinates":[[139.39948,35.97825],[139.39989,35.97973]]}},{"type":"Feature","properties":{"idx":87,"road":"","cls":"tertiary","shops":0,"st_km":1.51,"mesh":"53397372"},"geometry":{"type":"LineString","coordinates":[[139.40974,35.9813],[139.4103,35.97932]]}},{"type":"Feature","properties":{"idx":315,"road":"","cls":"tertiary","shops":0,"st_km":0.37,"mesh":"53397362"},"geometry":{"type":"LineString","coordinates":[[139.40059,35.97241],[139.40078,35.97293],[139.40077,35.97346]]}},{"type":"Feature","properties":{"idx":29,"road":"","cls":"tertiary","shops":0,"st_km":2.16,"mesh":"53397373"},"geometry":{"type":"LineString","coordinates":[[139.42019,35.97651],[139.4203,35.97562]]}},{"type":"Feature","properties":{"idx":83,"road":"","cls":"tertiary","shops":0,"st_km":1.58,"mesh":"53397372"},"geometry":{"type":"LineString","coordinates":[[139.40677,35.98268],[139.40925,35.98314]]}},{"type":"Feature","properties":{"idx":161,"road":"","cls":"tertiary","shops":0,"st_km":0.69,"mesh":"53397372"},"geometry":{"type":"LineString","coordinates":[[139.40545,35.97531],[139.40215,35.97498],[139.40137,35.97481]]}},{"type":"Feature","properties":{"idx":132,"road":"","cls":"tertiary","shops":0,"st_km":0.46,"mesh":"53397371"},"geometry":{"type":"LineString","coordinates":[[139.40015,35.97517],[139.39968,35.97547],[139.3988,35.97569]]}},{"type":"Feature","properties":{"idx":92,"road":"","cls":"tertiary","shops":0,"st_km":0.86,"mesh":"53397371"},"geometry":{"type":"LineString","coordinates":[[139.38763,35.9761],[139.38795,35.97591],[139.38819,35.97583],[139.38953,35.97563]]}},{"type":"Feature","properties":{"idx":36,"road":"","cls":"tertiary","shops":0,"st_km":1.69,"mesh":"53397373"},"geometry":{"type":"LineString","coordinates":[[139.41237,35.97767],[139.41257,35.97773],[139.41586,35.97794]]}},{"type":"Feature","properties":{"idx":122,"road":"","cls":"tertiary","shops":0,"st_km":1.01,"mesh":"53397372"},"geometry":{"type":"LineString","coordinates":[[139.40891,35.97581],[139.40696,35.97559],[139.40545,35.97531]]}},{"type":"Feature","properties":{"idx":92,"road":"","cls":"tertiary","shops":0,"st_km":1.41,"mesh":"53397372"},"geometry":{"type":"LineString","coordinates":[[139.41093,35.975],[139.41248,35.97547],[139.41247,35.97593]]}},{"type":"Feature","properties":{"idx":537,"road":"","cls":"tertiary","shops":0,"st_km":1.25,"mesh":"53397352"},"geometry":{"type":"LineString","coordinates":[[139.40783,35.96158],[139.41126,35.95872]]}},{"type":"Feature","properties":{"idx":162,"road":"","cls":"tertiary","shops":0,"st_km":0.62,"mesh":"53397361"},"geometry":{"type":"LineString","coordinates":[[139.38997,35.97156],[139.38994,35.97111],[139.3902,35.97063],[139.39028,35.96998]]}},{"type":"Feature","properties":{"idx":108,"road":"","cls":"tertiary","shops":0,"st_km":0.68,"mesh":"53397371"},"geometry":{"type":"LineString","coordinates":[[139.40034,35.97687],[139.39948,35.97825]]}},{"type":"Feature","properties":{"idx":30,"road":"","cls":"tertiary","shops":0,"st_km":2.11,"mesh":"53397373"},"geometry":{"type":"LineString","coordinates":[[139.41983,35.98086],[139.41544,35.98056]]}},{"type":"Feature","properties":{"idx":49,"road":"","cls":"tertiary","shops":0,"st_km":1.13,"mesh":"53397360"},"geometry":{"type":"LineString","coordinates":[[139.38512,35.97055],[139.38517,35.97038],[139.38489,35.9694],[139.38474,35.96914],[139.38425,35.96854],[139.38405,35.96799]]}},{"type":"Feature","properties":{"idx":219,"road":"","cls":"tertiary","shops":0,"st_km":0.46,"mesh":"53397332"},"geometry":{"type":"LineString","coordinates":[[139.40871,35.94385],[139.40949,35.94486],[139.40975,35.945],[139.41059,35.94531]]}},{"type":"Feature","properties":{"idx":273,"road":"","cls":"tertiary","shops":0,"st_km":0.24,"mesh":"53397332"},"geometry":{"type":"LineString","coordinates":[[139.40996,35.94616],[139.40962,35.94667],[139.40888,35.94744]]}},{"type":"Feature","properties":{"idx":464,"road":"","cls":"tertiary","shops":1,"st_km":0.12,"mesh":"53397332"},"geometry":{"type":"LineString","coordinates":[[139.40577,35.95068],[139.40615,35.95033],[139.40689,35.94945],[139.40888,35.94744]]}},{"type":"Feature","properties":{"idx":272,"road":"","cls":"tertiary","shops":0,"st_km":0.25,"mesh":"53397332"},"geometry":{"type":"LineString","coordinates":[[139.40688,35.94612],[139.40888,35.94744]]}},{"type":"Feature","properties":{"idx":376,"road":"","cls":"tertiary","shops":2,"st_km":0.63,"mesh":"53397332"},"geometry":{"type":"LineString","coordinates":[[139.40688,35.94612],[139.40187,35.94282]]}},{"type":"Feature","properties":{"idx":157,"road":"","cls":"tertiary","shops":0,"st_km":0.83,"mesh":"53397332"},"geometry":{"type":"LineString","coordinates":[[139.40336,35.94381],[139.40367,35.94261],[139.40372,35.94224],[139.40392,35.94159]]}},{"type":"Feature","properties":{"idx":251,"road":"","cls":"tertiary","shops":0,"st_km":0.33,"mesh":"53397332"},"geometry":{"type":"LineString","coordinates":[[139.40688,35.94612],[139.40632,35.94668],[139.40592,35.94722]]}},{"type":"Feature","properties":{"idx":74,"road":"","cls":"tertiary","shops":0,"st_km":1.96,"mesh":"53397380"},"geometry":{"type":"LineString","coordinates":[[139.38809,35.98652],[139.38765,35.98736],[139.38734,35.98781],[139.38706,35.98785],[139.38679,35.98772],[139.38661,35.98771],[139.38639,35.98789],[139.38623,35.98807],[139.38609,35.98838],[139.38577,35.98927],[139.38549,35.98939]]}},{"type":"Feature","properties":{"idx":57,"road":"","cls":"tertiary","shops":0,"st_km":1.64,"mesh":"53397390"},"geometry":{"type":"LineString","coordinates":[[139.3787,35.99928],[139.37913,35.99933],[139.37993,35.99927],[139.38048,35.99933],[139.38152,35.99935]]}},{"type":"Feature","properties":{"idx":54,"road":"","cls":"tertiary","shops":0,"st_km":1.74,"mesh":"53397381"},"geometry":{"type":"LineString","coordinates":[[139.38819,35.98592],[139.38809,35.98652],[139.38948,35.9868],[139.39028,35.98737],[139.39044,35.98762],[139.39094,35.98808],[139.39113,35.98859],[139.39139,35.98908],[139.39273,35.99058],[139.39359,35.99122]]}},{"type":"Feature","properties":{"idx":51,"road":"旗立通り","cls":"tertiary","shops":0,"st_km":1.85,"mesh":"53397390"},"geometry":{"type":"LineString","coordinates":[[139.38335,35.99473],[139.3826,35.99479],[139.38234,35.99477],[139.38002,35.99403],[139.37978,35.99388],[139.37961,35.99363],[139.37956,35.99341],[139.37987,35.99234],[139.3799,35.99219],[139.37985,35.99189]]}},{"type":"Feature","properties":{"idx":139,"road":"","cls":"pedestrian","shops":1,"st_km":2.19,"mesh":"53397380"},"geometry":{"type":"LineString","coordinates":[[139.38141,35.98815],[139.38144,35.98816],[139.38133,35.98851]]}},{"type":"Feature","properties":{"idx":283,"road":"","cls":"tertiary","shops":0,"st_km":1.02,"mesh":"53397322"},"geometry":{"type":"LineString","coordinates":[[139.40473,35.93923],[139.40392,35.94159]]}},{"type":"Feature","properties":{"idx":859,"road":"","cls":"tertiary","shops":0,"st_km":1.32,"mesh":"53397331"},"geometry":{"type":"LineString","coordinates":[[139.40122,35.94285],[139.39803,35.94257],[139.3977,35.94248],[139.39727,35.94224],[139.39673,35.94204],[139.39458,35.94148],[139.39284,35.94147],[139.39246,35.94137],[139.39224,35.94124]]}},{"type":"Feature","properties":{"idx":881,"road":"","cls":"tertiary","shops":0,"st_km":1.62,"mesh":"53397353"},"geometry":{"type":"LineString","coordinates":[[139.41641,35.96267],[139.41742,35.96189],[139.42058,35.95963]]}},{"type":"Feature","properties":{"idx":809,"road":"","cls":"tertiary","shops":0,"st_km":1.78,"mesh":"53397353"},"geometry":{"type":"LineString","coordinates":[[139.41246,35.96172],[139.41645,35.96414],[139.41792,35.9653],[139.41904,35.96627]]}},{"type":"Feature","properties":{"idx":759,"road":"","cls":"tertiary","shops":1,"st_km":1.07,"mesh":"53397313"},"geometry":{"type":"LineString","coordinates":[[139.4156,35.92989],[139.41566,35.92996]]}},{"type":"Feature","properties":{"idx":78,"road":"","cls":"tertiary","shops":0,"st_km":0.78,"mesh":"53397323"},"geometry":{"type":"LineString","coordinates":[[139.41636,35.93794],[139.41596,35.93869],[139.41597,35.93946],[139.41557,35.94054]]}},{"type":"Feature","properties":{"idx":117,"road":"","cls":"tertiary","shops":0,"st_km":0.35,"mesh":"53397323"},"geometry":{"type":"LineString","coordinates":[[139.42212,35.93732],[139.42176,35.93752],[139.42106,35.93781],[139.42054,35.93814],[139.41967,35.93889],[139.41951,35.9391],[139.41946,35.93932]]}},{"type":"Feature","properties":{"idx":79,"road":"","cls":"tertiary","shops":0,"st_km":0.77,"mesh":"53397323"},"geometry":{"type":"LineString","coordinates":[[139.4147,35.93622],[139.41636,35.93794]]}},{"type":"Feature","properties":{"idx":153,"road":"","cls":"tertiary","shops":0,"st_km":0.94,"mesh":"53397333"},"geometry":{"type":"LineString","coordinates":[[139.41491,35.94133],[139.41778,35.94369]]}},{"type":"Feature","properties":{"idx":77,"road":"","cls":"tertiary","shops":0,"st_km":0.8,"mesh":"53397323"},"geometry":{"type":"LineString","coordinates":[[139.41557,35.94054],[139.41619,35.94051],[139.41745,35.94076]]}},{"type":"Feature","properties":{"idx":241,"road":"","cls":"tertiary","shops":0,"st_km":1.53,"mesh":"53397312"},"geometry":{"type":"LineString","coordinates":[[139.41379,35.92588],[139.41161,35.92728],[139.41093,35.9286]]}},{"type":"Feature","properties":{"idx":91,"road":"","cls":"tertiary","shops":0,"st_km":1.81,"mesh":"53397302"},"geometry":{"type":"LineString","coordinates":[[139.41002,35.9242],[139.41098,35.92508]]}},{"type":"Feature","properties":{"idx":486,"road":"","cls":"tertiary","shops":0,"st_km":1.12,"mesh":"53397313"},"geometry":{"type":"LineString","coordinates":[[139.41521,35.92954],[139.41592,35.92908]]}},{"type":"Feature","properties":{"idx":88,"road":"","cls":"tertiary","shops":0,"st_km":1.89,"mesh":"53397302"},"geometry":{"type":"LineString","coordinates":[[139.41144,35.92148],[139.41002,35.9242],[139.40929,35.92469],[139.40913,35.92474],[139.40886,35.92475],[139.40496,35.92347]]}},{"type":"Feature","properties":{"idx":99,"road":"","cls":"tertiary","shops":0,"st_km":1.57,"mesh":"53397302"},"geometry":{"type":"LineString","coordinates":[[139.40802,35.9203],[139.41345,35.92217]]}},{"type":"Feature","properties":{"idx":347,"road":"","cls":"tertiary","shops":0,"st_km":0.95,"mesh":"53397310"},"geometry":{"type":"LineString","coordinates":[[139.37203,35.93847],[139.37405,35.93598],[139.37493,35.93511],[139.37572,35.93417],[139.37582,35.9339],[139.37586,35.93292],[139.37601,35.93206],[139.37612,35.93169],[139.3763,35.93136],[139.37658,35.9311],[139.37926,35.92943],[139.37998,35.92884],[139.38052,35.92825]]}},{"type":"Feature","properties":{"idx":243,"road":"","cls":"tertiary","shops":1,"st_km":0.96,"mesh":"53397320"},"geometry":{"type":"LineString","coordinates":[[139.37537,35.9346],[139.38431,35.9391]]}},{"type":"Feature","properties":{"idx":183,"road":"","cls":"tertiary","shops":0,"st_km":2.07,"mesh":"53397310"},"geometry":{"type":"LineString","coordinates":[[139.38335,35.92633],[139.38429,35.92671],[139.38665,35.92722],[139.38717,35.92729],[139.38986,35.92668]]}},{"type":"Feature","properties":{"idx":69,"road":"","cls":"tertiary","shops":0,"st_km":1.78,"mesh":"53397301"},"geometry":{"type":"LineString","coordinates":[[139.39801,35.92337],[139.39797,35.9231],[139.39756,35.92242],[139.39733,35.92084],[139.39721,35.92057]]}},{"type":"Feature","properties":{"idx":307,"road":"","cls":"tertiary","shops":1,"st_km":1.81,"mesh":"53397310"},"geometry":{"type":"LineString","coordinates":[[139.38491,35.93056],[139.38586,35.93031],[139.387,35.93012]]}},{"type":"Feature","properties":{"idx":531,"road":"","cls":"tertiary","shops":0,"st_km":1.91,"mesh":"53397321"},"geometry":{"type":"LineString","coordinates":[[139.40099,35.94205],[139.39437,35.93617],[139.38765,35.93237],[139.38729,35.9322],[139.38635,35.9319],[139.38623,35.93197]]}},{"type":"Feature","properties":{"idx":128,"road":"桜山通り","cls":"tertiary","shops":2,"st_km":1.44,"mesh":"53397390"},"geometry":{"type":"LineString","coordinates":[[139.38799,35.99491],[139.38702,35.99257],[139.38708,35.99231],[139.38738,35.99172],[139.38732,35.99132]]}},{"type":"Feature","properties":{"idx":156,"road":"","cls":"tertiary","shops":0,"st_km":4.59,"mesh":"53397385"},"geometry":{"type":"LineString","coordinates":[[139.44554,35.98863],[139.44503,35.98784],[139.44484,35.98729]]}},{"type":"Feature","properties":{"idx":157,"road":"","cls":"tertiary","shops":0,"st_km":4.28,"mesh":"53397385"},"geometry":{"type":"LineString","coordinates":[[139.44045,35.99004],[139.44065,35.98878],[139.44083,35.98846],[139.44118,35.98817],[139.44226,35.98764],[139.44273,35.9873],[139.44308,35.98684],[139.44318,35.98661],[139.44324,35.98631]]}},{"type":"Feature","properties":{"idx":1104,"road":"","cls":"tertiary","shops":0,"st_km":4.79,"mesh":"53397375"},"geometry":{"type":"LineString","coordinates":[[139.45109,35.98303],[139.4455,35.98243]]}},{"type":"Feature","properties":{"idx":229,"road":"","cls":"tertiary","shops":0,"st_km":1.85,"mesh":"53397393"},"geometry":{"type":"LineString","coordinates":[[139.41884,35.99856],[139.4161,35.9985]]}},{"type":"Feature","properties":{"idx":132,"road":"","cls":"tertiary","shops":0,"st_km":0.8,"mesh":"53397392"},"geometry":{"type":"LineString","coordinates":[[139.40555,36.00148],[139.40568,36.00084],[139.40595,35.9984]]}},{"type":"Feature","properties":{"idx":43,"road":"国道407号旧道","cls":"tertiary","shops":0,"st_km":1.55,"mesh":"53397382"},"geometry":{"type":"LineString","coordinates":[[139.40292,35.98892],[139.40281,35.99041]]}},{"type":"Feature","properties":{"idx":1935,"road":"","cls":"tertiary","shops":2,"st_km":1.15,"mesh":"53397331"},"geometry":{"type":"LineString","coordinates":[[139.39746,35.94595],[139.39517,35.94642]]}},{"type":"Feature","properties":{"idx":131,"road":"","cls":"tertiary","shops":0,"st_km":0.8,"mesh":"53397391"},"geometry":{"type":"LineString","coordinates":[[139.39272,35.99742],[139.39269,35.99721],[139.39275,35.99697],[139.39299,35.9965],[139.39309,35.99645]]}},{"type":"Feature","properties":{"idx":1288,"road":"","cls":"tertiary","shops":2,"st_km":0.18,"mesh":"53397351"},"geometry":{"type":"LineString","coordinates":[[139.3937,35.95774],[139.39415,35.95937],[139.39444,35.95999]]}},{"type":"Feature","properties":{"idx":293,"road":"","cls":"tertiary","shops":0,"st_km":2.33,"mesh":"53397300"},"geometry":{"type":"LineString","coordinates":[[139.38573,35.92129],[139.38688,35.9208],[139.38698,35.9207]]}},{"type":"Feature","properties":{"idx":174,"road":"","cls":"tertiary","shops":0,"st_km":1.55,"mesh":"53397303"},"geometry":{"type":"LineString","coordinates":[[139.4182,35.91897],[139.41861,35.91985]]}},{"type":"Feature","properties":{"idx":172,"road":"","cls":"tertiary","shops":0,"st_km":1.57,"mesh":"53397303"},"geometry":{"type":"LineString","coordinates":[[139.41794,35.91871],[139.41818,35.91895]]}},{"type":"Feature","properties":{"idx":258,"road":"","cls":"pedestrian","shops":0,"st_km":1.49,"mesh":"53397303"},"geometry":{"type":"LineString","coordinates":[[139.41774,35.92403],[139.41573,35.92531]]}},{"type":"Feature","properties":{"idx":247,"road":"","cls":"tertiary","shops":0,"st_km":1.48,"mesh":"53397312"},"geometry":{"type":"LineString","coordinates":[[139.40798,35.93183],[139.4088,35.9317],[139.40945,35.93165],[139.4095,35.93152]]}},{"type":"Feature","properties":{"idx":238,"road":"","cls":"tertiary","shops":0,"st_km":0.38,"mesh":"53397332"},"geometry":{"type":"LineString","coordinates":[[139.41051,35.94528],[139.40996,35.94616]]}},{"type":"Feature","properties":{"idx":2146,"road":"一番街","cls":"primary","shops":29,"st_km":1.05,"mesh":"53397308"},"geometry":{"type":"LineString","coordinates":[[139.48311,35.925],[139.48283,35.92273],[139.48273,35.92111]]}},{"type":"Feature","properties":{"idx":421,"road":"川越日高線","cls":"primary","shops":0,"st_km":1.61,"mesh":"53397309"},"geometry":{"type":"LineString","coordinates":[[139.49787,35.91879],[139.49769,35.91875]]}},{"type":"Feature","properties":{"idx":494,"road":"川越日高線","cls":"primary","shops":0,"st_km":0.75,"mesh":"53397307"},"geometry":{"type":"LineString","coordinates":[[139.47032,35.91713],[139.46884,35.91704]]}},{"type":"Feature","properties":{"idx":533,"road":"川越日高線","cls":"primary","shops":0,"st_km":0.67,"mesh":"53397307"},"geometry":{"type":"LineString","coordinates":[[139.47104,35.9173],[139.47032,35.91713]]}},{"type":"Feature","properties":{"idx":442,"road":"","cls":"tertiary","shops":1,"st_km":1.31,"mesh":"53397318"},"geometry":{"type":"LineString","coordinates":[[139.47536,35.91904],[139.47557,35.91951],[139.47563,35.91983],[139.47537,35.92277],[139.47535,35.92334],[139.47546,35.92551],[139.47553,35.92588],[139.47571,35.92638],[139.47604,35.92682],[139.47719,35.92802],[139.47952,35.93072],[139.48001,35.93115],[139.48036,35.93135]]}},{"type":"Feature","properties":{"idx":186,"road":"国道407号旧道","cls":"tertiary","shops":0,"st_km":0.43,"mesh":"53397392"},"geometry":{"type":"LineString","coordinates":[[139.39983,36.00103],[139.40006,35.99971],[139.40063,35.99832]]}},{"type":"Feature","properties":{"idx":94,"road":"ひきのみち","cls":"pedestrian","shops":0,"st_km":2.14,"mesh":"53397380"},"geometry":{"type":"LineString","coordinates":[[139.38127,35.98868],[139.3809,35.98975]]}},{"type":"Feature","properties":{"idx":92,"road":"","cls":"tertiary","shops":0,"st_km":1.26,"mesh":"53397391"},"geometry":{"type":"LineString","coordinates":[[139.39184,35.99329],[139.39219,35.99311],[139.39257,35.9928],[139.39275,35.99233],[139.39303,35.9918],[139.39348,35.99139],[139.39359,35.99122]]}},{"type":"Feature","properties":{"idx":58,"road":"","cls":"tertiary","shops":0,"st_km":1.59,"mesh":"53397390"},"geometry":{"type":"LineString","coordinates":[[139.38026,35.99671],[139.38361,35.99635]]}},{"type":"Feature","properties":{"idx":80,"road":"ひきのみち","cls":"pedestrian","shops":0,"st_km":1.6,"mesh":"53397390"},"geometry":{"type":"LineString","coordinates":[[139.38343,35.99422],[139.38386,35.99417]]}},{"type":"Feature","properties":{"idx":89,"road":"ひきのみち","cls":"pedestrian","shops":0,"st_km":1.42,"mesh":"53397390"},"geometry":{"type":"LineString","coordinates":[[139.38657,35.99364],[139.38732,35.99342]]}},{"type":"Feature","properties":{"idx":70,"road":"白山沼橋","cls":"tertiary","shops":0,"st_km":1.3,"mesh":"53397390"},"geometry":{"type":"LineString","coordinates":[[139.38661,35.99526],[139.38716,35.99512]]}},{"type":"Feature","properties":{"idx":86,"road":"並木通り","cls":"tertiary","shops":0,"st_km":1.64,"mesh":"53397380"},"geometry":{"type":"LineString","coordinates":[[139.3856,35.99161],[139.38719,35.99107]]}},{"type":"Feature","properties":{"idx":92,"road":"桜山通り","cls":"tertiary","shops":0,"st_km":1.27,"mesh":"53397391"},"geometry":{"type":"LineString","coordinates":[[139.38716,35.99512],[139.38799,35.99491]]}},{"type":"Feature","properties":{"idx":140,"road":"風の橋","cls":"pedestrian","shops":1,"st_km":2.17,"mesh":"53397380"},"geometry":{"type":"LineString","coordinates":[[139.38133,35.98851],[139.38127,35.98868]]}},{"type":"Feature","properties":{"idx":56,"road":"大塚原橋","cls":"tertiary","shops":0,"st_km":1.68,"mesh":"53397390"},"geometry":{"type":"LineString","coordinates":[[139.38496,35.99182],[139.3856,35.99161]]}},{"type":"Feature","properties":{"idx":87,"road":"弁天山橋","cls":"pedestrian","shops":0,"st_km":1.45,"mesh":"53397390"},"geometry":{"type":"LineString","coordinates":[[139.38584,35.99386],[139.38657,35.99364]]}},{"type":"Feature","properties":{"idx":341,"road":"岩殿観音南戸守線","cls":"secondary","shops":2,"st_km":0.64,"mesh":"53397391"},"geometry":{"type":"LineString","coordinates":[[139.38836,35.99945],[139.38962,35.99915],[139.3971,35.99832]]}},{"type":"Feature","properties":{"idx":64,"road":"電大通り","cls":"tertiary","shops":0,"st_km":2.34,"mesh":"53397380"},"geometry":{"type":"LineString","coordinates":[[139.37842,35.98809],[139.37877,35.98813],[139.37948,35.9879],[139.37974,35.98787],[139.37997,35.98793],[139.38038,35.98816]]}},{"type":"Feature","properties":{"idx":131,"road":"鈴留川橋","cls":"secondary","shops":0,"st_km":0.95,"mesh":"53397391"},"geometry":{"type":"LineString","coordinates":[[139.38758,35.99972],[139.38836,35.99945]]}},{"type":"Feature","properties":{"idx":63,"road":"","cls":"tertiary","shops":0,"st_km":2.42,"mesh":"53397380"},"geometry":{"type":"LineString","coordinates":[[139.37781,35.98789],[139.37842,35.98809]]}},{"type":"Feature","properties":{"idx":99,"road":"旗立通り","cls":"tertiary","shops":1,"st_km":2.24,"mesh":"53397380"},"geometry":{"type":"LineString","coordinates":[[139.37944,35.99109],[139.379,35.99013],[139.37902,35.98971],[139.37912,35.98953],[139.38038,35.98816]]}},{"type":"Feature","properties":{"idx":70,"road":"松の木橋","cls":"tertiary","shops":0,"st_km":2.06,"mesh":"53397380"},"geometry":{"type":"LineString","coordinates":[[139.37944,35.99109],[139.37985,35.99189]]}},{"type":"Feature","properties":{"idx":143,"road":"","cls":"tertiary","shops":1,"st_km":1.21,"mesh":"53397391"},"geometry":{"type":"LineString","coordinates":[[139.38799,35.99491],[139.38972,35.99446]]}},{"type":"Feature","properties":{"idx":88,"road":"並木通り","cls":"tertiary","shops":0,"st_km":1.33,"mesh":"53397392"},"geometry":{"type":"LineString","coordinates":[[139.40183,35.99146],[139.4037,35.99189]]}},{"type":"Feature","properties":{"idx":49,"road":"5-79号橋","cls":"tertiary","shops":0,"st_km":1.34,"mesh":"53397382"},"geometry":{"type":"LineString","coordinates":[[139.39946,35.99072],[139.40074,35.99116],[139.40183,35.99146]]}},{"type":"Feature","properties":{"idx":1326,"road":"岩殿観音南戸守線","cls":"secondary","shops":0,"st_km":3.21,"mesh":"53397394"},"geometry":{"type":"LineString","coordinates":[[139.42538,36.00208],[139.42604,36.00192],[139.42669,36.00169],[139.43324,35.99883],[139.43541,35.99739],[139.43563,35.99716],[139.43631,35.99616],[139.43676,35.99566],[139.43812,35.99448],[139.43875,35.99405]]}},{"type":"Feature","properties":{"idx":158,"road":"虹の橋","cls":"pedestrian","shops":2,"st_km":1.62,"mesh":"53397390"},"geometry":{"type":"LineString","coordinates":[[139.38343,35.99422],[139.38307,35.99426]]}},{"type":"Feature","properties":{"idx":101,"road":"山の辺橋","cls":"pedestrian","shops":0,"st_km":1.95,"mesh":"53397380"},"geometry":{"type":"LineString","coordinates":[[139.38143,35.99078],[139.38178,35.9915]]}},{"type":"Feature","properties":{"idx":142,"road":"ひきのみち","cls":"pedestrian","shops":2,"st_km":1.82,"mesh":"53397390"},"geometry":{"type":"LineString","coordinates":[[139.38178,35.9915],[139.38195,35.9918],[139.38202,35.99207],[139.38195,35.99257],[139.38202,35.99283],[139.38199,35.99299],[139.38201,35.99381]]}},{"type":"Feature","properties":{"idx":89,"road":"国道407号旧道","cls":"tertiary","shops":0,"st_km":1.31,"mesh":"53397392"},"geometry":{"type":"LineString","coordinates":[[139.40227,35.99325],[139.40249,35.9927],[139.40262,35.99218],[139.40281,35.99041]]}},{"type":"Feature","properties":{"idx":131,"road":"","cls":"tertiary","shops":0,"st_km":0.81,"mesh":"53397391"},"geometry":{"type":"LineString","coordinates":[[139.39531,35.99303],[139.39555,35.99332],[139.39561,35.9937],[139.39537,35.99478],[139.39539,35.99551],[139.39528,35.99718],[139.39543,35.99765],[139.39569,35.99811],[139.39574,35.99839],[139.39573,35.99886]]}},{"type":"Feature","properties":{"idx":71,"road":"","cls":"tertiary","shops":0,"st_km":1.27,"mesh":"53397381"},"geometry":{"type":"LineString","coordinates":[[139.39814,35.9925],[139.39811,35.99215],[139.39816,35.99188],[139.39887,35.99052]]}},{"type":"Feature","properties":{"idx":66,"road":"並木通り","cls":"tertiary","shops":0,"st_km":1.4,"mesh":"53397390"},"geometry":{"type":"LineString","coordinates":[[139.38392,35.99838],[139.38361,35.99635]]}},{"type":"Feature","properties":{"idx":437,"road":"","cls":"tertiary_link","shops":3,"st_km":0.07,"mesh":"53397361"},"geometry":{"type":"LineString","coordinates":[[139.39637,35.97288],[139.39661,35.97298],[139.39691,35.9728],[139.39671,35.97252],[139.39663,35.97249],[139.39635,35.97264],[139.39631,35.97273],[139.39637,35.97288]]}},{"type":"Feature","properties":{"idx":248,"road":"","cls":"tertiary","shops":0,"st_km":0.19,"mesh":"53397361"},"geometry":{"type":"LineString","coordinates":[[139.39505,35.97097],[139.39631,35.97022]]}},{"type":"Feature","properties":{"idx":213,"road":"","cls":"tertiary","shops":0,"st_km":0.34,"mesh":"53397361"},"geometry":{"type":"LineString","coordinates":[[139.39631,35.97022],[139.40002,35.96801]]}},{"type":"Feature","properties":{"idx":450,"road":"川越坂戸毛呂山線","cls":"primary","shops":0,"st_km":0.77,"mesh":"53397351"},"geometry":{"type":"LineString","coordinates":[[139.39233,35.96613],[139.39201,35.96625]]}},{"type":"Feature","properties":{"idx":152,"road":"かわじま中央通り","cls":"tertiary","shops":0,"st_km":4.05,"mesh":"53397395"},"geometry":{"type":"LineString","coordinates":[[139.44235,35.99244],[139.44165,35.9928],[139.43958,35.99369]]}},{"type":"Feature","properties":{"idx":323,"road":"鴻巣川島線","cls":"primary","shops":0,"st_km":4.99,"mesh":"53397357"},"geometry":{"type":"LineString","coordinates":[[139.46955,35.96469],[139.47123,35.96523]]}},{"type":"Feature","properties":{"idx":49,"road":"","cls":"tertiary","shops":0,"st_km":1.95,"mesh":"53397390"},"geometry":{"type":"LineString","coordinates":[[139.37645,35.99898],[139.37652,35.99969],[139.3762,36.00019],[139.37605,36.00079]]}},{"type":"Feature","properties":{"idx":219,"road":"川越上尾線","cls":"primary","shops":0,"st_km":1.74,"mesh":"53397319"},"geometry":{"type":"LineString","coordinates":[[139.49023,35.92754],[139.4901,35.92744]]}},{"type":"Feature","properties":{"idx":246,"road":"川越北環状線","cls":"secondary","shops":0,"st_km":0.8,"mesh":"53397307"},"geometry":{"type":"LineString","coordinates":[[139.46669,35.92564],[139.46624,35.92444],[139.46547,35.92289]]}},{"type":"Feature","properties":{"idx":264,"road":"川越北環状線","cls":"secondary","shops":0,"st_km":3.25,"mesh":"53397337"},"geometry":{"type":"LineString","coordinates":[[139.47156,35.94046],[139.47199,35.94117],[139.47226,35.94197],[139.47234,35.94243],[139.4725,35.94481],[139.47255,35.94619],[139.47252,35.94679],[139.47232,35.94782],[139.47199,35.94922],[139.47196,35.94946],[139.47206,35.95006],[139.47224,35.95043],[139.47249,35.95075],[139.47308,35.95128],[139.47343,35.95148],[139.47426,35.9518]]}},{"type":"Feature","properties":{"idx":476,"road":"","cls":"pedestrian","shops":1,"st_km":1.71,"mesh":"53397318"},"geometry":{"type":"LineString","coordinates":[[139.48282,35.92894],[139.48266,35.92912]]}},{"type":"Feature","properties":{"idx":417,"road":"日高川島線","cls":"primary","shops":0,"st_km":5.56,"mesh":"53397399"},"geometry":{"type":"LineString","coordinates":[[139.50125,35.98264],[139.50035,35.98401],[139.5002,35.98434],[139.49972,35.98599],[139.49972,35.98618],[139.49979,35.98639],[139.50009,35.98713],[139.50077,35.98844],[139.50091,35.98892],[139.50082,35.98924],[139.49973,35.99117],[139.49951,35.99143],[139.49923,35.99165],[139.49664,35.9935],[139.49512,35.99442],[139.4943,35.99513],[139.49261,35.99585],[139.4901,35.99651],[139.48581,35.99777],[139.48517,35.99784],[139.48474,35.99782],[139.48319,35.99751],[139.48177,35.99732],[139.48124,35.99717],[139.4793,35.9964],[139.47778,35.99587],[139.47722,35.99574],[139.47498,35.99561],[139.47454,35.99551],[139.47373,35.99515],[139.47331,35.99507],[139.47228,35.99509],[139.46907,35.9949],[139.46872,35.99479],[139.46823,35.9945]]}},{"type":"Feature","properties":{"idx":365,"road":"","cls":"tertiary","shops":0,"st_km":1.01,"mesh":"53397316"},"geometry":{"type":"LineString","coordinates":[[139.44377,35.93235],[139.44533,35.93268],[139.44661,35.93278],[139.44698,35.93276],[139.44797,35.9325],[139.45014,35.93244],[139.45064,35.93245],[139.45232,35.93266],[139.45332,35.9327],[139.4547,35.93293],[139.45532,35.93297],[139.45591,35.93308],[139.45773,35.93353],[139.45788,35.93362],[139.45799,35.93382]]}},{"type":"Feature","properties":{"idx":275,"road":"平沼中老袋線","cls":"secondary","shops":0,"st_km":6.19,"mesh":"53397368"},"geometry":{"type":"LineString","coordinates":[[139.4761,35.98264],[139.47655,35.98205],[139.47682,35.98132],[139.47717,35.97674],[139.47759,35.97461],[139.47756,35.9737],[139.47727,35.97206],[139.4773,35.97136],[139.47765,35.97046],[139.47952,35.96643],[139.4796,35.96606],[139.47955,35.96576]]}},{"type":"Feature","properties":{"idx":140,"road":"","cls":"tertiary","shops":0,"st_km":7.06,"mesh":"53397388"},"geometry":{"type":"LineString","coordinates":[[139.47507,35.98551],[139.47654,35.98577],[139.47743,35.98587],[139.47965,35.98595],[139.4816,35.98581],[139.4844,35.98542]]}},{"type":"Feature","properties":{"idx":148,"road":"鴻巣川島線","cls":"primary","shops":0,"st_km":5.93,"mesh":"53397377"},"geometry":{"type":"LineString","coordinates":[[139.47019,35.98382],[139.47032,35.98247],[139.47062,35.98185],[139.47068,35.98155],[139.47068,35.9811],[139.46961,35.97906],[139.46726,35.97401],[139.46668,35.97343],[139.46652,35.97309],[139.46652,35.97256],[139.46672,35.97171],[139.46678,35.97048],[139.46689,35.96966],[139.46676,35.96882],[139.46661,35.96858]]}},{"type":"Feature","properties":{"idx":227,"road":"","cls":"tertiary","shops":1,"st_km":0.09,"mesh":"53397323"},"geometry":{"type":"LineString","coordinates":[[139.42442,35.93614],[139.42376,35.9356]]}},{"type":"Feature","properties":{"idx":528,"road":"","cls":"tertiary","shops":5,"st_km":0.1,"mesh":"53397323"},"geometry":{"type":"LineString","coordinates":[[139.42254,35.9364],[139.42302,35.9369],[139.42324,35.93679],[139.42313,35.93663]]}},{"type":"Feature","properties":{"idx":976,"road":"","cls":"tertiary","shops":12,"st_km":0.17,"mesh":"53397323"},"geometry":{"type":"LineString","coordinates":[[139.42163,35.93698],[139.42254,35.9364]]}},{"type":"Feature","properties":{"idx":45,"road":"","cls":"tertiary","shops":0,"st_km":1.27,"mesh":"53397360"},"geometry":{"type":"LineString","coordinates":[[139.3839,35.96671],[139.38405,35.96799]]}},{"type":"Feature","properties":{"idx":30,"road":"","cls":"tertiary","shops":0,"st_km":1.98,"mesh":"53397360"},"geometry":{"type":"LineString","coordinates":[[139.37452,35.96753],[139.37686,35.9669]]}},{"type":"Feature","properties":{"idx":196,"road":"","cls":"tertiary","shops":0,"st_km":1.16,"mesh":"53397350"},"geometry":{"type":"LineString","coordinates":[[139.3839,35.96671],[139.38393,35.96613],[139.38423,35.96491],[139.38426,35.96459],[139.3842,35.96405],[139.38388,35.96332],[139.38362,35.96303],[139.38325,35.96285],[139.38283,35.96282],[139.38224,35.96292],[139.38194,35.96288],[139.38166,35.96269],[139.38152,35.96238]]}},{"type":"Feature","properties":{"idx":21,"road":"","cls":"tertiary_link","shops":0,"st_km":1.79,"mesh":"53397360"},"geometry":{"type":"LineString","coordinates":[[139.37686,35.9669],[139.37752,35.96843],[139.37918,35.96825],[139.37928,35.9683],[139.37923,35.96848]]}},{"type":"Feature","properties":{"idx":184,"road":"","cls":"tertiary","shops":0,"st_km":1.52,"mesh":"53397303"},"geometry":{"type":"LineString","coordinates":[[139.4145,35.92254],[139.41686,35.92337],[139.4174,35.92366],[139.41839,35.92463],[139.42006,35.92643]]}},{"type":"Feature","properties":{"idx":22,"road":"お成り街道","cls":"tertiary","shops":0,"st_km":3.43,"mesh":"53397329"},"geometry":{"type":"LineString","coordinates":[[139.50058,35.94071],[139.49939,35.94034]]}},{"type":"Feature","properties":{"idx":23,"road":"","cls":"tertiary","shops":0,"st_km":3.19,"mesh":"53397329"},"geometry":{"type":"LineString","coordinates":[[139.49588,35.94522],[139.49521,35.94477],[139.49457,35.94417],[139.49427,35.94396],[139.4867,35.93708]]}},{"type":"Feature","properties":{"idx":350,"road":"","cls":"tertiary","shops":0,"st_km":1.54,"mesh":"53397309"},"geometry":{"type":"LineString","coordinates":[[139.497,35.9178],[139.4972,35.91771],[139.49805,35.917]]}},{"type":"Feature","properties":{"idx":25,"road":"","cls":"tertiary","shops":0,"st_km":3.71,"mesh":"53397356"},"geometry":{"type":"LineString","coordinates":[[139.44534,35.96158],[139.44618,35.96146],[139.44809,35.96098],[139.44879,35.96097],[139.45079,35.96144],[139.45398,35.96272],[139.45408,35.96283],[139.45407,35.96295],[139.4535,35.96425],[139.453,35.96523]]}},{"type":"Feature","properties":{"idx":409,"road":"","cls":"tertiary","shops":0,"st_km":1.36,"mesh":"53397313"},"geometry":{"type":"LineString","coordinates":[[139.41161,35.92573],[139.41398,35.92829],[139.4156,35.92989]]}},{"type":"Feature","properties":{"idx":154,"road":"","cls":"tertiary","shops":0,"st_km":1.78,"mesh":"53397303"},"geometry":{"type":"LineString","coordinates":[[139.41345,35.92217],[139.4145,35.92254]]}},{"type":"Feature","properties":{"idx":118,"road":"","cls":"tertiary","shops":0,"st_km":6.06,"mesh":"53397377"},"geometry":{"type":"LineString","coordinates":[[139.46063,35.98375],[139.4616,35.98388],[139.46174,35.98386],[139.46173,35.98336],[139.46186,35.9831],[139.46206,35.98294],[139.46232,35.98286],[139.46266,35.98284],[139.46271,35.98277],[139.46352,35.9804]]}},{"type":"Feature","properties":{"idx":38,"road":"","cls":"tertiary","shops":0,"st_km":5.52,"mesh":"53397359"},"geometry":{"type":"LineString","coordinates":[[139.48966,35.96481],[139.48995,35.9635],[139.49011,35.963],[139.49133,35.96143],[139.49149,35.9611]]}},{"type":"Feature","properties":{"idx":107,"road":"川越栗橋線","cls":"primary","shops":0,"st_km":6.59,"mesh":"53397369"},"geometry":{"type":"LineString","coordinates":[[139.50125,35.98264],[139.50078,35.98228],[139.5004,35.98189],[139.50011,35.98148],[139.49986,35.98095],[139.49979,35.98066],[139.49977,35.98017],[139.49996,35.97899],[139.50018,35.97807],[139.50019,35.97774],[139.49869,35.97257],[139.49741,35.97078],[139.49663,35.96959],[139.49635,35.96924],[139.49541,35.96829],[139.49519,35.96802],[139.49485,35.9674],[139.49436,35.96589],[139.49409,35.96547],[139.4939,35.96528],[139.49343,35.96498],[139.49103,35.96396]]}},{"type":"Feature","properties":{"idx":46,"road":"","cls":"tertiary","shops":0,"st_km":2.57,"mesh":"53397327"},"geometry":{"type":"LineString","coordinates":[[139.46844,35.94119],[139.46827,35.94123]]}},{"type":"Feature","properties":{"idx":46,"road":"","cls":"tertiary","shops":0,"st_km":2.57,"mesh":"53397327"},"geometry":{"type":"LineString","coordinates":[[139.46964,35.94091],[139.46844,35.94119]]}},{"type":"Feature","properties":{"idx":116,"road":"上伊草坂戸線","cls":"secondary","shops":0,"st_km":4.96,"mesh":"53397366"},"geometry":{"type":"LineString","coordinates":[[139.46175,35.96906],[139.46203,35.9692]]}},{"type":"Feature","properties":{"idx":27,"road":"上伊草坂戸線","cls":"secondary","shops":0,"st_km":4.37,"mesh":"53397356"},"geometry":{"type":"LineString","coordinates":[[139.453,35.96523],[139.45714,35.9669],[139.45871,35.96762]]}},{"type":"Feature","properties":{"idx":394,"road":"川越坂戸毛呂山線","cls":"primary","shops":0,"st_km":1.25,"mesh":"53397326"},"geometry":{"type":"LineString","coordinates":[[139.46021,35.93365],[139.45991,35.93386],[139.45957,35.93393],[139.45853,35.93378],[139.45526,35.93407],[139.45431,35.93427],[139.45271,35.9348],[139.45215,35.93489],[139.45066,35.93486],[139.44901,35.93509],[139.4438,35.93486],[139.44322,35.93502],[139.44274,35.93522]]}},{"type":"Feature","properties":{"idx":254,"road":"鯨井狭山線","cls":"secondary","shops":0,"st_km":0.92,"mesh":"53397325"},"geometry":{"type":"LineString","coordinates":[[139.44377,35.93235],[139.44358,35.93322],[139.4442,35.93338],[139.44459,35.93385],[139.44491,35.93408],[139.44527,35.9345],[139.44562,35.93473],[139.44609,35.93484]]}},{"type":"Feature","properties":{"idx":92,"road":"片柳川越線","cls":"secondary","shops":0,"st_km":2.77,"mesh":"53397336"},"geometry":{"type":"LineString","coordinates":[[139.45962,35.94805],[139.45854,35.94865],[139.45825,35.94877],[139.45697,35.9489],[139.45649,35.94888],[139.45535,35.94864],[139.45293,35.94889],[139.4525,35.9489],[139.45125,35.9487],[139.45059,35.94851]]}},{"type":"Feature","properties":{"idx":429,"road":"川越坂戸毛呂山線","cls":"primary","shops":0,"st_km":0.82,"mesh":"53397351"},"geometry":{"type":"LineString","coordinates":[[139.39933,35.96279],[139.39476,35.96519],[139.39233,35.96613]]}},{"type":"Feature","properties":{"idx":455,"road":"川越坂戸毛呂山線","cls":"primary","shops":0,"st_km":0.77,"mesh":"53397351"},"geometry":{"type":"LineString","coordinates":[[139.39949,35.96271],[139.39933,35.96279]]}},{"type":"Feature","properties":{"idx":294,"road":"日高川島線","cls":"primary","shops":0,"st_km":0.68,"mesh":"53397362"},"geometry":{"type":"LineString","coordinates":[[139.401,35.9669],[139.4011,35.96688]]}},{"type":"Feature","properties":{"idx":204,"road":"日高川島線","cls":"primary","shops":0,"st_km":1.12,"mesh":"53397362"},"geometry":{"type":"LineString","coordinates":[[139.4011,35.96688],[139.40149,35.96689],[139.40182,35.96698],[139.40426,35.96801],[139.40522,35.96825],[139.40566,35.96842],[139.40654,35.96893],[139.40774,35.96977],[139.40862,35.9702],[139.40999,35.97102],[139.41084,35.97139],[139.41159,35.97163],[139.41338,35.972],[139.41402,35.9722],[139.41581,35.97253],[139.41646,35.97274],[139.41781,35.97329]]}},{"type":"Feature","properties":{"idx":199,"road":"日高川島線","cls":"primary","shops":0,"st_km":4.03,"mesh":"53397385"},"geometry":{"type":"LineString","coordinates":[[139.43781,35.98927],[139.43916,35.98986],[139.44038,35.99078],[139.44089,35.99109]]}},{"type":"Feature","properties":{"idx":45,"road":"日高川島線","cls":"primary","shops":0,"st_km":3.56,"mesh":"53397384"},"geometry":{"type":"LineString","coordinates":[[139.42936,35.98362],[139.43171,35.98596],[139.43264,35.98672],[139.43363,35.98741],[139.43431,35.9878],[139.43565,35.98841]]}},{"type":"Feature","properties":{"idx":45,"road":"日高川島線","cls":"primary","shops":0,"st_km":3.85,"mesh":"53397384"},"geometry":{"type":"LineString","coordinates":[[139.43565,35.98841],[139.43781,35.98927]]}},{"type":"Feature","properties":{"idx":32,"road":"日高川島線","cls":"primary","shops":0,"st_km":2.56,"mesh":"53397373"},"geometry":{"type":"LineString","coordinates":[[139.42399,35.97822],[139.42422,35.97845]]}},{"type":"Feature","properties":{"idx":36,"road":"片柳川越線","cls":"secondary","shops":0,"st_km":1.9,"mesh":"53397373"},"geometry":{"type":"LineString","coordinates":[[139.41566,35.97983],[139.41568,35.97957]]}},{"type":"Feature","properties":{"idx":37,"road":"片柳川越線","cls":"secondary","shops":0,"st_km":1.85,"mesh":"53397373"},"geometry":{"type":"LineString","coordinates":[[139.41568,35.97957],[139.41569,35.97874],[139.4158,35.9781],[139.41604,35.97764],[139.41671,35.97695],[139.41685,35.97667],[139.41699,35.97624],[139.41718,35.9752]]}},{"type":"Feature","properties":{"idx":239,"road":"片柳川越線","cls":"secondary","shops":0,"st_km":2.1,"mesh":"53397344"},"geometry":{"type":"LineString","coordinates":[[139.43738,35.95229],[139.43714,35.95234]]}},{"type":"Feature","properties":{"idx":647,"road":"上伊草坂戸線","cls":"secondary","shops":0,"st_km":5.1,"mesh":"53397367"},"geometry":{"type":"LineString","coordinates":[[139.46277,35.96953],[139.46365,35.96982],[139.46384,35.96997]]}},{"type":"Feature","properties":{"idx":116,"road":"上伊草坂戸線","cls":"secondary","shops":0,"st_km":5.01,"mesh":"53397366"},"geometry":{"type":"LineString","coordinates":[[139.46203,35.9692],[139.46277,35.96953]]}},{"type":"Feature","properties":{"idx":189,"road":"日高川島線","cls":"primary","shops":0,"st_km":4.13,"mesh":"53397395"},"geometry":{"type":"LineString","coordinates":[[139.44235,35.99244],[139.4421,35.99213],[139.44192,35.99203],[139.44031,35.99182]]}},{"type":"Feature","properties":{"idx":43,"road":"平沼中老袋線","cls":"secondary","shops":0,"st_km":5.72,"mesh":"53397359"},"geometry":{"type":"LineString","coordinates":[[139.48991,35.96478],[139.49042,35.96471]]}},{"type":"Feature","properties":{"idx":309,"road":"","cls":"tertiary","shops":0,"st_km":2.46,"mesh":"53397311"},"geometry":{"type":"LineString","coordinates":[[139.39312,35.92508],[139.39554,35.92721],[139.39629,35.92778],[139.39877,35.92958],[139.40242,35.93188]]}},{"type":"Feature","properties":{"idx":58,"road":"","cls":"tertiary","shops":0,"st_km":2.23,"mesh":"53397301"},"geometry":{"type":"LineString","coordinates":[[139.39094,35.92278],[139.3915,35.92344],[139.39312,35.92508]]}},{"type":"Feature","properties":{"idx":47,"road":"川越栗橋線","cls":"primary","shops":0,"st_km":5.25,"mesh":"53397359"},"geometry":{"type":"LineString","coordinates":[[139.48827,35.96135],[139.48818,35.96001]]}},{"type":"Feature","properties":{"idx":47,"road":"川越栗橋線","cls":"primary","shops":0,"st_km":5.33,"mesh":"53397359"},"geometry":{"type":"LineString","coordinates":[[139.48827,35.96142],[139.48827,35.96135]]}},{"type":"Feature","properties":{"idx":558,"road":"","cls":"tertiary","shops":0,"st_km":1.18,"mesh":"53397352"},"geometry":{"type":"LineString","coordinates":[[139.40821,35.96507],[139.40837,35.9639],[139.40803,35.96337],[139.4082,35.96188],[139.40219,35.95703]]}},{"type":"Feature","properties":{"idx":127,"road":"国道407号旧道","cls":"tertiary","shops":0,"st_km":0.85,"mesh":"53397392"},"geometry":{"type":"LineString","coordinates":[[139.40063,35.99832],[139.40074,35.99738],[139.40086,35.99675],[139.40216,35.99352]]}},{"type":"Feature","properties":{"idx":159,"road":"岩殿観音南戸守線","cls":"secondary","shops":0,"st_km":0.72,"mesh":"53397392"},"geometry":{"type":"LineString","coordinates":[[139.40043,35.99832],[139.40634,35.99842]]}},{"type":"Feature","properties":{"idx":190,"road":"高坂駅南陸橋","cls":"secondary","shops":0,"st_km":0.53,"mesh":"53397391"},"geometry":{"type":"LineString","coordinates":[[139.3971,35.99832],[139.40043,35.99832]]}},{"type":"Feature","properties":{"idx":179,"road":"川越坂戸毛呂山線旧道","cls":"tertiary","shops":0,"st_km":1.29,"mesh":"53397350"},"geometry":{"type":"LineString","coordinates":[[139.37829,35.96068],[139.38278,35.96224],[139.38327,35.9623],[139.3836,35.96226]]}},{"type":"Feature","properties":{"idx":389,"road":"","cls":"tertiary","shops":2,"st_km":0.48,"mesh":"53397341"},"geometry":{"type":"LineString","coordinates":[[139.39641,35.95361],[139.39779,35.9537]]}},{"type":"Feature","properties":{"idx":155,"road":"","cls":"tertiary","shops":1,"st_km":1.5,"mesh":"53397302"},"geometry":{"type":"LineString","coordinates":[[139.40412,35.92657],[139.40445,35.92582],[139.40476,35.9253],[139.40479,35.92507],[139.40483,35.92412],[139.4048,35.92008],[139.40491,35.91826],[139.40526,35.9155]]}},{"type":"Feature","properties":{"idx":1211,"road":"川越栗橋線","cls":"primary","shops":0,"st_km":3.08,"mesh":"53397328"},"geometry":{"type":"LineString","coordinates":[[139.48036,35.93135],[139.48149,35.93182],[139.48586,35.93452],[139.48636,35.93504],[139.48652,35.93533],[139.48661,35.93569],[139.48697,35.94085],[139.48775,35.95317]]}},{"type":"Feature","properties":{"idx":183,"road":"","cls":"tertiary","shops":0,"st_km":2.09,"mesh":"53397312"},"geometry":{"type":"LineString","coordinates":[[139.40044,35.93139],[139.40085,35.93102]]}},{"type":"Feature","properties":{"idx":531,"road":"","cls":"tertiary","shops":1,"st_km":2.06,"mesh":"53397311"},"geometry":{"type":"LineString","coordinates":[[139.39935,35.93239],[139.39939,35.93216],[139.40044,35.93139]]}},{"type":"Feature","properties":{"idx":118,"road":"","cls":"tertiary","shops":0,"st_km":6.53,"mesh":"53397377"},"geometry":{"type":"LineString","coordinates":[[139.46704,35.98253],[139.46772,35.98265],[139.47006,35.98376]]}},{"type":"Feature","properties":{"idx":118,"road":"","cls":"tertiary","shops":0,"st_km":6.33,"mesh":"53397377"},"geometry":{"type":"LineString","coordinates":[[139.46567,35.98239],[139.46608,35.98258]]}},{"type":"Feature","properties":{"idx":299,"road":"","cls":"tertiary","shops":0,"st_km":0.96,"mesh":"53397322"},"geometry":{"type":"LineString","coordinates":[[139.41147,35.94148],[139.41107,35.94156],[139.41077,35.94155],[139.41055,35.94136],[139.40991,35.9405],[139.40961,35.94032],[139.40935,35.94029],[139.40896,35.94047],[139.40762,35.94157]]}},{"type":"Feature","properties":{"idx":320,"road":"","cls":"tertiary","shops":0,"st_km":0.87,"mesh":"53397322"},"geometry":{"type":"LineString","coordinates":[[139.41177,35.94137],[139.41147,35.94148]]}},{"type":"Feature","properties":{"idx":835,"road":"","cls":"tertiary","shops":4,"st_km":0.73,"mesh":"53397350"},"geometry":{"type":"LineString","coordinates":[[139.39179,35.97004],[139.3899,35.96535],[139.38772,35.96158],[139.38529,35.95677],[139.38473,35.95594],[139.38372,35.95478],[139.38341,35.95436],[139.38176,35.95187],[139.38171,35.95169]]}},{"type":"Feature","properties":{"idx":17,"road":"","cls":"tertiary","shops":0,"st_km":1.65,"mesh":"53397370"},"geometry":{"type":"LineString","coordinates":[[139.37975,35.97765],[139.38013,35.97767]]}},{"type":"Feature","properties":{"idx":174,"road":"","cls":"tertiary","shops":0,"st_km":1.33,"mesh":"53397350"},"geometry":{"type":"LineString","coordinates":[[139.38061,35.9623],[139.38098,35.96233]]}},{"type":"Feature","properties":{"idx":171,"road":"","cls":"tertiary","shops":0,"st_km":1.35,"mesh":"53397350"},"geometry":{"type":"LineString","coordinates":[[139.38049,35.9623],[139.38061,35.9623]]}},{"type":"Feature","properties":{"idx":429,"road":"","cls":"tertiary","shops":1,"st_km":0.2,"mesh":"53397332"},"geometry":{"type":"LineString","coordinates":[[139.40778,35.94854],[139.40592,35.94722]]}},{"type":"Feature","properties":{"idx":61,"road":"","cls":"tertiary","shops":0,"st_km":2.08,"mesh":"53397301"},"geometry":{"type":"LineString","coordinates":[[139.38784,35.91848],[139.38741,35.91862]]}},{"type":"Feature","properties":{"idx":316,"road":"","cls":"tertiary","shops":0,"st_km":2.1,"mesh":"53397300"},"geometry":{"type":"LineString","coordinates":[[139.38741,35.91862],[139.38729,35.91865]]}},{"type":"Feature","properties":{"idx":163,"road":"川越坂戸毛呂山線","cls":"primary","shops":0,"st_km":0.87,"mesh":"53397361"},"geometry":{"type":"LineString","coordinates":[[139.39201,35.96625],[139.38905,35.96734],[139.38839,35.96754],[139.38747,35.96772],[139.38595,35.96785]]}},{"type":"Feature","properties":{"idx":45,"road":"川越坂戸毛呂山線","cls":"primary","shops":0,"st_km":1.62,"mesh":"53397360"},"geometry":{"type":"LineString","coordinates":[[139.38237,35.96812],[139.37906,35.96838],[139.37665,35.96872]]}},{"type":"Feature","properties":{"idx":229,"road":"","cls":"tertiary","shops":0,"st_km":3.94,"mesh":"53397348"},"geometry":{"type":"LineString","coordinates":[[139.4796,35.95171],[139.4754,35.95188],[139.47426,35.9518]]}},{"type":"Feature","properties":{"idx":945,"road":"","cls":"tertiary","shops":0,"st_km":3.85,"mesh":"53397347"},"geometry":{"type":"LineString","coordinates":[[139.47438,35.95178],[139.47428,35.95171]]}},{"type":"Feature","properties":{"idx":41,"road":"","cls":"tertiary","shops":0,"st_km":1.39,"mesh":"53397360"},"geometry":{"type":"LineString","coordinates":[[139.38365,35.96678],[139.38363,35.96685],[139.38356,35.96688],[139.38299,35.96685],[139.38258,35.96697],[139.38192,35.96704]]}},{"type":"Feature","properties":{"idx":43,"road":"","cls":"tertiary","shops":0,"st_km":1.33,"mesh":"53397360"},"geometry":{"type":"LineString","coordinates":[[139.38365,35.96666],[139.38365,35.96678]]}},{"type":"Feature","properties":{"idx":1363,"road":"","cls":"tertiary","shops":0,"st_km":1.55,"mesh":"53397343"},"geometry":{"type":"LineString","coordinates":[[139.4211,35.95573],[139.42415,35.95849]]}},{"type":"Feature","properties":{"idx":231,"road":"","cls":"tertiary","shops":0,"st_km":3.27,"mesh":"53397338"},"geometry":{"type":"LineString","coordinates":[[139.47997,35.94265],[139.48004,35.94398],[139.48011,35.94454]]}},{"type":"Feature","properties":{"idx":228,"road":"","cls":"tertiary","shops":0,"st_km":4.15,"mesh":"53397348"},"geometry":{"type":"LineString","coordinates":[[139.48619,35.95141],[139.4796,35.95171]]}},{"type":"Feature","properties":{"idx":373,"road":"","cls":"tertiary","shops":0,"st_km":3.69,"mesh":"53397339"},"geometry":{"type":"LineString","coordinates":[[139.49172,35.94519],[139.49501,35.94537],[139.49588,35.94522]]}},{"type":"Feature","properties":{"idx":554,"road":"国道254号旧道","cls":"tertiary","shops":0,"st_km":5.26,"mesh":"53397386"},"geometry":{"type":"LineString","coordinates":[[139.44554,35.98863],[139.45065,35.9861],[139.45255,35.98477],[139.453,35.98439],[139.45342,35.9839],[139.45452,35.98235],[139.45708,35.98002],[139.45902,35.97788]]}},{"type":"Feature","properties":{"idx":153,"road":"かわじま中央通り","cls":"tertiary","shops":0,"st_km":3.87,"mesh":"53397395"},"geometry":{"type":"LineString","coordinates":[[139.43958,35.99369],[139.43875,35.99405]]}},{"type":"Feature","properties":{"idx":154,"road":"国道254号旧道","cls":"tertiary","shops":0,"st_km":3.75,"mesh":"53397395"},"geometry":{"type":"LineString","coordinates":[[139.43898,36.0014],[139.43916,35.99996],[139.43913,35.99928],[139.43826,35.99505],[139.43832,35.99473],[139.43875,35.99405]]}},{"type":"Feature","properties":{"idx":106,"road":"","cls":"tertiary","shops":0,"st_km":0.7,"mesh":"53397371"},"geometry":{"type":"LineString","coordinates":[[139.39559,35.9795],[139.39534,35.97897],[139.39441,35.97664]]}},{"type":"Feature","properties":{"idx":325,"road":"","cls":"tertiary","shops":0,"st_km":2.03,"mesh":"53397300"},"geometry":{"type":"LineString","coordinates":[[139.38738,35.91725],[139.38703,35.91729]]}},{"type":"Feature","properties":{"idx":299,"road":"","cls":"tertiary","shops":0,"st_km":2.48,"mesh":"53397311"},"geometry":{"type":"LineString","coordinates":[[139.38703,35.91729],[139.38564,35.91767],[139.38556,35.91778],[139.38585,35.919],[139.3861,35.91968],[139.38639,35.9203],[139.38709,35.92142],[139.38757,35.922],[139.38977,35.92434],[139.39245,35.9273],[139.39721,35.93239],[139.40015,35.93505],[139.40371,35.93817]]}},{"type":"Feature","properties":{"idx":1431,"road":"","cls":"tertiary","shops":0,"st_km":1.47,"mesh":"53397343"},"geometry":{"type":"LineString","coordinates":[[139.42016,35.95641],[139.42231,35.95836]]}},{"type":"Feature","properties":{"idx":267,"road":"","cls":"tertiary","shops":0,"st_km":1.63,"mesh":"53397344"},"geometry":{"type":"LineString","coordinates":[[139.42616,35.95204],[139.42656,35.95178]]}},{"type":"Feature","properties":{"idx":134,"road":"","cls":"tertiary","shops":0,"st_km":0.84,"mesh":"53397361"},"geometry":{"type":"LineString","coordinates":[[139.38696,35.97213],[139.3882,35.97216]]}},{"type":"Feature","properties":{"idx":385,"road":"","cls":"tertiary","shops":1,"st_km":0.31,"mesh":"53397332"},"geometry":{"type":"LineString","coordinates":[[139.40592,35.94722],[139.40511,35.94856]]}},{"type":"Feature","properties":{"idx":1939,"road":"","cls":"tertiary","shops":2,"st_km":1.15,"mesh":"53397331"},"geometry":{"type":"LineString","coordinates":[[139.40592,35.94722],[139.40354,35.94554],[139.40301,35.94525],[139.40226,35.94504],[139.38721,35.94393]]}},{"type":"Feature","properties":{"idx":242,"road":"","cls":"tertiary","shops":0,"st_km":0.37,"mesh":"53397332"},"geometry":{"type":"LineString","coordinates":[[139.40511,35.94856],[139.40463,35.94923],[139.40401,35.94983]]}},{"type":"Feature","properties":{"idx":24,"road":"","cls":"tertiary","shops":0,"st_km":4.0,"mesh":"53397356"},"geometry":{"type":"LineString","coordinates":[[139.45403,35.96275],[139.45418,35.96272],[139.45439,35.96288],[139.45498,35.96311]]}},{"type":"Feature","properties":{"idx":116,"road":"上伊草坂戸線","cls":"secondary","shops":0,"st_km":4.79,"mesh":"53397366"},"geometry":{"type":"LineString","coordinates":[[139.45871,35.96762],[139.46175,35.96906]]}},{"type":"Feature","properties":{"idx":255,"road":"","cls":"tertiary","shops":0,"st_km":1.16,"mesh":"53397322"},"geometry":{"type":"LineString","coordinates":[[139.40932,35.93874],[139.40984,35.93828]]}},{"type":"Feature","properties":{"idx":76,"road":"","cls":"tertiary","shops":0,"st_km":6.38,"mesh":"53397387"},"geometry":{"type":"LineString","coordinates":[[139.46435,35.988],[139.46692,35.98251]]}},{"type":"Feature","properties":{"idx":118,"road":"","cls":"tertiary","shops":0,"st_km":6.34,"mesh":"53397377"},"geometry":{"type":"LineString","coordinates":[[139.46539,35.98074],[139.46597,35.981],[139.46611,35.98095],[139.4663,35.98067],[139.46655,35.98051],[139.46692,35.98044],[139.46715,35.98047],[139.46737,35.98057],[139.46761,35.98076],[139.46785,35.98109],[139.46782,35.98177],[139.46793,35.98199],[139.46817,35.98217],[139.47025,35.98334]]}},{"type":"Feature","properties":{"idx":118,"road":"","cls":"tertiary","shops":0,"st_km":6.22,"mesh":"53397377"},"geometry":{"type":"LineString","coordinates":[[139.46592,35.98112],[139.46549,35.98156]]}},{"type":"Feature","properties":{"idx":47,"road":"片柳川越線","cls":"secondary","shops":0,"st_km":1.61,"mesh":"53397382"},"geometry":{"type":"LineString","coordinates":[[139.40293,35.98415],[139.40354,35.98428],[139.40402,35.9843],[139.40493,35.98404],[139.40542,35.98397],[139.40856,35.98442],[139.40914,35.98446],[139.40985,35.98434],[139.41027,35.98417]]}},{"type":"Feature","properties":{"idx":4,"road":"日高川島線","cls":"primary","shops":0,"st_km":2.88,"mesh":"53397374"},"geometry":{"type":"LineString","coordinates":[[139.42422,35.97845],[139.42936,35.98362]]}},{"type":"Feature","properties":{"idx":196,"road":"かわじま中央通り","cls":"primary","shops":0,"st_km":4.38,"mesh":"53397385"},"geometry":{"type":"LineString","coordinates":[[139.44605,35.99175],[139.44528,35.99139],[139.44499,35.99136],[139.44428,35.99141],[139.44396,35.99175],[139.44368,35.99192],[139.44235,35.99244]]}},{"type":"Feature","properties":{"idx":85,"road":"平沼中老袋線","cls":"secondary","shops":0,"st_km":6.79,"mesh":"53397387"},"geometry":{"type":"LineString","coordinates":[[139.47019,35.98382],[139.47245,35.98481]]}},{"type":"Feature","properties":{"idx":85,"road":"平沼中老袋線","cls":"secondary","shops":0,"st_km":6.91,"mesh":"53397387"},"geometry":{"type":"LineString","coordinates":[[139.47245,35.98481],[139.47324,35.98425],[139.47532,35.98319],[139.4761,35.98264]]}},{"type":"Feature","properties":{"idx":36,"road":"かわじま中央通り","cls":"tertiary","shops":0,"st_km":7.16,"mesh":"53397378"},"geometry":{"type":"LineString","coordinates":[[139.48159,35.98235],[139.48199,35.98208]]}},{"type":"Feature","properties":{"idx":153,"road":"かわじま中央通り","cls":"tertiary","shops":0,"st_km":6.86,"mesh":"53397379"},"geometry":{"type":"LineString","coordinates":[[139.49165,35.97751],[139.49211,35.97739],[139.49391,35.97667]]}},{"type":"Feature","properties":{"idx":162,"road":"平沼中老袋線","cls":"secondary","shops":0,"st_km":5.57,"mesh":"53397358"},"geometry":{"type":"LineString","coordinates":[[139.47955,35.96576],[139.48692,35.96483],[139.48991,35.96478]]}},{"type":"Feature","properties":{"idx":220,"road":"川越坂戸毛呂山線旧道","cls":"tertiary","shops":0,"st_km":1.01,"mesh":"53397350"},"geometry":{"type":"LineString","coordinates":[[139.3836,35.96226],[139.38399,35.96215],[139.38542,35.96143]]}},{"type":"Feature","properties":{"idx":418,"road":"川越坂戸毛呂山線旧道","cls":"tertiary","shops":0,"st_km":0.62,"mesh":"53397351"},"geometry":{"type":"LineString","coordinates":[[139.38542,35.96143],[139.38583,35.96125],[139.38634,35.96117],[139.38799,35.96166],[139.38866,35.9618],[139.38902,35.96184],[139.39006,35.96178],[139.39275,35.96086],[139.39444,35.95999]]}},{"type":"Feature","properties":{"idx":414,"road":"川越日高線","cls":"primary","shops":0,"st_km":1.63,"mesh":"53397309"},"geometry":{"type":"LineString","coordinates":[[139.49818,35.91885],[139.498,35.91881]]}},{"type":"Feature","properties":{"idx":218,"road":"","cls":"tertiary","shops":0,"st_km":1.7,"mesh":"53397312"},"geometry":{"type":"LineString","coordinates":[[139.41161,35.92573],[139.41098,35.92508]]}},{"type":"Feature","properties":{"idx":19,"road":"","cls":"tertiary","shops":0,"st_km":1.46,"mesh":"53397370"},"geometry":{"type":"LineString","coordinates":[[139.38721,35.98306],[139.38753,35.98227]]}},{"type":"Feature","properties":{"idx":524,"road":"","cls":"tertiary","shops":0,"st_km":5.29,"mesh":"53397376"},"geometry":{"type":"LineString","coordinates":[[139.45902,35.97788],[139.45746,35.97706],[139.45729,35.97702],[139.45622,35.97764],[139.45517,35.97851],[139.45485,35.97897],[139.45469,35.97945],[139.45456,35.97968],[139.45389,35.98035],[139.45364,35.98051],[139.45323,35.98066],[139.45271,35.98069],[139.45233,35.98062],[139.45129,35.98028],[139.45116,35.98028],[139.45115,35.98041]]}},{"type":"Feature","properties":{"idx":200,"road":"川越越生線","cls":"secondary","shops":1,"st_km":1.41,"mesh":"53397320"},"geometry":{"type":"LineString","coordinates":[[139.39007,35.93668],[139.38826,35.93746],[139.38757,35.93784],[139.385,35.9388],[139.38099,35.94052]]}},{"type":"Feature","properties":{"idx":853,"road":"","cls":"secondary","shops":1,"st_km":1.93,"mesh":"53397321"},"geometry":{"type":"LineString","coordinates":[[139.39007,35.93668],[139.39167,35.93593]]}},{"type":"Feature","properties":{"idx":614,"road":"","cls":"tertiary","shops":0,"st_km":1.63,"mesh":"53397321"},"geometry":{"type":"LineString","coordinates":[[139.39319,35.94056],[139.39356,35.94038],[139.39442,35.93969],[139.39537,35.93906],[139.39708,35.93782]]}},{"type":"Feature","properties":{"idx":248,"road":"","cls":"tertiary","shops":0,"st_km":0.46,"mesh":"53397320"},"geometry":{"type":"LineString","coordinates":[[139.38721,35.94393],[139.37999,35.94336],[139.37917,35.94322],[139.37833,35.94289],[139.37493,35.94056],[139.36536,35.93365]]}},{"type":"Feature","properties":{"idx":178,"road":"","cls":"tertiary","shops":0,"st_km":1.51,"mesh":"53397303"},"geometry":{"type":"LineString","coordinates":[[139.41861,35.91985],[139.4192,35.92134],[139.41934,35.9215],[139.41994,35.92183],[139.4201,35.92199],[139.42041,35.92288],[139.42045,35.92313]]}},{"type":"Feature","properties":{"idx":94,"road":"","cls":"pedestrian","shops":0,"st_km":1.8,"mesh":"53397301"},"geometry":{"type":"LineString","coordinates":[[139.39982,35.92333],[139.39982,35.92324],[139.39897,35.92239]]}},{"type":"Feature","properties":{"idx":135,"road":"","cls":"pedestrian","shops":0,"st_km":1.59,"mesh":"53397302"},"geometry":{"type":"LineString","coordinates":[[139.39912,35.92121],[139.39942,35.92043],[139.39965,35.92045],[139.40025,35.92064],[139.40047,35.92082],[139.40057,35.92127],[139.40087,35.92162],[139.40102,35.92208],[139.40088,35.92216],[139.40055,35.92216],[139.4003,35.92231],[139.40015,35.92233],[139.40003,35.9223],[139.39986,35.92216]]}},{"type":"Feature","properties":{"idx":91,"road":"","cls":"pedestrian","shops":0,"st_km":1.88,"mesh":"53397301"},"geometry":{"type":"LineString","coordinates":[[139.39846,35.92309],[139.39801,35.92329]]}},{"type":"Feature","properties":{"idx":102,"road":"","cls":"pedestrian","shops":0,"st_km":1.65,"mesh":"53397301"},"geometry":{"type":"LineString","coordinates":[[139.39856,35.92163],[139.39857,35.92129],[139.39827,35.92067],[139.39825,35.92048]]}},{"type":"Feature","properties":{"idx":111,"road":"","cls":"pedestrian","shops":1,"st_km":1.74,"mesh":"53397390"},"geometry":{"type":"LineString","coordinates":[[139.3821,35.99384],[139.38198,35.99382],[139.38193,35.99393],[139.38207,35.99396],[139.38212,35.99389],[139.3821,35.99384]]}},{"type":"Feature","properties":{"idx":344,"road":"ひきのみち","cls":"pedestrian","shops":7,"st_km":1.68,"mesh":"53397390"},"geometry":{"type":"LineString","coordinates":[[139.38307,35.99426],[139.38298,35.99426],[139.38211,35.99386]]}},{"type":"Feature","properties":{"idx":306,"road":"","cls":"pedestrian","shops":6,"st_km":1.68,"mesh":"53397390"},"geometry":{"type":"LineString","coordinates":[[139.38297,35.9944],[139.38203,35.99397]]}},{"type":"Feature","properties":{"idx":234,"road":"","cls":"pedestrian","shops":4,"st_km":1.64,"mesh":"53397390"},"geometry":{"type":"LineString","coordinates":[[139.38298,35.99426],[139.38289,35.99436]]}},{"type":"Feature","properties":{"idx":90,"road":"","cls":"tertiary","shops":0,"st_km":0.62,"mesh":"53397323"},"geometry":{"type":"LineString","coordinates":[[139.41944,35.93942],[139.41935,35.93977],[139.41923,35.93991],[139.41745,35.94076]]}},{"type":"Feature","properties":{"idx":100,"road":"","cls":"tertiary","shops":0,"st_km":0.51,"mesh":"53397323"},"geometry":{"type":"LineString","coordinates":[[139.41946,35.93932],[139.41944,35.93942]]}},{"type":"Feature","properties":{"idx":260,"road":"県道川越坂戸毛呂山線","cls":"primary","shops":0,"st_km":0.59,"mesh":"53397333"},"geometry":{"type":"LineString","coordinates":[[139.42308,35.94192],[139.42298,35.94199]]}},{"type":"Feature","properties":{"idx":658,"road":"","cls":"tertiary","shops":0,"st_km":0.77,"mesh":"53397334"},"geometry":{"type":"LineString","coordinates":[[139.426,35.94354],[139.4259,35.94335]]}},{"type":"Feature","properties":{"idx":81,"road":"","cls":"pedestrian","shops":0,"st_km":1.58,"mesh":"53397390"},"geometry":{"type":"LineString","coordinates":[[139.38404,35.9942],[139.38394,35.99413],[139.38385,35.99421],[139.38395,35.99428],[139.38404,35.9942]]}},{"type":"Feature","properties":{"idx":125,"road":"ひきのみち","cls":"pedestrian","shops":1,"st_km":1.52,"mesh":"53397390"},"geometry":{"type":"LineString","coordinates":[[139.38402,35.99415],[139.38541,35.99385],[139.38584,35.99386]]}},{"type":"Feature","properties":{"idx":61,"road":"川越坂戸毛呂山線","cls":"primary","shops":0,"st_km":1.15,"mesh":"53397360"},"geometry":{"type":"LineString","coordinates":[[139.38588,35.96785],[139.38445,35.96796]]}},{"type":"Feature","properties":{"idx":605,"road":"","cls":"tertiary","shops":0,"st_km":0.67,"mesh":"53397342"},"geometry":{"type":"LineString","coordinates":[[139.40112,35.95499],[139.40105,35.95494]]}},{"type":"Feature","properties":{"idx":730,"road":"","cls":"tertiary","shops":0,"st_km":0.48,"mesh":"53397342"},"geometry":{"type":"LineString","coordinates":[[139.40308,35.95067],[139.40401,35.94983]]}},{"type":"Feature","properties":{"idx":587,"road":"","cls":"tertiary","shops":0,"st_km":0.71,"mesh":"53397342"},"geometry":{"type":"LineString","coordinates":[[139.40219,35.95703],[139.40197,35.95695],[139.40176,35.95698]]}},{"type":"Feature","properties":{"idx":134,"road":"","cls":"tertiary","shops":1,"st_km":1.31,"mesh":"53397391"},"geometry":{"type":"LineString","coordinates":[[139.38972,35.99446],[139.38998,35.9938],[139.38978,35.99322],[139.38981,35.99309],[139.38991,35.99298],[139.39052,35.99285],[139.39184,35.99329]]}},{"type":"Feature","properties":{"idx":66,"road":"桜山通り","cls":"tertiary","shops":0,"st_km":1.38,"mesh":"53397390"},"geometry":{"type":"LineString","coordinates":[[139.38361,35.99635],[139.38448,35.99624],[139.38487,35.99605],[139.38557,35.99556],[139.38588,35.99544],[139.38661,35.99526]]}},{"type":"Feature","properties":{"idx":122,"road":"並木通り","cls":"tertiary","shops":2,"st_km":1.52,"mesh":"53397390"},"geometry":{"type":"LineString","coordinates":[[139.38361,35.99635],[139.38335,35.99473]]}},{"type":"Feature","properties":{"idx":96,"road":"","cls":"pedestrian","shops":0,"st_km":2.1,"mesh":"53397380"},"geometry":{"type":"LineString","coordinates":[[139.38094,35.98971],[139.381,35.98973],[139.38097,35.98979],[139.3809,35.98976],[139.38094,35.98971]]}},{"type":"Feature","properties":{"idx":98,"road":"ひきのみち","cls":"pedestrian","shops":0,"st_km":2.05,"mesh":"53397380"},"geometry":{"type":"LineString","coordinates":[[139.3809,35.98975],[139.38094,35.98987],[139.38117,35.99014],[139.38143,35.99078]]}},{"type":"Feature","properties":{"idx":976,"road":"","cls":"tertiary","shops":5,"st_km":0.12,"mesh":"53397341"},"geometry":{"type":"LineString","coordinates":[[139.39363,35.95635],[139.39316,35.95635]]}},{"type":"Feature","properties":{"idx":73,"road":"電大通り","cls":"tertiary","shops":0,"st_km":1.99,"mesh":"53397380"},"geometry":{"type":"LineString","coordinates":[[139.38038,35.98816],[139.38097,35.9885],[139.38261,35.98889],[139.38288,35.98905],[139.38368,35.98998],[139.38409,35.99063],[139.38476,35.99189]]}},{"type":"Feature","properties":{"idx":88,"road":"桜山通り","cls":"tertiary","shops":0,"st_km":1.61,"mesh":"53397380"},"geometry":{"type":"LineString","coordinates":[[139.38732,35.99132],[139.38719,35.99107]]}},{"type":"Feature","properties":{"idx":119,"road":"ひきのみち","cls":"pedestrian","shops":0,"st_km":1.35,"mesh":"53397391"},"geometry":{"type":"LineString","coordinates":[[139.38744,35.99339],[139.38807,35.99319],[139.38898,35.9934],[139.38978,35.99322]]}},{"type":"Feature","properties":{"idx":45,"road":"国道407号旧道","cls":"tertiary","shops":0,"st_km":1.49,"mesh":"53397382"},"geometry":{"type":"LineString","coordinates":[[139.40281,35.99041],[139.4029,35.99027],[139.4031,35.99012]]}},{"type":"Feature","properties":{"idx":232,"road":"","cls":"tertiary","shops":1,"st_km":0.72,"mesh":"53397341"},"geometry":{"type":"LineString","coordinates":[[139.39303,35.9512],[139.39279,35.95042]]}},{"type":"Feature","properties":{"idx":162,"road":"","cls":"tertiary","shops":0,"st_km":0.67,"mesh":"53397341"},"geometry":{"type":"LineString","coordinates":[[139.39306,35.95135],[139.39303,35.9512]]}},{"type":"Feature","properties":{"idx":488,"road":"","cls":"tertiary","shops":1,"st_km":0.08,"mesh":"53397332"},"geometry":{"type":"LineString","coordinates":[[139.40778,35.94854],[139.40802,35.9487]]}},{"type":"Feature","properties":{"idx":100,"road":"","cls":"pedestrian","shops":0,"st_km":1.68,"mesh":"53397301"},"geometry":{"type":"LineString","coordinates":[[139.39846,35.92309],[139.39874,35.92296],[139.39918,35.92259],[139.39986,35.92216],[139.3995,35.92176],[139.39938,35.92146],[139.39912,35.92121],[139.39903,35.92137],[139.39891,35.92146],[139.39856,35.92163],[139.39855,35.92172],[139.39863,35.92186],[139.39907,35.92231],[139.39897,35.92239]]}},{"type":"Feature","properties":{"idx":44,"road":"","cls":"tertiary","shops":0,"st_km":1.51,"mesh":"53397382"},"geometry":{"type":"LineString","coordinates":[[139.4031,35.99012],[139.40317,35.99005]]}},{"type":"Feature","properties":{"idx":1323,"road":"川越日高線","cls":"primary","shops":5,"st_km":1.81,"mesh":"53397309"},"geometry":{"type":"LineString","coordinates":[[139.50178,35.91931],[139.4996,35.91911],[139.49818,35.91885]]}},{"type":"Feature","properties":{"idx":457,"road":"中央通り","cls":"secondary","shops":2,"st_km":0.38,"mesh":"53397308"},"geometry":{"type":"LineString","coordinates":[[139.48254,35.91603],[139.48265,35.9177]]}},{"type":"Feature","properties":{"idx":169,"road":"","cls":"tertiary","shops":0,"st_km":1.35,"mesh":"53397350"},"geometry":{"type":"LineString","coordinates":[[139.38365,35.96666],[139.38369,35.96587],[139.38375,35.96582],[139.38399,35.96585]]}},{"type":"Feature","properties":{"idx":367,"road":"","cls":"tertiary","shops":0,"st_km":1.0,"mesh":"53397316"},"geometry":{"type":"LineString","coordinates":[[139.45541,35.92847],[139.45299,35.92979],[139.45272,35.92989]]}},{"type":"Feature","properties":{"idx":343,"road":"","cls":"tertiary","shops":0,"st_km":1.08,"mesh":"53397316"},"geometry":{"type":"LineString","coordinates":[[139.45553,35.92841],[139.45541,35.92847]]}},{"type":"Feature","properties":{"idx":472,"road":"","cls":"pedestrian","shops":0,"st_km":0.92,"mesh":"53397314"},"geometry":{"type":"LineString","coordinates":[[139.43456,35.92873],[139.43534,35.92965]]}},{"type":"Feature","properties":{"idx":775,"road":"","cls":"tertiary","shops":0,"st_km":0.43,"mesh":"53397304"},"geometry":{"type":"LineString","coordinates":[[139.42908,35.91926],[139.43147,35.91967],[139.43377,35.9199]]}},{"type":"Feature","properties":{"idx":1377,"road":"おいせ橋通り","cls":"tertiary","shops":2,"st_km":0.56,"mesh":"53397304"},"geometry":{"type":"LineString","coordinates":[[139.42908,35.91926],[139.42957,35.91746]]}},{"type":"Feature","properties":{"idx":299,"road":"","cls":"tertiary","shops":0,"st_km":2.26,"mesh":"53397300"},"geometry":{"type":"LineString","coordinates":[[139.39023,35.92282],[139.38849,35.9208],[139.38767,35.92094],[139.38737,35.92089],[139.38698,35.9207],[139.38688,35.92036],[139.38693,35.92007],[139.38731,35.91946],[139.38741,35.91913],[139.3869,35.91731]]}},{"type":"Feature","properties":{"idx":247,"road":"川越北環状線","cls":"secondary","shops":0,"st_km":0.79,"mesh":"53397307"},"geometry":{"type":"LineString","coordinates":[[139.46537,35.92289],[139.46623,35.92462],[139.46658,35.92564]]}},{"type":"Feature","properties":{"idx":279,"road":"川越北環状線","cls":"secondary","shops":0,"st_km":0.6,"mesh":"53397307"},"geometry":{"type":"LineString","coordinates":[[139.46547,35.92289],[139.46513,35.92187]]}},{"type":"Feature","properties":{"idx":426,"road":"かすみ北通り","cls":"tertiary","shops":0,"st_km":0.67,"mesh":"53397314"},"geometry":{"type":"LineString","coordinates":[[139.43182,35.92557],[139.43707,35.92577],[139.44117,35.9246]]}},{"type":"Feature","properties":{"idx":80,"road":"鶴ヶ島市道1015号線","cls":"tertiary","shops":0,"st_km":1.5,"mesh":"53397301"},"geometry":{"type":"LineString","coordinates":[[139.40138,35.91923],[139.39721,35.92057]]}},{"type":"Feature","properties":{"idx":232,"road":"","cls":"tertiary","shops":0,"st_km":3.2,"mesh":"53397338"},"geometry":{"type":"LineString","coordinates":[[139.47769,35.94433],[139.47757,35.94392]]}},{"type":"Feature","properties":{"idx":232,"road":"国道254号旧道","cls":"tertiary","shops":0,"st_km":3.2,"mesh":"53397338"},"geometry":{"type":"LineString","coordinates":[[139.47757,35.94392],[139.47747,35.94447]]}},{"type":"Feature","properties":{"idx":68,"road":"","cls":"tertiary","shops":0,"st_km":1.81,"mesh":"53397301"},"geometry":{"type":"LineString","coordinates":[[139.38822,35.91711],[139.38921,35.91697],[139.3897,35.91698],[139.39157,35.91747]]}},{"type":"Feature","properties":{"idx":1134,"road":"川越越生線","cls":"secondary","shops":0,"st_km":0.17,"mesh":"53397304"},"geometry":{"type":"LineString","coordinates":[[139.43566,35.9129],[139.43589,35.91429],[139.43612,35.91504],[139.43621,35.91562],[139.4384,35.91902],[139.43891,35.91997],[139.43918,35.92081]]}},{"type":"Feature","properties":{"idx":71,"road":"","cls":"tertiary","shops":0,"st_km":1.73,"mesh":"53397301"},"geometry":{"type":"LineString","coordinates":[[139.39157,35.91747],[139.39221,35.91771],[139.39251,35.91789],[139.39271,35.91809],[139.39342,35.91903],[139.39371,35.91933],[139.3941,35.91959],[139.39468,35.91983],[139.39524,35.91996],[139.39591,35.91999],[139.39664,35.91995],[139.39684,35.92003],[139.39699,35.92016],[139.39721,35.92057]]}},{"type":"Feature","properties":{"idx":305,"road":"川越北環状線","cls":"secondary","shops":0,"st_km":0.48,"mesh":"53397307"},"geometry":{"type":"LineString","coordinates":[[139.46646,35.91679],[139.46547,35.91864],[139.4651,35.91962],[139.46499,35.92015],[139.46494,35.92072],[139.46495,35.92127],[139.46504,35.92188]]}},{"type":"Feature","properties":{"idx":303,"road":"川越北環状線","cls":"secondary","shops":0,"st_km":0.49,"mesh":"53397307"},"geometry":{"type":"LineString","coordinates":[[139.46513,35.92187],[139.46504,35.92127],[139.46503,35.92072],[139.4652,35.91963],[139.46556,35.91868],[139.46655,35.91681]]}},{"type":"Feature","properties":{"idx":280,"road":"川越北環状線","cls":"secondary","shops":0,"st_km":0.6,"mesh":"53397307"},"geometry":{"type":"LineString","coordinates":[[139.46504,35.92188],[139.46537,35.92289]]}},{"type":"Feature","properties":{"idx":17,"road":"石坂高坂停車場線","cls":"secondary","shops":0,"st_km":1.83,"mesh":"53397370"},"geometry":{"type":"LineString","coordinates":[[139.38127,35.98248],[139.38117,35.98244]]}},{"type":"Feature","properties":{"idx":55,"road":"並木通り","cls":"tertiary","shops":0,"st_km":1.7,"mesh":"53397390"},"geometry":{"type":"LineString","coordinates":[[139.38335,35.99473],[139.3832,35.99361],[139.38324,35.99327],[139.38335,35.99299],[139.38359,35.99261],[139.38385,35.99234],[139.38424,35.9921],[139.38496,35.99182]]}},{"type":"Feature","properties":{"idx":60,"road":"電大通り","cls":"tertiary","shops":0,"st_km":2.61,"mesh":"53397380"},"geometry":{"type":"LineString","coordinates":[[139.37344,35.98692],[139.37408,35.98692],[139.37448,35.98703],[139.37468,35.98723],[139.37496,35.98794],[139.37514,35.98808],[139.37537,35.98815],[139.37576,35.98813],[139.37658,35.98779],[139.37692,35.98773],[139.37734,35.98776],[139.37781,35.98789]]}},{"type":"Feature","properties":{"idx":58,"road":"並木通り","cls":"tertiary","shops":0,"st_km":1.6,"mesh":"53397381"},"geometry":{"type":"LineString","coordinates":[[139.38719,35.99107],[139.39265,35.9892],[139.39323,35.98904],[139.39378,35.98898],[139.39425,35.98899],[139.3948,35.98909],[139.39946,35.99072]]}},{"type":"Feature","properties":{"idx":178,"road":"並木通り","cls":"tertiary","shops":3,"st_km":1.27,"mesh":"53397390"},"geometry":{"type":"LineString","coordinates":[[139.38467,36.0008],[139.38421,36.00003],[139.38412,35.99971],[139.38395,35.99857]]}},{"type":"Feature","properties":{"idx":347,"road":"","cls":"tertiary","shops":0,"st_km":0.81,"mesh":"53397351"},"geometry":{"type":"LineString","coordinates":[[139.39444,35.95999],[139.39968,35.96664],[139.40194,35.96959]]}},{"type":"Feature","properties":{"idx":323,"road":"鴻巣川島線","cls":"primary","shops":0,"st_km":5.05,"mesh":"53397357"},"geometry":{"type":"LineString","coordinates":[[139.46661,35.96858],[139.46687,35.96825],[139.46861,35.96567],[139.46897,35.96524],[139.46955,35.96469]]}},{"type":"Feature","properties":{"idx":970,"road":"上伊草坂戸線","cls":"secondary","shops":1,"st_km":5.19,"mesh":"53397367"},"geometry":{"type":"LineString","coordinates":[[139.46384,35.96997],[139.46573,35.96912],[139.46632,35.9688],[139.46661,35.96858]]}},{"type":"Feature","properties":{"idx":257,"road":"岩殿観音南戸守線","cls":"secondary","shops":1,"st_km":3.93,"mesh":"53397395"},"geometry":{"type":"LineString","coordinates":[[139.43875,35.99405],[139.44031,35.99182]]}},{"type":"Feature","properties":{"idx":156,"road":"","cls":"tertiary","shops":0,"st_km":4.58,"mesh":"53397385"},"geometry":{"type":"LineString","coordinates":[[139.4448,35.98706],[139.44483,35.98649],[139.4455,35.98243]]}},{"type":"Feature","properties":{"idx":242,"road":"川越坂戸毛呂山線旧道","cls":"tertiary","shops":1,"st_km":0.87,"mesh":"53397333"},"geometry":{"type":"LineString","coordinates":[[139.41533,35.94539],[139.41598,35.945],[139.41748,35.94387],[139.4186,35.94329],[139.42232,35.94226],[139.42263,35.9423]]}},{"type":"Feature","properties":{"idx":182,"road":"","cls":"tertiary","shops":0,"st_km":2.18,"mesh":"53397354"},"geometry":{"type":"LineString","coordinates":[[139.42361,35.96173],[139.42488,35.96246],[139.42601,35.96297],[139.42724,35.96334],[139.42822,35.96351]]}},{"type":"Feature","properties":{"idx":224,"road":"片柳川越線","cls":"secondary","shops":0,"st_km":1.96,"mesh":"53397354"},"geometry":{"type":"LineString","coordinates":[[139.42361,35.96173],[139.42643,35.95914],[139.42813,35.9585],[139.43,35.95735]]}},{"type":"Feature","properties":{"idx":134,"road":"片柳川越線","cls":"secondary","shops":0,"st_km":2.11,"mesh":"53397345"},"geometry":{"type":"LineString","coordinates":[[139.43771,35.95222],[139.43738,35.95229]]}},{"type":"Feature","properties":{"idx":97,"road":"","cls":"tertiary","shops":0,"st_km":2.83,"mesh":"53397345"},"geometry":{"type":"LineString","coordinates":[[139.44969,35.95395],[139.44972,35.95272],[139.44981,35.95166],[139.45018,35.95002],[139.45059,35.94851]]}},{"type":"Feature","properties":{"idx":526,"road":"片柳川越線","cls":"secondary","shops":0,"st_km":2.2,"mesh":"53397335"},"geometry":{"type":"LineString","coordinates":[[139.45059,35.94851],[139.44968,35.94824],[139.44885,35.94794],[139.44853,35.9479],[139.44613,35.94837],[139.44343,35.94864],[139.44282,35.94876],[139.44232,35.949],[139.44167,35.94946],[139.43845,35.95193],[139.43809,35.95211],[139.43771,35.95222]]}},{"type":"Feature","properties":{"idx":54,"road":"川越北環状線","cls":"secondary","shops":0,"st_km":2.38,"mesh":"53397327"},"geometry":{"type":"LineString","coordinates":[[139.47166,35.94043],[139.47009,35.93837],[139.46949,35.93751],[139.46925,35.93706]]}},{"type":"Feature","properties":{"idx":54,"road":"片柳川越線","cls":"secondary","shops":0,"st_km":2.32,"mesh":"53397327"},"geometry":{"type":"LineString","coordinates":[[139.46918,35.93715],[139.46821,35.93837],[139.4678,35.93897],[139.46777,35.9391],[139.46775,35.93927],[139.46799,35.93997],[139.46827,35.94123]]}},{"type":"Feature","properties":{"idx":1271,"road":"川越北環状線","cls":"secondary","shops":2,"st_km":1.52,"mesh":"53397317"},"geometry":{"type":"LineString","coordinates":[[139.46878,35.93552],[139.46852,35.93347],[139.46695,35.92668]]}},{"type":"Feature","properties":{"idx":1127,"road":"片柳川越線","cls":"secondary","shops":1,"st_km":2.23,"mesh":"53397353"},"geometry":{"type":"LineString","coordinates":[[139.42075,35.97058],[139.42086,35.97021],[139.42102,35.96809],[139.42157,35.96657],[139.42182,35.96553],[139.42198,35.96426],[139.42208,35.96391],[139.42235,35.96332],[139.42267,35.96286],[139.42361,35.96173]]}},{"type":"Feature","properties":{"idx":34,"road":"日高川島線","cls":"primary","shops":0,"st_km":2.39,"mesh":"53397373"},"geometry":{"type":"LineString","coordinates":[[139.4203,35.97562],[139.42156,35.97564],[139.42172,35.97568],[139.4226,35.97617],[139.42275,35.97628],[139.42294,35.97657],[139.42303,35.9771],[139.42315,35.97739],[139.4234,35.97768],[139.42399,35.97822]]}},{"type":"Feature","properties":{"idx":102,"road":"","cls":"tertiary","shops":0,"st_km":6.39,"mesh":"53397389"},"geometry":{"type":"LineString","coordinates":[[139.4844,35.98542],[139.48672,35.98507],[139.48896,35.98491],[139.49057,35.98493],[139.49245,35.98509],[139.4936,35.98528],[139.49499,35.98557],[139.49624,35.98594],[139.49738,35.98634],[139.49841,35.98676],[139.4989,35.98697],[139.49984,35.9875],[139.50025,35.98744]]}},{"type":"Feature","properties":{"idx":140,"road":"","cls":"tertiary","shops":0,"st_km":6.59,"mesh":"53397388"},"geometry":{"type":"LineString","coordinates":[[139.4844,35.98542],[139.48436,35.9857],[139.48439,35.98658],[139.48407,35.98848],[139.48373,35.99036],[139.48332,35.99151]]}},{"type":"Feature","properties":{"idx":615,"road":"","cls":"tertiary","shops":0,"st_km":6.28,"mesh":"53397398"},"geometry":{"type":"LineString","coordinates":[[139.48373,35.99306],[139.4828,35.99308]]}},{"type":"Feature","properties":{"idx":154,"road":"","cls":"tertiary","shops":0,"st_km":1.45,"mesh":"53397325"},"geometry":{"type":"LineString","coordinates":[[139.45259,35.93909],[139.45143,35.93919],[139.45085,35.93917],[139.44812,35.93857],[139.44747,35.93819],[139.44667,35.93765],[139.44604,35.93696],[139.445,35.93622],[139.44452,35.93577],[139.44391,35.93512],[139.4438,35.93486]]}},{"type":"Feature","properties":{"idx":447,"road":"","cls":"tertiary","shops":4,"st_km":0.11,"mesh":"53397323"},"geometry":{"type":"LineString","coordinates":[[139.42277,35.93624],[139.42376,35.9356]]}},{"type":"Feature","properties":{"idx":1610,"road":"川鶴けやき通り","cls":"tertiary","shops":2,"st_km":0.53,"mesh":"53397313"},"geometry":{"type":"LineString","coordinates":[[139.42376,35.9356],[139.42157,35.93377],[139.41956,35.93184],[139.41764,35.92987]]}},{"type":"Feature","properties":{"idx":105,"road":"鶴ヶ島市道1015号線","cls":"tertiary","shops":0,"st_km":1.47,"mesh":"53397302"},"geometry":{"type":"LineString","coordinates":[[139.40147,35.91931],[139.40344,35.92085],[139.4042,35.92127],[139.4048,35.92152]]}},{"type":"Feature","properties":{"idx":398,"road":"川鶴けやき通り","cls":"tertiary","shops":0,"st_km":1.41,"mesh":"53397313"},"geometry":{"type":"LineString","coordinates":[[139.41652,35.9287],[139.4131,35.92517],[139.41248,35.92461]]}},{"type":"Feature","properties":{"idx":479,"road":"おいせ橋通り","cls":"tertiary","shops":0,"st_km":1.14,"mesh":"53397313"},"geometry":{"type":"LineString","coordinates":[[139.41652,35.9287],[139.42006,35.92643]]}},{"type":"Feature","properties":{"idx":1783,"road":"川越日高線","cls":"primary","shops":0,"st_km":0.45,"mesh":"53397305"},"geometry":{"type":"LineString","coordinates":[[139.43045,35.91432],[139.43218,35.91474],[139.43448,35.91504],[139.43498,35.91514],[139.43626,35.91569],[139.43753,35.91608],[139.439,35.91726],[139.43925,35.91742],[139.43946,35.91748],[139.44043,35.91763],[139.44097,35.91766],[139.44318,35.91739],[139.4437,35.91742],[139.44413,35.91758],[139.44554,35.91829],[139.44933,35.91977],[139.44997,35.91985],[139.45063,35.9196]]}},{"type":"Feature","properties":{"idx":455,"road":"川越日高線","cls":"primary","shops":2,"st_km":0.49,"mesh":"53397308"},"geometry":{"type":"LineString","coordinates":[[139.482,35.91819],[139.47914,35.91825],[139.47563,35.91855]]}},{"type":"Feature","properties":{"idx":499,"road":"川越日高線","cls":"primary","shops":3,"st_km":0.63,"mesh":"53397308"},"geometry":{"type":"LineString","coordinates":[[139.48537,35.91918],[139.48432,35.91893],[139.4827,35.9184]]}},{"type":"Feature","properties":{"idx":330,"road":"川越日高線","cls":"primary","shops":1,"st_km":0.52,"mesh":"53397308"},"geometry":{"type":"LineString","coordinates":[[139.4751,35.91856],[139.47528,35.91856]]}},{"type":"Feature","properties":{"idx":928,"road":"国道254号旧道","cls":"tertiary","shops":0,"st_km":2.68,"mesh":"53397328"},"geometry":{"type":"LineString","coordinates":[[139.47956,35.93301],[139.478,35.93637],[139.47789,35.93678],[139.47782,35.93753],[139.47817,35.94035],[139.47757,35.94392]]}},{"type":"Feature","properties":{"idx":231,"road":"川越上尾線","cls":"primary","shops":1,"st_km":0.92,"mesh":"53397308"},"geometry":{"type":"LineString","coordinates":[[139.48505,35.92338],[139.48485,35.92238],[139.48507,35.92204],[139.48537,35.91918]]}},{"type":"Feature","properties":{"idx":306,"road":"川越上尾線","cls":"primary","shops":0,"st_km":1.6,"mesh":"53397318"},"geometry":{"type":"LineString","coordinates":[[139.48845,35.92723],[139.48793,35.92729],[139.48576,35.92729]]}},{"type":"Feature","properties":{"idx":289,"road":"初雁城（川越城）通り","cls":"tertiary","shops":1,"st_km":1.57,"mesh":"53397319"},"geometry":{"type":"LineString","coordinates":[[139.48906,35.92489],[139.49195,35.92551],[139.49288,35.92589]]}},{"type":"Feature","properties":{"idx":638,"road":"日光脇往還","cls":"primary","shops":0,"st_km":0.41,"mesh":"53397351"},"geometry":{"type":"LineString","coordinates":[[139.39,35.95665],[139.39053,35.95738],[139.39089,35.95846],[139.39124,35.9591],[139.39594,35.96458]]}},{"type":"Feature","properties":{"idx":508,"road":"日高川島線","cls":"primary","shops":0,"st_km":0.63,"mesh":"53397351"},"geometry":{"type":"LineString","coordinates":[[139.3976,35.96648],[139.39787,35.96643],[139.39869,35.96646],[139.39941,35.96668],[139.40018,35.96698],[139.401,35.9669]]}},{"type":"Feature","properties":{"idx":822,"road":"日高川島線","cls":"primary","shops":2,"st_km":1.45,"mesh":"53397340"},"geometry":{"type":"LineString","coordinates":[[139.37779,35.94958],[139.37821,35.94995],[139.37874,35.95028],[139.38094,35.95138],[139.38171,35.95169]]}},{"type":"Feature","properties":{"idx":662,"road":"川越北環状線","cls":"secondary","shops":0,"st_km":1.4,"mesh":"53397317"},"geometry":{"type":"LineString","coordinates":[[139.46683,35.92668],[139.46841,35.93348]]}},{"type":"Feature","properties":{"idx":59,"road":"川越北環状線","cls":"secondary","shops":0,"st_km":1.88,"mesh":"53397327"},"geometry":{"type":"LineString","coordinates":[[139.46841,35.93348],[139.46866,35.93552]]}},{"type":"Feature","properties":{"idx":56,"road":"川越北環状線","cls":"secondary","shops":0,"st_km":2.13,"mesh":"53397327"},"geometry":{"type":"LineString","coordinates":[[139.46925,35.93706],[139.46903,35.93652]]}},{"type":"Feature","properties":{"idx":57,"road":"川越北環状線","cls":"secondary","shops":0,"st_km":2.04,"mesh":"53397327"},"geometry":{"type":"LineString","coordinates":[[139.46866,35.93552],[139.46892,35.93653]]}},{"type":"Feature","properties":{"idx":57,"road":"川越北環状線","cls":"secondary","shops":0,"st_km":2.04,"mesh":"53397327"},"geometry":{"type":"LineString","coordinates":[[139.46903,35.93652],[139.46886,35.93599],[139.46878,35.93552]]}},{"type":"Feature","properties":{"idx":520,"road":"川越坂戸毛呂山線旧道","cls":"tertiary","shops":0,"st_km":1.79,"mesh":"53397317"},"geometry":{"type":"LineString","coordinates":[[139.47377,35.93177],[139.47336,35.93181],[139.47066,35.93165]]}},{"type":"Feature","properties":{"idx":534,"road":"川越坂戸毛呂山線旧道","cls":"tertiary","shops":0,"st_km":1.7,"mesh":"53397317"},"geometry":{"type":"LineString","coordinates":[[139.47066,35.93165],[139.47061,35.93165]]}},{"type":"Feature","properties":{"idx":371,"road":"","cls":"tertiary","shops":1,"st_km":0.86,"mesh":"53397316"},"geometry":{"type":"LineString","coordinates":[[139.45683,35.92684],[139.46171,35.92676]]}},{"type":"Feature","properties":{"idx":246,"road":"","cls":"tertiary","shops":0,"st_km":0.87,"mesh":"53397316"},"geometry":{"type":"LineString","coordinates":[[139.46171,35.92676],[139.46178,35.92676]]}},{"type":"Feature","properties":{"idx":856,"road":"","cls":"tertiary","shops":0,"st_km":1.41,"mesh":"53397317"},"geometry":{"type":"LineString","coordinates":[[139.47187,35.9266],[139.47579,35.92653]]}},{"type":"Feature","properties":{"idx":598,"road":"","cls":"tertiary","shops":0,"st_km":1.36,"mesh":"53397317"},"geometry":{"type":"LineString","coordinates":[[139.47179,35.9266],[139.47187,35.9266]]}},{"type":"Feature","properties":{"idx":65,"road":"","cls":"tertiary","shops":0,"st_km":1.0,"mesh":"53397323"},"geometry":{"type":"LineString","coordinates":[[139.4147,35.93622],[139.41396,35.93665],[139.41376,35.93686],[139.41341,35.93737],[139.41333,35.93807],[139.41293,35.93857],[139.41242,35.939],[139.41118,35.94052]]}},{"type":"Feature","properties":{"idx":302,"road":"","cls":"tertiary","shops":0,"st_km":0.95,"mesh":"53397322"},"geometry":{"type":"LineString","coordinates":[[139.41118,35.94052],[139.411,35.94076]]}},{"type":"Feature","properties":{"idx":729,"road":"","cls":"tertiary","shops":8,"st_km":0.13,"mesh":"53397323"},"geometry":{"type":"LineString","coordinates":[[139.42254,35.9364],[139.42277,35.93624]]}},{"type":"Feature","properties":{"idx":276,"road":"駅通り","cls":"tertiary","shops":2,"st_km":0.18,"mesh":"53397323"},"geometry":{"type":"LineString","coordinates":[[139.42533,35.93956],[139.42395,35.93867],[139.42287,35.93784],[139.42163,35.93698]]}},{"type":"Feature","properties":{"idx":1612,"road":"駅通り","cls":"tertiary","shops":3,"st_km":0.4,"mesh":"53397324"},"geometry":{"type":"LineString","coordinates":[[139.42703,35.94015],[139.42698,35.94004],[139.42533,35.93956]]}},{"type":"Feature","properties":{"idx":190,"road":"","cls":"primary","shops":1,"st_km":0.49,"mesh":"53397323"},"geometry":{"type":"LineString","coordinates":[[139.42447,35.94086],[139.42367,35.94148]]}},{"type":"Feature","properties":{"idx":268,"road":"","cls":"primary","shops":0,"st_km":0.56,"mesh":"53397333"},"geometry":{"type":"LineString","coordinates":[[139.42367,35.94148],[139.42308,35.94192]]}},{"type":"Feature","properties":{"idx":215,"road":"","cls":"primary","shops":0,"st_km":1.28,"mesh":"53397325"},"geometry":{"type":"LineString","coordinates":[[139.44053,35.93617],[139.43588,35.93822]]}},{"type":"Feature","properties":{"idx":230,"road":"","cls":"primary","shops":0,"st_km":1.18,"mesh":"53397325"},"geometry":{"type":"LineString","coordinates":[[139.44205,35.93553],[139.44053,35.93617]]}},{"type":"Feature","properties":{"idx":627,"road":"","cls":"tertiary","shops":0,"st_km":0.82,"mesh":"53397334"},"geometry":{"type":"LineString","coordinates":[[139.42707,35.94415],[139.42685,35.94398],[139.426,35.94354]]}},{"type":"Feature","properties":{"idx":333,"road":"川越越生線","cls":"secondary","shops":0,"st_km":1.11,"mesh":"53397314"},"geometry":{"type":"LineString","coordinates":[[139.4363,35.93331],[139.43674,35.93326]]}},{"type":"Feature","properties":{"idx":634,"road":"川越越生線","cls":"secondary","shops":0,"st_km":0.46,"mesh":"53397315"},"geometry":{"type":"LineString","coordinates":[[139.44273,35.92701],[139.44343,35.92809],[139.44373,35.92864],[139.44377,35.93024],[139.44337,35.93227]]}},{"type":"Feature","properties":{"idx":1657,"road":"川越越生線","cls":"secondary","shops":2,"st_km":0.19,"mesh":"53397315"},"geometry":{"type":"LineString","coordinates":[[139.44117,35.9246],[139.44273,35.92701]]}},{"type":"Feature","properties":{"idx":171,"road":"","cls":"tertiary","shops":0,"st_km":1.57,"mesh":"53397303"},"geometry":{"type":"LineString","coordinates":[[139.41727,35.91797],[139.41794,35.91871]]}},{"type":"Feature","properties":{"idx":52,"road":"片柳川越線","cls":"secondary","shops":0,"st_km":2.57,"mesh":"53397327"},"geometry":{"type":"LineString","coordinates":[[139.46813,35.94126],[139.46581,35.9418]]}},{"type":"Feature","properties":{"idx":38,"road":"","cls":"tertiary","shops":0,"st_km":5.73,"mesh":"53397359"},"geometry":{"type":"LineString","coordinates":[[139.48962,35.9649],[139.48966,35.96481]]}},{"type":"Feature","properties":{"idx":38,"road":"","cls":"tertiary","shops":0,"st_km":5.74,"mesh":"53397359"},"geometry":{"type":"LineString","coordinates":[[139.48956,35.96502],[139.48962,35.9649]]}},{"type":"Feature","properties":{"idx":62,"road":"","cls":"tertiary","shops":0,"st_km":3.15,"mesh":"53397355"},"geometry":{"type":"LineString","coordinates":[[139.43923,35.96223],[139.44033,35.96196]]}},{"type":"Feature","properties":{"idx":63,"road":"","cls":"tertiary","shops":0,"st_km":3.14,"mesh":"53397355"},"geometry":{"type":"LineString","coordinates":[[139.44033,35.96196],[139.4394,35.9621],[139.43879,35.96241]]}},{"type":"Feature","properties":{"idx":63,"road":"","cls":"tertiary","shops":0,"st_km":3.11,"mesh":"53397355"},"geometry":{"type":"LineString","coordinates":[[139.43852,35.96269],[139.43882,35.96244],[139.43923,35.96223]]}},{"type":"Feature","properties":{"idx":215,"road":"","cls":"tertiary","shops":0,"st_km":2.09,"mesh":"53397344"},"geometry":{"type":"LineString","coordinates":[[139.43006,35.95731],[139.42965,35.95699],[139.42922,35.95653]]}},{"type":"Feature","properties":{"idx":230,"road":"","cls":"tertiary","shops":0,"st_km":1.93,"mesh":"53397344"},"geometry":{"type":"LineString","coordinates":[[139.42771,35.95444],[139.42885,35.9561],[139.42922,35.95653]]}},{"type":"Feature","properties":{"idx":215,"road":"","cls":"tertiary","shops":0,"st_km":2.09,"mesh":"53397344"},"geometry":{"type":"LineString","coordinates":[[139.42922,35.95653],[139.4296,35.95699],[139.43,35.95735]]}},{"type":"Feature","properties":{"idx":724,"road":"川越坂戸毛呂山線","cls":"primary","shops":0,"st_km":1.44,"mesh":"53397317"},"geometry":{"type":"LineString","coordinates":[[139.46807,35.9315],[139.46629,35.93142],[139.4633,35.93142],[139.4628,35.9315],[139.46229,35.93184]]}},{"type":"Feature","properties":{"idx":149,"road":"鯨井狭山線","cls":"secondary_link","shops":0,"st_km":1.08,"mesh":"53397325"},"geometry":{"type":"LineString","coordinates":[[139.44695,35.935],[139.44623,35.93486]]}},{"type":"Feature","properties":{"idx":150,"road":"","cls":"secondary_link","shops":0,"st_km":1.07,"mesh":"53397325"},"geometry":{"type":"LineString","coordinates":[[139.44625,35.93496],[139.44623,35.93486]]}},{"type":"Feature","properties":{"idx":151,"road":"鯨井狭山線","cls":"secondary_link","shops":0,"st_km":1.06,"mesh":"53397325"},"geometry":{"type":"LineString","coordinates":[[139.44623,35.93486],[139.44609,35.93484]]}},{"type":"Feature","properties":{"idx":151,"road":"","cls":"secondary_link","shops":0,"st_km":1.07,"mesh":"53397325"},"geometry":{"type":"LineString","coordinates":[[139.44609,35.93484],[139.44625,35.93496]]}},{"type":"Feature","properties":{"idx":150,"road":"","cls":"secondary_link","shops":0,"st_km":1.07,"mesh":"53397325"},"geometry":{"type":"LineString","coordinates":[[139.44605,35.93483],[139.44611,35.93487],[139.4461,35.93493],[139.44593,35.93495]]}},{"type":"Feature","properties":{"idx":261,"road":"","cls":"secondary_link","shops":0,"st_km":1.0,"mesh":"53397315"},"geometry":{"type":"LineString","coordinates":[[139.43753,35.93295],[139.43751,35.9329],[139.43775,35.93272],[139.43775,35.93263]]}},{"type":"Feature","properties":{"idx":402,"road":"川越越生線","cls":"secondary","shops":0,"st_km":0.97,"mesh":"53397315"},"geometry":{"type":"LineString","coordinates":[[139.43773,35.93265],[139.43794,35.93251]]}},{"type":"Feature","properties":{"idx":792,"road":"川越北環状線","cls":"secondary","shops":0,"st_km":1.0,"mesh":"53397317"},"geometry":{"type":"LineString","coordinates":[[139.46695,35.92668],[139.46669,35.92564]]}},{"type":"Feature","properties":{"idx":795,"road":"川越北環状線","cls":"secondary","shops":0,"st_km":0.99,"mesh":"53397317"},"geometry":{"type":"LineString","coordinates":[[139.46658,35.92564],[139.46683,35.92668]]}},{"type":"Feature","properties":{"idx":417,"road":"川越日高線","cls":"primary","shops":0,"st_km":1.62,"mesh":"53397309"},"geometry":{"type":"LineString","coordinates":[[139.498,35.91881],[139.49787,35.91879]]}},{"type":"Feature","properties":{"idx":236,"road":"片柳川越線","cls":"secondary","shops":0,"st_km":2.14,"mesh":"53397344"},"geometry":{"type":"LineString","coordinates":[[139.43714,35.95234],[139.43513,35.95281],[139.43479,35.95297],[139.43401,35.95399],[139.43298,35.95474],[139.43114,35.95654],[139.43,35.95735]]}},{"type":"Feature","properties":{"idx":63,"road":"","cls":"tertiary","shops":0,"st_km":3.1,"mesh":"53397355"},"geometry":{"type":"LineString","coordinates":[[139.43879,35.96241],[139.43852,35.96269]]}},{"type":"Feature","properties":{"idx":505,"road":"中央通り","cls":"secondary","shops":3,"st_km":0.51,"mesh":"53397308"},"geometry":{"type":"LineString","coordinates":[[139.48265,35.9177],[139.4827,35.9184]]}},{"type":"Feature","properties":{"idx":551,"road":"川越日高線","cls":"primary","shops":3,"st_km":0.52,"mesh":"53397308"},"geometry":{"type":"LineString","coordinates":[[139.4827,35.9184],[139.482,35.91819]]}},{"type":"Feature","properties":{"idx":71,"road":"鶴ヶ島市道1015号線","cls":"tertiary","shops":0,"st_km":1.72,"mesh":"53397301"},"geometry":{"type":"LineString","coordinates":[[139.3915,35.92253],[139.40147,35.91931]]}},{"type":"Feature","properties":{"idx":88,"road":"","cls":"tertiary","shops":0,"st_km":1.81,"mesh":"53397302"},"geometry":{"type":"LineString","coordinates":[[139.40482,35.92343],[139.40349,35.9234],[139.40266,35.92351],[139.40212,35.92339],[139.39986,35.92337],[139.39892,35.92346],[139.39801,35.92337]]}},{"type":"Feature","properties":{"idx":76,"road":"かわじま中央通り","cls":"tertiary","shops":0,"st_km":6.7,"mesh":"53397387"},"geometry":{"type":"LineString","coordinates":[[139.46863,35.9876],[139.47034,35.98721]]}},{"type":"Feature","properties":{"idx":52,"road":"川越北環状線","cls":"secondary","shops":0,"st_km":2.67,"mesh":"53397327"},"geometry":{"type":"LineString","coordinates":[[139.47233,35.94176],[139.47201,35.94099],[139.47166,35.94043]]}},{"type":"Feature","properties":{"idx":642,"road":"","cls":"tertiary","shops":0,"st_km":0.62,"mesh":"53397342"},"geometry":{"type":"LineString","coordinates":[[139.40178,35.95185],[139.40308,35.95067]]}},{"type":"Feature","properties":{"idx":220,"road":"","cls":"tertiary","shops":0,"st_km":2.02,"mesh":"53397344"},"geometry":{"type":"LineString","coordinates":[[139.42796,35.95371],[139.42865,35.9549],[139.42917,35.95565],[139.42971,35.95632],[139.43019,35.95681],[139.43035,35.95688],[139.43053,35.95683],[139.43112,35.95585]]}},{"type":"Feature","properties":{"idx":242,"road":"","cls":"tertiary","shops":0,"st_km":1.82,"mesh":"53397344"},"geometry":{"type":"LineString","coordinates":[[139.4279,35.9536],[139.42796,35.95371]]}},{"type":"Feature","properties":{"idx":424,"road":"","cls":"pedestrian","shops":1,"st_km":0.42,"mesh":"53397341"},"geometry":{"type":"LineString","coordinates":[[139.39841,35.95576],[139.39839,35.95553]]}},{"type":"Feature","properties":{"idx":90,"road":"","cls":"tertiary","shops":0,"st_km":1.77,"mesh":"53397302"},"geometry":{"type":"LineString","coordinates":[[139.40496,35.92347],[139.40487,35.92344]]}},{"type":"Feature","properties":{"idx":90,"road":"","cls":"tertiary","shops":0,"st_km":1.76,"mesh":"53397302"},"geometry":{"type":"LineString","coordinates":[[139.40487,35.92344],[139.40482,35.92343]]}},{"type":"Feature","properties":{"idx":62,"road":"","cls":"tertiary","shops":0,"st_km":2.04,"mesh":"53397301"},"geometry":{"type":"LineString","coordinates":[[139.39716,35.92599],[139.39665,35.92538],[139.39602,35.9243],[139.39529,35.92322],[139.39502,35.923],[139.39376,35.92226]]}},{"type":"Feature","properties":{"idx":76,"road":"","cls":"tertiary","shops":0,"st_km":6.22,"mesh":"53397387"},"geometry":{"type":"LineString","coordinates":[[139.46265,35.98502],[139.4628,35.98477],[139.4632,35.98455],[139.46442,35.98469],[139.46484,35.98468],[139.46522,35.98456],[139.46557,35.98434]]}},{"type":"Feature","properties":{"idx":118,"road":"","cls":"tertiary","shops":0,"st_km":6.16,"mesh":"53397377"},"geometry":{"type":"LineString","coordinates":[[139.46266,35.98284],[139.46317,35.98292],[139.46351,35.98279],[139.46422,35.98195],[139.46471,35.9813],[139.46469,35.98117],[139.46457,35.98109]]}},{"type":"Feature","properties":{"idx":36,"road":"","cls":"tertiary","shops":0,"st_km":7.04,"mesh":"53397378"},"geometry":{"type":"LineString","coordinates":[[139.48671,35.97933],[139.48678,35.9798],[139.48673,35.98113],[139.48642,35.98304],[139.48632,35.98341]]}},{"type":"Feature","properties":{"idx":216,"road":"","cls":"pedestrian","shops":0,"st_km":4.37,"mesh":"53397385"},"geometry":{"type":"LineString","coordinates":[[139.44191,35.98641],[139.44211,35.98631]]}},{"type":"Feature","properties":{"idx":303,"road":"鶴ヶ島市道1015号線","cls":"tertiary","shops":0,"st_km":2.21,"mesh":"53397300"},"geometry":{"type":"LineString","coordinates":[[139.38052,35.92825],[139.38124,35.92772],[139.38565,35.9248],[139.3866,35.92424],[139.3876,35.92378],[139.3915,35.92253]]}},{"type":"Feature","properties":{"idx":65,"road":"鶴ヶ島市道1015号線","cls":"tertiary","shops":0,"st_km":1.93,"mesh":"53397301"},"geometry":{"type":"LineString","coordinates":[[139.39721,35.92057],[139.39023,35.92282]]}},{"type":"Feature","properties":{"idx":568,"road":"日光脇往還","cls":"tertiary","shops":0,"st_km":1.67,"mesh":"53397321"},"geometry":{"type":"LineString","coordinates":[[139.38792,35.94338],[139.38854,35.9422],[139.3887,35.94179],[139.38883,35.94096],[139.38866,35.93939],[139.38826,35.93746],[139.38823,35.93714],[139.38799,35.93627],[139.38714,35.93474],[139.38663,35.93393],[139.38543,35.93161]]}},{"type":"Feature","properties":{"idx":1407,"road":"日光街道","cls":"tertiary","shops":2,"st_km":1.63,"mesh":"53397331"},"geometry":{"type":"LineString","coordinates":[[139.38787,35.94348],[139.38792,35.94338]]}},{"type":"Feature","properties":{"idx":598,"road":"川越坂戸毛呂山線旧道","cls":"tertiary","shops":0,"st_km":0.25,"mesh":"53397351"},"geometry":{"type":"LineString","coordinates":[[139.39444,35.95999],[139.39709,35.9583]]}},{"type":"Feature","properties":{"idx":351,"road":"川越坂戸毛呂山線旧道","cls":"tertiary","shops":1,"st_km":0.29,"mesh":"53397341"},"geometry":{"type":"LineString","coordinates":[[139.39709,35.9583],[139.39721,35.95822]]}},{"type":"Feature","properties":{"idx":249,"road":"","cls":"tertiary","shops":0,"st_km":0.62,"mesh":"53397362"},"geometry":{"type":"LineString","coordinates":[[139.40194,35.96959],[139.40494,35.97351],[139.40525,35.97371],[139.40585,35.97386]]}},{"type":"Feature","properties":{"idx":177,"road":"片柳川越線","cls":"secondary","shops":0,"st_km":1.92,"mesh":"53397363"},"geometry":{"type":"LineString","coordinates":[[139.41781,35.97329],[139.41815,35.9728],[139.41857,35.97242]]}},{"type":"Feature","properties":{"idx":174,"road":"片柳川越線","cls":"secondary","shops":0,"st_km":1.96,"mesh":"53397363"},"geometry":{"type":"LineString","coordinates":[[139.41857,35.97242],[139.41865,35.97236]]}},{"type":"Feature","properties":{"idx":3,"road":"","cls":"tertiary","shops":0,"st_km":3.4,"mesh":"53397374"},"geometry":{"type":"LineString","coordinates":[[139.4348,35.97787],[139.4336,35.97721],[139.43354,35.9771],[139.43357,35.97676]]}},{"type":"Feature","properties":{"idx":3,"road":"","cls":"tertiary","shops":0,"st_km":3.35,"mesh":"53397374"},"geometry":{"type":"LineString","coordinates":[[139.43357,35.97676],[139.43361,35.97649]]}},{"type":"Feature","properties":{"idx":122,"road":"","cls":"tertiary","shops":0,"st_km":3.07,"mesh":"53397364"},"geometry":{"type":"LineString","coordinates":[[139.43033,35.97585],[139.43061,35.97505],[139.43081,35.97463],[139.43096,35.97452],[139.43121,35.97444],[139.43158,35.97404],[139.43178,35.97391]]}},{"type":"Feature","properties":{"idx":3,"road":"","cls":"tertiary","shops":0,"st_km":3.05,"mesh":"53397374"},"geometry":{"type":"LineString","coordinates":[[139.43019,35.97611],[139.43033,35.97585]]}},{"type":"Feature","properties":{"idx":156,"road":"","cls":"tertiary","shops":0,"st_km":4.6,"mesh":"53397385"},"geometry":{"type":"LineString","coordinates":[[139.44484,35.98729],[139.4448,35.98706]]}},{"type":"Feature","properties":{"idx":145,"road":"","cls":"tertiary_link","shops":0,"st_km":3.19,"mesh":"53397338"},"geometry":{"type":"LineString","coordinates":[[139.47785,35.94399],[139.47769,35.94401],[139.47757,35.94392]]}},{"type":"Feature","properties":{"idx":47,"road":"川越栗橋線","cls":"primary","shops":0,"st_km":5.51,"mesh":"53397359"},"geometry":{"type":"LineString","coordinates":[[139.49072,35.96383],[139.48971,35.96338],[139.48933,35.96315],[139.489,35.96285],[139.48861,35.96237],[139.48851,35.96219],[139.48837,35.96183],[139.48827,35.96142]]}},{"type":"Feature","properties":{"idx":47,"road":"川越栗橋線","cls":"primary","shops":0,"st_km":5.64,"mesh":"53397359"},"geometry":{"type":"LineString","coordinates":[[139.49103,35.96396],[139.49072,35.96383]]}},{"type":"Feature","properties":{"idx":129,"road":"日高川島線","cls":"primary","shops":0,"st_km":5.79,"mesh":"53397396"},"geometry":{"type":"LineString","coordinates":[[139.46823,35.9945],[139.46776,35.99425],[139.46756,35.9942],[139.46709,35.99419],[139.46652,35.9943],[139.46471,35.99488],[139.46205,35.99535],[139.46065,35.99549],[139.45593,35.99579],[139.45558,35.99567],[139.45449,35.99472]]}},{"type":"Feature","properties":{"idx":103,"road":"","cls":"tertiary","shops":0,"st_km":5.97,"mesh":"53397389"},"geometry":{"type":"LineString","coordinates":[[139.49948,35.98589],[139.49962,35.98606],[139.49971,35.9861]]}},{"type":"Feature","properties":{"idx":407,"road":"川越日高線","cls":"primary","shops":0,"st_km":0.49,"mesh":"53397306"},"geometry":{"type":"LineString","coordinates":[[139.45337,35.91831],[139.45371,35.91821],[139.45405,35.91821],[139.45587,35.91871]]}},{"type":"Feature","properties":{"idx":342,"road":"","cls":"tertiary","shops":0,"st_km":1.58,"mesh":"53397309"},"geometry":{"type":"LineString","coordinates":[[139.49805,35.917],[139.49825,35.91692]]}},{"type":"Feature","properties":{"idx":1775,"road":"川越日高線","cls":"primary","shops":3,"st_km":0.88,"mesh":"53397309"},"geometry":{"type":"LineString","coordinates":[[139.49011,35.9197],[139.48537,35.91918]]}},{"type":"Feature","properties":{"idx":565,"road":"本町通り","cls":"tertiary","shops":10,"st_km":1.27,"mesh":"53397308"},"geometry":{"type":"LineString","coordinates":[[139.48355,35.92495],[139.48311,35.925]]}},{"type":"Feature","properties":{"idx":210,"road":"川越上尾線","cls":"primary","shops":0,"st_km":1.82,"mesh":"53397319"},"geometry":{"type":"LineString","coordinates":[[139.49125,35.92874],[139.49023,35.92754]]}},{"type":"Feature","properties":{"idx":307,"road":"川越上尾線","cls":"primary","shops":3,"st_km":1.21,"mesh":"53397308"},"geometry":{"type":"LineString","coordinates":[[139.48534,35.92475],[139.48505,35.92338]]}},{"type":"Feature","properties":{"idx":229,"road":"川越坂戸毛呂山線","cls":"primary","shops":0,"st_km":1.52,"mesh":"53397316"},"geometry":{"type":"LineString","coordinates":[[139.46229,35.93184],[139.46021,35.93365]]}},{"type":"Feature","properties":{"idx":46,"road":"","cls":"tertiary","shops":0,"st_km":2.59,"mesh":"53397327"},"geometry":{"type":"LineString","coordinates":[[139.47166,35.94043],[139.47156,35.94046]]}},{"type":"Feature","properties":{"idx":54,"road":"川越北環状線","cls":"secondary","shops":0,"st_km":2.38,"mesh":"53397327"},"geometry":{"type":"LineString","coordinates":[[139.46918,35.93715],[139.46958,35.93783],[139.47156,35.94046]]}},{"type":"Feature","properties":{"idx":56,"road":"川越北環状線","cls":"secondary","shops":0,"st_km":2.13,"mesh":"53397327"},"geometry":{"type":"LineString","coordinates":[[139.46892,35.93653],[139.46918,35.93715]]}},{"type":"Feature","properties":{"idx":55,"road":"片柳川越線","cls":"secondary","shops":0,"st_km":2.17,"mesh":"53397327"},"geometry":{"type":"LineString","coordinates":[[139.46925,35.93706],[139.46918,35.93715]]}},{"type":"Feature","properties":{"idx":784,"road":"","cls":"tertiary","shops":0,"st_km":1.84,"mesh":"53397353"},"geometry":{"type":"LineString","coordinates":[[139.42143,35.9604],[139.42204,35.96094],[139.42235,35.96115],[139.42361,35.96173]]}},{"type":"Feature","properties":{"idx":758,"road":"高澤通り","cls":"tertiary","shops":3,"st_km":1.26,"mesh":"53397318"},"geometry":{"type":"LineString","coordinates":[[139.48037,35.9252],[139.48018,35.92526]]}},{"type":"Feature","properties":{"idx":91,"road":"片柳川越線","cls":"secondary","shops":0,"st_km":2.79,"mesh":"53397336"},"geometry":{"type":"LineString","coordinates":[[139.46253,35.94453],[139.4608,35.94726],[139.46055,35.94751],[139.46026,35.94768]]}},{"type":"Feature","properties":{"idx":52,"road":"片柳川越線","cls":"secondary","shops":0,"st_km":2.57,"mesh":"53397327"},"geometry":{"type":"LineString","coordinates":[[139.4682,35.94124],[139.46813,35.94126]]}},{"type":"Feature","properties":{"idx":90,"road":"片柳川越線","cls":"secondary","shops":0,"st_km":2.88,"mesh":"53397336"},"geometry":{"type":"LineString","coordinates":[[139.46026,35.94768],[139.45962,35.94805]]}},{"type":"Feature","properties":{"idx":1316,"road":"","cls":"tertiary","shops":6,"st_km":0.07,"mesh":"53397332"},"geometry":{"type":"LineString","coordinates":[[139.40953,35.94944],[139.40952,35.94938],[139.40929,35.94916],[139.40918,35.94915],[139.40903,35.94925]]}},{"type":"Feature","properties":{"idx":187,"road":"川越坂戸毛呂山線旧道","cls":"tertiary","shops":0,"st_km":0.71,"mesh":"53397333"},"geometry":{"type":"LineString","coordinates":[[139.41523,35.94545],[139.41533,35.94539]]}},{"type":"Feature","properties":{"idx":360,"road":"川越坂戸毛呂山線旧道","cls":"tertiary","shops":1,"st_km":0.37,"mesh":"53397332"},"geometry":{"type":"LineString","coordinates":[[139.40953,35.94944],[139.41451,35.94589],[139.41523,35.94545]]}},{"type":"Feature","properties":{"idx":382,"road":"川越坂戸毛呂山線","cls":"primary","shops":1,"st_km":0.61,"mesh":"53397333"},"geometry":{"type":"LineString","coordinates":[[139.42263,35.9423],[139.42298,35.94199]]}},{"type":"Feature","properties":{"idx":2010,"road":"","cls":"tertiary","shops":10,"st_km":0.05,"mesh":"53397332"},"geometry":{"type":"LineString","coordinates":[[139.40903,35.94925],[139.4089,35.94936]]}},{"type":"Feature","properties":{"idx":201,"road":"日高川島線","cls":"primary","shops":0,"st_km":1.87,"mesh":"53397363"},"geometry":{"type":"LineString","coordinates":[[139.41781,35.97329],[139.41749,35.97406],[139.41718,35.9752]]}},{"type":"Feature","properties":{"idx":39,"road":"日高川島線","cls":"primary","shops":0,"st_km":2.01,"mesh":"53397373"},"geometry":{"type":"LineString","coordinates":[[139.41718,35.9752],[139.4187,35.97534],[139.41968,35.97556],[139.4203,35.97562]]}},{"type":"Feature","properties":{"idx":77,"road":"川越坂戸毛呂山線","cls":"primary","shops":2,"st_km":1.93,"mesh":"53397360"},"geometry":{"type":"LineString","coordinates":[[139.37503,35.96897],[139.37665,35.96872]]}},{"type":"Feature","properties":{"idx":545,"road":"川越坂戸毛呂山線旧道","cls":"tertiary","shops":0,"st_km":1.62,"mesh":"53397317"},"geometry":{"type":"LineString","coordinates":[[139.47061,35.93165],[139.46807,35.9315]]}},{"type":"Feature","properties":{"idx":95,"road":"","cls":"tertiary","shops":0,"st_km":2.99,"mesh":"53397345"},"geometry":{"type":"LineString","coordinates":[[139.44921,35.954],[139.44969,35.95395]]}},{"type":"Feature","properties":{"idx":94,"road":"川鶴けやき通り","cls":"tertiary","shops":0,"st_km":1.67,"mesh":"53397302"},"geometry":{"type":"LineString","coordinates":[[139.40722,35.92233],[139.40858,35.9228]]}},{"type":"Feature","properties":{"idx":96,"road":"川越越生線","cls":"tertiary","shops":0,"st_km":1.63,"mesh":"53397302"},"geometry":{"type":"LineString","coordinates":[[139.407,35.92226],[139.40722,35.92233]]}},{"type":"Feature","properties":{"idx":102,"road":"","cls":"tertiary","shops":0,"st_km":1.52,"mesh":"53397302"},"geometry":{"type":"LineString","coordinates":[[139.407,35.92226],[139.40802,35.9203]]}},{"type":"Feature","properties":{"idx":597,"road":"","cls":"tertiary","shops":6,"st_km":0.11,"mesh":"53397323"},"geometry":{"type":"LineString","coordinates":[[139.42301,35.93651],[139.42277,35.93624]]}},{"type":"Feature","properties":{"idx":535,"road":"","cls":"tertiary","shops":5,"st_km":0.09,"mesh":"53397323"},"geometry":{"type":"LineString","coordinates":[[139.42313,35.93663],[139.42301,35.93651]]}},{"type":"Feature","properties":{"idx":449,"road":"おいせ橋通り","cls":"tertiary","shops":0,"st_km":1.23,"mesh":"53397313"},"geometry":{"type":"LineString","coordinates":[[139.42006,35.92643],[139.42164,35.92542]]}},{"type":"Feature","properties":{"idx":113,"road":"","cls":"tertiary","shops":0,"st_km":1.35,"mesh":"53397302"},"geometry":{"type":"LineString","coordinates":[[139.40484,35.91933],[139.40523,35.91935],[139.40802,35.9203]]}},{"type":"Feature","properties":{"idx":173,"road":"","cls":"tertiary","shops":0,"st_km":1.56,"mesh":"53397303"},"geometry":{"type":"LineString","coordinates":[[139.41818,35.91895],[139.4182,35.91897]]}},{"type":"Feature","properties":{"idx":48,"road":"川越栗橋線","cls":"primary","shops":0,"st_km":5.03,"mesh":"53397359"},"geometry":{"type":"LineString","coordinates":[[139.48818,35.96001],[139.48801,35.95735]]}},{"type":"Feature","properties":{"idx":270,"road":"川越栗橋線","cls":"primary","shops":0,"st_km":4.88,"mesh":"53397349"},"geometry":{"type":"LineString","coordinates":[[139.48801,35.95735],[139.48801,35.95731]]}},{"type":"Feature","properties":{"idx":151,"road":"","cls":"tertiary","shops":0,"st_km":1.55,"mesh":"53397350"},"geometry":{"type":"LineString","coordinates":[[139.37825,35.9626],[139.37826,35.9626]]}},{"type":"Feature","properties":{"idx":151,"road":"","cls":"tertiary","shops":0,"st_km":1.56,"mesh":"53397350"},"geometry":{"type":"LineString","coordinates":[[139.3782,35.96261],[139.37825,35.9626]]}},{"type":"Feature","properties":{"idx":142,"road":"川越坂戸毛呂山線旧道","cls":"tertiary","shops":0,"st_km":1.66,"mesh":"53397350"},"geometry":{"type":"LineString","coordinates":[[139.37374,35.95947],[139.3748,35.95955],[139.37542,35.95968],[139.37826,35.96067]]}},{"type":"Feature","properties":{"idx":158,"road":"川越坂戸毛呂山線旧道","cls":"tertiary","shops":0,"st_km":1.48,"mesh":"53397350"},"geometry":{"type":"LineString","coordinates":[[139.37826,35.96067],[139.37829,35.96068]]}},{"type":"Feature","properties":{"idx":779,"road":"川鶴けやき通り","cls":"tertiary","shops":1,"st_km":1.04,"mesh":"53397313"},"geometry":{"type":"LineString","coordinates":[[139.41764,35.92987],[139.41652,35.9287]]}},{"type":"Feature","properties":{"idx":98,"road":"川鶴けやき通り","cls":"tertiary","shops":0,"st_km":1.59,"mesh":"53397302"},"geometry":{"type":"LineString","coordinates":[[139.4048,35.92152],[139.407,35.92226]]}},{"type":"Feature","properties":{"idx":64,"road":"川越坂戸毛呂山線","cls":"primary","shops":0,"st_km":1.09,"mesh":"53397360"},"geometry":{"type":"LineString","coordinates":[[139.38595,35.96785],[139.38588,35.96785]]}},{"type":"Feature","properties":{"idx":278,"road":"","cls":"tertiary","shops":1,"st_km":0.53,"mesh":"53397341"},"geometry":{"type":"LineString","coordinates":[[139.39791,35.9537],[139.39818,35.95365]]}},{"type":"Feature","properties":{"idx":188,"road":"","cls":"tertiary","shops":0,"st_km":0.52,"mesh":"53397341"},"geometry":{"type":"LineString","coordinates":[[139.39779,35.9537],[139.39791,35.9537]]}},{"type":"Feature","properties":{"idx":217,"road":"上伊草坂戸線","cls":"secondary","shops":0,"st_km":1.53,"mesh":"53397363"},"geometry":{"type":"LineString","coordinates":[[139.40672,35.96542],[139.40831,35.96526],[139.40878,35.96532],[139.40917,35.96551],[139.41118,35.9668],[139.41299,35.9673],[139.41459,35.96798],[139.41559,35.9683],[139.41691,35.96847],[139.41913,35.96847]]}},{"type":"Feature","properties":{"idx":168,"road":"上伊草坂戸線","cls":"secondary","shops":0,"st_km":2.05,"mesh":"53397363"},"geometry":{"type":"LineString","coordinates":[[139.41913,35.96847],[139.41922,35.96847]]}},{"type":"Feature","properties":{"idx":261,"road":"","cls":"tertiary","shops":1,"st_km":0.53,"mesh":"53397308"},"geometry":{"type":"LineString","coordinates":[[139.4751,35.91856],[139.47519,35.91872]]}},{"type":"Feature","properties":{"idx":244,"road":"","cls":"tertiary","shops":0,"st_km":0.64,"mesh":"53397362"},"geometry":{"type":"LineString","coordinates":[[139.40112,35.96739],[139.40115,35.96737]]}},{"type":"Feature","properties":{"idx":56,"road":"川越坂戸毛呂山線","cls":"primary","shops":0,"st_km":1.26,"mesh":"53397360"},"geometry":{"type":"LineString","coordinates":[[139.38445,35.96796],[139.38315,35.96806]]}},{"type":"Feature","properties":{"idx":47,"road":"","cls":"tertiary","shops":0,"st_km":1.2,"mesh":"53397360"},"geometry":{"type":"LineString","coordinates":[[139.38217,35.97052],[139.38491,35.97061],[139.38512,35.97055]]}},{"type":"Feature","properties":{"idx":144,"road":"","cls":"tertiary","shops":0,"st_km":2.15,"mesh":"53397363"},"geometry":{"type":"LineString","coordinates":[[139.4203,35.97562],[139.42062,35.9736]]}},{"type":"Feature","properties":{"idx":144,"road":"","cls":"tertiary","shops":0,"st_km":2.15,"mesh":"53397363"},"geometry":{"type":"LineString","coordinates":[[139.42062,35.9736],[139.42063,35.9735]]}},{"type":"Feature","properties":{"idx":28,"road":"","cls":"tertiary","shops":0,"st_km":2.23,"mesh":"53397373"},"geometry":{"type":"LineString","coordinates":[[139.42002,35.97897],[139.42002,35.97894]]}},{"type":"Feature","properties":{"idx":90,"road":"","cls":"tertiary","shops":0,"st_km":1.45,"mesh":"53397372"},"geometry":{"type":"LineString","coordinates":[[139.41037,35.97906],[139.41038,35.97905]]}},{"type":"Feature","properties":{"idx":89,"road":"","cls":"tertiary","shops":0,"st_km":1.46,"mesh":"53397372"},"geometry":{"type":"LineString","coordinates":[[139.4103,35.97932],[139.41037,35.97906]]}},{"type":"Feature","properties":{"idx":558,"road":"川越日高線","cls":"primary","shops":2,"st_km":0.77,"mesh":"53397307"},"geometry":{"type":"LineString","coordinates":[[139.46742,35.91728],[139.46835,35.91707],[139.46884,35.91704]]}},{"type":"Feature","properties":{"idx":67,"road":"","cls":"tertiary","shops":0,"st_km":1.28,"mesh":"53397371"},"geometry":{"type":"LineString","coordinates":[[139.38747,35.98054],[139.38757,35.98084]]}},{"type":"Feature","properties":{"idx":259,"road":"日光脇往還","cls":"tertiary","shops":1,"st_km":0.6,"mesh":"53397341"},"geometry":{"type":"LineString","coordinates":[[139.39,35.95665],[139.38905,35.95468],[139.38886,35.95352],[139.38819,35.9517],[139.38802,35.95107]]}},{"type":"Feature","properties":{"idx":118,"road":"","cls":"tertiary","shops":0,"st_km":6.35,"mesh":"53397377"},"geometry":{"type":"LineString","coordinates":[[139.46608,35.98258],[139.4662,35.98258]]}},{"type":"Feature","properties":{"idx":118,"road":"","cls":"tertiary","shops":0,"st_km":6.36,"mesh":"53397377"},"geometry":{"type":"LineString","coordinates":[[139.4662,35.98258],[139.46629,35.98257]]}},{"type":"Feature","properties":{"idx":118,"road":"","cls":"tertiary","shops":0,"st_km":6.37,"mesh":"53397377"},"geometry":{"type":"LineString","coordinates":[[139.46629,35.98257],[139.46657,35.98246],[139.46694,35.98251]]}},{"type":"Feature","properties":{"idx":118,"road":"","cls":"tertiary","shops":0,"st_km":6.39,"mesh":"53397377"},"geometry":{"type":"LineString","coordinates":[[139.46694,35.98251],[139.46704,35.98253]]}},{"type":"Feature","properties":{"idx":76,"road":"","cls":"tertiary","shops":0,"st_km":6.68,"mesh":"53397387"},"geometry":{"type":"LineString","coordinates":[[139.47016,35.9838],[139.47019,35.98382]]}},{"type":"Feature","properties":{"idx":76,"road":"","cls":"tertiary","shops":0,"st_km":6.67,"mesh":"53397387"},"geometry":{"type":"LineString","coordinates":[[139.47006,35.98376],[139.47016,35.9838]]}},{"type":"Feature","properties":{"idx":76,"road":"かわじま中央通り","cls":"tertiary","shops":0,"st_km":7.01,"mesh":"53397387"},"geometry":{"type":"LineString","coordinates":[[139.47034,35.98721],[139.47238,35.98671],[139.47507,35.98551]]}},{"type":"Feature","properties":{"idx":76,"road":"","cls":"tertiary","shops":0,"st_km":7.0,"mesh":"53397387"},"geometry":{"type":"LineString","coordinates":[[139.47245,35.98481],[139.47507,35.98551]]}},{"type":"Feature","properties":{"idx":153,"road":"かわじま中央通り","cls":"tertiary","shops":0,"st_km":7.09,"mesh":"53397379"},"geometry":{"type":"LineString","coordinates":[[139.49165,35.97751],[139.49014,35.97804],[139.48797,35.97892],[139.48714,35.97919]]}},{"type":"Feature","properties":{"idx":36,"road":"かわじま中央通り","cls":"tertiary","shops":0,"st_km":7.11,"mesh":"53397378"},"geometry":{"type":"LineString","coordinates":[[139.48714,35.97919],[139.48685,35.97928]]}},{"type":"Feature","properties":{"idx":278,"road":"","cls":"tertiary","shops":0,"st_km":0.5,"mesh":"53397362"},"geometry":{"type":"LineString","coordinates":[[139.40137,35.97481],[139.401,35.97473]]}},{"type":"Feature","properties":{"idx":195,"road":"","cls":"tertiary","shops":0,"st_km":0.42,"mesh":"53397361"},"geometry":{"type":"LineString","coordinates":[[139.3927,35.97236],[139.39179,35.97004]]}},{"type":"Feature","properties":{"idx":215,"road":"","cls":"tertiary","shops":0,"st_km":0.33,"mesh":"53397361"},"geometry":{"type":"LineString","coordinates":[[139.3927,35.97236],[139.3937,35.97177]]}},{"type":"Feature","properties":{"idx":304,"road":"","cls":"tertiary","shops":1,"st_km":0.85,"mesh":"53397362"},"geometry":{"type":"LineString","coordinates":[[139.40585,35.97386],[139.40611,35.97391]]}},{"type":"Feature","properties":{"idx":220,"road":"","cls":"tertiary","shops":0,"st_km":0.46,"mesh":"53397332"},"geometry":{"type":"LineString","coordinates":[[139.41059,35.94531],[139.41225,35.94567],[139.41232,35.94564]]}},{"type":"Feature","properties":{"idx":471,"road":"日光脇往還","cls":"primary","shops":0,"st_km":0.72,"mesh":"53397351"},"geometry":{"type":"LineString","coordinates":[[139.39594,35.96458],[139.3976,35.96648]]}},{"type":"Feature","properties":{"idx":90,"road":"","cls":"tertiary","shops":0,"st_km":2.36,"mesh":"53397336"},"geometry":{"type":"LineString","coordinates":[[139.45525,35.94441],[139.45479,35.94496]]}},{"type":"Feature","properties":{"idx":90,"road":"","cls":"tertiary","shops":0,"st_km":2.39,"mesh":"53397336"},"geometry":{"type":"LineString","coordinates":[[139.45479,35.94496],[139.45456,35.94523]]}},{"type":"Feature","properties":{"idx":89,"road":"","cls":"tertiary","shops":0,"st_km":2.4,"mesh":"53397336"},"geometry":{"type":"LineString","coordinates":[[139.45456,35.94523],[139.45448,35.94532]]}},{"type":"Feature","properties":{"idx":194,"road":"","cls":"tertiary","shops":0,"st_km":0.9,"mesh":"53397362"},"geometry":{"type":"LineString","coordinates":[[139.40696,35.9741],[139.40611,35.97391]]}},{"type":"Feature","properties":{"idx":162,"road":"","cls":"tertiary","shops":0,"st_km":0.79,"mesh":"53397332"},"geometry":{"type":"LineString","coordinates":[[139.411,35.94076],[139.40929,35.94302]]}},{"type":"Feature","properties":{"idx":257,"road":"","cls":"pedestrian","shops":0,"st_km":1.5,"mesh":"53397303"},"geometry":{"type":"LineString","coordinates":[[139.41659,35.92454],[139.41672,35.92468]]}},{"type":"Feature","properties":{"idx":260,"road":"","cls":"pedestrian","shops":0,"st_km":1.48,"mesh":"53397303"},"geometry":{"type":"LineString","coordinates":[[139.41689,35.9248],[139.41676,35.92465]]}},{"type":"Feature","properties":{"idx":118,"road":"","cls":"tertiary","shops":0,"st_km":6.22,"mesh":"53397377"},"geometry":{"type":"LineString","coordinates":[[139.46549,35.98156],[139.46544,35.98158]]}},{"type":"Feature","properties":{"idx":118,"road":"","cls":"tertiary","shops":0,"st_km":6.21,"mesh":"53397377"},"geometry":{"type":"LineString","coordinates":[[139.46597,35.981],[139.46592,35.98112]]}},{"type":"Feature","properties":{"idx":113,"road":"","cls":"tertiary","shops":0,"st_km":1.35,"mesh":"53397302"},"geometry":{"type":"LineString","coordinates":[[139.40147,35.91931],[139.40046,35.91857]]}},{"type":"Feature","properties":{"idx":100,"road":"","cls":"tertiary","shops":0,"st_km":1.15,"mesh":"53397392"},"geometry":{"type":"LineString","coordinates":[[139.40227,35.99327],[139.40227,35.99325]]}},{"type":"Feature","properties":{"idx":101,"road":"国道407号旧道","cls":"tertiary","shops":0,"st_km":1.14,"mesh":"53397392"},"geometry":{"type":"LineString","coordinates":[[139.40216,35.99352],[139.40227,35.99327]]}},{"type":"Feature","properties":{"idx":100,"road":"","cls":"tertiary","shops":0,"st_km":1.15,"mesh":"53397391"},"geometry":{"type":"LineString","coordinates":[[139.39819,35.99272],[139.39814,35.9925]]}},{"type":"Feature","properties":{"idx":101,"road":"","cls":"tertiary","shops":0,"st_km":1.14,"mesh":"53397391"},"geometry":{"type":"LineString","coordinates":[[139.3982,35.99274],[139.39819,35.99272]]}},{"type":"Feature","properties":{"idx":101,"road":"","cls":"tertiary","shops":0,"st_km":1.13,"mesh":"53397391"},"geometry":{"type":"LineString","coordinates":[[139.39517,35.99287],[139.39531,35.99303]]}},{"type":"Feature","properties":{"idx":103,"road":"並木通り","cls":"tertiary","shops":1,"st_km":1.33,"mesh":"53397390"},"geometry":{"type":"LineString","coordinates":[[139.38395,35.99857],[139.38393,35.99841]]}},{"type":"Feature","properties":{"idx":136,"road":"並木通り","cls":"tertiary","shops":2,"st_km":1.34,"mesh":"53397390"},"geometry":{"type":"LineString","coordinates":[[139.38393,35.99841],[139.38392,35.99838]]}},{"type":"Feature","properties":{"idx":66,"road":"","cls":"tertiary","shops":0,"st_km":1.39,"mesh":"53397390"},"geometry":{"type":"LineString","coordinates":[[139.38173,35.99936],[139.38289,35.99943],[139.38405,35.99925]]}},{"type":"Feature","properties":{"idx":61,"road":"","cls":"tertiary","shops":0,"st_km":1.5,"mesh":"53397390"},"geometry":{"type":"LineString","coordinates":[[139.38152,35.99935],[139.38173,35.99936]]}},{"type":"Feature","properties":{"idx":131,"road":"日高川島線","cls":"primary","shops":0,"st_km":4.87,"mesh":"53397396"},"geometry":{"type":"LineString","coordinates":[[139.45423,35.99443],[139.45392,35.99412],[139.45359,35.99388],[139.4531,35.99364],[139.45144,35.99313],[139.44997,35.99285],[139.44845,35.99243],[139.44707,35.99215],[139.44661,35.99202],[139.44605,35.99175]]}},{"type":"Feature","properties":{"idx":130,"road":"日高川島線","cls":"primary","shops":0,"st_km":5.19,"mesh":"53397396"},"geometry":{"type":"LineString","coordinates":[[139.45449,35.99472],[139.45423,35.99443]]}},{"type":"Feature","properties":{"idx":54,"road":"川越坂戸毛呂山線","cls":"primary","shops":0,"st_km":1.33,"mesh":"53397360"},"geometry":{"type":"LineString","coordinates":[[139.38315,35.96806],[139.38257,35.96811]]}},{"type":"Feature","properties":{"idx":52,"road":"川越坂戸毛呂山線","cls":"primary","shops":0,"st_km":1.37,"mesh":"53397360"},"geometry":{"type":"LineString","coordinates":[[139.38257,35.96811],[139.38237,35.96812]]}},{"type":"Feature","properties":{"idx":158,"road":"","cls":"tertiary","shops":0,"st_km":4.1,"mesh":"53397385"},"geometry":{"type":"LineString","coordinates":[[139.44038,35.99078],[139.44043,35.99061],[139.44045,35.99004]]}},{"type":"Feature","properties":{"idx":25,"road":"","cls":"tertiary","shops":0,"st_km":3.91,"mesh":"53397356"},"geometry":{"type":"LineString","coordinates":[[139.45498,35.96311],[139.45787,35.9583],[139.4578,35.9582],[139.45677,35.95755],[139.4552,35.95646],[139.45494,35.95629],[139.45471,35.95622]]}},{"type":"Feature","properties":{"idx":176,"road":"川越上尾線","cls":"primary","shops":0,"st_km":2.24,"mesh":"53397319"},"geometry":{"type":"LineString","coordinates":[[139.50028,35.93123],[139.4917,35.92897],[139.49125,35.92874]]}},{"type":"Feature","properties":{"idx":141,"road":"","cls":"tertiary","shops":0,"st_km":2.24,"mesh":"53397319"},"geometry":{"type":"LineString","coordinates":[[139.50011,35.92267],[139.50005,35.92328],[139.49991,35.92387],[139.49965,35.92597],[139.49976,35.92691],[139.49959,35.93109],[139.49971,35.93148]]}},{"type":"Feature","properties":{"idx":127,"road":"","cls":"tertiary","shops":0,"st_km":2.59,"mesh":"53397319"},"geometry":{"type":"LineString","coordinates":[[139.49971,35.93148],[139.49973,35.93152]]}}]}