{"type":"FeatureCollection","features":[{"type":"Feature","properties":{"idx":125,"road":"川越所沢線","cls":"primary","shops":0,"st_km":0.67,"mesh":"53396388"},"geometry":{"type":"LineString","coordinates":[[139.48151,35.90133],[139.48149,35.90126]]}},{"type":"Feature","properties":{"idx":332,"road":NaN,"cls":"tertiary","shops":2,"st_km":0.34,"mesh":"53396398"},"geometry":{"type":"LineString","coordinates":[[139.48292,35.91546],[139.48529,35.91565]]}},{"type":"Feature","properties":{"idx":230,"road":"日高狭山線","cls":"secondary","shops":0,"st_km":0.8,"mesh":"53396332"},"geometry":{"type":"LineString","coordinates":[[139.40509,35.85971],[139.40491,35.85978]]}},{"type":"Feature","properties":{"idx":276,"road":NaN,"cls":"tertiary","shops":0,"st_km":2.64,"mesh":"53396350"},"geometry":{"type":"LineString","coordinates":[[139.37841,35.87247],[139.37899,35.8735],[139.37969,35.87418],[139.3802,35.87458],[139.38242,35.87689],[139.38544,35.88044],[139.38657,35.88129],[139.39375,35.88712],[139.39571,35.88852],[139.39624,35.88899],[139.39748,35.89027]]}},{"type":"Feature","properties":{"idx":537,"road":NaN,"cls":"tertiary","shops":0,"st_km":1.75,"mesh":"53396320"},"geometry":{"type":"LineString","coordinates":[[139.38077,35.85684],[139.38146,35.85716],[139.38183,35.85726],[139.38402,35.85726],[139.38437,35.85729]]}},{"type":"Feature","properties":{"idx":359,"road":"鯨井狭山線","cls":"secondary","shops":0,"st_km":2.26,"mesh":"53396352"},"geometry":{"type":"LineString","coordinates":[[139.40519,35.87165],[139.40528,35.87184],[139.4053,35.87208],[139.4048,35.87341],[139.4048,35.87423],[139.40469,35.87452],[139.40439,35.87497],[139.40422,35.8755],[139.40418,35.87591],[139.40419,35.87647],[139.40445,35.87794],[139.40442,35.87829],[139.40416,35.87912],[139.40417,35.87972],[139.40432,35.88094]]}},{"type":"Feature","properties":{"idx":175,"road":"笠幡狭山線","cls":"secondary","shops":0,"st_km":1.14,"mesh":"53396332"},"geometry":{"type":"LineString","coordinates":[[139.40416,35.86497],[139.40539,35.8646]]}},{"type":"Feature","properties":{"idx":309,"road":"狭山市駅上諏訪線","cls":"tertiary","shops":0,"st_km":0.73,"mesh":"53396321"},"geometry":{"type":"LineString","coordinates":[[139.39753,35.85144],[139.39814,35.85082]]}},{"type":"Feature","properties":{"idx":258,"road":"所沢狭山線","cls":"primary","shops":0,"st_km":0.79,"mesh":"53396332"},"geometry":{"type":"LineString","coordinates":[[139.40509,35.85971],[139.4052,35.85967]]}},{"type":"Feature","properties":{"idx":526,"road":"けやき通り","cls":"tertiary","shops":1,"st_km":0.46,"mesh":"53396301"},"geometry":{"type":"LineString","coordinates":[[139.39269,35.83737],[139.3912,35.83831],[139.39078,35.83863],[139.38947,35.84038]]}},{"type":"Feature","properties":{"idx":765,"road":"入間市停車場線","cls":"secondary","shops":2,"st_km":0.5,"mesh":"53396301"},"geometry":{"type":"LineString","coordinates":[[139.38769,35.83675],[139.38874,35.83832],[139.38896,35.83892],[139.38929,35.8401],[139.38947,35.84038]]}},{"type":"Feature","properties":{"idx":405,"road":NaN,"cls":"tertiary","shops":1,"st_km":0.75,"mesh":"53396301"},"geometry":{"type":"LineString","coordinates":[[139.39164,35.83518],[139.39269,35.83737]]}},{"type":"Feature","properties":{"idx":136,"road":NaN,"cls":"tertiary","shops":0,"st_km":1.92,"mesh":"53396360"},"geometry":{"type":"LineString","coordinates":[[139.37843,35.8881],[139.37908,35.88799],[139.38203,35.8871],[139.38388,35.88621],[139.38518,35.88542],[139.38562,35.88495]]}},{"type":"Feature","properties":{"idx":277,"road":NaN,"cls":"tertiary","shops":0,"st_km":2.81,"mesh":"53396361"},"geometry":{"type":"LineString","coordinates":[[139.39979,35.88829],[139.39953,35.88815],[139.39849,35.88808],[139.39836,35.88803],[139.39335,35.88402],[139.38982,35.88107],[139.38809,35.88038],[139.38711,35.87994]]}},{"type":"Feature","properties":{"idx":557,"road":NaN,"cls":"tertiary","shops":0,"st_km":1.58,"mesh":"53396390"},"geometry":{"type":"LineString","coordinates":[[139.37721,35.91502],[139.37591,35.9154]]}},{"type":"Feature","properties":{"idx":96,"road":NaN,"cls":"tertiary","shops":0,"st_km":0.71,"mesh":"53396388"},"geometry":{"type":"LineString","coordinates":[[139.47443,35.90653],[139.47609,35.9078]]}},{"type":"Feature","properties":{"idx":671,"road":NaN,"cls":"tertiary","shops":0,"st_km":0.82,"mesh":"53396387"},"geometry":{"type":"LineString","coordinates":[[139.47421,35.90754],[139.47239,35.90728]]}},{"type":"Feature","properties":{"idx":1003,"road":NaN,"cls":"tertiary","shops":2,"st_km":0.7,"mesh":"53396389"},"geometry":{"type":"LineString","coordinates":[[139.48735,35.90263],[139.48905,35.90317],[139.48929,35.90337],[139.49018,35.90438]]}},{"type":"Feature","properties":{"idx":378,"road":NaN,"cls":"tertiary","shops":2,"st_km":0.21,"mesh":"53396398"},"geometry":{"type":"LineString","coordinates":[[139.48011,35.91117],[139.47959,35.91185],[139.4789,35.91294],[139.47742,35.91461]]}},{"type":"Feature","properties":{"idx":136,"road":NaN,"cls":"tertiary","shops":0,"st_km":0.36,"mesh":"53396388"},"geometry":{"type":"LineString","coordinates":[[139.48936,35.90829],[139.48655,35.90821],[139.48443,35.90793]]}},{"type":"Feature","properties":{"idx":368,"road":NaN,"cls":"tertiary","shops":2,"st_km":0.24,"mesh":"53396398"},"geometry":{"type":"LineString","coordinates":[[139.48076,35.91595],[139.4814,35.91589],[139.48248,35.91549]]}},{"type":"Feature","properties":{"idx":986,"road":NaN,"cls":"tertiary","shops":1,"st_km":1.18,"mesh":"53396399"},"geometry":{"type":"LineString","coordinates":[[139.4891,35.90964],[139.49457,35.91338],[139.49624,35.91476],[139.49648,35.9151],[139.49667,35.91556],[139.497,35.9178]]}},{"type":"Feature","properties":{"idx":204,"road":NaN,"cls":"tertiary","shops":1,"st_km":0.36,"mesh":"53396388"},"geometry":{"type":"LineString","coordinates":[[139.48199,35.90664],[139.47914,35.90513],[139.4787,35.9047],[139.47817,35.90388]]}},{"type":"Feature","properties":{"idx":989,"road":NaN,"cls":"tertiary","shops":0,"st_km":0.32,"mesh":"53396322"},"geometry":{"type":"LineString","coordinates":[[139.41066,35.85538],[139.40997,35.85612],[139.40948,35.85651],[139.40941,35.85679],[139.40952,35.85711],[139.40969,35.85733],[139.41061,35.85801],[139.41128,35.8582],[139.41217,35.85894]]}},{"type":"Feature","properties":{"idx":196,"road":"川越街道","cls":"primary","shops":0,"st_km":0.4,"mesh":"53396398"},"geometry":{"type":"LineString","coordinates":[[139.48537,35.91918],[139.48549,35.91677],[139.48542,35.91665],[139.48521,35.91649],[139.48519,35.91636],[139.48552,35.91412],[139.48637,35.90928]]}},{"type":"Feature","properties":{"idx":2985,"road":NaN,"cls":"tertiary","shops":25,"st_km":0.06,"mesh":"53396398"},"geometry":{"type":"LineString","coordinates":[[139.47742,35.91461],[139.47726,35.91463]]}},{"type":"Feature","properties":{"idx":174,"road":"アカシア通り","cls":"tertiary","shops":0,"st_km":0.35,"mesh":"53396398"},"geometry":{"type":"LineString","coordinates":[[139.48011,35.91117],[139.48227,35.90869]]}},{"type":"Feature","properties":{"idx":1130,"road":"中央通り","cls":"secondary","shops":7,"st_km":0.06,"mesh":"53396398"},"geometry":{"type":"LineString","coordinates":[[139.48157,35.91327],[139.48193,35.91397]]}},{"type":"Feature","properties":{"idx":1041,"road":NaN,"cls":"tertiary","shops":10,"st_km":0.12,"mesh":"53396388"},"geometry":{"type":"LineString","coordinates":[[139.48227,35.90869],[139.48241,35.90844],[139.48304,35.90776]]}},{"type":"Feature","properties":{"idx":95,"road":NaN,"cls":"tertiary","shops":0,"st_km":0.72,"mesh":"53396388"},"geometry":{"type":"LineString","coordinates":[[139.47609,35.9078],[139.47421,35.90754]]}},{"type":"Feature","properties":{"idx":126,"road":NaN,"cls":"tertiary","shops":0,"st_km":0.43,"mesh":"53396388"},"geometry":{"type":"LineString","coordinates":[[139.47609,35.9078],[139.48101,35.90851]]}},{"type":"Feature","properties":{"idx":154,"road":NaN,"cls":"tertiary","shops":0,"st_km":0.41,"mesh":"53396398"},"geometry":{"type":"LineString","coordinates":[[139.47609,35.9078],[139.47662,35.90925],[139.47713,35.91093],[139.47802,35.91172],[139.47851,35.91206],[139.47919,35.91245]]}},{"type":"Feature","properties":{"idx":109,"road":NaN,"cls":"tertiary","shops":0,"st_km":0.58,"mesh":"53396388"},"geometry":{"type":"LineString","coordinates":[[139.48377,35.90161],[139.48181,35.90229]]}},{"type":"Feature","properties":{"idx":326,"road":NaN,"cls":"tertiary","shops":0,"st_km":0.48,"mesh":"53396396"},"geometry":{"type":"LineString","coordinates":[[139.45631,35.91289],[139.45629,35.91469],[139.45645,35.91556],[139.45613,35.91698],[139.45612,35.91817],[139.45587,35.91871]]}},{"type":"Feature","properties":{"idx":286,"road":"水上公園通り","cls":"tertiary","shops":0,"st_km":0.67,"mesh":"53396396"},"geometry":{"type":"LineString","coordinates":[[139.46793,35.91459],[139.4652,35.91351],[139.46446,35.9133],[139.46383,35.9132],[139.45276,35.91276]]}},{"type":"Feature","properties":{"idx":245,"road":NaN,"cls":"tertiary","shops":0,"st_km":0.55,"mesh":"53396311"},"geometry":{"type":"LineString","coordinates":[[139.3982,35.84521],[139.39753,35.8451],[139.39522,35.84509],[139.39459,35.84512],[139.39418,35.8452],[139.39378,35.84537],[139.39359,35.8456],[139.39349,35.84618],[139.39334,35.84665],[139.39337,35.84677],[139.39391,35.84724],[139.39423,35.84765],[139.39449,35.84788],[139.39524,35.84825],[139.39655,35.84918],[139.39678,35.84941],[139.39705,35.85],[139.3972,35.85019],[139.3974,35.85036],[139.39814,35.85082]]}},{"type":"Feature","properties":{"idx":363,"road":NaN,"cls":"tertiary","shops":0,"st_km":0.5,"mesh":"53396397"},"geometry":{"type":"LineString","coordinates":[[139.46711,35.91593],[139.46679,35.91577],[139.4666,35.91575],[139.4659,35.91586],[139.46514,35.9158],[139.46373,35.91588],[139.46353,35.91547],[139.46337,35.91454],[139.46327,35.91441],[139.46296,35.91424],[139.46281,35.91407],[139.46259,35.91344],[139.46255,35.91313]]}},{"type":"Feature","properties":{"idx":359,"road":"川越北環状線","cls":"secondary","shops":0,"st_km":0.69,"mesh":"53396397"},"geometry":{"type":"LineString","coordinates":[[139.46711,35.91593],[139.46677,35.9163],[139.46646,35.91679]]}},{"type":"Feature","properties":{"idx":1048,"road":NaN,"cls":"tertiary","shops":0,"st_km":0.63,"mesh":"53396399"},"geometry":{"type":"LineString","coordinates":[[139.48656,35.91933],[139.48668,35.91851],[139.48728,35.91656],[139.48783,35.91487],[139.48833,35.91376],[139.4891,35.90964]]}},{"type":"Feature","properties":{"idx":169,"road":NaN,"cls":"tertiary","shops":0,"st_km":0.32,"mesh":"53396398"},"geometry":{"type":"LineString","coordinates":[[139.48429,35.91296],[139.48497,35.91304]]}},{"type":"Feature","properties":{"idx":428,"road":NaN,"cls":"tertiary","shops":3,"st_km":0.14,"mesh":"53396388"},"geometry":{"type":"LineString","coordinates":[[139.48325,35.90885],[139.48413,35.90781]]}},{"type":"Feature","properties":{"idx":362,"road":NaN,"cls":"tertiary","shops":3,"st_km":0.29,"mesh":"53396388"},"geometry":{"type":"LineString","coordinates":[[139.48707,35.90455],[139.48689,35.90457],[139.48682,35.90465],[139.48587,35.90588],[139.48472,35.90714]]}},{"type":"Feature","properties":{"idx":202,"road":NaN,"cls":"tertiary","shops":0,"st_km":0.15,"mesh":"53396398"},"geometry":{"type":"LineString","coordinates":[[139.48081,35.91664],[139.48075,35.91582],[139.48065,35.91558],[139.47909,35.91335],[139.47897,35.91301],[139.4789,35.91294]]}},{"type":"Feature","properties":{"idx":207,"road":"東照宮中院通り","cls":"tertiary","shops":1,"st_km":0.53,"mesh":"53396398"},"geometry":{"type":"LineString","coordinates":[[139.48529,35.91565],[139.48753,35.91582]]}},{"type":"Feature","properties":{"idx":207,"road":NaN,"cls":"tertiary","shops":1,"st_km":0.34,"mesh":"53396388"},"geometry":{"type":"LineString","coordinates":[[139.47928,35.90581],[139.47989,35.90507],[139.48076,35.90486],[139.48247,35.90454]]}},{"type":"Feature","properties":{"idx":146,"road":NaN,"cls":"tertiary","shops":1,"st_km":0.7,"mesh":"53396388"},"geometry":{"type":"LineString","coordinates":[[139.48377,35.90161],[139.48653,35.9006]]}},{"type":"Feature","properties":{"idx":110,"road":NaN,"cls":"tertiary","shops":0,"st_km":0.57,"mesh":"53396388"},"geometry":{"type":"LineString","coordinates":[[139.48181,35.90229],[139.47937,35.90286],[139.47911,35.90302]]}},{"type":"Feature","properties":{"idx":1268,"road":NaN,"cls":"tertiary","shops":0,"st_km":0.49,"mesh":"53396399"},"geometry":{"type":"LineString","coordinates":[[139.4891,35.90964],[139.48637,35.90928]]}},{"type":"Feature","properties":{"idx":232,"road":NaN,"cls":"tertiary","shops":1,"st_km":0.23,"mesh":"53396388"},"geometry":{"type":"LineString","coordinates":[[139.48122,35.90749],[139.48003,35.90688],[139.47989,35.90687]]}},{"type":"Feature","properties":{"idx":342,"road":NaN,"cls":"tertiary","shops":2,"st_km":0.14,"mesh":"53396388"},"geometry":{"type":"LineString","coordinates":[[139.48472,35.90714],[139.4846,35.9073],[139.48457,35.90794]]}},{"type":"Feature","properties":{"idx":632,"road":NaN,"cls":"tertiary","shops":0,"st_km":0.95,"mesh":"53396387"},"geometry":{"type":"LineString","coordinates":[[139.47353,35.90337],[139.47419,35.90281]]}},{"type":"Feature","properties":{"idx":153,"road":NaN,"cls":"tertiary","shops":0,"st_km":0.24,"mesh":"53396388"},"geometry":{"type":"LineString","coordinates":[[139.48011,35.90636],[139.48107,35.90685]]}},{"type":"Feature","properties":{"idx":957,"road":NaN,"cls":"tertiary","shops":0,"st_km":0.78,"mesh":"53396399"},"geometry":{"type":"LineString","coordinates":[[139.49169,35.90636],[139.49175,35.90651],[139.49158,35.90906],[139.49143,35.91029],[139.49139,35.91123]]}},{"type":"Feature","properties":{"idx":265,"road":NaN,"cls":"tertiary","shops":0,"st_km":2.85,"mesh":"53396350"},"geometry":{"type":"LineString","coordinates":[[139.38647,35.88304],[139.3867,35.88243],[139.387,35.88096],[139.38718,35.87939],[139.38757,35.87888],[139.38784,35.87838],[139.38858,35.8774],[139.3892,35.87646]]}},{"type":"Feature","properties":{"idx":517,"road":NaN,"cls":"tertiary","shops":0,"st_km":1.6,"mesh":"53396399"},"geometry":{"type":"LineString","coordinates":[[139.49871,35.91254],[139.50075,35.91183]]}},{"type":"Feature","properties":{"idx":505,"road":NaN,"cls":"tertiary","shops":0,"st_km":0.82,"mesh":"53396397"},"geometry":{"type":"LineString","coordinates":[[139.46969,35.91093],[139.46968,35.91083],[139.469,35.90945]]}},{"type":"Feature","properties":{"idx":542,"road":"笠幡狭山線","cls":"secondary","shops":0,"st_km":2.32,"mesh":"53396362"},"geometry":{"type":"LineString","coordinates":[[139.40432,35.88094],[139.40434,35.88214],[139.40408,35.88403],[139.40396,35.88463],[139.40353,35.88531],[139.40281,35.88579],[139.40231,35.88629],[139.39979,35.88829],[139.39788,35.88988],[139.39648,35.89131],[139.39621,35.89173],[139.396,35.89229]]}},{"type":"Feature","properties":{"idx":175,"road":NaN,"cls":"tertiary","shops":0,"st_km":0.8,"mesh":"53396380"},"geometry":{"type":"LineString","coordinates":[[139.38061,35.90033],[139.38048,35.90055],[139.37982,35.90096],[139.37944,35.90136],[139.37936,35.90142],[139.37916,35.90143]]}},{"type":"Feature","properties":{"idx":91,"road":NaN,"cls":"tertiary","shops":0,"st_km":1.17,"mesh":"53396370"},"geometry":{"type":"LineString","coordinates":[[139.38839,35.89663],[139.38557,35.89801],[139.38456,35.89857],[139.38183,35.89872],[139.38144,35.89887],[139.38125,35.89901],[139.38085,35.89944],[139.38065,35.89954],[139.38037,35.89954],[139.37922,35.89929],[139.3789,35.8993],[139.37853,35.8994]]}},{"type":"Feature","properties":{"idx":120,"road":NaN,"cls":"tertiary","shops":0,"st_km":1.68,"mesh":"53396371"},"geometry":{"type":"LineString","coordinates":[[139.38878,35.89645],[139.38839,35.89663]]}},{"type":"Feature","properties":{"idx":173,"road":NaN,"cls":"tertiary","shops":1,"st_km":1.75,"mesh":"53396371"},"geometry":{"type":"LineString","coordinates":[[139.38878,35.89645],[139.38919,35.89627],[139.38962,35.89589]]}},{"type":"Feature","properties":{"idx":659,"road":NaN,"cls":"tertiary","shops":8,"st_km":0.39,"mesh":"53396388"},"geometry":{"type":"LineString","coordinates":[[139.48002,35.90504],[139.47999,35.90494],[139.48053,35.90426]]}},{"type":"Feature","properties":{"idx":303,"road":"新扇橋","cls":"tertiary","shops":0,"st_km":0.84,"mesh":"53396379"},"geometry":{"type":"LineString","coordinates":[[139.49732,35.89809],[139.49701,35.89913]]}},{"type":"Feature","properties":{"idx":95,"road":NaN,"cls":"tertiary","shops":0,"st_km":1.09,"mesh":"53396381"},"geometry":{"type":"LineString","coordinates":[[139.39519,35.90154],[139.39519,35.90326],[139.39539,35.90401],[139.39543,35.90431],[139.39549,35.9053],[139.39546,35.90562]]}},{"type":"Feature","properties":{"idx":132,"road":"日光脇往還","cls":"tertiary","shops":0,"st_km":0.7,"mesh":"53396370"},"geometry":{"type":"LineString","coordinates":[[139.37711,35.89626],[139.37664,35.89657],[139.37604,35.89673],[139.37583,35.89684],[139.37561,35.89708],[139.3752,35.89764]]}},{"type":"Feature","properties":{"idx":174,"road":"大田街道","cls":"tertiary","shops":0,"st_km":1.62,"mesh":"53396386"},"geometry":{"type":"LineString","coordinates":[[139.45513,35.90006],[139.45441,35.9011],[139.45446,35.90164],[139.45423,35.90297],[139.45414,35.90324],[139.45358,35.90443],[139.45355,35.9046],[139.45362,35.90551],[139.45388,35.90654],[139.45403,35.90675],[139.45458,35.90716],[139.45467,35.90734],[139.4547,35.90777],[139.45521,35.90824]]}},{"type":"Feature","properties":{"idx":345,"road":"入間川街道","cls":"tertiary","shops":0,"st_km":1.24,"mesh":"53396365"},"geometry":{"type":"LineString","coordinates":[[139.43702,35.88292],[139.43921,35.88487],[139.4402,35.88593],[139.44092,35.88659],[139.44408,35.88894],[139.44578,35.8897]]}},{"type":"Feature","properties":{"idx":1886,"road":"大田街道","cls":"tertiary","shops":0,"st_km":0.36,"mesh":"53396376"},"geometry":{"type":"LineString","coordinates":[[139.45535,35.89393],[139.45875,35.89008]]}},{"type":"Feature","properties":{"idx":734,"road":"新狭山公園通り","cls":"tertiary","shops":0,"st_km":0.81,"mesh":"53396355"},"geometry":{"type":"LineString","coordinates":[[139.43417,35.87722],[139.43743,35.87988],[139.44235,35.88363]]}},{"type":"Feature","properties":{"idx":153,"road":NaN,"cls":"tertiary","shops":0,"st_km":0.21,"mesh":"53396366"},"geometry":{"type":"LineString","coordinates":[[139.45364,35.89019],[139.45368,35.89027],[139.45431,35.89072],[139.45444,35.89113],[139.45449,35.89222],[139.45433,35.89288],[139.45405,35.89322]]}},{"type":"Feature","properties":{"idx":547,"road":NaN,"cls":"tertiary","shops":0,"st_km":0.66,"mesh":"53396365"},"geometry":{"type":"LineString","coordinates":[[139.45335,35.88935],[139.45133,35.88767],[139.44401,35.8821]]}},{"type":"Feature","properties":{"idx":67,"road":NaN,"cls":"tertiary","shops":0,"st_km":1.64,"mesh":"53396381"},"geometry":{"type":"LineString","coordinates":[[139.39011,35.90496],[139.39025,35.90414],[139.39041,35.90374],[139.39039,35.90176],[139.39024,35.90051],[139.38978,35.89893],[139.38878,35.89645]]}},{"type":"Feature","properties":{"idx":133,"road":NaN,"cls":"tertiary","shops":0,"st_km":1.97,"mesh":"53396360"},"geometry":{"type":"LineString","coordinates":[[139.37724,35.88298],[139.37763,35.88303],[139.37807,35.88336],[139.37903,35.88378],[139.38106,35.88507],[139.38146,35.88543],[139.38228,35.88637],[139.38283,35.88688],[139.38475,35.88813],[139.38657,35.889],[139.38694,35.88925],[139.38759,35.88985]]}},{"type":"Feature","properties":{"idx":358,"road":NaN,"cls":"tertiary","shops":0,"st_km":1.92,"mesh":"53396361"},"geometry":{"type":"LineString","coordinates":[[139.38878,35.89645],[139.38841,35.89547],[139.38802,35.89284],[139.38794,35.89135],[139.38811,35.88951],[139.38824,35.88723],[139.3881,35.88634],[139.3879,35.88574]]}},{"type":"Feature","properties":{"idx":97,"road":"河岸街道","cls":"tertiary","shops":0,"st_km":0.7,"mesh":"53396388"},"geometry":{"type":"LineString","coordinates":[[139.4769,35.90487],[139.47472,35.90677],[139.47421,35.90754]]}},{"type":"Feature","properties":{"idx":104,"road":NaN,"cls":"tertiary","shops":0,"st_km":1.53,"mesh":"53396380"},"geometry":{"type":"LineString","coordinates":[[139.38726,35.90593],[139.38706,35.90628],[139.387,35.90661]]}},{"type":"Feature","properties":{"idx":66,"road":NaN,"cls":"tertiary","shops":0,"st_km":1.67,"mesh":"53396381"},"geometry":{"type":"LineString","coordinates":[[139.3898,35.90056],[139.39008,35.90053]]}},{"type":"Feature","properties":{"idx":67,"road":NaN,"cls":"tertiary","shops":0,"st_km":1.65,"mesh":"53396381"},"geometry":{"type":"LineString","coordinates":[[139.39024,35.90051],[139.39008,35.90053]]}},{"type":"Feature","properties":{"idx":66,"road":NaN,"cls":"tertiary","shops":0,"st_km":1.68,"mesh":"53396381"},"geometry":{"type":"LineString","coordinates":[[139.38967,35.90058],[139.3898,35.90056]]}},{"type":"Feature","properties":{"idx":349,"road":NaN,"cls":"tertiary","shops":0,"st_km":1.98,"mesh":"53396361"},"geometry":{"type":"LineString","coordinates":[[139.38789,35.8902],[139.38767,35.88993]]}},{"type":"Feature","properties":{"idx":107,"road":NaN,"cls":"tertiary","shops":0,"st_km":1.92,"mesh":"53396371"},"geometry":{"type":"LineString","coordinates":[[139.39007,35.89538],[139.39029,35.89466],[139.39025,35.89418],[139.39018,35.89401],[139.38943,35.89294],[139.38935,35.89273],[139.38931,35.89236],[139.38898,35.8915],[139.38875,35.89115],[139.38789,35.8902]]}},{"type":"Feature","properties":{"idx":201,"road":NaN,"cls":"tertiary","shops":0,"st_km":1.58,"mesh":"53396391"},"geometry":{"type":"LineString","coordinates":[[139.38936,35.90764],[139.38831,35.90997]]}},{"type":"Feature","properties":{"idx":216,"road":"笠幡狭山線","cls":"secondary","shops":0,"st_km":0.87,"mesh":"53396332"},"geometry":{"type":"LineString","coordinates":[[139.40763,35.86369],[139.40771,35.86361]]}},{"type":"Feature","properties":{"idx":328,"road":"おいせ橋通り","cls":"tertiary","shops":0,"st_km":0.55,"mesh":"53396394"},"geometry":{"type":"LineString","coordinates":[[139.43012,35.91547],[139.43045,35.91432]]}},{"type":"Feature","properties":{"idx":335,"road":"おいせ橋通り","cls":"tertiary","shops":0,"st_km":0.53,"mesh":"53396394"},"geometry":{"type":"LineString","coordinates":[[139.43007,35.91569],[139.43012,35.91547]]}},{"type":"Feature","properties":{"idx":530,"road":"川越越生線","cls":"secondary","shops":2,"st_km":1.37,"mesh":"53396375"},"geometry":{"type":"LineString","coordinates":[[139.44662,35.88892],[139.44295,35.89234],[139.44165,35.89374],[139.44133,35.89436],[139.44065,35.89723],[139.44036,35.89793],[139.44006,35.8984],[139.43861,35.90014],[139.43831,35.90043],[139.4377,35.90091],[139.43652,35.90169],[139.43598,35.90221],[139.43556,35.90271]]}},{"type":"Feature","properties":{"idx":241,"road":NaN,"cls":"tertiary","shops":0,"st_km":1.21,"mesh":"53396397"},"geometry":{"type":"LineString","coordinates":[[139.46058,35.90845],[139.46306,35.9086],[139.46494,35.90892],[139.46612,35.90923],[139.46773,35.90992]]}},{"type":"Feature","properties":{"idx":591,"road":NaN,"cls":"tertiary","shops":0,"st_km":1.42,"mesh":"53396377"},"geometry":{"type":"LineString","coordinates":[[139.46569,35.90359],[139.47326,35.897],[139.47969,35.89547]]}},{"type":"Feature","properties":{"idx":477,"road":NaN,"cls":"tertiary","shops":0,"st_km":1.67,"mesh":"53396377"},"geometry":{"type":"LineString","coordinates":[[139.47156,35.88881],[139.47153,35.88886],[139.4716,35.88921],[139.47208,35.89086],[139.47241,35.89152],[139.47249,35.89185],[139.47272,35.89524]]}},{"type":"Feature","properties":{"idx":1533,"road":NaN,"cls":"tertiary","shops":0,"st_km":1.04,"mesh":"53396378"},"geometry":{"type":"LineString","coordinates":[[139.48058,35.89819],[139.47673,35.89913],[139.47542,35.89954]]}},{"type":"Feature","properties":{"idx":1800,"road":NaN,"cls":"tertiary","shops":0,"st_km":0.85,"mesh":"53396378"},"geometry":{"type":"LineString","coordinates":[[139.47941,35.89848],[139.4805,35.90151]]}},{"type":"Feature","properties":{"idx":331,"road":"川越越生線","cls":"secondary","shops":0,"st_km":1.41,"mesh":"53396384"},"geometry":{"type":"LineString","coordinates":[[139.43556,35.90271],[139.43192,35.90704]]}},{"type":"Feature","properties":{"idx":201,"road":NaN,"cls":"tertiary","shops":0,"st_km":1.37,"mesh":"53396386"},"geometry":{"type":"LineString","coordinates":[[139.45441,35.89978],[139.45439,35.90017],[139.45324,35.90202],[139.45176,35.90413]]}},{"type":"Feature","properties":{"idx":268,"road":"川越越生線","cls":"secondary","shops":0,"st_km":0.92,"mesh":"53396394"},"geometry":{"type":"LineString","coordinates":[[139.43192,35.90704],[139.43142,35.90751],[139.43114,35.90807],[139.43333,35.90918],[139.43402,35.90967],[139.43445,35.91008],[139.43491,35.91064],[139.43531,35.91136],[139.43553,35.91211],[139.43561,35.91261]]}},{"type":"Feature","properties":{"idx":1295,"road":NaN,"cls":"tertiary","shops":12,"st_km":0.06,"mesh":"53396388"},"geometry":{"type":"LineString","coordinates":[[139.48304,35.90776],[139.48311,35.90774]]}},{"type":"Feature","properties":{"idx":56,"road":NaN,"cls":"tertiary","shops":1,"st_km":1.8,"mesh":"53396374"},"geometry":{"type":"LineString","coordinates":[[139.44071,35.89699],[139.44039,35.89697],[139.44,35.89726],[139.43948,35.89738],[139.43923,35.89771],[139.43862,35.89775],[139.43774,35.89798],[139.43723,35.89832],[139.43712,35.89834],[139.43672,35.89827],[139.43638,35.89799],[139.43487,35.89813],[139.43447,35.89823],[139.43343,35.89798]]}},{"type":"Feature","properties":{"idx":228,"road":NaN,"cls":"tertiary","shops":0,"st_km":1.42,"mesh":"53396375"},"geometry":{"type":"LineString","coordinates":[[139.44284,35.89685],[139.44271,35.89687],[139.4418,35.89664],[139.44088,35.8962],[139.44032,35.89614],[139.44007,35.89623],[139.43995,35.89633],[139.43941,35.89709],[139.43906,35.89744]]}},{"type":"Feature","properties":{"idx":253,"road":NaN,"cls":"tertiary","shops":0,"st_km":1.27,"mesh":"53396375"},"geometry":{"type":"LineString","coordinates":[[139.44342,35.89715],[139.44289,35.89691],[139.44283,35.89683],[139.44269,35.89629],[139.44254,35.8954],[139.44254,35.89499]]}},{"type":"Feature","properties":{"idx":259,"road":"中台通り","cls":"tertiary","shops":0,"st_km":1.89,"mesh":"53396368"},"geometry":{"type":"LineString","coordinates":[[139.47928,35.89345],[139.47848,35.89338],[139.47714,35.89276],[139.47551,35.89157],[139.47464,35.89088],[139.47156,35.88881]]}},{"type":"Feature","properties":{"idx":487,"road":"川越入間線","cls":"primary","shops":0,"st_km":2.07,"mesh":"53396347"},"geometry":{"type":"LineString","coordinates":[[139.45517,35.86659],[139.45782,35.8668],[139.45841,35.86695],[139.45896,35.86728],[139.46045,35.8685],[139.46336,35.87159],[139.46672,35.87465],[139.46694,35.87504],[139.46817,35.87812],[139.46845,35.8787],[139.4687,35.87909],[139.46939,35.88003],[139.47,35.88074],[139.47255,35.88304]]}},{"type":"Feature","properties":{"idx":2565,"road":NaN,"cls":"tertiary","shops":0,"st_km":2.11,"mesh":"53396346"},"geometry":{"type":"LineString","coordinates":[[139.45784,35.87397],[139.45558,35.86718],[139.45543,35.86688],[139.45517,35.86659]]}},{"type":"Feature","properties":{"idx":501,"road":"茶つみ通り","cls":"primary","shops":0,"st_km":2.27,"mesh":"53396325"},"geometry":{"type":"LineString","coordinates":[[139.44086,35.8508],[139.4449,35.85531],[139.45053,35.86151]]}},{"type":"Feature","properties":{"idx":89,"road":"草刈街道","cls":"tertiary","shops":0,"st_km":3.59,"mesh":"53396326"},"geometry":{"type":"LineString","coordinates":[[139.45527,35.85815],[139.45543,35.85788],[139.4581,35.85483],[139.46106,35.85164],[139.46121,35.85133],[139.46141,35.8504],[139.46219,35.8491],[139.46267,35.84812],[139.4656,35.84383],[139.46655,35.8431],[139.46665,35.84306]]}},{"type":"Feature","properties":{"idx":790,"road":NaN,"cls":"tertiary","shops":0,"st_km":0.92,"mesh":"53396377"},"geometry":{"type":"LineString","coordinates":[[139.46359,35.89294],[139.46253,35.89474],[139.46224,35.89514]]}},{"type":"Feature","properties":{"idx":570,"road":NaN,"cls":"tertiary","shops":0,"st_km":1.37,"mesh":"53396377"},"geometry":{"type":"LineString","coordinates":[[139.46649,35.89708],[139.4656,35.89773]]}},{"type":"Feature","properties":{"idx":662,"road":NaN,"cls":"tertiary","shops":0,"st_km":1.15,"mesh":"53396377"},"geometry":{"type":"LineString","coordinates":[[139.4656,35.89773],[139.46224,35.89514]]}},{"type":"Feature","properties":{"idx":304,"road":NaN,"cls":"tertiary","shops":0,"st_km":1.21,"mesh":"53396349"},"geometry":{"type":"LineString","coordinates":[[139.50244,35.87423],[139.50145,35.87406],[139.49854,35.87133],[139.49764,35.87022],[139.49639,35.86804]]}},{"type":"Feature","properties":{"idx":95,"road":NaN,"cls":"tertiary","shops":0,"st_km":3.05,"mesh":"53396326"},"geometry":{"type":"LineString","coordinates":[[139.4581,35.85483],[139.45396,35.85214],[139.45241,35.85107],[139.45151,35.85042],[139.45086,35.84978],[139.44938,35.84875]]}},{"type":"Feature","properties":{"idx":113,"road":NaN,"cls":"tertiary","shops":0,"st_km":0.54,"mesh":"53396388"},"geometry":{"type":"LineString","coordinates":[[139.48021,35.90334],[139.47998,35.90271]]}},{"type":"Feature","properties":{"idx":114,"road":NaN,"cls":"tertiary","shops":0,"st_km":0.53,"mesh":"53396388"},"geometry":{"type":"LineString","coordinates":[[139.48021,35.90334],[139.47817,35.90388]]}},{"type":"Feature","properties":{"idx":46,"road":"堀兼根岸線","cls":"secondary","shops":0,"st_km":1.29,"mesh":"53396343"},"geometry":{"type":"LineString","coordinates":[[139.41927,35.87225],[139.42039,35.87106]]}},{"type":"Feature","properties":{"idx":49,"road":"所沢堀兼狭山線","cls":"secondary","shops":0,"st_km":1.18,"mesh":"53396343"},"geometry":{"type":"LineString","coordinates":[[139.42311,35.86802],[139.42408,35.867]]}},{"type":"Feature","properties":{"idx":73,"road":"所沢堀兼狭山線","cls":"secondary","shops":1,"st_km":1.2,"mesh":"53396343"},"geometry":{"type":"LineString","coordinates":[[139.42043,35.87094],[139.42311,35.86802]]}},{"type":"Feature","properties":{"idx":72,"road":"所沢堀兼狭山線","cls":"secondary","shops":1,"st_km":1.21,"mesh":"53396343"},"geometry":{"type":"LineString","coordinates":[[139.42308,35.86801],[139.4204,35.87092]]}},{"type":"Feature","properties":{"idx":223,"road":NaN,"cls":"tertiary","shops":0,"st_km":1.39,"mesh":"53396391"},"geometry":{"type":"LineString","coordinates":[[139.39443,35.90742],[139.3937,35.90847],[139.39303,35.90914],[139.39233,35.91003],[139.39139,35.91101],[139.39032,35.91199],[139.38885,35.91407],[139.3886,35.91468]]}},{"type":"Feature","properties":{"idx":178,"road":NaN,"cls":"tertiary","shops":0,"st_km":2.33,"mesh":"53396363"},"geometry":{"type":"LineString","coordinates":[[139.4115,35.88778],[139.41486,35.88685]]}},{"type":"Feature","properties":{"idx":847,"road":NaN,"cls":"tertiary","shops":1,"st_km":0.45,"mesh":"53396345"},"geometry":{"type":"LineString","coordinates":[[139.43896,35.87306],[139.43772,35.8721]]}},{"type":"Feature","properties":{"idx":823,"road":NaN,"cls":"tertiary","shops":0,"st_km":3.59,"mesh":"53396317"},"geometry":{"type":"LineString","coordinates":[[139.46469,35.84513],[139.46333,35.84389]]}},{"type":"Feature","properties":{"idx":1056,"road":"三番町通り","cls":"tertiary","shops":9,"st_km":0.26,"mesh":"53396398"},"geometry":{"type":"LineString","coordinates":[[139.48637,35.90928],[139.48325,35.90885]]}},{"type":"Feature","properties":{"idx":500,"road":NaN,"cls":"tertiary","shops":1,"st_km":2.39,"mesh":"53396331"},"geometry":{"type":"LineString","coordinates":[[139.38694,35.8678],[139.39075,35.86285]]}},{"type":"Feature","properties":{"idx":480,"road":"日高狭山線","cls":"secondary","shops":0,"st_km":2.54,"mesh":"53396330"},"geometry":{"type":"LineString","coordinates":[[139.37775,35.86344],[139.378,35.86327]]}},{"type":"Feature","properties":{"idx":740,"road":"日高狭山線","cls":"secondary","shops":1,"st_km":2.44,"mesh":"53396330"},"geometry":{"type":"LineString","coordinates":[[139.378,35.86327],[139.37841,35.86295],[139.37874,35.86263],[139.37915,35.86193]]}},{"type":"Feature","properties":{"idx":205,"road":NaN,"cls":"tertiary","shops":0,"st_km":3.31,"mesh":"53396340"},"geometry":{"type":"LineString","coordinates":[[139.37635,35.87036],[139.37658,35.87059]]}},{"type":"Feature","properties":{"idx":203,"road":NaN,"cls":"tertiary","shops":0,"st_km":3.39,"mesh":"53396340"},"geometry":{"type":"LineString","coordinates":[[139.37658,35.87059],[139.37841,35.87247]]}},{"type":"Feature","properties":{"idx":2356,"road":NaN,"cls":"tertiary","shops":23,"st_km":0.05,"mesh":"53396388"},"geometry":{"type":"LineString","coordinates":[[139.48367,35.90754],[139.4835,35.90749],[139.48313,35.90766],[139.48304,35.90776]]}},{"type":"Feature","properties":{"idx":281,"road":"所沢狭山線","cls":"primary","shops":0,"st_km":0.71,"mesh":"53396323"},"geometry":{"type":"LineString","coordinates":[[139.41423,35.851],[139.41471,35.85096]]}},{"type":"Feature","properties":{"idx":2954,"road":"つつじ通り","cls":"primary","shops":1,"st_km":1.5,"mesh":"53396313"},"geometry":{"type":"LineString","coordinates":[[139.41471,35.85096],[139.41532,35.85099],[139.41582,35.85108],[139.41651,35.85131],[139.41699,35.85153],[139.42229,35.84385],[139.42336,35.84185],[139.42573,35.83894],[139.42702,35.83697]]}},{"type":"Feature","properties":{"idx":290,"road":"富士見通り","cls":"tertiary","shops":1,"st_km":0.88,"mesh":"53396323"},"geometry":{"type":"LineString","coordinates":[[139.41393,35.8554],[139.4147,35.85566],[139.41506,35.85568],[139.41541,35.85564],[139.41937,35.85427],[139.42002,35.85397],[139.42028,35.85378],[139.42082,35.85325],[139.42383,35.84933],[139.4243,35.84849],[139.42527,35.84643]]}},{"type":"Feature","properties":{"idx":314,"road":"つつじ通り","cls":"primary","shops":0,"st_km":0.5,"mesh":"53396304"},"geometry":{"type":"LineString","coordinates":[[139.42702,35.83697],[139.42711,35.83683]]}},{"type":"Feature","properties":{"idx":510,"road":NaN,"cls":"tertiary","shops":1,"st_km":0.2,"mesh":"53396304"},"geometry":{"type":"LineString","coordinates":[[139.42888,35.83402],[139.42823,35.83351]]}},{"type":"Feature","properties":{"idx":165,"road":NaN,"cls":"tertiary","shops":0,"st_km":1.38,"mesh":"53396393"},"geometry":{"type":"LineString","coordinates":[[139.41983,35.91593],[139.41879,35.9154],[139.41837,35.91492],[139.41791,35.91467],[139.41719,35.9144],[139.41692,35.91441]]}},{"type":"Feature","properties":{"idx":257,"road":NaN,"cls":"tertiary","shops":0,"st_km":0.82,"mesh":"53396394"},"geometry":{"type":"LineString","coordinates":[[139.42729,35.91438],[139.427,35.91434]]}},{"type":"Feature","properties":{"idx":289,"road":NaN,"cls":"tertiary","shops":0,"st_km":0.69,"mesh":"53396394"},"geometry":{"type":"LineString","coordinates":[[139.42923,35.91517],[139.42822,35.91479],[139.4278,35.91458]]}},{"type":"Feature","properties":{"idx":266,"road":NaN,"cls":"tertiary","shops":0,"st_km":0.79,"mesh":"53396394"},"geometry":{"type":"LineString","coordinates":[[139.4278,35.91458],[139.42729,35.91438]]}},{"type":"Feature","properties":{"idx":639,"road":NaN,"cls":"tertiary","shops":2,"st_km":2.23,"mesh":"53396352"},"geometry":{"type":"LineString","coordinates":[[139.40778,35.87633],[139.40904,35.87929],[139.40954,35.88018],[139.40995,35.88069],[139.41389,35.88477],[139.41414,35.88518],[139.41486,35.88685]]}},{"type":"Feature","properties":{"idx":234,"road":NaN,"cls":"tertiary","shops":0,"st_km":0.94,"mesh":"53396394"},"geometry":{"type":"LineString","coordinates":[[139.42761,35.91129],[139.4268,35.91336]]}},{"type":"Feature","properties":{"idx":802,"road":NaN,"cls":"tertiary","shops":1,"st_km":1.83,"mesh":"53396339"},"geometry":{"type":"LineString","coordinates":[[139.49639,35.86804],[139.49631,35.86728],[139.49633,35.86646],[139.49626,35.86513],[139.49657,35.85859]]}},{"type":"Feature","properties":{"idx":175,"road":NaN,"cls":"tertiary","shops":0,"st_km":1.86,"mesh":"53396391"},"geometry":{"type":"LineString","coordinates":[[139.3886,35.91468],[139.38849,35.91509],[139.38841,35.91573],[139.38822,35.91653],[139.38818,35.91679],[139.38822,35.91711]]}},{"type":"Feature","properties":{"idx":99,"road":NaN,"cls":"tertiary","shops":0,"st_km":1.02,"mesh":"53396392"},"geometry":{"type":"LineString","coordinates":[[139.41475,35.91589],[139.41446,35.91596],[139.41246,35.91605],[139.41171,35.91622],[139.40873,35.91633],[139.40723,35.9162],[139.40526,35.9155]]}},{"type":"Feature","properties":{"idx":480,"road":NaN,"cls":"tertiary","shops":0,"st_km":1.88,"mesh":"53396390"},"geometry":{"type":"LineString","coordinates":[[139.38831,35.90997],[139.38777,35.91123],[139.38732,35.91269],[139.38719,35.9134],[139.38713,35.91411],[139.38715,35.91568],[139.38724,35.91632],[139.3876,35.91763],[139.38794,35.91845],[139.38784,35.91848]]}},{"type":"Feature","properties":{"idx":789,"road":NaN,"cls":"tertiary","shops":0,"st_km":0.93,"mesh":"53396377"},"geometry":{"type":"LineString","coordinates":[[139.46359,35.89294],[139.46403,35.89234]]}},{"type":"Feature","properties":{"idx":1146,"road":NaN,"cls":"tertiary","shops":11,"st_km":0.08,"mesh":"53396366"},"geometry":{"type":"LineString","coordinates":[[139.45314,35.88983],[139.45364,35.89019]]}},{"type":"Feature","properties":{"idx":1206,"road":"川越越生線","cls":"secondary","shops":2,"st_km":0.69,"mesh":"53396365"},"geometry":{"type":"LineString","coordinates":[[139.44662,35.88892],[139.44668,35.88886]]}},{"type":"Feature","properties":{"idx":121,"road":NaN,"cls":"tertiary","shops":0,"st_km":0.45,"mesh":"53396366"},"geometry":{"type":"LineString","coordinates":[[139.46134,35.8904],[139.46006,35.88933],[139.45881,35.88856],[139.4576,35.88742],[139.45693,35.88692]]}},{"type":"Feature","properties":{"idx":291,"road":"草刈街道","cls":"tertiary","shops":0,"st_km":1.23,"mesh":"53396345"},"geometry":{"type":"LineString","coordinates":[[139.44418,35.87711],[139.4451,35.87609],[139.44604,35.87381],[139.44691,35.87252],[139.44736,35.87125],[139.4477,35.8698],[139.44745,35.86773],[139.44771,35.86697],[139.44783,35.86608]]}},{"type":"Feature","properties":{"idx":1756,"road":NaN,"cls":"tertiary","shops":0,"st_km":0.88,"mesh":"53396378"},"geometry":{"type":"LineString","coordinates":[[139.47992,35.89993],[139.48504,35.89871],[139.4851,35.89876]]}},{"type":"Feature","properties":{"idx":694,"road":"いちょう通り","cls":"tertiary","shops":0,"st_km":0.43,"mesh":"53396369"},"geometry":{"type":"LineString","coordinates":[[139.49348,35.88904],[139.49311,35.88891]]}},{"type":"Feature","properties":{"idx":265,"road":NaN,"cls":"tertiary","shops":0,"st_km":1.0,"mesh":"53396379"},"geometry":{"type":"LineString","coordinates":[[139.49093,35.90046],[139.49337,35.89761]]}},{"type":"Feature","properties":{"idx":488,"road":"今福木野目線","cls":"secondary","shops":0,"st_km":0.45,"mesh":"53396379"},"geometry":{"type":"LineString","coordinates":[[139.50485,35.89217],[139.50469,35.89207],[139.5044,35.89235],[139.5041,35.89267],[139.50382,35.89314],[139.50275,35.89289],[139.50184,35.89286],[139.50113,35.8934],[139.50045,35.8943],[139.50006,35.8943],[139.49995,35.89436],[139.49986,35.89466],[139.49883,35.89489],[139.49788,35.89498],[139.49633,35.89526],[139.4959,35.89524],[139.49504,35.89552],[139.49448,35.89556],[139.4938,35.89568],[139.49232,35.89527],[139.4914,35.89494]]}},{"type":"Feature","properties":{"idx":1470,"road":NaN,"cls":"tertiary","shops":0,"st_km":1.14,"mesh":"53396359"},"geometry":{"type":"LineString","coordinates":[[139.5023,35.88225],[139.49956,35.8807],[139.49777,35.87952]]}},{"type":"Feature","properties":{"idx":508,"road":NaN,"cls":"tertiary","shops":0,"st_km":0.76,"mesh":"53396369"},"geometry":{"type":"LineString","coordinates":[[139.49043,35.88932],[139.49001,35.88894],[139.48981,35.88869],[139.48948,35.8878],[139.48949,35.8875],[139.48986,35.88693]]}},{"type":"Feature","properties":{"idx":207,"road":NaN,"cls":"tertiary","shops":0,"st_km":1.13,"mesh":"53396356"},"geometry":{"type":"LineString","coordinates":[[139.4604,35.8787],[139.45623,35.88045],[139.4549,35.8812]]}},{"type":"Feature","properties":{"idx":115,"road":"大田街道","cls":"tertiary","shops":0,"st_km":0.51,"mesh":"53396366"},"geometry":{"type":"LineString","coordinates":[[139.45875,35.89008],[139.45987,35.88883],[139.46014,35.88828],[139.46057,35.88784]]}},{"type":"Feature","properties":{"idx":153,"road":NaN,"cls":"tertiary","shops":0,"st_km":1.6,"mesh":"53396356"},"geometry":{"type":"LineString","coordinates":[[139.45599,35.8806],[139.4543,35.87632],[139.45192,35.86995]]}},{"type":"Feature","properties":{"idx":769,"road":NaN,"cls":"tertiary","shops":8,"st_km":0.21,"mesh":"53396366"},"geometry":{"type":"LineString","coordinates":[[139.45149,35.89194],[139.45347,35.89006]]}},{"type":"Feature","properties":{"idx":142,"road":NaN,"cls":"tertiary","shops":0,"st_km":0.29,"mesh":"53396366"},"geometry":{"type":"LineString","coordinates":[[139.45039,35.88955],[139.45192,35.88817]]}},{"type":"Feature","properties":{"idx":1039,"road":NaN,"cls":"tertiary","shops":0,"st_km":1.41,"mesh":"53396385"},"geometry":{"type":"LineString","coordinates":[[139.44666,35.90081],[139.44714,35.90076],[139.44729,35.90083],[139.4475,35.90117],[139.4478,35.90132],[139.44905,35.90152]]}},{"type":"Feature","properties":{"idx":245,"road":NaN,"cls":"tertiary","shops":0,"st_km":1.31,"mesh":"53396375"},"geometry":{"type":"LineString","coordinates":[[139.44666,35.90081],[139.44612,35.89894],[139.446,35.89863],[139.44583,35.89848]]}},{"type":"Feature","properties":{"idx":151,"road":NaN,"cls":"tertiary","shops":0,"st_km":0.23,"mesh":"53396366"},"geometry":{"type":"LineString","coordinates":[[139.45693,35.88692],[139.45455,35.88912]]}},{"type":"Feature","properties":{"idx":1169,"road":"中台通り","cls":"tertiary","shops":0,"st_km":1.3,"mesh":"53396367"},"geometry":{"type":"LineString","coordinates":[[139.46863,35.88663],[139.46812,35.88623],[139.46716,35.88522]]}},{"type":"Feature","properties":{"idx":100,"road":NaN,"cls":"tertiary","shops":0,"st_km":0.65,"mesh":"53396366"},"geometry":{"type":"LineString","coordinates":[[139.46134,35.8904],[139.4614,35.89046]]}},{"type":"Feature","properties":{"idx":1201,"road":"中台通り","cls":"tertiary","shops":0,"st_km":1.26,"mesh":"53396367"},"geometry":{"type":"LineString","coordinates":[[139.46716,35.88522],[139.46646,35.88447]]}},{"type":"Feature","properties":{"idx":137,"road":NaN,"cls":"tertiary","shops":0,"st_km":0.33,"mesh":"53396366"},"geometry":{"type":"LineString","coordinates":[[139.45491,35.88545],[139.45192,35.88817]]}},{"type":"Feature","properties":{"idx":534,"road":NaN,"cls":"tertiary","shops":4,"st_km":0.07,"mesh":"53396366"},"geometry":{"type":"LineString","coordinates":[[139.45433,35.88896],[139.45417,35.88908],[139.45427,35.88918]]}},{"type":"Feature","properties":{"idx":196,"road":NaN,"cls":"tertiary","shops":0,"st_km":1.96,"mesh":"53396349"},"geometry":{"type":"LineString","coordinates":[[139.48921,35.86928],[139.49084,35.86958],[139.49124,35.86981],[139.49174,35.87019],[139.49198,35.87051]]}},{"type":"Feature","properties":{"idx":97,"road":NaN,"cls":"tertiary","shops":0,"st_km":3.28,"mesh":"53396338"},"geometry":{"type":"LineString","coordinates":[[139.4709,35.86301],[139.47155,35.86311],[139.47277,35.86363],[139.47414,35.86458],[139.47586,35.86563],[139.48123,35.86839],[139.48157,35.8685],[139.48301,35.86873]]}},{"type":"Feature","properties":{"idx":1261,"road":NaN,"cls":"tertiary","shops":0,"st_km":3.89,"mesh":"53396327"},"geometry":{"type":"LineString","coordinates":[[139.46918,35.85625],[139.47153,35.85702],[139.47357,35.85756]]}},{"type":"Feature","properties":{"idx":492,"road":NaN,"cls":"tertiary","shops":0,"st_km":2.01,"mesh":"53396339"},"geometry":{"type":"LineString","coordinates":[[139.48948,35.86211],[139.49126,35.86332],[139.4927,35.86451],[139.49497,35.86624],[139.49551,35.86652],[139.49631,35.86675]]}},{"type":"Feature","properties":{"idx":324,"road":NaN,"cls":"tertiary","shops":0,"st_km":2.7,"mesh":"53396347"},"geometry":{"type":"LineString","coordinates":[[139.47557,35.87153],[139.4732,35.8719]]}},{"type":"Feature","properties":{"idx":270,"road":NaN,"cls":"tertiary","shops":0,"st_km":0.77,"mesh":"53396394"},"geometry":{"type":"LineString","coordinates":[[139.42733,35.91198],[139.43163,35.91315]]}},{"type":"Feature","properties":{"idx":597,"road":NaN,"cls":"tertiary","shops":0,"st_km":1.22,"mesh":"53396383"},"geometry":{"type":"LineString","coordinates":[[139.42072,35.90329],[139.41769,35.90574]]}},{"type":"Feature","properties":{"idx":171,"road":NaN,"cls":"tertiary","shops":0,"st_km":1.32,"mesh":"53396393"},"geometry":{"type":"LineString","coordinates":[[139.4236,35.9123],[139.42271,35.91257],[139.42191,35.91297],[139.42164,35.91326],[139.42094,35.91441]]}},{"type":"Feature","properties":{"idx":3353,"road":NaN,"cls":"tertiary","shops":0,"st_km":1.18,"mesh":"53396395"},"geometry":{"type":"LineString","coordinates":[[139.45172,35.90418],[139.45103,35.90508],[139.44994,35.90628],[139.4495,35.90672],[139.4483,35.90775],[139.44679,35.9088],[139.4456,35.90949],[139.44472,35.90994],[139.44441,35.90992],[139.44374,35.90948],[139.44295,35.90851],[139.44267,35.90791],[139.44257,35.90758],[139.4426,35.90716],[139.4424,35.90673],[139.44102,35.90534],[139.43871,35.90178],[139.43834,35.90139],[139.4377,35.90091]]}},{"type":"Feature","properties":{"idx":173,"road":NaN,"cls":"tertiary","shops":0,"st_km":1.62,"mesh":"53396386"},"geometry":{"type":"LineString","coordinates":[[139.45176,35.90413],[139.45172,35.90418]]}},{"type":"Feature","properties":{"idx":1686,"road":NaN,"cls":"tertiary","shops":0,"st_km":0.97,"mesh":"53396359"},"geometry":{"type":"LineString","coordinates":[[139.49364,35.88251],[139.49397,35.8826],[139.4947,35.88289]]}},{"type":"Feature","properties":{"idx":768,"road":"富岡入間線","cls":"secondary","shops":1,"st_km":1.22,"mesh":"53396310"},"geometry":{"type":"LineString","coordinates":[[139.38382,35.84866],[139.38239,35.84862],[139.37953,35.84807],[139.37904,35.84791],[139.37814,35.84751],[139.37791,35.84734],[139.37778,35.84706],[139.37766,35.84244]]}},{"type":"Feature","properties":{"idx":75,"road":"永久保通り","cls":"tertiary","shops":0,"st_km":3.98,"mesh":"53396309"},"geometry":{"type":"LineString","coordinates":[[139.48928,35.83899],[139.48835,35.83826],[139.48799,35.83779]]}},{"type":"Feature","properties":{"idx":75,"road":"永久保通り","cls":"tertiary","shops":0,"st_km":3.82,"mesh":"53396309"},"geometry":{"type":"LineString","coordinates":[[139.49051,35.83977],[139.4899,35.83947],[139.48928,35.83899]]}},{"type":"Feature","properties":{"idx":46,"road":NaN,"cls":"tertiary","shops":0,"st_km":4.18,"mesh":"53396308"},"geometry":{"type":"LineString","coordinates":[[139.48599,35.83513],[139.48623,35.83527]]}},{"type":"Feature","properties":{"idx":75,"road":NaN,"cls":"tertiary","shops":0,"st_km":3.9,"mesh":"53396309"},"geometry":{"type":"LineString","coordinates":[[139.49186,35.83723],[139.49108,35.83676],[139.49092,35.83658]]}},{"type":"Feature","properties":{"idx":148,"road":"永久保通り","cls":"tertiary","shops":0,"st_km":3.23,"mesh":"53396319"},"geometry":{"type":"LineString","coordinates":[[139.49724,35.8418],[139.49565,35.84179],[139.49478,35.84158]]}},{"type":"Feature","properties":{"idx":46,"road":"永久保通り","cls":"tertiary","shops":0,"st_km":4.21,"mesh":"53396308"},"geometry":{"type":"LineString","coordinates":[[139.48799,35.83779],[139.48747,35.83691],[139.48602,35.83548]]}},{"type":"Feature","properties":{"idx":74,"road":NaN,"cls":"tertiary","shops":0,"st_km":4.16,"mesh":"53396309"},"geometry":{"type":"LineString","coordinates":[[139.49092,35.83658],[139.49024,35.83598],[139.48803,35.83438],[139.4876,35.834]]}},{"type":"Feature","properties":{"idx":156,"road":"地蔵通り","cls":"tertiary","shops":0,"st_km":2.9,"mesh":"53396319"},"geometry":{"type":"LineString","coordinates":[[139.50031,35.84367],[139.49988,35.84267],[139.49936,35.84168]]}},{"type":"Feature","properties":{"idx":76,"road":"永久保通り","cls":"tertiary","shops":0,"st_km":3.67,"mesh":"53396309"},"geometry":{"type":"LineString","coordinates":[[139.49215,35.84044],[139.49051,35.83977]]}},{"type":"Feature","properties":{"idx":46,"road":NaN,"cls":"tertiary","shops":0,"st_km":4.18,"mesh":"53396308"},"geometry":{"type":"LineString","coordinates":[[139.48623,35.83527],[139.48745,35.83413]]}},{"type":"Feature","properties":{"idx":80,"road":"地蔵通り","cls":"tertiary","shops":0,"st_km":3.2,"mesh":"53396309"},"geometry":{"type":"LineString","coordinates":[[139.49754,35.83824],[139.49936,35.84168]]}},{"type":"Feature","properties":{"idx":46,"road":NaN,"cls":"tertiary","shops":0,"st_km":4.21,"mesh":"53396308"},"geometry":{"type":"LineString","coordinates":[[139.48495,35.83651],[139.48602,35.83548]]}},{"type":"Feature","properties":{"idx":76,"road":NaN,"cls":"tertiary","shops":0,"st_km":3.66,"mesh":"53396309"},"geometry":{"type":"LineString","coordinates":[[139.49392,35.83853],[139.49291,35.83792]]}},{"type":"Feature","properties":{"idx":46,"road":NaN,"cls":"tertiary","shops":0,"st_km":4.17,"mesh":"53396308"},"geometry":{"type":"LineString","coordinates":[[139.48745,35.83413],[139.48755,35.83404]]}},{"type":"Feature","properties":{"idx":75,"road":NaN,"cls":"tertiary","shops":0,"st_km":3.78,"mesh":"53396309"},"geometry":{"type":"LineString","coordinates":[[139.49291,35.83792],[139.49186,35.83723]]}},{"type":"Feature","properties":{"idx":141,"road":NaN,"cls":"tertiary","shops":0,"st_km":3.79,"mesh":"53396319"},"geometry":{"type":"LineString","coordinates":[[139.48829,35.84284],[139.48685,35.84223]]}},{"type":"Feature","properties":{"idx":75,"road":NaN,"cls":"tertiary","shops":0,"st_km":3.79,"mesh":"53396309"},"geometry":{"type":"LineString","coordinates":[[139.49679,35.8348],[139.4959,35.83409]]}},{"type":"Feature","properties":{"idx":77,"road":"永久保通り","cls":"tertiary","shops":0,"st_km":3.46,"mesh":"53396309"},"geometry":{"type":"LineString","coordinates":[[139.49478,35.84158],[139.4939,35.84123],[139.493,35.84076],[139.49215,35.84044]]}},{"type":"Feature","properties":{"idx":153,"road":NaN,"cls":"tertiary","shops":0,"st_km":3.03,"mesh":"53396319"},"geometry":{"type":"LineString","coordinates":[[139.4946,35.84988],[139.49276,35.84987],[139.49149,35.84961],[139.49031,35.84919]]}},{"type":"Feature","properties":{"idx":77,"road":NaN,"cls":"tertiary","shops":0,"st_km":3.59,"mesh":"53396309"},"geometry":{"type":"LineString","coordinates":[[139.49433,35.83871],[139.49392,35.83853]]}},{"type":"Feature","properties":{"idx":74,"road":NaN,"cls":"tertiary","shops":0,"st_km":4.16,"mesh":"53396309"},"geometry":{"type":"LineString","coordinates":[[139.48755,35.83404],[139.4876,35.834]]}},{"type":"Feature","properties":{"idx":46,"road":NaN,"cls":"tertiary","shops":0,"st_km":4.2,"mesh":"53396308"},"geometry":{"type":"LineString","coordinates":[[139.48602,35.83548],[139.48623,35.83527]]}},{"type":"Feature","properties":{"idx":46,"road":NaN,"cls":"tertiary","shops":0,"st_km":4.27,"mesh":"53396308"},"geometry":{"type":"LineString","coordinates":[[139.48256,35.83881],[139.48495,35.83651]]}},{"type":"Feature","properties":{"idx":172,"road":NaN,"cls":"tertiary","shops":0,"st_km":2.48,"mesh":"53396319"},"geometry":{"type":"LineString","coordinates":[[139.49702,35.84975],[139.49985,35.8495],[139.5008,35.84935],[139.50154,35.84917]]}},{"type":"Feature","properties":{"idx":46,"road":NaN,"cls":"tertiary","shops":0,"st_km":3.89,"mesh":"53396308"},"geometry":{"type":"LineString","coordinates":[[139.48256,35.83881],[139.48172,35.83775],[139.48136,35.83719],[139.48009,35.83488],[139.47928,35.83365],[139.47904,35.83345],[139.47735,35.8324]]}},{"type":"Feature","properties":{"idx":46,"road":NaN,"cls":"tertiary","shops":0,"st_km":4.09,"mesh":"53396308"},"geometry":{"type":"LineString","coordinates":[[139.48599,35.83513],[139.48452,35.83421]]}},{"type":"Feature","properties":{"idx":46,"road":NaN,"cls":"tertiary","shops":0,"st_km":3.93,"mesh":"53396308"},"geometry":{"type":"LineString","coordinates":[[139.48317,35.83338],[139.48452,35.83421]]}},{"type":"Feature","properties":{"idx":1170,"road":NaN,"cls":"tertiary","shops":2,"st_km":2.22,"mesh":"53396329"},"geometry":{"type":"LineString","coordinates":[[139.49785,35.85723],[139.49709,35.85805]]}},{"type":"Feature","properties":{"idx":696,"road":NaN,"cls":"tertiary","shops":1,"st_km":2.15,"mesh":"53396339"},"geometry":{"type":"LineString","coordinates":[[139.49144,35.86347],[139.49657,35.85859]]}},{"type":"Feature","properties":{"idx":450,"road":"狭山ふじみ野線","cls":"secondary","shops":0,"st_km":3.6,"mesh":"53396328"},"geometry":{"type":"LineString","coordinates":[[139.46708,35.84717],[139.47119,35.84891],[139.4767,35.85117],[139.48103,35.85262],[139.48238,35.8531],[139.48428,35.85387],[139.48842,35.85534],[139.48903,35.8555],[139.49012,35.85565],[139.4938,35.85646],[139.49664,35.85697]]}},{"type":"Feature","properties":{"idx":298,"road":NaN,"cls":"tertiary","shops":0,"st_km":0.98,"mesh":"53396391"},"geometry":{"type":"LineString","coordinates":[[139.39396,35.90814],[139.39547,35.90906],[139.39591,35.90922],[139.39738,35.90957]]}},{"type":"Feature","properties":{"idx":134,"road":NaN,"cls":"tertiary","shops":0,"st_km":0.66,"mesh":"53396392"},"geometry":{"type":"LineString","coordinates":[[139.40072,35.91074],[139.40155,35.91106],[139.40203,35.91136],[139.40277,35.91159],[139.40302,35.91176],[139.40337,35.91217],[139.40356,35.91232],[139.40462,35.91273],[139.40707,35.91318],[139.40882,35.91356],[139.4102,35.91401],[139.41074,35.91412],[139.41207,35.91477],[139.4124,35.91485],[139.415,35.91522],[139.41537,35.91539]]}},{"type":"Feature","properties":{"idx":432,"road":NaN,"cls":"tertiary","shops":0,"st_km":1.49,"mesh":"53396302"},"geometry":{"type":"LineString","coordinates":[[139.41165,35.83323],[139.411,35.83399],[139.41085,35.83408],[139.40817,35.83407]]}},{"type":"Feature","properties":{"idx":626,"road":NaN,"cls":"tertiary","shops":0,"st_km":0.82,"mesh":"53396310"},"geometry":{"type":"LineString","coordinates":[[139.38871,35.85016],[139.38382,35.84866]]}},{"type":"Feature","properties":{"idx":447,"road":NaN,"cls":"tertiary","shops":0,"st_km":1.39,"mesh":"53396302"},"geometry":{"type":"LineString","coordinates":[[139.40817,35.83407],[139.40683,35.83404]]}},{"type":"Feature","properties":{"idx":463,"road":NaN,"cls":"tertiary","shops":0,"st_km":1.33,"mesh":"53396302"},"geometry":{"type":"LineString","coordinates":[[139.4056,35.83402],[139.40683,35.83404]]}},{"type":"Feature","properties":{"idx":210,"road":NaN,"cls":"tertiary","shops":0,"st_km":0.69,"mesh":"53396304"},"geometry":{"type":"LineString","coordinates":[[139.44657,35.84552],[139.44326,35.84233],[139.4415,35.8405],[139.44033,35.83972],[139.4368,35.83704],[139.43659,35.83631],[139.43614,35.83519],[139.43343,35.83243],[139.43275,35.83195],[139.43171,35.83135],[139.43132,35.83105],[139.42489,35.82571],[139.42123,35.82274]]}},{"type":"Feature","properties":{"idx":177,"road":NaN,"cls":"tertiary","shops":0,"st_km":0.35,"mesh":"53396392"},"geometry":{"type":"LineString","coordinates":[[139.4036,35.90908],[139.40368,35.9092],[139.40389,35.90933],[139.40393,35.9094],[139.40363,35.90987],[139.40365,35.90997],[139.40378,35.91001],[139.40427,35.91001],[139.40493,35.91026]]}},{"type":"Feature","properties":{"idx":91,"road":"新狭山公園通り","cls":"tertiary","shops":0,"st_km":0.24,"mesh":"53396344"},"geometry":{"type":"LineString","coordinates":[[139.43417,35.87722],[139.42816,35.87209]]}},{"type":"Feature","properties":{"idx":1960,"road":NaN,"cls":"tertiary","shops":5,"st_km":0.24,"mesh":"53396354"},"geometry":{"type":"LineString","coordinates":[[139.43041,35.87654],[139.43301,35.87445]]}},{"type":"Feature","properties":{"idx":233,"road":NaN,"cls":"tertiary","shops":3,"st_km":0.22,"mesh":"53396344"},"geometry":{"type":"LineString","coordinates":[[139.43046,35.87571],[139.4325,35.87407]]}},{"type":"Feature","properties":{"idx":67,"road":NaN,"cls":"tertiary","shops":0,"st_km":0.56,"mesh":"53396344"},"geometry":{"type":"LineString","coordinates":[[139.42688,35.87313],[139.42746,35.87262],[139.42949,35.87104]]}},{"type":"Feature","properties":{"idx":46,"road":"堀兼根岸線","cls":"secondary","shops":0,"st_km":1.29,"mesh":"53396343"},"geometry":{"type":"LineString","coordinates":[[139.4204,35.87092],[139.4195,35.87191]]}},{"type":"Feature","properties":{"idx":338,"road":NaN,"cls":"tertiary","shops":0,"st_km":1.11,"mesh":"53396342"},"geometry":{"type":"LineString","coordinates":[[139.41123,35.8671],[139.41128,35.86721]]}},{"type":"Feature","properties":{"idx":38,"road":"堀兼根岸線","cls":"secondary","shops":0,"st_km":1.6,"mesh":"53396343"},"geometry":{"type":"LineString","coordinates":[[139.41779,35.87339],[139.4172,35.87367],[139.41662,35.87388],[139.41437,35.87451]]}},{"type":"Feature","properties":{"idx":45,"road":"堀兼根岸線","cls":"secondary","shops":0,"st_km":1.29,"mesh":"53396343"},"geometry":{"type":"LineString","coordinates":[[139.41915,35.87233],[139.41927,35.87225],[139.42043,35.87094]]}},{"type":"Feature","properties":{"idx":257,"road":NaN,"cls":"tertiary","shops":3,"st_km":0.13,"mesh":"53396344"},"geometry":{"type":"LineString","coordinates":[[139.43266,35.87266],[139.43383,35.87354]]}},{"type":"Feature","properties":{"idx":87,"road":NaN,"cls":"tertiary","shops":0,"st_km":0.29,"mesh":"53396344"},"geometry":{"type":"LineString","coordinates":[[139.43312,35.87419],[139.43306,35.87413],[139.43302,35.87386],[139.43264,35.87357],[139.43234,35.87322],[139.42923,35.87086]]}},{"type":"Feature","properties":{"idx":207,"road":NaN,"cls":"tertiary","shops":0,"st_km":1.25,"mesh":"53396334"},"geometry":{"type":"LineString","coordinates":[[139.42472,35.86538],[139.4246,35.86516],[139.42459,35.86501],[139.42486,35.86433],[139.42531,35.86233],[139.42561,35.86161],[139.42572,35.86121]]}},{"type":"Feature","properties":{"idx":97,"road":NaN,"cls":"tertiary","shops":0,"st_km":2.06,"mesh":"53396315"},"geometry":{"type":"LineString","coordinates":[[139.4399,35.84973],[139.43908,35.84948],[139.43519,35.84801]]}},{"type":"Feature","properties":{"idx":860,"road":NaN,"cls":"tertiary","shops":0,"st_km":0.63,"mesh":"53396355"},"geometry":{"type":"LineString","coordinates":[[139.43336,35.87437],[139.43375,35.8744],[139.43411,35.87468],[139.43447,35.87484],[139.44401,35.8821]]}},{"type":"Feature","properties":{"idx":590,"road":"狭山台大通り","cls":"tertiary","shops":1,"st_km":1.83,"mesh":"53396324"},"geometry":{"type":"LineString","coordinates":[[139.43335,35.86211],[139.43375,35.86183],[139.43477,35.86082],[139.435,35.86052],[139.43516,35.86016],[139.43517,35.85975],[139.43488,35.8577],[139.43477,35.85733],[139.43453,35.857],[139.43426,35.85677],[139.43371,35.85645],[139.43114,35.85507],[139.42932,35.85436],[139.42887,35.85425],[139.42817,35.85424],[139.427,35.85459],[139.4261,35.85434]]}},{"type":"Feature","properties":{"idx":281,"road":NaN,"cls":"tertiary","shops":0,"st_km":1.7,"mesh":"53396335"},"geometry":{"type":"LineString","coordinates":[[139.4394,35.86605],[139.43973,35.86548],[139.4401,35.86432],[139.44014,35.86401],[139.44009,35.86321],[139.44015,35.86294],[139.44063,35.86161],[139.44141,35.85901],[139.4432,35.85529],[139.44333,35.85514],[139.44422,35.85455]]}},{"type":"Feature","properties":{"idx":97,"road":NaN,"cls":"tertiary","shops":0,"st_km":0.19,"mesh":"53396344"},"geometry":{"type":"LineString","coordinates":[[139.43397,35.87364],[139.43543,35.87165]]}},{"type":"Feature","properties":{"idx":80,"road":NaN,"cls":"tertiary","shops":0,"st_km":0.38,"mesh":"53396344"},"geometry":{"type":"LineString","coordinates":[[139.43621,35.87069],[139.43543,35.87165]]}},{"type":"Feature","properties":{"idx":532,"road":NaN,"cls":"tertiary","shops":1,"st_km":0.72,"mesh":"53396354"},"geometry":{"type":"LineString","coordinates":[[139.43984,35.8789],[139.43512,35.88082]]}},{"type":"Feature","properties":{"idx":476,"road":NaN,"cls":"tertiary","shops":1,"st_km":0.84,"mesh":"53396354"},"geometry":{"type":"LineString","coordinates":[[139.43438,35.88023],[139.43431,35.8803],[139.43461,35.8807],[139.43534,35.88138],[139.43594,35.88208],[139.43702,35.88292]]}},{"type":"Feature","properties":{"idx":104,"road":NaN,"cls":"tertiary","shops":0,"st_km":0.12,"mesh":"53396344"},"geometry":{"type":"LineString","coordinates":[[139.43396,35.87386],[139.43402,35.8742],[139.43592,35.8757]]}},{"type":"Feature","properties":{"idx":213,"road":NaN,"cls":"tertiary","shops":0,"st_km":1.18,"mesh":"53396334"},"geometry":{"type":"LineString","coordinates":[[139.4314,35.8699],[139.43121,35.86917],[139.43057,35.86848],[139.43052,35.86822],[139.43067,35.86783],[139.43067,35.86765],[139.43004,35.86664],[139.42994,35.86619],[139.42977,35.86583],[139.42938,35.86554],[139.42911,35.86512],[139.429,35.86505],[139.42885,35.86498],[139.42824,35.86484],[139.42696,35.86433],[139.42635,35.86416],[139.42615,35.86422],[139.42539,35.86496],[139.42472,35.86538],[139.42446,35.86552],[139.42379,35.8657],[139.42368,35.86585],[139.42348,35.86664],[139.42335,35.86689],[139.42229,35.86768]]}},{"type":"Feature","properties":{"idx":617,"road":NaN,"cls":"tertiary","shops":9,"st_km":0.05,"mesh":"53396344"},"geometry":{"type":"LineString","coordinates":[[139.43314,35.87455],[139.43336,35.87437],[139.43312,35.87419]]}},{"type":"Feature","properties":{"idx":509,"road":NaN,"cls":"tertiary","shops":7,"st_km":0.04,"mesh":"53396344"},"geometry":{"type":"LineString","coordinates":[[139.43378,35.87376],[139.43396,35.87386]]}},{"type":"Feature","properties":{"idx":211,"road":NaN,"cls":"tertiary","shops":2,"st_km":0.1,"mesh":"53396344"},"geometry":{"type":"LineString","coordinates":[[139.43244,35.87306],[139.43328,35.87363],[139.4337,35.87367]]}},{"type":"Feature","properties":{"idx":573,"road":NaN,"cls":"tertiary","shops":0,"st_km":0.91,"mesh":"53396322"},"geometry":{"type":"LineString","coordinates":[[139.40435,35.85528],[139.4043,35.85506],[139.40351,35.85337]]}},{"type":"Feature","properties":{"idx":899,"road":"菅原富士見台線","cls":"tertiary","shops":0,"st_km":0.39,"mesh":"53396333"},"geometry":{"type":"LineString","coordinates":[[139.41388,35.86166],[139.4161,35.86004],[139.41657,35.8596],[139.41708,35.8589],[139.41783,35.85753]]}},{"type":"Feature","properties":{"idx":211,"road":NaN,"cls":"tertiary","shops":0,"st_km":1.89,"mesh":"53396342"},"geometry":{"type":"LineString","coordinates":[[139.40519,35.87165],[139.4055,35.87155],[139.40633,35.87151],[139.40778,35.87633]]}},{"type":"Feature","properties":{"idx":195,"road":NaN,"cls":"tertiary","shops":0,"st_km":1.34,"mesh":"53396334"},"geometry":{"type":"LineString","coordinates":[[139.42572,35.86121],[139.42619,35.86125],[139.42732,35.8617],[139.42808,35.8617],[139.42866,35.862]]}},{"type":"Feature","properties":{"idx":402,"road":NaN,"cls":"tertiary","shops":0,"st_km":0.58,"mesh":"53396354"},"geometry":{"type":"LineString","coordinates":[[139.42947,35.87972],[139.42994,35.8791],[139.43012,35.87846],[139.4304,35.87835],[139.43109,35.87823],[139.43163,35.87784]]}},{"type":"Feature","properties":{"idx":380,"road":"狭山市駅加佐志線","cls":"tertiary","shops":0,"st_km":0.17,"mesh":"53396323"},"geometry":{"type":"LineString","coordinates":[[139.41403,35.85678],[139.41417,35.8569],[139.41645,35.85794]]}},{"type":"Feature","properties":{"idx":152,"road":NaN,"cls":"tertiary","shops":0,"st_km":2.53,"mesh":"53396306"},"geometry":{"type":"LineString","coordinates":[[139.44441,35.83155],[139.44711,35.83303],[139.44945,35.83409],[139.45296,35.83583],[139.45388,35.83633],[139.46053,35.84144],[139.46333,35.84389]]}},{"type":"Feature","properties":{"idx":516,"road":NaN,"cls":"tertiary","shops":0,"st_km":2.07,"mesh":"53396305"},"geometry":{"type":"LineString","coordinates":[[139.44657,35.84552],[139.44682,35.84415],[139.44805,35.84107],[139.44865,35.83874],[139.44977,35.83223]]}},{"type":"Feature","properties":{"idx":81,"road":NaN,"cls":"tertiary","shops":0,"st_km":2.68,"mesh":"53396315"},"geometry":{"type":"LineString","coordinates":[[139.44704,35.85052],[139.44878,35.849],[139.4489,35.84891],[139.44938,35.84875]]}},{"type":"Feature","properties":{"idx":51,"road":NaN,"cls":"tertiary","shops":0,"st_km":3.44,"mesh":"53396316"},"geometry":{"type":"LineString","coordinates":[[139.45806,35.84302],[139.46608,35.84652]]}},{"type":"Feature","properties":{"idx":247,"road":NaN,"cls":"tertiary","shops":0,"st_km":0.52,"mesh":"53396304"},"geometry":{"type":"LineString","coordinates":[[139.43502,35.83603],[139.43249,35.83504],[139.42888,35.83402]]}},{"type":"Feature","properties":{"idx":352,"road":NaN,"cls":"tertiary","shops":0,"st_km":0.98,"mesh":"53396345"},"geometry":{"type":"LineString","coordinates":[[139.44462,35.87099],[139.44465,35.87123],[139.44462,35.87141],[139.44418,35.87217],[139.44397,35.87291]]}},{"type":"Feature","properties":{"idx":517,"road":NaN,"cls":"tertiary","shops":0,"st_km":1.26,"mesh":"53396355"},"geometry":{"type":"LineString","coordinates":[[139.45209,35.88801],[139.43592,35.8757]]}},{"type":"Feature","properties":{"idx":553,"road":NaN,"cls":"tertiary","shops":1,"st_km":1.97,"mesh":"53396324"},"geometry":{"type":"LineString","coordinates":[[139.43426,35.85677],[139.43591,35.85495]]}},{"type":"Feature","properties":{"idx":503,"road":NaN,"cls":"tertiary","shops":0,"st_km":1.29,"mesh":"53396355"},"geometry":{"type":"LineString","coordinates":[[139.44708,35.87936],[139.44607,35.88029]]}},{"type":"Feature","properties":{"idx":233,"road":NaN,"cls":"tertiary","shops":0,"st_km":1.55,"mesh":"53396373"},"geometry":{"type":"LineString","coordinates":[[139.41633,35.89372],[139.41572,35.89453],[139.41549,35.89475],[139.41473,35.89505],[139.4145,35.89518],[139.41435,35.89533],[139.41326,35.89745]]}},{"type":"Feature","properties":{"idx":689,"road":NaN,"cls":"tertiary","shops":0,"st_km":1.02,"mesh":"53396383"},"geometry":{"type":"LineString","coordinates":[[139.41605,35.89948],[139.41592,35.90377],[139.41595,35.90407],[139.41609,35.90437],[139.41625,35.90455],[139.41769,35.90574]]}},{"type":"Feature","properties":{"idx":347,"road":NaN,"cls":"tertiary","shops":0,"st_km":2.34,"mesh":"53396341"},"geometry":{"type":"LineString","coordinates":[[139.39231,35.86882],[139.39124,35.86777],[139.39076,35.86737],[139.39044,35.86715],[139.3883,35.86603]]}},{"type":"Feature","properties":{"idx":352,"road":NaN,"cls":"tertiary","shops":0,"st_km":2.22,"mesh":"53396331"},"geometry":{"type":"LineString","coordinates":[[139.39643,35.87121],[139.39271,35.86761],[139.39144,35.86656],[139.39062,35.86602],[139.38963,35.86546],[139.38544,35.86344]]}},{"type":"Feature","properties":{"idx":443,"road":NaN,"cls":"tertiary","shops":0,"st_km":1.7,"mesh":"53396331"},"geometry":{"type":"LineString","coordinates":[[139.3925,35.86057],[139.39371,35.86115],[139.39405,35.86136],[139.39457,35.86179],[139.39502,35.86206],[139.39666,35.86272],[139.39893,35.86384]]}},{"type":"Feature","properties":{"idx":344,"road":NaN,"cls":"tertiary","shops":0,"st_km":2.37,"mesh":"53396341"},"geometry":{"type":"LineString","coordinates":[[139.38945,35.86845],[139.39107,35.8663]]}},{"type":"Feature","properties":{"idx":323,"road":NaN,"cls":"tertiary","shops":0,"st_km":2.59,"mesh":"53396341"},"geometry":{"type":"LineString","coordinates":[[139.39254,35.87232],[139.38818,35.87012]]}},{"type":"Feature","properties":{"idx":331,"road":NaN,"cls":"tertiary","shops":0,"st_km":2.5,"mesh":"53396341"},"geometry":{"type":"LineString","coordinates":[[139.38897,35.87306],[139.39195,35.86914],[139.39231,35.86882],[139.39328,35.86816]]}},{"type":"Feature","properties":{"idx":466,"road":NaN,"cls":"tertiary","shops":0,"st_km":2.25,"mesh":"53396330"},"geometry":{"type":"LineString","coordinates":[[139.37954,35.86102],[139.38264,35.86214],[139.38384,35.86282],[139.38462,35.86312]]}},{"type":"Feature","properties":{"idx":34,"road":NaN,"cls":"tertiary","shops":0,"st_km":2.0,"mesh":"53396374"},"geometry":{"type":"LineString","coordinates":[[139.43273,35.89909],[139.43301,35.89901],[139.4339,35.89906],[139.43484,35.89941],[139.4353,35.89944],[139.43578,35.89956],[139.43607,35.89971],[139.4377,35.90091]]}},{"type":"Feature","properties":{"idx":365,"road":NaN,"cls":"tertiary","shops":0,"st_km":2.19,"mesh":"53396341"},"geometry":{"type":"LineString","coordinates":[[139.39814,35.87288],[139.39643,35.87121]]}},{"type":"Feature","properties":{"idx":613,"road":NaN,"cls":"tertiary","shops":0,"st_km":1.51,"mesh":"53396320"},"geometry":{"type":"LineString","coordinates":[[139.38069,35.85385],[139.38057,35.8541],[139.38048,35.85416],[139.37988,35.85409],[139.37981,35.85383],[139.3798,35.85325],[139.38027,35.85282],[139.3804,35.85275],[139.38061,35.85274],[139.38115,35.8529]]}},{"type":"Feature","properties":{"idx":296,"road":NaN,"cls":"tertiary","shops":0,"st_km":0.64,"mesh":"53396301"},"geometry":{"type":"LineString","coordinates":[[139.39746,35.83813],[139.39285,35.83909]]}},{"type":"Feature","properties":{"idx":201,"road":NaN,"cls":"tertiary","shops":0,"st_km":1.28,"mesh":"53396321"},"geometry":{"type":"LineString","coordinates":[[139.39505,35.85665],[139.39584,35.85495]]}},{"type":"Feature","properties":{"idx":235,"road":"広瀬橋通り","cls":"tertiary","shops":0,"st_km":1.06,"mesh":"53396321"},"geometry":{"type":"LineString","coordinates":[[139.39584,35.85495],[139.39682,35.85288]]}},{"type":"Feature","properties":{"idx":734,"road":NaN,"cls":"tertiary","shops":1,"st_km":1.25,"mesh":"53396302"},"geometry":{"type":"LineString","coordinates":[[139.4056,35.83402],[139.40177,35.83397]]}},{"type":"Feature","properties":{"idx":220,"road":NaN,"cls":"tertiary","shops":0,"st_km":2.59,"mesh":"53396351"},"geometry":{"type":"LineString","coordinates":[[139.39716,35.87577],[139.39684,35.87601],[139.39615,35.87624],[139.39578,35.8765]]}},{"type":"Feature","properties":{"idx":177,"road":NaN,"cls":"tertiary","shops":0,"st_km":0.98,"mesh":"53396323"},"geometry":{"type":"LineString","coordinates":[[139.42438,35.85783],[139.42401,35.85827]]}},{"type":"Feature","properties":{"idx":172,"road":NaN,"cls":"tertiary","shops":0,"st_km":1.02,"mesh":"53396323"},"geometry":{"type":"LineString","coordinates":[[139.42438,35.85783],[139.42498,35.85698]]}},{"type":"Feature","properties":{"idx":758,"road":NaN,"cls":"tertiary","shops":0,"st_km":0.97,"mesh":"53396303"},"geometry":{"type":"LineString","coordinates":[[139.41819,35.8358],[139.41731,35.83552],[139.41702,35.83533],[139.41701,35.83525],[139.41725,35.83471],[139.41742,35.83456],[139.41755,35.83429],[139.4177,35.83414]]}},{"type":"Feature","properties":{"idx":3011,"road":NaN,"cls":"tertiary","shops":0,"st_km":1.67,"mesh":"53396314"},"geometry":{"type":"LineString","coordinates":[[139.42527,35.84643],[139.42803,35.84728],[139.43194,35.84711],[139.43271,35.84713],[139.43326,35.84728],[139.43519,35.84801]]}},{"type":"Feature","properties":{"idx":203,"road":NaN,"cls":"tertiary","shops":0,"st_km":2.91,"mesh":"53396351"},"geometry":{"type":"LineString","coordinates":[[139.38782,35.87841],[139.38982,35.88107]]}},{"type":"Feature","properties":{"idx":193,"road":"笠幡狭山線","cls":"secondary","shops":0,"st_km":1.01,"mesh":"53396332"},"geometry":{"type":"LineString","coordinates":[[139.40539,35.8646],[139.40706,35.864]]}},{"type":"Feature","properties":{"idx":210,"road":"笠幡狭山線","cls":"secondary","shops":0,"st_km":0.91,"mesh":"53396332"},"geometry":{"type":"LineString","coordinates":[[139.40706,35.864],[139.4074,35.86385],[139.40763,35.86369]]}},{"type":"Feature","properties":{"idx":211,"road":"日高狭山線","cls":"secondary","shops":0,"st_km":0.9,"mesh":"53396332"},"geometry":{"type":"LineString","coordinates":[[139.40491,35.85978],[139.40321,35.86064]]}},{"type":"Feature","properties":{"idx":1183,"road":"鯨井狭山線","cls":"secondary","shops":2,"st_km":1.41,"mesh":"53396331"},"geometry":{"type":"LineString","coordinates":[[139.40181,35.86131],[139.4006,35.86085],[139.39514,35.8585],[139.39431,35.85822]]}},{"type":"Feature","properties":{"idx":46,"road":NaN,"cls":"tertiary","shops":0,"st_km":4.3,"mesh":"53396308"},"geometry":{"type":"LineString","coordinates":[[139.48256,35.83881],[139.48401,35.8401]]}},{"type":"Feature","properties":{"idx":46,"road":NaN,"cls":"tertiary","shops":0,"st_km":4.04,"mesh":"53396308"},"geometry":{"type":"LineString","coordinates":[[139.48401,35.8401],[139.48569,35.84167],[139.48607,35.84189],[139.48685,35.84223]]}},{"type":"Feature","properties":{"idx":46,"road":NaN,"cls":"tertiary","shops":0,"st_km":4.35,"mesh":"53396308"},"geometry":{"type":"LineString","coordinates":[[139.48256,35.83881],[139.48159,35.83995]]}},{"type":"Feature","properties":{"idx":144,"road":NaN,"cls":"tertiary","shops":0,"st_km":3.5,"mesh":"53396319"},"geometry":{"type":"LineString","coordinates":[[139.48829,35.84284],[139.48875,35.84304],[139.48883,35.84316],[139.48881,35.84543],[139.48882,35.84599],[139.48888,35.84632],[139.48987,35.84825],[139.49022,35.84911],[139.49031,35.84919]]}},{"type":"Feature","properties":{"idx":672,"road":NaN,"cls":"pedestrian","shops":1,"st_km":0.2,"mesh":"53396311"},"geometry":{"type":"LineString","coordinates":[[139.39664,35.84681],[139.3963,35.84683],[139.39582,35.84724],[139.39573,35.8473],[139.39556,35.84731],[139.39519,35.84708],[139.39489,35.84678],[139.39474,35.84657],[139.39473,35.84646],[139.39493,35.84594],[139.39505,35.84578],[139.39535,35.84559],[139.39555,35.84554],[139.39674,35.84554],[139.39704,35.8456],[139.39751,35.84581],[139.39801,35.84612],[139.39863,35.84671],[139.39902,35.8473],[139.39911,35.84765],[139.3991,35.84789],[139.39901,35.84813],[139.39887,35.8483],[139.39873,35.84838],[139.39805,35.84848],[139.39779,35.84844],[139.39765,35.84837],[139.39722,35.84793],[139.39679,35.84696],[139.39664,35.84681]]}},{"type":"Feature","properties":{"idx":433,"road":NaN,"cls":"pedestrian","shops":0,"st_km":0.24,"mesh":"53396311"},"geometry":{"type":"LineString","coordinates":[[139.39865,35.84574],[139.39671,35.84684]]}},{"type":"Feature","properties":{"idx":550,"road":NaN,"cls":"pedestrian","shops":1,"st_km":0.4,"mesh":"53396311"},"geometry":{"type":"LineString","coordinates":[[139.3991,35.84789],[139.39943,35.84786],[139.39964,35.8479],[139.39984,35.84801],[139.39992,35.8482],[139.39992,35.84856],[139.39961,35.84919]]}},{"type":"Feature","properties":{"idx":379,"road":"堀兼根岸線","cls":"secondary","shops":0,"st_km":2.11,"mesh":"53396352"},"geometry":{"type":"LineString","coordinates":[[139.41039,35.87561],[139.40778,35.87633]]}},{"type":"Feature","properties":{"idx":402,"road":"堀兼根岸線","cls":"secondary","shops":0,"st_km":1.94,"mesh":"53396352"},"geometry":{"type":"LineString","coordinates":[[139.41437,35.87451],[139.41039,35.87561]]}},{"type":"Feature","properties":{"idx":213,"road":NaN,"cls":"tertiary","shops":0,"st_km":1.91,"mesh":"53396363"},"geometry":{"type":"LineString","coordinates":[[139.41589,35.88656],[139.42077,35.88519]]}},{"type":"Feature","properties":{"idx":379,"road":NaN,"cls":"tertiary","shops":1,"st_km":1.13,"mesh":"53396354"},"geometry":{"type":"LineString","coordinates":[[139.42077,35.88519],[139.42596,35.88372],[139.42706,35.88324],[139.42772,35.88284],[139.42825,35.88242],[139.4325,35.87867]]}},{"type":"Feature","properties":{"idx":180,"road":NaN,"cls":"tertiary","shops":0,"st_km":1.19,"mesh":"53396301"},"geometry":{"type":"LineString","coordinates":[[139.3978,35.83385],[139.39808,35.83391],[139.40177,35.83397]]}},{"type":"Feature","properties":{"idx":509,"road":"日高狭山線","cls":"secondary","shops":0,"st_km":2.34,"mesh":"53396330"},"geometry":{"type":"LineString","coordinates":[[139.37939,35.86184],[139.37922,35.86187],[139.37915,35.86193]]}},{"type":"Feature","properties":{"idx":512,"road":"日高狭山線","cls":"secondary","shops":0,"st_km":2.32,"mesh":"53396330"},"geometry":{"type":"LineString","coordinates":[[139.37942,35.86142],[139.37915,35.86193]]}},{"type":"Feature","properties":{"idx":347,"road":NaN,"cls":"tertiary","shops":0,"st_km":0.2,"mesh":"53396311"},"geometry":{"type":"LineString","coordinates":[[139.39364,35.84175],[139.39342,35.84189],[139.39293,35.84236],[139.39199,35.84357],[139.39143,35.8441]]}},{"type":"Feature","properties":{"idx":629,"road":NaN,"cls":"tertiary","shops":0,"st_km":0.46,"mesh":"53396389"},"geometry":{"type":"LineString","coordinates":[[139.49166,35.90766],[139.4913,35.90758],[139.4904,35.90752],[139.48845,35.90747],[139.48479,35.90708]]}},{"type":"Feature","properties":{"idx":841,"road":"川越所沢線","cls":"primary","shops":0,"st_km":3.37,"mesh":"53396337"},"geometry":{"type":"LineString","coordinates":[[139.46708,35.84717],[139.46807,35.85262],[139.46928,35.85663],[139.46957,35.85794],[139.47025,35.86042],[139.47471,35.8778]]}},{"type":"Feature","properties":{"idx":1580,"road":"所沢狭山線","cls":"primary","shops":1,"st_km":0.48,"mesh":"53396322"},"geometry":{"type":"LineString","coordinates":[[139.40783,35.85792],[139.40813,35.85767],[139.40827,35.8574],[139.40829,35.85708],[139.40817,35.85653],[139.40818,35.85605],[139.40833,35.85561],[139.40865,35.85519],[139.40932,35.85451],[139.41231,35.85174],[139.41302,35.85133],[139.41373,35.85108],[139.41423,35.851]]}},{"type":"Feature","properties":{"idx":1644,"road":NaN,"cls":"tertiary","shops":7,"st_km":0.2,"mesh":"53396332"},"geometry":{"type":"LineString","coordinates":[[139.41106,35.86033],[139.4127,35.85825],[139.41288,35.85773],[139.41287,35.85732],[139.41281,35.85711]]}},{"type":"Feature","properties":{"idx":49,"road":NaN,"cls":"tertiary","shops":0,"st_km":1.03,"mesh":"53396343"},"geometry":{"type":"LineString","coordinates":[[139.42245,35.8688],[139.42331,35.87002],[139.42466,35.87132],[139.42465,35.87153]]}},{"type":"Feature","properties":{"idx":398,"road":"けやき通り","cls":"tertiary","shops":0,"st_km":1.81,"mesh":"53396324"},"geometry":{"type":"LineString","coordinates":[[139.42961,35.85733],[139.43023,35.85661],[139.4309,35.85565],[139.43519,35.84801]]}},{"type":"Feature","properties":{"idx":49,"road":"所沢堀兼狭山線","cls":"secondary","shops":0,"st_km":1.19,"mesh":"53396343"},"geometry":{"type":"LineString","coordinates":[[139.4242,35.86675],[139.42401,35.86695]]}},{"type":"Feature","properties":{"idx":49,"road":"所沢堀兼狭山線","cls":"secondary","shops":0,"st_km":1.18,"mesh":"53396343"},"geometry":{"type":"LineString","coordinates":[[139.42408,35.867],[139.42425,35.86681]]}},{"type":"Feature","properties":{"idx":49,"road":"所沢堀兼狭山線","cls":"secondary","shops":0,"st_km":1.18,"mesh":"53396343"},"geometry":{"type":"LineString","coordinates":[[139.42401,35.86695],[139.42308,35.86801]]}},{"type":"Feature","properties":{"idx":451,"road":"所沢堀兼狭山線","cls":"secondary","shops":0,"st_km":1.79,"mesh":"53396324"},"geometry":{"type":"LineString","coordinates":[[139.42663,35.86423],[139.43469,35.85533],[139.43612,35.85382],[139.43682,35.85328],[139.44086,35.8508]]}},{"type":"Feature","properties":{"idx":124,"road":"中新田入間川線","cls":"secondary","shops":3,"st_km":1.17,"mesh":"53396343"},"geometry":{"type":"LineString","coordinates":[[139.423,35.86849],[139.42289,35.86842],[139.42287,35.86836]]}},{"type":"Feature","properties":{"idx":359,"road":NaN,"cls":"tertiary","shops":0,"st_km":2.23,"mesh":"53396341"},"geometry":{"type":"LineString","coordinates":[[139.39814,35.87288],[139.3987,35.87351],[139.39904,35.87402]]}},{"type":"Feature","properties":{"idx":224,"road":NaN,"cls":"tertiary","shops":0,"st_km":2.52,"mesh":"53396351"},"geometry":{"type":"LineString","coordinates":[[139.39525,35.87372],[139.39546,35.87399],[139.39567,35.87472],[139.39583,35.875],[139.39612,35.87524],[139.39716,35.87577]]}},{"type":"Feature","properties":{"idx":342,"road":NaN,"cls":"tertiary","shops":0,"st_km":2.39,"mesh":"53396341"},"geometry":{"type":"LineString","coordinates":[[139.39716,35.87577],[139.39785,35.87501],[139.39844,35.87454],[139.3987,35.87424],[139.39904,35.87402]]}},{"type":"Feature","properties":{"idx":488,"road":NaN,"cls":"tertiary","shops":0,"st_km":1.64,"mesh":"53396399"},"geometry":{"type":"LineString","coordinates":[[139.49825,35.91692],[139.49964,35.91632]]}},{"type":"Feature","properties":{"idx":203,"road":NaN,"cls":"tertiary","shops":1,"st_km":0.36,"mesh":"53396388"},"geometry":{"type":"LineString","coordinates":[[139.47808,35.90391],[139.47861,35.90476],[139.47902,35.90515],[139.48195,35.90669]]}},{"type":"Feature","properties":{"idx":2086,"road":NaN,"cls":"tertiary","shops":0,"st_km":1.17,"mesh":"53396300"},"geometry":{"type":"LineString","coordinates":[[139.3804,35.83422],[139.38028,35.83427],[139.3802,35.83441],[139.37937,35.8363],[139.37922,35.83742],[139.37851,35.83832],[139.37773,35.83942],[139.37653,35.84196]]}},{"type":"Feature","properties":{"idx":428,"road":NaN,"cls":"tertiary","shops":0,"st_km":1.77,"mesh":"53396331"},"geometry":{"type":"LineString","coordinates":[[139.38853,35.86059],[139.39006,35.86107],[139.39048,35.86126],[139.3921,35.86247],[139.39351,35.86386],[139.39467,35.8644],[139.3954,35.86492],[139.39618,35.86557],[139.39717,35.86585],[139.39742,35.86602],[139.3977,35.86641],[139.39871,35.86879],[139.39888,35.86912],[139.39951,35.87004],[139.40041,35.87131],[139.40076,35.8717],[139.40186,35.87263],[139.40228,35.87292]]}},{"type":"Feature","properties":{"idx":225,"road":NaN,"cls":"tertiary","shops":0,"st_km":2.73,"mesh":"53396340"},"geometry":{"type":"LineString","coordinates":[[139.37975,35.86644],[139.3811,35.86644],[139.38228,35.86657],[139.38301,35.86668],[139.38363,35.86683],[139.38372,35.8669],[139.38374,35.86695],[139.38342,35.86872],[139.38321,35.86919],[139.38266,35.86986]]}},{"type":"Feature","properties":{"idx":455,"road":NaN,"cls":"tertiary","shops":0,"st_km":0.88,"mesh":"53396365"},"geometry":{"type":"LineString","coordinates":[[139.44537,35.88593],[139.44708,35.88444]]}},{"type":"Feature","properties":{"idx":326,"road":"新扇橋","cls":"tertiary","shops":0,"st_km":1.12,"mesh":"53396389"},"geometry":{"type":"LineString","coordinates":[[139.49719,35.90045],[139.49751,35.90114],[139.49755,35.90149],[139.49752,35.90181]]}},{"type":"Feature","properties":{"idx":178,"road":NaN,"cls":"tertiary","shops":0,"st_km":2.65,"mesh":"53396348"},"geometry":{"type":"LineString","coordinates":[[139.48301,35.86873],[139.4835,35.86882]]}},{"type":"Feature","properties":{"idx":180,"road":NaN,"cls":"tertiary","shops":0,"st_km":2.59,"mesh":"53396348"},"geometry":{"type":"LineString","coordinates":[[139.4835,35.86882],[139.4842,35.86894]]}},{"type":"Feature","properties":{"idx":135,"road":NaN,"cls":"tertiary","shops":0,"st_km":0.36,"mesh":"53396388"},"geometry":{"type":"LineString","coordinates":[[139.48151,35.90133],[139.48214,35.90325],[139.48249,35.90469],[139.48241,35.9053],[139.48238,35.90608],[139.48199,35.90664]]}},{"type":"Feature","properties":{"idx":324,"road":"川越入間線","cls":"primary","shops":0,"st_km":1.8,"mesh":"53396368"},"geometry":{"type":"LineString","coordinates":[[139.47711,35.88712],[139.47761,35.88715],[139.47878,35.88711]]}},{"type":"Feature","properties":{"idx":49,"road":"所沢堀兼狭山線","cls":"secondary","shops":0,"st_km":1.18,"mesh":"53396343"},"geometry":{"type":"LineString","coordinates":[[139.42235,35.86891],[139.42408,35.867]]}},{"type":"Feature","properties":{"idx":73,"road":"所沢堀兼狭山線","cls":"secondary","shops":1,"st_km":1.2,"mesh":"53396343"},"geometry":{"type":"LineString","coordinates":[[139.42251,35.86857],[139.42184,35.8693]]}},{"type":"Feature","properties":{"idx":4982,"road":NaN,"cls":"tertiary_link","shops":14,"st_km":0.07,"mesh":"53396369"},"geometry":{"type":"LineString","coordinates":[[139.49722,35.89202],[139.4972,35.89189],[139.49729,35.89177],[139.49711,35.89165],[139.49703,35.8917],[139.49699,35.89181],[139.49722,35.89202]]}},{"type":"Feature","properties":{"idx":240,"road":"茶つみ通り","cls":"primary","shops":0,"st_km":0.8,"mesh":"53396304"},"geometry":{"type":"LineString","coordinates":[[139.42801,35.83535],[139.42873,35.83573],[139.43001,35.83659],[139.4307,35.83691],[139.43133,35.8371],[139.43356,35.83755],[139.4342,35.83779],[139.43469,35.83806],[139.43519,35.83849],[139.43672,35.84032],[139.43709,35.84086],[139.43718,35.84113]]}},{"type":"Feature","properties":{"idx":134,"road":"茶つみ通り","cls":"primary","shops":0,"st_km":1.84,"mesh":"53396315"},"geometry":{"type":"LineString","coordinates":[[139.43722,35.84125],[139.43751,35.84241],[139.4374,35.84392],[139.43748,35.84434],[139.43765,35.84467],[139.43874,35.84629],[139.43972,35.84843],[139.43986,35.84886],[139.4399,35.84973],[139.4408,35.85073]]}},{"type":"Feature","properties":{"idx":674,"road":"川越入間線","cls":"primary","shops":2,"st_km":1.72,"mesh":"53396368"},"geometry":{"type":"LineString","coordinates":[[139.47878,35.88711],[139.47894,35.88709]]}},{"type":"Feature","properties":{"idx":493,"road":"川越入間線","cls":"primary","shops":0,"st_km":1.12,"mesh":"53396368"},"geometry":{"type":"LineString","coordinates":[[139.47894,35.88709],[139.48216,35.88982],[139.48503,35.89156],[139.48694,35.893],[139.48931,35.89445],[139.49006,35.89483],[139.4912,35.89553]]}},{"type":"Feature","properties":{"idx":371,"road":NaN,"cls":"tertiary","shops":0,"st_km":0.71,"mesh":"53396391"},"geometry":{"type":"LineString","coordinates":[[139.39738,35.90957],[139.39821,35.90979],[139.39953,35.91046],[139.3999,35.91057],[139.40047,35.91065],[139.40072,35.91074]]}},{"type":"Feature","properties":{"idx":394,"road":NaN,"cls":"tertiary","shops":0,"st_km":1.5,"mesh":"53396387"},"geometry":{"type":"LineString","coordinates":[[139.46443,35.90038],[139.46523,35.89973]]}},{"type":"Feature","properties":{"idx":202,"road":NaN,"cls":"tertiary","shops":0,"st_km":1.14,"mesh":"53396394"},"geometry":{"type":"LineString","coordinates":[[139.43086,35.90771],[139.42896,35.90851],[139.42851,35.90874],[139.42786,35.90918],[139.4263,35.91051],[139.42572,35.91084],[139.42374,35.91229],[139.4236,35.9123]]}},{"type":"Feature","properties":{"idx":721,"road":NaN,"cls":"tertiary","shops":0,"st_km":1.17,"mesh":"53396390"},"geometry":{"type":"LineString","coordinates":[[139.37724,35.90828],[139.38266,35.91051]]}},{"type":"Feature","properties":{"idx":159,"road":NaN,"cls":"tertiary","shops":2,"st_km":0.92,"mesh":"53396388"},"geometry":{"type":"LineString","coordinates":[[139.47547,35.90168],[139.4763,35.90099]]}},{"type":"Feature","properties":{"idx":203,"road":NaN,"cls":"tertiary","shops":0,"st_km":0.63,"mesh":"53396380"},"geometry":{"type":"LineString","coordinates":[[139.37489,35.90628],[139.37512,35.90645]]}},{"type":"Feature","properties":{"idx":178,"road":NaN,"cls":"tertiary","shops":0,"st_km":0.78,"mesh":"53396380"},"geometry":{"type":"LineString","coordinates":[[139.37512,35.90645],[139.37588,35.90705],[139.37724,35.90828]]}},{"type":"Feature","properties":{"idx":97,"road":NaN,"cls":"tertiary","shops":0,"st_km":1.06,"mesh":"53396381"},"geometry":{"type":"LineString","coordinates":[[139.39458,35.90719],[139.39443,35.90742]]}},{"type":"Feature","properties":{"idx":101,"road":NaN,"cls":"tertiary","shops":0,"st_km":1.01,"mesh":"53396381"},"geometry":{"type":"LineString","coordinates":[[139.39546,35.90562],[139.39538,35.90611],[139.3953,35.90629],[139.39488,35.90674],[139.39458,35.90719]]}},{"type":"Feature","properties":{"idx":474,"road":NaN,"cls":"tertiary","shops":0,"st_km":1.91,"mesh":"53396390"},"geometry":{"type":"LineString","coordinates":[[139.38662,35.91409],[139.38674,35.9141]]}},{"type":"Feature","properties":{"idx":153,"road":NaN,"cls":"tertiary","shops":0,"st_km":1.25,"mesh":"53396371"},"geometry":{"type":"LineString","coordinates":[[139.39689,35.89924],[139.39672,35.89938]]}},{"type":"Feature","properties":{"idx":198,"road":"笠幡狭山線","cls":"secondary","shops":0,"st_km":0.45,"mesh":"53396382"},"geometry":{"type":"LineString","coordinates":[[139.4014,35.90291],[139.40273,35.9041],[139.4038,35.90544],[139.40397,35.90558],[139.40448,35.90584],[139.40451,35.906]]}},{"type":"Feature","properties":{"idx":160,"road":"笠幡狭山線","cls":"secondary","shops":0,"st_km":0.69,"mesh":"53396382"},"geometry":{"type":"LineString","coordinates":[[139.40123,35.90276],[139.4014,35.90291]]}},{"type":"Feature","properties":{"idx":190,"road":"川越街道","cls":"primary","shops":1,"st_km":0.66,"mesh":"53396388"},"geometry":{"type":"LineString","coordinates":[[139.48736,35.90259],[139.48742,35.90215]]}},{"type":"Feature","properties":{"idx":121,"road":"川越街道","cls":"primary","shops":0,"st_km":0.7,"mesh":"53396388"},"geometry":{"type":"LineString","coordinates":[[139.48742,35.90215],[139.48748,35.90169]]}},{"type":"Feature","properties":{"idx":240,"road":"堀兼根岸線","cls":"secondary","shops":0,"st_km":3.01,"mesh":"53396340"},"geometry":{"type":"LineString","coordinates":[[139.37774,35.86797],[139.37732,35.86784]]}},{"type":"Feature","properties":{"idx":240,"road":"堀兼根岸線","cls":"secondary","shops":0,"st_km":3.01,"mesh":"53396340"},"geometry":{"type":"LineString","coordinates":[[139.37827,35.86812],[139.37774,35.86797]]}},{"type":"Feature","properties":{"idx":240,"road":"堀兼根岸線","cls":"secondary","shops":0,"st_km":3.02,"mesh":"53396340"},"geometry":{"type":"LineString","coordinates":[[139.37732,35.86784],[139.37523,35.86714]]}},{"type":"Feature","properties":{"idx":240,"road":"堀兼根岸線","cls":"secondary","shops":0,"st_km":3.01,"mesh":"53396340"},"geometry":{"type":"LineString","coordinates":[[139.37937,35.86844],[139.37827,35.86812]]}},{"type":"Feature","properties":{"idx":196,"road":"さいたまふじみ野所沢線","cls":"primary","shops":0,"st_km":2.87,"mesh":"53396319"},"geometry":{"type":"LineString","coordinates":[[139.49724,35.8418],[139.49716,35.84599],[139.49702,35.84975]]}},{"type":"Feature","properties":{"idx":194,"road":NaN,"cls":"tertiary","shops":0,"st_km":2.34,"mesh":"53396348"},"geometry":{"type":"LineString","coordinates":[[139.4842,35.86894],[139.48493,35.86902],[139.48579,35.86894],[139.48829,35.86915],[139.48921,35.86928]]}},{"type":"Feature","properties":{"idx":277,"road":"狭山中央通り","cls":"tertiary","shops":0,"st_km":0.84,"mesh":"53396334"},"geometry":{"type":"LineString","coordinates":[[139.43621,35.87069],[139.43571,35.86989],[139.43251,35.86237]]}},{"type":"Feature","properties":{"idx":406,"road":"狭山中央通り","cls":"tertiary","shops":3,"st_km":1.63,"mesh":"53396334"},"geometry":{"type":"LineString","coordinates":[[139.43228,35.86184],[139.431,35.8589],[139.43049,35.85815],[139.42961,35.85733]]}},{"type":"Feature","properties":{"idx":203,"road":"所沢堀兼狭山線","cls":"secondary","shops":0,"st_km":1.43,"mesh":"53396334"},"geometry":{"type":"LineString","coordinates":[[139.43045,35.85987],[139.42653,35.86421]]}},{"type":"Feature","properties":{"idx":674,"road":"いちょう通り","cls":"tertiary","shops":0,"st_km":0.46,"mesh":"53396369"},"geometry":{"type":"LineString","coordinates":[[139.49311,35.88891],[139.49288,35.88883]]}},{"type":"Feature","properties":{"idx":787,"road":"いちょう通り","cls":"tertiary","shops":1,"st_km":0.73,"mesh":"53396369"},"geometry":{"type":"LineString","coordinates":[[139.49288,35.88883],[139.49206,35.88861],[139.49156,35.88866],[139.49121,35.88878],[139.48746,35.89148],[139.4861,35.89237]]}},{"type":"Feature","properties":{"idx":552,"road":"鯨井狭山線","cls":"secondary","shops":0,"st_km":1.53,"mesh":"53396383"},"geometry":{"type":"LineString","coordinates":[[139.41829,35.89886],[139.41855,35.89962],[139.41929,35.90105],[139.41997,35.90228],[139.42072,35.90329],[139.42092,35.90353],[139.42199,35.90448],[139.42434,35.90636],[139.42476,35.9066],[139.42666,35.90735],[139.42748,35.90767],[139.42831,35.90792],[139.42901,35.90801],[139.4304,35.9079],[139.43114,35.90807]]}},{"type":"Feature","properties":{"idx":106,"road":NaN,"cls":"tertiary","shops":0,"st_km":1.92,"mesh":"53396371"},"geometry":{"type":"LineString","coordinates":[[139.38962,35.89589],[139.39003,35.89568],[139.39176,35.89514],[139.39303,35.89485]]}},{"type":"Feature","properties":{"idx":149,"road":NaN,"cls":"tertiary","shops":0,"st_km":0.56,"mesh":"53396370"},"geometry":{"type":"LineString","coordinates":[[139.37597,35.90121],[139.37606,35.90065],[139.37604,35.89936],[139.37625,35.89819],[139.37642,35.8977],[139.37711,35.89626]]}},{"type":"Feature","properties":{"idx":305,"road":NaN,"cls":"tertiary","shops":0,"st_km":0.33,"mesh":"53396311"},"geometry":{"type":"LineString","coordinates":[[139.38913,35.84578],[139.38913,35.84571],[139.38931,35.84555]]}},{"type":"Feature","properties":{"idx":115,"road":NaN,"cls":"tertiary","shops":0,"st_km":2.42,"mesh":"53396360"},"geometry":{"type":"LineString","coordinates":[[139.38617,35.88374],[139.38621,35.88365]]}},{"type":"Feature","properties":{"idx":348,"road":NaN,"cls":"tertiary","shops":0,"st_km":1.98,"mesh":"53396361"},"geometry":{"type":"LineString","coordinates":[[139.38767,35.88993],[139.38759,35.88985]]}},{"type":"Feature","properties":{"idx":318,"road":"狭山市停車場線","cls":"secondary","shops":0,"st_km":0.46,"mesh":"53396323"},"geometry":{"type":"LineString","coordinates":[[139.41393,35.8554],[139.416,35.85293],[139.41699,35.85153]]}},{"type":"Feature","properties":{"idx":1874,"road":NaN,"cls":"tertiary","shops":4,"st_km":1.09,"mesh":"53396324"},"geometry":{"type":"LineString","coordinates":[[139.42498,35.85698],[139.42531,35.85634],[139.42566,35.85544]]}},{"type":"Feature","properties":{"idx":266,"road":"広瀬橋通り","cls":"tertiary","shops":0,"st_km":0.9,"mesh":"53396321"},"geometry":{"type":"LineString","coordinates":[[139.39682,35.85288],[139.39711,35.85227]]}},{"type":"Feature","properties":{"idx":572,"road":"広瀬橋通り","cls":"tertiary","shops":2,"st_km":0.82,"mesh":"53396321"},"geometry":{"type":"LineString","coordinates":[[139.39711,35.85227],[139.39753,35.85144]]}},{"type":"Feature","properties":{"idx":66,"road":"中新田入間川線","cls":"secondary","shops":0,"st_km":0.71,"mesh":"53396344"},"geometry":{"type":"LineString","coordinates":[[139.42245,35.8688],[139.42265,35.86873],[139.42284,35.86853],[139.42295,35.86849],[139.42361,35.86863],[139.42428,35.86867],[139.42552,35.86856],[139.42666,35.86839],[139.42741,35.86842],[139.42976,35.86917],[139.43258,35.87043],[139.43434,35.87134],[139.43543,35.87165]]}},{"type":"Feature","properties":{"idx":334,"road":NaN,"cls":"tertiary","shops":0,"st_km":2.46,"mesh":"53396341"},"geometry":{"type":"LineString","coordinates":[[139.39525,35.87372],[139.39371,35.87292]]}},{"type":"Feature","properties":{"idx":315,"road":NaN,"cls":"tertiary","shops":0,"st_km":0.71,"mesh":"53396397"},"geometry":{"type":"LineString","coordinates":[[139.46558,35.91583],[139.46555,35.9146],[139.46552,35.91449],[139.46543,35.91442],[139.46484,35.91434],[139.46444,35.91437],[139.46344,35.9148]]}},{"type":"Feature","properties":{"idx":98,"road":NaN,"cls":"tertiary","shops":0,"st_km":0.68,"mesh":"53396366"},"geometry":{"type":"LineString","coordinates":[[139.4614,35.89046],[139.46178,35.89076]]}},{"type":"Feature","properties":{"idx":327,"road":"堀兼根岸線","cls":"secondary","shops":0,"st_km":2.58,"mesh":"53396352"},"geometry":{"type":"LineString","coordinates":[[139.40778,35.87633],[139.40256,35.87779],[139.40128,35.87799],[139.40018,35.878],[139.39883,35.8778],[139.39773,35.87746],[139.3934,35.87529]]}},{"type":"Feature","properties":{"idx":230,"road":"川越日高線","cls":"primary","shops":0,"st_km":1.21,"mesh":"53396393"},"geometry":{"type":"LineString","coordinates":[[139.4147,35.90824],[139.41722,35.90876],[139.41782,35.90896],[139.4236,35.9123]]}},{"type":"Feature","properties":{"idx":442,"road":NaN,"cls":"tertiary","shops":0,"st_km":0.43,"mesh":"53396379"},"geometry":{"type":"LineString","coordinates":[[139.49787,35.89629],[139.49815,35.89539],[139.49837,35.89493],[139.49961,35.89349]]}},{"type":"Feature","properties":{"idx":330,"road":NaN,"cls":"tertiary","shops":0,"st_km":0.74,"mesh":"53396379"},"geometry":{"type":"LineString","coordinates":[[139.49732,35.89809],[139.49754,35.89736]]}},{"type":"Feature","properties":{"idx":352,"road":NaN,"cls":"tertiary","shops":0,"st_km":0.67,"mesh":"53396379"},"geometry":{"type":"LineString","coordinates":[[139.49754,35.89736],[139.49773,35.89676]]}},{"type":"Feature","properties":{"idx":372,"road":NaN,"cls":"tertiary","shops":0,"st_km":0.61,"mesh":"53396379"},"geometry":{"type":"LineString","coordinates":[[139.49773,35.89676],[139.49787,35.89629]]}},{"type":"Feature","properties":{"idx":1088,"road":"けやき通り","cls":"tertiary","shops":3,"st_km":0.25,"mesh":"53396301"},"geometry":{"type":"LineString","coordinates":[[139.38902,35.84084],[139.38862,35.84097],[139.38853,35.84093],[139.38847,35.84083]]}},{"type":"Feature","properties":{"idx":762,"road":"けやき通り","cls":"tertiary","shops":2,"st_km":0.38,"mesh":"53396301"},"geometry":{"type":"LineString","coordinates":[[139.38847,35.84083],[139.38831,35.84007],[139.38814,35.83987],[139.38784,35.83977],[139.3869,35.83977]]}},{"type":"Feature","properties":{"idx":873,"road":"けやき通り","cls":"tertiary","shops":2,"st_km":0.24,"mesh":"53396301"},"geometry":{"type":"LineString","coordinates":[[139.38847,35.84083],[139.38851,35.84103],[139.38884,35.84098],[139.38899,35.84091],[139.38902,35.84084]]}},{"type":"Feature","properties":{"idx":4419,"road":NaN,"cls":"pedestrian","shops":0,"st_km":0.65,"mesh":"53396300"},"geometry":{"type":"LineString","coordinates":[[139.38736,35.83741],[139.38743,35.8375]]}},{"type":"Feature","properties":{"idx":757,"road":NaN,"cls":"tertiary","shops":0,"st_km":0.9,"mesh":"53396383"},"geometry":{"type":"LineString","coordinates":[[139.4147,35.90824],[139.41584,35.90725],[139.41769,35.90574]]}},{"type":"Feature","properties":{"idx":519,"road":NaN,"cls":"tertiary","shops":0,"st_km":1.25,"mesh":"53396355"},"geometry":{"type":"LineString","coordinates":[[139.44607,35.88029],[139.44235,35.88363]]}},{"type":"Feature","properties":{"idx":645,"road":NaN,"cls":"tertiary","shops":0,"st_km":0.93,"mesh":"53396387"},"geometry":{"type":"LineString","coordinates":[[139.47419,35.90281],[139.47547,35.90168]]}},{"type":"Feature","properties":{"idx":377,"road":"川越日高線","cls":"primary","shops":0,"st_km":0.64,"mesh":"53396394"},"geometry":{"type":"LineString","coordinates":[[139.42896,35.91395],[139.43045,35.91432]]}},{"type":"Feature","properties":{"idx":490,"road":NaN,"cls":"tertiary","shops":3,"st_km":0.24,"mesh":"53396398"},"geometry":{"type":"LineString","coordinates":[[139.48197,35.90729],[139.48013,35.90966]]}},{"type":"Feature","properties":{"idx":618,"road":NaN,"cls":"tertiary","shops":5,"st_km":0.11,"mesh":"53396388"},"geometry":{"type":"LineString","coordinates":[[139.48198,35.90724],[139.48197,35.90729]]}},{"type":"Feature","properties":{"idx":707,"road":NaN,"cls":"tertiary","shops":6,"st_km":0.1,"mesh":"53396388"},"geometry":{"type":"LineString","coordinates":[[139.48198,35.90719],[139.48198,35.90724]]}},{"type":"Feature","properties":{"idx":2021,"road":"川越所沢線","cls":"primary","shops":1,"st_km":1.53,"mesh":"53396378"},"geometry":{"type":"LineString","coordinates":[[139.47933,35.89384],[139.47932,35.89376]]}},{"type":"Feature","properties":{"idx":98,"road":"所沢堀兼狭山線","cls":"secondary","shops":0,"st_km":2.38,"mesh":"53396315"},"geometry":{"type":"LineString","coordinates":[[139.44536,35.84797],[139.4452,35.84807]]}},{"type":"Feature","properties":{"idx":620,"road":"所沢堀兼狭山線","cls":"secondary","shops":1,"st_km":1.98,"mesh":"53396324"},"geometry":{"type":"LineString","coordinates":[[139.4408,35.85073],[139.43673,35.85321],[139.43594,35.85384],[139.43045,35.85987]]}},{"type":"Feature","properties":{"idx":603,"road":"所沢堀兼狭山線","cls":"secondary","shops":0,"st_km":3.39,"mesh":"53396307"},"geometry":{"type":"LineString","coordinates":[[139.45028,35.84509],[139.46156,35.83829],[139.46539,35.83527],[139.46875,35.83251],[139.4773,35.82469]]}},{"type":"Feature","properties":{"idx":98,"road":"所沢堀兼狭山線","cls":"secondary","shops":0,"st_km":2.39,"mesh":"53396315"},"geometry":{"type":"LineString","coordinates":[[139.44522,35.84816],[139.44538,35.84805]]}},{"type":"Feature","properties":{"idx":1027,"road":"川越入間線","cls":"primary","shops":0,"st_km":1.94,"mesh":"53396367"},"geometry":{"type":"LineString","coordinates":[[139.47286,35.88332],[139.47681,35.88679],[139.47706,35.88697]]}},{"type":"Feature","properties":{"idx":492,"road":"川越入間線","cls":"primary","shops":0,"st_km":1.82,"mesh":"53396357"},"geometry":{"type":"LineString","coordinates":[[139.47255,35.88304],[139.47286,35.88332]]}},{"type":"Feature","properties":{"idx":335,"road":"川越所沢線","cls":"primary","shops":0,"st_km":1.74,"mesh":"53396368"},"geometry":{"type":"LineString","coordinates":[[139.47932,35.89376],[139.47913,35.89271],[139.47807,35.89044],[139.47765,35.88936],[139.47711,35.88712]]}},{"type":"Feature","properties":{"idx":412,"road":"川越所沢線","cls":"primary","shops":0,"st_km":2.27,"mesh":"53396357"},"geometry":{"type":"LineString","coordinates":[[139.47471,35.8778],[139.47477,35.87801]]}},{"type":"Feature","properties":{"idx":1799,"road":"川越所沢線","cls":"primary","shops":0,"st_km":2.21,"mesh":"53396358"},"geometry":{"type":"LineString","coordinates":[[139.47477,35.87801],[139.47552,35.88093]]}},{"type":"Feature","properties":{"idx":355,"road":NaN,"cls":"tertiary","shops":0,"st_km":0.18,"mesh":"53396311"},"geometry":{"type":"LineString","coordinates":[[139.39143,35.8441],[139.39122,35.84429]]}},{"type":"Feature","properties":{"idx":337,"road":NaN,"cls":"tertiary","shops":0,"st_km":0.23,"mesh":"53396311"},"geometry":{"type":"LineString","coordinates":[[139.39122,35.84429],[139.39091,35.84455],[139.38986,35.84513],[139.38938,35.8455]]}},{"type":"Feature","properties":{"idx":562,"road":"狭山市駅上諏訪線","cls":"tertiary","shops":0,"st_km":0.86,"mesh":"53396322"},"geometry":{"type":"LineString","coordinates":[[139.39814,35.85082],[139.39902,35.85136],[139.3993,35.85158],[139.39977,35.85205],[139.40006,35.85223],[139.40351,35.85337]]}},{"type":"Feature","properties":{"idx":1059,"road":"中新田入間川線","cls":"secondary","shops":1,"st_km":0.78,"mesh":"53396333"},"geometry":{"type":"LineString","coordinates":[[139.41106,35.86033],[139.41158,35.8603],[139.41178,35.86036],[139.41319,35.86118],[139.41415,35.86186],[139.41543,35.86306],[139.41609,35.86318],[139.41641,35.86309],[139.41659,35.86309],[139.41719,35.8634],[139.41779,35.86381],[139.41882,35.86499],[139.419,35.86533],[139.41909,35.8658],[139.41929,35.86605],[139.42047,35.86722],[139.42207,35.86831]]}},{"type":"Feature","properties":{"idx":96,"road":"大田街道","cls":"tertiary","shops":0,"st_km":0.7,"mesh":"53396366"},"geometry":{"type":"LineString","coordinates":[[139.46067,35.88774],[139.46116,35.88716],[139.46134,35.88613]]}},{"type":"Feature","properties":{"idx":104,"road":"大田街道","cls":"tertiary","shops":0,"st_km":0.62,"mesh":"53396366"},"geometry":{"type":"LineString","coordinates":[[139.46057,35.88784],[139.46067,35.88774]]}},{"type":"Feature","properties":{"idx":203,"road":NaN,"cls":"tertiary","shops":0,"st_km":0.22,"mesh":"53396392"},"geometry":{"type":"LineString","coordinates":[[139.40686,35.91134],[139.40695,35.91047],[139.40723,35.90893],[139.40821,35.90768]]}},{"type":"Feature","properties":{"idx":488,"road":"中新田入間川線","cls":"secondary","shops":1,"st_km":0.43,"mesh":"53396332"},"geometry":{"type":"LineString","coordinates":[[139.41086,35.86057],[139.40922,35.8592],[139.40783,35.85792]]}},{"type":"Feature","properties":{"idx":2563,"road":NaN,"cls":"tertiary","shops":10,"st_km":0.06,"mesh":"53396323"},"geometry":{"type":"LineString","coordinates":[[139.41281,35.85711],[139.41274,35.85697]]}},{"type":"Feature","properties":{"idx":1251,"road":"狭山市駅上諏訪線","cls":"tertiary","shops":4,"st_km":0.08,"mesh":"53396323"},"geometry":{"type":"LineString","coordinates":[[139.41255,35.85667],[139.41274,35.85697]]}},{"type":"Feature","properties":{"idx":684,"road":"狭山市駅上諏訪線","cls":"tertiary","shops":0,"st_km":0.71,"mesh":"53396322"},"geometry":{"type":"LineString","coordinates":[[139.40351,35.85337],[139.40551,35.85424],[139.40608,35.85441],[139.40658,35.85441],[139.40766,35.85411],[139.40811,35.85408],[139.4087,35.85418],[139.40932,35.85451]]}},{"type":"Feature","properties":{"idx":2123,"road":NaN,"cls":"tertiary","shops":0,"st_km":0.55,"mesh":"53396312"},"geometry":{"type":"LineString","coordinates":[[139.40351,35.85337],[139.4032,35.85264],[139.40307,35.85214],[139.40296,35.85135],[139.40273,35.85082],[139.40156,35.84965],[139.3995,35.84675],[139.39854,35.8456]]}},{"type":"Feature","properties":{"idx":280,"road":NaN,"cls":"tertiary","shops":0,"st_km":0.42,"mesh":"53396311"},"geometry":{"type":"LineString","coordinates":[[139.39854,35.8456],[139.39765,35.84454],[139.39704,35.84399],[139.39642,35.8436],[139.39524,35.8432],[139.3948,35.84301],[139.39441,35.84274],[139.39397,35.84232],[139.39364,35.84175],[139.39292,35.83945]]}},{"type":"Feature","properties":{"idx":220,"road":NaN,"cls":"tertiary","shops":0,"st_km":1.42,"mesh":"53396391"},"geometry":{"type":"LineString","coordinates":[[139.3956,35.91638],[139.39533,35.91638],[139.39507,35.91632],[139.39398,35.91594],[139.39352,35.91574]]}},{"type":"Feature","properties":{"idx":196,"road":NaN,"cls":"tertiary","shops":0,"st_km":1.63,"mesh":"53396391"},"geometry":{"type":"LineString","coordinates":[[139.39352,35.91574],[139.39301,35.91562],[139.39215,35.91555],[139.39075,35.91534],[139.3886,35.91468]]}},{"type":"Feature","properties":{"idx":234,"road":NaN,"cls":"tertiary","shops":0,"st_km":1.32,"mesh":"53396391"},"geometry":{"type":"LineString","coordinates":[[139.3968,35.91614],[139.3956,35.91638]]}},{"type":"Feature","properties":{"idx":1827,"road":"川越所沢線","cls":"primary","shops":0,"st_km":1.1,"mesh":"53396378"},"geometry":{"type":"LineString","coordinates":[[139.48149,35.90126],[139.48114,35.90021],[139.48067,35.89844],[139.48012,35.89692],[139.4798,35.8958],[139.47955,35.89511],[139.47933,35.89384]]}},{"type":"Feature","properties":{"idx":558,"road":NaN,"cls":"tertiary","shops":0,"st_km":0.64,"mesh":"53396365"},"geometry":{"type":"LineString","coordinates":[[139.44668,35.88886],[139.44783,35.8878]]}},{"type":"Feature","properties":{"idx":643,"road":NaN,"cls":"tertiary","shops":1,"st_km":0.51,"mesh":"53396354"},"geometry":{"type":"LineString","coordinates":[[139.4325,35.87867],[139.43258,35.8786]]}},{"type":"Feature","properties":{"idx":538,"road":NaN,"cls":"tertiary","shops":0,"st_km":0.28,"mesh":"53396354"},"geometry":{"type":"LineString","coordinates":[[139.43417,35.87722],[139.43592,35.8757]]}},{"type":"Feature","properties":{"idx":46,"road":"堀兼根岸線","cls":"secondary","shops":0,"st_km":1.27,"mesh":"53396343"},"geometry":{"type":"LineString","coordinates":[[139.42097,35.87025],[139.4195,35.87184],[139.4195,35.87191]]}},{"type":"Feature","properties":{"idx":48,"road":"所沢堀兼狭山線","cls":"secondary","shops":0,"st_km":1.22,"mesh":"53396343"},"geometry":{"type":"LineString","coordinates":[[139.42184,35.8693],[139.42097,35.87025]]}},{"type":"Feature","properties":{"idx":218,"road":NaN,"cls":"tertiary","shops":0,"st_km":0.73,"mesh":"53396332"},"geometry":{"type":"LineString","coordinates":[[139.40771,35.86361],[139.40858,35.86252],[139.40966,35.8616]]}},{"type":"Feature","properties":{"idx":296,"road":"所沢狭山線","cls":"primary","shops":0,"st_km":0.64,"mesh":"53396332"},"geometry":{"type":"LineString","coordinates":[[139.4052,35.85967],[139.4059,35.85928],[139.40783,35.85792]]}},{"type":"Feature","properties":{"idx":310,"road":NaN,"cls":"tertiary","shops":0,"st_km":0.31,"mesh":"53396311"},"geometry":{"type":"LineString","coordinates":[[139.38938,35.8455],[139.38931,35.84555]]}},{"type":"Feature","properties":{"idx":287,"road":NaN,"cls":"tertiary","shops":0,"st_km":2.48,"mesh":"53396350"},"geometry":{"type":"LineString","coordinates":[[139.38638,35.88326],[139.38647,35.88304]]}},{"type":"Feature","properties":{"idx":245,"road":NaN,"cls":"tertiary","shops":0,"st_km":0.91,"mesh":"53396356"},"geometry":{"type":"LineString","coordinates":[[139.45693,35.88692],[139.45491,35.88545],[139.44418,35.87711]]}},{"type":"Feature","properties":{"idx":556,"road":"中台通り","cls":"tertiary","shops":0,"st_km":1.23,"mesh":"53396357"},"geometry":{"type":"LineString","coordinates":[[139.46629,35.8843],[139.46527,35.88324],[139.4604,35.8787]]}},{"type":"Feature","properties":{"idx":1065,"road":"中台通り","cls":"tertiary","shops":0,"st_km":1.45,"mesh":"53396367"},"geometry":{"type":"LineString","coordinates":[[139.47156,35.88881],[139.4698,35.88764],[139.46863,35.88663]]}},{"type":"Feature","properties":{"idx":699,"road":NaN,"cls":"tertiary","shops":0,"st_km":1.19,"mesh":"53396377"},"geometry":{"type":"LineString","coordinates":[[139.47272,35.89524],[139.47718,35.90237]]}},{"type":"Feature","properties":{"idx":1427,"road":NaN,"cls":"tertiary","shops":14,"st_km":0.07,"mesh":"53396366"},"geometry":{"type":"LineString","coordinates":[[139.45455,35.88912],[139.45471,35.88925]]}},{"type":"Feature","properties":{"idx":316,"road":"中新田入間川線","cls":"secondary","shops":0,"st_km":1.29,"mesh":"53396345"},"geometry":{"type":"LineString","coordinates":[[139.43772,35.8721],[139.43907,35.87179],[139.4399,35.8718],[139.44018,35.87176],[139.44153,35.87132],[139.4427,35.87129],[139.44439,35.87111],[139.44472,35.87091],[139.44498,35.8705],[139.44517,35.8703],[139.44543,35.87014],[139.44602,35.86994],[139.44634,35.86992],[139.44764,35.87004],[139.44819,35.86999],[139.44927,35.8698],[139.44954,35.86982],[139.4504,35.87002],[139.45173,35.87002],[139.45192,35.86995],[139.45211,35.86981],[139.45374,35.868],[139.45507,35.86664],[139.45517,35.86659]]}},{"type":"Feature","properties":{"idx":92,"road":"中新田入間川線","cls":"secondary","shops":0,"st_km":0.35,"mesh":"53396344"},"geometry":{"type":"LineString","coordinates":[[139.43543,35.87165],[139.43737,35.87208],[139.43772,35.8721]]}},{"type":"Feature","properties":{"idx":495,"road":NaN,"cls":"tertiary","shops":7,"st_km":0.06,"mesh":"53396344"},"geometry":{"type":"LineString","coordinates":[[139.43383,35.87354],[139.43397,35.87364]]}},{"type":"Feature","properties":{"idx":102,"road":NaN,"cls":"tertiary","shops":0,"st_km":0.13,"mesh":"53396344"},"geometry":{"type":"LineString","coordinates":[[139.43411,35.87375],[139.43627,35.87539]]}},{"type":"Feature","properties":{"idx":1126,"road":NaN,"cls":"tertiary","shops":11,"st_km":0.12,"mesh":"53396388"},"geometry":{"type":"LineString","coordinates":[[139.48195,35.90669],[139.4818,35.90693],[139.48198,35.90719]]}},{"type":"Feature","properties":{"idx":1217,"road":NaN,"cls":"tertiary","shops":12,"st_km":0.12,"mesh":"53396388"},"geometry":{"type":"LineString","coordinates":[[139.48199,35.90664],[139.48195,35.90669]]}},{"type":"Feature","properties":{"idx":160,"road":"中台通り","cls":"tertiary","shops":0,"st_km":1.52,"mesh":"53396356"},"geometry":{"type":"LineString","coordinates":[[139.4604,35.8787],[139.45887,35.87716],[139.45784,35.87397]]}},{"type":"Feature","properties":{"idx":159,"road":NaN,"cls":"tertiary","shops":0,"st_km":1.53,"mesh":"53396356"},"geometry":{"type":"LineString","coordinates":[[139.45426,35.88153],[139.4537,35.88066],[139.45333,35.88038],[139.45284,35.87972],[139.45194,35.87873],[139.45177,35.87836],[139.4517,35.87781],[139.45161,35.87756],[139.45094,35.87665],[139.45066,35.87616],[139.44986,35.87547],[139.44973,35.8753],[139.44941,35.8746],[139.44913,35.87377],[139.44907,35.87235],[139.44901,35.87194],[139.44892,35.87178],[139.44862,35.87137],[139.44847,35.87124],[139.44749,35.87066]]}},{"type":"Feature","properties":{"idx":102,"road":NaN,"cls":"tertiary","shops":0,"st_km":0.63,"mesh":"53396366"},"geometry":{"type":"LineString","coordinates":[[139.44783,35.8878],[139.45144,35.88443],[139.45209,35.88398],[139.45371,35.88332],[139.45463,35.88276],[139.45471,35.88264],[139.4547,35.88253],[139.45426,35.88153]]}},{"type":"Feature","properties":{"idx":132,"road":NaN,"cls":"tertiary","shops":0,"st_km":0.36,"mesh":"53396366"},"geometry":{"type":"LineString","coordinates":[[139.44783,35.8878],[139.45039,35.88955],[139.45087,35.8898],[139.45149,35.88991],[139.45314,35.88983]]}},{"type":"Feature","properties":{"idx":334,"road":NaN,"cls":"tertiary","shops":0,"st_km":1.28,"mesh":"53396365"},"geometry":{"type":"LineString","coordinates":[[139.44235,35.88363],[139.44091,35.88495]]}},{"type":"Feature","properties":{"idx":370,"road":NaN,"cls":"tertiary","shops":0,"st_km":1.14,"mesh":"53396365"},"geometry":{"type":"LineString","coordinates":[[139.44235,35.88363],[139.44438,35.88518]]}},{"type":"Feature","properties":{"idx":486,"road":NaN,"cls":"tertiary","shops":0,"st_km":0.8,"mesh":"53396365"},"geometry":{"type":"LineString","coordinates":[[139.44462,35.88536],[139.44783,35.8878]]}},{"type":"Feature","properties":{"idx":126,"road":NaN,"cls":"tertiary","shops":0,"st_km":0.41,"mesh":"53396366"},"geometry":{"type":"LineString","coordinates":[[139.45693,35.88692],[139.45712,35.88674]]}},{"type":"Feature","properties":{"idx":471,"road":"鯨井狭山線","cls":"secondary","shops":3,"st_km":1.58,"mesh":"53396321"},"geometry":{"type":"LineString","coordinates":[[139.39431,35.85822],[139.39235,35.85776],[139.38958,35.85653],[139.38867,35.85622]]}},{"type":"Feature","properties":{"idx":845,"road":NaN,"cls":"tertiary","shops":2,"st_km":1.72,"mesh":"53396331"},"geometry":{"type":"LineString","coordinates":[[139.3925,35.86057],[139.39431,35.85822]]}},{"type":"Feature","properties":{"idx":346,"road":"川越北環状線","cls":"secondary","shops":0,"st_km":0.75,"mesh":"53396397"},"geometry":{"type":"LineString","coordinates":[[139.46742,35.91728],[139.46742,35.91687],[139.46756,35.91654],[139.46757,35.91634],[139.46739,35.91605],[139.46711,35.91593]]}},{"type":"Feature","properties":{"idx":349,"road":"川越北環状線","cls":"secondary","shops":0,"st_km":0.73,"mesh":"53396397"},"geometry":{"type":"LineString","coordinates":[[139.46711,35.91593],[139.46737,35.91617],[139.46747,35.91633],[139.46745,35.91649],[139.46729,35.91694],[139.46732,35.91718],[139.46742,35.91728]]}},{"type":"Feature","properties":{"idx":913,"road":"川越北環状線","cls":"secondary","shops":1,"st_km":0.75,"mesh":"53396397"},"geometry":{"type":"LineString","coordinates":[[139.46793,35.91459],[139.47005,35.91111]]}},{"type":"Feature","properties":{"idx":934,"road":NaN,"cls":"tertiary","shops":1,"st_km":1.24,"mesh":"53396377"},"geometry":{"type":"LineString","coordinates":[[139.46178,35.89076],[139.46308,35.89173],[139.46372,35.89209],[139.46445,35.89239],[139.47052,35.89375],[139.47112,35.89392],[139.47159,35.89416],[139.47206,35.89449],[139.47235,35.89477],[139.47272,35.89524]]}},{"type":"Feature","properties":{"idx":382,"road":NaN,"cls":"tertiary","shops":1,"st_km":0.09,"mesh":"53396382"},"geometry":{"type":"LineString","coordinates":[[139.4062,35.90671],[139.40601,35.90693]]}},{"type":"Feature","properties":{"idx":520,"road":NaN,"cls":"tertiary","shops":2,"st_km":0.07,"mesh":"53396382"},"geometry":{"type":"LineString","coordinates":[[139.40601,35.90693],[139.40582,35.90723]]}},{"type":"Feature","properties":{"idx":397,"road":NaN,"cls":"tertiary","shops":1,"st_km":0.05,"mesh":"53396382"},"geometry":{"type":"LineString","coordinates":[[139.40609,35.90733],[139.40616,35.90732],[139.4062,35.90724],[139.406,35.90707],[139.40601,35.90693]]}},{"type":"Feature","properties":{"idx":168,"road":NaN,"cls":"tertiary","shops":0,"st_km":1.36,"mesh":"53396393"},"geometry":{"type":"LineString","coordinates":[[139.42094,35.91441],[139.42077,35.91467]]}},{"type":"Feature","properties":{"idx":164,"road":NaN,"cls":"tertiary","shops":0,"st_km":1.39,"mesh":"53396393"},"geometry":{"type":"LineString","coordinates":[[139.42077,35.91467],[139.41983,35.91593]]}},{"type":"Feature","properties":{"idx":453,"road":NaN,"cls":"tertiary","shops":0,"st_km":0.95,"mesh":"53396368"},"geometry":{"type":"LineString","coordinates":[[139.48751,35.89084],[139.48622,35.88966]]}},{"type":"Feature","properties":{"idx":1404,"road":"旧川越街道","cls":"tertiary","shops":0,"st_km":1.21,"mesh":"53396359"},"geometry":{"type":"LineString","coordinates":[[139.49663,35.87872],[139.49524,35.88168]]}},{"type":"Feature","properties":{"idx":223,"road":NaN,"cls":"tertiary","shops":0,"st_km":1.69,"mesh":"53396349"},"geometry":{"type":"LineString","coordinates":[[139.49198,35.87051],[139.49386,35.87499],[139.4939,35.87529],[139.49377,35.87617]]}},{"type":"Feature","properties":{"idx":195,"road":NaN,"cls":"tertiary","shops":0,"st_km":1.63,"mesh":"53396391"},"geometry":{"type":"LineString","coordinates":[[139.39157,35.91747],[139.39236,35.91558]]}},{"type":"Feature","properties":{"idx":546,"road":NaN,"cls":"tertiary","shops":0,"st_km":0.22,"mesh":"53396379"},"geometry":{"type":"LineString","coordinates":[[139.49722,35.89202],[139.49866,35.89301],[139.49961,35.89349]]}},{"type":"Feature","properties":{"idx":375,"road":"川越越生線","cls":"secondary","shops":0,"st_km":0.53,"mesh":"53396394"},"geometry":{"type":"LineString","coordinates":[[139.43561,35.91261],[139.43566,35.9129]]}},{"type":"Feature","properties":{"idx":821,"road":NaN,"cls":"tertiary","shops":0,"st_km":0.26,"mesh":"53396369"},"geometry":{"type":"LineString","coordinates":[[139.49604,35.89081],[139.49551,35.89034],[139.49405,35.88935],[139.49348,35.88904]]}},{"type":"Feature","properties":{"idx":358,"road":"川越北環状線","cls":"secondary","shops":0,"st_km":0.69,"mesh":"53396397"},"geometry":{"type":"LineString","coordinates":[[139.46655,35.91681],[139.46711,35.91593]]}},{"type":"Feature","properties":{"idx":677,"road":"鯨井狭山線","cls":"secondary","shops":0,"st_km":1.54,"mesh":"53396320"},"geometry":{"type":"LineString","coordinates":[[139.38857,35.8562],[139.38751,35.85604],[139.38344,35.85603],[139.38131,35.85566]]}},{"type":"Feature","properties":{"idx":205,"road":"鯨井狭山線","cls":"secondary","shops":0,"st_km":1.49,"mesh":"53396321"},"geometry":{"type":"LineString","coordinates":[[139.38867,35.85622],[139.38857,35.8562]]}},{"type":"Feature","properties":{"idx":396,"road":NaN,"cls":"tertiary","shops":2,"st_km":0.17,"mesh":"53396398"},"geometry":{"type":"LineString","coordinates":[[139.48011,35.91117],[139.48121,35.91264],[139.48153,35.9132]]}},{"type":"Feature","properties":{"idx":609,"road":NaN,"cls":"tertiary","shops":5,"st_km":0.12,"mesh":"53396388"},"geometry":{"type":"LineString","coordinates":[[139.4839,35.90782],[139.48399,35.90779],[139.48422,35.90791],[139.48443,35.90793]]}},{"type":"Feature","properties":{"idx":804,"road":NaN,"cls":"tertiary","shops":7,"st_km":0.1,"mesh":"53396388"},"geometry":{"type":"LineString","coordinates":[[139.48335,35.90787],[139.48364,35.90803],[139.48375,35.90797]]}},{"type":"Feature","properties":{"idx":192,"road":"川越日高線","cls":"primary","shops":0,"st_km":0.95,"mesh":"53396380"},"geometry":{"type":"LineString","coordinates":[[139.39077,35.90503],[139.38963,35.90491],[139.38814,35.90459],[139.38618,35.90437],[139.38567,35.90418],[139.38337,35.903],[139.38169,35.9023],[139.38015,35.90192],[139.37911,35.90178],[139.37708,35.90191],[139.37661,35.90187],[139.37456,35.90144],[139.37365,35.90107],[139.37228,35.90042]]}},{"type":"Feature","properties":{"idx":160,"road":"笠幡狭山線","cls":"secondary","shops":0,"st_km":1.36,"mesh":"53396371"},"geometry":{"type":"LineString","coordinates":[[139.39587,35.89267],[139.39531,35.89436],[139.39522,35.89499],[139.39526,35.89546],[139.39564,35.89749],[139.39583,35.89804],[139.39607,35.89843],[139.39641,35.89877],[139.39847,35.90031],[139.40123,35.90276]]}},{"type":"Feature","properties":{"idx":443,"road":NaN,"cls":"tertiary","shops":3,"st_km":0.1,"mesh":"53396388"},"geometry":{"type":"LineString","coordinates":[[139.48375,35.90797],[139.48382,35.90791]]}},{"type":"Feature","properties":{"idx":168,"road":"川越街道","cls":"primary","shops":0,"st_km":0.37,"mesh":"53396388"},"geometry":{"type":"LineString","coordinates":[[139.48637,35.90928],[139.48736,35.90259]]}},{"type":"Feature","properties":{"idx":977,"road":"富岡入間線","cls":"secondary","shops":1,"st_km":0.91,"mesh":"53396310"},"geometry":{"type":"LineString","coordinates":[[139.37647,35.84193],[139.37854,35.84281],[139.37951,35.84314],[139.38019,35.84328],[139.384,35.84383],[139.3842,35.84391]]}},{"type":"Feature","properties":{"idx":1249,"road":"富岡入間線","cls":"secondary","shops":3,"st_km":1.26,"mesh":"53396310"},"geometry":{"type":"LineString","coordinates":[[139.37633,35.84187],[139.37647,35.84193]]}},{"type":"Feature","properties":{"idx":818,"road":NaN,"cls":"tertiary","shops":0,"st_km":0.88,"mesh":"53396303"},"geometry":{"type":"LineString","coordinates":[[139.4177,35.83414],[139.41776,35.8341]]}},{"type":"Feature","properties":{"idx":223,"road":"川越日高線","cls":"primary","shops":0,"st_km":0.35,"mesh":"53396392"},"geometry":{"type":"LineString","coordinates":[[139.40821,35.90768],[139.40925,35.90819],[139.40979,35.90837],[139.41082,35.90838],[139.41197,35.90832]]}},{"type":"Feature","properties":{"idx":204,"road":"川越日高線","cls":"primary","shops":0,"st_km":0.54,"mesh":"53396382"},"geometry":{"type":"LineString","coordinates":[[139.41197,35.90832],[139.41228,35.9083]]}},{"type":"Feature","properties":{"idx":2386,"road":"三番町通り","cls":"tertiary","shops":21,"st_km":0.18,"mesh":"53396398"},"geometry":{"type":"LineString","coordinates":[[139.48248,35.90873],[139.48227,35.90869]]}},{"type":"Feature","properties":{"idx":338,"road":"おいせ橋通り","cls":"tertiary","shops":0,"st_km":0.52,"mesh":"53396394"},"geometry":{"type":"LineString","coordinates":[[139.42957,35.91746],[139.43007,35.91569]]}},{"type":"Feature","properties":{"idx":289,"road":"川越日高線","cls":"primary","shops":0,"st_km":0.96,"mesh":"53396394"},"geometry":{"type":"LineString","coordinates":[[139.4236,35.9123],[139.42413,35.91254],[139.42503,35.91284],[139.42896,35.91395]]}},{"type":"Feature","properties":{"idx":185,"road":NaN,"cls":"tertiary","shops":0,"st_km":1.2,"mesh":"53396393"},"geometry":{"type":"LineString","coordinates":[[139.41537,35.91539],[139.41475,35.91589]]}},{"type":"Feature","properties":{"idx":167,"road":NaN,"cls":"tertiary","shops":0,"st_km":1.36,"mesh":"53396393"},"geometry":{"type":"LineString","coordinates":[[139.41537,35.91539],[139.416,35.91594],[139.41619,35.91615],[139.41655,35.91702],[139.41727,35.91797]]}},{"type":"Feature","properties":{"idx":101,"road":NaN,"cls":"tertiary","shops":0,"st_km":1.0,"mesh":"53396392"},"geometry":{"type":"LineString","coordinates":[[139.40526,35.9155],[139.40405,35.91529],[139.40343,35.91527],[139.399,35.91567],[139.39823,35.91578],[139.39757,35.91599],[139.3968,35.91614]]}},{"type":"Feature","properties":{"idx":193,"road":NaN,"cls":"tertiary","shops":1,"st_km":0.7,"mesh":"53396392"},"geometry":{"type":"LineString","coordinates":[[139.40526,35.9155],[139.40568,35.9142],[139.40589,35.91376],[139.40632,35.91304],[139.40656,35.91234]]}},{"type":"Feature","properties":{"idx":315,"road":"川越日高線","cls":"primary","shops":0,"st_km":0.1,"mesh":"53396382"},"geometry":{"type":"LineString","coordinates":[[139.4062,35.90671],[139.40821,35.90768]]}},{"type":"Feature","properties":{"idx":179,"road":"川越日高線","cls":"primary","shops":0,"st_km":0.6,"mesh":"53396381"},"geometry":{"type":"LineString","coordinates":[[139.40451,35.906],[139.40376,35.90593],[139.39718,35.90581],[139.39546,35.90562]]}},{"type":"Feature","properties":{"idx":86,"road":NaN,"cls":"tertiary","shops":0,"st_km":1.23,"mesh":"53396381"},"geometry":{"type":"LineString","coordinates":[[139.39672,35.89938],[139.39652,35.89956],[139.39538,35.90093],[139.39524,35.9012],[139.39519,35.90154]]}},{"type":"Feature","properties":{"idx":424,"road":NaN,"cls":"tertiary","shops":2,"st_km":0.1,"mesh":"53396398"},"geometry":{"type":"LineString","coordinates":[[139.47978,35.91432],[139.48072,35.91429]]}},{"type":"Feature","properties":{"idx":1109,"road":NaN,"cls":"tertiary","shops":8,"st_km":0.06,"mesh":"53396398"},"geometry":{"type":"LineString","coordinates":[[139.48153,35.9132],[139.48157,35.91327]]}},{"type":"Feature","properties":{"idx":392,"road":NaN,"cls":"tertiary","shops":0,"st_km":3.88,"mesh":"53396328"},"geometry":{"type":"LineString","coordinates":[[139.4768,35.85406],[139.47705,35.85341],[139.47762,35.85253]]}},{"type":"Feature","properties":{"idx":396,"road":NaN,"cls":"tertiary","shops":0,"st_km":3.73,"mesh":"53396328"},"geometry":{"type":"LineString","coordinates":[[139.47884,35.85294],[139.47843,35.85477]]}},{"type":"Feature","properties":{"idx":394,"road":NaN,"cls":"tertiary","shops":0,"st_km":3.82,"mesh":"53396328"},"geometry":{"type":"LineString","coordinates":[[139.47857,35.85285],[139.47912,35.85198]]}},{"type":"Feature","properties":{"idx":424,"road":NaN,"cls":"tertiary","shops":0,"st_km":2.42,"mesh":"53396339"},"geometry":{"type":"LineString","coordinates":[[139.48921,35.86192],[139.48948,35.86211]]}},{"type":"Feature","properties":{"idx":109,"road":NaN,"cls":"tertiary","shops":0,"st_km":2.62,"mesh":"53396338"},"geometry":{"type":"LineString","coordinates":[[139.48538,35.86059],[139.48871,35.8617],[139.48921,35.86192]]}},{"type":"Feature","properties":{"idx":395,"road":NaN,"cls":"tertiary","shops":0,"st_km":1.05,"mesh":"53396365"},"geometry":{"type":"LineString","coordinates":[[139.44393,35.88483],[139.44564,35.88335]]}},{"type":"Feature","properties":{"idx":603,"road":NaN,"cls":"tertiary","shops":5,"st_km":0.13,"mesh":"53396388"},"geometry":{"type":"LineString","coordinates":[[139.48443,35.90793],[139.48413,35.90781]]}},{"type":"Feature","properties":{"idx":625,"road":NaN,"cls":"tertiary","shops":5,"st_km":0.1,"mesh":"53396388"},"geometry":{"type":"LineString","coordinates":[[139.4839,35.90782],[139.48395,35.90775],[139.48391,35.90767]]}},{"type":"Feature","properties":{"idx":159,"road":NaN,"cls":"tertiary","shops":0,"st_km":0.38,"mesh":"53396398"},"geometry":{"type":"LineString","coordinates":[[139.48497,35.91304],[139.48569,35.91312]]}},{"type":"Feature","properties":{"idx":979,"road":"中央通り","cls":"secondary","shops":7,"st_km":0.19,"mesh":"53396398"},"geometry":{"type":"LineString","coordinates":[[139.48228,35.91469],[139.48234,35.91514],[139.48248,35.91549]]}},{"type":"Feature","properties":{"idx":1101,"road":NaN,"cls":"tertiary","shops":10,"st_km":0.24,"mesh":"53396398"},"geometry":{"type":"LineString","coordinates":[[139.48248,35.91549],[139.48292,35.91546]]}},{"type":"Feature","properties":{"idx":707,"road":"中央通り","cls":"secondary","shops":5,"st_km":0.26,"mesh":"53396398"},"geometry":{"type":"LineString","coordinates":[[139.48248,35.91549],[139.48254,35.91603]]}},{"type":"Feature","properties":{"idx":709,"road":"中央通り","cls":"secondary","shops":4,"st_km":0.11,"mesh":"53396398"},"geometry":{"type":"LineString","coordinates":[[139.48205,35.91421],[139.48215,35.91442]]}},{"type":"Feature","properties":{"idx":964,"road":"中央通り","cls":"secondary","shops":6,"st_km":0.09,"mesh":"53396398"},"geometry":{"type":"LineString","coordinates":[[139.48197,35.91406],[139.48205,35.91421]]}},{"type":"Feature","properties":{"idx":805,"road":"中央通り","cls":"secondary","shops":5,"st_km":0.14,"mesh":"53396398"},"geometry":{"type":"LineString","coordinates":[[139.48215,35.91442],[139.48228,35.91469]]}},{"type":"Feature","properties":{"idx":477,"road":NaN,"cls":"tertiary","shops":0,"st_km":1.89,"mesh":"53396390"},"geometry":{"type":"LineString","coordinates":[[139.38674,35.9141],[139.38701,35.9141]]}},{"type":"Feature","properties":{"idx":480,"road":NaN,"cls":"tertiary","shops":0,"st_km":1.88,"mesh":"53396390"},"geometry":{"type":"LineString","coordinates":[[139.38701,35.9141],[139.38713,35.91411]]}},{"type":"Feature","properties":{"idx":231,"road":NaN,"cls":"tertiary","shops":0,"st_km":2.41,"mesh":"53396351"},"geometry":{"type":"LineString","coordinates":[[139.39982,35.87797],[139.39966,35.87581],[139.39959,35.87542],[139.39941,35.87482],[139.39904,35.87402]]}},{"type":"Feature","properties":{"idx":310,"road":"入間市停車場線","cls":"secondary","shops":0,"st_km":0.72,"mesh":"53396301"},"geometry":{"type":"LineString","coordinates":[[139.38745,35.83663],[139.38769,35.83675]]}},{"type":"Feature","properties":{"idx":876,"road":NaN,"cls":"tertiary","shops":1,"st_km":0.89,"mesh":"53396322"},"geometry":{"type":"LineString","coordinates":[[139.40783,35.85792],[139.40736,35.85749],[139.40703,35.85709],[139.40635,35.85654],[139.40435,35.85528],[139.40248,35.85417],[139.40177,35.85383],[139.39953,35.85306],[139.3993,35.85312]]}},{"type":"Feature","properties":{"idx":185,"road":NaN,"cls":"tertiary","shops":0,"st_km":1.2,"mesh":"53396393"},"geometry":{"type":"LineString","coordinates":[[139.41632,35.91477],[139.41544,35.91534]]}},{"type":"Feature","properties":{"idx":112,"road":NaN,"cls":"tertiary","shops":0,"st_km":1.81,"mesh":"53396371"},"geometry":{"type":"LineString","coordinates":[[139.39327,35.89479],[139.39377,35.89463],[139.3945,35.89446],[139.39526,35.89458]]}},{"type":"Feature","properties":{"idx":110,"road":NaN,"cls":"tertiary","shops":0,"st_km":1.84,"mesh":"53396371"},"geometry":{"type":"LineString","coordinates":[[139.39303,35.89485],[139.39327,35.89479]]}},{"type":"Feature","properties":{"idx":115,"road":NaN,"cls":"tertiary","shops":0,"st_km":2.41,"mesh":"53396360"},"geometry":{"type":"LineString","coordinates":[[139.38782,35.88554],[139.38759,35.88493],[139.38741,35.88459],[139.38683,35.88376],[139.38638,35.88326]]}},{"type":"Feature","properties":{"idx":309,"road":NaN,"cls":"tertiary","shops":0,"st_km":2.34,"mesh":"53396361"},"geometry":{"type":"LineString","coordinates":[[139.3879,35.88574],[139.38782,35.88554]]}},{"type":"Feature","properties":{"idx":117,"road":NaN,"cls":"tertiary","shops":0,"st_km":2.36,"mesh":"53396360"},"geometry":{"type":"LineString","coordinates":[[139.38573,35.8847],[139.38617,35.88374]]}},{"type":"Feature","properties":{"idx":119,"road":NaN,"cls":"tertiary","shops":0,"st_km":2.29,"mesh":"53396360"},"geometry":{"type":"LineString","coordinates":[[139.38562,35.88495],[139.38573,35.8847]]}},{"type":"Feature","properties":{"idx":120,"road":NaN,"cls":"tertiary","shops":0,"st_km":2.27,"mesh":"53396360"},"geometry":{"type":"LineString","coordinates":[[139.38562,35.88495],[139.38562,35.88495]]}},{"type":"Feature","properties":{"idx":156,"road":NaN,"cls":"tertiary","shops":0,"st_km":0.49,"mesh":"53396392"},"geometry":{"type":"LineString","coordinates":[[139.40656,35.91234],[139.40679,35.91162]]}},{"type":"Feature","properties":{"idx":164,"road":NaN,"cls":"tertiary","shops":0,"st_km":0.43,"mesh":"53396392"},"geometry":{"type":"LineString","coordinates":[[139.40679,35.91159],[139.40686,35.91134]]}},{"type":"Feature","properties":{"idx":162,"road":NaN,"cls":"tertiary","shops":0,"st_km":0.45,"mesh":"53396392"},"geometry":{"type":"LineString","coordinates":[[139.40679,35.91162],[139.40679,35.91159]]}},{"type":"Feature","properties":{"idx":186,"road":NaN,"cls":"tertiary","shops":0,"st_km":1.19,"mesh":"53396393"},"geometry":{"type":"LineString","coordinates":[[139.41544,35.91534],[139.41538,35.91538]]}},{"type":"Feature","properties":{"idx":186,"road":NaN,"cls":"tertiary","shops":0,"st_km":1.19,"mesh":"53396393"},"geometry":{"type":"LineString","coordinates":[[139.41538,35.91538],[139.41537,35.91539]]}},{"type":"Feature","properties":{"idx":183,"road":NaN,"cls":"tertiary","shops":0,"st_km":1.22,"mesh":"53396393"},"geometry":{"type":"LineString","coordinates":[[139.41687,35.91444],[139.41654,35.91464]]}},{"type":"Feature","properties":{"idx":184,"road":NaN,"cls":"tertiary","shops":0,"st_km":1.21,"mesh":"53396393"},"geometry":{"type":"LineString","coordinates":[[139.41654,35.91464],[139.41632,35.91477]]}},{"type":"Feature","properties":{"idx":182,"road":NaN,"cls":"tertiary","shops":0,"st_km":1.22,"mesh":"53396393"},"geometry":{"type":"LineString","coordinates":[[139.41692,35.91441],[139.41687,35.91444]]}},{"type":"Feature","properties":{"idx":242,"road":NaN,"cls":"tertiary","shops":0,"st_km":0.44,"mesh":"53396380"},"geometry":{"type":"LineString","coordinates":[[139.37594,35.90136],[139.37597,35.90121]]}},{"type":"Feature","properties":{"idx":110,"road":"川越日高線","cls":"primary","shops":0,"st_km":1.21,"mesh":"53396381"},"geometry":{"type":"LineString","coordinates":[[139.39546,35.90562],[139.39091,35.90504]]}},{"type":"Feature","properties":{"idx":95,"road":"川越日高線","cls":"primary","shops":0,"st_km":1.42,"mesh":"53396381"},"geometry":{"type":"LineString","coordinates":[[139.39091,35.90504],[139.39077,35.90503]]}},{"type":"Feature","properties":{"idx":112,"road":NaN,"cls":"tertiary","shops":0,"st_km":0.89,"mesh":"53396370"},"geometry":{"type":"LineString","coordinates":[[139.38075,35.89951],[139.38079,35.89973],[139.38064,35.90023]]}},{"type":"Feature","properties":{"idx":164,"road":NaN,"cls":"tertiary","shops":0,"st_km":0.87,"mesh":"53396380"},"geometry":{"type":"LineString","coordinates":[[139.38064,35.90023],[139.38061,35.90033]]}},{"type":"Feature","properties":{"idx":693,"road":NaN,"cls":"tertiary","shops":0,"st_km":0.85,"mesh":"53396387"},"geometry":{"type":"LineString","coordinates":[[139.47328,35.90583],[139.47443,35.90653]]}},{"type":"Feature","properties":{"idx":695,"road":NaN,"cls":"tertiary","shops":0,"st_km":0.84,"mesh":"53396387"},"geometry":{"type":"LineString","coordinates":[[139.47443,35.90653],[139.47333,35.90578]]}},{"type":"Feature","properties":{"idx":433,"road":NaN,"cls":"tertiary_link","shops":0,"st_km":0.85,"mesh":"53396387"},"geometry":{"type":"LineString","coordinates":[[139.47434,35.90644],[139.47347,35.90578],[139.47347,35.90565]]}},{"type":"Feature","properties":{"idx":232,"road":"所沢堀兼狭山線","cls":"secondary","shops":0,"st_km":1.23,"mesh":"53396334"},"geometry":{"type":"LineString","coordinates":[[139.42653,35.86421],[139.4242,35.86675]]}},{"type":"Feature","properties":{"idx":233,"road":"所沢堀兼狭山線","cls":"secondary","shops":0,"st_km":1.22,"mesh":"53396334"},"geometry":{"type":"LineString","coordinates":[[139.42425,35.86681],[139.42663,35.86423]]}},{"type":"Feature","properties":{"idx":415,"road":"入曽停車場線","cls":"secondary","shops":0,"st_km":0.12,"mesh":"53396304"},"geometry":{"type":"LineString","coordinates":[[139.42743,35.83263],[139.426,35.83414]]}},{"type":"Feature","properties":{"idx":455,"road":NaN,"cls":"tertiary","shops":0,"st_km":2.32,"mesh":"53396330"},"geometry":{"type":"LineString","coordinates":[[139.38544,35.86344],[139.38462,35.86312]]}},{"type":"Feature","properties":{"idx":527,"road":NaN,"cls":"tertiary","shops":4,"st_km":0.11,"mesh":"53396388"},"geometry":{"type":"LineString","coordinates":[[139.48413,35.90781],[139.48408,35.90778]]}},{"type":"Feature","properties":{"idx":2394,"road":"三番町通り","cls":"tertiary","shops":21,"st_km":0.18,"mesh":"53396398"},"geometry":{"type":"LineString","coordinates":[[139.48325,35.90885],[139.48248,35.90873]]}},{"type":"Feature","properties":{"idx":623,"road":NaN,"cls":"tertiary","shops":5,"st_km":0.1,"mesh":"53396388"},"geometry":{"type":"LineString","coordinates":[[139.48408,35.90778],[139.48391,35.90767]]}},{"type":"Feature","properties":{"idx":1178,"road":NaN,"cls":"tertiary","shops":11,"st_km":0.08,"mesh":"53396388"},"geometry":{"type":"LineString","coordinates":[[139.48391,35.90767],[139.4838,35.90761]]}},{"type":"Feature","properties":{"idx":356,"road":NaN,"cls":"tertiary","shops":2,"st_km":0.1,"mesh":"53396388"},"geometry":{"type":"LineString","coordinates":[[139.48382,35.90791],[139.4839,35.90782]]}},{"type":"Feature","properties":{"idx":1378,"road":NaN,"cls":"tertiary","shops":13,"st_km":0.07,"mesh":"53396388"},"geometry":{"type":"LineString","coordinates":[[139.4838,35.90761],[139.48367,35.90754]]}},{"type":"Feature","properties":{"idx":1213,"road":"中台通り","cls":"tertiary","shops":0,"st_km":1.25,"mesh":"53396367"},"geometry":{"type":"LineString","coordinates":[[139.46646,35.88447],[139.46629,35.8843]]}},{"type":"Feature","properties":{"idx":499,"road":NaN,"cls":"tertiary","shops":7,"st_km":0.06,"mesh":"53396344"},"geometry":{"type":"LineString","coordinates":[[139.43383,35.87354],[139.4337,35.87367],[139.43378,35.87376]]}},{"type":"Feature","properties":{"idx":499,"road":NaN,"cls":"tertiary","shops":7,"st_km":0.06,"mesh":"53396344"},"geometry":{"type":"LineString","coordinates":[[139.43397,35.87364],[139.43411,35.87375]]}},{"type":"Feature","properties":{"idx":708,"road":NaN,"cls":"tertiary","shops":6,"st_km":0.08,"mesh":"53396366"},"geometry":{"type":"LineString","coordinates":[[139.45433,35.88896],[139.45455,35.88912]]}},{"type":"Feature","properties":{"idx":1370,"road":NaN,"cls":"tertiary","shops":13,"st_km":0.05,"mesh":"53396366"},"geometry":{"type":"LineString","coordinates":[[139.45427,35.88918],[139.45454,35.88939],[139.45471,35.88925]]}},{"type":"Feature","properties":{"idx":150,"road":NaN,"cls":"tertiary","shops":0,"st_km":1.21,"mesh":"53396386"},"geometry":{"type":"LineString","coordinates":[[139.45521,35.90824],[139.45693,35.90824],[139.46058,35.90845]]}},{"type":"Feature","properties":{"idx":600,"road":"川越北環状線","cls":"secondary","shops":0,"st_km":0.76,"mesh":"53396397"},"geometry":{"type":"LineString","coordinates":[[139.47005,35.91111],[139.47239,35.90728]]}},{"type":"Feature","properties":{"idx":690,"road":"川越北環状線","cls":"secondary","shops":0,"st_km":0.93,"mesh":"53396387"},"geometry":{"type":"LineString","coordinates":[[139.47239,35.90728],[139.47328,35.90583]]}},{"type":"Feature","properties":{"idx":947,"road":NaN,"cls":"tertiary","shops":1,"st_km":0.89,"mesh":"53396387"},"geometry":{"type":"LineString","coordinates":[[139.47239,35.90728],[139.4717,35.90718]]}},{"type":"Feature","properties":{"idx":109,"road":"河岸街道","cls":"tertiary","shops":0,"st_km":0.58,"mesh":"53396388"},"geometry":{"type":"LineString","coordinates":[[139.47817,35.90388],[139.47808,35.90391]]}},{"type":"Feature","properties":{"idx":258,"road":NaN,"cls":"tertiary","shops":0,"st_km":1.38,"mesh":"53396373"},"geometry":{"type":"LineString","coordinates":[[139.41829,35.89886],[139.4165,35.8988],[139.41613,35.89886],[139.41607,35.89892],[139.41606,35.89909]]}},{"type":"Feature","properties":{"idx":1161,"road":"川越日高線","cls":"primary","shops":0,"st_km":0.66,"mesh":"53396383"},"geometry":{"type":"LineString","coordinates":[[139.41228,35.9083],[139.4147,35.90824]]}},{"type":"Feature","properties":{"idx":235,"road":"大田街道","cls":"tertiary","shops":0,"st_km":1.01,"mesh":"53396396"},"geometry":{"type":"LineString","coordinates":[[139.45521,35.90824],[139.45538,35.9087],[139.45574,35.90943],[139.45634,35.91119],[139.45631,35.91289]]}},{"type":"Feature","properties":{"idx":735,"road":"河岸街道","cls":"tertiary","shops":0,"st_km":0.72,"mesh":"53396387"},"geometry":{"type":"LineString","coordinates":[[139.47421,35.90754],[139.47326,35.90901]]}},{"type":"Feature","properties":{"idx":151,"road":NaN,"cls":"tertiary","shops":1,"st_km":0.67,"mesh":"53396388"},"geometry":{"type":"LineString","coordinates":[[139.47719,35.90248],[139.47808,35.90391]]}},{"type":"Feature","properties":{"idx":150,"road":NaN,"cls":"tertiary","shops":1,"st_km":0.67,"mesh":"53396388"},"geometry":{"type":"LineString","coordinates":[[139.47817,35.90388],[139.47727,35.90243],[139.47718,35.90237]]}},{"type":"Feature","properties":{"idx":468,"road":NaN,"cls":"tertiary","shops":0,"st_km":0.42,"mesh":"53396354"},"geometry":{"type":"LineString","coordinates":[[139.43258,35.8786],[139.43417,35.87722]]}},{"type":"Feature","properties":{"idx":411,"road":NaN,"cls":"tertiary","shops":0,"st_km":1.0,"mesh":"53396365"},"geometry":{"type":"LineString","coordinates":[[139.44438,35.88518],[139.44462,35.88536]]}},{"type":"Feature","properties":{"idx":84,"road":NaN,"cls":"tertiary","shops":0,"st_km":0.33,"mesh":"53396344"},"geometry":{"type":"LineString","coordinates":[[139.43592,35.8757],[139.43896,35.87306]]}},{"type":"Feature","properties":{"idx":505,"road":NaN,"cls":"tertiary","shops":7,"st_km":0.04,"mesh":"53396344"},"geometry":{"type":"LineString","coordinates":[[139.43396,35.87386],[139.43411,35.87375]]}},{"type":"Feature","properties":{"idx":99,"road":"所沢堀兼狭山線","cls":"secondary","shops":0,"st_km":2.37,"mesh":"53396315"},"geometry":{"type":"LineString","coordinates":[[139.4452,35.84807],[139.4408,35.85073]]}},{"type":"Feature","properties":{"idx":98,"road":"所沢堀兼狭山線","cls":"secondary","shops":0,"st_km":2.38,"mesh":"53396315"},"geometry":{"type":"LineString","coordinates":[[139.44086,35.8508],[139.44522,35.84816]]}},{"type":"Feature","properties":{"idx":139,"road":NaN,"cls":"tertiary","shops":1,"st_km":0.75,"mesh":"53396388"},"geometry":{"type":"LineString","coordinates":[[139.47718,35.90237],[139.47719,35.90248]]}},{"type":"Feature","properties":{"idx":1152,"road":NaN,"cls":"tertiary","shops":0,"st_km":0.58,"mesh":"53396399"},"geometry":{"type":"LineString","coordinates":[[139.4891,35.90964],[139.48936,35.90829]]}},{"type":"Feature","properties":{"idx":817,"road":NaN,"cls":"tertiary","shops":1,"st_km":0.61,"mesh":"53396389"},"geometry":{"type":"LineString","coordinates":[[139.48936,35.90829],[139.48983,35.90575],[139.49026,35.90408]]}},{"type":"Feature","properties":{"idx":511,"road":NaN,"cls":"tertiary","shops":0,"st_km":0.67,"mesh":"53396389"},"geometry":{"type":"LineString","coordinates":[[139.49161,35.90835],[139.48936,35.90829]]}},{"type":"Feature","properties":{"idx":1378,"road":NaN,"cls":"tertiary","shops":13,"st_km":0.07,"mesh":"53396388"},"geometry":{"type":"LineString","coordinates":[[139.48311,35.90774],[139.48335,35.90787]]}},{"type":"Feature","properties":{"idx":120,"road":"笠幡狭山線","cls":"secondary","shops":0,"st_km":1.92,"mesh":"53396371"},"geometry":{"type":"LineString","coordinates":[[139.396,35.89229],[139.39587,35.89267]]}},{"type":"Feature","properties":{"idx":294,"road":"川越日高線","cls":"primary","shops":0,"st_km":0.16,"mesh":"53396382"},"geometry":{"type":"LineString","coordinates":[[139.40451,35.906],[139.40504,35.90615],[139.4062,35.90671]]}},{"type":"Feature","properties":{"idx":654,"road":NaN,"cls":"tertiary","shops":0,"st_km":1.47,"mesh":"53396339"},"geometry":{"type":"LineString","coordinates":[[139.49815,35.86709],[139.4982,35.86693],[139.49951,35.86493]]}},{"type":"Feature","properties":{"idx":578,"road":NaN,"cls":"tertiary","shops":0,"st_km":1.68,"mesh":"53396339"},"geometry":{"type":"LineString","coordinates":[[139.49951,35.86493],[139.4964,35.8628]]}},{"type":"Feature","properties":{"idx":769,"road":"さいたまふじみ野所沢線","cls":"primary","shops":0,"st_km":2.09,"mesh":"53396329"},"geometry":{"type":"LineString","coordinates":[[139.49664,35.85697],[139.4977,35.85718],[139.49802,35.85732],[139.50155,35.8597]]}},{"type":"Feature","properties":{"idx":806,"road":NaN,"cls":"tertiary","shops":0,"st_km":3.9,"mesh":"53396317"},"geometry":{"type":"LineString","coordinates":[[139.46608,35.84652],[139.46644,35.84671],[139.46676,35.84701],[139.46708,35.84717]]}},{"type":"Feature","properties":{"idx":654,"road":"川越所沢線","cls":"primary","shops":0,"st_km":3.6,"mesh":"53396307"},"geometry":{"type":"LineString","coordinates":[[139.46528,35.83043],[139.46507,35.83118],[139.46494,35.83202],[139.46493,35.83245],[139.465,35.83325],[139.46513,35.83418],[139.46634,35.83926],[139.46647,35.84048],[139.46665,35.84306],[139.46694,35.84532],[139.46708,35.84717]]}},{"type":"Feature","properties":{"idx":114,"road":NaN,"cls":"tertiary","shops":0,"st_km":2.44,"mesh":"53396360"},"geometry":{"type":"LineString","coordinates":[[139.38621,35.88365],[139.38634,35.88334]]}},{"type":"Feature","properties":{"idx":288,"road":NaN,"cls":"tertiary","shops":0,"st_km":2.46,"mesh":"53396350"},"geometry":{"type":"LineString","coordinates":[[139.38634,35.88334],[139.38638,35.88326]]}},{"type":"Feature","properties":{"idx":822,"road":NaN,"cls":"tertiary","shops":0,"st_km":0.87,"mesh":"53396303"},"geometry":{"type":"LineString","coordinates":[[139.41776,35.8341],[139.4178,35.83406]]}},{"type":"Feature","properties":{"idx":176,"road":NaN,"cls":"tertiary","shops":0,"st_km":2.18,"mesh":"53396373"},"geometry":{"type":"LineString","coordinates":[[139.4266,35.8967],[139.42616,35.8964],[139.42501,35.89517],[139.42473,35.89497],[139.42444,35.89455],[139.42429,35.89386],[139.4242,35.89305],[139.42428,35.89295],[139.42453,35.89286]]}},{"type":"Feature","properties":{"idx":31,"road":NaN,"cls":"tertiary","shops":0,"st_km":2.24,"mesh":"53396374"},"geometry":{"type":"LineString","coordinates":[[139.42453,35.89286],[139.42506,35.89287],[139.42693,35.89405]]}},{"type":"Feature","properties":{"idx":1533,"road":NaN,"cls":"tertiary","shops":1,"st_km":0.3,"mesh":"53396310"},"geometry":{"type":"LineString","coordinates":[[139.38684,35.84401],[139.38786,35.84432],[139.38802,35.84423]]}},{"type":"Feature","properties":{"idx":1340,"road":"狭山市駅加佐志線","cls":"tertiary","shops":1,"st_km":0.4,"mesh":"53396333"},"geometry":{"type":"LineString","coordinates":[[139.41645,35.85794],[139.41861,35.85892]]}},{"type":"Feature","properties":{"idx":159,"road":NaN,"cls":"tertiary","shops":1,"st_km":0.1,"mesh":"53396344"},"geometry":{"type":"LineString","coordinates":[[139.43505,35.87365],[139.43456,35.87408]]}},{"type":"Feature","properties":{"idx":496,"road":NaN,"cls":"tertiary","shops":1,"st_km":1.14,"mesh":"53396342"},"geometry":{"type":"LineString","coordinates":[[139.41128,35.86721],[139.41152,35.86769]]}},{"type":"Feature","properties":{"idx":485,"road":NaN,"cls":"tertiary","shops":1,"st_km":1.17,"mesh":"53396342"},"geometry":{"type":"LineString","coordinates":[[139.41152,35.86769],[139.41169,35.86782]]}},{"type":"Feature","properties":{"idx":43,"road":"堀兼根岸線","cls":"secondary","shops":0,"st_km":1.39,"mesh":"53396343"},"geometry":{"type":"LineString","coordinates":[[139.41915,35.87233],[139.41862,35.87282],[139.41779,35.87339]]}},{"type":"Feature","properties":{"idx":364,"road":NaN,"cls":"tertiary","shops":0,"st_km":0.94,"mesh":"53396345"},"geometry":{"type":"LineString","coordinates":[[139.43784,35.86651],[139.43875,35.86676],[139.43909,35.86662],[139.43938,35.86609]]}},{"type":"Feature","properties":{"idx":434,"road":NaN,"cls":"tertiary","shops":0,"st_km":1.03,"mesh":"53396335"},"geometry":{"type":"LineString","coordinates":[[139.43938,35.86609],[139.4394,35.86605]]}},{"type":"Feature","properties":{"idx":229,"road":"草刈街道","cls":"tertiary","shops":0,"st_km":2.34,"mesh":"53396336"},"geometry":{"type":"LineString","coordinates":[[139.45053,35.86151],[139.45461,35.85926],[139.45481,35.85905],[139.45519,35.85831]]}},{"type":"Feature","properties":{"idx":103,"road":"草刈街道","cls":"tertiary","shops":0,"st_km":2.62,"mesh":"53396326"},"geometry":{"type":"LineString","coordinates":[[139.45519,35.85831],[139.45527,35.85815]]}},{"type":"Feature","properties":{"idx":65,"road":"所沢堀兼狭山線","cls":"secondary","shops":0,"st_km":2.65,"mesh":"53396316"},"geometry":{"type":"LineString","coordinates":[[139.45944,35.83944],[139.44755,35.84664]]}},{"type":"Feature","properties":{"idx":243,"road":NaN,"cls":"tertiary","shops":0,"st_km":0.92,"mesh":"53396356"},"geometry":{"type":"LineString","coordinates":[[139.45482,35.88124],[139.45426,35.88153]]}},{"type":"Feature","properties":{"idx":239,"road":NaN,"cls":"tertiary","shops":0,"st_km":0.94,"mesh":"53396356"},"geometry":{"type":"LineString","coordinates":[[139.4549,35.8812],[139.45482,35.88124]]}},{"type":"Feature","properties":{"idx":499,"road":NaN,"cls":"tertiary","shops":0,"st_km":0.84,"mesh":"53396397"},"geometry":{"type":"LineString","coordinates":[[139.4678,35.90995],[139.46882,35.91044],[139.47005,35.91111]]}},{"type":"Feature","properties":{"idx":449,"road":NaN,"cls":"tertiary","shops":0,"st_km":0.96,"mesh":"53396397"},"geometry":{"type":"LineString","coordinates":[[139.46773,35.90992],[139.4678,35.90995]]}},{"type":"Feature","properties":{"idx":549,"road":NaN,"cls":"tertiary","shops":2,"st_km":0.48,"mesh":"53396332"},"geometry":{"type":"LineString","coordinates":[[139.41007,35.86124],[139.41086,35.86057]]}},{"type":"Feature","properties":{"idx":391,"road":NaN,"cls":"tertiary","shops":1,"st_km":0.53,"mesh":"53396332"},"geometry":{"type":"LineString","coordinates":[[139.41002,35.86129],[139.41007,35.86124]]}},{"type":"Feature","properties":{"idx":375,"road":NaN,"cls":"tertiary","shops":1,"st_km":0.58,"mesh":"53396332"},"geometry":{"type":"LineString","coordinates":[[139.40928,35.86126],[139.40966,35.8616]]}},{"type":"Feature","properties":{"idx":246,"road":NaN,"cls":"tertiary","shops":0,"st_km":0.6,"mesh":"53396332"},"geometry":{"type":"LineString","coordinates":[[139.40966,35.8616],[139.41021,35.8621]]}},{"type":"Feature","properties":{"idx":232,"road":NaN,"cls":"tertiary","shops":0,"st_km":0.66,"mesh":"53396332"},"geometry":{"type":"LineString","coordinates":[[139.40611,35.85914],[139.40654,35.85959],[139.40721,35.85964],[139.40742,35.85974]]}},{"type":"Feature","properties":{"idx":330,"road":NaN,"cls":"tertiary","shops":0,"st_km":0.74,"mesh":"53396379"},"geometry":{"type":"LineString","coordinates":[[139.49355,35.89738],[139.49373,35.89723],[139.49395,35.89722],[139.49539,35.89753],[139.49732,35.89809]]}},{"type":"Feature","properties":{"idx":315,"road":NaN,"cls":"tertiary","shops":0,"st_km":0.8,"mesh":"53396379"},"geometry":{"type":"LineString","coordinates":[[139.49337,35.89761],[139.49355,35.89738]]}},{"type":"Feature","properties":{"idx":31,"road":NaN,"cls":"tertiary","shops":0,"st_km":2.22,"mesh":"53396374"},"geometry":{"type":"LineString","coordinates":[[139.42978,35.89645],[139.43273,35.89909]]}},{"type":"Feature","properties":{"idx":30,"road":NaN,"cls":"tertiary","shops":0,"st_km":2.37,"mesh":"53396374"},"geometry":{"type":"LineString","coordinates":[[139.42829,35.89513],[139.42978,35.89645]]}},{"type":"Feature","properties":{"idx":30,"road":NaN,"cls":"tertiary","shops":0,"st_km":2.33,"mesh":"53396374"},"geometry":{"type":"LineString","coordinates":[[139.42693,35.89405],[139.42757,35.89449],[139.42829,35.89513]]}},{"type":"Feature","properties":{"idx":30,"road":NaN,"cls":"tertiary","shops":0,"st_km":2.35,"mesh":"53396374"},"geometry":{"type":"LineString","coordinates":[[139.42832,35.89758],[139.42981,35.89648]]}},{"type":"Feature","properties":{"idx":31,"road":NaN,"cls":"tertiary","shops":0,"st_km":2.26,"mesh":"53396374"},"geometry":{"type":"LineString","coordinates":[[139.4293,35.89823],[139.42866,35.89774],[139.42722,35.89707],[139.4266,35.8967]]}},{"type":"Feature","properties":{"idx":30,"road":NaN,"cls":"tertiary","shops":0,"st_km":2.31,"mesh":"53396374"},"geometry":{"type":"LineString","coordinates":[[139.4266,35.8967],[139.42849,35.8953]]}},{"type":"Feature","properties":{"idx":46,"road":NaN,"cls":"tertiary","shops":0,"st_km":3.98,"mesh":"53396308"},"geometry":{"type":"LineString","coordinates":[[139.48009,35.83488],[139.47934,35.83575],[139.47601,35.84003]]}},{"type":"Feature","properties":{"idx":153,"road":NaN,"cls":"tertiary","shops":0,"st_km":1.25,"mesh":"53396371"},"geometry":{"type":"LineString","coordinates":[[139.39696,35.89918],[139.39689,35.89924]]}},{"type":"Feature","properties":{"idx":289,"road":"狭山市駅加佐志線","cls":"tertiary","shops":1,"st_km":1.36,"mesh":"53396334"},"geometry":{"type":"LineString","coordinates":[[139.42602,35.86233],[139.42767,35.86308]]}},{"type":"Feature","properties":{"idx":72,"road":NaN,"cls":"tertiary","shops":0,"st_km":1.53,"mesh":"53396381"},"geometry":{"type":"LineString","coordinates":[[139.38745,35.90451],[139.38744,35.90472],[139.38758,35.90515],[139.38753,35.90555]]}},{"type":"Feature","properties":{"idx":144,"road":NaN,"cls":"tertiary","shops":0,"st_km":2.76,"mesh":"53396306"},"geometry":{"type":"LineString","coordinates":[[139.45667,35.8375],[139.45833,35.83384]]}},{"type":"Feature","properties":{"idx":145,"road":NaN,"cls":"tertiary","shops":0,"st_km":2.72,"mesh":"53396306"},"geometry":{"type":"LineString","coordinates":[[139.45656,35.83775],[139.45667,35.8375]]}},{"type":"Feature","properties":{"idx":146,"road":NaN,"cls":"tertiary","shops":0,"st_km":2.72,"mesh":"53396306"},"geometry":{"type":"LineString","coordinates":[[139.45636,35.83821],[139.45656,35.83775]]}},{"type":"Feature","properties":{"idx":185,"road":"日高狭山線","cls":"secondary","shops":0,"st_km":1.06,"mesh":"53396332"},"geometry":{"type":"LineString","coordinates":[[139.40321,35.86064],[139.40181,35.86131]]}},{"type":"Feature","properties":{"idx":271,"road":NaN,"cls":"tertiary","shops":2,"st_km":1.33,"mesh":"53396332"},"geometry":{"type":"LineString","coordinates":[[139.39893,35.86384],[139.39904,35.86344],[139.39922,35.8631],[139.39945,35.86277],[139.39983,35.86239],[139.40051,35.86196],[139.40181,35.86131]]}},{"type":"Feature","properties":{"idx":178,"road":NaN,"cls":"tertiary","shops":0,"st_km":1.48,"mesh":"53396321"},"geometry":{"type":"LineString","coordinates":[[139.39431,35.85822],[139.39505,35.85665]]}},{"type":"Feature","properties":{"idx":374,"road":NaN,"cls":"tertiary","shops":0,"st_km":2.13,"mesh":"53396341"},"geometry":{"type":"LineString","coordinates":[[139.39531,35.86967],[139.3954,35.86958]]}},{"type":"Feature","properties":{"idx":442,"road":NaN,"cls":"tertiary","shops":0,"st_km":1.75,"mesh":"53396341"},"geometry":{"type":"LineString","coordinates":[[139.3954,35.86958],[139.39806,35.86724],[139.39845,35.86678],[139.39869,35.86628],[139.39881,35.86586],[139.39893,35.86384]]}},{"type":"Feature","properties":{"idx":370,"road":NaN,"cls":"tertiary","shops":0,"st_km":2.02,"mesh":"53396331"},"geometry":{"type":"LineString","coordinates":[[139.39075,35.86285],[139.3925,35.86057]]}},{"type":"Feature","properties":{"idx":824,"road":"中新田入間川線","cls":"secondary","shops":3,"st_km":0.41,"mesh":"53396332"},"geometry":{"type":"LineString","coordinates":[[139.41106,35.86033],[139.41086,35.86057]]}},{"type":"Feature","properties":{"idx":673,"road":NaN,"cls":"tertiary","shops":0,"st_km":1.37,"mesh":"53396320"},"geometry":{"type":"LineString","coordinates":[[139.38115,35.8529],[139.38245,35.85308]]}},{"type":"Feature","properties":{"idx":639,"road":NaN,"cls":"tertiary","shops":0,"st_km":1.44,"mesh":"53396320"},"geometry":{"type":"LineString","coordinates":[[139.38115,35.8529],[139.38069,35.85385]]}},{"type":"Feature","properties":{"idx":381,"road":NaN,"cls":"tertiary","shops":1,"st_km":0.56,"mesh":"53396332"},"geometry":{"type":"LineString","coordinates":[[139.40966,35.8616],[139.41002,35.86129]]}},{"type":"Feature","properties":{"idx":226,"road":"鯨井狭山線","cls":"secondary","shops":0,"st_km":1.84,"mesh":"53396373"},"geometry":{"type":"LineString","coordinates":[[139.4115,35.88778],[139.41322,35.88951],[139.41411,35.89048],[139.4152,35.89189],[139.41601,35.89314],[139.41752,35.89592],[139.41781,35.89655],[139.41802,35.89723],[139.41829,35.89886]]}},{"type":"Feature","properties":{"idx":263,"road":"鯨井狭山線","cls":"secondary","shops":1,"st_km":1.14,"mesh":"53396332"},"geometry":{"type":"LineString","coordinates":[[139.40181,35.86131],[139.40368,35.86414],[139.40416,35.86497]]}},{"type":"Feature","properties":{"idx":349,"road":NaN,"cls":"tertiary","shops":0,"st_km":2.33,"mesh":"53396341"},"geometry":{"type":"LineString","coordinates":[[139.39254,35.87232],[139.39343,35.87131],[139.39531,35.86967]]}},{"type":"Feature","properties":{"idx":202,"road":NaN,"cls":"tertiary","shops":0,"st_km":3.03,"mesh":"53396351"},"geometry":{"type":"LineString","coordinates":[[139.3892,35.87646],[139.38939,35.8762]]}},{"type":"Feature","properties":{"idx":353,"road":"堀兼根岸線","cls":"secondary","shops":0,"st_km":2.72,"mesh":"53396341"},"geometry":{"type":"LineString","coordinates":[[139.3934,35.87529],[139.39106,35.87412]]}},{"type":"Feature","properties":{"idx":242,"road":"堀兼根岸線","cls":"secondary","shops":0,"st_km":2.97,"mesh":"53396340"},"geometry":{"type":"LineString","coordinates":[[139.39106,35.87412],[139.38101,35.86903],[139.38044,35.86878],[139.37937,35.86844]]}},{"type":"Feature","properties":{"idx":207,"road":NaN,"cls":"tertiary","shops":0,"st_km":2.88,"mesh":"53396351"},"geometry":{"type":"LineString","coordinates":[[139.38939,35.8762],[139.39106,35.87412]]}},{"type":"Feature","properties":{"idx":320,"road":NaN,"cls":"tertiary","shops":0,"st_km":2.63,"mesh":"53396341"},"geometry":{"type":"LineString","coordinates":[[139.39106,35.87412],[139.39254,35.87232]]}},{"type":"Feature","properties":{"idx":225,"road":NaN,"cls":"tertiary","shops":0,"st_km":2.74,"mesh":"53396340"},"geometry":{"type":"LineString","coordinates":[[139.38818,35.87012],[139.386,35.86902]]}},{"type":"Feature","properties":{"idx":324,"road":NaN,"cls":"tertiary","shops":0,"st_km":2.59,"mesh":"53396341"},"geometry":{"type":"LineString","coordinates":[[139.38818,35.87012],[139.38945,35.86845]]}},{"type":"Feature","properties":{"idx":222,"road":NaN,"cls":"tertiary","shops":0,"st_km":2.79,"mesh":"53396340"},"geometry":{"type":"LineString","coordinates":[[139.38679,35.87195],[139.38818,35.87012]]}},{"type":"Feature","properties":{"idx":225,"road":NaN,"cls":"tertiary","shops":0,"st_km":2.72,"mesh":"53396340"},"geometry":{"type":"LineString","coordinates":[[139.386,35.86902],[139.38694,35.8678]]}},{"type":"Feature","properties":{"idx":218,"road":NaN,"cls":"tertiary","shops":0,"st_km":2.9,"mesh":"53396340"},"geometry":{"type":"LineString","coordinates":[[139.38459,35.87085],[139.386,35.86902]]}},{"type":"Feature","properties":{"idx":221,"road":NaN,"cls":"tertiary","shops":0,"st_km":2.82,"mesh":"53396340"},"geometry":{"type":"LineString","coordinates":[[139.386,35.86902],[139.38487,35.86842]]}},{"type":"Feature","properties":{"idx":331,"road":NaN,"cls":"tertiary","shops":0,"st_km":2.5,"mesh":"53396341"},"geometry":{"type":"LineString","coordinates":[[139.39371,35.87292],[139.39254,35.87232]]}},{"type":"Feature","properties":{"idx":293,"road":"鯨井狭山線","cls":"secondary","shops":0,"st_km":1.49,"mesh":"53396342"},"geometry":{"type":"LineString","coordinates":[[139.40416,35.86497],[139.40437,35.86539],[139.40441,35.86571],[139.40398,35.86841],[139.40398,35.86867],[139.4046,35.87085],[139.40483,35.87124],[139.40519,35.87165]]}},{"type":"Feature","properties":{"idx":187,"road":NaN,"cls":"tertiary","shops":0,"st_km":2.18,"mesh":"53396363"},"geometry":{"type":"LineString","coordinates":[[139.41566,35.88927],[139.41566,35.88967]]}},{"type":"Feature","properties":{"idx":185,"road":NaN,"cls":"tertiary","shops":0,"st_km":2.21,"mesh":"53396363"},"geometry":{"type":"LineString","coordinates":[[139.41566,35.88905],[139.41566,35.88927]]}},{"type":"Feature","properties":{"idx":859,"road":"けやき通り","cls":"tertiary","shops":2,"st_km":0.26,"mesh":"53396301"},"geometry":{"type":"LineString","coordinates":[[139.38947,35.84038],[139.38902,35.84084]]}},{"type":"Feature","properties":{"idx":2183,"road":"入間市停車場線","cls":"secondary","shops":7,"st_km":0.26,"mesh":"53396301"},"geometry":{"type":"LineString","coordinates":[[139.38947,35.84038],[139.38983,35.84072]]}},{"type":"Feature","properties":{"idx":388,"road":NaN,"cls":"tertiary","shops":1,"st_km":0.94,"mesh":"53396321"},"geometry":{"type":"LineString","coordinates":[[139.3993,35.85312],[139.39921,35.85317]]}},{"type":"Feature","properties":{"idx":186,"road":NaN,"cls":"tertiary","shops":0,"st_km":2.26,"mesh":"53396363"},"geometry":{"type":"LineString","coordinates":[[139.41486,35.88685],[139.41561,35.88861],[139.41566,35.88905]]}},{"type":"Feature","properties":{"idx":192,"road":NaN,"cls":"tertiary","shops":0,"st_km":2.17,"mesh":"53396363"},"geometry":{"type":"LineString","coordinates":[[139.41486,35.88685],[139.41589,35.88656]]}},{"type":"Feature","properties":{"idx":946,"road":NaN,"cls":"tertiary","shops":2,"st_km":0.41,"mesh":"53396354"},"geometry":{"type":"LineString","coordinates":[[139.43033,35.8766],[139.43041,35.87654]]}},{"type":"Feature","properties":{"idx":818,"road":NaN,"cls":"tertiary","shops":13,"st_km":0.07,"mesh":"53396344"},"geometry":{"type":"LineString","coordinates":[[139.43312,35.87419],[139.4329,35.87437]]}},{"type":"Feature","properties":{"idx":516,"road":"鯨井狭山線","cls":"secondary","shops":0,"st_km":2.56,"mesh":"53396362"},"geometry":{"type":"LineString","coordinates":[[139.40432,35.88094],[139.40492,35.88156],[139.40669,35.8826],[139.407,35.88283],[139.41057,35.88681],[139.4115,35.88778]]}},{"type":"Feature","properties":{"idx":815,"road":NaN,"cls":"tertiary","shops":13,"st_km":0.08,"mesh":"53396344"},"geometry":{"type":"LineString","coordinates":[[139.43301,35.87445],[139.43314,35.87455]]}},{"type":"Feature","properties":{"idx":811,"road":NaN,"cls":"tertiary","shops":13,"st_km":0.08,"mesh":"53396344"},"geometry":{"type":"LineString","coordinates":[[139.4329,35.87437],[139.43301,35.87445]]}},{"type":"Feature","properties":{"idx":275,"road":NaN,"cls":"tertiary","shops":0,"st_km":1.28,"mesh":"53396373"},"geometry":{"type":"LineString","coordinates":[[139.41606,35.89909],[139.41605,35.89948]]}},{"type":"Feature","properties":{"idx":327,"road":NaN,"cls":"tertiary","shops":0,"st_km":0.54,"mesh":"53396301"},"geometry":{"type":"LineString","coordinates":[[139.39269,35.83737],[139.3928,35.83874],[139.39292,35.83945]]}},{"type":"Feature","properties":{"idx":351,"road":"けやき通り","cls":"tertiary","shops":1,"st_km":0.91,"mesh":"53396301"},"geometry":{"type":"LineString","coordinates":[[139.3978,35.83385],[139.39639,35.83498],[139.3958,35.83539],[139.39269,35.83737]]}},{"type":"Feature","properties":{"idx":265,"road":NaN,"cls":"tertiary","shops":0,"st_km":0.76,"mesh":"53396301"},"geometry":{"type":"LineString","coordinates":[[139.39102,35.83656],[139.3909,35.83656],[139.39046,35.83571],[139.39015,35.83521]]}},{"type":"Feature","properties":{"idx":316,"road":"茶つみ通り","cls":"primary","shops":0,"st_km":2.05,"mesh":"53396336"},"geometry":{"type":"LineString","coordinates":[[139.45053,35.86151],[139.45517,35.86659]]}},{"type":"Feature","properties":{"idx":799,"road":NaN,"cls":"tertiary","shops":0,"st_km":0.71,"mesh":"53396355"},"geometry":{"type":"LineString","coordinates":[[139.44418,35.87711],[139.43896,35.87306]]}},{"type":"Feature","properties":{"idx":274,"road":"草刈街道","cls":"tertiary","shops":0,"st_km":1.75,"mesh":"53396335"},"geometry":{"type":"LineString","coordinates":[[139.44783,35.86608],[139.44786,35.86563],[139.44765,35.8636],[139.44765,35.8632],[139.44775,35.8631],[139.45053,35.86151]]}},{"type":"Feature","properties":{"idx":411,"road":"川越入間線","cls":"primary","shops":0,"st_km":0.23,"mesh":"53396304"},"geometry":{"type":"LineString","coordinates":[[139.426,35.83414],[139.42678,35.83459]]}},{"type":"Feature","properties":{"idx":160,"road":"茶つみ通り","cls":"primary","shops":0,"st_km":1.33,"mesh":"53396304"},"geometry":{"type":"LineString","coordinates":[[139.43718,35.84113],[139.43722,35.84125]]}},{"type":"Feature","properties":{"idx":192,"road":"狭山台大通り","cls":"tertiary","shops":0,"st_km":1.33,"mesh":"53396334"},"geometry":{"type":"LineString","coordinates":[[139.43297,35.86224],[139.43335,35.86211]]}},{"type":"Feature","properties":{"idx":2459,"road":NaN,"cls":"tertiary","shops":10,"st_km":0.1,"mesh":"53396323"},"geometry":{"type":"LineString","coordinates":[[139.41391,35.85631],[139.41403,35.85678]]}},{"type":"Feature","properties":{"idx":77,"road":"狭山中央通り","cls":"tertiary","shops":0,"st_km":0.41,"mesh":"53396344"},"geometry":{"type":"LineString","coordinates":[[139.43772,35.8721],[139.43701,35.87154],[139.43621,35.87069]]}},{"type":"Feature","properties":{"idx":1482,"road":NaN,"cls":"tertiary","shops":3,"st_km":1.16,"mesh":"53396324"},"geometry":{"type":"LineString","coordinates":[[139.42566,35.85544],[139.4261,35.85434]]}},{"type":"Feature","properties":{"idx":503,"road":"狭山中央通り","cls":"tertiary","shops":3,"st_km":0.83,"mesh":"53396323"},"geometry":{"type":"LineString","coordinates":[[139.42566,35.85544],[139.41699,35.85153]]}},{"type":"Feature","properties":{"idx":190,"road":"狭山中央通り","cls":"tertiary","shops":0,"st_km":1.34,"mesh":"53396334"},"geometry":{"type":"LineString","coordinates":[[139.43251,35.86237],[139.43228,35.86184]]}},{"type":"Feature","properties":{"idx":193,"road":"狭山台大通り","cls":"tertiary","shops":0,"st_km":1.32,"mesh":"53396334"},"geometry":{"type":"LineString","coordinates":[[139.43251,35.86237],[139.43297,35.86224]]}},{"type":"Feature","properties":{"idx":537,"road":"狭山中央通り","cls":"tertiary","shops":0,"st_km":1.3,"mesh":"53396324"},"geometry":{"type":"LineString","coordinates":[[139.42961,35.85733],[139.42866,35.8568],[139.42566,35.85544]]}},{"type":"Feature","properties":{"idx":3988,"road":"富士見通り","cls":"tertiary","shops":0,"st_km":1.21,"mesh":"53396314"},"geometry":{"type":"LineString","coordinates":[[139.42527,35.84643],[139.42555,35.84577],[139.42571,35.84524],[139.42579,35.84466],[139.4258,35.84416],[139.42564,35.84332],[139.42492,35.8413],[139.42484,35.84089],[139.42488,35.84032],[139.42481,35.84007]]}},{"type":"Feature","properties":{"idx":2798,"road":"狭山市停車場線","cls":"secondary","shops":11,"st_km":0.16,"mesh":"53396323"},"geometry":{"type":"LineString","coordinates":[[139.41391,35.85631],[139.41382,35.85582],[139.41393,35.8554]]}},{"type":"Feature","properties":{"idx":501,"road":"川越北環状線","cls":"secondary","shops":1,"st_km":0.81,"mesh":"53396397"},"geometry":{"type":"LineString","coordinates":[[139.46711,35.91593],[139.46793,35.91459]]}},{"type":"Feature","properties":{"idx":337,"road":NaN,"cls":"tertiary","shops":0,"st_km":0.2,"mesh":"53396304"},"geometry":{"type":"LineString","coordinates":[[139.42678,35.83459],[139.42708,35.83428],[139.42761,35.83391]]}},{"type":"Feature","properties":{"idx":159,"road":NaN,"cls":"tertiary","shops":0,"st_km":0.38,"mesh":"53396398"},"geometry":{"type":"LineString","coordinates":[[139.48013,35.90966],[139.47979,35.9101],[139.47973,35.91036],[139.48011,35.91117]]}},{"type":"Feature","properties":{"idx":853,"road":"中央通り","cls":"secondary","shops":5,"st_km":0.08,"mesh":"53396398"},"geometry":{"type":"LineString","coordinates":[[139.48193,35.91397],[139.48197,35.91406]]}},{"type":"Feature","properties":{"idx":107,"road":"河岸街道","cls":"tertiary","shops":0,"st_km":0.6,"mesh":"53396388"},"geometry":{"type":"LineString","coordinates":[[139.47808,35.90391],[139.4769,35.90487]]}},{"type":"Feature","properties":{"idx":530,"road":NaN,"cls":"tertiary","shops":1,"st_km":0.16,"mesh":"53396304"},"geometry":{"type":"LineString","coordinates":[[139.42782,35.83377],[139.42823,35.83351]]}},{"type":"Feature","properties":{"idx":209,"road":"狭山市駅加佐志線","cls":"tertiary","shops":0,"st_km":1.24,"mesh":"53396334"},"geometry":{"type":"LineString","coordinates":[[139.42541,35.86205],[139.42602,35.86233]]}},{"type":"Feature","properties":{"idx":243,"road":NaN,"cls":"tertiary","shops":0,"st_km":0.43,"mesh":"53396380"},"geometry":{"type":"LineString","coordinates":[[139.37586,35.9017],[139.37594,35.90136]]}},{"type":"Feature","properties":{"idx":114,"road":NaN,"cls":"tertiary","shops":0,"st_km":0.88,"mesh":"53396370"},"geometry":{"type":"LineString","coordinates":[[139.37711,35.89626],[139.37758,35.8953],[139.37779,35.89517]]}},{"type":"Feature","properties":{"idx":299,"road":"新扇橋","cls":"tertiary","shops":0,"st_km":1.32,"mesh":"53396389"},"geometry":{"type":"LineString","coordinates":[[139.49726,35.90275],[139.49693,35.90397],[139.49676,35.90404]]}},{"type":"Feature","properties":{"idx":357,"road":"新扇橋","cls":"tertiary","shops":0,"st_km":1.0,"mesh":"53396389"},"geometry":{"type":"LineString","coordinates":[[139.49694,35.89974],[139.4971,35.90029]]}},{"type":"Feature","properties":{"idx":347,"road":"新扇橋","cls":"tertiary","shops":0,"st_km":1.04,"mesh":"53396389"},"geometry":{"type":"LineString","coordinates":[[139.4971,35.90029],[139.49719,35.90045]]}},{"type":"Feature","properties":{"idx":281,"road":"新扇橋","cls":"tertiary","shops":0,"st_km":0.93,"mesh":"53396379"},"geometry":{"type":"LineString","coordinates":[[139.49701,35.89913],[139.49694,35.89974]]}},{"type":"Feature","properties":{"idx":296,"road":"新扇橋","cls":"tertiary","shops":0,"st_km":1.25,"mesh":"53396389"},"geometry":{"type":"LineString","coordinates":[[139.49752,35.90181],[139.49726,35.90275]]}},{"type":"Feature","properties":{"idx":88,"road":NaN,"cls":"tertiary","shops":0,"st_km":2.34,"mesh":"53396315"},"geometry":{"type":"LineString","coordinates":[[139.44741,35.84648],[139.44657,35.84552]]}},{"type":"Feature","properties":{"idx":278,"road":NaN,"cls":"tertiary","shops":0,"st_km":1.04,"mesh":"53396379"},"geometry":{"type":"LineString","coordinates":[[139.48846,35.89879],[139.48964,35.8996]]}},{"type":"Feature","properties":{"idx":579,"road":"川越所沢線","cls":"primary","shops":2,"st_km":2.05,"mesh":"53396368"},"geometry":{"type":"LineString","coordinates":[[139.47706,35.88697],[139.47552,35.88093]]}},{"type":"Feature","properties":{"idx":312,"road":"川越所沢線","cls":"primary","shops":0,"st_km":1.88,"mesh":"53396368"},"geometry":{"type":"LineString","coordinates":[[139.47711,35.88712],[139.47706,35.88697]]}},{"type":"Feature","properties":{"idx":3354,"road":"大田街道","cls":"tertiary","shops":2,"st_km":0.48,"mesh":"53396376"},"geometry":{"type":"LineString","coordinates":[[139.4553,35.89398],[139.45535,35.89393]]}},{"type":"Feature","properties":{"idx":2557,"road":"狭山市駅上諏訪線","cls":"tertiary","shops":3,"st_km":0.29,"mesh":"53396322"},"geometry":{"type":"LineString","coordinates":[[139.40932,35.85451],[139.4123,35.85644],[139.41255,35.85667]]}},{"type":"Feature","properties":{"idx":100,"road":"さいたまふじみ野所沢線","cls":"primary","shops":0,"st_km":3.21,"mesh":"53396309"},"geometry":{"type":"LineString","coordinates":[[139.49729,35.84073],[139.49728,35.84088]]}},{"type":"Feature","properties":{"idx":98,"road":"さいたまふじみ野所沢線","cls":"primary","shops":0,"st_km":3.31,"mesh":"53396309"},"geometry":{"type":"LineString","coordinates":[[139.49754,35.83824],[139.49729,35.84073]]}},{"type":"Feature","properties":{"idx":100,"road":"さいたまふじみ野所沢線","cls":"primary","shops":0,"st_km":3.18,"mesh":"53396309"},"geometry":{"type":"LineString","coordinates":[[139.49728,35.84088],[139.49724,35.8418]]}},{"type":"Feature","properties":{"idx":670,"road":"さいたまふじみ野所沢線","cls":"primary","shops":0,"st_km":2.51,"mesh":"53396329"},"geometry":{"type":"LineString","coordinates":[[139.49702,35.84975],[139.49664,35.85697]]}},{"type":"Feature","properties":{"idx":161,"road":NaN,"cls":"tertiary","shops":0,"st_km":2.75,"mesh":"53396319"},"geometry":{"type":"LineString","coordinates":[[139.4946,35.84988],[139.49702,35.84975]]}},{"type":"Feature","properties":{"idx":399,"road":NaN,"cls":"tertiary","shops":1,"st_km":0.04,"mesh":"53396382"},"geometry":{"type":"LineString","coordinates":[[139.40582,35.90723],[139.40609,35.90733]]}},{"type":"Feature","properties":{"idx":386,"road":"川越入間線","cls":"primary","shops":0,"st_km":0.29,"mesh":"53396304"},"geometry":{"type":"LineString","coordinates":[[139.42678,35.83459],[139.42753,35.83509],[139.42801,35.83535]]}},{"type":"Feature","properties":{"idx":525,"road":NaN,"cls":"tertiary","shops":1,"st_km":0.17,"mesh":"53396304"},"geometry":{"type":"LineString","coordinates":[[139.42761,35.83391],[139.42782,35.83377]]}},{"type":"Feature","properties":{"idx":483,"road":"茶つみ通り","cls":"primary","shops":0,"st_km":2.38,"mesh":"53396325"},"geometry":{"type":"LineString","coordinates":[[139.4408,35.85073],[139.44086,35.8508]]}},{"type":"Feature","properties":{"idx":130,"road":NaN,"cls":"tertiary","shops":1,"st_km":2.42,"mesh":"53396315"},"geometry":{"type":"LineString","coordinates":[[139.44755,35.84664],[139.44741,35.84648]]}},{"type":"Feature","properties":{"idx":146,"road":"所沢堀兼狭山線","cls":"secondary","shops":1,"st_km":2.4,"mesh":"53396315"},"geometry":{"type":"LineString","coordinates":[[139.44755,35.84664],[139.44536,35.84797]]}},{"type":"Feature","properties":{"idx":96,"road":"所沢堀兼狭山線","cls":"secondary","shops":0,"st_km":2.47,"mesh":"53396315"},"geometry":{"type":"LineString","coordinates":[[139.44762,35.84671],[139.45028,35.84509]]}},{"type":"Feature","properties":{"idx":86,"road":NaN,"cls":"tertiary","shops":0,"st_km":2.43,"mesh":"53396315"},"geometry":{"type":"LineString","coordinates":[[139.44762,35.84671],[139.44755,35.84664]]}},{"type":"Feature","properties":{"idx":549,"road":"つつじ通り","cls":"primary","shops":1,"st_km":0.34,"mesh":"53396304"},"geometry":{"type":"LineString","coordinates":[[139.42711,35.83683],[139.42888,35.83402]]}},{"type":"Feature","properties":{"idx":57,"road":NaN,"cls":"tertiary","shops":0,"st_km":2.74,"mesh":"53396316"},"geometry":{"type":"LineString","coordinates":[[139.44938,35.84875],[139.45039,35.84822],[139.45154,35.84715],[139.45187,35.8469],[139.4526,35.84615]]}},{"type":"Feature","properties":{"idx":83,"road":NaN,"cls":"tertiary","shops":0,"st_km":2.57,"mesh":"53396315"},"geometry":{"type":"LineString","coordinates":[[139.44938,35.84875],[139.44762,35.84671]]}},{"type":"Feature","properties":{"idx":97,"road":"所沢堀兼狭山線","cls":"secondary","shops":0,"st_km":2.41,"mesh":"53396315"},"geometry":{"type":"LineString","coordinates":[[139.44538,35.84805],[139.44762,35.84671]]}},{"type":"Feature","properties":{"idx":56,"road":NaN,"cls":"tertiary","shops":0,"st_km":2.76,"mesh":"53396316"},"geometry":{"type":"LineString","coordinates":[[139.4526,35.84615],[139.45324,35.84549],[139.45418,35.844],[139.45484,35.84252],[139.45476,35.84238]]}},{"type":"Feature","properties":{"idx":82,"road":NaN,"cls":"tertiary","shops":2,"st_km":1.27,"mesh":"53396343"},"geometry":{"type":"LineString","coordinates":[[139.42229,35.86768],[139.42171,35.86806]]}},{"type":"Feature","properties":{"idx":72,"road":"中新田入間川線","cls":"secondary","shops":1,"st_km":1.21,"mesh":"53396343"},"geometry":{"type":"LineString","coordinates":[[139.42207,35.86831],[139.42245,35.8688]]}},{"type":"Feature","properties":{"idx":49,"road":"所沢堀兼狭山線","cls":"secondary","shops":0,"st_km":1.19,"mesh":"53396343"},"geometry":{"type":"LineString","coordinates":[[139.42401,35.86695],[139.423,35.86802]]}},{"type":"Feature","properties":{"idx":73,"road":"所沢堀兼狭山線","cls":"secondary","shops":1,"st_km":1.19,"mesh":"53396343"},"geometry":{"type":"LineString","coordinates":[[139.423,35.86802],[139.42251,35.86857]]}},{"type":"Feature","properties":{"idx":48,"road":"所沢堀兼狭山線","cls":"secondary","shops":0,"st_km":1.21,"mesh":"53396343"},"geometry":{"type":"LineString","coordinates":[[139.42103,35.87036],[139.42205,35.86923]]}},{"type":"Feature","properties":{"idx":73,"road":"所沢堀兼狭山線","cls":"secondary","shops":1,"st_km":1.19,"mesh":"53396343"},"geometry":{"type":"LineString","coordinates":[[139.42205,35.86923],[139.42235,35.86891]]}},{"type":"Feature","properties":{"idx":47,"road":"堀兼根岸線","cls":"secondary","shops":0,"st_km":1.24,"mesh":"53396343"},"geometry":{"type":"LineString","coordinates":[[139.42039,35.87106],[139.42103,35.87036]]}},{"type":"Feature","properties":{"idx":44,"road":"堀兼根岸線","cls":"secondary","shops":0,"st_km":1.33,"mesh":"53396343"},"geometry":{"type":"LineString","coordinates":[[139.4195,35.87191],[139.41915,35.87233]]}}]}