{"type":"FeatureCollection","features":[{"type":"Feature","properties":{"idx":177,"road":"環八通り","cls":"primary","shops":1,"st_km":0.59,"mesh":"53395501"},"geometry":{"type":"LineString","coordinates":[[139.64931,35.75616],[139.64721,35.75504]]}},{"type":"Feature","properties":{"idx":425,"road":"池袋谷原線","cls":"secondary_link","shops":3,"st_km":0.13,"mesh":"53395502"},"geometry":{"type":"LineString","coordinates":[[139.65323,35.75822],[139.65311,35.75827]]}},{"type":"Feature","properties":{"idx":76,"road":NaN,"cls":"tertiary","shops":0,"st_km":0.81,"mesh":"53395501"},"geometry":{"type":"LineString","coordinates":[[139.65025,35.74904],[139.64965,35.74999],[139.64966,35.75096],[139.65,35.7527]]}},{"type":"Feature","properties":{"idx":484,"road":"環八通り","cls":"primary","shops":3,"st_km":0.07,"mesh":"53395501"},"geometry":{"type":"LineString","coordinates":[[139.63945,35.75094],[139.64059,35.75157]]}},{"type":"Feature","properties":{"idx":166,"road":"環八通り","cls":"primary","shops":0,"st_km":0.21,"mesh":"53395501"},"geometry":{"type":"LineString","coordinates":[[139.63887,35.75056],[139.63846,35.75034]]}},{"type":"Feature","properties":{"idx":255,"road":"環八通り","cls":"primary_link","shops":3,"st_km":0.35,"mesh":"53395501"},"geometry":{"type":"LineString","coordinates":[[139.64721,35.75504],[139.64666,35.75469],[139.64046,35.75136]]}},{"type":"Feature","properties":{"idx":538,"road":"環八通り","cls":"primary","shops":0,"st_km":0.55,"mesh":"53395513"},"geometry":{"type":"LineString","coordinates":[[139.66344,35.76336],[139.66461,35.76396],[139.66562,35.76466]]}},{"type":"Feature","properties":{"idx":558,"road":"環八通り","cls":"primary","shops":0,"st_km":0.52,"mesh":"53395513"},"geometry":{"type":"LineString","coordinates":[[139.66562,35.76466],[139.6665,35.76531],[139.66689,35.76566]]}},{"type":"Feature","properties":{"idx":534,"road":"環八通り","cls":"primary","shops":0,"st_km":0.56,"mesh":"53395513"},"geometry":{"type":"LineString","coordinates":[[139.66567,35.76461],[139.66456,35.76385],[139.66348,35.76331]]}},{"type":"Feature","properties":{"idx":501,"road":"環八通り","cls":"primary","shops":0,"st_km":0.63,"mesh":"53395513"},"geometry":{"type":"LineString","coordinates":[[139.66348,35.76331],[139.66216,35.76267]]}},{"type":"Feature","properties":{"idx":616,"road":"北町若木トンネル","cls":"primary","shops":0,"st_km":0.54,"mesh":"53395523"},"geometry":{"type":"LineString","coordinates":[[139.66689,35.76566],[139.66726,35.76607],[139.66969,35.76928]]}},{"type":"Feature","properties":{"idx":797,"road":"環八通り","cls":"primary","shops":1,"st_km":0.7,"mesh":"53395523"},"geometry":{"type":"LineString","coordinates":[[139.66969,35.76928],[139.67053,35.77039]]}},{"type":"Feature","properties":{"idx":612,"road":"北町若木トンネル","cls":"primary","shops":0,"st_km":0.54,"mesh":"53395523"},"geometry":{"type":"LineString","coordinates":[[139.66978,35.76925],[139.66697,35.76561]]}},{"type":"Feature","properties":{"idx":217,"road":"環八通り","cls":"primary","shops":0,"st_km":0.79,"mesh":"53395534"},"geometry":{"type":"LineString","coordinates":[[139.67659,35.77605],[139.67715,35.77645],[139.67789,35.77674]]}},{"type":"Feature","properties":{"idx":496,"road":"環八通り","cls":"primary","shops":2,"st_km":0.64,"mesh":"53395534"},"geometry":{"type":"LineString","coordinates":[[139.67789,35.77674],[139.67972,35.77723]]}},{"type":"Feature","properties":{"idx":217,"road":"環八通り","cls":"primary","shops":0,"st_km":0.79,"mesh":"53395534"},"geometry":{"type":"LineString","coordinates":[[139.67792,35.77666],[139.67738,35.77647],[139.67666,35.776]]}},{"type":"Feature","properties":{"idx":402,"road":"環八通り","cls":"primary","shops":0,"st_km":1.02,"mesh":"53395523"},"geometry":{"type":"LineString","coordinates":[[139.67553,35.77505],[139.67177,35.77181],[139.67031,35.76996]]}},{"type":"Feature","properties":{"idx":393,"road":"環七通り","cls":"primary_link","shops":0,"st_km":0.36,"mesh":"53395505"},"geometry":{"type":"LineString","coordinates":[[139.68985,35.75624],[139.6898,35.75614],[139.68814,35.75507]]}},{"type":"Feature","properties":{"idx":267,"road":"環八通り","cls":"primary","shops":3,"st_km":0.67,"mesh":"53395501"},"geometry":{"type":"LineString","coordinates":[[139.64721,35.75504],[139.64644,35.75464]]}},{"type":"Feature","properties":{"idx":224,"road":"豊島園通り","cls":"tertiary","shops":1,"st_km":0.1,"mesh":"53395501"},"geometry":{"type":"LineString","coordinates":[[139.63964,35.75111],[139.63975,35.75095]]}},{"type":"Feature","properties":{"idx":828,"road":"尾長橋トンネル","cls":"primary_link","shops":14,"st_km":0.59,"mesh":"53395509"},"geometry":{"type":"LineString","coordinates":[[139.73761,35.75969],[139.73769,35.75911],[139.73796,35.75871],[139.74086,35.75661]]}},{"type":"Feature","properties":{"idx":1177,"road":"環七通り","cls":"primary","shops":8,"st_km":0.42,"mesh":"53395528"},"geometry":{"type":"LineString","coordinates":[[139.72691,35.76748],[139.72757,35.76767]]}},{"type":"Feature","properties":{"idx":149,"road":"補助第301号線","cls":"tertiary","shops":0,"st_km":0.79,"mesh":"53395520"},"geometry":{"type":"LineString","coordinates":[[139.63747,35.77241],[139.63556,35.77],[139.63551,35.76983],[139.63545,35.76869],[139.63548,35.76706],[139.63566,35.76561],[139.63597,35.76435]]}},{"type":"Feature","properties":{"idx":176,"road":"南田中町旭町線（支線2）（補助第230号線）","cls":"secondary","shops":1,"st_km":0.15,"mesh":"53395510"},"geometry":{"type":"LineString","coordinates":[[139.63162,35.75862],[139.6314,35.75848],[139.63129,35.75846],[139.63006,35.75845]]}},{"type":"Feature","properties":{"idx":479,"road":NaN,"cls":"tertiary","shops":1,"st_km":0.88,"mesh":"53395500"},"geometry":{"type":"LineString","coordinates":[[139.62421,35.7537],[139.6244,35.75331],[139.62483,35.75282],[139.62509,35.75236],[139.62522,35.75206],[139.62541,35.75118],[139.6256,35.75073],[139.62566,35.7502],[139.62566,35.74851]]}},{"type":"Feature","properties":{"idx":57,"road":NaN,"cls":"tertiary","shops":0,"st_km":0.62,"mesh":"53395517"},"geometry":{"type":"LineString","coordinates":[[139.71651,35.75917],[139.71534,35.76007],[139.71469,35.76096]]}},{"type":"Feature","properties":{"idx":537,"road":NaN,"cls":"tertiary","shops":0,"st_km":0.61,"mesh":"53395507"},"geometry":{"type":"LineString","coordinates":[[139.71507,35.75377],[139.71591,35.75544]]}},{"type":"Feature","properties":{"idx":735,"road":NaN,"cls":"tertiary","shops":1,"st_km":0.71,"mesh":"53395507"},"geometry":{"type":"LineString","coordinates":[[139.71591,35.75544],[139.71602,35.75565]]}},{"type":"Feature","properties":{"idx":502,"road":NaN,"cls":"tertiary","shops":0,"st_km":0.72,"mesh":"53395507"},"geometry":{"type":"LineString","coordinates":[[139.71602,35.75565],[139.71612,35.75581],[139.71677,35.75643]]}},{"type":"Feature","properties":{"idx":189,"road":NaN,"cls":"tertiary","shops":1,"st_km":0.8,"mesh":"53395528"},"geometry":{"type":"LineString","coordinates":[[139.73007,35.76838],[139.73019,35.77165],[139.72986,35.77383]]}},{"type":"Feature","properties":{"idx":593,"road":NaN,"cls":"tertiary","shops":0,"st_km":0.76,"mesh":"53395503"},"geometry":{"type":"LineString","coordinates":[[139.67474,35.751],[139.6723,35.75227]]}},{"type":"Feature","properties":{"idx":433,"road":"環八通り","cls":"primary","shops":2,"st_km":0.39,"mesh":"53395502"},"geometry":{"type":"LineString","coordinates":[[139.64711,35.75511],[139.65311,35.75827]]}},{"type":"Feature","properties":{"idx":114,"road":"環八通り","cls":"primary_link","shops":0,"st_km":0.24,"mesh":"53395501"},"geometry":{"type":"LineString","coordinates":[[139.6372,35.74975],[139.63768,35.75008],[139.63964,35.75111]]}},{"type":"Feature","properties":{"idx":121,"road":NaN,"cls":"tertiary","shops":1,"st_km":0.4,"mesh":"53395510"},"geometry":{"type":"LineString","coordinates":[[139.63162,35.75862],[139.63207,35.75886],[139.63316,35.75925],[139.6344,35.75954],[139.6356,35.75962]]}},{"type":"Feature","properties":{"idx":386,"road":NaN,"cls":"tertiary","shops":1,"st_km":0.38,"mesh":"53395512"},"geometry":{"type":"LineString","coordinates":[[139.65133,35.75964],[139.65094,35.75997]]}},{"type":"Feature","properties":{"idx":3205,"road":"豊島園通り","cls":"tertiary","shops":3,"st_km":0.44,"mesh":"53395511"},"geometry":{"type":"LineString","coordinates":[[139.63597,35.76435],[139.63616,35.76447],[139.637,35.76544],[139.63766,35.7659],[139.63888,35.76621],[139.63923,35.76626],[139.64166,35.76646],[139.64408,35.76677],[139.64508,35.76675],[139.64586,35.76715],[139.64738,35.76823],[139.64761,35.76844]]}},{"type":"Feature","properties":{"idx":58,"road":NaN,"cls":"tertiary","shops":0,"st_km":0.74,"mesh":"53395510"},"geometry":{"type":"LineString","coordinates":[[139.63597,35.76435],[139.63572,35.76426],[139.63528,35.76422],[139.63348,35.7646],[139.63306,35.76457],[139.63281,35.76444],[139.63074,35.76272],[139.63044,35.76255]]}},{"type":"Feature","properties":{"idx":99,"road":"豊島園通り","cls":"tertiary","shops":1,"st_km":0.61,"mesh":"53395510"},"geometry":{"type":"LineString","coordinates":[[139.63552,35.76091],[139.63557,35.76064],[139.6356,35.75962]]}},{"type":"Feature","properties":{"idx":222,"road":NaN,"cls":"tertiary","shops":1,"st_km":0.81,"mesh":"53395520"},"geometry":{"type":"LineString","coordinates":[[139.63556,35.77],[139.63355,35.77]]}},{"type":"Feature","properties":{"idx":200,"road":NaN,"cls":"pedestrian","shops":0,"st_km":0.82,"mesh":"53395520"},"geometry":{"type":"LineString","coordinates":[[139.63556,35.77],[139.63492,35.76982],[139.63508,35.76968],[139.63519,35.76968],[139.63531,35.76978],[139.6355,35.76976]]}},{"type":"Feature","properties":{"idx":160,"road":NaN,"cls":"pedestrian","shops":1,"st_km":0.43,"mesh":"53395510"},"geometry":{"type":"LineString","coordinates":[[139.6291,35.762],[139.62916,35.76207],[139.62915,35.76278]]}},{"type":"Feature","properties":{"idx":123,"road":NaN,"cls":"tertiary","shops":1,"st_km":0.38,"mesh":"53395510"},"geometry":{"type":"LineString","coordinates":[[139.62748,35.76097],[139.62535,35.76097]]}},{"type":"Feature","properties":{"idx":144,"road":NaN,"cls":"tertiary","shops":0,"st_km":0.72,"mesh":"53395529"},"geometry":{"type":"LineString","coordinates":[[139.74251,35.76775],[139.7431,35.76864]]}},{"type":"Feature","properties":{"idx":778,"road":NaN,"cls":"tertiary","shops":13,"st_km":0.22,"mesh":"53395537"},"geometry":{"type":"LineString","coordinates":[[139.72246,35.77927],[139.72257,35.77927]]}},{"type":"Feature","properties":{"idx":341,"road":"王子千住夢の島線","cls":"primary_link","shops":4,"st_km":0.49,"mesh":"53395509"},"geometry":{"type":"LineString","coordinates":[[139.74086,35.75661],[139.74114,35.75639]]}},{"type":"Feature","properties":{"idx":385,"road":NaN,"cls":"tertiary","shops":4,"st_km":0.85,"mesh":"53395529"},"geometry":{"type":"LineString","coordinates":[[139.7431,35.76864],[139.7433,35.76904],[139.7437,35.77065]]}},{"type":"Feature","properties":{"idx":153,"road":"新田学園通り","cls":"tertiary","shops":1,"st_km":1.14,"mesh":"53395529"},"geometry":{"type":"LineString","coordinates":[[139.74388,35.77135],[139.74452,35.77129],[139.74539,35.77149],[139.7459,35.77148],[139.74643,35.77127],[139.74707,35.77066]]}},{"type":"Feature","properties":{"idx":318,"road":NaN,"cls":"tertiary","shops":3,"st_km":0.87,"mesh":"53395529"},"geometry":{"type":"LineString","coordinates":[[139.74079,35.77126],[139.7437,35.77065]]}},{"type":"Feature","properties":{"idx":103,"road":NaN,"cls":"tertiary","shops":0,"st_km":1.13,"mesh":"53395529"},"geometry":{"type":"LineString","coordinates":[[139.74794,35.76662],[139.74786,35.76758]]}},{"type":"Feature","properties":{"idx":209,"road":NaN,"cls":"tertiary","shops":0,"st_km":1.04,"mesh":"53395519"},"geometry":{"type":"LineString","coordinates":[[139.7472,35.76473],[139.74715,35.7651],[139.74667,35.76521]]}},{"type":"Feature","properties":{"idx":373,"road":"補助第93号線","cls":"tertiary","shops":2,"st_km":1.19,"mesh":"53395519"},"geometry":{"type":"LineString","coordinates":[[139.74791,35.76481],[139.74848,35.76469],[139.74962,35.76419]]}},{"type":"Feature","properties":{"idx":436,"road":NaN,"cls":"primary_link","shops":6,"st_km":0.53,"mesh":"53395509"},"geometry":{"type":"LineString","coordinates":[[139.74109,35.75623],[139.73787,35.75865]]}},{"type":"Feature","properties":{"idx":126,"road":NaN,"cls":"tertiary","shops":0,"st_km":0.88,"mesh":"53395529"},"geometry":{"type":"LineString","coordinates":[[139.74256,35.77362],[139.74178,35.77292],[139.74,35.76993]]}},{"type":"Feature","properties":{"idx":154,"road":NaN,"cls":"tertiary","shops":1,"st_km":1.13,"mesh":"53395529"},"geometry":{"type":"LineString","coordinates":[[139.74556,35.77056],[139.74581,35.77206],[139.74589,35.77221]]}},{"type":"Feature","properties":{"idx":235,"road":NaN,"cls":"tertiary","shops":3,"st_km":1.26,"mesh":"53395529"},"geometry":{"type":"LineString","coordinates":[[139.74778,35.76855],[139.75004,35.7687]]}},{"type":"Feature","properties":{"idx":554,"road":"富士見公園通り","cls":"tertiary","shops":0,"st_km":0.84,"mesh":"53395584"},"geometry":{"type":"LineString","coordinates":[[139.67772,35.82516],[139.67371,35.82271],[139.67279,35.82207]]}},{"type":"Feature","properties":{"idx":239,"road":NaN,"cls":"tertiary","shops":0,"st_km":0.46,"mesh":"53395512"},"geometry":{"type":"LineString","coordinates":[[139.65591,35.76187],[139.65749,35.76049]]}},{"type":"Feature","properties":{"idx":199,"road":NaN,"cls":"tertiary","shops":0,"st_km":0.66,"mesh":"53395512"},"geometry":{"type":"LineString","coordinates":[[139.66212,35.76273],[139.66216,35.76267]]}},{"type":"Feature","properties":{"idx":626,"road":NaN,"cls":"tertiary","shops":0,"st_km":0.7,"mesh":"53395503"},"geometry":{"type":"LineString","coordinates":[[139.66344,35.74921],[139.66694,35.75225],[139.66883,35.75406],[139.67556,35.76092]]}},{"type":"Feature","properties":{"idx":849,"road":"南ときわ通り","cls":"tertiary","shops":0,"st_km":0.32,"mesh":"53395514"},"geometry":{"type":"LineString","coordinates":[[139.67972,35.76091],[139.68158,35.76081],[139.68184,35.76075],[139.68439,35.75951],[139.68711,35.75844],[139.68989,35.75626]]}},{"type":"Feature","properties":{"idx":3853,"road":NaN,"cls":"tertiary","shops":5,"st_km":0.08,"mesh":"53395514"},"geometry":{"type":"LineString","coordinates":[[139.67711,35.76408],[139.6769,35.76374]]}},{"type":"Feature","properties":{"idx":374,"road":"王子金町市川線","cls":"primary","shops":1,"st_km":1.1,"mesh":"53395519"},"geometry":{"type":"LineString","coordinates":[[139.74962,35.76419],[139.74403,35.75845]]}},{"type":"Feature","properties":{"idx":356,"road":NaN,"cls":"tertiary","shops":0,"st_km":0.76,"mesh":"53395513"},"geometry":{"type":"LineString","coordinates":[[139.6625,35.76045],[139.66279,35.76113],[139.66294,35.76213],[139.66327,35.76284],[139.66332,35.76303],[139.6633,35.76313]]}},{"type":"Feature","properties":{"idx":462,"road":NaN,"cls":"tertiary","shops":1,"st_km":0.44,"mesh":"53395516"},"geometry":{"type":"LineString","coordinates":[[139.70935,35.76235],[139.70779,35.76621]]}},{"type":"Feature","properties":{"idx":671,"road":"本郷赤羽線","cls":"secondary","shops":5,"st_km":0.71,"mesh":"53395508"},"geometry":{"type":"LineString","coordinates":[[139.72993,35.758],[139.73078,35.7584]]}},{"type":"Feature","properties":{"idx":235,"road":NaN,"cls":"tertiary","shops":0,"st_km":0.78,"mesh":"53395526"},"geometry":{"type":"LineString","coordinates":[[139.70979,35.76713],[139.71132,35.76756]]}},{"type":"Feature","properties":{"idx":694,"road":"ROUTE2020トレセン通り","cls":"secondary","shops":3,"st_km":0.73,"mesh":"53395526"},"geometry":{"type":"LineString","coordinates":[[139.70811,35.77573],[139.70881,35.77028]]}},{"type":"Feature","properties":{"idx":3372,"road":"蓮沼アスリート通り","cls":"tertiary","shops":12,"st_km":0.05,"mesh":"53395526"},"geometry":{"type":"LineString","coordinates":[[139.70233,35.7686],[139.70242,35.76864]]}},{"type":"Feature","properties":{"idx":326,"road":NaN,"cls":"tertiary","shops":0,"st_km":0.39,"mesh":"53395516"},"geometry":{"type":"LineString","coordinates":[[139.70423,35.76439],[139.70437,35.76443]]}},{"type":"Feature","properties":{"idx":247,"road":"高島通り","cls":"secondary","shops":2,"st_km":0.5,"mesh":"53395551"},"geometry":{"type":"LineString","coordinates":[[139.63979,35.79255],[139.64072,35.79244]]}},{"type":"Feature","properties":{"idx":261,"road":"県道朝霞蕨線","cls":"primary","shops":0,"st_km":1.63,"mesh":"53395591"},"geometry":{"type":"LineString","coordinates":[[139.64201,35.82892],[139.64482,35.82922],[139.64519,35.8293]]}},{"type":"Feature","properties":{"idx":873,"road":NaN,"cls":"tertiary","shops":2,"st_km":0.54,"mesh":"53395513"},"geometry":{"type":"LineString","coordinates":[[139.66339,35.76342],[139.66338,35.76356],[139.66353,35.76428]]}},{"type":"Feature","properties":{"idx":879,"road":NaN,"cls":"tertiary","shops":1,"st_km":0.78,"mesh":"53395503"},"geometry":{"type":"LineString","coordinates":[[139.66478,35.75609],[139.66611,35.75713]]}},{"type":"Feature","properties":{"idx":687,"road":NaN,"cls":"tertiary","shops":0,"st_km":0.6,"mesh":"53395503"},"geometry":{"type":"LineString","coordinates":[[139.66085,35.75305],[139.66478,35.75609]]}},{"type":"Feature","properties":{"idx":2809,"road":"山手通り","cls":"primary","shops":4,"st_km":0.17,"mesh":"53395506"},"geometry":{"type":"LineString","coordinates":[[139.70876,35.75328],[139.70855,35.74961],[139.70849,35.74953],[139.70843,35.74734]]}},{"type":"Feature","properties":{"idx":714,"road":"本郷赤羽線","cls":"secondary","shops":6,"st_km":0.72,"mesh":"53395508"},"geometry":{"type":"LineString","coordinates":[[139.72974,35.75827],[139.7305,35.75699],[139.7313,35.75589],[139.73261,35.75438],[139.73289,35.75414],[139.73339,35.75385]]}},{"type":"Feature","properties":{"idx":754,"road":NaN,"cls":"tertiary","shops":0,"st_km":0.26,"mesh":"53395507"},"geometry":{"type":"LineString","coordinates":[[139.71805,35.74984],[139.71916,35.75094],[139.71968,35.75139],[139.72035,35.7518],[139.72058,35.75248]]}},{"type":"Feature","properties":{"idx":151,"road":NaN,"cls":"tertiary","shops":0,"st_km":1.95,"mesh":"53395571"},"geometry":{"type":"LineString","coordinates":[[139.64864,35.81335],[139.64641,35.81322]]}},{"type":"Feature","properties":{"idx":408,"road":"東京川口線","cls":"secondary","shops":1,"st_km":1.74,"mesh":"53395559"},"geometry":{"type":"LineString","coordinates":[[139.74968,35.79183],[139.7487,35.79326],[139.74797,35.79411],[139.74731,35.79473],[139.74538,35.79636]]}},{"type":"Feature","properties":{"idx":228,"road":"喜沢通り","cls":"tertiary","shops":1,"st_km":1.11,"mesh":"53395575"},"geometry":{"type":"LineString","coordinates":[[139.69011,35.81106],[139.69171,35.81118],[139.69565,35.81283]]}},{"type":"Feature","properties":{"idx":158,"road":"中央通り","cls":"tertiary","shops":0,"st_km":1.04,"mesh":"53395575"},"geometry":{"type":"LineString","coordinates":[[139.68789,35.81152],[139.6893,35.81129],[139.69011,35.81106]]}},{"type":"Feature","properties":{"idx":294,"road":"練馬川口線","cls":"primary","shops":0,"st_km":0.5,"mesh":"53395567"},"geometry":{"type":"LineString","coordinates":[[139.71238,35.80421],[139.71371,35.80523],[139.71457,35.80567],[139.71517,35.80586],[139.71682,35.80612]]}},{"type":"Feature","properties":{"idx":337,"road":"市役所前通り","cls":"tertiary","shops":1,"st_km":0.55,"mesh":"53395567"},"geometry":{"type":"LineString","coordinates":[[139.71696,35.80614],[139.72176,35.80687]]}},{"type":"Feature","properties":{"idx":602,"road":NaN,"cls":"tertiary","shops":1,"st_km":0.86,"mesh":"53395578"},"geometry":{"type":"LineString","coordinates":[[139.7342,35.80878],[139.73045,35.80919]]}},{"type":"Feature","properties":{"idx":300,"road":NaN,"cls":"tertiary","shops":0,"st_km":1.79,"mesh":"53395549"},"geometry":{"type":"LineString","coordinates":[[139.74829,35.78582],[139.74859,35.78575],[139.74915,35.78576],[139.75106,35.78647]]}},{"type":"Feature","properties":{"idx":176,"road":"笹目通り","cls":"primary","shops":0,"st_km":0.24,"mesh":"53395551"},"geometry":{"type":"LineString","coordinates":[[139.64471,35.79399],[139.64447,35.7938]]}},{"type":"Feature","properties":{"idx":866,"road":"環七通り","cls":"primary","shops":6,"st_km":0.49,"mesh":"53395528"},"geometry":{"type":"LineString","coordinates":[[139.73249,35.76906],[139.7343,35.76958],[139.73562,35.77044]]}},{"type":"Feature","properties":{"idx":395,"road":"環七通り","cls":"primary","shops":3,"st_km":0.83,"mesh":"53395529"},"geometry":{"type":"LineString","coordinates":[[139.73792,35.772],[139.74058,35.77383]]}},{"type":"Feature","properties":{"idx":692,"road":"環七通り","cls":"primary_link","shops":7,"st_km":0.47,"mesh":"53395528"},"geometry":{"type":"LineString","coordinates":[[139.73438,35.76945],[139.73427,35.76941]]}},{"type":"Feature","properties":{"idx":748,"road":"環七通り","cls":"primary_link","shops":8,"st_km":0.5,"mesh":"53395528"},"geometry":{"type":"LineString","coordinates":[[139.73176,35.76885],[139.73197,35.76897],[139.73419,35.76961]]}},{"type":"Feature","properties":{"idx":722,"road":NaN,"cls":"tertiary","shops":1,"st_km":0.43,"mesh":"53395513"},"geometry":{"type":"LineString","coordinates":[[139.67187,35.76187],[139.67195,35.76194]]}},{"type":"Feature","properties":{"idx":254,"road":NaN,"cls":"tertiary","shops":2,"st_km":0.52,"mesh":"53395543"},"geometry":{"type":"LineString","coordinates":[[139.66722,35.78683],[139.66678,35.78546]]}},{"type":"Feature","properties":{"idx":203,"road":"八間通り","cls":"tertiary","shops":0,"st_km":0.65,"mesh":"53395567"},"geometry":{"type":"LineString","coordinates":[[139.7222,35.80477],[139.72567,35.8042]]}},{"type":"Feature","properties":{"idx":561,"road":"八間通り","cls":"tertiary","shops":1,"st_km":0.42,"mesh":"53395568"},"geometry":{"type":"LineString","coordinates":[[139.72567,35.8042],[139.72863,35.80372],[139.7317,35.80339]]}},{"type":"Feature","properties":{"idx":734,"road":"仁志町領家町線","cls":"tertiary","shops":3,"st_km":0.55,"mesh":"53395579"},"geometry":{"type":"LineString","coordinates":[[139.74115,35.80935],[139.73943,35.8111],[139.7387,35.81156],[139.7381,35.8118],[139.73517,35.81245]]}},{"type":"Feature","properties":{"idx":484,"road":NaN,"cls":"tertiary","shops":1,"st_km":1.14,"mesh":"53395577"},"geometry":{"type":"LineString","coordinates":[[139.72802,35.81545],[139.72879,35.81376],[139.7288,35.81364],[139.72867,35.81347],[139.72843,35.81337],[139.72767,35.81304],[139.72693,35.81282],[139.7167,35.81139],[139.7089,35.81123]]}},{"type":"Feature","properties":{"idx":370,"road":"八間通り","cls":"tertiary","shops":1,"st_km":0.45,"mesh":"53395567"},"geometry":{"type":"LineString","coordinates":[[139.7222,35.80477],[139.72029,35.80507],[139.71895,35.80498]]}},{"type":"Feature","properties":{"idx":273,"road":NaN,"cls":"tertiary","shops":0,"st_km":1.27,"mesh":"53395577"},"geometry":{"type":"LineString","coordinates":[[139.72192,35.81597],[139.72295,35.81101]]}},{"type":"Feature","properties":{"idx":917,"road":"吉祥寺通り","cls":"tertiary","shops":2,"st_km":0.7,"mesh":"53395578"},"geometry":{"type":"LineString","coordinates":[[139.73695,35.80944],[139.73441,35.80991],[139.73131,35.81035]]}},{"type":"Feature","properties":{"idx":462,"road":NaN,"cls":"tertiary","shops":0,"st_km":0.69,"mesh":"53395578"},"geometry":{"type":"LineString","coordinates":[[139.73119,35.81216],[139.73123,35.81126],[139.73137,35.81068],[139.73131,35.81035]]}},{"type":"Feature","properties":{"idx":229,"road":NaN,"cls":"tertiary","shops":1,"st_km":0.58,"mesh":"53395528"},"geometry":{"type":"LineString","coordinates":[[139.72443,35.77332],[139.73324,35.77412]]}},{"type":"Feature","properties":{"idx":228,"road":"オリンピック通り","cls":"primary","shops":0,"st_km":1.73,"mesh":"53395562"},"geometry":{"type":"LineString","coordinates":[[139.65446,35.8078],[139.6549,35.80776]]}},{"type":"Feature","properties":{"idx":709,"road":"オリンピック通り","cls":"primary","shops":1,"st_km":1.43,"mesh":"53395561"},"geometry":{"type":"LineString","coordinates":[[139.64837,35.80391],[139.64886,35.80451],[139.6496,35.80505]]}},{"type":"Feature","properties":{"idx":785,"road":"産業道路","cls":"tertiary","shops":3,"st_km":0.22,"mesh":"53395567"},"geometry":{"type":"LineString","coordinates":[[139.71731,35.80478],[139.71774,35.8032],[139.71802,35.80282]]}},{"type":"Feature","properties":{"idx":1053,"road":"本町大通り","cls":"primary","shops":0,"st_km":0.59,"mesh":"53395557"},"geometry":{"type":"LineString","coordinates":[[139.72281,35.79962],[139.72419,35.79874]]}},{"type":"Feature","properties":{"idx":336,"road":"茂呂山通り","cls":"tertiary","shops":0,"st_km":0.96,"mesh":"53395504"},"geometry":{"type":"LineString","coordinates":[[139.67543,35.75476],[139.67554,35.75405],[139.67558,35.75238],[139.67575,35.75192],[139.67605,35.75135],[139.6766,35.7496]]}},{"type":"Feature","properties":{"idx":351,"road":"赤塚中央通り","cls":"tertiary","shops":0,"st_km":0.73,"mesh":"53395531"},"geometry":{"type":"LineString","coordinates":[[139.64723,35.77994],[139.64743,35.77931],[139.64743,35.77907],[139.64722,35.77825],[139.64705,35.77619],[139.6469,35.77514],[139.64659,35.77372]]}},{"type":"Feature","properties":{"idx":581,"road":NaN,"cls":"tertiary","shops":1,"st_km":0.24,"mesh":"53395530"},"geometry":{"type":"LineString","coordinates":[[139.62562,35.77634],[139.62738,35.77636],[139.62952,35.77605],[139.63135,35.7752]]}},{"type":"Feature","properties":{"idx":491,"road":NaN,"cls":"tertiary","shops":2,"st_km":0.5,"mesh":"53395521"},"geometry":{"type":"LineString","coordinates":[[139.63627,35.77088],[139.63775,35.7701],[139.63797,35.77003],[139.64104,35.77008]]}},{"type":"Feature","properties":{"idx":460,"road":NaN,"cls":"tertiary","shops":1,"st_km":0.27,"mesh":"53395521"},"geometry":{"type":"LineString","coordinates":[[139.64104,35.77008],[139.64105,35.76901],[139.64096,35.76877]]}},{"type":"Feature","properties":{"idx":336,"road":NaN,"cls":"tertiary","shops":0,"st_km":0.98,"mesh":"53395504"},"geometry":{"type":"LineString","coordinates":[[139.6754,35.75494],[139.67543,35.75476]]}},{"type":"Feature","properties":{"idx":224,"road":NaN,"cls":"tertiary","shops":0,"st_km":0.52,"mesh":"53395512"},"geometry":{"type":"LineString","coordinates":[[139.65591,35.76187],[139.65526,35.76245]]}},{"type":"Feature","properties":{"idx":512,"road":"補助第238号線","cls":"tertiary","shops":2,"st_km":0.41,"mesh":"53395521"},"geometry":{"type":"LineString","coordinates":[[139.65172,35.77016],[139.6478,35.77024],[139.64706,35.77034]]}},{"type":"Feature","properties":{"idx":330,"road":"長後赤塚線","cls":"secondary","shops":1,"st_km":0.97,"mesh":"53395532"},"geometry":{"type":"LineString","coordinates":[[139.65716,35.78199],[139.65674,35.78174],[139.65608,35.78146],[139.65518,35.78113],[139.65449,35.78095]]}},{"type":"Feature","properties":{"idx":429,"road":"成増北口通り","cls":"tertiary","shops":0,"st_km":0.15,"mesh":"53395530"},"geometry":{"type":"LineString","coordinates":[[139.63366,35.77735],[139.63503,35.77641]]}},{"type":"Feature","properties":{"idx":740,"road":"ときわ台駅前中央通り","cls":"tertiary","shops":0,"st_km":0.29,"mesh":"53395515"},"geometry":{"type":"LineString","coordinates":[[139.68979,35.75923],[139.69028,35.76331]]}},{"type":"Feature","properties":{"idx":220,"road":"旧川越街道","cls":"tertiary","shops":0,"st_km":0.71,"mesh":"53395522"},"geometry":{"type":"LineString","coordinates":[[139.65257,35.7687],[139.65219,35.76874]]}},{"type":"Feature","properties":{"idx":518,"road":"旧川越街道","cls":"tertiary","shops":2,"st_km":0.53,"mesh":"53395522"},"geometry":{"type":"LineString","coordinates":[[139.65219,35.76874],[139.65089,35.76878],[139.64931,35.76855],[139.64835,35.76848]]}},{"type":"Feature","properties":{"idx":234,"road":"補助第238号線","cls":"tertiary","shops":0,"st_km":0.64,"mesh":"53395522"},"geometry":{"type":"LineString","coordinates":[[139.65201,35.77015],[139.65172,35.77016]]}},{"type":"Feature","properties":{"idx":296,"road":NaN,"cls":"pedestrian","shops":1,"st_km":0.84,"mesh":"53395520"},"geometry":{"type":"LineString","coordinates":[[139.62935,35.76947],[139.62766,35.76958],[139.62698,35.76942],[139.62677,35.76929]]}},{"type":"Feature","properties":{"idx":202,"road":NaN,"cls":"pedestrian","shops":0,"st_km":0.81,"mesh":"53395520"},"geometry":{"type":"LineString","coordinates":[[139.62935,35.76947],[139.63048,35.76935],[139.63122,35.76933],[139.63194,35.76938],[139.63268,35.76951],[139.63306,35.76945],[139.63328,35.76933],[139.63345,35.76916],[139.63358,35.76886],[139.63361,35.76759]]}},{"type":"Feature","properties":{"idx":288,"road":NaN,"cls":"pedestrian","shops":1,"st_km":0.88,"mesh":"53395520"},"geometry":{"type":"LineString","coordinates":[[139.62562,35.77031],[139.62618,35.76993]]}},{"type":"Feature","properties":{"idx":70,"road":NaN,"cls":"pedestrian","shops":0,"st_km":0.9,"mesh":"53395510"},"geometry":{"type":"LineString","coordinates":[[139.62677,35.76929],[139.62659,35.76917],[139.62623,35.76877],[139.62612,35.76857],[139.62585,35.76797],[139.62577,35.76742],[139.62577,35.76686],[139.62589,35.76576],[139.62611,35.765],[139.62636,35.76454],[139.6268,35.76425],[139.62769,35.76404],[139.62849,35.76407]]}},{"type":"Feature","properties":{"idx":160,"road":NaN,"cls":"pedestrian","shops":1,"st_km":0.43,"mesh":"53395510"},"geometry":{"type":"LineString","coordinates":[[139.62901,35.762],[139.62895,35.76207],[139.62894,35.76278]]}},{"type":"Feature","properties":{"idx":354,"road":NaN,"cls":"primary_link","shops":0,"st_km":0.75,"mesh":"53395523"},"geometry":{"type":"LineString","coordinates":[[139.67085,35.77065],[139.67037,35.76993]]}},{"type":"Feature","properties":{"idx":437,"road":"環八通り","cls":"primary","shops":0,"st_km":0.92,"mesh":"53395523"},"geometry":{"type":"LineString","coordinates":[[139.67109,35.7711],[139.67194,35.7721],[139.67274,35.7728]]}},{"type":"Feature","properties":{"idx":571,"road":"下頭橋通り","cls":"tertiary","shops":1,"st_km":0.51,"mesh":"53395505"},"geometry":{"type":"LineString","coordinates":[[139.69548,35.75015],[139.69546,35.75025],[139.69476,35.75113],[139.6937,35.75334]]}},{"type":"Feature","properties":{"idx":1537,"road":"補助第238号線","cls":"tertiary","shops":5,"st_km":0.06,"mesh":"53395522"},"geometry":{"type":"LineString","coordinates":[[139.66153,35.76922],[139.66268,35.76898]]}},{"type":"Feature","properties":{"idx":268,"road":NaN,"cls":"pedestrian","shops":1,"st_km":0.97,"mesh":"53395520"},"geometry":{"type":"LineString","coordinates":[[139.62577,35.76686],[139.62644,35.76685]]}},{"type":"Feature","properties":{"idx":136,"road":NaN,"cls":"pedestrian","shops":1,"st_km":0.6,"mesh":"53395510"},"geometry":{"type":"LineString","coordinates":[[139.62772,35.76345],[139.62769,35.76404]]}},{"type":"Feature","properties":{"idx":115,"road":NaN,"cls":"pedestrian","shops":1,"st_km":0.79,"mesh":"53395510"},"geometry":{"type":"LineString","coordinates":[[139.62687,35.76537],[139.62611,35.765]]}},{"type":"Feature","properties":{"idx":93,"road":NaN,"cls":"pedestrian","shops":0,"st_km":0.58,"mesh":"53395510"},"geometry":{"type":"LineString","coordinates":[[139.62636,35.76358],[139.62636,35.76368],[139.62677,35.76369],[139.6271,35.76352],[139.62745,35.76344],[139.62848,35.76346]]}},{"type":"Feature","properties":{"idx":155,"road":NaN,"cls":"pedestrian","shops":2,"st_km":0.77,"mesh":"53395510"},"geometry":{"type":"LineString","coordinates":[[139.62531,35.76465],[139.62611,35.765]]}},{"type":"Feature","properties":{"idx":668,"road":NaN,"cls":"tertiary","shops":1,"st_km":0.59,"mesh":"53395545"},"geometry":{"type":"LineString","coordinates":[[139.70193,35.78713],[139.69789,35.78712],[139.69669,35.78735]]}},{"type":"Feature","properties":{"idx":596,"road":NaN,"cls":"tertiary","shops":2,"st_km":0.33,"mesh":"53395546"},"geometry":{"type":"LineString","coordinates":[[139.70942,35.78581],[139.70915,35.78678]]}},{"type":"Feature","properties":{"idx":837,"road":NaN,"cls":"tertiary","shops":0,"st_km":0.58,"mesh":"53395555"},"geometry":{"type":"LineString","coordinates":[[139.69714,35.79424],[139.69778,35.79189],[139.69779,35.79124],[139.69761,35.79056]]}},{"type":"Feature","properties":{"idx":1056,"road":NaN,"cls":"tertiary","shops":0,"st_km":0.34,"mesh":"53395555"},"geometry":{"type":"LineString","coordinates":[[139.68742,35.79108],[139.68825,35.79229],[139.68855,35.79521]]}},{"type":"Feature","properties":{"idx":267,"road":"新河岸中央通り","cls":"tertiary","shops":0,"st_km":0.9,"mesh":"53395553"},"geometry":{"type":"LineString","coordinates":[[139.67294,35.79337],[139.67172,35.79374],[139.66893,35.79439],[139.66403,35.79496]]}},{"type":"Feature","properties":{"idx":277,"road":NaN,"cls":"tertiary","shops":0,"st_km":0.34,"mesh":"53395541"},"geometry":{"type":"LineString","coordinates":[[139.64374,35.78863],[139.64689,35.78975],[139.65246,35.78866]]}},{"type":"Feature","properties":{"idx":275,"road":NaN,"cls":"tertiary","shops":0,"st_km":0.34,"mesh":"53395541"},"geometry":{"type":"LineString","coordinates":[[139.64937,35.79131],[139.6493,35.79106]]}},{"type":"Feature","properties":{"idx":210,"road":NaN,"cls":"tertiary","shops":0,"st_km":0.46,"mesh":"53395552"},"geometry":{"type":"LineString","coordinates":[[139.65123,35.79427],[139.65179,35.79417],[139.65288,35.79386],[139.6533,35.79367]]}},{"type":"Feature","properties":{"idx":272,"road":NaN,"cls":"tertiary","shops":1,"st_km":0.17,"mesh":"53395543"},"geometry":{"type":"LineString","coordinates":[[139.66293,35.78817],[139.66297,35.78828]]}},{"type":"Feature","properties":{"idx":112,"road":"長後赤塚線","cls":"secondary","shops":1,"st_km":0.49,"mesh":"53395542"},"geometry":{"type":"LineString","coordinates":[[139.65838,35.78438],[139.65888,35.7858]]}},{"type":"Feature","properties":{"idx":229,"road":NaN,"cls":"tertiary","shops":0,"st_km":0.79,"mesh":"53395530"},"geometry":{"type":"LineString","coordinates":[[139.62297,35.78053],[139.62368,35.78135],[139.62563,35.78217],[139.62584,35.78233],[139.62599,35.78255],[139.6261,35.78362],[139.62616,35.78384],[139.62637,35.78411],[139.6274,35.78493]]}},{"type":"Feature","properties":{"idx":283,"road":NaN,"cls":"tertiary","shops":0,"st_km":1.17,"mesh":"53395540"},"geometry":{"type":"LineString","coordinates":[[139.62986,35.78839],[139.63112,35.78747]]}},{"type":"Feature","properties":{"idx":71,"road":NaN,"cls":"pedestrian","shops":0,"st_km":0.88,"mesh":"53395510"},"geometry":{"type":"LineString","coordinates":[[139.62949,35.76639],[139.62996,35.76639]]}},{"type":"Feature","properties":{"idx":80,"road":NaN,"cls":"pedestrian","shops":0,"st_km":0.74,"mesh":"53395510"},"geometry":{"type":"LineString","coordinates":[[139.62996,35.76547],[139.62996,35.76468]]}},{"type":"Feature","properties":{"idx":115,"road":NaN,"cls":"pedestrian","shops":1,"st_km":0.79,"mesh":"53395510"},"geometry":{"type":"LineString","coordinates":[[139.62951,35.76547],[139.63232,35.76548],[139.63244,35.76545]]}},{"type":"Feature","properties":{"idx":102,"road":NaN,"cls":"pedestrian","shops":1,"st_km":0.92,"mesh":"53395510"},"geometry":{"type":"LineString","coordinates":[[139.63223,35.76548],[139.63222,35.76736]]}},{"type":"Feature","properties":{"idx":341,"road":NaN,"cls":"pedestrian","shops":2,"st_km":1.02,"mesh":"53395520"},"geometry":{"type":"LineString","coordinates":[[139.63222,35.76736],[139.63212,35.76736],[139.63204,35.76745],[139.63211,35.76757],[139.63224,35.76758],[139.63227,35.76753],[139.63228,35.76742],[139.63222,35.76736]]}},{"type":"Feature","properties":{"idx":175,"road":NaN,"cls":"pedestrian","shops":0,"st_km":1.0,"mesh":"53395520"},"geometry":{"type":"LineString","coordinates":[[139.62996,35.76733],[139.63212,35.76736]]}},{"type":"Feature","properties":{"idx":205,"road":NaN,"cls":"pedestrian","shops":0,"st_km":0.8,"mesh":"53395520"},"geometry":{"type":"LineString","coordinates":[[139.62477,35.77238],[139.62505,35.77179],[139.62578,35.77129],[139.62578,35.77112],[139.6255,35.7707],[139.62548,35.77058],[139.62562,35.77031],[139.62558,35.77],[139.62565,35.76986],[139.62599,35.76961]]}},{"type":"Feature","properties":{"idx":65,"road":NaN,"cls":"pedestrian","shops":0,"st_km":0.99,"mesh":"53395510"},"geometry":{"type":"LineString","coordinates":[[139.63224,35.76645],[139.63437,35.76646],[139.63437,35.76758]]}},{"type":"Feature","properties":{"idx":600,"road":NaN,"cls":"pedestrian","shops":5,"st_km":1.0,"mesh":"53395520"},"geometry":{"type":"LineString","coordinates":[[139.63437,35.76758],[139.63224,35.76758]]}},{"type":"Feature","properties":{"idx":390,"road":"三岩通り","cls":"tertiary","shops":3,"st_km":0.9,"mesh":"53395527"},"geometry":{"type":"LineString","coordinates":[[139.7156,35.772],[139.71521,35.77191],[139.71475,35.77166],[139.71334,35.77127]]}},{"type":"Feature","properties":{"idx":479,"road":NaN,"cls":"tertiary","shops":1,"st_km":0.45,"mesh":"53395526"},"geometry":{"type":"LineString","coordinates":[[139.70644,35.76965],[139.70664,35.76904],[139.70758,35.76669]]}},{"type":"Feature","properties":{"idx":277,"road":"環七通り","cls":"primary","shops":1,"st_km":0.66,"mesh":"53395528"},"geometry":{"type":"LineString","coordinates":[[139.73795,35.77193],[139.73568,35.77039]]}},{"type":"Feature","properties":{"idx":499,"road":"常盤台赤羽線","cls":"secondary","shops":9,"st_km":0.43,"mesh":"53395537"},"geometry":{"type":"LineString","coordinates":[[139.71791,35.78158],[139.71746,35.78214]]}},{"type":"Feature","properties":{"idx":157,"road":NaN,"cls":"tertiary","shops":0,"st_km":0.23,"mesh":"53395509"},"geometry":{"type":"LineString","coordinates":[[139.74986,35.7511],[139.74983,35.7507],[139.74964,35.75028]]}},{"type":"Feature","properties":{"idx":720,"road":"補助第93号線","cls":"tertiary","shops":4,"st_km":0.87,"mesh":"53395519"},"geometry":{"type":"LineString","coordinates":[[139.74238,35.76401],[139.74514,35.76421],[139.74569,35.76431],[139.74737,35.76477],[139.74791,35.76481]]}},{"type":"Feature","properties":{"idx":574,"road":"中十条赤羽線","cls":"secondary","shops":7,"st_km":0.13,"mesh":"53395537"},"geometry":{"type":"LineString","coordinates":[[139.71995,35.77747],[139.71953,35.77747]]}},{"type":"Feature","properties":{"idx":602,"road":"補助第89号線","cls":"tertiary","shops":3,"st_km":0.44,"mesh":"53395527"},"geometry":{"type":"LineString","coordinates":[[139.72469,35.77283],[139.72309,35.77586]]}},{"type":"Feature","properties":{"idx":580,"road":NaN,"cls":"tertiary","shops":3,"st_km":0.35,"mesh":"53395518"},"geometry":{"type":"LineString","coordinates":[[139.72998,35.76345],[139.73002,35.76361],[139.72991,35.76454],[139.7294,35.76811]]}},{"type":"Feature","properties":{"idx":1435,"road":NaN,"cls":"tertiary","shops":0,"st_km":0.31,"mesh":"53395525"},"geometry":{"type":"LineString","coordinates":[[139.69732,35.77041],[139.69275,35.77522],[139.69245,35.77543],[139.69062,35.77619]]}},{"type":"Feature","properties":{"idx":412,"road":NaN,"cls":"primary_link","shops":1,"st_km":0.57,"mesh":"53395519"},"geometry":{"type":"LineString","coordinates":[[139.73753,35.75969],[139.73757,35.76053],[139.73749,35.76109]]}},{"type":"Feature","properties":{"idx":419,"road":NaN,"cls":"primary_link","shops":1,"st_km":0.55,"mesh":"53395519"},"geometry":{"type":"LineString","coordinates":[[139.73751,35.76148],[139.73764,35.76075],[139.73761,35.75969]]}},{"type":"Feature","properties":{"idx":2390,"road":NaN,"cls":"tertiary","shops":16,"st_km":0.18,"mesh":"53395508"},"geometry":{"type":"LineString","coordinates":[[139.73742,35.7542],[139.73749,35.75429]]}},{"type":"Feature","properties":{"idx":347,"road":"王子千住夢の島線","cls":"primary_link","shops":4,"st_km":0.47,"mesh":"53395509"},"geometry":{"type":"LineString","coordinates":[[139.74109,35.75623],[139.74074,35.75652]]}},{"type":"Feature","properties":{"idx":574,"road":NaN,"cls":"tertiary","shops":6,"st_km":0.38,"mesh":"53395509"},"geometry":{"type":"LineString","coordinates":[[139.74109,35.75623],[139.74097,35.75613],[139.74088,35.75612],[139.73864,35.75609],[139.73736,35.75611]]}},{"type":"Feature","properties":{"idx":480,"road":"蓮根駅前通り","cls":"tertiary","shops":1,"st_km":0.13,"mesh":"53395534"},"geometry":{"type":"LineString","coordinates":[[139.67939,35.78534],[139.67897,35.78227],[139.67897,35.78204],[139.67904,35.78182],[139.6799,35.78055]]}},{"type":"Feature","properties":{"idx":1372,"road":NaN,"cls":"primary_link","shops":4,"st_km":0.48,"mesh":"53395504"},"geometry":{"type":"LineString","coordinates":[[139.68672,35.75421],[139.68687,35.7544],[139.68804,35.75524]]}},{"type":"Feature","properties":{"idx":89,"road":NaN,"cls":"tertiary","shops":0,"st_km":0.3,"mesh":"53395510"},"geometry":{"type":"LineString","coordinates":[[139.63044,35.7623],[139.63048,35.75963]]}},{"type":"Feature","properties":{"idx":142,"road":"美笹西通り","cls":"tertiary","shops":0,"st_km":2.11,"mesh":"53395571"},"geometry":{"type":"LineString","coordinates":[[139.64483,35.81285],[139.64428,35.81397],[139.64353,35.81477]]}},{"type":"Feature","properties":{"idx":314,"road":NaN,"cls":"tertiary","shops":0,"st_km":1.77,"mesh":"53395561"},"geometry":{"type":"LineString","coordinates":[[139.6426,35.80675],[139.64501,35.80882]]}},{"type":"Feature","properties":{"idx":88,"road":NaN,"cls":"tertiary","shops":0,"st_km":0.74,"mesh":"53395551"},"geometry":{"type":"LineString","coordinates":[[139.6395,35.79676],[139.64043,35.79666]]}},{"type":"Feature","properties":{"idx":111,"road":NaN,"cls":"tertiary","shops":0,"st_km":0.49,"mesh":"53395551"},"geometry":{"type":"LineString","coordinates":[[139.64504,35.79626],[139.64514,35.79623]]}},{"type":"Feature","properties":{"idx":484,"road":"蓮根駅前通り","cls":"tertiary","shops":0,"st_km":0.8,"mesh":"53395544"},"geometry":{"type":"LineString","coordinates":[[139.6801,35.79073],[139.68005,35.79162]]}},{"type":"Feature","properties":{"idx":165,"road":"長後赤塚線","cls":"secondary","shops":0,"st_km":0.84,"mesh":"53395533"},"geometry":{"type":"LineString","coordinates":[[139.66967,35.78108],[139.6696,35.78095],[139.66708,35.78076],[139.66531,35.78054]]}},{"type":"Feature","properties":{"idx":262,"road":NaN,"cls":"tertiary","shops":3,"st_km":0.14,"mesh":"53395510"},"geometry":{"type":"LineString","coordinates":[[139.62931,35.75962],[139.63048,35.75963]]}},{"type":"Feature","properties":{"idx":148,"road":NaN,"cls":"pedestrian","shops":1,"st_km":0.52,"mesh":"53395510"},"geometry":{"type":"LineString","coordinates":[[139.62876,35.76285],[139.62856,35.76288],[139.62829,35.76308],[139.62804,35.7633],[139.62799,35.76345]]}},{"type":"Feature","properties":{"idx":934,"road":NaN,"cls":"pedestrian","shops":10,"st_km":0.07,"mesh":"53395510"},"geometry":{"type":"LineString","coordinates":[[139.62922,35.75933],[139.62923,35.75884]]}},{"type":"Feature","properties":{"idx":2424,"road":NaN,"cls":"pedestrian","shops":3,"st_km":0.06,"mesh":"53395500"},"geometry":{"type":"LineString","coordinates":[[139.62901,35.75766],[139.62899,35.75824]]}},{"type":"Feature","properties":{"idx":645,"road":NaN,"cls":"pedestrian","shops":6,"st_km":0.03,"mesh":"53395510"},"geometry":{"type":"LineString","coordinates":[[139.62899,35.75877],[139.62923,35.75877]]}},{"type":"Feature","properties":{"idx":2536,"road":NaN,"cls":"pedestrian","shops":3,"st_km":0.02,"mesh":"53395500"},"geometry":{"type":"LineString","coordinates":[[139.62899,35.75832],[139.62925,35.75832]]}},{"type":"Feature","properties":{"idx":351,"road":NaN,"cls":"tertiary","shops":0,"st_km":0.59,"mesh":"53395505"},"geometry":{"type":"LineString","coordinates":[[139.68875,35.75257],[139.69134,35.75196]]}},{"type":"Feature","properties":{"idx":82,"road":"環七通り","cls":"primary_link","shops":0,"st_km":1.39,"mesh":"53395539"},"geometry":{"type":"LineString","coordinates":[[139.7468,35.77813],[139.7474,35.77852],[139.74801,35.77875],[139.7486,35.77881],[139.74912,35.77872]]}},{"type":"Feature","properties":{"idx":288,"road":NaN,"cls":"pedestrian","shops":1,"st_km":0.87,"mesh":"53395520"},"geometry":{"type":"LineString","coordinates":[[139.63437,35.76758],[139.63437,35.76775],[139.63545,35.7678]]}},{"type":"Feature","properties":{"idx":101,"road":NaN,"cls":"pedestrian","shops":1,"st_km":0.94,"mesh":"53395510"},"geometry":{"type":"LineString","coordinates":[[139.62933,35.76805],[139.62891,35.76807],[139.62804,35.76827],[139.62774,35.76827],[139.62734,35.76818],[139.62692,35.76797],[139.62659,35.76763],[139.62648,35.7673],[139.62644,35.76685],[139.62659,35.7662],[139.62687,35.76537],[139.6277,35.76539],[139.62805,35.76553],[139.62854,35.7654],[139.62948,35.7654]]}},{"type":"Feature","properties":{"idx":285,"road":NaN,"cls":"pedestrian","shops":1,"st_km":0.89,"mesh":"53395520"},"geometry":{"type":"LineString","coordinates":[[139.63143,35.76999],[139.63139,35.76985],[139.63146,35.76933],[139.63158,35.76905],[139.63212,35.76821],[139.63222,35.76789],[139.63224,35.76758]]}},{"type":"Feature","properties":{"idx":179,"road":NaN,"cls":"pedestrian","shops":0,"st_km":0.97,"mesh":"53395520"},"geometry":{"type":"LineString","coordinates":[[139.62996,35.76795],[139.62996,35.76639]]}},{"type":"Feature","properties":{"idx":188,"road":NaN,"cls":"pedestrian","shops":0,"st_km":0.9,"mesh":"53395520"},"geometry":{"type":"LineString","coordinates":[[139.63495,35.76976],[139.63136,35.76816],[139.63077,35.76802],[139.63006,35.76803]]}},{"type":"Feature","properties":{"idx":189,"road":NaN,"cls":"pedestrian","shops":0,"st_km":0.89,"mesh":"53395520"},"geometry":{"type":"LineString","coordinates":[[139.63006,35.76809],[139.63078,35.76809],[139.63133,35.76823],[139.63492,35.76982]]}},{"type":"Feature","properties":{"idx":184,"road":NaN,"cls":"pedestrian","shops":0,"st_km":0.93,"mesh":"53395520"},"geometry":{"type":"LineString","coordinates":[[139.62814,35.76826],[139.62804,35.76876],[139.62777,35.76894],[139.62742,35.76896]]}},{"type":"Feature","properties":{"idx":383,"road":NaN,"cls":"pedestrian","shops":2,"st_km":0.88,"mesh":"53395520"},"geometry":{"type":"LineString","coordinates":[[139.62935,35.76975],[139.62935,35.76933],[139.62952,35.7686],[139.62953,35.76818]]}},{"type":"Feature","properties":{"idx":73,"road":NaN,"cls":"pedestrian","shops":0,"st_km":0.85,"mesh":"53395510"},"geometry":{"type":"LineString","coordinates":[[139.62948,35.76762],[139.62949,35.76468]]}},{"type":"Feature","properties":{"idx":846,"road":NaN,"cls":"tertiary","shops":1,"st_km":0.12,"mesh":"53395505"},"geometry":{"type":"LineString","coordinates":[[139.69295,35.75472],[139.69319,35.75489],[139.6947,35.75529],[139.69579,35.75548],[139.69594,35.75542]]}},{"type":"Feature","properties":{"idx":632,"road":NaN,"cls":"tertiary","shops":3,"st_km":0.81,"mesh":"53395519"},"geometry":{"type":"LineString","coordinates":[[139.74252,35.76562],[139.74374,35.76548],[139.746,35.76511],[139.74667,35.76521]]}},{"type":"Feature","properties":{"idx":476,"road":"光が丘西大通り","cls":"tertiary","shops":0,"st_km":0.45,"mesh":"53395500"},"geometry":{"type":"LineString","coordinates":[[139.62659,35.75642],[139.62663,35.75373]]}},{"type":"Feature","properties":{"idx":869,"road":"三園通り","cls":"tertiary","shops":3,"st_km":0.84,"mesh":"53395540"},"geometry":{"type":"LineString","coordinates":[[139.63615,35.79005],[139.63711,35.789],[139.63756,35.78859],[139.63779,35.7881]]}},{"type":"Feature","properties":{"idx":263,"road":NaN,"cls":"primary_link","shops":1,"st_km":0.63,"mesh":"53395534"},"geometry":{"type":"LineString","coordinates":[[139.68023,35.77728],[139.67963,35.77706],[139.6776,35.7765]]}},{"type":"Feature","properties":{"idx":328,"road":NaN,"cls":"tertiary","shops":0,"st_km":0.57,"mesh":"53395547"},"geometry":{"type":"LineString","coordinates":[[139.72253,35.78664],[139.71827,35.78696],[139.71778,35.78711],[139.71713,35.78749],[139.71644,35.78755],[139.71545,35.78745],[139.71452,35.78716],[139.71377,35.78679],[139.71374,35.78651]]}},{"type":"Feature","properties":{"idx":898,"road":"蕨桜町線","cls":"secondary","shops":1,"st_km":0.31,"mesh":"53395594"},"geometry":{"type":"LineString","coordinates":[[139.68694,35.82861],[139.68726,35.82876]]}},{"type":"Feature","properties":{"idx":455,"road":"大前橋通り","cls":"tertiary","shops":0,"st_km":0.49,"mesh":"53395563"},"geometry":{"type":"LineString","coordinates":[[139.67372,35.80492],[139.67382,35.80601]]}},{"type":"Feature","properties":{"idx":238,"road":"戸田中通り","cls":"tertiary","shops":0,"st_km":0.57,"mesh":"53395564"},"geometry":{"type":"LineString","coordinates":[[139.68374,35.80432],[139.68218,35.80415]]}},{"type":"Feature","properties":{"idx":1405,"road":"五差路通り","cls":"secondary","shops":2,"st_km":0.44,"mesh":"53395573"},"geometry":{"type":"LineString","coordinates":[[139.67413,35.81088],[139.67408,35.81099],[139.67415,35.81329],[139.6743,35.81739],[139.67439,35.81828],[139.6747,35.81966],[139.67478,35.81982],[139.67496,35.82007],[139.67632,35.8216]]}},{"type":"Feature","properties":{"idx":202,"road":NaN,"cls":"tertiary","shops":0,"st_km":0.75,"mesh":"53395564"},"geometry":{"type":"LineString","coordinates":[[139.6825,35.8011],[139.68183,35.80249]]}},{"type":"Feature","properties":{"idx":246,"road":"中央道路","cls":"secondary","shops":0,"st_km":1.7,"mesh":"53395597"},"geometry":{"type":"LineString","coordinates":[[139.71729,35.82585],[139.71756,35.83322]]}},{"type":"Feature","properties":{"idx":958,"road":"湿化味橋","cls":"tertiary","shops":1,"st_km":0.68,"mesh":"53395503"},"geometry":{"type":"LineString","coordinates":[[139.6723,35.75227],[139.67215,35.75233]]}},{"type":"Feature","properties":{"idx":1194,"road":"環七通り","cls":"primary","shops":2,"st_km":0.3,"mesh":"53395505"},"geometry":{"type":"LineString","coordinates":[[139.68932,35.75599],[139.69041,35.75669]]}},{"type":"Feature","properties":{"idx":543,"road":"環七通り","cls":"primary","shops":0,"st_km":0.39,"mesh":"53395505"},"geometry":{"type":"LineString","coordinates":[[139.68741,35.75471],[139.68932,35.75599]]}},{"type":"Feature","properties":{"idx":1578,"road":"環七通り","cls":"primary","shops":3,"st_km":0.51,"mesh":"53395504"},"geometry":{"type":"LineString","coordinates":[[139.68742,35.75464],[139.68693,35.75427]]}},{"type":"Feature","properties":{"idx":810,"road":"環七通り","cls":"primary","shops":1,"st_km":0.4,"mesh":"53395505"},"geometry":{"type":"LineString","coordinates":[[139.68936,35.75594],[139.68824,35.75522],[139.68742,35.75464]]}},{"type":"Feature","properties":{"idx":2244,"road":"若木通り","cls":"tertiary","shops":3,"st_km":0.27,"mesh":"53395514"},"geometry":{"type":"LineString","coordinates":[[139.67932,35.76322],[139.67905,35.76483],[139.67903,35.76523]]}},{"type":"Feature","properties":{"idx":443,"road":"南ときわ通り","cls":"tertiary","shops":0,"st_km":0.35,"mesh":"53395505"},"geometry":{"type":"LineString","coordinates":[[139.69113,35.75552],[139.68989,35.75626]]}},{"type":"Feature","properties":{"idx":330,"road":"三園通り","cls":"tertiary","shops":0,"st_km":0.9,"mesh":"53395540"},"geometry":{"type":"LineString","coordinates":[[139.63567,35.7906],[139.63606,35.79015]]}},{"type":"Feature","properties":{"idx":405,"road":NaN,"cls":"tertiary","shops":4,"st_km":0.82,"mesh":"53395508"},"geometry":{"type":"LineString","coordinates":[[139.72782,35.75148],[139.72802,35.75139]]}},{"type":"Feature","properties":{"idx":1489,"road":"本郷赤羽線","cls":"secondary","shops":7,"st_km":0.21,"mesh":"53395508"},"geometry":{"type":"LineString","coordinates":[[139.73567,35.75251],[139.73611,35.75221]]}},{"type":"Feature","properties":{"idx":303,"road":NaN,"cls":"tertiary","shops":4,"st_km":0.18,"mesh":"53395510"},"geometry":{"type":"LineString","coordinates":[[139.62748,35.75862],[139.62748,35.75967]]}},{"type":"Feature","properties":{"idx":149,"road":NaN,"cls":"primary_link","shops":0,"st_km":0.81,"mesh":"53395534"},"geometry":{"type":"LineString","coordinates":[[139.67731,35.77638],[139.67671,35.77596]]}},{"type":"Feature","properties":{"idx":523,"road":"産業道路","cls":"primary","shops":0,"st_km":0.83,"mesh":"53395577"},"geometry":{"type":"LineString","coordinates":[[139.71696,35.80614],[139.71652,35.80785],[139.71638,35.80817],[139.71357,35.81188]]}},{"type":"Feature","properties":{"idx":216,"road":"一本杉通り","cls":"tertiary","shops":0,"st_km":1.3,"mesh":"53395594"},"geometry":{"type":"LineString","coordinates":[[139.67695,35.83023],[139.6733,35.83071]]}},{"type":"Feature","properties":{"idx":545,"road":"新曽小通り","cls":"tertiary","shops":0,"st_km":0.6,"mesh":"53395573"},"geometry":{"type":"LineString","coordinates":[[139.67413,35.81088],[139.67038,35.80904]]}},{"type":"Feature","properties":{"idx":555,"road":NaN,"cls":"tertiary","shops":0,"st_km":0.49,"mesh":"53395582"},"geometry":{"type":"LineString","coordinates":[[139.65649,35.82559],[139.65668,35.82383]]}},{"type":"Feature","properties":{"idx":362,"road":"イオンわくわく通り","cls":"tertiary","shops":1,"st_km":0.49,"mesh":"53395592"},"geometry":{"type":"LineString","coordinates":[[139.65769,35.82559],[139.65468,35.82561]]}},{"type":"Feature","properties":{"idx":171,"road":NaN,"cls":"tertiary","shops":0,"st_km":2.01,"mesh":"53395591"},"geometry":{"type":"LineString","coordinates":[[139.63714,35.8279],[139.63816,35.82818],[139.6396,35.82849]]}},{"type":"Feature","properties":{"idx":273,"road":NaN,"cls":"tertiary","shops":0,"st_km":1.21,"mesh":"53395591"},"geometry":{"type":"LineString","coordinates":[[139.64786,35.82752],[139.64799,35.82697],[139.6481,35.82675],[139.64841,35.82635]]}},{"type":"Feature","properties":{"idx":196,"road":NaN,"cls":"tertiary","shops":0,"st_km":1.26,"mesh":"53395593"},"geometry":{"type":"LineString","coordinates":[[139.67471,35.829],[139.67476,35.82909],[139.67503,35.83047]]}},{"type":"Feature","properties":{"idx":636,"road":"蕨桜町線","cls":"secondary","shops":0,"st_km":0.19,"mesh":"53395595"},"geometry":{"type":"LineString","coordinates":[[139.69083,35.82958],[139.69104,35.8296]]}},{"type":"Feature","properties":{"idx":267,"road":NaN,"cls":"tertiary","shops":0,"st_km":1.42,"mesh":"53395572"},"geometry":{"type":"LineString","coordinates":[[139.65389,35.81309],[139.65418,35.81453],[139.65442,35.81514],[139.65461,35.81609],[139.65462,35.81656]]}},{"type":"Feature","properties":{"idx":329,"road":NaN,"cls":"tertiary","shops":0,"st_km":1.12,"mesh":"53395572"},"geometry":{"type":"LineString","coordinates":[[139.65655,35.81254],[139.65712,35.81428],[139.65792,35.81492],[139.65829,35.81503],[139.65843,35.81514],[139.65891,35.81586],[139.65901,35.81685]]}},{"type":"Feature","properties":{"idx":288,"road":"市道D-429号線","cls":"tertiary","shops":0,"st_km":0.78,"mesh":"53395593"},"geometry":{"type":"LineString","coordinates":[[139.66306,35.83123],[139.66688,35.83506]]}},{"type":"Feature","properties":{"idx":456,"road":NaN,"cls":"tertiary","shops":0,"st_km":0.4,"mesh":"53395595"},"geometry":{"type":"LineString","coordinates":[[139.69476,35.83046],[139.695,35.82895],[139.69462,35.8272],[139.69463,35.82679],[139.6945,35.82623],[139.69445,35.82615],[139.69405,35.82588]]}},{"type":"Feature","properties":{"idx":315,"road":"旧中山道","cls":"primary","shops":0,"st_km":0.93,"mesh":"53395593"},"geometry":{"type":"LineString","coordinates":[[139.67531,35.82824],[139.66981,35.82944],[139.66971,35.82952],[139.66919,35.83069],[139.66865,35.83114]]}},{"type":"Feature","properties":{"idx":479,"road":NaN,"cls":"tertiary","shops":0,"st_km":0.65,"mesh":"53395582"},"geometry":{"type":"LineString","coordinates":[[139.65479,35.82221],[139.65871,35.82237]]}},{"type":"Feature","properties":{"idx":390,"road":NaN,"cls":"tertiary","shops":0,"st_km":0.88,"mesh":"53395582"},"geometry":{"type":"LineString","coordinates":[[139.65222,35.82183],[139.65259,35.822],[139.653,35.82211],[139.65479,35.82221]]}},{"type":"Feature","properties":{"idx":299,"road":"朝霞蕨線 (AsakaWarabi line)","cls":"primary","shops":0,"st_km":0.5,"mesh":"53395592"},"geometry":{"type":"LineString","coordinates":[[139.65623,35.83014],[139.65661,35.82971],[139.65734,35.82903],[139.65761,35.82885],[139.65784,35.82879]]}},{"type":"Feature","properties":{"idx":2487,"road":NaN,"cls":"tertiary","shops":6,"st_km":0.1,"mesh":"53395595"},"geometry":{"type":"LineString","coordinates":[[139.69083,35.82819],[139.69178,35.82874]]}},{"type":"Feature","properties":{"idx":398,"road":NaN,"cls":"tertiary","shops":0,"st_km":0.94,"mesh":"53395573"},"geometry":{"type":"LineString","coordinates":[[139.66277,35.81065],[139.66278,35.81115],[139.6627,35.81184]]}},{"type":"Feature","properties":{"idx":348,"road":"塚越本通り","cls":"tertiary","shops":0,"st_km":0.68,"mesh":"53395595"},"geometry":{"type":"LineString","coordinates":[[139.69759,35.82513],[139.69774,35.82535],[139.69778,35.8256],[139.69766,35.82802]]}},{"type":"Feature","properties":{"idx":937,"road":"蕨桜町線","cls":"secondary","shops":1,"st_km":0.21,"mesh":"53395595"},"geometry":{"type":"LineString","coordinates":[[139.68726,35.82876],[139.6881,35.82917],[139.68845,35.82928],[139.68959,35.82948],[139.69083,35.82958]]}},{"type":"Feature","properties":{"idx":403,"road":NaN,"cls":"tertiary","shops":0,"st_km":0.84,"mesh":"53395582"},"geometry":{"type":"LineString","coordinates":[[139.65205,35.82562],[139.65281,35.82387]]}},{"type":"Feature","properties":{"idx":591,"road":"芝陸橋いちょう通り","cls":"tertiary","shops":2,"st_km":0.94,"mesh":"53395594"},"geometry":{"type":"LineString","coordinates":[[139.68172,35.8318],[139.68208,35.83307],[139.68232,35.83413]]}},{"type":"Feature","properties":{"idx":281,"road":NaN,"cls":"tertiary","shops":0,"st_km":0.34,"mesh":"53395592"},"geometry":{"type":"LineString","coordinates":[[139.65769,35.82559],[139.65775,35.82761],[139.65784,35.82879]]}},{"type":"Feature","properties":{"idx":419,"road":"東中裏通り","cls":"tertiary","shops":0,"st_km":0.49,"mesh":"53395595"},"geometry":{"type":"LineString","coordinates":[[139.69359,35.82739],[139.69775,35.82665]]}},{"type":"Feature","properties":{"idx":251,"road":NaN,"cls":"tertiary","shops":0,"st_km":1.52,"mesh":"53395572"},"geometry":{"type":"LineString","coordinates":[[139.65557,35.81049],[139.65492,35.81058]]}},{"type":"Feature","properties":{"idx":453,"road":NaN,"cls":"tertiary","shops":1,"st_km":0.27,"mesh":"53395592"},"geometry":{"type":"LineString","coordinates":[[139.66251,35.82931],[139.66246,35.82867]]}},{"type":"Feature","properties":{"idx":463,"road":NaN,"cls":"tertiary","shops":0,"st_km":0.69,"mesh":"53395582"},"geometry":{"type":"LineString","coordinates":[[139.65114,35.82306],[139.65281,35.82387],[139.65668,35.82383],[139.65673,35.82229]]}},{"type":"Feature","properties":{"idx":368,"road":NaN,"cls":"tertiary","shops":0,"st_km":1.03,"mesh":"53395573"},"geometry":{"type":"LineString","coordinates":[[139.66295,35.8096],[139.66275,35.81031],[139.66277,35.81065]]}},{"type":"Feature","properties":{"idx":413,"road":NaN,"cls":"tertiary","shops":0,"st_km":0.89,"mesh":"53395573"},"geometry":{"type":"LineString","coordinates":[[139.6681,35.8115],[139.66753,35.80995],[139.66728,35.80791]]}},{"type":"Feature","properties":{"idx":722,"road":"市役所通り","cls":"tertiary","shops":0,"st_km":0.17,"mesh":"53395574"},"geometry":{"type":"LineString","coordinates":[[139.67624,35.80789],[139.67715,35.80907]]}},{"type":"Feature","properties":{"idx":274,"road":NaN,"cls":"tertiary","shops":0,"st_km":1.14,"mesh":"53395566"},"geometry":{"type":"LineString","coordinates":[[139.70622,35.80806],[139.70598,35.80709],[139.7057,35.80649],[139.70551,35.80556],[139.70538,35.80443],[139.70524,35.80379],[139.70459,35.80179]]}},{"type":"Feature","properties":{"idx":565,"road":"西川口陸橋通り","cls":"tertiary","shops":2,"st_km":1.31,"mesh":"53395577"},"geometry":{"type":"LineString","coordinates":[[139.72612,35.81735],[139.72352,35.81614],[139.71829,35.81561],[139.71112,35.81523]]}},{"type":"Feature","properties":{"idx":183,"road":"東部センター通り","cls":"tertiary","shops":0,"st_km":0.86,"mesh":"53395564"},"geometry":{"type":"LineString","coordinates":[[139.68653,35.80353],[139.68646,35.80389]]}},{"type":"Feature","properties":{"idx":126,"road":NaN,"cls":"tertiary","shops":1,"st_km":0.78,"mesh":"53395576"},"geometry":{"type":"LineString","coordinates":[[139.70715,35.80685],[139.70731,35.80779],[139.70778,35.81],[139.70831,35.81116]]}},{"type":"Feature","properties":{"idx":239,"road":NaN,"cls":"tertiary","shops":1,"st_km":0.13,"mesh":"53395576"},"geometry":{"type":"LineString","coordinates":[[139.70334,35.81511],[139.7026,35.81564]]}},{"type":"Feature","properties":{"idx":86,"road":"並木町地下道","cls":"tertiary","shops":0,"st_km":0.75,"mesh":"53395576"},"geometry":{"type":"LineString","coordinates":[[139.71002,35.81016],[139.70911,35.81027]]}},{"type":"Feature","properties":{"idx":541,"road":NaN,"cls":"tertiary","shops":0,"st_km":0.6,"mesh":"53395585"},"geometry":{"type":"LineString","coordinates":[[139.69855,35.81821],[139.69744,35.81579]]}},{"type":"Feature","properties":{"idx":194,"road":NaN,"cls":"tertiary","shops":1,"st_km":1.39,"mesh":"53395565"},"geometry":{"type":"LineString","coordinates":[[139.69669,35.80325],[139.69749,35.80577]]}},{"type":"Feature","properties":{"idx":941,"road":NaN,"cls":"tertiary","shops":0,"st_km":0.57,"mesh":"53395557"},"geometry":{"type":"LineString","coordinates":[[139.71715,35.79725],[139.71564,35.79748],[139.71397,35.79788],[139.7093,35.79885]]}},{"type":"Feature","properties":{"idx":308,"road":NaN,"cls":"tertiary","shops":0,"st_km":0.98,"mesh":"53395566"},"geometry":{"type":"LineString","coordinates":[[139.70062,35.80642],[139.70067,35.80651],[139.70307,35.80741]]}},{"type":"Feature","properties":{"idx":741,"road":"下前公団通り","cls":"tertiary","shops":1,"st_km":0.55,"mesh":"53395574"},"geometry":{"type":"LineString","coordinates":[[139.6837,35.80852],[139.68335,35.81216]]}},{"type":"Feature","properties":{"idx":175,"road":"東部センター通り","cls":"tertiary","shops":0,"st_km":0.91,"mesh":"53395564"},"geometry":{"type":"LineString","coordinates":[[139.68672,35.80265],[139.68654,35.8035]]}},{"type":"Feature","properties":{"idx":558,"road":NaN,"cls":"tertiary","shops":1,"st_km":0.78,"mesh":"53395566"},"geometry":{"type":"LineString","coordinates":[[139.71514,35.79953],[139.71455,35.79973],[139.71018,35.80167],[139.7073,35.80331],[139.70328,35.80424],[139.70252,35.80434],[139.70233,35.80444]]}},{"type":"Feature","properties":{"idx":437,"road":NaN,"cls":"tertiary","shops":0,"st_km":0.6,"mesh":"53395566"},"geometry":{"type":"LineString","coordinates":[[139.71181,35.80235],[139.71041,35.7979]]}},{"type":"Feature","properties":{"idx":96,"road":NaN,"cls":"tertiary","shops":0,"st_km":0.63,"mesh":"53395576"},"geometry":{"type":"LineString","coordinates":[[139.70734,35.81215],[139.70601,35.80812]]}},{"type":"Feature","properties":{"idx":78,"road":NaN,"cls":"tertiary","shops":0,"st_km":0.87,"mesh":"53395576"},"geometry":{"type":"LineString","coordinates":[[139.70848,35.80911],[139.708,35.80762]]}},{"type":"Feature","properties":{"idx":188,"road":NaN,"cls":"tertiary","shops":2,"st_km":0.66,"mesh":"53395576"},"geometry":{"type":"LineString","coordinates":[[139.70511,35.81188],[139.70479,35.80968],[139.70458,35.80887],[139.70458,35.80864],[139.70471,35.80847],[139.70484,35.80842],[139.70601,35.80812]]}},{"type":"Feature","properties":{"idx":207,"road":NaN,"cls":"tertiary","shops":1,"st_km":1.28,"mesh":"53395565"},"geometry":{"type":"LineString","coordinates":[[139.69251,35.80698],[139.69233,35.80709]]}},{"type":"Feature","properties":{"idx":2216,"road":"市役所南通り","cls":"tertiary","shops":7,"st_km":0.53,"mesh":"53395574"},"geometry":{"type":"LineString","coordinates":[[139.6732,35.81605],[139.67718,35.81625]]}},{"type":"Feature","properties":{"idx":135,"road":"喜沢中通り","cls":"tertiary","shops":0,"st_km":1.28,"mesh":"53395565"},"geometry":{"type":"LineString","coordinates":[[139.69238,35.80363],[139.69205,35.802]]}},{"type":"Feature","properties":{"idx":81,"road":NaN,"cls":"tertiary","shops":0,"st_km":0.82,"mesh":"53395576"},"geometry":{"type":"LineString","coordinates":[[139.71116,35.81015],[139.71051,35.81013],[139.71002,35.81016]]}},{"type":"Feature","properties":{"idx":441,"road":"戸一小北通り","cls":"tertiary","shops":0,"st_km":0.67,"mesh":"53395574"},"geometry":{"type":"LineString","coordinates":[[139.67415,35.81329],[139.67545,35.81336],[139.67766,35.81383],[139.67937,35.81407]]}},{"type":"Feature","properties":{"idx":489,"road":NaN,"cls":"tertiary","shops":0,"st_km":0.71,"mesh":"53395585"},"geometry":{"type":"LineString","coordinates":[[139.69765,35.8188],[139.69741,35.81856],[139.69628,35.81614]]}},{"type":"Feature","properties":{"idx":101,"road":"仁志町領家町線","cls":"tertiary","shops":0,"st_km":0.58,"mesh":"53395576"},"geometry":{"type":"LineString","coordinates":[[139.70911,35.81027],[139.70538,35.81121],[139.70504,35.81125]]}},{"type":"Feature","properties":{"idx":1761,"road":"環状線通り","cls":"tertiary","shops":0,"st_km":0.94,"mesh":"53395556"},"geometry":{"type":"LineString","coordinates":[[139.71708,35.79652],[139.71333,35.79691],[139.70565,35.79946],[139.70528,35.79964],[139.70374,35.80069],[139.70326,35.80116],[139.70302,35.80149],[139.70266,35.80218],[139.70242,35.80297],[139.70233,35.80444]]}},{"type":"Feature","properties":{"idx":412,"road":NaN,"cls":"tertiary","shops":3,"st_km":0.1,"mesh":"53395576"},"geometry":{"type":"LineString","coordinates":[[139.70395,35.81462],[139.70399,35.81463],[139.70334,35.81511]]}},{"type":"Feature","properties":{"idx":252,"road":NaN,"cls":"tertiary","shops":0,"st_km":1.24,"mesh":"53395566"},"geometry":{"type":"LineString","coordinates":[[139.70305,35.80291],[139.7038,35.80586]]}},{"type":"Feature","properties":{"idx":501,"road":"中央浄水場通り","cls":"tertiary","shops":0,"st_km":0.68,"mesh":"53395585"},"geometry":{"type":"LineString","coordinates":[[139.68647,35.82418],[139.68735,35.82326],[139.68933,35.82093],[139.69017,35.82009],[139.69028,35.82001],[139.69055,35.81999]]}},{"type":"Feature","properties":{"idx":671,"road":NaN,"cls":"tertiary","shops":2,"st_km":0.9,"mesh":"53395566"},"geometry":{"type":"LineString","coordinates":[[139.70783,35.80328],[139.70884,35.80655]]}},{"type":"Feature","properties":{"idx":95,"road":NaN,"cls":"tertiary","shops":0,"st_km":0.65,"mesh":"53395576"},"geometry":{"type":"LineString","coordinates":[[139.70065,35.81038],[139.70237,35.81041],[139.70309,35.81033],[139.70482,35.80988],[139.70592,35.80969],[139.71024,35.80872]]}},{"type":"Feature","properties":{"idx":126,"road":NaN,"cls":"tertiary","shops":0,"st_km":1.39,"mesh":"53395565"},"geometry":{"type":"LineString","coordinates":[[139.69657,35.80285],[139.69669,35.80325]]}},{"type":"Feature","properties":{"idx":156,"road":"こぶし公園通り","cls":"tertiary","shops":0,"st_km":1.06,"mesh":"53395575"},"geometry":{"type":"LineString","coordinates":[[139.69094,35.81066],[139.69006,35.80962],[139.68957,35.80829],[139.68946,35.80774]]}},{"type":"Feature","properties":{"idx":131,"road":"喜沢中通り","cls":"tertiary","shops":0,"st_km":1.34,"mesh":"53395565"},"geometry":{"type":"LineString","coordinates":[[139.69247,35.80402],[139.69238,35.80363]]}},{"type":"Feature","properties":{"idx":331,"road":"電話局通り","cls":"tertiary","shops":0,"st_km":0.24,"mesh":"53395564"},"geometry":{"type":"LineString","coordinates":[[139.68303,35.80847],[139.68068,35.80822],[139.68024,35.8083],[139.67892,35.80877]]}},{"type":"Feature","properties":{"idx":369,"road":NaN,"cls":"tertiary","shops":1,"st_km":0.46,"mesh":"53395567"},"geometry":{"type":"LineString","coordinates":[[139.71366,35.80373],[139.71268,35.80062],[139.7126,35.80054],[139.71255,35.80014],[139.71172,35.79747]]}},{"type":"Feature","properties":{"idx":376,"road":"戸二小通り","cls":"tertiary","shops":2,"st_km":0.88,"mesh":"53395565"},"geometry":{"type":"LineString","coordinates":[[139.68619,35.80513],[139.68781,35.80535],[139.68857,35.80537],[139.68904,35.80533]]}},{"type":"Feature","properties":{"idx":265,"road":NaN,"cls":"tertiary","shops":0,"st_km":0.38,"mesh":"53395567"},"geometry":{"type":"LineString","coordinates":[[139.71465,35.80394],[139.71425,35.80454]]}},{"type":"Feature","properties":{"idx":343,"road":"東中通り","cls":"tertiary","shops":0,"st_km":0.95,"mesh":"53395574"},"geometry":{"type":"LineString","coordinates":[[139.68209,35.81541],[139.68309,35.81548],[139.68396,35.81547]]}},{"type":"Feature","properties":{"idx":396,"road":"妙仙寺・浮間通り","cls":"tertiary","shops":0,"st_km":0.71,"mesh":"53395566"},"geometry":{"type":"LineString","coordinates":[[139.70913,35.79833],[139.71048,35.80262]]}},{"type":"Feature","properties":{"idx":120,"road":"三和中央通り","cls":"tertiary","shops":0,"st_km":0.4,"mesh":"53395576"},"geometry":{"type":"LineString","coordinates":[[139.7004,35.8161],[139.69968,35.81641]]}},{"type":"Feature","properties":{"idx":848,"road":"市役所通り","cls":"tertiary","shops":2,"st_km":0.71,"mesh":"53395574"},"geometry":{"type":"LineString","coordinates":[[139.67718,35.81625],[139.67766,35.81383],[139.67775,35.81262],[139.67795,35.81205]]}},{"type":"Feature","properties":{"idx":80,"road":NaN,"cls":"tertiary","shops":0,"st_km":0.83,"mesh":"53395576"},"geometry":{"type":"LineString","coordinates":[[139.69904,35.8084],[139.69958,35.80843],[139.70068,35.80862],[139.70232,35.80912]]}},{"type":"Feature","properties":{"idx":244,"road":NaN,"cls":"tertiary","shops":0,"st_km":1.3,"mesh":"53395566"},"geometry":{"type":"LineString","coordinates":[[139.7061,35.8023],[139.70027,35.80348]]}},{"type":"Feature","properties":{"idx":304,"road":NaN,"cls":"tertiary","shops":0,"st_km":1.01,"mesh":"53395566"},"geometry":{"type":"LineString","coordinates":[[139.70586,35.80153],[139.70648,35.80351],[139.70683,35.80532]]}},{"type":"Feature","properties":{"idx":135,"road":NaN,"cls":"tertiary","shops":0,"st_km":1.28,"mesh":"53395565"},"geometry":{"type":"LineString","coordinates":[[139.69612,35.80141],[139.69657,35.80285]]}},{"type":"Feature","properties":{"idx":332,"road":NaN,"cls":"tertiary","shops":0,"st_km":0.42,"mesh":"53395558"},"geometry":{"type":"LineString","coordinates":[[139.72928,35.79659],[139.73104,35.79606]]}},{"type":"Feature","properties":{"idx":294,"road":"オートレース通り","cls":"tertiary","shops":0,"st_km":1.16,"mesh":"53395577"},"geometry":{"type":"LineString","coordinates":[[139.72408,35.8146],[139.7256,35.80741]]}},{"type":"Feature","properties":{"idx":307,"road":NaN,"cls":"tertiary","shops":0,"st_km":0.63,"mesh":"53395568"},"geometry":{"type":"LineString","coordinates":[[139.72979,35.8036],[139.7299,35.80615],[139.7293,35.80782]]}},{"type":"Feature","properties":{"idx":182,"road":NaN,"cls":"tertiary","shops":0,"st_km":1.55,"mesh":"53395587"},"geometry":{"type":"LineString","coordinates":[[139.71805,35.82196],[139.72105,35.822]]}},{"type":"Feature","properties":{"idx":284,"road":NaN,"cls":"tertiary","shops":0,"st_km":1.21,"mesh":"53395577"},"geometry":{"type":"LineString","coordinates":[[139.72389,35.81114],[139.72365,35.81236]]}},{"type":"Feature","properties":{"idx":457,"road":NaN,"cls":"tertiary","shops":0,"st_km":0.22,"mesh":"53395568"},"geometry":{"type":"LineString","coordinates":[[139.73016,35.80209],[139.7305,35.80199]]}},{"type":"Feature","properties":{"idx":358,"road":NaN,"cls":"tertiary","shops":0,"st_km":0.34,"mesh":"53395558"},"geometry":{"type":"LineString","coordinates":[[139.73104,35.79606],[139.73114,35.79627],[139.73114,35.79639],[139.73097,35.79668],[139.73091,35.79694],[139.73092,35.79765],[139.73102,35.79789],[139.73102,35.7982]]}},{"type":"Feature","properties":{"idx":196,"road":NaN,"cls":"tertiary","shops":1,"st_km":0.32,"mesh":"53395576"},"geometry":{"type":"LineString","coordinates":[[139.70748,35.81334],[139.70772,35.81379],[139.70782,35.81467],[139.70798,35.81705],[139.70798,35.8171],[139.70743,35.81761]]}},{"type":"Feature","properties":{"idx":327,"road":NaN,"cls":"tertiary","shops":0,"st_km":0.56,"mesh":"53395568"},"geometry":{"type":"LineString","coordinates":[[139.73152,35.80168],[139.73501,35.80137],[139.7355,35.80123],[139.73901,35.79992],[139.7403,35.79957]]}},{"type":"Feature","properties":{"idx":283,"road":NaN,"cls":"tertiary","shops":0,"st_km":1.1,"mesh":"53395566"},"geometry":{"type":"LineString","coordinates":[[139.70483,35.79993],[139.70575,35.80121],[139.70586,35.80153]]}},{"type":"Feature","properties":{"idx":189,"road":NaN,"cls":"tertiary","shops":0,"st_km":2.01,"mesh":"53395597"},"geometry":{"type":"LineString","coordinates":[[139.71411,35.83801],[139.71378,35.83569],[139.71411,35.83176],[139.71376,35.82951],[139.71372,35.82699]]}},{"type":"Feature","properties":{"idx":364,"road":"仁志町領家町線","cls":"tertiary","shops":0,"st_km":0.98,"mesh":"53395577"},"geometry":{"type":"LineString","coordinates":[[139.7148,35.81023],[139.71116,35.81015]]}},{"type":"Feature","properties":{"idx":219,"road":NaN,"cls":"tertiary","shops":0,"st_km":1.19,"mesh":"53395587"},"geometry":{"type":"LineString","coordinates":[[139.72617,35.82162],[139.72518,35.82175],[139.72377,35.82158]]}},{"type":"Feature","properties":{"idx":237,"road":NaN,"cls":"tertiary","shops":1,"st_km":0.84,"mesh":"53395567"},"geometry":{"type":"LineString","coordinates":[[139.7247,35.80728],[139.72506,35.80566]]}},{"type":"Feature","properties":{"idx":255,"road":NaN,"cls":"tertiary","shops":0,"st_km":1.24,"mesh":"53395566"},"geometry":{"type":"LineString","coordinates":[[139.70345,35.80096],[139.70417,35.80188]]}},{"type":"Feature","properties":{"idx":618,"road":NaN,"cls":"tertiary","shops":1,"st_km":1.34,"mesh":"53395569"},"geometry":{"type":"LineString","coordinates":[[139.74838,35.80692],[139.74331,35.80364],[139.73958,35.80115]]}},{"type":"Feature","properties":{"idx":255,"road":"領家中央通り","cls":"tertiary","shops":0,"st_km":1.63,"mesh":"53395559"},"geometry":{"type":"LineString","coordinates":[[139.74537,35.79456],[139.74765,35.79603],[139.7488,35.79724]]}},{"type":"Feature","properties":{"idx":1067,"road":NaN,"cls":"tertiary","shops":0,"st_km":0.44,"mesh":"53395557"},"geometry":{"type":"LineString","coordinates":[[139.72031,35.79934],[139.72153,35.79964],[139.72263,35.79954],[139.72281,35.79962]]}},{"type":"Feature","properties":{"idx":413,"road":NaN,"cls":"tertiary","shops":1,"st_km":0.75,"mesh":"53395568"},"geometry":{"type":"LineString","coordinates":[[139.72635,35.80409],[139.72685,35.80616],[139.72685,35.80634],[139.72637,35.80862]]}},{"type":"Feature","properties":{"idx":98,"road":NaN,"cls":"tertiary","shops":0,"st_km":0.61,"mesh":"53395576"},"geometry":{"type":"LineString","coordinates":[[139.71314,35.81076],[139.71118,35.81179],[139.70675,35.81364],[139.70654,35.81365]]}},{"type":"Feature","properties":{"idx":709,"road":NaN,"cls":"tertiary","shops":2,"st_km":1.01,"mesh":"53395577"},"geometry":{"type":"LineString","coordinates":[[139.71333,35.81637],[139.71444,35.81541],[139.71779,35.81316]]}},{"type":"Feature","properties":{"idx":1298,"road":"六間通り","cls":"tertiary","shops":3,"st_km":0.1,"mesh":"53395568"},"geometry":{"type":"LineString","coordinates":[[139.73046,35.80069],[139.7296,35.80122]]}},{"type":"Feature","properties":{"idx":273,"road":"中央道路","cls":"secondary","shops":0,"st_km":0.47,"mesh":"53395567"},"geometry":{"type":"LineString","coordinates":[[139.72281,35.79962],[139.72287,35.7999],[139.72229,35.80258]]}},{"type":"Feature","properties":{"idx":374,"road":NaN,"cls":"tertiary","shops":0,"st_km":0.94,"mesh":"53395578"},"geometry":{"type":"LineString","coordinates":[[139.72751,35.81164],[139.72713,35.81246],[139.72608,35.81421],[139.72429,35.81649],[139.72362,35.81721]]}},{"type":"Feature","properties":{"idx":401,"road":NaN,"cls":"tertiary","shops":0,"st_km":0.88,"mesh":"53395577"},"geometry":{"type":"LineString","coordinates":[[139.71926,35.80852],[139.71901,35.80951],[139.71851,35.81075]]}},{"type":"Feature","properties":{"idx":438,"road":NaN,"cls":"tertiary","shops":0,"st_km":0.26,"mesh":"53395568"},"geometry":{"type":"LineString","coordinates":[[139.7286,35.80259],[139.72993,35.80217]]}},{"type":"Feature","properties":{"idx":253,"road":NaN,"cls":"tertiary","shops":0,"st_km":0.71,"mesh":"53395558"},"geometry":{"type":"LineString","coordinates":[[139.72618,35.79397],[139.72644,35.79408],[139.72712,35.79468]]}},{"type":"Feature","properties":{"idx":645,"road":"吉祥寺通り","cls":"tertiary","shops":1,"st_km":1.28,"mesh":"53395569"},"geometry":{"type":"LineString","coordinates":[[139.74549,35.79963],[139.74541,35.80146],[139.74533,35.80162],[139.74006,35.80691]]}},{"type":"Feature","properties":{"idx":318,"road":NaN,"cls":"tertiary","shops":0,"st_km":1.67,"mesh":"53395549"},"geometry":{"type":"LineString","coordinates":[[139.74784,35.78535],[139.74858,35.78613],[139.74869,35.78635]]}},{"type":"Feature","properties":{"idx":506,"road":NaN,"cls":"tertiary","shops":1,"st_km":0.53,"mesh":"53395568"},"geometry":{"type":"LineString","coordinates":[[139.73185,35.80461],[139.73147,35.80466]]}},{"type":"Feature","properties":{"idx":586,"road":NaN,"cls":"tertiary","shops":5,"st_km":0.08,"mesh":"53395576"},"geometry":{"type":"LineString","coordinates":[[139.70502,35.81559],[139.70552,35.81544]]}},{"type":"Feature","properties":{"idx":408,"road":NaN,"cls":"tertiary","shops":1,"st_km":0.99,"mesh":"53395587"},"geometry":{"type":"LineString","coordinates":[[139.70953,35.82061],[139.71561,35.82145],[139.71596,35.82165],[139.71617,35.82193]]}},{"type":"Feature","properties":{"idx":333,"road":"オートレース通り","cls":"tertiary","shops":1,"st_km":0.47,"mesh":"53395567"},"geometry":{"type":"LineString","coordinates":[[139.72514,35.80211],[139.72495,35.80144],[139.72478,35.80038],[139.72443,35.79897],[139.72419,35.79874]]}},{"type":"Feature","properties":{"idx":310,"road":NaN,"cls":"tertiary","shops":0,"st_km":0.99,"mesh":"53395566"},"geometry":{"type":"LineString","coordinates":[[139.6999,35.80275],[139.71323,35.79999]]}},{"type":"Feature","properties":{"idx":256,"road":NaN,"cls":"tertiary","shops":0,"st_km":0.69,"mesh":"53395558"},"geometry":{"type":"LineString","coordinates":[[139.72642,35.79423],[139.72658,35.79428],[139.72684,35.7945],[139.72698,35.79468]]}},{"type":"Feature","properties":{"idx":283,"road":NaN,"cls":"tertiary","shops":0,"st_km":1.32,"mesh":"53395577"},"geometry":{"type":"LineString","coordinates":[[139.71972,35.81575],[139.72061,35.81148],[139.7206,35.81128]]}},{"type":"Feature","properties":{"idx":265,"road":NaN,"cls":"tertiary","shops":0,"st_km":1.17,"mesh":"53395566"},"geometry":{"type":"LineString","coordinates":[[139.70233,35.80444],[139.70189,35.80482],[139.70082,35.80546],[139.69977,35.80618]]}},{"type":"Feature","properties":{"idx":324,"road":NaN,"cls":"tertiary","shops":0,"st_km":0.94,"mesh":"53395566"},"geometry":{"type":"LineString","coordinates":[[139.70776,35.80306],[139.70654,35.79917]]}},{"type":"Feature","properties":{"idx":303,"road":"防火道路","cls":"tertiary","shops":0,"st_km":0.64,"mesh":"53395568"},"geometry":{"type":"LineString","coordinates":[[139.73553,35.79881],[139.73602,35.79907],[139.73662,35.79964],[139.73753,35.80107],[139.73874,35.80186]]}},{"type":"Feature","properties":{"idx":338,"road":NaN,"cls":"tertiary","shops":0,"st_km":1.08,"mesh":"53395577"},"geometry":{"type":"LineString","coordinates":[[139.71627,35.81345],[139.71681,35.8109],[139.71695,35.81077],[139.71815,35.81076],[139.7182,35.81066]]}},{"type":"Feature","properties":{"idx":290,"road":NaN,"cls":"tertiary","shops":0,"st_km":1.18,"mesh":"53395577"},"geometry":{"type":"LineString","coordinates":[[139.72365,35.81236],[139.72303,35.81526]]}},{"type":"Feature","properties":{"idx":594,"road":NaN,"cls":"tertiary","shops":2,"st_km":1.38,"mesh":"53395559"},"geometry":{"type":"LineString","coordinates":[[139.74549,35.79963],[139.74555,35.79839],[139.74552,35.79815],[139.74312,35.7961]]}},{"type":"Feature","properties":{"idx":195,"road":NaN,"cls":"tertiary","shops":0,"st_km":0.7,"mesh":"53395567"},"geometry":{"type":"LineString","coordinates":[[139.72471,35.80572],[139.72413,35.80334]]}},{"type":"Feature","properties":{"idx":416,"road":NaN,"cls":"tertiary","shops":4,"st_km":0.26,"mesh":"53395576"},"geometry":{"type":"LineString","coordinates":[[139.70257,35.8147],[139.7004,35.8161]]}},{"type":"Feature","properties":{"idx":248,"road":NaN,"cls":"tertiary","shops":0,"st_km":0.73,"mesh":"53395558"},"geometry":{"type":"LineString","coordinates":[[139.73921,35.79554],[139.73837,35.79532],[139.73599,35.79514],[139.73544,35.79498],[139.73464,35.79499],[139.73326,35.79512],[139.73089,35.7949]]}},{"type":"Feature","properties":{"idx":255,"road":NaN,"cls":"tertiary","shops":0,"st_km":1.37,"mesh":"53395577"},"geometry":{"type":"LineString","coordinates":[[139.72073,35.81586],[139.72152,35.81206]]}},{"type":"Feature","properties":{"idx":315,"road":NaN,"cls":"tertiary","shops":0,"st_km":1.16,"mesh":"53395577"},"geometry":{"type":"LineString","coordinates":[[139.71696,35.81704],[139.71745,35.81449]]}},{"type":"Feature","properties":{"idx":328,"road":NaN,"cls":"tertiary","shops":0,"st_km":0.92,"mesh":"53395566"},"geometry":{"type":"LineString","coordinates":[[139.70721,35.79895],[139.70787,35.80111]]}},{"type":"Feature","properties":{"idx":222,"road":"カリン通り","cls":"tertiary","shops":0,"st_km":0.67,"mesh":"53395575"},"geometry":{"type":"LineString","coordinates":[[139.69852,35.81365],[139.69842,35.81379],[139.69561,35.81466]]}},{"type":"Feature","properties":{"idx":872,"road":"南平交通公園通り","cls":"tertiary","shops":2,"st_km":1.26,"mesh":"53395569"},"geometry":{"type":"LineString","coordinates":[[139.7409,35.80001],[139.74645,35.80387]]}},{"type":"Feature","properties":{"idx":252,"road":NaN,"cls":"tertiary","shops":1,"st_km":0.86,"mesh":"53395567"},"geometry":{"type":"LineString","coordinates":[[139.7237,35.80453],[139.72403,35.80584],[139.72295,35.81101]]}},{"type":"Feature","properties":{"idx":894,"road":"環状線通り","cls":"tertiary","shops":0,"st_km":0.62,"mesh":"53395557"},"geometry":{"type":"LineString","coordinates":[[139.71708,35.79652],[139.71908,35.79632],[139.72283,35.79746],[139.72324,35.79753]]}},{"type":"Feature","properties":{"idx":314,"road":NaN,"cls":"tertiary","shops":0,"st_km":1.18,"mesh":"53395577"},"geometry":{"type":"LineString","coordinates":[[139.71545,35.81215],[139.71984,35.81276]]}},{"type":"Feature","properties":{"idx":739,"road":NaN,"cls":"tertiary","shops":2,"st_km":0.96,"mesh":"53395577"},"geometry":{"type":"LineString","coordinates":[[139.71218,35.81626],[139.71471,35.81652],[139.71519,35.81672],[139.71702,35.81706],[139.71755,35.81727]]}},{"type":"Feature","properties":{"idx":1370,"road":NaN,"cls":"tertiary","shops":6,"st_km":0.13,"mesh":"53395567"},"geometry":{"type":"LineString","coordinates":[[139.71898,35.80204],[139.71896,35.80192]]}},{"type":"Feature","properties":{"idx":109,"road":NaN,"cls":"tertiary","shops":0,"st_km":0.5,"mesh":"53395576"},"geometry":{"type":"LineString","coordinates":[[139.70167,35.80688],[139.70112,35.80875],[139.70071,35.80992],[139.70059,35.81095],[139.70068,35.81202],[139.70045,35.81299],[139.70048,35.81342],[139.70104,35.81567],[139.70162,35.81628],[139.7026,35.81703]]}},{"type":"Feature","properties":{"idx":459,"road":NaN,"cls":"tertiary","shops":0,"st_km":0.22,"mesh":"53395568"},"geometry":{"type":"LineString","coordinates":[[139.7305,35.80199],[139.73144,35.80171]]}},{"type":"Feature","properties":{"idx":242,"road":NaN,"cls":"tertiary","shops":0,"st_km":1.73,"mesh":"53395559"},"geometry":{"type":"LineString","coordinates":[[139.74423,35.7987],[139.74765,35.79603],[139.74811,35.79574],[139.75095,35.79444],[139.75281,35.79296]]}},{"type":"Feature","properties":{"idx":372,"road":NaN,"cls":"tertiary","shops":0,"st_km":0.97,"mesh":"53395577"},"geometry":{"type":"LineString","coordinates":[[139.71714,35.81078],[139.71722,35.81028]]}},{"type":"Feature","properties":{"idx":698,"road":NaN,"cls":"tertiary","shops":6,"st_km":0.04,"mesh":"53395576"},"geometry":{"type":"LineString","coordinates":[[139.70502,35.81559],[139.70487,35.8156],[139.70468,35.81578],[139.70469,35.81585]]}},{"type":"Feature","properties":{"idx":398,"road":NaN,"cls":"tertiary","shops":0,"st_km":0.24,"mesh":"53395579"},"geometry":{"type":"LineString","coordinates":[[139.73384,35.8157],[139.73649,35.81531],[139.73792,35.81481],[139.73819,35.81462],[139.73912,35.81383],[139.73929,35.81358],[139.73946,35.8132],[139.73949,35.81285],[139.73942,35.81254],[139.73923,35.81217],[139.73879,35.81151]]}},{"type":"Feature","properties":{"idx":264,"road":NaN,"cls":"tertiary","shops":0,"st_km":1.03,"mesh":"53395587"},"geometry":{"type":"LineString","coordinates":[[139.7161,35.81431],[139.71559,35.81675],[139.71557,35.81798],[139.71533,35.82016]]}},{"type":"Feature","properties":{"idx":339,"road":NaN,"cls":"tertiary","shops":0,"st_km":1.08,"mesh":"53395577"},"geometry":{"type":"LineString","coordinates":[[139.71553,35.80959],[139.71545,35.81215],[139.71522,35.81321]]}},{"type":"Feature","properties":{"idx":562,"road":NaN,"cls":"tertiary","shops":2,"st_km":0.59,"mesh":"53395558"},"geometry":{"type":"LineString","coordinates":[[139.73062,35.79483],[139.73022,35.79475],[139.72842,35.79475]]}},{"type":"Feature","properties":{"idx":358,"road":NaN,"cls":"tertiary","shops":0,"st_km":0.82,"mesh":"53395566"},"geometry":{"type":"LineString","coordinates":[[139.70783,35.79875],[139.70869,35.80149],[139.70883,35.80171],[139.70919,35.80288]]}},{"type":"Feature","properties":{"idx":402,"road":NaN,"cls":"tertiary","shops":0,"st_km":0.93,"mesh":"53395585"},"geometry":{"type":"LineString","coordinates":[[139.69411,35.81693],[139.69458,35.81798]]}},{"type":"Feature","properties":{"idx":1028,"road":NaN,"cls":"tertiary","shops":2,"st_km":0.28,"mesh":"53395595"},"geometry":{"type":"LineString","coordinates":[[139.69071,35.82472],[139.69273,35.82524],[139.6912,35.82645],[139.68943,35.82601]]}},{"type":"Feature","properties":{"idx":481,"road":"西仲通り","cls":"tertiary","shops":0,"st_km":0.73,"mesh":"53395585"},"geometry":{"type":"LineString","coordinates":[[139.69247,35.82205],[139.69134,35.82131],[139.69078,35.82075]]}},{"type":"Feature","properties":{"idx":493,"road":NaN,"cls":"tertiary","shops":0,"st_km":0.98,"mesh":"53395584"},"geometry":{"type":"LineString","coordinates":[[139.68182,35.81739],[139.68161,35.8175],[139.67906,35.81952]]}},{"type":"Feature","properties":{"idx":1211,"road":"市役所通り","cls":"tertiary","shops":2,"st_km":0.74,"mesh":"53395584"},"geometry":{"type":"LineString","coordinates":[[139.6772,35.8206],[139.67719,35.81962]]}},{"type":"Feature","properties":{"idx":558,"road":"都市計画道路　中央小学校前通り線","cls":"tertiary","shops":0,"st_km":0.88,"mesh":"53395584"},"geometry":{"type":"LineString","coordinates":[[139.68118,35.82191],[139.68214,35.82233],[139.68251,35.82243],[139.68297,35.82247],[139.68411,35.82221],[139.68582,35.82159]]}},{"type":"Feature","properties":{"idx":998,"road":"桜橋通り","cls":"tertiary","shops":2,"st_km":0.37,"mesh":"53395594"},"geometry":{"type":"LineString","coordinates":[[139.68694,35.82861],[139.68688,35.82851],[139.68667,35.82755],[139.68662,35.8268],[139.68585,35.82484]]}},{"type":"Feature","properties":{"idx":294,"road":"北小通り","cls":"tertiary","shops":0,"st_km":0.95,"mesh":"53395594"},"geometry":{"type":"LineString","coordinates":[[139.68042,35.82959],[139.67971,35.82878]]}},{"type":"Feature","properties":{"idx":718,"road":NaN,"cls":"tertiary","shops":0,"st_km":0.56,"mesh":"53395584"},"geometry":{"type":"LineString","coordinates":[[139.67431,35.81768],[139.67719,35.81791]]}},{"type":"Feature","properties":{"idx":1841,"road":NaN,"cls":"tertiary","shops":0,"st_km":0.02,"mesh":"53395583"},"geometry":{"type":"LineString","coordinates":[[139.67054,35.81619],[139.67057,35.81645],[139.66891,35.81928]]}},{"type":"Feature","properties":{"idx":818,"road":NaN,"cls":"tertiary","shops":0,"st_km":0.86,"mesh":"53395583"},"geometry":{"type":"LineString","coordinates":[[139.67369,35.82314],[139.67376,35.82324],[139.67403,35.82584]]}},{"type":"Feature","properties":{"idx":760,"road":NaN,"cls":"tertiary","shops":1,"st_km":0.95,"mesh":"53395584"},"geometry":{"type":"LineString","coordinates":[[139.68161,35.81888],[139.68141,35.819],[139.68026,35.82024],[139.67521,35.82575]]}},{"type":"Feature","properties":{"idx":999,"road":NaN,"cls":"tertiary","shops":0,"st_km":0.63,"mesh":"53395583"},"geometry":{"type":"LineString","coordinates":[[139.67314,35.82359],[139.67287,35.82336],[139.67191,35.82341],[139.66921,35.82342],[139.66883,35.82326],[139.66741,35.82531],[139.66466,35.82843],[139.6643,35.82878]]}},{"type":"Feature","properties":{"idx":865,"road":"わらびりんご通り","cls":"tertiary","shops":0,"st_km":0.79,"mesh":"53395583"},"geometry":{"type":"LineString","coordinates":[[139.674,35.82289],[139.67061,35.82562],[139.67019,35.82603]]}},{"type":"Feature","properties":{"idx":603,"road":NaN,"cls":"tertiary","shops":2,"st_km":1.21,"mesh":"53395582"},"geometry":{"type":"LineString","coordinates":[[139.64823,35.81978],[139.65222,35.82183]]}},{"type":"Feature","properties":{"idx":445,"road":NaN,"cls":"tertiary","shops":0,"st_km":1.13,"mesh":"53395584"},"geometry":{"type":"LineString","coordinates":[[139.68292,35.81738],[139.68363,35.81717],[139.68416,35.81674],[139.68419,35.81594]]}},{"type":"Feature","properties":{"idx":529,"road":NaN,"cls":"tertiary","shops":2,"st_km":0.58,"mesh":"53395586"},"geometry":{"type":"LineString","coordinates":[[139.7033,35.82029],[139.70334,35.82106]]}},{"type":"Feature","properties":{"idx":225,"road":NaN,"cls":"tertiary","shops":0,"st_km":1.72,"mesh":"53395597"},"geometry":{"type":"LineString","coordinates":[[139.71741,35.82918],[139.71544,35.82886],[139.70918,35.82998]]}},{"type":"Feature","properties":{"idx":370,"road":NaN,"cls":"tertiary","shops":1,"st_km":1.56,"mesh":"53395597"},"geometry":{"type":"LineString","coordinates":[[139.71542,35.82619],[139.71542,35.82639]]}},{"type":"Feature","properties":{"idx":319,"road":NaN,"cls":"tertiary","shops":0,"st_km":0.77,"mesh":"53395595"},"geometry":{"type":"LineString","coordinates":[[139.69899,35.82785],[139.69902,35.8279],[139.69859,35.83089]]}},{"type":"Feature","properties":{"idx":254,"road":NaN,"cls":"tertiary","shops":0,"st_km":1.42,"mesh":"53395596"},"geometry":{"type":"LineString","coordinates":[[139.70602,35.83341],[139.70337,35.83317]]}},{"type":"Feature","properties":{"idx":218,"road":NaN,"cls":"tertiary","shops":0,"st_km":1.67,"mesh":"53395596"},"geometry":{"type":"LineString","coordinates":[[139.71092,35.83093],[139.70708,35.83062],[139.70619,35.83058]]}},{"type":"Feature","properties":{"idx":180,"road":NaN,"cls":"tertiary","shops":0,"st_km":1.14,"mesh":"53395579"},"geometry":{"type":"LineString","coordinates":[[139.74727,35.8135],[139.74854,35.81383],[139.74885,35.81395],[139.74936,35.81425]]}},{"type":"Feature","properties":{"idx":297,"road":"東京鳩ヶ谷線","cls":"secondary","shops":0,"st_km":0.79,"mesh":"53395589"},"geometry":{"type":"LineString","coordinates":[[139.74589,35.81931],[139.74416,35.81987],[139.74228,35.82092],[139.7398,35.82211]]}},{"type":"Feature","properties":{"idx":395,"road":NaN,"cls":"tertiary","shops":0,"st_km":0.25,"mesh":"53395579"},"geometry":{"type":"LineString","coordinates":[[139.73638,35.81219],[139.73673,35.81344],[139.73678,35.81351],[139.74087,35.81679]]}},{"type":"Feature","properties":{"idx":318,"road":NaN,"cls":"tertiary","shops":0,"st_km":0.58,"mesh":"53395589"},"geometry":{"type":"LineString","coordinates":[[139.73817,35.8209],[139.73881,35.82082],[139.74011,35.82027]]}},{"type":"Feature","properties":{"idx":611,"road":NaN,"cls":"tertiary","shops":1,"st_km":1.34,"mesh":"53395569"},"geometry":{"type":"LineString","coordinates":[[139.74946,35.80579],[139.74511,35.81041]]}},{"type":"Feature","properties":{"idx":486,"road":NaN,"cls":"tertiary","shops":0,"st_km":0.64,"mesh":"53395578"},"geometry":{"type":"LineString","coordinates":[[139.74053,35.80814],[139.73924,35.80971],[139.7384,35.81027],[139.73795,35.8104],[139.7348,35.81108],[139.73423,35.81116],[139.73352,35.81117]]}},{"type":"Feature","properties":{"idx":689,"road":NaN,"cls":"tertiary","shops":1,"st_km":0.8,"mesh":"53395559"},"geometry":{"type":"LineString","coordinates":[[139.73684,35.79696],[139.7403,35.79957]]}},{"type":"Feature","properties":{"idx":240,"road":NaN,"cls":"tertiary","shops":0,"st_km":0.9,"mesh":"53395589"},"geometry":{"type":"LineString","coordinates":[[139.74902,35.82054],[139.74794,35.81992],[139.74663,35.81935],[139.74574,35.8188],[139.7453,35.81841],[139.74421,35.81716],[139.74267,35.81613]]}},{"type":"Feature","properties":{"idx":207,"road":NaN,"cls":"tertiary","shops":0,"st_km":0.96,"mesh":"53395579"},"geometry":{"type":"LineString","coordinates":[[139.74766,35.81252],[139.747,35.81416],[139.74694,35.81462],[139.74684,35.81486],[139.74673,35.81499],[139.74679,35.81509],[139.7466,35.81558],[139.74652,35.81601],[139.74674,35.81693],[139.74668,35.81755],[139.74655,35.81801],[139.74621,35.81849]]}},{"type":"Feature","properties":{"idx":179,"road":NaN,"cls":"tertiary","shops":0,"st_km":1.14,"mesh":"53395579"},"geometry":{"type":"LineString","coordinates":[[139.748,35.81511],[139.74897,35.81285]]}},{"type":"Feature","properties":{"idx":255,"road":NaN,"cls":"tertiary","shops":0,"st_km":0.42,"mesh":"53395567"},"geometry":{"type":"LineString","coordinates":[[139.71477,35.80348],[139.71291,35.80386],[139.71224,35.80411]]}},{"type":"Feature","properties":{"idx":322,"road":"SL青葉通り","cls":"tertiary","shops":1,"st_km":0.6,"mesh":"53395567"},"geometry":{"type":"LineString","coordinates":[[139.71546,35.80662],[139.71651,35.80742],[139.71662,35.80745]]}},{"type":"Feature","properties":{"idx":1007,"road":NaN,"cls":"pedestrian","shops":2,"st_km":0.07,"mesh":"53395567"},"geometry":{"type":"LineString","coordinates":[[139.71756,35.79973],[139.7175,35.80051],[139.71729,35.80117],[139.7174,35.8012],[139.71691,35.80214],[139.7169,35.80227],[139.71644,35.80293],[139.71555,35.80399],[139.71503,35.80449]]}},{"type":"Feature","properties":{"idx":486,"road":NaN,"cls":"tertiary","shops":1,"st_km":0.19,"mesh":"53395567"},"geometry":{"type":"LineString","coordinates":[[139.71741,35.8005],[139.71553,35.80048],[139.715,35.8004]]}},{"type":"Feature","properties":{"idx":115,"road":NaN,"cls":"tertiary","shops":0,"st_km":0.44,"mesh":"53395576"},"geometry":{"type":"LineString","coordinates":[[139.70857,35.81157],[139.70904,35.81321],[139.70913,35.81461],[139.70942,35.81698],[139.70944,35.81773]]}},{"type":"Feature","properties":{"idx":75,"road":NaN,"cls":"tertiary","shops":0,"st_km":0.92,"mesh":"53395576"},"geometry":{"type":"LineString","coordinates":[[139.71228,35.80786],[139.71084,35.80931]]}},{"type":"Feature","properties":{"idx":598,"road":NaN,"cls":"tertiary","shops":2,"st_km":0.26,"mesh":"53395567"},"geometry":{"type":"LineString","coordinates":[[139.71514,35.79953],[139.71482,35.80172]]}},{"type":"Feature","properties":{"idx":178,"road":NaN,"cls":"tertiary","shops":1,"st_km":0.42,"mesh":"53395576"},"geometry":{"type":"LineString","coordinates":[[139.70692,35.81415],[139.70904,35.81321],[139.70966,35.81303]]}},{"type":"Feature","properties":{"idx":510,"road":NaN,"cls":"tertiary","shops":1,"st_km":0.14,"mesh":"53395567"},"geometry":{"type":"LineString","coordinates":[[139.71538,35.8016],[139.71621,35.80149],[139.71633,35.80152],[139.71644,35.80166]]}},{"type":"Feature","properties":{"idx":279,"road":"リリアパークトンネル","cls":"tertiary","shops":0,"st_km":0.33,"mesh":"53395567"},"geometry":{"type":"LineString","coordinates":[[139.7161,35.80458],[139.71547,35.80434],[139.71506,35.80408],[139.71481,35.80382],[139.71467,35.80336]]}},{"type":"Feature","properties":{"idx":356,"road":NaN,"cls":"tertiary","shops":0,"st_km":1.0,"mesh":"53395578"},"geometry":{"type":"LineString","coordinates":[[139.72626,35.81365],[139.72625,35.81342],[139.72643,35.81275],[139.72726,35.80874]]}},{"type":"Feature","properties":{"idx":260,"road":NaN,"cls":"tertiary","shops":0,"st_km":0.81,"mesh":"53395568"},"geometry":{"type":"LineString","coordinates":[[139.72396,35.80621],[139.7268,35.80659]]}},{"type":"Feature","properties":{"idx":200,"road":NaN,"cls":"tertiary","shops":0,"st_km":0.67,"mesh":"53395567"},"geometry":{"type":"LineString","coordinates":[[139.71228,35.80786],[139.71393,35.80622],[139.71454,35.80591]]}},{"type":"Feature","properties":{"idx":1805,"road":NaN,"cls":"tertiary","shops":1,"st_km":0.32,"mesh":"53395557"},"geometry":{"type":"LineString","coordinates":[[139.71708,35.79652],[139.71745,35.79988],[139.71744,35.80037],[139.71717,35.8013]]}},{"type":"Feature","properties":{"idx":348,"road":NaN,"cls":"tertiary","shops":0,"st_km":1.04,"mesh":"53395578"},"geometry":{"type":"LineString","coordinates":[[139.72511,35.81464],[139.72606,35.81012]]}},{"type":"Feature","properties":{"idx":293,"road":NaN,"cls":"tertiary","shops":1,"st_km":0.7,"mesh":"53395567"},"geometry":{"type":"LineString","coordinates":[[139.72127,35.80887],[139.71646,35.80803],[139.71519,35.80773],[139.71472,35.80783],[139.71382,35.80836],[139.71342,35.80845],[139.71305,35.80836],[139.71228,35.80786]]}},{"type":"Feature","properties":{"idx":1744,"road":NaN,"cls":"tertiary","shops":2,"st_km":0.65,"mesh":"53395557"},"geometry":{"type":"LineString","coordinates":[[139.72324,35.79753],[139.7231,35.79843],[139.72309,35.7989]]}},{"type":"Feature","properties":{"idx":404,"road":NaN,"cls":"tertiary","shops":0,"st_km":0.85,"mesh":"53395578"},"geometry":{"type":"LineString","coordinates":[[139.72724,35.81517],[139.72822,35.813],[139.7293,35.80782]]}},{"type":"Feature","properties":{"idx":281,"road":NaN,"cls":"tertiary","shops":0,"st_km":0.95,"mesh":"53395587"},"geometry":{"type":"LineString","coordinates":[[139.7141,35.81992],[139.71456,35.81787],[139.71465,35.81716],[139.71454,35.81651],[139.71476,35.81543]]}},{"type":"Feature","properties":{"idx":88,"road":NaN,"cls":"tertiary","shops":0,"st_km":0.73,"mesh":"53395576"},"geometry":{"type":"LineString","coordinates":[[139.71115,35.81073],[139.71108,35.81311]]}},{"type":"Feature","properties":{"idx":318,"road":NaN,"cls":"tertiary","shops":0,"st_km":0.2,"mesh":"53395567"},"geometry":{"type":"LineString","coordinates":[[139.71678,35.80049],[139.71683,35.79961]]}},{"type":"Feature","properties":{"idx":1284,"road":NaN,"cls":"tertiary","shops":0,"st_km":0.26,"mesh":"53395557"},"geometry":{"type":"LineString","coordinates":[[139.71514,35.79953],[139.71575,35.79943],[139.71648,35.7996],[139.71804,35.79968]]}},{"type":"Feature","properties":{"idx":139,"road":NaN,"cls":"tertiary","shops":0,"st_km":1.24,"mesh":"53395565"},"geometry":{"type":"LineString","coordinates":[[139.70069,35.80044],[139.69918,35.80072],[139.69821,35.80107],[139.69517,35.80157]]}},{"type":"Feature","properties":{"idx":214,"road":NaN,"cls":"tertiary","shops":0,"st_km":0.4,"mesh":"53395588"},"geometry":{"type":"LineString","coordinates":[[139.73613,35.81981],[139.73702,35.81955]]}},{"type":"Feature","properties":{"idx":285,"road":NaN,"cls":"tertiary","shops":0,"st_km":1.26,"mesh":"53395597"},"geometry":{"type":"LineString","coordinates":[[139.72292,35.82358],[139.72275,35.82531],[139.7226,35.82751],[139.72205,35.83127],[139.72141,35.83239],[139.72073,35.83345]]}},{"type":"Feature","properties":{"idx":228,"road":NaN,"cls":"tertiary","shops":0,"st_km":0.74,"mesh":"53395586"},"geometry":{"type":"LineString","coordinates":[[139.71053,35.81811],[139.71178,35.81833],[139.71308,35.81847]]}},{"type":"Feature","properties":{"idx":405,"road":"オートレース通り","cls":"tertiary","shops":2,"st_km":1.31,"mesh":"53395587"},"geometry":{"type":"LineString","coordinates":[[139.72415,35.82295],[139.7243,35.8233],[139.72428,35.82395],[139.72464,35.82499]]}},{"type":"Feature","properties":{"idx":198,"road":NaN,"cls":"tertiary","shops":0,"st_km":1.85,"mesh":"53395596"},"geometry":{"type":"LineString","coordinates":[[139.71134,35.83291],[139.71065,35.82969]]}},{"type":"Feature","properties":{"idx":252,"road":NaN,"cls":"tertiary","shops":0,"st_km":1.45,"mesh":"53395597"},"geometry":{"type":"LineString","coordinates":[[139.71751,35.83178],[139.72016,35.83201],[139.72262,35.83273]]}},{"type":"Feature","properties":{"idx":196,"road":NaN,"cls":"tertiary","shops":0,"st_km":1.43,"mesh":"53395587"},"geometry":{"type":"LineString","coordinates":[[139.71541,35.82331],[139.71542,35.82619]]}},{"type":"Feature","properties":{"idx":299,"road":NaN,"cls":"tertiary","shops":2,"st_km":1.26,"mesh":"53395586"},"geometry":{"type":"LineString","coordinates":[[139.71375,35.82336],[139.71225,35.82336],[139.71216,35.82341],[139.71233,35.8277]]}},{"type":"Feature","properties":{"idx":168,"road":NaN,"cls":"tertiary","shops":0,"st_km":0.69,"mesh":"53395599"},"geometry":{"type":"LineString","coordinates":[[139.73952,35.8286],[139.74015,35.82866],[139.7405,35.82864],[139.74138,35.82847],[139.74157,35.8284],[139.74237,35.82787],[139.7444,35.82671],[139.74466,35.82645],[139.74505,35.82617],[139.74526,35.82589],[139.74525,35.82576]]}},{"type":"Feature","properties":{"idx":203,"road":NaN,"cls":"tertiary","shops":0,"st_km":1.85,"mesh":"53395597"},"geometry":{"type":"LineString","coordinates":[[139.71406,35.83223],[139.71753,35.83246]]}},{"type":"Feature","properties":{"idx":138,"road":NaN,"cls":"tertiary","shops":0,"st_km":0.95,"mesh":"53395598"},"geometry":{"type":"LineString","coordinates":[[139.72485,35.83361],[139.72571,35.83162],[139.72572,35.83137],[139.72531,35.83022],[139.72561,35.82927],[139.72565,35.82882]]}},{"type":"Feature","properties":{"idx":195,"road":NaN,"cls":"tertiary","shops":0,"st_km":0.5,"mesh":"53395588"},"geometry":{"type":"LineString","coordinates":[[139.73186,35.81774],[139.73219,35.8204]]}},{"type":"Feature","properties":{"idx":443,"road":NaN,"cls":"tertiary","shops":0,"st_km":0.24,"mesh":"53395589"},"geometry":{"type":"LineString","coordinates":[[139.73887,35.81863],[139.73844,35.81803],[139.7374,35.81632]]}},{"type":"Feature","properties":{"idx":145,"road":NaN,"cls":"tertiary","shops":0,"st_km":0.82,"mesh":"53395588"},"geometry":{"type":"LineString","coordinates":[[139.72763,35.81768],[139.72773,35.81854],[139.72792,35.8194],[139.72845,35.82093]]}},{"type":"Feature","properties":{"idx":849,"road":NaN,"cls":"tertiary","shops":1,"st_km":0.47,"mesh":"53395578"},"geometry":{"type":"LineString","coordinates":[[139.73328,35.80888],[139.73337,35.81006],[139.73371,35.81252],[139.73391,35.81507],[139.73384,35.8157]]}},{"type":"Feature","properties":{"idx":166,"road":NaN,"cls":"tertiary","shops":0,"st_km":0.7,"mesh":"53395599"},"geometry":{"type":"LineString","coordinates":[[139.74626,35.83079],[139.74628,35.83084],[139.74599,35.83098],[139.74326,35.83072],[139.74157,35.83117]]}},{"type":"Feature","properties":{"idx":314,"road":NaN,"cls":"tertiary","shops":0,"st_km":1.13,"mesh":"53395597"},"geometry":{"type":"LineString","coordinates":[[139.72449,35.82624],[139.72485,35.8272]]}},{"type":"Feature","properties":{"idx":147,"road":NaN,"cls":"tertiary","shops":0,"st_km":0.82,"mesh":"53395588"},"geometry":{"type":"LineString","coordinates":[[139.73212,35.82406],[139.73226,35.82415]]}},{"type":"Feature","properties":{"idx":237,"road":NaN,"cls":"tertiary","shops":0,"st_km":1.63,"mesh":"53395597"},"geometry":{"type":"LineString","coordinates":[[139.71417,35.8268],[139.71429,35.82684],[139.71732,35.82689]]}},{"type":"Feature","properties":{"idx":531,"road":NaN,"cls":"tertiary","shops":0,"st_km":0.54,"mesh":"53395578"},"geometry":{"type":"LineString","coordinates":[[139.73035,35.81772],[139.73027,35.81691],[139.73029,35.81453],[139.7304,35.81422],[139.7311,35.81296],[139.73119,35.81269],[139.73119,35.81216]]}},{"type":"Feature","properties":{"idx":153,"road":NaN,"cls":"tertiary","shops":0,"st_km":0.77,"mesh":"53395588"},"geometry":{"type":"LineString","coordinates":[[139.73492,35.82073],[139.73548,35.82383],[139.73581,35.82518]]}},{"type":"Feature","properties":{"idx":189,"road":NaN,"cls":"tertiary","shops":0,"st_km":1.41,"mesh":"53395587"},"geometry":{"type":"LineString","coordinates":[[139.72152,35.81787],[139.72105,35.822]]}},{"type":"Feature","properties":{"idx":274,"road":NaN,"cls":"tertiary","shops":0,"st_km":1.32,"mesh":"53395597"},"geometry":{"type":"LineString","coordinates":[[139.7217,35.82991],[139.72191,35.82876],[139.72189,35.82829],[139.72181,35.82795],[139.72164,35.82764],[139.72136,35.82735],[139.72095,35.82708],[139.72054,35.82693]]}},{"type":"Feature","properties":{"idx":265,"road":"青木町公園通り","cls":"tertiary","shops":1,"st_km":1.04,"mesh":"53395586"},"geometry":{"type":"LineString","coordinates":[[139.70949,35.81904],[139.70947,35.81936],[139.70957,35.82184],[139.70987,35.82499],[139.71042,35.82849]]}},{"type":"Feature","properties":{"idx":185,"road":NaN,"cls":"tertiary","shops":0,"st_km":0.61,"mesh":"53395598"},"geometry":{"type":"LineString","coordinates":[[139.72763,35.83067],[139.72855,35.83083],[139.73124,35.83148]]}},{"type":"Feature","properties":{"idx":244,"road":NaN,"cls":"tertiary","shops":0,"st_km":1.51,"mesh":"53395597"},"geometry":{"type":"LineString","coordinates":[[139.7217,35.82991],[139.72018,35.82964],[139.71933,35.82957],[139.71861,35.82961],[139.71806,35.82973],[139.71744,35.82994]]}},{"type":"Feature","properties":{"idx":129,"road":NaN,"cls":"tertiary","shops":0,"st_km":1.03,"mesh":"53395598"},"geometry":{"type":"LineString","coordinates":[[139.72485,35.8272],[139.72565,35.82882]]}},{"type":"Feature","properties":{"idx":261,"road":NaN,"cls":"tertiary","shops":0,"st_km":0.82,"mesh":"53395589"},"geometry":{"type":"LineString","coordinates":[[139.73945,35.82602],[139.73989,35.82602],[139.7401,35.82594],[139.74209,35.82447],[139.74249,35.8241],[139.74312,35.8232]]}},{"type":"Feature","properties":{"idx":192,"road":NaN,"cls":"tertiary","shops":0,"st_km":1.19,"mesh":"53395589"},"geometry":{"type":"LineString","coordinates":[[139.74824,35.81936],[139.7476,35.82057],[139.74728,35.82129],[139.74593,35.82356],[139.7456,35.82401],[139.7448,35.82488],[139.74435,35.8253],[139.74371,35.82581]]}},{"type":"Feature","properties":{"idx":310,"road":NaN,"cls":"tertiary","shops":0,"st_km":0.61,"mesh":"53395589"},"geometry":{"type":"LineString","coordinates":[[139.74104,35.82151],[139.73939,35.81932]]}},{"type":"Feature","properties":{"idx":218,"road":NaN,"cls":"tertiary","shops":0,"st_km":1.5,"mesh":"53395550"},"geometry":{"type":"LineString","coordinates":[[139.63017,35.79491],[139.62991,35.79572],[139.63026,35.79777]]}},{"type":"Feature","properties":{"idx":135,"road":NaN,"cls":"tertiary","shops":0,"st_km":0.95,"mesh":"53395599"},"geometry":{"type":"LineString","coordinates":[[139.74628,35.83084],[139.74694,35.83208]]}},{"type":"Feature","properties":{"idx":672,"road":NaN,"cls":"tertiary","shops":3,"st_km":0.21,"mesh":"53395599"},"geometry":{"type":"LineString","coordinates":[[139.73827,35.82994],[139.73697,35.82886]]}},{"type":"Feature","properties":{"idx":809,"road":NaN,"cls":"tertiary","shops":3,"st_km":0.05,"mesh":"53395598"},"geometry":{"type":"LineString","coordinates":[[139.73534,35.83086],[139.73552,35.83091],[139.73561,35.83089],[139.7357,35.8307],[139.73565,35.8306]]}},{"type":"Feature","properties":{"idx":498,"road":NaN,"cls":"tertiary","shops":0,"st_km":0.97,"mesh":"53395503"},"geometry":{"type":"LineString","coordinates":[[139.66698,35.75782],[139.6678,35.7586]]}},{"type":"Feature","properties":{"idx":567,"road":NaN,"cls":"tertiary","shops":0,"st_km":0.73,"mesh":"53395524"},"geometry":{"type":"LineString","coordinates":[[139.68757,35.77268],[139.68602,35.77164],[139.68575,35.77061],[139.6857,35.77018],[139.68587,35.76843]]}},{"type":"Feature","properties":{"idx":393,"road":NaN,"cls":"primary_link","shops":0,"st_km":1.01,"mesh":"53395524"},"geometry":{"type":"LineString","coordinates":[[139.67487,35.7746],[139.67543,35.77515]]}},{"type":"Feature","properties":{"idx":393,"road":NaN,"cls":"primary_link","shops":0,"st_km":0.51,"mesh":"53395513"},"geometry":{"type":"LineString","coordinates":[[139.66544,35.76462],[139.66689,35.76566]]}},{"type":"Feature","properties":{"idx":241,"road":NaN,"cls":"tertiary","shops":4,"st_km":0.44,"mesh":"53395537"},"geometry":{"type":"LineString","coordinates":[[139.71791,35.78158],[139.71882,35.78015]]}},{"type":"Feature","properties":{"idx":313,"road":"師団坂通り","cls":"tertiary","shops":0,"st_km":0.62,"mesh":"53395547"},"geometry":{"type":"LineString","coordinates":[[139.71746,35.78214],[139.71689,35.78263],[139.71632,35.78294],[139.71592,35.78308],[139.71544,35.78333],[139.71534,35.78348],[139.7152,35.7839],[139.71507,35.78399],[139.71256,35.78395]]}},{"type":"Feature","properties":{"idx":276,"road":"赤羽並木通り","cls":"tertiary","shops":0,"st_km":0.4,"mesh":"53395546"},"geometry":{"type":"LineString","coordinates":[[139.70706,35.78528],[139.70725,35.78509],[139.70772,35.78478],[139.70864,35.7844],[139.70963,35.78346],[139.7103,35.78313]]}},{"type":"Feature","properties":{"idx":557,"road":"補助第244号線","cls":"tertiary","shops":0,"st_km":0.89,"mesh":"53395536"},"geometry":{"type":"LineString","coordinates":[[139.70346,35.77964],[139.70387,35.7796],[139.70613,35.77909],[139.70661,35.77907],[139.71118,35.77966],[139.71164,35.7798],[139.71208,35.78003],[139.71329,35.78125]]}},{"type":"Feature","properties":{"idx":576,"road":"諏訪通り","cls":"tertiary","shops":0,"st_km":0.85,"mesh":"53395536"},"geometry":{"type":"LineString","coordinates":[[139.70346,35.77964],[139.70314,35.77954]]}},{"type":"Feature","properties":{"idx":921,"road":NaN,"cls":"tertiary","shops":1,"st_km":0.78,"mesh":"53395536"},"geometry":{"type":"LineString","coordinates":[[139.70957,35.78041],[139.70909,35.7805],[139.70861,35.78046],[139.70841,35.78037],[139.70821,35.78016],[139.70814,35.77998],[139.70802,35.77923]]}},{"type":"Feature","properties":{"idx":675,"road":NaN,"cls":"tertiary","shops":2,"st_km":0.2,"mesh":"53395546"},"geometry":{"type":"LineString","coordinates":[[139.70915,35.78678],[139.70677,35.78635]]}},{"type":"Feature","properties":{"idx":685,"road":"諏訪通り","cls":"tertiary","shops":0,"st_km":0.66,"mesh":"53395536"},"geometry":{"type":"LineString","coordinates":[[139.70346,35.77964],[139.70494,35.78015],[139.70521,35.7803],[139.70662,35.7818],[139.70798,35.78305]]}},{"type":"Feature","properties":{"idx":739,"road":"環七通り","cls":"primary","shops":3,"st_km":0.39,"mesh":"53395527"},"geometry":{"type":"LineString","coordinates":[[139.72385,35.76663],[139.72455,35.76682]]}},{"type":"Feature","properties":{"idx":645,"road":NaN,"cls":"tertiary","shops":10,"st_km":0.18,"mesh":"53395537"},"geometry":{"type":"LineString","coordinates":[[139.71921,35.7783],[139.7194,35.77837],[139.71956,35.77832]]}},{"type":"Feature","properties":{"idx":338,"road":"赤羽並木通り","cls":"tertiary","shops":5,"st_km":0.29,"mesh":"53395537"},"geometry":{"type":"LineString","coordinates":[[139.71756,35.77799],[139.71853,35.77764]]}},{"type":"Feature","properties":{"idx":59,"road":NaN,"cls":"tertiary","shops":0,"st_km":0.8,"mesh":"53395537"},"geometry":{"type":"LineString","coordinates":[[139.7118,35.77657],[139.71315,35.77491],[139.71381,35.77468],[139.7142,35.77433]]}},{"type":"Feature","properties":{"idx":492,"road":"環七通り","cls":"primary","shops":12,"st_km":0.61,"mesh":"53395517"},"geometry":{"type":"LineString","coordinates":[[139.71907,35.7652],[139.72126,35.76632],[139.72171,35.76646],[139.72218,35.76652]]}},{"type":"Feature","properties":{"idx":84,"road":"赤羽台トンネル","cls":"tertiary","shops":0,"st_km":0.42,"mesh":"53395537"},"geometry":{"type":"LineString","coordinates":[[139.7159,35.77929],[139.71705,35.77827],[139.71756,35.77799]]}},{"type":"Feature","properties":{"idx":643,"road":NaN,"cls":"tertiary","shops":3,"st_km":0.68,"mesh":"53395526"},"geometry":{"type":"LineString","coordinates":[[139.7083,35.77432],[139.70626,35.77408],[139.70595,35.77414],[139.70513,35.77462],[139.70426,35.77444],[139.70294,35.77384],[139.70225,35.7734]]}},{"type":"Feature","properties":{"idx":329,"road":NaN,"cls":"pedestrian","shops":3,"st_km":0.3,"mesh":"53395537"},"geometry":{"type":"LineString","coordinates":[[139.71811,35.77898],[139.71889,35.77921]]}},{"type":"Feature","properties":{"idx":360,"road":"弁天通り","cls":"tertiary","shops":5,"st_km":0.23,"mesh":"53395537"},"geometry":{"type":"LineString","coordinates":[[139.71853,35.77764],[139.7189,35.77801]]}},{"type":"Feature","properties":{"idx":277,"road":NaN,"cls":"tertiary","shops":2,"st_km":0.73,"mesh":"53395529"},"geometry":{"type":"LineString","coordinates":[[139.73819,35.77547],[139.74058,35.77383]]}},{"type":"Feature","properties":{"idx":100,"road":"新荒川堤防線","cls":"tertiary","shops":0,"st_km":1.13,"mesh":"53395529"},"geometry":{"type":"LineString","coordinates":[[139.74256,35.77497],[139.74385,35.77394],[139.74535,35.77294]]}},{"type":"Feature","properties":{"idx":209,"road":NaN,"cls":"tertiary","shops":1,"st_km":0.35,"mesh":"53395509"},"geometry":{"type":"LineString","coordinates":[[139.74535,35.75389],[139.74588,35.75406],[139.74676,35.75406]]}},{"type":"Feature","properties":{"idx":139,"road":NaN,"cls":"tertiary","shops":0,"st_km":0.35,"mesh":"53395509"},"geometry":{"type":"LineString","coordinates":[[139.74471,35.75348],[139.74535,35.75389]]}},{"type":"Feature","properties":{"idx":131,"road":NaN,"cls":"tertiary","shops":1,"st_km":0.21,"mesh":"53395542"},"geometry":{"type":"LineString","coordinates":[[139.66067,35.79101],[139.66053,35.79052]]}},{"type":"Feature","properties":{"idx":1311,"road":NaN,"cls":"tertiary","shops":2,"st_km":0.7,"mesh":"53395536"},"geometry":{"type":"LineString","coordinates":[[139.70297,35.77475],[139.70233,35.77716],[139.70171,35.77907]]}},{"type":"Feature","properties":{"idx":717,"road":NaN,"cls":"tertiary","shops":0,"st_km":0.28,"mesh":"53395535"},"geometry":{"type":"LineString","coordinates":[[139.69692,35.77827],[139.69744,35.7775]]}},{"type":"Feature","properties":{"idx":158,"road":NaN,"cls":"tertiary","shops":0,"st_km":0.3,"mesh":"53395543"},"geometry":{"type":"LineString","coordinates":[[139.67393,35.78482],[139.66678,35.78546]]}},{"type":"Feature","properties":{"idx":287,"road":"赤塚公園通り","cls":"tertiary","shops":0,"st_km":0.3,"mesh":"53395541"},"geometry":{"type":"LineString","coordinates":[[139.64593,35.79151],[139.64576,35.7908],[139.64576,35.79032],[139.64592,35.7897],[139.6462,35.78918],[139.64657,35.78875],[139.64717,35.7883],[139.64775,35.78803],[139.64836,35.78786]]}},{"type":"Feature","properties":{"idx":858,"road":"補助第245号線","cls":"tertiary","shops":1,"st_km":0.84,"mesh":"53395536"},"geometry":{"type":"LineString","coordinates":[[139.70462,35.77499],[139.70457,35.77537],[139.70418,35.77656],[139.70369,35.77771]]}},{"type":"Feature","properties":{"idx":669,"road":NaN,"cls":"tertiary","shops":0,"st_km":0.35,"mesh":"53395535"},"geometry":{"type":"LineString","coordinates":[[139.69327,35.77972],[139.69357,35.77885]]}},{"type":"Feature","properties":{"idx":921,"road":"小豆沢通り","cls":"tertiary","shops":1,"st_km":0.77,"mesh":"53395536"},"geometry":{"type":"LineString","coordinates":[[139.70314,35.77954],[139.70171,35.77907]]}},{"type":"Feature","properties":{"idx":275,"road":NaN,"cls":"tertiary","shops":0,"st_km":0.61,"mesh":"53395526"},"geometry":{"type":"LineString","coordinates":[[139.70336,35.77405],[139.70297,35.77475]]}},{"type":"Feature","properties":{"idx":62,"road":"六の橋通り","cls":"tertiary","shops":0,"st_km":0.55,"mesh":"53395542"},"geometry":{"type":"LineString","coordinates":[[139.66001,35.78406],[139.65913,35.78423]]}},{"type":"Feature","properties":{"idx":675,"road":NaN,"cls":"tertiary","shops":0,"st_km":0.34,"mesh":"53395535"},"geometry":{"type":"LineString","coordinates":[[139.69357,35.77885],[139.69466,35.77915],[139.69692,35.77996]]}},{"type":"Feature","properties":{"idx":525,"road":NaN,"cls":"tertiary","shops":1,"st_km":0.36,"mesh":"53395526"},"geometry":{"type":"LineString","coordinates":[[139.69998,35.77157],[139.70036,35.77181],[139.70091,35.77231]]}},{"type":"Feature","properties":{"idx":316,"road":NaN,"cls":"tertiary","shops":0,"st_km":0.46,"mesh":"53395526"},"geometry":{"type":"LineString","coordinates":[[139.70225,35.7734],[139.70155,35.77286]]}},{"type":"Feature","properties":{"idx":327,"road":NaN,"cls":"tertiary","shops":0,"st_km":0.43,"mesh":"53395526"},"geometry":{"type":"LineString","coordinates":[[139.70155,35.77286],[139.70139,35.77274]]}},{"type":"Feature","properties":{"idx":335,"road":NaN,"cls":"tertiary","shops":0,"st_km":0.4,"mesh":"53395526"},"geometry":{"type":"LineString","coordinates":[[139.70091,35.77231],[139.70139,35.77274]]}},{"type":"Feature","properties":{"idx":686,"road":NaN,"cls":"tertiary","shops":0,"st_km":0.32,"mesh":"53395535"},"geometry":{"type":"LineString","coordinates":[[139.69357,35.77885],[139.6931,35.77889],[139.69249,35.77877],[139.69234,35.77868]]}},{"type":"Feature","properties":{"idx":343,"road":NaN,"cls":"tertiary","shops":1,"st_km":0.53,"mesh":"53395541"},"geometry":{"type":"LineString","coordinates":[[139.64478,35.79141],[139.6447,35.79101],[139.64469,35.79047],[139.64479,35.78984],[139.64495,35.78927],[139.64521,35.78866],[139.64553,35.7881],[139.64607,35.78736],[139.64638,35.78705],[139.64699,35.78665],[139.6476,35.78641],[139.65156,35.78563]]}},{"type":"Feature","properties":{"idx":197,"road":NaN,"cls":"tertiary","shops":1,"st_km":0.49,"mesh":"53395543"},"geometry":{"type":"LineString","coordinates":[[139.66735,35.78721],[139.66722,35.78683]]}},{"type":"Feature","properties":{"idx":108,"road":NaN,"cls":"tertiary","shops":1,"st_km":0.41,"mesh":"53395542"},"geometry":{"type":"LineString","coordinates":[[139.65743,35.78609],[139.65786,35.78752]]}},{"type":"Feature","properties":{"idx":216,"road":NaN,"cls":"tertiary","shops":0,"st_km":0.59,"mesh":"53395541"},"geometry":{"type":"LineString","coordinates":[[139.64779,35.78595],[139.64836,35.78786]]}},{"type":"Feature","properties":{"idx":99,"road":NaN,"cls":"tertiary_link","shops":0,"st_km":0.3,"mesh":"53395543"},"geometry":{"type":"LineString","coordinates":[[139.66404,35.78752],[139.66399,35.78717]]}},{"type":"Feature","properties":{"idx":87,"road":NaN,"cls":"tertiary","shops":0,"st_km":0.21,"mesh":"53395542"},"geometry":{"type":"LineString","coordinates":[[139.66184,35.78641],[139.66226,35.78783]]}},{"type":"Feature","properties":{"idx":92,"road":NaN,"cls":"pedestrian","shops":0,"st_km":0.48,"mesh":"53395542"},"geometry":{"type":"LineString","coordinates":[[139.66131,35.78533],[139.66088,35.78389]]}},{"type":"Feature","properties":{"idx":207,"road":"補助第293号線","cls":"tertiary","shops":0,"st_km":0.85,"mesh":"53395532"},"geometry":{"type":"LineString","coordinates":[[139.65253,35.7807],[139.65237,35.78193],[139.65247,35.78227],[139.6526,35.78247],[139.65283,35.78266],[139.65356,35.78293],[139.65383,35.78312],[139.65411,35.78355],[139.6543,35.78417]]}},{"type":"Feature","properties":{"idx":108,"road":NaN,"cls":"pedestrian","shops":0,"st_km":0.31,"mesh":"53395542"},"geometry":{"type":"LineString","coordinates":[[139.65981,35.78844],[139.6558,35.78925]]}},{"type":"Feature","properties":{"idx":213,"road":"徳丸槙の道","cls":"tertiary","shops":0,"st_km":0.87,"mesh":"53395532"},"geometry":{"type":"LineString","coordinates":[[139.66091,35.7824],[139.66027,35.7807],[139.66029,35.78025],[139.66046,35.77986]]}},{"type":"Feature","properties":{"idx":316,"road":NaN,"cls":"tertiary","shops":1,"st_km":0.62,"mesh":"53395541"},"geometry":{"type":"LineString","coordinates":[[139.64301,35.78849],[139.64111,35.78875],[139.63917,35.7879],[139.63829,35.78823],[139.63779,35.7881]]}},{"type":"Feature","properties":{"idx":201,"road":NaN,"cls":"tertiary","shops":0,"st_km":0.63,"mesh":"53395534"},"geometry":{"type":"LineString","coordinates":[[139.6776,35.7765],[139.68064,35.77572]]}},{"type":"Feature","properties":{"idx":386,"road":"市役所前通り","cls":"tertiary","shops":1,"st_km":0.83,"mesh":"53395568"},"geometry":{"type":"LineString","coordinates":[[139.72989,35.80761],[139.73029,35.80746]]}},{"type":"Feature","properties":{"idx":405,"road":"市役所前通り","cls":"tertiary","shops":1,"st_km":0.77,"mesh":"53395568"},"geometry":{"type":"LineString","coordinates":[[139.73029,35.80746],[139.73238,35.80667],[139.73345,35.80635]]}},{"type":"Feature","properties":{"idx":669,"road":"仁志町領家町線","cls":"tertiary","shops":1,"st_km":0.73,"mesh":"53395578"},"geometry":{"type":"LineString","coordinates":[[139.72995,35.81199],[139.72953,35.81193]]}},{"type":"Feature","properties":{"idx":337,"road":"仁志町領家町線","cls":"tertiary","shops":0,"st_km":1.09,"mesh":"53395577"},"geometry":{"type":"LineString","coordinates":[[139.72751,35.81164],[139.72082,35.81071],[139.71851,35.81075],[139.71722,35.81028],[139.71667,35.81027]]}},{"type":"Feature","properties":{"idx":616,"road":NaN,"cls":"tertiary","shops":1,"st_km":0.83,"mesh":"53395578"},"geometry":{"type":"LineString","coordinates":[[139.73131,35.81035],[139.73123,35.81002],[139.73124,35.80984],[139.73141,35.80908]]}},{"type":"Feature","properties":{"idx":216,"road":NaN,"cls":"tertiary","shops":0,"st_km":0.39,"mesh":"53395588"},"geometry":{"type":"LineString","coordinates":[[139.73702,35.81955],[139.73717,35.8195]]}},{"type":"Feature","properties":{"idx":203,"road":NaN,"cls":"tertiary","shops":0,"st_km":0.46,"mesh":"53395588"},"geometry":{"type":"LineString","coordinates":[[139.73481,35.82005],[139.73482,35.8201]]}},{"type":"Feature","properties":{"idx":348,"road":NaN,"cls":"tertiary","shops":2,"st_km":0.62,"mesh":"53395588"},"geometry":{"type":"LineString","coordinates":[[139.73035,35.81772],[139.73044,35.81854],[139.73047,35.82074]]}},{"type":"Feature","properties":{"idx":380,"road":NaN,"cls":"tertiary","shops":0,"st_km":0.39,"mesh":"53395589"},"geometry":{"type":"LineString","coordinates":[[139.73717,35.8195],[139.73816,35.81906],[139.73913,35.81844],[139.7398,35.8179],[139.74055,35.81711],[139.74202,35.81571]]}},{"type":"Feature","properties":{"idx":136,"road":NaN,"cls":"tertiary","shops":0,"st_km":0.9,"mesh":"53395588"},"geometry":{"type":"LineString","coordinates":[[139.73048,35.82138],[139.73049,35.82416]]}},{"type":"Feature","properties":{"idx":296,"road":NaN,"cls":"tertiary","shops":0,"st_km":0.66,"mesh":"53395589"},"geometry":{"type":"LineString","coordinates":[[139.74011,35.82027],[139.74123,35.8198],[139.7418,35.8195],[139.74437,35.81731]]}},{"type":"Feature","properties":{"idx":186,"road":"新オートレース通り","cls":"tertiary","shops":0,"st_km":1.43,"mesh":"53395587"},"geometry":{"type":"LineString","coordinates":[[139.72377,35.82158],[139.7196,35.82097]]}},{"type":"Feature","properties":{"idx":424,"road":NaN,"cls":"tertiary","shops":1,"st_km":1.26,"mesh":"53395596"},"geometry":{"type":"LineString","coordinates":[[139.7057,35.82687],[139.70611,35.82678]]}},{"type":"Feature","properties":{"idx":195,"road":NaN,"cls":"tertiary","shops":0,"st_km":1.36,"mesh":"53395587"},"geometry":{"type":"LineString","coordinates":[[139.72332,35.81954],[139.72273,35.81955],[139.72095,35.81927],[139.71997,35.81927]]}},{"type":"Feature","properties":{"idx":315,"road":NaN,"cls":"tertiary","shops":1,"st_km":1.34,"mesh":"53395587"},"geometry":{"type":"LineString","coordinates":[[139.70987,35.82499],[139.71725,35.82487]]}},{"type":"Feature","properties":{"idx":363,"road":NaN,"cls":"tertiary","shops":0,"st_km":1.46,"mesh":"53395549"},"geometry":{"type":"LineString","coordinates":[[139.74176,35.79109],[139.74193,35.79136]]}},{"type":"Feature","properties":{"idx":527,"road":NaN,"cls":"tertiary","shops":1,"st_km":1.49,"mesh":"53395549"},"geometry":{"type":"LineString","coordinates":[[139.73934,35.78854],[139.74093,35.78977],[139.74176,35.79109]]}},{"type":"Feature","properties":{"idx":365,"road":NaN,"cls":"tertiary","shops":0,"st_km":1.45,"mesh":"53395549"},"geometry":{"type":"LineString","coordinates":[[139.73606,35.79178],[139.73935,35.79214],[139.7399,35.79212],[139.74049,35.79199],[139.74259,35.79113],[139.74392,35.79045],[139.7448,35.78984],[139.74559,35.78918],[139.74594,35.78879],[139.74635,35.78817]]}},{"type":"Feature","properties":{"idx":307,"road":NaN,"cls":"tertiary","shops":0,"st_km":1.74,"mesh":"53395549"},"geometry":{"type":"LineString","coordinates":[[139.74869,35.78635],[139.74861,35.78659],[139.74827,35.7869]]}},{"type":"Feature","properties":{"idx":494,"road":NaN,"cls":"tertiary","shops":0,"st_km":0.72,"mesh":"53395559"},"geometry":{"type":"LineString","coordinates":[[139.73585,35.79728],[139.73745,35.79843],[139.73865,35.80061],[139.73958,35.80115]]}},{"type":"Feature","properties":{"idx":231,"road":NaN,"cls":"tertiary","shops":0,"st_km":0.81,"mesh":"53395558"},"geometry":{"type":"LineString","coordinates":[[139.73606,35.79284],[139.73509,35.79275],[139.73451,35.79279],[139.73381,35.79294],[139.73281,35.79326],[139.73225,35.79349],[139.73194,35.79369],[139.73062,35.79483]]}},{"type":"Feature","properties":{"idx":278,"road":NaN,"cls":"tertiary","shops":0,"st_km":0.6,"mesh":"53395558"},"geometry":{"type":"LineString","coordinates":[[139.73553,35.79881],[139.73689,35.7976]]}},{"type":"Feature","properties":{"idx":488,"road":NaN,"cls":"tertiary","shops":1,"st_km":1.25,"mesh":"53395559"},"geometry":{"type":"LineString","coordinates":[[139.74244,35.79448],[139.74248,35.79619]]}},{"type":"Feature","properties":{"idx":256,"road":NaN,"cls":"tertiary","shops":0,"st_km":0.69,"mesh":"53395558"},"geometry":{"type":"LineString","coordinates":[[139.73859,35.79537],[139.73684,35.79696],[139.73475,35.79763],[139.73429,35.79814]]}},{"type":"Feature","properties":{"idx":337,"road":NaN,"cls":"tertiary","shops":0,"st_km":1.56,"mesh":"53395549"},"geometry":{"type":"LineString","coordinates":[[139.74264,35.7897],[139.74496,35.78778],[139.74594,35.78807]]}},{"type":"Feature","properties":{"idx":305,"road":"美谷本小通り","cls":"tertiary","shops":0,"st_km":1.87,"mesh":"53395590"},"geometry":{"type":"LineString","coordinates":[[139.6366,35.82769],[139.63486,35.82966]]}},{"type":"Feature","properties":{"idx":411,"road":"美谷本小通り","cls":"tertiary","shops":1,"st_km":2.12,"mesh":"53395590"},"geometry":{"type":"LineString","coordinates":[[139.63805,35.82574],[139.6377,35.82643],[139.6366,35.82769]]}},{"type":"Feature","properties":{"idx":268,"road":NaN,"cls":"tertiary","shops":0,"st_km":2.08,"mesh":"53395581"},"geometry":{"type":"LineString","coordinates":[[139.63743,35.82275],[139.64001,35.82423]]}},{"type":"Feature","properties":{"idx":327,"road":NaN,"cls":"tertiary","shops":0,"st_km":1.67,"mesh":"53395581"},"geometry":{"type":"LineString","coordinates":[[139.64201,35.82377],[139.64293,35.82428],[139.64451,35.82482]]}},{"type":"Feature","properties":{"idx":332,"road":NaN,"cls":"tertiary","shops":0,"st_km":1.69,"mesh":"53395590"},"geometry":{"type":"LineString","coordinates":[[139.63623,35.83041],[139.63831,35.83161]]}},{"type":"Feature","properties":{"idx":268,"road":NaN,"cls":"tertiary","shops":0,"st_km":1.24,"mesh":"53395591"},"geometry":{"type":"LineString","coordinates":[[139.6479,35.82988],[139.64792,35.82883],[139.64783,35.82797],[139.64786,35.82752]]}},{"type":"Feature","properties":{"idx":300,"road":"西電話局通り","cls":"tertiary","shops":1,"st_km":1.71,"mesh":"53395591"},"geometry":{"type":"LineString","coordinates":[[139.64308,35.8268],[139.64235,35.82843],[139.64201,35.82892]]}},{"type":"Feature","properties":{"idx":1106,"road":NaN,"cls":"pedestrian","shops":12,"st_km":0.12,"mesh":"53395537"},"geometry":{"type":"LineString","coordinates":[[139.71988,35.77707],[139.72018,35.77709]]}},{"type":"Feature","properties":{"idx":267,"road":NaN,"cls":"tertiary","shops":0,"st_km":0.57,"mesh":"53395586"},"geometry":{"type":"LineString","coordinates":[[139.70402,35.82028],[139.70405,35.82105]]}},{"type":"Feature","properties":{"idx":657,"road":"塚越公園通り","cls":"tertiary","shops":2,"st_km":1.06,"mesh":"53395596"},"geometry":{"type":"LineString","coordinates":[[139.69774,35.82535],[139.69882,35.82537],[139.70024,35.82524],[139.70556,35.82455]]}},{"type":"Feature","properties":{"idx":283,"road":NaN,"cls":"tertiary","shops":0,"st_km":0.51,"mesh":"53395586"},"geometry":{"type":"LineString","coordinates":[[139.70227,35.81954],[139.7033,35.82029]]}},{"type":"Feature","properties":{"idx":327,"road":NaN,"cls":"tertiary","shops":0,"st_km":1.07,"mesh":"53395596"},"geometry":{"type":"LineString","coordinates":[[139.70533,35.82568],[139.70507,35.82462]]}},{"type":"Feature","properties":{"idx":501,"road":"塚越本通り","cls":"tertiary","shops":0,"st_km":0.68,"mesh":"53395585"},"geometry":{"type":"LineString","coordinates":[[139.69553,35.82372],[139.69663,35.82443],[139.69759,35.82513]]}},{"type":"Feature","properties":{"idx":314,"road":NaN,"cls":"tertiary","shops":0,"st_km":0.41,"mesh":"53395586"},"geometry":{"type":"LineString","coordinates":[[139.70218,35.81802],[139.70473,35.81993],[139.70506,35.82024]]}},{"type":"Feature","properties":{"idx":252,"road":NaN,"cls":"tertiary","shops":0,"st_km":1.45,"mesh":"53395597"},"geometry":{"type":"LineString","coordinates":[[139.72118,35.82489],[139.72096,35.82657],[139.72225,35.8275]]}},{"type":"Feature","properties":{"idx":152,"road":NaN,"cls":"tertiary","shops":0,"st_km":0.83,"mesh":"53395598"},"geometry":{"type":"LineString","coordinates":[[139.72763,35.83067],[139.72631,35.83051]]}},{"type":"Feature","properties":{"idx":321,"road":NaN,"cls":"tertiary","shops":0,"st_km":1.1,"mesh":"53395597"},"geometry":{"type":"LineString","coordinates":[[139.72631,35.83051],[139.72304,35.83018],[139.7217,35.82991]]}},{"type":"Feature","properties":{"idx":208,"road":NaN,"cls":"tertiary","shops":0,"st_km":1.87,"mesh":"53395597"},"geometry":{"type":"LineString","coordinates":[[139.71744,35.82979],[139.71092,35.83093]]}},{"type":"Feature","properties":{"idx":209,"road":NaN,"cls":"tertiary","shops":0,"st_km":1.74,"mesh":"53395596"},"geometry":{"type":"LineString","coordinates":[[139.70892,35.82904],[139.70941,35.83081],[139.70927,35.83226]]}},{"type":"Feature","properties":{"idx":185,"road":NaN,"cls":"tertiary","shops":0,"st_km":1.64,"mesh":"53395562"},"geometry":{"type":"LineString","coordinates":[[139.65538,35.80466],[139.65545,35.80522]]}},{"type":"Feature","properties":{"idx":183,"road":NaN,"cls":"tertiary","shops":0,"st_km":1.73,"mesh":"53395562"},"geometry":{"type":"LineString","coordinates":[[139.65627,35.80627],[139.6549,35.80776]]}},{"type":"Feature","properties":{"idx":413,"road":"大前橋通り","cls":"tertiary","shops":0,"st_km":0.59,"mesh":"53395563"},"geometry":{"type":"LineString","coordinates":[[139.67358,35.80325],[139.67372,35.80492]]}},{"type":"Feature","properties":{"idx":402,"road":"本町大通り","cls":"primary","shops":0,"st_km":0.45,"mesh":"53395558"},"geometry":{"type":"LineString","coordinates":[[139.72556,35.79787],[139.72651,35.79741]]}},{"type":"Feature","properties":{"idx":143,"road":"荒川通り","cls":"tertiary","shops":0,"st_km":1.21,"mesh":"53395565"},"geometry":{"type":"LineString","coordinates":[[139.69205,35.802],[139.69085,35.80209],[139.68994,35.80211],[139.6884,35.80206],[139.68763,35.80197]]}},{"type":"Feature","properties":{"idx":241,"road":NaN,"cls":"tertiary","shops":0,"st_km":0.76,"mesh":"53395558"},"geometry":{"type":"LineString","coordinates":[[139.72606,35.794],[139.72618,35.79397]]}},{"type":"Feature","properties":{"idx":679,"road":NaN,"cls":"tertiary","shops":0,"st_km":0.83,"mesh":"53395557"},"geometry":{"type":"LineString","coordinates":[[139.72509,35.79431],[139.72267,35.79458]]}},{"type":"Feature","properties":{"idx":345,"road":NaN,"cls":"tertiary","shops":0,"st_km":0.38,"mesh":"53395558"},"geometry":{"type":"LineString","coordinates":[[139.73271,35.80082],[139.73553,35.79881]]}},{"type":"Feature","properties":{"idx":313,"road":"環七通り","cls":"primary","shops":2,"st_km":0.84,"mesh":"53395529"},"geometry":{"type":"LineString","coordinates":[[139.74066,35.77376],[139.73795,35.77193]]}},{"type":"Feature","properties":{"idx":2053,"road":"明治通り","cls":"primary","shops":15,"st_km":0.09,"mesh":"53395509"},"geometry":{"type":"LineString","coordinates":[[139.73811,35.7535],[139.73832,35.75364]]}},{"type":"Feature","properties":{"idx":207,"road":NaN,"cls":"tertiary","shops":0,"st_km":1.44,"mesh":"53395562"},"geometry":{"type":"LineString","coordinates":[[139.65434,35.80278],[139.6542,35.80319],[139.65423,35.80366]]}},{"type":"Feature","properties":{"idx":220,"road":NaN,"cls":"tertiary","shops":0,"st_km":1.35,"mesh":"53395562"},"geometry":{"type":"LineString","coordinates":[[139.65547,35.80213],[139.65483,35.80234],[139.65452,35.80256],[139.65434,35.80278]]}},{"type":"Feature","properties":{"idx":418,"road":NaN,"cls":"tertiary_link","shops":1,"st_km":1.11,"mesh":"53395584"},"geometry":{"type":"LineString","coordinates":[[139.68111,35.82075],[139.68124,35.82073],[139.6814,35.82078]]}},{"type":"Feature","properties":{"idx":622,"road":NaN,"cls":"tertiary","shops":0,"st_km":0.71,"mesh":"53395584"},"geometry":{"type":"LineString","coordinates":[[139.6743,35.82306],[139.67543,35.8218],[139.67632,35.8216]]}},{"type":"Feature","properties":{"idx":501,"road":NaN,"cls":"tertiary","shops":1,"st_km":1.63,"mesh":"53395581"},"geometry":{"type":"LineString","coordinates":[[139.64516,35.82075],[139.64556,35.82035],[139.64563,35.81986],[139.64615,35.81897],[139.64841,35.81616]]}},{"type":"Feature","properties":{"idx":152,"road":"北大通り","cls":"tertiary","shops":0,"st_km":1.94,"mesh":"53395571"},"geometry":{"type":"LineString","coordinates":[[139.6467,35.81566],[139.64384,35.81486]]}},{"type":"Feature","properties":{"idx":139,"road":NaN,"cls":"tertiary","shops":0,"st_km":2.1,"mesh":"53395571"},"geometry":{"type":"LineString","coordinates":[[139.64122,35.81021],[139.64192,35.81081]]}},{"type":"Feature","properties":{"idx":420,"road":"王子金町市川線","cls":"primary","shops":4,"st_km":0.65,"mesh":"53395509"},"geometry":{"type":"LineString","coordinates":[[139.74403,35.75845],[139.74399,35.75836],[139.74211,35.75645],[139.74172,35.75592]]}},{"type":"Feature","properties":{"idx":346,"road":"明治通り","cls":"primary_link","shops":4,"st_km":0.47,"mesh":"53395509"},"geometry":{"type":"LineString","coordinates":[[139.74163,35.75599],[139.74172,35.75592]]}},{"type":"Feature","properties":{"idx":297,"road":NaN,"cls":"tertiary","shops":0,"st_km":1.11,"mesh":"53395540"},"geometry":{"type":"LineString","coordinates":[[139.63112,35.78747],[139.63125,35.78738]]}},{"type":"Feature","properties":{"idx":463,"road":"大間木蕨線","cls":"secondary","shops":0,"st_km":0.5,"mesh":"53395595"},"geometry":{"type":"LineString","coordinates":[[139.69104,35.8296],[139.69105,35.8297],[139.69024,35.83532]]}},{"type":"Feature","properties":{"idx":345,"road":NaN,"cls":"tertiary","shops":0,"st_km":0.92,"mesh":"53395540"},"geometry":{"type":"LineString","coordinates":[[139.6274,35.78493],[139.62808,35.78447]]}},{"type":"Feature","properties":{"idx":319,"road":NaN,"cls":"tertiary","shops":0,"st_km":0.95,"mesh":"53395540"},"geometry":{"type":"LineString","coordinates":[[139.63526,35.78756],[139.63711,35.789]]}},{"type":"Feature","properties":{"idx":959,"road":NaN,"cls":"pedestrian","shops":3,"st_km":0.33,"mesh":"53395521"},"geometry":{"type":"LineString","coordinates":[[139.64296,35.77293],[139.64309,35.77309]]}},{"type":"Feature","properties":{"idx":292,"road":"中十条赤羽線","cls":"secondary","shops":3,"st_km":0.22,"mesh":"53395537"},"geometry":{"type":"LineString","coordinates":[[139.72059,35.77553],[139.72303,35.77595]]}},{"type":"Feature","properties":{"idx":303,"road":NaN,"cls":"tertiary","shops":1,"st_km":0.62,"mesh":"53395527"},"geometry":{"type":"LineString","coordinates":[[139.72469,35.77283],[139.72258,35.77201]]}},{"type":"Feature","properties":{"idx":482,"road":NaN,"cls":"tertiary","shops":3,"st_km":1.03,"mesh":"53395519"},"geometry":{"type":"LineString","coordinates":[[139.74345,35.75959],[139.74462,35.75958],[139.74583,35.75965],[139.74585,35.76277]]}},{"type":"Feature","properties":{"idx":224,"road":"東京都道446号長後赤塚線","cls":"secondary","shops":0,"st_km":0.68,"mesh":"53395541"},"geometry":{"type":"LineString","coordinates":[[139.64417,35.78702],[139.64481,35.78637],[139.6452,35.78615],[139.64548,35.78606],[139.64614,35.78597],[139.6474,35.78596],[139.64789,35.78592],[139.65138,35.78499]]}},{"type":"Feature","properties":{"idx":245,"road":"北町新通り","cls":"tertiary","shops":0,"st_km":1.17,"mesh":"53395594"},"geometry":{"type":"LineString","coordinates":[[139.67694,35.83288],[139.68049,35.83209]]}},{"type":"Feature","properties":{"idx":226,"road":"稲荷越通り","cls":"tertiary","shops":0,"st_km":1.28,"mesh":"53395594"},"geometry":{"type":"LineString","coordinates":[[139.67694,35.83288],[139.67695,35.83023]]}},{"type":"Feature","properties":{"idx":576,"road":NaN,"cls":"tertiary","shops":0,"st_km":0.17,"mesh":"53395595"},"geometry":{"type":"LineString","coordinates":[[139.69104,35.8296],[139.69105,35.82944],[139.69132,35.82919]]}},{"type":"Feature","properties":{"idx":779,"road":NaN,"cls":"tertiary","shops":1,"st_km":0.34,"mesh":"53395594"},"geometry":{"type":"LineString","coordinates":[[139.68714,35.82968],[139.68698,35.82893],[139.687,35.82872],[139.68694,35.82861]]}},{"type":"Feature","properties":{"idx":225,"road":NaN,"cls":"tertiary","shops":0,"st_km":1.07,"mesh":"53395593"},"geometry":{"type":"LineString","coordinates":[[139.67255,35.82883],[139.67266,35.83035],[139.6733,35.83071]]}},{"type":"Feature","properties":{"idx":850,"road":NaN,"cls":"pedestrian","shops":0,"st_km":0.32,"mesh":"53395574"},"geometry":{"type":"LineString","coordinates":[[139.68156,35.8083],[139.68131,35.81008]]}},{"type":"Feature","properties":{"idx":529,"road":NaN,"cls":"tertiary","shops":0,"st_km":0.62,"mesh":"53395585"},"geometry":{"type":"LineString","coordinates":[[139.69836,35.81833],[139.69872,35.81872]]}},{"type":"Feature","properties":{"idx":243,"road":NaN,"cls":"tertiary","shops":0,"st_km":0.67,"mesh":"53395586"},"geometry":{"type":"LineString","coordinates":[[139.70095,35.8209],[139.70106,35.82093]]}},{"type":"Feature","properties":{"idx":184,"road":"西川口陸橋通り","cls":"tertiary","shops":1,"st_km":0.38,"mesh":"53395576"},"geometry":{"type":"LineString","coordinates":[[139.70252,35.81383],[139.69903,35.81367]]}},{"type":"Feature","properties":{"idx":201,"road":NaN,"cls":"tertiary","shops":1,"st_km":0.29,"mesh":"53395576"},"geometry":{"type":"LineString","coordinates":[[139.70463,35.81391],[139.70511,35.81188]]}},{"type":"Feature","properties":{"idx":473,"road":NaN,"cls":"tertiary","shops":0,"st_km":0.74,"mesh":"53395585"},"geometry":{"type":"LineString","coordinates":[[139.69728,35.81908],[139.69802,35.81964]]}},{"type":"Feature","properties":{"idx":489,"road":NaN,"cls":"tertiary","shops":0,"st_km":0.71,"mesh":"53395585"},"geometry":{"type":"LineString","coordinates":[[139.69802,35.81964],[139.69882,35.82024],[139.70095,35.8209]]}},{"type":"Feature","properties":{"idx":152,"road":"西川口陸橋通り","cls":"tertiary","shops":0,"st_km":0.17,"mesh":"53395576"},"geometry":{"type":"LineString","coordinates":[[139.70631,35.8146],[139.70489,35.81406],[139.70452,35.81398]]}},{"type":"Feature","properties":{"idx":196,"road":NaN,"cls":"tertiary","shops":0,"st_km":1.26,"mesh":"53395593"},"geometry":{"type":"LineString","coordinates":[[139.67313,35.83296],[139.67313,35.83296]]}},{"type":"Feature","properties":{"idx":207,"road":"蕨高北通り","cls":"tertiary","shops":0,"st_km":1.18,"mesh":"53395593"},"geometry":{"type":"LineString","coordinates":[[139.67087,35.83242],[139.67271,35.8342]]}},{"type":"Feature","properties":{"idx":433,"road":NaN,"cls":"tertiary","shops":1,"st_km":0.49,"mesh":"53395586"},"geometry":{"type":"LineString","coordinates":[[139.70539,35.81925],[139.7054,35.82044]]}},{"type":"Feature","properties":{"idx":344,"road":NaN,"cls":"tertiary","shops":1,"st_km":1.21,"mesh":"53395587"},"geometry":{"type":"LineString","coordinates":[[139.71321,35.81781],[139.71456,35.81787],[139.7167,35.8181],[139.71849,35.81819],[139.72028,35.81816],[139.72151,35.81793]]}},{"type":"Feature","properties":{"idx":556,"road":NaN,"cls":"tertiary","shops":1,"st_km":0.78,"mesh":"53395566"},"geometry":{"type":"LineString","coordinates":[[139.71048,35.80262],[139.70847,35.80303],[139.70776,35.8033],[139.70744,35.80326]]}},{"type":"Feature","properties":{"idx":555,"road":NaN,"cls":"tertiary","shops":1,"st_km":0.96,"mesh":"53395577"},"geometry":{"type":"LineString","coordinates":[[139.7148,35.8152],[139.71502,35.81415]]}},{"type":"Feature","properties":{"idx":561,"road":NaN,"cls":"tertiary","shops":1,"st_km":0.05,"mesh":"53395567"},"geometry":{"type":"LineString","coordinates":[[139.71717,35.8013],[139.71695,35.80158]]}},{"type":"Feature","properties":{"idx":172,"road":NaN,"cls":"tertiary","shops":0,"st_km":1.07,"mesh":"53395586"},"geometry":{"type":"LineString","coordinates":[[139.70973,35.82356],[139.71214,35.82359]]}},{"type":"Feature","properties":{"idx":134,"road":NaN,"cls":"tertiary","shops":0,"st_km":1.34,"mesh":"53395565"},"geometry":{"type":"LineString","coordinates":[[139.69946,35.80621],[139.6992,35.80537],[139.69889,35.80482],[139.6984,35.8037],[139.69812,35.8036],[139.69782,35.80368],[139.69759,35.80383],[139.69738,35.80407],[139.69723,35.80412]]}},{"type":"Feature","properties":{"idx":564,"road":NaN,"cls":"tertiary","shops":1,"st_km":0.05,"mesh":"53395567"},"geometry":{"type":"LineString","coordinates":[[139.71701,35.80169],[139.71717,35.8013]]}},{"type":"Feature","properties":{"idx":298,"road":NaN,"cls":"tertiary","shops":0,"st_km":0.27,"mesh":"53395567"},"geometry":{"type":"LineString","coordinates":[[139.71467,35.80336],[139.71479,35.80213]]}},{"type":"Feature","properties":{"idx":103,"road":NaN,"cls":"tertiary","shops":0,"st_km":0.56,"mesh":"53395576"},"geometry":{"type":"LineString","coordinates":[[139.70241,35.81119],[139.69986,35.81129]]}},{"type":"Feature","properties":{"idx":1287,"road":"寿町第2地下道","cls":"tertiary","shops":0,"st_km":0.26,"mesh":"53395557"},"geometry":{"type":"LineString","coordinates":[[139.71804,35.79968],[139.71859,35.79955]]}},{"type":"Feature","properties":{"idx":708,"road":NaN,"cls":"tertiary","shops":2,"st_km":0.83,"mesh":"53395566"},"geometry":{"type":"LineString","coordinates":[[139.70836,35.80271],[139.70968,35.80692]]}},{"type":"Feature","properties":{"idx":447,"road":NaN,"cls":"tertiary","shops":0,"st_km":0.74,"mesh":"53395577"},"geometry":{"type":"LineString","coordinates":[[139.71228,35.81575],[139.71272,35.81365]]}},{"type":"Feature","properties":{"idx":735,"road":NaN,"cls":"tertiary","shops":2,"st_km":0.07,"mesh":"53395567"},"geometry":{"type":"LineString","coordinates":[[139.71845,35.80185],[139.71831,35.80185],[139.71815,35.80211],[139.71797,35.80224],[139.71789,35.80238]]}},{"type":"Feature","properties":{"idx":291,"road":NaN,"cls":"tertiary","shops":0,"st_km":0.29,"mesh":"53395567"},"geometry":{"type":"LineString","coordinates":[[139.71479,35.80213],[139.71471,35.80234],[139.71461,35.80312],[139.71459,35.80351],[139.7147,35.8038],[139.71465,35.80394]]}},{"type":"Feature","properties":{"idx":294,"road":NaN,"cls":"tertiary","shops":0,"st_km":0.28,"mesh":"53395567"},"geometry":{"type":"LineString","coordinates":[[139.71465,35.80394],[139.71479,35.80366],[139.71476,35.80322],[139.71482,35.80277],[139.71483,35.80226],[139.71479,35.80213]]}},{"type":"Feature","properties":{"idx":202,"road":NaN,"cls":"tertiary","shops":1,"st_km":0.93,"mesh":"53395588"},"geometry":{"type":"LineString","coordinates":[[139.72739,35.82444],[139.72898,35.82425],[139.73212,35.82406]]}},{"type":"Feature","properties":{"idx":117,"road":NaN,"cls":"tertiary","shops":0,"st_km":1.11,"mesh":"53395588"},"geometry":{"type":"LineString","coordinates":[[139.7258,35.82473],[139.72739,35.82444]]}},{"type":"Feature","properties":{"idx":225,"road":"沼口橋","cls":"primary","shops":0,"st_km":1.76,"mesh":"53395562"},"geometry":{"type":"LineString","coordinates":[[139.65446,35.8078],[139.65412,35.80784]]}},{"type":"Feature","properties":{"idx":412,"road":"根木橋","cls":"tertiary","shops":1,"st_km":1.37,"mesh":"53395572"},"geometry":{"type":"LineString","coordinates":[[139.65546,35.81277],[139.65582,35.81269]]}},{"type":"Feature","properties":{"idx":410,"road":"中央通り","cls":"tertiary","shops":0,"st_km":0.9,"mesh":"53395573"},"geometry":{"type":"LineString","coordinates":[[139.65711,35.81243],[139.65917,35.81204],[139.66156,35.81177],[139.66218,35.81177],[139.66368,35.81197],[139.66471,35.81199],[139.6681,35.8115]]}},{"type":"Feature","properties":{"idx":290,"road":"北大通り","cls":"tertiary","shops":0,"st_km":1.26,"mesh":"53395582"},"geometry":{"type":"LineString","coordinates":[[139.65687,35.81699],[139.6527,35.81723],[139.652,35.81715],[139.65092,35.81686]]}},{"type":"Feature","properties":{"idx":188,"road":NaN,"cls":"tertiary","shops":0,"st_km":1.62,"mesh":"53395562"},"geometry":{"type":"LineString","coordinates":[[139.65413,35.80494],[139.65347,35.80499]]}},{"type":"Feature","properties":{"idx":245,"road":"堤向橋","cls":"tertiary","shops":0,"st_km":1.55,"mesh":"53395572"},"geometry":{"type":"LineString","coordinates":[[139.65492,35.81058],[139.65455,35.81063]]}},{"type":"Feature","properties":{"idx":330,"road":"山宮橋","cls":"tertiary","shops":0,"st_km":1.09,"mesh":"53395582"},"geometry":{"type":"LineString","coordinates":[[139.65832,35.81689],[139.65687,35.81699]]}},{"type":"Feature","properties":{"idx":231,"road":NaN,"cls":"tertiary","shops":0,"st_km":1.66,"mesh":"53395572"},"geometry":{"type":"LineString","coordinates":[[139.65455,35.81063],[139.6538,35.81072],[139.65366,35.81078],[139.65225,35.81217],[139.65219,35.81229],[139.65216,35.8125],[139.65245,35.81343]]}},{"type":"Feature","properties":{"idx":190,"road":"下前公団通り","cls":"tertiary","shops":0,"st_km":0.82,"mesh":"53395564"},"geometry":{"type":"LineString","coordinates":[[139.68761,35.80621],[139.68748,35.80683],[139.6873,35.80708],[139.68708,35.8072],[139.68636,35.80732]]}},{"type":"Feature","properties":{"idx":727,"road":"都市計画道路 戸田公園駅西口駅前通り2号線","cls":"tertiary","shops":2,"st_km":0.15,"mesh":"53395564"},"geometry":{"type":"LineString","coordinates":[[139.67718,35.80768],[139.67624,35.80789]]}},{"type":"Feature","properties":{"idx":346,"road":NaN,"cls":"primary_link","shops":2,"st_km":0.64,"mesh":"53395534"},"geometry":{"type":"LineString","coordinates":[[139.67729,35.7766],[139.67787,35.77681],[139.67974,35.7773],[139.68024,35.77736]]}},{"type":"Feature","properties":{"idx":534,"road":NaN,"cls":"tertiary","shops":0,"st_km":0.58,"mesh":"53395535"},"geometry":{"type":"LineString","coordinates":[[139.69651,35.78188],[139.69645,35.78137],[139.69649,35.7809]]}},{"type":"Feature","properties":{"idx":299,"road":"舟渡大橋","cls":"secondary","shops":2,"st_km":0.48,"mesh":"53395543"},"geometry":{"type":"LineString","coordinates":[[139.67345,35.79043],[139.67296,35.79134],[139.67285,35.79172],[139.6728,35.79236]]}},{"type":"Feature","properties":{"idx":378,"road":"高島通り","cls":"secondary_link","shops":4,"st_km":0.07,"mesh":"53395551"},"geometry":{"type":"LineString","coordinates":[[139.64636,35.79145],[139.64512,35.79164],[139.64354,35.79196]]}},{"type":"Feature","properties":{"idx":89,"road":"高島通り","cls":"secondary_link","shops":0,"st_km":0.41,"mesh":"53395551"},"geometry":{"type":"LineString","coordinates":[[139.64097,35.79242],[139.64133,35.79242]]}},{"type":"Feature","properties":{"idx":202,"road":NaN,"cls":"tertiary","shops":0,"st_km":0.5,"mesh":"53395552"},"geometry":{"type":"LineString","coordinates":[[139.65259,35.79453],[139.65258,35.79452]]}},{"type":"Feature","properties":{"idx":108,"road":NaN,"cls":"tertiary","shops":0,"st_km":0.52,"mesh":"53395551"},"geometry":{"type":"LineString","coordinates":[[139.64057,35.79665],[139.64095,35.79661],[139.64261,35.79589],[139.6447,35.7949]]}},{"type":"Feature","properties":{"idx":90,"road":"水道橋","cls":"tertiary","shops":0,"st_km":0.71,"mesh":"53395551"},"geometry":{"type":"LineString","coordinates":[[139.64043,35.79666],[139.64057,35.79665]]}},{"type":"Feature","properties":{"idx":488,"road":"六間通り","cls":"tertiary","shops":0,"st_km":0.16,"mesh":"53395568"},"geometry":{"type":"LineString","coordinates":[[139.72942,35.8013],[139.72906,35.80143]]}},{"type":"Feature","properties":{"idx":760,"road":"八間通り","cls":"tertiary","shops":2,"st_km":0.4,"mesh":"53395568"},"geometry":{"type":"LineString","coordinates":[[139.7317,35.80339],[139.73211,35.80335]]}},{"type":"Feature","properties":{"idx":1012,"road":NaN,"cls":"primary_link","shops":3,"st_km":0.05,"mesh":"53395516"},"geometry":{"type":"LineString","coordinates":[[139.70335,35.76081],[139.70386,35.76099],[139.70542,35.76139],[139.7066,35.7616],[139.70803,35.762],[139.7083,35.76202]]}},{"type":"Feature","properties":{"idx":1021,"road":NaN,"cls":"primary_link","shops":3,"st_km":0.04,"mesh":"53395516"},"geometry":{"type":"LineString","coordinates":[[139.70832,35.76195],[139.70821,35.76186],[139.70719,35.76153],[139.70549,35.7612],[139.7038,35.76077],[139.70351,35.76076]]}},{"type":"Feature","properties":{"idx":926,"road":NaN,"cls":"tertiary","shops":0,"st_km":0.29,"mesh":"53395503"},"geometry":{"type":"LineString","coordinates":[[139.66636,35.74933],[139.66393,35.7522],[139.66357,35.75419],[139.66381,35.75479],[139.66348,35.75509]]}},{"type":"Feature","properties":{"idx":5819,"road":"北町豊玉線","cls":"secondary","shops":8,"st_km":0.67,"mesh":"53395511"},"geometry":{"type":"LineString","coordinates":[[139.64946,35.75942],[139.64949,35.75975],[139.6496,35.76005],[139.64957,35.7606],[139.64961,35.76098],[139.64939,35.76189],[139.64933,35.76241],[139.64924,35.76254],[139.64895,35.76277],[139.64874,35.76324],[139.6487,35.76364],[139.64879,35.76399],[139.64871,35.7646]]}},{"type":"Feature","properties":{"idx":571,"road":NaN,"cls":"tertiary","shops":0,"st_km":0.93,"mesh":"53395536"},"geometry":{"type":"LineString","coordinates":[[139.70992,35.77948],[139.71045,35.77907],[139.71054,35.77884],[139.71058,35.77846],[139.71077,35.77811],[139.71134,35.77769],[139.71144,35.77756],[139.71156,35.77727],[139.71157,35.77707],[139.71141,35.77643]]}},{"type":"Feature","properties":{"idx":905,"road":"中十条赤羽線","cls":"secondary","shops":12,"st_km":0.12,"mesh":"53395537"},"geometry":{"type":"LineString","coordinates":[[139.71995,35.77747],[139.72008,35.77677]]}},{"type":"Feature","properties":{"idx":731,"road":"中十条赤羽線","cls":"secondary","shops":10,"st_km":0.18,"mesh":"53395537"},"geometry":{"type":"LineString","coordinates":[[139.71953,35.77851],[139.71951,35.77842],[139.71956,35.77832]]}},{"type":"Feature","properties":{"idx":2161,"road":"補助第246号線","cls":"tertiary","shops":1,"st_km":0.46,"mesh":"53395538"},"geometry":{"type":"LineString","coordinates":[[139.72652,35.78044],[139.72677,35.78251]]}},{"type":"Feature","properties":{"idx":228,"road":"弁天通り","cls":"tertiary","shops":3,"st_km":0.34,"mesh":"53395537"},"geometry":{"type":"LineString","coordinates":[[139.71853,35.77764],[139.71831,35.77731],[139.71713,35.77498],[139.71707,35.77494]]}},{"type":"Feature","properties":{"idx":224,"road":NaN,"cls":"tertiary","shops":0,"st_km":0.93,"mesh":"53395526"},"geometry":{"type":"LineString","coordinates":[[139.71275,35.77433],[139.71205,35.77448],[139.71152,35.77475],[139.71047,35.77473],[139.71021,35.77477]]}},{"type":"Feature","properties":{"idx":1755,"road":NaN,"cls":"tertiary","shops":12,"st_km":0.27,"mesh":"53395518"},"geometry":{"type":"LineString","coordinates":[[139.72929,35.7632],[139.72998,35.76345]]}},{"type":"Feature","properties":{"idx":292,"road":NaN,"cls":"tertiary","shops":1,"st_km":0.51,"mesh":"53395518"},"geometry":{"type":"LineString","coordinates":[[139.73751,35.76148],[139.73482,35.76056],[139.73283,35.76065]]}},{"type":"Feature","properties":{"idx":125,"road":NaN,"cls":"secondary_link","shops":0,"st_km":0.68,"mesh":"53395518"},"geometry":{"type":"LineString","coordinates":[[139.73555,35.75924],[139.7331,35.75934]]}},{"type":"Feature","properties":{"idx":678,"road":NaN,"cls":"tertiary","shops":10,"st_km":0.64,"mesh":"53395509"},"geometry":{"type":"LineString","coordinates":[[139.7414,35.75901],[139.7414,35.75679]]}},{"type":"Feature","properties":{"idx":637,"road":"環七通り","cls":"primary","shops":4,"st_km":0.51,"mesh":"53395528"},"geometry":{"type":"LineString","coordinates":[[139.73253,35.76899],[139.73171,35.76876]]}},{"type":"Feature","properties":{"idx":190,"road":"かわきん橋","cls":"tertiary","shops":1,"st_km":1.42,"mesh":"53395565"},"geometry":{"type":"LineString","coordinates":[[139.69723,35.80412],[139.69701,35.80416]]}},{"type":"Feature","properties":{"idx":189,"road":NaN,"cls":"tertiary","shops":1,"st_km":1.42,"mesh":"53395565"},"geometry":{"type":"LineString","coordinates":[[139.69701,35.80416],[139.69697,35.80417]]}},{"type":"Feature","properties":{"idx":342,"road":NaN,"cls":"tertiary","shops":0,"st_km":0.39,"mesh":"53395558"},"geometry":{"type":"LineString","coordinates":[[139.72928,35.79659],[139.72798,35.79698]]}},{"type":"Feature","properties":{"idx":511,"road":NaN,"cls":"tertiary","shops":1,"st_km":0.39,"mesh":"53395558"},"geometry":{"type":"LineString","coordinates":[[139.72798,35.79698],[139.72766,35.79707]]}},{"type":"Feature","properties":{"idx":330,"road":NaN,"cls":"tertiary","shops":0,"st_km":0.42,"mesh":"53395558"},"geometry":{"type":"LineString","coordinates":[[139.72652,35.79754],[139.72662,35.79743]]}},{"type":"Feature","properties":{"idx":335,"road":NaN,"cls":"tertiary","shops":0,"st_km":0.41,"mesh":"53395558"},"geometry":{"type":"LineString","coordinates":[[139.72766,35.79707],[139.72684,35.79733],[139.72663,35.79731]]}},{"type":"Feature","properties":{"idx":399,"road":"本町大通り","cls":"primary","shops":0,"st_km":0.46,"mesh":"53395558"},"geometry":{"type":"LineString","coordinates":[[139.72652,35.79731],[139.726,35.79754],[139.72556,35.79787]]}},{"type":"Feature","properties":{"idx":240,"road":NaN,"cls":"tertiary","shops":0,"st_km":0.77,"mesh":"53395558"},"geometry":{"type":"LineString","coordinates":[[139.72509,35.79431],[139.72606,35.794]]}},{"type":"Feature","properties":{"idx":316,"road":"中央道路","cls":"secondary","shops":0,"st_km":1.33,"mesh":"53395577"},"geometry":{"type":"LineString","coordinates":[[139.72176,35.80687],[139.72071,35.81104],[139.71941,35.8136],[139.71806,35.81604],[139.71744,35.81755],[139.71736,35.81813],[139.71731,35.82055]]}},{"type":"Feature","properties":{"idx":533,"road":"中央道路","cls":"secondary","shops":2,"st_km":1.63,"mesh":"53395597"},"geometry":{"type":"LineString","coordinates":[[139.71728,35.82567],[139.71729,35.8258]]}},{"type":"Feature","properties":{"idx":1734,"road":"十条銀座商店街","cls":"pedestrian","shops":29,"st_km":0.25,"mesh":"53395517"},"geometry":{"type":"LineString","coordinates":[[139.7215,35.76075],[139.7213,35.76158],[139.72128,35.76221],[139.72135,35.76299],[139.72133,35.76424]]}},{"type":"Feature","properties":{"idx":1677,"road":"十条銀座西通り","cls":"pedestrian","shops":26,"st_km":0.18,"mesh":"53395517"},"geometry":{"type":"LineString","coordinates":[[139.72042,35.76159],[139.7213,35.76158]]}},{"type":"Feature","properties":{"idx":3190,"road":"十条銀座東通り","cls":"pedestrian","shops":48,"st_km":0.12,"mesh":"53395517"},"geometry":{"type":"LineString","coordinates":[[139.72222,35.76137],[139.72134,35.76143]]}},{"type":"Feature","properties":{"idx":574,"road":"さいたま鳩ヶ谷線","cls":"secondary","shops":2,"st_km":0.83,"mesh":"53395589"},"geometry":{"type":"LineString","coordinates":[[139.73816,35.82336],[139.73806,35.82333]]}},{"type":"Feature","properties":{"idx":668,"road":"高島通り","cls":"secondary","shops":0,"st_km":0.57,"mesh":"53395544"},"geometry":{"type":"LineString","coordinates":[[139.68658,35.78468],[139.68647,35.78462],[139.68633,35.78461],[139.68396,35.7848]]}},{"type":"Feature","properties":{"idx":737,"road":"環七通り","cls":"primary","shops":1,"st_km":0.2,"mesh":"53395516"},"geometry":{"type":"LineString","coordinates":[[139.70429,35.76097],[139.70257,35.76053]]}},{"type":"Feature","properties":{"idx":2506,"road":"環七通り","cls":"primary","shops":10,"st_km":0.36,"mesh":"53395516"},"geometry":{"type":"LineString","coordinates":[[139.70773,35.76184],[139.71086,35.7628]]}},{"type":"Feature","properties":{"idx":1442,"road":"環七通り","cls":"primary","shops":3,"st_km":0.05,"mesh":"53395516"},"geometry":{"type":"LineString","coordinates":[[139.70774,35.76178],[139.7068,35.76151],[139.70565,35.76131],[139.70429,35.76097]]}},{"type":"Feature","properties":{"idx":1437,"road":"環七通り","cls":"primary","shops":3,"st_km":0.05,"mesh":"53395516"},"geometry":{"type":"LineString","coordinates":[[139.70426,35.76103],[139.70556,35.76136],[139.70667,35.76155],[139.70773,35.76184]]}},{"type":"Feature","properties":{"idx":185,"road":"東京都道446号長後赤塚線","cls":"secondary","shops":0,"st_km":0.7,"mesh":"53395533"},"geometry":{"type":"LineString","coordinates":[[139.67326,35.7797],[139.67297,35.7803],[139.67278,35.78051]]}},{"type":"Feature","properties":{"idx":126,"road":NaN,"cls":"secondary_link","shops":0,"st_km":0.67,"mesh":"53395533"},"geometry":{"type":"LineString","coordinates":[[139.6734,35.78046],[139.67278,35.78051]]}},{"type":"Feature","properties":{"idx":127,"road":NaN,"cls":"secondary_link","shops":0,"st_km":0.66,"mesh":"53395533"},"geometry":{"type":"LineString","coordinates":[[139.67352,35.78121],[139.67344,35.78107],[139.67331,35.781],[139.67229,35.78107],[139.67182,35.78105]]}},{"type":"Feature","properties":{"idx":197,"road":NaN,"cls":"tertiary","shops":0,"st_km":0.65,"mesh":"53395534"},"geometry":{"type":"LineString","coordinates":[[139.67731,35.77638],[139.68056,35.7755]]}},{"type":"Feature","properties":{"idx":200,"road":NaN,"cls":"tertiary","shops":1,"st_km":0.96,"mesh":"53395533"},"geometry":{"type":"LineString","coordinates":[[139.66531,35.78054],[139.66386,35.78039],[139.66217,35.78033],[139.66147,35.7802],[139.66046,35.77986]]}},{"type":"Feature","properties":{"idx":945,"road":NaN,"cls":"pedestrian","shops":1,"st_km":0.09,"mesh":"53395526"},"geometry":{"type":"LineString","coordinates":[[139.70167,35.76976],[139.70141,35.76963]]}},{"type":"Feature","properties":{"idx":716,"road":NaN,"cls":"pedestrian","shops":1,"st_km":0.32,"mesh":"53395516"},"geometry":{"type":"LineString","coordinates":[[139.7069,35.75839],[139.70655,35.75829]]}},{"type":"Feature","properties":{"idx":2557,"road":NaN,"cls":"pedestrian","shops":5,"st_km":0.52,"mesh":"53395506"},"geometry":{"type":"LineString","coordinates":[[139.70798,35.75563],[139.70762,35.75554]]}},{"type":"Feature","properties":{"idx":267,"road":NaN,"cls":"pedestrian","shops":0,"st_km":0.82,"mesh":"53395575"},"geometry":{"type":"LineString","coordinates":[[139.69696,35.81179],[139.69582,35.81215]]}},{"type":"Feature","properties":{"idx":181,"road":NaN,"cls":"tertiary","shops":0,"st_km":0.9,"mesh":"53395575"},"geometry":{"type":"LineString","coordinates":[[139.69591,35.81233],[139.69525,35.81091]]}},{"type":"Feature","properties":{"idx":916,"road":NaN,"cls":"pedestrian","shops":0,"st_km":0.29,"mesh":"53395506"},"geometry":{"type":"LineString","coordinates":[[139.70872,35.7536],[139.70831,35.75355]]}},{"type":"Feature","properties":{"idx":257,"road":NaN,"cls":"pedestrian","shops":0,"st_km":0.87,"mesh":"53395575"},"geometry":{"type":"LineString","coordinates":[[139.69692,35.81096],[139.6967,35.81047]]}},{"type":"Feature","properties":{"idx":207,"road":NaN,"cls":"pedestrian","shops":0,"st_km":1.13,"mesh":"53395575"},"geometry":{"type":"LineString","coordinates":[[139.69459,35.80947],[139.69391,35.80969]]}},{"type":"Feature","properties":{"idx":292,"road":NaN,"cls":"pedestrian","shops":0,"st_km":0.72,"mesh":"53395575"},"geometry":{"type":"LineString","coordinates":[[139.69634,35.81444],[139.69657,35.81495]]}},{"type":"Feature","properties":{"idx":332,"road":"明治通り","cls":"primary","shops":2,"st_km":0.47,"mesh":"53395509"},"geometry":{"type":"LineString","coordinates":[[139.74172,35.75592],[139.74161,35.7558]]}},{"type":"Feature","properties":{"idx":292,"road":"王子千住夢の島線","cls":"primary_link","shops":3,"st_km":0.46,"mesh":"53395509"},"geometry":{"type":"LineString","coordinates":[[139.74161,35.7558],[139.74109,35.75623]]}},{"type":"Feature","properties":{"idx":485,"road":"王子金町市川線","cls":"primary","shops":5,"st_km":0.66,"mesh":"53395509"},"geometry":{"type":"LineString","coordinates":[[139.74178,35.75618],[139.74337,35.75784],[139.74395,35.75841],[139.74403,35.75845]]}},{"type":"Feature","properties":{"idx":236,"road":NaN,"cls":"tertiary","shops":1,"st_km":0.23,"mesh":"53395509"},"geometry":{"type":"LineString","coordinates":[[139.74549,35.75287],[139.74518,35.75262],[139.74515,35.75183],[139.745,35.75162],[139.74491,35.75126],[139.74482,35.75118],[139.74434,35.75116],[139.74399,35.75131],[139.74308,35.75156],[139.74266,35.75174]]}},{"type":"Feature","properties":{"idx":346,"road":NaN,"cls":"tertiary","shops":7,"st_km":0.29,"mesh":"53395517"},"geometry":{"type":"LineString","coordinates":[[139.72224,35.7642],[139.72247,35.76414],[139.72385,35.76425],[139.72495,35.76447]]}},{"type":"Feature","properties":{"idx":194,"road":NaN,"cls":"tertiary","shops":4,"st_km":0.48,"mesh":"53395517"},"geometry":{"type":"LineString","coordinates":[[139.71573,35.76211],[139.71727,35.76324],[139.71794,35.76328],[139.71944,35.76387],[139.71991,35.76396],[139.72071,35.76403],[139.72164,35.76435],[139.72224,35.7642]]}},{"type":"Feature","properties":{"idx":608,"road":"中十条赤羽線","cls":"secondary","shops":4,"st_km":0.68,"mesh":"53395527"},"geometry":{"type":"LineString","coordinates":[[139.7216,35.77156],[139.72189,35.77119],[139.72266,35.77042],[139.72341,35.76897],[139.72352,35.76864],[139.72353,35.76786],[139.72385,35.76663]]}},{"type":"Feature","properties":{"idx":193,"road":NaN,"cls":"tertiary","shops":3,"st_km":0.28,"mesh":"53395517"},"geometry":{"type":"LineString","coordinates":[[139.7255,35.76302],[139.72521,35.76294],[139.7239,35.76288],[139.72268,35.76288],[139.72222,35.76294]]}},{"type":"Feature","properties":{"idx":465,"road":"環七通り","cls":"primary","shops":11,"st_km":0.59,"mesh":"53395517"},"geometry":{"type":"LineString","coordinates":[[139.72219,35.76644],[139.72172,35.76638],[139.72136,35.76627],[139.71956,35.76535]]}},{"type":"Feature","properties":{"idx":155,"road":"環七通り","cls":"primary","shops":2,"st_km":0.5,"mesh":"53395517"},"geometry":{"type":"LineString","coordinates":[[139.72218,35.76652],[139.72233,35.76653]]}},{"type":"Feature","properties":{"idx":156,"road":"環七通り","cls":"primary","shops":2,"st_km":0.5,"mesh":"53395517"},"geometry":{"type":"LineString","coordinates":[[139.72234,35.76645],[139.72219,35.76644]]}},{"type":"Feature","properties":{"idx":245,"road":"環七通り","cls":"primary","shops":4,"st_km":0.45,"mesh":"53395517"},"geometry":{"type":"LineString","coordinates":[[139.72233,35.76653],[139.72385,35.76663]]}},{"type":"Feature","properties":{"idx":1823,"road":NaN,"cls":"tertiary","shops":11,"st_km":0.16,"mesh":"53395518"},"geometry":{"type":"LineString","coordinates":[[139.72745,35.76259],[139.72803,35.76296],[139.7285,35.76319],[139.72875,35.76325],[139.72915,35.76323]]}},{"type":"Feature","properties":{"idx":1297,"road":NaN,"cls":"tertiary","shops":8,"st_km":0.24,"mesh":"53395518"},"geometry":{"type":"LineString","coordinates":[[139.72915,35.76323],[139.72929,35.7632]]}},{"type":"Feature","properties":{"idx":1105,"road":NaN,"cls":"tertiary","shops":6,"st_km":0.18,"mesh":"53395518"},"geometry":{"type":"LineString","coordinates":[[139.72603,35.76197],[139.7271,35.7624],[139.72745,35.76259]]}},{"type":"Feature","properties":{"idx":181,"road":"富士見銀座商店街","cls":"tertiary","shops":4,"st_km":0.53,"mesh":"53395517"},"geometry":{"type":"LineString","coordinates":[[139.72135,35.76425],[139.72097,35.76557],[139.72077,35.76598]]}},{"type":"Feature","properties":{"idx":1823,"road":NaN,"cls":"pedestrian","shops":30,"st_km":0.23,"mesh":"53395517"},"geometry":{"type":"LineString","coordinates":[[139.7209,35.76226],[139.72128,35.76221]]}},{"type":"Feature","properties":{"idx":1703,"road":NaN,"cls":"pedestrian","shops":23,"st_km":0.06,"mesh":"53395517"},"geometry":{"type":"LineString","coordinates":[[139.72194,35.76093],[139.72191,35.7608]]}},{"type":"Feature","properties":{"idx":2836,"road":NaN,"cls":"pedestrian","shops":41,"st_km":0.09,"mesh":"53395517"},"geometry":{"type":"LineString","coordinates":[[139.72194,35.76141],[139.72194,35.76093]]}},{"type":"Feature","properties":{"idx":278,"road":NaN,"cls":"pedestrian","shops":2,"st_km":0.04,"mesh":"53395517"},"geometry":{"type":"LineString","coordinates":[[139.72203,35.76051],[139.72211,35.76031],[139.72217,35.7603],[139.72213,35.75948]]}},{"type":"Feature","properties":{"idx":107,"road":"環状線通り","cls":"secondary","shops":0,"st_km":0.64,"mesh":"53395576"},"geometry":{"type":"LineString","coordinates":[[139.70227,35.80614],[139.70225,35.80747],[139.70252,35.81383]]}},{"type":"Feature","properties":{"idx":122,"road":"環七通り","cls":"primary","shops":2,"st_km":0.75,"mesh":"53395517"},"geometry":{"type":"LineString","coordinates":[[139.71456,35.76381],[139.71209,35.7631]]}},{"type":"Feature","properties":{"idx":122,"road":"環七通り","cls":"primary","shops":2,"st_km":0.75,"mesh":"53395517"},"geometry":{"type":"LineString","coordinates":[[139.71206,35.76316],[139.71454,35.76388]]}},{"type":"Feature","properties":{"idx":186,"road":"環七通り","cls":"primary","shops":4,"st_km":0.76,"mesh":"53395517"},"geometry":{"type":"LineString","coordinates":[[139.71454,35.76388],[139.71572,35.76418]]}},{"type":"Feature","properties":{"idx":1197,"road":"環七通り","cls":"primary","shops":5,"st_km":0.57,"mesh":"53395516"},"geometry":{"type":"LineString","coordinates":[[139.71209,35.7631],[139.71082,35.76271]]}},{"type":"Feature","properties":{"idx":338,"road":NaN,"cls":"primary_link","shops":1,"st_km":0.63,"mesh":"53395516"},"geometry":{"type":"LineString","coordinates":[[139.71086,35.7628],[139.71113,35.76294],[139.71334,35.7636]]}},{"type":"Feature","properties":{"idx":149,"road":NaN,"cls":"primary_link","shops":5,"st_km":0.78,"mesh":"53395517"},"geometry":{"type":"LineString","coordinates":[[139.71576,35.76411],[139.71544,35.76397],[139.71353,35.76347]]}},{"type":"Feature","properties":{"idx":218,"road":NaN,"cls":"primary_link","shops":8,"st_km":0.72,"mesh":"53395517"},"geometry":{"type":"LineString","coordinates":[[139.71292,35.76348],[139.71297,35.7636],[139.71293,35.76381]]}},{"type":"Feature","properties":{"idx":245,"road":"環七通り","cls":"primary","shops":0,"st_km":0.38,"mesh":"53395528"},"geometry":{"type":"LineString","coordinates":[[139.72693,35.76743],[139.72551,35.76702]]}},{"type":"Feature","properties":{"idx":245,"road":"環七通り","cls":"primary","shops":0,"st_km":0.38,"mesh":"53395528"},"geometry":{"type":"LineString","coordinates":[[139.72455,35.76682],[139.72548,35.76708]]}},{"type":"Feature","properties":{"idx":210,"road":"環七通り","cls":"primary","shops":3,"st_km":0.42,"mesh":"53395517"},"geometry":{"type":"LineString","coordinates":[[139.72458,35.76676],[139.7238,35.76654],[139.72234,35.76645]]}},{"type":"Feature","properties":{"idx":1481,"road":NaN,"cls":"pedestrian","shops":11,"st_km":0.77,"mesh":"53395527"},"geometry":{"type":"LineString","coordinates":[[139.7213,35.76927],[139.72138,35.76918]]}},{"type":"Feature","properties":{"idx":1993,"road":NaN,"cls":"tertiary","shops":10,"st_km":0.37,"mesh":"53395516"},"geometry":{"type":"LineString","coordinates":[[139.70939,35.76227],[139.70935,35.76235]]}},{"type":"Feature","properties":{"idx":135,"road":NaN,"cls":"tertiary","shops":3,"st_km":0.66,"mesh":"53395517"},"geometry":{"type":"LineString","coordinates":[[139.71525,35.76144],[139.71469,35.76096]]}},{"type":"Feature","properties":{"idx":433,"road":NaN,"cls":"tertiary","shops":2,"st_km":0.47,"mesh":"53395508"},"geometry":{"type":"LineString","coordinates":[[139.72673,35.75839],[139.72675,35.75807]]}},{"type":"Feature","properties":{"idx":309,"road":"本郷赤羽線","cls":"secondary","shops":1,"st_km":0.65,"mesh":"53395508"},"geometry":{"type":"LineString","coordinates":[[139.72891,35.75845],[139.72898,35.75809]]}},{"type":"Feature","properties":{"idx":394,"road":NaN,"cls":"tertiary","shops":2,"st_km":0.57,"mesh":"53395508"},"geometry":{"type":"LineString","coordinates":[[139.72675,35.75807],[139.72802,35.75804],[139.72898,35.75809]]}},{"type":"Feature","properties":{"idx":373,"road":NaN,"cls":"pedestrian","shops":0,"st_km":0.57,"mesh":"53395516"},"geometry":{"type":"LineString","coordinates":[[139.71058,35.75874],[139.71166,35.75917],[139.712,35.7592],[139.7124,35.75907]]}},{"type":"Feature","properties":{"idx":540,"road":"加賀学園通り","cls":"tertiary","shops":0,"st_km":0.64,"mesh":"53395507"},"geometry":{"type":"LineString","coordinates":[[139.71677,35.75643],[139.71651,35.75673],[139.71622,35.75743],[139.71594,35.7579],[139.71569,35.75811],[139.71528,35.75817]]}},{"type":"Feature","properties":{"idx":578,"road":"本郷赤羽線","cls":"secondary","shops":4,"st_km":0.7,"mesh":"53395508"},"geometry":{"type":"LineString","coordinates":[[139.72915,35.75784],[139.72978,35.758]]}},{"type":"Feature","properties":{"idx":671,"road":"南橋トンネル","cls":"secondary","shops":5,"st_km":0.71,"mesh":"53395508"},"geometry":{"type":"LineString","coordinates":[[139.72978,35.758],[139.7302,35.75811],[139.7308,35.75839]]}},{"type":"Feature","properties":{"idx":1496,"road":"中十条赤羽線","cls":"secondary","shops":8,"st_km":0.21,"mesh":"53395518"},"geometry":{"type":"LineString","coordinates":[[139.72385,35.76663],[139.72491,35.76456],[139.72528,35.76349],[139.72599,35.76202],[139.72663,35.76129],[139.72708,35.76099],[139.72907,35.75941],[139.72972,35.75844],[139.72974,35.75827]]}},{"type":"Feature","properties":{"idx":621,"road":"補助第89号線","cls":"tertiary","shops":10,"st_km":0.22,"mesh":"53395537"},"geometry":{"type":"LineString","coordinates":[[139.72309,35.77586],[139.72302,35.77601],[139.72296,35.77667]]}},{"type":"Feature","properties":{"idx":1915,"road":"ララガーデン","cls":"pedestrian","shops":29,"st_km":0.36,"mesh":"53395537"},"geometry":{"type":"LineString","coordinates":[[139.72257,35.77927],[139.72639,35.77958]]}},{"type":"Feature","properties":{"idx":204,"road":NaN,"cls":"tertiary","shops":0,"st_km":0.45,"mesh":"53395508"},"geometry":{"type":"LineString","coordinates":[[139.7322,35.75517],[139.73265,35.75492],[139.7331,35.75476],[139.73514,35.75434],[139.73538,35.75422],[139.73552,35.75408]]}},{"type":"Feature","properties":{"idx":744,"road":NaN,"cls":"tertiary","shops":5,"st_km":0.4,"mesh":"53395508"},"geometry":{"type":"LineString","coordinates":[[139.73568,35.75415],[139.73522,35.75484],[139.7348,35.75522],[139.73457,35.75552],[139.73399,35.7561]]}},{"type":"Feature","properties":{"idx":217,"road":NaN,"cls":"tertiary","shops":1,"st_km":0.71,"mesh":"53395508"},"geometry":{"type":"LineString","coordinates":[[139.73021,35.75301],[139.73032,35.75258]]}},{"type":"Feature","properties":{"idx":533,"road":NaN,"cls":"tertiary","shops":0,"st_km":0.61,"mesh":"53395507"},"geometry":{"type":"LineString","coordinates":[[139.72248,35.75373],[139.72222,35.75384]]}},{"type":"Feature","properties":{"idx":533,"road":NaN,"cls":"tertiary","shops":0,"st_km":0.61,"mesh":"53395507"},"geometry":{"type":"LineString","coordinates":[[139.72222,35.75384],[139.72204,35.7539]]}},{"type":"Feature","properties":{"idx":943,"road":"王子新道","cls":"tertiary","shops":1,"st_km":0.44,"mesh":"53395507"},"geometry":{"type":"LineString","coordinates":[[139.72071,35.75256],[139.72089,35.75266]]}},{"type":"Feature","properties":{"idx":319,"road":NaN,"cls":"tertiary","shops":3,"st_km":0.86,"mesh":"53395508"},"geometry":{"type":"LineString","coordinates":[[139.72636,35.75214],[139.73021,35.75301]]}},{"type":"Feature","properties":{"idx":1248,"road":"王子新道","cls":"tertiary","shops":2,"st_km":0.45,"mesh":"53395507"},"geometry":{"type":"LineString","coordinates":[[139.72089,35.75266],[139.7211,35.75273],[139.72135,35.75268],[139.7221,35.75206],[139.72224,35.752],[139.72257,35.75199]]}},{"type":"Feature","properties":{"idx":395,"road":NaN,"cls":"tertiary","shops":3,"st_km":0.77,"mesh":"53395508"},"geometry":{"type":"LineString","coordinates":[[139.72636,35.75214],[139.72782,35.75148]]}},{"type":"Feature","properties":{"idx":151,"road":NaN,"cls":"tertiary_link","shops":1,"st_km":0.75,"mesh":"53395508"},"geometry":{"type":"LineString","coordinates":[[139.7267,35.7522],[139.72664,35.75209],[139.72664,35.75198]]}},{"type":"Feature","properties":{"idx":105,"road":NaN,"cls":"tertiary_link","shops":0,"st_km":0.7,"mesh":"53395508"},"geometry":{"type":"LineString","coordinates":[[139.72587,35.75206],[139.72592,35.75213],[139.72586,35.75225]]}},{"type":"Feature","properties":{"idx":303,"road":NaN,"cls":"tertiary","shops":2,"st_km":0.68,"mesh":"53395508"},"geometry":{"type":"LineString","coordinates":[[139.72802,35.75139],[139.72943,35.75082],[139.73071,35.75087]]}},{"type":"Feature","properties":{"idx":520,"road":NaN,"cls":"tertiary","shops":0,"st_km":0.64,"mesh":"53395507"},"geometry":{"type":"LineString","coordinates":[[139.72636,35.75214],[139.72564,35.75232],[139.72248,35.75373]]}},{"type":"Feature","properties":{"idx":1226,"road":NaN,"cls":"tertiary","shops":2,"st_km":0.46,"mesh":"53395507"},"geometry":{"type":"LineString","coordinates":[[139.71689,35.75127],[139.71622,35.75223],[139.71579,35.75313]]}},{"type":"Feature","properties":{"idx":614,"road":NaN,"cls":"tertiary","shops":0,"st_km":0.47,"mesh":"53395507"},"geometry":{"type":"LineString","coordinates":[[139.71438,35.75156],[139.71503,35.75204],[139.71616,35.75237]]}},{"type":"Feature","properties":{"idx":899,"road":NaN,"cls":"tertiary","shops":1,"st_km":0.49,"mesh":"53395507"},"geometry":{"type":"LineString","coordinates":[[139.71719,35.75323],[139.71737,35.75256]]}},{"type":"Feature","properties":{"idx":3607,"road":NaN,"cls":"tertiary","shops":7,"st_km":0.11,"mesh":"53395506"},"geometry":{"type":"LineString","coordinates":[[139.7086,35.7507],[139.70967,35.75064]]}},{"type":"Feature","properties":{"idx":707,"road":"鮫洲大山線","cls":"secondary","shops":0,"st_km":0.36,"mesh":"53395506"},"geometry":{"type":"LineString","coordinates":[[139.70168,35.74972],[139.70255,35.75013],[139.70407,35.75059],[139.70712,35.75195],[139.7076,35.75209],[139.70841,35.75219]]}},{"type":"Feature","properties":{"idx":1350,"road":"山手通り","cls":"primary","shops":1,"st_km":0.21,"mesh":"53395506"},"geometry":{"type":"LineString","coordinates":[[139.70818,35.74734],[139.70844,35.75275]]}},{"type":"Feature","properties":{"idx":1010,"road":"豊島病院通り","cls":"tertiary","shops":2,"st_km":0.59,"mesh":"53395506"},"geometry":{"type":"LineString","coordinates":[[139.69687,35.75382],[139.69975,35.75349],[139.70107,35.7534],[139.7028,35.75373],[139.70407,35.75389],[139.706,35.7545],[139.70774,35.75532]]}},{"type":"Feature","properties":{"idx":764,"road":NaN,"cls":"tertiary","shops":2,"st_km":0.51,"mesh":"53395505"},"geometry":{"type":"LineString","coordinates":[[139.69548,35.75015],[139.69597,35.75068],[139.69603,35.75139],[139.69633,35.75259],[139.69687,35.75382]]}},{"type":"Feature","properties":{"idx":360,"road":NaN,"cls":"tertiary","shops":0,"st_km":0.57,"mesh":"53395505"},"geometry":{"type":"LineString","coordinates":[[139.69774,35.75221],[139.6986,35.75218]]}},{"type":"Feature","properties":{"idx":381,"road":NaN,"cls":"tertiary","shops":0,"st_km":0.51,"mesh":"53395505"},"geometry":{"type":"LineString","coordinates":[[139.69624,35.75223],[139.69774,35.75221]]}},{"type":"Feature","properties":{"idx":603,"road":NaN,"cls":"tertiary","shops":1,"st_km":0.45,"mesh":"53395505"},"geometry":{"type":"LineString","coordinates":[[139.69624,35.75223],[139.69486,35.75226],[139.69421,35.75222]]}},{"type":"Feature","properties":{"idx":390,"road":NaN,"cls":"tertiary","shops":0,"st_km":0.51,"mesh":"53395505"},"geometry":{"type":"LineString","coordinates":[[139.6986,35.75218],[139.70036,35.75221]]}},{"type":"Feature","properties":{"idx":374,"road":NaN,"cls":"tertiary","shops":0,"st_km":0.55,"mesh":"53395505"},"geometry":{"type":"LineString","coordinates":[[139.69959,35.75351],[139.69961,35.75332],[139.7,35.75284],[139.70036,35.75221]]}},{"type":"Feature","properties":{"idx":594,"road":NaN,"cls":"tertiary","shops":0,"st_km":0.42,"mesh":"53395506"},"geometry":{"type":"LineString","coordinates":[[139.70036,35.75221],[139.70084,35.75133]]}},{"type":"Feature","properties":{"idx":781,"road":NaN,"cls":"tertiary","shops":1,"st_km":0.54,"mesh":"53395506"},"geometry":{"type":"LineString","coordinates":[[139.70494,35.75416],[139.70492,35.75405],[139.70513,35.75357]]}},{"type":"Feature","properties":{"idx":368,"road":"環七通り","cls":"primary_link","shops":3,"st_km":0.52,"mesh":"53395528"},"geometry":{"type":"LineString","coordinates":[[139.7343,35.76966],[139.73512,35.77017]]}},{"type":"Feature","properties":{"idx":451,"road":"環七通り","cls":"primary_link","shops":4,"st_km":0.5,"mesh":"53395528"},"geometry":{"type":"LineString","coordinates":[[139.73526,35.77003],[139.73438,35.76945]]}},{"type":"Feature","properties":{"idx":2211,"road":NaN,"cls":"tertiary","shops":6,"st_km":0.16,"mesh":"53395505"},"geometry":{"type":"LineString","coordinates":[[139.68676,35.75592],[139.68946,35.75788],[139.68994,35.75838],[139.69017,35.75866],[139.69019,35.75888],[139.69005,35.75912],[139.68979,35.75923]]}},{"type":"Feature","properties":{"idx":659,"road":NaN,"cls":"tertiary","shops":0,"st_km":0.4,"mesh":"53395515"},"geometry":{"type":"LineString","coordinates":[[139.68891,35.7635],[139.68894,35.76322],[139.68886,35.76156]]}},{"type":"Feature","properties":{"idx":654,"road":NaN,"cls":"tertiary","shops":0,"st_km":0.41,"mesh":"53395515"},"geometry":{"type":"LineString","coordinates":[[139.69092,35.75979],[139.69104,35.76002],[139.69175,35.76096],[139.69265,35.76204],[139.69291,35.76251],[139.6931,35.76305]]}},{"type":"Feature","properties":{"idx":1080,"road":"富士見街道","cls":"tertiary","shops":1,"st_km":0.5,"mesh":"53395514"},"geometry":{"type":"LineString","coordinates":[[139.67903,35.76523],[139.68224,35.76436],[139.68326,35.76404],[139.68405,35.76371]]}},{"type":"Feature","properties":{"idx":714,"road":NaN,"cls":"tertiary","shops":0,"st_km":0.32,"mesh":"53395515"},"geometry":{"type":"LineString","coordinates":[[139.68643,35.76181],[139.69027,35.7614],[139.69133,35.76115],[139.69225,35.76068],[139.69291,35.7602],[139.69355,35.75945],[139.69382,35.75893]]}},{"type":"Feature","properties":{"idx":563,"road":NaN,"cls":"tertiary","shops":1,"st_km":0.84,"mesh":"53395504"},"geometry":{"type":"LineString","coordinates":[[139.68024,35.75405],[139.68088,35.75409],[139.68228,35.75369],[139.68352,35.75363]]}},{"type":"Feature","properties":{"idx":1335,"road":NaN,"cls":"tertiary","shops":5,"st_km":0.82,"mesh":"53395504"},"geometry":{"type":"LineString","coordinates":[[139.68349,35.75212],[139.68352,35.75363]]}},{"type":"Feature","properties":{"idx":751,"road":NaN,"cls":"tertiary","shops":0,"st_km":0.51,"mesh":"53395503"},"geometry":{"type":"LineString","coordinates":[[139.6681,35.75237],[139.6686,35.75258],[139.66922,35.75273],[139.67071,35.75269],[139.67081,35.75272],[139.671,35.75292]]}},{"type":"Feature","properties":{"idx":385,"road":NaN,"cls":"primary_link","shops":0,"st_km":0.53,"mesh":"53395513"},"geometry":{"type":"LineString","coordinates":[[139.66697,35.76561],[139.66683,35.7654],[139.6658,35.76462]]}},{"type":"Feature","properties":{"idx":180,"road":NaN,"cls":"primary_link","shops":2,"st_km":0.47,"mesh":"53395501"},"geometry":{"type":"LineString","coordinates":[[139.64508,35.75383],[139.64491,35.75388],[139.64493,35.75399]]}},{"type":"Feature","properties":{"idx":121,"road":"環八通り","cls":"primary","shops":0,"st_km":0.54,"mesh":"53395501"},"geometry":{"type":"LineString","coordinates":[[139.64618,35.75451],[139.64502,35.75388]]}},{"type":"Feature","properties":{"idx":225,"road":"環八通り","cls":"primary","shops":2,"st_km":0.61,"mesh":"53395501"},"geometry":{"type":"LineString","coordinates":[[139.64611,35.75455],[139.64638,35.7547]]}},{"type":"Feature","properties":{"idx":181,"road":"環八通り","cls":"primary","shops":1,"st_km":0.54,"mesh":"53395501"},"geometry":{"type":"LineString","coordinates":[[139.64498,35.75394],[139.64611,35.75455]]}},{"type":"Feature","properties":{"idx":336,"road":"環八通り","cls":"primary","shops":3,"st_km":0.43,"mesh":"53395501"},"geometry":{"type":"LineString","coordinates":[[139.64502,35.75388],[139.6441,35.75339]]}},{"type":"Feature","properties":{"idx":201,"road":NaN,"cls":"tertiary","shops":0,"st_km":0.64,"mesh":"53395512"},"geometry":{"type":"LineString","coordinates":[[139.65361,35.7639],[139.6541,35.76352],[139.65505,35.76264]]}},{"type":"Feature","properties":{"idx":300,"road":"練馬川口線","cls":"primary","shops":0,"st_km":0.48,"mesh":"53395567"},"geometry":{"type":"LineString","coordinates":[[139.71682,35.80612],[139.71696,35.80614]]}},{"type":"Feature","properties":{"idx":79,"road":NaN,"cls":"tertiary","shops":0,"st_km":0.76,"mesh":"53395501"},"geometry":{"type":"LineString","coordinates":[[139.63972,35.75705],[139.63936,35.75833],[139.63874,35.75869],[139.63859,35.75885]]}},{"type":"Feature","properties":{"idx":103,"road":NaN,"cls":"tertiary","shops":0,"st_km":1.26,"mesh":"53395539"},"geometry":{"type":"LineString","coordinates":[[139.74603,35.77915],[139.74655,35.77853],[139.7469,35.7782]]}},{"type":"Feature","properties":{"idx":444,"road":NaN,"cls":"tertiary","shops":1,"st_km":0.45,"mesh":"53395522"},"geometry":{"type":"LineString","coordinates":[[139.65846,35.76853],[139.65838,35.76819],[139.65786,35.76717],[139.65704,35.76606]]}},{"type":"Feature","properties":{"idx":230,"road":NaN,"cls":"tertiary","shops":0,"st_km":0.95,"mesh":"53395589"},"geometry":{"type":"LineString","coordinates":[[139.74589,35.81931],[139.74312,35.8232]]}},{"type":"Feature","properties":{"idx":170,"road":NaN,"cls":"tertiary","shops":0,"st_km":1.21,"mesh":"53395579"},"geometry":{"type":"LineString","coordinates":[[139.75025,35.81546],[139.74873,35.81744]]}},{"type":"Feature","properties":{"idx":427,"road":NaN,"cls":"tertiary","shops":2,"st_km":1.05,"mesh":"53395589"},"geometry":{"type":"LineString","coordinates":[[139.74676,35.81942],[139.74697,35.81895],[139.74729,35.81842],[139.74817,35.81734]]}},{"type":"Feature","properties":{"idx":209,"road":"オリンピック通り","cls":"primary","shops":0,"st_km":1.85,"mesh":"53395562"},"geometry":{"type":"LineString","coordinates":[[139.6517,35.80672],[139.65326,35.80794],[139.65412,35.80784]]}},{"type":"Feature","properties":{"idx":334,"road":"辺島橋","cls":"primary","shops":1,"st_km":1.73,"mesh":"53395562"},"geometry":{"type":"LineString","coordinates":[[139.65161,35.80664],[139.6517,35.80672]]}},{"type":"Feature","properties":{"idx":214,"road":NaN,"cls":"tertiary","shops":0,"st_km":1.81,"mesh":"53395572"},"geometry":{"type":"LineString","coordinates":[[139.65419,35.80866],[139.65334,35.8088],[139.65078,35.81117],[139.65066,35.81133],[139.65054,35.81162],[139.65049,35.81258]]}},{"type":"Feature","properties":{"idx":269,"road":NaN,"cls":"tertiary","shops":0,"st_km":1.41,"mesh":"53395572"},"geometry":{"type":"LineString","coordinates":[[139.65853,35.80857],[139.65849,35.80871],[139.65817,35.80896],[139.657,35.81016],[139.65687,35.81043],[139.65685,35.81063]]}},{"type":"Feature","properties":{"idx":352,"road":NaN,"cls":"tertiary","shops":0,"st_km":1.01,"mesh":"53395582"},"geometry":{"type":"LineString","coordinates":[[139.65283,35.82068],[139.65268,35.82114],[139.65251,35.82148],[139.64998,35.8244]]}},{"type":"Feature","properties":{"idx":436,"road":NaN,"cls":"tertiary","shops":0,"st_km":1.22,"mesh":"53395581"},"geometry":{"type":"LineString","coordinates":[[139.64762,35.82061],[139.65139,35.82276]]}},{"type":"Feature","properties":{"idx":998,"road":"川口蕨線","cls":"secondary","shops":2,"st_km":0.82,"mesh":"53395585"},"geometry":{"type":"LineString","coordinates":[[139.68923,35.82507],[139.6903,35.82491],[139.69071,35.82472],[139.69341,35.82266],[139.69728,35.81908],[139.69836,35.81833],[139.69988,35.81737]]}},{"type":"Feature","properties":{"idx":1058,"road":NaN,"cls":"tertiary","shops":2,"st_km":0.62,"mesh":"53395585"},"geometry":{"type":"LineString","coordinates":[[139.68963,35.82388],[139.69078,35.82075]]}},{"type":"Feature","properties":{"idx":1054,"road":"川口蕨線","cls":"secondary","shops":1,"st_km":0.45,"mesh":"53395585"},"geometry":{"type":"LineString","coordinates":[[139.69988,35.81737],[139.69995,35.81733]]}},{"type":"Feature","properties":{"idx":225,"road":"川口蕨線","cls":"secondary","shops":1,"st_km":0.3,"mesh":"53395576"},"geometry":{"type":"LineString","coordinates":[[139.69995,35.81733],[139.7026,35.81564]]}},{"type":"Feature","properties":{"idx":908,"road":"川口蕨線","cls":"secondary","shops":1,"st_km":0.24,"mesh":"53395595"},"geometry":{"type":"LineString","coordinates":[[139.68829,35.82748],[139.68923,35.82507]]}},{"type":"Feature","properties":{"idx":220,"road":NaN,"cls":"tertiary","shops":0,"st_km":0.71,"mesh":"53395522"},"geometry":{"type":"LineString","coordinates":[[139.65294,35.77222],[139.65219,35.77274],[139.65196,35.77302],[139.65115,35.77313],[139.65097,35.77311]]}},{"type":"Feature","properties":{"idx":189,"road":"西徳通り","cls":"tertiary","shops":0,"st_km":1.05,"mesh":"53395532"},"geometry":{"type":"LineString","coordinates":[[139.6521,35.77521],[139.65394,35.7761],[139.65451,35.77627],[139.6551,35.77634],[139.6559,35.77632],[139.65781,35.77604],[139.65974,35.77564]]}},{"type":"Feature","properties":{"idx":249,"road":NaN,"cls":"tertiary","shops":0,"st_km":0.63,"mesh":"53395522"},"geometry":{"type":"LineString","coordinates":[[139.65784,35.76905],[139.65809,35.7698],[139.65764,35.77216],[139.65709,35.77415],[139.65716,35.77439],[139.65765,35.77505],[139.65788,35.77603]]}},{"type":"Feature","properties":{"idx":6357,"road":"補助第238号線","cls":"tertiary","shops":29,"st_km":0.13,"mesh":"53395522"},"geometry":{"type":"LineString","coordinates":[[139.66153,35.76922],[139.66111,35.76929]]}},{"type":"Feature","properties":{"idx":256,"road":"徳丸石川通り","cls":"tertiary","shops":1,"st_km":1.09,"mesh":"53395532"},"geometry":{"type":"LineString","coordinates":[[139.65449,35.78095],[139.65487,35.77981]]}},{"type":"Feature","properties":{"idx":199,"road":NaN,"cls":"tertiary","shops":0,"st_km":0.82,"mesh":"53395522"},"geometry":{"type":"LineString","coordinates":[[139.65294,35.77222],[139.65479,35.77099]]}},{"type":"Feature","properties":{"idx":299,"road":NaN,"cls":"tertiary","shops":1,"st_km":0.98,"mesh":"53395532"},"geometry":{"type":"LineString","coordinates":[[139.65542,35.77546],[139.65596,35.77562],[139.65629,35.77627]]}},{"type":"Feature","properties":{"idx":656,"road":"補助第238号線","cls":"tertiary","shops":0,"st_km":0.25,"mesh":"53395523"},"geometry":{"type":"LineString","coordinates":[[139.66321,35.76884],[139.66589,35.76809],[139.66731,35.7676]]}},{"type":"Feature","properties":{"idx":813,"road":"補助第238号線","cls":"tertiary","shops":0,"st_km":0.05,"mesh":"53395523"},"geometry":{"type":"LineString","coordinates":[[139.66268,35.76898],[139.66321,35.76884]]}},{"type":"Feature","properties":{"idx":170,"road":"徳丸槙の道","cls":"tertiary","shops":0,"st_km":1.18,"mesh":"53395532"},"geometry":{"type":"LineString","coordinates":[[139.6515,35.77775],[139.65278,35.77788],[139.65471,35.77796],[139.65848,35.77795],[139.66093,35.77814]]}},{"type":"Feature","properties":{"idx":587,"road":NaN,"cls":"tertiary","shops":0,"st_km":0.36,"mesh":"53395523"},"geometry":{"type":"LineString","coordinates":[[139.66678,35.7678],[139.66659,35.76862],[139.66629,35.76953],[139.66624,35.76997]]}},{"type":"Feature","properties":{"idx":777,"road":"不動通り","cls":"tertiary","shops":0,"st_km":0.09,"mesh":"53395523"},"geometry":{"type":"LineString","coordinates":[[139.66293,35.76897],[139.663,35.76978]]}},{"type":"Feature","properties":{"idx":155,"road":NaN,"cls":"tertiary_link","shops":1,"st_km":1.16,"mesh":"53395532"},"geometry":{"type":"LineString","coordinates":[[139.65024,35.78004],[139.65012,35.77999],[139.65007,35.77989]]}},{"type":"Feature","properties":{"idx":206,"road":NaN,"cls":"tertiary_link","shops":2,"st_km":1.17,"mesh":"53395532"},"geometry":{"type":"LineString","coordinates":[[139.64992,35.78021],[139.65007,35.78009],[139.65024,35.78004]]}},{"type":"Feature","properties":{"idx":412,"road":NaN,"cls":"tertiary","shops":1,"st_km":0.34,"mesh":"53395521"},"geometry":{"type":"LineString","coordinates":[[139.64989,35.77019],[139.64932,35.77051],[139.64903,35.77089],[139.6486,35.77119],[139.64771,35.77203],[139.64741,35.77222],[139.64719,35.77252]]}},{"type":"Feature","properties":{"idx":501,"road":NaN,"cls":"tertiary","shops":1,"st_km":0.39,"mesh":"53395530"},"geometry":{"type":"LineString","coordinates":[[139.63676,35.77863],[139.63716,35.77821],[139.63784,35.77784]]}},{"type":"Feature","properties":{"idx":686,"road":NaN,"cls":"tertiary","shops":1,"st_km":0.51,"mesh":"53395531"},"geometry":{"type":"LineString","coordinates":[[139.63922,35.77623],[139.639,35.77652],[139.63746,35.77695]]}},{"type":"Feature","properties":{"idx":390,"road":"成丘通り","cls":"tertiary","shops":0,"st_km":0.24,"mesh":"53395530"},"geometry":{"type":"LineString","coordinates":[[139.63186,35.77853],[139.63234,35.77923],[139.63317,35.7795],[139.63417,35.77972],[139.63471,35.78003],[139.63507,35.78044],[139.63515,35.78106]]}},{"type":"Feature","properties":{"idx":480,"road":NaN,"cls":"tertiary","shops":1,"st_km":0.44,"mesh":"53395530"},"geometry":{"type":"LineString","coordinates":[[139.63699,35.77513],[139.63736,35.77597],[139.63746,35.77695]]}},{"type":"Feature","properties":{"idx":308,"road":NaN,"cls":"tertiary","shops":0,"st_km":0.48,"mesh":"53395530"},"geometry":{"type":"LineString","coordinates":[[139.63515,35.78106],[139.63566,35.78095],[139.63669,35.78044],[139.63786,35.77969],[139.63845,35.77954],[139.63897,35.77932]]}},{"type":"Feature","properties":{"idx":1707,"road":NaN,"cls":"tertiary","shops":6,"st_km":0.15,"mesh":"53395530"},"geometry":{"type":"LineString","coordinates":[[139.63261,35.77932],[139.63267,35.77915],[139.63269,35.77879],[139.6329,35.7786]]}},{"type":"Feature","properties":{"idx":226,"road":"長後赤塚線","cls":"secondary","shops":0,"st_km":0.48,"mesh":"53395520"},"geometry":{"type":"LineString","coordinates":[[139.6371,35.77484],[139.63702,35.77478]]}},{"type":"Feature","properties":{"idx":341,"road":"長後赤塚線","cls":"secondary","shops":1,"st_km":0.48,"mesh":"53395520"},"geometry":{"type":"LineString","coordinates":[[139.63702,35.77478],[139.63561,35.77375]]}},{"type":"Feature","properties":{"idx":256,"road":NaN,"cls":"tertiary","shops":0,"st_km":0.67,"mesh":"53395530"},"geometry":{"type":"LineString","coordinates":[[139.63703,35.78293],[139.63783,35.78186],[139.63796,35.78177]]}},{"type":"Feature","properties":{"idx":229,"road":"東京都道446号長後赤塚線","cls":"secondary","shops":0,"st_km":0.66,"mesh":"53395541"},"geometry":{"type":"LineString","coordinates":[[139.64517,35.78588],[139.6448,35.78602],[139.64448,35.78625]]}},{"type":"Feature","properties":{"idx":240,"road":"東京都道446号長後赤塚線","cls":"secondary","shops":0,"st_km":0.61,"mesh":"53395541"},"geometry":{"type":"LineString","coordinates":[[139.64448,35.78625],[139.64395,35.78692]]}},{"type":"Feature","properties":{"idx":287,"road":NaN,"cls":"tertiary","shops":0,"st_km":1.15,"mesh":"53395540"},"geometry":{"type":"LineString","coordinates":[[139.6324,35.78661],[139.63214,35.78681],[139.63212,35.7869],[139.6328,35.78752],[139.63352,35.78796],[139.63472,35.78844],[139.63553,35.78885]]}},{"type":"Feature","properties":{"idx":234,"road":NaN,"cls":"tertiary","shops":0,"st_km":0.51,"mesh":"53395541"},"geometry":{"type":"LineString","coordinates":[[139.63846,35.78887],[139.63954,35.78919],[139.64081,35.78972],[139.64126,35.78985],[139.64187,35.79016],[139.64223,35.79023],[139.643,35.79061]]}},{"type":"Feature","properties":{"idx":481,"road":NaN,"cls":"tertiary","shops":1,"st_km":0.94,"mesh":"53395540"},"geometry":{"type":"LineString","coordinates":[[139.63526,35.78756],[139.63549,35.78757],[139.63756,35.78859]]}},{"type":"Feature","properties":{"idx":201,"road":NaN,"cls":"tertiary","shops":0,"st_km":0.67,"mesh":"53395541"},"geometry":{"type":"LineString","coordinates":[[139.6448,35.78579],[139.64448,35.78601]]}},{"type":"Feature","properties":{"idx":269,"road":NaN,"cls":"tertiary","shops":0,"st_km":0.36,"mesh":"53395541"},"geometry":{"type":"LineString","coordinates":[[139.65282,35.78984],[139.64584,35.79121]]}},{"type":"Feature","properties":{"idx":197,"road":NaN,"cls":"tertiary","shops":0,"st_km":0.69,"mesh":"53395541"},"geometry":{"type":"LineString","coordinates":[[139.64569,35.78583],[139.64546,35.7857],[139.64528,35.78566],[139.64505,35.78568],[139.6448,35.78579]]}},{"type":"Feature","properties":{"idx":305,"road":NaN,"cls":"tertiary","shops":0,"st_km":1.07,"mesh":"53395540"},"geometry":{"type":"LineString","coordinates":[[139.6324,35.78661],[139.63437,35.78746],[139.63526,35.78756]]}},{"type":"Feature","properties":{"idx":364,"road":"笹目通り","cls":"primary","shops":0,"st_km":1.18,"mesh":"53395540"},"geometry":{"type":"LineString","coordinates":[[139.62586,35.78726],[139.62577,35.78716]]}},{"type":"Feature","properties":{"idx":366,"road":"笹目通り","cls":"primary","shops":0,"st_km":1.17,"mesh":"53395540"},"geometry":{"type":"LineString","coordinates":[[139.62571,35.78721],[139.6258,35.78731]]}},{"type":"Feature","properties":{"idx":358,"road":"笹目通り","cls":"primary","shops":0,"st_km":1.2,"mesh":"53395540"},"geometry":{"type":"LineString","coordinates":[[139.626,35.78752],[139.62626,35.78781]]}},{"type":"Feature","properties":{"idx":295,"road":NaN,"cls":"tertiary","shops":0,"st_km":1.05,"mesh":"53395550"},"geometry":{"type":"LineString","coordinates":[[139.63405,35.79289],[139.63414,35.79283]]}},{"type":"Feature","properties":{"idx":316,"road":NaN,"cls":"tertiary","shops":0,"st_km":0.97,"mesh":"53395550"},"geometry":{"type":"LineString","coordinates":[[139.63414,35.79283],[139.63484,35.79204],[139.63503,35.79168],[139.6352,35.79114],[139.63567,35.7906]]}},{"type":"Feature","properties":{"idx":279,"road":"城山坂","cls":"tertiary","shops":0,"st_km":1.19,"mesh":"53395540"},"geometry":{"type":"LineString","coordinates":[[139.62785,35.78558],[139.62685,35.78579],[139.62666,35.78591],[139.62651,35.78611],[139.62628,35.78663],[139.6261,35.78692],[139.62587,35.78717],[139.62545,35.78751],[139.62577,35.78802],[139.62612,35.78838]]}},{"type":"Feature","properties":{"idx":234,"road":NaN,"cls":"tertiary","shops":0,"st_km":1.38,"mesh":"53395550"},"geometry":{"type":"LineString","coordinates":[[139.63119,35.79364],[139.63113,35.79422],[139.63097,35.79482],[139.63145,35.79764]]}},{"type":"Feature","properties":{"idx":1882,"road":NaN,"cls":"tertiary","shops":2,"st_km":0.23,"mesh":"53395514"},"geometry":{"type":"LineString","coordinates":[[139.67279,35.76307],[139.67417,35.76229],[139.6778,35.76041],[139.67784,35.76034],[139.67781,35.76021]]}},{"type":"Feature","properties":{"idx":1177,"road":"七軒家通り","cls":"tertiary","shops":2,"st_km":0.23,"mesh":"53395513"},"geometry":{"type":"LineString","coordinates":[[139.67491,35.76612],[139.67464,35.76552],[139.67279,35.76307]]}},{"type":"Feature","properties":{"idx":701,"road":"補助第244号線","cls":"tertiary","shops":0,"st_km":0.51,"mesh":"53395524"},"geometry":{"type":"LineString","coordinates":[[139.68346,35.77206],[139.68586,35.77398]]}},{"type":"Feature","properties":{"idx":1025,"road":NaN,"cls":"tertiary","shops":2,"st_km":0.85,"mesh":"53395524"},"geometry":{"type":"LineString","coordinates":[[139.68933,35.76866],[139.68899,35.76886],[139.68758,35.76928],[139.68723,35.76948],[139.68711,35.76978],[139.68716,35.77089],[139.68678,35.77215]]}},{"type":"Feature","properties":{"idx":239,"road":"和光インター線","cls":"primary","shops":0,"st_km":1.74,"mesh":"53395550"},"geometry":{"type":"LineString","coordinates":[[139.6252,35.79969],[139.62837,35.79801],[139.63145,35.79764]]}},{"type":"Feature","properties":{"idx":172,"road":"和光インター線","cls":"primary","shops":1,"st_km":0.69,"mesh":"53395551"},"geometry":{"type":"LineString","coordinates":[[139.6395,35.79676],[139.63934,35.79621],[139.63895,35.79528],[139.63875,35.79395],[139.6386,35.79356],[139.63807,35.79274]]}},{"type":"Feature","properties":{"idx":403,"road":NaN,"cls":"primary_link","shops":0,"st_km":0.61,"mesh":"53395523"},"geometry":{"type":"LineString","coordinates":[[139.66814,35.76728],[139.66884,35.76818],[139.66941,35.76906],[139.6702,35.77006],[139.67053,35.77039]]}},{"type":"Feature","properties":{"idx":1154,"road":NaN,"cls":"tertiary","shops":0,"st_km":0.53,"mesh":"53395525"},"geometry":{"type":"LineString","coordinates":[[139.69218,35.77154],[139.69228,35.77198],[139.69251,35.77248]]}},{"type":"Feature","properties":{"idx":1539,"road":NaN,"cls":"tertiary","shops":1,"st_km":0.65,"mesh":"53395525"},"geometry":{"type":"LineString","coordinates":[[139.69419,35.77153],[139.69347,35.77039],[139.69348,35.76942]]}},{"type":"Feature","properties":{"idx":1568,"road":NaN,"cls":"tertiary","shops":1,"st_km":0.63,"mesh":"53395525"},"geometry":{"type":"LineString","coordinates":[[139.69021,35.77302],[139.69019,35.77122],[139.69027,35.77097]]}},{"type":"Feature","properties":{"idx":516,"road":NaN,"cls":"tertiary_link","shops":0,"st_km":0.34,"mesh":"53395524"},"geometry":{"type":"LineString","coordinates":[[139.68518,35.77455],[139.68657,35.77426]]}},{"type":"Feature","properties":{"idx":212,"road":NaN,"cls":"tertiary","shops":1,"st_km":0.92,"mesh":"53395533"},"geometry":{"type":"LineString","coordinates":[[139.66467,35.77691],[139.6662,35.77648],[139.66837,35.77556],[139.66857,35.77541],[139.6706,35.77481]]}},{"type":"Feature","properties":{"idx":1318,"road":"西台中央通り","cls":"tertiary","shops":3,"st_km":0.47,"mesh":"53395523"},"geometry":{"type":"LineString","coordinates":[[139.66731,35.7676],[139.66741,35.76801],[139.6673,35.77039],[139.66737,35.77079],[139.66761,35.77119],[139.66904,35.77252]]}},{"type":"Feature","properties":{"idx":265,"road":NaN,"cls":"primary_link","shops":0,"st_km":1.1,"mesh":"53395523"},"geometry":{"type":"LineString","coordinates":[[139.67274,35.7728],[139.67303,35.77313],[139.67384,35.77382]]}},{"type":"Feature","properties":{"idx":393,"road":NaN,"cls":"primary_link","shops":0,"st_km":1.01,"mesh":"53395524"},"geometry":{"type":"LineString","coordinates":[[139.67482,35.77464],[139.67548,35.77512]]}},{"type":"Feature","properties":{"idx":458,"road":NaN,"cls":"tertiary","shops":1,"st_km":0.28,"mesh":"53395521"},"geometry":{"type":"LineString","coordinates":[[139.64104,35.77008],[139.64094,35.77037],[139.64097,35.77054],[139.64143,35.77148],[139.64158,35.77162]]}},{"type":"Feature","properties":{"idx":251,"road":NaN,"cls":"tertiary","shops":0,"st_km":0.71,"mesh":"53395526"},"geometry":{"type":"LineString","coordinates":[[139.70881,35.77028],[139.71063,35.77081]]}},{"type":"Feature","properties":{"idx":99,"road":NaN,"cls":"pedestrian","shops":0,"st_km":0.58,"mesh":"53395537"},"geometry":{"type":"LineString","coordinates":[[139.71511,35.77526],[139.7158,35.77523]]}},{"type":"Feature","properties":{"idx":160,"road":NaN,"cls":"primary_link","shops":0,"st_km":0.73,"mesh":"53395534"},"geometry":{"type":"LineString","coordinates":[[139.6779,35.7766],[139.67786,35.77651],[139.67793,35.77641]]}},{"type":"Feature","properties":{"idx":619,"road":NaN,"cls":"tertiary","shops":0,"st_km":0.56,"mesh":"53395544"},"geometry":{"type":"LineString","coordinates":[[139.68524,35.78716],[139.68605,35.7872],[139.68688,35.78759],[139.6869,35.78763],[139.68567,35.78936],[139.68501,35.78954]]}},{"type":"Feature","properties":{"idx":439,"road":NaN,"cls":"tertiary","shops":0,"st_km":0.61,"mesh":"53395545"},"geometry":{"type":"LineString","coordinates":[[139.69117,35.78605],[139.68972,35.78566]]}},{"type":"Feature","properties":{"idx":1218,"road":NaN,"cls":"tertiary","shops":1,"st_km":0.25,"mesh":"53395544"},"geometry":{"type":"LineString","coordinates":[[139.68178,35.78471],[139.68171,35.78423]]}},{"type":"Feature","properties":{"idx":496,"road":NaN,"cls":"tertiary_link","shops":0,"st_km":0.27,"mesh":"53395544"},"geometry":{"type":"LineString","coordinates":[[139.68188,35.78511],[139.68183,35.78478],[139.68178,35.78471]]}},{"type":"Feature","properties":{"idx":500,"road":NaN,"cls":"tertiary_link","shops":0,"st_km":0.26,"mesh":"53395544"},"geometry":{"type":"LineString","coordinates":[[139.68178,35.78471],[139.68175,35.78479],[139.68179,35.78512]]}},{"type":"Feature","properties":{"idx":452,"road":NaN,"cls":"tertiary","shops":0,"st_km":0.76,"mesh":"53395535"},"geometry":{"type":"LineString","coordinates":[[139.68916,35.78452],[139.69131,35.78277],[139.69235,35.78218],[139.69435,35.78161]]}},{"type":"Feature","properties":{"idx":390,"road":NaN,"cls":"tertiary","shops":0,"st_km":0.74,"mesh":"53395545"},"geometry":{"type":"LineString","coordinates":[[139.68972,35.78566],[139.68658,35.78468]]}},{"type":"Feature","properties":{"idx":374,"road":NaN,"cls":"tertiary","shops":1,"st_km":0.38,"mesh":"53395534"},"geometry":{"type":"LineString","coordinates":[[139.68274,35.78414],[139.68264,35.78339],[139.68363,35.78147]]}},{"type":"Feature","properties":{"idx":549,"road":"市場通り","cls":"tertiary","shops":0,"st_km":0.65,"mesh":"53395544"},"geometry":{"type":"LineString","coordinates":[[139.68484,35.78908],[139.67994,35.78948]]}},{"type":"Feature","properties":{"idx":525,"road":NaN,"cls":"tertiary","shops":0,"st_km":0.7,"mesh":"53395544"},"geometry":{"type":"LineString","coordinates":[[139.68282,35.78925],[139.68186,35.79024],[139.68171,35.79033]]}},{"type":"Feature","properties":{"idx":537,"road":"蓮根駅前通り","cls":"tertiary","shops":0,"st_km":0.68,"mesh":"53395544"},"geometry":{"type":"LineString","coordinates":[[139.6801,35.79073],[139.67994,35.78948]]}},{"type":"Feature","properties":{"idx":609,"road":"市場通り","cls":"tertiary","shops":0,"st_km":0.55,"mesh":"53395544"},"geometry":{"type":"LineString","coordinates":[[139.67598,35.78988],[139.67608,35.78979],[139.67994,35.78948]]}},{"type":"Feature","properties":{"idx":664,"road":NaN,"cls":"tertiary","shops":0,"st_km":0.45,"mesh":"53395544"},"geometry":{"type":"LineString","coordinates":[[139.68286,35.78502],[139.68326,35.78792]]}},{"type":"Feature","properties":{"idx":713,"road":"蓮根駅前通り","cls":"tertiary","shops":0,"st_km":0.38,"mesh":"53395544"},"geometry":{"type":"LineString","coordinates":[[139.67939,35.78534],[139.67994,35.78948]]}},{"type":"Feature","properties":{"idx":2048,"road":NaN,"cls":"tertiary","shops":3,"st_km":0.24,"mesh":"53395544"},"geometry":{"type":"LineString","coordinates":[[139.67596,35.7803],[139.67622,35.78154],[139.67695,35.78683]]}},{"type":"Feature","properties":{"idx":763,"road":NaN,"cls":"tertiary","shops":0,"st_km":0.31,"mesh":"53395544"},"geometry":{"type":"LineString","coordinates":[[139.68312,35.78683],[139.68197,35.78638],[139.67824,35.7867]]}},{"type":"Feature","properties":{"idx":174,"road":NaN,"cls":"secondary_link","shops":1,"st_km":0.32,"mesh":"53395543"},"geometry":{"type":"LineString","coordinates":[[139.673,35.79108],[139.67317,35.79103],[139.67387,35.78986],[139.67386,35.78975],[139.67369,35.7899],[139.673,35.79108]]}},{"type":"Feature","properties":{"idx":361,"road":NaN,"cls":"tertiary","shops":4,"st_km":0.58,"mesh":"53395543"},"geometry":{"type":"LineString","coordinates":[[139.66775,35.79095],[139.66745,35.78958]]}},{"type":"Feature","properties":{"idx":134,"road":NaN,"cls":"tertiary","shops":0,"st_km":0.47,"mesh":"53395543"},"geometry":{"type":"LineString","coordinates":[[139.67168,35.79065],[139.66998,35.7905],[139.66769,35.79072]]}},{"type":"Feature","properties":{"idx":361,"road":NaN,"cls":"tertiary","shops":3,"st_km":0.39,"mesh":"53395543"},"geometry":{"type":"LineString","coordinates":[[139.67193,35.7896],[139.67151,35.7914]]}},{"type":"Feature","properties":{"idx":203,"road":NaN,"cls":"tertiary","shops":1,"st_km":0.46,"mesh":"53395543"},"geometry":{"type":"LineString","coordinates":[[139.67019,35.79172],[139.67012,35.79149],[139.66983,35.78943]]}},{"type":"Feature","properties":{"idx":441,"road":NaN,"cls":"tertiary","shops":0,"st_km":0.73,"mesh":"53395554"},"geometry":{"type":"LineString","coordinates":[[139.68353,35.79212],[139.68368,35.79372]]}},{"type":"Feature","properties":{"idx":375,"road":NaN,"cls":"tertiary","shops":0,"st_km":0.91,"mesh":"53395554"},"geometry":{"type":"LineString","coordinates":[[139.68074,35.79485],[139.68377,35.7947]]}},{"type":"Feature","properties":{"idx":544,"road":"蓮根駅前通り","cls":"tertiary","shops":1,"st_km":0.93,"mesh":"53395554"},"geometry":{"type":"LineString","coordinates":[[139.68003,35.7921],[139.67992,35.7933],[139.68005,35.79355],[139.68035,35.79385]]}},{"type":"Feature","properties":{"idx":374,"road":"赤羽西台線","cls":"secondary","shops":0,"st_km":0.64,"mesh":"53395553"},"geometry":{"type":"LineString","coordinates":[[139.6728,35.79236],[139.67294,35.79337]]}},{"type":"Feature","properties":{"idx":129,"road":NaN,"cls":"tertiary","shops":0,"st_km":0.5,"mesh":"53395543"},"geometry":{"type":"LineString","coordinates":[[139.66638,35.78838],[139.6668,35.7883],[139.66735,35.78839],[139.66774,35.78955]]}},{"type":"Feature","properties":{"idx":130,"road":"笹目通り","cls":"primary","shops":0,"st_km":0.55,"mesh":"53395551"},"geometry":{"type":"LineString","coordinates":[[139.63946,35.79258],[139.63979,35.79255]]}},{"type":"Feature","properties":{"idx":127,"road":"三園橋","cls":"primary","shops":0,"st_km":0.57,"mesh":"53395551"},"geometry":{"type":"LineString","coordinates":[[139.63931,35.7926],[139.63946,35.79258]]}},{"type":"Feature","properties":{"idx":127,"road":"三園橋","cls":"primary","shops":0,"st_km":0.58,"mesh":"53395551"},"geometry":{"type":"LineString","coordinates":[[139.63942,35.79253],[139.63927,35.79254]]}},{"type":"Feature","properties":{"idx":180,"road":"笹目通り","cls":"primary","shops":1,"st_km":0.64,"mesh":"53395551"},"geometry":{"type":"LineString","coordinates":[[139.63927,35.79254],[139.63801,35.79268]]}},{"type":"Feature","properties":{"idx":156,"road":NaN,"cls":"tertiary","shops":0,"st_km":0.79,"mesh":"53395552"},"geometry":{"type":"LineString","coordinates":[[139.65973,35.79336],[139.65965,35.79721],[139.65545,35.79648],[139.65407,35.79629],[139.65262,35.79616],[139.65256,35.79608],[139.65259,35.79453]]}},{"type":"Feature","properties":{"idx":291,"road":NaN,"cls":"tertiary","shops":0,"st_km":0.79,"mesh":"53395553"},"geometry":{"type":"LineString","coordinates":[[139.67147,35.79455],[139.67172,35.79374]]}},{"type":"Feature","properties":{"idx":265,"road":NaN,"cls":"tertiary","shops":0,"st_km":0.91,"mesh":"53395553"},"geometry":{"type":"LineString","coordinates":[[139.66313,35.79687],[139.66427,35.79692]]}},{"type":"Feature","properties":{"idx":169,"road":NaN,"cls":"tertiary","shops":0,"st_km":0.75,"mesh":"53395552"},"geometry":{"type":"LineString","coordinates":[[139.66099,35.79716],[139.66104,35.79415]]}},{"type":"Feature","properties":{"idx":104,"road":NaN,"cls":"primary_link","shops":0,"st_km":0.41,"mesh":"53395551"},"geometry":{"type":"LineString","coordinates":[[139.64135,35.79272],[139.64123,35.79255],[139.64133,35.79242]]}},{"type":"Feature","properties":{"idx":262,"road":NaN,"cls":"tertiary","shops":0,"st_km":0.92,"mesh":"53395553"},"geometry":{"type":"LineString","coordinates":[[139.66643,35.79467],[139.66664,35.79738]]}},{"type":"Feature","properties":{"idx":406,"road":"高島通り","cls":"secondary","shops":0,"st_km":0.07,"mesh":"53395541"},"geometry":{"type":"LineString","coordinates":[[139.6453,35.79174],[139.64749,35.7914]]}},{"type":"Feature","properties":{"idx":347,"road":"高島通り","cls":"secondary","shops":2,"st_km":0.15,"mesh":"53395551"},"geometry":{"type":"LineString","coordinates":[[139.64529,35.7917],[139.64266,35.79217]]}},{"type":"Feature","properties":{"idx":347,"road":"高島通り","cls":"secondary","shops":2,"st_km":0.15,"mesh":"53395551"},"geometry":{"type":"LineString","coordinates":[[139.64267,35.79221],[139.6453,35.79174]]}},{"type":"Feature","properties":{"idx":217,"road":"高島通り","cls":"secondary","shops":1,"st_km":0.33,"mesh":"53395551"},"geometry":{"type":"LineString","coordinates":[[139.64266,35.79217],[139.64137,35.79231]]}},{"type":"Feature","properties":{"idx":1020,"road":"一里塚通り","cls":"tertiary","shops":1,"st_km":0.66,"mesh":"53395536"},"geometry":{"type":"LineString","coordinates":[[139.70007,35.77666],[139.70156,35.77706],[139.70378,35.77751]]}},{"type":"Feature","properties":{"idx":1611,"road":"一里塚通り","cls":"tertiary","shops":0,"st_km":0.19,"mesh":"53395525"},"geometry":{"type":"LineString","coordinates":[[139.69394,35.77397],[139.69542,35.77488],[139.69599,35.7753]]}},{"type":"Feature","properties":{"idx":711,"road":"一里塚通り","cls":"tertiary","shops":0,"st_km":0.29,"mesh":"53395535"},"geometry":{"type":"LineString","coordinates":[[139.69599,35.7753],[139.69616,35.77543],[139.69821,35.77634],[139.70007,35.77666]]}},{"type":"Feature","properties":{"idx":670,"road":NaN,"cls":"tertiary","shops":0,"st_km":0.68,"mesh":"53395536"},"geometry":{"type":"LineString","coordinates":[[139.70798,35.78305],[139.70857,35.78286],[139.71017,35.7826],[139.71055,35.7825],[139.71125,35.78219],[139.71227,35.78154],[139.71329,35.78125]]}},{"type":"Feature","properties":{"idx":260,"road":"師団坂通り","cls":"tertiary","shops":0,"st_km":0.46,"mesh":"53395546"},"geometry":{"type":"LineString","coordinates":[[139.70993,35.78429],[139.70911,35.78395]]}},{"type":"Feature","properties":{"idx":899,"road":NaN,"cls":"primary_link","shops":3,"st_km":0.34,"mesh":"53395547"},"geometry":{"type":"LineString","coordinates":[[139.71875,35.78477],[139.71883,35.78481]]}},{"type":"Feature","properties":{"idx":468,"road":"常盤台赤羽線","cls":"secondary","shops":0,"st_km":0.33,"mesh":"53395547"},"geometry":{"type":"LineString","coordinates":[[139.71796,35.78353],[139.71912,35.78436]]}},{"type":"Feature","properties":{"idx":192,"road":NaN,"cls":"tertiary","shops":0,"st_km":1.05,"mesh":"53395579"},"geometry":{"type":"LineString","coordinates":[[139.74684,35.81486],[139.74839,35.81523]]}},{"type":"Feature","properties":{"idx":299,"road":NaN,"cls":"tertiary","shops":0,"st_km":0.53,"mesh":"53395579"},"geometry":{"type":"LineString","coordinates":[[139.74101,35.81506],[139.74227,35.81379]]}},{"type":"Feature","properties":{"idx":375,"road":NaN,"cls":"tertiary","shops":0,"st_km":0.96,"mesh":"53395577"},"geometry":{"type":"LineString","coordinates":[[139.72113,35.80942],[139.72323,35.8097]]}},{"type":"Feature","properties":{"idx":395,"road":NaN,"cls":"tertiary","shops":3,"st_km":0.62,"mesh":"53395529"},"geometry":{"type":"LineString","coordinates":[[139.74217,35.76609],[139.74222,35.76704],[139.74231,35.76738],[139.74251,35.76775]]}},{"type":"Feature","properties":{"idx":337,"road":"南平交通公園通り","cls":"tertiary","shops":0,"st_km":1.66,"mesh":"53395569"},"geometry":{"type":"LineString","coordinates":[[139.75035,35.80637],[139.74877,35.80536]]}},{"type":"Feature","properties":{"idx":144,"road":NaN,"cls":"tertiary","shops":1,"st_km":0.13,"mesh":"53395542"},"geometry":{"type":"LineString","coordinates":[[139.66011,35.78933],[139.6603,35.78995]]}},{"type":"Feature","properties":{"idx":274,"road":"長後赤塚線","cls":"secondary","shops":3,"st_km":0.11,"mesh":"53395542"},"geometry":{"type":"LineString","coordinates":[[139.66011,35.78891],[139.66007,35.78879]]}},{"type":"Feature","properties":{"idx":403,"road":"西徳通り","cls":"tertiary","shops":0,"st_km":0.76,"mesh":"53395523"},"geometry":{"type":"LineString","coordinates":[[139.66904,35.77252],[139.66998,35.77201],[139.67043,35.7719]]}},{"type":"Feature","properties":{"idx":176,"road":"高島通り","cls":"secondary","shops":1,"st_km":0.04,"mesh":"53395542"},"geometry":{"type":"LineString","coordinates":[[139.66011,35.78891],[139.66162,35.78857]]}},{"type":"Feature","properties":{"idx":410,"road":"高島通り","cls":"secondary","shops":0,"st_km":0.07,"mesh":"53395541"},"geometry":{"type":"LineString","coordinates":[[139.64722,35.79135],[139.64529,35.7917]]}},{"type":"Feature","properties":{"idx":688,"road":"東京大仏通り","cls":"tertiary","shops":3,"st_km":1.02,"mesh":"53395531"},"geometry":{"type":"LineString","coordinates":[[139.64723,35.77994],[139.64703,35.78041],[139.64638,35.78134],[139.64557,35.78192],[139.64501,35.78284],[139.64478,35.78348],[139.64477,35.78405],[139.64428,35.78577],[139.64448,35.78601]]}},{"type":"Feature","properties":{"idx":293,"road":NaN,"cls":"tertiary","shops":0,"st_km":1.01,"mesh":"53395531"},"geometry":{"type":"LineString","coordinates":[[139.64428,35.78577],[139.64349,35.78589],[139.64324,35.7857],[139.6423,35.78536],[139.64192,35.78435],[139.6416,35.78382],[139.64154,35.7836],[139.64162,35.78326],[139.642,35.78273],[139.64204,35.78251],[139.64202,35.78242],[139.64098,35.78172],[139.64017,35.78125],[139.63901,35.78087],[139.6387,35.78068]]}},{"type":"Feature","properties":{"idx":223,"road":"市場通り","cls":"tertiary","shops":0,"st_km":0.4,"mesh":"53395552"},"geometry":{"type":"LineString","coordinates":[[139.64937,35.79131],[139.64972,35.79247],[139.64987,35.79259],[139.65342,35.79191]]}},{"type":"Feature","properties":{"idx":125,"road":NaN,"cls":"tertiary","shops":0,"st_km":1.07,"mesh":"53395533"},"geometry":{"type":"LineString","coordinates":[[139.66093,35.77814],[139.66419,35.77842],[139.66492,35.77839]]}},{"type":"Feature","properties":{"idx":581,"road":NaN,"cls":"tertiary","shops":0,"st_km":0.6,"mesh":"53395544"},"geometry":{"type":"LineString","coordinates":[[139.67598,35.78988],[139.67711,35.79008],[139.67874,35.79052],[139.6801,35.79073]]}},{"type":"Feature","properties":{"idx":804,"road":NaN,"cls":"tertiary","shops":0,"st_km":0.36,"mesh":"53395524"},"geometry":{"type":"LineString","coordinates":[[139.68657,35.77426],[139.68612,35.77411]]}},{"type":"Feature","properties":{"idx":602,"road":"体育館通り","cls":"tertiary","shops":0,"st_km":0.46,"mesh":"53395535"},"geometry":{"type":"LineString","coordinates":[[139.69649,35.7809],[139.69661,35.78052],[139.69692,35.77996],[139.69737,35.77956],[139.69775,35.77931],[139.69826,35.77906],[139.69867,35.77871],[139.70225,35.7734]]}},{"type":"Feature","properties":{"idx":734,"road":"御成塚通り","cls":"tertiary","shops":0,"st_km":0.26,"mesh":"53395535"},"geometry":{"type":"LineString","coordinates":[[139.69062,35.77619],[139.68921,35.77689],[139.68886,35.77694],[139.68769,35.77696],[139.68733,35.77704],[139.68694,35.77727],[139.68671,35.77756]]}},{"type":"Feature","properties":{"idx":4755,"road":NaN,"cls":"tertiary","shops":8,"st_km":0.01,"mesh":"53395535"},"geometry":{"type":"LineString","coordinates":[[139.69488,35.77631],[139.69477,35.7763]]}},{"type":"Feature","properties":{"idx":410,"road":NaN,"cls":"tertiary","shops":0,"st_km":0.13,"mesh":"53395522"},"geometry":{"type":"LineString","coordinates":[[139.663,35.76978],[139.6619,35.76976],[139.66153,35.76922]]}},{"type":"Feature","properties":{"idx":3164,"road":"城山通り","cls":"tertiary","shops":6,"st_km":0.18,"mesh":"53395535"},"geometry":{"type":"LineString","coordinates":[[139.69477,35.7763],[139.69451,35.77626],[139.69062,35.77619]]}},{"type":"Feature","properties":{"idx":728,"road":NaN,"cls":"tertiary","shops":2,"st_km":0.28,"mesh":"53395516"},"geometry":{"type":"LineString","coordinates":[[139.70244,35.76098],[139.70256,35.7609],[139.70263,35.76062],[139.70257,35.76053]]}},{"type":"Feature","properties":{"idx":463,"road":"赤塚高台通り","cls":"tertiary","shops":0,"st_km":0.49,"mesh":"53395531"},"geometry":{"type":"LineString","coordinates":[[139.6387,35.78068],[139.63786,35.77969],[139.63715,35.77914],[139.63676,35.77863]]}},{"type":"Feature","properties":{"idx":171,"road":NaN,"cls":"tertiary","shops":0,"st_km":0.65,"mesh":"53395520"},"geometry":{"type":"LineString","coordinates":[[139.63113,35.77191],[139.62938,35.77]]}},{"type":"Feature","properties":{"idx":364,"road":"赤塚体育館通り","cls":"tertiary","shops":0,"st_km":0.75,"mesh":"53395531"},"geometry":{"type":"LineString","coordinates":[[139.63814,35.78331],[139.63804,35.78239]]}},{"type":"Feature","properties":{"idx":165,"road":NaN,"cls":"tertiary","shops":0,"st_km":0.85,"mesh":"53395534"},"geometry":{"type":"LineString","coordinates":[[139.67671,35.77596],[139.67659,35.77615]]}},{"type":"Feature","properties":{"idx":128,"road":NaN,"cls":"tertiary","shops":0,"st_km":0.52,"mesh":"53395543"},"geometry":{"type":"LineString","coordinates":[[139.66444,35.7859],[139.66511,35.78458]]}},{"type":"Feature","properties":{"idx":98,"road":NaN,"cls":"tertiary_link","shops":0,"st_km":0.31,"mesh":"53395543"},"geometry":{"type":"LineString","coordinates":[[139.66424,35.78748],[139.66404,35.78729],[139.66399,35.78717]]}},{"type":"Feature","properties":{"idx":129,"road":NaN,"cls":"pedestrian","shops":0,"st_km":0.15,"mesh":"53395542"},"geometry":{"type":"LineString","coordinates":[[139.66226,35.78783],[139.66229,35.78791]]}},{"type":"Feature","properties":{"idx":336,"road":NaN,"cls":"pedestrian","shops":3,"st_km":0.11,"mesh":"53395542"},"geometry":{"type":"LineString","coordinates":[[139.65994,35.78842],[139.6635,35.78764]]}},{"type":"Feature","properties":{"idx":290,"road":"赤羽西台線","cls":"secondary","shops":1,"st_km":0.22,"mesh":"53395543"},"geometry":{"type":"LineString","coordinates":[[139.6743,35.78676],[139.67453,35.78835],[139.67452,35.78856],[139.67444,35.78887],[139.67433,35.78908],[139.67386,35.78975]]}},{"type":"Feature","properties":{"idx":710,"road":"東京都道446号長後赤塚線","cls":"secondary","shops":4,"st_km":0.45,"mesh":"53395533"},"geometry":{"type":"LineString","coordinates":[[139.67417,35.78586],[139.67365,35.78187],[139.6736,35.78046]]}},{"type":"Feature","properties":{"idx":139,"road":NaN,"cls":"tertiary","shops":0,"st_km":0.43,"mesh":"53395543"},"geometry":{"type":"LineString","coordinates":[[139.67043,35.78665],[139.66967,35.78108]]}},{"type":"Feature","properties":{"idx":188,"road":"東京都道446号長後赤塚線","cls":"secondary","shops":0,"st_km":0.83,"mesh":"53395534"},"geometry":{"type":"LineString","coordinates":[[139.67731,35.77638],[139.67612,35.77699]]}},{"type":"Feature","properties":{"idx":172,"road":NaN,"cls":"tertiary","shops":0,"st_km":0.65,"mesh":"53395533"},"geometry":{"type":"LineString","coordinates":[[139.67346,35.78046],[139.6734,35.78046]]}},{"type":"Feature","properties":{"idx":269,"road":NaN,"cls":"tertiary","shops":0,"st_km":1.23,"mesh":"53395591"},"geometry":{"type":"LineString","coordinates":[[139.64993,35.82665],[139.6496,35.82642],[139.64947,35.82623],[139.64599,35.82449],[139.64564,35.82448]]}},{"type":"Feature","properties":{"idx":205,"road":NaN,"cls":"tertiary","shops":0,"st_km":0.67,"mesh":"53395592"},"geometry":{"type":"LineString","coordinates":[[139.6543,35.82946],[139.65592,35.83032],[139.65609,35.8303]]}},{"type":"Feature","properties":{"idx":298,"road":NaN,"cls":"tertiary","shops":0,"st_km":1.1,"mesh":"53395591"},"geometry":{"type":"LineString","coordinates":[[139.64527,35.82443],[139.64543,35.82471],[139.65022,35.82709],[139.65299,35.82873],[139.65338,35.8288]]}},{"type":"Feature","properties":{"idx":273,"road":NaN,"cls":"tertiary","shops":1,"st_km":0.8,"mesh":"53395592"},"geometry":{"type":"LineString","coordinates":[[139.65587,35.82995],[139.65563,35.82967],[139.65174,35.82747],[139.64953,35.82629]]}},{"type":"Feature","properties":{"idx":197,"road":NaN,"cls":"tertiary","shops":0,"st_km":1.53,"mesh":"53395562"},"geometry":{"type":"LineString","coordinates":[[139.65423,35.80366],[139.6543,35.80428]]}},{"type":"Feature","properties":{"idx":296,"road":NaN,"cls":"tertiary","shops":0,"st_km":1.1,"mesh":"53395591"},"geometry":{"type":"LineString","coordinates":[[139.64909,35.82654],[139.64937,35.82654]]}},{"type":"Feature","properties":{"idx":216,"road":NaN,"cls":"tertiary","shops":0,"st_km":0.61,"mesh":"53395592"},"geometry":{"type":"LineString","coordinates":[[139.65675,35.83072],[139.65704,35.83086]]}},{"type":"Feature","properties":{"idx":341,"road":"朝霞蕨線 (AsakaWarabi line)","cls":"primary","shops":0,"st_km":0.37,"mesh":"53395592"},"geometry":{"type":"LineString","coordinates":[[139.65837,35.82879],[139.65807,35.82878]]}},{"type":"Feature","properties":{"idx":225,"road":NaN,"cls":"tertiary","shops":0,"st_km":0.56,"mesh":"53395592"},"geometry":{"type":"LineString","coordinates":[[139.6573,35.83053],[139.65701,35.83038]]}},{"type":"Feature","properties":{"idx":197,"road":NaN,"cls":"tertiary","shops":0,"st_km":0.71,"mesh":"53395592"},"geometry":{"type":"LineString","coordinates":[[139.65423,35.82929],[139.6543,35.82946]]}},{"type":"Feature","properties":{"idx":176,"road":NaN,"cls":"tertiary","shops":0,"st_km":0.84,"mesh":"53395592"},"geometry":{"type":"LineString","coordinates":[[139.65385,35.82936],[139.65317,35.83199]]}},{"type":"Feature","properties":{"idx":217,"road":NaN,"cls":"tertiary","shops":0,"st_km":0.6,"mesh":"53395592"},"geometry":{"type":"LineString","coordinates":[[139.65704,35.83086],[139.65719,35.83094],[139.65741,35.83093]]}},{"type":"Feature","properties":{"idx":209,"road":NaN,"cls":"tertiary","shops":0,"st_km":0.65,"mesh":"53395592"},"geometry":{"type":"LineString","coordinates":[[139.65498,35.82931],[139.65496,35.82918],[139.65505,35.82911]]}},{"type":"Feature","properties":{"idx":233,"road":NaN,"cls":"tertiary","shops":0,"st_km":0.53,"mesh":"53395592"},"geometry":{"type":"LineString","coordinates":[[139.65505,35.82911],[139.65663,35.82877],[139.65684,35.82879],[139.65734,35.82903]]}},{"type":"Feature","properties":{"idx":214,"road":NaN,"cls":"tertiary","shops":0,"st_km":0.62,"mesh":"53395592"},"geometry":{"type":"LineString","coordinates":[[139.65647,35.83048],[139.65656,35.83063],[139.65675,35.83072]]}},{"type":"Feature","properties":{"idx":193,"road":NaN,"cls":"tertiary","shops":0,"st_km":1.57,"mesh":"53395562"},"geometry":{"type":"LineString","coordinates":[[139.6543,35.80428],[139.65431,35.80437]]}},{"type":"Feature","properties":{"idx":227,"road":NaN,"cls":"tertiary","shops":0,"st_km":0.55,"mesh":"53395592"},"geometry":{"type":"LineString","coordinates":[[139.65825,35.83115],[139.65806,35.8309],[139.6573,35.83053]]}},{"type":"Feature","properties":{"idx":223,"road":NaN,"cls":"tertiary","shops":0,"st_km":0.57,"mesh":"53395592"},"geometry":{"type":"LineString","coordinates":[[139.65701,35.83038],[139.65681,35.83029],[139.65659,35.83032]]}},{"type":"Feature","properties":{"idx":284,"road":NaN,"cls":"tertiary","shops":0,"st_km":1.95,"mesh":"53395581"},"geometry":{"type":"LineString","coordinates":[[139.64041,35.81854],[139.64337,35.82019]]}},{"type":"Feature","properties":{"idx":285,"road":NaN,"cls":"tertiary","shops":0,"st_km":1.94,"mesh":"53395581"},"geometry":{"type":"LineString","coordinates":[[139.64032,35.82169],[139.64063,35.82117],[139.64109,35.82082],[139.64271,35.82011]]}},{"type":"Feature","properties":{"idx":387,"road":"蓮根橋","cls":"tertiary","shops":0,"st_km":0.85,"mesh":"53395554"},"geometry":{"type":"LineString","coordinates":[[139.68005,35.79162],[139.68003,35.7921]]}},{"type":"Feature","properties":{"idx":464,"road":"赤羽西台線","cls":"secondary","shops":0,"st_km":0.02,"mesh":"53395546"},"geometry":{"type":"LineString","coordinates":[[139.70554,35.78731],[139.70623,35.7869]]}},{"type":"Feature","properties":{"idx":1189,"road":"赤羽西台線","cls":"secondary","shops":4,"st_km":0.16,"mesh":"53395546"},"geometry":{"type":"LineString","coordinates":[[139.70677,35.78635],[139.70688,35.78604],[139.70701,35.78536]]}},{"type":"Feature","properties":{"idx":206,"road":"新早瀬橋","cls":"tertiary","shops":0,"st_km":0.48,"mesh":"53395552"},"geometry":{"type":"LineString","coordinates":[[139.65258,35.79452],[139.65238,35.79403]]}},{"type":"Feature","properties":{"idx":211,"road":NaN,"cls":"tertiary","shops":0,"st_km":0.46,"mesh":"53395552"},"geometry":{"type":"LineString","coordinates":[[139.65238,35.79403],[139.65236,35.794]]}},{"type":"Feature","properties":{"idx":112,"road":NaN,"cls":"tertiary","shops":0,"st_km":0.47,"mesh":"53395551"},"geometry":{"type":"LineString","coordinates":[[139.64514,35.79623],[139.64569,35.79608]]}},{"type":"Feature","properties":{"idx":381,"road":"徳丸橋","cls":"tertiary","shops":0,"st_km":0.5,"mesh":"53395553"},"geometry":{"type":"LineString","coordinates":[[139.6638,35.79273],[139.66382,35.79321]]}},{"type":"Feature","properties":{"idx":111,"road":NaN,"cls":"tertiary","shops":0,"st_km":0.48,"mesh":"53395551"},"geometry":{"type":"LineString","coordinates":[[139.64569,35.79608],[139.65175,35.7941],[139.65368,35.79358],[139.65383,35.79347]]}},{"type":"Feature","properties":{"idx":341,"road":NaN,"cls":"tertiary","shops":0,"st_km":0.62,"mesh":"53395553"},"geometry":{"type":"LineString","coordinates":[[139.66382,35.79321],[139.66403,35.79496]]}},{"type":"Feature","properties":{"idx":490,"road":"オリンピック通り","cls":"primary_link","shops":1,"st_km":1.46,"mesh":"53395561"},"geometry":{"type":"LineString","coordinates":[[139.6496,35.80505],[139.6493,35.80477],[139.64902,35.80426]]}},{"type":"Feature","properties":{"idx":423,"road":"市場通り","cls":"tertiary","shops":1,"st_km":0.16,"mesh":"53395552"},"geometry":{"type":"LineString","coordinates":[[139.65397,35.7918],[139.65513,35.79157]]}},{"type":"Feature","properties":{"idx":284,"road":"長後赤塚線","cls":"secondary","shops":1,"st_km":1.11,"mesh":"53395532"},"geometry":{"type":"LineString","coordinates":[[139.65253,35.7807],[139.64983,35.78037]]}},{"type":"Feature","properties":{"idx":208,"road":"補助第238号線","cls":"tertiary","shops":0,"st_km":0.77,"mesh":"53395522"},"geometry":{"type":"LineString","coordinates":[[139.65469,35.7701],[139.65201,35.77015]]}},{"type":"Feature","properties":{"idx":94,"road":"高島通り","cls":"secondary","shops":0,"st_km":0.21,"mesh":"53395542"},"geometry":{"type":"LineString","coordinates":[[139.65995,35.78882],[139.65871,35.7891],[139.65293,35.79022]]}},{"type":"Feature","properties":{"idx":596,"road":"長後赤塚線","cls":"secondary","shops":4,"st_km":1.05,"mesh":"53395532"},"geometry":{"type":"LineString","coordinates":[[139.65449,35.78095],[139.65253,35.7807]]}},{"type":"Feature","properties":{"idx":3777,"road":"赤塚中央通り","cls":"tertiary","shops":19,"st_km":0.08,"mesh":"53395521"},"geometry":{"type":"LineString","coordinates":[[139.64561,35.77074],[139.64541,35.76988],[139.64549,35.76917]]}},{"type":"Feature","properties":{"idx":523,"road":"不動通り","cls":"tertiary","shops":0,"st_km":0.48,"mesh":"53395523"},"geometry":{"type":"LineString","coordinates":[[139.66448,35.77595],[139.66391,35.7741],[139.66281,35.77189],[139.663,35.76978]]}},{"type":"Feature","properties":{"idx":180,"road":NaN,"cls":"tertiary","shops":2,"st_km":0.13,"mesh":"53395542"},"geometry":{"type":"LineString","coordinates":[[139.65293,35.79022],[139.65282,35.78984]]}},{"type":"Feature","properties":{"idx":265,"road":"徳丸槙の道","cls":"tertiary","shops":1,"st_km":1.1,"mesh":"53395532"},"geometry":{"type":"LineString","coordinates":[[139.66046,35.77986],[139.66075,35.77916],[139.66093,35.77814]]}},{"type":"Feature","properties":{"idx":241,"road":NaN,"cls":"tertiary","shops":1,"st_km":1.18,"mesh":"53395532"},"geometry":{"type":"LineString","coordinates":[[139.65487,35.77981],[139.65318,35.77958],[139.65181,35.77988],[139.65024,35.78004]]}},{"type":"Feature","properties":{"idx":86,"road":"高島通り","cls":"secondary","shops":0,"st_km":0.29,"mesh":"53395542"},"geometry":{"type":"LineString","coordinates":[[139.65293,35.79022],[139.64927,35.79095]]}},{"type":"Feature","properties":{"idx":268,"road":NaN,"cls":"tertiary","shops":1,"st_km":1.08,"mesh":"53395532"},"geometry":{"type":"LineString","coordinates":[[139.65487,35.77981],[139.65642,35.77977],[139.65741,35.7796],[139.65875,35.77967],[139.65974,35.77966],[139.66046,35.77986]]}},{"type":"Feature","properties":{"idx":188,"road":"徳丸石川通り","cls":"tertiary","shops":0,"st_km":0.95,"mesh":"53395522"},"geometry":{"type":"LineString","coordinates":[[139.65469,35.7701],[139.6548,35.77104],[139.65559,35.77379],[139.65552,35.77497],[139.65546,35.77534],[139.65526,35.77581],[139.65489,35.77633],[139.6547,35.77701],[139.65473,35.77858],[139.65488,35.7795],[139.65487,35.77981]]}},{"type":"Feature","properties":{"idx":120,"road":"不動通り","cls":"tertiary","shops":0,"st_km":1.09,"mesh":"53395533"},"geometry":{"type":"LineString","coordinates":[[139.66492,35.77839],[139.66531,35.78054]]}},{"type":"Feature","properties":{"idx":228,"road":"蓮根駅前通り","cls":"tertiary","shops":0,"st_km":0.49,"mesh":"53395534"},"geometry":{"type":"LineString","coordinates":[[139.6799,35.78055],[139.6818,35.77778]]}},{"type":"Feature","properties":{"idx":452,"road":"環八通り","cls":"primary","shops":1,"st_km":0.44,"mesh":"53395534"},"geometry":{"type":"LineString","coordinates":[[139.68185,35.77769],[139.68023,35.77728]]}},{"type":"Feature","properties":{"idx":362,"road":"赤塚高台通り","cls":"tertiary","shops":0,"st_km":0.31,"mesh":"53395530"},"geometry":{"type":"LineString","coordinates":[[139.63592,35.77754],[139.63676,35.77863]]}},{"type":"Feature","properties":{"idx":1010,"road":"環八通り","cls":"primary","shops":1,"st_km":0.57,"mesh":"53395535"},"geometry":{"type":"LineString","coordinates":[[139.70706,35.78528],[139.70573,35.785],[139.70427,35.78438],[139.70376,35.78411],[139.70112,35.7822],[139.69854,35.78122],[139.69101,35.78004],[139.68647,35.7789]]}},{"type":"Feature","properties":{"idx":172,"road":"東京都道446号長後赤塚線","cls":"secondary","shops":0,"st_km":0.79,"mesh":"53395533"},"geometry":{"type":"LineString","coordinates":[[139.66552,35.7816],[139.66911,35.78127]]}},{"type":"Feature","properties":{"idx":446,"road":NaN,"cls":"tertiary","shops":0,"st_km":0.53,"mesh":"53395531"},"geometry":{"type":"LineString","coordinates":[[139.63784,35.77784],[139.63826,35.7783],[139.63847,35.77875],[139.63887,35.77917],[139.63907,35.7795],[139.63949,35.77983]]}},{"type":"Feature","properties":{"idx":508,"road":"長後赤塚線","cls":"secondary","shops":0,"st_km":0.52,"mesh":"53395531"},"geometry":{"type":"LineString","coordinates":[[139.63922,35.77623],[139.63859,35.7759],[139.6371,35.77484]]}},{"type":"Feature","properties":{"idx":305,"road":"環八通り","cls":"primary","shops":0,"st_km":0.53,"mesh":"53395546"},"geometry":{"type":"LineString","coordinates":[[139.70942,35.78581],[139.71373,35.78659]]}},{"type":"Feature","properties":{"idx":302,"road":"成増北口通り","cls":"tertiary","shops":0,"st_km":0.5,"mesh":"53395530"},"geometry":{"type":"LineString","coordinates":[[139.63186,35.77853],[139.63171,35.77856],[139.63061,35.77929],[139.63028,35.78001],[139.63024,35.78018],[139.63025,35.7804],[139.63036,35.78079],[139.63034,35.78111],[139.6299,35.78192],[139.62926,35.78363],[139.62817,35.7844]]}},{"type":"Feature","properties":{"idx":388,"road":"赤塚高台通り","cls":"tertiary","shops":0,"st_km":0.24,"mesh":"53395530"},"geometry":{"type":"LineString","coordinates":[[139.63503,35.77641],[139.63415,35.77523]]}},{"type":"Feature","properties":{"idx":282,"road":"東京都道446号長後赤塚線","cls":"secondary","shops":1,"st_km":0.69,"mesh":"53395533"},"geometry":{"type":"LineString","coordinates":[[139.67278,35.78051],[139.67244,35.78073],[139.67206,35.78086],[139.66967,35.78108]]}},{"type":"Feature","properties":{"idx":275,"road":"蓮根駅前通り","cls":"tertiary","shops":0,"st_km":0.3,"mesh":"53395534"},"geometry":{"type":"LineString","coordinates":[[139.68185,35.77769],[139.68381,35.77487]]}},{"type":"Feature","properties":{"idx":945,"road":"環八通り","cls":"primary","shops":3,"st_km":0.21,"mesh":"53395534"},"geometry":{"type":"LineString","coordinates":[[139.6818,35.77778],[139.68573,35.7788]]}},{"type":"Feature","properties":{"idx":531,"road":"東京都道446号長後赤塚線","cls":"secondary","shops":2,"st_km":0.75,"mesh":"53395532"},"geometry":{"type":"LineString","coordinates":[[139.66967,35.78108],[139.66621,35.78137],[139.66488,35.78156],[139.65874,35.78286],[139.65426,35.78403]]}},{"type":"Feature","properties":{"idx":728,"road":"常盤台赤羽線","cls":"secondary","shops":0,"st_km":0.79,"mesh":"53395536"},"geometry":{"type":"LineString","coordinates":[[139.71456,35.78015],[139.71373,35.77911],[139.71358,35.77885],[139.71339,35.77836],[139.7133,35.77769],[139.71319,35.7774],[139.71301,35.77716],[139.71173,35.77654],[139.71141,35.77643],[139.70811,35.77573]]}},{"type":"Feature","properties":{"idx":1204,"road":"環八通り","cls":"primary","shops":4,"st_km":0.15,"mesh":"53395534"},"geometry":{"type":"LineString","coordinates":[[139.68573,35.7788],[139.68603,35.77887]]}},{"type":"Feature","properties":{"idx":342,"road":"志村坂下通り","cls":"tertiary","shops":1,"st_km":0.47,"mesh":"53395534"},"geometry":{"type":"LineString","coordinates":[[139.6799,35.78055],[139.6771,35.78024],[139.6736,35.78046]]}},{"type":"Feature","properties":{"idx":193,"road":"東京都道446号長後赤塚線","cls":"secondary","shops":0,"st_km":0.65,"mesh":"53395533"},"geometry":{"type":"LineString","coordinates":[[139.67346,35.78046],[139.67359,35.78016]]}},{"type":"Feature","properties":{"idx":496,"road":NaN,"cls":"tertiary","shops":0,"st_km":0.42,"mesh":"53395531"},"geometry":{"type":"LineString","coordinates":[[139.63784,35.77784],[139.63748,35.77721],[139.63746,35.77695]]}},{"type":"Feature","properties":{"idx":1596,"road":"環八通り","cls":"primary","shops":6,"st_km":0.16,"mesh":"53395534"},"geometry":{"type":"LineString","coordinates":[[139.68647,35.7789],[139.68607,35.7788]]}},{"type":"Feature","properties":{"idx":491,"road":NaN,"cls":"tertiary","shops":5,"st_km":0.89,"mesh":"53395533"},"geometry":{"type":"LineString","coordinates":[[139.66552,35.7816],[139.66549,35.78146]]}},{"type":"Feature","properties":{"idx":349,"road":NaN,"cls":"tertiary","shops":0,"st_km":0.35,"mesh":"53395530"},"geometry":{"type":"LineString","coordinates":[[139.63676,35.77863],[139.63572,35.77979],[139.63507,35.78044]]}},{"type":"Feature","properties":{"idx":561,"road":"赤羽西台線","cls":"secondary","shops":1,"st_km":0.22,"mesh":"53395546"},"geometry":{"type":"LineString","coordinates":[[139.70701,35.78536],[139.70706,35.78528]]}},{"type":"Feature","properties":{"idx":82,"road":NaN,"cls":"tertiary","shops":0,"st_km":0.22,"mesh":"53395542"},"geometry":{"type":"LineString","coordinates":[[139.65536,35.78781],[139.65579,35.7892]]}},{"type":"Feature","properties":{"idx":124,"road":"東京都道446号長後赤塚線","cls":"secondary","shops":2,"st_km":0.64,"mesh":"53395542"},"geometry":{"type":"LineString","coordinates":[[139.65186,35.78485],[139.65313,35.7845]]}},{"type":"Feature","properties":{"idx":61,"road":"東京都道446号長後赤塚線","cls":"secondary","shops":0,"st_km":0.66,"mesh":"53395542"},"geometry":{"type":"LineString","coordinates":[[139.65426,35.78403],[139.6513,35.7848]]}},{"type":"Feature","properties":{"idx":56,"road":"東京都道446号長後赤塚線","cls":"secondary","shops":0,"st_km":0.74,"mesh":"53395542"},"geometry":{"type":"LineString","coordinates":[[139.6543,35.78417],[139.65796,35.7832]]}},{"type":"Feature","properties":{"idx":214,"road":"東京都道446号長後赤塚線","cls":"secondary","shops":0,"st_km":0.74,"mesh":"53395541"},"geometry":{"type":"LineString","coordinates":[[139.6513,35.7848],[139.64767,35.78576],[139.64702,35.78582],[139.6458,35.78583],[139.64517,35.78588]]}},{"type":"Feature","properties":{"idx":145,"road":NaN,"cls":"tertiary","shops":1,"st_km":0.12,"mesh":"53395542"},"geometry":{"type":"LineString","coordinates":[[139.66042,35.78992],[139.66024,35.7893]]}},{"type":"Feature","properties":{"idx":214,"road":"徳丸通り","cls":"tertiary","shops":0,"st_km":0.9,"mesh":"53395532"},"geometry":{"type":"LineString","coordinates":[[139.65974,35.77564],[139.65884,35.77692]]}},{"type":"Feature","properties":{"idx":188,"road":"東京都道446号長後赤塚線","cls":"secondary","shops":0,"st_km":0.68,"mesh":"53395533"},"geometry":{"type":"LineString","coordinates":[[139.67326,35.7797],[139.6734,35.78046]]}},{"type":"Feature","properties":{"idx":179,"road":"新河岸中央通り","cls":"tertiary","shops":0,"st_km":0.69,"mesh":"53395552"},"geometry":{"type":"LineString","coordinates":[[139.66403,35.79496],[139.66186,35.7951],[139.6597,35.79505]]}},{"type":"Feature","properties":{"idx":231,"road":NaN,"cls":"tertiary","shops":3,"st_km":0.16,"mesh":"53395542"},"geometry":{"type":"LineString","coordinates":[[139.66053,35.79052],[139.66056,35.79041],[139.66042,35.78992]]}},{"type":"Feature","properties":{"idx":401,"road":NaN,"cls":"tertiary","shops":0,"st_km":0.45,"mesh":"53395553"},"geometry":{"type":"LineString","coordinates":[[139.66374,35.79215],[139.6638,35.7927]]}},{"type":"Feature","properties":{"idx":144,"road":"赤塚公園通り","cls":"tertiary","shops":2,"st_km":0.41,"mesh":"53395542"},"geometry":{"type":"LineString","coordinates":[[139.65888,35.7858],[139.659,35.78578]]}},{"type":"Feature","properties":{"idx":204,"road":"不動通り","cls":"tertiary","shops":1,"st_km":0.97,"mesh":"53395533"},"geometry":{"type":"LineString","coordinates":[[139.66492,35.77839],[139.66448,35.77595]]}},{"type":"Feature","properties":{"idx":350,"road":"西徳通り","cls":"tertiary","shops":1,"st_km":0.79,"mesh":"53395532"},"geometry":{"type":"LineString","coordinates":[[139.65974,35.77564],[139.66448,35.77595]]}},{"type":"Feature","properties":{"idx":130,"road":"西台中央通り","cls":"tertiary","shops":0,"st_km":1.03,"mesh":"53395533"},"geometry":{"type":"LineString","coordinates":[[139.66904,35.77252],[139.67002,35.77343],[139.67027,35.77377],[139.67068,35.77513],[139.67052,35.77588],[139.67073,35.77673],[139.67086,35.77701],[139.67109,35.77732],[139.67166,35.77782]]}},{"type":"Feature","properties":{"idx":644,"road":"西徳通り","cls":"tertiary","shops":1,"st_km":0.69,"mesh":"53395523"},"geometry":{"type":"LineString","coordinates":[[139.66448,35.77595],[139.66495,35.77586],[139.66532,35.77561],[139.66562,35.77518],[139.66589,35.77449],[139.66605,35.77426],[139.66627,35.77405],[139.66904,35.77252]]}},{"type":"Feature","properties":{"idx":222,"road":NaN,"cls":"tertiary","shops":0,"st_km":1.13,"mesh":"53395553"},"geometry":{"type":"LineString","coordinates":[[139.66403,35.79496],[139.66435,35.79756],[139.66664,35.79738],[139.66905,35.7971],[139.67147,35.79675],[139.676,35.796]]}},{"type":"Feature","properties":{"idx":924,"road":"市場通り","cls":"tertiary","shops":10,"st_km":0.32,"mesh":"53395543"},"geometry":{"type":"LineString","coordinates":[[139.66745,35.78958],[139.66948,35.7894],[139.67386,35.78975]]}},{"type":"Feature","properties":{"idx":274,"road":NaN,"cls":"tertiary","shops":1,"st_km":0.17,"mesh":"53395543"},"geometry":{"type":"LineString","coordinates":[[139.66297,35.78828],[139.66311,35.78867]]}},{"type":"Feature","properties":{"idx":512,"road":NaN,"cls":"tertiary","shops":5,"st_km":0.84,"mesh":"53395533"},"geometry":{"type":"LineString","coordinates":[[139.66582,35.78251],[139.66552,35.7816]]}},{"type":"Feature","properties":{"idx":174,"road":"長後赤塚線","cls":"secondary","shops":2,"st_km":0.33,"mesh":"53395542"},"geometry":{"type":"LineString","coordinates":[[139.65888,35.7858],[139.65938,35.78722]]}},{"type":"Feature","properties":{"idx":984,"road":"高島通り","cls":"secondary","shops":0,"st_km":0.18,"mesh":"53395544"},"geometry":{"type":"LineString","coordinates":[[139.67407,35.78587],[139.68658,35.78468]]}},{"type":"Feature","properties":{"idx":78,"road":"長後赤塚線","cls":"secondary","shops":0,"st_km":0.45,"mesh":"53395542"},"geometry":{"type":"LineString","coordinates":[[139.659,35.78578],[139.65873,35.78501]]}},{"type":"Feature","properties":{"idx":185,"road":"東京都道446号長後赤塚線","cls":"secondary","shops":0,"st_km":0.69,"mesh":"53395533"},"geometry":{"type":"LineString","coordinates":[[139.67359,35.78016],[139.67356,35.77946],[139.67362,35.77919]]}},{"type":"Feature","properties":{"idx":199,"road":"東京都道446号長後赤塚線","cls":"secondary","shops":0,"st_km":0.77,"mesh":"53395534"},"geometry":{"type":"LineString","coordinates":[[139.67729,35.7766],[139.6776,35.7765]]}},{"type":"Feature","properties":{"idx":689,"road":"市場通り","cls":"tertiary","shops":8,"st_km":0.44,"mesh":"53395543"},"geometry":{"type":"LineString","coordinates":[[139.66474,35.78983],[139.66745,35.78958]]}},{"type":"Feature","properties":{"idx":440,"road":"補助第238号線","cls":"tertiary","shops":1,"st_km":0.46,"mesh":"53395522"},"geometry":{"type":"LineString","coordinates":[[139.66067,35.76936],[139.65645,35.77007],[139.65469,35.7701]]}},{"type":"Feature","properties":{"idx":141,"road":"赤塚公園通り","cls":"tertiary","shops":0,"st_km":0.41,"mesh":"53395543"},"geometry":{"type":"LineString","coordinates":[[139.6664,35.78433],[139.67387,35.78367]]}},{"type":"Feature","properties":{"idx":370,"road":"環八通り","cls":"primary","shops":1,"st_km":0.65,"mesh":"53395534"},"geometry":{"type":"LineString","coordinates":[[139.6796,35.77712],[139.67792,35.77666]]}},{"type":"Feature","properties":{"idx":182,"road":"市場通り","cls":"tertiary","shops":2,"st_km":0.17,"mesh":"53395542"},"geometry":{"type":"LineString","coordinates":[[139.66053,35.79052],[139.66111,35.7904]]}},{"type":"Feature","properties":{"idx":70,"road":"赤塚公園通り","cls":"tertiary","shops":0,"st_km":0.38,"mesh":"53395542"},"geometry":{"type":"LineString","coordinates":[[139.65255,35.78705],[139.655,35.78656]]}},{"type":"Feature","properties":{"idx":421,"road":NaN,"cls":"tertiary","shops":0,"st_km":0.17,"mesh":"53395530"},"geometry":{"type":"LineString","coordinates":[[139.63592,35.77754],[139.63366,35.77735]]}},{"type":"Feature","properties":{"idx":166,"road":NaN,"cls":"tertiary","shops":0,"st_km":0.88,"mesh":"53395541"},"geometry":{"type":"LineString","coordinates":[[139.6513,35.7848],[139.65095,35.78426],[139.65072,35.78409],[139.65041,35.78398],[139.65004,35.78395],[139.64763,35.78401],[139.64728,35.78393],[139.64587,35.7834],[139.64487,35.78325]]}},{"type":"Feature","properties":{"idx":392,"road":"赤塚体育館通り","cls":"tertiary","shops":0,"st_km":0.67,"mesh":"53395531"},"geometry":{"type":"LineString","coordinates":[[139.6387,35.78068],[139.63975,35.77957],[139.64006,35.77906],[139.64129,35.77817],[139.64176,35.77752]]}},{"type":"Feature","properties":{"idx":129,"road":"赤塚公園通り","cls":"tertiary","shops":0,"st_km":0.51,"mesh":"53395543"},"geometry":{"type":"LineString","coordinates":[[139.66259,35.78507],[139.66511,35.78458]]}},{"type":"Feature","properties":{"idx":154,"road":"三園通り","cls":"tertiary","shops":0,"st_km":0.99,"mesh":"53395541"},"geometry":{"type":"LineString","coordinates":[[139.63779,35.7881],[139.63775,35.78769],[139.63787,35.78561],[139.63785,35.78448],[139.63814,35.78331]]}},{"type":"Feature","properties":{"idx":1051,"road":"美笹西通り","cls":"tertiary","shops":0,"st_km":2.27,"mesh":"53395580"},"geometry":{"type":"LineString","coordinates":[[139.63928,35.82065],[139.63891,35.82123],[139.6358,35.82447],[139.63471,35.82687]]}},{"type":"Feature","properties":{"idx":340,"road":"高島通り","cls":"secondary","shops":0,"st_km":0.25,"mesh":"53395541"},"geometry":{"type":"LineString","coordinates":[[139.64927,35.79095],[139.64722,35.79135]]}},{"type":"Feature","properties":{"idx":143,"road":NaN,"cls":"tertiary","shops":0,"st_km":2.09,"mesh":"53395571"},"geometry":{"type":"LineString","coordinates":[[139.6464,35.81321],[139.64483,35.81285]]}},{"type":"Feature","properties":{"idx":275,"road":NaN,"cls":"tertiary","shops":0,"st_km":0.34,"mesh":"53395541"},"geometry":{"type":"LineString","coordinates":[[139.6493,35.79106],[139.64927,35.79095]]}},{"type":"Feature","properties":{"idx":338,"road":NaN,"cls":"tertiary","shops":0,"st_km":1.63,"mesh":"53395561"},"geometry":{"type":"LineString","coordinates":[[139.64949,35.80654],[139.65046,35.80573]]}},{"type":"Feature","properties":{"idx":131,"road":"高島通り","cls":"secondary","shops":0,"st_km":0.43,"mesh":"53395551"},"geometry":{"type":"LineString","coordinates":[[139.64137,35.79231],[139.64051,35.79241]]}},{"type":"Feature","properties":{"idx":140,"road":NaN,"cls":"tertiary","shops":0,"st_km":2.14,"mesh":"53395571"},"geometry":{"type":"LineString","coordinates":[[139.64674,35.81032],[139.64677,35.8104],[139.6464,35.81321]]}},{"type":"Feature","properties":{"idx":142,"road":NaN,"cls":"tertiary","shops":0,"st_km":2.03,"mesh":"53395571"},"geometry":{"type":"LineString","coordinates":[[139.64658,35.81017],[139.64662,35.81021]]}},{"type":"Feature","properties":{"idx":367,"road":NaN,"cls":"tertiary","shops":1,"st_km":1.43,"mesh":"53395550"},"geometry":{"type":"LineString","coordinates":[[139.63119,35.79364],[139.63032,35.79353],[139.62993,35.79356],[139.62676,35.79438],[139.62613,35.79466],[139.62562,35.79496],[139.62493,35.79556],[139.62458,35.79606],[139.62439,35.79621],[139.62429,35.79626],[139.6234,35.79631]]}},{"type":"Feature","properties":{"idx":64,"road":"赤塚公園通り","cls":"tertiary","shops":0,"st_km":0.48,"mesh":"53395542"},"geometry":{"type":"LineString","coordinates":[[139.64836,35.78786],[139.65201,35.78715]]}},{"type":"Feature","properties":{"idx":261,"road":NaN,"cls":"tertiary","shops":0,"st_km":0.39,"mesh":"53395541"},"geometry":{"type":"LineString","coordinates":[[139.64836,35.78786],[139.64927,35.79095]]}},{"type":"Feature","properties":{"idx":94,"road":"高島通り","cls":"secondary","shops":0,"st_km":0.2,"mesh":"53395542"},"geometry":{"type":"LineString","coordinates":[[139.65296,35.79034],[139.65999,35.78894]]}},{"type":"Feature","properties":{"idx":134,"road":"高島通り","cls":"secondary","shops":0,"st_km":0.41,"mesh":"53395551"},"geometry":{"type":"LineString","coordinates":[[139.64097,35.79242],[139.64142,35.79236]]}},{"type":"Feature","properties":{"idx":142,"road":"早瀬橋","cls":"tertiary","shops":0,"st_km":2.04,"mesh":"53395571"},"geometry":{"type":"LineString","coordinates":[[139.64662,35.81021],[139.64674,35.81032]]}},{"type":"Feature","properties":{"idx":146,"road":NaN,"cls":"tertiary","shops":0,"st_km":1.98,"mesh":"53395571"},"geometry":{"type":"LineString","coordinates":[[139.64658,35.81017],[139.6484,35.80916]]}},{"type":"Feature","properties":{"idx":537,"road":NaN,"cls":"tertiary","shops":4,"st_km":0.58,"mesh":"53395508"},"geometry":{"type":"LineString","coordinates":[[139.73021,35.75301],[139.73313,35.75372],[139.73339,35.75385]]}},{"type":"Feature","properties":{"idx":173,"road":NaN,"cls":"tertiary","shops":0,"st_km":0.64,"mesh":"53395533"},"geometry":{"type":"LineString","coordinates":[[139.6736,35.78046],[139.67346,35.78046]]}},{"type":"Feature","properties":{"idx":367,"road":"東京都道446号長後赤塚線","cls":"secondary","shops":2,"st_km":0.72,"mesh":"53395533"},"geometry":{"type":"LineString","coordinates":[[139.66911,35.78127],[139.66922,35.78126]]}},{"type":"Feature","properties":{"idx":258,"road":NaN,"cls":"tertiary","shops":0,"st_km":0.37,"mesh":"53395534"},"geometry":{"type":"LineString","coordinates":[[139.6818,35.77778],[139.68185,35.77769]]}},{"type":"Feature","properties":{"idx":1235,"road":"赤羽西台線","cls":"secondary","shops":0,"st_km":0.3,"mesh":"53395555"},"geometry":{"type":"LineString","coordinates":[[139.6856,35.79364],[139.68959,35.79338],[139.68998,35.79333],[139.69056,35.79307],[139.69227,35.79176]]}},{"type":"Feature","properties":{"idx":451,"road":"環八通り","cls":"primary","shops":1,"st_km":0.44,"mesh":"53395534"},"geometry":{"type":"LineString","coordinates":[[139.68024,35.77736],[139.6818,35.77778]]}},{"type":"Feature","properties":{"idx":1002,"road":"中十条赤羽線","cls":"secondary","shops":14,"st_km":0.15,"mesh":"53395537"},"geometry":{"type":"LineString","coordinates":[[139.71956,35.77832],[139.71978,35.77798]]}},{"type":"Feature","properties":{"idx":1955,"road":"常盤台赤羽線","cls":"secondary","shops":1,"st_km":0.52,"mesh":"53395525"},"geometry":{"type":"LineString","coordinates":[[139.70297,35.77475],[139.70149,35.77452],[139.70132,35.77445],[139.69843,35.77304],[139.69585,35.77196]]}},{"type":"Feature","properties":{"idx":918,"road":"中十条赤羽線","cls":"secondary","shops":12,"st_km":0.11,"mesh":"53395537"},"geometry":{"type":"LineString","coordinates":[[139.72002,35.77764],[139.72002,35.77755],[139.71995,35.77747]]}},{"type":"Feature","properties":{"idx":906,"road":"中十条赤羽線","cls":"secondary","shops":12,"st_km":0.12,"mesh":"53395537"},"geometry":{"type":"LineString","coordinates":[[139.71978,35.77798],[139.72002,35.77764]]}},{"type":"Feature","properties":{"idx":589,"road":"弁天通り","cls":"tertiary","shops":9,"st_km":0.19,"mesh":"53395537"},"geometry":{"type":"LineString","coordinates":[[139.71921,35.7783],[139.71953,35.77851]]}},{"type":"Feature","properties":{"idx":664,"road":"小豆沢通り","cls":"tertiary","shops":0,"st_km":0.36,"mesh":"53395535"},"geometry":{"type":"LineString","coordinates":[[139.70171,35.77907],[139.69843,35.77797],[139.69488,35.77631]]}},{"type":"Feature","properties":{"idx":792,"road":"補助第244号線","cls":"tertiary","shops":0,"st_km":0.38,"mesh":"53395524"},"geometry":{"type":"LineString","coordinates":[[139.68586,35.77398],[139.68612,35.77411]]}},{"type":"Feature","properties":{"idx":148,"road":"市場通り","cls":"tertiary","shops":0,"st_km":0.36,"mesh":"53395543"},"geometry":{"type":"LineString","coordinates":[[139.67386,35.78975],[139.67598,35.78988]]}},{"type":"Feature","properties":{"idx":774,"road":NaN,"cls":"tertiary","shops":0,"st_km":0.4,"mesh":"53395524"},"geometry":{"type":"LineString","coordinates":[[139.68586,35.77398],[139.68666,35.77371]]}},{"type":"Feature","properties":{"idx":170,"road":"赤羽西台線","cls":"secondary","shops":0,"st_km":0.35,"mesh":"53395543"},"geometry":{"type":"LineString","coordinates":[[139.67386,35.78975],[139.67345,35.79043]]}},{"type":"Feature","properties":{"idx":4949,"road":NaN,"cls":"tertiary","shops":6,"st_km":0.53,"mesh":"53395538"},"geometry":{"type":"LineString","coordinates":[[139.72964,35.77506],[139.7261,35.77503]]}},{"type":"Feature","properties":{"idx":708,"road":NaN,"cls":"primary_link","shops":12,"st_km":0.61,"mesh":"53395509"},"geometry":{"type":"LineString","coordinates":[[139.7376,35.75914],[139.73765,35.759],[139.73786,35.75879],[139.73989,35.75742]]}},{"type":"Feature","properties":{"idx":1050,"road":"補助第85号線","cls":"tertiary","shops":6,"st_km":0.71,"mesh":"53395519"},"geometry":{"type":"LineString","coordinates":[[139.73867,35.75911],[139.74034,35.75905]]}},{"type":"Feature","properties":{"idx":1312,"road":NaN,"cls":"primary_link","shops":9,"st_km":0.67,"mesh":"53395519"},"geometry":{"type":"LineString","coordinates":[[139.73782,35.7587],[139.73763,35.75875],[139.73753,35.75868]]}},{"type":"Feature","properties":{"idx":287,"road":"王子千住夢の島線","cls":"primary_link","shops":3,"st_km":0.48,"mesh":"53395509"},"geometry":{"type":"LineString","coordinates":[[139.74114,35.75639],[139.74159,35.75603]]}},{"type":"Feature","properties":{"idx":165,"road":"明治通り","cls":"primary","shops":0,"st_km":0.47,"mesh":"53395509"},"geometry":{"type":"LineString","coordinates":[[139.74181,35.75584],[139.7426,35.75522]]}},{"type":"Feature","properties":{"idx":144,"road":NaN,"cls":"tertiary","shops":1,"st_km":1.23,"mesh":"53395529"},"geometry":{"type":"LineString","coordinates":[[139.74535,35.77294],[139.74605,35.7725]]}},{"type":"Feature","properties":{"idx":88,"road":NaN,"cls":"tertiary","shops":0,"st_km":1.36,"mesh":"53395529"},"geometry":{"type":"LineString","coordinates":[[139.75004,35.7687],[139.74999,35.76922],[139.7499,35.76942],[139.74972,35.76957],[139.7487,35.77011]]}},{"type":"Feature","properties":{"idx":2565,"road":"高島通り","cls":"secondary","shops":3,"st_km":0.13,"mesh":"53395544"},"geometry":{"type":"LineString","coordinates":[[139.68396,35.7848],[139.67405,35.78576]]}},{"type":"Feature","properties":{"idx":719,"road":"東京都道447号赤羽西台線","cls":"secondary","shops":5,"st_km":0.16,"mesh":"53395543"},"geometry":{"type":"LineString","coordinates":[[139.67405,35.78576],[139.67415,35.78642],[139.67424,35.78671],[139.6743,35.78676]]}},{"type":"Feature","properties":{"idx":602,"road":"御成塚通り","cls":"tertiary","shops":0,"st_km":0.55,"mesh":"53395544"},"geometry":{"type":"LineString","coordinates":[[139.68396,35.7848],[139.68462,35.78813],[139.68474,35.78827],[139.68483,35.78828]]}},{"type":"Feature","properties":{"idx":1320,"road":"城山通り","cls":"tertiary","shops":0,"st_km":0.39,"mesh":"53395525"},"geometry":{"type":"LineString","coordinates":[[139.69062,35.77619],[139.69019,35.7761],[139.68988,35.77592],[139.68859,35.77468],[139.68838,35.77454],[139.68806,35.77443],[139.6872,35.77428],[139.68657,35.77426]]}},{"type":"Feature","properties":{"idx":397,"road":"高島通り","cls":"secondary","shops":2,"st_km":0.19,"mesh":"53395543"},"geometry":{"type":"LineString","coordinates":[[139.67405,35.78576],[139.66735,35.78721]]}},{"type":"Feature","properties":{"idx":72,"road":"赤羽並木通り","cls":"tertiary","shops":0,"st_km":0.59,"mesh":"53395537"},"geometry":{"type":"LineString","coordinates":[[139.71456,35.78015],[139.71554,35.77958],[139.7159,35.77929]]}},{"type":"Feature","properties":{"idx":256,"road":NaN,"cls":"tertiary","shops":0,"st_km":0.37,"mesh":"53395534"},"geometry":{"type":"LineString","coordinates":[[139.68064,35.77572],[139.68518,35.77455]]}},{"type":"Feature","properties":{"idx":962,"road":"御成塚通り","cls":"tertiary","shops":4,"st_km":0.15,"mesh":"53395534"},"geometry":{"type":"LineString","coordinates":[[139.68607,35.7788],[139.68603,35.77887]]}},{"type":"Feature","properties":{"idx":795,"road":NaN,"cls":"tertiary","shops":0,"st_km":0.38,"mesh":"53395524"},"geometry":{"type":"LineString","coordinates":[[139.68056,35.7755],[139.68386,35.77466],[139.68586,35.77398]]}},{"type":"Feature","properties":{"idx":289,"road":"師団坂通り","cls":"tertiary","shops":0,"st_km":0.67,"mesh":"53395547"},"geometry":{"type":"LineString","coordinates":[[139.71256,35.78395],[139.71249,35.78524]]}},{"type":"Feature","properties":{"idx":76,"road":"常盤台赤羽線","cls":"secondary","shops":0,"st_km":0.62,"mesh":"53395537"},"geometry":{"type":"LineString","coordinates":[[139.71746,35.78214],[139.71596,35.78158],[139.7156,35.78137],[139.71456,35.78015]]}},{"type":"Feature","properties":{"idx":441,"road":"環八通り","cls":"primary","shops":0,"st_km":0.49,"mesh":"53395547"},"geometry":{"type":"LineString","coordinates":[[139.72054,35.7837],[139.7199,35.78384],[139.71957,35.784],[139.71928,35.78421],[139.71777,35.78586],[139.71729,35.7862],[139.7168,35.78638],[139.71647,35.78643],[139.71414,35.78653],[139.71374,35.78651]]}},{"type":"Feature","properties":{"idx":187,"road":NaN,"cls":"pedestrian","shops":0,"st_km":0.9,"mesh":"53395520"},"geometry":{"type":"LineString","coordinates":[[139.63437,35.76775],[139.63421,35.76789],[139.63425,35.7687],[139.63421,35.76943]]}},{"type":"Feature","properties":{"idx":411,"road":"都市計画道路　中央小学校前通り線","cls":"tertiary","shops":0,"st_km":0.9,"mesh":"53395585"},"geometry":{"type":"LineString","coordinates":[[139.69005,35.81863],[139.68771,35.82016],[139.68582,35.82159]]}},{"type":"Feature","properties":{"idx":248,"road":NaN,"cls":"tertiary","shops":0,"st_km":1.19,"mesh":"53395563"},"geometry":{"type":"LineString","coordinates":[[139.66531,35.80557],[139.66542,35.80667]]}},{"type":"Feature","properties":{"idx":702,"road":NaN,"cls":"tertiary","shops":2,"st_km":1.6,"mesh":"53395590"},"geometry":{"type":"LineString","coordinates":[[139.63341,35.83085],[139.63441,35.83065],[139.63467,35.83075]]}},{"type":"Feature","properties":{"idx":344,"road":NaN,"cls":"tertiary","shops":1,"st_km":0.82,"mesh":"53395558"},"geometry":{"type":"LineString","coordinates":[[139.72842,35.79475],[139.72852,35.79456],[139.72874,35.79434],[139.72934,35.79396],[139.73399,35.79209],[139.73502,35.79184],[139.73606,35.79178]]}},{"type":"Feature","properties":{"idx":269,"road":NaN,"cls":"tertiary","shops":0,"st_km":0.64,"mesh":"53395558"},"geometry":{"type":"LineString","coordinates":[[139.72712,35.79468],[139.72789,35.79472]]}},{"type":"Feature","properties":{"idx":692,"road":NaN,"cls":"tertiary","shops":1,"st_km":0.21,"mesh":"53395568"},"geometry":{"type":"LineString","coordinates":[[139.72821,35.8016],[139.72836,35.80166],[139.72918,35.80174]]}},{"type":"Feature","properties":{"idx":396,"road":"六間通り","cls":"tertiary","shops":0,"st_km":0.36,"mesh":"53395568"},"geometry":{"type":"LineString","coordinates":[[139.72809,35.80162],[139.72514,35.80211]]}},{"type":"Feature","properties":{"idx":202,"road":NaN,"cls":"tertiary","shops":0,"st_km":0.57,"mesh":"53395567"},"geometry":{"type":"LineString","coordinates":[[139.72481,35.80053],[139.72369,35.80076],[139.72325,35.80064],[139.72271,35.80065]]}},{"type":"Feature","properties":{"idx":462,"road":NaN,"cls":"tertiary","shops":0,"st_km":0.21,"mesh":"53395568"},"geometry":{"type":"LineString","coordinates":[[139.72918,35.80174],[139.72977,35.80204],[139.72993,35.80217]]}},{"type":"Feature","properties":{"idx":408,"road":NaN,"cls":"tertiary","shops":0,"st_km":0.33,"mesh":"53395568"},"geometry":{"type":"LineString","coordinates":[[139.7277,35.7999],[139.72718,35.80005],[139.72635,35.80044],[139.72556,35.8005],[139.72478,35.80038]]}},{"type":"Feature","properties":{"idx":1238,"road":NaN,"cls":"tertiary","shops":0,"st_km":0.29,"mesh":"53395557"},"geometry":{"type":"LineString","coordinates":[[139.71859,35.79955],[139.71931,35.79939]]}},{"type":"Feature","properties":{"idx":403,"road":NaN,"cls":"tertiary","shops":1,"st_km":0.86,"mesh":"53395593"},"geometry":{"type":"LineString","coordinates":[[139.66865,35.83114],[139.6694,35.83162]]}},{"type":"Feature","properties":{"idx":205,"road":NaN,"cls":"secondary","shops":0,"st_km":1.89,"mesh":"53395591"},"geometry":{"type":"LineString","coordinates":[[139.64071,35.82873],[139.64041,35.8257],[139.64043,35.82561],[139.64063,35.82538]]}},{"type":"Feature","properties":{"idx":1104,"road":"練馬川口線","cls":"primary","shops":4,"st_km":1.05,"mesh":"53395566"},"geometry":{"type":"LineString","coordinates":[[139.70227,35.80614],[139.71108,35.80454]]}},{"type":"Feature","properties":{"idx":606,"road":"環七通り","cls":"primary","shops":0,"st_km":0.26,"mesh":"53395505"},"geometry":{"type":"LineString","coordinates":[[139.69329,35.75815],[139.69266,35.75798],[139.69233,35.75783],[139.69077,35.75682]]}},{"type":"Feature","properties":{"idx":597,"road":"環七通り","cls":"primary","shops":0,"st_km":0.28,"mesh":"53395505"},"geometry":{"type":"LineString","coordinates":[[139.69041,35.75669],[139.69225,35.75785],[139.69304,35.75818]]}},{"type":"Feature","properties":{"idx":1189,"road":"環七通り","cls":"primary","shops":2,"st_km":0.3,"mesh":"53395505"},"geometry":{"type":"LineString","coordinates":[[139.69077,35.75682],[139.68936,35.75594]]}},{"type":"Feature","properties":{"idx":1136,"road":"環七通り","cls":"primary","shops":1,"st_km":0.47,"mesh":"53395515"},"geometry":{"type":"LineString","coordinates":[[139.69304,35.75818],[139.70263,35.76062]]}},{"type":"Feature","properties":{"idx":192,"road":"第二産業道路","cls":"primary","shops":0,"st_km":0.79,"mesh":"53395599"},"geometry":{"type":"LineString","coordinates":[[139.73692,35.82902],[139.74944,35.82411]]}},{"type":"Feature","properties":{"idx":284,"road":NaN,"cls":"tertiary","shops":0,"st_km":0.17,"mesh":"53395598"},"geometry":{"type":"LineString","coordinates":[[139.73373,35.83036],[139.73434,35.83124],[139.73447,35.83135],[139.73458,35.83157],[139.73459,35.83202]]}},{"type":"Feature","properties":{"idx":191,"road":"第二産業道路","cls":"primary","shops":0,"st_km":0.8,"mesh":"53395599"},"geometry":{"type":"LineString","coordinates":[[139.74939,35.82404],[139.74397,35.82617],[139.73809,35.82839],[139.73697,35.82886]]}},{"type":"Feature","properties":{"idx":217,"road":"第二産業道路","cls":"primary","shops":0,"st_km":0.65,"mesh":"53395599"},"geometry":{"type":"LineString","coordinates":[[139.74208,35.827],[139.74147,35.82717]]}},{"type":"Feature","properties":{"idx":346,"road":"第二産業道路","cls":"primary","shops":0,"st_km":0.2,"mesh":"53395598"},"geometry":{"type":"LineString","coordinates":[[139.73444,35.82999],[139.73392,35.83015]]}},{"type":"Feature","properties":{"idx":540,"road":"第二産業道路","cls":"primary","shops":1,"st_km":0.16,"mesh":"53395598"},"geometry":{"type":"LineString","coordinates":[[139.73444,35.82999],[139.73599,35.8293],[139.73697,35.82893]]}},{"type":"Feature","properties":{"idx":146,"road":NaN,"cls":"tertiary","shops":0,"st_km":0.88,"mesh":"53395598"},"geometry":{"type":"LineString","coordinates":[[139.72842,35.82824],[139.72855,35.82818],[139.72845,35.82769],[139.72806,35.82595],[139.72775,35.825],[139.72764,35.8244]]}},{"type":"Feature","properties":{"idx":409,"road":"第二産業道路","cls":"primary","shops":1,"st_km":0.41,"mesh":"53395599"},"geometry":{"type":"LineString","coordinates":[[139.73697,35.82893],[139.74147,35.82717]]}},{"type":"Feature","properties":{"idx":1529,"road":"下頭橋通り","cls":"tertiary","shops":4,"st_km":0.22,"mesh":"53395505"},"geometry":{"type":"LineString","coordinates":[[139.69369,35.75335],[139.69319,35.75436],[139.69304,35.7546],[139.6928,35.75486],[139.69208,35.755],[139.69129,35.75545]]}},{"type":"Feature","properties":{"idx":292,"road":"市役所通り","cls":"secondary","shops":0,"st_km":1.1,"mesh":"53395594"},"geometry":{"type":"LineString","coordinates":[[139.67772,35.82516],[139.67952,35.82592]]}},{"type":"Feature","properties":{"idx":283,"road":"北小通り","cls":"tertiary","shops":0,"st_km":0.99,"mesh":"53395594"},"geometry":{"type":"LineString","coordinates":[[139.67971,35.82878],[139.67924,35.82822]]}},{"type":"Feature","properties":{"idx":381,"road":"一本杉通り","cls":"tertiary","shops":0,"st_km":0.65,"mesh":"53395594"},"geometry":{"type":"LineString","coordinates":[[139.68278,35.82818],[139.68352,35.82774],[139.68358,35.82767]]}},{"type":"Feature","properties":{"idx":196,"road":NaN,"cls":"tertiary","shops":0,"st_km":1.45,"mesh":"53395594"},"geometry":{"type":"LineString","coordinates":[[139.67694,35.83288],[139.6764,35.83306],[139.67555,35.83321],[139.67444,35.83349],[139.67387,35.83375]]}},{"type":"Feature","properties":{"idx":368,"road":"市役所通り","cls":"secondary","shops":0,"st_km":0.82,"mesh":"53395594"},"geometry":{"type":"LineString","coordinates":[[139.68358,35.82767],[139.68198,35.82722],[139.6814,35.82701],[139.67952,35.82592]]}},{"type":"Feature","properties":{"idx":322,"road":"一本杉通り","cls":"tertiary","shops":0,"st_km":0.84,"mesh":"53395594"},"geometry":{"type":"LineString","coordinates":[[139.6796,35.82989],[139.68042,35.82959],[139.68278,35.82818]]}},{"type":"Feature","properties":{"idx":265,"road":NaN,"cls":"tertiary","shops":0,"st_km":1.07,"mesh":"53395594"},"geometry":{"type":"LineString","coordinates":[[139.6781,35.83008],[139.6796,35.82989]]}},{"type":"Feature","properties":{"idx":225,"road":NaN,"cls":"tertiary","shops":0,"st_km":0.4,"mesh":"53395598"},"geometry":{"type":"LineString","coordinates":[[139.73247,35.83432],[139.73249,35.8338],[139.73261,35.83327],[139.73331,35.83195]]}},{"type":"Feature","properties":{"idx":119,"road":"環七通り","cls":"primary","shops":0,"st_km":1.38,"mesh":"53395539"},"geometry":{"type":"LineString","coordinates":[[139.7483,35.77866],[139.74777,35.77853],[139.74725,35.77826]]}},{"type":"Feature","properties":{"idx":82,"road":"環七通り","cls":"primary_link","shops":0,"st_km":1.39,"mesh":"53395539"},"geometry":{"type":"LineString","coordinates":[[139.74894,35.77866],[139.74815,35.77855],[139.74773,35.77842],[139.74696,35.77797]]}},{"type":"Feature","properties":{"idx":224,"road":"環七通り","cls":"primary","shops":1,"st_km":0.9,"mesh":"53395529"},"geometry":{"type":"LineString","coordinates":[[139.74109,35.77417],[139.74171,35.77457]]}},{"type":"Feature","properties":{"idx":104,"road":NaN,"cls":"primary_link","shops":0,"st_km":0.91,"mesh":"53395529"},"geometry":{"type":"LineString","coordinates":[[139.74093,35.77406],[139.74107,35.77422],[139.74238,35.77513]]}},{"type":"Feature","properties":{"idx":102,"road":NaN,"cls":"primary_link","shops":0,"st_km":0.93,"mesh":"53395529"},"geometry":{"type":"LineString","coordinates":[[139.74256,35.77497],[139.74125,35.7741],[139.74103,35.77402]]}},{"type":"Feature","properties":{"idx":461,"road":"本郷赤羽線","cls":"secondary","shops":3,"st_km":0.71,"mesh":"53395518"},"geometry":{"type":"LineString","coordinates":[[139.73078,35.7584],[139.73243,35.75932],[139.73272,35.75942],[139.73299,35.75943]]}},{"type":"Feature","properties":{"idx":731,"road":"弁天通り","cls":"secondary","shops":10,"st_km":0.18,"mesh":"53395537"},"geometry":{"type":"LineString","coordinates":[[139.71973,35.77874],[139.71971,35.77863],[139.71953,35.77851]]}},{"type":"Feature","properties":{"idx":444,"road":NaN,"cls":"tertiary","shops":2,"st_km":0.37,"mesh":"53395518"},"geometry":{"type":"LineString","coordinates":[[139.73593,35.76094],[139.73423,35.76299]]}},{"type":"Feature","properties":{"idx":1336,"road":"環七通り","cls":"primary","shops":10,"st_km":0.47,"mesh":"53395528"},"geometry":{"type":"LineString","coordinates":[[139.7294,35.76811],[139.7276,35.76761]]}},{"type":"Feature","properties":{"idx":366,"road":NaN,"cls":"tertiary","shops":1,"st_km":0.28,"mesh":"53395520"},"geometry":{"type":"LineString","coordinates":[[139.63218,35.77481],[139.63322,35.77421]]}},{"type":"Feature","properties":{"idx":571,"road":"明治通り","cls":"primary","shops":4,"st_km":0.33,"mesh":"53395509"},"geometry":{"type":"LineString","coordinates":[[139.74161,35.7558],[139.74121,35.75543],[139.73976,35.75482],[139.7391,35.75439]]}},{"type":"Feature","properties":{"idx":828,"road":"笹目通り","cls":"primary","shops":2,"st_km":0.91,"mesh":"53395550"},"geometry":{"type":"LineString","coordinates":[[139.63405,35.79289],[139.63464,35.79296],[139.63551,35.79298],[139.63744,35.79281]]}},{"type":"Feature","properties":{"idx":287,"road":"笹目通り","cls":"primary","shops":0,"st_km":1.41,"mesh":"53395540"},"geometry":{"type":"LineString","coordinates":[[139.63414,35.79283],[139.63287,35.79252],[139.63236,35.79232],[139.63166,35.79196],[139.63124,35.79168],[139.62829,35.78941],[139.62677,35.78819]]}},{"type":"Feature","properties":{"idx":235,"road":NaN,"cls":"tertiary","shops":1,"st_km":0.23,"mesh":"53395509"},"geometry":{"type":"LineString","coordinates":[[139.74964,35.75028],[139.74947,35.74993]]}},{"type":"Feature","properties":{"idx":76,"road":NaN,"cls":"tertiary","shops":0,"st_km":0.46,"mesh":"53395510"},"geometry":{"type":"LineString","coordinates":[[139.63044,35.76255],[139.63001,35.76249]]}},{"type":"Feature","properties":{"idx":1518,"road":"旧川越街道","cls":"tertiary","shops":6,"st_km":0.2,"mesh":"53395522"},"geometry":{"type":"LineString","coordinates":[[139.66219,35.76786],[139.6606,35.76823],[139.65846,35.76853]]}},{"type":"Feature","properties":{"idx":98,"road":NaN,"cls":"tertiary","shops":0,"st_km":0.21,"mesh":"53395510"},"geometry":{"type":"LineString","coordinates":[[139.63048,35.75963],[139.63161,35.75964]]}},{"type":"Feature","properties":{"idx":144,"road":"光が丘東大通り","cls":"tertiary","shops":1,"st_km":0.23,"mesh":"53395510"},"geometry":{"type":"LineString","coordinates":[[139.63161,35.75964],[139.63162,35.75862]]}},{"type":"Feature","properties":{"idx":117,"road":"南田中町旭町線（支線2）（補助第230号線）","cls":"secondary","shops":0,"st_km":0.15,"mesh":"53395510"},"geometry":{"type":"LineString","coordinates":[[139.63013,35.75865],[139.63147,35.75866],[139.63162,35.75862]]}},{"type":"Feature","properties":{"idx":336,"road":"南田中町旭町線（支線1）（補助230号線）","cls":"secondary","shops":3,"st_km":0.02,"mesh":"53395510"},"geometry":{"type":"LineString","coordinates":[[139.62951,35.75844],[139.62935,35.75843]]}},{"type":"Feature","properties":{"idx":260,"road":"高島通り","cls":"secondary_link","shops":0,"st_km":0.11,"mesh":"53395541"},"geometry":{"type":"LineString","coordinates":[[139.64722,35.79135],[139.64636,35.79145]]}},{"type":"Feature","properties":{"idx":772,"road":"光が丘東大通り","cls":"tertiary","shops":1,"st_km":0.37,"mesh":"53395500"},"geometry":{"type":"LineString","coordinates":[[139.63162,35.75862],[139.63173,35.75818],[139.63212,35.75744],[139.63223,35.75703],[139.63225,35.75664],[139.63195,35.75487],[139.63183,35.75457],[139.63139,35.75385]]}},{"type":"Feature","properties":{"idx":72,"road":NaN,"cls":"tertiary","shops":0,"st_km":0.51,"mesh":"53395510"},"geometry":{"type":"LineString","coordinates":[[139.63001,35.76249],[139.62835,35.76246],[139.62799,35.76251],[139.62754,35.76274],[139.62554,35.76415],[139.62532,35.76419]]}},{"type":"Feature","properties":{"idx":714,"road":"南田中町旭町線（支線1）（補助第172号線）","cls":"secondary","shops":1,"st_km":0.52,"mesh":"53395500"},"geometry":{"type":"LineString","coordinates":[[139.63128,35.75367],[139.63205,35.75362],[139.63402,35.75362],[139.63452,35.75356],[139.63934,35.75178]]}},{"type":"Feature","properties":{"idx":136,"road":"早宮中央通り","cls":"tertiary","shops":0,"st_km":0.64,"mesh":"53395502"},"geometry":{"type":"LineString","coordinates":[[139.64977,35.74835],[139.64995,35.74871],[139.65025,35.74904],[139.65144,35.74988],[139.65224,35.7506],[139.65357,35.75154],[139.65543,35.75253],[139.65777,35.75394],[139.65863,35.7544],[139.65883,35.75465]]}},{"type":"Feature","properties":{"idx":537,"road":NaN,"cls":"tertiary","shops":0,"st_km":0.88,"mesh":"53395503"},"geometry":{"type":"LineString","coordinates":[[139.66611,35.75713],[139.66698,35.75782]]}},{"type":"Feature","properties":{"idx":248,"road":"池袋谷原線","cls":"secondary","shops":1,"st_km":0.56,"mesh":"53395502"},"geometry":{"type":"LineString","coordinates":[[139.65883,35.75465],[139.65947,35.75414]]}},{"type":"Feature","properties":{"idx":353,"road":NaN,"cls":"primary_link","shops":0,"st_km":0.62,"mesh":"53395513"},"geometry":{"type":"LineString","coordinates":[[139.66415,35.76356],[139.66234,35.76269],[139.66216,35.76267]]}},{"type":"Feature","properties":{"idx":382,"road":NaN,"cls":"primary_link","shops":0,"st_km":0.54,"mesh":"53395513"},"geometry":{"type":"LineString","coordinates":[[139.66505,35.76434],[139.66521,35.76419]]}},{"type":"Feature","properties":{"idx":453,"road":NaN,"cls":"tertiary","shops":1,"st_km":0.94,"mesh":"53395513"},"geometry":{"type":"LineString","coordinates":[[139.66658,35.76008],[139.66695,35.75988]]}},{"type":"Feature","properties":{"idx":355,"road":NaN,"cls":"primary_link","shops":0,"st_km":0.62,"mesh":"53395513"},"geometry":{"type":"LineString","coordinates":[[139.66212,35.76273],[139.66246,35.76296],[139.66339,35.76342]]}},{"type":"Feature","properties":{"idx":708,"road":NaN,"cls":"pedestrian","shops":0,"st_km":0.37,"mesh":"53395500"},"geometry":{"type":"LineString","coordinates":[[139.62913,35.75652],[139.62915,35.75392],[139.6292,35.75383]]}},{"type":"Feature","properties":{"idx":876,"road":"ときわ通り","cls":"tertiary","shops":0,"st_km":0.29,"mesh":"53395514"},"geometry":{"type":"LineString","coordinates":[[139.68912,35.75913],[139.68646,35.75995],[139.68306,35.76177]]}},{"type":"Feature","properties":{"idx":170,"road":"東京都道446号長後赤塚線","cls":"secondary","shops":0,"st_km":0.79,"mesh":"53395533"},"geometry":{"type":"LineString","coordinates":[[139.67612,35.77699],[139.67402,35.77824],[139.6737,35.77856],[139.67356,35.77877],[139.6734,35.77918]]}},{"type":"Feature","properties":{"idx":155,"road":NaN,"cls":"primary_link","shops":0,"st_km":0.77,"mesh":"53395534"},"geometry":{"type":"LineString","coordinates":[[139.6776,35.7765],[139.67731,35.77638]]}},{"type":"Feature","properties":{"idx":262,"road":NaN,"cls":"primary_link","shops":0,"st_km":1.11,"mesh":"53395523"},"geometry":{"type":"LineString","coordinates":[[139.67671,35.77596],[139.67194,35.77188],[139.67092,35.77062]]}},{"type":"Feature","properties":{"idx":3765,"road":NaN,"cls":"tertiary","shops":6,"st_km":0.06,"mesh":"53395515"},"geometry":{"type":"LineString","coordinates":[[139.68955,35.75915],[139.68939,35.7591],[139.68912,35.75913]]}},{"type":"Feature","properties":{"idx":159,"road":NaN,"cls":"tertiary","shops":0,"st_km":0.87,"mesh":"53395534"},"geometry":{"type":"LineString","coordinates":[[139.67659,35.77615],[139.67608,35.77683],[139.67612,35.77699]]}},{"type":"Feature","properties":{"idx":3095,"road":NaN,"cls":"tertiary","shops":6,"st_km":0.05,"mesh":"53395545"},"geometry":{"type":"LineString","coordinates":[[139.69207,35.79136],[139.69199,35.79133],[139.69174,35.79138],[139.6917,35.79144],[139.69189,35.79166],[139.69227,35.79176]]}},{"type":"Feature","properties":{"idx":567,"road":"若木通り","cls":"tertiary","shops":0,"st_km":0.76,"mesh":"53395524"},"geometry":{"type":"LineString","coordinates":[[139.67903,35.76523],[139.67879,35.76554],[139.67812,35.76617],[139.67746,35.76711],[139.67715,35.76736],[139.67662,35.76754],[139.67639,35.76776],[139.6763,35.76797],[139.67632,35.76887],[139.67626,35.76949],[139.67619,35.76987],[139.67598,35.77028],[139.67594,35.77093],[139.67637,35.77214],[139.67659,35.77247],[139.67713,35.77304],[139.67761,35.77391],[139.67777,35.77468],[139.67769,35.7749],[139.67671,35.77596]]}},{"type":"Feature","properties":{"idx":678,"road":"蓮根駅前通り","cls":"tertiary","shops":2,"st_km":1.04,"mesh":"53395554"},"geometry":{"type":"LineString","coordinates":[[139.68035,35.79385],[139.68053,35.79406],[139.68071,35.7945],[139.68082,35.7957]]}},{"type":"Feature","properties":{"idx":473,"road":"富士見街道","cls":"tertiary","shops":0,"st_km":0.73,"mesh":"53395515"},"geometry":{"type":"LineString","coordinates":[[139.69028,35.76331],[139.69145,35.76327],[139.69273,35.76306],[139.6942,35.76299],[139.69492,35.76301],[139.69678,35.76259],[139.69772,35.76266],[139.69862,35.76252],[139.69953,35.76217],[139.70061,35.76206],[139.70095,35.76195],[139.70131,35.76177],[139.70203,35.76118],[139.70244,35.76098]]}},{"type":"Feature","properties":{"idx":256,"road":"東京都道446号長後赤塚線","cls":"secondary","shops":1,"st_km":0.34,"mesh":"53395543"},"geometry":{"type":"LineString","coordinates":[[139.67362,35.78256],[139.67405,35.78576]]}},{"type":"Feature","properties":{"idx":2244,"road":NaN,"cls":"tertiary","shops":4,"st_km":0.08,"mesh":"53395545"},"geometry":{"type":"LineString","coordinates":[[139.69227,35.79176],[139.69217,35.79146],[139.69207,35.79136]]}},{"type":"Feature","properties":{"idx":148,"road":NaN,"cls":"primary_link","shops":0,"st_km":0.82,"mesh":"53395534"},"geometry":{"type":"LineString","coordinates":[[139.67686,35.77635],[139.67689,35.77648],[139.67677,35.77663]]}},{"type":"Feature","properties":{"idx":354,"road":NaN,"cls":"primary_link","shops":0,"st_km":0.75,"mesh":"53395523"},"geometry":{"type":"LineString","coordinates":[[139.67092,35.77062],[139.67031,35.76996]]}},{"type":"Feature","properties":{"idx":361,"road":"環八通り","cls":"primary","shops":0,"st_km":1.13,"mesh":"53395523"},"geometry":{"type":"LineString","coordinates":[[139.67274,35.7728],[139.67548,35.77512]]}},{"type":"Feature","properties":{"idx":258,"road":NaN,"cls":"primary_link","shops":0,"st_km":1.1,"mesh":"53395523"},"geometry":{"type":"LineString","coordinates":[[139.67384,35.77382],[139.67482,35.77464]]}},{"type":"Feature","properties":{"idx":391,"road":NaN,"cls":"primary_link","shops":0,"st_km":0.64,"mesh":"53395523"},"geometry":{"type":"LineString","coordinates":[[139.67092,35.77062],[139.67037,35.76993],[139.66975,35.76903],[139.66894,35.76809],[139.66829,35.76723]]}},{"type":"Feature","properties":{"idx":293,"road":"環八通り","cls":"primary","shops":1,"st_km":0.91,"mesh":"53395534"},"geometry":{"type":"LineString","coordinates":[[139.67548,35.77512],[139.67659,35.77605]]}},{"type":"Feature","properties":{"idx":554,"road":"環八通り","cls":"primary","shops":0,"st_km":0.52,"mesh":"53395513"},"geometry":{"type":"LineString","coordinates":[[139.66697,35.76561],[139.66567,35.76461]]}},{"type":"Feature","properties":{"idx":395,"road":NaN,"cls":"primary_link","shops":0,"st_km":1.0,"mesh":"53395524"},"geometry":{"type":"LineString","coordinates":[[139.67553,35.77505],[139.67499,35.7745]]}},{"type":"Feature","properties":{"idx":1540,"road":"ときわ通り","cls":"tertiary","shops":1,"st_km":0.15,"mesh":"53395514"},"geometry":{"type":"LineString","coordinates":[[139.68306,35.76177],[139.67675,35.76422],[139.67618,35.7644],[139.67518,35.76457],[139.67427,35.76502],[139.67268,35.76569],[139.66906,35.76702],[139.66805,35.76731],[139.66731,35.7676]]}},{"type":"Feature","properties":{"idx":536,"road":"環八通り","cls":"primary","shops":0,"st_km":0.69,"mesh":"53395523"},"geometry":{"type":"LineString","coordinates":[[139.67031,35.76996],[139.66978,35.76925]]}},{"type":"Feature","properties":{"idx":395,"road":NaN,"cls":"primary_link","shops":0,"st_km":1.0,"mesh":"53395524"},"geometry":{"type":"LineString","coordinates":[[139.67559,35.77502],[139.67493,35.77454]]}},{"type":"Feature","properties":{"idx":266,"road":NaN,"cls":"primary_link","shops":2,"st_km":0.95,"mesh":"53395534"},"geometry":{"type":"LineString","coordinates":[[139.67482,35.77464],[139.67659,35.77615]]}},{"type":"Feature","properties":{"idx":1721,"road":"富士見街道","cls":"tertiary","shops":3,"st_km":0.54,"mesh":"53395514"},"geometry":{"type":"LineString","coordinates":[[139.68405,35.76371],[139.68449,35.76363],[139.68853,35.76356],[139.69028,35.76331]]}},{"type":"Feature","properties":{"idx":420,"road":"ROUTE2020トレセン通り","cls":"secondary","shops":1,"st_km":0.67,"mesh":"53395516"},"geometry":{"type":"LineString","coordinates":[[139.70979,35.76713],[139.71025,35.76601],[139.7105,35.76565],[139.71099,35.76524],[139.71228,35.76433]]}},{"type":"Feature","properties":{"idx":263,"road":NaN,"cls":"tertiary","shops":0,"st_km":0.66,"mesh":"53395526"},"geometry":{"type":"LineString","coordinates":[[139.70779,35.76621],[139.70979,35.76713]]}},{"type":"Feature","properties":{"idx":664,"road":"常盤台赤羽線","cls":"secondary","shops":0,"st_km":0.8,"mesh":"53395536"},"geometry":{"type":"LineString","coordinates":[[139.70811,35.77573],[139.70462,35.77499]]}},{"type":"Feature","properties":{"idx":301,"road":"ROUTE2020トレセン通り","cls":"secondary","shops":0,"st_km":0.64,"mesh":"53395526"},"geometry":{"type":"LineString","coordinates":[[139.70886,35.76986],[139.70898,35.76919],[139.70959,35.76766]]}},{"type":"Feature","properties":{"idx":1091,"road":"常盤台赤羽線","cls":"secondary","shops":1,"st_km":0.6,"mesh":"53395514"},"geometry":{"type":"LineString","coordinates":[[139.68306,35.76177],[139.68154,35.75881]]}},{"type":"Feature","properties":{"idx":266,"road":NaN,"cls":"tertiary","shops":0,"st_km":0.58,"mesh":"53395516"},"geometry":{"type":"LineString","coordinates":[[139.70758,35.76669],[139.70779,35.76621]]}},{"type":"Feature","properties":{"idx":262,"road":"諏訪通り","cls":"tertiary","shops":0,"st_km":0.46,"mesh":"53395546"},"geometry":{"type":"LineString","coordinates":[[139.70798,35.78305],[139.70875,35.78374],[139.70911,35.78395]]}},{"type":"Feature","properties":{"idx":500,"road":NaN,"cls":"tertiary","shops":1,"st_km":0.68,"mesh":"53395505"},"geometry":{"type":"LineString","coordinates":[[139.69548,35.75015],[139.69544,35.75004]]}},{"type":"Feature","properties":{"idx":625,"road":NaN,"cls":"tertiary","shops":2,"st_km":0.72,"mesh":"53395505"},"geometry":{"type":"LineString","coordinates":[[139.68961,35.74978],[139.68963,35.75229],[139.68967,35.75234]]}},{"type":"Feature","properties":{"idx":1255,"road":"稲付遊歩道","cls":"pedestrian","shops":6,"st_km":0.49,"mesh":"53395527"},"geometry":{"type":"LineString","coordinates":[[139.72197,35.77117],[139.72201,35.7712],[139.72196,35.77166],[139.72194,35.77339],[139.72178,35.7753]]}},{"type":"Feature","properties":{"idx":2727,"road":NaN,"cls":"tertiary","shops":0,"st_km":0.7,"mesh":"53395548"},"geometry":{"type":"LineString","coordinates":[[139.73703,35.7808],[139.73676,35.78122],[139.73587,35.78236],[139.73519,35.78287],[139.73434,35.78332],[139.73306,35.7838],[139.72976,35.78469],[139.72483,35.78644],[139.72443,35.7865]]}},{"type":"Feature","properties":{"idx":148,"road":NaN,"cls":"pedestrian","shops":0,"st_km":1.03,"mesh":"53395529"},"geometry":{"type":"LineString","coordinates":[[139.74125,35.7741],[139.7433,35.77257]]}},{"type":"Feature","properties":{"idx":451,"road":NaN,"cls":"pedestrian","shops":2,"st_km":1.02,"mesh":"53395575"},"geometry":{"type":"LineString","coordinates":[[139.69417,35.8116],[139.69387,35.81209]]}},{"type":"Feature","properties":{"idx":262,"road":NaN,"cls":"pedestrian","shops":0,"st_km":0.84,"mesh":"53395575"},"geometry":{"type":"LineString","coordinates":[[139.69599,35.81178],[139.69612,35.81174],[139.6962,35.81192],[139.69618,35.81197],[139.69604,35.81201],[139.69607,35.81207]]}},{"type":"Feature","properties":{"idx":337,"road":"不動通り","cls":"tertiary","shops":3,"st_km":0.94,"mesh":"53395533"},"geometry":{"type":"LineString","coordinates":[[139.66549,35.78146],[139.66531,35.78054]]}},{"type":"Feature","properties":{"idx":354,"road":"補助第249号線","cls":"tertiary","shops":0,"st_km":0.91,"mesh":"53395523"},"geometry":{"type":"LineString","coordinates":[[139.67043,35.7719],[139.67101,35.77184],[139.6713,35.77191],[139.67156,35.77211],[139.67176,35.77254],[139.67194,35.77264],[139.67215,35.77263],[139.67245,35.77241]]}},{"type":"Feature","properties":{"idx":768,"road":NaN,"cls":"tertiary","shops":0,"st_km":0.41,"mesh":"53395524"},"geometry":{"type":"LineString","coordinates":[[139.6865,35.77389],[139.68666,35.77371]]}},{"type":"Feature","properties":{"idx":816,"road":NaN,"cls":"tertiary","shops":0,"st_km":0.35,"mesh":"53395524"},"geometry":{"type":"LineString","coordinates":[[139.68381,35.77487],[139.68386,35.77466]]}},{"type":"Feature","properties":{"idx":433,"road":"茂呂山通り","cls":"tertiary","shops":0,"st_km":0.68,"mesh":"53395504"},"geometry":{"type":"LineString","coordinates":[[139.67473,35.76007],[139.67521,35.75753],[139.67525,35.75557],[139.6754,35.75494]]}},{"type":"Feature","properties":{"idx":743,"road":NaN,"cls":"tertiary","shops":0,"st_km":0.44,"mesh":"53395524"},"geometry":{"type":"LineString","coordinates":[[139.68666,35.77371],[139.68701,35.77336]]}},{"type":"Feature","properties":{"idx":873,"road":"常盤台赤羽線","cls":"secondary","shops":0,"st_km":0.98,"mesh":"53395525"},"geometry":{"type":"LineString","coordinates":[[139.69585,35.77196],[139.69535,35.77192],[139.69437,35.77228],[139.69407,35.77227],[139.69385,35.77218],[139.68853,35.76802],[139.68618,35.76683],[139.68586,35.76657],[139.68563,35.7663],[139.68441,35.76442],[139.68405,35.76371]]}},{"type":"Feature","properties":{"idx":1794,"road":"前野本通り","cls":"tertiary","shops":2,"st_km":0.8,"mesh":"53395525"},"geometry":{"type":"LineString","coordinates":[[139.69498,35.76616],[139.69376,35.76751],[139.68802,35.77217],[139.68701,35.77336]]}},{"type":"Feature","properties":{"idx":2448,"road":NaN,"cls":"tertiary","shops":7,"st_km":0.49,"mesh":"53395506"},"geometry":{"type":"LineString","coordinates":[[139.70774,35.75532],[139.70803,35.75542]]}},{"type":"Feature","properties":{"idx":1240,"road":NaN,"cls":"tertiary","shops":0,"st_km":0.44,"mesh":"53395525"},"geometry":{"type":"LineString","coordinates":[[139.70357,35.76612],[139.70315,35.76652],[139.7029,35.76664],[139.70207,35.76684],[139.6997,35.76717],[139.69899,35.76741],[139.6986,35.76761],[139.69679,35.76867],[139.69582,35.7693],[139.69527,35.76991],[139.69449,35.77123],[139.69405,35.77165],[139.69383,35.77181],[139.69318,35.77212],[139.69245,35.77233]]}},{"type":"Feature","properties":{"idx":221,"road":"志村坂下通り","cls":"tertiary","shops":0,"st_km":0.53,"mesh":"53395534"},"geometry":{"type":"LineString","coordinates":[[139.68848,35.78269],[139.68457,35.78171]]}},{"type":"Feature","properties":{"idx":159,"road":NaN,"cls":"tertiary","shops":0,"st_km":0.74,"mesh":"53395533"},"geometry":{"type":"LineString","coordinates":[[139.6734,35.77918],[139.67362,35.77919]]}},{"type":"Feature","properties":{"idx":298,"road":"あずま橋通り","cls":"tertiary","shops":1,"st_km":1.0,"mesh":"53395579"},"geometry":{"type":"LineString","coordinates":[[139.74472,35.81082],[139.74543,35.8112],[139.7462,35.8117]]}},{"type":"Feature","properties":{"idx":290,"road":NaN,"cls":"tertiary","shops":0,"st_km":0.57,"mesh":"53395579"},"geometry":{"type":"LineString","coordinates":[[139.74267,35.81613],[139.74206,35.81574]]}},{"type":"Feature","properties":{"idx":242,"road":NaN,"cls":"tertiary","shops":0,"st_km":0.77,"mesh":"53395579"},"geometry":{"type":"LineString","coordinates":[[139.74202,35.81571],[139.74289,35.81478],[139.7461,35.81163]]}},{"type":"Feature","properties":{"idx":320,"road":NaN,"cls":"tertiary","shops":0,"st_km":0.46,"mesh":"53395579"},"geometry":{"type":"LineString","coordinates":[[139.74206,35.81574],[139.74008,35.81445]]}},{"type":"Feature","properties":{"idx":710,"road":NaN,"cls":"tertiary","shops":6,"st_km":0.03,"mesh":"53395576"},"geometry":{"type":"LineString","coordinates":[[139.70402,35.8155],[139.7041,35.81541],[139.70409,35.81536]]}},{"type":"Feature","properties":{"idx":702,"road":NaN,"cls":"tertiary","shops":6,"st_km":0.04,"mesh":"53395576"},"geometry":{"type":"LineString","coordinates":[[139.70375,35.8155],[139.70392,35.81558],[139.70402,35.81548],[139.70393,35.8154]]}},{"type":"Feature","properties":{"idx":467,"road":NaN,"cls":"tertiary","shops":0,"st_km":0.3,"mesh":"53395505"},"geometry":{"type":"LineString","coordinates":[[139.69687,35.75382],[139.6972,35.75491],[139.69719,35.75572]]}},{"type":"Feature","properties":{"idx":1015,"road":"赤塚体育館通り","cls":"tertiary","shops":3,"st_km":0.63,"mesh":"53395531"},"geometry":{"type":"LineString","coordinates":[[139.63798,35.78165],[139.6387,35.78068]]}},{"type":"Feature","properties":{"idx":449,"road":"オリンピック通り","cls":"primary","shops":0,"st_km":0.16,"mesh":"53395564"},"geometry":{"type":"LineString","coordinates":[[139.67578,35.80727],[139.677,35.80717],[139.67763,35.80698]]}},{"type":"Feature","properties":{"idx":509,"road":"オリンピック通り","cls":"primary","shops":1,"st_km":0.43,"mesh":"53395564"},"geometry":{"type":"LineString","coordinates":[[139.68141,35.8056],[139.68353,35.8059]]}},{"type":"Feature","properties":{"idx":400,"road":"オリンピック通り","cls":"primary","shops":0,"st_km":0.27,"mesh":"53395564"},"geometry":{"type":"LineString","coordinates":[[139.67893,35.80645],[139.67958,35.80616],[139.68015,35.8057],[139.68044,35.80557],[139.68078,35.80553],[139.68141,35.8056]]}},{"type":"Feature","properties":{"idx":1045,"road":"中央通り","cls":"tertiary","shops":2,"st_km":0.49,"mesh":"53395574"},"geometry":{"type":"LineString","coordinates":[[139.67795,35.81205],[139.67944,35.81225]]}},{"type":"Feature","properties":{"idx":202,"road":"中央通り","cls":"tertiary","shops":1,"st_km":1.28,"mesh":"53395575"},"geometry":{"type":"LineString","coordinates":[[139.69094,35.81066],[139.6917,35.81006],[139.6932,35.8086],[139.69382,35.80816]]}},{"type":"Feature","properties":{"idx":237,"road":NaN,"cls":"tertiary","shops":0,"st_km":0.58,"mesh":"53395564"},"geometry":{"type":"LineString","coordinates":[[139.68183,35.80249],[139.68152,35.80318],[139.68136,35.80406]]}},{"type":"Feature","properties":{"idx":149,"road":"戸二小通り","cls":"tertiary","shops":0,"st_km":1.17,"mesh":"53395565"},"geometry":{"type":"LineString","coordinates":[[139.68904,35.80533],[139.69265,35.80494]]}},{"type":"Feature","properties":{"idx":434,"road":NaN,"cls":"tertiary","shops":0,"st_km":1.17,"mesh":"53395584"},"geometry":{"type":"LineString","coordinates":[[139.68292,35.81738],[139.68315,35.81771]]}},{"type":"Feature","properties":{"idx":737,"road":"電話局通り","cls":"tertiary","shops":0,"st_km":0.15,"mesh":"53395574"},"geometry":{"type":"LineString","coordinates":[[139.67892,35.80877],[139.67744,35.80945]]}},{"type":"Feature","properties":{"idx":552,"road":NaN,"cls":"tertiary","shops":0,"st_km":0.84,"mesh":"53395584"},"geometry":{"type":"LineString","coordinates":[[139.67906,35.81952],[139.67805,35.82011]]}},{"type":"Feature","properties":{"idx":616,"road":"市役所通り","cls":"tertiary","shops":0,"st_km":0.32,"mesh":"53395574"},"geometry":{"type":"LineString","coordinates":[[139.67744,35.80945],[139.67818,35.81041],[139.67799,35.81197],[139.67795,35.81205]]}},{"type":"Feature","properties":{"idx":194,"road":"東部センター通り","cls":"tertiary","shops":0,"st_km":0.79,"mesh":"53395564"},"geometry":{"type":"LineString","coordinates":[[139.68619,35.80513],[139.68636,35.80433]]}},{"type":"Feature","properties":{"idx":598,"road":NaN,"cls":"tertiary","shops":0,"st_km":0.75,"mesh":"53395584"},"geometry":{"type":"LineString","coordinates":[[139.67805,35.82011],[139.67603,35.82128]]}},{"type":"Feature","properties":{"idx":158,"road":"荒川通り","cls":"tertiary","shops":0,"st_km":1.04,"mesh":"53395564"},"geometry":{"type":"LineString","coordinates":[[139.68763,35.80197],[139.6869,35.80181]]}},{"type":"Feature","properties":{"idx":169,"road":"荒川通り","cls":"tertiary","shops":0,"st_km":0.95,"mesh":"53395564"},"geometry":{"type":"LineString","coordinates":[[139.6869,35.80181],[139.68591,35.80157],[139.68418,35.80127]]}},{"type":"Feature","properties":{"idx":954,"road":"市役所通り","cls":"tertiary","shops":1,"st_km":0.69,"mesh":"53395584"},"geometry":{"type":"LineString","coordinates":[[139.67719,35.81962],[139.67718,35.81625]]}},{"type":"Feature","properties":{"idx":492,"road":"市役所南通り","cls":"tertiary","shops":1,"st_km":1.01,"mesh":"53395574"},"geometry":{"type":"LineString","coordinates":[[139.68079,35.81647],[139.68194,35.81658]]}},{"type":"Feature","properties":{"idx":594,"road":"電話局通り","cls":"tertiary","shops":0,"st_km":0.36,"mesh":"53395574"},"geometry":{"type":"LineString","coordinates":[[139.67744,35.80945],[139.67577,35.81023],[139.67506,35.81028],[139.67438,35.81081],[139.67413,35.81088]]}},{"type":"Feature","properties":{"idx":166,"road":"オリンピック通り","cls":"primary","shops":0,"st_km":1.35,"mesh":"53395565"},"geometry":{"type":"LineString","coordinates":[[139.69251,35.80698],[139.69306,35.80692],[139.6955,35.80631],[139.69576,35.80629]]}},{"type":"Feature","properties":{"idx":187,"road":"オリンピック通り","cls":"primary","shops":0,"st_km":1.16,"mesh":"53395565"},"geometry":{"type":"LineString","coordinates":[[139.6892,35.80627],[139.69103,35.80604],[139.69127,35.80613],[139.69228,35.80687],[139.69251,35.80698]]}},{"type":"Feature","properties":{"idx":378,"road":"オリンピック通り","cls":"primary","shops":2,"st_km":1.17,"mesh":"53395565"},"geometry":{"type":"LineString","coordinates":[[139.69677,35.80671],[139.69806,35.80649]]}},{"type":"Feature","properties":{"idx":276,"road":"オリンピック通り","cls":"primary","shops":1,"st_km":1.21,"mesh":"53395565"},"geometry":{"type":"LineString","coordinates":[[139.69654,35.8066],[139.69677,35.80671]]}},{"type":"Feature","properties":{"idx":445,"road":"オリンピック通り","cls":"primary","shops":3,"st_km":1.25,"mesh":"53395565"},"geometry":{"type":"LineString","coordinates":[[139.69576,35.80629],[139.69603,35.80636],[139.69654,35.8066]]}},{"type":"Feature","properties":{"idx":1157,"road":"中央通り","cls":"tertiary","shops":3,"st_km":0.62,"mesh":"53395574"},"geometry":{"type":"LineString","coordinates":[[139.67944,35.81225],[139.68349,35.81216],[139.68543,35.8119]]}},{"type":"Feature","properties":{"idx":295,"road":"中央通り","cls":"tertiary","shops":2,"st_km":1.21,"mesh":"53395565"},"geometry":{"type":"LineString","coordinates":[[139.69598,35.80693],[139.69677,35.80671]]}},{"type":"Feature","properties":{"idx":540,"road":"喜沢通り","cls":"tertiary","shops":3,"st_km":0.7,"mesh":"53395575"},"geometry":{"type":"LineString","coordinates":[[139.69852,35.81365],[139.69785,35.81362],[139.69741,35.81353],[139.69565,35.81283]]}},{"type":"Feature","properties":{"idx":134,"road":"東中通り","cls":"tertiary","shops":0,"st_km":1.26,"mesh":"53395575"},"geometry":{"type":"LineString","coordinates":[[139.68865,35.81404],[139.69226,35.81294]]}},{"type":"Feature","properties":{"idx":199,"road":"喜沢中通り","cls":"tertiary","shops":1,"st_km":1.33,"mesh":"53395565"},"geometry":{"type":"LineString","coordinates":[[139.69382,35.80816],[139.6934,35.80773],[139.69317,35.80736],[139.69265,35.80494]]}},{"type":"Feature","properties":{"idx":190,"road":NaN,"cls":"tertiary","shops":0,"st_km":0.84,"mesh":"53395575"},"geometry":{"type":"LineString","coordinates":[[139.69536,35.81331],[139.69565,35.81283]]}},{"type":"Feature","properties":{"idx":170,"road":"こぶし公園通り","cls":"tertiary","shops":0,"st_km":1.0,"mesh":"53395565"},"geometry":{"type":"LineString","coordinates":[[139.6892,35.80627],[139.68904,35.80533]]}},{"type":"Feature","properties":{"idx":191,"road":NaN,"cls":"tertiary","shops":0,"st_km":0.84,"mesh":"53395575"},"geometry":{"type":"LineString","coordinates":[[139.69565,35.81283],[139.69593,35.81238],[139.69591,35.81233]]}},{"type":"Feature","properties":{"idx":182,"road":"カリン通り","cls":"tertiary","shops":0,"st_km":0.89,"mesh":"53395575"},"geometry":{"type":"LineString","coordinates":[[139.69561,35.81466],[139.69337,35.81535]]}},{"type":"Feature","properties":{"idx":157,"road":"東中通り","cls":"tertiary","shops":0,"st_km":1.07,"mesh":"53395575"},"geometry":{"type":"LineString","coordinates":[[139.69309,35.81237],[139.69339,35.81189]]}},{"type":"Feature","properties":{"idx":256,"road":"こぶし公園通り","cls":"tertiary","shops":1,"st_km":1.0,"mesh":"53395565"},"geometry":{"type":"LineString","coordinates":[[139.68946,35.80774],[139.6892,35.80627]]}},{"type":"Feature","properties":{"idx":408,"road":"戸一小北通り","cls":"tertiary","shops":0,"st_km":0.75,"mesh":"53395574"},"geometry":{"type":"LineString","coordinates":[[139.67937,35.81407],[139.68087,35.81427],[139.68223,35.81436]]}},{"type":"Feature","properties":{"idx":479,"road":NaN,"cls":"tertiary","shops":3,"st_km":0.84,"mesh":"53395575"},"geometry":{"type":"LineString","coordinates":[[139.69561,35.81466],[139.69514,35.81363],[139.69536,35.81331]]}},{"type":"Feature","properties":{"idx":318,"road":NaN,"cls":"tertiary","shops":0,"st_km":1.12,"mesh":"53395554"},"geometry":{"type":"LineString","coordinates":[[139.67658,35.79591],[139.67823,35.79574],[139.67954,35.79569],[139.68133,35.79571],[139.68386,35.79592]]}},{"type":"Feature","properties":{"idx":499,"road":NaN,"cls":"tertiary","shops":1,"st_km":1.04,"mesh":"53395554"},"geometry":{"type":"LineString","coordinates":[[139.676,35.796],[139.67658,35.79591]]}},{"type":"Feature","properties":{"idx":355,"road":"練馬川口線","cls":"primary","shops":0,"st_km":1.08,"mesh":"53395566"},"geometry":{"type":"LineString","coordinates":[[139.69828,35.80645],[139.69962,35.80618],[139.69987,35.8062],[139.70038,35.8064],[139.70062,35.80642],[139.70227,35.80614]]}},{"type":"Feature","properties":{"idx":543,"road":"オリンピック通り","cls":"primary","shops":0,"st_km":0.53,"mesh":"53395563"},"geometry":{"type":"LineString","coordinates":[[139.67095,35.80764],[139.67393,35.80741]]}},{"type":"Feature","properties":{"idx":231,"road":"オリンピック通り","cls":"primary","shops":0,"st_km":1.66,"mesh":"53395562"},"geometry":{"type":"LineString","coordinates":[[139.65046,35.80573],[139.65161,35.80664]]}},{"type":"Feature","properties":{"idx":385,"road":"練馬川口線","cls":"primary","shops":2,"st_km":1.15,"mesh":"53395565"},"geometry":{"type":"LineString","coordinates":[[139.69806,35.80649],[139.69828,35.80645]]}},{"type":"Feature","properties":{"idx":952,"road":"浅間橋","cls":"primary","shops":2,"st_km":0.68,"mesh":"53395563"},"geometry":{"type":"LineString","coordinates":[[139.67081,35.80765],[139.67095,35.80764]]}},{"type":"Feature","properties":{"idx":105,"road":NaN,"cls":"pedestrian","shops":0,"st_km":0.35,"mesh":"53395542"},"geometry":{"type":"LineString","coordinates":[[139.65807,35.78821],[139.65694,35.78843]]}},{"type":"Feature","properties":{"idx":101,"road":NaN,"cls":"pedestrian","shops":0,"st_km":0.33,"mesh":"53395542"},"geometry":{"type":"LineString","coordinates":[[139.65792,35.78773],[139.65674,35.78796],[139.65643,35.78809],[139.65551,35.78827]]}},{"type":"Feature","properties":{"idx":119,"road":NaN,"cls":"pedestrian","shops":0,"st_km":0.17,"mesh":"53395542"},"geometry":{"type":"LineString","coordinates":[[139.65579,35.7892],[139.6558,35.78925]]}},{"type":"Feature","properties":{"idx":98,"road":NaN,"cls":"pedestrian","shops":0,"st_km":0.36,"mesh":"53395542"},"geometry":{"type":"LineString","coordinates":[[139.6577,35.78721],[139.65534,35.78774]]}},{"type":"Feature","properties":{"idx":112,"road":NaN,"cls":"pedestrian","shops":0,"st_km":0.28,"mesh":"53395542"},"geometry":{"type":"LineString","coordinates":[[139.65821,35.78871],[139.65823,35.78878]]}},{"type":"Feature","properties":{"idx":84,"road":"光が丘東大通り","cls":"tertiary","shops":0,"st_km":0.36,"mesh":"53395510"},"geometry":{"type":"LineString","coordinates":[[139.6334,35.76086],[139.63222,35.76082],[139.63189,35.7607],[139.63167,35.76042],[139.63161,35.75972]]}},{"type":"Feature","properties":{"idx":74,"road":"光が丘西大通り","cls":"tertiary","shops":0,"st_km":0.48,"mesh":"53395510"},"geometry":{"type":"LineString","coordinates":[[139.62532,35.76419],[139.62538,35.7586]]}},{"type":"Feature","properties":{"idx":156,"road":"光が丘西大通り","cls":"tertiary","shops":0,"st_km":0.75,"mesh":"53395520"},"geometry":{"type":"LineString","coordinates":[[139.63355,35.77],[139.62938,35.77]]}},{"type":"Feature","properties":{"idx":131,"road":"光が丘西大通り","cls":"tertiary","shops":3,"st_km":0.86,"mesh":"53395510"},"geometry":{"type":"LineString","coordinates":[[139.62526,35.76682],[139.62532,35.76419]]}},{"type":"Feature","properties":{"idx":194,"road":"南田中町旭町線（支線2）（補助第230号線）","cls":"secondary","shops":1,"st_km":0.05,"mesh":"53395510"},"geometry":{"type":"LineString","coordinates":[[139.62946,35.75864],[139.63013,35.75865]]}},{"type":"Feature","properties":{"idx":759,"road":"田柄通り","cls":"tertiary","shops":0,"st_km":1.01,"mesh":"53395511"},"geometry":{"type":"LineString","coordinates":[[139.6356,35.75962],[139.63786,35.75951],[139.63906,35.75972],[139.63987,35.75992],[139.64135,35.76011],[139.64337,35.76014],[139.64603,35.75987],[139.64882,35.75941],[139.64981,35.75943],[139.6509,35.75934],[139.6511,35.75944],[139.65133,35.75964]]}},{"type":"Feature","properties":{"idx":483,"road":NaN,"cls":"tertiary","shops":0,"st_km":0.43,"mesh":"53395513"},"geometry":{"type":"LineString","coordinates":[[139.67017,35.7644],[139.67127,35.76381],[139.67279,35.76307]]}},{"type":"Feature","properties":{"idx":189,"road":NaN,"cls":"pedestrian","shops":0,"st_km":0.9,"mesh":"53395520"},"geometry":{"type":"LineString","coordinates":[[139.62646,35.76986],[139.6267,35.76939],[139.62681,35.76931]]}},{"type":"Feature","properties":{"idx":279,"road":NaN,"cls":"tertiary","shops":0,"st_km":1.04,"mesh":"53395563"},"geometry":{"type":"LineString","coordinates":[[139.66713,35.80651],[139.66702,35.80544]]}},{"type":"Feature","properties":{"idx":135,"road":NaN,"cls":"tertiary","shops":0,"st_km":2.23,"mesh":"53395571"},"geometry":{"type":"LineString","coordinates":[[139.6439,35.81253],[139.64401,35.81263]]}},{"type":"Feature","properties":{"idx":190,"road":"戸田中通り","cls":"tertiary","shops":0,"st_km":1.61,"mesh":"53395562"},"geometry":{"type":"LineString","coordinates":[[139.65312,35.80501],[139.65347,35.80499]]}},{"type":"Feature","properties":{"idx":137,"road":NaN,"cls":"tertiary","shops":0,"st_km":2.19,"mesh":"53395571"},"geometry":{"type":"LineString","coordinates":[[139.64401,35.81263],[139.64483,35.81285]]}},{"type":"Feature","properties":{"idx":190,"road":NaN,"cls":"tertiary","shops":0,"st_km":1.59,"mesh":"53395562"},"geometry":{"type":"LineString","coordinates":[[139.65431,35.80437],[139.65435,35.80474]]}},{"type":"Feature","properties":{"idx":132,"road":NaN,"cls":"tertiary","shops":0,"st_km":2.23,"mesh":"53395571"},"geometry":{"type":"LineString","coordinates":[[139.64242,35.81125],[139.6439,35.81253]]}},{"type":"Feature","properties":{"idx":940,"road":"オリンピック通り","cls":"primary","shops":2,"st_km":0.12,"mesh":"53395564"},"geometry":{"type":"LineString","coordinates":[[139.67763,35.80698],[139.67893,35.80645]]}},{"type":"Feature","properties":{"idx":190,"road":NaN,"cls":"tertiary","shops":0,"st_km":0.81,"mesh":"53395564"},"geometry":{"type":"LineString","coordinates":[[139.6825,35.8011],[139.68143,35.80102]]}},{"type":"Feature","properties":{"idx":421,"road":"戸田中通り","cls":"tertiary","shops":1,"st_km":0.4,"mesh":"53395564"},"geometry":{"type":"LineString","coordinates":[[139.68136,35.80406],[139.67996,35.80392],[139.67836,35.80454],[139.67704,35.80466]]}},{"type":"Feature","properties":{"idx":138,"road":"北大通り","cls":"tertiary","shops":0,"st_km":2.17,"mesh":"53395571"},"geometry":{"type":"LineString","coordinates":[[139.64353,35.81477],[139.64286,35.8146],[139.64239,35.81435],[139.64199,35.81407]]}},{"type":"Feature","properties":{"idx":311,"road":NaN,"cls":"tertiary","shops":0,"st_km":1.79,"mesh":"53395561"},"geometry":{"type":"LineString","coordinates":[[139.6484,35.80916],[139.64853,35.809],[139.64844,35.80796],[139.64848,35.8076],[139.64867,35.80724],[139.6492,35.80681]]}},{"type":"Feature","properties":{"idx":348,"road":"戸田中通り","cls":"tertiary","shops":0,"st_km":0.78,"mesh":"53395563"},"geometry":{"type":"LineString","coordinates":[[139.67372,35.80492],[139.66702,35.80544]]}},{"type":"Feature","properties":{"idx":240,"road":NaN,"cls":"tertiary","shops":0,"st_km":1.23,"mesh":"53395563"},"geometry":{"type":"LineString","coordinates":[[139.67671,35.80124],[139.67401,35.80171],[139.67059,35.80244],[139.66815,35.80267],[139.66398,35.80297],[139.66248,35.80296],[139.66021,35.80278],[139.65909,35.80265],[139.6563,35.80218],[139.65547,35.80213]]}},{"type":"Feature","properties":{"idx":214,"road":"北大通り","cls":"tertiary","shops":1,"st_km":2.08,"mesh":"53395571"},"geometry":{"type":"LineString","coordinates":[[139.64384,35.81486],[139.64353,35.81477]]}},{"type":"Feature","properties":{"idx":268,"road":"竜作橋","cls":"tertiary","shops":0,"st_km":0.45,"mesh":"53395564"},"geometry":{"type":"LineString","coordinates":[[139.68131,35.80451],[139.68133,35.80455]]}},{"type":"Feature","properties":{"idx":327,"road":"中央通り","cls":"tertiary","shops":1,"st_km":1.77,"mesh":"53395572"},"geometry":{"type":"LineString","coordinates":[[139.64864,35.81335],[139.65128,35.81358],[139.6519,35.81354],[139.65245,35.81343]]}},{"type":"Feature","properties":{"idx":249,"road":"喜沢通り","cls":"tertiary","shops":0,"st_km":0.55,"mesh":"53395575"},"geometry":{"type":"LineString","coordinates":[[139.69888,35.81366],[139.69852,35.81365]]}},{"type":"Feature","properties":{"idx":194,"road":"戸田中通り","cls":"tertiary","shops":0,"st_km":1.57,"mesh":"53395562"},"geometry":{"type":"LineString","coordinates":[[139.65046,35.80573],[139.65088,35.80539],[139.65126,35.80521],[139.65312,35.80501]]}},{"type":"Feature","properties":{"idx":295,"road":"氷川町通り","cls":"tertiary","shops":0,"st_km":1.27,"mesh":"53395572"},"geometry":{"type":"LineString","coordinates":[[139.66093,35.81183],[139.66089,35.81158],[139.66078,35.81146],[139.65655,35.80877]]}},{"type":"Feature","properties":{"idx":145,"road":"荒川通り","cls":"tertiary","shops":0,"st_km":1.18,"mesh":"53395565"},"geometry":{"type":"LineString","coordinates":[[139.69517,35.80157],[139.69205,35.802]]}},{"type":"Feature","properties":{"idx":271,"road":"下蕨公民館通り","cls":"tertiary","shops":2,"st_km":1.27,"mesh":"53395575"},"geometry":{"type":"LineString","coordinates":[[139.69337,35.81535],[139.69061,35.81619],[139.68906,35.81648],[139.68707,35.81728],[139.68673,35.81745],[139.68635,35.81773],[139.68544,35.81877]]}},{"type":"Feature","properties":{"idx":587,"road":"新倉蕨線","cls":"secondary","shops":0,"st_km":0.91,"mesh":"53395584"},"geometry":{"type":"LineString","coordinates":[[139.67632,35.8216],[139.67701,35.82235],[139.67728,35.8226],[139.67838,35.8234],[139.67886,35.8237]]}},{"type":"Feature","properties":{"idx":1426,"road":"北大通り","cls":"tertiary","shops":0,"st_km":0.27,"mesh":"53395583"},"geometry":{"type":"LineString","coordinates":[[139.67221,35.82165],[139.66905,35.81939],[139.66776,35.81816]]}},{"type":"Feature","properties":{"idx":578,"road":"新曽つつじ通り","cls":"tertiary","shops":0,"st_km":0.45,"mesh":"53395582"},"geometry":{"type":"LineString","coordinates":[[139.66246,35.82867],[139.66153,35.81765],[139.66149,35.81672]]}},{"type":"Feature","properties":{"idx":134,"road":NaN,"cls":"tertiary","shops":0,"st_km":2.25,"mesh":"53395571"},"geometry":{"type":"LineString","coordinates":[[139.64199,35.81407],[139.64194,35.81403]]}},{"type":"Feature","properties":{"idx":694,"road":NaN,"cls":"tertiary","shops":1,"st_km":1.08,"mesh":"53395584"},"geometry":{"type":"LineString","coordinates":[[139.68194,35.81658],[139.68217,35.81665],[139.6825,35.81687],[139.68292,35.81738]]}},{"type":"Feature","properties":{"idx":373,"road":"西電話局通り","cls":"tertiary","shops":0,"st_km":1.44,"mesh":"53395581"},"geometry":{"type":"LineString","coordinates":[[139.64823,35.81978],[139.64613,35.82257],[139.64492,35.82425]]}},{"type":"Feature","properties":{"idx":206,"road":"三岩通り","cls":"tertiary","shops":0,"st_km":0.94,"mesh":"53395526"},"geometry":{"type":"LineString","coordinates":[[139.71102,35.7709],[139.71334,35.77127]]}},{"type":"Feature","properties":{"idx":1127,"road":"浮間中央通り","cls":"tertiary","shops":3,"st_km":0.58,"mesh":"53395545"},"geometry":{"type":"LineString","coordinates":[[139.69761,35.79056],[139.69669,35.78735]]}},{"type":"Feature","properties":{"idx":304,"road":"環八通り","cls":"primary","shops":0,"st_km":0.53,"mesh":"53395546"},"geometry":{"type":"LineString","coordinates":[[139.71374,35.78651],[139.70944,35.78573]]}},{"type":"Feature","properties":{"idx":658,"road":"環八通り","cls":"primary","shops":1,"st_km":0.5,"mesh":"53395547"},"geometry":{"type":"LineString","coordinates":[[139.71373,35.78659],[139.71423,35.78661],[139.71655,35.78651],[139.71717,35.78635],[139.71776,35.78599],[139.7188,35.78483],[139.71952,35.78418],[139.7201,35.7839],[139.72058,35.7838]]}},{"type":"Feature","properties":{"idx":423,"road":NaN,"cls":"tertiary","shops":0,"st_km":0.65,"mesh":"53395545"},"geometry":{"type":"LineString","coordinates":[[139.69438,35.78511],[139.69269,35.78588],[139.69249,35.78602],[139.69223,35.78632]]}},{"type":"Feature","properties":{"idx":99,"road":"補助第89号線","cls":"tertiary","shops":0,"st_km":0.23,"mesh":"53395537"},"geometry":{"type":"LineString","coordinates":[[139.72246,35.77927],[139.72247,35.78062],[139.7224,35.78334]]}},{"type":"Feature","properties":{"idx":460,"road":NaN,"cls":"tertiary","shops":4,"st_km":0.92,"mesh":"53395527"},"geometry":{"type":"LineString","coordinates":[[139.71363,35.7737],[139.71325,35.77345],[139.71309,35.77322],[139.71305,35.77307],[139.71305,35.77288],[139.71334,35.77127]]}},{"type":"Feature","properties":{"idx":254,"road":NaN,"cls":"tertiary","shops":0,"st_km":0.49,"mesh":"53395546"},"geometry":{"type":"LineString","coordinates":[[139.70383,35.78853],[139.69848,35.78461],[139.69826,35.78451],[139.69792,35.78444],[139.69671,35.78442]]}},{"type":"Feature","properties":{"idx":1708,"road":"補助第89号線","cls":"tertiary","shops":4,"st_km":0.03,"mesh":"53395547"},"geometry":{"type":"LineString","coordinates":[[139.7224,35.78334],[139.72247,35.78345]]}},{"type":"Feature","properties":{"idx":1195,"road":NaN,"cls":"tertiary","shops":20,"st_km":0.17,"mesh":"53395537"},"geometry":{"type":"LineString","coordinates":[[139.72089,35.77913],[139.72053,35.7791]]}},{"type":"Feature","properties":{"idx":1157,"road":NaN,"cls":"tertiary","shops":20,"st_km":0.21,"mesh":"53395537"},"geometry":{"type":"LineString","coordinates":[[139.72202,35.77924],[139.72246,35.77927]]}},{"type":"Feature","properties":{"idx":344,"road":"常盤台赤羽線","cls":"secondary","shops":4,"st_km":0.2,"mesh":"53395537"},"geometry":{"type":"LineString","coordinates":[[139.72054,35.7837],[139.71964,35.78285],[139.71916,35.7825]]}},{"type":"Feature","properties":{"idx":1344,"road":"赤羽西台線","cls":"secondary","shops":5,"st_km":0.19,"mesh":"53395546"},"geometry":{"type":"LineString","coordinates":[[139.70383,35.78853],[139.70466,35.78791]]}},{"type":"Feature","properties":{"idx":1100,"road":"中十条赤羽線","cls":"secondary","shops":16,"st_km":0.17,"mesh":"53395537"},"geometry":{"type":"LineString","coordinates":[[139.72053,35.7791],[139.72022,35.77896]]}},{"type":"Feature","properties":{"idx":311,"road":"富士街道（都道池袋谷原線）","cls":"secondary","shops":2,"st_km":0.17,"mesh":"53395501"},"geometry":{"type":"LineString","coordinates":[[139.64184,35.75246],[139.64213,35.75257],[139.64225,35.75253]]}},{"type":"Feature","properties":{"idx":474,"road":"弁天通り","cls":"tertiary","shops":7,"st_km":0.2,"mesh":"53395537"},"geometry":{"type":"LineString","coordinates":[[139.7189,35.77801],[139.71921,35.7783]]}},{"type":"Feature","properties":{"idx":728,"road":"環八通り","cls":"primary","shops":4,"st_km":0.28,"mesh":"53395502"},"geometry":{"type":"LineString","coordinates":[[139.65323,35.75822],[139.64931,35.75616]]}},{"type":"Feature","properties":{"idx":535,"road":"環八通り","cls":"primary","shops":1,"st_km":0.28,"mesh":"53395512"},"geometry":{"type":"LineString","coordinates":[[139.65431,35.7589],[139.65749,35.76049]]}},{"type":"Feature","properties":{"idx":261,"road":"環八通り","cls":"primary_link","shops":2,"st_km":0.1,"mesh":"53395501"},"geometry":{"type":"LineString","coordinates":[[139.63964,35.75111],[139.63969,35.75114]]}},{"type":"Feature","properties":{"idx":244,"road":"環八通り","cls":"primary","shops":0,"st_km":0.67,"mesh":"53395512"},"geometry":{"type":"LineString","coordinates":[[139.66216,35.76267],[139.65757,35.76043]]}},{"type":"Feature","properties":{"idx":504,"road":"環八通り","cls":"primary","shops":0,"st_km":0.62,"mesh":"53395513"},"geometry":{"type":"LineString","coordinates":[[139.66212,35.76273],[139.66344,35.76336]]}},{"type":"Feature","properties":{"idx":113,"road":"環八通り","cls":"primary_link","shops":0,"st_km":0.24,"mesh":"53395501"},"geometry":{"type":"LineString","coordinates":[[139.63975,35.75095],[139.63838,35.7502],[139.63716,35.74963]]}},{"type":"Feature","properties":{"idx":319,"road":NaN,"cls":"tertiary","shops":5,"st_km":0.34,"mesh":"53395537"},"geometry":{"type":"LineString","coordinates":[[139.71882,35.78015],[139.71893,35.77997]]}},{"type":"Feature","properties":{"idx":336,"road":NaN,"cls":"primary_link","shops":3,"st_km":0.08,"mesh":"53395501"},"geometry":{"type":"LineString","coordinates":[[139.63969,35.75114],[139.63997,35.75137],[139.63993,35.75155]]}},{"type":"Feature","properties":{"idx":159,"road":"笹目通り","cls":"primary","shops":0,"st_km":0.35,"mesh":"53395551"},"geometry":{"type":"LineString","coordinates":[[139.63979,35.79255],[139.64055,35.79258],[139.6413,35.79279],[139.64403,35.79372],[139.64435,35.79395]]}},{"type":"Feature","properties":{"idx":268,"road":"笹目通り","cls":"primary","shops":2,"st_km":0.52,"mesh":"53395551"},"geometry":{"type":"LineString","coordinates":[[139.64051,35.79241],[139.63942,35.79253]]}},{"type":"Feature","properties":{"idx":354,"road":NaN,"cls":"tertiary","shops":0,"st_km":0.09,"mesh":"53395541"},"geometry":{"type":"LineString","coordinates":[[139.64387,35.79153],[139.64396,35.79157],[139.64584,35.79121]]}},{"type":"Feature","properties":{"idx":933,"road":"御成塚通り","cls":"tertiary","shops":5,"st_km":0.33,"mesh":"53395534"},"geometry":{"type":"LineString","coordinates":[[139.68589,35.77915],[139.68457,35.78171]]}},{"type":"Feature","properties":{"idx":788,"road":"御成塚通り","cls":"tertiary","shops":3,"st_km":0.17,"mesh":"53395534"},"geometry":{"type":"LineString","coordinates":[[139.68603,35.77887],[139.68591,35.77911]]}},{"type":"Feature","properties":{"idx":3367,"road":"成増北口通り","cls":"tertiary","shops":12,"st_km":0.04,"mesh":"53395530"},"geometry":{"type":"LineString","coordinates":[[139.63298,35.77781],[139.63266,35.77802]]}},{"type":"Feature","properties":{"idx":770,"road":"環八通り","cls":"primary","shops":2,"st_km":0.19,"mesh":"53395534"},"geometry":{"type":"LineString","coordinates":[[139.68607,35.7788],[139.68185,35.77769]]}},{"type":"Feature","properties":{"idx":1351,"road":"環八通り","cls":"primary","shops":2,"st_km":0.57,"mesh":"53395535"},"geometry":{"type":"LineString","coordinates":[[139.68603,35.77887],[139.68999,35.77993],[139.6911,35.78018],[139.69857,35.78133],[139.70105,35.78225],[139.7037,35.78419],[139.70401,35.78436],[139.70587,35.78513],[139.70701,35.78536]]}},{"type":"Feature","properties":{"idx":223,"road":"笹目通り","cls":"primary","shops":2,"st_km":0.72,"mesh":"53395551"},"geometry":{"type":"LineString","coordinates":[[139.63744,35.79281],[139.63807,35.79274]]}},{"type":"Feature","properties":{"idx":398,"road":NaN,"cls":"tertiary","shops":6,"st_km":0.26,"mesh":"53395537"},"geometry":{"type":"LineString","coordinates":[[139.71893,35.77997],[139.71973,35.77874]]}},{"type":"Feature","properties":{"idx":165,"road":"高島通り","cls":"secondary","shops":1,"st_km":0.11,"mesh":"53395542"},"geometry":{"type":"LineString","coordinates":[[139.66162,35.78857],[139.66297,35.78828]]}},{"type":"Feature","properties":{"idx":351,"road":"御成塚通り","cls":"tertiary","shops":1,"st_km":0.44,"mesh":"53395534"},"geometry":{"type":"LineString","coordinates":[[139.68457,35.78171],[139.68396,35.7829],[139.68383,35.78336],[139.68381,35.78405],[139.68396,35.7848]]}},{"type":"Feature","properties":{"idx":236,"road":"志村坂下通り","cls":"tertiary","shops":0,"st_km":0.43,"mesh":"53395534"},"geometry":{"type":"LineString","coordinates":[[139.68457,35.78171],[139.6799,35.78055]]}},{"type":"Feature","properties":{"idx":193,"road":"東京都道446号長後赤塚線","cls":"secondary","shops":0,"st_km":0.65,"mesh":"53395533"},"geometry":{"type":"LineString","coordinates":[[139.6734,35.78046],[139.67341,35.78052]]}},{"type":"Feature","properties":{"idx":1227,"road":NaN,"cls":"tertiary","shops":3,"st_km":0.68,"mesh":"53395515"},"geometry":{"type":"LineString","coordinates":[[139.69498,35.76616],[139.6951,35.76615],[139.6957,35.76634]]}},{"type":"Feature","properties":{"idx":263,"road":"オリンピック通り","cls":"primary","shops":0,"st_km":0.7,"mesh":"53395564"},"geometry":{"type":"LineString","coordinates":[[139.68417,35.80599],[139.68597,35.80621],[139.68761,35.80621]]}},{"type":"Feature","properties":{"idx":794,"road":"蓮沼アスリート通り","cls":"tertiary","shops":2,"st_km":0.23,"mesh":"53395526"},"geometry":{"type":"LineString","coordinates":[[139.70316,35.76884],[139.70617,35.76959]]}},{"type":"Feature","properties":{"idx":288,"road":"東京都道446号長後赤塚線","cls":"secondary","shops":1,"st_km":0.78,"mesh":"53395534"},"geometry":{"type":"LineString","coordinates":[[139.67362,35.77919],[139.67398,35.77858],[139.67435,35.77825],[139.67535,35.77763],[139.67627,35.77715],[139.67681,35.77681],[139.67729,35.7766]]}},{"type":"Feature","properties":{"idx":518,"road":NaN,"cls":"tertiary","shops":2,"st_km":0.36,"mesh":"53395534"},"geometry":{"type":"LineString","coordinates":[[139.69131,35.78277],[139.68934,35.78153],[139.68076,35.77929]]}},{"type":"Feature","properties":{"idx":271,"road":NaN,"cls":"pedestrian","shops":1,"st_km":0.49,"mesh":"53395543"},"geometry":{"type":"LineString","coordinates":[[139.66524,35.78726],[139.66722,35.78683]]}},{"type":"Feature","properties":{"idx":326,"road":NaN,"cls":"tertiary","shops":0,"st_km":0.17,"mesh":"53395541"},"geometry":{"type":"LineString","coordinates":[[139.64757,35.79166],[139.64746,35.7913]]}},{"type":"Feature","properties":{"idx":255,"road":NaN,"cls":"tertiary","shops":0,"st_km":0.31,"mesh":"53395552"},"geometry":{"type":"LineString","coordinates":[[139.66181,35.79217],[139.66156,35.79132]]}},{"type":"Feature","properties":{"idx":337,"road":"高島通り","cls":"secondary","shops":0,"st_km":0.26,"mesh":"53395541"},"geometry":{"type":"LineString","coordinates":[[139.64749,35.7914],[139.6493,35.79106]]}},{"type":"Feature","properties":{"idx":1243,"road":"豊島園通り","cls":"tertiary","shops":7,"st_km":0.34,"mesh":"53395521"},"geometry":{"type":"LineString","coordinates":[[139.64761,35.76844],[139.64764,35.76851]]}},{"type":"Feature","properties":{"idx":147,"road":"豊島園通り","cls":"tertiary","shops":3,"st_km":0.73,"mesh":"53395510"},"geometry":{"type":"LineString","coordinates":[[139.63597,35.76435],[139.63589,35.7639],[139.63555,35.76323],[139.63543,35.76282],[139.63552,35.76091]]}},{"type":"Feature","properties":{"idx":752,"road":"南田中町旭町線（支線1）（補助第172号線）","cls":"secondary","shops":7,"st_km":0.11,"mesh":"53395501"},"geometry":{"type":"LineString","coordinates":[[139.63934,35.75178],[139.63993,35.75155]]}},{"type":"Feature","properties":{"idx":272,"road":"環八通り","cls":"primary_link","shops":2,"st_km":0.06,"mesh":"53395501"},"geometry":{"type":"LineString","coordinates":[[139.64046,35.75136],[139.63975,35.75095]]}},{"type":"Feature","properties":{"idx":106,"road":"環八通り","cls":"primary_link","shops":0,"st_km":0.31,"mesh":"53395501"},"geometry":{"type":"LineString","coordinates":[[139.63969,35.75114],[139.64652,35.75484],[139.64711,35.75511]]}},{"type":"Feature","properties":{"idx":1974,"road":NaN,"cls":"tertiary","shops":7,"st_km":0.12,"mesh":"53395530"},"geometry":{"type":"LineString","coordinates":[[139.63224,35.77622],[139.63266,35.77674]]}},{"type":"Feature","properties":{"idx":191,"road":"東京都道446号長後赤塚線","cls":"secondary","shops":0,"st_km":0.68,"mesh":"53395533"},"geometry":{"type":"LineString","coordinates":[[139.66922,35.78126],[139.67241,35.78098],[139.67299,35.78082],[139.67341,35.78052]]}},{"type":"Feature","properties":{"idx":202,"road":"光が丘西大通り","cls":"tertiary","shops":1,"st_km":0.92,"mesh":"53395520"},"geometry":{"type":"LineString","coordinates":[[139.62938,35.77],[139.62677,35.76999],[139.62643,35.76991],[139.62612,35.76974],[139.62589,35.76948],[139.62532,35.76832],[139.62525,35.76798],[139.62526,35.76682]]}},{"type":"Feature","properties":{"idx":195,"road":"南田中町旭町線（支線2）（補助第230号線）","cls":"secondary","shops":1,"st_km":0.05,"mesh":"53395510"},"geometry":{"type":"LineString","coordinates":[[139.63006,35.75845],[139.62951,35.75844]]}},{"type":"Feature","properties":{"idx":111,"road":"南田中町旭町線（支線2）（補助第230号線）","cls":"secondary","shops":0,"st_km":0.2,"mesh":"53395510"},"geometry":{"type":"LineString","coordinates":[[139.62538,35.7586],[139.62872,35.75863]]}},{"type":"Feature","properties":{"idx":664,"road":"池袋谷原線","cls":"secondary_link","shops":5,"st_km":0.02,"mesh":"53395502"},"geometry":{"type":"LineString","coordinates":[[139.65588,35.75676],[139.6534,35.75818],[139.65323,35.75822]]}},{"type":"Feature","properties":{"idx":1041,"road":"環八通り","cls":"primary","shops":3,"st_km":0.13,"mesh":"53395512"},"geometry":{"type":"LineString","coordinates":[[139.65311,35.75827],[139.65341,35.75843]]}},{"type":"Feature","properties":{"idx":221,"road":"赤塚高台通り","cls":"tertiary","shops":0,"st_km":0.38,"mesh":"53395520"},"geometry":{"type":"LineString","coordinates":[[139.6341,35.77518],[139.63113,35.77191]]}},{"type":"Feature","properties":{"idx":330,"road":NaN,"cls":"tertiary","shops":0,"st_km":0.85,"mesh":"53395513"},"geometry":{"type":"LineString","coordinates":[[139.66485,35.76098],[139.66622,35.76188]]}},{"type":"Feature","properties":{"idx":303,"road":NaN,"cls":"tertiary","shops":0,"st_km":0.95,"mesh":"53395513"},"geometry":{"type":"LineString","coordinates":[[139.66485,35.76098],[139.66658,35.76008]]}},{"type":"Feature","properties":{"idx":466,"road":"御成塚通り","cls":"tertiary","shops":1,"st_km":0.18,"mesh":"53395534"},"geometry":{"type":"LineString","coordinates":[[139.68591,35.77911],[139.68589,35.77915]]}},{"type":"Feature","properties":{"idx":274,"road":"徳丸通り","cls":"tertiary","shops":0,"st_km":0.53,"mesh":"53395522"},"geometry":{"type":"LineString","coordinates":[[139.66067,35.76936],[139.65993,35.77021],[139.65905,35.77163],[139.65899,35.77185],[139.65896,35.77221],[139.65904,35.77249],[139.66024,35.77475],[139.66017,35.77507],[139.65974,35.77564]]}},{"type":"Feature","properties":{"idx":143,"road":"西台中央通り","cls":"tertiary","shops":0,"st_km":0.85,"mesh":"53395533"},"geometry":{"type":"LineString","coordinates":[[139.67166,35.77782],[139.67317,35.77906],[139.6734,35.77918]]}},{"type":"Feature","properties":{"idx":148,"road":NaN,"cls":"primary_link","shops":0,"st_km":0.82,"mesh":"53395534"},"geometry":{"type":"LineString","coordinates":[[139.67659,35.77615],[139.67729,35.7766]]}},{"type":"Feature","properties":{"idx":1135,"road":"環七通り","cls":"primary","shops":1,"st_km":0.47,"mesh":"53395515"},"geometry":{"type":"LineString","coordinates":[[139.70257,35.76053],[139.69329,35.75815]]}},{"type":"Feature","properties":{"idx":739,"road":"環七通り","cls":"primary","shops":1,"st_km":0.2,"mesh":"53395516"},"geometry":{"type":"LineString","coordinates":[[139.70263,35.76062],[139.70426,35.76103]]}},{"type":"Feature","properties":{"idx":85,"road":"光が丘西大通り","cls":"tertiary","shops":0,"st_km":0.35,"mesh":"53395510"},"geometry":{"type":"LineString","coordinates":[[139.62538,35.7586],[139.62538,35.75841]]}},{"type":"Feature","properties":{"idx":1735,"road":"南田中町旭町線（支線1）（補助第172号線）","cls":"secondary","shops":5,"st_km":0.52,"mesh":"53395500"},"geometry":{"type":"LineString","coordinates":[[139.62663,35.75373],[139.63019,35.75377],[139.63128,35.75367]]}},{"type":"Feature","properties":{"idx":372,"road":"環八通り","cls":"primary","shops":0,"st_km":0.24,"mesh":"53395512"},"geometry":{"type":"LineString","coordinates":[[139.65757,35.76043],[139.65525,35.7593],[139.65352,35.75838]]}},{"type":"Feature","properties":{"idx":244,"road":"環八通り","cls":"primary","shops":0,"st_km":0.67,"mesh":"53395512"},"geometry":{"type":"LineString","coordinates":[[139.65749,35.76049],[139.66212,35.76273]]}},{"type":"Feature","properties":{"idx":806,"road":"豊島園通り","cls":"tertiary","shops":2,"st_km":0.57,"mesh":"53395500"},"geometry":{"type":"LineString","coordinates":[[139.6356,35.75962],[139.63638,35.7577],[139.63662,35.75728],[139.63684,35.7563],[139.63709,35.75559],[139.63794,35.75437],[139.63856,35.75312],[139.63934,35.75178]]}},{"type":"Feature","properties":{"idx":913,"road":NaN,"cls":"tertiary","shops":1,"st_km":0.73,"mesh":"53395503"},"geometry":{"type":"LineString","coordinates":[[139.65749,35.76049],[139.66062,35.75826],[139.67215,35.75233]]}},{"type":"Feature","properties":{"idx":2905,"road":"成増北口通り","cls":"tertiary","shops":10,"st_km":0.03,"mesh":"53395530"},"geometry":{"type":"LineString","coordinates":[[139.63366,35.77735],[139.63298,35.77781]]}},{"type":"Feature","properties":{"idx":66,"road":"赤塚公園通り","cls":"tertiary","shops":0,"st_km":0.49,"mesh":"53395542"},"geometry":{"type":"LineString","coordinates":[[139.6567,35.78623],[139.65743,35.78609]]}},{"type":"Feature","properties":{"idx":390,"road":"赤塚高台通り","cls":"tertiary","shops":0,"st_km":0.24,"mesh":"53395530"},"geometry":{"type":"LineString","coordinates":[[139.63503,35.77641],[139.63592,35.77754]]}},{"type":"Feature","properties":{"idx":137,"road":NaN,"cls":"tertiary","shops":0,"st_km":0.37,"mesh":"53395509"},"geometry":{"type":"LineString","coordinates":[[139.75181,35.75377],[139.74937,35.754],[139.74676,35.75406]]}},{"type":"Feature","properties":{"idx":319,"road":NaN,"cls":"tertiary","shops":0,"st_km":0.26,"mesh":"53395546"},"geometry":{"type":"LineString","coordinates":[[139.70492,35.78979],[139.70439,35.78897],[139.70383,35.78853]]}},{"type":"Feature","properties":{"idx":994,"road":"環七通り","cls":"primary","shops":8,"st_km":0.58,"mesh":"53395528"},"geometry":{"type":"LineString","coordinates":[[139.73171,35.76876],[139.7294,35.76811]]}},{"type":"Feature","properties":{"idx":156,"road":"環七通り","cls":"primary","shops":3,"st_km":0.75,"mesh":"53395517"},"geometry":{"type":"LineString","coordinates":[[139.71576,35.76411],[139.71456,35.76381]]}},{"type":"Feature","properties":{"idx":739,"road":"環七通り","cls":"primary","shops":5,"st_km":0.52,"mesh":"53395528"},"geometry":{"type":"LineString","coordinates":[[139.73176,35.76885],[139.73249,35.76906]]}},{"type":"Feature","properties":{"idx":1193,"road":"環七通り","cls":"primary","shops":5,"st_km":0.57,"mesh":"53395516"},"geometry":{"type":"LineString","coordinates":[[139.71086,35.7628],[139.71206,35.76316]]}},{"type":"Feature","properties":{"idx":2517,"road":"環七通り","cls":"primary","shops":10,"st_km":0.36,"mesh":"53395516"},"geometry":{"type":"LineString","coordinates":[[139.71082,35.76271],[139.70774,35.76178]]}},{"type":"Feature","properties":{"idx":611,"road":"環七通り","cls":"primary_link","shops":6,"st_km":0.48,"mesh":"53395528"},"geometry":{"type":"LineString","coordinates":[[139.73427,35.76941],[139.73184,35.76874],[139.73171,35.76876]]}},{"type":"Feature","properties":{"idx":378,"road":NaN,"cls":"tertiary","shops":2,"st_km":0.87,"mesh":"53395565"},"geometry":{"type":"LineString","coordinates":[[139.68761,35.80621],[139.68781,35.80535]]}},{"type":"Feature","properties":{"idx":1335,"road":"環七通り","cls":"primary","shops":11,"st_km":0.56,"mesh":"53395528"},"geometry":{"type":"LineString","coordinates":[[139.72757,35.76767],[139.73176,35.76885]]}},{"type":"Feature","properties":{"idx":1184,"road":"環七通り","cls":"primary","shops":8,"st_km":0.41,"mesh":"53395528"},"geometry":{"type":"LineString","coordinates":[[139.7276,35.76761],[139.72693,35.76743]]}},{"type":"Feature","properties":{"idx":99,"road":"補助第89号線","cls":"tertiary","shops":0,"st_km":0.23,"mesh":"53395537"},"geometry":{"type":"LineString","coordinates":[[139.72253,35.78331],[139.72257,35.77927]]}},{"type":"Feature","properties":{"idx":931,"road":"補助第89号線","cls":"tertiary","shops":8,"st_km":0.43,"mesh":"53395528"},"geometry":{"type":"LineString","coordinates":[[139.72757,35.76767],[139.7276,35.76761]]}},{"type":"Feature","properties":{"idx":4409,"road":"補助第246号線","cls":"tertiary","shops":4,"st_km":0.47,"mesh":"53395538"},"geometry":{"type":"LineString","coordinates":[[139.72617,35.77651],[139.72639,35.77964],[139.72652,35.78044]]}},{"type":"Feature","properties":{"idx":591,"road":"補助第89号線","cls":"tertiary","shops":9,"st_km":0.18,"mesh":"53395537"},"geometry":{"type":"LineString","coordinates":[[139.7226,35.7785],[139.72246,35.77927]]}},{"type":"Feature","properties":{"idx":125,"road":NaN,"cls":"primary_link","shops":4,"st_km":0.8,"mesh":"53395517"},"geometry":{"type":"LineString","coordinates":[[139.71334,35.7636],[139.71529,35.76413],[139.71572,35.76418]]}},{"type":"Feature","properties":{"idx":1850,"road":NaN,"cls":"tertiary","shops":32,"st_km":0.17,"mesh":"53395537"},"geometry":{"type":"LineString","coordinates":[[139.72157,35.77918],[139.72136,35.77915]]}},{"type":"Feature","properties":{"idx":225,"road":NaN,"cls":"primary_link","shops":0,"st_km":0.63,"mesh":"53395516"},"geometry":{"type":"LineString","coordinates":[[139.71353,35.76347],[139.71123,35.76278],[139.71082,35.76271]]}},{"type":"Feature","properties":{"idx":265,"road":"本郷赤羽線","cls":"secondary","shops":3,"st_km":0.11,"mesh":"53395517"},"geometry":{"type":"LineString","coordinates":[[139.71573,35.76211],[139.71709,35.76149],[139.71927,35.76072],[139.72141,35.75977],[139.72215,35.75939],[139.72371,35.75914],[139.72623,35.75839],[139.72891,35.75845]]}},{"type":"Feature","properties":{"idx":3067,"road":"蓮沼アスリート通り","cls":"tertiary","shops":11,"st_km":0.07,"mesh":"53395526"},"geometry":{"type":"LineString","coordinates":[[139.70242,35.76864],[139.70316,35.76884]]}},{"type":"Feature","properties":{"idx":1036,"road":NaN,"cls":"tertiary","shops":10,"st_km":0.2,"mesh":"53395509"},"geometry":{"type":"LineString","coordinates":[[139.73749,35.75429],[139.73785,35.7545],[139.73802,35.75452],[139.73884,35.75456],[139.7391,35.75439]]}},{"type":"Feature","properties":{"idx":352,"road":"中十条赤羽線","cls":"secondary","shops":4,"st_km":0.21,"mesh":"53395537"},"geometry":{"type":"LineString","coordinates":[[139.7192,35.77748],[139.71853,35.77764]]}},{"type":"Feature","properties":{"idx":686,"road":NaN,"cls":"tertiary","shops":4,"st_km":0.81,"mesh":"53395526"},"geometry":{"type":"LineString","coordinates":[[139.71063,35.77081],[139.71102,35.7709]]}},{"type":"Feature","properties":{"idx":378,"road":"東部センター通り","cls":"tertiary","shops":0,"st_km":0.84,"mesh":"53395574"},"geometry":{"type":"LineString","coordinates":[[139.68789,35.81152],[139.68665,35.80812]]}},{"type":"Feature","properties":{"idx":125,"road":NaN,"cls":"tertiary","shops":0,"st_km":1.44,"mesh":"53395565"},"geometry":{"type":"LineString","coordinates":[[139.69607,35.80428],[139.69664,35.80418],[139.69697,35.80417]]}},{"type":"Feature","properties":{"idx":311,"road":NaN,"cls":"tertiary","shops":1,"st_km":0.34,"mesh":"53395529"},"geometry":{"type":"LineString","coordinates":[[139.74222,35.76704],[139.74163,35.76707],[139.74076,35.76701],[139.73975,35.76722],[139.73865,35.7673],[139.73824,35.76747],[139.73727,35.76807],[139.73672,35.76821],[139.7364,35.76821],[139.73582,35.76811],[139.73494,35.76782]]}},{"type":"Feature","properties":{"idx":174,"road":"高島通り","cls":"secondary","shops":1,"st_km":0.05,"mesh":"53395542"},"geometry":{"type":"LineString","coordinates":[[139.66159,35.78847],[139.66007,35.78879]]}},{"type":"Feature","properties":{"idx":327,"road":"長後赤塚線","cls":"secondary","shops":5,"st_km":0.26,"mesh":"53395542"},"geometry":{"type":"LineString","coordinates":[[139.65994,35.78842],[139.659,35.78578]]}},{"type":"Feature","properties":{"idx":479,"road":NaN,"cls":"tertiary","shops":1,"st_km":0.37,"mesh":"53395522"},"geometry":{"type":"LineString","coordinates":[[139.65956,35.77078],[139.66086,35.77205]]}},{"type":"Feature","properties":{"idx":997,"road":"環七通り","cls":"primary","shops":2,"st_km":0.77,"mesh":"53395504"},"geometry":{"type":"LineString","coordinates":[[139.68278,35.75136],[139.68672,35.75421]]}},{"type":"Feature","properties":{"idx":1006,"road":"環七通り","cls":"primary","shops":2,"st_km":0.76,"mesh":"53395504"},"geometry":{"type":"LineString","coordinates":[[139.68693,35.75427],[139.68292,35.75135]]}},{"type":"Feature","properties":{"idx":1574,"road":"環七通り","cls":"primary","shops":3,"st_km":0.52,"mesh":"53395504"},"geometry":{"type":"LineString","coordinates":[[139.68672,35.75421],[139.68741,35.75471]]}},{"type":"Feature","properties":{"idx":1044,"road":"環七通り","cls":"primary_link","shops":4,"st_km":0.49,"mesh":"53395505"},"geometry":{"type":"LineString","coordinates":[[139.68814,35.75507],[139.68708,35.75431],[139.68693,35.75427]]}},{"type":"Feature","properties":{"idx":400,"road":NaN,"cls":"primary_link","shops":0,"st_km":0.34,"mesh":"53395505"},"geometry":{"type":"LineString","coordinates":[[139.68804,35.75524],[139.68967,35.75629],[139.68981,35.75631]]}},{"type":"Feature","properties":{"idx":513,"road":"七軒家通り","cls":"tertiary","shops":0,"st_km":0.37,"mesh":"53395513"},"geometry":{"type":"LineString","coordinates":[[139.67195,35.76194],[139.67279,35.76307]]}},{"type":"Feature","properties":{"idx":221,"road":NaN,"cls":"tertiary","shops":1,"st_km":0.69,"mesh":"53395508"},"geometry":{"type":"LineString","coordinates":[[139.73032,35.75258],[139.73035,35.75239]]}},{"type":"Feature","properties":{"idx":153,"road":NaN,"cls":"tertiary","shops":0,"st_km":0.64,"mesh":"53395508"},"geometry":{"type":"LineString","coordinates":[[139.73035,35.75239],[139.7304,35.75194],[139.73066,35.75117],[139.73071,35.75087]]}},{"type":"Feature","properties":{"idx":579,"road":NaN,"cls":"tertiary","shops":0,"st_km":0.56,"mesh":"53395507"},"geometry":{"type":"LineString","coordinates":[[139.71677,35.75643],[139.71738,35.75766],[139.71764,35.75835]]}},{"type":"Feature","properties":{"idx":754,"road":NaN,"cls":"tertiary","shops":0,"st_km":0.26,"mesh":"53395507"},"geometry":{"type":"LineString","coordinates":[[139.71805,35.74984],[139.71689,35.75127]]}},{"type":"Feature","properties":{"idx":101,"road":NaN,"cls":"tertiary","shops":2,"st_km":0.74,"mesh":"53395517"},"geometry":{"type":"LineString","coordinates":[[139.71334,35.7598],[139.71469,35.76096]]}},{"type":"Feature","properties":{"idx":1149,"road":"本郷赤羽線","cls":"secondary","shops":7,"st_km":0.34,"mesh":"53395508"},"geometry":{"type":"LineString","coordinates":[[139.73339,35.75385],[139.73567,35.75251]]}},{"type":"Feature","properties":{"idx":848,"road":"本郷赤羽線","cls":"secondary","shops":3,"st_km":0.19,"mesh":"53395508"},"geometry":{"type":"LineString","coordinates":[[139.73611,35.75221],[139.73622,35.75214]]}},{"type":"Feature","properties":{"idx":527,"road":"加賀学園通り","cls":"tertiary","shops":0,"st_km":0.66,"mesh":"53395507"},"geometry":{"type":"LineString","coordinates":[[139.72204,35.7539],[139.71934,35.75489],[139.7176,35.7557],[139.71677,35.75643]]}},{"type":"Feature","properties":{"idx":382,"road":NaN,"cls":"primary_link","shops":0,"st_km":0.54,"mesh":"53395513"},"geometry":{"type":"LineString","coordinates":[[139.66456,35.764],[139.66505,35.76434]]}},{"type":"Feature","properties":{"idx":370,"road":NaN,"cls":"primary_link","shops":0,"st_km":0.57,"mesh":"53395513"},"geometry":{"type":"LineString","coordinates":[[139.66473,35.76387],[139.66415,35.76356]]}},{"type":"Feature","properties":{"idx":1386,"road":"成増北口通り","cls":"tertiary","shops":4,"st_km":0.08,"mesh":"53395530"},"geometry":{"type":"LineString","coordinates":[[139.63266,35.77802],[139.63226,35.77828]]}},{"type":"Feature","properties":{"idx":422,"road":"笹目通り","cls":"primary","shops":1,"st_km":1.44,"mesh":"53395540"},"geometry":{"type":"LineString","coordinates":[[139.62626,35.78781],[139.62731,35.78876],[139.63138,35.79188],[139.63193,35.7922],[139.63257,35.79249],[139.63339,35.79276],[139.63405,35.79289]]}},{"type":"Feature","properties":{"idx":358,"road":"笹目通り","cls":"primary","shops":0,"st_km":1.2,"mesh":"53395540"},"geometry":{"type":"LineString","coordinates":[[139.62634,35.78778],[139.62586,35.78726]]}},{"type":"Feature","properties":{"idx":180,"road":"笹目通り","cls":"primary","shops":1,"st_km":0.64,"mesh":"53395551"},"geometry":{"type":"LineString","coordinates":[[139.63807,35.79274],[139.63931,35.7926]]}},{"type":"Feature","properties":{"idx":850,"road":"笹目通り","cls":"primary","shops":2,"st_km":0.88,"mesh":"53395550"},"geometry":{"type":"LineString","coordinates":[[139.63801,35.79268],[139.6358,35.79289],[139.63492,35.7929],[139.63414,35.79283]]}},{"type":"Feature","properties":{"idx":536,"road":NaN,"cls":"tertiary","shops":1,"st_km":0.88,"mesh":"53395540"},"geometry":{"type":"LineString","coordinates":[[139.62808,35.78447],[139.62817,35.7844]]}},{"type":"Feature","properties":{"idx":257,"road":NaN,"cls":"tertiary","shops":0,"st_km":1.23,"mesh":"53395540"},"geometry":{"type":"LineString","coordinates":[[139.62785,35.78558],[139.62857,35.78675],[139.62986,35.78839],[139.63027,35.78883],[139.63057,35.789],[139.63234,35.7897],[139.63409,35.79068],[139.63536,35.7912],[139.63722,35.79177],[139.63763,35.79208],[139.63801,35.79268]]}},{"type":"Feature","properties":{"idx":171,"road":"和光インター線","cls":"primary","shops":1,"st_km":0.7,"mesh":"53395551"},"geometry":{"type":"LineString","coordinates":[[139.63807,35.79274],[139.63801,35.79268]]}},{"type":"Feature","properties":{"idx":262,"road":"徳丸通り","cls":"tertiary","shops":1,"st_km":1.11,"mesh":"53395532"},"geometry":{"type":"LineString","coordinates":[[139.65779,35.77912],[139.65743,35.77951],[139.65741,35.7796]]}},{"type":"Feature","properties":{"idx":495,"road":"旧川越街道","cls":"tertiary","shops":2,"st_km":0.64,"mesh":"53395522"},"geometry":{"type":"LineString","coordinates":[[139.65846,35.76853],[139.65483,35.76883],[139.65257,35.7687]]}},{"type":"Feature","properties":{"idx":183,"road":NaN,"cls":"tertiary","shops":0,"st_km":0.74,"mesh":"53395512"},"geometry":{"type":"LineString","coordinates":[[139.65704,35.76606],[139.65616,35.7648],[139.65637,35.76414],[139.65644,35.76372],[139.65633,35.76238],[139.65591,35.76187]]}},{"type":"Feature","properties":{"idx":739,"road":NaN,"cls":"primary_link","shops":2,"st_km":0.57,"mesh":"53395513"},"geometry":{"type":"LineString","coordinates":[[139.66339,35.76342],[139.664,35.76371]]}},{"type":"Feature","properties":{"idx":334,"road":"成増橋","cls":"tertiary","shops":0,"st_km":0.89,"mesh":"53395540"},"geometry":{"type":"LineString","coordinates":[[139.63606,35.79015],[139.63615,35.79005]]}},{"type":"Feature","properties":{"idx":303,"road":"オリンピック通り","cls":"primary","shops":0,"st_km":1.2,"mesh":"53395563"},"geometry":{"type":"LineString","coordinates":[[139.65853,35.80857],[139.66728,35.80791]]}},{"type":"Feature","properties":{"idx":279,"road":"戸田中通り","cls":"tertiary","shops":1,"st_km":1.7,"mesh":"53395562"},"geometry":{"type":"LineString","coordinates":[[139.6602,35.80597],[139.65627,35.80627],[139.65426,35.80498]]}},{"type":"Feature","properties":{"idx":330,"road":NaN,"cls":"tertiary","shops":0,"st_km":1.67,"mesh":"53395561"},"geometry":{"type":"LineString","coordinates":[[139.6492,35.80681],[139.64949,35.80654]]}},{"type":"Feature","properties":{"idx":200,"road":"高島通り","cls":"secondary_link","shops":1,"st_km":0.02,"mesh":"53395551"},"geometry":{"type":"LineString","coordinates":[[139.64392,35.79208],[139.64749,35.7914]]}},{"type":"Feature","properties":{"idx":100,"road":"高島通り","cls":"secondary_link","shops":0,"st_km":0.29,"mesh":"53395551"},"geometry":{"type":"LineString","coordinates":[[139.64354,35.79196],[139.64137,35.79231]]}},{"type":"Feature","properties":{"idx":868,"road":"長後赤塚線","cls":"secondary","shops":2,"st_km":0.69,"mesh":"53395531"},"geometry":{"type":"LineString","coordinates":[[139.64176,35.77752],[139.63922,35.77623]]}},{"type":"Feature","properties":{"idx":635,"road":"長後赤塚線","cls":"secondary","shops":2,"st_km":0.99,"mesh":"53395531"},"geometry":{"type":"LineString","coordinates":[[139.64983,35.78037],[139.64723,35.77994],[139.64622,35.77967],[139.64523,35.77929],[139.64176,35.77752]]}},{"type":"Feature","properties":{"idx":327,"road":"オートレース通り","cls":"tertiary","shops":0,"st_km":1.08,"mesh":"53395597"},"geometry":{"type":"LineString","coordinates":[[139.72464,35.82499],[139.72452,35.8261],[139.72425,35.82731],[139.72426,35.82798],[139.72444,35.82895],[139.72435,35.82943],[139.72385,35.83073],[139.72334,35.83169],[139.72222,35.83327]]}},{"type":"Feature","properties":{"idx":678,"road":NaN,"cls":"tertiary","shops":6,"st_km":0.07,"mesh":"53395576"},"geometry":{"type":"LineString","coordinates":[[139.70505,35.81585],[139.705,35.81581]]}},{"type":"Feature","properties":{"idx":544,"road":"天神橋通り","cls":"tertiary","shops":3,"st_km":1.21,"mesh":"53395587"},"geometry":{"type":"LineString","coordinates":[[139.72464,35.82499],[139.72514,35.82487]]}},{"type":"Feature","properties":{"idx":240,"road":NaN,"cls":"tertiary","shops":0,"st_km":0.34,"mesh":"53395598"},"geometry":{"type":"LineString","coordinates":[[139.73495,35.82648],[139.73444,35.82767],[139.73426,35.8279],[139.73224,35.82984],[139.73108,35.83106]]}},{"type":"Feature","properties":{"idx":238,"road":NaN,"cls":"tertiary","shops":0,"st_km":0.35,"mesh":"53395598"},"geometry":{"type":"LineString","coordinates":[[139.73495,35.82648],[139.73655,35.82841],[139.73697,35.82886]]}},{"type":"Feature","properties":{"idx":178,"road":NaN,"cls":"tertiary","shops":0,"st_km":0.65,"mesh":"53395598"},"geometry":{"type":"LineString","coordinates":[[139.73226,35.82415],[139.73294,35.82465],[139.73495,35.82648]]}},{"type":"Feature","properties":{"idx":229,"road":NaN,"cls":"tertiary","shops":1,"st_km":0.78,"mesh":"53395588"},"geometry":{"type":"LineString","coordinates":[[139.73212,35.82406],[139.73579,35.82381],[139.73634,35.82371],[139.73669,35.82358]]}},{"type":"Feature","properties":{"idx":651,"road":"新オートレース通り","cls":"tertiary","shops":6,"st_km":0.11,"mesh":"53395576"},"geometry":{"type":"LineString","coordinates":[[139.70563,35.81628],[139.70505,35.81585]]}},{"type":"Feature","properties":{"idx":544,"road":NaN,"cls":"tertiary","shops":5,"st_km":0.15,"mesh":"53395576"},"geometry":{"type":"LineString","coordinates":[[139.706,35.81592],[139.70584,35.81608]]}},{"type":"Feature","properties":{"idx":240,"road":"第二産業道路","cls":"primary","shops":0,"st_km":0.57,"mesh":"53395598"},"geometry":{"type":"LineString","coordinates":[[139.73033,35.83447],[139.73032,35.8332],[139.73046,35.83264],[139.73086,35.83201],[139.73138,35.83151]]}},{"type":"Feature","properties":{"idx":514,"road":"第二産業道路","cls":"primary","shops":1,"st_km":0.21,"mesh":"53395598"},"geometry":{"type":"LineString","coordinates":[[139.73697,35.82886],[139.73528,35.8295],[139.73195,35.83107],[139.73124,35.83148]]}},{"type":"Feature","properties":{"idx":278,"road":NaN,"cls":"tertiary","shops":0,"st_km":0.19,"mesh":"53395598"},"geometry":{"type":"LineString","coordinates":[[139.73331,35.83195],[139.73352,35.83162],[139.7338,35.8314],[139.73512,35.83079]]}},{"type":"Feature","properties":{"idx":270,"road":NaN,"cls":"tertiary","shops":0,"st_km":0.2,"mesh":"53395599"},"geometry":{"type":"LineString","coordinates":[[139.73749,35.83106],[139.73873,35.83033],[139.739,35.83022],[139.73928,35.8302]]}},{"type":"Feature","properties":{"idx":316,"road":NaN,"cls":"tertiary","shops":2,"st_km":0.76,"mesh":"53395599"},"geometry":{"type":"LineString","coordinates":[[139.74031,35.82994],[139.74689,35.82786],[139.74796,35.82739]]}},{"type":"Feature","properties":{"idx":216,"road":NaN,"cls":"tertiary","shops":0,"st_km":0.44,"mesh":"53395598"},"geometry":{"type":"LineString","coordinates":[[139.73124,35.83148],[139.73138,35.83151]]}},{"type":"Feature","properties":{"idx":508,"road":"塚越大通り","cls":"tertiary","shops":1,"st_km":0.71,"mesh":"53395595"},"geometry":{"type":"LineString","coordinates":[[139.69178,35.82874],[139.69392,35.82668],[139.69439,35.82629],[139.69728,35.82526],[139.69759,35.82513],[139.69786,35.8249],[139.69978,35.82276],[139.70157,35.82021]]}},{"type":"Feature","properties":{"idx":487,"road":NaN,"cls":"tertiary","shops":0,"st_km":0.33,"mesh":"53395595"},"geometry":{"type":"LineString","coordinates":[[139.69274,35.82931],[139.69396,35.83004],[139.69399,35.83015]]}},{"type":"Feature","properties":{"idx":412,"road":NaN,"cls":"tertiary","shops":1,"st_km":0.2,"mesh":"53395598"},"geometry":{"type":"LineString","coordinates":[[139.73331,35.83195],[139.73459,35.83202],[139.73562,35.8319]]}},{"type":"Feature","properties":{"idx":463,"road":"蕨桜町線","cls":"secondary","shops":0,"st_km":0.5,"mesh":"53395595"},"geometry":{"type":"LineString","coordinates":[[139.69399,35.83015],[139.69582,35.83043],[139.69608,35.83052],[139.69619,35.83062]]}},{"type":"Feature","properties":{"idx":352,"road":NaN,"cls":"tertiary","shops":0,"st_km":0.34,"mesh":"53395530"},"geometry":{"type":"LineString","coordinates":[[139.63746,35.77695],[139.63592,35.77754]]}},{"type":"Feature","properties":{"idx":257,"road":"産業道路","cls":"primary","shops":0,"st_km":0.86,"mesh":"53395586"},"geometry":{"type":"LineString","coordinates":[[139.70856,35.81972],[139.70736,35.8225],[139.706,35.82608]]}},{"type":"Feature","properties":{"idx":283,"road":"新オートレース通り","cls":"tertiary","shops":0,"st_km":0.94,"mesh":"53395587"},"geometry":{"type":"LineString","coordinates":[[139.71731,35.82055],[139.70949,35.81904]]}},{"type":"Feature","properties":{"idx":461,"road":NaN,"cls":"tertiary","shops":4,"st_km":0.16,"mesh":"53395576"},"geometry":{"type":"LineString","coordinates":[[139.7062,35.81573],[139.706,35.81592]]}},{"type":"Feature","properties":{"idx":1468,"road":"新オートレース通り","cls":"tertiary","shops":6,"st_km":0.25,"mesh":"53395586"},"geometry":{"type":"LineString","coordinates":[[139.70743,35.81761],[139.70563,35.81628]]}},{"type":"Feature","properties":{"idx":615,"road":"蕨桜町線","cls":"secondary","shops":2,"st_km":1.31,"mesh":"53395596"},"geometry":{"type":"LineString","coordinates":[[139.70238,35.8314],[139.70601,35.83178]]}},{"type":"Feature","properties":{"idx":526,"road":"蕨桜町線","cls":"secondary","shops":3,"st_km":2.04,"mesh":"53395597"},"geometry":{"type":"LineString","coordinates":[[139.71756,35.83322],[139.71371,35.83296],[139.71171,35.83297],[139.71134,35.83291],[139.71009,35.83252]]}},{"type":"Feature","properties":{"idx":1211,"road":"産業道路","cls":"tertiary","shops":5,"st_km":0.13,"mesh":"53395567"},"geometry":{"type":"LineString","coordinates":[[139.71868,35.80222],[139.71898,35.80204]]}},{"type":"Feature","properties":{"idx":551,"road":"六間通り","cls":"tertiary","shops":2,"st_km":0.34,"mesh":"53395567"},"geometry":{"type":"LineString","coordinates":[[139.7201,35.80226],[139.72035,35.80231],[139.72135,35.8027],[139.72229,35.80258]]}},{"type":"Feature","properties":{"idx":159,"road":NaN,"cls":"tertiary","shops":0,"st_km":0.74,"mesh":"53395588"},"geometry":{"type":"LineString","coordinates":[[139.73806,35.82333],[139.73789,35.82336],[139.73737,35.82373],[139.73581,35.82518]]}},{"type":"Feature","properties":{"idx":2043,"road":NaN,"cls":"tertiary","shops":36,"st_km":0.18,"mesh":"53395537"},"geometry":{"type":"LineString","coordinates":[[139.72157,35.77918],[139.72202,35.77924]]}},{"type":"Feature","properties":{"idx":355,"road":NaN,"cls":"tertiary","shops":0,"st_km":0.76,"mesh":"53395513"},"geometry":{"type":"LineString","coordinates":[[139.66216,35.76267],[139.66225,35.76256],[139.66485,35.76098]]}},{"type":"Feature","properties":{"idx":373,"road":NaN,"cls":"primary_link","shops":0,"st_km":0.56,"mesh":"53395513"},"geometry":{"type":"LineString","coordinates":[[139.66483,35.76393],[139.66473,35.76387]]}},{"type":"Feature","properties":{"idx":76,"road":NaN,"cls":"tertiary","shops":0,"st_km":0.45,"mesh":"53395510"},"geometry":{"type":"LineString","coordinates":[[139.63044,35.76255],[139.63044,35.7623]]}},{"type":"Feature","properties":{"idx":5714,"road":"補助第238号線","cls":"tertiary","shops":27,"st_km":0.17,"mesh":"53395522"},"geometry":{"type":"LineString","coordinates":[[139.66111,35.76929],[139.66067,35.76936]]}},{"type":"Feature","properties":{"idx":715,"road":"放射第35号線（池袋谷原線）","cls":"secondary","shops":3,"st_km":0.02,"mesh":"53395502"},"geometry":{"type":"LineString","coordinates":[[139.65521,35.75721],[139.65382,35.75803]]}},{"type":"Feature","properties":{"idx":68,"road":NaN,"cls":"pedestrian","shops":0,"st_km":0.9,"mesh":"53395510"},"geometry":{"type":"LineString","coordinates":[[139.63556,35.76636],[139.63529,35.76647],[139.63437,35.76646]]}},{"type":"Feature","properties":{"idx":1847,"road":"県道蕨停車場線","cls":"secondary","shops":4,"st_km":0.28,"mesh":"53395594"},"geometry":{"type":"LineString","coordinates":[[139.68694,35.82861],[139.68767,35.82799]]}},{"type":"Feature","properties":{"idx":665,"road":NaN,"cls":"tertiary","shops":2,"st_km":0.41,"mesh":"53395526"},"geometry":{"type":"LineString","coordinates":[[139.70617,35.76959],[139.70694,35.76979]]}},{"type":"Feature","properties":{"idx":320,"road":NaN,"cls":"tertiary","shops":0,"st_km":0.68,"mesh":"53395553"},"geometry":{"type":"LineString","coordinates":[[139.66775,35.79095],[139.66818,35.79222],[139.67019,35.79172]]}},{"type":"Feature","properties":{"idx":87,"road":NaN,"cls":"tertiary","shops":0,"st_km":0.22,"mesh":"53395542"},"geometry":{"type":"LineString","coordinates":[[139.66143,35.79086],[139.66067,35.79101]]}},{"type":"Feature","properties":{"idx":478,"road":"旧中山道","cls":"tertiary","shops":0,"st_km":1.06,"mesh":"53395584"},"geometry":{"type":"LineString","coordinates":[[139.67842,35.82546],[139.68133,35.82171],[139.68139,35.82139],[139.6814,35.82078],[139.68136,35.82065],[139.68122,35.82054]]}},{"type":"Feature","properties":{"idx":1180,"road":"大前橋","cls":"tertiary","shops":3,"st_km":0.45,"mesh":"53395563"},"geometry":{"type":"LineString","coordinates":[[139.67382,35.80601],[139.67383,35.80615]]}},{"type":"Feature","properties":{"idx":487,"road":"大前橋通り","cls":"tertiary","shops":0,"st_km":0.42,"mesh":"53395563"},"geometry":{"type":"LineString","coordinates":[[139.67383,35.80615],[139.67393,35.80741]]}},{"type":"Feature","properties":{"idx":630,"road":NaN,"cls":"pedestrian","shops":4,"st_km":1.16,"mesh":"53395565"},"geometry":{"type":"LineString","coordinates":[[139.69904,35.80625],[139.69887,35.80585]]}},{"type":"Feature","properties":{"idx":466,"road":"補助第89号線","cls":"tertiary","shops":4,"st_km":0.62,"mesh":"53395528"},"geometry":{"type":"LineString","coordinates":[[139.72757,35.76767],[139.72558,35.77115]]}},{"type":"Feature","properties":{"idx":153,"road":NaN,"cls":"tertiary","shops":1,"st_km":1.15,"mesh":"53395529"},"geometry":{"type":"LineString","coordinates":[[139.74778,35.76855],[139.74784,35.76783]]}},{"type":"Feature","properties":{"idx":589,"road":"中央土橋通り","cls":"tertiary","shops":0,"st_km":0.82,"mesh":"53395584"},"geometry":{"type":"LineString","coordinates":[[139.68315,35.81771],[139.68453,35.81962],[139.68636,35.82235],[139.68673,35.82274],[139.68782,35.82365],[139.68923,35.82507]]}},{"type":"Feature","properties":{"idx":413,"road":NaN,"cls":"tertiary","shops":0,"st_km":0.9,"mesh":"53395585"},"geometry":{"type":"LineString","coordinates":[[139.69055,35.81999],[139.69179,35.81972]]}},{"type":"Feature","properties":{"idx":322,"road":"下蕨本通り","cls":"tertiary","shops":0,"st_km":1.21,"mesh":"53395585"},"geometry":{"type":"LineString","coordinates":[[139.69055,35.81999],[139.69034,35.81927],[139.68878,35.81585],[139.68872,35.81541],[139.68876,35.81459],[139.68865,35.81404]]}},{"type":"Feature","properties":{"idx":372,"road":NaN,"cls":"tertiary","shops":0,"st_km":0.24,"mesh":"53395586"},"geometry":{"type":"LineString","coordinates":[[139.70276,35.81906],[139.70563,35.81628]]}},{"type":"Feature","properties":{"idx":326,"road":"東中通り","cls":"tertiary","shops":0,"st_km":1.02,"mesh":"53395574"},"geometry":{"type":"LineString","coordinates":[[139.68478,35.81522],[139.68544,35.81502]]}},{"type":"Feature","properties":{"idx":249,"road":NaN,"cls":"tertiary","shops":1,"st_km":0.88,"mesh":"53395567"},"geometry":{"type":"LineString","coordinates":[[139.72995,35.80912],[139.72278,35.80812],[139.7213,35.80826],[139.71662,35.80745]]}},{"type":"Feature","properties":{"idx":376,"road":"朝日橋","cls":"tertiary","shops":0,"st_km":0.94,"mesh":"53395578"},"geometry":{"type":"LineString","coordinates":[[139.73045,35.80919],[139.72995,35.80912]]}},{"type":"Feature","properties":{"idx":285,"road":NaN,"cls":"tertiary","shops":0,"st_km":1.88,"mesh":"53395549"},"geometry":{"type":"LineString","coordinates":[[139.74813,35.78872],[139.74843,35.78884],[139.74877,35.78907],[139.75042,35.79071]]}},{"type":"Feature","properties":{"idx":275,"road":"環七通り","cls":"primary","shops":1,"st_km":0.67,"mesh":"53395528"},"geometry":{"type":"LineString","coordinates":[[139.73562,35.77044],[139.73792,35.772]]}},{"type":"Feature","properties":{"idx":293,"road":"新荒川堤防線","cls":"tertiary","shops":2,"st_km":0.8,"mesh":"53395539"},"geometry":{"type":"LineString","coordinates":[[139.74256,35.77497],[139.74194,35.77557],[139.74146,35.77611],[139.74049,35.77743],[139.74002,35.77816]]}},{"type":"Feature","properties":{"idx":871,"road":"環七通り","cls":"primary","shops":6,"st_km":0.48,"mesh":"53395528"},"geometry":{"type":"LineString","coordinates":[[139.73568,35.77039],[139.73433,35.76953],[139.73253,35.76899]]}},{"type":"Feature","properties":{"idx":410,"road":"本町大通り","cls":"primary","shops":0,"st_km":0.43,"mesh":"53395558"},"geometry":{"type":"LineString","coordinates":[[139.72651,35.79741],[139.72663,35.79731]]}},{"type":"Feature","properties":{"idx":331,"road":NaN,"cls":"tertiary","shops":0,"st_km":0.42,"mesh":"53395558"},"geometry":{"type":"LineString","coordinates":[[139.72662,35.79743],[139.72684,35.79733]]}},{"type":"Feature","properties":{"idx":322,"road":"オートレース通り","cls":"tertiary","shops":1,"st_km":1.21,"mesh":"53395587"},"geometry":{"type":"LineString","coordinates":[[139.72362,35.81721],[139.72338,35.81748],[139.72321,35.81779],[139.72312,35.81815],[139.7231,35.81852],[139.72377,35.82158]]}},{"type":"Feature","properties":{"idx":221,"road":"六間通り","cls":"tertiary","shops":0,"st_km":0.57,"mesh":"53395567"},"geometry":{"type":"LineString","coordinates":[[139.72514,35.80211],[139.72229,35.80258]]}},{"type":"Feature","properties":{"idx":503,"road":"オートレース通り","cls":"tertiary","shops":1,"st_km":0.53,"mesh":"53395568"},"geometry":{"type":"LineString","coordinates":[[139.72514,35.80211],[139.72567,35.8042]]}},{"type":"Feature","properties":{"idx":621,"road":NaN,"cls":"tertiary","shops":2,"st_km":0.24,"mesh":"53395592"},"geometry":{"type":"LineString","coordinates":[[139.66027,35.82822],[139.66023,35.82915]]}},{"type":"Feature","properties":{"idx":417,"road":NaN,"cls":"tertiary","shops":0,"st_km":0.38,"mesh":"53395593"},"geometry":{"type":"LineString","coordinates":[[139.66221,35.82558],[139.66338,35.82561],[139.66374,35.82571],[139.66591,35.82702],[139.66904,35.82856]]}},{"type":"Feature","properties":{"idx":326,"road":"わらびりんご通り","cls":"tertiary","shops":0,"st_km":0.64,"mesh":"53395593"},"geometry":{"type":"LineString","coordinates":[[139.66848,35.82829],[139.66717,35.83012]]}},{"type":"Feature","properties":{"idx":459,"road":"朝霞蕨線","cls":"primary","shops":0,"st_km":0.51,"mesh":"53395593"},"geometry":{"type":"LineString","coordinates":[[139.66551,35.82935],[139.6664,35.82978]]}},{"type":"Feature","properties":{"idx":728,"road":"さいたま鳩ヶ谷線","cls":"secondary","shops":5,"st_km":0.59,"mesh":"53395599"},"geometry":{"type":"LineString","coordinates":[[139.73943,35.82938],[139.73951,35.8288],[139.73954,35.82801],[139.73945,35.82685],[139.73945,35.82589],[139.73939,35.82536],[139.73868,35.82411],[139.73816,35.82336]]}},{"type":"Feature","properties":{"idx":147,"road":"常盤台赤羽線","cls":"secondary","shops":1,"st_km":0.36,"mesh":"53395537"},"geometry":{"type":"LineString","coordinates":[[139.71916,35.7825],[139.71825,35.78187],[139.71791,35.78158]]}},{"type":"Feature","properties":{"idx":238,"road":"第二産業道路","cls":"primary","shops":0,"st_km":0.58,"mesh":"53395598"},"geometry":{"type":"LineString","coordinates":[[139.73124,35.83148],[139.73076,35.83195],[139.73037,35.83262],[139.73022,35.83321],[139.73021,35.83447]]}},{"type":"Feature","properties":{"idx":346,"road":"第二産業道路","cls":"primary","shops":0,"st_km":0.2,"mesh":"53395598"},"geometry":{"type":"LineString","coordinates":[[139.73138,35.83151],[139.73168,35.83132],[139.73293,35.8307],[139.73602,35.82936],[139.73692,35.82902]]}},{"type":"Feature","properties":{"idx":164,"road":"笹目通り","cls":"primary","shops":0,"st_km":0.31,"mesh":"53395551"},"geometry":{"type":"LineString","coordinates":[[139.64447,35.7938],[139.64144,35.79275],[139.64072,35.79244]]}},{"type":"Feature","properties":{"idx":293,"road":"北町豊玉線","cls":"secondary","shops":2,"st_km":0.69,"mesh":"53395502"},"geometry":{"type":"LineString","coordinates":[[139.6557,35.74872],[139.65543,35.75043],[139.65511,35.75188],[139.65486,35.75222],[139.65403,35.75309],[139.65359,35.7537]]}},{"type":"Feature","properties":{"idx":467,"road":NaN,"cls":"tertiary","shops":0,"st_km":0.2,"mesh":"53395568"},"geometry":{"type":"LineString","coordinates":[[139.72918,35.80174],[139.72885,35.80164],[139.72881,35.80149]]}},{"type":"Feature","properties":{"idx":248,"road":NaN,"cls":"tertiary","shops":0,"st_km":0.73,"mesh":"53395558"},"geometry":{"type":"LineString","coordinates":[[139.72621,35.79424],[139.72642,35.79423]]}},{"type":"Feature","properties":{"idx":243,"road":NaN,"cls":"tertiary","shops":0,"st_km":0.75,"mesh":"53395558"},"geometry":{"type":"LineString","coordinates":[[139.72509,35.79431],[139.72621,35.79424]]}},{"type":"Feature","properties":{"idx":755,"road":NaN,"cls":"tertiary","shops":0,"st_km":0.81,"mesh":"53395557"},"geometry":{"type":"LineString","coordinates":[[139.72006,35.79661],[139.72064,35.79585],[139.72111,35.79475],[139.72267,35.79458]]}},{"type":"Feature","properties":{"idx":224,"road":NaN,"cls":"tertiary","shops":0,"st_km":1.24,"mesh":"53395587"},"geometry":{"type":"LineString","coordinates":[[139.71372,35.82685],[139.71372,35.82499],[139.71379,35.82189],[139.71399,35.82062]]}},{"type":"Feature","properties":{"idx":252,"road":NaN,"cls":"tertiary","shops":0,"st_km":1.52,"mesh":"53395597"},"geometry":{"type":"LineString","coordinates":[[139.71372,35.82699],[139.71372,35.82685]]}},{"type":"Feature","properties":{"idx":396,"road":NaN,"cls":"tertiary","shops":0,"st_km":0.54,"mesh":"53395595"},"geometry":{"type":"LineString","coordinates":[[139.69449,35.83233],[139.69475,35.83052]]}},{"type":"Feature","properties":{"idx":175,"road":NaN,"cls":"tertiary","shops":1,"st_km":1.13,"mesh":"53395599"},"geometry":{"type":"LineString","coordinates":[[139.74796,35.82739],[139.74803,35.82736]]}},{"type":"Feature","properties":{"idx":209,"road":NaN,"cls":"tertiary","shops":2,"st_km":1.29,"mesh":"53395599"},"geometry":{"type":"LineString","coordinates":[[139.74803,35.82736],[139.75039,35.82618],[139.75083,35.82588]]}},{"type":"Feature","properties":{"idx":992,"road":"二枚橋","cls":"tertiary","shops":2,"st_km":0.68,"mesh":"53395573"},"geometry":{"type":"LineString","coordinates":[[139.66971,35.81144],[139.66981,35.81144]]}},{"type":"Feature","properties":{"idx":502,"road":"中央通り","cls":"tertiary","shops":0,"st_km":0.69,"mesh":"53395573"},"geometry":{"type":"LineString","coordinates":[[139.66981,35.81144],[139.67112,35.81137],[139.67204,35.81122],[139.67332,35.81091],[139.67413,35.81088]]}},{"type":"Feature","properties":{"idx":423,"road":"朝霞蕨線","cls":"primary","shops":0,"st_km":0.6,"mesh":"53395593"},"geometry":{"type":"LineString","coordinates":[[139.6664,35.82978],[139.66717,35.83012]]}},{"type":"Feature","properties":{"idx":361,"road":"朝霞蕨線","cls":"primary","shops":0,"st_km":0.31,"mesh":"53395592"},"geometry":{"type":"LineString","coordinates":[[139.66023,35.82915],[139.65876,35.8288],[139.65837,35.82879]]}},{"type":"Feature","properties":{"idx":548,"road":"朝霞蕨線","cls":"primary","shops":0,"st_km":0.33,"mesh":"53395593"},"geometry":{"type":"LineString","coordinates":[[139.6643,35.82878],[139.66393,35.82901],[139.66325,35.82925]]}},{"type":"Feature","properties":{"idx":510,"road":"朝霞蕨線","cls":"primary","shops":0,"st_km":0.4,"mesh":"53395593"},"geometry":{"type":"LineString","coordinates":[[139.66551,35.82935],[139.6643,35.82878]]}},{"type":"Feature","properties":{"idx":234,"road":"青木町公園通り","cls":"tertiary","shops":0,"st_km":1.55,"mesh":"53395596"},"geometry":{"type":"LineString","coordinates":[[139.71042,35.82849],[139.71043,35.8286]]}},{"type":"Feature","properties":{"idx":208,"road":"青木町公園通り","cls":"tertiary","shops":0,"st_km":1.75,"mesh":"53395596"},"geometry":{"type":"LineString","coordinates":[[139.71043,35.8286],[139.71051,35.82927],[139.71009,35.83252]]}},{"type":"Feature","properties":{"idx":166,"road":"明治通り","cls":"primary","shops":0,"st_km":0.46,"mesh":"53395509"},"geometry":{"type":"LineString","coordinates":[[139.74257,35.75514],[139.74161,35.7558]]}},{"type":"Feature","properties":{"idx":512,"road":"補助第89号線","cls":"tertiary","shops":8,"st_km":0.23,"mesh":"53395537"},"geometry":{"type":"LineString","coordinates":[[139.72308,35.77652],[139.72309,35.77586]]}},{"type":"Feature","properties":{"idx":676,"road":"補助第89号線","cls":"tertiary","shops":10,"st_km":0.14,"mesh":"53395537"},"geometry":{"type":"LineString","coordinates":[[139.7228,35.77746],[139.7226,35.7785]]}},{"type":"Feature","properties":{"idx":669,"road":"補助第89号線","cls":"tertiary","shops":10,"st_km":0.15,"mesh":"53395537"},"geometry":{"type":"LineString","coordinates":[[139.72257,35.77927],[139.72308,35.77652]]}},{"type":"Feature","properties":{"idx":127,"road":"環七通り","cls":"primary","shops":0,"st_km":1.28,"mesh":"53395539"},"geometry":{"type":"LineString","coordinates":[[139.74658,35.7779],[139.74667,35.77796]]}},{"type":"Feature","properties":{"idx":141,"road":NaN,"cls":"tertiary","shops":0,"st_km":0.89,"mesh":"53395599"},"geometry":{"type":"LineString","coordinates":[[139.7419,35.82461],[139.74299,35.82496],[139.74313,35.82506],[139.74404,35.82624]]}},{"type":"Feature","properties":{"idx":326,"road":"第二産業道路","cls":"primary","shops":1,"st_km":0.65,"mesh":"53395599"},"geometry":{"type":"LineString","coordinates":[[139.74147,35.82717],[139.74199,35.82691]]}},{"type":"Feature","properties":{"idx":348,"road":"第二産業道路","cls":"primary","shops":0,"st_km":0.19,"mesh":"53395598"},"geometry":{"type":"LineString","coordinates":[[139.73399,35.83025],[139.73444,35.82999]]}},{"type":"Feature","properties":{"idx":208,"road":NaN,"cls":"tertiary","shops":0,"st_km":0.65,"mesh":"53395592"},"geometry":{"type":"LineString","coordinates":[[139.65505,35.82911],[139.65474,35.82918]]}},{"type":"Feature","properties":{"idx":287,"road":NaN,"cls":"tertiary","shops":1,"st_km":0.74,"mesh":"53395592"},"geometry":{"type":"LineString","coordinates":[[139.65378,35.82912],[139.65385,35.82936]]}},{"type":"Feature","properties":{"idx":1165,"road":NaN,"cls":"pedestrian","shops":7,"st_km":0.63,"mesh":"53395527"},"geometry":{"type":"LineString","coordinates":[[139.72315,35.76852],[139.72301,35.76884]]}},{"type":"Feature","properties":{"idx":304,"road":"わらびりんご通り","cls":"tertiary","shops":0,"st_km":0.71,"mesh":"53395593"},"geometry":{"type":"LineString","coordinates":[[139.66848,35.82829],[139.67019,35.82603]]}},{"type":"Feature","properties":{"idx":651,"road":"駅前通り","cls":"secondary","shops":0,"st_km":0.17,"mesh":"53395595"},"geometry":{"type":"LineString","coordinates":[[139.68829,35.82748],[139.68893,35.82772]]}},{"type":"Feature","properties":{"idx":1538,"road":"御成塚通り","cls":"tertiary","shops":7,"st_km":0.09,"mesh":"53395534"},"geometry":{"type":"LineString","coordinates":[[139.68671,35.77756],[139.68607,35.7788]]}},{"type":"Feature","properties":{"idx":518,"road":NaN,"cls":"tertiary","shops":4,"st_km":0.71,"mesh":"53395508"},"geometry":{"type":"LineString","coordinates":[[139.72915,35.75784],[139.72931,35.75762],[139.72937,35.75732]]}},{"type":"Feature","properties":{"idx":561,"road":NaN,"cls":"tertiary","shops":2,"st_km":0.57,"mesh":"53395530"},"geometry":{"type":"LineString","coordinates":[[139.62583,35.77937],[139.62574,35.7793]]}},{"type":"Feature","properties":{"idx":1303,"road":NaN,"cls":"tertiary","shops":4,"st_km":0.13,"mesh":"53395530"},"geometry":{"type":"LineString","coordinates":[[139.63135,35.7752],[139.63218,35.77616]]}},{"type":"Feature","properties":{"idx":404,"road":NaN,"cls":"tertiary","shops":0,"st_km":0.2,"mesh":"53395530"},"geometry":{"type":"LineString","coordinates":[[139.63135,35.7752],[139.63218,35.77481]]}},{"type":"Feature","properties":{"idx":430,"road":NaN,"cls":"tertiary","shops":1,"st_km":0.54,"mesh":"53395530"},"geometry":{"type":"LineString","coordinates":[[139.62574,35.7793],[139.62558,35.77869],[139.62535,35.77811],[139.62531,35.77744],[139.62533,35.77726],[139.62562,35.77634]]}},{"type":"Feature","properties":{"idx":143,"road":NaN,"cls":"tertiary","shops":3,"st_km":0.61,"mesh":"53395517"},"geometry":{"type":"LineString","coordinates":[[139.71651,35.75917],[139.71534,35.75825],[139.71528,35.75817]]}},{"type":"Feature","properties":{"idx":372,"road":NaN,"cls":"primary_link","shops":4,"st_km":0.74,"mesh":"53395529"},"geometry":{"type":"LineString","coordinates":[[139.73811,35.77203],[139.73805,35.77193],[139.7374,35.77148]]}},{"type":"Feature","properties":{"idx":184,"road":NaN,"cls":"primary_link","shops":1,"st_km":0.75,"mesh":"53395529"},"geometry":{"type":"LineString","coordinates":[[139.73725,35.77159],[139.73787,35.77204],[139.73808,35.77211]]}},{"type":"Feature","properties":{"idx":283,"road":"ROUTE2020トレセン通り","cls":"secondary","shops":0,"st_km":0.71,"mesh":"53395526"},"geometry":{"type":"LineString","coordinates":[[139.70959,35.76766],[139.70979,35.76713]]}},{"type":"Feature","properties":{"idx":306,"road":"ROUTE2020トレセン通り","cls":"secondary","shops":0,"st_km":0.62,"mesh":"53395526"},"geometry":{"type":"LineString","coordinates":[[139.70881,35.77028],[139.70886,35.76986]]}},{"type":"Feature","properties":{"idx":7927,"road":"王子新道","cls":"tertiary","shops":17,"st_km":0.07,"mesh":"53395506"},"geometry":{"type":"LineString","coordinates":[[139.70987,35.7517],[139.71072,35.75212]]}},{"type":"Feature","properties":{"idx":956,"road":"王子新道","cls":"tertiary","shops":1,"st_km":0.42,"mesh":"53395507"},"geometry":{"type":"LineString","coordinates":[[139.72058,35.75248],[139.72071,35.75256]]}},{"type":"Feature","properties":{"idx":547,"road":NaN,"cls":"tertiary","shops":0,"st_km":0.58,"mesh":"53395507"},"geometry":{"type":"LineString","coordinates":[[139.72257,35.75199],[139.72587,35.75206],[139.72622,35.75208],[139.72636,35.75214]]}},{"type":"Feature","properties":{"idx":206,"road":"補助第237号線","cls":"tertiary","shops":0,"st_km":0.61,"mesh":"53395512"},"geometry":{"type":"LineString","coordinates":[[139.65705,35.75594],[139.66485,35.76098]]}},{"type":"Feature","properties":{"idx":415,"road":NaN,"cls":"pedestrian","shops":3,"st_km":0.01,"mesh":"53395510"},"geometry":{"type":"LineString","coordinates":[[139.62923,35.75884],[139.62925,35.75824]]}},{"type":"Feature","properties":{"idx":1086,"road":NaN,"cls":"pedestrian","shops":12,"st_km":0.07,"mesh":"53395510"},"geometry":{"type":"LineString","coordinates":[[139.62899,35.75883],[139.629,35.75933]]}},{"type":"Feature","properties":{"idx":278,"road":"南田中町旭町線（支線2）（補助第230号線）","cls":"secondary","shops":3,"st_km":0.2,"mesh":"53395510"},"geometry":{"type":"LineString","coordinates":[[139.62872,35.75843],[139.62538,35.75841]]}},{"type":"Feature","properties":{"idx":408,"road":NaN,"cls":"pedestrian","shops":3,"st_km":0.02,"mesh":"53395510"},"geometry":{"type":"LineString","coordinates":[[139.62899,35.75824],[139.62899,35.75877]]}},{"type":"Feature","properties":{"idx":2444,"road":NaN,"cls":"pedestrian","shops":3,"st_km":0.05,"mesh":"53395500"},"geometry":{"type":"LineString","coordinates":[[139.62925,35.75824],[139.62926,35.75772]]}},{"type":"Feature","properties":{"idx":640,"road":NaN,"cls":"pedestrian","shops":6,"st_km":0.04,"mesh":"53395510"},"geometry":{"type":"LineString","coordinates":[[139.62899,35.75877],[139.62899,35.75883]]}},{"type":"Feature","properties":{"idx":670,"road":"明治通り","cls":"primary","shops":4,"st_km":0.17,"mesh":"53395509"},"geometry":{"type":"LineString","coordinates":[[139.7391,35.75439],[139.73884,35.75416],[139.73864,35.7539]]}},{"type":"Feature","properties":{"idx":1219,"road":"補助第89号線","cls":"tertiary","shops":9,"st_km":0.39,"mesh":"53395518"},"geometry":{"type":"LineString","coordinates":[[139.73123,35.76165],[139.7311,35.76191],[139.73012,35.76321]]}},{"type":"Feature","properties":{"idx":146,"road":NaN,"cls":"tertiary","shops":0,"st_km":2.03,"mesh":"53395571"},"geometry":{"type":"LineString","coordinates":[[139.64641,35.81322],[139.6464,35.81321]]}},{"type":"Feature","properties":{"idx":216,"road":NaN,"cls":"tertiary","shops":0,"st_km":0.56,"mesh":"53395512"},"geometry":{"type":"LineString","coordinates":[[139.65505,35.76264],[139.65526,35.76245]]}},{"type":"Feature","properties":{"idx":1166,"road":"北町豊玉線","cls":"secondary","shops":6,"st_km":0.44,"mesh":"53395521"},"geometry":{"type":"LineString","coordinates":[[139.64871,35.7646],[139.64831,35.76551],[139.64614,35.76793],[139.6458,35.76843],[139.6456,35.76882],[139.64549,35.76917]]}},{"type":"Feature","properties":{"idx":408,"road":NaN,"cls":"tertiary","shops":1,"st_km":0.33,"mesh":"53395512"},"geometry":{"type":"LineString","coordinates":[[139.6518,35.75928],[139.65133,35.75964]]}},{"type":"Feature","properties":{"idx":182,"road":NaN,"cls":"tertiary","shops":0,"st_km":1.0,"mesh":"53395586"},"geometry":{"type":"LineString","coordinates":[[139.70408,35.82202],[139.70422,35.82473],[139.70434,35.82581],[139.70458,35.82703]]}},{"type":"Feature","properties":{"idx":638,"road":NaN,"cls":"tertiary","shops":2,"st_km":1.66,"mesh":"53395549"},"geometry":{"type":"LineString","coordinates":[[139.74594,35.78807],[139.7463,35.78816]]}},{"type":"Feature","properties":{"idx":192,"road":NaN,"cls":"tertiary","shops":0,"st_km":1.05,"mesh":"53395579"},"geometry":{"type":"LineString","coordinates":[[139.7462,35.8117],[139.74676,35.81208]]}},{"type":"Feature","properties":{"idx":282,"road":"ROUTE2020トレセン通り","cls":"secondary","shops":8,"st_km":0.72,"mesh":"53395517"},"geometry":{"type":"LineString","coordinates":[[139.71334,35.7636],[139.71317,35.76364],[139.71228,35.76433]]}},{"type":"Feature","properties":{"idx":280,"road":"ROUTE2020トレセン通り","cls":"secondary","shops":8,"st_km":0.73,"mesh":"53395517"},"geometry":{"type":"LineString","coordinates":[[139.71228,35.76433],[139.71239,35.76429],[139.71334,35.7636]]}},{"type":"Feature","properties":{"idx":82,"road":"ROUTE2020トレセン通り","cls":"secondary","shops":1,"st_km":0.76,"mesh":"53395517"},"geometry":{"type":"LineString","coordinates":[[139.71334,35.7636],[139.71353,35.76347]]}},{"type":"Feature","properties":{"idx":295,"road":NaN,"cls":"tertiary","shops":0,"st_km":0.52,"mesh":"53395530"},"geometry":{"type":"LineString","coordinates":[[139.63189,35.78275],[139.6321,35.78187],[139.63209,35.78162]]}},{"type":"Feature","properties":{"idx":473,"road":"蕨桜町線","cls":"secondary","shops":1,"st_km":0.92,"mesh":"53395595"},"geometry":{"type":"LineString","coordinates":[[139.69731,35.83088],[139.70238,35.8314]]}},{"type":"Feature","properties":{"idx":339,"road":NaN,"cls":"tertiary","shops":0,"st_km":1.03,"mesh":"53395596"},"geometry":{"type":"LineString","coordinates":[[139.70118,35.83087],[139.70117,35.83095]]}},{"type":"Feature","properties":{"idx":675,"road":NaN,"cls":"tertiary","shops":2,"st_km":1.03,"mesh":"53395596"},"geometry":{"type":"LineString","coordinates":[[139.70117,35.83095],[139.70111,35.83128]]}},{"type":"Feature","properties":{"idx":230,"road":NaN,"cls":"tertiary","shops":0,"st_km":1.68,"mesh":"53395597"},"geometry":{"type":"LineString","coordinates":[[139.71542,35.82639],[139.71544,35.82886]]}},{"type":"Feature","properties":{"idx":245,"road":NaN,"cls":"tertiary","shops":0,"st_km":1.5,"mesh":"53395597"},"geometry":{"type":"LineString","coordinates":[[139.72081,35.82484],[139.72054,35.82693]]}},{"type":"Feature","properties":{"idx":266,"road":"天神橋通り","cls":"tertiary","shops":0,"st_km":1.37,"mesh":"53395597"},"geometry":{"type":"LineString","coordinates":[[139.72081,35.82484],[139.72346,35.82517],[139.72391,35.82515],[139.72464,35.82499]]}},{"type":"Feature","properties":{"idx":235,"road":NaN,"cls":"tertiary","shops":0,"st_km":1.54,"mesh":"53395596"},"geometry":{"type":"LineString","coordinates":[[139.71233,35.8277],[139.71234,35.82788]]}},{"type":"Feature","properties":{"idx":202,"road":NaN,"cls":"tertiary","shops":0,"st_km":1.81,"mesh":"53395596"},"geometry":{"type":"LineString","coordinates":[[139.71234,35.82788],[139.71251,35.83065],[139.71255,35.83297]]}},{"type":"Feature","properties":{"idx":375,"road":"産業道路","cls":"primary","shops":0,"st_km":1.18,"mesh":"53395596"},"geometry":{"type":"LineString","coordinates":[[139.70318,35.83046],[139.70301,35.83066]]}},{"type":"Feature","properties":{"idx":763,"road":"産業道路","cls":"primary","shops":2,"st_km":1.16,"mesh":"53395596"},"geometry":{"type":"LineString","coordinates":[[139.70301,35.83066],[139.70238,35.8314]]}},{"type":"Feature","properties":{"idx":196,"road":NaN,"cls":"tertiary","shops":0,"st_km":0.49,"mesh":"53395588"},"geometry":{"type":"LineString","coordinates":[[139.73482,35.8201],[139.73492,35.82073]]}},{"type":"Feature","properties":{"idx":107,"road":NaN,"cls":"tertiary","shops":0,"st_km":1.2,"mesh":"53395539"},"geometry":{"type":"LineString","coordinates":[[139.74554,35.78139],[139.74547,35.78108],[139.74554,35.78026],[139.74572,35.77971],[139.74603,35.77915]]}},{"type":"Feature","properties":{"idx":108,"road":NaN,"cls":"tertiary","shops":0,"st_km":1.19,"mesh":"53395539"},"geometry":{"type":"LineString","coordinates":[[139.7468,35.77813],[139.74605,35.77873],[139.74576,35.77914],[139.74548,35.77972],[139.74527,35.78057],[139.74533,35.78099],[139.74542,35.78123],[139.74554,35.78139]]}},{"type":"Feature","properties":{"idx":100,"road":NaN,"cls":"tertiary","shops":0,"st_km":1.29,"mesh":"53395539"},"geometry":{"type":"LineString","coordinates":[[139.74554,35.78139],[139.74631,35.78266]]}},{"type":"Feature","properties":{"idx":127,"road":"環七通り","cls":"primary","shops":0,"st_km":1.28,"mesh":"53395539"},"geometry":{"type":"LineString","coordinates":[[139.74672,35.77791],[139.7466,35.77783]]}},{"type":"Feature","properties":{"idx":63,"road":NaN,"cls":"tertiary_link","shops":0,"st_km":1.29,"mesh":"53395539"},"geometry":{"type":"LineString","coordinates":[[139.74678,35.77777],[139.74664,35.77785]]}},{"type":"Feature","properties":{"idx":59,"road":NaN,"cls":"tertiary_link","shops":0,"st_km":1.38,"mesh":"53395539"},"geometry":{"type":"LineString","coordinates":[[139.74875,35.77659],[139.74768,35.77717],[139.74678,35.77777]]}},{"type":"Feature","properties":{"idx":289,"road":NaN,"cls":"tertiary","shops":4,"st_km":0.22,"mesh":"53395510"},"geometry":{"type":"LineString","coordinates":[[139.62748,35.75967],[139.62748,35.76005]]}},{"type":"Feature","properties":{"idx":466,"road":NaN,"cls":"pedestrian","shops":5,"st_km":0.22,"mesh":"53395510"},"geometry":{"type":"LineString","coordinates":[[139.62935,35.76063],[139.62941,35.76059],[139.62941,35.76017]]}},{"type":"Feature","properties":{"idx":279,"road":NaN,"cls":"pedestrian","shops":2,"st_km":0.17,"mesh":"53395510"},"geometry":{"type":"LineString","coordinates":[[139.63002,35.76006],[139.63002,35.75967]]}},{"type":"Feature","properties":{"idx":200,"road":NaN,"cls":"pedestrian","shops":1,"st_km":0.22,"mesh":"53395510"},"geometry":{"type":"LineString","coordinates":[[139.62992,35.7604],[139.62992,35.76026]]}},{"type":"Feature","properties":{"idx":578,"road":NaN,"cls":"pedestrian","shops":6,"st_km":0.14,"mesh":"53395510"},"geometry":{"type":"LineString","coordinates":[[139.62926,35.7597],[139.62966,35.7597]]}},{"type":"Feature","properties":{"idx":563,"road":NaN,"cls":"pedestrian","shops":6,"st_km":0.16,"mesh":"53395510"},"geometry":{"type":"LineString","coordinates":[[139.6294,35.7597],[139.6294,35.75982],[139.62944,35.75982],[139.62941,35.76017]]}},{"type":"Feature","properties":{"idx":192,"road":NaN,"cls":"pedestrian","shops":1,"st_km":0.26,"mesh":"53395510"},"geometry":{"type":"LineString","coordinates":[[139.6297,35.76074],[139.62978,35.76074]]}},{"type":"Feature","properties":{"idx":330,"road":NaN,"cls":"pedestrian","shops":3,"st_km":0.22,"mesh":"53395510"},"geometry":{"type":"LineString","coordinates":[[139.6297,35.76044],[139.62978,35.76044]]}},{"type":"Feature","properties":{"idx":74,"road":NaN,"cls":"pedestrian","shops":0,"st_km":0.83,"mesh":"53395510"},"geometry":{"type":"LineString","coordinates":[[139.62996,35.76639],[139.62996,35.76547]]}},{"type":"Feature","properties":{"idx":948,"road":NaN,"cls":"tertiary","shops":2,"st_km":0.59,"mesh":"53395574"},"geometry":{"type":"LineString","coordinates":[[139.68665,35.80812],[139.68376,35.80852],[139.68303,35.80847]]}},{"type":"Feature","properties":{"idx":339,"road":"オリンピック通り","cls":"primary","shops":1,"st_km":0.92,"mesh":"53395565"},"geometry":{"type":"LineString","coordinates":[[139.68761,35.80621],[139.6892,35.80627]]}},{"type":"Feature","properties":{"idx":153,"road":NaN,"cls":"tertiary","shops":0,"st_km":1.14,"mesh":"53395565"},"geometry":{"type":"LineString","coordinates":[[139.69233,35.80709],[139.69096,35.80744],[139.68946,35.80774]]}},{"type":"Feature","properties":{"idx":1068,"road":"光が丘東大通り","cls":"tertiary","shops":3,"st_km":0.56,"mesh":"53395500"},"geometry":{"type":"LineString","coordinates":[[139.63139,35.75385],[139.63128,35.75367]]}},{"type":"Feature","properties":{"idx":186,"road":NaN,"cls":"tertiary","shops":0,"st_km":1.62,"mesh":"53395562"},"geometry":{"type":"LineString","coordinates":[[139.65435,35.80474],[139.65426,35.80498]]}},{"type":"Feature","properties":{"idx":201,"road":NaN,"cls":"tertiary","shops":0,"st_km":0.75,"mesh":"53395564"},"geometry":{"type":"LineString","coordinates":[[139.68143,35.80102],[139.67921,35.80104],[139.67707,35.8012]]}},{"type":"Feature","properties":{"idx":234,"road":"放射第35号線（環状八号線（支線））","cls":"primary","shops":0,"st_km":0.71,"mesh":"53395512"},"geometry":{"type":"LineString","coordinates":[[139.65212,35.76104],[139.65247,35.7616],[139.65355,35.76372],[139.65364,35.76402],[139.65367,35.76427],[139.65363,35.76466],[139.65294,35.76709]]}},{"type":"Feature","properties":{"idx":368,"road":"福地蔵尊通り","cls":"tertiary","shops":0,"st_km":0.57,"mesh":"53395505"},"geometry":{"type":"LineString","coordinates":[[139.6969,35.74912],[139.69719,35.75002],[139.69811,35.75367]]}},{"type":"Feature","properties":{"idx":707,"road":NaN,"cls":"primary_link","shops":4,"st_km":0.68,"mesh":"53395519"},"geometry":{"type":"LineString","coordinates":[[139.73787,35.75865],[139.73749,35.75899],[139.73743,35.75914]]}},{"type":"Feature","properties":{"idx":106,"road":NaN,"cls":"pedestrian","shops":0,"st_km":0.51,"mesh":"53395537"},"geometry":{"type":"LineString","coordinates":[[139.71615,35.77892],[139.7152,35.77821]]}},{"type":"Feature","properties":{"idx":248,"road":NaN,"cls":"pedestrian","shops":3,"st_km":0.58,"mesh":"53395537"},"geometry":{"type":"LineString","coordinates":[[139.7152,35.77821],[139.71503,35.77811],[139.71483,35.77788],[139.71459,35.77779],[139.71436,35.77757]]}},{"type":"Feature","properties":{"idx":135,"road":NaN,"cls":"pedestrian","shops":1,"st_km":0.68,"mesh":"53395537"},"geometry":{"type":"LineString","coordinates":[[139.71436,35.77757],[139.71347,35.777],[139.71312,35.77669]]}},{"type":"Feature","properties":{"idx":124,"road":NaN,"cls":"pedestrian","shops":1,"st_km":0.78,"mesh":"53395537"},"geometry":{"type":"LineString","coordinates":[[139.71245,35.77586],[139.71259,35.77595],[139.71286,35.77603],[139.71312,35.77628]]}},{"type":"Feature","properties":{"idx":137,"road":NaN,"cls":"pedestrian","shops":1,"st_km":0.67,"mesh":"53395537"},"geometry":{"type":"LineString","coordinates":[[139.71358,35.77666],[139.71382,35.77673],[139.71419,35.77709]]}},{"type":"Feature","properties":{"idx":1009,"road":"池袋谷原線","cls":"secondary","shops":0,"st_km":0.33,"mesh":"53395503"},"geometry":{"type":"LineString","coordinates":[[139.65947,35.75414],[139.66404,35.75047],[139.66451,35.75015],[139.66636,35.74933]]}},{"type":"Feature","properties":{"idx":284,"road":"美女木東地下道","cls":"tertiary","shops":0,"st_km":1.16,"mesh":"53395591"},"geometry":{"type":"LineString","coordinates":[[139.64841,35.82635],[139.64887,35.82579]]}},{"type":"Feature","properties":{"idx":428,"road":"赤羽西台線","cls":"secondary","shops":0,"st_km":0.09,"mesh":"53395546"},"geometry":{"type":"LineString","coordinates":[[139.70466,35.78791],[139.70554,35.78731]]}},{"type":"Feature","properties":{"idx":274,"road":"中十条赤羽線","cls":"secondary","shops":3,"st_km":0.28,"mesh":"53395537"},"geometry":{"type":"LineString","coordinates":[[139.72033,35.7761],[139.72074,35.77514],[139.72109,35.77411]]}},{"type":"Feature","properties":{"idx":694,"road":"中十条赤羽線","cls":"secondary","shops":3,"st_km":0.41,"mesh":"53395527"},"geometry":{"type":"LineString","coordinates":[[139.72109,35.77411],[139.72117,35.77368]]}},{"type":"Feature","properties":{"idx":127,"road":NaN,"cls":"secondary_link","shops":0,"st_km":0.66,"mesh":"53395518"},"geometry":{"type":"LineString","coordinates":[[139.73301,35.75954],[139.73555,35.75932]]}},{"type":"Feature","properties":{"idx":2522,"road":"赤塚中央通り","cls":"tertiary","shops":13,"st_km":0.14,"mesh":"53395521"},"geometry":{"type":"LineString","coordinates":[[139.64621,35.7722],[139.64579,35.77142],[139.64561,35.77074]]}},{"type":"Feature","properties":{"idx":283,"road":"赤塚中央通り","cls":"tertiary","shops":0,"st_km":0.31,"mesh":"53395521"},"geometry":{"type":"LineString","coordinates":[[139.64659,35.77372],[139.64635,35.77253],[139.64621,35.7722]]}},{"type":"Feature","properties":{"idx":677,"road":"尾長橋トンネル","cls":"primary_link","shops":11,"st_km":0.58,"mesh":"53395509"},"geometry":{"type":"LineString","coordinates":[[139.74074,35.75652],[139.7379,35.75865],[139.73761,35.75907],[139.73753,35.75969]]}},{"type":"Feature","properties":{"idx":141,"road":NaN,"cls":"tertiary","shops":0,"st_km":0.27,"mesh":"53395509"},"geometry":{"type":"LineString","coordinates":[[139.74356,35.75493],[139.74306,35.75499],[139.74298,35.75493],[139.74259,35.75428],[139.74245,35.75396],[139.74184,35.75321],[139.74175,35.75299],[139.74161,35.75284],[139.74065,35.75236],[139.73961,35.75192]]}},{"type":"Feature","properties":{"idx":219,"road":"明治通り","cls":"primary","shops":1,"st_km":0.47,"mesh":"53395509"},"geometry":{"type":"LineString","coordinates":[[139.74282,35.75495],[139.74257,35.75514]]}},{"type":"Feature","properties":{"idx":145,"road":"明治通り","cls":"primary","shops":0,"st_km":0.48,"mesh":"53395509"},"geometry":{"type":"LineString","coordinates":[[139.7426,35.75522],[139.74283,35.75504]]}},{"type":"Feature","properties":{"idx":176,"road":NaN,"cls":"pedestrian","shops":0,"st_km":0.99,"mesh":"53395520"},"geometry":{"type":"LineString","coordinates":[[139.62535,35.76689],[139.62577,35.76686]]}},{"type":"Feature","properties":{"idx":232,"road":NaN,"cls":"tertiary","shops":0,"st_km":0.77,"mesh":"53395530"},"geometry":{"type":"LineString","coordinates":[[139.62603,35.7822],[139.62584,35.78233]]}},{"type":"Feature","properties":{"idx":533,"road":"浮間中央通り","cls":"tertiary","shops":1,"st_km":0.83,"mesh":"53395545"},"geometry":{"type":"LineString","coordinates":[[139.69671,35.78442],[139.69669,35.78283]]}},{"type":"Feature","properties":{"idx":190,"road":"池袋谷原線","cls":"secondary","shops":0,"st_km":0.41,"mesh":"53395502"},"geometry":{"type":"LineString","coordinates":[[139.65705,35.75594],[139.6576,35.75561],[139.65883,35.75465]]}},{"type":"Feature","properties":{"idx":714,"road":NaN,"cls":"tertiary","shops":1,"st_km":0.66,"mesh":"53395578"},"geometry":{"type":"LineString","coordinates":[[139.72866,35.81578],[139.72891,35.81591]]}},{"type":"Feature","properties":{"idx":317,"road":NaN,"cls":"tertiary","shops":0,"st_km":1.15,"mesh":"53395577"},"geometry":{"type":"LineString","coordinates":[[139.70966,35.81303],[139.71063,35.81313],[139.71165,35.81303],[139.71285,35.813],[139.71522,35.81321],[139.71709,35.81364],[139.72408,35.8146]]}},{"type":"Feature","properties":{"idx":600,"road":NaN,"cls":"tertiary","shops":2,"st_km":0.19,"mesh":"53395508"},"geometry":{"type":"LineString","coordinates":[[139.73603,35.75192],[139.73622,35.75214]]}},{"type":"Feature","properties":{"idx":480,"road":"蕨桜町線","cls":"secondary","shops":2,"st_km":1.7,"mesh":"53395596"},"geometry":{"type":"LineString","coordinates":[[139.70699,35.8319],[139.70858,35.83209],[139.71009,35.83252]]}},{"type":"Feature","properties":{"idx":275,"road":"蕨桜町線","cls":"secondary","shops":0,"st_km":1.48,"mesh":"53395596"},"geometry":{"type":"LineString","coordinates":[[139.70601,35.83178],[139.70611,35.8318]]}},{"type":"Feature","properties":{"idx":299,"road":"放射第35号線（池袋谷原線）","cls":"secondary","shops":0,"st_km":0.35,"mesh":"53395512"},"geometry":{"type":"LineString","coordinates":[[139.65222,35.75925],[139.65206,35.75955],[139.65195,35.76004],[139.65198,35.76042],[139.65212,35.76084]]}},{"type":"Feature","properties":{"idx":540,"road":"平和台トンネル","cls":"secondary","shops":1,"st_km":0.17,"mesh":"53395512"},"geometry":{"type":"LineString","coordinates":[[139.65382,35.75803],[139.65291,35.75859],[139.65243,35.75901],[139.65222,35.75925]]}},{"type":"Feature","properties":{"idx":409,"road":"放射第35号線（環状八号線（支線））","cls":"primary_link","shops":1,"st_km":0.19,"mesh":"53395512"},"geometry":{"type":"LineString","coordinates":[[139.65311,35.75827],[139.65258,35.7587],[139.65223,35.75909]]}},{"type":"Feature","properties":{"idx":234,"road":"放射第35号線（環状八号線（支線））","cls":"primary_link","shops":0,"st_km":0.34,"mesh":"53395512"},"geometry":{"type":"LineString","coordinates":[[139.65235,35.7609],[139.65221,35.76052],[139.65215,35.76014],[139.6522,35.75976],[139.65241,35.75932]]}},{"type":"Feature","properties":{"idx":255,"road":NaN,"cls":"primary_link","shops":0,"st_km":0.26,"mesh":"53395512"},"geometry":{"type":"LineString","coordinates":[[139.65241,35.75932],[139.6524,35.75926],[139.65229,35.75921],[139.65214,35.75921]]}},{"type":"Feature","properties":{"idx":342,"road":NaN,"cls":"tertiary","shops":0,"st_km":1.59,"mesh":"53395581"},"geometry":{"type":"LineString","coordinates":[[139.64373,35.82118],[139.64613,35.82257]]}},{"type":"Feature","properties":{"idx":193,"road":NaN,"cls":"tertiary","shops":0,"st_km":1.77,"mesh":"53395591"},"geometry":{"type":"LineString","coordinates":[[139.64063,35.82538],[139.64308,35.8268]]}},{"type":"Feature","properties":{"idx":239,"road":"旧中山道","cls":"tertiary","shops":0,"st_km":1.21,"mesh":"53395594"},"geometry":{"type":"LineString","coordinates":[[139.67531,35.82824],[139.67605,35.82805],[139.67647,35.82782],[139.67735,35.82681],[139.67842,35.82546]]}},{"type":"Feature","properties":{"idx":376,"road":"朝霞蕨線","cls":"primary","shops":0,"st_km":0.73,"mesh":"53395593"},"geometry":{"type":"LineString","coordinates":[[139.66865,35.83114],[139.66775,35.83044],[139.66717,35.83012]]}},{"type":"Feature","properties":{"idx":263,"road":"旧中山道","cls":"tertiary","shops":0,"st_km":0.88,"mesh":"53395593"},"geometry":{"type":"LineString","coordinates":[[139.66778,35.8328],[139.66774,35.83283]]}},{"type":"Feature","properties":{"idx":272,"road":"旧中山道","cls":"tertiary","shops":0,"st_km":0.84,"mesh":"53395593"},"geometry":{"type":"LineString","coordinates":[[139.66849,35.8313],[139.66829,35.83152],[139.66796,35.83252],[139.66778,35.8328]]}},{"type":"Feature","properties":{"idx":256,"road":"下前公団通り","cls":"tertiary","shops":0,"st_km":0.49,"mesh":"53395564"},"geometry":{"type":"LineString","coordinates":[[139.6839,35.80749],[139.6837,35.80852]]}},{"type":"Feature","properties":{"idx":187,"road":"東部センター通り","cls":"tertiary","shops":0,"st_km":0.83,"mesh":"53395564"},"geometry":{"type":"LineString","coordinates":[[139.68636,35.80433],[139.68646,35.80389]]}},{"type":"Feature","properties":{"idx":180,"road":"東部センター通り","cls":"tertiary","shops":0,"st_km":0.88,"mesh":"53395564"},"geometry":{"type":"LineString","coordinates":[[139.68654,35.8035],[139.68653,35.80353]]}},{"type":"Feature","properties":{"idx":461,"road":"オリンピック通り","cls":"primary","shops":1,"st_km":0.54,"mesh":"53395564"},"geometry":{"type":"LineString","coordinates":[[139.68353,35.8059],[139.68417,35.80599]]}},{"type":"Feature","properties":{"idx":884,"road":"下前公団通り","cls":"tertiary","shops":2,"st_km":0.67,"mesh":"53395574"},"geometry":{"type":"LineString","coordinates":[[139.68335,35.81216],[139.6833,35.81222]]}},{"type":"Feature","properties":{"idx":350,"road":NaN,"cls":"tertiary","shops":0,"st_km":0.13,"mesh":"53395592"},"geometry":{"type":"LineString","coordinates":[[139.66117,35.82789],[139.66238,35.82782]]}},{"type":"Feature","properties":{"idx":236,"road":"放射第35号線（環状八号線（支線））","cls":"primary","shops":0,"st_km":0.71,"mesh":"53395512"},"geometry":{"type":"LineString","coordinates":[[139.65306,35.76706],[139.65343,35.7657],[139.6538,35.7647],[139.65379,35.76421],[139.65368,35.7637],[139.65277,35.76187],[139.65235,35.7609]]}},{"type":"Feature","properties":{"idx":184,"road":NaN,"cls":"tertiary_link","shops":0,"st_km":0.25,"mesh":"53395512"},"geometry":{"type":"LineString","coordinates":[[139.65223,35.75909],[139.65249,35.75919]]}},{"type":"Feature","properties":{"idx":287,"road":NaN,"cls":"tertiary","shops":0,"st_km":0.27,"mesh":"53395512"},"geometry":{"type":"LineString","coordinates":[[139.65223,35.75909],[139.65202,35.75911],[139.6518,35.75928]]}},{"type":"Feature","properties":{"idx":254,"road":NaN,"cls":"primary_link","shops":0,"st_km":0.26,"mesh":"53395512"},"geometry":{"type":"LineString","coordinates":[[139.65223,35.75909],[139.65214,35.75921]]}},{"type":"Feature","properties":{"idx":256,"road":NaN,"cls":"primary_link","shops":0,"st_km":0.25,"mesh":"53395512"},"geometry":{"type":"LineString","coordinates":[[139.65241,35.75932],[139.65249,35.75919]]}},{"type":"Feature","properties":{"idx":230,"road":"放射第35号線（環状八号線（支線））","cls":"primary_link","shops":0,"st_km":0.36,"mesh":"53395512"},"geometry":{"type":"LineString","coordinates":[[139.65214,35.75921],[139.65195,35.75956],[139.65185,35.76009],[139.65191,35.76051],[139.65212,35.76104]]}},{"type":"Feature","properties":{"idx":187,"road":"環七通り","cls":"primary","shops":1,"st_km":1.3,"mesh":"53395539"},"geometry":{"type":"LineString","coordinates":[[139.74667,35.77796],[139.74719,35.77831]]}},{"type":"Feature","properties":{"idx":143,"road":"環七通り","cls":"primary","shops":0,"st_km":1.11,"mesh":"53395539"},"geometry":{"type":"LineString","coordinates":[[139.7466,35.77783],[139.74275,35.77521]]}},{"type":"Feature","properties":{"idx":127,"road":"環七通り","cls":"primary","shops":0,"st_km":1.27,"mesh":"53395539"},"geometry":{"type":"LineString","coordinates":[[139.74655,35.77788],[139.74658,35.7779]]}},{"type":"Feature","properties":{"idx":186,"road":"環七通り","cls":"primary","shops":1,"st_km":1.31,"mesh":"53395539"},"geometry":{"type":"LineString","coordinates":[[139.74725,35.77826],[139.74672,35.77791]]}},{"type":"Feature","properties":{"idx":119,"road":"環七通り","cls":"primary","shops":0,"st_km":1.38,"mesh":"53395539"},"geometry":{"type":"LineString","coordinates":[[139.74719,35.77831],[139.74775,35.7786],[139.7483,35.77872]]}},{"type":"Feature","properties":{"idx":158,"road":"環七通り","cls":"primary","shops":0,"st_km":0.98,"mesh":"53395539"},"geometry":{"type":"LineString","coordinates":[[139.74275,35.77521],[139.7427,35.77517]]}},{"type":"Feature","properties":{"idx":215,"road":"環七通り","cls":"primary","shops":1,"st_km":0.95,"mesh":"53395529"},"geometry":{"type":"LineString","coordinates":[[139.7427,35.77517],[139.74176,35.77452]]}},{"type":"Feature","properties":{"idx":159,"road":"環七通り","cls":"primary","shops":0,"st_km":0.97,"mesh":"53395539"},"geometry":{"type":"LineString","coordinates":[[139.74264,35.77521],[139.7427,35.77525]]}},{"type":"Feature","properties":{"idx":143,"road":"環七通り","cls":"primary","shops":0,"st_km":1.11,"mesh":"53395539"},"geometry":{"type":"LineString","coordinates":[[139.7427,35.77525],[139.74655,35.77788]]}},{"type":"Feature","properties":{"idx":216,"road":"環七通り","cls":"primary","shops":1,"st_km":0.94,"mesh":"53395529"},"geometry":{"type":"LineString","coordinates":[[139.74171,35.77457],[139.74264,35.77521]]}},{"type":"Feature","properties":{"idx":222,"road":"環七通り","cls":"primary","shops":1,"st_km":0.91,"mesh":"53395529"},"geometry":{"type":"LineString","coordinates":[[139.74176,35.77452],[139.74116,35.77411]]}},{"type":"Feature","properties":{"idx":258,"road":NaN,"cls":"tertiary","shops":3,"st_km":0.5,"mesh":"53395501"},"geometry":{"type":"LineString","coordinates":[[139.6497,35.75455],[139.64942,35.75561],[139.64939,35.75592],[139.64927,35.75624]]}},{"type":"Feature","properties":{"idx":585,"road":"赤塚体育館通り","cls":"tertiary","shops":1,"st_km":0.67,"mesh":"53395531"},"geometry":{"type":"LineString","coordinates":[[139.63804,35.78239],[139.63798,35.78165]]}},{"type":"Feature","properties":{"idx":146,"road":NaN,"cls":"tertiary","shops":1,"st_km":0.56,"mesh":"53395501"},"geometry":{"type":"LineString","coordinates":[[139.64995,35.75362],[139.6497,35.75455]]}},{"type":"Feature","properties":{"idx":138,"road":NaN,"cls":"tertiary","shops":0,"st_km":0.62,"mesh":"53395502"},"geometry":{"type":"LineString","coordinates":[[139.65,35.7527],[139.65003,35.75283],[139.64995,35.75362]]}},{"type":"Feature","properties":{"idx":742,"road":NaN,"cls":"primary_link","shops":2,"st_km":0.57,"mesh":"53395513"},"geometry":{"type":"LineString","coordinates":[[139.664,35.76371],[139.66417,35.76369],[139.66419,35.76362],[139.66415,35.76356]]}},{"type":"Feature","properties":{"idx":394,"road":"北町豊玉線","cls":"secondary","shops":2,"st_km":0.38,"mesh":"53395502"},"geometry":{"type":"LineString","coordinates":[[139.65058,35.757],[139.65023,35.75819],[139.6498,35.7588],[139.64955,35.75942]]}},{"type":"Feature","properties":{"idx":319,"road":"北町豊玉線","cls":"secondary","shops":1,"st_km":0.3,"mesh":"53395502"},"geometry":{"type":"LineString","coordinates":[[139.65308,35.7538],[139.65208,35.75547],[139.65148,35.75615],[139.65067,35.75682],[139.65058,35.757]]}},{"type":"Feature","properties":{"idx":187,"road":"北町豊玉線","cls":"secondary","shops":0,"st_km":0.43,"mesh":"53395502"},"geometry":{"type":"LineString","coordinates":[[139.65359,35.7537],[139.65308,35.7538]]}},{"type":"Feature","properties":{"idx":264,"road":"環八通り","cls":"primary","shops":1,"st_km":0.16,"mesh":"53395501"},"geometry":{"type":"LineString","coordinates":[[139.63884,35.75061],[139.63945,35.75094]]}},{"type":"Feature","properties":{"idx":158,"road":"環八通り","cls":"primary","shops":0,"st_km":0.26,"mesh":"53395501"},"geometry":{"type":"LineString","coordinates":[[139.63846,35.75034],[139.63795,35.75007]]}},{"type":"Feature","properties":{"idx":166,"road":"環八通り","cls":"primary","shops":0,"st_km":0.21,"mesh":"53395501"},"geometry":{"type":"LineString","coordinates":[[139.63842,35.75039],[139.63884,35.75061]]}},{"type":"Feature","properties":{"idx":264,"road":"環八通り","cls":"primary","shops":1,"st_km":0.16,"mesh":"53395501"},"geometry":{"type":"LineString","coordinates":[[139.63948,35.7509],[139.63887,35.75056]]}},{"type":"Feature","properties":{"idx":158,"road":"環八通り","cls":"primary","shops":0,"st_km":0.27,"mesh":"53395501"},"geometry":{"type":"LineString","coordinates":[[139.63791,35.75012],[139.63842,35.75039]]}},{"type":"Feature","properties":{"idx":224,"road":"環八通り","cls":"primary","shops":2,"st_km":0.62,"mesh":"53395501"},"geometry":{"type":"LineString","coordinates":[[139.64644,35.75464],[139.64618,35.75451]]}},{"type":"Feature","properties":{"idx":267,"road":"環八通り","cls":"primary","shops":3,"st_km":0.67,"mesh":"53395501"},"geometry":{"type":"LineString","coordinates":[[139.64638,35.7547],[139.64711,35.75511]]}},{"type":"Feature","properties":{"idx":363,"road":"環八通り","cls":"primary","shops":3,"st_km":0.35,"mesh":"53395501"},"geometry":{"type":"LineString","coordinates":[[139.6441,35.75339],[139.64356,35.7531]]}},{"type":"Feature","properties":{"idx":403,"road":"環八通り","cls":"primary","shops":4,"st_km":0.43,"mesh":"53395501"},"geometry":{"type":"LineString","coordinates":[[139.64405,35.75344],[139.64498,35.75394]]}},{"type":"Feature","properties":{"idx":151,"road":"環八通り","cls":"primary","shops":0,"st_km":0.31,"mesh":"53395501"},"geometry":{"type":"LineString","coordinates":[[139.64356,35.7531],[139.64342,35.75302]]}},{"type":"Feature","properties":{"idx":363,"road":"環八通り","cls":"primary","shops":3,"st_km":0.35,"mesh":"53395501"},"geometry":{"type":"LineString","coordinates":[[139.64352,35.75315],[139.64405,35.75344]]}},{"type":"Feature","properties":{"idx":491,"road":"環八通り","cls":"primary","shops":4,"st_km":0.23,"mesh":"53395501"},"geometry":{"type":"LineString","coordinates":[[139.64342,35.75302],[139.64206,35.75228]]}},{"type":"Feature","properties":{"idx":151,"road":"環八通り","cls":"primary","shops":0,"st_km":0.31,"mesh":"53395501"},"geometry":{"type":"LineString","coordinates":[[139.64337,35.75307],[139.64352,35.75315]]}},{"type":"Feature","properties":{"idx":269,"road":"環八通り","cls":"primary","shops":1,"st_km":0.14,"mesh":"53395501"},"geometry":{"type":"LineString","coordinates":[[139.64206,35.75228],[139.6418,35.75214]]}},{"type":"Feature","properties":{"idx":491,"road":"環八通り","cls":"primary","shops":4,"st_km":0.23,"mesh":"53395501"},"geometry":{"type":"LineString","coordinates":[[139.64201,35.75233],[139.64337,35.75307]]}},{"type":"Feature","properties":{"idx":388,"road":"環八通り","cls":"primary","shops":2,"st_km":0.07,"mesh":"53395501"},"geometry":{"type":"LineString","coordinates":[[139.6418,35.75214],[139.64063,35.75152]]}},{"type":"Feature","properties":{"idx":268,"road":"環八通り","cls":"primary","shops":1,"st_km":0.14,"mesh":"53395501"},"geometry":{"type":"LineString","coordinates":[[139.64176,35.7522],[139.64201,35.75233]]}},{"type":"Feature","properties":{"idx":388,"road":"環八通り","cls":"primary","shops":2,"st_km":0.07,"mesh":"53395501"},"geometry":{"type":"LineString","coordinates":[[139.64063,35.75152],[139.63948,35.7509]]}},{"type":"Feature","properties":{"idx":290,"road":"環八通り","cls":"primary","shops":1,"st_km":0.07,"mesh":"53395501"},"geometry":{"type":"LineString","coordinates":[[139.64059,35.75157],[139.64176,35.7522]]}},{"type":"Feature","properties":{"idx":1445,"road":"旧川越街道","cls":"tertiary","shops":9,"st_km":0.39,"mesh":"53395521"},"geometry":{"type":"LineString","coordinates":[[139.64835,35.76848],[139.64827,35.76836]]}},{"type":"Feature","properties":{"idx":1701,"road":"旧川越街道","cls":"tertiary","shops":11,"st_km":0.39,"mesh":"53395521"},"geometry":{"type":"LineString","coordinates":[[139.64827,35.76836],[139.64823,35.76828]]}},{"type":"Feature","properties":{"idx":251,"road":NaN,"cls":"tertiary","shops":0,"st_km":1.15,"mesh":"53395563"},"geometry":{"type":"LineString","coordinates":[[139.66543,35.80675],[139.66564,35.80874]]}},{"type":"Feature","properties":{"idx":251,"road":"下町橋","cls":"tertiary","shops":0,"st_km":1.17,"mesh":"53395563"},"geometry":{"type":"LineString","coordinates":[[139.66542,35.80667],[139.66543,35.80675]]}},{"type":"Feature","properties":{"idx":282,"road":NaN,"cls":"tertiary","shops":0,"st_km":1.02,"mesh":"53395563"},"geometry":{"type":"LineString","coordinates":[[139.66713,35.80653],[139.66713,35.80651]]}},{"type":"Feature","properties":{"idx":282,"road":"金森橋","cls":"tertiary","shops":0,"st_km":1.02,"mesh":"53395563"},"geometry":{"type":"LineString","coordinates":[[139.66713,35.80659],[139.66713,35.80653]]}},{"type":"Feature","properties":{"idx":550,"road":"新曽小通り","cls":"tertiary","shops":1,"st_km":1.04,"mesh":"53395573"},"geometry":{"type":"LineString","coordinates":[[139.67028,35.80899],[139.66922,35.80845],[139.66564,35.80874],[139.66412,35.80948],[139.66288,35.8096],[139.66253,35.80974],[139.66233,35.8099],[139.66105,35.81152],[139.66089,35.81158]]}},{"type":"Feature","properties":{"idx":481,"road":"本村橋","cls":"tertiary","shops":0,"st_km":0.74,"mesh":"53395573"},"geometry":{"type":"LineString","coordinates":[[139.67038,35.80904],[139.67028,35.80899]]}},{"type":"Feature","properties":{"idx":280,"road":"竜作橋","cls":"tertiary","shops":0,"st_km":0.4,"mesh":"53395564"},"geometry":{"type":"LineString","coordinates":[[139.68144,35.80479],[139.6815,35.80508],[139.68141,35.8056]]}},{"type":"Feature","properties":{"idx":270,"road":"竜作橋","cls":"tertiary","shops":0,"st_km":0.44,"mesh":"53395564"},"geometry":{"type":"LineString","coordinates":[[139.68133,35.80455],[139.68144,35.80479]]}},{"type":"Feature","properties":{"idx":254,"road":"戸田中通り","cls":"tertiary","shops":0,"st_km":0.5,"mesh":"53395564"},"geometry":{"type":"LineString","coordinates":[[139.6818,35.80411],[139.68136,35.80406]]}},{"type":"Feature","properties":{"idx":249,"road":"羽黒橋","cls":"tertiary","shops":0,"st_km":0.52,"mesh":"53395564"},"geometry":{"type":"LineString","coordinates":[[139.68218,35.80415],[139.6818,35.80411]]}},{"type":"Feature","properties":{"idx":132,"road":NaN,"cls":"tertiary","shops":0,"st_km":2.24,"mesh":"53395571"},"geometry":{"type":"LineString","coordinates":[[139.64187,35.81398],[139.64186,35.81391],[139.64221,35.81365],[139.64294,35.81325],[139.64348,35.81288],[139.64391,35.81247],[139.64408,35.81214],[139.64541,35.81122],[139.64658,35.81017]]}},{"type":"Feature","properties":{"idx":134,"road":NaN,"cls":"tertiary","shops":0,"st_km":2.26,"mesh":"53395571"},"geometry":{"type":"LineString","coordinates":[[139.64194,35.81403],[139.64187,35.81398]]}},{"type":"Feature","properties":{"idx":195,"road":NaN,"cls":"tertiary","shops":0,"st_km":0.55,"mesh":"53395598"},"geometry":{"type":"LineString","coordinates":[[139.73031,35.82954],[139.73013,35.83031],[139.72969,35.83111]]}},{"type":"Feature","properties":{"idx":168,"road":NaN,"cls":"tertiary","shops":0,"st_km":0.71,"mesh":"53395598"},"geometry":{"type":"LineString","coordinates":[[139.73017,35.83164],[139.72949,35.83205],[139.72924,35.83227],[139.72851,35.83306],[139.72707,35.83403]]}},{"type":"Feature","properties":{"idx":280,"road":NaN,"cls":"tertiary","shops":0,"st_km":1.28,"mesh":"53395596"},"geometry":{"type":"LineString","coordinates":[[139.70621,35.82677],[139.71006,35.8262],[139.71225,35.82616]]}},{"type":"Feature","properties":{"idx":283,"road":"中田橋","cls":"tertiary","shops":0,"st_km":1.26,"mesh":"53395596"},"geometry":{"type":"LineString","coordinates":[[139.70611,35.82678],[139.70621,35.82677]]}},{"type":"Feature","properties":{"idx":534,"road":"産業道路","cls":"primary","shops":1,"st_km":1.25,"mesh":"53395596"},"geometry":{"type":"LineString","coordinates":[[139.70517,35.82789],[139.70409,35.82935],[139.70318,35.83046]]}},{"type":"Feature","properties":{"idx":373,"road":"産業道路","cls":"primary","shops":0,"st_km":1.19,"mesh":"53395596"},"geometry":{"type":"LineString","coordinates":[[139.706,35.82608],[139.70596,35.82621]]}},{"type":"Feature","properties":{"idx":181,"road":"塚越公園通り","cls":"tertiary","shops":0,"st_km":1.01,"mesh":"53395586"},"geometry":{"type":"LineString","coordinates":[[139.70562,35.82454],[139.70665,35.82441]]}},{"type":"Feature","properties":{"idx":272,"road":NaN,"cls":"tertiary","shops":1,"st_km":1.01,"mesh":"53395586"},"geometry":{"type":"LineString","coordinates":[[139.70556,35.82455],[139.70562,35.82454]]}},{"type":"Feature","properties":{"idx":243,"road":NaN,"cls":"tertiary","shops":0,"st_km":0.67,"mesh":"53395586"},"geometry":{"type":"LineString","coordinates":[[139.70405,35.82111],[139.70408,35.82202]]}},{"type":"Feature","properties":{"idx":255,"road":"緑橋","cls":"tertiary","shops":0,"st_km":0.62,"mesh":"53395586"},"geometry":{"type":"LineString","coordinates":[[139.70405,35.82105],[139.70405,35.82111]]}},{"type":"Feature","properties":{"idx":333,"road":NaN,"cls":"tertiary","shops":0,"st_km":1.05,"mesh":"53395596"},"geometry":{"type":"LineString","coordinates":[[139.70334,35.82112],[139.70324,35.822],[139.70165,35.82451],[139.70158,35.82506],[139.70179,35.82614],[139.7017,35.82738],[139.70118,35.83087]]}},{"type":"Feature","properties":{"idx":380,"road":"ひこばえ橋","cls":"tertiary","shops":1,"st_km":0.63,"mesh":"53395586"},"geometry":{"type":"LineString","coordinates":[[139.70334,35.82106],[139.70334,35.82112]]}},{"type":"Feature","properties":{"idx":288,"road":"塚越大通り","cls":"tertiary","shops":0,"st_km":0.49,"mesh":"53395586"},"geometry":{"type":"LineString","coordinates":[[139.70162,35.82016],[139.70276,35.81906]]}},{"type":"Feature","properties":{"idx":266,"road":"塚越大通り","cls":"tertiary","shops":0,"st_km":0.58,"mesh":"53395586"},"geometry":{"type":"LineString","coordinates":[[139.70157,35.82021],[139.70162,35.82016]]}},{"type":"Feature","properties":{"idx":436,"road":"三和中央通り","cls":"tertiary","shops":0,"st_km":0.84,"mesh":"53395585"},"geometry":{"type":"LineString","coordinates":[[139.69957,35.81644],[139.69143,35.81894]]}},{"type":"Feature","properties":{"idx":278,"road":"丁和橋","cls":"tertiary","shops":0,"st_km":0.44,"mesh":"53395575"},"geometry":{"type":"LineString","coordinates":[[139.69968,35.81641],[139.69957,35.81644]]}},{"type":"Feature","properties":{"idx":253,"road":NaN,"cls":"tertiary","shops":0,"st_km":0.54,"mesh":"53395575"},"geometry":{"type":"LineString","coordinates":[[139.69888,35.81366],[139.69888,35.81366]]}},{"type":"Feature","properties":{"idx":254,"road":"鬼澤橋","cls":"tertiary","shops":0,"st_km":0.53,"mesh":"53395575"},"geometry":{"type":"LineString","coordinates":[[139.69902,35.81367],[139.69888,35.81366]]}},{"type":"Feature","properties":{"idx":196,"road":NaN,"cls":"tertiary","shops":0,"st_km":1.26,"mesh":"53395593"},"geometry":{"type":"LineString","coordinates":[[139.67313,35.83296],[139.67307,35.83301]]}},{"type":"Feature","properties":{"idx":242,"road":NaN,"cls":"tertiary","shops":0,"st_km":0.98,"mesh":"53395593"},"geometry":{"type":"LineString","coordinates":[[139.66949,35.83167],[139.67076,35.83249]]}},{"type":"Feature","properties":{"idx":258,"road":NaN,"cls":"tertiary","shops":0,"st_km":0.9,"mesh":"53395593"},"geometry":{"type":"LineString","coordinates":[[139.6694,35.83162],[139.66949,35.83167]]}},{"type":"Feature","properties":{"idx":82,"road":NaN,"cls":"tertiary","shops":0,"st_km":0.37,"mesh":"53395510"},"geometry":{"type":"LineString","coordinates":[[139.62748,35.76028],[139.62747,35.76257],[139.62754,35.76274]]}},{"type":"Feature","properties":{"idx":188,"road":NaN,"cls":"tertiary","shops":2,"st_km":0.25,"mesh":"53395510"},"geometry":{"type":"LineString","coordinates":[[139.62748,35.76005],[139.62748,35.76028]]}},{"type":"Feature","properties":{"idx":219,"road":"富士街道（都道池袋谷原線）","cls":"secondary","shops":1,"st_km":0.24,"mesh":"53395501"},"geometry":{"type":"LineString","coordinates":[[139.63435,35.75094],[139.63484,35.75089],[139.63517,35.75093],[139.63627,35.75123],[139.637,35.75129],[139.63895,35.75161],[139.63957,35.75188],[139.64108,35.75235],[139.64184,35.75246]]}},{"type":"Feature","properties":{"idx":1174,"road":"富士街道（都道池袋谷原線）","cls":"secondary","shops":4,"st_km":0.74,"mesh":"53395500"},"geometry":{"type":"LineString","coordinates":[[139.63091,35.75112],[139.63229,35.75108],[139.63435,35.75094]]}},{"type":"Feature","properties":{"idx":385,"road":"富士街道（都道池袋谷原線）","cls":"secondary","shops":0,"st_km":0.8,"mesh":"53395500"},"geometry":{"type":"LineString","coordinates":[[139.62554,35.75087],[139.62722,35.75124],[139.62776,35.75131],[139.62881,35.75131],[139.63091,35.75112]]}},{"type":"Feature","properties":{"idx":268,"road":"南田中町旭町線（支線2）（補助第230号線）","cls":"secondary","shops":2,"st_km":0.02,"mesh":"53395510"},"geometry":{"type":"LineString","coordinates":[[139.62935,35.75843],[139.62872,35.75843]]}},{"type":"Feature","properties":{"idx":535,"road":"南田中町旭町線（支線2）（補助第230号線）","cls":"secondary","shops":6,"st_km":0.02,"mesh":"53395510"},"geometry":{"type":"LineString","coordinates":[[139.62872,35.75863],[139.62946,35.75864]]}},{"type":"Feature","properties":{"idx":255,"road":NaN,"cls":"tertiary","shops":3,"st_km":1.14,"mesh":"53395529"},"geometry":{"type":"LineString","coordinates":[[139.74587,35.77054],[139.74677,35.77053],[139.74707,35.77066]]}},{"type":"Feature","properties":{"idx":160,"road":NaN,"cls":"tertiary","shops":1,"st_km":1.08,"mesh":"53395529"},"geometry":{"type":"LineString","coordinates":[[139.74556,35.77056],[139.74587,35.77054]]}},{"type":"Feature","properties":{"idx":721,"road":"平和台トンネル","cls":"secondary","shops":2,"st_km":0.17,"mesh":"53395512"},"geometry":{"type":"LineString","coordinates":[[139.65232,35.75928],[139.65262,35.75893],[139.65289,35.75871],[139.65386,35.75808]]}},{"type":"Feature","properties":{"idx":301,"road":"放射第35号線（池袋谷原線）","cls":"secondary","shops":0,"st_km":0.34,"mesh":"53395512"},"geometry":{"type":"LineString","coordinates":[[139.65222,35.76081],[139.65209,35.76043],[139.65206,35.75996],[139.65217,35.75956],[139.65232,35.75928]]}},{"type":"Feature","properties":{"idx":709,"road":"放射第35号線（池袋谷原線）","cls":"secondary","shops":3,"st_km":0.03,"mesh":"53395502"},"geometry":{"type":"LineString","coordinates":[[139.65386,35.75808],[139.65527,35.75727]]}},{"type":"Feature","properties":{"idx":1469,"road":"六間通り","cls":"tertiary","shops":7,"st_km":0.18,"mesh":"53395567"},"geometry":{"type":"LineString","coordinates":[[139.7192,35.80209],[139.71968,35.80218]]}},{"type":"Feature","properties":{"idx":1520,"road":"六間通り","cls":"tertiary","shops":7,"st_km":0.15,"mesh":"53395567"},"geometry":{"type":"LineString","coordinates":[[139.71898,35.80204],[139.7192,35.80209]]}},{"type":"Feature","properties":{"idx":542,"road":NaN,"cls":"tertiary","shops":1,"st_km":0.09,"mesh":"53395567"},"geometry":{"type":"LineString","coordinates":[[139.718,35.80244],[139.71816,35.8024]]}},{"type":"Feature","properties":{"idx":1148,"road":"本町大通り","cls":"primary","shops":0,"st_km":0.5,"mesh":"53395557"},"geometry":{"type":"LineString","coordinates":[[139.72419,35.79874],[139.72556,35.79787]]}},{"type":"Feature","properties":{"idx":396,"road":"中央道路","cls":"secondary","shops":1,"st_km":0.5,"mesh":"53395567"},"geometry":{"type":"LineString","coordinates":[[139.72225,35.80365],[139.7222,35.80477]]}},{"type":"Feature","properties":{"idx":480,"road":"本町大通り","cls":"primary","shops":1,"st_km":0.42,"mesh":"53395567"},"geometry":{"type":"LineString","coordinates":[[139.72061,35.80102],[139.72281,35.79962]]}},{"type":"Feature","properties":{"idx":583,"road":"練馬川口線","cls":"primary","shops":0,"st_km":0.54,"mesh":"53395566"},"geometry":{"type":"LineString","coordinates":[[139.71224,35.80411],[139.71238,35.80421]]}},{"type":"Feature","properties":{"idx":503,"road":NaN,"cls":"tertiary","shops":1,"st_km":0.53,"mesh":"53395568"},"geometry":{"type":"LineString","coordinates":[[139.73234,35.80455],[139.73185,35.80461]]}},{"type":"Feature","properties":{"idx":747,"road":"八間通り","cls":"tertiary","shops":2,"st_km":0.42,"mesh":"53395568"},"geometry":{"type":"LineString","coordinates":[[139.73211,35.80335],[139.73273,35.80332]]}},{"type":"Feature","properties":{"idx":280,"road":NaN,"cls":"tertiary","shops":0,"st_km":0.33,"mesh":"53395567"},"geometry":{"type":"LineString","coordinates":[[139.71731,35.80478],[139.7161,35.80458]]}},{"type":"Feature","properties":{"idx":481,"road":"放射第35号線（池袋谷原線）","cls":"secondary","shops":2,"st_km":0.18,"mesh":"53395502"},"geometry":{"type":"LineString","coordinates":[[139.65613,35.75654],[139.65588,35.75676]]}},{"type":"Feature","properties":{"idx":752,"road":"放射第35号線（池袋谷原線）","cls":"secondary","shops":4,"st_km":0.14,"mesh":"53395502"},"geometry":{"type":"LineString","coordinates":[[139.65527,35.75727],[139.65581,35.75693],[139.65615,35.75664]]}},{"type":"Feature","properties":{"idx":272,"road":"放射第35号線（池袋谷原線）","cls":"secondary","shops":0,"st_km":0.44,"mesh":"53395512"},"geometry":{"type":"LineString","coordinates":[[139.65212,35.76084],[139.65247,35.7616]]}},{"type":"Feature","properties":{"idx":272,"road":"放射第35号線（池袋谷原線）","cls":"secondary","shops":0,"st_km":0.44,"mesh":"53395512"},"geometry":{"type":"LineString","coordinates":[[139.6527,35.76172],[139.65222,35.76081]]}},{"type":"Feature","properties":{"idx":684,"road":NaN,"cls":"tertiary","shops":6,"st_km":0.06,"mesh":"53395576"},"geometry":{"type":"LineString","coordinates":[[139.70488,35.81581],[139.705,35.81581]]}},{"type":"Feature","properties":{"idx":554,"road":NaN,"cls":"tertiary","shops":1,"st_km":0.07,"mesh":"53395567"},"geometry":{"type":"LineString","coordinates":[[139.71651,35.8018],[139.71664,35.80202],[139.71682,35.80202],[139.71701,35.80169]]}},{"type":"Feature","properties":{"idx":795,"road":NaN,"cls":"tertiary","shops":3,"st_km":0.06,"mesh":"53395598"},"geometry":{"type":"LineString","coordinates":[[139.73565,35.8306],[139.73556,35.83059],[139.73532,35.8307]]}},{"type":"Feature","properties":{"idx":256,"road":NaN,"cls":"tertiary","shops":0,"st_km":0.52,"mesh":"53395575"},"geometry":{"type":"LineString","coordinates":[[139.69903,35.81367],[139.69902,35.81367]]}},{"type":"Feature","properties":{"idx":579,"road":NaN,"cls":"tertiary","shops":1,"st_km":0.98,"mesh":"53395585"},"geometry":{"type":"LineString","coordinates":[[139.69143,35.81894],[139.69034,35.81927]]}},{"type":"Feature","properties":{"idx":678,"road":"補助第238号線","cls":"tertiary","shops":2,"st_km":0.13,"mesh":"53395521"},"geometry":{"type":"LineString","coordinates":[[139.64706,35.77034],[139.64561,35.77074]]}},{"type":"Feature","properties":{"idx":826,"road":"練馬川口線","cls":"primary","shops":1,"st_km":0.6,"mesh":"53395566"},"geometry":{"type":"LineString","coordinates":[[139.71108,35.80454],[139.71224,35.80411]]}},{"type":"Feature","properties":{"idx":593,"road":NaN,"cls":"tertiary","shops":1,"st_km":0.71,"mesh":"53395566"},"geometry":{"type":"LineString","coordinates":[[139.71108,35.80454],[139.712,35.80748]]}},{"type":"Feature","properties":{"idx":817,"road":NaN,"cls":"tertiary","shops":0,"st_km":0.35,"mesh":"53395524"},"geometry":{"type":"LineString","coordinates":[[139.68518,35.77455],[139.68612,35.77411]]}},{"type":"Feature","properties":{"idx":1120,"road":NaN,"cls":"tertiary","shops":0,"st_km":0.56,"mesh":"53395525"},"geometry":{"type":"LineString","coordinates":[[139.69245,35.77233],[139.68809,35.77338]]}},{"type":"Feature","properties":{"idx":308,"road":NaN,"cls":"tertiary","shops":0,"st_km":0.09,"mesh":"53395598"},"geometry":{"type":"LineString","coordinates":[[139.73562,35.8319],[139.73636,35.83169],[139.73749,35.83106]]}},{"type":"Feature","properties":{"idx":305,"road":NaN,"cls":"tertiary","shops":0,"st_km":0.1,"mesh":"53395598"},"geometry":{"type":"LineString","coordinates":[[139.73749,35.83106],[139.7371,35.83063]]}},{"type":"Feature","properties":{"idx":193,"road":NaN,"cls":"tertiary","shops":0,"st_km":0.56,"mesh":"53395598"},"geometry":{"type":"LineString","coordinates":[[139.73581,35.82518],[139.7355,35.82548],[139.73529,35.82577],[139.73495,35.82648]]}},{"type":"Feature","properties":{"idx":137,"road":NaN,"cls":"tertiary","shops":0,"st_km":0.9,"mesh":"53395588"},"geometry":{"type":"LineString","coordinates":[[139.72647,35.81751],[139.72612,35.81735]]}},{"type":"Feature","properties":{"idx":464,"road":NaN,"cls":"tertiary","shops":3,"st_km":0.55,"mesh":"53395588"},"geometry":{"type":"LineString","coordinates":[[139.73429,35.81762],[139.7331,35.81775],[139.72965,35.81771],[139.72712,35.81766],[139.72677,35.81761],[139.72647,35.81751]]}},{"type":"Feature","properties":{"idx":420,"road":"オートレース通り","cls":"tertiary","shops":1,"st_km":0.73,"mesh":"53395568"},"geometry":{"type":"LineString","coordinates":[[139.7256,35.80741],[139.72599,35.8055],[139.72567,35.8042]]}},{"type":"Feature","properties":{"idx":250,"road":"市役所前通り","cls":"tertiary","shops":0,"st_km":0.86,"mesh":"53395568"},"geometry":{"type":"LineString","coordinates":[[139.72844,35.8078],[139.72916,35.80784],[139.72989,35.80761]]}},{"type":"Feature","properties":{"idx":269,"road":"環状線通り","cls":"tertiary","shops":0,"st_km":1.15,"mesh":"53395566"},"geometry":{"type":"LineString","coordinates":[[139.70233,35.80444],[139.70227,35.80614]]}},{"type":"Feature","properties":{"idx":111,"road":"西川口陸橋通り","cls":"tertiary","shops":0,"st_km":0.48,"mesh":"53395576"},"geometry":{"type":"LineString","coordinates":[[139.71112,35.81523],[139.71049,35.81513],[139.70908,35.81528],[139.7082,35.81532]]}},{"type":"Feature","properties":{"idx":550,"road":NaN,"cls":"tertiary","shops":1,"st_km":0.07,"mesh":"53395567"},"geometry":{"type":"LineString","coordinates":[[139.71685,35.80155],[139.71669,35.80152]]}},{"type":"Feature","properties":{"idx":509,"road":NaN,"cls":"tertiary","shops":1,"st_km":0.14,"mesh":"53395567"},"geometry":{"type":"LineString","coordinates":[[139.71653,35.80148],[139.71611,35.80144],[139.71562,35.80151],[139.71538,35.8016]]}},{"type":"Feature","properties":{"idx":786,"road":NaN,"cls":"tertiary","shops":3,"st_km":0.22,"mesh":"53395567"},"geometry":{"type":"LineString","coordinates":[[139.71538,35.8016],[139.71482,35.80172]]}},{"type":"Feature","properties":{"idx":612,"road":NaN,"cls":"tertiary","shops":2,"st_km":0.24,"mesh":"53395567"},"geometry":{"type":"LineString","coordinates":[[139.71482,35.80172],[139.71479,35.80213]]}},{"type":"Feature","properties":{"idx":722,"road":NaN,"cls":"tertiary","shops":2,"st_km":0.09,"mesh":"53395567"},"geometry":{"type":"LineString","coordinates":[[139.71669,35.80152],[139.71644,35.80166]]}},{"type":"Feature","properties":{"idx":312,"road":NaN,"cls":"tertiary","shops":1,"st_km":0.43,"mesh":"53395588"},"geometry":{"type":"LineString","coordinates":[[139.73481,35.82005],[139.73613,35.81981]]}},{"type":"Feature","properties":{"idx":183,"road":NaN,"cls":"tertiary","shops":0,"st_km":0.57,"mesh":"53395588"},"geometry":{"type":"LineString","coordinates":[[139.73047,35.82067],[139.73481,35.82005]]}},{"type":"Feature","properties":{"idx":217,"road":NaN,"cls":"tertiary","shops":0,"st_km":0.39,"mesh":"53395588"},"geometry":{"type":"LineString","coordinates":[[139.73463,35.81871],[139.73481,35.82005]]}},{"type":"Feature","properties":{"idx":540,"road":NaN,"cls":"tertiary","shops":2,"st_km":0.17,"mesh":"53395588"},"geometry":{"type":"LineString","coordinates":[[139.73641,35.81735],[139.73429,35.81762]]}},{"type":"Feature","properties":{"idx":555,"road":NaN,"cls":"tertiary","shops":2,"st_km":0.14,"mesh":"53395588"},"geometry":{"type":"LineString","coordinates":[[139.73652,35.81733],[139.73641,35.81735]]}},{"type":"Feature","properties":{"idx":394,"road":"南平工業団地通り","cls":"tertiary","shops":0,"st_km":1.4,"mesh":"53395569"},"geometry":{"type":"LineString","coordinates":[[139.74877,35.80536],[139.74525,35.809]]}},{"type":"Feature","properties":{"idx":262,"road":NaN,"cls":"tertiary","shops":0,"st_km":0.2,"mesh":"53395588"},"geometry":{"type":"LineString","coordinates":[[139.73384,35.8157],[139.73387,35.81621],[139.73429,35.81762]]}},{"type":"Feature","properties":{"idx":364,"road":NaN,"cls":"tertiary","shops":1,"st_km":0.27,"mesh":"53395588"},"geometry":{"type":"LineString","coordinates":[[139.73429,35.81762],[139.73463,35.81871]]}},{"type":"Feature","properties":{"idx":589,"road":NaN,"cls":"tertiary","shops":0,"st_km":0.43,"mesh":"53395578"},"geometry":{"type":"LineString","coordinates":[[139.72891,35.81591],[139.72926,35.8161],[139.72945,35.81613],[139.73095,35.81583],[139.73384,35.8157]]}},{"type":"Feature","properties":{"idx":394,"road":NaN,"cls":"tertiary","shops":0,"st_km":0.88,"mesh":"53395578"},"geometry":{"type":"LineString","coordinates":[[139.72408,35.8146],[139.72573,35.81468],[139.72783,35.81537],[139.72866,35.81578]]}},{"type":"Feature","properties":{"idx":305,"road":"オートレース通り","cls":"tertiary","shops":0,"st_km":1.11,"mesh":"53395577"},"geometry":{"type":"LineString","coordinates":[[139.72362,35.81721],[139.72351,35.81679],[139.72353,35.8166],[139.7237,35.8162],[139.72408,35.8146]]}},{"type":"Feature","properties":{"idx":347,"road":"産業道路","cls":"primary","shops":0,"st_km":0.53,"mesh":"53395586"},"geometry":{"type":"LineString","coordinates":[[139.71112,35.81523],[139.70944,35.81773],[139.70897,35.81875]]}},{"type":"Feature","properties":{"idx":148,"road":"西川口陸橋通り","cls":"tertiary","shops":0,"st_km":0.2,"mesh":"53395576"},"geometry":{"type":"LineString","coordinates":[[139.70452,35.81398],[139.70252,35.81383]]}},{"type":"Feature","properties":{"idx":490,"road":"環状線通り","cls":"secondary","shops":4,"st_km":0.22,"mesh":"53395576"},"geometry":{"type":"LineString","coordinates":[[139.70252,35.81383],[139.70257,35.8147]]}},{"type":"Feature","properties":{"idx":801,"road":NaN,"cls":"tertiary","shops":2,"st_km":0.37,"mesh":"53395547"},"geometry":{"type":"LineString","coordinates":[[139.72266,35.78663],[139.72253,35.78664]]}},{"type":"Feature","properties":{"idx":1436,"road":"蕨桜町線","cls":"secondary","shops":3,"st_km":0.29,"mesh":"53395595"},"geometry":{"type":"LineString","coordinates":[[139.69104,35.8296],[139.69399,35.83015]]}},{"type":"Feature","properties":{"idx":235,"road":NaN,"cls":"tertiary","shops":0,"st_km":0.36,"mesh":"53395598"},"geometry":{"type":"LineString","coordinates":[[139.73138,35.83151],[139.73331,35.83195]]}},{"type":"Feature","properties":{"idx":255,"road":"さいたま鳩ヶ谷線","cls":"secondary","shops":0,"st_km":0.37,"mesh":"53395599"},"geometry":{"type":"LineString","coordinates":[[139.74003,35.83341],[139.74,35.83285],[139.73974,35.83209],[139.73926,35.83157],[139.73915,35.83138]]}},{"type":"Feature","properties":{"idx":381,"road":NaN,"cls":"tertiary","shops":3,"st_km":0.17,"mesh":"53395576"},"geometry":{"type":"LineString","coordinates":[[139.70627,35.81566],[139.7062,35.81573]]}},{"type":"Feature","properties":{"idx":423,"road":"さいたま鳩ヶ谷線","cls":"secondary","shops":1,"st_km":0.27,"mesh":"53395599"},"geometry":{"type":"LineString","coordinates":[[139.73913,35.83132],[139.73928,35.8302]]}},{"type":"Feature","properties":{"idx":281,"road":"吹上橋","cls":"secondary","shops":0,"st_km":0.28,"mesh":"53395599"},"geometry":{"type":"LineString","coordinates":[[139.73915,35.83138],[139.73913,35.83132]]}},{"type":"Feature","properties":{"idx":324,"road":NaN,"cls":"tertiary","shops":0,"st_km":1.69,"mesh":"53395581"},"geometry":{"type":"LineString","coordinates":[[139.64236,35.82306],[139.64242,35.82315],[139.64412,35.82399]]}},{"type":"Feature","properties":{"idx":342,"road":NaN,"cls":"tertiary","shops":0,"st_km":1.59,"mesh":"53395581"},"geometry":{"type":"LineString","coordinates":[[139.64412,35.82399],[139.64428,35.82399]]}},{"type":"Feature","properties":{"idx":331,"road":NaN,"cls":"tertiary","shops":0,"st_km":1.65,"mesh":"53395581"},"geometry":{"type":"LineString","coordinates":[[139.64457,35.82394],[139.64444,35.82379],[139.64293,35.82304],[139.64274,35.82299]]}},{"type":"Feature","properties":{"idx":686,"road":"本郷赤羽線","cls":"secondary","shops":2,"st_km":0.18,"mesh":"53395508"},"geometry":{"type":"LineString","coordinates":[[139.73622,35.75214],[139.73635,35.7521]]}},{"type":"Feature","properties":{"idx":695,"road":"本郷赤羽線","cls":"secondary","shops":2,"st_km":0.16,"mesh":"53395508"},"geometry":{"type":"LineString","coordinates":[[139.73635,35.7521],[139.73651,35.75211]]}},{"type":"Feature","properties":{"idx":2191,"road":"明治通り","cls":"primary","shops":16,"st_km":0.08,"mesh":"53395509"},"geometry":{"type":"LineString","coordinates":[[139.7384,35.75358],[139.73816,35.75342]]}},{"type":"Feature","properties":{"idx":771,"road":"明治通り","cls":"primary","shops":6,"st_km":0.31,"mesh":"53395509"},"geometry":{"type":"LineString","coordinates":[[139.73888,35.75432],[139.73954,35.75481],[139.74112,35.75548],[139.74145,35.75577]]}},{"type":"Feature","properties":{"idx":601,"road":"環七通り","cls":"primary_link","shops":6,"st_km":0.5,"mesh":"53395528"},"geometry":{"type":"LineString","coordinates":[[139.73419,35.76961],[139.7343,35.76966]]}},{"type":"Feature","properties":{"idx":367,"road":"新田学園通り","cls":"tertiary","shops":4,"st_km":0.87,"mesh":"53395529"},"geometry":{"type":"LineString","coordinates":[[139.74058,35.77383],[139.74066,35.77376]]}},{"type":"Feature","properties":{"idx":112,"road":"天神橋通り","cls":"tertiary","shops":0,"st_km":1.17,"mesh":"53395588"},"geometry":{"type":"LineString","coordinates":[[139.72514,35.82487],[139.7258,35.82473]]}},{"type":"Feature","properties":{"idx":361,"road":NaN,"cls":"tertiary","shops":2,"st_km":0.57,"mesh":"53395539"},"geometry":{"type":"LineString","coordinates":[[139.73783,35.77572],[139.73819,35.77547]]}},{"type":"Feature","properties":{"idx":222,"road":"新田学園通り","cls":"tertiary","shops":2,"st_km":0.99,"mesh":"53395529"},"geometry":{"type":"LineString","coordinates":[[139.74066,35.77376],[139.74257,35.77233]]}},{"type":"Feature","properties":{"idx":286,"road":NaN,"cls":"tertiary","shops":0,"st_km":0.67,"mesh":"53395519"},"geometry":{"type":"LineString","coordinates":[[139.74234,35.76138],[139.74238,35.76401]]}},{"type":"Feature","properties":{"idx":781,"road":"補助第93号線","cls":"tertiary","shops":2,"st_km":0.35,"mesh":"53395519"},"geometry":{"type":"LineString","coordinates":[[139.73891,35.76398],[139.73932,35.76398]]}},{"type":"Feature","properties":{"idx":352,"road":NaN,"cls":"tertiary","shops":1,"st_km":0.32,"mesh":"53395518"},"geometry":{"type":"LineString","coordinates":[[139.73388,35.76184],[139.73618,35.76307]]}},{"type":"Feature","properties":{"idx":1654,"road":NaN,"cls":"tertiary","shops":11,"st_km":0.24,"mesh":"53395518"},"geometry":{"type":"LineString","coordinates":[[139.73644,35.76321],[139.73654,35.76327]]}},{"type":"Feature","properties":{"idx":195,"road":"新田学園通り","cls":"tertiary","shops":2,"st_km":1.2,"mesh":"53395529"},"geometry":{"type":"LineString","coordinates":[[139.74707,35.77066],[139.74735,35.77037],[139.74757,35.77004],[139.74768,35.76966],[139.74771,35.76933]]}},{"type":"Feature","properties":{"idx":453,"road":"環七通り","cls":"primary","shops":4,"st_km":0.89,"mesh":"53395529"},"geometry":{"type":"LineString","coordinates":[[139.74116,35.77411],[139.74066,35.77376]]}},{"type":"Feature","properties":{"idx":457,"road":"環七通り","cls":"primary","shops":4,"st_km":0.88,"mesh":"53395529"},"geometry":{"type":"LineString","coordinates":[[139.74058,35.77383],[139.74109,35.77417]]}},{"type":"Feature","properties":{"idx":170,"road":NaN,"cls":"tertiary","shops":1,"st_km":1.0,"mesh":"53395529"},"geometry":{"type":"LineString","coordinates":[[139.7437,35.77065],[139.74556,35.77056]]}},{"type":"Feature","properties":{"idx":233,"road":NaN,"cls":"tertiary","shops":2,"st_km":0.97,"mesh":"53395529"},"geometry":{"type":"LineString","coordinates":[[139.7437,35.77065],[139.74388,35.77135]]}},{"type":"Feature","properties":{"idx":1375,"road":"明治通り","cls":"primary","shops":10,"st_km":0.14,"mesh":"53395509"},"geometry":{"type":"LineString","coordinates":[[139.73832,35.75364],[139.73888,35.75432]]}},{"type":"Feature","properties":{"idx":1888,"road":"明治通り","cls":"primary","shops":14,"st_km":0.11,"mesh":"53395509"},"geometry":{"type":"LineString","coordinates":[[139.73864,35.7539],[139.7384,35.75358]]}},{"type":"Feature","properties":{"idx":1697,"road":"補助第89号線","cls":"tertiary","shops":4,"st_km":0.04,"mesh":"53395547"},"geometry":{"type":"LineString","coordinates":[[139.72247,35.78345],[139.72253,35.78331]]}},{"type":"Feature","properties":{"idx":1529,"road":NaN,"cls":"tertiary","shops":26,"st_km":0.17,"mesh":"53395537"},"geometry":{"type":"LineString","coordinates":[[139.72136,35.77915],[139.72115,35.77914]]}},{"type":"Feature","properties":{"idx":1638,"road":NaN,"cls":"tertiary","shops":28,"st_km":0.17,"mesh":"53395537"},"geometry":{"type":"LineString","coordinates":[[139.72115,35.77914],[139.72089,35.77913]]}},{"type":"Feature","properties":{"idx":440,"road":"補助第89号線","cls":"tertiary","shops":6,"st_km":0.16,"mesh":"53395537"},"geometry":{"type":"LineString","coordinates":[[139.72296,35.77667],[139.7228,35.77746]]}},{"type":"Feature","properties":{"idx":870,"road":"産業道路","cls":"tertiary","shops":3,"st_km":0.12,"mesh":"53395567"},"geometry":{"type":"LineString","coordinates":[[139.71802,35.80282],[139.71809,35.80276]]}},{"type":"Feature","properties":{"idx":388,"road":"産業道路","cls":"tertiary","shops":1,"st_km":0.41,"mesh":"53395567"},"geometry":{"type":"LineString","coordinates":[[139.71696,35.80614],[139.71731,35.80478]]}},{"type":"Feature","properties":{"idx":874,"road":"産業道路","cls":"tertiary","shops":3,"st_km":0.12,"mesh":"53395567"},"geometry":{"type":"LineString","coordinates":[[139.71809,35.80276],[139.71824,35.80262]]}},{"type":"Feature","properties":{"idx":256,"road":NaN,"cls":"tertiary","shops":1,"st_km":0.23,"mesh":"53395543"},"geometry":{"type":"LineString","coordinates":[[139.66321,35.789],[139.66445,35.78876]]}},{"type":"Feature","properties":{"idx":141,"road":NaN,"cls":"tertiary","shops":0,"st_km":0.42,"mesh":"53395543"},"geometry":{"type":"LineString","coordinates":[[139.66538,35.78857],[139.66638,35.78838]]}},{"type":"Feature","properties":{"idx":153,"road":NaN,"cls":"tertiary","shops":0,"st_km":0.33,"mesh":"53395543"},"geometry":{"type":"LineString","coordinates":[[139.66458,35.78873],[139.66538,35.78857]]}},{"type":"Feature","properties":{"idx":160,"road":NaN,"cls":"tertiary","shops":0,"st_km":0.29,"mesh":"53395543"},"geometry":{"type":"LineString","coordinates":[[139.66445,35.78876],[139.66458,35.78873]]}},{"type":"Feature","properties":{"idx":692,"road":NaN,"cls":"tertiary","shops":6,"st_km":0.22,"mesh":"53395543"},"geometry":{"type":"LineString","coordinates":[[139.66341,35.78961],[139.66351,35.78993]]}},{"type":"Feature","properties":{"idx":449,"road":NaN,"cls":"tertiary","shops":3,"st_km":0.18,"mesh":"53395543"},"geometry":{"type":"LineString","coordinates":[[139.66321,35.789],[139.66331,35.78931]]}},{"type":"Feature","properties":{"idx":363,"road":NaN,"cls":"tertiary","shops":2,"st_km":0.17,"mesh":"53395543"},"geometry":{"type":"LineString","coordinates":[[139.66311,35.78867],[139.66321,35.789]]}},{"type":"Feature","properties":{"idx":618,"road":NaN,"cls":"tertiary","shops":5,"st_km":0.2,"mesh":"53395543"},"geometry":{"type":"LineString","coordinates":[[139.66331,35.78931],[139.66341,35.78961]]}},{"type":"Feature","properties":{"idx":409,"road":"市場通り","cls":"tertiary","shops":3,"st_km":0.27,"mesh":"53395543"},"geometry":{"type":"LineString","coordinates":[[139.66351,35.78993],[139.6646,35.78985]]}},{"type":"Feature","properties":{"idx":233,"road":"市場通り","cls":"tertiary","shops":1,"st_km":0.32,"mesh":"53395543"},"geometry":{"type":"LineString","coordinates":[[139.6646,35.78985],[139.66474,35.78983]]}},{"type":"Feature","properties":{"idx":336,"road":NaN,"cls":"tertiary","shops":2,"st_km":0.25,"mesh":"53395543"},"geometry":{"type":"LineString","coordinates":[[139.66351,35.78993],[139.66357,35.79043]]}},{"type":"Feature","properties":{"idx":242,"road":NaN,"cls":"tertiary","shops":1,"st_km":0.28,"mesh":"53395543"},"geometry":{"type":"LineString","coordinates":[[139.66357,35.79043],[139.66362,35.79091]]}},{"type":"Feature","properties":{"idx":155,"road":NaN,"cls":"tertiary","shops":0,"st_km":0.32,"mesh":"53395543"},"geometry":{"type":"LineString","coordinates":[[139.66362,35.79091],[139.66366,35.79134]]}},{"type":"Feature","properties":{"idx":149,"road":NaN,"cls":"tertiary","shops":0,"st_km":0.36,"mesh":"53395543"},"geometry":{"type":"LineString","coordinates":[[139.66366,35.79134],[139.6637,35.79175]]}},{"type":"Feature","properties":{"idx":425,"road":NaN,"cls":"tertiary","shops":0,"st_km":0.39,"mesh":"53395553"},"geometry":{"type":"LineString","coordinates":[[139.6637,35.79175],[139.66372,35.7919]]}},{"type":"Feature","properties":{"idx":417,"road":NaN,"cls":"tertiary","shops":0,"st_km":0.41,"mesh":"53395553"},"geometry":{"type":"LineString","coordinates":[[139.66372,35.7919],[139.66374,35.79215]]}},{"type":"Feature","properties":{"idx":390,"road":NaN,"cls":"tertiary","shops":0,"st_km":0.48,"mesh":"53395553"},"geometry":{"type":"LineString","coordinates":[[139.6638,35.7927],[139.6638,35.79273]]}},{"type":"Feature","properties":{"idx":232,"road":NaN,"cls":"tertiary","shops":0,"st_km":0.41,"mesh":"53395552"},"geometry":{"type":"LineString","coordinates":[[139.66198,35.79274],[139.6619,35.79247]]}},{"type":"Feature","properties":{"idx":239,"road":NaN,"cls":"tertiary","shops":0,"st_km":0.38,"mesh":"53395552"},"geometry":{"type":"LineString","coordinates":[[139.6619,35.79247],[139.66181,35.79217]]}},{"type":"Feature","properties":{"idx":85,"road":NaN,"cls":"tertiary","shops":0,"st_km":0.24,"mesh":"53395542"},"geometry":{"type":"LineString","coordinates":[[139.66156,35.79132],[139.66143,35.79086]]}},{"type":"Feature","properties":{"idx":434,"road":"市場通り","cls":"tertiary","shops":3,"st_km":0.21,"mesh":"53395543"},"geometry":{"type":"LineString","coordinates":[[139.66304,35.79003],[139.66351,35.78993]]}},{"type":"Feature","properties":{"idx":179,"road":"市場通り","cls":"tertiary","shops":0,"st_km":0.18,"mesh":"53395543"},"geometry":{"type":"LineString","coordinates":[[139.66251,35.79013],[139.66304,35.79003]]}},{"type":"Feature","properties":{"idx":92,"road":"市場通り","cls":"tertiary","shops":0,"st_km":0.16,"mesh":"53395542"},"geometry":{"type":"LineString","coordinates":[[139.66207,35.79022],[139.66251,35.79013]]}},{"type":"Feature","properties":{"idx":139,"road":"市場通り","cls":"tertiary","shops":1,"st_km":0.16,"mesh":"53395542"},"geometry":{"type":"LineString","coordinates":[[139.66158,35.79031],[139.66207,35.79022]]}},{"type":"Feature","properties":{"idx":139,"road":"市場通り","cls":"tertiary","shops":1,"st_km":0.16,"mesh":"53395542"},"geometry":{"type":"LineString","coordinates":[[139.66111,35.7904],[139.66158,35.79031]]}},{"type":"Feature","properties":{"idx":229,"road":NaN,"cls":"tertiary","shops":3,"st_km":0.17,"mesh":"53395542"},"geometry":{"type":"LineString","coordinates":[[139.6603,35.78995],[139.66043,35.79043],[139.66053,35.79052]]}},{"type":"Feature","properties":{"idx":294,"road":NaN,"cls":"tertiary","shops":4,"st_km":0.1,"mesh":"53395542"},"geometry":{"type":"LineString","coordinates":[[139.66024,35.7893],[139.66011,35.78891]]}},{"type":"Feature","properties":{"idx":291,"road":NaN,"cls":"tertiary","shops":4,"st_km":0.11,"mesh":"53395542"},"geometry":{"type":"LineString","coordinates":[[139.65999,35.78894],[139.66011,35.78933]]}},{"type":"Feature","properties":{"idx":84,"road":NaN,"cls":"tertiary","shops":0,"st_km":0.25,"mesh":"53395542"},"geometry":{"type":"LineString","coordinates":[[139.66067,35.79101],[139.6601,35.79112]]}},{"type":"Feature","properties":{"idx":132,"road":"市場通り","cls":"tertiary","shops":1,"st_km":0.21,"mesh":"53395542"},"geometry":{"type":"LineString","coordinates":[[139.65995,35.79063],[139.66053,35.79052]]}},{"type":"Feature","properties":{"idx":125,"road":"市場通り","cls":"tertiary","shops":1,"st_km":0.26,"mesh":"53395542"},"geometry":{"type":"LineString","coordinates":[[139.65898,35.79082],[139.65995,35.79063]]}},{"type":"Feature","properties":{"idx":115,"road":"市場通り","cls":"tertiary","shops":1,"st_km":0.34,"mesh":"53395542"},"geometry":{"type":"LineString","coordinates":[[139.6579,35.79103],[139.65898,35.79082]]}},{"type":"Feature","properties":{"idx":153,"road":"市場通り","cls":"tertiary","shops":2,"st_km":0.29,"mesh":"53395542"},"geometry":{"type":"LineString","coordinates":[[139.65675,35.79126],[139.6579,35.79103]]}},{"type":"Feature","properties":{"idx":83,"road":"市場通り","cls":"tertiary","shops":0,"st_km":0.21,"mesh":"53395542"},"geometry":{"type":"LineString","coordinates":[[139.65559,35.79149],[139.65675,35.79126]]}},{"type":"Feature","properties":{"idx":128,"road":NaN,"cls":"tertiary","shops":1,"st_km":0.18,"mesh":"53395542"},"geometry":{"type":"LineString","coordinates":[[139.65342,35.79191],[139.65328,35.79142]]}},{"type":"Feature","properties":{"idx":90,"road":NaN,"cls":"tertiary","shops":0,"st_km":0.13,"mesh":"53395542"},"geometry":{"type":"LineString","coordinates":[[139.65316,35.79103],[139.65304,35.7906]]}},{"type":"Feature","properties":{"idx":177,"road":NaN,"cls":"tertiary","shops":2,"st_km":0.15,"mesh":"53395542"},"geometry":{"type":"LineString","coordinates":[[139.65328,35.79142],[139.65316,35.79103]]}},{"type":"Feature","properties":{"idx":173,"road":"市場通り","cls":"tertiary","shops":2,"st_km":0.17,"mesh":"53395542"},"geometry":{"type":"LineString","coordinates":[[139.65513,35.79157],[139.65559,35.79149]]}},{"type":"Feature","properties":{"idx":412,"road":"市場通り","cls":"tertiary","shops":1,"st_km":0.19,"mesh":"53395552"},"geometry":{"type":"LineString","coordinates":[[139.65342,35.79191],[139.65397,35.7918]]}},{"type":"Feature","properties":{"idx":259,"road":NaN,"cls":"tertiary","shops":0,"st_km":0.25,"mesh":"53395552"},"geometry":{"type":"LineString","coordinates":[[139.65369,35.7928],[139.65342,35.79191]]}},{"type":"Feature","properties":{"idx":239,"road":NaN,"cls":"tertiary","shops":0,"st_km":0.33,"mesh":"53395552"},"geometry":{"type":"LineString","coordinates":[[139.65383,35.79347],[139.65384,35.79334],[139.65369,35.7928]]}},{"type":"Feature","properties":{"idx":272,"road":"高島通り","cls":"secondary","shops":3,"st_km":0.12,"mesh":"53395542"},"geometry":{"type":"LineString","coordinates":[[139.66007,35.78879],[139.65995,35.78882]]}},{"type":"Feature","properties":{"idx":217,"road":"長後赤塚線","cls":"secondary","shops":2,"st_km":0.12,"mesh":"53395542"},"geometry":{"type":"LineString","coordinates":[[139.65995,35.78882],[139.65999,35.78894]]}},{"type":"Feature","properties":{"idx":218,"road":"高島通り","cls":"secondary","shops":2,"st_km":0.11,"mesh":"53395542"},"geometry":{"type":"LineString","coordinates":[[139.65999,35.78894],[139.66011,35.78891]]}},{"type":"Feature","properties":{"idx":109,"road":"高島通り","cls":"secondary","shops":0,"st_km":0.11,"mesh":"53395542"},"geometry":{"type":"LineString","coordinates":[[139.66293,35.78817],[139.66159,35.78847]]}},{"type":"Feature","properties":{"idx":193,"road":"高島通り","cls":"secondary","shops":0,"st_km":0.23,"mesh":"53395543"},"geometry":{"type":"LineString","coordinates":[[139.66297,35.78828],[139.66423,35.788]]}},{"type":"Feature","properties":{"idx":180,"road":"高島通り","cls":"secondary","shops":0,"st_km":0.29,"mesh":"53395543"},"geometry":{"type":"LineString","coordinates":[[139.66423,35.788],[139.66436,35.78797]]}},{"type":"Feature","properties":{"idx":156,"road":"高島通り","cls":"secondary","shops":0,"st_km":0.44,"mesh":"53395543"},"geometry":{"type":"LineString","coordinates":[[139.66436,35.78797],[139.66738,35.78732]]}},{"type":"Feature","properties":{"idx":166,"road":"高島通り","cls":"secondary","shops":0,"st_km":0.37,"mesh":"53395543"},"geometry":{"type":"LineString","coordinates":[[139.66735,35.78721],[139.66293,35.78817]]}},{"type":"Feature","properties":{"idx":132,"road":NaN,"cls":"tertiary","shops":0,"st_km":0.48,"mesh":"53395543"},"geometry":{"type":"LineString","coordinates":[[139.66738,35.78732],[139.66735,35.78721]]}},{"type":"Feature","properties":{"idx":177,"road":NaN,"cls":"tertiary","shops":1,"st_km":0.6,"mesh":"53395543"},"geometry":{"type":"LineString","coordinates":[[139.66678,35.78546],[139.6664,35.78433]]}},{"type":"Feature","properties":{"idx":276,"road":NaN,"cls":"tertiary","shops":3,"st_km":0.67,"mesh":"53395543"},"geometry":{"type":"LineString","coordinates":[[139.6664,35.78433],[139.66616,35.78358]]}},{"type":"Feature","properties":{"idx":375,"road":"六の橋通り","cls":"tertiary","shops":2,"st_km":0.57,"mesh":"53395533"},"geometry":{"type":"LineString","coordinates":[[139.67358,35.78222],[139.66595,35.7829]]}},{"type":"Feature","properties":{"idx":321,"road":NaN,"cls":"tertiary","shops":2,"st_km":0.74,"mesh":"53395533"},"geometry":{"type":"LineString","coordinates":[[139.66616,35.78358],[139.66595,35.7829]]}},{"type":"Feature","properties":{"idx":312,"road":"六の橋通り","cls":"tertiary","shops":2,"st_km":0.77,"mesh":"53395533"},"geometry":{"type":"LineString","coordinates":[[139.66595,35.7829],[139.66586,35.78292]]}},{"type":"Feature","properties":{"idx":236,"road":"六の橋通り","cls":"tertiary","shops":1,"st_km":0.77,"mesh":"53395533"},"geometry":{"type":"LineString","coordinates":[[139.66586,35.78292],[139.6653,35.78302]]}},{"type":"Feature","properties":{"idx":307,"road":NaN,"cls":"tertiary","shops":2,"st_km":0.79,"mesh":"53395533"},"geometry":{"type":"LineString","coordinates":[[139.6659,35.78276],[139.66582,35.78251]]}},{"type":"Feature","properties":{"idx":311,"road":NaN,"cls":"tertiary","shops":2,"st_km":0.77,"mesh":"53395533"},"geometry":{"type":"LineString","coordinates":[[139.66595,35.7829],[139.6659,35.78276]]}},{"type":"Feature","properties":{"idx":480,"road":"東京都道446号長後赤塚線","cls":"secondary","shops":4,"st_km":0.88,"mesh":"53395533"},"geometry":{"type":"LineString","coordinates":[[139.66492,35.7817],[139.66552,35.7816]]}},{"type":"Feature","properties":{"idx":166,"road":"東京都道446号長後赤塚線","cls":"secondary","shops":0,"st_km":0.84,"mesh":"53395533"},"geometry":{"type":"LineString","coordinates":[[139.66387,35.78192],[139.66492,35.7817]]}},{"type":"Feature","properties":{"idx":246,"road":"六の橋通り","cls":"tertiary","shops":1,"st_km":0.72,"mesh":"53395533"},"geometry":{"type":"LineString","coordinates":[[139.6653,35.78302],[139.66426,35.78323]]}},{"type":"Feature","properties":{"idx":173,"road":"六の橋通り","cls":"tertiary","shops":0,"st_km":0.66,"mesh":"53395533"},"geometry":{"type":"LineString","coordinates":[[139.66426,35.78323],[139.66322,35.78343]]}},{"type":"Feature","properties":{"idx":260,"road":"東京都道446号長後赤塚線","cls":"secondary","shops":1,"st_km":0.79,"mesh":"53395533"},"geometry":{"type":"LineString","coordinates":[[139.66284,35.78214],[139.66387,35.78192]]}},{"type":"Feature","properties":{"idx":399,"road":"東京都道446号長後赤塚線","cls":"secondary","shops":1,"st_km":0.75,"mesh":"53395532"},"geometry":{"type":"LineString","coordinates":[[139.66179,35.78236],[139.66284,35.78214]]}},{"type":"Feature","properties":{"idx":117,"road":"六の橋通り","cls":"tertiary","shops":0,"st_km":0.61,"mesh":"53395543"},"geometry":{"type":"LineString","coordinates":[[139.66322,35.78343],[139.66216,35.78364]]}},{"type":"Feature","properties":{"idx":91,"road":"六の橋通り","cls":"tertiary","shops":1,"st_km":0.58,"mesh":"53395542"},"geometry":{"type":"LineString","coordinates":[[139.66216,35.78364],[139.66136,35.7838]]}},{"type":"Feature","properties":{"idx":93,"road":"六の橋通り","cls":"tertiary","shops":1,"st_km":0.57,"mesh":"53395542"},"geometry":{"type":"LineString","coordinates":[[139.66136,35.7838],[139.66088,35.78389]]}},{"type":"Feature","properties":{"idx":548,"road":"東京都道446号長後赤塚線","cls":"secondary","shops":2,"st_km":0.71,"mesh":"53395532"},"geometry":{"type":"LineString","coordinates":[[139.66051,35.78264],[139.66179,35.78236]]}},{"type":"Feature","properties":{"idx":278,"road":"東京都道446号長後赤塚線","cls":"secondary","shops":0,"st_km":0.7,"mesh":"53395532"},"geometry":{"type":"LineString","coordinates":[[139.65965,35.78282],[139.66051,35.78264]]}},{"type":"Feature","properties":{"idx":62,"road":"六の橋通り","cls":"tertiary","shops":0,"st_km":0.56,"mesh":"53395542"},"geometry":{"type":"LineString","coordinates":[[139.66088,35.78389],[139.66001,35.78406]]}},{"type":"Feature","properties":{"idx":62,"road":"六の橋通り","cls":"tertiary","shops":0,"st_km":0.56,"mesh":"53395542"},"geometry":{"type":"LineString","coordinates":[[139.65913,35.78423],[139.6585,35.78435]]}},{"type":"Feature","properties":{"idx":279,"road":"東京都道446号長後赤塚線","cls":"secondary","shops":0,"st_km":0.69,"mesh":"53395532"},"geometry":{"type":"LineString","coordinates":[[139.65877,35.78301],[139.65965,35.78282]]}},{"type":"Feature","properties":{"idx":417,"road":"東京都道446号長後赤塚線","cls":"secondary","shops":1,"st_km":0.7,"mesh":"53395532"},"geometry":{"type":"LineString","coordinates":[[139.65808,35.78317],[139.65877,35.78301]]}},{"type":"Feature","properties":{"idx":258,"road":"長後赤塚線","cls":"secondary","shops":0,"st_km":0.78,"mesh":"53395532"},"geometry":{"type":"LineString","coordinates":[[139.65808,35.78317],[139.65788,35.78273],[139.6577,35.78245],[139.6575,35.78223],[139.65716,35.78199]]}},{"type":"Feature","properties":{"idx":258,"road":"長後赤塚線","cls":"secondary","shops":0,"st_km":0.78,"mesh":"53395532"},"geometry":{"type":"LineString","coordinates":[[139.65716,35.78199],[139.65771,35.78261],[139.65796,35.7832]]}},{"type":"Feature","properties":{"idx":276,"road":"東京都道446号長後赤塚線","cls":"secondary","shops":0,"st_km":0.7,"mesh":"53395532"},"geometry":{"type":"LineString","coordinates":[[139.65796,35.7832],[139.65808,35.78317]]}},{"type":"Feature","properties":{"idx":130,"road":"長後赤塚線","cls":"secondary","shops":2,"st_km":0.63,"mesh":"53395542"},"geometry":{"type":"LineString","coordinates":[[139.6585,35.78435],[139.65808,35.78317]]}},{"type":"Feature","properties":{"idx":62,"road":"六の橋通り","cls":"tertiary","shops":0,"st_km":0.57,"mesh":"53395542"},"geometry":{"type":"LineString","coordinates":[[139.6585,35.78435],[139.65838,35.78438]]}},{"type":"Feature","properties":{"idx":130,"road":"長後赤塚線","cls":"secondary","shops":2,"st_km":0.64,"mesh":"53395542"},"geometry":{"type":"LineString","coordinates":[[139.65796,35.7832],[139.65838,35.78438]]}},{"type":"Feature","properties":{"idx":108,"road":"長後赤塚線","cls":"secondary","shops":1,"st_km":0.53,"mesh":"53395542"},"geometry":{"type":"LineString","coordinates":[[139.65873,35.78501],[139.6585,35.78435]]}},{"type":"Feature","properties":{"idx":72,"road":"赤塚公園通り","cls":"tertiary","shops":0,"st_km":0.4,"mesh":"53395542"},"geometry":{"type":"LineString","coordinates":[[139.659,35.78578],[139.65955,35.78567]]}},{"type":"Feature","properties":{"idx":73,"road":"赤塚公園通り","cls":"tertiary","shops":0,"st_km":0.39,"mesh":"53395542"},"geometry":{"type":"LineString","coordinates":[[139.65955,35.78567],[139.66131,35.78533]]}},{"type":"Feature","properties":{"idx":108,"road":"赤塚公園通り","cls":"tertiary","shops":1,"st_km":0.4,"mesh":"53395542"},"geometry":{"type":"LineString","coordinates":[[139.66131,35.78533],[139.66151,35.78529]]}},{"type":"Feature","properties":{"idx":107,"road":"赤塚公園通り","cls":"tertiary","shops":1,"st_km":0.42,"mesh":"53395542"},"geometry":{"type":"LineString","coordinates":[[139.66151,35.78529],[139.66235,35.78512]]}},{"type":"Feature","properties":{"idx":105,"road":"赤塚公園通り","cls":"tertiary","shops":1,"st_km":0.44,"mesh":"53395542"},"geometry":{"type":"LineString","coordinates":[[139.66235,35.78512],[139.66259,35.78507]]}},{"type":"Feature","properties":{"idx":222,"road":NaN,"cls":"tertiary","shops":1,"st_km":0.37,"mesh":"53395543"},"geometry":{"type":"LineString","coordinates":[[139.66399,35.78717],[139.66407,35.78667],[139.66444,35.7859]]}},{"type":"Feature","properties":{"idx":114,"road":"赤塚公園通り","cls":"tertiary","shops":0,"st_km":0.64,"mesh":"53395543"},"geometry":{"type":"LineString","coordinates":[[139.66515,35.78457],[139.6664,35.78433]]}},{"type":"Feature","properties":{"idx":119,"road":"赤塚公園通り","cls":"tertiary","shops":0,"st_km":0.59,"mesh":"53395543"},"geometry":{"type":"LineString","coordinates":[[139.66511,35.78458],[139.66515,35.78457]]}},{"type":"Feature","properties":{"idx":115,"road":NaN,"cls":"tertiary","shops":1,"st_km":0.34,"mesh":"53395542"},"geometry":{"type":"LineString","coordinates":[[139.66151,35.78529],[139.66184,35.78641]]}},{"type":"Feature","properties":{"idx":162,"road":"長後赤塚線","cls":"secondary","shops":1,"st_km":0.12,"mesh":"53395542"},"geometry":{"type":"LineString","coordinates":[[139.66007,35.78879],[139.65994,35.78842]]}},{"type":"Feature","properties":{"idx":160,"road":"長後赤塚線","cls":"secondary","shops":1,"st_km":0.13,"mesh":"53395542"},"geometry":{"type":"LineString","coordinates":[[139.65981,35.78844],[139.65995,35.78882]]}},{"type":"Feature","properties":{"idx":177,"road":"赤塚公園通り","cls":"tertiary","shops":3,"st_km":0.42,"mesh":"53395542"},"geometry":{"type":"LineString","coordinates":[[139.65806,35.78596],[139.65888,35.7858]]}},{"type":"Feature","properties":{"idx":103,"road":"赤塚公園通り","cls":"tertiary","shops":1,"st_km":0.46,"mesh":"53395542"},"geometry":{"type":"LineString","coordinates":[[139.65743,35.78609],[139.65806,35.78596]]}},{"type":"Feature","properties":{"idx":204,"road":NaN,"cls":"pedestrian","shops":2,"st_km":0.37,"mesh":"53395542"},"geometry":{"type":"LineString","coordinates":[[139.65777,35.7872],[139.6577,35.78721]]}},{"type":"Feature","properties":{"idx":79,"road":NaN,"cls":"tertiary","shops":0,"st_km":0.31,"mesh":"53395542"},"geometry":{"type":"LineString","coordinates":[[139.65786,35.78752],[139.65821,35.78871]]}},{"type":"Feature","properties":{"idx":63,"road":NaN,"cls":"tertiary","shops":0,"st_km":0.49,"mesh":"53395542"},"geometry":{"type":"LineString","coordinates":[[139.65455,35.78503],[139.655,35.78656]]}},{"type":"Feature","properties":{"idx":66,"road":"赤塚公園通り","cls":"tertiary","shops":0,"st_km":0.45,"mesh":"53395542"},"geometry":{"type":"LineString","coordinates":[[139.655,35.78656],[139.6567,35.78623]]}},{"type":"Feature","properties":{"idx":82,"road":NaN,"cls":"tertiary","shops":1,"st_km":0.64,"mesh":"53395542"},"geometry":{"type":"LineString","coordinates":[[139.6543,35.78417],[139.65444,35.78466]]}},{"type":"Feature","properties":{"idx":91,"road":"東京都道446号長後赤塚線","cls":"secondary","shops":1,"st_km":0.66,"mesh":"53395542"},"geometry":{"type":"LineString","coordinates":[[139.65313,35.7845],[139.6543,35.78417]]}},{"type":"Feature","properties":{"idx":59,"road":NaN,"cls":"tertiary","shops":0,"st_km":0.55,"mesh":"53395542"},"geometry":{"type":"LineString","coordinates":[[139.65208,35.78552],[139.65336,35.78527]]}},{"type":"Feature","properties":{"idx":59,"road":NaN,"cls":"tertiary","shops":0,"st_km":0.56,"mesh":"53395542"},"geometry":{"type":"LineString","coordinates":[[139.65156,35.78563],[139.652,35.78554]]}},{"type":"Feature","properties":{"idx":101,"road":NaN,"cls":"tertiary","shops":1,"st_km":0.42,"mesh":"53395542"},"geometry":{"type":"LineString","coordinates":[[139.65201,35.78715],[139.65189,35.78674]]}},{"type":"Feature","properties":{"idx":88,"road":NaN,"cls":"tertiary","shops":1,"st_km":0.56,"mesh":"53395542"},"geometry":{"type":"LineString","coordinates":[[139.65336,35.78527],[139.65455,35.78503]]}},{"type":"Feature","properties":{"idx":60,"road":NaN,"cls":"tertiary","shops":0,"st_km":0.55,"mesh":"53395542"},"geometry":{"type":"LineString","coordinates":[[139.65167,35.786],[139.65156,35.78563]]}},{"type":"Feature","properties":{"idx":65,"road":NaN,"cls":"tertiary","shops":0,"st_km":0.47,"mesh":"53395542"},"geometry":{"type":"LineString","coordinates":[[139.65189,35.78674],[139.65178,35.78637]]}},{"type":"Feature","properties":{"idx":62,"road":NaN,"cls":"tertiary","shops":0,"st_km":0.51,"mesh":"53395542"},"geometry":{"type":"LineString","coordinates":[[139.65178,35.78637],[139.65167,35.786]]}},{"type":"Feature","properties":{"idx":104,"road":"赤塚公園通り","cls":"tertiary","shops":1,"st_km":0.39,"mesh":"53395542"},"geometry":{"type":"LineString","coordinates":[[139.65201,35.78715],[139.65245,35.78706]]}},{"type":"Feature","properties":{"idx":104,"road":"赤塚公園通り","cls":"tertiary","shops":1,"st_km":0.39,"mesh":"53395542"},"geometry":{"type":"LineString","coordinates":[[139.65245,35.78706],[139.65255,35.78705]]}},{"type":"Feature","properties":{"idx":85,"road":NaN,"cls":"tertiary","shops":1,"st_km":0.6,"mesh":"53395542"},"geometry":{"type":"LineString","coordinates":[[139.65156,35.78563],[139.65138,35.78499]]}},{"type":"Feature","properties":{"idx":82,"road":NaN,"cls":"tertiary","shops":1,"st_km":0.65,"mesh":"53395542"},"geometry":{"type":"LineString","coordinates":[[139.65138,35.78499],[139.6513,35.7848]]}},{"type":"Feature","properties":{"idx":86,"road":NaN,"cls":"tertiary","shops":1,"st_km":0.6,"mesh":"53395542"},"geometry":{"type":"LineString","coordinates":[[139.65444,35.78466],[139.65455,35.78503]]}},{"type":"Feature","properties":{"idx":59,"road":NaN,"cls":"tertiary","shops":0,"st_km":0.56,"mesh":"53395542"},"geometry":{"type":"LineString","coordinates":[[139.652,35.78554],[139.65208,35.78552]]}},{"type":"Feature","properties":{"idx":74,"road":NaN,"cls":"tertiary","shops":0,"st_km":0.32,"mesh":"53395542"},"geometry":{"type":"LineString","coordinates":[[139.65246,35.78866],[139.65201,35.78715]]}},{"type":"Feature","properties":{"idx":167,"road":NaN,"cls":"tertiary","shops":2,"st_km":0.21,"mesh":"53395542"},"geometry":{"type":"LineString","coordinates":[[139.65269,35.7894],[139.65246,35.78866]]}},{"type":"Feature","properties":{"idx":173,"road":NaN,"cls":"tertiary","shops":2,"st_km":0.17,"mesh":"53395542"},"geometry":{"type":"LineString","coordinates":[[139.65273,35.78952],[139.65269,35.7894]]}},{"type":"Feature","properties":{"idx":176,"road":NaN,"cls":"tertiary","shops":2,"st_km":0.15,"mesh":"53395542"},"geometry":{"type":"LineString","coordinates":[[139.65282,35.78984],[139.65273,35.78952]]}},{"type":"Feature","properties":{"idx":91,"road":NaN,"cls":"tertiary","shops":0,"st_km":0.12,"mesh":"53395542"},"geometry":{"type":"LineString","coordinates":[[139.65304,35.7906],[139.65296,35.79034]]}},{"type":"Feature","properties":{"idx":86,"road":"高島通り","cls":"secondary","shops":0,"st_km":0.29,"mesh":"53395542"},"geometry":{"type":"LineString","coordinates":[[139.6493,35.79106],[139.65296,35.79034]]}},{"type":"Feature","properties":{"idx":91,"road":NaN,"cls":"tertiary","shops":0,"st_km":0.13,"mesh":"53395542"},"geometry":{"type":"LineString","coordinates":[[139.65296,35.79034],[139.65293,35.79022]]}},{"type":"Feature","properties":{"idx":62,"road":"東京都道446号長後赤塚線","cls":"secondary","shops":0,"st_km":0.64,"mesh":"53395542"},"geometry":{"type":"LineString","coordinates":[[139.65138,35.78499],[139.65186,35.78485]]}},{"type":"Feature","properties":{"idx":73,"road":NaN,"cls":"tertiary","shops":0,"st_km":0.35,"mesh":"53395542"},"geometry":{"type":"LineString","coordinates":[[139.655,35.78656],[139.65536,35.78781]]}},{"type":"Feature","properties":{"idx":100,"road":"長後赤塚線","cls":"secondary","shops":0,"st_km":0.2,"mesh":"53395542"},"geometry":{"type":"LineString","coordinates":[[139.65938,35.78722],[139.65981,35.78844]]}},{"type":"Feature","properties":{"idx":527,"road":"産業道路","cls":"tertiary","shops":1,"st_km":0.11,"mesh":"53395567"},"geometry":{"type":"LineString","coordinates":[[139.71824,35.80262],[139.71841,35.80247]]}},{"type":"Feature","properties":{"idx":360,"road":NaN,"cls":"tertiary","shops":0,"st_km":1.45,"mesh":"53395549"},"geometry":{"type":"LineString","coordinates":[[139.7464,35.78281],[139.74753,35.78468]]}},{"type":"Feature","properties":{"idx":144,"road":NaN,"cls":"tertiary","shops":1,"st_km":1.36,"mesh":"53395539"},"geometry":{"type":"LineString","coordinates":[[139.74631,35.78266],[139.7464,35.78281]]}},{"type":"Feature","properties":{"idx":414,"road":NaN,"cls":"tertiary","shops":1,"st_km":0.61,"mesh":"53395558"},"geometry":{"type":"LineString","coordinates":[[139.72827,35.79474],[139.72842,35.79475]]}},{"type":"Feature","properties":{"idx":411,"road":NaN,"cls":"tertiary","shops":1,"st_km":0.62,"mesh":"53395558"},"geometry":{"type":"LineString","coordinates":[[139.72789,35.79472],[139.72827,35.79474]]}},{"type":"Feature","properties":{"idx":167,"road":NaN,"cls":"tertiary_link","shops":0,"st_km":0.64,"mesh":"53395558"},"geometry":{"type":"LineString","coordinates":[[139.7268,35.79507],[139.7269,35.79475],[139.72698,35.79468]]}},{"type":"Feature","properties":{"idx":348,"road":NaN,"cls":"tertiary","shops":0,"st_km":1.15,"mesh":"53395559"},"geometry":{"type":"LineString","coordinates":[[139.74432,35.79582],[139.74312,35.7961],[139.74248,35.79619],[139.74112,35.79605],[139.73921,35.79554]]}},{"type":"Feature","properties":{"idx":373,"road":NaN,"cls":"tertiary","shops":0,"st_km":0.3,"mesh":"53395558"},"geometry":{"type":"LineString","coordinates":[[139.72928,35.79659],[139.72943,35.79724],[139.73016,35.79813]]}},{"type":"Feature","properties":{"idx":284,"road":NaN,"cls":"tertiary","shops":0,"st_km":1.45,"mesh":"53395559"},"geometry":{"type":"LineString","coordinates":[[139.74813,35.78872],[139.74804,35.78901],[139.74699,35.79034],[139.74588,35.79196],[139.74512,35.79249],[139.74422,35.7929],[139.74363,35.79301],[139.74111,35.79304],[139.73715,35.79292],[139.73606,35.79284]]}},{"type":"Feature","properties":{"idx":300,"road":NaN,"cls":"tertiary","shops":0,"st_km":1.78,"mesh":"53395549"},"geometry":{"type":"LineString","coordinates":[[139.74827,35.7869],[139.74816,35.78711],[139.74813,35.78872]]}},{"type":"Feature","properties":{"idx":303,"road":NaN,"cls":"tertiary","shops":0,"st_km":1.76,"mesh":"53395549"},"geometry":{"type":"LineString","coordinates":[[139.74635,35.78817],[139.74813,35.78872]]}},{"type":"Feature","properties":{"idx":632,"road":NaN,"cls":"tertiary","shops":2,"st_km":1.68,"mesh":"53395549"},"geometry":{"type":"LineString","coordinates":[[139.7463,35.78816],[139.74635,35.78817]]}},{"type":"Feature","properties":{"idx":787,"road":NaN,"cls":"tertiary","shops":0,"st_km":0.39,"mesh":"53395524"},"geometry":{"type":"LineString","coordinates":[[139.68612,35.77411],[139.6865,35.77389]]}},{"type":"Feature","properties":{"idx":1225,"road":NaN,"cls":"tertiary","shops":0,"st_km":0.47,"mesh":"53395525"},"geometry":{"type":"LineString","coordinates":[[139.68809,35.77338],[139.68744,35.7735],[139.68701,35.77336]]}},{"type":"Feature","properties":{"idx":487,"road":"仁志町領家町線","cls":"tertiary","shops":0,"st_km":1.09,"mesh":"53395569"},"geometry":{"type":"LineString","coordinates":[[139.74163,35.80886],[139.74366,35.80676]]}},{"type":"Feature","properties":{"idx":480,"road":"中央道路","cls":"secondary","shops":2,"st_km":0.6,"mesh":"53395567"},"geometry":{"type":"LineString","coordinates":[[139.7222,35.80477],[139.72176,35.80687]]}},{"type":"Feature","properties":{"idx":351,"road":"市役所前通り","cls":"tertiary","shops":2,"st_km":0.81,"mesh":"53395567"},"geometry":{"type":"LineString","coordinates":[[139.72176,35.80687],[139.7256,35.80741]]}},{"type":"Feature","properties":{"idx":459,"road":"東京川口線","cls":"secondary","shops":1,"st_km":0.76,"mesh":"53395568"},"geometry":{"type":"LineString","coordinates":[[139.73353,35.80633],[139.73345,35.80635]]}},{"type":"Feature","properties":{"idx":602,"road":"仁志町領家町線","cls":"tertiary","shops":0,"st_km":0.41,"mesh":"53395578"},"geometry":{"type":"LineString","coordinates":[[139.73517,35.81245],[139.73508,35.81247]]}},{"type":"Feature","properties":{"idx":539,"road":"仁志町領家町線","cls":"tertiary","shops":0,"st_km":0.53,"mesh":"53395578"},"geometry":{"type":"LineString","coordinates":[[139.73508,35.81247],[139.73438,35.81254],[139.73371,35.81252],[139.72995,35.81199]]}},{"type":"Feature","properties":{"idx":393,"road":NaN,"cls":"tertiary","shops":0,"st_km":0.99,"mesh":"53395559"},"geometry":{"type":"LineString","coordinates":[[139.7403,35.79957],[139.74072,35.79949],[139.74152,35.79951]]}},{"type":"Feature","properties":{"idx":403,"road":NaN,"cls":"tertiary","shops":0,"st_km":0.96,"mesh":"53395559"},"geometry":{"type":"LineString","coordinates":[[139.7403,35.79957],[139.7409,35.80001]]}},{"type":"Feature","properties":{"idx":1096,"road":"東京川口線","cls":"secondary","shops":1,"st_km":0.75,"mesh":"53395569"},"geometry":{"type":"LineString","coordinates":[[139.74152,35.79951],[139.7357,35.80448],[139.73413,35.80602],[139.73353,35.80633]]}},{"type":"Feature","properties":{"idx":864,"road":NaN,"cls":"tertiary","shops":3,"st_km":0.13,"mesh":"53395567"},"geometry":{"type":"LineString","coordinates":[[139.71896,35.80192],[139.71879,35.8019]]}},{"type":"Feature","properties":{"idx":321,"road":NaN,"cls":"tertiary","shops":0,"st_km":0.2,"mesh":"53395567"},"geometry":{"type":"LineString","coordinates":[[139.71896,35.80192],[139.71931,35.79939]]}},{"type":"Feature","properties":{"idx":455,"road":NaN,"cls":"tertiary","shops":0,"st_km":0.23,"mesh":"53395568"},"geometry":{"type":"LineString","coordinates":[[139.73144,35.80171],[139.73152,35.80168]]}},{"type":"Feature","properties":{"idx":1321,"road":"六間通り","cls":"tertiary","shops":3,"st_km":0.08,"mesh":"53395568"},"geometry":{"type":"LineString","coordinates":[[139.73055,35.80064],[139.73046,35.80069]]}},{"type":"Feature","properties":{"idx":498,"road":"六間通り","cls":"tertiary","shops":0,"st_km":0.14,"mesh":"53395568"},"geometry":{"type":"LineString","coordinates":[[139.7296,35.80122],[139.72942,35.8013]]}},{"type":"Feature","properties":{"idx":531,"road":NaN,"cls":"tertiary","shops":1,"st_km":0.1,"mesh":"53395567"},"geometry":{"type":"LineString","coordinates":[[139.7178,35.80253],[139.71779,35.80265],[139.71802,35.80282]]}},{"type":"Feature","properties":{"idx":536,"road":NaN,"cls":"tertiary","shops":1,"st_km":0.1,"mesh":"53395567"},"geometry":{"type":"LineString","coordinates":[[139.71831,35.80232],[139.71844,35.8022]]}},{"type":"Feature","properties":{"idx":359,"road":NaN,"cls":"tertiary","shops":0,"st_km":0.09,"mesh":"53395567"},"geometry":{"type":"LineString","coordinates":[[139.71816,35.8024],[139.71831,35.80232]]}},{"type":"Feature","properties":{"idx":543,"road":NaN,"cls":"tertiary","shops":1,"st_km":0.08,"mesh":"53395567"},"geometry":{"type":"LineString","coordinates":[[139.7178,35.80253],[139.718,35.80244]]}},{"type":"Feature","properties":{"idx":880,"road":"東京川口線","cls":"secondary","shops":3,"st_km":1.3,"mesh":"53395559"},"geometry":{"type":"LineString","coordinates":[[139.74538,35.79636],[139.74433,35.79727],[139.74259,35.79865]]}},{"type":"Feature","properties":{"idx":1060,"road":NaN,"cls":"tertiary","shops":4,"st_km":0.11,"mesh":"53395567"},"geometry":{"type":"LineString","coordinates":[[139.71844,35.8022],[139.71879,35.8019]]}},{"type":"Feature","properties":{"idx":173,"road":NaN,"cls":"tertiary","shops":0,"st_km":1.34,"mesh":"53395589"},"geometry":{"type":"LineString","coordinates":[[139.74902,35.82054],[139.74872,35.82097],[139.74864,35.82122],[139.74863,35.82155],[139.74899,35.8234],[139.74913,35.82368],[139.74939,35.82404]]}},{"type":"Feature","properties":{"idx":1228,"road":NaN,"cls":"tertiary","shops":4,"st_km":0.21,"mesh":"53395579"},"geometry":{"type":"LineString","coordinates":[[139.74008,35.81445],[139.73771,35.81679],[139.73715,35.81712],[139.73652,35.81733]]}},{"type":"Feature","properties":{"idx":409,"road":"仁志町領家町線","cls":"tertiary","shops":0,"st_km":0.83,"mesh":"53395578"},"geometry":{"type":"LineString","coordinates":[[139.72953,35.81193],[139.72751,35.81164]]}},{"type":"Feature","properties":{"idx":352,"road":NaN,"cls":"tertiary","shops":0,"st_km":1.02,"mesh":"53395578"},"geometry":{"type":"LineString","coordinates":[[139.72844,35.8078],[139.72835,35.80839],[139.7278,35.81036],[139.72751,35.81164]]}},{"type":"Feature","properties":{"idx":247,"road":"市役所前通り","cls":"tertiary","shops":0,"st_km":0.88,"mesh":"53395568"},"geometry":{"type":"LineString","coordinates":[[139.7256,35.80741],[139.72844,35.8078]]}},{"type":"Feature","properties":{"idx":875,"road":"産業道路","cls":"tertiary","shops":3,"st_km":0.11,"mesh":"53395567"},"geometry":{"type":"LineString","coordinates":[[139.71856,35.80233],[139.71868,35.80222]]}},{"type":"Feature","properties":{"idx":702,"road":"産業道路","cls":"tertiary","shops":2,"st_km":0.11,"mesh":"53395567"},"geometry":{"type":"LineString","coordinates":[[139.71841,35.80247],[139.71856,35.80233]]}},{"type":"Feature","properties":{"idx":1085,"road":"六間通り","cls":"tertiary","shops":5,"st_km":0.23,"mesh":"53395567"},"geometry":{"type":"LineString","coordinates":[[139.71983,35.8022],[139.7201,35.80226]]}},{"type":"Feature","properties":{"idx":358,"road":"川口草加線","cls":"secondary","shops":0,"st_km":1.28,"mesh":"53395559"},"geometry":{"type":"LineString","coordinates":[[139.74152,35.79951],[139.74667,35.79967]]}},{"type":"Feature","properties":{"idx":1108,"road":"六間通り","cls":"tertiary","shops":5,"st_km":0.21,"mesh":"53395567"},"geometry":{"type":"LineString","coordinates":[[139.71968,35.80218],[139.71983,35.8022]]}},{"type":"Feature","properties":{"idx":309,"road":"あずま橋通り","cls":"tertiary","shops":0,"st_km":0.62,"mesh":"53395568"},"geometry":{"type":"LineString","coordinates":[[139.73273,35.80332],[139.73324,35.80345],[139.73625,35.80539]]}},{"type":"Feature","properties":{"idx":920,"road":"東京都道447号赤羽西台線","cls":"secondary","shops":7,"st_km":0.16,"mesh":"53395543"},"geometry":{"type":"LineString","coordinates":[[139.6743,35.78676],[139.67417,35.78586]]}},{"type":"Feature","properties":{"idx":180,"road":"東京都道446号長後赤塚線","cls":"secondary","shops":0,"st_km":0.73,"mesh":"53395533"},"geometry":{"type":"LineString","coordinates":[[139.6734,35.77918],[139.67326,35.7797]]}},{"type":"Feature","properties":{"idx":500,"road":"高島通り","cls":"secondary","shops":3,"st_km":0.18,"mesh":"53395543"},"geometry":{"type":"LineString","coordinates":[[139.66738,35.78732],[139.67407,35.78587]]}},{"type":"Feature","properties":{"idx":194,"road":"東京都道446号長後赤塚線","cls":"secondary","shops":0,"st_km":0.65,"mesh":"53395533"},"geometry":{"type":"LineString","coordinates":[[139.6736,35.78046],[139.67359,35.78016]]}},{"type":"Feature","properties":{"idx":207,"road":"東京都道446号長後赤塚線","cls":"secondary","shops":0,"st_km":0.57,"mesh":"53395533"},"geometry":{"type":"LineString","coordinates":[[139.67341,35.78052],[139.67352,35.78121],[139.67362,35.78256]]}},{"type":"Feature","properties":{"idx":194,"road":"東京都道446号長後赤塚線","cls":"secondary","shops":0,"st_km":0.64,"mesh":"53395533"},"geometry":{"type":"LineString","coordinates":[[139.67341,35.78052],[139.67346,35.78046]]}},{"type":"Feature","properties":{"idx":1343,"road":NaN,"cls":"tertiary","shops":0,"st_km":1.28,"mesh":"53395556"},"geometry":{"type":"LineString","coordinates":[[139.70462,35.80007],[139.70447,35.80002],[139.70341,35.79993],[139.70237,35.80011]]}},{"type":"Feature","properties":{"idx":231,"road":NaN,"cls":"tertiary","shops":0,"st_km":1.32,"mesh":"53395566"},"geometry":{"type":"LineString","coordinates":[[139.70079,35.80042],[139.70069,35.80044]]}},{"type":"Feature","properties":{"idx":228,"road":NaN,"cls":"tertiary","shops":0,"st_km":1.34,"mesh":"53395566"},"geometry":{"type":"LineString","coordinates":[[139.70165,35.80025],[139.70079,35.80042]]}},{"type":"Feature","properties":{"idx":222,"road":NaN,"cls":"tertiary","shops":0,"st_km":1.38,"mesh":"53395566"},"geometry":{"type":"LineString","coordinates":[[139.70237,35.80011],[139.70165,35.80025]]}},{"type":"Feature","properties":{"idx":273,"road":"環八通り","cls":"primary","shops":0,"st_km":0.54,"mesh":"53395534"},"geometry":{"type":"LineString","coordinates":[[139.68023,35.77728],[139.6796,35.77712]]}},{"type":"Feature","properties":{"idx":412,"road":"環八通り","cls":"primary","shops":1,"st_km":0.53,"mesh":"53395534"},"geometry":{"type":"LineString","coordinates":[[139.67972,35.77723],[139.68024,35.77736]]}},{"type":"Feature","properties":{"idx":421,"road":NaN,"cls":"pedestrian","shops":0,"st_km":1.21,"mesh":"53395577"},"geometry":{"type":"LineString","coordinates":[[139.71858,35.81285],[139.71856,35.81258]]}},{"type":"Feature","properties":{"idx":600,"road":NaN,"cls":"pedestrian","shops":1,"st_km":1.28,"mesh":"53395577"},"geometry":{"type":"LineString","coordinates":[[139.71858,35.81331],[139.71882,35.81334]]}},{"type":"Feature","properties":{"idx":599,"road":NaN,"cls":"pedestrian","shops":1,"st_km":1.29,"mesh":"53395577"},"geometry":{"type":"LineString","coordinates":[[139.71863,35.81308],[139.71849,35.81307],[139.71835,35.81382]]}},{"type":"Feature","properties":{"idx":616,"road":NaN,"cls":"pedestrian","shops":1,"st_km":1.25,"mesh":"53395577"},"geometry":{"type":"LineString","coordinates":[[139.71829,35.81281],[139.71869,35.81287],[139.71856,35.81339],[139.71846,35.81337]]}},{"type":"Feature","properties":{"idx":377,"road":NaN,"cls":"tertiary","shops":0,"st_km":0.94,"mesh":"53395577"},"geometry":{"type":"LineString","coordinates":[[139.7161,35.81431],[139.71306,35.81389]]}},{"type":"Feature","properties":{"idx":369,"road":"環七通り","cls":"primary","shops":1,"st_km":0.37,"mesh":"53395528"},"geometry":{"type":"LineString","coordinates":[[139.72551,35.76702],[139.72458,35.76676]]}},{"type":"Feature","properties":{"idx":365,"road":"環七通り","cls":"primary","shops":1,"st_km":0.38,"mesh":"53395528"},"geometry":{"type":"LineString","coordinates":[[139.72548,35.76708],[139.72691,35.76748]]}},{"type":"Feature","properties":{"idx":231,"road":NaN,"cls":"tertiary","shops":0,"st_km":1.6,"mesh":"53395597"},"geometry":{"type":"LineString","coordinates":[[139.71753,35.83244],[139.71959,35.8326]]}},{"type":"Feature","properties":{"idx":405,"road":"防火道路","cls":"tertiary","shops":0,"st_km":0.22,"mesh":"53395558"},"geometry":{"type":"LineString","coordinates":[[139.73016,35.79813],[139.73102,35.7982]]}},{"type":"Feature","properties":{"idx":317,"road":NaN,"cls":"tertiary","shops":0,"st_km":0.47,"mesh":"53395558"},"geometry":{"type":"LineString","coordinates":[[139.73104,35.79606],[139.73135,35.79596]]}},{"type":"Feature","properties":{"idx":301,"road":NaN,"cls":"tertiary","shops":0,"st_km":0.52,"mesh":"53395558"},"geometry":{"type":"LineString","coordinates":[[139.73089,35.7949],[139.73094,35.79586],[139.73104,35.79606]]}},{"type":"Feature","properties":{"idx":728,"road":NaN,"cls":"tertiary","shops":2,"st_km":0.08,"mesh":"53395567"},"geometry":{"type":"LineString","coordinates":[[139.71789,35.80238],[139.7178,35.80253]]}},{"type":"Feature","properties":{"idx":345,"road":"防火道路","cls":"tertiary","shops":0,"st_km":0.38,"mesh":"53395558"},"geometry":{"type":"LineString","coordinates":[[139.73102,35.7982],[139.73429,35.79814],[139.73553,35.79881]]}},{"type":"Feature","properties":{"idx":265,"road":NaN,"cls":"tertiary","shops":0,"st_km":0.65,"mesh":"53395558"},"geometry":{"type":"LineString","coordinates":[[139.72698,35.79468],[139.72712,35.79468]]}},{"type":"Feature","properties":{"idx":531,"road":NaN,"cls":"tertiary","shops":1,"st_km":0.1,"mesh":"53395567"},"geometry":{"type":"LineString","coordinates":[[139.71879,35.8019],[139.71845,35.80185]]}},{"type":"Feature","properties":{"idx":407,"road":NaN,"cls":"tertiary","shops":0,"st_km":0.95,"mesh":"53395559"},"geometry":{"type":"LineString","coordinates":[[139.73879,35.79592],[139.73921,35.79554]]}},{"type":"Feature","properties":{"idx":460,"road":NaN,"cls":"tertiary","shops":0,"st_km":0.8,"mesh":"53395559"},"geometry":{"type":"LineString","coordinates":[[139.73689,35.7976],[139.73879,35.79592]]}},{"type":"Feature","properties":{"idx":454,"road":NaN,"cls":"tertiary","shops":0,"st_km":0.23,"mesh":"53395568"},"geometry":{"type":"LineString","coordinates":[[139.72993,35.80217],[139.73016,35.80209]]}},{"type":"Feature","properties":{"idx":326,"road":"環七北通り","cls":"tertiary","shops":0,"st_km":1.62,"mesh":"53395549"},"geometry":{"type":"LineString","coordinates":[[139.74753,35.78468],[139.7498,35.78418]]}},{"type":"Feature","properties":{"idx":308,"road":NaN,"cls":"tertiary","shops":0,"st_km":0.49,"mesh":"53395558"},"geometry":{"type":"LineString","coordinates":[[139.73062,35.79483],[139.72958,35.79583],[139.72933,35.79629],[139.72928,35.79659]]}},{"type":"Feature","properties":{"idx":566,"road":NaN,"cls":"tertiary","shops":2,"st_km":0.58,"mesh":"53395558"},"geometry":{"type":"LineString","coordinates":[[139.73089,35.7949],[139.73062,35.79483]]}},{"type":"Feature","properties":{"idx":311,"road":"環七北通り","cls":"tertiary","shops":0,"st_km":1.72,"mesh":"53395549"},"geometry":{"type":"LineString","coordinates":[[139.7498,35.78418],[139.75006,35.78412]]}},{"type":"Feature","properties":{"idx":209,"road":"あずま橋通り","cls":"tertiary","shops":0,"st_km":0.94,"mesh":"53395579"},"geometry":{"type":"LineString","coordinates":[[139.74163,35.80886],[139.744,35.81036]]}},{"type":"Feature","properties":{"idx":672,"road":"仁志町領家町線","cls":"tertiary","shops":2,"st_km":1.68,"mesh":"53395569"},"geometry":{"type":"LineString","coordinates":[[139.75042,35.79978],[139.74645,35.80387]]}},{"type":"Feature","properties":{"idx":214,"road":"仁志町領家町線","cls":"tertiary","shops":0,"st_km":0.91,"mesh":"53395579"},"geometry":{"type":"LineString","coordinates":[[139.74163,35.80886],[139.74115,35.80935]]}},{"type":"Feature","properties":{"idx":1279,"road":"あずま橋通り","cls":"tertiary","shops":3,"st_km":1.03,"mesh":"53395569"},"geometry":{"type":"LineString","coordinates":[[139.73625,35.80539],[139.74163,35.80886]]}},{"type":"Feature","properties":{"idx":150,"road":NaN,"cls":"tertiary","shops":0,"st_km":0.19,"mesh":"53395576"},"geometry":{"type":"LineString","coordinates":[[139.70655,35.81539],[139.70627,35.81566]]}},{"type":"Feature","properties":{"idx":431,"road":NaN,"cls":"tertiary_link","shops":3,"st_km":0.54,"mesh":"53395586"},"geometry":{"type":"LineString","coordinates":[[139.70922,35.81816],[139.70932,35.81813],[139.70948,35.81821]]}},{"type":"Feature","properties":{"idx":683,"road":NaN,"cls":"tertiary","shops":6,"st_km":0.06,"mesh":"53395576"},"geometry":{"type":"LineString","coordinates":[[139.705,35.81581],[139.70498,35.81572]]}},{"type":"Feature","properties":{"idx":429,"road":NaN,"cls":"tertiary_link","shops":6,"st_km":0.06,"mesh":"53395576"},"geometry":{"type":"LineString","coordinates":[[139.70488,35.81581],[139.70498,35.81572]]}},{"type":"Feature","properties":{"idx":865,"road":NaN,"cls":"tertiary","shops":8,"st_km":0.05,"mesh":"53395576"},"geometry":{"type":"LineString","coordinates":[[139.70469,35.81585],[139.70474,35.81588]]}},{"type":"Feature","properties":{"idx":768,"road":NaN,"cls":"tertiary","shops":7,"st_km":0.06,"mesh":"53395576"},"geometry":{"type":"LineString","coordinates":[[139.70498,35.81572],[139.70502,35.81559]]}},{"type":"Feature","properties":{"idx":144,"road":NaN,"cls":"tertiary","shops":0,"st_km":0.23,"mesh":"53395576"},"geometry":{"type":"LineString","coordinates":[[139.70552,35.81544],[139.7082,35.81532]]}},{"type":"Feature","properties":{"idx":511,"road":"南平交通公園通り","cls":"tertiary","shops":1,"st_km":1.64,"mesh":"53395569"},"geometry":{"type":"LineString","coordinates":[[139.74645,35.80387],[139.74877,35.80536]]}},{"type":"Feature","properties":{"idx":441,"road":NaN,"cls":"tertiary","shops":1,"st_km":0.55,"mesh":"53395579"},"geometry":{"type":"LineString","coordinates":[[139.74226,35.81222],[139.74008,35.81445]]}},{"type":"Feature","properties":{"idx":129,"road":"西川口陸橋通り","cls":"tertiary","shops":0,"st_km":0.33,"mesh":"53395576"},"geometry":{"type":"LineString","coordinates":[[139.7082,35.81532],[139.70775,35.81515]]}},{"type":"Feature","properties":{"idx":773,"road":NaN,"cls":"tertiary","shops":7,"st_km":0.06,"mesh":"53395576"},"geometry":{"type":"LineString","coordinates":[[139.70474,35.81588],[139.70488,35.81581]]}},{"type":"Feature","properties":{"idx":383,"road":"仁志町領家町線","cls":"tertiary","shops":0,"st_km":1.44,"mesh":"53395569"},"geometry":{"type":"LineString","coordinates":[[139.74366,35.80676],[139.74645,35.80387]]}},{"type":"Feature","properties":{"idx":192,"road":"南平工業団地通り","cls":"tertiary","shops":0,"st_km":1.05,"mesh":"53395579"},"geometry":{"type":"LineString","coordinates":[[139.74525,35.809],[139.74406,35.81023],[139.744,35.81036]]}},{"type":"Feature","properties":{"idx":330,"road":"中央道路","cls":"secondary","shops":1,"st_km":1.44,"mesh":"53395587"},"geometry":{"type":"LineString","coordinates":[[139.71731,35.82055],[139.71722,35.82391],[139.71728,35.82567]]}},{"type":"Feature","properties":{"idx":704,"road":NaN,"cls":"tertiary","shops":7,"st_km":0.14,"mesh":"53395576"},"geometry":{"type":"LineString","coordinates":[[139.70584,35.81608],[139.70563,35.81628]]}},{"type":"Feature","properties":{"idx":647,"road":"本郷赤羽線","cls":"secondary","shops":5,"st_km":0.71,"mesh":"53395518"},"geometry":{"type":"LineString","coordinates":[[139.7308,35.75839],[139.73144,35.75875]]}},{"type":"Feature","properties":{"idx":227,"road":NaN,"cls":"tertiary","shops":0,"st_km":0.54,"mesh":"53395567"},"geometry":{"type":"LineString","coordinates":[[139.71445,35.80583],[139.71546,35.80662]]}},{"type":"Feature","properties":{"idx":777,"road":NaN,"cls":"tertiary","shops":1,"st_km":1.02,"mesh":"53395569"},"geometry":{"type":"LineString","coordinates":[[139.73874,35.80186],[139.74255,35.80439]]}},{"type":"Feature","properties":{"idx":1220,"road":NaN,"cls":"tertiary","shops":2,"st_km":0.44,"mesh":"53395535"},"geometry":{"type":"LineString","coordinates":[[139.69294,35.78048],[139.69327,35.77972]]}},{"type":"Feature","properties":{"idx":538,"road":"光が丘西大通り","cls":"tertiary","shops":0,"st_km":0.32,"mesh":"53395500"},"geometry":{"type":"LineString","coordinates":[[139.6254,35.75811],[139.62544,35.75777],[139.62559,35.75753],[139.62634,35.75709],[139.62652,35.75689],[139.62661,35.75663],[139.62659,35.75642]]}},{"type":"Feature","properties":{"idx":534,"road":"光が丘西大通り","cls":"tertiary","shops":0,"st_km":0.33,"mesh":"53395500"},"geometry":{"type":"LineString","coordinates":[[139.62659,35.75642],[139.62652,35.75675],[139.62639,35.75697],[139.62565,35.7574],[139.62545,35.7576],[139.62537,35.75785],[139.6254,35.75811]]}},{"type":"Feature","properties":{"idx":785,"road":"光が丘西大通り","cls":"tertiary","shops":1,"st_km":0.35,"mesh":"53395500"},"geometry":{"type":"LineString","coordinates":[[139.62538,35.75841],[139.6254,35.75811]]}},{"type":"Feature","properties":{"idx":411,"road":NaN,"cls":"primary_link","shops":0,"st_km":0.59,"mesh":"53395523"},"geometry":{"type":"LineString","coordinates":[[139.66893,35.76833],[139.66906,35.76833],[139.66907,35.76824]]}},{"type":"Feature","properties":{"idx":344,"road":"南平工業団地通り","cls":"tertiary","shops":1,"st_km":0.83,"mesh":"53395579"},"geometry":{"type":"LineString","coordinates":[[139.744,35.81036],[139.74371,35.81072],[139.74226,35.81222]]}},{"type":"Feature","properties":{"idx":673,"road":NaN,"cls":"tertiary","shops":3,"st_km":0.56,"mesh":"53395586"},"geometry":{"type":"LineString","coordinates":[[139.70944,35.81773],[139.70949,35.81904]]}},{"type":"Feature","properties":{"idx":140,"road":NaN,"cls":"tertiary","shops":3,"st_km":0.62,"mesh":"53395517"},"geometry":{"type":"LineString","coordinates":[[139.71525,35.76144],[139.71565,35.76186],[139.71573,35.76211]]}},{"type":"Feature","properties":{"idx":309,"road":NaN,"cls":"primary_link","shops":1,"st_km":0.34,"mesh":"53395599"},"geometry":{"type":"LineString","coordinates":[[139.73848,35.82824],[139.73835,35.82837],[139.73839,35.82842],[139.73848,35.82843]]}},{"type":"Feature","properties":{"idx":313,"road":NaN,"cls":"primary_link","shops":1,"st_km":0.32,"mesh":"53395599"},"geometry":{"type":"LineString","coordinates":[[139.73812,35.82855],[139.73824,35.82849],[139.73825,35.82843],[139.73809,35.82839]]}},{"type":"Feature","properties":{"idx":453,"road":"南田中町旭町線（支線1）（補助第172号線）","cls":"secondary","shops":0,"st_km":0.62,"mesh":"53395500"},"geometry":{"type":"LineString","coordinates":[[139.62469,35.7537],[139.62663,35.75373]]}},{"type":"Feature","properties":{"idx":133,"road":NaN,"cls":"tertiary","shops":0,"st_km":0.96,"mesh":"53395599"},"geometry":{"type":"LineString","coordinates":[[139.74694,35.83208],[139.74624,35.83297]]}},{"type":"Feature","properties":{"idx":136,"road":NaN,"cls":"tertiary","shops":0,"st_km":0.93,"mesh":"53395599"},"geometry":{"type":"LineString","coordinates":[[139.74624,35.83297],[139.74588,35.83343]]}},{"type":"Feature","properties":{"idx":403,"road":"王子千住夢の島線","cls":"primary_link","shops":5,"st_km":0.48,"mesh":"53395509"},"geometry":{"type":"LineString","coordinates":[[139.74159,35.75603],[139.74163,35.75599]]}},{"type":"Feature","properties":{"idx":412,"road":"明治通り","cls":"primary","shops":3,"st_km":0.47,"mesh":"53395509"},"geometry":{"type":"LineString","coordinates":[[139.74172,35.75592],[139.74181,35.75584]]}},{"type":"Feature","properties":{"idx":651,"road":"王子金町市川線","cls":"primary","shops":6,"st_km":0.49,"mesh":"53395509"},"geometry":{"type":"LineString","coordinates":[[139.74163,35.75599],[139.74178,35.75618]]}},{"type":"Feature","properties":{"idx":417,"road":"明治通り","cls":"primary","shops":3,"st_km":0.46,"mesh":"53395509"},"geometry":{"type":"LineString","coordinates":[[139.74145,35.75577],[139.74163,35.75599]]}},{"type":"Feature","properties":{"idx":263,"road":"池袋谷原線","cls":"secondary_link","shops":1,"st_km":0.1,"mesh":"53395502"},"geometry":{"type":"LineString","coordinates":[[139.65439,35.75787],[139.6556,35.75715],[139.65615,35.75664]]}},{"type":"Feature","properties":{"idx":342,"road":"池袋谷原線","cls":"secondary","shops":1,"st_km":0.24,"mesh":"53395502"},"geometry":{"type":"LineString","coordinates":[[139.65615,35.75664],[139.65679,35.7561]]}},{"type":"Feature","properties":{"idx":444,"road":NaN,"cls":"secondary_link","shops":3,"st_km":0.09,"mesh":"53395502"},"geometry":{"type":"LineString","coordinates":[[139.65368,35.758],[139.6537,35.75816],[139.65387,35.75818]]}},{"type":"Feature","properties":{"idx":412,"road":"放射第35号線（環状八号線（支線））","cls":"primary_link","shops":1,"st_km":0.18,"mesh":"53395512"},"geometry":{"type":"LineString","coordinates":[[139.65249,35.75919],[139.65297,35.75873],[139.65341,35.75843]]}},{"type":"Feature","properties":{"idx":183,"road":NaN,"cls":"tertiary","shops":0,"st_km":0.86,"mesh":"53395564"},"geometry":{"type":"LineString","coordinates":[[139.68409,35.80126],[139.6825,35.8011]]}},{"type":"Feature","properties":{"idx":178,"road":NaN,"cls":"tertiary","shops":0,"st_km":0.89,"mesh":"53395564"},"geometry":{"type":"LineString","coordinates":[[139.68418,35.80127],[139.68409,35.80126]]}},{"type":"Feature","properties":{"idx":130,"road":"高島通り","cls":"secondary","shops":0,"st_km":0.44,"mesh":"53395551"},"geometry":{"type":"LineString","coordinates":[[139.64072,35.79244],[139.64097,35.79242]]}},{"type":"Feature","properties":{"idx":142,"road":"笹目通り","cls":"primary","shops":0,"st_km":0.46,"mesh":"53395551"},"geometry":{"type":"LineString","coordinates":[[139.64072,35.79244],[139.64051,35.79241]]}},{"type":"Feature","properties":{"idx":102,"road":"高島通り","cls":"secondary_link","shops":0,"st_km":0.28,"mesh":"53395551"},"geometry":{"type":"LineString","coordinates":[[139.64133,35.79242],[139.64271,35.79227],[139.64392,35.79208]]}},{"type":"Feature","properties":{"idx":106,"road":NaN,"cls":"primary_link","shops":0,"st_km":0.39,"mesh":"53395551"},"geometry":{"type":"LineString","coordinates":[[139.64133,35.79242],[139.64142,35.79236]]}},{"type":"Feature","properties":{"idx":217,"road":"高島通り","cls":"secondary","shops":1,"st_km":0.33,"mesh":"53395551"},"geometry":{"type":"LineString","coordinates":[[139.64142,35.79236],[139.64267,35.79221]]}},{"type":"Feature","properties":{"idx":219,"road":NaN,"cls":"primary_link","shops":2,"st_km":0.53,"mesh":"53395509"},"geometry":{"type":"LineString","coordinates":[[139.73989,35.75742],[139.73992,35.75727],[139.7398,35.7572]]}},{"type":"Feature","properties":{"idx":277,"road":NaN,"cls":"primary_link","shops":3,"st_km":0.52,"mesh":"53395509"},"geometry":{"type":"LineString","coordinates":[[139.73989,35.75742],[139.74094,35.75662]]}},{"type":"Feature","properties":{"idx":341,"road":NaN,"cls":"primary_link","shops":4,"st_km":0.49,"mesh":"53395509"},"geometry":{"type":"LineString","coordinates":[[139.74094,35.75662],[139.74114,35.75639]]}},{"type":"Feature","properties":{"idx":166,"road":NaN,"cls":"primary_link","shops":1,"st_km":0.52,"mesh":"53395509"},"geometry":{"type":"LineString","coordinates":[[139.73989,35.75713],[139.74012,35.75725]]}},{"type":"Feature","properties":{"idx":965,"road":NaN,"cls":"tertiary","shops":0,"st_km":0.43,"mesh":"53395555"},"geometry":{"type":"LineString","coordinates":[[139.68855,35.79521],[139.69228,35.79496]]}},{"type":"Feature","properties":{"idx":1205,"road":"補助第89号線","cls":"tertiary","shops":10,"st_km":0.35,"mesh":"53395528"},"geometry":{"type":"LineString","coordinates":[[139.72846,35.76608],[139.7276,35.76761]]}},{"type":"Feature","properties":{"idx":284,"road":"環七通り","cls":"primary_link","shops":2,"st_km":0.56,"mesh":"53395528"},"geometry":{"type":"LineString","coordinates":[[139.73512,35.77017],[139.73562,35.77044]]}},{"type":"Feature","properties":{"idx":287,"road":"環七通り","cls":"primary_link","shops":2,"st_km":0.54,"mesh":"53395528"},"geometry":{"type":"LineString","coordinates":[[139.73568,35.77039],[139.73526,35.77003]]}},{"type":"Feature","properties":{"idx":1143,"road":NaN,"cls":"pedestrian","shops":7,"st_km":0.65,"mesh":"53395527"},"geometry":{"type":"LineString","coordinates":[[139.72303,35.76886],[139.72307,35.7689]]}},{"type":"Feature","properties":{"idx":325,"road":NaN,"cls":"tertiary","shops":0,"st_km":0.39,"mesh":"53395516"},"geometry":{"type":"LineString","coordinates":[[139.70437,35.76443],[139.7044,35.76444]]}},{"type":"Feature","properties":{"idx":298,"road":NaN,"cls":"tertiary","shops":0,"st_km":0.47,"mesh":"53395516"},"geometry":{"type":"LineString","coordinates":[[139.7045,35.76448],[139.70779,35.76621]]}},{"type":"Feature","properties":{"idx":325,"road":NaN,"cls":"tertiary","shops":0,"st_km":0.39,"mesh":"53395516"},"geometry":{"type":"LineString","coordinates":[[139.7044,35.76444],[139.7045,35.76448]]}},{"type":"Feature","properties":{"idx":609,"road":"中十条赤羽線","cls":"secondary","shops":3,"st_km":0.55,"mesh":"53395527"},"geometry":{"type":"LineString","coordinates":[[139.72117,35.77368],[139.72151,35.77173]]}},{"type":"Feature","properties":{"idx":860,"road":NaN,"cls":"tertiary","shops":1,"st_km":0.54,"mesh":"53395507"},"geometry":{"type":"LineString","coordinates":[[139.71579,35.75313],[139.71507,35.75377]]}},{"type":"Feature","properties":{"idx":258,"road":"本郷赤羽線（支線）(補助第73号線)","cls":"secondary","shops":3,"st_km":0.13,"mesh":"53395517"},"geometry":{"type":"LineString","coordinates":[[139.72075,35.76005],[139.72083,35.76018],[139.72087,35.76075],[139.72101,35.7608],[139.72155,35.76074]]}},{"type":"Feature","properties":{"idx":369,"road":"中央通り","cls":"tertiary","shops":0,"st_km":0.87,"mesh":"53395574"},"geometry":{"type":"LineString","coordinates":[[139.68543,35.8119],[139.68789,35.81152]]}},{"type":"Feature","properties":{"idx":157,"road":"東部センター通り","cls":"tertiary","shops":0,"st_km":1.05,"mesh":"53395575"},"geometry":{"type":"LineString","coordinates":[[139.68865,35.81404],[139.68824,35.81314],[139.68789,35.81152]]}},{"type":"Feature","properties":{"idx":120,"road":"戸二小通り","cls":"tertiary","shops":0,"st_km":1.49,"mesh":"53395565"},"geometry":{"type":"LineString","coordinates":[[139.69265,35.80494],[139.69607,35.80428]]}},{"type":"Feature","properties":{"idx":132,"road":"喜沢中通り","cls":"tertiary","shops":0,"st_km":1.33,"mesh":"53395565"},"geometry":{"type":"LineString","coordinates":[[139.69265,35.80494],[139.69247,35.80402]]}},{"type":"Feature","properties":{"idx":153,"road":NaN,"cls":"tertiary","shops":0,"st_km":1.11,"mesh":"53395575"},"geometry":{"type":"LineString","coordinates":[[139.69525,35.81091],[139.69415,35.80852],[139.69382,35.80816]]}},{"type":"Feature","properties":{"idx":144,"road":"中央通り","cls":"tertiary","shops":0,"st_km":1.23,"mesh":"53395565"},"geometry":{"type":"LineString","coordinates":[[139.69382,35.80816],[139.6954,35.80718],[139.69598,35.80693]]}},{"type":"Feature","properties":{"idx":424,"road":"妙仙寺・浮間通り","cls":"tertiary","shops":0,"st_km":0.64,"mesh":"53395566"},"geometry":{"type":"LineString","coordinates":[[139.71048,35.80262],[139.71108,35.80454]]}},{"type":"Feature","properties":{"idx":388,"road":NaN,"cls":"tertiary","shops":1,"st_km":0.41,"mesh":"53395567"},"geometry":{"type":"LineString","coordinates":[[139.71482,35.80172],[139.71115,35.80248]]}},{"type":"Feature","properties":{"idx":541,"road":NaN,"cls":"tertiary","shops":1,"st_km":0.09,"mesh":"53395567"},"geometry":{"type":"LineString","coordinates":[[139.71669,35.80152],[139.71653,35.80148]]}},{"type":"Feature","properties":{"idx":258,"road":"環状線通り","cls":"secondary","shops":1,"st_km":0.17,"mesh":"53395576"},"geometry":{"type":"LineString","coordinates":[[139.70257,35.8147],[139.7026,35.81564]]}},{"type":"Feature","properties":{"idx":600,"road":NaN,"cls":"tertiary","shops":5,"st_km":0.06,"mesh":"53395576"},"geometry":{"type":"LineString","coordinates":[[139.70367,35.81559],[139.70375,35.8155]]}},{"type":"Feature","properties":{"idx":610,"road":NaN,"cls":"tertiary","shops":5,"st_km":0.04,"mesh":"53395576"},"geometry":{"type":"LineString","coordinates":[[139.70393,35.8154],[139.70387,35.81536]]}},{"type":"Feature","properties":{"idx":524,"road":NaN,"cls":"tertiary","shops":4,"st_km":0.04,"mesh":"53395576"},"geometry":{"type":"LineString","coordinates":[[139.70404,35.81532],[139.70389,35.81535]]}},{"type":"Feature","properties":{"idx":607,"road":NaN,"cls":"tertiary","shops":5,"st_km":0.05,"mesh":"53395576"},"geometry":{"type":"LineString","coordinates":[[139.70387,35.81536],[139.70381,35.81543]]}},{"type":"Feature","properties":{"idx":604,"road":NaN,"cls":"tertiary","shops":5,"st_km":0.05,"mesh":"53395576"},"geometry":{"type":"LineString","coordinates":[[139.70375,35.8155],[139.70381,35.81543]]}},{"type":"Feature","properties":{"idx":608,"road":NaN,"cls":"tertiary","shops":5,"st_km":0.05,"mesh":"53395576"},"geometry":{"type":"LineString","coordinates":[[139.70389,35.81535],[139.70387,35.81536]]}},{"type":"Feature","properties":{"idx":602,"road":NaN,"cls":"tertiary","shops":5,"st_km":0.06,"mesh":"53395576"},"geometry":{"type":"LineString","coordinates":[[139.70381,35.81543],[139.70372,35.81537]]}},{"type":"Feature","properties":{"idx":857,"road":NaN,"cls":"tertiary","shops":0,"st_km":0.67,"mesh":"53395557"},"geometry":{"type":"LineString","coordinates":[[139.71694,35.79508],[139.71711,35.79646],[139.71708,35.79652]]}},{"type":"Feature","properties":{"idx":564,"road":NaN,"cls":"tertiary","shops":1,"st_km":0.05,"mesh":"53395567"},"geometry":{"type":"LineString","coordinates":[[139.71701,35.80169],[139.71695,35.80158]]}},{"type":"Feature","properties":{"idx":718,"road":NaN,"cls":"tertiary","shops":2,"st_km":0.09,"mesh":"53395567"},"geometry":{"type":"LineString","coordinates":[[139.71644,35.80166],[139.71651,35.8018]]}},{"type":"Feature","properties":{"idx":557,"road":NaN,"cls":"tertiary","shops":1,"st_km":0.06,"mesh":"53395567"},"geometry":{"type":"LineString","coordinates":[[139.71695,35.80158],[139.71685,35.80155]]}},{"type":"Feature","properties":{"idx":400,"road":"西川口駅前通り","cls":"tertiary","shops":3,"st_km":0.12,"mesh":"53395576"},"geometry":{"type":"LineString","coordinates":[[139.70372,35.81537],[139.70274,35.8147],[139.70257,35.8147]]}},{"type":"Feature","properties":{"idx":534,"road":"蕨桜町線","cls":"secondary","shops":2,"st_km":1.52,"mesh":"53395596"},"geometry":{"type":"LineString","coordinates":[[139.70615,35.8318],[139.70699,35.8319]]}},{"type":"Feature","properties":{"idx":274,"road":"蕨桜町線","cls":"secondary","shops":0,"st_km":1.48,"mesh":"53395596"},"geometry":{"type":"LineString","coordinates":[[139.70611,35.8318],[139.70615,35.8318]]}},{"type":"Feature","properties":{"idx":408,"road":"本町大通り","cls":"primary","shops":0,"st_km":0.43,"mesh":"53395558"},"geometry":{"type":"LineString","coordinates":[[139.72663,35.79731],[139.72652,35.79731]]}},{"type":"Feature","properties":{"idx":556,"road":NaN,"cls":"tertiary","shops":0,"st_km":0.21,"mesh":"53395595"},"geometry":{"type":"LineString","coordinates":[[139.69178,35.82874],[139.69274,35.82931]]}},{"type":"Feature","properties":{"idx":309,"road":NaN,"cls":"tertiary","shops":0,"st_km":0.81,"mesh":"53395595"},"geometry":{"type":"LineString","coordinates":[[139.69859,35.83089],[139.69857,35.83098]]}},{"type":"Feature","properties":{"idx":309,"road":NaN,"cls":"tertiary","shops":0,"st_km":0.81,"mesh":"53395595"},"geometry":{"type":"LineString","coordinates":[[139.69857,35.83098],[139.69857,35.83101]]}},{"type":"Feature","properties":{"idx":365,"road":NaN,"cls":"tertiary","shops":0,"st_km":0.63,"mesh":"53395595"},"geometry":{"type":"LineString","coordinates":[[139.697,35.82914],[139.69766,35.82802]]}},{"type":"Feature","properties":{"idx":419,"road":NaN,"cls":"tertiary","shops":0,"st_km":0.48,"mesh":"53395595"},"geometry":{"type":"LineString","coordinates":[[139.69475,35.83052],[139.69476,35.83046]]}},{"type":"Feature","properties":{"idx":400,"road":"蕨桜町線","cls":"secondary","shops":0,"st_km":0.66,"mesh":"53395595"},"geometry":{"type":"LineString","coordinates":[[139.69623,35.83067],[139.69638,35.83076],[139.69731,35.83088]]}},{"type":"Feature","properties":{"idx":585,"road":NaN,"cls":"tertiary","shops":0,"st_km":0.16,"mesh":"53395595"},"geometry":{"type":"LineString","coordinates":[[139.6914,35.82912],[139.69147,35.82905]]}},{"type":"Feature","properties":{"idx":583,"road":NaN,"cls":"tertiary","shops":0,"st_km":0.16,"mesh":"53395595"},"geometry":{"type":"LineString","coordinates":[[139.69132,35.82919],[139.6914,35.82912]]}},{"type":"Feature","properties":{"idx":323,"road":"池袋谷原線","cls":"secondary","shops":1,"st_km":0.29,"mesh":"53395502"},"geometry":{"type":"LineString","coordinates":[[139.65679,35.7561],[139.65705,35.75594]]}},{"type":"Feature","properties":{"idx":776,"road":"市役所南通り","cls":"tertiary","shops":0,"st_km":0.22,"mesh":"53395573"},"geometry":{"type":"LineString","coordinates":[[139.66513,35.81652],[139.67018,35.81621]]}},{"type":"Feature","properties":{"idx":278,"road":NaN,"cls":"pedestrian","shops":1,"st_km":0.92,"mesh":"53395520"},"geometry":{"type":"LineString","coordinates":[[139.62678,35.7693],[139.62672,35.76934]]}},{"type":"Feature","properties":{"idx":364,"road":NaN,"cls":"pedestrian","shops":2,"st_km":0.94,"mesh":"53395520"},"geometry":{"type":"LineString","coordinates":[[139.6274,35.76901],[139.62728,35.76903],[139.62723,35.76892],[139.62737,35.76889],[139.62742,35.76893],[139.6274,35.76901]]}},{"type":"Feature","properties":{"idx":362,"road":NaN,"cls":"pedestrian","shops":2,"st_km":0.94,"mesh":"53395520"},"geometry":{"type":"LineString","coordinates":[[139.62722,35.76895],[139.62693,35.76895],[139.62659,35.76917]]}},{"type":"Feature","properties":{"idx":52,"road":NaN,"cls":"tertiary","shops":0,"st_km":0.67,"mesh":"53395517"},"geometry":{"type":"LineString","coordinates":[[139.71248,35.7591],[139.71279,35.75934]]}},{"type":"Feature","properties":{"idx":663,"road":"新オートレース通り","cls":"tertiary","shops":3,"st_km":0.58,"mesh":"53395586"},"geometry":{"type":"LineString","coordinates":[[139.70949,35.81904],[139.70933,35.819],[139.70897,35.81875]]}},{"type":"Feature","properties":{"idx":232,"road":NaN,"cls":"tertiary","shops":0,"st_km":1.59,"mesh":"53395597"},"geometry":{"type":"LineString","coordinates":[[139.72054,35.82693],[139.72024,35.82692],[139.7199,35.82699],[139.71927,35.82721],[139.71909,35.82735],[139.71895,35.82769],[139.71861,35.82961]]}},{"type":"Feature","properties":{"idx":176,"road":NaN,"cls":"tertiary","shops":0,"st_km":1.54,"mesh":"53395587"},"geometry":{"type":"LineString","coordinates":[[139.72082,35.82474],[139.72081,35.82484]]}},{"type":"Feature","properties":{"idx":175,"road":NaN,"cls":"tertiary","shops":0,"st_km":1.54,"mesh":"53395587"},"geometry":{"type":"LineString","coordinates":[[139.72084,35.82455],[139.72082,35.82474]]}},{"type":"Feature","properties":{"idx":224,"road":"天神橋通り","cls":"tertiary","shops":0,"st_km":1.66,"mesh":"53395597"},"geometry":{"type":"LineString","coordinates":[[139.71729,35.82585],[139.71879,35.82546],[139.72049,35.82488],[139.72081,35.82484]]}},{"type":"Feature","properties":{"idx":531,"road":"中央道路","cls":"secondary","shops":2,"st_km":1.64,"mesh":"53395597"},"geometry":{"type":"LineString","coordinates":[[139.71729,35.8258],[139.71729,35.82585]]}},{"type":"Feature","properties":{"idx":622,"road":NaN,"cls":"tertiary","shops":2,"st_km":0.08,"mesh":"53395598"},"geometry":{"type":"LineString","coordinates":[[139.73532,35.8307],[139.73512,35.83079]]}},{"type":"Feature","properties":{"idx":623,"road":NaN,"cls":"tertiary","shops":2,"st_km":0.08,"mesh":"53395598"},"geometry":{"type":"LineString","coordinates":[[139.73512,35.83079],[139.73534,35.83086]]}},{"type":"Feature","properties":{"idx":1135,"road":NaN,"cls":"tertiary","shops":27,"st_km":0.29,"mesh":"53395517"},"geometry":{"type":"LineString","coordinates":[[139.72222,35.76294],[139.72135,35.76296]]}},{"type":"Feature","properties":{"idx":1746,"road":NaN,"cls":"tertiary","shops":1,"st_km":0.35,"mesh":"53395557"},"geometry":{"type":"LineString","coordinates":[[139.71931,35.79939],[139.71981,35.79925],[139.72031,35.79934]]}},{"type":"Feature","properties":{"idx":395,"road":"本町大通り","cls":"primary","shops":0,"st_km":0.21,"mesh":"53395567"},"geometry":{"type":"LineString","coordinates":[[139.71898,35.80204],[139.72061,35.80102]]}},{"type":"Feature","properties":{"idx":274,"road":"八間通り","cls":"tertiary","shops":0,"st_km":0.35,"mesh":"53395567"},"geometry":{"type":"LineString","coordinates":[[139.71895,35.80498],[139.71731,35.80478]]}},{"type":"Feature","properties":{"idx":277,"road":"中央道路","cls":"secondary","shops":0,"st_km":0.46,"mesh":"53395567"},"geometry":{"type":"LineString","coordinates":[[139.72229,35.80258],[139.72225,35.80365]]}},{"type":"Feature","properties":{"idx":697,"road":"六間通り","cls":"tertiary","shops":1,"st_km":0.2,"mesh":"53395568"},"geometry":{"type":"LineString","coordinates":[[139.72906,35.80143],[139.72809,35.80162]]}},{"type":"Feature","properties":{"idx":653,"road":NaN,"cls":"tertiary","shops":1,"st_km":0.61,"mesh":"53395566"},"geometry":{"type":"LineString","coordinates":[[139.71115,35.80248],[139.71048,35.80262]]}},{"type":"Feature","properties":{"idx":348,"road":NaN,"cls":"tertiary","shops":0,"st_km":0.84,"mesh":"53395566"},"geometry":{"type":"LineString","coordinates":[[139.70403,35.80777],[139.70501,35.80801],[139.70554,35.80808],[139.70577,35.80817]]}},{"type":"Feature","properties":{"idx":335,"road":NaN,"cls":"tertiary","shops":0,"st_km":0.88,"mesh":"53395566"},"geometry":{"type":"LineString","coordinates":[[139.70307,35.80741],[139.70403,35.80777]]}},{"type":"Feature","properties":{"idx":210,"road":"西川口陸橋通り","cls":"tertiary","shops":1,"st_km":0.25,"mesh":"53395576"},"geometry":{"type":"LineString","coordinates":[[139.70775,35.81515],[139.70631,35.8146]]}},{"type":"Feature","properties":{"idx":225,"road":NaN,"cls":"tertiary","shops":1,"st_km":0.19,"mesh":"53395576"},"geometry":{"type":"LineString","coordinates":[[139.70607,35.81541],[139.70608,35.81459],[139.70621,35.81447],[139.70692,35.81415]]}},{"type":"Feature","properties":{"idx":529,"road":NaN,"cls":"tertiary","shops":2,"st_km":0.58,"mesh":"53395586"},"geometry":{"type":"LineString","coordinates":[[139.70947,35.81796],[139.71053,35.81811]]}},{"type":"Feature","properties":{"idx":981,"road":NaN,"cls":"tertiary","shops":4,"st_km":0.36,"mesh":"53395586"},"geometry":{"type":"LineString","coordinates":[[139.70743,35.81761],[139.70666,35.81833]]}},{"type":"Feature","properties":{"idx":1195,"road":"新オートレース通り","cls":"tertiary","shops":6,"st_km":0.46,"mesh":"53395586"},"geometry":{"type":"LineString","coordinates":[[139.70897,35.81875],[139.70743,35.81761]]}},{"type":"Feature","properties":{"idx":741,"road":NaN,"cls":"tertiary","shops":2,"st_km":0.24,"mesh":"53395586"},"geometry":{"type":"LineString","coordinates":[[139.70513,35.81677],[139.70524,35.81691],[139.70534,35.81841]]}},{"type":"Feature","properties":{"idx":563,"road":NaN,"cls":"tertiary","shops":1,"st_km":0.6,"mesh":"53395595"},"geometry":{"type":"LineString","coordinates":[[139.69622,35.83062],[139.69664,35.82977]]}},{"type":"Feature","properties":{"idx":374,"road":NaN,"cls":"tertiary","shops":0,"st_km":0.6,"mesh":"53395595"},"geometry":{"type":"LineString","coordinates":[[139.69664,35.82977],[139.697,35.82914]]}},{"type":"Feature","properties":{"idx":205,"road":NaN,"cls":"tertiary","shops":0,"st_km":0.76,"mesh":"53395575"},"geometry":{"type":"LineString","coordinates":[[139.69628,35.81614],[139.69561,35.81466]]}},{"type":"Feature","properties":{"idx":330,"road":"東中通り","cls":"tertiary","shops":0,"st_km":1.0,"mesh":"53395574"},"geometry":{"type":"LineString","coordinates":[[139.68396,35.81547],[139.68478,35.81522]]}},{"type":"Feature","properties":{"idx":479,"road":"下蕨公民館通り","cls":"tertiary","shops":0,"st_km":1.06,"mesh":"53395584"},"geometry":{"type":"LineString","coordinates":[[139.68544,35.81877],[139.68453,35.81962],[139.68335,35.82031],[139.68284,35.82053]]}},{"type":"Feature","properties":{"idx":627,"road":"中央浄水場通り","cls":"tertiary","shops":1,"st_km":0.55,"mesh":"53395594"},"geometry":{"type":"LineString","coordinates":[[139.68358,35.82767],[139.68482,35.82585],[139.68519,35.82553],[139.68647,35.82418]]}},{"type":"Feature","properties":{"idx":1323,"road":NaN,"cls":"tertiary","shops":2,"st_km":0.39,"mesh":"53395585"},"geometry":{"type":"LineString","coordinates":[[139.68923,35.82507],[139.68926,35.8249],[139.68963,35.82388]]}},{"type":"Feature","properties":{"idx":533,"road":NaN,"cls":"tertiary","shops":0,"st_km":0.25,"mesh":"53395595"},"geometry":{"type":"LineString","coordinates":[[139.68943,35.82601],[139.68891,35.82589]]}},{"type":"Feature","properties":{"idx":616,"road":"県道蕨停車場線","cls":"secondary","shops":0,"st_km":0.22,"mesh":"53395595"},"geometry":{"type":"LineString","coordinates":[[139.68829,35.82748],[139.68767,35.82799]]}},{"type":"Feature","properties":{"idx":220,"road":NaN,"cls":"tertiary","shops":0,"st_km":1.1,"mesh":"53395593"},"geometry":{"type":"LineString","coordinates":[[139.67521,35.82575],[139.67415,35.8269],[139.67411,35.82685],[139.67403,35.82584]]}},{"type":"Feature","properties":{"idx":512,"road":"西仲通り","cls":"tertiary","shops":0,"st_km":0.66,"mesh":"53395585"},"geometry":{"type":"LineString","coordinates":[[139.69341,35.82266],[139.69247,35.82205]]}},{"type":"Feature","properties":{"idx":322,"road":NaN,"cls":"tertiary","shops":0,"st_km":0.38,"mesh":"53395586"},"geometry":{"type":"LineString","coordinates":[[139.70534,35.81841],[139.70539,35.81925]]}},{"type":"Feature","properties":{"idx":172,"road":"産業道路","cls":"primary","shops":1,"st_km":0.68,"mesh":"53395576"},"geometry":{"type":"LineString","coordinates":[[139.71242,35.81346],[139.71112,35.81523]]}},{"type":"Feature","properties":{"idx":143,"road":NaN,"cls":"tertiary","shops":1,"st_km":0.64,"mesh":"53395576"},"geometry":{"type":"LineString","coordinates":[[139.71053,35.8161],[139.71218,35.81626]]}},{"type":"Feature","properties":{"idx":254,"road":NaN,"cls":"tertiary","shops":0,"st_km":0.62,"mesh":"53395586"},"geometry":{"type":"LineString","coordinates":[[139.70985,35.8171],[139.71193,35.81759]]}},{"type":"Feature","properties":{"idx":326,"road":NaN,"cls":"tertiary","shops":0,"st_km":0.78,"mesh":"53395587"},"geometry":{"type":"LineString","coordinates":[[139.71193,35.81759],[139.71261,35.81774],[139.71321,35.81781]]}},{"type":"Feature","properties":{"idx":200,"road":NaN,"cls":"tertiary","shops":0,"st_km":1.31,"mesh":"53395587"},"geometry":{"type":"LineString","coordinates":[[139.72174,35.81689],[139.72152,35.81787]]}},{"type":"Feature","properties":{"idx":218,"road":"吉祥寺通り","cls":"tertiary","shops":0,"st_km":0.89,"mesh":"53395579"},"geometry":{"type":"LineString","coordinates":[[139.74006,35.80691],[139.73788,35.80909],[139.73752,35.8093],[139.73695,35.80944]]}},{"type":"Feature","properties":{"idx":243,"road":NaN,"cls":"tertiary","shops":0,"st_km":0.76,"mesh":"53395579"},"geometry":{"type":"LineString","coordinates":[[139.74441,35.81116],[139.74201,35.81362]]}},{"type":"Feature","properties":{"idx":199,"road":NaN,"cls":"tertiary","shops":0,"st_km":1.0,"mesh":"53395579"},"geometry":{"type":"LineString","coordinates":[[139.74472,35.81082],[139.74511,35.81041]]}},{"type":"Feature","properties":{"idx":205,"road":"あずま橋通り","cls":"tertiary","shops":0,"st_km":0.96,"mesh":"53395579"},"geometry":{"type":"LineString","coordinates":[[139.744,35.81036],[139.74472,35.81082]]}},{"type":"Feature","properties":{"idx":207,"road":NaN,"cls":"tertiary","shops":0,"st_km":0.95,"mesh":"53395579"},"geometry":{"type":"LineString","coordinates":[[139.74472,35.81082],[139.74441,35.81116]]}},{"type":"Feature","properties":{"idx":407,"road":"東京川口線","cls":"secondary","shops":0,"st_km":1.1,"mesh":"53395559"},"geometry":{"type":"LineString","coordinates":[[139.74259,35.79865],[139.74152,35.79951]]}},{"type":"Feature","properties":{"idx":289,"road":"領家中央通り","cls":"tertiary","shops":0,"st_km":1.42,"mesh":"53395559"},"geometry":{"type":"LineString","coordinates":[[139.74193,35.79136],[139.74298,35.79299],[139.74537,35.79456]]}},{"type":"Feature","properties":{"idx":280,"road":"川口草加線","cls":"secondary","shops":0,"st_km":1.68,"mesh":"53395559"},"geometry":{"type":"LineString","coordinates":[[139.74667,35.79967],[139.75042,35.79978]]}},{"type":"Feature","properties":{"idx":354,"road":"領家中央通り","cls":"tertiary","shops":1,"st_km":1.79,"mesh":"53395559"},"geometry":{"type":"LineString","coordinates":[[139.7488,35.79724],[139.74953,35.79803],[139.75047,35.79878]]}},{"type":"Feature","properties":{"idx":694,"road":"産業道路","cls":"primary","shops":2,"st_km":1.29,"mesh":"53395596"},"geometry":{"type":"LineString","coordinates":[[139.70596,35.82621],[139.70552,35.82732],[139.70517,35.82789]]}},{"type":"Feature","properties":{"idx":177,"road":NaN,"cls":"tertiary","shops":0,"st_km":0.63,"mesh":"53395599"},"geometry":{"type":"LineString","coordinates":[[139.74241,35.83234],[139.7437,35.83075]]}},{"type":"Feature","properties":{"idx":407,"road":"さいたま鳩ヶ谷線","cls":"secondary","shops":1,"st_km":0.31,"mesh":"53395599"},"geometry":{"type":"LineString","coordinates":[[139.73928,35.8302],[139.73943,35.82938]]}},{"type":"Feature","properties":{"idx":264,"road":NaN,"cls":"tertiary","shops":0,"st_km":0.22,"mesh":"53395599"},"geometry":{"type":"LineString","coordinates":[[139.73873,35.83033],[139.73827,35.82994]]}},{"type":"Feature","properties":{"idx":469,"road":NaN,"cls":"tertiary","shops":2,"st_km":0.34,"mesh":"53395599"},"geometry":{"type":"LineString","coordinates":[[139.73928,35.8302],[139.73957,35.83017],[139.74031,35.82994]]}},{"type":"Feature","properties":{"idx":148,"road":NaN,"cls":"tertiary","shops":0,"st_km":0.81,"mesh":"53395588"},"geometry":{"type":"LineString","coordinates":[[139.73669,35.82358],[139.73801,35.82295]]}},{"type":"Feature","properties":{"idx":646,"road":NaN,"cls":"tertiary","shops":2,"st_km":0.56,"mesh":"53395589"},"geometry":{"type":"LineString","coordinates":[[139.73749,35.82099],[139.73817,35.8209]]}},{"type":"Feature","properties":{"idx":913,"road":"東京鳩ヶ谷線","cls":"secondary","shops":4,"st_km":0.76,"mesh":"53395589"},"geometry":{"type":"LineString","coordinates":[[139.7398,35.82211],[139.73801,35.82295]]}},{"type":"Feature","properties":{"idx":345,"road":NaN,"cls":"tertiary","shops":1,"st_km":0.95,"mesh":"53395589"},"geometry":{"type":"LineString","coordinates":[[139.74599,35.81897],[139.74621,35.81849]]}},{"type":"Feature","properties":{"idx":260,"road":"あずま橋通り","cls":"tertiary","shops":1,"st_km":1.19,"mesh":"53395579"},"geometry":{"type":"LineString","coordinates":[[139.74676,35.81208],[139.74742,35.81244],[139.74954,35.813],[139.75041,35.81336]]}},{"type":"Feature","properties":{"idx":221,"road":NaN,"cls":"tertiary","shops":0,"st_km":1.26,"mesh":"53395587"},"geometry":{"type":"LineString","coordinates":[[139.71379,35.82189],[139.71805,35.82196]]}},{"type":"Feature","properties":{"idx":301,"road":"新オートレース通り","cls":"tertiary","shops":1,"st_km":1.4,"mesh":"53395587"},"geometry":{"type":"LineString","coordinates":[[139.7196,35.82097],[139.71731,35.82055]]}},{"type":"Feature","properties":{"idx":169,"road":NaN,"cls":"tertiary","shops":0,"st_km":1.58,"mesh":"53395587"},"geometry":{"type":"LineString","coordinates":[[139.72105,35.822],[139.72084,35.82455]]}},{"type":"Feature","properties":{"idx":187,"road":NaN,"cls":"tertiary","shops":0,"st_km":1.42,"mesh":"53395587"},"geometry":{"type":"LineString","coordinates":[[139.72105,35.822],[139.72231,35.82199],[139.7227,35.82181],[139.72292,35.82159],[139.72296,35.82147]]}},{"type":"Feature","properties":{"idx":306,"road":NaN,"cls":"tertiary","shops":0,"st_km":1.2,"mesh":"53395577"},"geometry":{"type":"LineString","coordinates":[[139.71745,35.81449],[139.71762,35.81372]]}},{"type":"Feature","properties":{"idx":755,"road":"仁志町領家町線","cls":"tertiary","shops":2,"st_km":0.95,"mesh":"53395577"},"geometry":{"type":"LineString","coordinates":[[139.71667,35.81027],[139.7148,35.81023]]}},{"type":"Feature","properties":{"idx":355,"road":NaN,"cls":"tertiary","shops":0,"st_km":1.01,"mesh":"53395577"},"geometry":{"type":"LineString","coordinates":[[139.71418,35.81021],[139.71314,35.81076]]}},{"type":"Feature","properties":{"idx":77,"road":NaN,"cls":"tertiary","shops":0,"st_km":0.87,"mesh":"53395576"},"geometry":{"type":"LineString","coordinates":[[139.71084,35.80931],[139.71099,35.80941],[139.71116,35.80965],[139.71115,35.81073]]}},{"type":"Feature","properties":{"idx":1021,"road":"産業道路","cls":"primary","shops":2,"st_km":0.84,"mesh":"53395577"},"geometry":{"type":"LineString","coordinates":[[139.71357,35.81188],[139.71242,35.81346]]}},{"type":"Feature","properties":{"idx":431,"road":"補助第89号線","cls":"tertiary","shops":4,"st_km":0.76,"mesh":"53395528"},"geometry":{"type":"LineString","coordinates":[[139.72558,35.77115],[139.7251,35.77205]]}},{"type":"Feature","properties":{"idx":290,"road":"補助第89号線","cls":"tertiary","shops":1,"st_km":0.66,"mesh":"53395527"},"geometry":{"type":"LineString","coordinates":[[139.7251,35.77205],[139.72469,35.77283]]}},{"type":"Feature","properties":{"idx":575,"road":NaN,"cls":"tertiary","shops":6,"st_km":0.76,"mesh":"53395528"},"geometry":{"type":"LineString","coordinates":[[139.72555,35.7712],[139.72572,35.77229]]}},{"type":"Feature","properties":{"idx":331,"road":NaN,"cls":"tertiary","shops":2,"st_km":0.61,"mesh":"53395528"},"geometry":{"type":"LineString","coordinates":[[139.72572,35.77229],[139.72605,35.77448],[139.7261,35.77503]]}},{"type":"Feature","properties":{"idx":611,"road":NaN,"cls":"tertiary","shops":3,"st_km":0.42,"mesh":"53395527"},"geometry":{"type":"LineString","coordinates":[[139.7261,35.77503],[139.72496,35.77494],[139.72407,35.77463],[139.72358,35.77434],[139.72326,35.77408],[139.72294,35.77371],[139.72279,35.77341]]}},{"type":"Feature","properties":{"idx":2959,"road":NaN,"cls":"tertiary","shops":2,"st_km":0.35,"mesh":"53395538"},"geometry":{"type":"LineString","coordinates":[[139.73316,35.77504],[139.73116,35.77502],[139.72964,35.77506]]}},{"type":"Feature","properties":{"idx":187,"road":"本郷赤羽線","cls":"secondary","shops":0,"st_km":0.68,"mesh":"53395518"},"geometry":{"type":"LineString","coordinates":[[139.73299,35.75943],[139.73437,35.75937]]}},{"type":"Feature","properties":{"idx":658,"road":"補助第85号線","cls":"tertiary","shops":3,"st_km":0.71,"mesh":"53395519"},"geometry":{"type":"LineString","coordinates":[[139.73743,35.75914],[139.73867,35.75911]]}},{"type":"Feature","properties":{"idx":1318,"road":"補助第85号線","cls":"tertiary","shops":9,"st_km":0.82,"mesh":"53395519"},"geometry":{"type":"LineString","coordinates":[[139.74222,35.75896],[139.74359,35.75884],[139.74403,35.75845]]}},{"type":"Feature","properties":{"idx":587,"road":"補助第89号線","cls":"tertiary","shops":4,"st_km":0.52,"mesh":"53395518"},"geometry":{"type":"LineString","coordinates":[[139.73168,35.76068],[139.73134,35.76134],[139.73123,35.76165]]}},{"type":"Feature","properties":{"idx":769,"road":"補助第93号線","cls":"tertiary","shops":4,"st_km":0.23,"mesh":"53395518"},"geometry":{"type":"LineString","coordinates":[[139.73654,35.76327],[139.73744,35.76374],[139.73804,35.76393]]}},{"type":"Feature","properties":{"idx":412,"road":"補助第93号線","cls":"tertiary","shops":0,"st_km":0.29,"mesh":"53395519"},"geometry":{"type":"LineString","coordinates":[[139.73804,35.76393],[139.73891,35.76398]]}},{"type":"Feature","properties":{"idx":2491,"road":NaN,"cls":"tertiary","shops":1,"st_km":0.12,"mesh":"53395583"},"geometry":{"type":"LineString","coordinates":[[139.66776,35.81816],[139.66865,35.81781],[139.66884,35.81764]]}},{"type":"Feature","properties":{"idx":97,"road":NaN,"cls":"tertiary_link","shops":1,"st_km":1.12,"mesh":"53395529"},"geometry":{"type":"LineString","coordinates":[[139.74568,35.77131],[139.74539,35.77149]]}},{"type":"Feature","properties":{"idx":223,"road":NaN,"cls":"pedestrian","shops":1,"st_km":1.06,"mesh":"53395529"},"geometry":{"type":"LineString","coordinates":[[139.7433,35.77257],[139.74425,35.77186]]}},{"type":"Feature","properties":{"idx":103,"road":"光が丘東大通り","cls":"tertiary","shops":1,"st_km":0.56,"mesh":"53395510"},"geometry":{"type":"LineString","coordinates":[[139.63552,35.76091],[139.63395,35.76086]]}},{"type":"Feature","properties":{"idx":140,"road":"光が丘東大通り","cls":"tertiary","shops":1,"st_km":0.25,"mesh":"53395510"},"geometry":{"type":"LineString","coordinates":[[139.63161,35.75972],[139.63161,35.75964]]}},{"type":"Feature","properties":{"idx":84,"road":"光が丘東大通り","cls":"tertiary","shops":0,"st_km":0.36,"mesh":"53395510"},"geometry":{"type":"LineString","coordinates":[[139.63161,35.75972],[139.63159,35.76038],[139.63168,35.76058],[139.63187,35.76076],[139.63219,35.76087],[139.6334,35.76086]]}},{"type":"Feature","properties":{"idx":870,"road":"中十条赤羽線","cls":"secondary","shops":6,"st_km":0.66,"mesh":"53395527"},"geometry":{"type":"LineString","coordinates":[[139.72151,35.77173],[139.7216,35.77156]]}},{"type":"Feature","properties":{"idx":558,"road":"中十条赤羽線","cls":"secondary","shops":7,"st_km":0.16,"mesh":"53395537"},"geometry":{"type":"LineString","coordinates":[[139.72008,35.77677],[139.72033,35.7761]]}},{"type":"Feature","properties":{"idx":1253,"road":"補助第85号線","cls":"tertiary","shops":8,"st_km":0.77,"mesh":"53395519"},"geometry":{"type":"LineString","coordinates":[[139.7414,35.75901],[139.74222,35.75896]]}},{"type":"Feature","properties":{"idx":1284,"road":"補助第85号線","cls":"tertiary","shops":8,"st_km":0.74,"mesh":"53395519"},"geometry":{"type":"LineString","coordinates":[[139.74034,35.75905],[139.7414,35.75901]]}},{"type":"Feature","properties":{"idx":1771,"road":NaN,"cls":"tertiary","shops":12,"st_km":0.25,"mesh":"53395518"},"geometry":{"type":"LineString","coordinates":[[139.73618,35.76307],[139.73644,35.76321]]}},{"type":"Feature","properties":{"idx":189,"road":"本郷赤羽線","cls":"secondary","shops":0,"st_km":0.66,"mesh":"53395518"},"geometry":{"type":"LineString","coordinates":[[139.73437,35.75937],[139.73542,35.75928]]}},{"type":"Feature","properties":{"idx":375,"road":"本郷赤羽線","cls":"secondary","shops":2,"st_km":0.67,"mesh":"53395518"},"geometry":{"type":"LineString","coordinates":[[139.73555,35.75932],[139.7373,35.75918]]}},{"type":"Feature","properties":{"idx":279,"road":"本郷赤羽線","cls":"secondary","shops":1,"st_km":0.68,"mesh":"53395518"},"geometry":{"type":"LineString","coordinates":[[139.73743,35.75914],[139.7373,35.75912],[139.73555,35.75924]]}},{"type":"Feature","properties":{"idx":474,"road":"本郷赤羽線","cls":"secondary","shops":3,"st_km":0.67,"mesh":"53395518"},"geometry":{"type":"LineString","coordinates":[[139.73542,35.75928],[139.73555,35.75932]]}},{"type":"Feature","properties":{"idx":472,"road":"本郷赤羽線","cls":"secondary","shops":3,"st_km":0.67,"mesh":"53395518"},"geometry":{"type":"LineString","coordinates":[[139.73555,35.75924],[139.73542,35.75928]]}},{"type":"Feature","properties":{"idx":919,"road":"本郷赤羽線","cls":"secondary","shops":8,"st_km":0.7,"mesh":"53395518"},"geometry":{"type":"LineString","coordinates":[[139.7373,35.75918],[139.73743,35.75914]]}},{"type":"Feature","properties":{"idx":1517,"road":NaN,"cls":"tertiary","shops":12,"st_km":0.38,"mesh":"53395508"},"geometry":{"type":"LineString","coordinates":[[139.73736,35.75611],[139.73727,35.75611]]}},{"type":"Feature","properties":{"idx":228,"road":"新田学園通り","cls":"tertiary","shops":2,"st_km":1.0,"mesh":"53395529"},"geometry":{"type":"LineString","coordinates":[[139.74257,35.77233],[139.74388,35.77135]]}},{"type":"Feature","properties":{"idx":341,"road":"池袋谷原線","cls":"secondary","shops":1,"st_km":0.24,"mesh":"53395502"},"geometry":{"type":"LineString","coordinates":[[139.65679,35.7561],[139.65636,35.75634],[139.65613,35.75654]]}},{"type":"Feature","properties":{"idx":102,"road":NaN,"cls":"tertiary","shops":0,"st_km":1.14,"mesh":"53395529"},"geometry":{"type":"LineString","coordinates":[[139.74786,35.76758],[139.74784,35.76783]]}},{"type":"Feature","properties":{"idx":1729,"road":NaN,"cls":"pedestrian","shops":12,"st_km":0.49,"mesh":"53395529"},"geometry":{"type":"LineString","coordinates":[[139.74055,35.76709],[139.74049,35.76716]]}},{"type":"Feature","properties":{"idx":891,"road":"放射第35号線（池袋谷原線）","cls":"secondary","shops":5,"st_km":0.13,"mesh":"53395502"},"geometry":{"type":"LineString","coordinates":[[139.65588,35.75676],[139.65521,35.75721]]}},{"type":"Feature","properties":{"idx":120,"road":NaN,"cls":"tertiary","shops":0,"st_km":0.78,"mesh":"53395502"},"geometry":{"type":"LineString","coordinates":[[139.65674,35.75054],[139.65708,35.75038]]}},{"type":"Feature","properties":{"idx":329,"road":NaN,"cls":"tertiary","shops":0,"st_km":0.98,"mesh":"53395540"},"geometry":{"type":"LineString","coordinates":[[139.6274,35.78493],[139.62785,35.78558]]}},{"type":"Feature","properties":{"idx":357,"road":"和光インター線","cls":"primary","shops":0,"st_km":1.09,"mesh":"53395550"},"geometry":{"type":"LineString","coordinates":[[139.63145,35.79764],[139.6395,35.79676]]}},{"type":"Feature","properties":{"idx":617,"road":NaN,"cls":"tertiary","shops":5,"st_km":0.03,"mesh":"53395576"},"geometry":{"type":"LineString","coordinates":[[139.70409,35.81536],[139.70404,35.81532]]}},{"type":"Feature","properties":{"idx":1362,"road":NaN,"cls":"pedestrian","shops":1,"st_km":0.64,"mesh":"53395503"},"geometry":{"type":"LineString","coordinates":[[139.67234,35.75225],[139.67187,35.75114]]}},{"type":"Feature","properties":{"idx":887,"road":NaN,"cls":"pedestrian","shops":0,"st_km":0.67,"mesh":"53395503"},"geometry":{"type":"LineString","coordinates":[[139.67147,35.75307],[139.67151,35.75293],[139.67162,35.75279],[139.67183,35.75271],[139.67199,35.75271],[139.67207,35.7525],[139.67218,35.75245]]}},{"type":"Feature","properties":{"idx":930,"road":NaN,"cls":"pedestrian","shops":0,"st_km":0.62,"mesh":"53395503"},"geometry":{"type":"LineString","coordinates":[[139.67215,35.75124],[139.67188,35.75117]]}},{"type":"Feature","properties":{"idx":2655,"road":NaN,"cls":"tertiary","shops":10,"st_km":0.11,"mesh":"53395530"},"geometry":{"type":"LineString","coordinates":[[139.63218,35.77616],[139.63224,35.77622]]}},{"type":"Feature","properties":{"idx":268,"road":NaN,"cls":"tertiary","shops":0,"st_km":1.18,"mesh":"53395550"},"geometry":{"type":"LineString","coordinates":[[139.63405,35.79289],[139.63348,35.7933],[139.63306,35.79354],[139.63233,35.79368],[139.63177,35.79371],[139.63119,35.79364]]}},{"type":"Feature","properties":{"idx":513,"road":"補助第89号線","cls":"tertiary","shops":2,"st_km":0.25,"mesh":"53395518"},"geometry":{"type":"LineString","coordinates":[[139.72998,35.76345],[139.72846,35.76608]]}},{"type":"Feature","properties":{"idx":1570,"road":"補助第89号線","cls":"tertiary","shops":11,"st_km":0.31,"mesh":"53395518"},"geometry":{"type":"LineString","coordinates":[[139.73012,35.76321],[139.72998,35.76345]]}},{"type":"Feature","properties":{"idx":458,"road":NaN,"cls":"primary_link","shops":6,"st_km":0.48,"mesh":"53395509"},"geometry":{"type":"LineString","coordinates":[[139.74125,35.7563],[139.74158,35.75613],[139.74178,35.75618]]}},{"type":"Feature","properties":{"idx":560,"road":"赤塚高台通り","cls":"tertiary","shops":1,"st_km":0.28,"mesh":"53395530"},"geometry":{"type":"LineString","coordinates":[[139.63415,35.77523],[139.6341,35.77518]]}},{"type":"Feature","properties":{"idx":676,"road":"補助第93号線","cls":"tertiary","shops":2,"st_km":0.49,"mesh":"53395519"},"geometry":{"type":"LineString","coordinates":[[139.73932,35.76398],[139.74142,35.76396],[139.74238,35.76401]]}},{"type":"Feature","properties":{"idx":443,"road":"南田中町旭町線（支線1）（補助第172号線）","cls":"secondary","shops":3,"st_km":0.05,"mesh":"53395501"},"geometry":{"type":"LineString","coordinates":[[139.63993,35.75155],[139.64046,35.75136]]}},{"type":"Feature","properties":{"idx":904,"road":NaN,"cls":"pedestrian","shops":0,"st_km":0.32,"mesh":"53395506"},"geometry":{"type":"LineString","coordinates":[[139.70401,35.75057],[139.70413,35.75052],[139.70556,35.75081]]}},{"type":"Feature","properties":{"idx":155,"road":NaN,"cls":"tertiary","shops":0,"st_km":0.75,"mesh":"53395588"},"geometry":{"type":"LineString","coordinates":[[139.73047,35.82074],[139.73048,35.82138]]}},{"type":"Feature","properties":{"idx":203,"road":"オートレース通り","cls":"tertiary","shops":0,"st_km":1.29,"mesh":"53395587"},"geometry":{"type":"LineString","coordinates":[[139.72377,35.82158],[139.72388,35.82217],[139.72408,35.82278]]}},{"type":"Feature","properties":{"idx":299,"road":"オートレース通り","cls":"tertiary","shops":1,"st_km":1.32,"mesh":"53395587"},"geometry":{"type":"LineString","coordinates":[[139.72408,35.82278],[139.72415,35.82295]]}},{"type":"Feature","properties":{"idx":664,"road":NaN,"cls":"tertiary","shops":3,"st_km":1.02,"mesh":"53395587"},"geometry":{"type":"LineString","coordinates":[[139.71399,35.82062],[139.7141,35.81992]]}},{"type":"Feature","properties":{"idx":500,"road":"産業道路","cls":"primary","shops":1,"st_km":0.57,"mesh":"53395586"},"geometry":{"type":"LineString","coordinates":[[139.70897,35.81875],[139.70856,35.81972]]}},{"type":"Feature","properties":{"idx":380,"road":NaN,"cls":"tertiary","shops":0,"st_km":1.46,"mesh":"53395590"},"geometry":{"type":"LineString","coordinates":[[139.63176,35.83198],[139.63163,35.83084]]}},{"type":"Feature","properties":{"idx":396,"road":"松本橋","cls":"tertiary","shops":0,"st_km":1.4,"mesh":"53395590"},"geometry":{"type":"LineString","coordinates":[[139.63176,35.83203],[139.63176,35.83198]]}},{"type":"Feature","properties":{"idx":1763,"road":"成増北口通り","cls":"tertiary","shops":6,"st_km":0.12,"mesh":"53395530"},"geometry":{"type":"LineString","coordinates":[[139.63226,35.77828],[139.63186,35.77853]]}},{"type":"Feature","properties":{"idx":492,"road":"環八通り","cls":"primary","shops":0,"st_km":0.78,"mesh":"53395523"},"geometry":{"type":"LineString","coordinates":[[139.67053,35.77039],[139.67109,35.7711]]}},{"type":"Feature","properties":{"idx":388,"road":NaN,"cls":"primary_link","shops":0,"st_km":0.52,"mesh":"53395513"},"geometry":{"type":"LineString","coordinates":[[139.66505,35.76434],[139.66544,35.76462]]}},{"type":"Feature","properties":{"idx":296,"road":NaN,"cls":"tertiary","shops":1,"st_km":1.11,"mesh":"53395519"},"geometry":{"type":"LineString","coordinates":[[139.74791,35.76481],[139.74794,35.76662]]}},{"type":"Feature","properties":{"idx":241,"road":NaN,"cls":"tertiary","shops":3,"st_km":0.82,"mesh":"53395509"},"geometry":{"type":"LineString","coordinates":[[139.74403,35.75845],[139.74432,35.75812]]}},{"type":"Feature","properties":{"idx":403,"road":"本郷赤羽線","cls":"secondary","shops":2,"st_km":0.67,"mesh":"53395508"},"geometry":{"type":"LineString","coordinates":[[139.72898,35.75809],[139.72915,35.75784]]}},{"type":"Feature","properties":{"idx":489,"road":"本郷赤羽線","cls":"secondary","shops":3,"st_km":0.64,"mesh":"53395518"},"geometry":{"type":"LineString","coordinates":[[139.72891,35.75845],[139.72934,35.75844],[139.72974,35.75827]]}},{"type":"Feature","properties":{"idx":644,"road":"本郷赤羽線","cls":"secondary","shops":5,"st_km":0.71,"mesh":"53395518"},"geometry":{"type":"LineString","coordinates":[[139.73144,35.75875],[139.7315,35.75869]]}},{"type":"Feature","properties":{"idx":650,"road":"本郷赤羽線","cls":"secondary","shops":5,"st_km":0.7,"mesh":"53395518"},"geometry":{"type":"LineString","coordinates":[[139.73144,35.75875],[139.73136,35.75884]]}},{"type":"Feature","properties":{"idx":434,"road":NaN,"cls":"tertiary","shops":3,"st_km":0.78,"mesh":"53395527"},"geometry":{"type":"LineString","coordinates":[[139.71427,35.77393],[139.71363,35.7737]]}},{"type":"Feature","properties":{"idx":203,"road":"弁天通り","cls":"tertiary","shops":0,"st_km":0.61,"mesh":"53395527"},"geometry":{"type":"LineString","coordinates":[[139.71707,35.77494],[139.71427,35.77393]]}},{"type":"Feature","properties":{"idx":2898,"road":NaN,"cls":"tertiary","shops":2,"st_km":0.49,"mesh":"53395538"},"geometry":{"type":"LineString","coordinates":[[139.7261,35.77503],[139.72604,35.77547],[139.72617,35.77651]]}},{"type":"Feature","properties":{"idx":627,"road":NaN,"cls":"tertiary","shops":5,"st_km":0.6,"mesh":"53395518"},"geometry":{"type":"LineString","coordinates":[[139.73283,35.76065],[139.73168,35.76068]]}},{"type":"Feature","properties":{"idx":396,"road":"赤羽西台線","cls":"secondary","shops":0,"st_km":0.97,"mesh":"53395554"},"geometry":{"type":"LineString","coordinates":[[139.67294,35.79337],[139.67335,35.79334],[139.67809,35.7941],[139.68035,35.79385],[139.68548,35.79364]]}},{"type":"Feature","properties":{"idx":293,"road":"常盤台赤羽線","cls":"secondary","shops":0,"st_km":0.67,"mesh":"53395526"},"geometry":{"type":"LineString","coordinates":[[139.70462,35.77499],[139.70297,35.77475]]}},{"type":"Feature","properties":{"idx":900,"road":NaN,"cls":"tertiary","shops":5,"st_km":0.68,"mesh":"53395526"},"geometry":{"type":"LineString","coordinates":[[139.70471,35.77453],[139.70462,35.77499]]}},{"type":"Feature","properties":{"idx":539,"road":NaN,"cls":"tertiary","shops":2,"st_km":0.38,"mesh":"53395592"},"geometry":{"type":"LineString","coordinates":[[139.66092,35.83091],[139.66131,35.83033],[139.66126,35.82934]]}},{"type":"Feature","properties":{"idx":247,"road":"南髙橋","cls":"tertiary","shops":0,"st_km":0.47,"mesh":"53395592"},"geometry":{"type":"LineString","coordinates":[[139.66092,35.83091],[139.66088,35.83096]]}},{"type":"Feature","properties":{"idx":205,"road":NaN,"cls":"tertiary","shops":0,"st_km":0.66,"mesh":"53395592"},"geometry":{"type":"LineString","coordinates":[[139.66088,35.83096],[139.6585,35.83417]]}},{"type":"Feature","properties":{"idx":551,"road":"朝霞蕨線","cls":"primary","shops":1,"st_km":0.29,"mesh":"53395592"},"geometry":{"type":"LineString","coordinates":[[139.66325,35.82925],[139.66302,35.82931],[139.66126,35.82934]]}},{"type":"Feature","properties":{"idx":334,"road":"朝霞蕨線 (AsakaWarabi line)","cls":"primary","shops":0,"st_km":0.39,"mesh":"53395592"},"geometry":{"type":"LineString","coordinates":[[139.65784,35.82879],[139.65807,35.82878]]}},{"type":"Feature","properties":{"idx":162,"road":"イオンわくわく通り","cls":"tertiary","shops":0,"st_km":0.93,"mesh":"53395592"},"geometry":{"type":"LineString","coordinates":[[139.65276,35.82562],[139.65207,35.82563],[139.64998,35.8244]]}},{"type":"Feature","properties":{"idx":281,"road":"イオンわくわく通り","cls":"tertiary","shops":0,"st_km":0.34,"mesh":"53395592"},"geometry":{"type":"LineString","coordinates":[[139.65832,35.82558],[139.65769,35.82559]]}},{"type":"Feature","properties":{"idx":346,"road":"朝霞蕨線","cls":"primary","shops":1,"st_km":0.78,"mesh":"53395592"},"geometry":{"type":"LineString","coordinates":[[139.65279,35.82917],[139.65358,35.82916],[139.65387,35.82907]]}},{"type":"Feature","properties":{"idx":269,"road":"朝霞蕨線 (AsakaWarabi line)","cls":"primary","shops":0,"st_km":0.61,"mesh":"53395592"},"geometry":{"type":"LineString","coordinates":[[139.65609,35.8303],[139.65623,35.83014]]}},{"type":"Feature","properties":{"idx":243,"road":"朝霞蕨線","cls":"primary","shops":0,"st_km":0.72,"mesh":"53395592"},"geometry":{"type":"LineString","coordinates":[[139.65387,35.82907],[139.65404,35.82896]]}},{"type":"Feature","properties":{"idx":194,"road":NaN,"cls":"tertiary","shops":0,"st_km":0.72,"mesh":"53395592"},"geometry":{"type":"LineString","coordinates":[[139.65385,35.82936],[139.65398,35.82929],[139.6543,35.82946]]}},{"type":"Feature","properties":{"idx":219,"road":"朝霞蕨線","cls":"primary","shops":0,"st_km":0.84,"mesh":"53395592"},"geometry":{"type":"LineString","coordinates":[[139.6525,35.82917],[139.65279,35.82917]]}},{"type":"Feature","properties":{"idx":474,"road":"イオンわくわく通り","cls":"tertiary","shops":3,"st_km":0.75,"mesh":"53395592"},"geometry":{"type":"LineString","coordinates":[[139.65374,35.82561],[139.65276,35.82562]]}},{"type":"Feature","properties":{"idx":242,"road":"一本杉通り","cls":"tertiary","shops":0,"st_km":1.19,"mesh":"53395594"},"geometry":{"type":"LineString","coordinates":[[139.6781,35.83008],[139.67695,35.83023]]}},{"type":"Feature","properties":{"idx":301,"road":"美笹西通り","cls":"tertiary","shops":0,"st_km":1.89,"mesh":"53395590"},"geometry":{"type":"LineString","coordinates":[[139.63471,35.82687],[139.63382,35.82906]]}},{"type":"Feature","properties":{"idx":356,"road":"美笹西通り","cls":"tertiary","shops":3,"st_km":2.09,"mesh":"53395571"},"geometry":{"type":"LineString","coordinates":[[139.64353,35.81477],[139.64342,35.8149]]}},{"type":"Feature","properties":{"idx":316,"road":NaN,"cls":"tertiary","shops":2,"st_km":1.07,"mesh":"53395575"},"geometry":{"type":"LineString","coordinates":[[139.69339,35.81189],[139.69373,35.81137]]}},{"type":"Feature","properties":{"idx":215,"road":"朝霞蕨線","cls":"primary","shops":0,"st_km":0.86,"mesh":"53395592"},"geometry":{"type":"LineString","coordinates":[[139.6523,35.82917],[139.6525,35.82917]]}},{"type":"Feature","properties":{"idx":1513,"road":"市役所南通り","cls":"tertiary","shops":2,"st_km":0.25,"mesh":"53395573"},"geometry":{"type":"LineString","coordinates":[[139.67018,35.81621],[139.6732,35.81605]]}},{"type":"Feature","properties":{"idx":690,"road":NaN,"cls":"tertiary","shops":2,"st_km":0.14,"mesh":"53395592"},"geometry":{"type":"LineString","coordinates":[[139.66117,35.82789],[139.66072,35.82791],[139.66059,35.82796]]}},{"type":"Feature","properties":{"idx":235,"road":"朝霞蕨線","cls":"primary","shops":0,"st_km":1.83,"mesh":"53395591"},"geometry":{"type":"LineString","coordinates":[[139.64071,35.82873],[139.64201,35.82892]]}},{"type":"Feature","properties":{"idx":281,"road":"西電話局通り","cls":"tertiary","shops":1,"st_km":1.83,"mesh":"53395591"},"geometry":{"type":"LineString","coordinates":[[139.64201,35.82892],[139.64101,35.8303],[139.64088,35.8304]]}},{"type":"Feature","properties":{"idx":244,"road":"西電話局通り","cls":"tertiary","shops":0,"st_km":1.57,"mesh":"53395572"},"geometry":{"type":"LineString","coordinates":[[139.65245,35.81343],[139.65264,35.81414],[139.65262,35.81446],[139.6519,35.8158]]}},{"type":"Feature","properties":{"idx":185,"road":"北大通り","cls":"tertiary","shops":0,"st_km":1.56,"mesh":"53395571"},"geometry":{"type":"LineString","coordinates":[[139.65092,35.81686],[139.64841,35.81616]]}},{"type":"Feature","properties":{"idx":546,"road":"北大通り","cls":"tertiary","shops":0,"st_km":0.58,"mesh":"53395573"},"geometry":{"type":"LineString","coordinates":[[139.66513,35.81652],[139.66149,35.81672]]}},{"type":"Feature","properties":{"idx":343,"road":"市役所南通り","cls":"tertiary","shops":0,"st_km":0.93,"mesh":"53395574"},"geometry":{"type":"LineString","coordinates":[[139.67888,35.81636],[139.68079,35.81647]]}},{"type":"Feature","properties":{"idx":672,"road":"オリンピック通り","cls":"primary","shops":0,"st_km":0.32,"mesh":"53395563"},"geometry":{"type":"LineString","coordinates":[[139.67393,35.80741],[139.67578,35.80727]]}},{"type":"Feature","properties":{"idx":734,"road":"五差路通り","cls":"secondary","shops":0,"st_km":0.42,"mesh":"53395573"},"geometry":{"type":"LineString","coordinates":[[139.67393,35.80741],[139.6742,35.81073],[139.67413,35.81088]]}},{"type":"Feature","properties":{"idx":526,"road":"中央通り","cls":"tertiary","shops":0,"st_km":0.48,"mesh":"53395574"},"geometry":{"type":"LineString","coordinates":[[139.67413,35.81088],[139.67482,35.81112],[139.67619,35.81175],[139.67795,35.81205]]}},{"type":"Feature","properties":{"idx":145,"road":"中央通り","cls":"tertiary","shops":0,"st_km":1.15,"mesh":"53395575"},"geometry":{"type":"LineString","coordinates":[[139.69011,35.81106],[139.69094,35.81066]]}},{"type":"Feature","properties":{"idx":680,"road":"市役所通り","cls":"tertiary","shops":2,"st_km":0.21,"mesh":"53395564"},"geometry":{"type":"LineString","coordinates":[[139.67578,35.80727],[139.67624,35.80789]]}},{"type":"Feature","properties":{"idx":74,"road":"光が丘東大通り","cls":"tertiary","shops":0,"st_km":0.48,"mesh":"53395510"},"geometry":{"type":"LineString","coordinates":[[139.63395,35.76086],[139.6334,35.76086]]}},{"type":"Feature","properties":{"idx":564,"road":NaN,"cls":"primary_link","shops":1,"st_km":0.56,"mesh":"53395513"},"geometry":{"type":"LineString","coordinates":[[139.664,35.76371],[139.66456,35.764]]}},{"type":"Feature","properties":{"idx":1702,"road":NaN,"cls":"tertiary","shops":0,"st_km":0.1,"mesh":"53395583"},"geometry":{"type":"LineString","coordinates":[[139.66884,35.81764],[139.66889,35.81742],[139.66878,35.81631]]}},{"type":"Feature","properties":{"idx":922,"road":"朝霞蕨線","cls":"primary","shops":3,"st_km":0.29,"mesh":"53395592"},"geometry":{"type":"LineString","coordinates":[[139.66126,35.82934],[139.66086,35.82932],[139.66023,35.82915]]}},{"type":"Feature","properties":{"idx":498,"road":NaN,"cls":"tertiary","shops":1,"st_km":0.17,"mesh":"53395592"},"geometry":{"type":"LineString","coordinates":[[139.66059,35.82796],[139.66034,35.8281],[139.66027,35.82822]]}},{"type":"Feature","properties":{"idx":233,"road":"東中通り","cls":"tertiary","shops":1,"st_km":1.09,"mesh":"53395575"},"geometry":{"type":"LineString","coordinates":[[139.69226,35.81294],[139.69283,35.81277],[139.69309,35.81237]]}},{"type":"Feature","properties":{"idx":983,"road":"市役所南通り","cls":"tertiary","shops":3,"st_km":0.77,"mesh":"53395574"},"geometry":{"type":"LineString","coordinates":[[139.67718,35.81625],[139.67888,35.81636]]}},{"type":"Feature","properties":{"idx":309,"road":"東中通り","cls":"tertiary","shops":0,"st_km":1.09,"mesh":"53395574"},"geometry":{"type":"LineString","coordinates":[[139.68544,35.81502],[139.68865,35.81404]]}},{"type":"Feature","properties":{"idx":165,"road":"東部センター通り","cls":"tertiary","shops":0,"st_km":0.98,"mesh":"53395564"},"geometry":{"type":"LineString","coordinates":[[139.6869,35.80181],[139.68672,35.80265]]}},{"type":"Feature","properties":{"idx":1025,"road":"駅前通り","cls":"secondary","shops":1,"st_km":0.12,"mesh":"53395595"},"geometry":{"type":"LineString","coordinates":[[139.68893,35.82772],[139.68923,35.82784]]}},{"type":"Feature","properties":{"idx":208,"road":"東部センター通り","cls":"tertiary","shops":0,"st_km":0.71,"mesh":"53395564"},"geometry":{"type":"LineString","coordinates":[[139.68665,35.80812],[139.68597,35.80624],[139.68619,35.80513]]}},{"type":"Feature","properties":{"idx":188,"road":NaN,"cls":"tertiary","shops":0,"st_km":0.88,"mesh":"53395565"},"geometry":{"type":"LineString","coordinates":[[139.68946,35.80774],[139.68665,35.80812]]}},{"type":"Feature","properties":{"idx":1411,"road":"市役所通り","cls":"tertiary","shops":2,"st_km":0.19,"mesh":"53395574"},"geometry":{"type":"LineString","coordinates":[[139.67715,35.80907],[139.67744,35.80945]]}},{"type":"Feature","properties":{"idx":780,"road":"北大通り","cls":"tertiary","shops":2,"st_km":0.88,"mesh":"53395582"},"geometry":{"type":"LineString","coordinates":[[139.66149,35.81672],[139.65832,35.81689]]}},{"type":"Feature","properties":{"idx":607,"road":"新曽つつじ通り","cls":"tertiary","shops":1,"st_km":0.86,"mesh":"53395572"},"geometry":{"type":"LineString","coordinates":[[139.66149,35.81672],[139.66141,35.81583],[139.6609,35.81397],[139.66093,35.81183]]}},{"type":"Feature","properties":{"idx":245,"road":"オリンピック通り","cls":"primary","shops":0,"st_km":1.55,"mesh":"53395562"},"geometry":{"type":"LineString","coordinates":[[139.6496,35.80505],[139.65046,35.80573]]}},{"type":"Feature","properties":{"idx":147,"road":NaN,"cls":"tertiary","shops":0,"st_km":1.95,"mesh":"53395571"},"geometry":{"type":"LineString","coordinates":[[139.64501,35.80882],[139.64658,35.81017]]}},{"type":"Feature","properties":{"idx":242,"road":"オリンピック通り","cls":"primary","shops":0,"st_km":1.63,"mesh":"53395562"},"geometry":{"type":"LineString","coordinates":[[139.6549,35.80776],[139.65655,35.80877]]}},{"type":"Feature","properties":{"idx":136,"road":NaN,"cls":"tertiary","shops":0,"st_km":2.15,"mesh":"53395571"},"geometry":{"type":"LineString","coordinates":[[139.64192,35.81081],[139.64242,35.81125]]}},{"type":"Feature","properties":{"idx":282,"road":"中央通り","cls":"tertiary","shops":0,"st_km":1.33,"mesh":"53395572"},"geometry":{"type":"LineString","coordinates":[[139.65582,35.81269],[139.65655,35.81254]]}},{"type":"Feature","properties":{"idx":321,"road":"オリンピック通り","cls":"primary","shops":0,"st_km":1.47,"mesh":"53395572"},"geometry":{"type":"LineString","coordinates":[[139.65655,35.80877],[139.65675,35.80871],[139.65853,35.80857]]}},{"type":"Feature","properties":{"idx":292,"road":"北町新通り","cls":"tertiary","shops":0,"st_km":0.95,"mesh":"53395594"},"geometry":{"type":"LineString","coordinates":[[139.68049,35.83209],[139.68172,35.8318]]}},{"type":"Feature","properties":{"idx":574,"road":"市役所通り","cls":"secondary","shops":0,"st_km":0.35,"mesh":"53395594"},"geometry":{"type":"LineString","coordinates":[[139.68694,35.82861],[139.68622,35.8284]]}},{"type":"Feature","properties":{"idx":435,"road":"下蕨本通り","cls":"tertiary","shops":0,"st_km":0.84,"mesh":"53395585"},"geometry":{"type":"LineString","coordinates":[[139.69078,35.82075],[139.69055,35.81999]]}},{"type":"Feature","properties":{"idx":745,"road":"市役所通り","cls":"secondary","shops":1,"st_km":0.5,"mesh":"53395594"},"geometry":{"type":"LineString","coordinates":[[139.68622,35.8284],[139.68358,35.82767]]}},{"type":"Feature","properties":{"idx":390,"road":"西電話局通り","cls":"tertiary","shops":1,"st_km":1.46,"mesh":"53395572"},"geometry":{"type":"LineString","coordinates":[[139.65139,35.81638],[139.65092,35.81686]]}},{"type":"Feature","properties":{"idx":153,"road":NaN,"cls":"tertiary","shops":0,"st_km":1.92,"mesh":"53395571"},"geometry":{"type":"LineString","coordinates":[[139.64882,35.8155],[139.64955,35.81434],[139.64958,35.8135],[139.64985,35.81143],[139.64991,35.81119],[139.65002,35.81097],[139.65326,35.80794]]}},{"type":"Feature","properties":{"idx":326,"road":NaN,"cls":"tertiary","shops":0,"st_km":1.67,"mesh":"53395581"},"geometry":{"type":"LineString","coordinates":[[139.64272,35.82301],[139.64516,35.82075]]}},{"type":"Feature","properties":{"idx":513,"road":NaN,"cls":"tertiary","shops":1,"st_km":1.59,"mesh":"53395581"},"geometry":{"type":"LineString","coordinates":[[139.64571,35.81844],[139.64769,35.81949]]}},{"type":"Feature","properties":{"idx":371,"road":NaN,"cls":"tertiary","shops":0,"st_km":1.45,"mesh":"53395581"},"geometry":{"type":"LineString","coordinates":[[139.64769,35.81949],[139.64823,35.81978]]}},{"type":"Feature","properties":{"idx":377,"road":"西電話局通り","cls":"tertiary","shops":0,"st_km":1.43,"mesh":"53395581"},"geometry":{"type":"LineString","coordinates":[[139.64967,35.81815],[139.64887,35.81897],[139.64823,35.81978]]}},{"type":"Feature","properties":{"idx":258,"road":"西電話局通り","cls":"tertiary","shops":0,"st_km":1.44,"mesh":"53395582"},"geometry":{"type":"LineString","coordinates":[[139.65092,35.81686],[139.64967,35.81815]]}},{"type":"Feature","properties":{"idx":656,"road":NaN,"cls":"tertiary","shops":1,"st_km":0.75,"mesh":"53395582"},"geometry":{"type":"LineString","coordinates":[[139.65489,35.81994],[139.65487,35.82126],[139.6546,35.82385],[139.65468,35.82561]]}},{"type":"Feature","properties":{"idx":307,"road":"イオンわくわく通り","cls":"tertiary","shops":1,"st_km":0.67,"mesh":"53395592"},"geometry":{"type":"LineString","coordinates":[[139.65468,35.82561],[139.65374,35.82561]]}},{"type":"Feature","properties":{"idx":297,"road":NaN,"cls":"tertiary","shops":0,"st_km":1.1,"mesh":"53395591"},"geometry":{"type":"LineString","coordinates":[[139.64998,35.8244],[139.64887,35.82579]]}},{"type":"Feature","properties":{"idx":181,"road":"県道朝霞蕨線","cls":"primary","shops":0,"st_km":1.07,"mesh":"53395592"},"geometry":{"type":"LineString","coordinates":[[139.6479,35.82988],[139.64873,35.82988],[139.65147,35.82921],[139.6523,35.82917]]}},{"type":"Feature","properties":{"idx":455,"road":"県道朝霞蕨線","cls":"primary","shops":1,"st_km":1.38,"mesh":"53395591"},"geometry":{"type":"LineString","coordinates":[[139.64519,35.8293],[139.6479,35.82988]]}},{"type":"Feature","properties":{"idx":218,"road":"西電話局通り","cls":"tertiary","shops":0,"st_km":1.56,"mesh":"53395591"},"geometry":{"type":"LineString","coordinates":[[139.64492,35.82425],[139.64381,35.82578]]}},{"type":"Feature","properties":{"idx":314,"road":"西電話局通り","cls":"tertiary","shops":1,"st_km":1.63,"mesh":"53395591"},"geometry":{"type":"LineString","coordinates":[[139.64381,35.82578],[139.64308,35.8268]]}},{"type":"Feature","properties":{"idx":271,"road":NaN,"cls":"tertiary","shops":1,"st_km":1.91,"mesh":"53395591"},"geometry":{"type":"LineString","coordinates":[[139.64015,35.82509],[139.64063,35.82538]]}},{"type":"Feature","properties":{"idx":579,"road":"朝霞蕨線","cls":"primary","shops":3,"st_km":1.89,"mesh":"53395591"},"geometry":{"type":"LineString","coordinates":[[139.64096,35.83122],[139.64071,35.82873]]}},{"type":"Feature","properties":{"idx":200,"road":NaN,"cls":"tertiary","shops":0,"st_km":1.69,"mesh":"53395591"},"geometry":{"type":"LineString","coordinates":[[139.63831,35.83161],[139.63862,35.83179]]}},{"type":"Feature","properties":{"idx":329,"road":NaN,"cls":"tertiary","shops":0,"st_km":1.71,"mesh":"53395590"},"geometry":{"type":"LineString","coordinates":[[139.63556,35.83004],[139.63623,35.83041]]}},{"type":"Feature","properties":{"idx":447,"road":NaN,"cls":"tertiary","shops":3,"st_km":1.93,"mesh":"53395591"},"geometry":{"type":"LineString","coordinates":[[139.6396,35.82849],[139.64071,35.82873]]}},{"type":"Feature","properties":{"idx":332,"road":"美笹西通り","cls":"tertiary","shops":0,"st_km":1.7,"mesh":"53395590"},"geometry":{"type":"LineString","coordinates":[[139.63382,35.82906],[139.63333,35.83024]]}},{"type":"Feature","properties":{"idx":266,"road":"美笹西通り","cls":"tertiary","shops":0,"st_km":2.11,"mesh":"53395581"},"geometry":{"type":"LineString","coordinates":[[139.64139,35.81747],[139.64034,35.81864],[139.63928,35.82065]]}},{"type":"Feature","properties":{"idx":143,"road":"美笹西通り","cls":"tertiary","shops":0,"st_km":2.08,"mesh":"53395571"},"geometry":{"type":"LineString","coordinates":[[139.64342,35.8149],[139.64174,35.81709],[139.64139,35.81747]]}},{"type":"Feature","properties":{"idx":225,"road":"戸田中通り","cls":"tertiary","shops":0,"st_km":1.32,"mesh":"53395563"},"geometry":{"type":"LineString","coordinates":[[139.66702,35.80544],[139.66082,35.80592]]}},{"type":"Feature","properties":{"idx":205,"road":"戸田中通り","cls":"tertiary","shops":0,"st_km":1.53,"mesh":"53395562"},"geometry":{"type":"LineString","coordinates":[[139.66082,35.80592],[139.6602,35.80597]]}},{"type":"Feature","properties":{"idx":186,"road":"戸田中通り","cls":"tertiary","shops":0,"st_km":1.63,"mesh":"53395562"},"geometry":{"type":"LineString","coordinates":[[139.65426,35.80498],[139.65413,35.80494]]}},{"type":"Feature","properties":{"idx":274,"road":"戸田中通り","cls":"tertiary","shops":0,"st_km":0.43,"mesh":"53395564"},"geometry":{"type":"LineString","coordinates":[[139.67704,35.80466],[139.67372,35.80492]]}},{"type":"Feature","properties":{"idx":393,"road":NaN,"cls":"tertiary","shops":1,"st_km":0.47,"mesh":"53395564"},"geometry":{"type":"LineString","coordinates":[[139.68136,35.80406],[139.68131,35.80451]]}},{"type":"Feature","properties":{"idx":305,"road":NaN,"cls":"tertiary","shops":1,"st_km":0.74,"mesh":"53395564"},"geometry":{"type":"LineString","coordinates":[[139.67707,35.8012],[139.67671,35.80124]]}},{"type":"Feature","properties":{"idx":253,"road":"中央通り","cls":"tertiary","shops":0,"st_km":1.5,"mesh":"53395572"},"geometry":{"type":"LineString","coordinates":[[139.65245,35.81343],[139.65546,35.81277]]}},{"type":"Feature","properties":{"idx":243,"road":NaN,"cls":"tertiary","shops":0,"st_km":1.57,"mesh":"53395572"},"geometry":{"type":"LineString","coordinates":[[139.65616,35.80852],[139.65543,35.80937],[139.65557,35.81049]]}},{"type":"Feature","properties":{"idx":270,"road":NaN,"cls":"tertiary","shops":0,"st_km":1.4,"mesh":"53395572"},"geometry":{"type":"LineString","coordinates":[[139.65557,35.81049],[139.65655,35.81254]]}},{"type":"Feature","properties":{"idx":291,"road":"中央通り","cls":"tertiary","shops":0,"st_km":1.29,"mesh":"53395572"},"geometry":{"type":"LineString","coordinates":[[139.65655,35.81254],[139.65711,35.81243]]}},{"type":"Feature","properties":{"idx":496,"road":"中央通り","cls":"tertiary","shops":0,"st_km":0.68,"mesh":"53395573"},"geometry":{"type":"LineString","coordinates":[[139.6681,35.8115],[139.66971,35.81144]]}},{"type":"Feature","properties":{"idx":636,"road":NaN,"cls":"tertiary","shops":0,"st_km":0.42,"mesh":"53395573"},"geometry":{"type":"LineString","coordinates":[[139.66878,35.81631],[139.66856,35.81366],[139.6681,35.8115]]}},{"type":"Feature","properties":{"idx":285,"road":NaN,"cls":"tertiary","shops":0,"st_km":1.01,"mesh":"53395563"},"geometry":{"type":"LineString","coordinates":[[139.66728,35.80791],[139.66713,35.80659]]}},{"type":"Feature","properties":{"idx":410,"road":"オリンピック通り","cls":"primary","shops":0,"st_km":0.84,"mesh":"53395563"},"geometry":{"type":"LineString","coordinates":[[139.66728,35.80791],[139.67081,35.80765]]}},{"type":"Feature","properties":{"idx":1419,"road":"北大通り","cls":"tertiary","shops":0,"st_km":0.27,"mesh":"53395583"},"geometry":{"type":"LineString","coordinates":[[139.66776,35.81816],[139.66684,35.81726],[139.66651,35.81701],[139.66591,35.81673],[139.66513,35.81652]]}},{"type":"Feature","properties":{"idx":1089,"road":"北大通り","cls":"tertiary","shops":0,"st_km":0.54,"mesh":"53395583"},"geometry":{"type":"LineString","coordinates":[[139.67279,35.82207],[139.67221,35.82165]]}},{"type":"Feature","properties":{"idx":342,"road":NaN,"cls":"tertiary","shops":0,"st_km":1.05,"mesh":"53395582"},"geometry":{"type":"LineString","coordinates":[[139.65471,35.81806],[139.6549,35.81881],[139.65489,35.81994]]}},{"type":"Feature","properties":{"idx":300,"road":NaN,"cls":"tertiary","shops":0,"st_km":1.22,"mesh":"53395582"},"geometry":{"type":"LineString","coordinates":[[139.65462,35.81656],[139.65462,35.81714],[139.65471,35.81806]]}},{"type":"Feature","properties":{"idx":173,"road":NaN,"cls":"tertiary","shops":0,"st_km":1.68,"mesh":"53395571"},"geometry":{"type":"LineString","coordinates":[[139.64841,35.81616],[139.64882,35.8155]]}},{"type":"Feature","properties":{"idx":167,"road":"北大通り","cls":"tertiary","shops":0,"st_km":1.74,"mesh":"53395571"},"geometry":{"type":"LineString","coordinates":[[139.64841,35.81616],[139.6467,35.81566]]}},{"type":"Feature","properties":{"idx":257,"road":"西電話局通り","cls":"tertiary","shops":0,"st_km":1.48,"mesh":"53395572"},"geometry":{"type":"LineString","coordinates":[[139.6519,35.8158],[139.65139,35.81638]]}},{"type":"Feature","properties":{"idx":283,"road":NaN,"cls":"tertiary","shops":0,"st_km":1.33,"mesh":"53395572"},"geometry":{"type":"LineString","coordinates":[[139.65685,35.81063],[139.6569,35.81127],[139.65711,35.81243]]}},{"type":"Feature","properties":{"idx":270,"road":NaN,"cls":"pedestrian","shops":2,"st_km":0.2,"mesh":"53395510"},"geometry":{"type":"LineString","coordinates":[[139.62992,35.76026],[139.62992,35.76015]]}},{"type":"Feature","properties":{"idx":196,"road":"環八通り","cls":"primary","shops":0,"st_km":0.91,"mesh":"53395534"},"geometry":{"type":"LineString","coordinates":[[139.67666,35.776],[139.67553,35.77505]]}},{"type":"Feature","properties":{"idx":348,"road":"笹目通り","cls":"primary","shops":0,"st_km":1.24,"mesh":"53395540"},"geometry":{"type":"LineString","coordinates":[[139.62677,35.78819],[139.62634,35.78778]]}},{"type":"Feature","properties":{"idx":363,"road":"笹目通り","cls":"primary","shops":0,"st_km":1.18,"mesh":"53395540"},"geometry":{"type":"LineString","coordinates":[[139.6258,35.78731],[139.626,35.78752]]}},{"type":"Feature","properties":{"idx":560,"road":NaN,"cls":"tertiary","shops":1,"st_km":0.6,"mesh":"53395595"},"geometry":{"type":"LineString","coordinates":[[139.69621,35.83064],[139.69622,35.83062]]}},{"type":"Feature","properties":{"idx":631,"road":"蕨桜町線","cls":"secondary","shops":1,"st_km":0.6,"mesh":"53395595"},"geometry":{"type":"LineString","coordinates":[[139.69619,35.83062],[139.69621,35.83064]]}},{"type":"Feature","properties":{"idx":629,"road":"蕨桜町線","cls":"secondary","shops":1,"st_km":0.61,"mesh":"53395595"},"geometry":{"type":"LineString","coordinates":[[139.69621,35.83064],[139.69623,35.83067]]}},{"type":"Feature","properties":{"idx":560,"road":NaN,"cls":"tertiary","shops":1,"st_km":0.6,"mesh":"53395595"},"geometry":{"type":"LineString","coordinates":[[139.6962,35.83067],[139.69621,35.83064]]}},{"type":"Feature","properties":{"idx":329,"road":"環七通り","cls":"primary","shops":8,"st_km":0.69,"mesh":"53395517"},"geometry":{"type":"LineString","coordinates":[[139.71572,35.76418],[139.71688,35.76447]]}},{"type":"Feature","properties":{"idx":281,"road":"環七通り","cls":"primary","shops":6,"st_km":0.62,"mesh":"53395517"},"geometry":{"type":"LineString","coordinates":[[139.71688,35.76447],[139.71907,35.7652]]}},{"type":"Feature","properties":{"idx":252,"road":"環七通り","cls":"primary","shops":5,"st_km":0.6,"mesh":"53395517"},"geometry":{"type":"LineString","coordinates":[[139.71956,35.76535],[139.71861,35.76495]]}},{"type":"Feature","properties":{"idx":276,"road":"環七通り","cls":"primary","shops":6,"st_km":0.64,"mesh":"53395517"},"geometry":{"type":"LineString","coordinates":[[139.71861,35.76495],[139.71715,35.76447],[139.71576,35.76411]]}},{"type":"Feature","properties":{"idx":335,"road":NaN,"cls":"tertiary","shops":0,"st_km":1.58,"mesh":"53395549"},"geometry":{"type":"LineString","coordinates":[[139.74753,35.78468],[139.74784,35.78535]]}},{"type":"Feature","properties":{"idx":554,"road":"中十条赤羽線","cls":"secondary","shops":7,"st_km":0.17,"mesh":"53395537"},"geometry":{"type":"LineString","coordinates":[[139.71953,35.77747],[139.7192,35.77748]]}},{"type":"Feature","properties":{"idx":63,"road":NaN,"cls":"tertiary","shops":0,"st_km":0.5,"mesh":"53395517"},"geometry":{"type":"LineString","coordinates":[[139.71764,35.75835],[139.71651,35.75917]]}},{"type":"Feature","properties":{"idx":77,"road":NaN,"cls":"tertiary","shops":1,"st_km":0.7,"mesh":"53395517"},"geometry":{"type":"LineString","coordinates":[[139.71279,35.75934],[139.71334,35.7598]]}},{"type":"Feature","properties":{"idx":142,"road":"本郷赤羽線","cls":"secondary","shops":3,"st_km":0.74,"mesh":"53395517"},"geometry":{"type":"LineString","coordinates":[[139.71353,35.76347],[139.71441,35.76288],[139.71573,35.76211]]}},{"type":"Feature","properties":{"idx":72,"road":"加賀学園通り","cls":"tertiary","shops":1,"st_km":0.79,"mesh":"53395517"},"geometry":{"type":"LineString","coordinates":[[139.71528,35.75817],[139.71473,35.7582],[139.71443,35.75826],[139.71248,35.7591]]}},{"type":"Feature","properties":{"idx":295,"road":NaN,"cls":"tertiary","shops":0,"st_km":0.53,"mesh":"53395526"},"geometry":{"type":"LineString","coordinates":[[139.70694,35.76979],[139.70881,35.77028]]}},{"type":"Feature","properties":{"idx":68,"road":NaN,"cls":"tertiary","shops":0,"st_km":0.42,"mesh":"53395517"},"geometry":{"type":"LineString","coordinates":[[139.71764,35.75835],[139.71778,35.75859],[139.7185,35.75928]]}},{"type":"Feature","properties":{"idx":96,"road":NaN,"cls":"tertiary","shops":1,"st_km":0.48,"mesh":"53395517"},"geometry":{"type":"LineString","coordinates":[[139.7175,35.75995],[139.71651,35.75917]]}},{"type":"Feature","properties":{"idx":3640,"road":NaN,"cls":"tertiary","shops":6,"st_km":0.09,"mesh":"53395515"},"geometry":{"type":"LineString","coordinates":[[139.68979,35.75923],[139.68955,35.75915]]}},{"type":"Feature","properties":{"idx":707,"road":"常盤台赤羽線","cls":"secondary","shops":0,"st_km":0.63,"mesh":"53395514"},"geometry":{"type":"LineString","coordinates":[[139.68405,35.76371],[139.68306,35.76177]]}},{"type":"Feature","properties":{"idx":87,"road":"補助第244号線","cls":"tertiary","shops":1,"st_km":0.82,"mesh":"53395537"},"geometry":{"type":"LineString","coordinates":[[139.71329,35.78125],[139.7135,35.78138]]}},{"type":"Feature","properties":{"idx":93,"road":"赤羽並木通り","cls":"tertiary","shops":1,"st_km":0.75,"mesh":"53395537"},"geometry":{"type":"LineString","coordinates":[[139.7135,35.78138],[139.71379,35.78078],[139.71394,35.78058],[139.71408,35.78045],[139.71456,35.78015]]}},{"type":"Feature","properties":{"idx":200,"road":"新田学園通り","cls":"tertiary","shops":2,"st_km":1.17,"mesh":"53395529"},"geometry":{"type":"LineString","coordinates":[[139.74771,35.76933],[139.74778,35.76855]]}},{"type":"Feature","properties":{"idx":94,"road":NaN,"cls":"tertiary","shops":0,"st_km":1.25,"mesh":"53395529"},"geometry":{"type":"LineString","coordinates":[[139.7487,35.77011],[139.74747,35.77076],[139.74728,35.77076],[139.74707,35.77066]]}},{"type":"Feature","properties":{"idx":844,"road":"赤羽西台線","cls":"secondary","shops":1,"st_km":0.59,"mesh":"53395554"},"geometry":{"type":"LineString","coordinates":[[139.68548,35.79364],[139.6856,35.79364]]}},{"type":"Feature","properties":{"idx":1141,"road":"赤羽西台線","cls":"secondary","shops":1,"st_km":0.17,"mesh":"53395545"},"geometry":{"type":"LineString","coordinates":[[139.69227,35.79176],[139.69286,35.79132],[139.69318,35.79114],[139.69361,35.79101],[139.69459,35.7909]]}},{"type":"Feature","properties":{"idx":269,"road":"赤羽西台線","cls":"secondary","shops":0,"st_km":0.55,"mesh":"53395546"},"geometry":{"type":"LineString","coordinates":[[139.69761,35.79056],[139.70116,35.79017],[139.70163,35.79006],[139.70203,35.78985],[139.70383,35.78853]]}},{"type":"Feature","properties":{"idx":914,"road":"中十条赤羽線","cls":"secondary","shops":13,"st_km":0.18,"mesh":"53395537"},"geometry":{"type":"LineString","coordinates":[[139.72022,35.77896],[139.71973,35.77874]]}},{"type":"Feature","properties":{"idx":1249,"road":"環八通り","cls":"primary","shops":4,"st_km":0.13,"mesh":"53395512"},"geometry":{"type":"LineString","coordinates":[[139.65341,35.75843],[139.65431,35.7589]]}},{"type":"Feature","properties":{"idx":630,"road":"池袋谷原線","cls":"secondary_link","shops":3,"st_km":0.12,"mesh":"53395512"},"geometry":{"type":"LineString","coordinates":[[139.65341,35.75843],[139.65352,35.75838]]}},{"type":"Feature","properties":{"idx":573,"road":"環八通り","cls":"primary","shops":2,"st_km":0.12,"mesh":"53395502"},"geometry":{"type":"LineString","coordinates":[[139.65352,35.75838],[139.65323,35.75822]]}},{"type":"Feature","properties":{"idx":542,"road":"池袋谷原線","cls":"secondary_link","shops":4,"st_km":0.07,"mesh":"53395502"},"geometry":{"type":"LineString","coordinates":[[139.65352,35.75838],[139.65439,35.75787]]}},{"type":"Feature","properties":{"idx":360,"road":NaN,"cls":"tertiary","shops":0,"st_km":0.83,"mesh":"53395545"},"geometry":{"type":"LineString","coordinates":[[139.69671,35.78442],[139.69614,35.78442],[139.69579,35.78447],[139.69438,35.78511]]}},{"type":"Feature","properties":{"idx":797,"road":NaN,"cls":"tertiary","shops":0,"st_km":0.63,"mesh":"53395555"},"geometry":{"type":"LineString","coordinates":[[139.69709,35.79486],[139.69714,35.79424]]}},{"type":"Feature","properties":{"idx":380,"road":"浮間中央通り","cls":"tertiary","shops":0,"st_km":0.77,"mesh":"53395545"},"geometry":{"type":"LineString","coordinates":[[139.69669,35.78735],[139.69671,35.78442]]}},{"type":"Feature","properties":{"idx":459,"road":NaN,"cls":"tertiary","shops":0,"st_km":0.56,"mesh":"53395545"},"geometry":{"type":"LineString","coordinates":[[139.69669,35.78735],[139.69623,35.78732],[139.69223,35.78632]]}},{"type":"Feature","properties":{"idx":457,"road":NaN,"cls":"tertiary","shops":0,"st_km":0.57,"mesh":"53395545"},"geometry":{"type":"LineString","coordinates":[[139.69223,35.78632],[139.69117,35.78605]]}},{"type":"Feature","properties":{"idx":289,"road":NaN,"cls":"tertiary","shops":0,"st_km":0.36,"mesh":"53395546"},"geometry":{"type":"LineString","coordinates":[[139.70944,35.78573],[139.70942,35.78581]]}},{"type":"Feature","properties":{"idx":1368,"road":"環八通り","cls":"primary","shops":5,"st_km":0.28,"mesh":"53395546"},"geometry":{"type":"LineString","coordinates":[[139.70944,35.78573],[139.70706,35.78528]]}},{"type":"Feature","properties":{"idx":1577,"road":"環八通り","cls":"primary","shops":6,"st_km":0.27,"mesh":"53395546"},"geometry":{"type":"LineString","coordinates":[[139.70701,35.78536],[139.70942,35.78581]]}},{"type":"Feature","properties":{"idx":623,"road":"赤羽並木通り","cls":"tertiary","shops":0,"st_km":0.76,"mesh":"53395536"},"geometry":{"type":"LineString","coordinates":[[139.7103,35.78313],[139.71111,35.78277],[139.71298,35.7818],[139.71327,35.78161],[139.7135,35.78138]]}},{"type":"Feature","properties":{"idx":586,"road":"赤羽西台線","cls":"secondary","shops":0,"st_km":0.43,"mesh":"53395545"},"geometry":{"type":"LineString","coordinates":[[139.69459,35.7909],[139.69761,35.79056]]}},{"type":"Feature","properties":{"idx":1298,"road":"赤羽西台線","cls":"secondary","shops":4,"st_km":0.08,"mesh":"53395546"},"geometry":{"type":"LineString","coordinates":[[139.70623,35.7869],[139.70653,35.78667],[139.70677,35.78635]]}},{"type":"Feature","properties":{"idx":251,"road":NaN,"cls":"tertiary","shops":0,"st_km":0.5,"mesh":"53395546"},"geometry":{"type":"LineString","coordinates":[[139.71349,35.78759],[139.70915,35.78678]]}},{"type":"Feature","properties":{"idx":306,"road":NaN,"cls":"tertiary","shops":0,"st_km":0.3,"mesh":"53395546"},"geometry":{"type":"LineString","coordinates":[[139.70915,35.78678],[139.70902,35.78729]]}},{"type":"Feature","properties":{"idx":405,"road":"市道D-429号線","cls":"tertiary","shops":0,"st_km":0.41,"mesh":"53395593"},"geometry":{"type":"LineString","coordinates":[[139.66302,35.82931],[139.66297,35.831],[139.66303,35.83119]]}},{"type":"Feature","properties":{"idx":550,"road":"市道D-429号線","cls":"tertiary","shops":1,"st_km":0.52,"mesh":"53395593"},"geometry":{"type":"LineString","coordinates":[[139.66303,35.83119],[139.66306,35.83123]]}},{"type":"Feature","properties":{"idx":279,"road":"旧中山道","cls":"tertiary","shops":0,"st_km":0.81,"mesh":"53395593"},"geometry":{"type":"LineString","coordinates":[[139.66865,35.83114],[139.66852,35.83126]]}},{"type":"Feature","properties":{"idx":279,"road":"旧中山道","cls":"tertiary","shops":0,"st_km":0.81,"mesh":"53395593"},"geometry":{"type":"LineString","coordinates":[[139.66852,35.83126],[139.66849,35.8313]]}},{"type":"Feature","properties":{"idx":569,"road":NaN,"cls":"primary_link","shops":1,"st_km":0.55,"mesh":"53395513"},"geometry":{"type":"LineString","coordinates":[[139.6658,35.76462],[139.66483,35.76393]]}}]}