{"type":"FeatureCollection","features":[{"type":"Feature","properties":{"idx":1713,"road":"表参道","cls":"secondary","shops":20,"st_km":0.07,"mesh":"53394506"},"geometry":{"type":"LineString","coordinates":[[139.70278,35.66953],[139.70297,35.66957],[139.7032,35.66954],[139.70379,35.66928]]}},{"type":"Feature","properties":{"idx":436,"road":"","cls":"secondary","shops":1,"st_km":0.38,"mesh":"53394507"},"geometry":{"type":"LineString","coordinates":[[139.72075,35.67236],[139.71947,35.67499]]}},{"type":"Feature","properties":{"idx":2821,"road":"青梅街道","cls":"primary","shops":22,"st_km":0.06,"mesh":"53394535"},"geometry":{"type":"LineString","coordinates":[[139.69857,35.69367],[139.6991,35.6937]]}},{"type":"Feature","properties":{"idx":457,"road":"プリンス通り","cls":"tertiary","shops":2,"st_km":0.22,"mesh":"53394519"},"geometry":{"type":"LineString","coordinates":[[139.73841,35.67953],[139.73832,35.68077]]}},{"type":"Feature","properties":{"idx":250,"road":"清水谷坂","cls":"tertiary","shops":0,"st_km":0.27,"mesh":"53394518"},"geometry":{"type":"LineString","coordinates":[[139.73486,35.68225],[139.7356,35.68242],[139.73588,35.68255],[139.73623,35.6828],[139.73654,35.68293],[139.737,35.68298]]}},{"type":"Feature","properties":{"idx":924,"road":"","cls":"primary_link","shops":5,"st_km":0.12,"mesh":"53394564"},"geometry":{"type":"LineString","coordinates":[[139.68451,35.72271],[139.6844,35.72266],[139.68435,35.72256],[139.6845,35.72237]]}},{"type":"Feature","properties":{"idx":679,"road":"紀尾井通り","cls":"tertiary","shops":4,"st_km":0.37,"mesh":"53394518"},"geometry":{"type":"LineString","coordinates":[[139.73486,35.68225],[139.73444,35.68225]]}},{"type":"Feature","properties":{"idx":299,"road":"井ノ頭通り","cls":"secondary","shops":1,"st_km":0.25,"mesh":"53394502"},"geometry":{"type":"LineString","coordinates":[[139.66138,35.66903],[139.65985,35.66915]]}},{"type":"Feature","properties":{"idx":91,"road":"","cls":"tertiary","shops":0,"st_km":0.38,"mesh":"53394517"},"geometry":{"type":"LineString","coordinates":[[139.71739,35.67622],[139.71693,35.6765],[139.71636,35.67668],[139.71585,35.6767],[139.7154,35.67652]]}},{"type":"Feature","properties":{"idx":1227,"road":"外苑東通り","cls":"primary","shops":9,"st_km":0.27,"mesh":"53394527"},"geometry":{"type":"LineString","coordinates":[[139.72351,35.69182],[139.72332,35.69157],[139.72202,35.69038],[139.72068,35.68924],[139.72047,35.68883],[139.7204,35.68803]]}},{"type":"Feature","properties":{"idx":408,"road":"目白通り","cls":"primary","shops":0,"st_km":0.05,"mesh":"53394564"},"geometry":{"type":"LineString","coordinates":[[139.684,35.72265],[139.68328,35.72364],[139.68264,35.72489]]}},{"type":"Feature","properties":{"idx":1163,"road":"外堀通り","cls":"secondary","shops":5,"st_km":0.13,"mesh":"53394518"},"geometry":{"type":"LineString","coordinates":[[139.73681,35.67776],[139.73656,35.67803]]}},{"type":"Feature","properties":{"idx":595,"road":"軽子坂","cls":"tertiary","shops":12,"st_km":0.36,"mesh":"53394549"},"geometry":{"type":"LineString","coordinates":[[139.74334,35.70126],[139.74178,35.70198]]}},{"type":"Feature","properties":{"idx":857,"road":"","cls":"tertiary","shops":3,"st_km":0.16,"mesh":"53394508"},"geometry":{"type":"LineString","coordinates":[[139.72563,35.67333],[139.7261,35.67218]]}},{"type":"Feature","properties":{"idx":257,"road":"六本木通り","cls":"secondary","shops":0,"st_km":0.25,"mesh":"53394519"},"geometry":{"type":"LineString","coordinates":[[139.74957,35.67642],[139.74813,35.6741]]}},{"type":"Feature","properties":{"idx":739,"road":"","cls":"pedestrian","shops":6,"st_km":0.33,"mesh":"53394526"},"geometry":{"type":"LineString","coordinates":[[139.70725,35.68884],[139.70723,35.68873],[139.7075,35.68836]]}},{"type":"Feature","properties":{"idx":154,"road":"新目白通り","cls":"primary","shops":0,"st_km":0.07,"mesh":"53394557"},"geometry":{"type":"LineString","coordinates":[[139.71108,35.71454],[139.71453,35.71298],[139.71734,35.71241]]}},{"type":"Feature","properties":{"idx":1402,"road":"六本木通り","cls":"secondary","shops":8,"st_km":0.24,"mesh":"53394509"},"geometry":{"type":"LineString","coordinates":[[139.73966,35.66746],[139.73897,35.66688]]}},{"type":"Feature","properties":{"idx":118,"road":"四谷角筈線","cls":"secondary","shops":0,"st_km":0.32,"mesh":"53394517"},"geometry":{"type":"LineString","coordinates":[[139.71964,35.67765],[139.71992,35.67733],[139.72015,35.6772],[139.72049,35.67709],[139.72093,35.67715]]}},{"type":"Feature","properties":{"idx":128,"road":"四谷角筈線","cls":"secondary","shops":0,"st_km":0.16,"mesh":"53394517"},"geometry":{"type":"LineString","coordinates":[[139.71684,35.67739],[139.71631,35.67853],[139.71631,35.67883],[139.71645,35.67923],[139.71674,35.67958],[139.71727,35.67978],[139.71776,35.67983],[139.71838,35.67967]]}},{"type":"Feature","properties":{"idx":203,"road":"四谷角筈線","cls":"secondary","shops":1,"st_km":0.11,"mesh":"53394517"},"geometry":{"type":"LineString","coordinates":[[139.71629,35.67869],[139.71611,35.67917],[139.71594,35.67936],[139.7156,35.67958],[139.71515,35.67976]]}},{"type":"Feature","properties":{"idx":124,"road":"外苑西通り","cls":"secondary","shops":0,"st_km":0.19,"mesh":"53394517"},"geometry":{"type":"LineString","coordinates":[[139.7128,35.67793],[139.71348,35.67938],[139.71356,35.67973]]}},{"type":"Feature","properties":{"idx":770,"road":"","cls":"secondary_link","shops":6,"st_km":0.21,"mesh":"53394509"},"geometry":{"type":"LineString","coordinates":[[139.7386,35.66685],[139.73899,35.66703]]}},{"type":"Feature","properties":{"idx":889,"road":"","cls":"secondary_link","shops":8,"st_km":0.28,"mesh":"53394509"},"geometry":{"type":"LineString","coordinates":[[139.73899,35.66703],[139.74005,35.66813]]}},{"type":"Feature","properties":{"idx":574,"road":"","cls":"secondary_link","shops":5,"st_km":0.36,"mesh":"53394509"},"geometry":{"type":"LineString","coordinates":[[139.74005,35.66813],[139.74015,35.66819],[139.74027,35.66819]]}},{"type":"Feature","properties":{"idx":1133,"road":"","cls":"secondary","shops":6,"st_km":0.23,"mesh":"53394509"},"geometry":{"type":"LineString","coordinates":[[139.73899,35.66703],[139.73901,35.66717]]}},{"type":"Feature","properties":{"idx":92,"road":"四谷角筈線","cls":"secondary_link","shops":0,"st_km":0.09,"mesh":"53394517"},"geometry":{"type":"LineString","coordinates":[[139.71372,35.68057],[139.71426,35.68034],[139.71437,35.68023],[139.71437,35.6801]]}},{"type":"Feature","properties":{"idx":799,"road":"外苑東通り","cls":"primary","shops":3,"st_km":0.38,"mesh":"53394508"},"geometry":{"type":"LineString","coordinates":[[139.7261,35.67218],[139.72664,35.67063],[139.72729,35.66777]]}},{"type":"Feature","properties":{"idx":916,"road":"要町通り","cls":"secondary","shops":2,"st_km":0.49,"mesh":"53394593"},"geometry":{"type":"LineString","coordinates":[[139.67472,35.74553],[139.67491,35.74555]]}},{"type":"Feature","properties":{"idx":847,"road":"","cls":"tertiary","shops":2,"st_km":0.04,"mesh":"53394583"},"geometry":{"type":"LineString","coordinates":[[139.66838,35.74081],[139.66812,35.74117]]}},{"type":"Feature","properties":{"idx":77,"road":"","cls":"tertiary","shops":1,"st_km":0.32,"mesh":"53394589"},"geometry":{"type":"LineString","coordinates":[[139.74812,35.73468],[139.74972,35.73395],[139.7502,35.73356]]}},{"type":"Feature","properties":{"idx":100,"road":"","cls":"tertiary","shops":0,"st_km":0.4,"mesh":"53394506"},"geometry":{"type":"LineString","coordinates":[[139.7045,35.67311],[139.70624,35.6743],[139.70702,35.67461]]}},{"type":"Feature","properties":{"idx":266,"road":"東京都道二四七号線","cls":"secondary","shops":0,"st_km":0.26,"mesh":"53394509"},"geometry":{"type":"LineString","coordinates":[[139.74775,35.67404],[139.74712,35.67428],[139.74692,35.67429],[139.74423,35.67379]]}},{"type":"Feature","properties":{"idx":241,"road":"東京都道二四七号線","cls":"secondary","shops":0,"st_km":0.36,"mesh":"53394509"},"geometry":{"type":"LineString","coordinates":[[139.74662,35.67434],[139.74696,35.6744],[139.7472,35.6746],[139.74739,35.67467]]}},{"type":"Feature","properties":{"idx":239,"road":"東京都道二四七号線","cls":"secondary","shops":0,"st_km":0.37,"mesh":"53394509"},"geometry":{"type":"LineString","coordinates":[[139.74662,35.67434],[139.747,35.6745],[139.74722,35.67479],[139.74726,35.67497]]}},{"type":"Feature","properties":{"idx":422,"road":"東京都道二四七号線","cls":"secondary","shops":1,"st_km":0.21,"mesh":"53394509"},"geometry":{"type":"LineString","coordinates":[[139.74416,35.67388],[139.74662,35.67434]]}},{"type":"Feature","properties":{"idx":179,"road":"東京都道一七六号線","cls":"secondary","shops":0,"st_km":0.51,"mesh":"53394519"},"geometry":{"type":"LineString","coordinates":[[139.74654,35.67758],[139.74645,35.67769],[139.74597,35.67795]]}},{"type":"Feature","properties":{"idx":224,"road":"東京都道一七六号線","cls":"secondary","shops":0,"st_km":0.35,"mesh":"53394519"},"geometry":{"type":"LineString","coordinates":[[139.74318,35.67764],[139.74319,35.67864],[139.74315,35.67927]]}},{"type":"Feature","properties":{"idx":289,"road":"東京都道一七六号線","cls":"secondary","shops":1,"st_km":0.48,"mesh":"53394519"},"geometry":{"type":"LineString","coordinates":[[139.74597,35.67795],[139.74408,35.6776],[139.74324,35.67755]]}},{"type":"Feature","properties":{"idx":331,"road":"東京FM通り","cls":"tertiary","shops":1,"st_km":0.25,"mesh":"53394519"},"geometry":{"type":"LineString","coordinates":[[139.74167,35.68343],[139.74406,35.68318]]}},{"type":"Feature","properties":{"idx":289,"road":"","cls":"tertiary","shops":1,"st_km":0.39,"mesh":"53394519"},"geometry":{"type":"LineString","coordinates":[[139.74229,35.68177],[139.7442,35.68252]]}},{"type":"Feature","properties":{"idx":414,"road":"半蔵門駅通り","cls":"tertiary","shops":2,"st_km":0.31,"mesh":"53394519"},"geometry":{"type":"LineString","coordinates":[[139.74304,35.67943],[139.74278,35.67964],[139.74214,35.67993],[139.74192,35.68022],[139.74189,35.68123]]}},{"type":"Feature","properties":{"idx":185,"road":"国会通り","cls":"secondary","shops":0,"st_km":0.47,"mesh":"53394519"},"geometry":{"type":"LineString","coordinates":[[139.7469,35.67628],[139.74654,35.67758]]}},{"type":"Feature","properties":{"idx":318,"road":"国会通り","cls":"secondary","shops":0,"st_km":0.15,"mesh":"53394509"},"geometry":{"type":"LineString","coordinates":[[139.75034,35.67299],[139.74878,35.67362]]}},{"type":"Feature","properties":{"idx":1343,"road":"目白通り","cls":"primary","shops":5,"st_km":0.1,"mesh":"53394564"},"geometry":{"type":"LineString","coordinates":[[139.68414,35.72267],[139.6844,35.7227]]}},{"type":"Feature","properties":{"idx":426,"road":"哲学堂通り","cls":"tertiary","shops":3,"st_km":0.7,"mesh":"53394564"},"geometry":{"type":"LineString","coordinates":[[139.67542,35.72364],[139.67585,35.72219],[139.67572,35.72137]]}},{"type":"Feature","properties":{"idx":404,"road":"薬師柳通り","cls":"tertiary","shops":6,"st_km":0.56,"mesh":"53394553"},"geometry":{"type":"LineString","coordinates":[[139.67043,35.70963],[139.66954,35.71117],[139.66938,35.71164],[139.66922,35.71192],[139.66844,35.71289],[139.66817,35.71314]]}},{"type":"Feature","properties":{"idx":1889,"road":"早稲田通り","cls":"primary","shops":12,"st_km":0.22,"mesh":"53394554"},"geometry":{"type":"LineString","coordinates":[[139.68453,35.71033],[139.68277,35.71]]}},{"type":"Feature","properties":{"idx":221,"road":"中野通り","cls":"secondary","shops":1,"st_km":0.78,"mesh":"53394563"},"geometry":{"type":"LineString","coordinates":[[139.67369,35.72353],[139.6736,35.72331],[139.67245,35.72215]]}},{"type":"Feature","properties":{"idx":714,"road":"","cls":"tertiary","shops":4,"st_km":0.85,"mesh":"53394572"},"geometry":{"type":"LineString","coordinates":[[139.65862,35.73218],[139.65912,35.73093],[139.65938,35.73053],[139.65957,35.73032]]}},{"type":"Feature","properties":{"idx":837,"road":"江戸川橋通り","cls":"tertiary","shops":9,"st_km":0.36,"mesh":"53394548"},"geometry":{"type":"LineString","coordinates":[[139.73079,35.70481],[139.73093,35.70556]]}},{"type":"Feature","properties":{"idx":174,"road":"","cls":"primary_link","shops":0,"st_km":0.16,"mesh":"53394567"},"geometry":{"type":"LineString","coordinates":[[139.7132,35.71907],[139.71324,35.7193],[139.71303,35.71979],[139.71318,35.71993]]}},{"type":"Feature","properties":{"idx":264,"road":"聖母坂通り","cls":"tertiary","shops":2,"st_km":0.44,"mesh":"53394565"},"geometry":{"type":"LineString","coordinates":[[139.69426,35.72232],[139.69474,35.71959],[139.69478,35.71914],[139.69479,35.71846],[139.69464,35.71687]]}},{"type":"Feature","properties":{"idx":473,"road":"目白通り","cls":"primary","shops":5,"st_km":1.06,"mesh":"53394590"},"geometry":{"type":"LineString","coordinates":[[139.62796,35.74516],[139.6275,35.74541]]}},{"type":"Feature","properties":{"idx":567,"road":"桜坂","cls":"tertiary","shops":3,"st_km":0.33,"mesh":"53394509"},"geometry":{"type":"LineString","coordinates":[[139.74086,35.66884],[139.74108,35.66864],[139.74168,35.66838]]}},{"type":"Feature","properties":{"idx":342,"road":"","cls":"tertiary","shops":1,"st_km":0.33,"mesh":"53394509"},"geometry":{"type":"LineString","coordinates":[[139.74394,35.66905],[139.74416,35.66927],[139.74566,35.67023]]}},{"type":"Feature","properties":{"idx":1170,"road":"","cls":"tertiary","shops":8,"st_km":0.3,"mesh":"53394509"},"geometry":{"type":"LineString","coordinates":[[139.74487,35.67045],[139.74454,35.66952]]}},{"type":"Feature","properties":{"idx":489,"road":"","cls":"tertiary","shops":13,"st_km":0.49,"mesh":"53394549"},"geometry":{"type":"LineString","coordinates":[[139.74178,35.70198],[139.7406,35.70246]]}},{"type":"Feature","properties":{"idx":383,"road":"井ノ頭通り","cls":"secondary","shops":2,"st_km":0.29,"mesh":"53394502"},"geometry":{"type":"LineString","coordinates":[[139.66138,35.66903],[139.66149,35.6691]]}},{"type":"Feature","properties":{"idx":448,"road":"","cls":"tertiary","shops":1,"st_km":0.35,"mesh":"53394515"},"geometry":{"type":"LineString","coordinates":[[139.69299,35.68152],[139.69353,35.68175],[139.69414,35.6819]]}},{"type":"Feature","properties":{"idx":476,"road":"代々木淀橋線","cls":"tertiary","shops":1,"st_km":0.29,"mesh":"53394515"},"geometry":{"type":"LineString","coordinates":[[139.69326,35.68085],[139.69284,35.68147]]}},{"type":"Feature","properties":{"idx":877,"road":"方南通り","cls":"primary","shops":4,"st_km":0.53,"mesh":"53394523"},"geometry":{"type":"LineString","coordinates":[[139.66909,35.68617],[139.66719,35.6861],[139.66532,35.68557]]}},{"type":"Feature","properties":{"idx":1234,"road":"方南通り(方南町交差点)","cls":"primary","shops":18,"st_km":0.1,"mesh":"53394522"},"geometry":{"type":"LineString","coordinates":[[139.65687,35.68338],[139.65672,35.68335]]}},{"type":"Feature","properties":{"idx":166,"road":"環七通り","cls":"primary_link","shops":2,"st_km":0.14,"mesh":"53394522"},"geometry":{"type":"LineString","coordinates":[[139.65659,35.68524],[139.65676,35.68481],[139.6569,35.68348]]}},{"type":"Feature","properties":{"idx":3417,"road":"竹下通り","cls":"pedestrian","shops":39,"st_km":0.21,"mesh":"53394506"},"geometry":{"type":"LineString","coordinates":[[139.70302,35.6716],[139.70485,35.67122],[139.7067,35.67021]]}},{"type":"Feature","properties":{"idx":938,"road":"四谷角筈線","cls":"secondary","shops":3,"st_km":0.3,"mesh":"53394528"},"geometry":{"type":"LineString","coordinates":[[139.72929,35.68411],[139.72827,35.68287],[139.72807,35.68275]]}},{"type":"Feature","properties":{"idx":416,"road":"四谷角筈線","cls":"secondary","shops":2,"st_km":0.57,"mesh":"53394518"},"geometry":{"type":"LineString","coordinates":[[139.72807,35.68275],[139.72754,35.68205],[139.72664,35.68012],[139.72628,35.67968]]}},{"type":"Feature","properties":{"idx":567,"road":"四谷角筈線","cls":"secondary","shops":1,"st_km":0.29,"mesh":"53394528"},"geometry":{"type":"LineString","coordinates":[[139.72807,35.68275],[139.72895,35.68382],[139.72906,35.68405],[139.72911,35.68431]]}},{"type":"Feature","properties":{"idx":177,"road":"四谷角筈線","cls":"secondary","shops":1,"st_km":0.31,"mesh":"53394517"},"geometry":{"type":"LineString","coordinates":[[139.72105,35.67719],[139.7208,35.67707]]}},{"type":"Feature","properties":{"idx":113,"road":"四谷角筈線","cls":"secondary","shops":0,"st_km":0.35,"mesh":"53394517"},"geometry":{"type":"LineString","coordinates":[[139.7208,35.67707],[139.72056,35.67696],[139.72045,35.67686],[139.72023,35.67642]]}},{"type":"Feature","properties":{"idx":679,"road":"","cls":"pedestrian","shops":2,"st_km":0.36,"mesh":"53394518"},"geometry":{"type":"LineString","coordinates":[[139.72827,35.68273],[139.72993,35.68258]]}},{"type":"Feature","properties":{"idx":96,"road":"","cls":"tertiary","shops":0,"st_km":0.33,"mesh":"53394517"},"geometry":{"type":"LineString","coordinates":[[139.7154,35.67652],[139.71618,35.67722],[139.71651,35.6774],[139.71679,35.67748]]}},{"type":"Feature","properties":{"idx":393,"road":"","cls":"tertiary","shops":7,"st_km":0.52,"mesh":"53394506"},"geometry":{"type":"LineString","coordinates":[[139.70817,35.67209],[139.70874,35.672]]}},{"type":"Feature","properties":{"idx":342,"road":"外苑西通り","cls":"secondary","shops":2,"st_km":0.44,"mesh":"53394527"},"geometry":{"type":"LineString","coordinates":[[139.7146,35.69136],[139.7147,35.6911],[139.71534,35.69012]]}},{"type":"Feature","properties":{"idx":150,"road":"四谷角筈線","cls":"secondary","shops":0,"st_km":0.01,"mesh":"53394517"},"geometry":{"type":"LineString","coordinates":[[139.71515,35.67976],[139.71444,35.67997]]}},{"type":"Feature","properties":{"idx":134,"road":"四谷角筈線","cls":"secondary","shops":0,"st_km":0.12,"mesh":"53394517"},"geometry":{"type":"LineString","coordinates":[[139.71378,35.68017],[139.7135,35.68025]]}},{"type":"Feature","properties":{"idx":138,"road":"四谷角筈線","cls":"secondary","shops":0,"st_km":0.15,"mesh":"53394517"},"geometry":{"type":"LineString","coordinates":[[139.7135,35.68025],[139.71216,35.68057]]}},{"type":"Feature","properties":{"idx":2184,"road":"代々木淀橋線","cls":"tertiary","shops":12,"st_km":0.25,"mesh":"53394515"},"geometry":{"type":"LineString","coordinates":[[139.7031,35.68013],[139.70275,35.68001],[139.70226,35.68024],[139.70164,35.68034],[139.70109,35.68053],[139.70043,35.68047],[139.70005,35.68051],[139.6982,35.68143],[139.69809,35.68145],[139.69593,35.6802],[139.69469,35.67985],[139.69426,35.6794]]}},{"type":"Feature","properties":{"idx":902,"road":"代々木淀橋線","cls":"tertiary","shops":3,"st_km":0.16,"mesh":"53394515"},"geometry":{"type":"LineString","coordinates":[[139.69197,35.67495],[139.69237,35.6756],[139.69318,35.67765],[139.69387,35.6785],[139.69416,35.67907],[139.69426,35.6794]]}},{"type":"Feature","properties":{"idx":382,"road":"","cls":"tertiary","shops":0,"st_km":0.11,"mesh":"53394515"},"geometry":{"type":"LineString","coordinates":[[139.69426,35.6794],[139.69424,35.67942]]}},{"type":"Feature","properties":{"idx":1868,"road":"東通り","cls":"secondary","shops":19,"st_km":0.25,"mesh":"53394535"},"geometry":{"type":"LineString","coordinates":[[139.69512,35.69376],[139.69508,35.69368]]}},{"type":"Feature","properties":{"idx":683,"road":"議事堂通り","cls":"secondary","shops":7,"st_km":0.46,"mesh":"53394525"},"geometry":{"type":"LineString","coordinates":[[139.69472,35.68678],[139.69463,35.68689]]}},{"type":"Feature","properties":{"idx":217,"road":"公園通り","cls":"secondary","shops":1,"st_km":0.5,"mesh":"53394525"},"geometry":{"type":"LineString","coordinates":[[139.69153,35.68732],[139.69207,35.68528],[139.6921,35.68509],[139.69202,35.68485]]}},{"type":"Feature","properties":{"idx":93,"road":"","cls":"secondary_link","shops":0,"st_km":0.56,"mesh":"53394525"},"geometry":{"type":"LineString","coordinates":[[139.69204,35.68539],[139.69217,35.68531],[139.6924,35.68531]]}},{"type":"Feature","properties":{"idx":267,"road":"公園通り","cls":"secondary","shops":1,"st_km":0.3,"mesh":"53394525"},"geometry":{"type":"LineString","coordinates":[[139.69136,35.68729],[139.69092,35.68911]]}},{"type":"Feature","properties":{"idx":782,"road":"中央通り","cls":"secondary","shops":6,"st_km":0.21,"mesh":"53394525"},"geometry":{"type":"LineString","coordinates":[[139.69824,35.69135],[139.69831,35.6914]]}},{"type":"Feature","properties":{"idx":687,"road":"ふれあい通り","cls":"secondary","shops":6,"st_km":0.33,"mesh":"53394525"},"geometry":{"type":"LineString","coordinates":[[139.69645,35.68924],[139.6953,35.6892]]}},{"type":"Feature","properties":{"idx":4414,"road":"オペラ通り","cls":"tertiary","shops":11,"st_km":0.3,"mesh":"53394514"},"geometry":{"type":"LineString","coordinates":[[139.68606,35.6812],[139.68517,35.68217],[139.68445,35.68308],[139.68425,35.68326]]}},{"type":"Feature","properties":{"idx":750,"road":"小滝橋通り","cls":"tertiary","shops":8,"st_km":0.28,"mesh":"53394535"},"geometry":{"type":"LineString","coordinates":[[139.69525,35.70184],[139.69556,35.70108],[139.69749,35.698],[139.69893,35.69419]]}},{"type":"Feature","properties":{"idx":1975,"road":"早稲田通り","cls":"primary","shops":11,"st_km":0.1,"mesh":"53394554"},"geometry":{"type":"LineString","coordinates":[[139.68453,35.71033],[139.68797,35.71113],[139.68961,35.71127]]}},{"type":"Feature","properties":{"idx":136,"road":"八幡通り","cls":"tertiary","shops":1,"st_km":0.45,"mesh":"53394555"},"geometry":{"type":"LineString","coordinates":[[139.6923,35.71434],[139.69176,35.71096]]}},{"type":"Feature","properties":{"idx":145,"road":"","cls":"tertiary","shops":0,"st_km":0.24,"mesh":"53394582"},"geometry":{"type":"LineString","coordinates":[[139.65372,35.73992],[139.65276,35.73989]]}},{"type":"Feature","properties":{"idx":647,"road":"","cls":"tertiary","shops":5,"st_km":0.02,"mesh":"53394582"},"geometry":{"type":"LineString","coordinates":[[139.6547,35.73775],[139.65461,35.73808]]}},{"type":"Feature","properties":{"idx":485,"road":"マロニエ通り","cls":"tertiary","shops":1,"st_km":0.54,"mesh":"53394592"},"geometry":{"type":"LineString","coordinates":[[139.65249,35.74527],[139.65341,35.7448],[139.65364,35.74455],[139.65377,35.74427],[139.65388,35.74345],[139.65391,35.74227],[139.65366,35.74051],[139.65372,35.73992]]}},{"type":"Feature","properties":{"idx":403,"road":"","cls":"tertiary","shops":3,"st_km":0.15,"mesh":"53394582"},"geometry":{"type":"LineString","coordinates":[[139.65245,35.74035],[139.65267,35.74034],[139.65272,35.74026],[139.65289,35.73854],[139.65275,35.73713],[139.65266,35.73703],[139.65261,35.73684],[139.65263,35.73661],[139.65276,35.73617],[139.6527,35.73582]]}},{"type":"Feature","properties":{"idx":217,"road":"","cls":"tertiary","shops":1,"st_km":0.25,"mesh":"53394582"},"geometry":{"type":"LineString","coordinates":[[139.65061,35.73785],[139.6528,35.73793]]}},{"type":"Feature","properties":{"idx":279,"road":"中野通り","cls":"secondary","shops":1,"st_km":0.74,"mesh":"53394564"},"geometry":{"type":"LineString","coordinates":[[139.67542,35.72364],[139.67537,35.72419],[139.67578,35.72586]]}},{"type":"Feature","properties":{"idx":183,"road":"","cls":"tertiary","shops":1,"st_km":0.3,"mesh":"53394582"},"geometry":{"type":"LineString","coordinates":[[139.66393,35.73618],[139.65617,35.73753]]}},{"type":"Feature","properties":{"idx":377,"road":"西早宮橋","cls":"tertiary","shops":0,"st_km":0.38,"mesh":"53394592"},"geometry":{"type":"LineString","coordinates":[[139.65002,35.74507],[139.65028,35.74495]]}},{"type":"Feature","properties":{"idx":856,"road":"","cls":"tertiary","shops":10,"st_km":0.26,"mesh":"53394582"},"geometry":{"type":"LineString","coordinates":[[139.65499,35.73553],[139.65477,35.73567]]}},{"type":"Feature","properties":{"idx":290,"road":"","cls":"tertiary","shops":2,"st_km":0.13,"mesh":"53394582"},"geometry":{"type":"LineString","coordinates":[[139.66307,35.73786],[139.66258,35.73765],[139.66136,35.73753],[139.66092,35.73754]]}},{"type":"Feature","properties":{"idx":284,"road":"","cls":"primary_link","shops":0,"st_km":0.32,"mesh":"53394583"},"geometry":{"type":"LineString","coordinates":[[139.66512,35.73718],[139.66644,35.73845]]}},{"type":"Feature","properties":{"idx":632,"road":"","cls":"tertiary","shops":2,"st_km":0.38,"mesh":"53394583"},"geometry":{"type":"LineString","coordinates":[[139.67177,35.73417],[139.66418,35.73613]]}},{"type":"Feature","properties":{"idx":213,"road":"","cls":"tertiary","shops":0,"st_km":0.65,"mesh":"53394573"},"geometry":{"type":"LineString","coordinates":[[139.66824,35.72663],[139.67054,35.72677]]}},{"type":"Feature","properties":{"idx":226,"road":"","cls":"tertiary","shops":0,"st_km":0.6,"mesh":"53394581"},"geometry":{"type":"LineString","coordinates":[[139.64446,35.7344],[139.65051,35.73474],[139.65339,35.73529],[139.65351,35.73532],[139.65359,35.73542]]}},{"type":"Feature","properties":{"idx":371,"road":"","cls":"tertiary","shops":0,"st_km":0.4,"mesh":"53394592"},"geometry":{"type":"LineString","coordinates":[[139.65149,35.74388],[139.65176,35.74426]]}},{"type":"Feature","properties":{"idx":1031,"road":"弁天通り商店街","cls":"secondary","shops":9,"st_km":0.12,"mesh":"53394582"},"geometry":{"type":"LineString","coordinates":[[139.65579,35.73761],[139.65581,35.73768],[139.65559,35.73831]]}},{"type":"Feature","properties":{"idx":130,"road":"","cls":"tertiary","shops":0,"st_km":0.43,"mesh":"53394591"},"geometry":{"type":"LineString","coordinates":[[139.65003,35.74642],[139.64942,35.74535],[139.64914,35.74494]]}},{"type":"Feature","properties":{"idx":1239,"road":"外苑東通り","cls":"primary","shops":14,"st_km":0.15,"mesh":"53394517"},"geometry":{"type":"LineString","coordinates":[[139.71937,35.68036],[139.71952,35.68006]]}},{"type":"Feature","properties":{"idx":636,"road":"外苑東通り","cls":"primary","shops":6,"st_km":0.13,"mesh":"53394517"},"geometry":{"type":"LineString","coordinates":[[139.71952,35.68006],[139.72015,35.67885]]}},{"type":"Feature","properties":{"idx":840,"road":"外苑東通り","cls":"primary","shops":9,"st_km":0.17,"mesh":"53394517"},"geometry":{"type":"LineString","coordinates":[[139.71939,35.68008],[139.71922,35.68038]]}},{"type":"Feature","properties":{"idx":204,"road":"早宮中央通り","cls":"tertiary","shops":1,"st_km":0.38,"mesh":"53394591"},"geometry":{"type":"LineString","coordinates":[[139.64815,35.74517],[139.64827,35.74525],[139.64852,35.74577]]}},{"type":"Feature","properties":{"idx":610,"road":"牛込中央通り","cls":"tertiary","shops":4,"st_km":0.45,"mesh":"53394538"},"geometry":{"type":"LineString","coordinates":[[139.73316,35.6999],[139.73445,35.69706],[139.73531,35.69653],[139.73726,35.69462],[139.7377,35.69429]]}},{"type":"Feature","properties":{"idx":141,"road":"","cls":"tertiary","shops":2,"st_km":0.69,"mesh":"53394506"},"geometry":{"type":"LineString","coordinates":[[139.70919,35.67211],[139.70915,35.67222],[139.70929,35.67265],[139.70939,35.67291],[139.70955,35.67313],[139.7102,35.67365],[139.71125,35.67461]]}},{"type":"Feature","properties":{"idx":438,"road":"","cls":"pedestrian","shops":1,"st_km":0.45,"mesh":"53394516"},"geometry":{"type":"LineString","coordinates":[[139.70522,35.68758],[139.70463,35.68692],[139.70454,35.68674],[139.70452,35.68632],[139.70476,35.68537],[139.70524,35.68462],[139.70558,35.68429],[139.70627,35.68382],[139.70704,35.68343],[139.70782,35.68322],[139.70825,35.68334],[139.70853,35.68309],[139.70884,35.68263],[139.709,35.68247],[139.70955,35.68203],[139.7101,35.68178],[139.71237,35.68169],[139.71258,35.6818],[139.71277,35.682]]}},{"type":"Feature","properties":{"idx":1299,"road":"","cls":"pedestrian","shops":12,"st_km":0.3,"mesh":"53394526"},"geometry":{"type":"LineString","coordinates":[[139.7098,35.68519],[139.71059,35.68469],[139.71154,35.68374],[139.71173,35.68365],[139.71218,35.68355],[139.71241,35.6836],[139.71321,35.68427]]}},{"type":"Feature","properties":{"idx":744,"road":"","cls":"pedestrian","shops":2,"st_km":0.21,"mesh":"53394516"},"geometry":{"type":"LineString","coordinates":[[139.71161,35.6825],[139.71215,35.68336],[139.71241,35.6836]]}},{"type":"Feature","properties":{"idx":912,"road":"","cls":"pedestrian","shops":8,"st_km":0.34,"mesh":"53394526"},"geometry":{"type":"LineString","coordinates":[[139.70939,35.68431],[139.70962,35.68465],[139.70978,35.68508],[139.7098,35.68524],[139.70969,35.6857],[139.7095,35.68598],[139.70907,35.68626],[139.7083,35.68653],[139.70794,35.68655],[139.7071,35.68643],[139.70642,35.68649],[139.70601,35.68647],[139.70565,35.68611],[139.70476,35.68565],[139.70469,35.68566]]}},{"type":"Feature","properties":{"idx":182,"road":"","cls":"pedestrian","shops":0,"st_km":0.34,"mesh":"53394526"},"geometry":{"type":"LineString","coordinates":[[139.71107,35.68671],[139.71142,35.68642],[139.71149,35.68629],[139.71155,35.68596],[139.7114,35.68572],[139.71083,35.68516],[139.71066,35.68471],[139.71068,35.68411]]}},{"type":"Feature","properties":{"idx":785,"road":"","cls":"pedestrian","shops":2,"st_km":0.16,"mesh":"53394516"},"geometry":{"type":"LineString","coordinates":[[139.71263,35.68185],[139.71188,35.68233],[139.7114,35.68243],[139.71073,35.68285],[139.71039,35.68321],[139.71027,35.68342],[139.71025,35.68356],[139.71005,35.68374]]}},{"type":"Feature","properties":{"idx":1268,"road":"","cls":"pedestrian","shops":11,"st_km":0.25,"mesh":"53394526"},"geometry":{"type":"LineString","coordinates":[[139.71288,35.68221],[139.71286,35.68239],[139.71277,35.68256],[139.71206,35.68285],[139.71127,35.68334],[139.7109,35.68387],[139.71071,35.68399],[139.71068,35.68411],[139.70989,35.68443],[139.70946,35.68439]]}},{"type":"Feature","properties":{"idx":1165,"road":"","cls":"pedestrian","shops":4,"st_km":0.17,"mesh":"53394516"},"geometry":{"type":"LineString","coordinates":[[139.70998,35.68312],[139.71013,35.68285],[139.71082,35.68226],[139.71111,35.68211],[139.71131,35.68209]]}},{"type":"Feature","properties":{"idx":138,"road":"","cls":"tertiary","shops":0,"st_km":0.76,"mesh":"53394590"},"geometry":{"type":"LineString","coordinates":[[139.63544,35.74606],[139.63576,35.74595]]}},{"type":"Feature","properties":{"idx":129,"road":"","cls":"tertiary","shops":0,"st_km":0.84,"mesh":"53394590"},"geometry":{"type":"LineString","coordinates":[[139.63207,35.74601],[139.63243,35.74618],[139.63281,35.74648],[139.63326,35.74655],[139.63356,35.74653],[139.63411,35.74635],[139.63544,35.74606]]}},{"type":"Feature","properties":{"idx":107,"road":"環八通り","cls":"primary_link","shops":0,"st_km":0.9,"mesh":"53394590"},"geometry":{"type":"LineString","coordinates":[[139.63329,35.74754],[139.63314,35.7474],[139.63147,35.74633]]}},{"type":"Feature","properties":{"idx":247,"road":"","cls":"tertiary","shops":2,"st_km":0.9,"mesh":"53394590"},"geometry":{"type":"LineString","coordinates":[[139.63041,35.74389],[139.63037,35.744]]}},{"type":"Feature","properties":{"idx":135,"road":"","cls":"tertiary","shops":0,"st_km":0.39,"mesh":"53394591"},"geometry":{"type":"LineString","coordinates":[[139.64852,35.74577],[139.65002,35.74507]]}},{"type":"Feature","properties":{"idx":319,"road":"東中央橋","cls":"tertiary","shops":0,"st_km":0.55,"mesh":"53394592"},"geometry":{"type":"LineString","coordinates":[[139.65251,35.7453],[139.65263,35.74547]]}},{"type":"Feature","properties":{"idx":304,"road":"","cls":"tertiary","shops":0,"st_km":0.6,"mesh":"53394592"},"geometry":{"type":"LineString","coordinates":[[139.65263,35.74547],[139.65309,35.74611]]}},{"type":"Feature","properties":{"idx":815,"road":"環七通り","cls":"primary","shops":5,"st_km":0.2,"mesh":"53394502"},"geometry":{"type":"LineString","coordinates":[[139.66063,35.67262],[139.6607,35.67248]]}},{"type":"Feature","properties":{"idx":608,"road":"環七通り","cls":"primary","shops":5,"st_km":0.57,"mesh":"53394542"},"geometry":{"type":"LineString","coordinates":[[139.6549,35.70384],[139.65482,35.70062]]}},{"type":"Feature","properties":{"idx":447,"road":"環七通り","cls":"primary","shops":1,"st_km":0.73,"mesh":"53394572"},"geometry":{"type":"LineString","coordinates":[[139.65884,35.73162],[139.66077,35.73333]]}},{"type":"Feature","properties":{"idx":280,"road":"環七通り","cls":"primary","shops":0,"st_km":0.83,"mesh":"53394572"},"geometry":{"type":"LineString","coordinates":[[139.65517,35.72828],[139.65458,35.72771],[139.65416,35.72708],[139.654,35.72663],[139.65391,35.72552]]}},{"type":"Feature","properties":{"idx":6296,"road":"井ノ頭通り","cls":"secondary","shops":10,"st_km":0.19,"mesh":"53394504"},"geometry":{"type":"LineString","coordinates":[[139.68404,35.66796],[139.67918,35.6682]]}},{"type":"Feature","properties":{"idx":325,"road":"井ノ頭通り","cls":"secondary","shops":1,"st_km":0.53,"mesh":"53394503"},"geometry":{"type":"LineString","coordinates":[[139.67294,35.66844],[139.66458,35.66888]]}},{"type":"Feature","properties":{"idx":247,"road":"井ノ頭通り","cls":"secondary","shops":0,"st_km":0.39,"mesh":"53394503"},"geometry":{"type":"LineString","coordinates":[[139.6695,35.6687],[139.67291,35.66854]]}},{"type":"Feature","properties":{"idx":1769,"road":"井ノ頭通り","cls":"secondary","shops":2,"st_km":0.35,"mesh":"53394504"},"geometry":{"type":"LineString","coordinates":[[139.67291,35.66854],[139.67922,35.66829]]}},{"type":"Feature","properties":{"idx":889,"road":"東八道路","cls":"primary","shops":4,"st_km":0.38,"mesh":"53394500"},"geometry":{"type":"LineString","coordinates":[[139.62813,35.66985],[139.62663,35.67011]]}},{"type":"Feature","properties":{"idx":96,"road":"","cls":"tertiary","shops":0,"st_km":1.21,"mesh":"53394590"},"geometry":{"type":"LineString","coordinates":[[139.62566,35.74851],[139.62665,35.748],[139.62688,35.74781],[139.62796,35.74717],[139.62889,35.74698],[139.6308,35.74617],[139.63156,35.74614]]}},{"type":"Feature","properties":{"idx":734,"road":"鮫洲大山線","cls":"secondary","shops":3,"st_km":0.21,"mesh":"53394503"},"geometry":{"type":"LineString","coordinates":[[139.67349,35.66641],[139.67337,35.66667],[139.67338,35.66691],[139.67318,35.66746],[139.67297,35.66834]]}},{"type":"Feature","properties":{"idx":1080,"road":"中央通り","cls":"secondary","shops":7,"st_km":0.01,"mesh":"53394525"},"geometry":{"type":"LineString","coordinates":[[139.69465,35.69085],[139.69082,35.69025]]}},{"type":"Feature","properties":{"idx":880,"road":"東八道路","cls":"primary","shops":4,"st_km":0.39,"mesh":"53394500"},"geometry":{"type":"LineString","coordinates":[[139.62667,35.67026],[139.62816,35.67008]]}},{"type":"Feature","properties":{"idx":113,"road":"","cls":"secondary_link","shops":1,"st_km":0.2,"mesh":"53394505"},"geometry":{"type":"LineString","coordinates":[[139.68797,35.66839],[139.68803,35.66827],[139.68806,35.6679],[139.68847,35.66783]]}},{"type":"Feature","properties":{"idx":528,"road":"山手通り","cls":"primary","shops":6,"st_km":0.14,"mesh":"53394505"},"geometry":{"type":"LineString","coordinates":[[139.68794,35.6693],[139.68797,35.66839]]}},{"type":"Feature","properties":{"idx":401,"road":"山手通り","cls":"primary","shops":4,"st_km":0.13,"mesh":"53394505"},"geometry":{"type":"LineString","coordinates":[[139.6878,35.66876],[139.68776,35.66976]]}},{"type":"Feature","properties":{"idx":390,"road":"山手通り","cls":"primary","shops":0,"st_km":0.38,"mesh":"53394515"},"geometry":{"type":"LineString","coordinates":[[139.68765,35.67362],[139.6878,35.67713],[139.68794,35.67767],[139.68843,35.67901],[139.68873,35.68089],[139.68874,35.68129],[139.68866,35.68169],[139.68853,35.68194],[139.68825,35.68227]]}},{"type":"Feature","properties":{"idx":410,"road":"山手通り","cls":"primary","shops":4,"st_km":0.1,"mesh":"53394505"},"geometry":{"type":"LineString","coordinates":[[139.68793,35.66969],[139.68794,35.6693]]}},{"type":"Feature","properties":{"idx":3576,"road":"","cls":"tertiary","shops":12,"st_km":0.56,"mesh":"53394514"},"geometry":{"type":"LineString","coordinates":[[139.68115,35.67881],[139.68168,35.67814],[139.68431,35.67505],[139.68542,35.67452],[139.68765,35.67362]]}},{"type":"Feature","properties":{"idx":1483,"road":"方南通り","cls":"primary","shops":3,"st_km":0.44,"mesh":"53394524"},"geometry":{"type":"LineString","coordinates":[[139.68237,35.6889],[139.67813,35.6876]]}},{"type":"Feature","properties":{"idx":230,"road":"柳通り","cls":"tertiary","shops":0,"st_km":0.55,"mesh":"53394523"},"geometry":{"type":"LineString","coordinates":[[139.67247,35.68644],[139.67222,35.68715],[139.67221,35.68738]]}},{"type":"Feature","properties":{"idx":196,"road":"","cls":"tertiary","shops":0,"st_km":0.73,"mesh":"53394523"},"geometry":{"type":"LineString","coordinates":[[139.67292,35.68392],[139.67247,35.68644]]}},{"type":"Feature","properties":{"idx":254,"road":"","cls":"tertiary","shops":0,"st_km":0.45,"mesh":"53394523"},"geometry":{"type":"LineString","coordinates":[[139.66532,35.68557],[139.66522,35.68856],[139.66494,35.68954]]}},{"type":"Feature","properties":{"idx":717,"road":"","cls":"tertiary","shops":3,"st_km":0.32,"mesh":"53394523"},"geometry":{"type":"LineString","coordinates":[[139.66494,35.68954],[139.6649,35.68965]]}},{"type":"Feature","properties":{"idx":422,"road":"","cls":"tertiary","shops":1,"st_km":0.34,"mesh":"53394523"},"geometry":{"type":"LineString","coordinates":[[139.66459,35.69035],[139.66434,35.69089],[139.6639,35.69113]]}},{"type":"Feature","properties":{"idx":1391,"road":"","cls":"tertiary","shops":6,"st_km":0.13,"mesh":"53394523"},"geometry":{"type":"LineString","coordinates":[[139.66659,35.69065],[139.66677,35.69067]]}},{"type":"Feature","properties":{"idx":1523,"road":"","cls":"tertiary","shops":6,"st_km":0.05,"mesh":"53394523"},"geometry":{"type":"LineString","coordinates":[[139.66677,35.69067],[139.66847,35.69086]]}},{"type":"Feature","properties":{"idx":1510,"road":"中野通り","cls":"secondary","shops":3,"st_km":0.59,"mesh":"53394513"},"geometry":{"type":"LineString","coordinates":[[139.67042,35.67758],[139.67006,35.67906]]}},{"type":"Feature","properties":{"idx":1372,"road":"花見橋通り","cls":"tertiary","shops":3,"st_km":0.27,"mesh":"53394524"},"geometry":{"type":"LineString","coordinates":[[139.67707,35.69016],[139.67698,35.69294]]}},{"type":"Feature","properties":{"idx":735,"road":"二七通り","cls":"tertiary","shops":3,"st_km":0.35,"mesh":"53394529"},"geometry":{"type":"LineString","coordinates":[[139.73702,35.68997],[139.73949,35.69087],[139.74133,35.69143]]}},{"type":"Feature","properties":{"idx":231,"road":"","cls":"tertiary","shops":0,"st_km":0.53,"mesh":"53394529"},"geometry":{"type":"LineString","coordinates":[[139.74523,35.69391],[139.74451,35.69048],[139.74421,35.68996],[139.74367,35.68857],[139.7433,35.68716],[139.74298,35.68553]]}},{"type":"Feature","properties":{"idx":636,"road":"","cls":"tertiary","shops":2,"st_km":0.29,"mesh":"53394539"},"geometry":{"type":"LineString","coordinates":[[139.7476,35.69628],[139.74864,35.69637]]}},{"type":"Feature","properties":{"idx":658,"road":"","cls":"tertiary","shops":4,"st_km":0.66,"mesh":"53394539"},"geometry":{"type":"LineString","coordinates":[[139.74381,35.69582],[139.74419,35.69473],[139.74504,35.69493]]}},{"type":"Feature","properties":{"idx":982,"road":"大妻通り","cls":"tertiary","shops":7,"st_km":0.68,"mesh":"53394539"},"geometry":{"type":"LineString","coordinates":[[139.74383,35.69346],[139.74388,35.6933],[139.74386,35.69305],[139.74368,35.69216]]}},{"type":"Feature","properties":{"idx":4344,"road":"永井坂","cls":"tertiary","shops":21,"st_km":0.05,"mesh":"53394529"},"geometry":{"type":"LineString","coordinates":[[139.74165,35.6857],[139.74147,35.68426]]}},{"type":"Feature","properties":{"idx":606,"road":"","cls":"tertiary","shops":9,"st_km":0.32,"mesh":"53394520"},"geometry":{"type":"LineString","coordinates":[[139.62761,35.68444],[139.62799,35.68438]]}},{"type":"Feature","properties":{"idx":317,"road":"貝坂通り","cls":"tertiary","shops":1,"st_km":0.29,"mesh":"53394519"},"geometry":{"type":"LineString","coordinates":[[139.73943,35.68222],[139.73943,35.68159],[139.7395,35.6811],[139.73985,35.67973]]}},{"type":"Feature","properties":{"idx":392,"road":"井ノ頭通り","cls":"secondary","shops":3,"st_km":0.35,"mesh":"53394511"},"geometry":{"type":"LineString","coordinates":[[139.63694,35.67969],[139.64112,35.67756]]}},{"type":"Feature","properties":{"idx":399,"road":"井ノ頭通り","cls":"secondary","shops":0,"st_km":0.45,"mesh":"53394501"},"geometry":{"type":"LineString","coordinates":[[139.64711,35.67434],[139.64701,35.6744]]}},{"type":"Feature","properties":{"idx":131,"road":"","cls":"tertiary","shops":0,"st_km":0.65,"mesh":"53394530"},"geometry":{"type":"LineString","coordinates":[[139.63361,35.69419],[139.63309,35.69401],[139.63251,35.69393]]}},{"type":"Feature","properties":{"idx":3912,"road":"明大通り","cls":"tertiary","shops":13,"st_km":0.12,"mesh":"53394501"},"geometry":{"type":"LineString","coordinates":[[139.64996,35.66868],[139.6499,35.66975],[139.64985,35.66988]]}},{"type":"Feature","properties":{"idx":1911,"road":"瀬田貫井線","cls":"secondary","shops":5,"st_km":0.17,"mesh":"53394501"},"geometry":{"type":"LineString","coordinates":[[139.64164,35.66747],[139.64162,35.66769]]}},{"type":"Feature","properties":{"idx":822,"road":"瀬田貫井線","cls":"secondary","shops":2,"st_km":0.45,"mesh":"53394501"},"geometry":{"type":"LineString","coordinates":[[139.64221,35.67009],[139.64224,35.67018]]}},{"type":"Feature","properties":{"idx":671,"road":"瀬田貫井線","cls":"secondary","shops":1,"st_km":0.33,"mesh":"53394501"},"geometry":{"type":"LineString","coordinates":[[139.64224,35.67018],[139.64259,35.67163],[139.64275,35.67341],[139.64286,35.67395],[139.64319,35.67481],[139.64384,35.67617]]}},{"type":"Feature","properties":{"idx":1461,"road":"","cls":"tertiary","shops":7,"st_km":0.19,"mesh":"53394529"},"geometry":{"type":"LineString","coordinates":[[139.74355,35.68812],[139.74197,35.68719],[139.74111,35.68702],[139.73893,35.68607]]}},{"type":"Feature","properties":{"idx":370,"road":"","cls":"tertiary","shops":1,"st_km":0.14,"mesh":"53394519"},"geometry":{"type":"LineString","coordinates":[[139.73985,35.67973],[139.73841,35.67953]]}},{"type":"Feature","properties":{"idx":638,"road":"","cls":"tertiary","shops":3,"st_km":0.43,"mesh":"53394529"},"geometry":{"type":"LineString","coordinates":[[139.74535,35.68911],[139.7438,35.6887],[139.74262,35.68832]]}},{"type":"Feature","properties":{"idx":251,"road":"","cls":"tertiary","shops":1,"st_km":0.26,"mesh":"53394510"},"geometry":{"type":"LineString","coordinates":[[139.63791,35.67668],[139.63362,35.67653]]}},{"type":"Feature","properties":{"idx":443,"road":"北町豊玉線","cls":"secondary","shops":1,"st_km":0.77,"mesh":"53394592"},"geometry":{"type":"LineString","coordinates":[[139.65604,35.7421],[139.65619,35.74237],[139.65619,35.74258],[139.65568,35.7445],[139.65554,35.74531],[139.65573,35.74856]]}},{"type":"Feature","properties":{"idx":313,"road":"荒玉水道道路","cls":"secondary","shops":1,"st_km":0.67,"mesh":"53394500"},"geometry":{"type":"LineString","coordinates":[[139.63666,35.67274],[139.6366,35.67265]]}},{"type":"Feature","properties":{"idx":371,"road":"","cls":"secondary","shops":0,"st_km":0.52,"mesh":"53394501"},"geometry":{"type":"LineString","coordinates":[[139.6478,35.67399],[139.64771,35.67403]]}},{"type":"Feature","properties":{"idx":385,"road":"井ノ頭通り","cls":"secondary","shops":0,"st_km":0.49,"mesh":"53394501"},"geometry":{"type":"LineString","coordinates":[[139.64771,35.67403],[139.64711,35.67434]]}},{"type":"Feature","properties":{"idx":810,"road":"","cls":"tertiary","shops":4,"st_km":0.37,"mesh":"53394529"},"geometry":{"type":"LineString","coordinates":[[139.74355,35.68812],[139.74407,35.68829]]}},{"type":"Feature","properties":{"idx":389,"road":"","cls":"tertiary","shops":1,"st_km":0.41,"mesh":"53394529"},"geometry":{"type":"LineString","coordinates":[[139.74407,35.68829],[139.74514,35.68814]]}},{"type":"Feature","properties":{"idx":219,"road":"","cls":"tertiary","shops":1,"st_km":0.34,"mesh":"53394511"},"geometry":{"type":"LineString","coordinates":[[139.6447,35.67755],[139.64513,35.67711],[139.64773,35.67616],[139.64819,35.67593]]}},{"type":"Feature","properties":{"idx":965,"road":"","cls":"tertiary","shops":8,"st_km":0.12,"mesh":"53394510"},"geometry":{"type":"LineString","coordinates":[[139.63555,35.67707],[139.6355,35.67785],[139.63591,35.6785]]}},{"type":"Feature","properties":{"idx":484,"road":"","cls":"tertiary","shops":1,"st_km":0.58,"mesh":"53394501"},"geometry":{"type":"LineString","coordinates":[[139.63936,35.67183],[139.63983,35.67173],[139.64055,35.67126],[139.64104,35.6712],[139.64151,35.67129],[139.64247,35.67115]]}},{"type":"Feature","properties":{"idx":1926,"road":"","cls":"tertiary","shops":17,"st_km":0.1,"mesh":"53394510"},"geometry":{"type":"LineString","coordinates":[[139.6292,35.6814],[139.62813,35.68161]]}},{"type":"Feature","properties":{"idx":196,"road":"環八通り","cls":"primary","shops":0,"st_km":0.62,"mesh":"53394590"},"geometry":{"type":"LineString","coordinates":[[139.63716,35.74963],[139.63275,35.74724]]}},{"type":"Feature","properties":{"idx":216,"road":"瀬田貫井線","cls":"secondary","shops":2,"st_km":0.78,"mesh":"53394511"},"geometry":{"type":"LineString","coordinates":[[139.6425,35.68333],[139.6425,35.68319]]}},{"type":"Feature","properties":{"idx":112,"road":"瀬田貫井線","cls":"secondary","shops":0,"st_km":0.74,"mesh":"53394511"},"geometry":{"type":"LineString","coordinates":[[139.6425,35.68319],[139.64256,35.68308],[139.64303,35.68279],[139.64312,35.68261]]}},{"type":"Feature","properties":{"idx":97,"road":"","cls":"tertiary","shops":0,"st_km":0.44,"mesh":"53394520"},"geometry":{"type":"LineString","coordinates":[[139.63003,35.68622],[139.62964,35.68404]]}},{"type":"Feature","properties":{"idx":350,"road":"大久保通り","cls":"secondary","shops":4,"st_km":0.45,"mesh":"53394547"},"geometry":{"type":"LineString","coordinates":[[139.71102,35.70116],[139.7114,35.70127],[139.71222,35.70137],[139.71402,35.70141]]}},{"type":"Feature","properties":{"idx":662,"road":"大久保通り","cls":"secondary","shops":1,"st_km":0.3,"mesh":"53394546"},"geometry":{"type":"LineString","coordinates":[[139.71053,35.70103],[139.71102,35.70116]]}},{"type":"Feature","properties":{"idx":275,"road":"大久保通り","cls":"secondary","shops":1,"st_km":0.4,"mesh":"53394542"},"geometry":{"type":"LineString","coordinates":[[139.65471,35.70137],[139.65753,35.70085]]}},{"type":"Feature","properties":{"idx":527,"road":"御苑通り","cls":"primary","shops":4,"st_km":0.32,"mesh":"53394536"},"geometry":{"type":"LineString","coordinates":[[139.70693,35.6936],[139.70709,35.69215]]}},{"type":"Feature","properties":{"idx":893,"road":"補助第92号線","cls":"tertiary","shops":4,"st_km":0.45,"mesh":"53394599"},"geometry":{"type":"LineString","coordinates":[[139.74685,35.74323],[139.74739,35.74307]]}},{"type":"Feature","properties":{"idx":48,"road":"","cls":"tertiary","shops":0,"st_km":0.39,"mesh":"53394589"},"geometry":{"type":"LineString","coordinates":[[139.74387,35.73301],[139.74692,35.73519]]}},{"type":"Feature","properties":{"idx":206,"road":"世田ヶ谷道","cls":"tertiary","shops":0,"st_km":0.56,"mesh":"53394503"},"geometry":{"type":"LineString","coordinates":[[139.67237,35.67009],[139.67251,35.67015],[139.67262,35.67164],[139.67284,35.67221]]}},{"type":"Feature","properties":{"idx":816,"road":"早稲田通り","cls":"secondary","shops":1,"st_km":0.77,"mesh":"53394560"},"geometry":{"type":"LineString","coordinates":[[139.62703,35.7166],[139.62425,35.71744]]}},{"type":"Feature","properties":{"idx":445,"road":"","cls":"tertiary","shops":3,"st_km":0.14,"mesh":"53394565"},"geometry":{"type":"LineString","coordinates":[[139.69464,35.71687],[139.69463,35.71677]]}},{"type":"Feature","properties":{"idx":2550,"road":"","cls":"secondary","shops":12,"st_km":0.11,"mesh":"53394500"},"geometry":{"type":"LineString","coordinates":[[139.63257,35.66774],[139.63277,35.66771]]}},{"type":"Feature","properties":{"idx":435,"road":"","cls":"pedestrian","shops":0,"st_km":0.29,"mesh":"53394539"},"geometry":{"type":"LineString","coordinates":[[139.74821,35.69577],[139.74806,35.69561],[139.74821,35.69556],[139.74827,35.69546],[139.74837,35.69544]]}},{"type":"Feature","properties":{"idx":400,"road":"","cls":"pedestrian","shops":0,"st_km":0.37,"mesh":"53394539"},"geometry":{"type":"LineString","coordinates":[[139.74806,35.69561],[139.7479,35.69551],[139.74669,35.69525],[139.74652,35.69517],[139.74648,35.69508]]}},{"type":"Feature","properties":{"idx":603,"road":"","cls":"pedestrian","shops":2,"st_km":0.67,"mesh":"53394539"},"geometry":{"type":"LineString","coordinates":[[139.7433,35.69509],[139.74377,35.69366]]}},{"type":"Feature","properties":{"idx":338,"road":"","cls":"pedestrian","shops":0,"st_km":0.55,"mesh":"53394539"},"geometry":{"type":"LineString","coordinates":[[139.74188,35.69472],[139.74209,35.69455],[139.74234,35.6946]]}},{"type":"Feature","properties":{"idx":132,"road":"","cls":"tertiary","shops":0,"st_km":0.43,"mesh":"53394511"},"geometry":{"type":"LineString","coordinates":[[139.64871,35.67805],[139.64784,35.67797],[139.64744,35.67798],[139.64683,35.67804],[139.64516,35.67834]]}},{"type":"Feature","properties":{"idx":468,"road":"環七通り","cls":"primary","shops":3,"st_km":0.37,"mesh":"53394512"},"geometry":{"type":"LineString","coordinates":[[139.65716,35.68032],[139.65717,35.68023]]}},{"type":"Feature","properties":{"idx":368,"road":"環七通り","cls":"primary","shops":3,"st_km":0.62,"mesh":"53394512"},"geometry":{"type":"LineString","coordinates":[[139.65717,35.68023],[139.65723,35.67958],[139.65732,35.67919],[139.65905,35.67577]]}},{"type":"Feature","properties":{"idx":151,"road":"","cls":"tertiary","shops":0,"st_km":0.36,"mesh":"53394512"},"geometry":{"type":"LineString","coordinates":[[139.66159,35.68213],[139.66152,35.68228]]}},{"type":"Feature","properties":{"idx":285,"road":"","cls":"tertiary","shops":2,"st_km":0.42,"mesh":"53394512"},"geometry":{"type":"LineString","coordinates":[[139.66207,35.68095],[139.66208,35.68106],[139.66159,35.68213]]}},{"type":"Feature","properties":{"idx":230,"road":"","cls":"tertiary","shops":1,"st_km":0.34,"mesh":"53394512"},"geometry":{"type":"LineString","coordinates":[[139.66152,35.68228],[139.66142,35.68251]]}},{"type":"Feature","properties":{"idx":337,"road":"方南通り","cls":"primary","shops":4,"st_km":0.2,"mesh":"53394522"},"geometry":{"type":"LineString","coordinates":[[139.66247,35.68476],[139.65855,35.68366],[139.65746,35.68348]]}},{"type":"Feature","properties":{"idx":273,"road":"","cls":"tertiary","shops":0,"st_km":0.17,"mesh":"53394503"},"geometry":{"type":"LineString","coordinates":[[139.67476,35.66671],[139.67398,35.66672],[139.67339,35.66662]]}},{"type":"Feature","properties":{"idx":164,"road":"","cls":"tertiary","shops":2,"st_km":0.28,"mesh":"53394522"},"geometry":{"type":"LineString","coordinates":[[139.66065,35.68425],[139.66142,35.68251]]}},{"type":"Feature","properties":{"idx":545,"road":"","cls":"tertiary","shops":1,"st_km":0.42,"mesh":"53394569"},"geometry":{"type":"LineString","coordinates":[[139.74044,35.71817],[139.74204,35.71909]]}},{"type":"Feature","properties":{"idx":890,"road":"","cls":"tertiary","shops":2,"st_km":0.38,"mesh":"53394559"},"geometry":{"type":"LineString","coordinates":[[139.73973,35.7154],[139.74187,35.71662]]}},{"type":"Feature","properties":{"idx":712,"road":"","cls":"tertiary","shops":3,"st_km":0.68,"mesh":"53394569"},"geometry":{"type":"LineString","coordinates":[[139.74455,35.71735],[139.74442,35.71724],[139.7442,35.71719]]}},{"type":"Feature","properties":{"idx":395,"road":"","cls":"tertiary","shops":0,"st_km":0.34,"mesh":"53394569"},"geometry":{"type":"LineString","coordinates":[[139.74044,35.71817],[139.73986,35.71896],[139.73971,35.71942],[139.73968,35.71992],[139.73945,35.72019]]}},{"type":"Feature","properties":{"idx":394,"road":"","cls":"tertiary","shops":0,"st_km":0.5,"mesh":"53394559"},"geometry":{"type":"LineString","coordinates":[[139.74177,35.71635],[139.74269,35.71557]]}},{"type":"Feature","properties":{"idx":554,"road":"","cls":"tertiary","shops":1,"st_km":0.58,"mesh":"53394559"},"geometry":{"type":"LineString","coordinates":[[139.74672,35.71183],[139.74642,35.71055]]}},{"type":"Feature","properties":{"idx":180,"road":"","cls":"tertiary","shops":3,"st_km":0.47,"mesh":"53394549"},"geometry":{"type":"LineString","coordinates":[[139.74569,35.70817],[139.74572,35.70802],[139.74559,35.70764]]}},{"type":"Feature","properties":{"idx":1343,"road":"","cls":"tertiary","shops":4,"st_km":0.36,"mesh":"53394559"},"geometry":{"type":"LineString","coordinates":[[139.74027,35.7109],[139.74007,35.71096],[139.73965,35.71095],[139.73868,35.71075],[139.73796,35.71081],[139.73717,35.71072],[139.73672,35.71062],[139.73629,35.71044],[139.73571,35.71009],[139.73544,35.71005],[139.73517,35.71008]]}},{"type":"Feature","properties":{"idx":1261,"road":"","cls":"tertiary","shops":3,"st_km":0.25,"mesh":"53394559"},"geometry":{"type":"LineString","coordinates":[[139.73862,35.71523],[139.73833,35.71537]]}},{"type":"Feature","properties":{"idx":900,"road":"","cls":"tertiary","shops":2,"st_km":0.37,"mesh":"53394559"},"geometry":{"type":"LineString","coordinates":[[139.73977,35.71378],[139.73968,35.71391],[139.7394,35.71406],[139.73932,35.71436],[139.73912,35.71472],[139.73889,35.71505],[139.73862,35.71523]]}},{"type":"Feature","properties":{"idx":1283,"road":"","cls":"tertiary","shops":3,"st_km":0.24,"mesh":"53394559"},"geometry":{"type":"LineString","coordinates":[[139.73833,35.71537],[139.73827,35.7154]]}},{"type":"Feature","properties":{"idx":397,"road":"","cls":"tertiary","shops":0,"st_km":0.49,"mesh":"53394559"},"geometry":{"type":"LineString","coordinates":[[139.74012,35.71328],[139.73977,35.71378]]}},{"type":"Feature","properties":{"idx":400,"road":"四谷角筈線","cls":"secondary","shops":4,"st_km":0.19,"mesh":"53394517"},"geometry":{"type":"LineString","coordinates":[[139.71907,35.67994],[139.71896,35.67909]]}},{"type":"Feature","properties":{"idx":2269,"road":"瀬田貫井線","cls":"secondary","shops":20,"st_km":0.11,"mesh":"53394511"},"geometry":{"type":"LineString","coordinates":[[139.64384,35.67617],[139.64401,35.67644]]}},{"type":"Feature","properties":{"idx":123,"road":"","cls":"tertiary","shops":0,"st_km":0.51,"mesh":"53394511"},"geometry":{"type":"LineString","coordinates":[[139.64588,35.6796],[139.6479,35.67904]]}},{"type":"Feature","properties":{"idx":979,"road":"","cls":"tertiary","shops":2,"st_km":0.2,"mesh":"53394598"},"geometry":{"type":"LineString","coordinates":[[139.73904,35.744],[139.73847,35.74445],[139.73734,35.74513],[139.73647,35.74592],[139.73555,35.74693],[139.73528,35.74711],[139.7343,35.7475]]}},{"type":"Feature","properties":{"idx":155,"road":"荒玉水道道路","cls":"secondary","shops":0,"st_km":0.4,"mesh":"53394511"},"geometry":{"type":"LineString","coordinates":[[139.64056,35.67784],[139.64346,35.68166]]}},{"type":"Feature","properties":{"idx":136,"road":"","cls":"tertiary","shops":1,"st_km":0.29,"mesh":"53394549"},"geometry":{"type":"LineString","coordinates":[[139.75048,35.70152],[139.74991,35.70131],[139.7494,35.70135],[139.74899,35.70144]]}},{"type":"Feature","properties":{"idx":1282,"road":"","cls":"tertiary","shops":7,"st_km":0.4,"mesh":"53394539"},"geometry":{"type":"LineString","coordinates":[[139.74404,35.69984],[139.74376,35.6996],[139.74331,35.69905],[139.74235,35.6981]]}},{"type":"Feature","properties":{"idx":297,"road":"角筈和泉町線","cls":"secondary","shops":1,"st_km":0.25,"mesh":"53394502"},"geometry":{"type":"LineString","coordinates":[[139.65631,35.67257],[139.65801,35.67313],[139.65804,35.67308],[139.65984,35.67371]]}},{"type":"Feature","properties":{"idx":577,"road":"","cls":"pedestrian","shops":0,"st_km":0.76,"mesh":"53394521"},"geometry":{"type":"LineString","coordinates":[[139.6378,35.68511],[139.6381,35.6855]]}},{"type":"Feature","properties":{"idx":454,"road":"荒玉水道道路","cls":"secondary","shops":0,"st_km":0.83,"mesh":"53394521"},"geometry":{"type":"LineString","coordinates":[[139.64424,35.6827],[139.64513,35.68404],[139.6453,35.68436]]}},{"type":"Feature","properties":{"idx":2403,"road":"下高井戸5号踏切","cls":"secondary","shops":11,"st_km":0.1,"mesh":"53394500"},"geometry":{"type":"LineString","coordinates":[[139.63247,35.66737],[139.63255,35.66763]]}},{"type":"Feature","properties":{"idx":2216,"road":"荒玉水道道路","cls":"secondary","shops":10,"st_km":0.1,"mesh":"53394500"},"geometry":{"type":"LineString","coordinates":[[139.63247,35.66737],[139.63237,35.6672]]}},{"type":"Feature","properties":{"idx":2039,"road":"荒玉水道道路","cls":"secondary","shops":10,"st_km":0.18,"mesh":"53394500"},"geometry":{"type":"LineString","coordinates":[[139.63277,35.66771],[139.63371,35.66885]]}},{"type":"Feature","properties":{"idx":356,"road":"都庁通り","cls":"secondary","shops":2,"st_km":0.3,"mesh":"53394525"},"geometry":{"type":"LineString","coordinates":[[139.69286,35.6872],[139.69251,35.68866]]}},{"type":"Feature","properties":{"idx":474,"road":"瀬田貫井線","cls":"secondary","shops":15,"st_km":0.79,"mesh":"53394531"},"geometry":{"type":"LineString","coordinates":[[139.64034,35.69377],[139.64063,35.6934]]}},{"type":"Feature","properties":{"idx":2234,"road":"中杉通り","cls":"secondary","shops":14,"st_km":0.0,"mesh":"53394530"},"geometry":{"type":"LineString","coordinates":[[139.63552,35.69942],[139.63553,35.6995]]}},{"type":"Feature","properties":{"idx":2151,"road":"","cls":"tertiary","shops":25,"st_km":0.1,"mesh":"53394540"},"geometry":{"type":"LineString","coordinates":[[139.63666,35.70424],[139.6365,35.70422]]}},{"type":"Feature","properties":{"idx":4663,"road":"阿佐ヶ谷パールセンター","cls":"pedestrian","shops":30,"st_km":0.15,"mesh":"53394530"},"geometry":{"type":"LineString","coordinates":[[139.63704,35.69893],[139.63748,35.69986]]}},{"type":"Feature","properties":{"idx":157,"road":"荒玉水道道路","cls":"secondary","shops":0,"st_km":0.38,"mesh":"53394511"},"geometry":{"type":"LineString","coordinates":[[139.64056,35.67784],[139.6381,35.67469],[139.63666,35.67274]]}},{"type":"Feature","properties":{"idx":453,"road":"環七通り","cls":"primary","shops":2,"st_km":0.23,"mesh":"53394502"},"geometry":{"type":"LineString","coordinates":[[139.66135,35.67121],[139.66159,35.67069],[139.66164,35.67022],[139.66161,35.6698],[139.66149,35.6691]]}},{"type":"Feature","properties":{"idx":821,"road":"環七通り","cls":"primary","shops":5,"st_km":0.19,"mesh":"53394502"},"geometry":{"type":"LineString","coordinates":[[139.6606,35.67246],[139.66053,35.6726]]}},{"type":"Feature","properties":{"idx":182,"road":"","cls":"tertiary","shops":1,"st_km":0.16,"mesh":"53394557"},"geometry":{"type":"LineString","coordinates":[[139.71666,35.70979],[139.71682,35.70979],[139.71708,35.71007],[139.71737,35.71022],[139.71918,35.71069],[139.72043,35.71146]]}},{"type":"Feature","properties":{"idx":387,"road":"千代田練馬田無線（補助第133号線）","cls":"primary","shops":0,"st_km":0.22,"mesh":"53394581"},"geometry":{"type":"LineString","coordinates":[[139.63905,35.73626],[139.6384,35.73984],[139.63842,35.74003]]}},{"type":"Feature","properties":{"idx":466,"road":"合羽坂","cls":"primary","shops":2,"st_km":0.19,"mesh":"53394537"},"geometry":{"type":"LineString","coordinates":[[139.72412,35.6929],[139.72517,35.6924]]}},{"type":"Feature","properties":{"idx":389,"road":"","cls":"tertiary","shops":4,"st_km":0.5,"mesh":"53394525"},"geometry":{"type":"LineString","coordinates":[[139.69169,35.68577],[139.69156,35.68578],[139.69075,35.68685]]}},{"type":"Feature","properties":{"idx":437,"road":"北通り","cls":"secondary","shops":3,"st_km":0.24,"mesh":"53394535"},"geometry":{"type":"LineString","coordinates":[[139.69309,35.69245],[139.69435,35.69265]]}},{"type":"Feature","properties":{"idx":1891,"road":"プラザ通り","cls":"living_street","shops":25,"st_km":0.31,"mesh":"53394525"},"geometry":{"type":"LineString","coordinates":[[139.69808,35.6901],[139.69639,35.69002]]}},{"type":"Feature","properties":{"idx":5604,"road":"国際通り","cls":"pedestrian","shops":42,"st_km":0.31,"mesh":"53394525"},"geometry":{"type":"LineString","coordinates":[[139.69877,35.68915],[139.69652,35.68831]]}},{"type":"Feature","properties":{"idx":7831,"road":"三番街","cls":"pedestrian","shops":61,"st_km":0.34,"mesh":"53394525"},"geometry":{"type":"LineString","coordinates":[[139.69711,35.68854],[139.697,35.69005]]}},{"type":"Feature","properties":{"idx":6977,"road":"ニ番街","cls":"pedestrian","shops":52,"st_km":0.3,"mesh":"53394525"},"geometry":{"type":"LineString","coordinates":[[139.69748,35.69007],[139.69759,35.68872],[139.69786,35.68824]]}},{"type":"Feature","properties":{"idx":6396,"road":"一番街","cls":"pedestrian","shops":45,"st_km":0.25,"mesh":"53394525"},"geometry":{"type":"LineString","coordinates":[[139.69815,35.68894],[139.69812,35.68941]]}},{"type":"Feature","properties":{"idx":7151,"road":"","cls":"pedestrian","shops":52,"st_km":0.28,"mesh":"53394525"},"geometry":{"type":"LineString","coordinates":[[139.69814,35.68913],[139.69757,35.68911]]}},{"type":"Feature","properties":{"idx":5936,"road":"","cls":"pedestrian","shops":42,"st_km":0.26,"mesh":"53394525"},"geometry":{"type":"LineString","coordinates":[[139.69825,35.68897],[139.69853,35.68849]]}},{"type":"Feature","properties":{"idx":1217,"road":"職安通り","cls":"primary","shops":12,"st_km":0.31,"mesh":"53394536"},"geometry":{"type":"LineString","coordinates":[[139.69749,35.698],[139.69786,35.69807],[139.70205,35.69817],[139.70436,35.69834],[139.70512,35.69829],[139.70745,35.698]]}},{"type":"Feature","properties":{"idx":778,"road":"ふれあい通り","cls":"secondary","shops":7,"st_km":0.32,"mesh":"53394525"},"geometry":{"type":"LineString","coordinates":[[139.69527,35.6893],[139.69644,35.68934]]}},{"type":"Feature","properties":{"idx":4556,"road":"","cls":"pedestrian","shops":36,"st_km":0.37,"mesh":"53394525"},"geometry":{"type":"LineString","coordinates":[[139.69678,35.68936],[139.69682,35.68875],[139.6971,35.68876]]}},{"type":"Feature","properties":{"idx":1000,"road":"都市計画道路補助第72号線(つつじ通り)","cls":"tertiary","shops":2,"st_km":0.08,"mesh":"53394546"},"geometry":{"type":"LineString","coordinates":[[139.70093,35.70253],[139.70083,35.70151],[139.70057,35.70038],[139.70058,35.7],[139.70045,35.69908],[139.70039,35.69803]]}},{"type":"Feature","properties":{"idx":809,"road":"新宿通り","cls":"secondary","shops":7,"st_km":0.13,"mesh":"53394536"},"geometry":{"type":"LineString","coordinates":[[139.70041,35.69355],[139.70057,35.6938]]}},{"type":"Feature","properties":{"idx":3645,"road":"","cls":"pedestrian","shops":33,"st_km":0.23,"mesh":"53394536"},"geometry":{"type":"LineString","coordinates":[[139.70129,35.69455],[139.70177,35.69439]]}},{"type":"Feature","properties":{"idx":3595,"road":"","cls":"pedestrian","shops":31,"st_km":0.19,"mesh":"53394536"},"geometry":{"type":"LineString","coordinates":[[139.70041,35.69455],[139.70079,35.69449]]}},{"type":"Feature","properties":{"idx":1655,"road":"要通り","cls":"pedestrian","shops":13,"st_km":0.22,"mesh":"53394526"},"geometry":{"type":"LineString","coordinates":[[139.70631,35.69064],[139.70679,35.69157],[139.70699,35.69166]]}},{"type":"Feature","properties":{"idx":3027,"road":"末広通り","cls":"pedestrian","shops":24,"st_km":0.17,"mesh":"53394526"},"geometry":{"type":"LineString","coordinates":[[139.70683,35.6904],[139.70511,35.69119]]}},{"type":"Feature","properties":{"idx":2227,"road":"","cls":"pedestrian","shops":18,"st_km":0.21,"mesh":"53394526"},"geometry":{"type":"LineString","coordinates":[[139.70603,35.69123],[139.70685,35.69088],[139.70697,35.69089]]}},{"type":"Feature","properties":{"idx":1804,"road":"","cls":"pedestrian","shops":14,"st_km":0.2,"mesh":"53394526"},"geometry":{"type":"LineString","coordinates":[[139.70645,35.69149],[139.70627,35.69112]]}},{"type":"Feature","properties":{"idx":3047,"road":"新宿通り","cls":"tertiary","shops":34,"st_km":0.17,"mesh":"53394526"},"geometry":{"type":"LineString","coordinates":[[139.70669,35.69003],[139.70491,35.69085]]}},{"type":"Feature","properties":{"idx":427,"road":"","cls":"tertiary","shops":2,"st_km":0.43,"mesh":"53394518"},"geometry":{"type":"LineString","coordinates":[[139.73444,35.68225],[139.73339,35.68195]]}},{"type":"Feature","properties":{"idx":321,"road":"","cls":"tertiary","shops":1,"st_km":0.5,"mesh":"53394518"},"geometry":{"type":"LineString","coordinates":[[139.73249,35.6817],[139.73233,35.68134],[139.73211,35.68117]]}},{"type":"Feature","properties":{"idx":160,"road":"東京医大通り","cls":"tertiary","shops":1,"st_km":0.53,"mesh":"53394536"},"geometry":{"type":"LineString","coordinates":[[139.70694,35.69346],[139.70807,35.69348],[139.71061,35.6933],[139.71285,35.69282],[139.71437,35.69267]]}},{"type":"Feature","properties":{"idx":400,"road":"","cls":"tertiary","shops":3,"st_km":0.39,"mesh":"53394527"},"geometry":{"type":"LineString","coordinates":[[139.71497,35.6907],[139.71486,35.69065],[139.7148,35.69052],[139.71455,35.68962],[139.71464,35.68957]]}},{"type":"Feature","properties":{"idx":318,"road":"","cls":"tertiary","shops":2,"st_km":0.39,"mesh":"53394527"},"geometry":{"type":"LineString","coordinates":[[139.71668,35.69126],[139.71665,35.69115],[139.71656,35.69106],[139.71453,35.68948],[139.71408,35.68798]]}},{"type":"Feature","properties":{"idx":173,"road":"環状4号線","cls":"primary","shops":0,"st_km":0.5,"mesh":"53394537"},"geometry":{"type":"LineString","coordinates":[[139.7146,35.69136],[139.71452,35.69145],[139.71443,35.69176],[139.71437,35.69267]]}},{"type":"Feature","properties":{"idx":113,"road":"","cls":"tertiary","shops":0,"st_km":0.17,"mesh":"53394517"},"geometry":{"type":"LineString","coordinates":[[139.71921,35.68043],[139.71522,35.68094],[139.71505,35.6811],[139.715,35.68126],[139.71504,35.68145],[139.71529,35.68202],[139.71526,35.68214],[139.71515,35.68224]]}},{"type":"Feature","properties":{"idx":340,"road":"円通寺坂","cls":"tertiary","shops":2,"st_km":0.32,"mesh":"53394527"},"geometry":{"type":"LineString","coordinates":[[139.72328,35.68793],[139.72301,35.68785],[139.72262,35.6867]]}},{"type":"Feature","properties":{"idx":553,"road":"","cls":"tertiary","shops":7,"st_km":0.2,"mesh":"53394556"},"geometry":{"type":"LineString","coordinates":[[139.70336,35.70935],[139.70472,35.71282]]}},{"type":"Feature","properties":{"idx":709,"road":"","cls":"pedestrian","shops":4,"st_km":0.3,"mesh":"53394527"},"geometry":{"type":"LineString","coordinates":[[139.72205,35.68893],[139.72201,35.69031]]}},{"type":"Feature","properties":{"idx":270,"road":"","cls":"tertiary","shops":0,"st_km":0.51,"mesh":"53394528"},"geometry":{"type":"LineString","coordinates":[[139.73052,35.69101],[139.73053,35.68977],[139.73068,35.68947]]}},{"type":"Feature","properties":{"idx":1050,"road":"職安通り","cls":"primary","shops":10,"st_km":0.31,"mesh":"53394536"},"geometry":{"type":"LineString","coordinates":[[139.70744,35.6979],[139.7052,35.6982],[139.70434,35.69826],[139.70201,35.69806],[139.69853,35.69801],[139.69753,35.69791]]}},{"type":"Feature","properties":{"idx":214,"road":"女子医大通り","cls":"tertiary","shops":1,"st_km":0.43,"mesh":"53394537"},"geometry":{"type":"LineString","coordinates":[[139.72486,35.69544],[139.72462,35.69552],[139.72394,35.69591],[139.72345,35.6961],[139.72159,35.69663],[139.7199,35.69761]]}},{"type":"Feature","properties":{"idx":1135,"road":"余丁町通り","cls":"primary","shops":7,"st_km":0.11,"mesh":"53394537"},"geometry":{"type":"LineString","coordinates":[[139.72133,35.69224],[139.7213,35.69231]]}},{"type":"Feature","properties":{"idx":243,"road":"","cls":"tertiary","shops":2,"st_km":0.62,"mesh":"53394537"},"geometry":{"type":"LineString","coordinates":[[139.71631,35.69452],[139.71432,35.69372]]}},{"type":"Feature","properties":{"idx":249,"road":"","cls":"tertiary","shops":0,"st_km":0.26,"mesh":"53394538"},"geometry":{"type":"LineString","coordinates":[[139.73651,35.69316],[139.73548,35.69392],[139.73504,35.6943],[139.73464,35.69448],[139.73426,35.69474],[139.73353,35.6951],[139.73331,35.69527],[139.73307,35.69533],[139.73198,35.6952]]}},{"type":"Feature","properties":{"idx":243,"road":"大久保通り","cls":"secondary","shops":2,"st_km":0.37,"mesh":"53394547"},"geometry":{"type":"LineString","coordinates":[[139.71402,35.70141],[139.71605,35.70124]]}},{"type":"Feature","properties":{"idx":601,"road":"","cls":"tertiary","shops":4,"st_km":0.05,"mesh":"53394548"},"geometry":{"type":"LineString","coordinates":[[139.73711,35.70053],[139.73697,35.7007],[139.73679,35.70079],[139.73608,35.70071],[139.73596,35.70075],[139.73587,35.70087]]}},{"type":"Feature","properties":{"idx":156,"road":"環状4号線","cls":"tertiary","shops":1,"st_km":0.41,"mesh":"53394547"},"geometry":{"type":"LineString","coordinates":[[139.72164,35.70347],[139.72144,35.70201],[139.7211,35.70111],[139.72083,35.7002]]}},{"type":"Feature","properties":{"idx":327,"road":"","cls":"tertiary","shops":1,"st_km":0.58,"mesh":"53394508"},"geometry":{"type":"LineString","coordinates":[[139.73094,35.67492],[139.731,35.67467]]}},{"type":"Feature","properties":{"idx":229,"road":"薬研坂","cls":"tertiary","shops":0,"st_km":0.52,"mesh":"53394508"},"geometry":{"type":"LineString","coordinates":[[139.73101,35.67463],[139.73091,35.67382],[139.73091,35.67331],[139.7311,35.67296],[139.73157,35.67256]]}},{"type":"Feature","properties":{"idx":1247,"road":"","cls":"tertiary","shops":7,"st_km":0.33,"mesh":"53394508"},"geometry":{"type":"LineString","coordinates":[[139.73305,35.67076],[139.73354,35.67025],[139.73359,35.67005]]}},{"type":"Feature","properties":{"idx":382,"road":"","cls":"tertiary","shops":1,"st_km":0.41,"mesh":"53394508"},"geometry":{"type":"LineString","coordinates":[[139.73359,35.67005],[139.73395,35.6692],[139.73394,35.66905],[139.73385,35.66884],[139.73376,35.66875],[139.733,35.66816]]}},{"type":"Feature","properties":{"idx":435,"road":"","cls":"tertiary","shops":2,"st_km":0.55,"mesh":"53394508"},"geometry":{"type":"LineString","coordinates":[[139.73071,35.66991],[139.73031,35.67027]]}},{"type":"Feature","properties":{"idx":822,"road":"","cls":"tertiary","shops":3,"st_km":0.13,"mesh":"53394508"},"geometry":{"type":"LineString","coordinates":[[139.72684,35.66794],[139.72702,35.66739]]}},{"type":"Feature","properties":{"idx":475,"road":"","cls":"tertiary","shops":2,"st_km":0.49,"mesh":"53394508"},"geometry":{"type":"LineString","coordinates":[[139.73234,35.67446],[139.73241,35.67553]]}},{"type":"Feature","properties":{"idx":206,"road":"","cls":"tertiary","shops":0,"st_km":0.49,"mesh":"53394518"},"geometry":{"type":"LineString","coordinates":[[139.73287,35.6789],[139.73259,35.67881],[139.73244,35.67871],[139.7321,35.67782],[139.73211,35.6777],[139.73251,35.67725]]}},{"type":"Feature","properties":{"idx":1807,"road":"","cls":"tertiary","shops":9,"st_km":0.17,"mesh":"53394508"},"geometry":{"type":"LineString","coordinates":[[139.73849,35.67184],[139.73775,35.67167],[139.7374,35.67133],[139.73762,35.67065],[139.73785,35.67022],[139.73801,35.66948]]}},{"type":"Feature","properties":{"idx":554,"road":"","cls":"tertiary","shops":1,"st_km":0.06,"mesh":"53394508"},"geometry":{"type":"LineString","coordinates":[[139.73636,35.67223],[139.7374,35.67133]]}},{"type":"Feature","properties":{"idx":1111,"road":"","cls":"tertiary","shops":5,"st_km":0.2,"mesh":"53394508"},"geometry":{"type":"LineString","coordinates":[[139.737,35.67169],[139.73449,35.66971],[139.73427,35.66966],[139.73388,35.6694]]}},{"type":"Feature","properties":{"idx":272,"road":"","cls":"tertiary","shops":0,"st_km":0.35,"mesh":"53394508"},"geometry":{"type":"LineString","coordinates":[[139.73395,35.66913],[139.73463,35.66919],[139.73546,35.66962]]}},{"type":"Feature","properties":{"idx":320,"road":"","cls":"tertiary","shops":1,"st_km":0.39,"mesh":"53394509"},"geometry":{"type":"LineString","coordinates":[[139.74294,35.66689],[139.74178,35.66739]]}},{"type":"Feature","properties":{"idx":1333,"road":"","cls":"tertiary","shops":40,"st_km":0.11,"mesh":"53394589"},"geometry":{"type":"LineString","coordinates":[[139.74704,35.73596],[139.74736,35.73606],[139.74745,35.73596],[139.74738,35.73588]]}},{"type":"Feature","properties":{"idx":390,"road":"済美橋","cls":"secondary","shops":0,"st_km":1.02,"mesh":"53394521"},"geometry":{"type":"LineString","coordinates":[[139.64818,35.68873],[139.64811,35.68861]]}},{"type":"Feature","properties":{"idx":192,"road":"環七通り","cls":"primary","shops":2,"st_km":0.35,"mesh":"53394522"},"geometry":{"type":"LineString","coordinates":[[139.65617,35.68634],[139.65621,35.68623]]}},{"type":"Feature","properties":{"idx":154,"road":"環七通り","cls":"primary","shops":1,"st_km":0.28,"mesh":"53394522"},"geometry":{"type":"LineString","coordinates":[[139.65621,35.68623],[139.65659,35.68524]]}},{"type":"Feature","properties":{"idx":112,"road":"","cls":"tertiary","shops":2,"st_km":0.64,"mesh":"53394522"},"geometry":{"type":"LineString","coordinates":[[139.65826,35.68783],[139.66008,35.68803],[139.66046,35.68814],[139.66248,35.68936],[139.66459,35.69035]]}},{"type":"Feature","properties":{"idx":143,"road":"","cls":"tertiary","shops":3,"st_km":0.65,"mesh":"53394522"},"geometry":{"type":"LineString","coordinates":[[139.66091,35.69016],[139.66103,35.68947],[139.66164,35.6882],[139.66187,35.68723]]}},{"type":"Feature","properties":{"idx":623,"road":"","cls":"tertiary","shops":1,"st_km":0.16,"mesh":"53394597"},"geometry":{"type":"LineString","coordinates":[[139.71764,35.74918],[139.71805,35.74984]]}},{"type":"Feature","properties":{"idx":250,"road":"","cls":"tertiary","shops":2,"st_km":0.17,"mesh":"53394506"},"geometry":{"type":"LineString","coordinates":[[139.70211,35.66924],[139.70208,35.66912]]}},{"type":"Feature","properties":{"idx":80,"road":"代々木公園通り","cls":"secondary","shops":0,"st_km":0.61,"mesh":"53394505"},"geometry":{"type":"LineString","coordinates":[[139.69178,35.66791],[139.69297,35.66821],[139.69348,35.66827],[139.70001,35.66849],[139.70062,35.66861],[139.70211,35.66924]]}},{"type":"Feature","properties":{"idx":710,"road":"表参道","cls":"secondary","shops":10,"st_km":0.33,"mesh":"53394506"},"geometry":{"type":"LineString","coordinates":[[139.70379,35.66928],[139.71063,35.66612]]}},{"type":"Feature","properties":{"idx":221,"road":"表参道","cls":"secondary","shops":1,"st_km":0.12,"mesh":"53394506"},"geometry":{"type":"LineString","coordinates":[[139.70252,35.66942],[139.70278,35.66953]]}},{"type":"Feature","properties":{"idx":288,"road":"代々木公園通り;五輪橋","cls":"secondary","shops":2,"st_km":0.15,"mesh":"53394506"},"geometry":{"type":"LineString","coordinates":[[139.7022,35.66928],[139.70252,35.66942]]}},{"type":"Feature","properties":{"idx":354,"road":"","cls":"pedestrian","shops":1,"st_km":0.32,"mesh":"53394527"},"geometry":{"type":"LineString","coordinates":[[139.71353,35.68654],[139.71359,35.68674]]}},{"type":"Feature","properties":{"idx":1150,"road":"宮仲公園通り","cls":"secondary","shops":2,"st_km":0.19,"mesh":"53394588"},"geometry":{"type":"LineString","coordinates":[[139.72926,35.73267],[139.72854,35.73337],[139.72751,35.7346],[139.72662,35.73551],[139.72617,35.73576],[139.72447,35.73632],[139.72396,35.73663],[139.7229,35.73789],[139.72236,35.73864]]}},{"type":"Feature","properties":{"idx":759,"road":"","cls":"tertiary","shops":4,"st_km":0.27,"mesh":"53394516"},"geometry":{"type":"LineString","coordinates":[[139.70705,35.67676],[139.70839,35.67781],[139.70964,35.67843]]}},{"type":"Feature","properties":{"idx":311,"road":"","cls":"tertiary","shops":1,"st_km":0.47,"mesh":"53394516"},"geometry":{"type":"LineString","coordinates":[[139.70964,35.67843],[139.70966,35.67828],[139.71011,35.67749],[139.71058,35.67525]]}},{"type":"Feature","properties":{"idx":831,"road":"","cls":"tertiary","shops":4,"st_km":0.19,"mesh":"53394516"},"geometry":{"type":"LineString","coordinates":[[139.71059,35.67897],[139.71126,35.68018]]}},{"type":"Feature","properties":{"idx":811,"road":"","cls":"tertiary","shops":5,"st_km":0.35,"mesh":"53394516"},"geometry":{"type":"LineString","coordinates":[[139.70839,35.67781],[139.70879,35.67753],[139.71011,35.67749]]}},{"type":"Feature","properties":{"idx":172,"road":"","cls":"pedestrian","shops":0,"st_km":0.18,"mesh":"53394506"},"geometry":{"type":"LineString","coordinates":[[139.70395,35.67292],[139.70429,35.67216],[139.70435,35.67183]]}},{"type":"Feature","properties":{"idx":816,"road":"","cls":"pedestrian","shops":7,"st_km":0.13,"mesh":"53394506"},"geometry":{"type":"LineString","coordinates":[[139.70327,35.67225],[139.70382,35.67209],[139.70392,35.6718],[139.70435,35.67183]]}},{"type":"Feature","properties":{"idx":3770,"road":"","cls":"pedestrian","shops":38,"st_km":0.09,"mesh":"53394506"},"geometry":{"type":"LineString","coordinates":[[139.7038,35.67144],[139.70362,35.67098]]}},{"type":"Feature","properties":{"idx":483,"road":"","cls":"tertiary","shops":0,"st_km":0.23,"mesh":"53394593"},"geometry":{"type":"LineString","coordinates":[[139.66296,35.74881],[139.66323,35.74905]]}},{"type":"Feature","properties":{"idx":262,"road":"","cls":"secondary_link","shops":2,"st_km":0.34,"mesh":"53394502"},"geometry":{"type":"LineString","coordinates":[[139.65249,35.67069],[139.65262,35.6709],[139.65254,35.67107]]}},{"type":"Feature","properties":{"idx":108,"road":"","cls":"tertiary","shops":0,"st_km":0.67,"mesh":"53394512"},"geometry":{"type":"LineString","coordinates":[[139.65797,35.67562],[139.65778,35.67585],[139.65753,35.67628],[139.6573,35.67747],[139.65722,35.67827]]}},{"type":"Feature","properties":{"idx":969,"road":"","cls":"tertiary","shops":5,"st_km":0.25,"mesh":"53394596"},"geometry":{"type":"LineString","coordinates":[[139.70826,35.74952],[139.70849,35.74953]]}},{"type":"Feature","properties":{"idx":431,"road":"","cls":"tertiary","shops":1,"st_km":0.21,"mesh":"53394596"},"geometry":{"type":"LineString","coordinates":[[139.71172,35.74993],[139.71186,35.75007]]}},{"type":"Feature","properties":{"idx":812,"road":"中野通り","cls":"secondary","shops":2,"st_km":0.1,"mesh":"53394523"},"geometry":{"type":"LineString","coordinates":[[139.66909,35.69125],[139.66907,35.69136]]}},{"type":"Feature","properties":{"idx":1197,"road":"中野通り","cls":"secondary","shops":7,"st_km":0.23,"mesh":"53394533"},"geometry":{"type":"LineString","coordinates":[[139.66907,35.69136],[139.66871,35.69304],[139.66834,35.69434]]}},{"type":"Feature","properties":{"idx":199,"road":"新橋通り","cls":"tertiary","shops":0,"st_km":0.41,"mesh":"53394533"},"geometry":{"type":"LineString","coordinates":[[139.67385,35.69758],[139.67418,35.69509],[139.67444,35.6935],[139.67444,35.69312]]}},{"type":"Feature","properties":{"idx":1123,"road":"新橋通り","cls":"tertiary","shops":6,"st_km":0.07,"mesh":"53394533"},"geometry":{"type":"LineString","coordinates":[[139.67444,35.693],[139.67441,35.69147]]}},{"type":"Feature","properties":{"idx":283,"road":"","cls":"tertiary","shops":0,"st_km":0.31,"mesh":"53394534"},"geometry":{"type":"LineString","coordinates":[[139.67698,35.69294],[139.67696,35.69308]]}},{"type":"Feature","properties":{"idx":281,"road":"花見橋","cls":"tertiary","shops":0,"st_km":0.31,"mesh":"53394534"},"geometry":{"type":"LineString","coordinates":[[139.67696,35.69308],[139.67696,35.69319]]}},{"type":"Feature","properties":{"idx":271,"road":"花見橋通り","cls":"tertiary","shops":0,"st_km":0.35,"mesh":"53394534"},"geometry":{"type":"LineString","coordinates":[[139.67696,35.69319],[139.67676,35.6944]]}},{"type":"Feature","properties":{"idx":2860,"road":"山手通り","cls":"primary","shops":6,"st_km":0.25,"mesh":"53394524"},"geometry":{"type":"LineString","coordinates":[[139.68195,35.69169],[139.68179,35.69086],[139.68177,35.69031],[139.68191,35.68966],[139.68212,35.68925],[139.68256,35.6887],[139.68495,35.68634],[139.6864,35.68449]]}},{"type":"Feature","properties":{"idx":869,"road":"山手通り","cls":"primary","shops":3,"st_km":0.34,"mesh":"53394534"},"geometry":{"type":"LineString","coordinates":[[139.68204,35.69219],[139.68201,35.69203]]}},{"type":"Feature","properties":{"idx":860,"road":"山手通り","cls":"primary","shops":3,"st_km":0.35,"mesh":"53394534"},"geometry":{"type":"LineString","coordinates":[[139.68182,35.692],[139.68185,35.69217]]}},{"type":"Feature","properties":{"idx":1663,"road":"山手通り","cls":"primary","shops":6,"st_km":0.22,"mesh":"53394534"},"geometry":{"type":"LineString","coordinates":[[139.68279,35.69697],[139.68298,35.6992],[139.68301,35.70011],[139.68291,35.7007],[139.68278,35.70105]]}},{"type":"Feature","properties":{"idx":690,"road":"青梅街道","cls":"primary","shops":2,"st_km":0.41,"mesh":"53394534"},"geometry":{"type":"LineString","coordinates":[[139.68671,35.6963],[139.68652,35.69634]]}},{"type":"Feature","properties":{"idx":979,"road":"大久保通り","cls":"secondary","shops":2,"st_km":0.56,"mesh":"53394545"},"geometry":{"type":"LineString","coordinates":[[139.68742,35.70163],[139.68759,35.70163]]}},{"type":"Feature","properties":{"idx":1757,"road":"大久保通り","cls":"secondary","shops":5,"st_km":0.17,"mesh":"53394546"},"geometry":{"type":"LineString","coordinates":[[139.71053,35.70103],[139.71007,35.70087],[139.70976,35.70081],[139.70813,35.70089]]}},{"type":"Feature","properties":{"idx":529,"road":"Kuken-dori","cls":"tertiary","shops":3,"st_km":0.53,"mesh":"53394544"},"geometry":{"type":"LineString","coordinates":[[139.68377,35.69694],[139.68452,35.69895],[139.6847,35.69929],[139.68526,35.70008],[139.68537,35.70034],[139.68541,35.70085],[139.6853,35.7018],[139.68533,35.70205],[139.68564,35.70307],[139.68568,35.70379],[139.68551,35.7045],[139.68552,35.70464],[139.68558,35.70479],[139.68611,35.70537]]}},{"type":"Feature","properties":{"idx":284,"road":"東京都道一七六号線","cls":"secondary","shops":1,"st_km":0.5,"mesh":"53394519"},"geometry":{"type":"LineString","coordinates":[[139.74318,35.67764],[139.74406,35.67769],[139.74635,35.67812],[139.74647,35.6781]]}},{"type":"Feature","properties":{"idx":158,"road":"","cls":"secondary_link","shops":0,"st_km":0.22,"mesh":"53394519"},"geometry":{"type":"LineString","coordinates":[[139.74896,35.67771],[139.7491,35.67753],[139.74952,35.67717],[139.74957,35.67705],[139.74959,35.67659]]}},{"type":"Feature","properties":{"idx":203,"road":"東京都道一七六号線","cls":"secondary","shops":0,"st_km":0.38,"mesh":"53394519"},"geometry":{"type":"LineString","coordinates":[[139.74686,35.67641],[139.74888,35.67679]]}},{"type":"Feature","properties":{"idx":1140,"road":"","cls":"tertiary","shops":5,"st_km":0.11,"mesh":"53394503"},"geometry":{"type":"LineString","coordinates":[[139.66847,35.6733],[139.66829,35.67393]]}},{"type":"Feature","properties":{"idx":1022,"road":"","cls":"tertiary","shops":2,"st_km":0.64,"mesh":"53394513"},"geometry":{"type":"LineString","coordinates":[[139.66855,35.67893],[139.66934,35.67916],[139.6696,35.67918],[139.67006,35.67906]]}},{"type":"Feature","properties":{"idx":1925,"road":"","cls":"tertiary","shops":6,"st_km":0.66,"mesh":"53394513"},"geometry":{"type":"LineString","coordinates":[[139.67539,35.68167],[139.67496,35.68197],[139.67407,35.68281]]}},{"type":"Feature","properties":{"idx":1595,"road":"","cls":"pedestrian","shops":2,"st_km":0.46,"mesh":"53394514"},"geometry":{"type":"LineString","coordinates":[[139.68388,35.67942],[139.68399,35.67923]]}},{"type":"Feature","properties":{"idx":1148,"road":"","cls":"tertiary","shops":2,"st_km":0.47,"mesh":"53394514"},"geometry":{"type":"LineString","coordinates":[[139.6862,35.68099],[139.68682,35.68037],[139.68697,35.68012],[139.68707,35.67972],[139.68709,35.67903],[139.68684,35.67715],[139.68691,35.67592],[139.68697,35.67558],[139.6875,35.67393],[139.68765,35.67362]]}},{"type":"Feature","properties":{"idx":383,"road":"","cls":"tertiary","shops":0,"st_km":0.11,"mesh":"53394515"},"geometry":{"type":"LineString","coordinates":[[139.69426,35.6794],[139.69428,35.67936]]}},{"type":"Feature","properties":{"idx":73,"road":"代々木淀橋線","cls":"tertiary","shops":0,"st_km":0.5,"mesh":"53394505"},"geometry":{"type":"LineString","coordinates":[[139.69126,35.67255],[139.69154,35.67413],[139.69165,35.67441],[139.69197,35.67495]]}},{"type":"Feature","properties":{"idx":408,"road":"代々木淀橋線","cls":"tertiary","shops":0,"st_km":0.04,"mesh":"53394515"},"geometry":{"type":"LineString","coordinates":[[139.69415,35.67864],[139.69397,35.67869]]}},{"type":"Feature","properties":{"idx":758,"road":"","cls":"tertiary","shops":2,"st_km":0.11,"mesh":"53394515"},"geometry":{"type":"LineString","coordinates":[[139.69424,35.67942],[139.69413,35.6796]]}},{"type":"Feature","properties":{"idx":708,"road":"代々木淀橋線","cls":"tertiary","shops":2,"st_km":0.18,"mesh":"53394515"},"geometry":{"type":"LineString","coordinates":[[139.69413,35.6796],[139.69326,35.68085]]}},{"type":"Feature","properties":{"idx":152,"road":"","cls":"tertiary","shops":0,"st_km":0.48,"mesh":"53394530"},"geometry":{"type":"LineString","coordinates":[[139.63241,35.69568],[139.63351,35.69563]]}},{"type":"Feature","properties":{"idx":158,"road":"","cls":"tertiary","shops":0,"st_km":0.44,"mesh":"53394530"},"geometry":{"type":"LineString","coordinates":[[139.63351,35.69563],[139.63423,35.69565],[139.63476,35.69579]]}},{"type":"Feature","properties":{"idx":724,"road":"山手通り","cls":"primary","shops":3,"st_km":0.18,"mesh":"53394554"},"geometry":{"type":"LineString","coordinates":[[139.68604,35.71352],[139.68615,35.71348]]}},{"type":"Feature","properties":{"idx":994,"road":"","cls":"primary_link","shops":5,"st_km":0.25,"mesh":"53394534"},"geometry":{"type":"LineString","coordinates":[[139.68236,35.6948],[139.68248,35.69486],[139.68258,35.69478]]}},{"type":"Feature","properties":{"idx":209,"road":"","cls":"tertiary","shops":1,"st_km":0.37,"mesh":"53394535"},"geometry":{"type":"LineString","coordinates":[[139.68919,35.69459],[139.6888,35.6941],[139.68874,35.69408],[139.68752,35.6945]]}},{"type":"Feature","properties":{"idx":3047,"road":"十二社通り","cls":"secondary","shops":20,"st_km":0.47,"mesh":"53394534"},"geometry":{"type":"LineString","coordinates":[[139.68843,35.69586],[139.68833,35.69565],[139.68728,35.69416],[139.68714,35.69378],[139.687,35.69235],[139.68704,35.69196],[139.6873,35.69109]]}},{"type":"Feature","properties":{"idx":490,"road":"青梅街道","cls":"primary_link","shops":2,"st_km":0.39,"mesh":"53394534"},"geometry":{"type":"LineString","coordinates":[[139.68639,35.6965],[139.68657,35.69644]]}},{"type":"Feature","properties":{"idx":4405,"road":"青梅街道","cls":"primary","shops":17,"st_km":0.12,"mesh":"53394534"},"geometry":{"type":"LineString","coordinates":[[139.68279,35.69697],[139.67895,35.69739]]}},{"type":"Feature","properties":{"idx":474,"road":"税務署通り","cls":"primary","shops":3,"st_km":0.29,"mesh":"53394535"},"geometry":{"type":"LineString","coordinates":[[139.69753,35.69791],[139.69387,35.69728],[139.69064,35.69688],[139.6881,35.69649],[139.68708,35.6962]]}},{"type":"Feature","properties":{"idx":218,"road":"","cls":"primary_link","shops":2,"st_km":0.48,"mesh":"53394535"},"geometry":{"type":"LineString","coordinates":[[139.68797,35.69647],[139.68779,35.69638],[139.68771,35.69629],[139.6877,35.69618],[139.68778,35.69608]]}},{"type":"Feature","properties":{"idx":187,"road":"早稲田通り","cls":"primary","shops":2,"st_km":0.66,"mesh":"53394555"},"geometry":{"type":"LineString","coordinates":[[139.69338,35.71],[139.69349,35.70992]]}},{"type":"Feature","properties":{"idx":369,"road":"早稲田通り","cls":"primary","shops":6,"st_km":0.67,"mesh":"53394555"},"geometry":{"type":"LineString","coordinates":[[139.69349,35.70992],[139.69397,35.70961]]}},{"type":"Feature","properties":{"idx":321,"road":"都庁通り","cls":"secondary","shops":1,"st_km":0.12,"mesh":"53394525"},"geometry":{"type":"LineString","coordinates":[[139.69202,35.69067],[139.69165,35.69222]]}},{"type":"Feature","properties":{"idx":318,"road":"議事堂通り","cls":"secondary","shops":1,"st_km":0.13,"mesh":"53394525"},"geometry":{"type":"LineString","coordinates":[[139.69336,35.69088],[139.69298,35.69243]]}},{"type":"Feature","properties":{"idx":631,"road":"中央通り","cls":"secondary","shops":5,"st_km":0.29,"mesh":"53394525"},"geometry":{"type":"LineString","coordinates":[[139.69804,35.69113],[139.69631,35.69102]]}},{"type":"Feature","properties":{"idx":294,"road":"中央通り","cls":"secondary","shops":1,"st_km":0.2,"mesh":"53394525"},"geometry":{"type":"LineString","coordinates":[[139.69474,35.69093],[139.69485,35.69101]]}},{"type":"Feature","properties":{"idx":689,"road":"都庁通り","cls":"secondary","shops":4,"st_km":0.05,"mesh":"53394525"},"geometry":{"type":"LineString","coordinates":[[139.69211,35.69031],[139.69202,35.69067]]}},{"type":"Feature","properties":{"idx":1124,"road":"議事堂通り","cls":"secondary","shops":8,"st_km":0.07,"mesh":"53394525"},"geometry":{"type":"LineString","coordinates":[[139.69347,35.69043],[139.69336,35.69088]]}},{"type":"Feature","properties":{"idx":390,"road":"議事堂通り","cls":"secondary","shops":2,"st_km":0.21,"mesh":"53394525"},"geometry":{"type":"LineString","coordinates":[[139.69387,35.6888],[139.69377,35.68921]]}},{"type":"Feature","properties":{"idx":703,"road":"都庁通り","cls":"secondary","shops":5,"st_km":0.18,"mesh":"53394525"},"geometry":{"type":"LineString","coordinates":[[139.69244,35.68895],[139.69242,35.68902]]}},{"type":"Feature","properties":{"idx":389,"road":"議事堂通り","cls":"secondary","shops":2,"st_km":0.21,"mesh":"53394525"},"geometry":{"type":"LineString","coordinates":[[139.69387,35.68923],[139.69397,35.68882]]}},{"type":"Feature","properties":{"idx":885,"road":"都庁通り","cls":"secondary","shops":7,"st_km":0.2,"mesh":"53394525"},"geometry":{"type":"LineString","coordinates":[[139.69251,35.68866],[139.69244,35.68895]]}},{"type":"Feature","properties":{"idx":258,"road":"議事堂通り","cls":"secondary","shops":1,"st_km":0.33,"mesh":"53394525"},"geometry":{"type":"LineString","coordinates":[[139.69397,35.68882],[139.6943,35.68752],[139.69462,35.68707]]}},{"type":"Feature","properties":{"idx":353,"road":"議事堂通り","cls":"secondary","shops":2,"st_km":0.3,"mesh":"53394525"},"geometry":{"type":"LineString","coordinates":[[139.69423,35.68743],[139.69387,35.6888]]}},{"type":"Feature","properties":{"idx":425,"road":"議事堂通り","cls":"secondary","shops":2,"st_km":0.12,"mesh":"53394525"},"geometry":{"type":"LineString","coordinates":[[139.69377,35.68921],[139.69347,35.69043]]}},{"type":"Feature","properties":{"idx":1223,"road":"議事堂通り","cls":"secondary","shops":9,"st_km":0.08,"mesh":"53394525"},"geometry":{"type":"LineString","coordinates":[[139.69347,35.6909],[139.69358,35.69044]]}},{"type":"Feature","properties":{"idx":317,"road":"議事堂通り","cls":"secondary","shops":1,"st_km":0.13,"mesh":"53394525"},"geometry":{"type":"LineString","coordinates":[[139.69358,35.69044],[139.69387,35.68923]]}},{"type":"Feature","properties":{"idx":351,"road":"","cls":"tertiary","shops":0,"st_km":0.48,"mesh":"53394592"},"geometry":{"type":"LineString","coordinates":[[139.6607,35.74864],[139.65972,35.74912]]}},{"type":"Feature","properties":{"idx":602,"road":"","cls":"tertiary","shops":10,"st_km":0.08,"mesh":"53394531"},"geometry":{"type":"LineString","coordinates":[[139.64812,35.69779],[139.64808,35.69736],[139.6481,35.69675]]}},{"type":"Feature","properties":{"idx":1096,"road":"","cls":"tertiary","shops":19,"st_km":0.24,"mesh":"53394541"},"geometry":{"type":"LineString","coordinates":[[139.64805,35.70343],[139.64815,35.70379]]}},{"type":"Feature","properties":{"idx":1365,"road":"五日市街道","cls":"primary","shops":20,"st_km":0.09,"mesh":"53394531"},"geometry":{"type":"LineString","coordinates":[[139.64947,35.69786],[139.64946,35.69794]]}},{"type":"Feature","properties":{"idx":2272,"road":"","cls":"tertiary","shops":34,"st_km":0.06,"mesh":"53394541"},"geometry":{"type":"LineString","coordinates":[[139.65012,35.70482],[139.64965,35.7048]]}},{"type":"Feature","properties":{"idx":331,"road":"","cls":"tertiary","shops":2,"st_km":0.4,"mesh":"53394530"},"geometry":{"type":"LineString","coordinates":[[139.63532,35.69601],[139.63476,35.69579]]}},{"type":"Feature","properties":{"idx":2403,"road":"角筈和泉町線","cls":"secondary","shops":5,"st_km":0.38,"mesh":"53394514"},"geometry":{"type":"LineString","coordinates":[[139.68425,35.68326],[139.68065,35.68123],[139.6759,35.67957],[139.67069,35.67767]]}},{"type":"Feature","properties":{"idx":684,"road":"","cls":"primary_link","shops":4,"st_km":0.47,"mesh":"53394534"},"geometry":{"type":"LineString","coordinates":[[139.68749,35.69606],[139.68724,35.6963],[139.68728,35.69643],[139.68741,35.6965]]}},{"type":"Feature","properties":{"idx":192,"road":"","cls":"tertiary","shops":0,"st_km":0.64,"mesh":"53394500"},"geometry":{"type":"LineString","coordinates":[[139.63579,35.67418],[139.63599,35.67389],[139.6362,35.67373],[139.63637,35.67339],[139.6371,35.67291],[139.63744,35.67258],[139.63774,35.67247],[139.63798,35.67249]]}},{"type":"Feature","properties":{"idx":5307,"road":"一ツ木通り","cls":"tertiary","shops":30,"st_km":0.16,"mesh":"53394508"},"geometry":{"type":"LineString","coordinates":[[139.73685,35.67405],[139.7372,35.67281]]}},{"type":"Feature","properties":{"idx":229,"road":"もみじ山通り","cls":"tertiary","shops":3,"st_km":0.67,"mesh":"53394543"},"geometry":{"type":"LineString","coordinates":[[139.67302,35.70917],[139.67274,35.70858],[139.67272,35.70843],[139.67264,35.70683],[139.67274,35.70611]]}},{"type":"Feature","properties":{"idx":2348,"road":"中杉通り","cls":"secondary","shops":12,"st_km":0.26,"mesh":"53394580"},"geometry":{"type":"LineString","coordinates":[[139.63793,35.73736],[139.63714,35.73947],[139.63679,35.74022],[139.63667,35.74075]]}},{"type":"Feature","properties":{"idx":1513,"road":"中杉通り","cls":"secondary","shops":4,"st_km":0.66,"mesh":"53394571"},"geometry":{"type":"LineString","coordinates":[[139.63866,35.72632],[139.63897,35.72713],[139.63932,35.72838],[139.63962,35.73036],[139.63954,35.73088]]}},{"type":"Feature","properties":{"idx":4954,"road":"中杉通り","cls":"secondary","shops":18,"st_km":0.25,"mesh":"53394561"},"geometry":{"type":"LineString","coordinates":[[139.63807,35.72258],[139.63828,35.72552],[139.63866,35.72632]]}},{"type":"Feature","properties":{"idx":4637,"road":"中杉通り","cls":"secondary","shops":15,"st_km":0.16,"mesh":"53394561"},"geometry":{"type":"LineString","coordinates":[[139.63806,35.72248],[139.63807,35.72258]]}},{"type":"Feature","properties":{"idx":234,"road":"三味線橋通り","cls":"tertiary","shops":2,"st_km":0.33,"mesh":"53394543"},"geometry":{"type":"LineString","coordinates":[[139.67193,35.7025],[139.67211,35.70184],[139.67204,35.70106],[139.67192,35.70086],[139.67134,35.70046],[139.67104,35.70014],[139.67092,35.69993],[139.67085,35.69878],[139.67097,35.69757]]}},{"type":"Feature","properties":{"idx":216,"road":"上高田中通り","cls":"tertiary","shops":1,"st_km":0.63,"mesh":"53394554"},"geometry":{"type":"LineString","coordinates":[[139.681,35.70931],[139.68018,35.71057],[139.6796,35.71113],[139.67707,35.71251],[139.67652,35.71303]]}},{"type":"Feature","properties":{"idx":324,"road":"","cls":"tertiary","shops":1,"st_km":0.25,"mesh":"53394563"},"geometry":{"type":"LineString","coordinates":[[139.66355,35.7171],[139.66379,35.71707]]}},{"type":"Feature","properties":{"idx":834,"road":"中丸通り","cls":"tertiary","shops":2,"st_km":0.78,"mesh":"53394586"},"geometry":{"type":"LineString","coordinates":[[139.70428,35.73834],[139.70358,35.73905]]}},{"type":"Feature","properties":{"idx":3023,"road":"ハッピーロード大山","cls":"secondary","shops":5,"st_km":0.37,"mesh":"53394595"},"geometry":{"type":"LineString","coordinates":[[139.6969,35.74912],[139.69758,35.74892],[139.69848,35.74884],[139.69945,35.74887],[139.69983,35.74903],[139.70018,35.7491]]}},{"type":"Feature","properties":{"idx":1834,"road":"補助第171号線","cls":"tertiary","shops":23,"st_km":0.3,"mesh":"53394577"},"geometry":{"type":"LineString","coordinates":[[139.7125,35.72744],[139.7137,35.72871],[139.71398,35.72909]]}},{"type":"Feature","properties":{"idx":436,"road":"音羽池袋線","cls":"secondary","shops":4,"st_km":0.25,"mesh":"53394577"},"geometry":{"type":"LineString","coordinates":[[139.71673,35.7274],[139.71678,35.72746]]}},{"type":"Feature","properties":{"idx":186,"road":"音羽通り","cls":"secondary","shops":1,"st_km":0.54,"mesh":"53394558"},"geometry":{"type":"LineString","coordinates":[[139.73083,35.71225],[139.72845,35.71707]]}},{"type":"Feature","properties":{"idx":496,"road":"四の宮宿橋","cls":"tertiary","shops":0,"st_km":0.2,"mesh":"53394593"},"geometry":{"type":"LineString","coordinates":[[139.66323,35.74905],[139.66344,35.74921]]}},{"type":"Feature","properties":{"idx":830,"road":"","cls":"tertiary","shops":12,"st_km":0.22,"mesh":"53394555"},"geometry":{"type":"LineString","coordinates":[[139.68619,35.70747],[139.6863,35.70792],[139.6865,35.7082],[139.68784,35.70942],[139.68961,35.71127]]}},{"type":"Feature","properties":{"idx":382,"road":"けやき通り","cls":"tertiary","shops":4,"st_km":0.43,"mesh":"53394553"},"geometry":{"type":"LineString","coordinates":[[139.66335,35.70993],[139.66338,35.70841]]}},{"type":"Feature","properties":{"idx":333,"road":"","cls":"tertiary","shops":0,"st_km":0.82,"mesh":"53394545"},"geometry":{"type":"LineString","coordinates":[[139.69775,35.70778],[139.695,35.70798],[139.69437,35.70786]]}},{"type":"Feature","properties":{"idx":799,"road":"南蔵院通り","cls":"tertiary","shops":2,"st_km":0.32,"mesh":"53394561"},"geometry":{"type":"LineString","coordinates":[[139.64752,35.72421],[139.64751,35.72494]]}},{"type":"Feature","properties":{"idx":199,"road":"","cls":"tertiary","shops":0,"st_km":0.67,"mesh":"53394581"},"geometry":{"type":"LineString","coordinates":[[139.64421,35.73672],[139.64451,35.73393]]}},{"type":"Feature","properties":{"idx":323,"road":"","cls":"tertiary","shops":1,"st_km":0.86,"mesh":"53394572"},"geometry":{"type":"LineString","coordinates":[[139.65405,35.72829],[139.64826,35.72846]]}},{"type":"Feature","properties":{"idx":257,"road":"","cls":"tertiary","shops":0,"st_km":0.4,"mesh":"53394581"},"geometry":{"type":"LineString","coordinates":[[139.6413,35.73672],[139.64141,35.73423]]}},{"type":"Feature","properties":{"idx":261,"road":"","cls":"tertiary","shops":0,"st_km":0.39,"mesh":"53394581"},"geometry":{"type":"LineString","coordinates":[[139.63881,35.73408],[139.64141,35.73423]]}},{"type":"Feature","properties":{"idx":228,"road":"","cls":"tertiary","shops":1,"st_km":0.28,"mesh":"53394535"},"geometry":{"type":"LineString","coordinates":[[139.68919,35.69459],[139.68973,35.69535]]}},{"type":"Feature","properties":{"idx":1094,"road":"","cls":"pedestrian","shops":16,"st_km":0.19,"mesh":"53394562"},"geometry":{"type":"LineString","coordinates":[[139.65117,35.71955],[139.65157,35.71968]]}},{"type":"Feature","properties":{"idx":2670,"road":"","cls":"pedestrian","shops":9,"st_km":0.03,"mesh":"53394503"},"geometry":{"type":"LineString","coordinates":[[139.66661,35.67366],[139.66817,35.67418]]}},{"type":"Feature","properties":{"idx":678,"road":"","cls":"tertiary","shops":0,"st_km":0.35,"mesh":"53394513"},"geometry":{"type":"LineString","coordinates":[[139.66242,35.67543],[139.66387,35.67568],[139.66522,35.67634],[139.66594,35.67675],[139.66655,35.67719],[139.66684,35.67756]]}},{"type":"Feature","properties":{"idx":254,"road":"柳通り","cls":"tertiary","shops":0,"st_km":0.45,"mesh":"53394523"},"geometry":{"type":"LineString","coordinates":[[139.67221,35.68738],[139.6723,35.68758],[139.67279,35.68825]]}},{"type":"Feature","properties":{"idx":663,"road":"","cls":"tertiary","shops":4,"st_km":0.49,"mesh":"53394544"},"geometry":{"type":"LineString","coordinates":[[139.68341,35.70114],[139.68327,35.70164]]}},{"type":"Feature","properties":{"idx":513,"road":"","cls":"tertiary","shops":1,"st_km":0.06,"mesh":"53394544"},"geometry":{"type":"LineString","coordinates":[[139.68276,35.70591],[139.6854,35.70593],[139.68628,35.70569]]}},{"type":"Feature","properties":{"idx":1730,"road":"","cls":"pedestrian","shops":11,"st_km":0.63,"mesh":"53394544"},"geometry":{"type":"LineString","coordinates":[[139.67816,35.7018],[139.67807,35.70149]]}},{"type":"Feature","properties":{"idx":163,"road":"新井天神通り","cls":"tertiary","shops":1,"st_km":0.47,"mesh":"53394553"},"geometry":{"type":"LineString","coordinates":[[139.66499,35.71563],[139.66624,35.71428]]}},{"type":"Feature","properties":{"idx":447,"road":"サンシャイン60通り","cls":"tertiary","shops":7,"st_km":0.52,"mesh":"53394577"},"geometry":{"type":"LineString","coordinates":[[139.71677,35.73028],[139.7169,35.73032]]}},{"type":"Feature","properties":{"idx":1114,"road":"","cls":"tertiary","shops":2,"st_km":0.1,"mesh":"53394598"},"geometry":{"type":"LineString","coordinates":[[139.73308,35.74428],[139.73372,35.74352],[139.7341,35.74314]]}},{"type":"Feature","properties":{"idx":1289,"road":"","cls":"tertiary","shops":3,"st_km":0.18,"mesh":"53394598"},"geometry":{"type":"LineString","coordinates":[[139.72919,35.74497],[139.73044,35.74499],[139.73139,35.7451],[139.73284,35.74497]]}},{"type":"Feature","properties":{"idx":737,"road":"","cls":"pedestrian","shops":5,"st_km":0.33,"mesh":"53394525"},"geometry":{"type":"LineString","coordinates":[[139.68901,35.68927],[139.68919,35.68957],[139.68914,35.68982],[139.68916,35.69026]]}},{"type":"Feature","properties":{"idx":1173,"road":"","cls":"pedestrian","shops":9,"st_km":0.32,"mesh":"53394525"},"geometry":{"type":"LineString","coordinates":[[139.68949,35.68991],[139.68935,35.68977],[139.68929,35.68958],[139.68945,35.68943],[139.68951,35.68924],[139.68968,35.68914],[139.68975,35.6889]]}},{"type":"Feature","properties":{"idx":322,"road":"","cls":"pedestrian","shops":1,"st_km":0.31,"mesh":"53394525"},"geometry":{"type":"LineString","coordinates":[[139.68977,35.68886],[139.69016,35.6887],[139.69028,35.68872],[139.69047,35.68885]]}},{"type":"Feature","properties":{"idx":527,"road":"","cls":"pedestrian","shops":3,"st_km":0.33,"mesh":"53394525"},"geometry":{"type":"LineString","coordinates":[[139.69021,35.69071],[139.69012,35.69092],[139.68997,35.69105],[139.68997,35.6913],[139.68985,35.6914],[139.6895,35.69148],[139.68929,35.69147],[139.68917,35.69138],[139.68874,35.69124],[139.68883,35.69106],[139.6897,35.69054]]}},{"type":"Feature","properties":{"idx":655,"road":"","cls":"pedestrian","shops":4,"st_km":0.29,"mesh":"53394525"},"geometry":{"type":"LineString","coordinates":[[139.68991,35.69055],[139.68957,35.6905],[139.68941,35.69038],[139.68949,35.68991],[139.68963,35.68973],[139.69009,35.68978]]}},{"type":"Feature","properties":{"idx":868,"road":"","cls":"pedestrian","shops":6,"st_km":0.3,"mesh":"53394525"},"geometry":{"type":"LineString","coordinates":[[139.68945,35.68943],[139.68961,35.68951],[139.68978,35.68946]]}},{"type":"Feature","properties":{"idx":707,"road":"","cls":"pedestrian","shops":5,"st_km":0.37,"mesh":"53394525"},"geometry":{"type":"LineString","coordinates":[[139.68914,35.68907],[139.68903,35.68897],[139.68892,35.68894]]}},{"type":"Feature","properties":{"idx":307,"road":"","cls":"pedestrian","shops":1,"st_km":0.36,"mesh":"53394525"},"geometry":{"type":"LineString","coordinates":[[139.68801,35.69126],[139.68833,35.69089],[139.68858,35.69044],[139.68876,35.69024],[139.68888,35.68978],[139.6889,35.68945],[139.68901,35.68927]]}},{"type":"Feature","properties":{"idx":333,"road":"","cls":"pedestrian","shops":1,"st_km":0.28,"mesh":"53394525"},"geometry":{"type":"LineString","coordinates":[[139.69063,35.68876],[139.69047,35.68885],[139.69056,35.68898]]}},{"type":"Feature","properties":{"idx":588,"road":"","cls":"pedestrian","shops":4,"st_km":0.4,"mesh":"53394525"},"geometry":{"type":"LineString","coordinates":[[139.68942,35.68766],[139.68961,35.68752],[139.68982,35.68754],[139.68991,35.68764],[139.68991,35.68779],[139.68979,35.68787],[139.68958,35.68787],[139.68945,35.68777],[139.68942,35.68766]]}},{"type":"Feature","properties":{"idx":697,"road":"","cls":"pedestrian","shops":5,"st_km":0.38,"mesh":"53394525"},"geometry":{"type":"LineString","coordinates":[[139.69011,35.68822],[139.69021,35.68773],[139.69032,35.68747],[139.69033,35.68727]]}},{"type":"Feature","properties":{"idx":585,"road":"","cls":"pedestrian","shops":4,"st_km":0.4,"mesh":"53394525"},"geometry":{"type":"LineString","coordinates":[[139.69006,35.6878],[139.69009,35.68765],[139.6899,35.68746]]}},{"type":"Feature","properties":{"idx":419,"road":"公園大橋","cls":"pedestrian","shops":2,"st_km":0.33,"mesh":"53394525"},"geometry":{"type":"LineString","coordinates":[[139.69002,35.68864],[139.69011,35.68822]]}},{"type":"Feature","properties":{"idx":202,"road":"","cls":"tertiary","shops":0,"st_km":0.89,"mesh":"53394594"},"geometry":{"type":"LineString","coordinates":[[139.68496,35.74787],[139.68494,35.74794],[139.68534,35.74953],[139.68547,35.75178]]}},{"type":"Feature","properties":{"idx":274,"road":"","cls":"tertiary","shops":0,"st_km":0.56,"mesh":"53394594"},"geometry":{"type":"LineString","coordinates":[[139.68619,35.74771],[139.68412,35.74797],[139.68347,35.74817],[139.68214,35.74795],[139.68112,35.74784],[139.6805,35.74788],[139.67797,35.74777]]}},{"type":"Feature","properties":{"idx":414,"road":"","cls":"tertiary","shops":0,"st_km":0.75,"mesh":"53394571"},"geometry":{"type":"LineString","coordinates":[[139.63756,35.72928],[139.639,35.72922]]}},{"type":"Feature","properties":{"idx":753,"road":"","cls":"pedestrian","shops":10,"st_km":0.29,"mesh":"53394549"},"geometry":{"type":"LineString","coordinates":[[139.74352,35.7005],[139.74352,35.70049]]}},{"type":"Feature","properties":{"idx":2454,"road":"","cls":"tertiary","shops":23,"st_km":0.11,"mesh":"53394548"},"geometry":{"type":"LineString","coordinates":[[139.73567,35.70365],[139.73593,35.70413]]}},{"type":"Feature","properties":{"idx":293,"road":"","cls":"tertiary","shops":0,"st_km":0.38,"mesh":"53394539"},"geometry":{"type":"LineString","coordinates":[[139.74091,35.69245],[139.73991,35.69487],[139.73973,35.695]]}},{"type":"Feature","properties":{"idx":2800,"road":"靖国通り","cls":"primary","shops":10,"st_km":0.2,"mesh":"53394528"},"geometry":{"type":"LineString","coordinates":[[139.73596,35.69112],[139.73582,35.69123]]}},{"type":"Feature","properties":{"idx":270,"road":"紀尾井町通り","cls":"tertiary","shops":0,"st_km":0.22,"mesh":"53394518"},"geometry":{"type":"LineString","coordinates":[[139.73629,35.6785],[139.73626,35.67868]]}},{"type":"Feature","properties":{"idx":262,"road":"紀尾井町通り","cls":"tertiary","shops":0,"st_km":0.24,"mesh":"53394518"},"geometry":{"type":"LineString","coordinates":[[139.73626,35.67868],[139.73624,35.67903]]}},{"type":"Feature","properties":{"idx":584,"road":"紀尾井町通り","cls":"tertiary","shops":3,"st_km":0.35,"mesh":"53394518"},"geometry":{"type":"LineString","coordinates":[[139.73624,35.67903],[139.73621,35.67936],[139.73554,35.68082]]}},{"type":"Feature","properties":{"idx":1370,"road":"","cls":"tertiary","shops":2,"st_km":0.52,"mesh":"53394584"},"geometry":{"type":"LineString","coordinates":[[139.68645,35.74019],[139.68501,35.73981],[139.68317,35.7392],[139.68211,35.73893],[139.68109,35.73875]]}},{"type":"Feature","properties":{"idx":236,"road":"","cls":"tertiary","shops":0,"st_km":0.71,"mesh":"53394594"},"geometry":{"type":"LineString","coordinates":[[139.68546,35.74729],[139.68564,35.7478]]}},{"type":"Feature","properties":{"idx":513,"road":"","cls":"pedestrian","shops":0,"st_km":0.25,"mesh":"53394594"},"geometry":{"type":"LineString","coordinates":[[139.67548,35.74541],[139.67893,35.74383]]}},{"type":"Feature","properties":{"idx":346,"road":"","cls":"tertiary","shops":1,"st_km":0.92,"mesh":"53394592"},"geometry":{"type":"LineString","coordinates":[[139.65561,35.74923],[139.65492,35.7487],[139.65395,35.74733]]}},{"type":"Feature","properties":{"idx":738,"road":"","cls":"tertiary","shops":0,"st_km":0.44,"mesh":"53394584"},"geometry":{"type":"LineString","coordinates":[[139.68109,35.73875],[139.67876,35.73833],[139.67562,35.73804],[139.67391,35.73777]]}},{"type":"Feature","properties":{"idx":361,"road":"","cls":"tertiary","shops":0,"st_km":0.24,"mesh":"53394583"},"geometry":{"type":"LineString","coordinates":[[139.67376,35.73724],[139.67402,35.73812],[139.67473,35.74017],[139.6747,35.74044],[139.67426,35.74116]]}},{"type":"Feature","properties":{"idx":384,"road":"","cls":"tertiary","shops":0,"st_km":0.39,"mesh":"53394593"},"geometry":{"type":"LineString","coordinates":[[139.67241,35.74376],[139.67261,35.7431],[139.67276,35.74082]]}},{"type":"Feature","properties":{"idx":253,"road":"補助第172号線","cls":"tertiary","shops":5,"st_km":0.38,"mesh":"53394576"},"geometry":{"type":"LineString","coordinates":[[139.70775,35.72794],[139.70675,35.72831]]}},{"type":"Feature","properties":{"idx":1284,"road":"要町通り","cls":"secondary","shops":3,"st_km":0.16,"mesh":"53394585"},"geometry":{"type":"LineString","coordinates":[[139.68735,35.73974],[139.68793,35.73943],[139.69409,35.73474]]}},{"type":"Feature","properties":{"idx":2257,"road":"要町通り","cls":"secondary","shops":8,"st_km":0.18,"mesh":"53394594"},"geometry":{"type":"LineString","coordinates":[[139.68175,35.7423],[139.68071,35.7428]]}},{"type":"Feature","properties":{"idx":394,"road":"要町通り","cls":"secondary","shops":0,"st_km":0.31,"mesh":"53394594"},"geometry":{"type":"LineString","coordinates":[[139.68321,35.74162],[139.68175,35.7423]]}},{"type":"Feature","properties":{"idx":394,"road":"要町通り","cls":"secondary","shops":0,"st_km":0.31,"mesh":"53394594"},"geometry":{"type":"LineString","coordinates":[[139.68179,35.74235],[139.68323,35.74169]]}},{"type":"Feature","properties":{"idx":801,"road":"","cls":"tertiary","shops":1,"st_km":0.73,"mesh":"53394595"},"geometry":{"type":"LineString","coordinates":[[139.69144,35.75032],[139.69234,35.75034],[139.69252,35.74991],[139.6923,35.74938],[139.6923,35.74887],[139.69223,35.74866]]}},{"type":"Feature","properties":{"idx":201,"road":"","cls":"tertiary","shops":0,"st_km":0.89,"mesh":"53394594"},"geometry":{"type":"LineString","coordinates":[[139.68554,35.75179],[139.68541,35.74953],[139.68496,35.74787]]}},{"type":"Feature","properties":{"idx":656,"road":"","cls":"tertiary","shops":1,"st_km":0.42,"mesh":"53394593"},"geometry":{"type":"LineString","coordinates":[[139.67516,35.74161],[139.67507,35.74265],[139.67492,35.74349],[139.67495,35.7439],[139.67514,35.74416],[139.67518,35.74511],[139.67523,35.74531]]}},{"type":"Feature","properties":{"idx":309,"road":"","cls":"tertiary","shops":0,"st_km":0.4,"mesh":"53394583"},"geometry":{"type":"LineString","coordinates":[[139.67426,35.74116],[139.6739,35.74106],[139.67277,35.74096]]}},{"type":"Feature","properties":{"idx":1128,"road":"鮫洲大山線","cls":"secondary","shops":1,"st_km":0.55,"mesh":"53394584"},"geometry":{"type":"LineString","coordinates":[[139.67995,35.73271],[139.68051,35.73327],[139.68376,35.73595],[139.68475,35.73649],[139.68506,35.73674],[139.68732,35.73966]]}},{"type":"Feature","properties":{"idx":207,"road":"","cls":"tertiary","shops":0,"st_km":0.36,"mesh":"53394533"},"geometry":{"type":"LineString","coordinates":[[139.66403,35.69138],[139.66442,35.69183],[139.66464,35.69243],[139.66473,35.69254],[139.66505,35.69274],[139.6654,35.69322],[139.66573,35.69332]]}},{"type":"Feature","properties":{"idx":242,"road":"","cls":"tertiary","shops":0,"st_km":0.5,"mesh":"53394523"},"geometry":{"type":"LineString","coordinates":[[139.66403,35.69138],[139.6638,35.69096],[139.66331,35.69069],[139.66237,35.69059],[139.66091,35.69016]]}},{"type":"Feature","properties":{"idx":764,"road":"","cls":"tertiary","shops":10,"st_km":0.17,"mesh":"53394556"},"geometry":{"type":"LineString","coordinates":[[139.70528,35.71458],[139.70505,35.71336]]}},{"type":"Feature","properties":{"idx":236,"road":"新目白通り","cls":"primary","shops":2,"st_km":0.18,"mesh":"53394556"},"geometry":{"type":"LineString","coordinates":[[139.71082,35.71463],[139.71108,35.71454]]}},{"type":"Feature","properties":{"idx":522,"road":"新目白通り","cls":"primary","shops":6,"st_km":0.36,"mesh":"53394556"},"geometry":{"type":"LineString","coordinates":[[139.7107,35.71456],[139.70854,35.71514],[139.704,35.71622],[139.69957,35.71648]]}},{"type":"Feature","properties":{"idx":278,"road":"","cls":"tertiary","shops":2,"st_km":0.57,"mesh":"53394542"},"geometry":{"type":"LineString","coordinates":[[139.65744,35.70253],[139.6536,35.70241],[139.65345,35.70237],[139.6534,35.7023]]}},{"type":"Feature","properties":{"idx":454,"road":"","cls":"tertiary","shops":3,"st_km":0.34,"mesh":"53394542"},"geometry":{"type":"LineString","coordinates":[[139.65221,35.7026],[139.65251,35.70367]]}},{"type":"Feature","properties":{"idx":80,"road":"","cls":"tertiary","shops":0,"st_km":0.36,"mesh":"53394549"},"geometry":{"type":"LineString","coordinates":[[139.74808,35.70684],[139.74807,35.70668],[139.74756,35.70505],[139.74745,35.70383]]}},{"type":"Feature","properties":{"idx":1131,"road":"青梅街道","cls":"primary","shops":10,"st_km":0.29,"mesh":"53394535"},"geometry":{"type":"LineString","coordinates":[[139.69605,35.69341],[139.69508,35.69368]]}},{"type":"Feature","properties":{"idx":697,"road":"新宿通り","cls":"tertiary","shops":6,"st_km":0.3,"mesh":"53394527"},"geometry":{"type":"LineString","coordinates":[[139.71406,35.68788],[139.71425,35.68788]]}},{"type":"Feature","properties":{"idx":309,"road":"環状三号線","cls":"primary","shops":0,"st_km":0.36,"mesh":"53394507"},"geometry":{"type":"LineString","coordinates":[[139.72445,35.66642],[139.72365,35.66969],[139.7236,35.6701],[139.72378,35.67052],[139.72428,35.67099],[139.72446,35.67129],[139.72448,35.67153],[139.7244,35.67171]]}},{"type":"Feature","properties":{"idx":418,"road":"乃木坂トンネル","cls":"secondary","shops":0,"st_km":0.02,"mesh":"53394508"},"geometry":{"type":"LineString","coordinates":[[139.72553,35.666],[139.72608,35.66641],[139.72716,35.66748]]}},{"type":"Feature","properties":{"idx":1055,"road":"外苑東通り","cls":"primary","shops":3,"st_km":0.12,"mesh":"53394507"},"geometry":{"type":"LineString","coordinates":[[139.7244,35.67171],[139.72455,35.67175]]}},{"type":"Feature","properties":{"idx":528,"road":"外苑東通り","cls":"primary","shops":5,"st_km":0.18,"mesh":"53394517"},"geometry":{"type":"LineString","coordinates":[[139.71922,35.68038],[139.71921,35.68043]]}},{"type":"Feature","properties":{"idx":999,"road":"環七通り","cls":"primary","shops":2,"st_km":0.58,"mesh":"53394552"},"geometry":{"type":"LineString","coordinates":[[139.65393,35.71155],[139.65372,35.71357],[139.6537,35.71711]]}},{"type":"Feature","properties":{"idx":562,"road":"","cls":"primary_link","shops":1,"st_km":0.57,"mesh":"53394552"},"geometry":{"type":"LineString","coordinates":[[139.65432,35.7097],[139.65449,35.70809],[139.65448,35.70783]]}},{"type":"Feature","properties":{"idx":957,"road":"","cls":"primary_link","shops":3,"st_km":0.55,"mesh":"53394552"},"geometry":{"type":"LineString","coordinates":[[139.65437,35.70767],[139.6543,35.70785],[139.65407,35.70969]]}},{"type":"Feature","properties":{"idx":240,"road":"","cls":"secondary_link","shops":1,"st_km":0.88,"mesh":"53394572"},"geometry":{"type":"LineString","coordinates":[[139.65397,35.7276],[139.65411,35.72753],[139.65434,35.72762]]}},{"type":"Feature","properties":{"idx":939,"road":"庚申通り","cls":"secondary","shops":4,"st_km":0.68,"mesh":"53394572"},"geometry":{"type":"LineString","coordinates":[[139.65405,35.72829],[139.65491,35.73532]]}},{"type":"Feature","properties":{"idx":490,"road":"","cls":"tertiary","shops":0,"st_km":0.83,"mesh":"53394595"},"geometry":{"type":"LineString","coordinates":[[139.69454,35.74889],[139.69323,35.74884],[139.69254,35.74864],[139.69223,35.74866]]}},{"type":"Feature","properties":{"idx":813,"road":"","cls":"tertiary","shops":8,"st_km":0.45,"mesh":"53394542"},"geometry":{"type":"LineString","coordinates":[[139.65476,35.7056],[139.65461,35.70557]]}},{"type":"Feature","properties":{"idx":1197,"road":"高円寺豊玉線","cls":"tertiary","shops":9,"st_km":0.17,"mesh":"53394542"},"geometry":{"type":"LineString","coordinates":[[139.65043,35.70599],[139.65059,35.70647],[139.65063,35.70729]]}},{"type":"Feature","properties":{"idx":173,"road":"ふれあい通り","cls":"secondary","shops":0,"st_km":0.33,"mesh":"53394525"},"geometry":{"type":"LineString","coordinates":[[139.69149,35.68859],[139.689,35.68819]]}},{"type":"Feature","properties":{"idx":966,"road":"ふれあい通り","cls":"secondary","shops":8,"st_km":0.22,"mesh":"53394525"},"geometry":{"type":"LineString","coordinates":[[139.6927,35.68879],[139.69149,35.68859]]}},{"type":"Feature","properties":{"idx":1075,"road":"ふれあい通り","cls":"secondary","shops":9,"st_km":0.2,"mesh":"53394525"},"geometry":{"type":"LineString","coordinates":[[139.69146,35.6887],[139.69268,35.6889]]}},{"type":"Feature","properties":{"idx":399,"road":"ふれあい通り","cls":"secondary","shops":2,"st_km":0.19,"mesh":"53394525"},"geometry":{"type":"LineString","coordinates":[[139.69268,35.6889],[139.69367,35.68905]]}},{"type":"Feature","properties":{"idx":185,"road":"","cls":"tertiary","shops":0,"st_km":1.06,"mesh":"53394572"},"geometry":{"type":"LineString","coordinates":[[139.65957,35.73032],[139.65971,35.72521]]}},{"type":"Feature","properties":{"idx":822,"road":"山手通り","cls":"primary","shops":4,"st_km":0.27,"mesh":"53394554"},"geometry":{"type":"LineString","coordinates":[[139.6827,35.70636],[139.68453,35.71033]]}},{"type":"Feature","properties":{"idx":760,"road":"山手通り","cls":"primary","shops":3,"st_km":0.39,"mesh":"53394544"},"geometry":{"type":"LineString","coordinates":[[139.68276,35.70591],[139.6824,35.70265],[139.68246,35.70218],[139.68292,35.70107]]}},{"type":"Feature","properties":{"idx":61,"road":"","cls":"tertiary","shops":0,"st_km":0.59,"mesh":"53394522"},"geometry":{"type":"LineString","coordinates":[[139.65704,35.68768],[139.65701,35.68783],[139.65727,35.68888],[139.6575,35.68908],[139.65807,35.68922],[139.6581,35.68931],[139.65805,35.68953]]}},{"type":"Feature","properties":{"idx":340,"road":"環七通り","cls":"primary","shops":3,"st_km":0.42,"mesh":"53394532"},"geometry":{"type":"LineString","coordinates":[[139.65444,35.69611],[139.65438,35.69553]]}},{"type":"Feature","properties":{"idx":149,"road":"環七通り","cls":"primary","shops":0,"st_km":0.33,"mesh":"53394532"},"geometry":{"type":"LineString","coordinates":[[139.65476,35.6999],[139.65471,35.69784],[139.65464,35.69734]]}},{"type":"Feature","properties":{"idx":349,"road":"","cls":"primary_link","shops":5,"st_km":0.38,"mesh":"53394532"},"geometry":{"type":"LineString","coordinates":[[139.65428,35.69557],[139.65424,35.69582],[139.65456,35.69797]]}},{"type":"Feature","properties":{"idx":601,"road":"瀬田貫井線","cls":"secondary","shops":12,"st_km":0.33,"mesh":"53394531"},"geometry":{"type":"LineString","coordinates":[[139.63892,35.6983],[139.63889,35.69823]]}},{"type":"Feature","properties":{"idx":1029,"road":"","cls":"tertiary","shops":11,"st_km":0.04,"mesh":"53394547"},"geometry":{"type":"LineString","coordinates":[[139.72187,35.7057],[139.72194,35.70614],[139.72203,35.70631]]}},{"type":"Feature","properties":{"idx":753,"road":"","cls":"tertiary","shops":8,"st_km":0.09,"mesh":"53394547"},"geometry":{"type":"LineString","coordinates":[[139.72315,35.70556],[139.72322,35.706]]}},{"type":"Feature","properties":{"idx":482,"road":"","cls":"tertiary","shops":0,"st_km":0.42,"mesh":"53394545"},"geometry":{"type":"LineString","coordinates":[[139.69627,35.70451],[139.70003,35.70422]]}},{"type":"Feature","properties":{"idx":2113,"road":"","cls":"tertiary","shops":10,"st_km":0.37,"mesh":"53394546"},"geometry":{"type":"LineString","coordinates":[[139.70868,35.70455],[139.70882,35.70452],[139.70916,35.70427]]}},{"type":"Feature","properties":{"idx":150,"road":"","cls":"tertiary","shops":1,"st_km":0.45,"mesh":"53394547"},"geometry":{"type":"LineString","coordinates":[[139.71741,35.70126],[139.71756,35.70188],[139.71733,35.70255],[139.71725,35.70335],[139.7171,35.70355],[139.71683,35.70421],[139.71663,35.70455],[139.71652,35.70464],[139.71609,35.70467]]}},{"type":"Feature","properties":{"idx":89,"road":"箱根山通り","cls":"tertiary","shops":0,"st_km":0.58,"mesh":"53394547"},"geometry":{"type":"LineString","coordinates":[[139.7163,35.70672],[139.71614,35.70605],[139.7162,35.70534],[139.71607,35.70453],[139.71594,35.70418],[139.7153,35.7029],[139.71499,35.70135]]}},{"type":"Feature","properties":{"idx":243,"road":"","cls":"tertiary","shops":0,"st_km":0.14,"mesh":"53394538"},"geometry":{"type":"LineString","coordinates":[[139.73347,35.69918],[139.73715,35.70047]]}},{"type":"Feature","properties":{"idx":516,"road":"","cls":"pedestrian","shops":5,"st_km":0.32,"mesh":"53394506"},"geometry":{"type":"LineString","coordinates":[[139.69989,35.66916],[139.70102,35.66911]]}},{"type":"Feature","properties":{"idx":70,"road":"千代田練馬田無線","cls":"primary","shops":0,"st_km":0.72,"mesh":"53394549"},"geometry":{"type":"LineString","coordinates":[[139.74181,35.70813],[139.74201,35.70817]]}},{"type":"Feature","properties":{"idx":1030,"road":"環七通り","cls":"primary","shops":2,"st_km":0.61,"mesh":"53394552"},"geometry":{"type":"LineString","coordinates":[[139.65413,35.71045],[139.65438,35.7084]]}},{"type":"Feature","properties":{"idx":493,"road":"環七通り","cls":"primary","shops":3,"st_km":0.48,"mesh":"53394542"},"geometry":{"type":"LineString","coordinates":[[139.65448,35.70783],[139.65467,35.70633]]}},{"type":"Feature","properties":{"idx":1034,"road":"環七通り","cls":"primary","shops":2,"st_km":0.61,"mesh":"53394552"},"geometry":{"type":"LineString","coordinates":[[139.65432,35.7084],[139.65406,35.71045]]}},{"type":"Feature","properties":{"idx":706,"road":"","cls":"tertiary","shops":2,"st_km":0.76,"mesh":"53394524"},"geometry":{"type":"LineString","coordinates":[[139.6744,35.6825],[139.67705,35.6843]]}},{"type":"Feature","properties":{"idx":911,"road":"池袋大橋","cls":"tertiary","shops":1,"st_km":0.48,"mesh":"53394587"},"geometry":{"type":"LineString","coordinates":[[139.71256,35.73345],[139.71304,35.73418],[139.71315,35.73425],[139.71434,35.73389],[139.71482,35.73408]]}},{"type":"Feature","properties":{"idx":758,"road":"劇場通り","cls":"tertiary","shops":3,"st_km":0.44,"mesh":"53394586"},"geometry":{"type":"LineString","coordinates":[[139.71069,35.73875],[139.70987,35.73703],[139.70941,35.73373],[139.70932,35.73339],[139.70842,35.73157]]}},{"type":"Feature","properties":{"idx":271,"road":"","cls":"tertiary","shops":1,"st_km":0.31,"mesh":"53394530"},"geometry":{"type":"LineString","coordinates":[[139.63187,35.69791],[139.63255,35.69824],[139.63281,35.69844],[139.63316,35.69855]]}},{"type":"Feature","properties":{"idx":160,"road":"","cls":"tertiary","shops":0,"st_km":0.43,"mesh":"53394530"},"geometry":{"type":"LineString","coordinates":[[139.63202,35.69768],[139.63096,35.69713]]}},{"type":"Feature","properties":{"idx":200,"road":"","cls":"tertiary","shops":1,"st_km":0.62,"mesh":"53394530"},"geometry":{"type":"LineString","coordinates":[[139.63018,35.69646],[139.63016,35.6962],[139.63027,35.69571],[139.63016,35.69537]]}},{"type":"Feature","properties":{"idx":324,"road":"","cls":"primary_link","shops":0,"st_km":0.73,"mesh":"53394552"},"geometry":{"type":"LineString","coordinates":[[139.65398,35.71185],[139.65408,35.71163],[139.65432,35.7097]]}},{"type":"Feature","properties":{"idx":156,"road":"環七通り","cls":"primary","shops":1,"st_km":0.26,"mesh":"53394562"},"geometry":{"type":"LineString","coordinates":[[139.6538,35.71734],[139.6538,35.71724]]}},{"type":"Feature","properties":{"idx":1021,"road":"環七通り","cls":"primary","shops":2,"st_km":0.56,"mesh":"53394552"},"geometry":{"type":"LineString","coordinates":[[139.6538,35.71724],[139.6538,35.71356],[139.65398,35.71185]]}},{"type":"Feature","properties":{"idx":104,"road":"環七通り","cls":"primary","shops":0,"st_km":0.25,"mesh":"53394562"},"geometry":{"type":"LineString","coordinates":[[139.65371,35.71723],[139.65371,35.71734]]}},{"type":"Feature","properties":{"idx":107,"road":"環七通り","cls":"primary","shops":0,"st_km":0.22,"mesh":"53394562"},"geometry":{"type":"LineString","coordinates":[[139.65371,35.71734],[139.65372,35.71779]]}},{"type":"Feature","properties":{"idx":1478,"road":"ヤッホーROAD","cls":"pedestrian","shops":21,"st_km":0.14,"mesh":"53394562"},"geometry":{"type":"LineString","coordinates":[[139.65252,35.71884],[139.6526,35.71836]]}},{"type":"Feature","properties":{"idx":149,"road":"新青梅街道","cls":"secondary","shops":2,"st_km":0.48,"mesh":"53394562"},"geometry":{"type":"LineString","coordinates":[[139.65071,35.72353],[139.65144,35.72335]]}},{"type":"Feature","properties":{"idx":238,"road":"新青梅街道","cls":"secondary","shops":5,"st_km":0.58,"mesh":"53394562"},"geometry":{"type":"LineString","coordinates":[[139.6539,35.7229],[139.65579,35.72279],[139.65761,35.72281],[139.6598,35.7233],[139.66149,35.72382],[139.6627,35.72384]]}},{"type":"Feature","properties":{"idx":478,"road":"目白通り","cls":"primary","shops":4,"st_km":0.37,"mesh":"53394582"},"geometry":{"type":"LineString","coordinates":[[139.65007,35.73691],[139.65118,35.73645]]}},{"type":"Feature","properties":{"idx":811,"road":"","cls":"tertiary","shops":8,"st_km":0.17,"mesh":"53394578"},"geometry":{"type":"LineString","coordinates":[[139.73035,35.73181],[139.7315,35.73144],[139.73243,35.73128]]}},{"type":"Feature","properties":{"idx":338,"road":"","cls":"tertiary","shops":4,"st_km":0.48,"mesh":"53394540"},"geometry":{"type":"LineString","coordinates":[[139.62536,35.70331],[139.62553,35.70376]]}},{"type":"Feature","properties":{"idx":1019,"road":"","cls":"tertiary","shops":4,"st_km":0.22,"mesh":"53394539"},"geometry":{"type":"LineString","coordinates":[[139.74869,35.69544],[139.74884,35.69581],[139.74864,35.69637]]}},{"type":"Feature","properties":{"idx":1064,"road":"要町通り","cls":"secondary","shops":2,"st_km":0.03,"mesh":"53394594"},"geometry":{"type":"LineString","coordinates":[[139.67823,35.74402],[139.6803,35.74306]]}},{"type":"Feature","properties":{"idx":394,"road":"要町通り","cls":"secondary","shops":0,"st_km":0.31,"mesh":"53394594"},"geometry":{"type":"LineString","coordinates":[[139.67819,35.74397],[139.67482,35.74549]]}},{"type":"Feature","properties":{"idx":2716,"road":"要町通り","cls":"secondary","shops":10,"st_km":0.18,"mesh":"53394594"},"geometry":{"type":"LineString","coordinates":[[139.68069,35.74288],[139.68179,35.74235]]}},{"type":"Feature","properties":{"idx":1063,"road":"要町通り","cls":"secondary","shops":2,"st_km":0.03,"mesh":"53394594"},"geometry":{"type":"LineString","coordinates":[[139.68026,35.743],[139.67819,35.74397]]}},{"type":"Feature","properties":{"idx":322,"road":"北参道","cls":"pedestrian","shops":0,"st_km":0.34,"mesh":"53394516"},"geometry":{"type":"LineString","coordinates":[[139.70173,35.67526],[139.70182,35.67538],[139.70196,35.67608],[139.70217,35.67911]]}},{"type":"Feature","properties":{"idx":114,"road":"","cls":"tertiary","shops":0,"st_km":0.79,"mesh":"53394530"},"geometry":{"type":"LineString","coordinates":[[139.62714,35.69779],[139.62733,35.69679],[139.62729,35.69656]]}},{"type":"Feature","properties":{"idx":110,"road":"","cls":"tertiary","shops":0,"st_km":0.84,"mesh":"53394530"},"geometry":{"type":"LineString","coordinates":[[139.62729,35.69656],[139.62724,35.69638],[139.62726,35.69619],[139.62739,35.69566]]}},{"type":"Feature","properties":{"idx":3018,"road":"","cls":"tertiary","shops":32,"st_km":0.3,"mesh":"53394576"},"geometry":{"type":"LineString","coordinates":[[139.71197,35.73266],[139.71186,35.73273],[139.71175,35.73327]]}},{"type":"Feature","properties":{"idx":3200,"road":"","cls":"pedestrian","shops":22,"st_km":0.22,"mesh":"53394576"},"geometry":{"type":"LineString","coordinates":[[139.70947,35.73207],[139.71092,35.73217]]}},{"type":"Feature","properties":{"idx":1326,"road":"西一番街中央通り","cls":"pedestrian","shops":22,"st_km":0.24,"mesh":"53394576"},"geometry":{"type":"LineString","coordinates":[[139.71009,35.73303],[139.71024,35.73166]]}},{"type":"Feature","properties":{"idx":1963,"road":"西一番街通り","cls":"pedestrian","shops":13,"st_km":0.24,"mesh":"53394576"},"geometry":{"type":"LineString","coordinates":[[139.7105,35.73307],[139.71062,35.73168]]}},{"type":"Feature","properties":{"idx":1388,"road":"","cls":"pedestrian","shops":23,"st_km":0.24,"mesh":"53394576"},"geometry":{"type":"LineString","coordinates":[[139.70897,35.73265],[139.7094,35.73266],[139.70966,35.7326],[139.71087,35.73268]]}},{"type":"Feature","properties":{"idx":926,"road":"ロマンス通り","cls":"pedestrian","shops":14,"st_km":0.18,"mesh":"53394576"},"geometry":{"type":"LineString","coordinates":[[139.70959,35.73303],[139.70959,35.73271],[139.70947,35.73254],[139.70948,35.7316]]}},{"type":"Feature","properties":{"idx":259,"road":"ふれあい通り","cls":"secondary","shops":1,"st_km":0.33,"mesh":"53394525"},"geometry":{"type":"LineString","coordinates":[[139.68897,35.6883],[139.6912,35.68866]]}},{"type":"Feature","properties":{"idx":490,"road":"虹の橋","cls":"pedestrian","shops":2,"st_km":0.18,"mesh":"53394525"},"geometry":{"type":"LineString","coordinates":[[139.69052,35.68987],[139.69108,35.68996]]}},{"type":"Feature","properties":{"idx":565,"road":"都庁通り","cls":"secondary","shops":3,"st_km":0.07,"mesh":"53394525"},"geometry":{"type":"LineString","coordinates":[[139.69216,35.6901],[139.69214,35.69017]]}},{"type":"Feature","properties":{"idx":215,"road":"都庁通り","cls":"secondary","shops":0,"st_km":0.11,"mesh":"53394525"},"geometry":{"type":"LineString","coordinates":[[139.6924,35.68909],[139.69216,35.6901]]}},{"type":"Feature","properties":{"idx":683,"road":"都庁通り","cls":"secondary","shops":4,"st_km":0.06,"mesh":"53394525"},"geometry":{"type":"LineString","coordinates":[[139.69214,35.69017],[139.69211,35.69031]]}},{"type":"Feature","properties":{"idx":708,"road":"都庁通り","cls":"secondary","shops":5,"st_km":0.17,"mesh":"53394525"},"geometry":{"type":"LineString","coordinates":[[139.69242,35.68902],[139.6924,35.68909]]}},{"type":"Feature","properties":{"idx":733,"road":"日本テレビ通り","cls":"tertiary","shops":3,"st_km":0.35,"mesh":"53394528"},"geometry":{"type":"LineString","coordinates":[[139.73725,35.68497],[139.7354,35.68929],[139.73539,35.6895],[139.73577,35.69066]]}},{"type":"Feature","properties":{"idx":1362,"road":"","cls":"tertiary","shops":17,"st_km":0.15,"mesh":"53394532"},"geometry":{"type":"LineString","coordinates":[[139.65832,35.7007],[139.65839,35.6989],[139.65823,35.69799]]}},{"type":"Feature","properties":{"idx":1155,"road":"","cls":"pedestrian","shops":7,"st_km":0.16,"mesh":"53394548"},"geometry":{"type":"LineString","coordinates":[[139.73602,35.70505],[139.73598,35.70475],[139.73607,35.70474],[139.73593,35.70413]]}},{"type":"Feature","properties":{"idx":861,"road":"","cls":"tertiary","shops":3,"st_km":0.15,"mesh":"53394508"},"geometry":{"type":"LineString","coordinates":[[139.72604,35.67216],[139.72558,35.67332]]}},{"type":"Feature","properties":{"idx":803,"road":"外苑東通り","cls":"primary","shops":3,"st_km":0.38,"mesh":"53394508"},"geometry":{"type":"LineString","coordinates":[[139.7272,35.6677],[139.72716,35.66818],[139.72659,35.67062],[139.72604,35.67216]]}},{"type":"Feature","properties":{"idx":1228,"road":"外苑東通り","cls":"primary","shops":4,"st_km":0.14,"mesh":"53394508"},"geometry":{"type":"LineString","coordinates":[[139.72729,35.66777],[139.72741,35.66712]]}},{"type":"Feature","properties":{"idx":1235,"road":"外苑東通り","cls":"primary","shops":4,"st_km":0.13,"mesh":"53394508"},"geometry":{"type":"LineString","coordinates":[[139.72728,35.6672],[139.7272,35.6677]]}},{"type":"Feature","properties":{"idx":368,"road":"環七通り","cls":"primary","shops":6,"st_km":0.37,"mesh":"53394562"},"geometry":{"type":"LineString","coordinates":[[139.65374,35.7223],[139.65375,35.72359]]}},{"type":"Feature","properties":{"idx":322,"road":"環七通り","cls":"primary","shops":5,"st_km":0.37,"mesh":"53394562"},"geometry":{"type":"LineString","coordinates":[[139.65384,35.72358],[139.65382,35.72231]]}},{"type":"Feature","properties":{"idx":83,"road":"","cls":"primary_link","shops":1,"st_km":0.53,"mesh":"53394562"},"geometry":{"type":"LineString","coordinates":[[139.65364,35.72291],[139.65381,35.72579]]}},{"type":"Feature","properties":{"idx":84,"road":"","cls":"primary_link","shops":1,"st_km":0.52,"mesh":"53394562"},"geometry":{"type":"LineString","coordinates":[[139.65391,35.72552],[139.65394,35.72512],[139.6539,35.7229]]}},{"type":"Feature","properties":{"idx":105,"road":"環七通り","cls":"primary","shops":0,"st_km":0.24,"mesh":"53394562"},"geometry":{"type":"LineString","coordinates":[[139.65382,35.72231],[139.65382,35.72116]]}},{"type":"Feature","properties":{"idx":1075,"road":"環七通り","cls":"primary","shops":6,"st_km":0.97,"mesh":"53394572"},"geometry":{"type":"LineString","coordinates":[[139.6539,35.72678],[139.65412,35.7273],[139.65446,35.72775],[139.65884,35.73162]]}},{"type":"Feature","properties":{"idx":340,"road":"","cls":"tertiary","shops":9,"st_km":0.59,"mesh":"53394549"},"geometry":{"type":"LineString","coordinates":[[139.74112,35.70351],[139.74102,35.70432],[139.74051,35.70617],[139.74032,35.7071],[139.74055,35.70821]]}},{"type":"Feature","properties":{"idx":280,"road":"新小川町4番","cls":"tertiary","shops":6,"st_km":0.55,"mesh":"53394549"},"geometry":{"type":"LineString","coordinates":[[139.74247,35.70598],[139.74291,35.70477],[139.74302,35.70465]]}},{"type":"Feature","properties":{"idx":257,"road":"","cls":"tertiary","shops":7,"st_km":0.68,"mesh":"53394549"},"geometry":{"type":"LineString","coordinates":[[139.74194,35.70428],[139.74191,35.70473],[139.7414,35.70644],[139.74131,35.70758],[139.74137,35.70818]]}},{"type":"Feature","properties":{"idx":548,"road":"","cls":"tertiary","shops":15,"st_km":0.64,"mesh":"53394549"},"geometry":{"type":"LineString","coordinates":[[139.74341,35.70619],[139.74069,35.70556]]}},{"type":"Feature","properties":{"idx":598,"road":"山手通り","cls":"primary","shops":2,"st_km":0.15,"mesh":"53394554"},"geometry":{"type":"LineString","coordinates":[[139.68604,35.71352],[139.68628,35.71404]]}},{"type":"Feature","properties":{"idx":460,"road":"山手通り","cls":"primary","shops":1,"st_km":0.13,"mesh":"53394554"},"geometry":{"type":"LineString","coordinates":[[139.68722,35.716],[139.68731,35.71619]]}},{"type":"Feature","properties":{"idx":235,"road":"山手通り","cls":"primary","shops":1,"st_km":0.56,"mesh":"53394565"},"geometry":{"type":"LineString","coordinates":[[139.68731,35.71619],[139.68762,35.71696],[139.68821,35.71801],[139.69251,35.72254]]}},{"type":"Feature","properties":{"idx":598,"road":"山手通り","cls":"primary","shops":2,"st_km":0.15,"mesh":"53394554"},"geometry":{"type":"LineString","coordinates":[[139.68639,35.71402],[139.68615,35.71348]]}},{"type":"Feature","properties":{"idx":612,"road":"山手通り","cls":"primary","shops":2,"st_km":0.13,"mesh":"53394554"},"geometry":{"type":"LineString","coordinates":[[139.68738,35.71616],[139.6873,35.71598]]}},{"type":"Feature","properties":{"idx":1887,"road":"山手通り","cls":"primary","shops":9,"st_km":0.02,"mesh":"53394554"},"geometry":{"type":"LineString","coordinates":[[139.6873,35.71598],[139.68639,35.71402]]}},{"type":"Feature","properties":{"idx":1558,"road":"山手通り","cls":"primary","shops":7,"st_km":0.01,"mesh":"53394554"},"geometry":{"type":"LineString","coordinates":[[139.68628,35.71404],[139.68722,35.716]]}},{"type":"Feature","properties":{"idx":730,"road":"","cls":"tertiary","shops":1,"st_km":0.76,"mesh":"53394560"},"geometry":{"type":"LineString","coordinates":[[139.62837,35.71821],[139.62842,35.71759],[139.62853,35.71728]]}},{"type":"Feature","properties":{"idx":1313,"road":"","cls":"tertiary","shops":4,"st_km":1.04,"mesh":"53394550"},"geometry":{"type":"LineString","coordinates":[[139.62574,35.71152],[139.62707,35.71169],[139.62913,35.71179]]}},{"type":"Feature","properties":{"idx":1152,"road":"松山通り","cls":"tertiary","shops":3,"st_km":0.93,"mesh":"53394550"},"geometry":{"type":"LineString","coordinates":[[139.6341,35.71272],[139.63472,35.71358]]}},{"type":"Feature","properties":{"idx":2600,"road":"","cls":"pedestrian","shops":27,"st_km":0.14,"mesh":"53394506"},"geometry":{"type":"LineString","coordinates":[[139.70426,35.67183],[139.70413,35.67137]]}},{"type":"Feature","properties":{"idx":971,"road":"靖国通り","cls":"primary","shops":2,"st_km":0.16,"mesh":"53394528"},"geometry":{"type":"LineString","coordinates":[[139.73582,35.69123],[139.73521,35.69203]]}},{"type":"Feature","properties":{"idx":207,"road":"世田ヶ谷道","cls":"tertiary","shops":0,"st_km":0.56,"mesh":"53394503"},"geometry":{"type":"LineString","coordinates":[[139.67284,35.67221],[139.67302,35.67265],[139.67317,35.67288],[139.67399,35.67372]]}},{"type":"Feature","properties":{"idx":450,"road":"","cls":"tertiary","shops":6,"st_km":0.09,"mesh":"53394549"},"geometry":{"type":"LineString","coordinates":[[139.74792,35.70203],[139.74731,35.70216],[139.74679,35.70218],[139.74585,35.70202]]}},{"type":"Feature","properties":{"idx":107,"road":"荒玉水道道路","cls":"secondary","shops":0,"st_km":0.57,"mesh":"53394532"},"geometry":{"type":"LineString","coordinates":[[139.6515,35.69376],[139.65074,35.69262]]}},{"type":"Feature","properties":{"idx":410,"road":"荒玉水道道路","cls":"secondary","shops":0,"st_km":0.95,"mesh":"53394521"},"geometry":{"type":"LineString","coordinates":[[139.6453,35.68436],[139.64552,35.6847]]}},{"type":"Feature","properties":{"idx":382,"road":"荒玉水道道路","cls":"secondary","shops":0,"st_km":1.05,"mesh":"53394521"},"geometry":{"type":"LineString","coordinates":[[139.64713,35.68713],[139.64811,35.68861]]}},{"type":"Feature","properties":{"idx":559,"road":"荒玉水道道路","cls":"secondary","shops":1,"st_km":1.08,"mesh":"53394521"},"geometry":{"type":"LineString","coordinates":[[139.64552,35.6847],[139.64713,35.68713]]}},{"type":"Feature","properties":{"idx":494,"road":"荒玉水道道路","cls":"secondary","shops":2,"st_km":0.49,"mesh":"53394500"},"geometry":{"type":"LineString","coordinates":[[139.6366,35.67265],[139.63459,35.6699],[139.63387,35.66904]]}},{"type":"Feature","properties":{"idx":184,"road":"","cls":"secondary_link","shops":2,"st_km":0.18,"mesh":"53394506"},"geometry":{"type":"LineString","coordinates":[[139.702,35.66875],[139.70193,35.66892],[139.70174,35.66898]]}},{"type":"Feature","properties":{"idx":651,"road":"早稲田通り","cls":"primary","shops":12,"st_km":0.66,"mesh":"53394555"},"geometry":{"type":"LineString","coordinates":[[139.69397,35.70961],[139.69407,35.70975],[139.69439,35.70989]]}},{"type":"Feature","properties":{"idx":200,"road":"","cls":"tertiary","shops":1,"st_km":0.21,"mesh":"53394547"},"geometry":{"type":"LineString","coordinates":[[139.72238,35.70833],[139.72145,35.70779],[139.71996,35.70601]]}},{"type":"Feature","properties":{"idx":1644,"road":"","cls":"tertiary","shops":21,"st_km":0.06,"mesh":"53394556"},"geometry":{"type":"LineString","coordinates":[[139.70458,35.71299],[139.70449,35.71306],[139.70447,35.71314]]}},{"type":"Feature","properties":{"idx":226,"road":"環状4号線","cls":"primary","shops":1,"st_km":0.16,"mesh":"53394557"},"geometry":{"type":"LineString","coordinates":[[139.71734,35.71241],[139.71733,35.71225]]}},{"type":"Feature","properties":{"idx":615,"road":"環状4号線","cls":"primary","shops":8,"st_km":0.36,"mesh":"53394557"},"geometry":{"type":"LineString","coordinates":[[139.7164,35.70935],[139.71644,35.70942]]}},{"type":"Feature","properties":{"idx":151,"road":"","cls":"pedestrian","shops":0,"st_km":0.18,"mesh":"53394557"},"geometry":{"type":"LineString","coordinates":[[139.71295,35.71355],[139.71277,35.71336]]}},{"type":"Feature","properties":{"idx":134,"road":"","cls":"tertiary","shops":0,"st_km":0.06,"mesh":"53394557"},"geometry":{"type":"LineString","coordinates":[[139.71844,35.71155],[139.71844,35.71195]]}},{"type":"Feature","properties":{"idx":149,"road":"","cls":"tertiary","shops":1,"st_km":0.35,"mesh":"53394557"},"geometry":{"type":"LineString","coordinates":[[139.72107,35.70949],[139.72105,35.70881]]}},{"type":"Feature","properties":{"idx":461,"road":"","cls":"tertiary","shops":5,"st_km":0.07,"mesh":"53394557"},"geometry":{"type":"LineString","coordinates":[[139.71948,35.71175],[139.71975,35.71103]]}},{"type":"Feature","properties":{"idx":127,"road":"","cls":"tertiary","shops":0,"st_km":0.11,"mesh":"53394557"},"geometry":{"type":"LineString","coordinates":[[139.71864,35.71156],[139.71742,35.71146],[139.71714,35.7115]]}},{"type":"Feature","properties":{"idx":161,"road":"","cls":"tertiary","shops":0,"st_km":0.33,"mesh":"53394548"},"geometry":{"type":"LineString","coordinates":[[139.72716,35.70605],[139.72451,35.70623]]}},{"type":"Feature","properties":{"idx":858,"road":"文化通り","cls":"tertiary","shops":7,"st_km":0.24,"mesh":"53394576"},"geometry":{"type":"LineString","coordinates":[[139.71095,35.73163],[139.71083,35.73316]]}},{"type":"Feature","properties":{"idx":237,"road":"早大通り","cls":"tertiary","shops":2,"st_km":0.32,"mesh":"53394547"},"geometry":{"type":"LineString","coordinates":[[139.72702,35.70739],[139.72573,35.70748],[139.72238,35.70833]]}},{"type":"Feature","properties":{"idx":253,"road":"","cls":"tertiary","shops":2,"st_km":0.22,"mesh":"53394547"},"geometry":{"type":"LineString","coordinates":[[139.71741,35.70126],[139.71743,35.70103],[139.71736,35.70096],[139.71722,35.70096],[139.7167,35.70116]]}},{"type":"Feature","properties":{"idx":769,"road":"","cls":"tertiary","shops":2,"st_km":0.32,"mesh":"53394546"},"geometry":{"type":"LineString","coordinates":[[139.70916,35.70427],[139.70885,35.70084]]}},{"type":"Feature","properties":{"idx":1154,"road":"大久保通り","cls":"secondary","shops":9,"st_km":0.67,"mesh":"53394544"},"geometry":{"type":"LineString","coordinates":[[139.67193,35.7025],[139.67338,35.7023],[139.67444,35.70221],[139.67576,35.70192],[139.6814,35.70087],[139.68173,35.70087],[139.68278,35.70105]]}},{"type":"Feature","properties":{"idx":370,"road":"都市計画道路補助第72号線(つつじ通り), おおくぼそよかぜ橋","cls":"tertiary","shops":0,"st_km":0.37,"mesh":"53394546"},"geometry":{"type":"LineString","coordinates":[[139.7011,35.70423],[139.70109,35.70407]]}},{"type":"Feature","properties":{"idx":312,"road":"","cls":"tertiary","shops":0,"st_km":0.5,"mesh":"53394546"},"geometry":{"type":"LineString","coordinates":[[139.70332,35.70518],[139.70335,35.70579],[139.70369,35.70629],[139.70372,35.70717],[139.70432,35.70896]]}},{"type":"Feature","properties":{"idx":727,"road":"新宿コズミック通り","cls":"tertiary","shops":2,"st_km":0.34,"mesh":"53394546"},"geometry":{"type":"LineString","coordinates":[[139.70869,35.70537],[139.70481,35.70544]]}},{"type":"Feature","properties":{"idx":124,"road":"飯田橋石神井新座線（支線）（補助第74号線）","cls":"primary","shops":0,"st_km":0.41,"mesh":"53394556"},"geometry":{"type":"LineString","coordinates":[[139.70323,35.70922],[139.70212,35.70949]]}},{"type":"Feature","properties":{"idx":212,"road":"諏訪通り","cls":"primary","shops":2,"st_km":0.43,"mesh":"53394556"},"geometry":{"type":"LineString","coordinates":[[139.70336,35.70935],[139.70484,35.709],[139.70587,35.70884]]}},{"type":"Feature","properties":{"idx":876,"road":"","cls":"tertiary","shops":4,"st_km":0.63,"mesh":"53394572"},"geometry":{"type":"LineString","coordinates":[[139.65674,35.7352],[139.65668,35.73231],[139.65693,35.72995]]}},{"type":"Feature","properties":{"idx":718,"road":"","cls":"tertiary","shops":3,"st_km":0.67,"mesh":"53394569"},"geometry":{"type":"LineString","coordinates":[[139.74404,35.71732],[139.74435,35.71737],[139.74455,35.71735]]}},{"type":"Feature","properties":{"idx":149,"road":"","cls":"tertiary","shops":0,"st_km":0.26,"mesh":"53394558"},"geometry":{"type":"LineString","coordinates":[[139.73399,35.71485],[139.73418,35.71536],[139.73422,35.71618],[139.73397,35.71779],[139.7338,35.71799]]}},{"type":"Feature","properties":{"idx":444,"road":"","cls":"tertiary","shops":1,"st_km":0.84,"mesh":"53394559"},"geometry":{"type":"LineString","coordinates":[[139.74571,35.712],[139.74584,35.71271],[139.7458,35.71291],[139.74555,35.71333],[139.74534,35.71383],[139.7452,35.71461],[139.74511,35.71475],[139.74432,35.71551]]}},{"type":"Feature","properties":{"idx":821,"road":"","cls":"tertiary","shops":2,"st_km":0.46,"mesh":"53394559"},"geometry":{"type":"LineString","coordinates":[[139.7442,35.71719],[139.74295,35.71686],[139.74208,35.71652],[139.73982,35.71526]]}},{"type":"Feature","properties":{"idx":352,"road":"","cls":"tertiary","shops":0,"st_km":0.44,"mesh":"53394568"},"geometry":{"type":"LineString","coordinates":[[139.73484,35.71945],[139.73468,35.71977],[139.73403,35.72172]]}},{"type":"Feature","properties":{"idx":452,"road":"","cls":"tertiary_link","shops":3,"st_km":0.66,"mesh":"53394569"},"geometry":{"type":"LineString","coordinates":[[139.74404,35.71732],[139.74421,35.71742],[139.74424,35.71755]]}},{"type":"Feature","properties":{"idx":237,"road":"","cls":"tertiary","shops":2,"st_km":0.49,"mesh":"53394558"},"geometry":{"type":"LineString","coordinates":[[139.73314,35.71499],[139.73311,35.7137],[139.7332,35.71307]]}},{"type":"Feature","properties":{"idx":984,"road":"","cls":"tertiary","shops":3,"st_km":0.31,"mesh":"53394569"},"geometry":{"type":"LineString","coordinates":[[139.75109,35.71969],[139.75028,35.71931],[139.74863,35.71898]]}},{"type":"Feature","properties":{"idx":838,"road":"","cls":"tertiary","shops":2,"st_km":0.28,"mesh":"53394569"},"geometry":{"type":"LineString","coordinates":[[139.73642,35.71797],[139.73699,35.71846],[139.73726,35.71863],[139.7384,35.71964],[139.73887,35.71982],[139.74029,35.72076]]}},{"type":"Feature","properties":{"idx":358,"road":"","cls":"tertiary_link","shops":2,"st_km":0.67,"mesh":"53394569"},"geometry":{"type":"LineString","coordinates":[[139.74435,35.71701],[139.74432,35.71712],[139.7442,35.71719]]}},{"type":"Feature","properties":{"idx":245,"road":"","cls":"tertiary","shops":5,"st_km":0.46,"mesh":"53394549"},"geometry":{"type":"LineString","coordinates":[[139.74082,35.70512],[139.73967,35.70512],[139.73796,35.70538]]}},{"type":"Feature","properties":{"idx":151,"road":"","cls":"primary_link","shops":1,"st_km":0.99,"mesh":"53394590"},"geometry":{"type":"LineString","coordinates":[[139.62922,35.74489],[139.62919,35.74471],[139.62929,35.74456]]}},{"type":"Feature","properties":{"idx":100,"road":"","cls":"primary_link","shops":0,"st_km":1.0,"mesh":"53394590"},"geometry":{"type":"LineString","coordinates":[[139.62842,35.74462],[139.62849,35.74477],[139.62842,35.74491]]}},{"type":"Feature","properties":{"idx":132,"road":"環八通り","cls":"primary","shops":0,"st_km":1.09,"mesh":"53394590"},"geometry":{"type":"LineString","coordinates":[[139.6278,35.74413],[139.63268,35.74729]]}},{"type":"Feature","properties":{"idx":131,"road":"環八通り","cls":"primary","shops":0,"st_km":1.11,"mesh":"53394590"},"geometry":{"type":"LineString","coordinates":[[139.63275,35.74724],[139.62829,35.74435]]}},{"type":"Feature","properties":{"idx":152,"road":"環八通り","cls":"primary","shops":0,"st_km":0.91,"mesh":"53394590"},"geometry":{"type":"LineString","coordinates":[[139.62829,35.74435],[139.62679,35.7434]]}},{"type":"Feature","properties":{"idx":139,"road":"","cls":"primary_link","shops":1,"st_km":0.44,"mesh":"53394582"},"geometry":{"type":"LineString","coordinates":[[139.66219,35.73463],[139.66221,35.73476],[139.66209,35.73488]]}},{"type":"Feature","properties":{"idx":163,"road":"環八通り","cls":"primary","shops":0,"st_km":0.83,"mesh":"53394590"},"geometry":{"type":"LineString","coordinates":[[139.63268,35.74729],[139.63327,35.74763]]}},{"type":"Feature","properties":{"idx":299,"road":"目白通り","cls":"primary","shops":2,"st_km":0.94,"mesh":"53394590"},"geometry":{"type":"LineString","coordinates":[[139.63041,35.74389],[139.6289,35.74468]]}},{"type":"Feature","properties":{"idx":610,"road":"目白通り","cls":"primary","shops":3,"st_km":0.18,"mesh":"53394567"},"geometry":{"type":"LineString","coordinates":[[139.71334,35.71901],[139.71361,35.71889]]}},{"type":"Feature","properties":{"idx":695,"road":"靖国通り","cls":"primary","shops":2,"st_km":0.15,"mesh":"53394538"},"geometry":{"type":"LineString","coordinates":[[139.73528,35.69207],[139.73589,35.69126]]}},{"type":"Feature","properties":{"idx":2434,"road":"靖国通り","cls":"primary","shops":10,"st_km":0.28,"mesh":"53394539"},"geometry":{"type":"LineString","coordinates":[[139.73636,35.69123],[139.74203,35.69288]]}},{"type":"Feature","properties":{"idx":1641,"road":"","cls":"tertiary","shops":8,"st_km":0.14,"mesh":"53394508"},"geometry":{"type":"LineString","coordinates":[[139.72745,35.66775],[139.72761,35.66704],[139.72795,35.66682],[139.72795,35.66675],[139.72787,35.66666]]}},{"type":"Feature","properties":{"idx":747,"road":"三分坂","cls":"tertiary","shops":4,"st_km":0.44,"mesh":"53394508"},"geometry":{"type":"LineString","coordinates":[[139.73305,35.67076],[139.73141,35.66947]]}},{"type":"Feature","properties":{"idx":317,"road":"南通り","cls":"secondary","shops":2,"st_km":0.41,"mesh":"53394525"},"geometry":{"type":"LineString","coordinates":[[139.69129,35.68695],[139.69175,35.68703]]}},{"type":"Feature","properties":{"idx":332,"road":"水の橋","cls":"pedestrian","shops":1,"st_km":0.28,"mesh":"53394525"},"geometry":{"type":"LineString","coordinates":[[139.69091,35.68831],[139.69148,35.6884]]}},{"type":"Feature","properties":{"idx":163,"road":"南通り","cls":"secondary","shops":0,"st_km":0.39,"mesh":"53394525"},"geometry":{"type":"LineString","coordinates":[[139.69175,35.68703],[139.69286,35.6872]]}},{"type":"Feature","properties":{"idx":221,"road":"表参道","cls":"secondary","shops":1,"st_km":0.12,"mesh":"53394506"},"geometry":{"type":"LineString","coordinates":[[139.70277,35.66943],[139.7025,35.66931]]}},{"type":"Feature","properties":{"idx":528,"road":"","cls":"tertiary","shops":0,"st_km":0.77,"mesh":"53394550"},"geometry":{"type":"LineString","coordinates":[[139.62998,35.70919],[139.62929,35.70893],[139.6288,35.70868],[139.62849,35.70859],[139.62796,35.70859],[139.62722,35.70851]]}},{"type":"Feature","properties":{"idx":302,"road":"","cls":"pedestrian","shops":2,"st_km":0.17,"mesh":"53394556"},"geometry":{"type":"LineString","coordinates":[[139.70751,35.70848],[139.70763,35.70896]]}},{"type":"Feature","properties":{"idx":112,"road":"","cls":"tertiary","shops":0,"st_km":1.01,"mesh":"53394590"},"geometry":{"type":"LineString","coordinates":[[139.62565,35.74607],[139.62569,35.74634]]}},{"type":"Feature","properties":{"idx":151,"road":"","cls":"tertiary","shops":1,"st_km":1.16,"mesh":"53394590"},"geometry":{"type":"LineString","coordinates":[[139.62566,35.74851],[139.62566,35.74787]]}},{"type":"Feature","properties":{"idx":58,"road":"","cls":"tertiary","shops":0,"st_km":0.6,"mesh":"53394522"},"geometry":{"type":"LineString","coordinates":[[139.66164,35.6882],[139.66281,35.68868]]}},{"type":"Feature","properties":{"idx":368,"road":"","cls":"tertiary","shops":1,"st_km":0.48,"mesh":"53394523"},"geometry":{"type":"LineString","coordinates":[[139.66281,35.68868],[139.66388,35.68913]]}},{"type":"Feature","properties":{"idx":290,"road":"公園通り","cls":"secondary","shops":2,"st_km":0.5,"mesh":"53394525"},"geometry":{"type":"LineString","coordinates":[[139.69192,35.68496],[139.69169,35.68577],[139.69136,35.68729]]}},{"type":"Feature","properties":{"idx":332,"road":"四谷角筈線","cls":"secondary","shops":3,"st_km":0.2,"mesh":"53394517"},"geometry":{"type":"LineString","coordinates":[[139.71838,35.67967],[139.71859,35.67965],[139.71893,35.67973],[139.71901,35.67981],[139.7191,35.68011]]}},{"type":"Feature","properties":{"idx":211,"road":"豊中通り","cls":"tertiary","shops":0,"st_km":0.66,"mesh":"53394573"},"geometry":{"type":"LineString","coordinates":[[139.65974,35.73177],[139.66694,35.73147]]}},{"type":"Feature","properties":{"idx":234,"road":"","cls":"tertiary","shops":0,"st_km":0.55,"mesh":"53394573"},"geometry":{"type":"LineString","coordinates":[[139.6707,35.72756],[139.67064,35.72747]]}},{"type":"Feature","properties":{"idx":240,"road":"","cls":"tertiary","shops":0,"st_km":0.34,"mesh":"53394564"},"geometry":{"type":"LineString","coordinates":[[139.68162,35.71941],[139.68133,35.72207]]}},{"type":"Feature","properties":{"idx":205,"road":"","cls":"tertiary","shops":0,"st_km":0.69,"mesh":"53394573"},"geometry":{"type":"LineString","coordinates":[[139.67064,35.72747],[139.66949,35.72504]]}},{"type":"Feature","properties":{"idx":1348,"road":"","cls":"secondary_link","shops":11,"st_km":0.14,"mesh":"53394509"},"geometry":{"type":"LineString","coordinates":[[139.74361,35.67072],[139.74317,35.67074],[139.74274,35.67065]]}},{"type":"Feature","properties":{"idx":825,"road":"","cls":"tertiary","shops":2,"st_km":0.61,"mesh":"53394545"},"geometry":{"type":"LineString","coordinates":[[139.69484,35.70388],[139.69475,35.70388],[139.69397,35.7044],[139.6925,35.70516],[139.69174,35.70545],[139.69059,35.7058],[139.68838,35.70639]]}},{"type":"Feature","properties":{"idx":84,"road":"","cls":"tertiary","shops":0,"st_km":0.3,"mesh":"53394556"},"geometry":{"type":"LineString","coordinates":[[139.70567,35.71741],[139.70634,35.71723],[139.70705,35.71692],[139.70884,35.71657],[139.7094,35.71656],[139.70992,35.71635],[139.7101,35.71637],[139.71121,35.71675],[139.7118,35.71682],[139.71205,35.71676],[139.71241,35.71643]]}},{"type":"Feature","properties":{"idx":110,"road":"補助第175号線","cls":"tertiary","shops":0,"st_km":0.26,"mesh":"53394577"},"geometry":{"type":"LineString","coordinates":[[139.72156,35.72899],[139.72279,35.73037]]}},{"type":"Feature","properties":{"idx":99,"road":"","cls":"tertiary","shops":0,"st_km":0.35,"mesh":"53394557"},"geometry":{"type":"LineString","coordinates":[[139.71971,35.71619],[139.71934,35.71512],[139.71939,35.715],[139.71962,35.7149],[139.71932,35.71402]]}},{"type":"Feature","properties":{"idx":167,"road":"","cls":"tertiary","shops":0,"st_km":0.22,"mesh":"53394567"},"geometry":{"type":"LineString","coordinates":[[139.7144,35.71852],[139.71368,35.71722],[139.71322,35.71608]]}},{"type":"Feature","properties":{"idx":427,"road":"","cls":"tertiary","shops":0,"st_km":0.2,"mesh":"53394568"},"geometry":{"type":"LineString","coordinates":[[139.72617,35.7265],[139.72741,35.72591],[139.7284,35.72523],[139.72905,35.72461],[139.72965,35.7239],[139.72981,35.7236],[139.72994,35.72319],[139.73,35.72279],[139.7301,35.72119],[139.73014,35.72111]]}},{"type":"Feature","properties":{"idx":601,"road":"三丁目坂","cls":"tertiary","shops":1,"st_km":0.28,"mesh":"53394568"},"geometry":{"type":"LineString","coordinates":[[139.72475,35.71677],[139.72739,35.7167],[139.72845,35.71707]]}},{"type":"Feature","properties":{"idx":413,"road":"","cls":"tertiary","shops":2,"st_km":0.12,"mesh":"53394567"},"geometry":{"type":"LineString","coordinates":[[139.71522,35.71815],[139.71527,35.71848],[139.71527,35.71955],[139.7152,35.71974],[139.71493,35.72014]]}},{"type":"Feature","properties":{"idx":197,"road":"","cls":"tertiary","shops":0,"st_km":0.72,"mesh":"53394573"},"geometry":{"type":"LineString","coordinates":[[139.66665,35.72513],[139.66949,35.72504]]}},{"type":"Feature","properties":{"idx":284,"road":"","cls":"tertiary","shops":1,"st_km":1.03,"mesh":"53394572"},"geometry":{"type":"LineString","coordinates":[[139.65517,35.72828],[139.65823,35.72775],[139.66012,35.72756],[139.66053,35.72758],[139.6616,35.72787],[139.6619,35.72791],[139.6632,35.72782]]}},{"type":"Feature","properties":{"idx":276,"road":"","cls":"tertiary","shops":3,"st_km":0.52,"mesh":"53394582"},"geometry":{"type":"LineString","coordinates":[[139.65549,35.73528],[139.65551,35.73516],[139.65784,35.73355],[139.65833,35.73292],[139.65862,35.73218]]}},{"type":"Feature","properties":{"idx":86,"road":"","cls":"tertiary","shops":0,"st_km":0.56,"mesh":"53394556"},"geometry":{"type":"LineString","coordinates":[[139.70038,35.70856],[139.70003,35.70917]]}},{"type":"Feature","properties":{"idx":93,"road":"","cls":"tertiary","shops":0,"st_km":0.61,"mesh":"53394555"},"geometry":{"type":"LineString","coordinates":[[139.69774,35.70793],[139.6987,35.70802],[139.69916,35.70813],[139.70126,35.70886],[139.70168,35.70889],[139.70212,35.70882]]}},{"type":"Feature","properties":{"idx":288,"road":"","cls":"tertiary","shops":0,"st_km":0.63,"mesh":"53394546"},"geometry":{"type":"LineString","coordinates":[[139.70212,35.70882],[139.7005,35.70418]]}},{"type":"Feature","properties":{"idx":387,"road":"","cls":"tertiary","shops":0,"st_km":0.77,"mesh":"53394545"},"geometry":{"type":"LineString","coordinates":[[139.69773,35.70867],[139.69776,35.70753]]}},{"type":"Feature","properties":{"idx":505,"road":"谷田川通り","cls":"tertiary","shops":17,"st_km":0.28,"mesh":"53394589"},"geometry":{"type":"LineString","coordinates":[[139.74681,35.73985],[139.74843,35.73885]]}},{"type":"Feature","properties":{"idx":86,"road":"","cls":"tertiary","shops":0,"st_km":0.73,"mesh":"53394553"},"geometry":{"type":"LineString","coordinates":[[139.6632,35.71272],[139.66575,35.71245]]}},{"type":"Feature","properties":{"idx":490,"road":"税務署通り","cls":"primary_link","shops":2,"st_km":0.39,"mesh":"53394534"},"geometry":{"type":"LineString","coordinates":[[139.68639,35.6965],[139.6866,35.6965]]}},{"type":"Feature","properties":{"idx":250,"road":"税務署通り","cls":"primary","shops":1,"st_km":0.39,"mesh":"53394535"},"geometry":{"type":"LineString","coordinates":[[139.69283,35.69725],[139.69407,35.69741],[139.69749,35.698]]}},{"type":"Feature","properties":{"idx":215,"road":"","cls":"tertiary","shops":1,"st_km":0.14,"mesh":"53394547"},"geometry":{"type":"LineString","coordinates":[[139.72203,35.70631],[139.72274,35.70696],[139.72277,35.70706],[139.72275,35.70759]]}},{"type":"Feature","properties":{"idx":134,"road":"","cls":"tertiary","shops":0,"st_km":0.2,"mesh":"53394547"},"geometry":{"type":"LineString","coordinates":[[139.72322,35.706],[139.72425,35.70786],[139.72426,35.70796]]}},{"type":"Feature","properties":{"idx":107,"road":"","cls":"tertiary","shops":0,"st_km":0.38,"mesh":"53394547"},"geometry":{"type":"LineString","coordinates":[[139.72087,35.70422],[139.72046,35.70397],[139.72012,35.70261],[139.71998,35.70233],[139.71932,35.70246],[139.71892,35.70168],[139.7188,35.70163],[139.71754,35.70199]]}},{"type":"Feature","properties":{"idx":719,"road":"大久保通り","cls":"secondary","shops":8,"st_km":0.21,"mesh":"53394547"},"geometry":{"type":"LineString","coordinates":[[139.71605,35.70124],[139.7167,35.70116],[139.71714,35.70118],[139.71741,35.70126],[139.71776,35.70125],[139.71929,35.70079],[139.72083,35.7002]]}},{"type":"Feature","properties":{"idx":2303,"road":"大久保通り","cls":"secondary","shops":9,"st_km":0.35,"mesh":"53394546"},"geometry":{"type":"LineString","coordinates":[[139.70801,35.70089],[139.70067,35.70144]]}},{"type":"Feature","properties":{"idx":1486,"road":"内堀通り","cls":"secondary","shops":8,"st_km":0.47,"mesh":"53394539"},"geometry":{"type":"LineString","coordinates":[[139.74653,35.6944],[139.74656,35.6943]]}},{"type":"Feature","properties":{"idx":1799,"road":"いちょう坂通り","cls":"tertiary","shops":8,"st_km":0.16,"mesh":"53394528"},"geometry":{"type":"LineString","coordinates":[[139.73703,35.68385],[139.737,35.68298]]}},{"type":"Feature","properties":{"idx":225,"road":"","cls":"tertiary","shops":0,"st_km":0.56,"mesh":"53394529"},"geometry":{"type":"LineString","coordinates":[[139.74554,35.68985],[139.74421,35.68996],[139.7437,35.69037],[139.74316,35.6905]]}},{"type":"Feature","properties":{"idx":319,"road":"音羽池袋線","cls":"secondary","shops":2,"st_km":0.43,"mesh":"53394567"},"geometry":{"type":"LineString","coordinates":[[139.72401,35.7203],[139.72385,35.72077],[139.72325,35.72189],[139.72294,35.72304],[139.72282,35.72331],[139.7226,35.72361],[139.72219,35.72392]]}},{"type":"Feature","properties":{"idx":747,"road":"明治通り","cls":"primary","shops":0,"st_km":0.15,"mesh":"53394598"},"geometry":{"type":"LineString","coordinates":[[139.72807,35.74414],[139.72745,35.74366],[139.7264,35.74224]]}},{"type":"Feature","properties":{"idx":1737,"road":"特別区道41-50","cls":"tertiary","shops":21,"st_km":0.27,"mesh":"53394577"},"geometry":{"type":"LineString","coordinates":[[139.714,35.72919],[139.71413,35.73087]]}},{"type":"Feature","properties":{"idx":442,"road":"補助第174号線","cls":"tertiary","shops":6,"st_km":0.41,"mesh":"53394577"},"geometry":{"type":"LineString","coordinates":[[139.71698,35.72935],[139.71724,35.72932]]}},{"type":"Feature","properties":{"idx":326,"road":"補助第175号線","cls":"tertiary","shops":4,"st_km":0.32,"mesh":"53394577"},"geometry":{"type":"LineString","coordinates":[[139.7213,35.7287],[139.72077,35.72803]]}},{"type":"Feature","properties":{"idx":580,"road":"","cls":"tertiary","shops":16,"st_km":0.1,"mesh":"53394589"},"geometry":{"type":"LineString","coordinates":[[139.74786,35.7378],[139.74753,35.73767],[139.74689,35.73714],[139.74647,35.73703]]}},{"type":"Feature","properties":{"idx":1400,"road":"","cls":"tertiary","shops":14,"st_km":0.1,"mesh":"53394578"},"geometry":{"type":"LineString","coordinates":[[139.72909,35.73231],[139.72926,35.73267]]}},{"type":"Feature","properties":{"idx":152,"road":"不忍通り","cls":"secondary","shops":0,"st_km":0.59,"mesh":"53394567"},"geometry":{"type":"LineString","coordinates":[[139.72313,35.7187],[139.71903,35.71722]]}},{"type":"Feature","properties":{"idx":2004,"road":"大久保通り","cls":"secondary","shops":6,"st_km":0.18,"mesh":"53394546"},"geometry":{"type":"LineString","coordinates":[[139.70813,35.70089],[139.7096,35.70085],[139.71053,35.70103]]}},{"type":"Feature","properties":{"idx":1106,"road":"すずらん商店街","cls":"pedestrian","shops":17,"st_km":0.23,"mesh":"53394531"},"geometry":{"type":"LineString","coordinates":[[139.63849,35.69843],[139.63853,35.69851],[139.63832,35.69889],[139.63748,35.69986]]}},{"type":"Feature","properties":{"idx":1193,"road":"","cls":"tertiary","shops":7,"st_km":0.18,"mesh":"53394509"},"geometry":{"type":"LineString","coordinates":[[139.74132,35.67063],[139.74125,35.67058],[139.74079,35.6705],[139.74089,35.66968],[139.74095,35.66959],[139.74116,35.66946]]}},{"type":"Feature","properties":{"idx":702,"road":"","cls":"tertiary","shops":1,"st_km":0.08,"mesh":"53394597"},"geometry":{"type":"LineString","coordinates":[[139.72035,35.745],[139.71977,35.74513]]}},{"type":"Feature","properties":{"idx":473,"road":"補助第174号線","cls":"tertiary","shops":0,"st_km":0.4,"mesh":"53394587"},"geometry":{"type":"LineString","coordinates":[[139.72508,35.73611],[139.72437,35.73547],[139.72407,35.73527],[139.72165,35.73426]]}},{"type":"Feature","properties":{"idx":326,"road":"旧中山道","cls":"tertiary","shops":0,"st_km":0.43,"mesh":"53394597"},"geometry":{"type":"LineString","coordinates":[[139.72634,35.74229],[139.72381,35.74435],[139.72265,35.74536],[139.72221,35.74569],[139.72131,35.74624]]}},{"type":"Feature","properties":{"idx":480,"road":"","cls":"tertiary","shops":0,"st_km":0.49,"mesh":"53394587"},"geometry":{"type":"LineString","coordinates":[[139.72103,35.73984],[139.7218,35.74047],[139.72181,35.74054],[139.72166,35.74065],[139.72163,35.74076],[139.72189,35.74143]]}},{"type":"Feature","properties":{"idx":376,"road":"","cls":"tertiary","shops":0,"st_km":0.29,"mesh":"53394597"},"geometry":{"type":"LineString","coordinates":[[139.72466,35.74064],[139.7234,35.74151],[139.72088,35.74354],[139.72062,35.74387],[139.72035,35.74459],[139.72034,35.74494],[139.72039,35.74515],[139.72056,35.7455],[139.72131,35.74624]]}},{"type":"Feature","properties":{"idx":1110,"road":"","cls":"tertiary","shops":11,"st_km":0.12,"mesh":"53394578"},"geometry":{"type":"LineString","coordinates":[[139.72926,35.73267],[139.72956,35.73281]]}},{"type":"Feature","properties":{"idx":543,"road":"","cls":"tertiary","shops":0,"st_km":0.36,"mesh":"53394587"},"geometry":{"type":"LineString","coordinates":[[139.72236,35.73864],[139.72103,35.73984],[139.72069,35.74008],[139.71918,35.74068],[139.71883,35.74074],[139.7184,35.7409],[139.71786,35.74114]]}},{"type":"Feature","properties":{"idx":427,"road":"","cls":"tertiary","shops":4,"st_km":0.21,"mesh":"53394578"},"geometry":{"type":"LineString","coordinates":[[139.72491,35.72911],[139.72507,35.72931],[139.72579,35.73219]]}},{"type":"Feature","properties":{"idx":94,"road":"","cls":"tertiary","shops":0,"st_km":0.41,"mesh":"53394577"},"geometry":{"type":"LineString","coordinates":[[139.72153,35.73105],[139.72224,35.7318],[139.7235,35.73274]]}},{"type":"Feature","properties":{"idx":358,"road":"","cls":"tertiary","shops":3,"st_km":0.53,"mesh":"53394542"},"geometry":{"type":"LineString","coordinates":[[139.65471,35.70137],[139.65375,35.70156]]}},{"type":"Feature","properties":{"idx":754,"road":"南中央通り","cls":"tertiary","shops":8,"st_km":0.53,"mesh":"53394542"},"geometry":{"type":"LineString","coordinates":[[139.6534,35.7023],[139.65473,35.70203]]}},{"type":"Feature","properties":{"idx":394,"road":"","cls":"tertiary","shops":4,"st_km":0.22,"mesh":"53394547"},"geometry":{"type":"LineString","coordinates":[[139.72306,35.70826],[139.72275,35.70759],[139.7217,35.70796]]}},{"type":"Feature","properties":{"idx":276,"road":"","cls":"pedestrian","shops":1,"st_km":0.06,"mesh":"53394557"},"geometry":{"type":"LineString","coordinates":[[139.71939,35.712],[139.71997,35.7121]]}},{"type":"Feature","properties":{"idx":312,"road":"目白通り","cls":"primary","shops":3,"st_km":0.2,"mesh":"53394549"},"geometry":{"type":"LineString","coordinates":[[139.7448,35.70249],[139.7447,35.70257]]}},{"type":"Feature","properties":{"idx":291,"road":"新目白通り","cls":"primary","shops":3,"st_km":0.19,"mesh":"53394556"},"geometry":{"type":"LineString","coordinates":[[139.71093,35.71447],[139.7107,35.71456]]}},{"type":"Feature","properties":{"idx":167,"road":"新目白通り","cls":"primary","shops":0,"st_km":0.49,"mesh":"53394565"},"geometry":{"type":"LineString","coordinates":[[139.68937,35.71888],[139.68906,35.71911]]}},{"type":"Feature","properties":{"idx":125,"road":"明治通り","cls":"primary","shops":0,"st_km":0.12,"mesh":"53394556"},"geometry":{"type":"LineString","coordinates":[[139.71171,35.71495],[139.71155,35.71464]]}},{"type":"Feature","properties":{"idx":330,"road":"","cls":"tertiary","shops":4,"st_km":0.31,"mesh":"53394556"},"geometry":{"type":"LineString","coordinates":[[139.70547,35.71598],[139.7053,35.71475]]}},{"type":"Feature","properties":{"idx":250,"road":"瀬田貫井線","cls":"secondary","shops":2,"st_km":0.62,"mesh":"53394511"},"geometry":{"type":"LineString","coordinates":[[139.64346,35.68166],[139.6434,35.68187]]}},{"type":"Feature","properties":{"idx":165,"road":"瀬田貫井線","cls":"secondary","shops":0,"st_km":0.33,"mesh":"53394511"},"geometry":{"type":"LineString","coordinates":[[139.64346,35.68166],[139.64353,35.68136],[139.64351,35.68099],[139.64362,35.68045],[139.64388,35.67835],[139.64411,35.67739],[139.64411,35.67704],[139.64394,35.67649]]}},{"type":"Feature","properties":{"idx":139,"road":"補助第74号線","cls":"tertiary","shops":2,"st_km":0.74,"mesh":"53394555"},"geometry":{"type":"LineString","coordinates":[[139.69773,35.70867],[139.69683,35.70878],[139.69397,35.70961]]}},{"type":"Feature","properties":{"idx":120,"road":"飯田橋石神井新座線（支線）（補助第74号線）","cls":"primary","shops":0,"st_km":0.44,"mesh":"53394556"},"geometry":{"type":"LineString","coordinates":[[139.7001,35.70931],[139.70127,35.70968],[139.70173,35.7097],[139.70213,35.70963]]}},{"type":"Feature","properties":{"idx":118,"road":"飯田橋石神井新座線（支線）（補助第74号線）","cls":"primary","shops":0,"st_km":0.46,"mesh":"53394556"},"geometry":{"type":"LineString","coordinates":[[139.70212,35.70949],[139.70176,35.70955],[139.70133,35.70955],[139.70003,35.70917]]}},{"type":"Feature","properties":{"idx":1473,"road":"山手通り","cls":"primary","shops":6,"st_km":0.2,"mesh":"53394544"},"geometry":{"type":"LineString","coordinates":[[139.68289,35.70637],[139.68279,35.70612]]}},{"type":"Feature","properties":{"idx":1449,"road":"山手通り","cls":"primary","shops":6,"st_km":0.22,"mesh":"53394544"},"geometry":{"type":"LineString","coordinates":[[139.68263,35.70613],[139.6827,35.70636]]}},{"type":"Feature","properties":{"idx":213,"road":"","cls":"secondary_link","shops":0,"st_km":0.11,"mesh":"53394509"},"geometry":{"type":"LineString","coordinates":[[139.74335,35.67131],[139.74294,35.67103]]}},{"type":"Feature","properties":{"idx":430,"road":"哲学堂通り","cls":"tertiary","shops":3,"st_km":0.49,"mesh":"53394563"},"geometry":{"type":"LineString","coordinates":[[139.67538,35.7204],[139.67424,35.71968],[139.67378,35.71927]]}},{"type":"Feature","properties":{"idx":849,"road":"四村橋","cls":"tertiary","shops":7,"st_km":0.58,"mesh":"53394564"},"geometry":{"type":"LineString","coordinates":[[139.67548,35.72048],[139.67538,35.7204]]}},{"type":"Feature","properties":{"idx":324,"road":"","cls":"tertiary","shops":0,"st_km":0.5,"mesh":"53394585"},"geometry":{"type":"LineString","coordinates":[[139.69385,35.73942],[139.69347,35.74197],[139.69303,35.74267]]}},{"type":"Feature","properties":{"idx":425,"road":"","cls":"tertiary","shops":0,"st_km":0.62,"mesh":"53394587"},"geometry":{"type":"LineString","coordinates":[[139.71592,35.73474],[139.717,35.73476],[139.71794,35.73462]]}},{"type":"Feature","properties":{"idx":910,"road":"","cls":"tertiary","shops":6,"st_km":0.53,"mesh":"53394508"},"geometry":{"type":"LineString","coordinates":[[139.73287,35.66755],[139.73323,35.66784],[139.73323,35.6679],[139.73293,35.66821],[139.73257,35.66871],[139.73232,35.66893],[139.7321,35.66895]]}},{"type":"Feature","properties":{"idx":5397,"road":"思い出横丁","cls":"pedestrian","shops":39,"st_km":0.05,"mesh":"53394535"},"geometry":{"type":"LineString","coordinates":[[139.69959,35.69264],[139.69951,35.69309]]}},{"type":"Feature","properties":{"idx":2631,"road":"","cls":"pedestrian","shops":19,"st_km":0.09,"mesh":"53394535"},"geometry":{"type":"LineString","coordinates":[[139.69988,35.6924],[139.69977,35.69261]]}},{"type":"Feature","properties":{"idx":4420,"road":"思い出横丁","cls":"pedestrian","shops":31,"st_km":0.03,"mesh":"53394535"},"geometry":{"type":"LineString","coordinates":[[139.69967,35.69312],[139.69933,35.69307]]}},{"type":"Feature","properties":{"idx":316,"road":"","cls":"tertiary","shops":0,"st_km":0.53,"mesh":"53394546"},"geometry":{"type":"LineString","coordinates":[[139.7033,35.70473],[139.70332,35.70518]]}},{"type":"Feature","properties":{"idx":457,"road":"落合橋","cls":"tertiary","shops":5,"st_km":0.09,"mesh":"53394555"},"geometry":{"type":"LineString","coordinates":[[139.69459,35.71629],[139.69458,35.71621]]}},{"type":"Feature","properties":{"idx":147,"road":"","cls":"tertiary","shops":0,"st_km":0.18,"mesh":"53394553"},"geometry":{"type":"LineString","coordinates":[[139.67469,35.71545],[139.67438,35.71543]]}},{"type":"Feature","properties":{"idx":172,"road":"五中つつじ通り","cls":"tertiary","shops":0,"st_km":0.43,"mesh":"53394554"},"geometry":{"type":"LineString","coordinates":[[139.67793,35.7155],[139.6768,35.71548]]}},{"type":"Feature","properties":{"idx":298,"road":"五中つつじ通り","cls":"tertiary","shops":1,"st_km":0.29,"mesh":"53394554"},"geometry":{"type":"LineString","coordinates":[[139.6768,35.71548],[139.67469,35.71545]]}},{"type":"Feature","properties":{"idx":206,"road":"朝日通り","cls":"tertiary","shops":0,"st_km":0.3,"mesh":"53394563"},"geometry":{"type":"LineString","coordinates":[[139.6681,35.72044],[139.66818,35.72011],[139.66799,35.71892]]}},{"type":"Feature","properties":{"idx":212,"road":"朝日通り","cls":"tertiary","shops":0,"st_km":0.27,"mesh":"53394563"},"geometry":{"type":"LineString","coordinates":[[139.66799,35.71892],[139.66758,35.71836]]}},{"type":"Feature","properties":{"idx":435,"road":"中野通り","cls":"secondary","shops":5,"st_km":0.46,"mesh":"53394553"},"geometry":{"type":"LineString","coordinates":[[139.66868,35.7166],[139.66849,35.71633],[139.66624,35.71428]]}},{"type":"Feature","properties":{"idx":210,"road":"","cls":"tertiary","shops":0,"st_km":0.28,"mesh":"53394563"},"geometry":{"type":"LineString","coordinates":[[139.66379,35.71707],[139.66427,35.71715],[139.66556,35.71692],[139.66788,35.71685],[139.66868,35.7166]]}},{"type":"Feature","properties":{"idx":237,"road":"","cls":"pedestrian","shops":0,"st_km":0.44,"mesh":"53394542"},"geometry":{"type":"LineString","coordinates":[[139.66078,35.70584],[139.66081,35.70545]]}},{"type":"Feature","properties":{"idx":468,"road":"荒玉水道道路","cls":"secondary","shops":0,"st_km":0.8,"mesh":"53394521"},"geometry":{"type":"LineString","coordinates":[[139.65074,35.69262],[139.64818,35.68873]]}},{"type":"Feature","properties":{"idx":2705,"road":"","cls":"tertiary","shops":20,"st_km":0.05,"mesh":"53394542"},"geometry":{"type":"LineString","coordinates":[[139.65029,35.70569],[139.64983,35.70568]]}},{"type":"Feature","properties":{"idx":2123,"road":"高南通り","cls":"tertiary","shops":30,"st_km":0.01,"mesh":"53394541"},"geometry":{"type":"LineString","coordinates":[[139.64964,35.70508],[139.6496,35.70514],[139.64959,35.70575]]}},{"type":"Feature","properties":{"idx":2230,"road":"","cls":"tertiary","shops":33,"st_km":0.05,"mesh":"53394541"},"geometry":{"type":"LineString","coordinates":[[139.64959,35.70575],[139.64961,35.7058]]}},{"type":"Feature","properties":{"idx":86,"road":"","cls":"pedestrian","shops":0,"st_km":0.55,"mesh":"53394522"},"geometry":{"type":"LineString","coordinates":[[139.65904,35.68798],[139.65886,35.68858],[139.65875,35.68869],[139.6584,35.68862],[139.6584,35.68851],[139.65824,35.68825],[139.65714,35.68811]]}},{"type":"Feature","properties":{"idx":90,"road":"","cls":"tertiary","shops":1,"st_km":0.61,"mesh":"53394522"},"geometry":{"type":"LineString","coordinates":[[139.65807,35.68922],[139.65818,35.68912],[139.65828,35.68875],[139.65833,35.68873]]}},{"type":"Feature","properties":{"idx":90,"road":"","cls":"pedestrian","shops":0,"st_km":0.51,"mesh":"53394522"},"geometry":{"type":"LineString","coordinates":[[139.65809,35.68823],[139.65815,35.68791]]}},{"type":"Feature","properties":{"idx":102,"road":"","cls":"pedestrian","shops":0,"st_km":0.38,"mesh":"53394522"},"geometry":{"type":"LineString","coordinates":[[139.65818,35.68771],[139.6583,35.68645],[139.65793,35.68644]]}},{"type":"Feature","properties":{"idx":93,"road":"","cls":"pedestrian","shops":0,"st_km":0.48,"mesh":"53394522"},"geometry":{"type":"LineString","coordinates":[[139.65815,35.68791],[139.65818,35.68771]]}},{"type":"Feature","properties":{"idx":382,"road":"代々木淀橋線","cls":"tertiary","shops":0,"st_km":0.11,"mesh":"53394515"},"geometry":{"type":"LineString","coordinates":[[139.6945,35.67906],[139.69494,35.67842],[139.69497,35.67827]]}},{"type":"Feature","properties":{"idx":391,"road":"代々木淀橋線","cls":"tertiary","shops":0,"st_km":0.09,"mesh":"53394515"},"geometry":{"type":"LineString","coordinates":[[139.6945,35.67906],[139.69425,35.67903]]}},{"type":"Feature","properties":{"idx":484,"road":"","cls":"tertiary","shops":0,"st_km":0.45,"mesh":"53394524"},"geometry":{"type":"LineString","coordinates":[[139.68602,35.68465],[139.68412,35.68433]]}},{"type":"Feature","properties":{"idx":112,"road":"","cls":"tertiary","shops":1,"st_km":0.58,"mesh":"53394541"},"geometry":{"type":"LineString","coordinates":[[139.64253,35.70813],[139.64568,35.70752]]}},{"type":"Feature","properties":{"idx":1950,"road":"中杉通り","cls":"secondary","shops":6,"st_km":1.0,"mesh":"53394550"},"geometry":{"type":"LineString","coordinates":[[139.63472,35.71358],[139.63472,35.7139],[139.6348,35.71414]]}},{"type":"Feature","properties":{"idx":1042,"road":"中杉通り","cls":"secondary","shops":2,"st_km":0.88,"mesh":"53394550"},"geometry":{"type":"LineString","coordinates":[[139.6348,35.71414],[139.63537,35.71507],[139.63587,35.71631],[139.63605,35.717]]}},{"type":"Feature","properties":{"idx":2027,"road":"補助第79号線","cls":"tertiary","shops":22,"st_km":0.13,"mesh":"53394578"},"geometry":{"type":"LineString","coordinates":[[139.73035,35.73181],[139.73062,35.7327],[139.73082,35.73306]]}},{"type":"Feature","properties":{"idx":510,"road":"","cls":"tertiary","shops":0,"st_km":0.7,"mesh":"53394560"},"geometry":{"type":"LineString","coordinates":[[139.62836,35.7183],[139.62837,35.71821]]}},{"type":"Feature","properties":{"idx":839,"road":"","cls":"tertiary","shops":0,"st_km":0.18,"mesh":"53394504"},"geometry":{"type":"LineString","coordinates":[[139.68767,35.67075],[139.68752,35.67071],[139.68748,35.67055],[139.68733,35.67043],[139.68739,35.67003]]}},{"type":"Feature","properties":{"idx":556,"road":"","cls":"tertiary","shops":0,"st_km":0.55,"mesh":"53394513"},"geometry":{"type":"LineString","coordinates":[[139.6675,35.67821],[139.66855,35.67893]]}},{"type":"Feature","properties":{"idx":160,"road":"","cls":"tertiary","shops":1,"st_km":0.13,"mesh":"53394505"},"geometry":{"type":"LineString","coordinates":[[139.68784,35.66963],[139.6876,35.66974],[139.68745,35.66992]]}},{"type":"Feature","properties":{"idx":144,"road":"代々木淀橋線（側道）","cls":"tertiary_link","shops":3,"st_km":0.27,"mesh":"53394505"},"geometry":{"type":"LineString","coordinates":[[139.69126,35.67255],[139.69083,35.67248],[139.69072,35.6724],[139.69066,35.67227],[139.6907,35.67173],[139.69064,35.6711],[139.69075,35.67089],[139.69094,35.67079]]}},{"type":"Feature","properties":{"idx":1722,"road":"","cls":"tertiary","shops":2,"st_km":0.15,"mesh":"53394504"},"geometry":{"type":"LineString","coordinates":[[139.68739,35.67003],[139.68745,35.66992]]}},{"type":"Feature","properties":{"idx":600,"road":"","cls":"tertiary","shops":0,"st_km":0.47,"mesh":"53394513"},"geometry":{"type":"LineString","coordinates":[[139.66684,35.67756],[139.66707,35.67784],[139.6675,35.67821]]}},{"type":"Feature","properties":{"idx":1720,"road":"","cls":"pedestrian","shops":2,"st_km":0.35,"mesh":"53394514"},"geometry":{"type":"LineString","coordinates":[[139.68138,35.67851],[139.68099,35.67799]]}},{"type":"Feature","properties":{"idx":149,"road":"","cls":"tertiary","shops":0,"st_km":0.64,"mesh":"53394563"},"geometry":{"type":"LineString","coordinates":[[139.66734,35.7251],[139.66752,35.72395]]}},{"type":"Feature","properties":{"idx":347,"road":"","cls":"tertiary","shops":2,"st_km":0.47,"mesh":"53394563"},"geometry":{"type":"LineString","coordinates":[[139.66763,35.72319],[139.66766,35.72278],[139.66781,35.72233]]}},{"type":"Feature","properties":{"idx":261,"road":"","cls":"tertiary","shops":0,"st_km":0.44,"mesh":"53394573"},"geometry":{"type":"LineString","coordinates":[[139.67325,35.72693],[139.67432,35.73064],[139.67586,35.73227]]}},{"type":"Feature","properties":{"idx":271,"road":"","cls":"tertiary","shops":1,"st_km":0.43,"mesh":"53394563"},"geometry":{"type":"LineString","coordinates":[[139.66781,35.72233],[139.66781,35.7221]]}},{"type":"Feature","properties":{"idx":243,"road":"","cls":"tertiary","shops":1,"st_km":0.54,"mesh":"53394563"},"geometry":{"type":"LineString","coordinates":[[139.66753,35.72388],[139.66763,35.72319]]}},{"type":"Feature","properties":{"idx":189,"road":"","cls":"tertiary","shops":0,"st_km":0.38,"mesh":"53394563"},"geometry":{"type":"LineString","coordinates":[[139.66795,35.7211],[139.66781,35.7221]]}},{"type":"Feature","properties":{"idx":313,"road":"","cls":"tertiary","shops":0,"st_km":0.25,"mesh":"53394573"},"geometry":{"type":"LineString","coordinates":[[139.67385,35.73348],[139.67269,35.73176],[139.6707,35.72756]]}},{"type":"Feature","properties":{"idx":295,"road":"","cls":"tertiary","shops":1,"st_km":0.34,"mesh":"53394563"},"geometry":{"type":"LineString","coordinates":[[139.66795,35.7211],[139.66804,35.7207]]}},{"type":"Feature","properties":{"idx":419,"road":"","cls":"tertiary","shops":3,"st_km":0.25,"mesh":"53394578"},"geometry":{"type":"LineString","coordinates":[[139.72773,35.72968],[139.72827,35.72929]]}},{"type":"Feature","properties":{"idx":574,"road":"","cls":"tertiary","shops":6,"st_km":0.2,"mesh":"53394578"},"geometry":{"type":"LineString","coordinates":[[139.72675,35.72968],[139.72565,35.73072],[139.72544,35.7308]]}},{"type":"Feature","properties":{"idx":133,"road":"","cls":"tertiary","shops":0,"st_km":0.28,"mesh":"53394578"},"geometry":{"type":"LineString","coordinates":[[139.72675,35.72968],[139.72721,35.72924],[139.72793,35.72875],[139.72936,35.72828]]}},{"type":"Feature","properties":{"idx":1399,"road":"","cls":"tertiary","shops":14,"st_km":0.1,"mesh":"53394578"},"geometry":{"type":"LineString","coordinates":[[139.73002,35.73075],[139.7297,35.73079]]}},{"type":"Feature","properties":{"idx":438,"road":"","cls":"tertiary","shops":0,"st_km":0.39,"mesh":"53394588"},"geometry":{"type":"LineString","coordinates":[[139.72491,35.7379],[139.72511,35.73864],[139.72527,35.73889],[139.72519,35.73908],[139.7256,35.73966]]}},{"type":"Feature","properties":{"idx":539,"road":"庚申塚通り","cls":"tertiary","shops":0,"st_km":0.18,"mesh":"53394588"},"geometry":{"type":"LineString","coordinates":[[139.7303,35.73912],[139.72933,35.74],[139.72781,35.74111],[139.7264,35.74224]]}},{"type":"Feature","properties":{"idx":929,"road":"","cls":"tertiary","shops":2,"st_km":0.33,"mesh":"53394579"},"geometry":{"type":"LineString","coordinates":[[139.73986,35.73051],[139.74063,35.73075],[139.74112,35.73105]]}},{"type":"Feature","properties":{"idx":108,"road":"","cls":"tertiary","shops":0,"st_km":0.64,"mesh":"53394578"},"geometry":{"type":"LineString","coordinates":[[139.73537,35.72607],[139.73744,35.72686]]}},{"type":"Feature","properties":{"idx":3782,"road":"","cls":"tertiary","shops":12,"st_km":0.19,"mesh":"53394579"},"geometry":{"type":"LineString","coordinates":[[139.73952,35.73194],[139.7399,35.73226]]}},{"type":"Feature","properties":{"idx":498,"road":"","cls":"tertiary","shops":4,"st_km":0.2,"mesh":"53394578"},"geometry":{"type":"LineString","coordinates":[[139.73163,35.72462],[139.73052,35.72543]]}},{"type":"Feature","properties":{"idx":231,"road":"","cls":"tertiary","shops":3,"st_km":0.28,"mesh":"53394549"},"geometry":{"type":"LineString","coordinates":[[139.74681,35.70388],[139.74745,35.70383]]}},{"type":"Feature","properties":{"idx":244,"road":"","cls":"tertiary","shops":4,"st_km":0.4,"mesh":"53394549"},"geometry":{"type":"LineString","coordinates":[[139.74631,35.7048],[139.74517,35.70491],[139.74449,35.70485]]}},{"type":"Feature","properties":{"idx":79,"road":"","cls":"tertiary","shops":0,"st_km":0.43,"mesh":"53394549"},"geometry":{"type":"LineString","coordinates":[[139.74617,35.70392],[139.74651,35.70662]]}},{"type":"Feature","properties":{"idx":435,"road":"","cls":"tertiary","shops":0,"st_km":0.07,"mesh":"53394599"},"geometry":{"type":"LineString","coordinates":[[139.74071,35.75069],[139.74165,35.74998],[139.74199,35.74984],[139.74212,35.74961],[139.7433,35.74893],[139.74432,35.74843],[139.74607,35.7478],[139.74768,35.74692],[139.7491,35.74629],[139.75076,35.74525],[139.75199,35.74467]]}},{"type":"Feature","properties":{"idx":418,"road":"","cls":"tertiary","shops":0,"st_km":0.31,"mesh":"53394592"},"geometry":{"type":"LineString","coordinates":[[139.66296,35.74881],[139.66193,35.74796]]}},{"type":"Feature","properties":{"idx":370,"road":"","cls":"tertiary","shops":0,"st_km":0.43,"mesh":"53394592"},"geometry":{"type":"LineString","coordinates":[[139.6607,35.74864],[139.66118,35.7484]]}},{"type":"Feature","properties":{"idx":554,"road":"","cls":"tertiary","shops":1,"st_km":0.22,"mesh":"53394583"},"geometry":{"type":"LineString","coordinates":[[139.67236,35.73401],[139.67177,35.73417]]}},{"type":"Feature","properties":{"idx":1399,"road":"","cls":"pedestrian","shops":1,"st_km":0.38,"mesh":"53394574"},"geometry":{"type":"LineString","coordinates":[[139.67925,35.72845],[139.6794,35.72822],[139.68009,35.72787]]}},{"type":"Feature","properties":{"idx":1690,"road":"","cls":"tertiary","shops":6,"st_km":0.09,"mesh":"53394583"},"geometry":{"type":"LineString","coordinates":[[139.67376,35.73724],[139.67374,35.73708]]}},{"type":"Feature","properties":{"idx":358,"road":"","cls":"tertiary","shops":0,"st_km":0.25,"mesh":"53394583"},"geometry":{"type":"LineString","coordinates":[[139.67236,35.73401],[139.67319,35.73381]]}},{"type":"Feature","properties":{"idx":559,"road":"","cls":"tertiary","shops":0,"st_km":0.59,"mesh":"53394574"},"geometry":{"type":"LineString","coordinates":[[139.67765,35.72894],[139.67822,35.72554],[139.67829,35.72362]]}},{"type":"Feature","properties":{"idx":461,"road":"","cls":"tertiary","shops":2,"st_km":0.32,"mesh":"53394509"},"geometry":{"type":"LineString","coordinates":[[139.73957,35.67393],[139.73932,35.67365],[139.73908,35.67345]]}},{"type":"Feature","properties":{"idx":215,"road":"","cls":"secondary_link","shops":0,"st_km":0.12,"mesh":"53394509"},"geometry":{"type":"LineString","coordinates":[[139.7484,35.6705],[139.74932,35.6709],[139.74963,35.67119]]}},{"type":"Feature","properties":{"idx":1676,"road":"エビス通り","cls":"pedestrian","shops":28,"st_km":0.23,"mesh":"53394576"},"geometry":{"type":"LineString","coordinates":[[139.70983,35.73301],[139.7099,35.7321]]}},{"type":"Feature","properties":{"idx":2258,"road":"","cls":"tertiary","shops":9,"st_km":0.2,"mesh":"53394597"},"geometry":{"type":"LineString","coordinates":[[139.72017,35.74677],[139.71996,35.74659]]}},{"type":"Feature","properties":{"idx":2724,"road":"","cls":"pedestrian","shops":19,"st_km":0.25,"mesh":"53394576"},"geometry":{"type":"LineString","coordinates":[[139.71016,35.7324],[139.71056,35.73242]]}},{"type":"Feature","properties":{"idx":2913,"road":"","cls":"pedestrian","shops":18,"st_km":0.14,"mesh":"53394576"},"geometry":{"type":"LineString","coordinates":[[139.71062,35.73168],[139.71063,35.73149],[139.71045,35.73126]]}},{"type":"Feature","properties":{"idx":962,"road":"本郷通り","cls":"secondary","shops":32,"st_km":0.33,"mesh":"53394589"},"geometry":{"type":"LineString","coordinates":[[139.74723,35.7429],[139.74746,35.7415],[139.74617,35.73824],[139.74645,35.7371],[139.74669,35.73648]]}},{"type":"Feature","properties":{"idx":102,"road":"明治通り","cls":"primary","shops":0,"st_km":0.33,"mesh":"53394556"},"geometry":{"type":"LineString","coordinates":[[139.71155,35.71464],[139.7105,35.71281],[139.71008,35.71152]]}},{"type":"Feature","properties":{"idx":574,"road":"","cls":"pedestrian","shops":0,"st_km":0.64,"mesh":"53394587"},"geometry":{"type":"LineString","coordinates":[[139.71591,35.73482],[139.7159,35.73486],[139.71595,35.73483],[139.71586,35.73478],[139.71623,35.73437],[139.71629,35.7344],[139.71638,35.73431]]}},{"type":"Feature","properties":{"idx":1209,"road":"","cls":"tertiary","shops":12,"st_km":0.15,"mesh":"53394577"},"geometry":{"type":"LineString","coordinates":[[139.7126,35.73002],[139.71273,35.72997]]}},{"type":"Feature","properties":{"idx":2780,"road":"明治通り","cls":"primary","shops":7,"st_km":0.69,"mesh":"53394587"},"geometry":{"type":"LineString","coordinates":[[139.71775,35.73434],[139.71685,35.7335]]}},{"type":"Feature","properties":{"idx":609,"road":"","cls":"secondary_link","shops":12,"st_km":0.53,"mesh":"53394577"},"geometry":{"type":"LineString","coordinates":[[139.71675,35.731],[139.71666,35.73164],[139.71664,35.7324]]}},{"type":"Feature","properties":{"idx":1207,"road":"本郷通","cls":"secondary","shops":33,"st_km":0.14,"mesh":"53394589"},"geometry":{"type":"LineString","coordinates":[[139.74667,35.73615],[139.74658,35.73643]]}},{"type":"Feature","properties":{"idx":1220,"road":"本郷通り","cls":"secondary","shops":4,"st_km":0.23,"mesh":"53394599"},"geometry":{"type":"LineString","coordinates":[[139.74438,35.74451],[139.7435,35.74478],[139.74316,35.74501],[139.74153,35.74669],[139.74069,35.74749],[139.73904,35.74875],[139.73802,35.74989],[139.73732,35.7509]]}},{"type":"Feature","properties":{"idx":1187,"road":"本郷通","cls":"secondary","shops":32,"st_km":0.13,"mesh":"53394589"},"geometry":{"type":"LineString","coordinates":[[139.74669,35.73648],[139.74679,35.7362]]}},{"type":"Feature","properties":{"idx":496,"road":"","cls":"tertiary","shops":0,"st_km":0.27,"mesh":"53394579"},"geometry":{"type":"LineString","coordinates":[[139.74135,35.73121],[139.74343,35.7327]]}},{"type":"Feature","properties":{"idx":639,"road":"","cls":"tertiary","shops":1,"st_km":0.33,"mesh":"53394579"},"geometry":{"type":"LineString","coordinates":[[139.74264,35.73213],[139.74531,35.72961]]}},{"type":"Feature","properties":{"idx":494,"road":"","cls":"tertiary","shops":0,"st_km":0.27,"mesh":"53394579"},"geometry":{"type":"LineString","coordinates":[[139.73952,35.73194],[139.73846,35.73108]]}},{"type":"Feature","properties":{"idx":741,"road":"","cls":"tertiary","shops":2,"st_km":0.57,"mesh":"53394559"},"geometry":{"type":"LineString","coordinates":[[139.74473,35.71726],[139.74457,35.71721],[139.74376,35.71643],[139.74284,35.71564],[139.74208,35.71458],[139.74118,35.71388]]}},{"type":"Feature","properties":{"idx":315,"road":"外堀通り","cls":"secondary","shops":0,"st_km":0.47,"mesh":"53394528"},"geometry":{"type":"LineString","coordinates":[[139.73469,35.69188],[139.73395,35.69144],[139.73313,35.69084],[139.73242,35.69022],[139.7314,35.68992],[139.73093,35.68975],[139.7308,35.68966],[139.73068,35.68947],[139.73018,35.68802],[139.72978,35.68663]]}},{"type":"Feature","properties":{"idx":864,"road":"芝新宿王子線(連絡路)","cls":"primary_link","shops":10,"st_km":0.19,"mesh":"53394526"},"geometry":{"type":"LineString","coordinates":[[139.70518,35.68993],[139.70593,35.68971]]}},{"type":"Feature","properties":{"idx":643,"road":"","cls":"pedestrian","shops":5,"st_km":0.35,"mesh":"53394525"},"geometry":{"type":"LineString","coordinates":[[139.70004,35.6868],[139.69922,35.6864]]}},{"type":"Feature","properties":{"idx":2724,"road":"新宿停車場前線","cls":"secondary","shops":24,"st_km":0.18,"mesh":"53394526"},"geometry":{"type":"LineString","coordinates":[[139.70155,35.69184],[139.70159,35.69138]]}},{"type":"Feature","properties":{"idx":833,"road":"","cls":"pedestrian","shops":6,"st_km":0.37,"mesh":"53394526"},"geometry":{"type":"LineString","coordinates":[[139.70004,35.6868],[139.70037,35.68686]]}},{"type":"Feature","properties":{"idx":531,"road":"","cls":"pedestrian","shops":3,"st_km":0.36,"mesh":"53394526"},"geometry":{"type":"LineString","coordinates":[[139.70024,35.68683],[139.70018,35.687],[139.69998,35.68697]]}},{"type":"Feature","properties":{"idx":606,"road":"","cls":"pedestrian","shops":3,"st_km":0.36,"mesh":"53394525"},"geometry":{"type":"LineString","coordinates":[[139.70004,35.6868],[139.69991,35.68715]]}},{"type":"Feature","properties":{"idx":1354,"road":"新宿停車場前線","cls":"secondary","shops":12,"st_km":0.23,"mesh":"53394536"},"geometry":{"type":"LineString","coordinates":[[139.70177,35.69225],[139.70155,35.69184]]}},{"type":"Feature","properties":{"idx":493,"road":"","cls":"tertiary","shops":2,"st_km":0.29,"mesh":"53394516"},"geometry":{"type":"LineString","coordinates":[[139.70624,35.6743],[139.70575,35.67634],[139.70579,35.67639],[139.70705,35.67676]]}},{"type":"Feature","properties":{"idx":207,"road":"東京都道一七六号線","cls":"secondary","shops":0,"st_km":0.36,"mesh":"53394519"},"geometry":{"type":"LineString","coordinates":[[139.74911,35.67655],[139.74727,35.67621]]}},{"type":"Feature","properties":{"idx":1225,"road":"旧早稲田通り","cls":"primary","shops":1,"st_km":0.44,"mesh":"53394560"},"geometry":{"type":"LineString","coordinates":[[139.6255,35.72233],[139.62552,35.72169],[139.62572,35.72052],[139.62653,35.71885],[139.62676,35.71779]]}},{"type":"Feature","properties":{"idx":2146,"road":"旧早稲田通り","cls":"primary","shops":2,"st_km":0.17,"mesh":"53394560"},"geometry":{"type":"LineString","coordinates":[[139.62488,35.72246],[139.6255,35.72233]]}},{"type":"Feature","properties":{"idx":611,"road":"","cls":"tertiary","shops":0,"st_km":0.51,"mesh":"53394560"},"geometry":{"type":"LineString","coordinates":[[139.6281,35.72224],[139.62836,35.7183]]}},{"type":"Feature","properties":{"idx":1380,"road":"ときわ通り","cls":"pedestrian","shops":19,"st_km":0.12,"mesh":"53394562"},"geometry":{"type":"LineString","coordinates":[[139.65194,35.71977],[139.6525,35.71974]]}},{"type":"Feature","properties":{"idx":740,"road":"","cls":"tertiary","shops":0,"st_km":0.31,"mesh":"53394560"},"geometry":{"type":"LineString","coordinates":[[139.62767,35.72331],[139.62804,35.72253],[139.6281,35.72224]]}},{"type":"Feature","properties":{"idx":818,"road":"","cls":"pedestrian","shops":11,"st_km":0.16,"mesh":"53394562"},"geometry":{"type":"LineString","coordinates":[[139.65157,35.71968],[139.65194,35.71977]]}},{"type":"Feature","properties":{"idx":865,"road":"外堀通り","cls":"secondary","shops":5,"st_km":0.53,"mesh":"53394539"},"geometry":{"type":"LineString","coordinates":[[139.7381,35.69478],[139.73867,35.69549],[139.73962,35.6969],[139.74037,35.69771],[139.74105,35.69857],[139.74266,35.70044]]}},{"type":"Feature","properties":{"idx":169,"road":"桜ヶ池通り","cls":"tertiary","shops":0,"st_km":0.45,"mesh":"53394554"},"geometry":{"type":"LineString","coordinates":[[139.67711,35.7125],[139.67805,35.71844]]}},{"type":"Feature","properties":{"idx":147,"road":"葛橋","cls":"tertiary","shops":0,"st_km":0.6,"mesh":"53394554"},"geometry":{"type":"LineString","coordinates":[[139.67931,35.71605],[139.67918,35.71606]]}},{"type":"Feature","properties":{"idx":145,"road":"","cls":"tertiary","shops":0,"st_km":0.61,"mesh":"53394554"},"geometry":{"type":"LineString","coordinates":[[139.67942,35.71604],[139.67931,35.71605]]}},{"type":"Feature","properties":{"idx":149,"road":"","cls":"tertiary","shops":0,"st_km":0.63,"mesh":"53394554"},"geometry":{"type":"LineString","coordinates":[[139.67942,35.71604],[139.67925,35.71563],[139.67927,35.71555],[139.68075,35.71516]]}},{"type":"Feature","properties":{"idx":148,"road":"豊島園通り","cls":"tertiary","shops":0,"st_km":0.3,"mesh":"53394591"},"geometry":{"type":"LineString","coordinates":[[139.64828,35.74476],[139.64832,35.74462]]}},{"type":"Feature","properties":{"idx":227,"road":"豊島園通り","cls":"tertiary","shops":1,"st_km":0.28,"mesh":"53394591"},"geometry":{"type":"LineString","coordinates":[[139.64832,35.7446],[139.64839,35.74441]]}},{"type":"Feature","properties":{"idx":896,"road":"","cls":"tertiary","shops":4,"st_km":0.36,"mesh":"53394539"},"geometry":{"type":"LineString","coordinates":[[139.73875,35.69545],[139.73867,35.69549]]}},{"type":"Feature","properties":{"idx":6571,"road":"","cls":"pedestrian","shops":52,"st_km":0.36,"mesh":"53394525"},"geometry":{"type":"LineString","coordinates":[[139.69703,35.68967],[139.69642,35.68963]]}},{"type":"Feature","properties":{"idx":868,"road":"","cls":"pedestrian","shops":12,"st_km":0.3,"mesh":"53394549"},"geometry":{"type":"LineString","coordinates":[[139.74352,35.70049],[139.74337,35.70027]]}},{"type":"Feature","properties":{"idx":296,"road":"","cls":"tertiary","shops":0,"st_km":0.37,"mesh":"53394539"},"geometry":{"type":"LineString","coordinates":[[139.73951,35.6951],[139.73875,35.69545]]}},{"type":"Feature","properties":{"idx":796,"road":"","cls":"pedestrian","shops":11,"st_km":0.31,"mesh":"53394549"},"geometry":{"type":"LineString","coordinates":[[139.74337,35.70027],[139.74334,35.70023]]}},{"type":"Feature","properties":{"idx":614,"road":"","cls":"tertiary","shops":10,"st_km":0.18,"mesh":"53394549"},"geometry":{"type":"LineString","coordinates":[[139.74564,35.70191],[139.74515,35.7016],[139.74464,35.70114],[139.74418,35.70005],[139.74404,35.69984]]}},{"type":"Feature","properties":{"idx":398,"road":"","cls":"tertiary","shops":1,"st_km":0.46,"mesh":"53394539"},"geometry":{"type":"LineString","coordinates":[[139.74498,35.69609],[139.7464,35.69634],[139.74728,35.69655]]}},{"type":"Feature","properties":{"idx":594,"road":"","cls":"tertiary","shops":3,"st_km":0.59,"mesh":"53394539"},"geometry":{"type":"LineString","coordinates":[[139.74235,35.6981],[139.74169,35.69704],[139.7405,35.6957],[139.73995,35.69478]]}},{"type":"Feature","properties":{"idx":2877,"road":"","cls":"tertiary","shops":17,"st_km":0.05,"mesh":"53394509"},"geometry":{"type":"LineString","coordinates":[[139.7414,35.67072],[139.74142,35.67182]]}},{"type":"Feature","properties":{"idx":1206,"road":"","cls":"primary","shops":7,"st_km":0.06,"mesh":"53394537"},"geometry":{"type":"LineString","coordinates":[[139.72341,35.69281],[139.72259,35.69263]]}},{"type":"Feature","properties":{"idx":370,"road":"東京都道新宿副都心八号線","cls":"secondary","shops":2,"st_km":0.19,"mesh":"53394535"},"geometry":{"type":"LineString","coordinates":[[139.69717,35.69316],[139.69705,35.69304],[139.69697,35.69285]]}},{"type":"Feature","properties":{"idx":639,"road":"青梅街道","cls":"primary_link","shops":7,"st_km":0.21,"mesh":"53394535"},"geometry":{"type":"LineString","coordinates":[[139.69681,35.69328],[139.69698,35.69323]]}},{"type":"Feature","properties":{"idx":2216,"road":"青梅街道","cls":"primary","shops":17,"st_km":0.07,"mesh":"53394535"},"geometry":{"type":"LineString","coordinates":[[139.69913,35.69357],[139.69813,35.69352],[139.6979,35.69346]]}},{"type":"Feature","properties":{"idx":1939,"road":"靖国通り","cls":"primary","shops":9,"st_km":0.14,"mesh":"53394538"},"geometry":{"type":"LineString","coordinates":[[139.73521,35.69203],[139.73515,35.69211]]}},{"type":"Feature","properties":{"idx":636,"road":"北通り","cls":"secondary","shops":5,"st_km":0.2,"mesh":"53394535"},"geometry":{"type":"LineString","coordinates":[[139.69437,35.69256],[139.69178,35.69215]]}},{"type":"Feature","properties":{"idx":2144,"road":"四谷角筈線","cls":"secondary","shops":16,"st_km":0.19,"mesh":"53394525"},"geometry":{"type":"LineString","coordinates":[[139.69894,35.68865],[139.69883,35.68876],[139.69863,35.69013],[139.69858,35.6902],[139.69841,35.69027]]}},{"type":"Feature","properties":{"idx":317,"road":"区役所通り","cls":"tertiary","shops":3,"st_km":0.4,"mesh":"53394536"},"geometry":{"type":"LineString","coordinates":[[139.70343,35.69302],[139.70433,35.69504],[139.70503,35.69806],[139.70512,35.69829]]}},{"type":"Feature","properties":{"idx":217,"road":"代官町通り","cls":"tertiary","shops":0,"st_km":0.6,"mesh":"53394529"},"geometry":{"type":"LineString","coordinates":[[139.74514,35.68814],[139.74642,35.68798],[139.74752,35.68806],[139.74873,35.68829],[139.74956,35.68861]]}},{"type":"Feature","properties":{"idx":224,"road":"紀尾井通り","cls":"tertiary","shops":0,"st_km":0.38,"mesh":"53394518"},"geometry":{"type":"LineString","coordinates":[[139.73444,35.68225],[139.73441,35.68233],[139.7341,35.68263],[139.73361,35.68301],[139.73345,35.6834]]}},{"type":"Feature","properties":{"idx":453,"road":"","cls":"pedestrian","shops":1,"st_km":0.47,"mesh":"53394518"},"geometry":{"type":"LineString","coordinates":[[139.72906,35.68255],[139.72881,35.68064]]}},{"type":"Feature","properties":{"idx":1749,"road":"","cls":"tertiary","shops":20,"st_km":0.1,"mesh":"53394553"},"geometry":{"type":"LineString","coordinates":[[139.67256,35.71734],[139.67212,35.71669],[139.67125,35.71585]]}},{"type":"Feature","properties":{"idx":841,"road":"","cls":"tertiary","shops":8,"st_km":0.05,"mesh":"53394553"},"geometry":{"type":"LineString","coordinates":[[139.67315,35.71538],[139.67252,35.71537]]}},{"type":"Feature","properties":{"idx":1844,"road":"","cls":"tertiary","shops":21,"st_km":0.09,"mesh":"53394553"},"geometry":{"type":"LineString","coordinates":[[139.67187,35.71556],[139.67125,35.71585]]}},{"type":"Feature","properties":{"idx":1261,"road":"","cls":"tertiary","shops":13,"st_km":0.05,"mesh":"53394553"},"geometry":{"type":"LineString","coordinates":[[139.67252,35.71537],[139.67218,35.71542]]}},{"type":"Feature","properties":{"idx":1163,"road":"","cls":"tertiary","shops":12,"st_km":0.06,"mesh":"53394553"},"geometry":{"type":"LineString","coordinates":[[139.67218,35.71542],[139.67187,35.71556]]}},{"type":"Feature","properties":{"idx":236,"road":"","cls":"tertiary","shops":1,"st_km":0.11,"mesh":"53394553"},"geometry":{"type":"LineString","coordinates":[[139.67438,35.71543],[139.67315,35.71538]]}},{"type":"Feature","properties":{"idx":182,"road":"","cls":"tertiary","shops":0,"st_km":0.81,"mesh":"53394573"},"geometry":{"type":"LineString","coordinates":[[139.67012,35.72502],[139.67022,35.72502]]}},{"type":"Feature","properties":{"idx":217,"road":"","cls":"tertiary","shops":0,"st_km":0.63,"mesh":"53394573"},"geometry":{"type":"LineString","coordinates":[[139.67054,35.72677],[139.6707,35.72678]]}},{"type":"Feature","properties":{"idx":180,"road":"","cls":"tertiary","shops":0,"st_km":0.82,"mesh":"53394573"},"geometry":{"type":"LineString","coordinates":[[139.67022,35.72502],[139.67055,35.72501]]}},{"type":"Feature","properties":{"idx":216,"road":"","cls":"tertiary","shops":0,"st_km":0.64,"mesh":"53394573"},"geometry":{"type":"LineString","coordinates":[[139.6707,35.72678],[139.67325,35.72693]]}},{"type":"Feature","properties":{"idx":308,"road":"新青梅街道","cls":"secondary","shops":2,"st_km":0.73,"mesh":"53394563"},"geometry":{"type":"LineString","coordinates":[[139.67025,35.72402],[139.67037,35.72402]]}},{"type":"Feature","properties":{"idx":381,"road":"新青梅街道","cls":"secondary","shops":3,"st_km":0.74,"mesh":"53394563"},"geometry":{"type":"LineString","coordinates":[[139.67037,35.72402],[139.67066,35.724]]}},{"type":"Feature","properties":{"idx":204,"road":"五日市街道","cls":"primary","shops":1,"st_km":0.85,"mesh":"53394530"},"geometry":{"type":"LineString","coordinates":[[139.63349,35.69181],[139.6342,35.6918],[139.63538,35.69199]]}},{"type":"Feature","properties":{"idx":192,"road":"五日市街道","cls":"primary","shops":3,"st_km":0.95,"mesh":"53394520"},"geometry":{"type":"LineString","coordinates":[[139.63084,35.69096],[139.63169,35.69122],[139.63288,35.69174],[139.63323,35.6918]]}},{"type":"Feature","properties":{"idx":268,"road":"尾崎橋","cls":"primary","shops":2,"st_km":0.87,"mesh":"53394530"},"geometry":{"type":"LineString","coordinates":[[139.63323,35.6918],[139.63349,35.69181]]}},{"type":"Feature","properties":{"idx":142,"road":"五日市街道","cls":"primary","shops":2,"st_km":1.05,"mesh":"53394520"},"geometry":{"type":"LineString","coordinates":[[139.62974,35.69067],[139.63084,35.69096]]}},{"type":"Feature","properties":{"idx":280,"road":"五日市街道","cls":"primary","shops":2,"st_km":0.82,"mesh":"53394530"},"geometry":{"type":"LineString","coordinates":[[139.63538,35.69199],[139.63725,35.69217]]}},{"type":"Feature","properties":{"idx":302,"road":"みたけ通り","cls":"tertiary","shops":0,"st_km":0.45,"mesh":"53394586"},"geometry":{"type":"LineString","coordinates":[[139.70428,35.73834],[139.70452,35.73811],[139.70542,35.73747],[139.70564,35.73724],[139.70586,35.73692],[139.70598,35.7364],[139.70613,35.73612],[139.70719,35.73488],[139.70748,35.73465],[139.70777,35.73449],[139.70831,35.73437],[139.71066,35.73452]]}},{"type":"Feature","properties":{"idx":164,"road":"劇場通り","cls":"tertiary","shops":2,"st_km":0.21,"mesh":"53394576"},"geometry":{"type":"LineString","coordinates":[[139.70666,35.72834],[139.70795,35.73084]]}},{"type":"Feature","properties":{"idx":357,"road":"檜坂","cls":"tertiary","shops":1,"st_km":0.48,"mesh":"53394508"},"geometry":{"type":"LineString","coordinates":[[139.73443,35.66645],[139.73362,35.66693]]}},{"type":"Feature","properties":{"idx":272,"road":"","cls":"tertiary","shops":0,"st_km":0.12,"mesh":"53394509"},"geometry":{"type":"LineString","coordinates":[[139.74607,35.66692],[139.7468,35.66663],[139.74731,35.6665]]}},{"type":"Feature","properties":{"idx":267,"road":"","cls":"tertiary","shops":0,"st_km":0.14,"mesh":"53394509"},"geometry":{"type":"LineString","coordinates":[[139.74669,35.66812],[139.74593,35.66741]]}},{"type":"Feature","properties":{"idx":635,"road":"","cls":"tertiary","shops":3,"st_km":0.19,"mesh":"53394509"},"geometry":{"type":"LineString","coordinates":[[139.7454,35.66778],[139.74723,35.66927]]}},{"type":"Feature","properties":{"idx":720,"road":"","cls":"tertiary","shops":3,"st_km":0.07,"mesh":"53394509"},"geometry":{"type":"LineString","coordinates":[[139.74692,35.66803],[139.74784,35.6677]]}},{"type":"Feature","properties":{"idx":472,"road":"","cls":"tertiary","shops":2,"st_km":0.26,"mesh":"53394509"},"geometry":{"type":"LineString","coordinates":[[139.74593,35.66741],[139.7442,35.66873]]}},{"type":"Feature","properties":{"idx":343,"road":"","cls":"tertiary","shops":1,"st_km":0.32,"mesh":"53394509"},"geometry":{"type":"LineString","coordinates":[[139.74071,35.66549],[139.74084,35.66552],[139.7412,35.66588],[139.74162,35.66633],[139.74183,35.66668],[139.7418,35.66681],[139.74132,35.66703],[139.74104,35.66725],[139.741,35.66733],[139.74101,35.66741],[139.74168,35.66838]]}},{"type":"Feature","properties":{"idx":4903,"road":"","cls":"tertiary","shops":35,"st_km":0.19,"mesh":"53394509"},"geometry":{"type":"LineString","coordinates":[[139.74991,35.66838],[139.7485,35.66884]]}},{"type":"Feature","properties":{"idx":2467,"road":"","cls":"pedestrian","shops":19,"st_km":0.16,"mesh":"53394526"},"geometry":{"type":"LineString","coordinates":[[139.70548,35.69103],[139.70621,35.69227]]}},{"type":"Feature","properties":{"idx":2893,"road":"","cls":"pedestrian","shops":23,"st_km":0.17,"mesh":"53394526"},"geometry":{"type":"LineString","coordinates":[[139.7065,35.69219],[139.70584,35.69086],[139.70561,35.69053]]}},{"type":"Feature","properties":{"idx":213,"road":"芝新宿王子線(連絡路)","cls":"primary_link","shops":1,"st_km":0.21,"mesh":"53394526"},"geometry":{"type":"LineString","coordinates":[[139.70622,35.68928],[139.70542,35.68961],[139.70453,35.68974]]}},{"type":"Feature","properties":{"idx":887,"road":"外堀通り","cls":"secondary","shops":3,"st_km":0.03,"mesh":"53394538"},"geometry":{"type":"LineString","coordinates":[[139.73514,35.69219],[139.73588,35.69267],[139.7371,35.69364],[139.7377,35.69429]]}},{"type":"Feature","properties":{"idx":56,"road":"","cls":"tertiary","shops":0,"st_km":0.68,"mesh":"53394522"},"geometry":{"type":"LineString","coordinates":[[139.66091,35.69016],[139.65895,35.68961],[139.65708,35.68948],[139.65663,35.68924]]}},{"type":"Feature","properties":{"idx":1449,"road":"新橋通り","cls":"tertiary","shops":12,"st_km":0.39,"mesh":"53394533"},"geometry":{"type":"LineString","coordinates":[[139.67385,35.69766],[139.67385,35.69758]]}},{"type":"Feature","properties":{"idx":548,"road":"環七通り","cls":"primary","shops":1,"st_km":0.43,"mesh":"53394583"},"geometry":{"type":"LineString","coordinates":[[139.66395,35.73602],[139.66143,35.73378]]}},{"type":"Feature","properties":{"idx":413,"road":"環七通り","cls":"primary","shops":0,"st_km":0.3,"mesh":"53394583"},"geometry":{"type":"LineString","coordinates":[[139.66387,35.73605],[139.66512,35.73718]]}},{"type":"Feature","properties":{"idx":455,"road":"環七通り","cls":"primary","shops":1,"st_km":0.71,"mesh":"53394572"},"geometry":{"type":"LineString","coordinates":[[139.66083,35.73324],[139.65933,35.73194]]}},{"type":"Feature","properties":{"idx":231,"road":"環七通り","cls":"primary","shops":2,"st_km":0.59,"mesh":"53394582"},"geometry":{"type":"LineString","coordinates":[[139.66077,35.73333],[139.66137,35.73383]]}},{"type":"Feature","properties":{"idx":386,"road":"","cls":"primary_link","shops":1,"st_km":0.42,"mesh":"53394583"},"geometry":{"type":"LineString","coordinates":[[139.66077,35.73333],[139.66103,35.73362],[139.66337,35.7357],[139.66421,35.73643],[139.66442,35.73656]]}},{"type":"Feature","properties":{"idx":410,"road":"環七通り","cls":"primary","shops":0,"st_km":0.31,"mesh":"53394583"},"geometry":{"type":"LineString","coordinates":[[139.66519,35.73713],[139.66395,35.73602]]}},{"type":"Feature","properties":{"idx":380,"road":"","cls":"primary_link","shops":1,"st_km":0.44,"mesh":"53394583"},"geometry":{"type":"LineString","coordinates":[[139.66449,35.73651],[139.66418,35.73613],[139.66271,35.73481],[139.66125,35.73354],[139.66083,35.73324]]}},{"type":"Feature","properties":{"idx":384,"road":"","cls":"primary_link","shops":1,"st_km":0.42,"mesh":"53394583"},"geometry":{"type":"LineString","coordinates":[[139.66301,35.73508],[139.66299,35.73494],[139.66308,35.73483]]}},{"type":"Feature","properties":{"idx":412,"road":"環七通り","cls":"primary","shops":0,"st_km":0.31,"mesh":"53394583"},"geometry":{"type":"LineString","coordinates":[[139.66512,35.73718],[139.66548,35.73748]]}},{"type":"Feature","properties":{"idx":769,"road":"環七通り","cls":"primary","shops":1,"st_km":0.32,"mesh":"53394593"},"geometry":{"type":"LineString","coordinates":[[139.66795,35.74037],[139.66826,35.74079],[139.66852,35.74105],[139.67472,35.74553]]}},{"type":"Feature","properties":{"idx":611,"road":"環七通り","cls":"primary","shops":1,"st_km":0.29,"mesh":"53394583"},"geometry":{"type":"LineString","coordinates":[[139.66802,35.74035],[139.66663,35.73845],[139.66553,35.73743]]}},{"type":"Feature","properties":{"idx":278,"road":"","cls":"primary_link","shops":0,"st_km":0.34,"mesh":"53394583"},"geometry":{"type":"LineString","coordinates":[[139.66666,35.73837],[139.66555,35.73737],[139.66519,35.73713]]}},{"type":"Feature","properties":{"idx":763,"road":"豊中通り","cls":"tertiary","shops":4,"st_km":0.78,"mesh":"53394572"},"geometry":{"type":"LineString","coordinates":[[139.65926,35.73199],[139.65902,35.73216]]}},{"type":"Feature","properties":{"idx":1040,"road":"","cls":"primary_link","shops":9,"st_km":0.05,"mesh":"53394537"},"geometry":{"type":"LineString","coordinates":[[139.72193,35.69248],[139.72221,35.69254]]}},{"type":"Feature","properties":{"idx":169,"road":"","cls":"primary_link","shops":1,"st_km":0.36,"mesh":"53394536"},"geometry":{"type":"LineString","coordinates":[[139.71016,35.69775],[139.71028,35.6978],[139.71169,35.6978]]}},{"type":"Feature","properties":{"idx":449,"road":"抜弁天通り","cls":"primary","shops":3,"st_km":0.25,"mesh":"53394536"},"geometry":{"type":"LineString","coordinates":[[139.70757,35.69798],[139.7091,35.69778],[139.71041,35.69774]]}},{"type":"Feature","properties":{"idx":217,"road":"","cls":"primary_link","shops":1,"st_km":0.23,"mesh":"53394535"},"geometry":{"type":"LineString","coordinates":[[139.69797,35.69808],[139.69804,35.69814],[139.69824,35.69815],[139.70031,35.69818],[139.70038,35.69812]]}},{"type":"Feature","properties":{"idx":221,"road":"","cls":"primary_link","shops":1,"st_km":0.21,"mesh":"53394535"},"geometry":{"type":"LineString","coordinates":[[139.70039,35.69803],[139.70027,35.69798],[139.69839,35.69795],[139.69798,35.69799]]}},{"type":"Feature","properties":{"idx":128,"road":"西池袋通り","cls":"secondary","shops":0,"st_km":0.58,"mesh":"53394576"},"geometry":{"type":"LineString","coordinates":[[139.70621,35.72848],[139.70423,35.72914],[139.70357,35.72921],[139.70299,35.72914],[139.69963,35.7283],[139.69793,35.72813]]}},{"type":"Feature","properties":{"idx":232,"road":"抜弁天通り","cls":"primary","shops":1,"st_km":0.4,"mesh":"53394536"},"geometry":{"type":"LineString","coordinates":[[139.71041,35.69774],[139.71237,35.69777]]}},{"type":"Feature","properties":{"idx":380,"road":"抜弁天通り","cls":"primary","shops":3,"st_km":0.41,"mesh":"53394536"},"geometry":{"type":"LineString","coordinates":[[139.71165,35.69765],[139.7115,35.69765]]}},{"type":"Feature","properties":{"idx":440,"road":"抜弁天通り","cls":"primary","shops":3,"st_km":0.5,"mesh":"53394537"},"geometry":{"type":"LineString","coordinates":[[139.71237,35.69777],[139.71299,35.6978],[139.71313,35.69775]]}},{"type":"Feature","properties":{"idx":434,"road":"抜弁天通り","cls":"primary","shops":3,"st_km":0.28,"mesh":"53394536"},"geometry":{"type":"LineString","coordinates":[[139.7115,35.69765],[139.70911,35.69768],[139.70756,35.69789]]}},{"type":"Feature","properties":{"idx":786,"road":"","cls":"pedestrian","shops":1,"st_km":0.18,"mesh":"53394515"},"geometry":{"type":"LineString","coordinates":[[139.69001,35.68038],[139.6898,35.68056]]}},{"type":"Feature","properties":{"idx":2069,"road":"","cls":"pedestrian","shops":5,"st_km":0.07,"mesh":"53394515"},"geometry":{"type":"LineString","coordinates":[[139.68724,35.68158],[139.68797,35.68082]]}},{"type":"Feature","properties":{"idx":902,"road":"新宿通り","cls":"secondary","shops":8,"st_km":0.13,"mesh":"53394536"},"geometry":{"type":"LineString","coordinates":[[139.7004,35.69319],[139.70058,35.69268],[139.70083,35.69246]]}},{"type":"Feature","properties":{"idx":1430,"road":"新宿通り","cls":"secondary","shops":14,"st_km":0.14,"mesh":"53394536"},"geometry":{"type":"LineString","coordinates":[[139.70083,35.69246],[139.7006,35.69254],[139.7004,35.69288]]}},{"type":"Feature","properties":{"idx":1745,"road":"","cls":"pedestrian","shops":3,"st_km":0.37,"mesh":"53394545"},"geometry":{"type":"LineString","coordinates":[[139.69555,35.70311],[139.69487,35.7037]]}},{"type":"Feature","properties":{"idx":1997,"road":"目白通り","cls":"primary","shops":14,"st_km":0.14,"mesh":"53394566"},"geometry":{"type":"LineString","coordinates":[[139.70662,35.7217],[139.7069,35.72157]]}},{"type":"Feature","properties":{"idx":197,"road":"目白通り","cls":"primary","shops":0,"st_km":0.37,"mesh":"53394566"},"geometry":{"type":"LineString","coordinates":[[139.70816,35.72092],[139.70861,35.7207],[139.7108,35.72006],[139.71258,35.71934]]}},{"type":"Feature","properties":{"idx":1285,"road":"","cls":"pedestrian","shops":18,"st_km":0.14,"mesh":"53394562"},"geometry":{"type":"LineString","coordinates":[[139.65287,35.71845],[139.65254,35.71855]]}},{"type":"Feature","properties":{"idx":357,"road":"玉川上水・内藤新宿分水散歩道","cls":"pedestrian","shops":1,"st_km":0.08,"mesh":"53394526"},"geometry":{"type":"LineString","coordinates":[[139.70808,35.68853],[139.70869,35.68828],[139.70896,35.68824],[139.70957,35.688],[139.70989,35.68798],[139.71112,35.68778],[139.71259,35.68736],[139.71332,35.68728],[139.71371,35.68735]]}},{"type":"Feature","properties":{"idx":473,"road":"","cls":"pedestrian","shops":2,"st_km":0.9,"mesh":"53394573"},"geometry":{"type":"LineString","coordinates":[[139.66239,35.72728],[139.66305,35.72783]]}},{"type":"Feature","properties":{"idx":1277,"road":"明治通り","cls":"primary","shops":3,"st_km":0.66,"mesh":"53394587"},"geometry":{"type":"LineString","coordinates":[[139.71765,35.73436],[139.71786,35.73455]]}},{"type":"Feature","properties":{"idx":1272,"road":"明治通り","cls":"primary","shops":3,"st_km":0.67,"mesh":"53394587"},"geometry":{"type":"LineString","coordinates":[[139.71796,35.73453],[139.71775,35.73434]]}},{"type":"Feature","properties":{"idx":844,"road":"明治通り","cls":"primary","shops":1,"st_km":0.56,"mesh":"53394587"},"geometry":{"type":"LineString","coordinates":[[139.71794,35.73462],[139.72459,35.74069],[139.72616,35.74206]]}},{"type":"Feature","properties":{"idx":1717,"road":"明治通り","cls":"primary","shops":14,"st_km":0.15,"mesh":"53394577"},"geometry":{"type":"LineString","coordinates":[[139.71273,35.72997],[139.71267,35.72983]]}},{"type":"Feature","properties":{"idx":518,"road":"音羽池袋線","cls":"secondary","shops":6,"st_km":0.54,"mesh":"53394577"},"geometry":{"type":"LineString","coordinates":[[139.71687,35.73151],[139.71689,35.731]]}},{"type":"Feature","properties":{"idx":1068,"road":"","cls":"tertiary","shops":8,"st_km":0.13,"mesh":"53394576"},"geometry":{"type":"LineString","coordinates":[[139.71238,35.73],[139.7126,35.73002]]}},{"type":"Feature","properties":{"idx":817,"road":"旧池袋谷原線","cls":"tertiary","shops":1,"st_km":0.59,"mesh":"53394587"},"geometry":{"type":"LineString","coordinates":[[139.71482,35.73408],[139.71536,35.73424],[139.71609,35.7343]]}},{"type":"Feature","properties":{"idx":357,"road":"","cls":"secondary_link","shops":7,"st_km":0.62,"mesh":"53394577"},"geometry":{"type":"LineString","coordinates":[[139.71708,35.73318],[139.71688,35.7331]]}},{"type":"Feature","properties":{"idx":483,"road":"音羽池袋線","cls":"secondary","shops":6,"st_km":0.61,"mesh":"53394577"},"geometry":{"type":"LineString","coordinates":[[139.71656,35.73386],[139.71677,35.73336],[139.71685,35.73235]]}},{"type":"Feature","properties":{"idx":579,"road":"音羽池袋線","cls":"secondary","shops":7,"st_km":0.54,"mesh":"53394577"},"geometry":{"type":"LineString","coordinates":[[139.71674,35.7315],[139.71672,35.73235]]}},{"type":"Feature","properties":{"idx":334,"road":"","cls":"primary_link","shops":5,"st_km":0.59,"mesh":"53394577"},"geometry":{"type":"LineString","coordinates":[[139.71662,35.7331],[139.71654,35.73319],[139.71638,35.73321]]}},{"type":"Feature","properties":{"idx":441,"road":"","cls":"tertiary","shops":0,"st_km":0.38,"mesh":"53394588"},"geometry":{"type":"LineString","coordinates":[[139.7256,35.73966],[139.72516,35.73988]]}},{"type":"Feature","properties":{"idx":1130,"road":"","cls":"primary_link","shops":3,"st_km":0.65,"mesh":"53394587"},"geometry":{"type":"LineString","coordinates":[[139.7162,35.7343],[139.71638,35.73423],[139.71676,35.7338],[139.71692,35.73379],[139.71711,35.73388]]}},{"type":"Feature","properties":{"idx":125,"road":"明治通り","cls":"primary","shops":0,"st_km":0.13,"mesh":"53394556"},"geometry":{"type":"LineString","coordinates":[[139.71146,35.71465],[139.71162,35.71496]]}},{"type":"Feature","properties":{"idx":129,"road":"明治通り","cls":"primary","shops":0,"st_km":0.1,"mesh":"53394556"},"geometry":{"type":"LineString","coordinates":[[139.71162,35.71496],[139.71317,35.71827]]}},{"type":"Feature","properties":{"idx":856,"road":"目白通り","cls":"primary","shops":5,"st_km":0.18,"mesh":"53394567"},"geometry":{"type":"LineString","coordinates":[[139.71361,35.71889],[139.71372,35.71885]]}},{"type":"Feature","properties":{"idx":1010,"road":"目白通り","cls":"primary","shops":7,"st_km":0.26,"mesh":"53394567"},"geometry":{"type":"LineString","coordinates":[[139.7144,35.71852],[139.71685,35.71742]]}},{"type":"Feature","properties":{"idx":489,"road":"","cls":"pedestrian","shops":0,"st_km":0.9,"mesh":"53394586"},"geometry":{"type":"LineString","coordinates":[[139.70714,35.74075],[139.70567,35.73927]]}},{"type":"Feature","properties":{"idx":471,"road":"不忍通り","cls":"secondary","shops":0,"st_km":0.24,"mesh":"53394568"},"geometry":{"type":"LineString","coordinates":[[139.72825,35.7205],[139.73014,35.72111]]}},{"type":"Feature","properties":{"idx":804,"road":"不忍通り","cls":"secondary","shops":1,"st_km":0.12,"mesh":"53394568"},"geometry":{"type":"LineString","coordinates":[[139.72702,35.72007],[139.72689,35.71994],[139.72652,35.71977],[139.72556,35.71955]]}},{"type":"Feature","properties":{"idx":375,"road":"","cls":"pedestrian","shops":1,"st_km":0.18,"mesh":"53394567"},"geometry":{"type":"LineString","coordinates":[[139.72143,35.72415],[139.72152,35.7239]]}},{"type":"Feature","properties":{"idx":410,"road":"","cls":"pedestrian","shops":2,"st_km":0.11,"mesh":"53394577"},"geometry":{"type":"LineString","coordinates":[[139.7194,35.72492],[139.71943,35.72503],[139.71952,35.72507]]}},{"type":"Feature","properties":{"idx":147,"road":"","cls":"secondary_link","shops":1,"st_km":0.24,"mesh":"53394577"},"geometry":{"type":"LineString","coordinates":[[139.71715,35.72783],[139.71696,35.72746],[139.71673,35.7274]]}},{"type":"Feature","properties":{"idx":253,"road":"補助第172号線","cls":"tertiary","shops":1,"st_km":0.35,"mesh":"53394576"},"geometry":{"type":"LineString","coordinates":[[139.70903,35.7275],[139.71017,35.72714]]}},{"type":"Feature","properties":{"idx":1857,"road":"","cls":"secondary_link","shops":8,"st_km":0.08,"mesh":"53394568"},"geometry":{"type":"LineString","coordinates":[[139.72723,35.71952],[139.72701,35.71976],[139.72682,35.7198],[139.72652,35.71977]]}},{"type":"Feature","properties":{"idx":319,"road":"音羽池袋線","cls":"secondary","shops":2,"st_km":0.43,"mesh":"53394567"},"geometry":{"type":"LineString","coordinates":[[139.72401,35.7203],[139.72313,35.72189],[139.72273,35.72317],[139.72219,35.72392]]}},{"type":"Feature","properties":{"idx":205,"road":"音羽池袋線","cls":"secondary","shops":0,"st_km":0.28,"mesh":"53394567"},"geometry":{"type":"LineString","coordinates":[[139.7242,35.72037],[139.72435,35.72007],[139.7247,35.71976],[139.72484,35.71958]]}},{"type":"Feature","properties":{"idx":2370,"road":"","cls":"pedestrian","shops":5,"st_km":0.2,"mesh":"53394598"},"geometry":{"type":"LineString","coordinates":[[139.73373,35.7482],[139.7335,35.74841]]}},{"type":"Feature","properties":{"idx":384,"road":"","cls":"pedestrian","shops":2,"st_km":0.3,"mesh":"53394525"},"geometry":{"type":"LineString","coordinates":[[139.69922,35.6864],[139.69908,35.68638],[139.6986,35.68612]]}},{"type":"Feature","properties":{"idx":339,"road":"公園通り","cls":"secondary","shops":2,"st_km":0.29,"mesh":"53394535"},"geometry":{"type":"LineString","coordinates":[[139.69055,35.6951],[139.69007,35.69415],[139.69001,35.69364],[139.69082,35.69025]]}},{"type":"Feature","properties":{"idx":682,"road":"中央通り","cls":"secondary","shops":4,"st_km":0.06,"mesh":"53394525"},"geometry":{"type":"LineString","coordinates":[[139.69063,35.6903],[139.69327,35.69071]]}},{"type":"Feature","properties":{"idx":198,"road":"公園通り","cls":"secondary","shops":0,"st_km":0.19,"mesh":"53394525"},"geometry":{"type":"LineString","coordinates":[[139.69092,35.68911],[139.69063,35.6903]]}},{"type":"Feature","properties":{"idx":472,"road":"公園通り","cls":"secondary","shops":3,"st_km":0.24,"mesh":"53394525"},"geometry":{"type":"LineString","coordinates":[[139.6904,35.69123],[139.69022,35.69199]]}},{"type":"Feature","properties":{"idx":349,"road":"公園通り","cls":"secondary","shops":2,"st_km":0.26,"mesh":"53394535"},"geometry":{"type":"LineString","coordinates":[[139.69019,35.69211],[139.68986,35.69348],[139.68985,35.69385],[139.68993,35.69423],[139.6904,35.69515]]}},{"type":"Feature","properties":{"idx":171,"road":"上新田橋","cls":"tertiary","shops":1,"st_km":1.0,"mesh":"53394590"},"geometry":{"type":"LineString","coordinates":[[139.62563,35.74593],[139.62565,35.74607]]}},{"type":"Feature","properties":{"idx":574,"road":"中野四季の森通り","cls":"tertiary","shops":6,"st_km":0.31,"mesh":"53394553"},"geometry":{"type":"LineString","coordinates":[[139.66338,35.70832],[139.66511,35.70838]]}},{"type":"Feature","properties":{"idx":368,"road":"","cls":"tertiary","shops":0,"st_km":0.78,"mesh":"53394552"},"geometry":{"type":"LineString","coordinates":[[139.65801,35.70981],[139.65811,35.70837]]}},{"type":"Feature","properties":{"idx":1463,"road":"中野四季の森通り","cls":"tertiary","shops":15,"st_km":0.44,"mesh":"53394542"},"geometry":{"type":"LineString","coordinates":[[139.66045,35.70826],[139.66338,35.70832]]}},{"type":"Feature","properties":{"idx":1291,"road":"","cls":"tertiary","shops":4,"st_km":0.61,"mesh":"53394552"},"geometry":{"type":"LineString","coordinates":[[139.66024,35.70826],[139.6602,35.70986]]}},{"type":"Feature","properties":{"idx":570,"road":"都庁通り","cls":"secondary","shops":3,"st_km":0.06,"mesh":"53394525"},"geometry":{"type":"LineString","coordinates":[[139.69225,35.69019],[139.69227,35.69011]]}},{"type":"Feature","properties":{"idx":216,"road":"都庁通り","cls":"secondary","shops":0,"st_km":0.11,"mesh":"53394525"},"geometry":{"type":"LineString","coordinates":[[139.69227,35.69011],[139.69252,35.6891]]}},{"type":"Feature","properties":{"idx":446,"road":"都庁通り","cls":"secondary","shops":3,"st_km":0.29,"mesh":"53394525"},"geometry":{"type":"LineString","coordinates":[[139.69262,35.68868],[139.69298,35.68722]]}},{"type":"Feature","properties":{"idx":575,"road":"都庁通り","cls":"secondary","shops":3,"st_km":0.05,"mesh":"53394525"},"geometry":{"type":"LineString","coordinates":[[139.69222,35.69033],[139.69225,35.69019]]}},{"type":"Feature","properties":{"idx":705,"road":"都庁通り","cls":"secondary","shops":5,"st_km":0.18,"mesh":"53394525"},"geometry":{"type":"LineString","coordinates":[[139.69254,35.68903],[139.69255,35.68897]]}},{"type":"Feature","properties":{"idx":710,"road":"都庁通り","cls":"secondary","shops":5,"st_km":0.17,"mesh":"53394525"},"geometry":{"type":"LineString","coordinates":[[139.69252,35.6891],[139.69254,35.68903]]}},{"type":"Feature","properties":{"idx":366,"road":"都庁通り","cls":"secondary","shops":2,"st_km":0.19,"mesh":"53394535"},"geometry":{"type":"LineString","coordinates":[[139.69176,35.69224],[139.69178,35.69215]]}},{"type":"Feature","properties":{"idx":813,"road":"都庁通り","cls":"secondary","shops":5,"st_km":0.04,"mesh":"53394525"},"geometry":{"type":"LineString","coordinates":[[139.69213,35.69069],[139.69222,35.69033]]}},{"type":"Feature","properties":{"idx":789,"road":"都庁通り","cls":"secondary","shops":6,"st_km":0.2,"mesh":"53394525"},"geometry":{"type":"LineString","coordinates":[[139.69255,35.68897],[139.69262,35.68868]]}},{"type":"Feature","properties":{"idx":292,"road":"議事堂通り","cls":"secondary","shops":1,"st_km":0.13,"mesh":"53394535"},"geometry":{"type":"LineString","coordinates":[[139.69309,35.69245],[139.69347,35.6909]]}},{"type":"Feature","properties":{"idx":282,"road":"もみじ山通り","cls":"tertiary","shops":4,"st_km":0.65,"mesh":"53394543"},"geometry":{"type":"LineString","coordinates":[[139.67274,35.70611],[139.67278,35.7057]]}},{"type":"Feature","properties":{"idx":98,"road":"もみじ山通り","cls":"tertiary","shops":0,"st_km":0.61,"mesh":"53394543"},"geometry":{"type":"LineString","coordinates":[[139.67271,35.70464],[139.67183,35.7037],[139.6718,35.70336],[139.67193,35.7025]]}},{"type":"Feature","properties":{"idx":538,"road":"","cls":"pedestrian","shops":3,"st_km":0.86,"mesh":"53394544"},"geometry":{"type":"LineString","coordinates":[[139.67554,35.70679],[139.67572,35.70713]]}},{"type":"Feature","properties":{"idx":181,"road":"外苑東通り","cls":"primary","shops":0,"st_km":0.44,"mesh":"53394548"},"geometry":{"type":"LineString","coordinates":[[139.72698,35.70475],[139.72695,35.70486],[139.72704,35.70605],[139.72688,35.70749]]}},{"type":"Feature","properties":{"idx":142,"road":"","cls":"tertiary","shops":1,"st_km":0.41,"mesh":"53394557"},"geometry":{"type":"LineString","coordinates":[[139.72324,35.71066],[139.72326,35.71054]]}},{"type":"Feature","properties":{"idx":179,"road":"外苑東通り","cls":"primary","shops":0,"st_km":0.45,"mesh":"53394548"},"geometry":{"type":"LineString","coordinates":[[139.72702,35.70739],[139.72716,35.70605],[139.72708,35.70485],[139.72698,35.70475]]}},{"type":"Feature","properties":{"idx":596,"road":"千代田練馬田無線","cls":"primary","shops":1,"st_km":0.74,"mesh":"53394559"},"geometry":{"type":"LineString","coordinates":[[139.74244,35.70832],[139.74264,35.70836],[139.7431,35.7083]]}},{"type":"Feature","properties":{"idx":280,"road":"","cls":"tertiary","shops":1,"st_km":0.53,"mesh":"53394516"},"geometry":{"type":"LineString","coordinates":[[139.7119,35.67549],[139.71269,35.67563]]}},{"type":"Feature","properties":{"idx":179,"road":"","cls":"tertiary","shops":0,"st_km":0.58,"mesh":"53394516"},"geometry":{"type":"LineString","coordinates":[[139.71124,35.67537],[139.7119,35.67549]]}},{"type":"Feature","properties":{"idx":333,"road":"内堀通り","cls":"secondary","shops":0,"st_km":0.28,"mesh":"53394529"},"geometry":{"type":"LineString","coordinates":[[139.74412,35.68417],[139.74514,35.68814]]}},{"type":"Feature","properties":{"idx":1089,"road":"正久保橋","cls":"tertiary","shops":2,"st_km":0.11,"mesh":"53394593"},"geometry":{"type":"LineString","coordinates":[[139.66647,35.74896],[139.66646,35.74909]]}},{"type":"Feature","properties":{"idx":820,"road":"新大橋","cls":"secondary","shops":4,"st_km":0.89,"mesh":"53394592"},"geometry":{"type":"LineString","coordinates":[[139.65573,35.74856],[139.6557,35.74872]]}},{"type":"Feature","properties":{"idx":6648,"road":"","cls":"pedestrian","shops":12,"st_km":0.29,"mesh":"53394513"},"geometry":{"type":"LineString","coordinates":[[139.67446,35.67669],[139.6746,35.67641]]}},{"type":"Feature","properties":{"idx":2666,"road":"","cls":"pedestrian","shops":10,"st_km":0.12,"mesh":"53394503"},"geometry":{"type":"LineString","coordinates":[[139.66779,35.67472],[139.66788,35.67442]]}},{"type":"Feature","properties":{"idx":706,"road":"","cls":"pedestrian","shops":2,"st_km":0.34,"mesh":"53394503"},"geometry":{"type":"LineString","coordinates":[[139.66338,35.67346],[139.66352,35.67316]]}},{"type":"Feature","properties":{"idx":328,"road":"","cls":"pedestrian","shops":2,"st_km":0.51,"mesh":"53394511"},"geometry":{"type":"LineString","coordinates":[[139.64003,35.68125],[139.64003,35.68125]]}},{"type":"Feature","properties":{"idx":365,"road":"牛込小石川線","cls":"secondary","shops":7,"st_km":0.47,"mesh":"53394549"},"geometry":{"type":"LineString","coordinates":[[139.74651,35.70662],[139.74518,35.70585]]}},{"type":"Feature","properties":{"idx":1083,"road":"青梅街道","cls":"primary","shops":12,"st_km":0.3,"mesh":"53394532"},"geometry":{"type":"LineString","coordinates":[[139.65139,35.69802],[139.65221,35.69802]]}},{"type":"Feature","properties":{"idx":305,"road":"荒玉水道道路","cls":"secondary","shops":3,"st_km":0.43,"mesh":"53394532"},"geometry":{"type":"LineString","coordinates":[[139.65395,35.69796],[139.65389,35.69791],[139.65389,35.69756],[139.65383,35.6974],[139.65296,35.69667]]}},{"type":"Feature","properties":{"idx":792,"road":"青梅街道","cls":"primary","shops":7,"st_km":0.17,"mesh":"53394532"},"geometry":{"type":"LineString","coordinates":[[139.65139,35.69793],[139.64947,35.69786]]}},{"type":"Feature","properties":{"idx":1625,"road":"青梅街道","cls":"primary","shops":22,"st_km":0.0,"mesh":"53394531"},"geometry":{"type":"LineString","coordinates":[[139.64764,35.69785],[139.64946,35.69794]]}},{"type":"Feature","properties":{"idx":410,"road":"青梅街道","cls":"primary","shops":8,"st_km":0.5,"mesh":"53394531"},"geometry":{"type":"LineString","coordinates":[[139.64725,35.69777],[139.6422,35.69772],[139.64039,35.69785],[139.63985,35.69795],[139.63889,35.69823]]}},{"type":"Feature","properties":{"idx":416,"road":"青梅街道","cls":"primary","shops":5,"st_km":0.56,"mesh":"53394540"},"geometry":{"type":"LineString","coordinates":[[139.62495,35.70443],[139.6275,35.70332],[139.62954,35.70211],[139.63081,35.70146],[139.63553,35.6995]]}},{"type":"Feature","properties":{"idx":182,"road":"瀬田貫井線","cls":"secondary","shops":5,"st_km":0.88,"mesh":"53394531"},"geometry":{"type":"LineString","coordinates":[[139.64074,35.69326],[139.64147,35.69217]]}},{"type":"Feature","properties":{"idx":1178,"road":"瀬田貫井線","cls":"secondary","shops":4,"st_km":1.01,"mesh":"53394521"},"geometry":{"type":"LineString","coordinates":[[139.64147,35.69217],[139.64143,35.69173],[139.64154,35.68936]]}},{"type":"Feature","properties":{"idx":430,"road":"瀬田貫井線","cls":"secondary","shops":0,"st_km":0.89,"mesh":"53394521"},"geometry":{"type":"LineString","coordinates":[[139.64253,35.68525],[139.64256,35.685],[139.6425,35.68333]]}},{"type":"Feature","properties":{"idx":2760,"road":"中杉通り","cls":"secondary","shops":28,"st_km":0.07,"mesh":"53394540"},"geometry":{"type":"LineString","coordinates":[[139.63667,35.70468],[139.63663,35.70518]]}},{"type":"Feature","properties":{"idx":231,"road":"外苑東通り","cls":"primary","shops":0,"st_km":0.2,"mesh":"53394537"},"geometry":{"type":"LineString","coordinates":[[139.72402,35.69292],[139.72423,35.69339],[139.72446,35.6941]]}},{"type":"Feature","properties":{"idx":641,"road":"外苑東通り","cls":"primary","shops":3,"st_km":0.1,"mesh":"53394537"},"geometry":{"type":"LineString","coordinates":[[139.72343,35.69184],[139.72393,35.69274]]}},{"type":"Feature","properties":{"idx":952,"road":"御苑通り","cls":"primary","shops":8,"st_km":0.27,"mesh":"53394526"},"geometry":{"type":"LineString","coordinates":[[139.70637,35.68947],[139.70658,35.68978],[139.70669,35.69003]]}},{"type":"Feature","properties":{"idx":2212,"road":"","cls":"pedestrian","shops":18,"st_km":0.21,"mesh":"53394526"},"geometry":{"type":"LineString","coordinates":[[139.70633,35.69152],[139.70642,35.6917],[139.70679,35.69157]]}},{"type":"Feature","properties":{"idx":508,"road":"外苑東通り","cls":"primary","shops":2,"st_km":0.11,"mesh":"53394537"},"geometry":{"type":"LineString","coordinates":[[139.72402,35.69272],[139.72351,35.69182]]}},{"type":"Feature","properties":{"idx":93,"road":"","cls":"tertiary","shops":0,"st_km":0.36,"mesh":"53394517"},"geometry":{"type":"LineString","coordinates":[[139.71636,35.67668],[139.71593,35.67678],[139.7159,35.67685],[139.71596,35.677]]}},{"type":"Feature","properties":{"idx":87,"road":"","cls":"tertiary","shops":0,"st_km":0.43,"mesh":"53394517"},"geometry":{"type":"LineString","coordinates":[[139.7154,35.67652],[139.71521,35.67552]]}},{"type":"Feature","properties":{"idx":608,"road":"","cls":"tertiary","shops":8,"st_km":0.17,"mesh":"53394517"},"geometry":{"type":"LineString","coordinates":[[139.71936,35.68044],[139.71929,35.68043]]}},{"type":"Feature","properties":{"idx":406,"road":"四谷角筈線","cls":"secondary","shops":4,"st_km":0.18,"mesh":"53394517"},"geometry":{"type":"LineString","coordinates":[[139.7191,35.68011],[139.71919,35.68038]]}},{"type":"Feature","properties":{"idx":341,"road":"四谷角筈線","cls":"secondary","shops":3,"st_km":0.1,"mesh":"53394517"},"geometry":{"type":"LineString","coordinates":[[139.71515,35.67976],[139.71612,35.67953],[139.71674,35.67958]]}},{"type":"Feature","properties":{"idx":662,"road":"","cls":"secondary_link","shops":4,"st_km":0.08,"mesh":"53394509"},"geometry":{"type":"LineString","coordinates":[[139.74251,35.67074],[139.74247,35.67111]]}},{"type":"Feature","properties":{"idx":268,"road":"","cls":"secondary_link","shops":1,"st_km":0.34,"mesh":"53394518"},"geometry":{"type":"LineString","coordinates":[[139.73419,35.67842],[139.73422,35.67853]]}},{"type":"Feature","properties":{"idx":1087,"road":"","cls":"pedestrian","shops":3,"st_km":0.18,"mesh":"53394507"},"geometry":{"type":"LineString","coordinates":[[139.72226,35.67223],[139.7221,35.67255]]}},{"type":"Feature","properties":{"idx":518,"road":"","cls":"secondary_link","shops":3,"st_km":0.14,"mesh":"53394509"},"geometry":{"type":"LineString","coordinates":[[139.74336,35.67125],[139.74349,35.67087]]}},{"type":"Feature","properties":{"idx":1067,"road":"","cls":"pedestrian","shops":3,"st_km":0.2,"mesh":"53394507"},"geometry":{"type":"LineString","coordinates":[[139.72131,35.67228],[139.72259,35.67271]]}},{"type":"Feature","properties":{"idx":991,"road":"","cls":"secondary_link","shops":8,"st_km":0.18,"mesh":"53394509"},"geometry":{"type":"LineString","coordinates":[[139.74137,35.66998],[139.74149,35.6699],[139.74163,35.66991]]}},{"type":"Feature","properties":{"idx":116,"road":"四谷角筈線","cls":"secondary","shops":0,"st_km":0.33,"mesh":"53394517"},"geometry":{"type":"LineString","coordinates":[[139.7203,35.67714],[139.72045,35.67703],[139.72045,35.67686]]}},{"type":"Feature","properties":{"idx":506,"road":"東通り","cls":"secondary","shops":4,"st_km":0.35,"mesh":"53394525"},"geometry":{"type":"LineString","coordinates":[[139.69568,35.68753],[139.69514,35.68928]]}},{"type":"Feature","properties":{"idx":452,"road":"","cls":"primary_link","shops":4,"st_km":0.15,"mesh":"53394535"},"geometry":{"type":"LineString","coordinates":[[139.6979,35.69346],[139.69748,35.69317],[139.69746,35.69303],[139.69755,35.69287]]}},{"type":"Feature","properties":{"idx":351,"road":"","cls":"tertiary","shops":3,"st_km":0.3,"mesh":"53394525"},"geometry":{"type":"LineString","coordinates":[[139.69649,35.68755],[139.69689,35.6869],[139.69865,35.68609],[139.69882,35.68595],[139.69929,35.68541],[139.70005,35.68475]]}},{"type":"Feature","properties":{"idx":311,"road":"四谷角筈線(新都心歩道橋下交差点)","cls":"secondary_link","shops":3,"st_km":0.19,"mesh":"53394535"},"geometry":{"type":"LineString","coordinates":[[139.69706,35.6932],[139.69717,35.69316]]}},{"type":"Feature","properties":{"idx":1386,"road":"四谷角筈線","cls":"secondary","shops":12,"st_km":0.13,"mesh":"53394535"},"geometry":{"type":"LineString","coordinates":[[139.69794,35.69254],[139.69827,35.69226]]}},{"type":"Feature","properties":{"idx":157,"road":"環八通り","cls":"primary","shops":0,"st_km":0.87,"mesh":"53394590"},"geometry":{"type":"LineString","coordinates":[[139.62587,35.74291],[139.62674,35.74346]]}},{"type":"Feature","properties":{"idx":256,"road":"","cls":"primary_link","shops":3,"st_km":0.35,"mesh":"53394532"},"geometry":{"type":"LineString","coordinates":[[139.65482,35.70062],[139.65486,35.70053],[139.65481,35.69805]]}},{"type":"Feature","properties":{"idx":770,"road":"目白通り","cls":"primary","shops":10,"st_km":0.18,"mesh":"53394549"},"geometry":{"type":"LineString","coordinates":[[139.74494,35.7025],[139.74511,35.70237]]}},{"type":"Feature","properties":{"idx":631,"road":"目白通り","cls":"primary","shops":8,"st_km":0.19,"mesh":"53394549"},"geometry":{"type":"LineString","coordinates":[[139.74486,35.70245],[139.7448,35.70249]]}},{"type":"Feature","properties":{"idx":153,"road":"環八通り","cls":"primary","shops":0,"st_km":0.91,"mesh":"53394590"},"geometry":{"type":"LineString","coordinates":[[139.62674,35.74346],[139.6278,35.74413]]}},{"type":"Feature","properties":{"idx":159,"road":"環八通り","cls":"primary","shops":0,"st_km":0.86,"mesh":"53394590"},"geometry":{"type":"LineString","coordinates":[[139.62679,35.7434],[139.62587,35.74281]]}},{"type":"Feature","properties":{"idx":745,"road":"新青梅街道","cls":"secondary","shops":6,"st_km":0.52,"mesh":"53394563"},"geometry":{"type":"LineString","coordinates":[[139.6627,35.72384],[139.66621,35.72391]]}},{"type":"Feature","properties":{"idx":430,"road":"新青梅街道","cls":"secondary","shops":3,"st_km":0.61,"mesh":"53394563"},"geometry":{"type":"LineString","coordinates":[[139.66621,35.72391],[139.66993,35.72401]]}},{"type":"Feature","properties":{"idx":291,"road":"新青梅街道","cls":"secondary","shops":2,"st_km":0.8,"mesh":"53394563"},"geometry":{"type":"LineString","coordinates":[[139.67066,35.724],[139.67226,35.72376]]}},{"type":"Feature","properties":{"idx":277,"road":"","cls":"tertiary","shops":1,"st_km":0.79,"mesh":"53394573"},"geometry":{"type":"LineString","coordinates":[[139.66949,35.72504],[139.67012,35.72502]]}},{"type":"Feature","properties":{"idx":314,"road":"","cls":"tertiary","shops":2,"st_km":0.58,"mesh":"53394563"},"geometry":{"type":"LineString","coordinates":[[139.66752,35.72395],[139.66753,35.72388]]}},{"type":"Feature","properties":{"idx":1749,"road":"","cls":"tertiary","shops":5,"st_km":0.71,"mesh":"53394574"},"geometry":{"type":"LineString","coordinates":[[139.67055,35.72501],[139.67304,35.72495],[139.67519,35.72526],[139.67822,35.72554],[139.68151,35.72598]]}},{"type":"Feature","properties":{"idx":278,"road":"","cls":"tertiary","shops":2,"st_km":0.72,"mesh":"53394563"},"geometry":{"type":"LineString","coordinates":[[139.66949,35.72504],[139.669,35.72399]]}},{"type":"Feature","properties":{"idx":204,"road":"江古田通り","cls":"tertiary","shops":0,"st_km":0.68,"mesh":"53394573"},"geometry":{"type":"LineString","coordinates":[[139.66621,35.72391],[139.66795,35.72612]]}},{"type":"Feature","properties":{"idx":336,"road":"江古田通り","cls":"tertiary","shops":1,"st_km":0.6,"mesh":"53394573"},"geometry":{"type":"LineString","coordinates":[[139.66824,35.72663],[139.66842,35.72719],[139.66854,35.72814]]}},{"type":"Feature","properties":{"idx":178,"road":"","cls":"tertiary","shops":0,"st_km":0.84,"mesh":"53394573"},"geometry":{"type":"LineString","coordinates":[[139.66106,35.72873],[139.66214,35.72767],[139.66243,35.72717],[139.66251,35.72682],[139.6627,35.72384]]}},{"type":"Feature","properties":{"idx":1091,"road":"赤坂通り","cls":"secondary","shops":5,"st_km":0.3,"mesh":"53394508"},"geometry":{"type":"LineString","coordinates":[[139.72828,35.66808],[139.72941,35.66843]]}},{"type":"Feature","properties":{"idx":1419,"road":"瀬田貫井線","cls":"secondary","shops":3,"st_km":0.13,"mesh":"53394501"},"geometry":{"type":"LineString","coordinates":[[139.64261,35.66689],[139.64234,35.66756]]}},{"type":"Feature","properties":{"idx":235,"road":"鮫洲大山線","cls":"secondary","shops":0,"st_km":0.44,"mesh":"53394503"},"geometry":{"type":"LineString","coordinates":[[139.67287,35.66869],[139.67237,35.67009]]}},{"type":"Feature","properties":{"idx":155,"road":"角筈和泉町線","cls":"secondary","shops":0,"st_km":0.51,"mesh":"53394502"},"geometry":{"type":"LineString","coordinates":[[139.65162,35.67231],[139.65288,35.67232],[139.65526,35.67224],[139.65545,35.67225],[139.65631,35.67257]]}},{"type":"Feature","properties":{"idx":285,"road":"環七通り","cls":"primary","shops":3,"st_km":0.16,"mesh":"53394562"},"geometry":{"type":"LineString","coordinates":[[139.65379,35.71846],[139.65379,35.71779]]}},{"type":"Feature","properties":{"idx":310,"road":"環七通り","cls":"primary","shops":3,"st_km":0.08,"mesh":"53394562"},"geometry":{"type":"LineString","coordinates":[[139.65375,35.7197],[139.65374,35.7209]]}},{"type":"Feature","properties":{"idx":636,"road":"環七通り","cls":"primary","shops":8,"st_km":0.06,"mesh":"53394562"},"geometry":{"type":"LineString","coordinates":[[139.65372,35.71846],[139.65375,35.7197]]}},{"type":"Feature","properties":{"idx":634,"road":"環七通り","cls":"primary","shops":8,"st_km":0.06,"mesh":"53394562"},"geometry":{"type":"LineString","coordinates":[[139.65382,35.71968],[139.65379,35.71846]]}},{"type":"Feature","properties":{"idx":310,"road":"環七通り","cls":"primary","shops":3,"st_km":0.08,"mesh":"53394562"},"geometry":{"type":"LineString","coordinates":[[139.65383,35.7209],[139.65382,35.71968]]}},{"type":"Feature","properties":{"idx":105,"road":"環七通り","cls":"primary","shops":0,"st_km":0.24,"mesh":"53394562"},"geometry":{"type":"LineString","coordinates":[[139.65374,35.72116],[139.65374,35.7223]]}},{"type":"Feature","properties":{"idx":415,"road":"","cls":"primary_link","shops":6,"st_km":0.34,"mesh":"53394532"},"geometry":{"type":"LineString","coordinates":[[139.65456,35.69797],[139.65456,35.69804]]}},{"type":"Feature","properties":{"idx":444,"road":"","cls":"pedestrian","shops":0,"st_km":0.27,"mesh":"53394539"},"geometry":{"type":"LineString","coordinates":[[139.74938,35.69404],[139.74946,35.69412],[139.74939,35.69428]]}},{"type":"Feature","properties":{"idx":2631,"road":"","cls":"tertiary","shops":10,"st_km":0.39,"mesh":"53394579"},"geometry":{"type":"LineString","coordinates":[[139.73986,35.73051],[139.73857,35.73015]]}},{"type":"Feature","properties":{"idx":6597,"road":"","cls":"pedestrian","shops":15,"st_km":0.34,"mesh":"53394588"},"geometry":{"type":"LineString","coordinates":[[139.73699,35.73457],[139.73653,35.73481]]}},{"type":"Feature","properties":{"idx":568,"road":"不忍通り","cls":"secondary","shops":0,"st_km":0.16,"mesh":"53394579"},"geometry":{"type":"LineString","coordinates":[[139.73971,35.72511],[139.74076,35.72579],[139.74297,35.72781],[139.74402,35.72887],[139.74437,35.72914],[139.74528,35.72965],[139.74917,35.7322],[139.74948,35.73246],[139.75062,35.73312],[139.75074,35.73313]]}},{"type":"Feature","properties":{"idx":3290,"road":"不忍通り","cls":"secondary","shops":9,"st_km":0.11,"mesh":"53394579"},"geometry":{"type":"LineString","coordinates":[[139.74934,35.73222],[139.74447,35.72909],[139.7408,35.72575],[139.73971,35.72511]]}},{"type":"Feature","properties":{"idx":346,"road":"車坂跨線橋","cls":"tertiary","shops":0,"st_km":0.3,"mesh":"53394599"},"geometry":{"type":"LineString","coordinates":[[139.74865,35.74566],[139.74907,35.74618]]}},{"type":"Feature","properties":{"idx":618,"road":"","cls":"tertiary","shops":1,"st_km":0.13,"mesh":"53394599"},"geometry":{"type":"LineString","coordinates":[[139.74541,35.74405],[139.74552,35.74419],[139.74601,35.74564],[139.74618,35.74587],[139.74652,35.74611],[139.74695,35.74623],[139.74747,35.74622],[139.74861,35.74563]]}},{"type":"Feature","properties":{"idx":638,"road":"旧早稲田通り","cls":"primary","shops":0,"st_km":0.7,"mesh":"53394560"},"geometry":{"type":"LineString","coordinates":[[139.62676,35.71779],[139.62678,35.71771]]}},{"type":"Feature","properties":{"idx":902,"road":"旧早稲田通り","cls":"primary","shops":1,"st_km":0.77,"mesh":"53394560"},"geometry":{"type":"LineString","coordinates":[[139.62678,35.71771],[139.62703,35.7166]]}},{"type":"Feature","properties":{"idx":4800,"road":"高円寺ストリート","cls":"pedestrian","shops":52,"st_km":0.04,"mesh":"53394541"},"geometry":{"type":"LineString","coordinates":[[139.64924,35.70514],[139.64934,35.70546]]}},{"type":"Feature","properties":{"idx":3348,"road":"ハッピーロード大山","cls":"pedestrian","shops":12,"st_km":0.05,"mesh":"53394596"},"geometry":{"type":"LineString","coordinates":[[139.70214,35.74809],[139.70214,35.74864],[139.70212,35.74879],[139.70204,35.74886]]}},{"type":"Feature","properties":{"idx":358,"road":"","cls":"pedestrian","shops":3,"st_km":0.36,"mesh":"53394506"},"geometry":{"type":"LineString","coordinates":[[139.70645,35.67342],[139.70623,35.67322],[139.70591,35.6727],[139.70589,35.67246]]}},{"type":"Feature","properties":{"idx":377,"road":"","cls":"secondary_link","shops":0,"st_km":0.17,"mesh":"53394579"},"geometry":{"type":"LineString","coordinates":[[139.74447,35.7292],[139.74514,35.72966],[139.74515,35.72977]]}},{"type":"Feature","properties":{"idx":2828,"road":"高南通り","cls":"tertiary","shops":42,"st_km":0.04,"mesh":"53394541"},"geometry":{"type":"LineString","coordinates":[[139.64965,35.7048],[139.64964,35.70508]]}},{"type":"Feature","properties":{"idx":1028,"road":"","cls":"pedestrian","shops":4,"st_km":0.14,"mesh":"53394519"},"geometry":{"type":"LineString","coordinates":[[139.73783,35.67839],[139.7378,35.6787]]}},{"type":"Feature","properties":{"idx":1025,"road":"","cls":"pedestrian","shops":0,"st_km":0.18,"mesh":"53394514"},"geometry":{"type":"LineString","coordinates":[[139.67765,35.6759],[139.67773,35.67597],[139.67936,35.67637],[139.67999,35.67669],[139.6805,35.6771],[139.68102,35.67795]]}},{"type":"Feature","properties":{"idx":2720,"road":"","cls":"pedestrian","shops":3,"st_km":0.12,"mesh":"53394514"},"geometry":{"type":"LineString","coordinates":[[139.67641,35.67572],[139.67652,35.67569],[139.67759,35.67595]]}},{"type":"Feature","properties":{"idx":764,"road":"","cls":"pedestrian","shops":1,"st_km":0.86,"mesh":"53394586"},"geometry":{"type":"LineString","coordinates":[[139.70712,35.7412],[139.70685,35.74089]]}},{"type":"Feature","properties":{"idx":705,"road":"タワー飯田橋通り","cls":"tertiary","shops":10,"st_km":0.05,"mesh":"53394549"},"geometry":{"type":"LineString","coordinates":[[139.74594,35.70179],[139.74608,35.7019],[139.74781,35.70163]]}},{"type":"Feature","properties":{"idx":104,"road":"","cls":"tertiary","shops":0,"st_km":0.17,"mesh":"53394549"},"geometry":{"type":"LineString","coordinates":[[139.74542,35.70235],[139.7458,35.70252],[139.74619,35.70263],[139.74646,35.70265],[139.75002,35.70242]]}},{"type":"Feature","properties":{"idx":142,"road":"新隆慶橋","cls":"primary","shops":1,"st_km":0.47,"mesh":"53394549"},"geometry":{"type":"LineString","coordinates":[[139.74426,35.70529],[139.74401,35.70513]]}},{"type":"Feature","properties":{"idx":140,"road":"新隆慶橋","cls":"primary","shops":1,"st_km":0.49,"mesh":"53394549"},"geometry":{"type":"LineString","coordinates":[[139.74396,35.70526],[139.74421,35.7054]]}},{"type":"Feature","properties":{"idx":93,"road":"飯田橋石神井新座線","cls":"primary","shops":0,"st_km":0.49,"mesh":"53394549"},"geometry":{"type":"LineString","coordinates":[[139.74421,35.7054],[139.74428,35.70545]]}},{"type":"Feature","properties":{"idx":569,"road":"飯田橋石神井新座線","cls":"primary","shops":10,"st_km":0.47,"mesh":"53394549"},"geometry":{"type":"LineString","coordinates":[[139.74388,35.70505],[139.74177,35.70377]]}},{"type":"Feature","properties":{"idx":282,"road":"飯田橋石神井新座線","cls":"primary","shops":4,"st_km":0.48,"mesh":"53394549"},"geometry":{"type":"LineString","coordinates":[[139.74343,35.70492],[139.74383,35.70518]]}},{"type":"Feature","properties":{"idx":318,"road":"千代田練馬田無線","cls":"primary","shops":3,"st_km":0.19,"mesh":"53394549"},"geometry":{"type":"LineString","coordinates":[[139.74506,35.70292],[139.74525,35.70242]]}},{"type":"Feature","properties":{"idx":1192,"road":"千代田練馬田無線","cls":"primary","shops":16,"st_km":0.15,"mesh":"53394549"},"geometry":{"type":"LineString","coordinates":[[139.74525,35.70242],[139.74539,35.70218]]}},{"type":"Feature","properties":{"idx":1177,"road":"","cls":"tertiary","shops":4,"st_km":0.43,"mesh":"53394598"},"geometry":{"type":"LineString","coordinates":[[139.73169,35.74676],[139.73117,35.74821],[139.73073,35.74989],[139.73067,35.75036],[139.73071,35.75087]]}},{"type":"Feature","properties":{"idx":358,"road":"","cls":"tertiary","shops":0,"st_km":0.67,"mesh":"53394598"},"geometry":{"type":"LineString","coordinates":[[139.73082,35.74958],[139.72675,35.74932],[139.72634,35.74947],[139.72624,35.74976]]}},{"type":"Feature","properties":{"idx":798,"road":"","cls":"tertiary","shops":3,"st_km":0.66,"mesh":"53394598"},"geometry":{"type":"LineString","coordinates":[[139.72883,35.75105],[139.72893,35.7488]]}},{"type":"Feature","properties":{"idx":426,"road":"","cls":"tertiary","shops":0,"st_km":0.37,"mesh":"53394598"},"geometry":{"type":"LineString","coordinates":[[139.73152,35.74717],[139.73015,35.7469],[139.72948,35.74702],[139.72896,35.74701]]}},{"type":"Feature","properties":{"idx":430,"road":"","cls":"tertiary","shops":1,"st_km":0.22,"mesh":"53394596"},"geometry":{"type":"LineString","coordinates":[[139.70938,35.74706],[139.70951,35.74738],[139.70954,35.74844],[139.70973,35.74878],[139.70989,35.74922],[139.70965,35.75078],[139.70976,35.75155],[139.70987,35.7517]]}},{"type":"Feature","properties":{"idx":268,"road":"山手通り","cls":"primary","shops":0,"st_km":0.51,"mesh":"53394596"},"geometry":{"type":"LineString","coordinates":[[139.70816,35.74666],[139.70818,35.74734]]}},{"type":"Feature","properties":{"idx":270,"road":"山手通り","cls":"primary","shops":0,"st_km":0.5,"mesh":"53394596"},"geometry":{"type":"LineString","coordinates":[[139.70843,35.74734],[139.70841,35.74667]]}},{"type":"Feature","properties":{"idx":255,"road":"山手通り","cls":"primary","shops":0,"st_km":0.56,"mesh":"53394596"},"geometry":{"type":"LineString","coordinates":[[139.70841,35.74667],[139.70839,35.74621]]}},{"type":"Feature","properties":{"idx":389,"road":"","cls":"tertiary","shops":1,"st_km":0.33,"mesh":"53394596"},"geometry":{"type":"LineString","coordinates":[[139.70805,35.7473],[139.70578,35.74802],[139.70437,35.7481]]}},{"type":"Feature","properties":{"idx":1353,"road":"鮫洲大山線","cls":"secondary","shops":6,"st_km":0.19,"mesh":"53394596"},"geometry":{"type":"LineString","coordinates":[[139.70018,35.7491],[139.70143,35.74953],[139.70171,35.74966],[139.70168,35.74972]]}},{"type":"Feature","properties":{"idx":3821,"road":"","cls":"pedestrian","shops":14,"st_km":0.05,"mesh":"53394596"},"geometry":{"type":"LineString","coordinates":[[139.70214,35.74857],[139.70219,35.74857]]}},{"type":"Feature","properties":{"idx":736,"road":"","cls":"tertiary","shops":1,"st_km":0.86,"mesh":"53394595"},"geometry":{"type":"LineString","coordinates":[[139.69301,35.74682],[139.69301,35.7469],[139.69365,35.74773]]}},{"type":"Feature","properties":{"idx":391,"road":"山手通り","cls":"primary","shops":1,"st_km":0.55,"mesh":"53394596"},"geometry":{"type":"LineString","coordinates":[[139.70814,35.74619],[139.70815,35.74625]]}},{"type":"Feature","properties":{"idx":263,"road":"山手通り","cls":"primary","shops":0,"st_km":0.54,"mesh":"53394596"},"geometry":{"type":"LineString","coordinates":[[139.70815,35.74625],[139.70816,35.74666]]}},{"type":"Feature","properties":{"idx":383,"road":"山手通り","cls":"primary","shops":1,"st_km":0.57,"mesh":"53394596"},"geometry":{"type":"LineString","coordinates":[[139.70839,35.74621],[139.70839,35.74615]]}},{"type":"Feature","properties":{"idx":473,"road":"山手通り","cls":"primary","shops":2,"st_km":0.66,"mesh":"53394596"},"geometry":{"type":"LineString","coordinates":[[139.70839,35.74615],[139.7083,35.74374],[139.70823,35.74326]]}},{"type":"Feature","properties":{"idx":479,"road":"山手通り","cls":"primary_link","shops":1,"st_km":0.95,"mesh":"53394586"},"geometry":{"type":"LineString","coordinates":[[139.70495,35.7392],[139.70666,35.74126]]}},{"type":"Feature","properties":{"idx":214,"road":"山手通り","cls":"primary","shops":0,"st_km":0.71,"mesh":"53394596"},"geometry":{"type":"LineString","coordinates":[[139.70793,35.74299],[139.70808,35.744]]}},{"type":"Feature","properties":{"idx":486,"road":"山手通り","cls":"primary_link","shops":1,"st_km":0.86,"mesh":"53394586"},"geometry":{"type":"LineString","coordinates":[[139.70823,35.74326],[139.70814,35.74289],[139.7078,35.74221],[139.7059,35.73994],[139.7054,35.73941]]}},{"type":"Feature","properties":{"idx":686,"road":"山手通り","cls":"primary","shops":1,"st_km":0.87,"mesh":"53394586"},"geometry":{"type":"LineString","coordinates":[[139.70695,35.74135],[139.70671,35.74107]]}},{"type":"Feature","properties":{"idx":981,"road":"山手通り","cls":"primary","shops":2,"st_km":0.85,"mesh":"53394586"},"geometry":{"type":"LineString","coordinates":[[139.7054,35.73941],[139.7049,35.73888],[139.70428,35.73834]]}},{"type":"Feature","properties":{"idx":402,"road":"山手通り","cls":"primary","shops":2,"st_km":0.78,"mesh":"53394596"},"geometry":{"type":"LineString","coordinates":[[139.70823,35.74326],[139.70777,35.74238],[139.70752,35.74201],[139.70695,35.74135]]}},{"type":"Feature","properties":{"idx":680,"road":"山手通り","cls":"primary","shops":1,"st_km":0.96,"mesh":"53394586"},"geometry":{"type":"LineString","coordinates":[[139.70495,35.7392],[139.70532,35.73955],[139.7066,35.74112]]}},{"type":"Feature","properties":{"idx":732,"road":"山手通り","cls":"primary","shops":1,"st_km":0.87,"mesh":"53394586"},"geometry":{"type":"LineString","coordinates":[[139.7066,35.74112],[139.70688,35.74146]]}},{"type":"Feature","properties":{"idx":290,"road":"","cls":"primary_link","shops":2,"st_km":0.75,"mesh":"53394596"},"geometry":{"type":"LineString","coordinates":[[139.70772,35.7426],[139.70784,35.74331]]}},{"type":"Feature","properties":{"idx":1747,"road":"","cls":"pedestrian","shops":13,"st_km":0.07,"mesh":"53394543"},"geometry":{"type":"LineString","coordinates":[[139.66553,35.70631],[139.66514,35.70629]]}},{"type":"Feature","properties":{"idx":709,"road":"旧中山道","cls":"tertiary","shops":2,"st_km":0.31,"mesh":"53394597"},"geometry":{"type":"LineString","coordinates":[[139.71657,35.74849],[139.71541,35.74903],[139.71534,35.74913]]}},{"type":"Feature","properties":{"idx":353,"road":"下板橋通り","cls":"tertiary","shops":0,"st_km":0.31,"mesh":"53394597"},"geometry":{"type":"LineString","coordinates":[[139.71657,35.74849],[139.71627,35.74814],[139.71566,35.74726]]}},{"type":"Feature","properties":{"idx":347,"road":"下板橋通り","cls":"tertiary","shops":0,"st_km":0.3,"mesh":"53394597"},"geometry":{"type":"LineString","coordinates":[[139.71488,35.74615],[139.71465,35.74595],[139.71456,35.74593],[139.71308,35.74661],[139.7137,35.74739],[139.71404,35.74879],[139.71425,35.74929]]}},{"type":"Feature","properties":{"idx":505,"road":"","cls":"tertiary","shops":1,"st_km":0.37,"mesh":"53394597"},"geometry":{"type":"LineString","coordinates":[[139.71219,35.7497],[139.71209,35.74958],[139.71212,35.74924],[139.7125,35.74878],[139.71263,35.74845],[139.7127,35.74798],[139.7126,35.74752]]}},{"type":"Feature","properties":{"idx":220,"road":"グリーンロード","cls":"tertiary","shops":0,"st_km":0.44,"mesh":"53394596"},"geometry":{"type":"LineString","coordinates":[[139.71566,35.74726],[139.71492,35.74754],[139.7137,35.74739],[139.70957,35.74786],[139.70886,35.74821],[139.70822,35.74835]]}},{"type":"Feature","properties":{"idx":473,"road":"","cls":"pedestrian","shops":0,"st_km":0.22,"mesh":"53394599"},"geometry":{"type":"LineString","coordinates":[[139.74738,35.74895],[139.7475,35.74919]]}},{"type":"Feature","properties":{"idx":526,"road":"","cls":"tertiary","shops":0,"st_km":0.13,"mesh":"53394598"},"geometry":{"type":"LineString","coordinates":[[139.73498,35.7487],[139.73568,35.74843],[139.73598,35.74827]]}},{"type":"Feature","properties":{"idx":188,"road":"","cls":"tertiary","shops":0,"st_km":0.2,"mesh":"53394566"},"geometry":{"type":"LineString","coordinates":[[139.70432,35.72223],[139.7043,35.72131],[139.70415,35.72023]]}},{"type":"Feature","properties":{"idx":676,"road":"外苑西通り","cls":"secondary","shops":5,"st_km":0.31,"mesh":"53394527"},"geometry":{"type":"LineString","coordinates":[[139.71594,35.68757],[139.71583,35.68772]]}},{"type":"Feature","properties":{"idx":280,"road":"外苑西通り","cls":"secondary","shops":1,"st_km":0.35,"mesh":"53394527"},"geometry":{"type":"LineString","coordinates":[[139.71534,35.69012],[139.71558,35.6898],[139.71569,35.68952],[139.71574,35.68917],[139.71572,35.6884],[139.71594,35.68757]]}},{"type":"Feature","properties":{"idx":872,"road":"外苑西通り","cls":"secondary","shops":7,"st_km":0.31,"mesh":"53394527"},"geometry":{"type":"LineString","coordinates":[[139.71594,35.68757],[139.71596,35.68744]]}},{"type":"Feature","properties":{"idx":666,"road":"新宿通り","cls":"tertiary","shops":5,"st_km":0.22,"mesh":"53394527"},"geometry":{"type":"LineString","coordinates":[[139.71406,35.68788],[139.71239,35.68823]]}},{"type":"Feature","properties":{"idx":598,"road":"新宿通り","cls":"tertiary","shops":5,"st_km":0.32,"mesh":"53394527"},"geometry":{"type":"LineString","coordinates":[[139.71596,35.68744],[139.71575,35.68751]]}},{"type":"Feature","properties":{"idx":252,"road":"","cls":"secondary_link","shops":2,"st_km":0.33,"mesh":"53394527"},"geometry":{"type":"LineString","coordinates":[[139.71542,35.68764],[139.71565,35.68763],[139.71583,35.68772]]}},{"type":"Feature","properties":{"idx":261,"road":"さいわい通り","cls":"tertiary","shops":0,"st_km":0.32,"mesh":"53394596"},"geometry":{"type":"LineString","coordinates":[[139.70564,35.74739],[139.70527,35.74573]]}},{"type":"Feature","properties":{"idx":442,"road":"","cls":"pedestrian","shops":1,"st_km":0.24,"mesh":"53394575"},"geometry":{"type":"LineString","coordinates":[[139.6965,35.72505],[139.69625,35.72524]]}},{"type":"Feature","properties":{"idx":481,"road":"","cls":"tertiary","shops":3,"st_km":0.64,"mesh":"53394596"},"geometry":{"type":"LineString","coordinates":[[139.7047,35.74292],[139.70466,35.74285]]}},{"type":"Feature","properties":{"idx":178,"road":"空蝉橋","cls":"tertiary","shops":0,"st_km":0.2,"mesh":"53394578"},"geometry":{"type":"LineString","coordinates":[[139.72579,35.73219],[139.72589,35.73242]]}},{"type":"Feature","properties":{"idx":397,"road":"","cls":"tertiary","shops":2,"st_km":0.09,"mesh":"53394578"},"geometry":{"type":"LineString","coordinates":[[139.72845,35.73209],[139.726,35.73271]]}},{"type":"Feature","properties":{"idx":2528,"road":"空蝉橋通り","cls":"tertiary","shops":8,"st_km":0.2,"mesh":"53394588"},"geometry":{"type":"LineString","coordinates":[[139.72589,35.73242],[139.72686,35.73491],[139.72705,35.73508]]}},{"type":"Feature","properties":{"idx":3156,"road":"","cls":"tertiary","shops":29,"st_km":0.07,"mesh":"53394578"},"geometry":{"type":"LineString","coordinates":[[139.72887,35.73202],[139.72845,35.73209]]}},{"type":"Feature","properties":{"idx":2580,"road":"早稲田通り","cls":"primary","shops":22,"st_km":0.24,"mesh":"53394548"},"geometry":{"type":"LineString","coordinates":[[139.73819,35.70224],[139.73741,35.70267],[139.73604,35.70353],[139.73567,35.70365]]}},{"type":"Feature","properties":{"idx":1069,"road":"大久保通り","cls":"primary","shops":20,"st_km":0.31,"mesh":"53394549"},"geometry":{"type":"LineString","coordinates":[[139.73819,35.70224],[139.73912,35.70312]]}},{"type":"Feature","properties":{"idx":472,"road":"","cls":"tertiary","shops":1,"st_km":0.67,"mesh":"53394593"},"geometry":{"type":"LineString","coordinates":[[139.67164,35.75057],[139.67229,35.7502],[139.67388,35.74869]]}},{"type":"Feature","properties":{"idx":423,"road":"","cls":"tertiary","shops":0,"st_km":0.36,"mesh":"53394593"},"geometry":{"type":"LineString","coordinates":[[139.67082,35.74892],[139.66926,35.74799],[139.66758,35.74769],[139.66655,35.74737]]}},{"type":"Feature","properties":{"idx":796,"road":"瀬田貫井線","cls":"secondary","shops":1,"st_km":0.19,"mesh":"53394501"},"geometry":{"type":"LineString","coordinates":[[139.64161,35.66775],[139.6416,35.66791]]}},{"type":"Feature","properties":{"idx":1160,"road":"瀬田貫井線","cls":"secondary","shops":3,"st_km":0.33,"mesh":"53394501"},"geometry":{"type":"LineString","coordinates":[[139.6416,35.66791],[139.64161,35.6687],[139.64179,35.66921],[139.64221,35.67009]]}},{"type":"Feature","properties":{"idx":627,"road":"","cls":"pedestrian","shops":3,"st_km":0.09,"mesh":"53394591"},"geometry":{"type":"LineString","coordinates":[[139.64773,35.74302],[139.64786,35.74294],[139.64799,35.74269]]}},{"type":"Feature","properties":{"idx":108,"road":"","cls":"primary_link","shops":0,"st_km":0.89,"mesh":"53394590"},"geometry":{"type":"LineString","coordinates":[[139.6289,35.74468],[139.62575,35.74263]]}},{"type":"Feature","properties":{"idx":109,"road":"","cls":"primary_link","shops":0,"st_km":0.89,"mesh":"53394590"},"geometry":{"type":"LineString","coordinates":[[139.62734,35.74374],[139.62702,35.74345]]}},{"type":"Feature","properties":{"idx":108,"road":"","cls":"primary_link","shops":0,"st_km":0.89,"mesh":"53394590"},"geometry":{"type":"LineString","coordinates":[[139.6275,35.74376],[139.62695,35.74349]]}},{"type":"Feature","properties":{"idx":107,"road":"","cls":"primary_link","shops":0,"st_km":0.91,"mesh":"53394590"},"geometry":{"type":"LineString","coordinates":[[139.62686,35.74362],[139.62743,35.7439]]}},{"type":"Feature","properties":{"idx":107,"road":"","cls":"primary_link","shops":0,"st_km":0.91,"mesh":"53394590"},"geometry":{"type":"LineString","coordinates":[[139.62693,35.74357],[139.62742,35.74398]]}},{"type":"Feature","properties":{"idx":99,"road":"","cls":"primary_link","shops":0,"st_km":1.0,"mesh":"53394590"},"geometry":{"type":"LineString","coordinates":[[139.62867,35.7448],[139.62875,35.74485]]}},{"type":"Feature","properties":{"idx":508,"road":"","cls":"tertiary","shops":1,"st_km":0.14,"mesh":"53394580"},"geometry":{"type":"LineString","coordinates":[[139.63578,35.73668],[139.63581,35.7368],[139.63566,35.73774]]}},{"type":"Feature","properties":{"idx":340,"road":"","cls":"tertiary","shops":0,"st_km":0.14,"mesh":"53394580"},"geometry":{"type":"LineString","coordinates":[[139.63566,35.73774],[139.63679,35.73755]]}},{"type":"Feature","properties":{"idx":385,"road":"","cls":"pedestrian","shops":0,"st_km":0.33,"mesh":"53394580"},"geometry":{"type":"LineString","coordinates":[[139.63376,35.7356],[139.63371,35.73596]]}},{"type":"Feature","properties":{"idx":136,"road":"","cls":"pedestrian","shops":0,"st_km":0.73,"mesh":"53394591"},"geometry":{"type":"LineString","coordinates":[[139.64102,35.74505],[139.63925,35.74462]]}},{"type":"Feature","properties":{"idx":134,"road":"立教通り","cls":"tertiary","shops":0,"st_km":0.41,"mesh":"53394576"},"geometry":{"type":"LineString","coordinates":[[139.70546,35.73117],[139.69923,35.73039],[139.69875,35.73042],[139.69826,35.73062]]}},{"type":"Feature","properties":{"idx":438,"road":"","cls":"tertiary","shops":2,"st_km":0.25,"mesh":"53394575"},"geometry":{"type":"LineString","coordinates":[[139.69677,35.73158],[139.69812,35.73071]]}},{"type":"Feature","properties":{"idx":1046,"road":"","cls":"pedestrian","shops":4,"st_km":0.08,"mesh":"53394575"},"geometry":{"type":"LineString","coordinates":[[139.69366,35.72692],[139.69362,35.72692]]}},{"type":"Feature","properties":{"idx":2012,"road":"","cls":"pedestrian","shops":9,"st_km":0.03,"mesh":"53394575"},"geometry":{"type":"LineString","coordinates":[[139.69439,35.72679],[139.69434,35.72676]]}},{"type":"Feature","properties":{"idx":1978,"road":"","cls":"pedestrian","shops":9,"st_km":0.05,"mesh":"53394575"},"geometry":{"type":"LineString","coordinates":[[139.69434,35.72676],[139.69366,35.72692]]}},{"type":"Feature","properties":{"idx":1260,"road":"","cls":"pedestrian","shops":0,"st_km":0.23,"mesh":"53394584"},"geometry":{"type":"LineString","coordinates":[[139.68725,35.73914],[139.68658,35.73813]]}},{"type":"Feature","properties":{"idx":519,"road":"","cls":"tertiary","shops":1,"st_km":0.43,"mesh":"53394585"},"geometry":{"type":"LineString","coordinates":[[139.69403,35.73468],[139.69409,35.73474]]}},{"type":"Feature","properties":{"idx":278,"road":"","cls":"tertiary","shops":0,"st_km":0.66,"mesh":"53394585"},"geometry":{"type":"LineString","coordinates":[[139.69572,35.74218],[139.6961,35.73967]]}},{"type":"Feature","properties":{"idx":726,"road":"","cls":"tertiary","shops":0,"st_km":0.42,"mesh":"53394595"},"geometry":{"type":"LineString","coordinates":[[139.68806,35.74073],[139.68903,35.74101],[139.68954,35.7412],[139.68986,35.7414],[139.69168,35.74267],[139.69255,35.74344]]}},{"type":"Feature","properties":{"idx":598,"road":"","cls":"tertiary","shops":0,"st_km":0.62,"mesh":"53394595"},"geometry":{"type":"LineString","coordinates":[[139.69303,35.74267],[139.69257,35.7434]]}},{"type":"Feature","properties":{"idx":166,"road":"新目白通り","cls":"primary","shops":0,"st_km":0.5,"mesh":"53394565"},"geometry":{"type":"LineString","coordinates":[[139.68911,35.71915],[139.68942,35.71892]]}},{"type":"Feature","properties":{"idx":353,"road":"山手通り","cls":"primary","shops":1,"st_km":0.4,"mesh":"53394575"},"geometry":{"type":"LineString","coordinates":[[139.69671,35.72804],[139.69722,35.72887],[139.69845,35.73136]]}},{"type":"Feature","properties":{"idx":767,"road":"山手通り","cls":"primary","shops":3,"st_km":0.11,"mesh":"53394575"},"geometry":{"type":"LineString","coordinates":[[139.69488,35.72528],[139.69601,35.72704]]}},{"type":"Feature","properties":{"idx":385,"road":"山手通り","cls":"primary","shops":2,"st_km":0.31,"mesh":"53394565"},"geometry":{"type":"LineString","coordinates":[[139.69494,35.72501],[139.6944,35.72426],[139.69268,35.72252]]}},{"type":"Feature","properties":{"idx":603,"road":"山手通り","cls":"primary","shops":2,"st_km":0.13,"mesh":"53394575"},"geometry":{"type":"LineString","coordinates":[[139.69617,35.72697],[139.69494,35.72501]]}},{"type":"Feature","properties":{"idx":573,"road":"新目白通り","cls":"primary","shops":2,"st_km":0.39,"mesh":"53394564"},"geometry":{"type":"LineString","coordinates":[[139.68906,35.71911],[139.684,35.72265]]}},{"type":"Feature","properties":{"idx":351,"road":"新目白通り","cls":"primary","shops":2,"st_km":0.37,"mesh":"53394565"},"geometry":{"type":"LineString","coordinates":[[139.68942,35.71892],[139.69125,35.7177],[139.69165,35.7175],[139.69304,35.71709],[139.69372,35.71696],[139.69464,35.71687]]}},{"type":"Feature","properties":{"idx":117,"road":"","cls":"primary_link","shops":0,"st_km":0.49,"mesh":"53394565"},"geometry":{"type":"LineString","coordinates":[[139.69162,35.71742],[139.69116,35.71762],[139.68911,35.71899],[139.6869,35.72051],[139.68659,35.72084]]}},{"type":"Feature","properties":{"idx":174,"road":"","cls":"primary_link","shops":1,"st_km":0.5,"mesh":"53394565"},"geometry":{"type":"LineString","coordinates":[[139.68957,35.71893],[139.69157,35.71754]]}},{"type":"Feature","properties":{"idx":166,"road":"","cls":"primary_link","shops":1,"st_km":0.55,"mesh":"53394565"},"geometry":{"type":"LineString","coordinates":[[139.68678,35.72081],[139.68695,35.72073],[139.68957,35.71893]]}},{"type":"Feature","properties":{"idx":358,"road":"瀬田貫井線","cls":"secondary","shops":0,"st_km":1.09,"mesh":"53394521"},"geometry":{"type":"LineString","coordinates":[[139.64154,35.68936],[139.64163,35.68879],[139.64157,35.68758],[139.6416,35.68721],[139.64198,35.68602],[139.64242,35.68552],[139.64253,35.68525]]}},{"type":"Feature","properties":{"idx":667,"road":"","cls":"pedestrian","shops":6,"st_km":0.55,"mesh":"53394565"},"geometry":{"type":"LineString","coordinates":[[139.68931,35.72336],[139.68968,35.72326],[139.68951,35.72293]]}},{"type":"Feature","properties":{"idx":148,"road":"","cls":"primary_link","shops":1,"st_km":0.63,"mesh":"53394565"},"geometry":{"type":"LineString","coordinates":[[139.69138,35.72136],[139.69151,35.72127]]}},{"type":"Feature","properties":{"idx":778,"road":"","cls":"tertiary","shops":0,"st_km":0.25,"mesh":"53394574"},"geometry":{"type":"LineString","coordinates":[[139.68233,35.72361],[139.68185,35.7247],[139.68135,35.72664]]}},{"type":"Feature","properties":{"idx":352,"road":"旭通り","cls":"tertiary","shops":1,"st_km":0.36,"mesh":"53394564"},"geometry":{"type":"LineString","coordinates":[[139.6815,35.72026],[139.6825,35.72015],[139.6839,35.72011]]}},{"type":"Feature","properties":{"idx":182,"road":"","cls":"tertiary","shops":0,"st_km":0.62,"mesh":"53394564"},"geometry":{"type":"LineString","coordinates":[[139.67893,35.71769],[139.67893,35.71812]]}},{"type":"Feature","properties":{"idx":432,"road":"旭通り","cls":"tertiary","shops":2,"st_km":0.45,"mesh":"53394564"},"geometry":{"type":"LineString","coordinates":[[139.67884,35.72045],[139.6815,35.72026]]}},{"type":"Feature","properties":{"idx":358,"road":"旭通り","cls":"tertiary","shops":2,"st_km":0.65,"mesh":"53394564"},"geometry":{"type":"LineString","coordinates":[[139.67558,35.72064],[139.67884,35.72045]]}},{"type":"Feature","properties":{"idx":243,"road":"江古田通り","cls":"tertiary","shops":0,"st_km":0.51,"mesh":"53394573"},"geometry":{"type":"LineString","coordinates":[[139.66854,35.72814],[139.66854,35.72823]]}},{"type":"Feature","properties":{"idx":1649,"road":"江古田通り","cls":"tertiary","shops":7,"st_km":0.23,"mesh":"53394583"},"geometry":{"type":"LineString","coordinates":[[139.67038,35.73258],[139.67097,35.73311],[139.67125,35.73371],[139.67162,35.73467],[139.67282,35.73622]]}},{"type":"Feature","properties":{"idx":268,"road":"江古田憩い橋","cls":"tertiary","shops":0,"st_km":0.41,"mesh":"53394573"},"geometry":{"type":"LineString","coordinates":[[139.66822,35.72934],[139.66806,35.72936]]}},{"type":"Feature","properties":{"idx":316,"road":"","cls":"tertiary","shops":1,"st_km":0.63,"mesh":"53394573"},"geometry":{"type":"LineString","coordinates":[[139.66319,35.73163],[139.66388,35.73457]]}},{"type":"Feature","properties":{"idx":215,"road":"","cls":"tertiary","shops":0,"st_km":0.89,"mesh":"53394572"},"geometry":{"type":"LineString","coordinates":[[139.66106,35.72873],[139.66259,35.72824],[139.6631,35.72789]]}},{"type":"Feature","properties":{"idx":248,"road":"","cls":"tertiary","shops":2,"st_km":0.87,"mesh":"53394563"},"geometry":{"type":"LineString","coordinates":[[139.67226,35.72376],[139.67294,35.72594]]}},{"type":"Feature","properties":{"idx":316,"road":"","cls":"tertiary","shops":1,"st_km":0.67,"mesh":"53394573"},"geometry":{"type":"LineString","coordinates":[[139.66633,35.72945],[139.66495,35.72919],[139.66472,35.72903],[139.66459,35.72877],[139.66459,35.7286],[139.66474,35.72808],[139.6646,35.72745]]}},{"type":"Feature","properties":{"idx":270,"road":"","cls":"tertiary","shops":0,"st_km":0.4,"mesh":"53394573"},"geometry":{"type":"LineString","coordinates":[[139.66866,35.72927],[139.66822,35.72934]]}},{"type":"Feature","properties":{"idx":271,"road":"","cls":"tertiary","shops":2,"st_km":0.75,"mesh":"53394563"},"geometry":{"type":"LineString","coordinates":[[139.6725,35.7222],[139.67226,35.72239],[139.67226,35.72285]]}},{"type":"Feature","properties":{"idx":246,"road":"","cls":"tertiary","shops":1,"st_km":0.54,"mesh":"53394563"},"geometry":{"type":"LineString","coordinates":[[139.67436,35.72041],[139.67353,35.7206]]}},{"type":"Feature","properties":{"idx":386,"road":"","cls":"tertiary","shops":2,"st_km":0.37,"mesh":"53394563"},"geometry":{"type":"LineString","coordinates":[[139.6681,35.72044],[139.66897,35.72054]]}},{"type":"Feature","properties":{"idx":168,"road":"","cls":"tertiary","shops":0,"st_km":0.51,"mesh":"53394563"},"geometry":{"type":"LineString","coordinates":[[139.66907,35.72055],[139.67022,35.72066],[139.67127,35.72066]]}},{"type":"Feature","properties":{"idx":895,"road":"","cls":"tertiary","shops":9,"st_km":0.55,"mesh":"53394563"},"geometry":{"type":"LineString","coordinates":[[139.67529,35.72033],[139.67462,35.72035],[139.67436,35.72041]]}},{"type":"Feature","properties":{"idx":165,"road":"トキワ通り","cls":"tertiary","shops":2,"st_km":0.21,"mesh":"53394576"},"geometry":{"type":"LineString","coordinates":[[139.71246,35.73332],[139.70903,35.73297],[139.70757,35.73299],[139.70734,35.73302],[139.70657,35.73324],[139.70621,35.73357],[139.70617,35.7338]]}},{"type":"Feature","properties":{"idx":932,"road":"","cls":"tertiary_link","shops":16,"st_km":0.37,"mesh":"53394576"},"geometry":{"type":"LineString","coordinates":[[139.71191,35.72712],[139.71203,35.72704],[139.7122,35.72708]]}},{"type":"Feature","properties":{"idx":1556,"road":"","cls":"tertiary","shops":16,"st_km":0.28,"mesh":"53394566"},"geometry":{"type":"LineString","coordinates":[[139.70457,35.72264],[139.70443,35.72247],[139.70432,35.72223]]}},{"type":"Feature","properties":{"idx":117,"road":"道楽橋","cls":"tertiary","shops":0,"st_km":0.96,"mesh":"53394590"},"geometry":{"type":"LineString","coordinates":[[139.63327,35.74522],[139.63346,35.74514]]}},{"type":"Feature","properties":{"idx":254,"road":"","cls":"tertiary","shops":1,"st_km":0.56,"mesh":"53394590"},"geometry":{"type":"LineString","coordinates":[[139.63566,35.74305],[139.63769,35.74048],[139.63772,35.74034]]}},{"type":"Feature","properties":{"idx":165,"road":"","cls":"tertiary","shops":0,"st_km":0.54,"mesh":"53394519"},"geometry":{"type":"LineString","coordinates":[[139.74493,35.67976],[139.74532,35.67862],[139.74549,35.67795]]}},{"type":"Feature","properties":{"idx":636,"road":"","cls":"tertiary","shops":2,"st_km":0.13,"mesh":"53394544"},"geometry":{"type":"LineString","coordinates":[[139.68628,35.70569],[139.68611,35.70537]]}},{"type":"Feature","properties":{"idx":1088,"road":"","cls":"tertiary","shops":3,"st_km":0.56,"mesh":"53394545"},"geometry":{"type":"LineString","coordinates":[[139.69062,35.70579],[139.69106,35.70667],[139.69117,35.70712],[139.69114,35.70845]]}},{"type":"Feature","properties":{"idx":626,"road":"","cls":"tertiary","shops":1,"st_km":0.57,"mesh":"53394545"},"geometry":{"type":"LineString","coordinates":[[139.69627,35.70451],[139.69634,35.70493],[139.69625,35.70533],[139.69644,35.70683]]}},{"type":"Feature","properties":{"idx":444,"road":"","cls":"tertiary","shops":1,"st_km":0.69,"mesh":"53394546"},"geometry":{"type":"LineString","coordinates":[[139.69997,35.70768],[139.70011,35.70737]]}},{"type":"Feature","properties":{"idx":65,"road":"","cls":"tertiary","shops":0,"st_km":0.82,"mesh":"53394555"},"geometry":{"type":"LineString","coordinates":[[139.69662,35.70787],[139.69662,35.70884]]}},{"type":"Feature","properties":{"idx":636,"road":"","cls":"tertiary","shops":1,"st_km":0.58,"mesh":"53394545"},"geometry":{"type":"LineString","coordinates":[[139.70003,35.70422],[139.70009,35.70448],[139.70005,35.70472],[139.70011,35.70512],[139.70011,35.70568],[139.69998,35.70627],[139.70012,35.70735],[139.70008,35.70739],[139.69928,35.70743]]}},{"type":"Feature","properties":{"idx":100,"road":"","cls":"tertiary","shops":1,"st_km":0.79,"mesh":"53394555"},"geometry":{"type":"LineString","coordinates":[[139.69553,35.70794],[139.69536,35.70911],[139.6954,35.70919]]}},{"type":"Feature","properties":{"idx":317,"road":"","cls":"tertiary","shops":0,"st_km":0.62,"mesh":"53394546"},"geometry":{"type":"LineString","coordinates":[[139.70157,35.70889],[139.70127,35.70815],[139.69928,35.70743]]}},{"type":"Feature","properties":{"idx":738,"road":"","cls":"tertiary","shops":2,"st_km":0.7,"mesh":"53394545"},"geometry":{"type":"LineString","coordinates":[[139.69644,35.70683],[139.69579,35.70685]]}},{"type":"Feature","properties":{"idx":143,"road":"","cls":"tertiary","shops":0,"st_km":0.63,"mesh":"53394554"},"geometry":{"type":"LineString","coordinates":[[139.67942,35.71604],[139.67953,35.71627],[139.67953,35.71647],[139.67923,35.7168],[139.67915,35.71697]]}},{"type":"Feature","properties":{"idx":157,"road":"","cls":"tertiary","shops":0,"st_km":0.53,"mesh":"53394554"},"geometry":{"type":"LineString","coordinates":[[139.67771,35.71617],[139.67918,35.71606]]}},{"type":"Feature","properties":{"idx":195,"road":"","cls":"tertiary","shops":0,"st_km":0.99,"mesh":"53394572"},"geometry":{"type":"LineString","coordinates":[[139.65693,35.72995],[139.65721,35.72872],[139.65678,35.7261]]}},{"type":"Feature","properties":{"idx":248,"road":"","cls":"secondary","shops":0,"st_km":0.85,"mesh":"53394572"},"geometry":{"type":"LineString","coordinates":[[139.6539,35.72678],[139.65397,35.7276]]}},{"type":"Feature","properties":{"idx":943,"road":"豊中通り","cls":"tertiary","shops":2,"st_km":0.62,"mesh":"53394571"},"geometry":{"type":"LineString","coordinates":[[139.63919,35.73227],[139.64341,35.73219]]}},{"type":"Feature","properties":{"idx":286,"road":"","cls":"tertiary","shops":0,"st_km":0.31,"mesh":"53394580"},"geometry":{"type":"LineString","coordinates":[[139.63616,35.73376],[139.63881,35.73408]]}},{"type":"Feature","properties":{"idx":527,"road":"","cls":"tertiary","shops":0,"st_km":0.5,"mesh":"53394571"},"geometry":{"type":"LineString","coordinates":[[139.63656,35.73211],[139.63919,35.73227]]}},{"type":"Feature","properties":{"idx":305,"road":"","cls":"tertiary","shops":1,"st_km":0.23,"mesh":"53394542"},"geometry":{"type":"LineString","coordinates":[[139.65239,35.70326],[139.65119,35.70348],[139.64964,35.70386]]}},{"type":"Feature","properties":{"idx":2542,"road":"","cls":"tertiary","shops":20,"st_km":0.11,"mesh":"53394542"},"geometry":{"type":"LineString","coordinates":[[139.65028,35.70478],[139.6503,35.70473],[139.65094,35.70454]]}},{"type":"Feature","properties":{"idx":402,"road":"","cls":"tertiary","shops":2,"st_km":0.24,"mesh":"53394542"},"geometry":{"type":"LineString","coordinates":[[139.651,35.70282],[139.65125,35.70368],[139.65152,35.70414]]}},{"type":"Feature","properties":{"idx":436,"road":"","cls":"pedestrian","shops":0,"st_km":0.72,"mesh":"53394559"},"geometry":{"type":"LineString","coordinates":[[139.74192,35.70974],[139.74207,35.71045]]}},{"type":"Feature","properties":{"idx":463,"road":"","cls":"pedestrian","shops":0,"st_km":0.46,"mesh":"53394546"},"geometry":{"type":"LineString","coordinates":[[139.70481,35.70317],[139.70424,35.70324]]}},{"type":"Feature","properties":{"idx":383,"road":"","cls":"tertiary","shops":0,"st_km":0.33,"mesh":"53394546"},"geometry":{"type":"LineString","coordinates":[[139.70106,35.70367],[139.70125,35.70367],[139.70138,35.70409]]}},{"type":"Feature","properties":{"idx":391,"road":"山手通り","cls":"primary","shops":0,"st_km":0.37,"mesh":"53394515"},"geometry":{"type":"LineString","coordinates":[[139.68836,35.68235],[139.68875,35.68189],[139.68889,35.68153],[139.68891,35.68129],[139.68862,35.67898],[139.68809,35.67749],[139.68799,35.67708],[139.68784,35.67361]]}},{"type":"Feature","properties":{"idx":613,"road":"明治通り","cls":"primary","shops":4,"st_km":0.3,"mesh":"53394526"},"geometry":{"type":"LineString","coordinates":[[139.70304,35.68709],[139.70284,35.6878],[139.70286,35.68798],[139.70405,35.6897]]}},{"type":"Feature","properties":{"idx":779,"road":"明治通り","cls":"primary","shops":6,"st_km":0.35,"mesh":"53394526"},"geometry":{"type":"LineString","coordinates":[[139.70415,35.68971],[139.70297,35.68799],[139.70293,35.68787],[139.7035,35.68585],[139.70357,35.68566],[139.70371,35.68555]]}},{"type":"Feature","properties":{"idx":358,"road":"明治通り","cls":"primary","shops":0,"st_km":0.23,"mesh":"53394516"},"geometry":{"type":"LineString","coordinates":[[139.70398,35.68458],[139.70418,35.68419],[139.70446,35.6838],[139.7046,35.68345],[139.70461,35.6816]]}},{"type":"Feature","properties":{"idx":2813,"road":"明治通り","cls":"primary","shops":24,"st_km":0.12,"mesh":"53394536"},"geometry":{"type":"LineString","coordinates":[[139.70484,35.69088],[139.70582,35.69251]]}},{"type":"Feature","properties":{"idx":935,"road":"御苑通り","cls":"primary","shops":8,"st_km":0.28,"mesh":"53394526"},"geometry":{"type":"LineString","coordinates":[[139.70685,35.68997],[139.70673,35.68967],[139.70652,35.68936]]}},{"type":"Feature","properties":{"idx":1295,"road":"新宿通り","cls":"tertiary","shops":15,"st_km":0.27,"mesh":"53394526"},"geometry":{"type":"LineString","coordinates":[[139.70685,35.68997],[139.70669,35.69003]]}},{"type":"Feature","properties":{"idx":536,"road":"","cls":"tertiary","shops":0,"st_km":0.32,"mesh":"53394524"},"geometry":{"type":"LineString","coordinates":[[139.68136,35.68764],[139.68191,35.68808],[139.68269,35.68837]]}},{"type":"Feature","properties":{"idx":1619,"road":"諏訪通り","cls":"primary","shops":20,"st_km":0.33,"mesh":"53394547"},"geometry":{"type":"LineString","coordinates":[[139.71882,35.70671],[139.71876,35.70666]]}},{"type":"Feature","properties":{"idx":1082,"road":"","cls":"pedestrian","shops":2,"st_km":0.33,"mesh":"53394568"},"geometry":{"type":"LineString","coordinates":[[139.73697,35.71881],[139.73692,35.71884],[139.73662,35.71997],[139.73609,35.72041],[139.73489,35.7203]]}},{"type":"Feature","properties":{"idx":373,"road":"中野通り","cls":"secondary","shops":2,"st_km":0.52,"mesh":"53394563"},"geometry":{"type":"LineString","coordinates":[[139.67236,35.72206],[139.67206,35.72174],[139.67139,35.72079],[139.67085,35.72029],[139.67063,35.72003],[139.67024,35.71901],[139.66978,35.7183]]}},{"type":"Feature","properties":{"idx":2026,"road":"青梅街道","cls":"primary","shops":12,"st_km":0.07,"mesh":"53394530"},"geometry":{"type":"LineString","coordinates":[[139.63553,35.6995],[139.63704,35.69893]]}},{"type":"Feature","properties":{"idx":472,"road":"青梅街道","cls":"primary","shops":6,"st_km":0.56,"mesh":"53394540"},"geometry":{"type":"LineString","coordinates":[[139.63552,35.69942],[139.6327,35.70055],[139.63039,35.70155],[139.62936,35.70208],[139.62755,35.70321],[139.62476,35.70442]]}},{"type":"Feature","properties":{"idx":1260,"road":"青梅街道","cls":"primary","shops":8,"st_km":0.42,"mesh":"53394533"},"geometry":{"type":"LineString","coordinates":[[139.65481,35.69805],[139.65771,35.69806],[139.66151,35.69753],[139.66255,35.69746],[139.66603,35.69743],[139.67097,35.69757]]}},{"type":"Feature","properties":{"idx":685,"road":"青梅街道","cls":"primary","shops":8,"st_km":0.42,"mesh":"53394532"},"geometry":{"type":"LineString","coordinates":[[139.65456,35.69797],[139.65175,35.69793]]}},{"type":"Feature","properties":{"idx":1131,"road":"新目白通り","cls":"primary","shops":4,"st_km":0.12,"mesh":"53394564"},"geometry":{"type":"LineString","coordinates":[[139.68414,35.72267],[139.6845,35.72237]]}},{"type":"Feature","properties":{"idx":419,"road":"新目白通り","cls":"primary","shops":1,"st_km":0.42,"mesh":"53394564"},"geometry":{"type":"LineString","coordinates":[[139.6845,35.72237],[139.68911,35.71915]]}},{"type":"Feature","properties":{"idx":879,"road":"目白通り","cls":"primary","shops":6,"st_km":0.09,"mesh":"53394558"},"geometry":{"type":"LineString","coordinates":[[139.73162,35.71022],[139.73192,35.71022],[139.73236,35.71011],[139.73427,35.70935],[139.73497,35.70915]]}},{"type":"Feature","properties":{"idx":1289,"road":"目白通り","cls":"primary","shops":13,"st_km":0.33,"mesh":"53394558"},"geometry":{"type":"LineString","coordinates":[[139.7314,35.71076],[139.73118,35.71145]]}},{"type":"Feature","properties":{"idx":307,"road":"新目白通り","cls":"primary","shops":2,"st_km":0.44,"mesh":"53394558"},"geometry":{"type":"LineString","coordinates":[[139.73153,35.71009],[139.72954,35.70983],[139.72833,35.70959],[139.72761,35.70955],[139.72711,35.70959]]}},{"type":"Feature","properties":{"idx":1338,"road":"靖国通り","cls":"primary","shops":6,"st_km":0.47,"mesh":"53394539"},"geometry":{"type":"LineString","coordinates":[[139.74645,35.69428],[139.74523,35.69391],[139.74386,35.69337],[139.74204,35.69279],[139.7364,35.69115]]}},{"type":"Feature","properties":{"idx":792,"road":"下田橋","cls":"secondary","shops":8,"st_km":0.7,"mesh":"53394563"},"geometry":{"type":"LineString","coordinates":[[139.67245,35.72215],[139.67236,35.72206]]}},{"type":"Feature","properties":{"idx":121,"road":"","cls":"tertiary_link","shops":2,"st_km":0.43,"mesh":"53394556"},"geometry":{"type":"LineString","coordinates":[[139.70437,35.70911],[139.70432,35.70896]]}},{"type":"Feature","properties":{"idx":213,"road":"","cls":"tertiary","shops":0,"st_km":0.36,"mesh":"53394509"},"geometry":{"type":"LineString","coordinates":[[139.74604,35.67027],[139.74587,35.67023]]}},{"type":"Feature","properties":{"idx":149,"road":"","cls":"secondary_link","shops":0,"st_km":0.28,"mesh":"53394519"},"geometry":{"type":"LineString","coordinates":[[139.74904,35.67596],[139.74922,35.67638],[139.74911,35.67655]]}},{"type":"Feature","properties":{"idx":232,"road":"東京都道一七六号線","cls":"secondary","shops":0,"st_km":0.24,"mesh":"53394519"},"geometry":{"type":"LineString","coordinates":[[139.74922,35.67678],[139.74945,35.67689]]}},{"type":"Feature","properties":{"idx":934,"road":"南中央通り","cls":"tertiary","shops":16,"st_km":0.24,"mesh":"53394541"},"geometry":{"type":"LineString","coordinates":[[139.64963,35.70307],[139.64856,35.70329]]}},{"type":"Feature","properties":{"idx":1141,"road":"高南通り","cls":"tertiary","shops":18,"st_km":0.15,"mesh":"53394541"},"geometry":{"type":"LineString","coordinates":[[139.64963,35.70307],[139.64965,35.7048]]}},{"type":"Feature","properties":{"idx":97,"road":"大日橋通り","cls":"tertiary","shops":0,"st_km":0.59,"mesh":"53394553"},"geometry":{"type":"LineString","coordinates":[[139.67374,35.71169],[139.67331,35.71043],[139.67324,35.70998],[139.67302,35.70917]]}},{"type":"Feature","properties":{"idx":552,"road":"","cls":"pedestrian","shops":0,"st_km":0.57,"mesh":"53394552"},"geometry":{"type":"LineString","coordinates":[[139.66043,35.71474],[139.66331,35.71457]]}},{"type":"Feature","properties":{"idx":429,"road":"","cls":"pedestrian","shops":0,"st_km":0.53,"mesh":"53394546"},"geometry":{"type":"LineString","coordinates":[[139.71051,35.70299],[139.71099,35.70305],[139.71227,35.70308],[139.71292,35.70305],[139.71335,35.70291],[139.71366,35.7027]]}},{"type":"Feature","properties":{"idx":414,"road":"","cls":"pedestrian","shops":0,"st_km":0.57,"mesh":"53394546"},"geometry":{"type":"LineString","coordinates":[[139.71245,35.70307],[139.71245,35.70323],[139.71253,35.70347]]}},{"type":"Feature","properties":{"idx":268,"road":"","cls":"pedestrian","shops":2,"st_km":0.48,"mesh":"53394547"},"geometry":{"type":"LineString","coordinates":[[139.71456,35.70146],[139.71459,35.70221],[139.7139,35.70238],[139.71376,35.70249],[139.71366,35.7027]]}},{"type":"Feature","properties":{"idx":492,"road":"","cls":"pedestrian","shops":4,"st_km":0.47,"mesh":"53394525"},"geometry":{"type":"LineString","coordinates":[[139.69558,35.68706],[139.69562,35.68697],[139.69532,35.68682],[139.69538,35.68665]]}},{"type":"Feature","properties":{"idx":692,"road":"","cls":"pedestrian","shops":6,"st_km":0.53,"mesh":"53394525"},"geometry":{"type":"LineString","coordinates":[[139.69338,35.68575],[139.69315,35.68596]]}},{"type":"Feature","properties":{"idx":1212,"road":"","cls":"tertiary","shops":38,"st_km":0.15,"mesh":"53394589"},"geometry":{"type":"LineString","coordinates":[[139.74715,35.73578],[139.74696,35.73569]]}},{"type":"Feature","properties":{"idx":898,"road":"","cls":"tertiary","shops":29,"st_km":0.2,"mesh":"53394589"},"geometry":{"type":"LineString","coordinates":[[139.74703,35.73525],[139.74714,35.7353]]}},{"type":"Feature","properties":{"idx":990,"road":"本郷通り","cls":"secondary","shops":27,"st_km":0.15,"mesh":"53394589"},"geometry":{"type":"LineString","coordinates":[[139.74678,35.73587],[139.74667,35.73615]]}},{"type":"Feature","properties":{"idx":1140,"road":"本郷通り","cls":"secondary","shops":31,"st_km":0.14,"mesh":"53394589"},"geometry":{"type":"LineString","coordinates":[[139.74679,35.7362],[139.74689,35.73591]]}},{"type":"Feature","properties":{"idx":1403,"road":"要町通り","cls":"secondary","shops":7,"st_km":0.02,"mesh":"53394575"},"geometry":{"type":"LineString","coordinates":[[139.69927,35.73311],[139.69717,35.73343]]}},{"type":"Feature","properties":{"idx":1151,"road":"山手通り","cls":"primary","shops":5,"st_km":0.07,"mesh":"53394575"},"geometry":{"type":"LineString","coordinates":[[139.69927,35.73311],[139.69931,35.7332]]}},{"type":"Feature","properties":{"idx":1483,"road":"補助第92号線","cls":"tertiary","shops":8,"st_km":0.45,"mesh":"53394599"},"geometry":{"type":"LineString","coordinates":[[139.7472,35.74309],[139.74688,35.74313]]}},{"type":"Feature","properties":{"idx":1516,"road":"本郷通り","cls":"secondary","shops":6,"st_km":0.3,"mesh":"53394599"},"geometry":{"type":"LineString","coordinates":[[139.73753,35.75081],[139.73819,35.74984],[139.73911,35.74879],[139.74123,35.74718],[139.74185,35.74644],[139.74297,35.7453]]}},{"type":"Feature","properties":{"idx":736,"road":"補助第92号線","cls":"tertiary","shops":3,"st_km":0.46,"mesh":"53394599"},"geometry":{"type":"LineString","coordinates":[[139.74739,35.74307],[139.7472,35.74309]]}},{"type":"Feature","properties":{"idx":2154,"road":"","cls":"pedestrian","shops":4,"st_km":0.54,"mesh":"53394514"},"geometry":{"type":"LineString","coordinates":[[139.68108,35.681],[139.68069,35.68076]]}},{"type":"Feature","properties":{"idx":737,"road":"グリーン大通り","cls":"tertiary","shops":9,"st_km":0.39,"mesh":"53394577"},"geometry":{"type":"LineString","coordinates":[[139.714,35.72919],[139.71573,35.72811]]}},{"type":"Feature","properties":{"idx":1685,"road":"明治通り","cls":"primary","shops":18,"st_km":0.38,"mesh":"53394577"},"geometry":{"type":"LineString","coordinates":[[139.71414,35.73207],[139.71488,35.73247]]}},{"type":"Feature","properties":{"idx":1504,"road":"グリーン大通り","cls":"tertiary","shops":16,"st_km":0.18,"mesh":"53394577"},"geometry":{"type":"LineString","coordinates":[[139.71273,35.72997],[139.71319,35.72971]]}},{"type":"Feature","properties":{"idx":382,"road":"宇田川 遊歩道","cls":"pedestrian","shops":3,"st_km":0.1,"mesh":"53394505"},"geometry":{"type":"LineString","coordinates":[[139.69104,35.66779],[139.69029,35.66873],[139.69016,35.66877],[139.68983,35.66875]]}},{"type":"Feature","properties":{"idx":986,"road":"上原水道通り","cls":"tertiary","shops":1,"st_km":0.42,"mesh":"53394504"},"geometry":{"type":"LineString","coordinates":[[139.68465,35.66716],[139.68495,35.66737],[139.68579,35.66779],[139.68585,35.66794]]}},{"type":"Feature","properties":{"idx":639,"road":"","cls":"pedestrian","shops":8,"st_km":0.27,"mesh":"53394505"},"geometry":{"type":"LineString","coordinates":[[139.69124,35.66756],[139.69159,35.66724],[139.69217,35.66683]]}},{"type":"Feature","properties":{"idx":367,"road":"井ノ頭通り","cls":"secondary","shops":0,"st_km":0.58,"mesh":"53394501"},"geometry":{"type":"LineString","coordinates":[[139.64998,35.67289],[139.6478,35.67399]]}},{"type":"Feature","properties":{"idx":2153,"road":"明治通","cls":"primary","shops":19,"st_km":0.38,"mesh":"53394576"},"geometry":{"type":"LineString","coordinates":[[139.71174,35.72677],[139.71181,35.72704]]}},{"type":"Feature","properties":{"idx":1295,"road":"","cls":"tertiary","shops":13,"st_km":0.15,"mesh":"53394577"},"geometry":{"type":"LineString","coordinates":[[139.71267,35.72983],[139.71256,35.72982]]}},{"type":"Feature","properties":{"idx":1036,"road":"補助第171号線","cls":"tertiary","shops":12,"st_km":0.29,"mesh":"53394577"},"geometry":{"type":"LineString","coordinates":[[139.71398,35.72909],[139.714,35.72919]]}},{"type":"Feature","properties":{"idx":1696,"road":"","cls":"tertiary","shops":19,"st_km":0.39,"mesh":"53394576"},"geometry":{"type":"LineString","coordinates":[[139.71174,35.72677],[139.71182,35.72676]]}},{"type":"Feature","properties":{"idx":1258,"road":"明治通り","cls":"primary","shops":10,"st_km":0.16,"mesh":"53394526"},"geometry":{"type":"LineString","coordinates":[[139.70453,35.6816],[139.70454,35.68284],[139.70444,35.68328],[139.70423,35.68375],[139.70394,35.68416],[139.70379,35.68445],[139.70304,35.68709]]}},{"type":"Feature","properties":{"idx":2040,"road":"明治通","cls":"primary","shops":16,"st_km":0.28,"mesh":"53394576"},"geometry":{"type":"LineString","coordinates":[[139.71216,35.72895],[139.71203,35.7276],[139.71182,35.72676]]}},{"type":"Feature","properties":{"idx":1160,"road":"グリーン大通り","cls":"tertiary","shops":13,"st_km":0.25,"mesh":"53394577"},"geometry":{"type":"LineString","coordinates":[[139.71398,35.72909],[139.7132,35.72958]]}},{"type":"Feature","properties":{"idx":351,"road":"不忍通り","cls":"secondary","shops":0,"st_km":0.56,"mesh":"53394568"},"geometry":{"type":"LineString","coordinates":[[139.73179,35.72149],[139.73343,35.7216],[139.73475,35.72193],[139.73648,35.72283],[139.73723,35.72351]]}},{"type":"Feature","properties":{"idx":516,"road":"新目白通り","cls":"primary","shops":4,"st_km":0.03,"mesh":"53394557"},"geometry":{"type":"LineString","coordinates":[[139.71734,35.71241],[139.72145,35.71116]]}},{"type":"Feature","properties":{"idx":491,"road":"早稲田通り","cls":"primary","shops":6,"st_km":0.37,"mesh":"53394557"},"geometry":{"type":"LineString","coordinates":[[139.71649,35.70931],[139.7164,35.70935]]}},{"type":"Feature","properties":{"idx":1885,"road":"早稲田通り","cls":"primary","shops":26,"st_km":0.33,"mesh":"53394556"},"geometry":{"type":"LineString","coordinates":[[139.70996,35.71147],[139.70766,35.71191],[139.70723,35.71211],[139.7058,35.71293],[139.70516,35.71323],[139.70505,35.71336]]}},{"type":"Feature","properties":{"idx":212,"road":"新目白通り","cls":"primary","shops":1,"st_km":0.22,"mesh":"53394557"},"geometry":{"type":"LineString","coordinates":[[139.72156,35.71103],[139.72109,35.71116]]}},{"type":"Feature","properties":{"idx":262,"road":"新目白通り","cls":"primary","shops":3,"st_km":0.54,"mesh":"53394557"},"geometry":{"type":"LineString","coordinates":[[139.72228,35.71093],[139.7253,35.71009],[139.72703,35.70975]]}},{"type":"Feature","properties":{"idx":212,"road":"環状4号線","cls":"primary","shops":1,"st_km":0.22,"mesh":"53394557"},"geometry":{"type":"LineString","coordinates":[[139.71644,35.70942],[139.71675,35.7104],[139.71723,35.71228],[139.71726,35.71236],[139.71734,35.71241]]}},{"type":"Feature","properties":{"idx":212,"road":"環状4号線","cls":"primary","shops":1,"st_km":0.22,"mesh":"53394557"},"geometry":{"type":"LineString","coordinates":[[139.71733,35.71225],[139.71683,35.71036],[139.71652,35.70939]]}},{"type":"Feature","properties":{"idx":241,"road":"新目白通り","cls":"primary","shops":1,"st_km":0.02,"mesh":"53394557"},"geometry":{"type":"LineString","coordinates":[[139.71733,35.71225],[139.71435,35.71289],[139.7118,35.71407]]}},{"type":"Feature","properties":{"idx":778,"road":"早大通り","cls":"tertiary","shops":11,"st_km":0.31,"mesh":"53394557"},"geometry":{"type":"LineString","coordinates":[[139.72171,35.70858],[139.7225,35.70839]]}},{"type":"Feature","properties":{"idx":1124,"road":"早稲田通り","cls":"primary","shops":19,"st_km":0.42,"mesh":"53394556"},"geometry":{"type":"LineString","coordinates":[[139.70998,35.71153],[139.71008,35.71152]]}},{"type":"Feature","properties":{"idx":2114,"road":"早稲田通り","cls":"primary","shops":25,"st_km":0.27,"mesh":"53394547"},"geometry":{"type":"LineString","coordinates":[[139.71882,35.70671],[139.7193,35.70634],[139.71996,35.70601]]}},{"type":"Feature","properties":{"idx":602,"road":"早大通り","cls":"tertiary","shops":7,"st_km":0.5,"mesh":"53394548"},"geometry":{"type":"LineString","coordinates":[[139.72688,35.70749],[139.72827,35.70741],[139.73107,35.70742],[139.73123,35.70738]]}},{"type":"Feature","properties":{"idx":914,"road":"諏訪通り","cls":"primary","shops":10,"st_km":0.08,"mesh":"53394556"},"geometry":{"type":"LineString","coordinates":[[139.70908,35.70843],[139.70848,35.70845]]}},{"type":"Feature","properties":{"idx":211,"road":"諏訪通り","cls":"primary","shops":2,"st_km":0.43,"mesh":"53394556"},"geometry":{"type":"LineString","coordinates":[[139.70583,35.70874],[139.70503,35.70883],[139.70323,35.70922]]}},{"type":"Feature","properties":{"idx":237,"road":"富ヶ谷1丁目通り","cls":"tertiary","shops":2,"st_km":0.04,"mesh":"53394505"},"geometry":{"type":"LineString","coordinates":[[139.6884,35.66934],[139.6898,35.66875],[139.69073,35.66764]]}},{"type":"Feature","properties":{"idx":175,"road":"山手通り","cls":"primary","shops":1,"st_km":0.27,"mesh":"53394505"},"geometry":{"type":"LineString","coordinates":[[139.68788,35.66675],[139.68783,35.66777]]}},{"type":"Feature","properties":{"idx":199,"road":"代々木淀橋線","cls":"tertiary","shops":2,"st_km":0.2,"mesh":"53394505"},"geometry":{"type":"LineString","coordinates":[[139.69114,35.66873],[139.69099,35.66892],[139.69084,35.66931],[139.69079,35.66992],[139.69126,35.67255]]}},{"type":"Feature","properties":{"idx":4684,"road":"","cls":"pedestrian","shops":7,"st_km":0.17,"mesh":"53394514"},"geometry":{"type":"LineString","coordinates":[[139.67891,35.67801],[139.67904,35.67772]]}},{"type":"Feature","properties":{"idx":824,"road":"中野通り","cls":"secondary","shops":11,"st_km":0.37,"mesh":"53394543"},"geometry":{"type":"LineString","coordinates":[[139.66566,35.70275],[139.66576,35.70258],[139.66668,35.70167],[139.66684,35.70146],[139.66743,35.69986],[139.66754,35.6995],[139.66758,35.69914],[139.66742,35.69746]]}},{"type":"Feature","properties":{"idx":1987,"road":"中野通り","cls":"secondary","shops":19,"st_km":0.07,"mesh":"53394543"},"geometry":{"type":"LineString","coordinates":[[139.66543,35.70522],[139.66544,35.70494]]}},{"type":"Feature","properties":{"idx":815,"road":"中野通り","cls":"secondary","shops":2,"st_km":0.1,"mesh":"53394523"},"geometry":{"type":"LineString","coordinates":[[139.66909,35.69123],[139.66909,35.69125]]}},{"type":"Feature","properties":{"idx":817,"road":"角筈和泉町線","cls":"secondary","shops":0,"st_km":0.28,"mesh":"53394513"},"geometry":{"type":"LineString","coordinates":[[139.67042,35.67758],[139.6608,35.67408]]}},{"type":"Feature","properties":{"idx":565,"road":"角筈和泉町線(泉南)","cls":"secondary","shops":4,"st_km":0.3,"mesh":"53394502"},"geometry":{"type":"LineString","coordinates":[[139.66,35.67379],[139.65993,35.67377]]}},{"type":"Feature","properties":{"idx":659,"road":"環七通り","cls":"primary","shops":4,"st_km":0.26,"mesh":"53394502"},"geometry":{"type":"LineString","coordinates":[[139.6601,35.67372],[139.66054,35.6728]]}},{"type":"Feature","properties":{"idx":1130,"road":"","cls":"tertiary","shops":4,"st_km":0.06,"mesh":"53394523"},"geometry":{"type":"LineString","coordinates":[[139.66847,35.69086],[139.66913,35.69093]]}},{"type":"Feature","properties":{"idx":485,"road":"本郷通り","cls":"tertiary","shops":1,"st_km":0.21,"mesh":"53394523"},"geometry":{"type":"LineString","coordinates":[[139.66913,35.69093],[139.67316,35.69139],[139.67441,35.69147]]}},{"type":"Feature","properties":{"idx":809,"road":"環七通り","cls":"primary","shops":5,"st_km":0.21,"mesh":"53394502"},"geometry":{"type":"LineString","coordinates":[[139.6606,35.67268],[139.66063,35.67262]]}},{"type":"Feature","properties":{"idx":178,"road":"東通り","cls":"secondary","shops":0,"st_km":0.22,"mesh":"53394535"},"geometry":{"type":"LineString","coordinates":[[139.69474,35.69093],[139.69435,35.69265]]}},{"type":"Feature","properties":{"idx":579,"road":"ふれあい通り","cls":"secondary","shops":4,"st_km":0.22,"mesh":"53394525"},"geometry":{"type":"LineString","coordinates":[[139.6953,35.6892],[139.6927,35.68879]]}},{"type":"Feature","properties":{"idx":546,"road":"ふれあい通り","cls":"secondary","shops":4,"st_km":0.27,"mesh":"53394525"},"geometry":{"type":"LineString","coordinates":[[139.69514,35.68928],[139.69527,35.6893]]}},{"type":"Feature","properties":{"idx":773,"road":"東通り","cls":"secondary","shops":6,"st_km":0.22,"mesh":"53394525"},"geometry":{"type":"LineString","coordinates":[[139.69514,35.68928],[139.69474,35.69093]]}},{"type":"Feature","properties":{"idx":547,"road":"角筈和泉町線","cls":"secondary","shops":5,"st_km":0.44,"mesh":"53394525"},"geometry":{"type":"LineString","coordinates":[[139.6864,35.68449],[139.68942,35.68619]]}},{"type":"Feature","properties":{"idx":417,"road":"東通り","cls":"secondary","shops":3,"st_km":0.36,"mesh":"53394525"},"geometry":{"type":"LineString","coordinates":[[139.6953,35.6892],[139.6958,35.68758]]}},{"type":"Feature","properties":{"idx":666,"road":"東通り","cls":"secondary","shops":5,"st_km":0.23,"mesh":"53394525"},"geometry":{"type":"LineString","coordinates":[[139.69488,35.69087],[139.6953,35.6892]]}},{"type":"Feature","properties":{"idx":426,"road":"十二社通り","cls":"secondary","shops":3,"st_km":0.32,"mesh":"53394525"},"geometry":{"type":"LineString","coordinates":[[139.6873,35.69109],[139.68747,35.69068],[139.68875,35.68905],[139.68885,35.68882],[139.68897,35.6883]]}},{"type":"Feature","properties":{"idx":1637,"road":"御苑通り","cls":"primary","shops":15,"st_km":0.26,"mesh":"53394526"},"geometry":{"type":"LineString","coordinates":[[139.70669,35.69003],[139.70683,35.6904]]}},{"type":"Feature","properties":{"idx":699,"road":"御苑通り","cls":"primary","shops":6,"st_km":0.32,"mesh":"53394536"},"geometry":{"type":"LineString","coordinates":[[139.70687,35.6926],[139.70676,35.69369]]}},{"type":"Feature","properties":{"idx":182,"road":"御苑通り","cls":"primary","shops":0,"st_km":0.28,"mesh":"53394536"},"geometry":{"type":"LineString","coordinates":[[139.70692,35.6922],[139.70687,35.6926]]}},{"type":"Feature","properties":{"idx":1241,"road":"御苑通り","cls":"primary","shops":11,"st_km":0.26,"mesh":"53394526"},"geometry":{"type":"LineString","coordinates":[[139.70709,35.69215],[139.70714,35.69151],[139.70712,35.69103],[139.70705,35.69061],[139.70685,35.68997]]}},{"type":"Feature","properties":{"idx":179,"road":"","cls":"tertiary","shops":1,"st_km":0.53,"mesh":"53394578"},"geometry":{"type":"LineString","coordinates":[[139.73512,35.72594],[139.73537,35.72607]]}},{"type":"Feature","properties":{"idx":591,"road":"","cls":"tertiary","shops":7,"st_km":0.39,"mesh":"53394558"},"geometry":{"type":"LineString","coordinates":[[139.73399,35.71485],[139.73358,35.71501],[139.73314,35.71499]]}},{"type":"Feature","properties":{"idx":274,"road":"夏目坂通り","cls":"tertiary","shops":2,"st_km":0.18,"mesh":"53394547"},"geometry":{"type":"LineString","coordinates":[[139.72164,35.70347],[139.72156,35.7036],[139.72084,35.70425],[139.72029,35.70554],[139.72019,35.70589]]}},{"type":"Feature","properties":{"idx":1278,"road":"環七通り","cls":"primary","shops":3,"st_km":0.48,"mesh":"53394593"},"geometry":{"type":"LineString","coordinates":[[139.67491,35.74555],[139.67482,35.74549]]}},{"type":"Feature","properties":{"idx":544,"road":"","cls":"pedestrian","shops":0,"st_km":0.58,"mesh":"53394552"},"geometry":{"type":"LineString","coordinates":[[139.66004,35.71582],[139.65986,35.71581],[139.65975,35.71587]]}},{"type":"Feature","properties":{"idx":2078,"road":"","cls":"pedestrian","shops":5,"st_km":0.06,"mesh":"53394515"},"geometry":{"type":"LineString","coordinates":[[139.6885,35.68188],[139.68765,35.68112],[139.68673,35.68047]]}},{"type":"Feature","properties":{"idx":2549,"road":"明治通り","cls":"primary","shops":23,"st_km":0.2,"mesh":"53394577"},"geometry":{"type":"LineString","coordinates":[[139.71298,35.73124],[139.713,35.73114]]}},{"type":"Feature","properties":{"idx":410,"road":"明治通り","cls":"primary","shops":3,"st_km":0.41,"mesh":"53394566"},"geometry":{"type":"LineString","coordinates":[[139.71184,35.72335],[139.71196,35.72308]]}},{"type":"Feature","properties":{"idx":496,"road":"明治通り","cls":"primary","shops":2,"st_km":0.16,"mesh":"53394567"},"geometry":{"type":"LineString","coordinates":[[139.71324,35.71995],[139.71349,35.71938],[139.71353,35.71907],[139.71347,35.71874],[139.71325,35.71826]]}},{"type":"Feature","properties":{"idx":185,"road":"音羽池袋線","cls":"secondary","shops":0,"st_km":0.39,"mesh":"53394567"},"geometry":{"type":"LineString","coordinates":[[139.7232,35.72243],[139.72338,35.72187],[139.72385,35.72109],[139.7242,35.72037],[139.72443,35.7201],[139.72479,35.71986]]}},{"type":"Feature","properties":{"idx":585,"road":"明治通り","cls":"primary","shops":5,"st_km":0.58,"mesh":"53394576"},"geometry":{"type":"LineString","coordinates":[[139.71182,35.72676],[139.71132,35.72487],[139.71136,35.72448],[139.71184,35.72335]]}},{"type":"Feature","properties":{"idx":315,"road":"音羽池袋線","cls":"secondary","shops":1,"st_km":0.15,"mesh":"53394567"},"geometry":{"type":"LineString","coordinates":[[139.72022,35.72529],[139.72269,35.72371],[139.723,35.72334]]}},{"type":"Feature","properties":{"idx":154,"road":"","cls":"pedestrian","shops":0,"st_km":0.24,"mesh":"53394517"},"geometry":{"type":"LineString","coordinates":[[139.7138,35.68225],[139.71326,35.68277],[139.71296,35.68297],[139.71246,35.68312],[139.71222,35.68313],[139.71194,35.68306]]}},{"type":"Feature","properties":{"idx":408,"road":"","cls":"pedestrian","shops":2,"st_km":0.44,"mesh":"53394527"},"geometry":{"type":"LineString","coordinates":[[139.71258,35.68508],[139.71303,35.68503],[139.71369,35.68476],[139.71398,35.68441],[139.71417,35.68432]]}},{"type":"Feature","properties":{"idx":413,"road":"","cls":"pedestrian","shops":2,"st_km":0.43,"mesh":"53394527"},"geometry":{"type":"LineString","coordinates":[[139.71317,35.68497],[139.7131,35.6847]]}},{"type":"Feature","properties":{"idx":1846,"road":"","cls":"pedestrian","shops":8,"st_km":0.22,"mesh":"53394516"},"geometry":{"type":"LineString","coordinates":[[139.7103,35.68273],[139.7099,35.68268],[139.70961,35.68271]]}},{"type":"Feature","properties":{"idx":1104,"road":"","cls":"pedestrian","shops":4,"st_km":0.22,"mesh":"53394516"},"geometry":{"type":"LineString","coordinates":[[139.70971,35.68195],[139.7095,35.68231],[139.70949,35.68243],[139.70961,35.68271]]}},{"type":"Feature","properties":{"idx":215,"road":"","cls":"pedestrian","shops":0,"st_km":0.39,"mesh":"53394527"},"geometry":{"type":"LineString","coordinates":[[139.71409,35.68424],[139.7141,35.68406],[139.71427,35.68384],[139.71431,35.68366]]}},{"type":"Feature","properties":{"idx":214,"road":"","cls":"pedestrian","shops":0,"st_km":0.39,"mesh":"53394527"},"geometry":{"type":"LineString","coordinates":[[139.71362,35.68395],[139.71394,35.68413],[139.71398,35.68441]]}},{"type":"Feature","properties":{"idx":210,"road":"","cls":"pedestrian","shops":0,"st_km":0.41,"mesh":"53394527"},"geometry":{"type":"LineString","coordinates":[[139.71428,35.6844],[139.71394,35.68413]]}},{"type":"Feature","properties":{"idx":242,"road":"","cls":"pedestrian","shops":0,"st_km":0.27,"mesh":"53394527"},"geometry":{"type":"LineString","coordinates":[[139.71271,35.6826],[139.71268,35.68306],[139.71295,35.6833],[139.71296,35.68337],[139.71362,35.68395]]}},{"type":"Feature","properties":{"idx":549,"road":"","cls":"pedestrian","shops":4,"st_km":0.33,"mesh":"53394526"},"geometry":{"type":"LineString","coordinates":[[139.71216,35.6864],[139.71239,35.68597],[139.71236,35.68544],[139.71248,35.68513]]}},{"type":"Feature","properties":{"idx":2095,"road":"","cls":"pedestrian","shops":26,"st_km":0.2,"mesh":"53394541"},"geometry":{"type":"LineString","coordinates":[[139.64858,35.70332],[139.64873,35.7036],[139.64889,35.70409]]}},{"type":"Feature","properties":{"idx":333,"road":"","cls":"pedestrian","shops":1,"st_km":0.46,"mesh":"53394542"},"geometry":{"type":"LineString","coordinates":[[139.65459,35.70499],[139.65493,35.70501]]}},{"type":"Feature","properties":{"idx":894,"road":"","cls":"pedestrian","shops":6,"st_km":0.45,"mesh":"53394542"},"geometry":{"type":"LineString","coordinates":[[139.65445,35.70604],[139.65479,35.70607]]}},{"type":"Feature","properties":{"idx":399,"road":"","cls":"pedestrian","shops":2,"st_km":0.25,"mesh":"53394526"},"geometry":{"type":"LineString","coordinates":[[139.70907,35.68626],[139.70977,35.68638],[139.71011,35.68658],[139.7106,35.68678]]}},{"type":"Feature","properties":{"idx":391,"road":"","cls":"pedestrian","shops":2,"st_km":0.27,"mesh":"53394526"},"geometry":{"type":"LineString","coordinates":[[139.71155,35.68596],[139.71185,35.68623],[139.71216,35.6864]]}},{"type":"Feature","properties":{"idx":334,"road":"","cls":"pedestrian","shops":1,"st_km":0.37,"mesh":"53394527"},"geometry":{"type":"LineString","coordinates":[[139.71247,35.6852],[139.71261,35.68544],[139.71285,35.68568]]}},{"type":"Feature","properties":{"idx":819,"road":"","cls":"pedestrian","shops":5,"st_km":0.33,"mesh":"53394527"},"geometry":{"type":"LineString","coordinates":[[139.71232,35.68616],[139.71274,35.68583],[139.71285,35.68568]]}},{"type":"Feature","properties":{"idx":185,"road":"","cls":"pedestrian","shops":0,"st_km":0.32,"mesh":"53394526"},"geometry":{"type":"LineString","coordinates":[[139.71321,35.68427],[139.71327,35.6844],[139.71326,35.68449],[139.7131,35.6847],[139.71287,35.68491],[139.71248,35.68513],[139.71076,35.68585],[139.71011,35.68624],[139.70992,35.6864],[139.7097,35.68667],[139.70942,35.68717]]}},{"type":"Feature","properties":{"idx":530,"road":"","cls":"primary_link","shops":8,"st_km":0.32,"mesh":"53394532"},"geometry":{"type":"LineString","coordinates":[[139.65481,35.69805],[139.65481,35.69798]]}},{"type":"Feature","properties":{"idx":96,"road":"環七通り","cls":"primary","shops":1,"st_km":0.77,"mesh":"53394522"},"geometry":{"type":"LineString","coordinates":[[139.65448,35.69272],[139.6551,35.68927],[139.65577,35.68744]]}},{"type":"Feature","properties":{"idx":1302,"road":"環七通り","cls":"primary","shops":9,"st_km":0.14,"mesh":"53394512"},"geometry":{"type":"LineString","coordinates":[[139.65685,35.68324],[139.65697,35.68198]]}},{"type":"Feature","properties":{"idx":668,"road":"環七通り","cls":"primary","shops":4,"st_km":0.24,"mesh":"53394502"},"geometry":{"type":"LineString","coordinates":[[139.6605,35.67265],[139.65998,35.67368]]}},{"type":"Feature","properties":{"idx":504,"road":"環七通り","cls":"primary","shops":3,"st_km":0.29,"mesh":"53394512"},"geometry":{"type":"LineString","coordinates":[[139.65703,35.68165],[139.65716,35.68032]]}},{"type":"Feature","properties":{"idx":1278,"road":"山手通り","cls":"primary","shops":3,"st_km":0.11,"mesh":"53394515"},"geometry":{"type":"LineString","coordinates":[[139.68819,35.68255],[139.68836,35.68235]]}},{"type":"Feature","properties":{"idx":1289,"road":"山手通り","cls":"primary","shops":3,"st_km":0.11,"mesh":"53394515"},"geometry":{"type":"LineString","coordinates":[[139.68825,35.68227],[139.68804,35.68247]]}},{"type":"Feature","properties":{"idx":1237,"road":"早稲田通り","cls":"primary","shops":3,"st_km":1.06,"mesh":"53394550"},"geometry":{"type":"LineString","coordinates":[[139.63342,35.7145],[139.63199,35.71486],[139.63122,35.71509],[139.63015,35.71545],[139.62896,35.71593],[139.62703,35.7166]]}},{"type":"Feature","properties":{"idx":714,"road":"方南通り","cls":"primary_link","shops":7,"st_km":0.18,"mesh":"53394510"},"geometry":{"type":"LineString","coordinates":[[139.63662,35.6802],[139.6365,35.68005],[139.63653,35.67991]]}},{"type":"Feature","properties":{"idx":951,"road":"中央通り","cls":"secondary","shops":9,"st_km":0.33,"mesh":"53394525"},"geometry":{"type":"LineString","coordinates":[[139.69462,35.69093],[139.69633,35.69112],[139.69806,35.69125],[139.69824,35.69135]]}},{"type":"Feature","properties":{"idx":765,"road":"中央通り","cls":"secondary","shops":7,"st_km":0.34,"mesh":"53394525"},"geometry":{"type":"LineString","coordinates":[[139.69808,35.69115],[139.6963,35.69105],[139.69465,35.69085]]}},{"type":"Feature","properties":{"idx":4027,"road":"思い出横丁","cls":"pedestrian","shops":28,"st_km":0.03,"mesh":"53394535"},"geometry":{"type":"LineString","coordinates":[[139.69949,35.69309],[139.69945,35.69341]]}},{"type":"Feature","properties":{"idx":241,"road":"内堀通り","cls":"secondary","shops":0,"st_km":0.69,"mesh":"53394539"},"geometry":{"type":"LineString","coordinates":[[139.74535,35.68911],[139.74559,35.69002],[139.74645,35.69428]]}},{"type":"Feature","properties":{"idx":404,"road":"目白通り","cls":"primary","shops":4,"st_km":1.07,"mesh":"53394590"},"geometry":{"type":"LineString","coordinates":[[139.62754,35.74549],[139.62816,35.74516]]}},{"type":"Feature","properties":{"idx":276,"road":"目白通り","cls":"primary","shops":2,"st_km":1.04,"mesh":"53394590"},"geometry":{"type":"LineString","coordinates":[[139.62825,35.74501],[139.62796,35.74516]]}},{"type":"Feature","properties":{"idx":1074,"road":"目白通り","cls":"primary","shops":10,"st_km":0.29,"mesh":"53394558"},"geometry":{"type":"LineString","coordinates":[[139.73146,35.71049],[139.7314,35.71076]]}},{"type":"Feature","properties":{"idx":922,"road":"目白通り","cls":"primary","shops":8,"st_km":0.26,"mesh":"53394558"},"geometry":{"type":"LineString","coordinates":[[139.73158,35.71048],[139.73162,35.71022]]}},{"type":"Feature","properties":{"idx":659,"road":"目白通り","cls":"primary","shops":6,"st_km":0.37,"mesh":"53394558"},"geometry":{"type":"LineString","coordinates":[[139.73094,35.71229],[139.73122,35.71169],[139.73148,35.71094]]}},{"type":"Feature","properties":{"idx":543,"road":"目白通り","cls":"primary","shops":4,"st_km":0.28,"mesh":"53394558"},"geometry":{"type":"LineString","coordinates":[[139.73154,35.71076],[139.73158,35.71048]]}},{"type":"Feature","properties":{"idx":913,"road":"目白通り","cls":"primary","shops":8,"st_km":0.27,"mesh":"53394558"},"geometry":{"type":"LineString","coordinates":[[139.73151,35.71021],[139.73146,35.71049]]}},{"type":"Feature","properties":{"idx":68,"road":"千代田練馬田無線","cls":"primary","shops":0,"st_km":0.74,"mesh":"53394549"},"geometry":{"type":"LineString","coordinates":[[139.74201,35.70817],[139.74244,35.70832]]}},{"type":"Feature","properties":{"idx":475,"road":"四谷角筈線","cls":"secondary","shops":5,"st_km":0.18,"mesh":"53394517"},"geometry":{"type":"LineString","coordinates":[[139.71919,35.68038],[139.71921,35.68043]]}},{"type":"Feature","properties":{"idx":2691,"road":"外苑東通り","cls":"primary","shops":11,"st_km":0.13,"mesh":"53394508"},"geometry":{"type":"LineString","coordinates":[[139.72741,35.66712],[139.72751,35.66693],[139.72787,35.66666]]}},{"type":"Feature","properties":{"idx":503,"road":"","cls":"primary","shops":2,"st_km":0.12,"mesh":"53394537"},"geometry":{"type":"LineString","coordinates":[[139.72402,35.69292],[139.72341,35.69281]]}},{"type":"Feature","properties":{"idx":306,"road":"","cls":"tertiary","shops":2,"st_km":0.2,"mesh":"53394526"},"geometry":{"type":"LineString","coordinates":[[139.71016,35.69153],[139.71,35.69021],[139.70993,35.68876]]}},{"type":"Feature","properties":{"idx":351,"road":"余丁町通り","cls":"primary","shops":2,"st_km":0.47,"mesh":"53394537"},"geometry":{"type":"LineString","coordinates":[[139.71313,35.69775],[139.71318,35.69754],[139.71335,35.69739],[139.71585,35.69584],[139.71728,35.69503],[139.71769,35.69473],[139.71826,35.69414],[139.71859,35.69391],[139.72117,35.69269],[139.72136,35.69248],[139.7214,35.69234]]}},{"type":"Feature","properties":{"idx":810,"road":"安藤坂","cls":"tertiary","shops":2,"st_km":0.48,"mesh":"53394559"},"geometry":{"type":"LineString","coordinates":[[139.74621,35.70993],[139.74577,35.70826],[139.74569,35.70817]]}},{"type":"Feature","properties":{"idx":96,"road":"","cls":"tertiary","shops":1,"st_km":0.6,"mesh":"53394549"},"geometry":{"type":"LineString","coordinates":[[139.7451,35.70805],[139.74428,35.70798],[139.74354,35.70782]]}},{"type":"Feature","properties":{"idx":278,"road":"国会通り","cls":"secondary","shops":0,"st_km":0.28,"mesh":"53394509"},"geometry":{"type":"LineString","coordinates":[[139.74802,35.67393],[139.74793,35.67397]]}},{"type":"Feature","properties":{"idx":315,"road":"国会通り","cls":"secondary","shops":0,"st_km":0.16,"mesh":"53394509"},"geometry":{"type":"LineString","coordinates":[[139.74813,35.6741],[139.75058,35.67308]]}},{"type":"Feature","properties":{"idx":1161,"road":"","cls":"pedestrian","shops":9,"st_km":0.42,"mesh":"53394527"},"geometry":{"type":"LineString","coordinates":[[139.71983,35.68402],[139.71963,35.68404]]}},{"type":"Feature","properties":{"idx":1329,"road":"明治通り","cls":"primary","shops":12,"st_km":0.27,"mesh":"53394577"},"geometry":{"type":"LineString","coordinates":[[139.71286,35.73125],[139.71307,35.73149],[139.71414,35.73207]]}},{"type":"Feature","properties":{"idx":198,"road":"公園通り","cls":"secondary","shops":0,"st_km":0.19,"mesh":"53394525"},"geometry":{"type":"LineString","coordinates":[[139.69082,35.69025],[139.6912,35.68866]]}},{"type":"Feature","properties":{"idx":504,"road":"中央通り","cls":"secondary","shops":3,"st_km":0.18,"mesh":"53394525"},"geometry":{"type":"LineString","coordinates":[[139.69082,35.69025],[139.69065,35.69022]]}},{"type":"Feature","properties":{"idx":564,"road":"ふれあい通り","cls":"secondary","shops":4,"st_km":0.24,"mesh":"53394525"},"geometry":{"type":"LineString","coordinates":[[139.6912,35.68866],[139.69146,35.6887]]}},{"type":"Feature","properties":{"idx":263,"road":"公園通り","cls":"secondary","shops":1,"st_km":0.31,"mesh":"53394525"},"geometry":{"type":"LineString","coordinates":[[139.6912,35.68866],[139.69153,35.68732]]}},{"type":"Feature","properties":{"idx":191,"road":"ふれあい通り","cls":"secondary","shops":0,"st_km":0.23,"mesh":"53394525"},"geometry":{"type":"LineString","coordinates":[[139.69367,35.68905],[139.69514,35.68928]]}},{"type":"Feature","properties":{"idx":533,"road":"中央通り","cls":"secondary","shops":3,"st_km":0.12,"mesh":"53394525"},"geometry":{"type":"LineString","coordinates":[[139.69327,35.69071],[139.69462,35.69093]]}},{"type":"Feature","properties":{"idx":4116,"road":"明治通り","cls":"primary","shops":37,"st_km":0.17,"mesh":"53394577"},"geometry":{"type":"LineString","coordinates":[[139.71275,35.73084],[139.71278,35.73096]]}},{"type":"Feature","properties":{"idx":2531,"road":"明治通り","cls":"primary","shops":22,"st_km":0.17,"mesh":"53394577"},"geometry":{"type":"LineString","coordinates":[[139.71307,35.73076],[139.71306,35.73057],[139.71273,35.72997]]}},{"type":"Feature","properties":{"idx":1481,"road":"グリーン大通り","cls":"tertiary","shops":17,"st_km":0.24,"mesh":"53394577"},"geometry":{"type":"LineString","coordinates":[[139.71349,35.72952],[139.71365,35.72942]]}},{"type":"Feature","properties":{"idx":1059,"road":"グリーン大通り","cls":"tertiary","shops":12,"st_km":0.27,"mesh":"53394577"},"geometry":{"type":"LineString","coordinates":[[139.71365,35.72942],[139.714,35.72919]]}},{"type":"Feature","properties":{"idx":1992,"road":"","cls":"tertiary","shops":30,"st_km":0.07,"mesh":"53394541"},"geometry":{"type":"LineString","coordinates":[[139.6498,35.70593],[139.65005,35.70596]]}},{"type":"Feature","properties":{"idx":370,"road":"","cls":"tertiary","shops":0,"st_km":0.2,"mesh":"53394528"},"geometry":{"type":"LineString","coordinates":[[139.73207,35.68806],[139.73139,35.68688],[139.73134,35.68635]]}},{"type":"Feature","properties":{"idx":3622,"road":"北口アーケード街","cls":"pedestrian","shops":32,"st_km":0.12,"mesh":"53394540"},"geometry":{"type":"LineString","coordinates":[[139.63633,35.70548],[139.63608,35.70643]]}},{"type":"Feature","properties":{"idx":3289,"road":"淀橋渋谷本町線","cls":"secondary","shops":6,"st_km":0.02,"mesh":"53394524"},"geometry":{"type":"LineString","coordinates":[[139.68237,35.6889],[139.68523,35.6902],[139.6873,35.69109]]}},{"type":"Feature","properties":{"idx":1166,"road":"四谷角筈線","cls":"secondary","shops":10,"st_km":0.14,"mesh":"53394535"},"geometry":{"type":"LineString","coordinates":[[139.69811,35.69227],[139.69733,35.69292]]}},{"type":"Feature","properties":{"idx":510,"road":"","cls":"tertiary","shops":6,"st_km":0.37,"mesh":"53394536"},"geometry":{"type":"LineString","coordinates":[[139.70717,35.69658],[139.70764,35.69653]]}},{"type":"Feature","properties":{"idx":550,"road":"","cls":"pedestrian","shops":3,"st_km":0.22,"mesh":"53394535"},"geometry":{"type":"LineString","coordinates":[[139.69686,35.69301],[139.69666,35.69295]]}},{"type":"Feature","properties":{"idx":588,"road":"","cls":"pedestrian","shops":3,"st_km":0.15,"mesh":"53394535"},"geometry":{"type":"LineString","coordinates":[[139.69738,35.69316],[139.69752,35.69314]]}},{"type":"Feature","properties":{"idx":687,"road":"","cls":"pedestrian","shops":4,"st_km":0.18,"mesh":"53394535"},"geometry":{"type":"LineString","coordinates":[[139.69712,35.69298],[139.69734,35.69275]]}},{"type":"Feature","properties":{"idx":580,"road":"新都心歩道橋","cls":"pedestrian","shops":3,"st_km":0.17,"mesh":"53394535"},"geometry":{"type":"LineString","coordinates":[[139.69685,35.69307],[139.69686,35.69301],[139.69712,35.69298],[139.69738,35.69316],[139.69729,35.69357]]}},{"type":"Feature","properties":{"idx":2927,"road":"新宿通り","cls":"tertiary","shops":30,"st_km":0.09,"mesh":"53394526"},"geometry":{"type":"LineString","coordinates":[[139.70484,35.69088],[139.70177,35.69225]]}},{"type":"Feature","properties":{"idx":3070,"road":"","cls":"tertiary","shops":13,"st_km":0.21,"mesh":"53394597"},"geometry":{"type":"LineString","coordinates":[[139.7198,35.74665],[139.71995,35.74688]]}},{"type":"Feature","properties":{"idx":2795,"road":"千川通り","cls":"secondary","shops":5,"st_km":0.48,"mesh":"53394584"},"geometry":{"type":"LineString","coordinates":[[139.67336,35.7358],[139.67491,35.73447],[139.67664,35.73282],[139.67765,35.73177]]}},{"type":"Feature","properties":{"idx":509,"road":"江戸見坂","cls":"tertiary","shops":2,"st_km":0.19,"mesh":"53394509"},"geometry":{"type":"LineString","coordinates":[[139.7455,35.66687],[139.74593,35.66741]]}},{"type":"Feature","properties":{"idx":561,"road":"","cls":"tertiary","shops":0,"st_km":0.69,"mesh":"53394595"},"geometry":{"type":"LineString","coordinates":[[139.69464,35.74293],[139.69408,35.7429]]}},{"type":"Feature","properties":{"idx":1110,"road":"福地蔵尊通り","cls":"secondary","shops":1,"st_km":0.53,"mesh":"53394595"},"geometry":{"type":"LineString","coordinates":[[139.69678,35.74901],[139.69684,35.74906]]}},{"type":"Feature","properties":{"idx":1200,"road":"四谷角筈線","cls":"secondary_link","shops":13,"st_km":0.18,"mesh":"53394525"},"geometry":{"type":"LineString","coordinates":[[139.69872,35.69045],[139.6986,35.69029],[139.69841,35.69027]]}},{"type":"Feature","properties":{"idx":330,"road":"南通り","cls":"secondary","shops":2,"st_km":0.37,"mesh":"53394525"},"geometry":{"type":"LineString","coordinates":[[139.69286,35.6872],[139.69423,35.68743]]}},{"type":"Feature","properties":{"idx":176,"road":"東通り","cls":"secondary","shops":0,"st_km":0.23,"mesh":"53394535"},"geometry":{"type":"LineString","coordinates":[[139.69448,35.69262],[139.69485,35.69101]]}},{"type":"Feature","properties":{"idx":492,"road":"十二社通り","cls":"secondary","shops":4,"st_km":0.39,"mesh":"53394525"},"geometry":{"type":"LineString","coordinates":[[139.6908,35.68425],[139.69097,35.68412]]}},{"type":"Feature","properties":{"idx":488,"road":"東通り","cls":"secondary","shops":3,"st_km":0.21,"mesh":"53394525"},"geometry":{"type":"LineString","coordinates":[[139.69485,35.69101],[139.69488,35.69087]]}},{"type":"Feature","properties":{"idx":3410,"road":"四谷角筈線","cls":"secondary","shops":28,"st_km":0.23,"mesh":"53394525"},"geometry":{"type":"LineString","coordinates":[[139.69894,35.68865],[139.69899,35.68854]]}},{"type":"Feature","properties":{"idx":327,"road":"南通り","cls":"secondary","shops":2,"st_km":0.38,"mesh":"53394525"},"geometry":{"type":"LineString","coordinates":[[139.69423,35.68743],[139.69434,35.68745]]}},{"type":"Feature","properties":{"idx":241,"road":"","cls":"tertiary","shops":1,"st_km":0.15,"mesh":"53394526"},"geometry":{"type":"LineString","coordinates":[[139.70989,35.68809],[139.71162,35.68776],[139.71325,35.68738],[139.71371,35.68738],[139.71388,35.68744],[139.71406,35.68788]]}},{"type":"Feature","properties":{"idx":241,"road":"北通り","cls":"secondary","shops":1,"st_km":0.32,"mesh":"53394535"},"geometry":{"type":"LineString","coordinates":[[139.69448,35.69262],[139.69637,35.69209]]}},{"type":"Feature","properties":{"idx":548,"road":"北通り","cls":"secondary","shops":4,"st_km":0.19,"mesh":"53394535"},"geometry":{"type":"LineString","coordinates":[[139.69165,35.69222],[139.69309,35.69245]]}},{"type":"Feature","properties":{"idx":547,"road":"中央通り","cls":"secondary","shops":4,"st_km":0.27,"mesh":"53394525"},"geometry":{"type":"LineString","coordinates":[[139.69485,35.69101],[139.69631,35.69116]]}},{"type":"Feature","properties":{"idx":513,"road":"","cls":"tertiary","shops":4,"st_km":0.09,"mesh":"53394526"},"geometry":{"type":"LineString","coordinates":[[139.70993,35.68876],[139.70989,35.68809]]}},{"type":"Feature","properties":{"idx":835,"road":"新宿通り","cls":"tertiary","shops":9,"st_km":0.21,"mesh":"53394526"},"geometry":{"type":"LineString","coordinates":[[139.70993,35.68876],[139.70895,35.68901],[139.70766,35.6896]]}},{"type":"Feature","properties":{"idx":478,"road":"議事堂通り","cls":"secondary","shops":4,"st_km":0.41,"mesh":"53394525"},"geometry":{"type":"LineString","coordinates":[[139.69452,35.68703],[139.69423,35.68743]]}},{"type":"Feature","properties":{"idx":2775,"road":"小滝橋通り","cls":"secondary","shops":24,"st_km":0.06,"mesh":"53394535"},"geometry":{"type":"LineString","coordinates":[[139.69912,35.69364],[139.6991,35.6937]]}},{"type":"Feature","properties":{"idx":2808,"road":"東京都道新宿副都心八号線","cls":"secondary","shops":32,"st_km":0.37,"mesh":"53394525"},"geometry":{"type":"LineString","coordinates":[[139.69631,35.69102],[139.69655,35.68774]]}},{"type":"Feature","properties":{"idx":915,"road":"中央通り","cls":"secondary","shops":8,"st_km":0.28,"mesh":"53394525"},"geometry":{"type":"LineString","coordinates":[[139.69631,35.69116],[139.69813,35.69127]]}},{"type":"Feature","properties":{"idx":531,"road":"","cls":"primary_link","shops":5,"st_km":0.14,"mesh":"53394535"},"geometry":{"type":"LineString","coordinates":[[139.69725,35.69333],[139.69809,35.69363]]}},{"type":"Feature","properties":{"idx":1101,"road":"四谷角筈線","cls":"secondary","shops":9,"st_km":0.12,"mesh":"53394535"},"geometry":{"type":"LineString","coordinates":[[139.69855,35.69219],[139.69887,35.69214]]}},{"type":"Feature","properties":{"idx":1576,"road":"中野通り","cls":"secondary","shops":9,"st_km":0.19,"mesh":"53394533"},"geometry":{"type":"LineString","coordinates":[[139.66742,35.69746],[139.66743,35.69738]]}},{"type":"Feature","properties":{"idx":1571,"road":"中野通り","cls":"secondary","shops":10,"st_km":0.28,"mesh":"53394533"},"geometry":{"type":"LineString","coordinates":[[139.66743,35.69738],[139.66726,35.69583],[139.66804,35.69466],[139.66834,35.69434]]}},{"type":"Feature","properties":{"idx":824,"road":"青梅街道","cls":"primary","shops":9,"st_km":0.33,"mesh":"53394532"},"geometry":{"type":"LineString","coordinates":[[139.65456,35.69804],[139.65481,35.69805]]}},{"type":"Feature","properties":{"idx":197,"road":"","cls":"primary_link","shops":2,"st_km":0.39,"mesh":"53394532"},"geometry":{"type":"LineString","coordinates":[[139.65458,35.6987],[139.65462,35.70025],[139.6547,35.70077]]}},{"type":"Feature","properties":{"idx":824,"road":"青梅街道","cls":"primary","shops":9,"st_km":0.33,"mesh":"53394532"},"geometry":{"type":"LineString","coordinates":[[139.65481,35.69798],[139.65456,35.69797]]}},{"type":"Feature","properties":{"idx":102,"road":"","cls":"primary_link","shops":0,"st_km":0.36,"mesh":"53394532"},"geometry":{"type":"LineString","coordinates":[[139.65481,35.69798],[139.65438,35.69553]]}},{"type":"Feature","properties":{"idx":944,"road":"環七通り","cls":"primary","shops":6,"st_km":0.19,"mesh":"53394502"},"geometry":{"type":"LineString","coordinates":[[139.66062,35.67241],[139.6606,35.67246]]}},{"type":"Feature","properties":{"idx":826,"road":"","cls":"tertiary","shops":3,"st_km":0.17,"mesh":"53394529"},"geometry":{"type":"LineString","coordinates":[[139.74274,35.68414],[139.74274,35.68403]]}},{"type":"Feature","properties":{"idx":1673,"road":"東京FM通り","cls":"tertiary","shops":13,"st_km":0.23,"mesh":"53394519"},"geometry":{"type":"LineString","coordinates":[[139.73821,35.68298],[139.73929,35.68309]]}},{"type":"Feature","properties":{"idx":3769,"road":"外堀通り","cls":"secondary","shops":18,"st_km":0.01,"mesh":"53394518"},"geometry":{"type":"LineString","coordinates":[[139.73708,35.67752],[139.73739,35.67666],[139.7379,35.67603]]}},{"type":"Feature","properties":{"idx":318,"road":"外堀通り","cls":"secondary","shops":0,"st_km":0.12,"mesh":"53394509"},"geometry":{"type":"LineString","coordinates":[[139.7392,35.67354],[139.74108,35.67227],[139.74193,35.67159],[139.74258,35.67119],[139.74285,35.67107]]}},{"type":"Feature","properties":{"idx":1837,"road":"外堀通り","cls":"secondary","shops":11,"st_km":0.23,"mesh":"53394509"},"geometry":{"type":"LineString","coordinates":[[139.74487,35.67045],[139.74361,35.67072]]}},{"type":"Feature","properties":{"idx":1208,"road":"抜弁天通り","cls":"primary","shops":11,"st_km":0.22,"mesh":"53394536"},"geometry":{"type":"LineString","coordinates":[[139.70756,35.69789],[139.70744,35.6979]]}},{"type":"Feature","properties":{"idx":541,"road":"神楽坂高円寺線","cls":"secondary","shops":4,"st_km":0.33,"mesh":"53394537"},"geometry":{"type":"LineString","coordinates":[[139.71313,35.69775],[139.71471,35.69784],[139.71497,35.69792],[139.71641,35.69862]]}},{"type":"Feature","properties":{"idx":359,"road":"抜弁天通り","cls":"primary","shops":3,"st_km":0.47,"mesh":"53394536"},"geometry":{"type":"LineString","coordinates":[[139.71305,35.69771],[139.71165,35.69765]]}},{"type":"Feature","properties":{"idx":3264,"road":"要通り","cls":"pedestrian","shops":27,"st_km":0.2,"mesh":"53394526"},"geometry":{"type":"LineString","coordinates":[[139.70631,35.69064],[139.7061,35.6903]]}},{"type":"Feature","properties":{"idx":1472,"road":"千川通り","cls":"secondary","shops":15,"st_km":0.19,"mesh":"53394582"},"geometry":{"type":"LineString","coordinates":[[139.65105,35.73704],[139.65286,35.73714],[139.65413,35.7373]]}},{"type":"Feature","properties":{"idx":769,"road":"千川通り","cls":"secondary","shops":6,"st_km":0.09,"mesh":"53394582"},"geometry":{"type":"LineString","coordinates":[[139.6548,35.7374],[139.65579,35.73761]]}},{"type":"Feature","properties":{"idx":400,"road":"","cls":"tertiary","shops":4,"st_km":0.33,"mesh":"53394582"},"geometry":{"type":"LineString","coordinates":[[139.65105,35.73704],[139.65118,35.73645]]}},{"type":"Feature","properties":{"idx":545,"road":"","cls":"tertiary","shops":4,"st_km":0.04,"mesh":"53394582"},"geometry":{"type":"LineString","coordinates":[[139.65456,35.73826],[139.6544,35.73824]]}},{"type":"Feature","properties":{"idx":323,"road":"","cls":"tertiary","shops":2,"st_km":0.15,"mesh":"53394582"},"geometry":{"type":"LineString","coordinates":[[139.65456,35.73826],[139.65416,35.73983],[139.65403,35.73992],[139.65372,35.73992]]}},{"type":"Feature","properties":{"idx":2816,"road":"外苑東通り","cls":"primary","shops":19,"st_km":0.1,"mesh":"53394527"},"geometry":{"type":"LineString","coordinates":[[139.72039,35.68789],[139.72036,35.68749]]}},{"type":"Feature","properties":{"idx":1336,"road":"外苑東通り","cls":"primary","shops":10,"st_km":0.27,"mesh":"53394527"},"geometry":{"type":"LineString","coordinates":[[139.7203,35.68802],[139.72037,35.68884],[139.72059,35.68927],[139.72195,35.69043],[139.72333,35.69169],[139.72343,35.69184]]}},{"type":"Feature","properties":{"idx":549,"road":"靖国通り","cls":"primary","shops":5,"st_km":0.36,"mesh":"53394536"},"geometry":{"type":"LineString","coordinates":[[139.70709,35.69215],[139.70818,35.69186],[139.71252,35.69135]]}},{"type":"Feature","properties":{"idx":961,"road":"靖国通り","cls":"primary","shops":8,"st_km":0.23,"mesh":"53394536"},"geometry":{"type":"LineString","coordinates":[[139.70694,35.69207],[139.70582,35.69237]]}},{"type":"Feature","properties":{"idx":922,"road":"御苑通り","cls":"primary","shops":8,"st_km":0.27,"mesh":"53394536"},"geometry":{"type":"LineString","coordinates":[[139.70694,35.69207],[139.70692,35.6922]]}},{"type":"Feature","properties":{"idx":1709,"road":"エビス通り","cls":"pedestrian","shops":28,"st_km":0.2,"mesh":"53394576"},"geometry":{"type":"LineString","coordinates":[[139.7099,35.7321],[139.70993,35.73163]]}},{"type":"Feature","properties":{"idx":733,"road":"平和通り","cls":"tertiary","shops":1,"st_km":0.54,"mesh":"53394586"},"geometry":{"type":"LineString","coordinates":[[139.71125,35.73847],[139.71135,35.73707]]}},{"type":"Feature","properties":{"idx":146,"road":"補助第177号線","cls":"tertiary","shops":1,"st_km":0.38,"mesh":"53394577"},"geometry":{"type":"LineString","coordinates":[[139.71989,35.72987],[139.72156,35.72899]]}},{"type":"Feature","properties":{"idx":1270,"road":"","cls":"pedestrian","shops":19,"st_km":0.13,"mesh":"53394576"},"geometry":{"type":"LineString","coordinates":[[139.70947,35.73194],[139.70864,35.73199]]}},{"type":"Feature","properties":{"idx":794,"road":"補助第173号線","cls":"tertiary","shops":3,"st_km":0.38,"mesh":"53394586"},"geometry":{"type":"LineString","coordinates":[[139.71083,35.73316],[139.71066,35.73452]]}},{"type":"Feature","properties":{"idx":966,"road":"山手通り","cls":"primary","shops":4,"st_km":0.09,"mesh":"53394575"},"geometry":{"type":"LineString","coordinates":[[139.69952,35.73316],[139.69948,35.73307]]}},{"type":"Feature","properties":{"idx":1544,"road":"","cls":"tertiary","shops":13,"st_km":0.16,"mesh":"53394576"},"geometry":{"type":"LineString","coordinates":[[139.70929,35.73104],[139.70949,35.73095],[139.70959,35.73082]]}},{"type":"Feature","properties":{"idx":256,"road":"","cls":"tertiary","shops":5,"st_km":0.36,"mesh":"53394576"},"geometry":{"type":"LineString","coordinates":[[139.69952,35.73316],[139.70077,35.73291],[139.70357,35.73292],[139.70402,35.73286],[139.70476,35.7326],[139.7058,35.73211],[139.70838,35.73148]]}},{"type":"Feature","properties":{"idx":183,"road":"山手通り","cls":"primary","shops":1,"st_km":0.23,"mesh":"53394505"},"geometry":{"type":"LineString","coordinates":[[139.68783,35.66777],[139.68783,35.66786]]}},{"type":"Feature","properties":{"idx":2375,"road":"井ノ頭通り","cls":"secondary","shops":4,"st_km":0.35,"mesh":"53394504"},"geometry":{"type":"LineString","coordinates":[[139.68783,35.66777],[139.68404,35.66796]]}},{"type":"Feature","properties":{"idx":304,"road":"富ヶ谷1丁目通り","cls":"tertiary","shops":4,"st_km":0.19,"mesh":"53394505"},"geometry":{"type":"LineString","coordinates":[[139.69073,35.66764],[139.69081,35.66753]]}},{"type":"Feature","properties":{"idx":359,"road":"山手通り","cls":"primary","shops":1,"st_km":0.38,"mesh":"53394575"},"geometry":{"type":"LineString","coordinates":[[139.69875,35.7316],[139.69758,35.72925],[139.6969,35.72806]]}},{"type":"Feature","properties":{"idx":2109,"road":"山手通り","cls":"primary","shops":5,"st_km":0.11,"mesh":"53394585"},"geometry":{"type":"LineString","coordinates":[[139.69931,35.7332],[139.69976,35.73412]]}},{"type":"Feature","properties":{"idx":630,"road":"山手通り","cls":"primary","shops":2,"st_km":0.11,"mesh":"53394575"},"geometry":{"type":"LineString","coordinates":[[139.69845,35.73136],[139.69927,35.73311]]}},{"type":"Feature","properties":{"idx":631,"road":"山手通り","cls":"primary","shops":2,"st_km":0.11,"mesh":"53394575"},"geometry":{"type":"LineString","coordinates":[[139.69948,35.73307],[139.69875,35.7316]]}},{"type":"Feature","properties":{"idx":1173,"road":"要町通り","cls":"secondary","shops":6,"st_km":0.08,"mesh":"53394575"},"geometry":{"type":"LineString","coordinates":[[139.69948,35.73307],[139.69927,35.73311]]}},{"type":"Feature","properties":{"idx":1170,"road":"要町通り","cls":"secondary","shops":6,"st_km":0.08,"mesh":"53394575"},"geometry":{"type":"LineString","coordinates":[[139.69931,35.7332],[139.69952,35.73316]]}},{"type":"Feature","properties":{"idx":684,"road":"早稲田通り","cls":"primary","shops":7,"st_km":0.48,"mesh":"53394553"},"geometry":{"type":"LineString","coordinates":[[139.66497,35.70997],[139.66416,35.70995]]}},{"type":"Feature","properties":{"idx":1202,"road":"中野通り","cls":"secondary","shops":14,"st_km":0.38,"mesh":"53394553"},"geometry":{"type":"LineString","coordinates":[[139.66497,35.70997],[139.66511,35.70838]]}},{"type":"Feature","properties":{"idx":705,"road":"早稲田通り","cls":"primary","shops":0,"st_km":0.97,"mesh":"53394551"},"geometry":{"type":"LineString","coordinates":[[139.6498,35.70973],[139.64863,35.71001],[139.64611,35.71078],[139.6419,35.71195],[139.63978,35.71262],[139.63728,35.7133],[139.6348,35.71414]]}},{"type":"Feature","properties":{"idx":1585,"road":"中野通り","cls":"secondary","shops":15,"st_km":0.09,"mesh":"53394543"},"geometry":{"type":"LineString","coordinates":[[139.66527,35.70679],[139.66536,35.7062]]}},{"type":"Feature","properties":{"idx":1050,"road":"","cls":"secondary_link","shops":8,"st_km":0.13,"mesh":"53394509"},"geometry":{"type":"LineString","coordinates":[[139.74205,35.67031],[139.74233,35.67043]]}},{"type":"Feature","properties":{"idx":873,"road":"外堀通り","cls":"secondary","shops":4,"st_km":0.2,"mesh":"53394509"},"geometry":{"type":"LineString","coordinates":[[139.74308,35.67098],[139.74494,35.6706]]}},{"type":"Feature","properties":{"idx":1613,"road":"六本木通り","cls":"secondary","shops":8,"st_km":0.11,"mesh":"53394509"},"geometry":{"type":"LineString","coordinates":[[139.74205,35.67031],[139.74274,35.67096]]}},{"type":"Feature","properties":{"idx":1179,"road":"","cls":"secondary_link","shops":9,"st_km":0.11,"mesh":"53394509"},"geometry":{"type":"LineString","coordinates":[[139.74233,35.67043],[139.74285,35.67092]]}},{"type":"Feature","properties":{"idx":576,"road":"","cls":"secondary_link","shops":5,"st_km":0.36,"mesh":"53394509"},"geometry":{"type":"LineString","coordinates":[[139.74005,35.66813],[139.74013,35.66821]]}},{"type":"Feature","properties":{"idx":1392,"road":"高輪麻布線","cls":"secondary","shops":8,"st_km":0.24,"mesh":"53394509"},"geometry":{"type":"LineString","coordinates":[[139.73966,35.66746],[139.7393,35.66696]]}},{"type":"Feature","properties":{"idx":2009,"road":"外堀通り","cls":"secondary","shops":11,"st_km":0.15,"mesh":"53394509"},"geometry":{"type":"LineString","coordinates":[[139.74361,35.67072],[139.74297,35.67087]]}},{"type":"Feature","properties":{"idx":561,"road":"六本木通り","cls":"secondary","shops":2,"st_km":0.24,"mesh":"53394509"},"geometry":{"type":"LineString","coordinates":[[139.74147,35.66947],[139.74134,35.66934]]}},{"type":"Feature","properties":{"idx":147,"road":"南田中町旭町線（支線1）（補助第172号線）","cls":"secondary","shops":0,"st_km":0.43,"mesh":"53394591"},"geometry":{"type":"LineString","coordinates":[[139.64046,35.75136],[139.64351,35.75031],[139.64977,35.74835]]}},{"type":"Feature","properties":{"idx":183,"road":"豊島園通り","cls":"tertiary","shops":1,"st_km":0.5,"mesh":"53394591"},"geometry":{"type":"LineString","coordinates":[[139.63975,35.75095],[139.64048,35.7494],[139.6406,35.74927],[139.64081,35.74917],[139.64343,35.74847],[139.64459,35.74824],[139.64566,35.74815],[139.64718,35.74816],[139.64743,35.7481],[139.64762,35.74799],[139.64776,35.74781],[139.64786,35.74735],[139.64815,35.74517]]}},{"type":"Feature","properties":{"idx":454,"road":"","cls":"tertiary","shops":3,"st_km":0.04,"mesh":"53394582"},"geometry":{"type":"LineString","coordinates":[[139.6544,35.73824],[139.65396,35.73816]]}},{"type":"Feature","properties":{"idx":268,"road":"","cls":"tertiary","shops":1,"st_km":0.05,"mesh":"53394582"},"geometry":{"type":"LineString","coordinates":[[139.65412,35.73854],[139.65418,35.73852],[139.65423,35.73829],[139.6544,35.73824]]}},{"type":"Feature","properties":{"idx":453,"road":"東京都道新宿副都心八号線","cls":"secondary","shops":3,"st_km":0.21,"mesh":"53394535"},"geometry":{"type":"LineString","coordinates":[[139.69697,35.69285],[139.69687,35.69258],[139.69676,35.69247]]}},{"type":"Feature","properties":{"idx":500,"road":"北通り","cls":"secondary","shops":4,"st_km":0.28,"mesh":"53394535"},"geometry":{"type":"LineString","coordinates":[[139.69178,35.69215],[139.68908,35.69171],[139.68804,35.6914]]}},{"type":"Feature","properties":{"idx":324,"road":"都庁通り","cls":"secondary","shops":1,"st_km":0.11,"mesh":"53394525"},"geometry":{"type":"LineString","coordinates":[[139.69178,35.69215],[139.69213,35.69069]]}},{"type":"Feature","properties":{"idx":249,"road":"","cls":"secondary_link","shops":2,"st_km":0.18,"mesh":"53394535"},"geometry":{"type":"LineString","coordinates":[[139.69733,35.69292],[139.69717,35.69294],[139.69697,35.69285]]}},{"type":"Feature","properties":{"idx":340,"road":"東京都道新宿副都心八号線","cls":"secondary","shops":2,"st_km":0.27,"mesh":"53394535"},"geometry":{"type":"LineString","coordinates":[[139.69658,35.69198],[139.69653,35.69184]]}},{"type":"Feature","properties":{"idx":371,"road":"四谷角筈線(新都心歩道橋下交差点)","cls":"secondary","shops":2,"st_km":0.19,"mesh":"53394535"},"geometry":{"type":"LineString","coordinates":[[139.69716,35.69305],[139.697,35.69313]]}},{"type":"Feature","properties":{"idx":171,"road":"","cls":"pedestrian","shops":2,"st_km":0.93,"mesh":"53394520"},"geometry":{"type":"LineString","coordinates":[[139.63545,35.69104],[139.63583,35.69101]]}},{"type":"Feature","properties":{"idx":122,"road":"","cls":"pedestrian","shops":0,"st_km":0.54,"mesh":"53394520"},"geometry":{"type":"LineString","coordinates":[[139.63086,35.68556],[139.63107,35.6855]]}},{"type":"Feature","properties":{"idx":122,"road":"","cls":"pedestrian","shops":0,"st_km":0.53,"mesh":"53394520"},"geometry":{"type":"LineString","coordinates":[[139.63115,35.68572],[139.63099,35.6853],[139.63088,35.68529]]}},{"type":"Feature","properties":{"idx":176,"road":"五日市街道","cls":"primary","shops":2,"st_km":0.42,"mesh":"53394531"},"geometry":{"type":"LineString","coordinates":[[139.64153,35.69444],[139.64511,35.69563],[139.6481,35.69675]]}},{"type":"Feature","properties":{"idx":525,"road":"新目白通り","cls":"primary","shops":4,"st_km":0.02,"mesh":"53394557"},"geometry":{"type":"LineString","coordinates":[[139.72091,35.71121],[139.71733,35.71225]]}},{"type":"Feature","properties":{"idx":209,"road":"新目白通り","cls":"primary","shops":1,"st_km":0.24,"mesh":"53394557"},"geometry":{"type":"LineString","coordinates":[[139.72145,35.71116],[139.72162,35.71112]]}},{"type":"Feature","properties":{"idx":270,"road":"","cls":"tertiary","shops":3,"st_km":0.27,"mesh":"53394557"},"geometry":{"type":"LineString","coordinates":[[139.71678,35.71018],[139.71714,35.71011]]}},{"type":"Feature","properties":{"idx":1671,"road":"外苑西通り","cls":"secondary","shops":9,"st_km":0.3,"mesh":"53394507"},"geometry":{"type":"LineString","coordinates":[[139.714,35.67036],[139.71509,35.66964]]}},{"type":"Feature","properties":{"idx":392,"road":"東京都道新宿副都心四号線","cls":"secondary","shops":2,"st_km":0.21,"mesh":"53394525"},"geometry":{"type":"LineString","coordinates":[[139.69831,35.6914],[139.69853,35.69147],[139.69857,35.691]]}},{"type":"Feature","properties":{"idx":1127,"road":"中央通り","cls":"secondary","shops":8,"st_km":0.24,"mesh":"53394525"},"geometry":{"type":"LineString","coordinates":[[139.69834,35.69104],[139.69821,35.69113],[139.69808,35.69115]]}},{"type":"Feature","properties":{"idx":399,"road":"朝日通り","cls":"tertiary","shops":2,"st_km":0.33,"mesh":"53394563"},"geometry":{"type":"LineString","coordinates":[[139.6681,35.72044],[139.66804,35.7207]]}},{"type":"Feature","properties":{"idx":185,"road":"","cls":"tertiary","shops":0,"st_km":0.41,"mesh":"53394563"},"geometry":{"type":"LineString","coordinates":[[139.66897,35.72054],[139.66907,35.72055]]}},{"type":"Feature","properties":{"idx":1116,"road":"目白通り","cls":"primary","shops":13,"st_km":0.63,"mesh":"53394565"},"geometry":{"type":"LineString","coordinates":[[139.69968,35.72222],[139.69978,35.72223]]}},{"type":"Feature","properties":{"idx":554,"road":"参道","cls":"pedestrian","shops":1,"st_km":0.45,"mesh":"53394539"},"geometry":{"type":"LineString","coordinates":[[139.74625,35.69477],[139.74631,35.69471],[139.74642,35.6947],[139.74649,35.69474],[139.74651,35.69483],[139.74646,35.69489],[139.74636,35.69491],[139.74628,35.69487],[139.74625,35.69477]]}},{"type":"Feature","properties":{"idx":408,"road":"参道","cls":"pedestrian","shops":0,"st_km":0.35,"mesh":"53394539"},"geometry":{"type":"LineString","coordinates":[[139.74651,35.69483],[139.74863,35.69531]]}},{"type":"Feature","properties":{"idx":3623,"road":"参道","cls":"pedestrian","shops":20,"st_km":0.57,"mesh":"53394539"},"geometry":{"type":"LineString","coordinates":[[139.74625,35.69477],[139.74429,35.69434]]}},{"type":"Feature","properties":{"idx":815,"road":"さいわい通り","cls":"tertiary","shops":1,"st_km":0.74,"mesh":"53394595"},"geometry":{"type":"LineString","coordinates":[[139.70082,35.74319],[139.69464,35.74293]]}},{"type":"Feature","properties":{"idx":727,"road":"中丸通り","cls":"tertiary","shops":0,"st_km":0.43,"mesh":"53394595"},"geometry":{"type":"LineString","coordinates":[[139.70082,35.74319],[139.69767,35.74809],[139.69768,35.7483]]}},{"type":"Feature","properties":{"idx":931,"road":"山手通り","cls":"primary","shops":1,"st_km":0.59,"mesh":"53394586"},"geometry":{"type":"LineString","coordinates":[[139.70293,35.73714],[139.70288,35.7371]]}},{"type":"Feature","properties":{"idx":215,"road":"山手通り (Yamate-dori Avenue)","cls":"primary_link","shops":1,"st_km":0.82,"mesh":"53394596"},"geometry":{"type":"LineString","coordinates":[[139.70666,35.74126],[139.7075,35.74228],[139.70793,35.74299]]}},{"type":"Feature","properties":{"idx":698,"road":"","cls":"tertiary","shops":0,"st_km":0.46,"mesh":"53394595"},"geometry":{"type":"LineString","coordinates":[[139.69303,35.74267],[139.69009,35.74116]]}},{"type":"Feature","properties":{"idx":339,"road":"","cls":"tertiary","shops":0,"st_km":0.45,"mesh":"53394585"},"geometry":{"type":"LineString","coordinates":[[139.69409,35.73474],[139.69416,35.73486],[139.69427,35.7366],[139.69385,35.73942]]}},{"type":"Feature","properties":{"idx":615,"road":"","cls":"tertiary","shops":1,"st_km":0.81,"mesh":"53394586"},"geometry":{"type":"LineString","coordinates":[[139.70466,35.74285],[139.70358,35.74142],[139.70273,35.74084],[139.70213,35.74034],[139.70136,35.74012],[139.70078,35.74005]]}},{"type":"Feature","properties":{"idx":2033,"road":"要町通り","cls":"secondary","shops":7,"st_km":0.28,"mesh":"53394585"},"geometry":{"type":"LineString","coordinates":[[139.69409,35.73474],[139.69455,35.73443],[139.69513,35.73413],[139.69655,35.73365],[139.69708,35.73352]]}},{"type":"Feature","properties":{"idx":1282,"road":"要町通り","cls":"secondary","shops":3,"st_km":0.16,"mesh":"53394585"},"geometry":{"type":"LineString","coordinates":[[139.69403,35.73468],[139.6881,35.7392],[139.68765,35.7395],[139.68732,35.73966]]}},{"type":"Feature","properties":{"idx":763,"road":"劇場通り","cls":"tertiary","shops":3,"st_km":0.43,"mesh":"53394586"},"geometry":{"type":"LineString","coordinates":[[139.70825,35.73144],[139.70909,35.73308],[139.7093,35.73359],[139.70979,35.73705],[139.7106,35.73879]]}},{"type":"Feature","properties":{"idx":1220,"road":"劇場通り","cls":"tertiary","shops":3,"st_km":0.54,"mesh":"53394586"},"geometry":{"type":"LineString","coordinates":[[139.7106,35.73879],[139.71074,35.73893]]}},{"type":"Feature","properties":{"idx":561,"road":"","cls":"tertiary","shops":0,"st_km":0.7,"mesh":"53394595"},"geometry":{"type":"LineString","coordinates":[[139.69454,35.74889],[139.69544,35.75004]]}},{"type":"Feature","properties":{"idx":245,"road":"","cls":"tertiary","shops":0,"st_km":0.39,"mesh":"53394596"},"geometry":{"type":"LineString","coordinates":[[139.70209,35.74496],[139.70209,35.74492]]}},{"type":"Feature","properties":{"idx":346,"road":"","cls":"tertiary","shops":7,"st_km":0.3,"mesh":"53394576"},"geometry":{"type":"LineString","coordinates":[[139.70959,35.73082],[139.70812,35.73148],[139.70608,35.73195],[139.7045,35.73262],[139.70399,35.73278],[139.70372,35.73283],[139.70299,35.73286],[139.70077,35.73285],[139.69948,35.73307]]}},{"type":"Feature","properties":{"idx":261,"road":"目白通り","cls":"primary","shops":0,"st_km":0.58,"mesh":"53394581"},"geometry":{"type":"LineString","coordinates":[[139.64997,35.73685],[139.64877,35.73718],[139.64818,35.7373],[139.64709,35.73738],[139.64588,35.73737],[139.64517,35.73749],[139.64352,35.73818],[139.64161,35.73878],[139.63854,35.73988],[139.63769,35.74024]]}},{"type":"Feature","properties":{"idx":324,"road":"千川通り","cls":"secondary","shops":3,"st_km":0.36,"mesh":"53394582"},"geometry":{"type":"LineString","coordinates":[[139.65579,35.73761],[139.65859,35.73814],[139.66131,35.7381]]}},{"type":"Feature","properties":{"idx":937,"road":"庚申通り","cls":"secondary","shops":10,"st_km":0.29,"mesh":"53394582"},"geometry":{"type":"LineString","coordinates":[[139.65491,35.73532],[139.65494,35.73539]]}},{"type":"Feature","properties":{"idx":219,"road":"新青梅街道","cls":"secondary","shops":1,"st_km":0.81,"mesh":"53394563"},"geometry":{"type":"LineString","coordinates":[[139.67369,35.72353],[139.67418,35.72352],[139.67542,35.72364]]}},{"type":"Feature","properties":{"idx":988,"road":"中野通り","cls":"secondary","shops":16,"st_km":0.71,"mesh":"53394553"},"geometry":{"type":"LineString","coordinates":[[139.66624,35.71428],[139.66538,35.71106],[139.66497,35.70997]]}},{"type":"Feature","properties":{"idx":319,"road":"南蔵院通り","cls":"tertiary","shops":1,"st_km":0.57,"mesh":"53394581"},"geometry":{"type":"LineString","coordinates":[[139.6474,35.73746],[139.64747,35.73645]]}},{"type":"Feature","properties":{"idx":520,"road":"目白通り","cls":"primary","shops":4,"st_km":0.29,"mesh":"53394582"},"geometry":{"type":"LineString","coordinates":[[139.65491,35.73532],[139.65394,35.73538],[139.65329,35.7355],[139.65122,35.73634]]}},{"type":"Feature","properties":{"idx":2057,"road":"中野通り","cls":"secondary","shops":21,"st_km":0.13,"mesh":"53394543"},"geometry":{"type":"LineString","coordinates":[[139.66544,35.70494],[139.66547,35.70427]]}},{"type":"Feature","properties":{"idx":267,"road":"豊中通り","cls":"tertiary","shops":0,"st_km":0.72,"mesh":"53394572"},"geometry":{"type":"LineString","coordinates":[[139.64749,35.73211],[139.6512,35.73203],[139.65455,35.73234]]}},{"type":"Feature","properties":{"idx":721,"road":"千川通り","cls":"secondary","shops":8,"st_km":0.37,"mesh":"53394582"},"geometry":{"type":"LineString","coordinates":[[139.65007,35.73691],[139.65041,35.73699],[139.65105,35.73704]]}},{"type":"Feature","properties":{"idx":264,"road":"目白通り","cls":"primary","shops":0,"st_km":0.58,"mesh":"53394581"},"geometry":{"type":"LineString","coordinates":[[139.63772,35.74034],[139.63842,35.74003],[139.64044,35.73928],[139.64165,35.73885],[139.64329,35.73835],[139.64522,35.7376],[139.64589,35.73747],[139.64746,35.73745],[139.64818,35.73737],[139.64889,35.73723],[139.65007,35.73691]]}},{"type":"Feature","properties":{"idx":1002,"road":"六本木通り","cls":"secondary","shops":5,"st_km":0.22,"mesh":"53394509"},"geometry":{"type":"LineString","coordinates":[[139.7386,35.66685],[139.73901,35.66717]]}},{"type":"Feature","properties":{"idx":677,"road":"新青梅街道","cls":"secondary","shops":3,"st_km":0.34,"mesh":"53394564"},"geometry":{"type":"LineString","coordinates":[[139.67542,35.72364],[139.67739,35.72379],[139.67777,35.72376],[139.68164,35.72251],[139.68202,35.72243],[139.68247,35.72242],[139.684,35.72265]]}},{"type":"Feature","properties":{"idx":573,"road":"早稲田通り","cls":"primary","shops":6,"st_km":0.54,"mesh":"53394553"},"geometry":{"type":"LineString","coordinates":[[139.67043,35.70963],[139.66936,35.70981],[139.66704,35.70998]]}},{"type":"Feature","properties":{"idx":583,"road":"目白通り","cls":"primary","shops":5,"st_km":0.45,"mesh":"53394565"},"geometry":{"type":"LineString","coordinates":[[139.69323,35.72247],[139.69391,35.72242]]}},{"type":"Feature","properties":{"idx":332,"road":"山手通り","cls":"primary","shops":3,"st_km":0.67,"mesh":"53394565"},"geometry":{"type":"LineString","coordinates":[[139.69268,35.72252],[139.68867,35.71834]]}},{"type":"Feature","properties":{"idx":576,"road":"目白通り","cls":"primary","shops":5,"st_km":0.47,"mesh":"53394565"},"geometry":{"type":"LineString","coordinates":[[139.69251,35.72254],[139.69268,35.72252]]}},{"type":"Feature","properties":{"idx":390,"road":"山手通り","cls":"primary","shops":2,"st_km":0.3,"mesh":"53394565"},"geometry":{"type":"LineString","coordinates":[[139.69251,35.72254],[139.69413,35.72423],[139.69488,35.72528]]}},{"type":"Feature","properties":{"idx":586,"road":"","cls":"tertiary","shops":11,"st_km":0.1,"mesh":"53394576"},"geometry":{"type":"LineString","coordinates":[[139.70838,35.73148],[139.70929,35.73104]]}},{"type":"Feature","properties":{"idx":999,"road":"外苑西通り","cls":"secondary","shops":5,"st_km":0.36,"mesh":"53394507"},"geometry":{"type":"LineString","coordinates":[[139.71602,35.66907],[139.71679,35.66861],[139.71762,35.66791],[139.718,35.66779],[139.71939,35.66752],[139.71977,35.66732],[139.72001,35.66712],[139.72046,35.66652],[139.72061,35.66609],[139.72064,35.66567],[139.7206,35.66506],[139.7205,35.66452],[139.72052,35.66433]]}},{"type":"Feature","properties":{"idx":216,"road":"環七通り","cls":"primary","shops":1,"st_km":0.37,"mesh":"53394532"},"geometry":{"type":"LineString","coordinates":[[139.65464,35.69734],[139.65444,35.69611]]}},{"type":"Feature","properties":{"idx":758,"road":"山手通り","cls":"primary","shops":3,"st_km":0.39,"mesh":"53394544"},"geometry":{"type":"LineString","coordinates":[[139.68278,35.70105],[139.68238,35.70196],[139.68224,35.70264],[139.68225,35.70324],[139.68262,35.70609]]}},{"type":"Feature","properties":{"idx":1070,"road":"大久保通り","cls":"secondary","shops":7,"st_km":0.53,"mesh":"53394544"},"geometry":{"type":"LineString","coordinates":[[139.68292,35.70107],[139.68563,35.70154],[139.68742,35.70163]]}},{"type":"Feature","properties":{"idx":1185,"road":"山手通り","cls":"primary","shops":4,"st_km":0.27,"mesh":"53394534"},"geometry":{"type":"LineString","coordinates":[[139.68297,35.69707],[139.68258,35.69478],[139.68204,35.69219]]}},{"type":"Feature","properties":{"idx":146,"road":"井ノ頭通り","cls":"tertiary","shops":1,"st_km":0.23,"mesh":"53394505"},"geometry":{"type":"LineString","coordinates":[[139.69178,35.66791],[139.69186,35.6678]]}},{"type":"Feature","properties":{"idx":583,"road":"大久保通り","cls":"secondary","shops":7,"st_km":0.44,"mesh":"53394543"},"geometry":{"type":"LineString","coordinates":[[139.66566,35.70275],[139.66607,35.70295],[139.66651,35.703],[139.6699,35.70261],[139.67193,35.7025]]}},{"type":"Feature","properties":{"idx":1039,"road":"大久保通り","cls":"secondary","shops":6,"st_km":0.44,"mesh":"53394544"},"geometry":{"type":"LineString","coordinates":[[139.68278,35.70105],[139.68292,35.70107]]}},{"type":"Feature","properties":{"idx":594,"road":"井ノ頭通り","cls":"secondary","shops":4,"st_km":0.33,"mesh":"53394502"},"geometry":{"type":"LineString","coordinates":[[139.65297,35.67052],[139.6528,35.67074]]}},{"type":"Feature","properties":{"idx":443,"road":"井ノ頭通り","cls":"secondary","shops":3,"st_km":0.44,"mesh":"53394502"},"geometry":{"type":"LineString","coordinates":[[139.65254,35.67107],[139.65164,35.67216],[139.6515,35.67228],[139.65063,35.67258],[139.64998,35.67289]]}},{"type":"Feature","properties":{"idx":571,"road":"四谷角筈線","cls":"secondary","shops":3,"st_km":0.23,"mesh":"53394525"},"geometry":{"type":"LineString","coordinates":[[139.69826,35.69073],[139.69824,35.69104]]}},{"type":"Feature","properties":{"idx":476,"road":"五日市街道","cls":"primary","shops":13,"st_km":0.76,"mesh":"53394531"},"geometry":{"type":"LineString","coordinates":[[139.64153,35.69444],[139.64114,35.6943],[139.64051,35.69388]]}},{"type":"Feature","properties":{"idx":1582,"road":"明治通り","cls":"primary","shops":14,"st_km":0.23,"mesh":"53394577"},"geometry":{"type":"LineString","coordinates":[[139.71342,35.73161],[139.7131,35.73143],[139.71298,35.73124]]}},{"type":"Feature","properties":{"idx":339,"road":"環七通り","cls":"primary","shops":0,"st_km":0.56,"mesh":"53394594"},"geometry":{"type":"LineString","coordinates":[[139.68292,35.75135],[139.67491,35.74555]]}},{"type":"Feature","properties":{"idx":202,"road":"音羽池袋線","cls":"secondary","shops":1,"st_km":0.32,"mesh":"53394577"},"geometry":{"type":"LineString","coordinates":[[139.71678,35.72746],[139.71692,35.72763],[139.71696,35.72778],[139.7168,35.72936]]}},{"type":"Feature","properties":{"idx":1970,"road":"","cls":"tertiary","shops":26,"st_km":0.34,"mesh":"53394577"},"geometry":{"type":"LineString","coordinates":[[139.71416,35.73201],[139.71414,35.73207]]}},{"type":"Feature","properties":{"idx":223,"road":"音羽池袋線","cls":"secondary","shops":1,"st_km":0.23,"mesh":"53394577"},"geometry":{"type":"LineString","coordinates":[[139.71715,35.72783],[139.71717,35.72742],[139.71727,35.72718]]}},{"type":"Feature","properties":{"idx":833,"road":"音羽池袋線","cls":"secondary","shops":8,"st_km":0.12,"mesh":"53394577"},"geometry":{"type":"LineString","coordinates":[[139.71678,35.72746],[139.71909,35.72601]]}},{"type":"Feature","properties":{"idx":655,"road":"グリーン大通り","cls":"tertiary","shops":8,"st_km":0.41,"mesh":"53394577"},"geometry":{"type":"LineString","coordinates":[[139.71604,35.72781],[139.71398,35.72909]]}},{"type":"Feature","properties":{"idx":136,"road":"","cls":"tertiary","shops":1,"st_km":0.51,"mesh":"53394520"},"geometry":{"type":"LineString","coordinates":[[139.62964,35.68404],[139.63053,35.6838],[139.63153,35.68363],[139.63302,35.6835],[139.63574,35.68308]]}},{"type":"Feature","properties":{"idx":2802,"road":"中杉通り","cls":"secondary","shops":29,"st_km":0.09,"mesh":"53394540"},"geometry":{"type":"LineString","coordinates":[[139.63666,35.70424],[139.63666,35.70458]]}},{"type":"Feature","properties":{"idx":891,"road":"青梅街道","cls":"primary","shops":15,"st_km":0.24,"mesh":"53394531"},"geometry":{"type":"LineString","coordinates":[[139.63704,35.69893],[139.63892,35.6983]]}},{"type":"Feature","properties":{"idx":2018,"road":"青梅街道","cls":"primary","shops":12,"st_km":0.07,"mesh":"53394530"},"geometry":{"type":"LineString","coordinates":[[139.63706,35.69884],[139.63552,35.69942]]}},{"type":"Feature","properties":{"idx":109,"road":"","cls":"tertiary","shops":0,"st_km":0.85,"mesh":"53394530"},"geometry":{"type":"LineString","coordinates":[[139.63251,35.69393],[139.63176,35.69364],[139.63139,35.69316],[139.63138,35.69203],[139.63084,35.69096]]}},{"type":"Feature","properties":{"idx":2193,"road":"中杉通り","cls":"secondary","shops":29,"st_km":0.27,"mesh":"53394540"},"geometry":{"type":"LineString","coordinates":[[139.63553,35.6995],[139.63666,35.70424]]}},{"type":"Feature","properties":{"idx":335,"road":"","cls":"tertiary","shops":4,"st_km":0.3,"mesh":"53394520"},"geometry":{"type":"LineString","coordinates":[[139.62964,35.68404],[139.62955,35.68345]]}},{"type":"Feature","properties":{"idx":197,"road":"人見街道","cls":"primary","shops":1,"st_km":0.37,"mesh":"53394520"},"geometry":{"type":"LineString","coordinates":[[139.6249,35.68493],[139.62753,35.68446]]}},{"type":"Feature","properties":{"idx":4819,"road":"","cls":"tertiary","shops":43,"st_km":0.05,"mesh":"53394510"},"geometry":{"type":"LineString","coordinates":[[139.62813,35.68161],[139.62637,35.68218]]}},{"type":"Feature","properties":{"idx":288,"road":"井ノ頭通り","cls":"primary","shops":2,"st_km":0.27,"mesh":"53394520"},"geometry":{"type":"LineString","coordinates":[[139.62955,35.68345],[139.62865,35.68391]]}},{"type":"Feature","properties":{"idx":1030,"road":"旧中山道","cls":"tertiary","shops":3,"st_km":0.16,"mesh":"53394597"},"geometry":{"type":"LineString","coordinates":[[139.71995,35.74688],[139.71657,35.74849]]}},{"type":"Feature","properties":{"idx":3204,"road":"","cls":"tertiary","shops":13,"st_km":0.17,"mesh":"53394597"},"geometry":{"type":"LineString","coordinates":[[139.7198,35.74665],[139.71991,35.74664],[139.71996,35.74659],[139.71979,35.7463],[139.71966,35.74627],[139.71945,35.74629]]}},{"type":"Feature","properties":{"idx":2298,"road":"","cls":"tertiary","shops":31,"st_km":0.09,"mesh":"53394556"},"geometry":{"type":"LineString","coordinates":[[139.70484,35.71304],[139.70472,35.71282]]}},{"type":"Feature","properties":{"idx":534,"road":"神高橋","cls":"tertiary","shops":7,"st_km":0.24,"mesh":"53394556"},"geometry":{"type":"LineString","coordinates":[[139.7053,35.71475],[139.70528,35.71458]]}},{"type":"Feature","properties":{"idx":2464,"road":"","cls":"tertiary","shops":33,"st_km":0.08,"mesh":"53394556"},"geometry":{"type":"LineString","coordinates":[[139.70472,35.71282],[139.70458,35.71299]]}},{"type":"Feature","properties":{"idx":1301,"road":"環二通り","cls":"secondary","shops":7,"st_km":0.18,"mesh":"53394509"},"geometry":{"type":"LineString","coordinates":[[139.74837,35.66733],[139.74716,35.669],[139.74575,35.67017]]}},{"type":"Feature","properties":{"idx":510,"road":"環二通り","cls":"secondary","shops":2,"st_km":0.33,"mesh":"53394509"},"geometry":{"type":"LineString","coordinates":[[139.74494,35.6706],[139.74507,35.67052],[139.74566,35.6704],[139.74578,35.6703]]}},{"type":"Feature","properties":{"idx":884,"road":"","cls":"tertiary","shops":5,"st_km":0.19,"mesh":"53394509"},"geometry":{"type":"LineString","coordinates":[[139.74941,35.66735],[139.75042,35.66702]]}},{"type":"Feature","properties":{"idx":2782,"road":"","cls":"tertiary","shops":17,"st_km":0.05,"mesh":"53394509"},"geometry":{"type":"LineString","coordinates":[[139.74837,35.66733],[139.74804,35.66666]]}},{"type":"Feature","properties":{"idx":244,"road":"荒玉水道道路","cls":"secondary","shops":2,"st_km":0.43,"mesh":"53394532"},"geometry":{"type":"LineString","coordinates":[[139.65215,35.696],[139.6518,35.69572],[139.6517,35.69551],[139.65165,35.6944],[139.65151,35.6941],[139.6515,35.69376]]}},{"type":"Feature","properties":{"idx":125,"road":"荒玉水道道路","cls":"secondary","shops":0,"st_km":0.4,"mesh":"53394532"},"geometry":{"type":"LineString","coordinates":[[139.65296,35.69667],[139.65215,35.696]]}},{"type":"Feature","properties":{"idx":1780,"road":"","cls":"secondary_link","shops":14,"st_km":0.04,"mesh":"53394509"},"geometry":{"type":"LineString","coordinates":[[139.74826,35.66747],[139.74808,35.66761],[139.7479,35.66755]]}},{"type":"Feature","properties":{"idx":2030,"road":"","cls":"pedestrian","shops":28,"st_km":0.29,"mesh":"53394541"},"geometry":{"type":"LineString","coordinates":[[139.63928,35.70513],[139.639,35.70512],[139.63893,35.70523]]}},{"type":"Feature","properties":{"idx":376,"road":"","cls":"tertiary","shops":3,"st_km":0.29,"mesh":"53394535"},"geometry":{"type":"LineString","coordinates":[[139.6896,35.69551],[139.6898,35.69589],[139.69048,35.69678]]}},{"type":"Feature","properties":{"idx":516,"road":"みずき通り","cls":"tertiary","shops":9,"st_km":0.06,"mesh":"53394576"},"geometry":{"type":"LineString","coordinates":[[139.70829,35.73152],[139.70842,35.73157]]}},{"type":"Feature","properties":{"idx":2515,"road":"山手通り","cls":"primary","shops":6,"st_km":0.38,"mesh":"53394524"},"geometry":{"type":"LineString","coordinates":[[139.68624,35.6844],[139.68468,35.6864],[139.68269,35.68837]]}},{"type":"Feature","properties":{"idx":244,"road":"スタジアム通り","cls":"tertiary","shops":0,"st_km":0.4,"mesh":"53394507"},"geometry":{"type":"LineString","coordinates":[[139.71547,35.67501],[139.71679,35.67244]]}},{"type":"Feature","properties":{"idx":350,"road":"","cls":"pedestrian","shops":2,"st_km":0.36,"mesh":"53394526"},"geometry":{"type":"LineString","coordinates":[[139.71005,35.68374],[139.70977,35.684],[139.70934,35.68422],[139.70927,35.68419]]}},{"type":"Feature","properties":{"idx":397,"road":"早稲田通り","cls":"primary","shops":6,"st_km":0.63,"mesh":"53394555"},"geometry":{"type":"LineString","coordinates":[[139.69262,35.71054],[139.69316,35.71015]]}},{"type":"Feature","properties":{"idx":385,"road":"早稲田通り","cls":"primary","shops":5,"st_km":0.52,"mesh":"53394555"},"geometry":{"type":"LineString","coordinates":[[139.69155,35.71104],[139.69176,35.71096]]}},{"type":"Feature","properties":{"idx":372,"road":"","cls":"tertiary","shops":0,"st_km":0.39,"mesh":"53394592"},"geometry":{"type":"LineString","coordinates":[[139.65028,35.74495],[139.65176,35.74426]]}},{"type":"Feature","properties":{"idx":120,"road":"早宮中央通り","cls":"tertiary","shops":0,"st_km":0.51,"mesh":"53394591"},"geometry":{"type":"LineString","coordinates":[[139.64852,35.74577],[139.64931,35.7474]]}},{"type":"Feature","properties":{"idx":343,"road":"","cls":"tertiary","shops":0,"st_km":0.48,"mesh":"53394592"},"geometry":{"type":"LineString","coordinates":[[139.65176,35.74426],[139.65249,35.74527]]}},{"type":"Feature","properties":{"idx":227,"road":"","cls":"pedestrian","shops":2,"st_km":0.3,"mesh":"53394549"},"geometry":{"type":"LineString","coordinates":[[139.73786,35.70455],[139.73764,35.70426]]}},{"type":"Feature","properties":{"idx":810,"road":"","cls":"pedestrian","shops":5,"st_km":0.26,"mesh":"53394548"},"geometry":{"type":"LineString","coordinates":[[139.73762,35.70427],[139.73721,35.70375]]}},{"type":"Feature","properties":{"idx":116,"road":"","cls":"tertiary","shops":2,"st_km":0.7,"mesh":"53394549"},"geometry":{"type":"LineString","coordinates":[[139.743,35.7077],[139.74321,35.70775]]}},{"type":"Feature","properties":{"idx":360,"road":"代々木公園通り;五輪橋","cls":"secondary","shops":3,"st_km":0.15,"mesh":"53394506"},"geometry":{"type":"LineString","coordinates":[[139.7025,35.66931],[139.70219,35.66917]]}},{"type":"Feature","properties":{"idx":282,"road":"代々木公園通り","cls":"secondary","shops":2,"st_km":0.16,"mesh":"53394506"},"geometry":{"type":"LineString","coordinates":[[139.70219,35.66917],[139.70208,35.66912]]}},{"type":"Feature","properties":{"idx":2679,"road":"明治通り","cls":"primary","shops":22,"st_km":0.12,"mesh":"53394526"},"geometry":{"type":"LineString","coordinates":[[139.70582,35.69237],[139.70491,35.69085]]}},{"type":"Feature","properties":{"idx":3009,"road":"靖国通り","cls":"primary","shops":29,"st_km":0.22,"mesh":"53394536"},"geometry":{"type":"LineString","coordinates":[[139.70582,35.69237],[139.70281,35.6932],[139.7009,35.69361]]}},{"type":"Feature","properties":{"idx":991,"road":"明治通り","cls":"primary","shops":9,"st_km":0.29,"mesh":"53394536"},"geometry":{"type":"LineString","coordinates":[[139.70693,35.6936],[139.7065,35.69353],[139.70589,35.69249]]}},{"type":"Feature","properties":{"idx":191,"road":"中根坂","cls":"tertiary","shops":0,"st_km":0.52,"mesh":"53394538"},"geometry":{"type":"LineString","coordinates":[[139.73211,35.69672],[139.73198,35.6952]]}},{"type":"Feature","properties":{"idx":1075,"road":"四谷角筈線","cls":"secondary","shops":4,"st_km":0.06,"mesh":"53394516"},"geometry":{"type":"LineString","coordinates":[[139.71155,35.6807],[139.71068,35.68094]]}},{"type":"Feature","properties":{"idx":1237,"road":"四谷角筈線","cls":"secondary","shops":5,"st_km":0.07,"mesh":"53394516"},"geometry":{"type":"LineString","coordinates":[[139.71216,35.68057],[139.71155,35.6807]]}},{"type":"Feature","properties":{"idx":107,"road":"外苑西通り","cls":"secondary","shops":0,"st_km":0.34,"mesh":"53394517"},"geometry":{"type":"LineString","coordinates":[[139.71257,35.67696],[139.71265,35.67758],[139.7128,35.67793]]}},{"type":"Feature","properties":{"idx":194,"road":"","cls":"tertiary","shops":1,"st_km":0.1,"mesh":"53394517"},"geometry":{"type":"LineString","coordinates":[[139.71155,35.6807],[139.71171,35.68092],[139.71238,35.68084],[139.7129,35.68096],[139.71368,35.68086]]}},{"type":"Feature","properties":{"idx":366,"road":"","cls":"tertiary","shops":1,"st_km":0.31,"mesh":"53394516"},"geometry":{"type":"LineString","coordinates":[[139.71059,35.67897],[139.71174,35.67834],[139.7128,35.67793]]}},{"type":"Feature","properties":{"idx":263,"road":"井ノ頭通り","cls":"secondary","shops":1,"st_km":0.27,"mesh":"53394511"},"geometry":{"type":"LineString","coordinates":[[139.64384,35.67617],[139.64533,35.67542],[139.64701,35.6744]]}},{"type":"Feature","properties":{"idx":370,"road":"井ノ頭通り","cls":"primary","shops":2,"st_km":0.38,"mesh":"53394510"},"geometry":{"type":"LineString","coordinates":[[139.63621,35.68007],[139.62955,35.68345]]}},{"type":"Feature","properties":{"idx":2012,"road":"井ノ頭通り","cls":"secondary","shops":17,"st_km":0.09,"mesh":"53394511"},"geometry":{"type":"LineString","coordinates":[[139.64347,35.67636],[139.64384,35.67617]]}},{"type":"Feature","properties":{"idx":316,"road":"方南通り","cls":"primary","shops":3,"st_km":0.72,"mesh":"53394511"},"geometry":{"type":"LineString","coordinates":[[139.64745,35.6828],[139.6434,35.68187]]}},{"type":"Feature","properties":{"idx":793,"road":"方南通り","cls":"primary","shops":5,"st_km":0.18,"mesh":"53394510"},"geometry":{"type":"LineString","coordinates":[[139.63662,35.6802],[139.63621,35.68007]]}},{"type":"Feature","properties":{"idx":351,"road":"南蔵院通り","cls":"tertiary","shops":0,"st_km":0.92,"mesh":"53394571"},"geometry":{"type":"LineString","coordinates":[[139.6475,35.72849],[139.64749,35.73211]]}},{"type":"Feature","properties":{"idx":124,"road":"四谷角筈線","cls":"secondary","shops":0,"st_km":0.26,"mesh":"53394517"},"geometry":{"type":"LineString","coordinates":[[139.7235,35.67841],[139.72105,35.67719]]}},{"type":"Feature","properties":{"idx":114,"road":"安鎮坂","cls":"secondary","shops":0,"st_km":0.35,"mesh":"53394517"},"geometry":{"type":"LineString","coordinates":[[139.72628,35.67968],[139.72593,35.67948],[139.72504,35.67925],[139.7235,35.67841]]}},{"type":"Feature","properties":{"idx":226,"road":"外堀通り","cls":"secondary","shops":0,"st_km":0.57,"mesh":"53394518"},"geometry":{"type":"LineString","coordinates":[[139.72929,35.68411],[139.73084,35.68123],[139.73197,35.6804],[139.73228,35.68012],[139.73247,35.67987],[139.733,35.6789],[139.73336,35.6787],[139.73386,35.67858],[139.7353,35.67846]]}},{"type":"Feature","properties":{"idx":4634,"road":"外堀通り","cls":"secondary","shops":18,"st_km":0.1,"mesh":"53394528"},"geometry":{"type":"LineString","coordinates":[[139.72973,35.68645],[139.72959,35.68592]]}},{"type":"Feature","properties":{"idx":1517,"road":"","cls":"tertiary","shops":5,"st_km":0.05,"mesh":"53394528"},"geometry":{"type":"LineString","coordinates":[[139.73105,35.68569],[139.73112,35.68582]]}},{"type":"Feature","properties":{"idx":374,"road":"税務署通り","cls":"primary","shops":2,"st_km":0.3,"mesh":"53394535"},"geometry":{"type":"LineString","coordinates":[[139.69236,35.6972],[139.69283,35.69725]]}},{"type":"Feature","properties":{"idx":2100,"road":"新宿停車場前線","cls":"secondary","shops":17,"st_km":0.13,"mesh":"53394526"},"geometry":{"type":"LineString","coordinates":[[139.70161,35.69136],[139.70167,35.69084],[139.70149,35.69072]]}},{"type":"Feature","properties":{"idx":270,"road":"鮫洲大山線","cls":"secondary","shops":0,"st_km":0.41,"mesh":"53394503"},"geometry":{"type":"LineString","coordinates":[[139.67237,35.67009],[139.67159,35.67232],[139.6709,35.67534]]}},{"type":"Feature","properties":{"idx":675,"road":"世田ヶ谷道","cls":"tertiary","shops":0,"st_km":0.28,"mesh":"53394514"},"geometry":{"type":"LineString","coordinates":[[139.67442,35.67417],[139.67553,35.67528],[139.67661,35.67582]]}},{"type":"Feature","properties":{"idx":222,"road":"世田ヶ谷道","cls":"tertiary","shops":0,"st_km":0.45,"mesh":"53394503"},"geometry":{"type":"LineString","coordinates":[[139.67399,35.67372],[139.67442,35.67417]]}},{"type":"Feature","properties":{"idx":1174,"road":"","cls":"tertiary","shops":11,"st_km":0.07,"mesh":"53394578"},"geometry":{"type":"LineString","coordinates":[[139.72945,35.73101],[139.72971,35.73097]]}},{"type":"Feature","properties":{"idx":268,"road":"補助第80号線","cls":"tertiary","shops":1,"st_km":0.13,"mesh":"53394578"},"geometry":{"type":"LineString","coordinates":[[139.72991,35.72626],[139.72947,35.72771],[139.72936,35.72828]]}},{"type":"Feature","properties":{"idx":1335,"road":"","cls":"tertiary","shops":13,"st_km":0.08,"mesh":"53394578"},"geometry":{"type":"LineString","coordinates":[[139.72971,35.73097],[139.73007,35.73092]]}},{"type":"Feature","properties":{"idx":1329,"road":"","cls":"tertiary","shops":13,"st_km":0.09,"mesh":"53394578"},"geometry":{"type":"LineString","coordinates":[[139.7297,35.73079],[139.72937,35.73082],[139.72925,35.73068]]}},{"type":"Feature","properties":{"idx":832,"road":"","cls":"tertiary_link","shops":13,"st_km":0.09,"mesh":"53394578"},"geometry":{"type":"LineString","coordinates":[[139.72971,35.73097],[139.72977,35.73087],[139.7297,35.73079]]}},{"type":"Feature","properties":{"idx":2529,"road":"","cls":"pedestrian","shops":20,"st_km":0.18,"mesh":"53394526"},"geometry":{"type":"LineString","coordinates":[[139.7055,35.69183],[139.7067,35.69141]]}},{"type":"Feature","properties":{"idx":2877,"road":"半蔵門駅通り","cls":"tertiary","shops":15,"st_km":0.15,"mesh":"53394529"},"geometry":{"type":"LineString","coordinates":[[139.74158,35.68382],[139.74147,35.68426]]}},{"type":"Feature","properties":{"idx":3960,"road":"プリンス通り","cls":"tertiary","shops":32,"st_km":0.19,"mesh":"53394519"},"geometry":{"type":"LineString","coordinates":[[139.73821,35.68298],[139.73818,35.68346]]}},{"type":"Feature","properties":{"idx":2217,"road":"半蔵門駅通り","cls":"tertiary","shops":19,"st_km":0.3,"mesh":"53394519"},"geometry":{"type":"LineString","coordinates":[[139.74183,35.68235],[139.74174,35.68309]]}},{"type":"Feature","properties":{"idx":982,"road":"プリンス通り","cls":"tertiary","shops":7,"st_km":0.25,"mesh":"53394519"},"geometry":{"type":"LineString","coordinates":[[139.73823,35.68226],[139.73821,35.68298]]}},{"type":"Feature","properties":{"idx":368,"road":"五日市街道","cls":"primary","shops":4,"st_km":0.1,"mesh":"53394531"},"geometry":{"type":"LineString","coordinates":[[139.6481,35.69675],[139.64917,35.69715],[139.64927,35.69722],[139.64945,35.69745],[139.64947,35.69786]]}},{"type":"Feature","properties":{"idx":301,"road":"方南通り","cls":"primary","shops":2,"st_km":0.5,"mesh":"53394511"},"geometry":{"type":"LineString","coordinates":[[139.6434,35.68187],[139.63662,35.6802]]}},{"type":"Feature","properties":{"idx":1094,"road":"井ノ頭通り","cls":"secondary","shops":8,"st_km":0.06,"mesh":"53394511"},"geometry":{"type":"LineString","coordinates":[[139.64192,35.67715],[139.64347,35.67636]]}},{"type":"Feature","properties":{"idx":1103,"road":"","cls":"tertiary","shops":19,"st_km":0.03,"mesh":"53394531"},"geometry":{"type":"LineString","coordinates":[[139.64812,35.69779],[139.64816,35.69787]]}},{"type":"Feature","properties":{"idx":1508,"road":"青梅街道","cls":"primary","shops":22,"st_km":0.07,"mesh":"53394531"},"geometry":{"type":"LineString","coordinates":[[139.64812,35.69779],[139.64725,35.69777]]}},{"type":"Feature","properties":{"idx":1536,"road":"青梅街道","cls":"primary","shops":22,"st_km":0.06,"mesh":"53394531"},"geometry":{"type":"LineString","coordinates":[[139.64947,35.69786],[139.64882,35.69783]]}},{"type":"Feature","properties":{"idx":1419,"road":"青梅街道","cls":"primary","shops":19,"st_km":0.01,"mesh":"53394531"},"geometry":{"type":"LineString","coordinates":[[139.64882,35.69783],[139.64812,35.69779]]}},{"type":"Feature","properties":{"idx":921,"road":"井ノ頭通り","cls":"secondary","shops":13,"st_km":0.32,"mesh":"53394520"},"geometry":{"type":"LineString","coordinates":[[139.62761,35.68444],[139.62739,35.68456]]}},{"type":"Feature","properties":{"idx":1196,"road":"","cls":"pedestrian","shops":2,"st_km":0.1,"mesh":"53394594"},"geometry":{"type":"LineString","coordinates":[[139.68046,35.74313],[139.68075,35.743]]}},{"type":"Feature","properties":{"idx":516,"road":"劇場通り","cls":"tertiary","shops":9,"st_km":0.06,"mesh":"53394576"},"geometry":{"type":"LineString","coordinates":[[139.70838,35.73148],[139.70803,35.7308]]}},{"type":"Feature","properties":{"idx":234,"road":"新青梅街道","cls":"secondary","shops":1,"st_km":0.72,"mesh":"53394563"},"geometry":{"type":"LineString","coordinates":[[139.66993,35.72401],[139.67025,35.72402]]}},{"type":"Feature","properties":{"idx":528,"road":"早稲田通り","cls":"primary","shops":8,"st_km":0.56,"mesh":"53394555"},"geometry":{"type":"LineString","coordinates":[[139.69176,35.71096],[139.6923,35.71074],[139.69255,35.7106]]}},{"type":"Feature","properties":{"idx":1041,"road":"目白通り","cls":"primary","shops":11,"st_km":0.5,"mesh":"53394565"},"geometry":{"type":"LineString","coordinates":[[139.69426,35.72232],[139.69521,35.72198],[139.69572,35.72193]]}},{"type":"Feature","properties":{"idx":183,"road":"上落中通り","cls":"tertiary","shops":1,"st_km":0.16,"mesh":"53394555"},"geometry":{"type":"LineString","coordinates":[[139.6923,35.71434],[139.69337,35.7148],[139.6943,35.71545],[139.69451,35.71576],[139.69458,35.71621]]}},{"type":"Feature","properties":{"idx":617,"road":"千川通り","cls":"secondary","shops":7,"st_km":0.42,"mesh":"53394582"},"geometry":{"type":"LineString","coordinates":[[139.64997,35.73685],[139.65007,35.73691]]}},{"type":"Feature","properties":{"idx":407,"road":"千川通り","cls":"secondary","shops":1,"st_km":0.54,"mesh":"53394581"},"geometry":{"type":"LineString","coordinates":[[139.64747,35.73645],[139.64924,35.73665],[139.64966,35.73673],[139.64997,35.73685]]}},{"type":"Feature","properties":{"idx":304,"road":"環七通り","cls":"primary","shops":1,"st_km":0.41,"mesh":"53394542"},"geometry":{"type":"LineString","coordinates":[[139.65482,35.70062],[139.65476,35.6999]]}},{"type":"Feature","properties":{"idx":506,"road":"環七通り","cls":"primary","shops":3,"st_km":0.46,"mesh":"53394542"},"geometry":{"type":"LineString","coordinates":[[139.65461,35.70557],[139.65437,35.70767]]}},{"type":"Feature","properties":{"idx":299,"road":"環七通り","cls":"primary","shops":1,"st_km":0.47,"mesh":"53394542"},"geometry":{"type":"LineString","coordinates":[[139.65476,35.7056],[139.6549,35.70384]]}},{"type":"Feature","properties":{"idx":1538,"road":"","cls":"tertiary","shops":13,"st_km":0.22,"mesh":"53394542"},"geometry":{"type":"LineString","coordinates":[[139.65391,35.70556],[139.65197,35.70552],[139.65076,35.70555],[139.65066,35.70556],[139.65048,35.70569]]}},{"type":"Feature","properties":{"idx":870,"road":"青梅街道","cls":"primary","shops":9,"st_km":0.28,"mesh":"53394532"},"geometry":{"type":"LineString","coordinates":[[139.65175,35.69793],[139.65139,35.69793]]}},{"type":"Feature","properties":{"idx":604,"road":"青梅街道","cls":"primary","shops":7,"st_km":0.44,"mesh":"53394532"},"geometry":{"type":"LineString","coordinates":[[139.65221,35.69802],[139.65456,35.69804]]}},{"type":"Feature","properties":{"idx":311,"road":"環状三号線","cls":"primary","shops":0,"st_km":0.36,"mesh":"53394507"},"geometry":{"type":"LineString","coordinates":[[139.72455,35.67175],[139.7246,35.67142],[139.72453,35.67113],[139.72439,35.67093],[139.7239,35.67047],[139.72377,35.67022],[139.72374,35.67005],[139.72383,35.66945],[139.72455,35.66643]]}},{"type":"Feature","properties":{"idx":872,"road":"外苑東通り","cls":"primary","shops":2,"st_km":0.14,"mesh":"53394508"},"geometry":{"type":"LineString","coordinates":[[139.72455,35.67175],[139.72604,35.67216]]}},{"type":"Feature","properties":{"idx":118,"road":"外苑東通り","cls":"primary","shops":0,"st_km":0.42,"mesh":"53394517"},"geometry":{"type":"LineString","coordinates":[[139.72401,35.67269],[139.72323,35.67426],[139.72311,35.67437],[139.72235,35.67474],[139.72198,35.67515],[139.71939,35.68008]]}},{"type":"Feature","properties":{"idx":327,"road":"","cls":"tertiary","shops":2,"st_km":0.54,"mesh":"53394563"},"geometry":{"type":"LineString","coordinates":[[139.67353,35.7206],[139.67317,35.72056],[139.67247,35.72064],[139.67127,35.72066]]}},{"type":"Feature","properties":{"idx":615,"road":"","cls":"tertiary","shops":4,"st_km":0.5,"mesh":"53394564"},"geometry":{"type":"LineString","coordinates":[[139.67893,35.71812],[139.67879,35.72134],[139.67829,35.72362]]}},{"type":"Feature","properties":{"idx":184,"road":"","cls":"tertiary","shops":0,"st_km":0.61,"mesh":"53394564"},"geometry":{"type":"LineString","coordinates":[[139.67915,35.71697],[139.67893,35.71769]]}},{"type":"Feature","properties":{"idx":961,"road":"中野通り","cls":"secondary","shops":1,"st_km":0.57,"mesh":"53394574"},"geometry":{"type":"LineString","coordinates":[[139.67679,35.72775],[139.67751,35.72952]]}},{"type":"Feature","properties":{"idx":577,"road":"哲学堂通り","cls":"tertiary","shops":4,"st_km":0.37,"mesh":"53394563"},"geometry":{"type":"LineString","coordinates":[[139.67378,35.71927],[139.67342,35.71877]]}},{"type":"Feature","properties":{"idx":1619,"road":"哲学堂通り","cls":"tertiary","shops":13,"st_km":0.26,"mesh":"53394563"},"geometry":{"type":"LineString","coordinates":[[139.67342,35.71877],[139.67305,35.71824],[139.67256,35.71734]]}},{"type":"Feature","properties":{"idx":448,"road":"哲学堂通り","cls":"tertiary","shops":3,"st_km":0.63,"mesh":"53394564"},"geometry":{"type":"LineString","coordinates":[[139.67572,35.72137],[139.67558,35.72064],[139.67548,35.72048]]}},{"type":"Feature","properties":{"idx":765,"road":"早稲田通り","cls":"primary","shops":11,"st_km":0.45,"mesh":"53394555"},"geometry":{"type":"LineString","coordinates":[[139.69014,35.7113],[139.69067,35.71126],[139.69155,35.71104]]}},{"type":"Feature","properties":{"idx":662,"road":"早稲田通り","cls":"primary","shops":6,"st_km":0.79,"mesh":"53394554"},"geometry":{"type":"LineString","coordinates":[[139.68277,35.71],[139.68217,35.70985],[139.67905,35.70841],[139.67755,35.70832],[139.67697,35.70832],[139.67629,35.7084],[139.67302,35.70917],[139.67043,35.70963]]}},{"type":"Feature","properties":{"idx":672,"road":"","cls":"tertiary","shops":0,"st_km":0.39,"mesh":"53394574"},"geometry":{"type":"LineString","coordinates":[[139.68135,35.72664],[139.68129,35.72688]]}},{"type":"Feature","properties":{"idx":1102,"road":"目白通り","cls":"primary","shops":13,"st_km":0.59,"mesh":"53394565"},"geometry":{"type":"LineString","coordinates":[[139.69572,35.72193],[139.69749,35.72191],[139.69941,35.72218]]}},{"type":"Feature","properties":{"idx":1537,"road":"目白通り","cls":"primary","shops":8,"st_km":0.32,"mesh":"53394564"},"geometry":{"type":"LineString","coordinates":[[139.6844,35.7227],[139.68613,35.72289],[139.68954,35.72283]]}},{"type":"Feature","properties":{"idx":418,"road":"","cls":"tertiary","shops":1,"st_km":0.66,"mesh":"53394585"},"geometry":{"type":"LineString","coordinates":[[139.69907,35.73988],[139.69492,35.73959],[139.69385,35.73942]]}},{"type":"Feature","properties":{"idx":584,"road":"","cls":"tertiary","shops":0,"st_km":0.65,"mesh":"53394595"},"geometry":{"type":"LineString","coordinates":[[139.69257,35.7434],[139.69255,35.74344]]}},{"type":"Feature","properties":{"idx":501,"road":"","cls":"tertiary","shops":0,"st_km":0.83,"mesh":"53394595"},"geometry":{"type":"LineString","coordinates":[[139.69255,35.74344],[139.6929,35.74391],[139.6932,35.74444],[139.69428,35.7459],[139.69583,35.7475],[139.69587,35.74759],[139.69582,35.7477]]}},{"type":"Feature","properties":{"idx":599,"road":"","cls":"tertiary","shops":0,"st_km":0.62,"mesh":"53394595"},"geometry":{"type":"LineString","coordinates":[[139.69349,35.74289],[139.69303,35.74267]]}},{"type":"Feature","properties":{"idx":579,"road":"","cls":"tertiary","shops":0,"st_km":0.66,"mesh":"53394595"},"geometry":{"type":"LineString","coordinates":[[139.69408,35.7429],[139.69349,35.74289]]}},{"type":"Feature","properties":{"idx":255,"road":"","cls":"tertiary","shops":0,"st_km":0.76,"mesh":"53394585"},"geometry":{"type":"LineString","coordinates":[[139.70078,35.74005],[139.69907,35.73988]]}},{"type":"Feature","properties":{"idx":442,"road":"鮫洲大山線","cls":"secondary","shops":0,"st_km":0.3,"mesh":"53394585"},"geometry":{"type":"LineString","coordinates":[[139.68803,35.74064],[139.68806,35.74073]]}},{"type":"Feature","properties":{"idx":633,"road":"ロード大谷口","cls":"secondary","shops":0,"st_km":0.69,"mesh":"53394595"},"geometry":{"type":"LineString","coordinates":[[139.68806,35.74073],[139.68817,35.74105],[139.68825,35.74191],[139.68838,35.74233],[139.69058,35.74588],[139.69099,35.74622],[139.6915,35.74646],[139.69301,35.74682]]}},{"type":"Feature","properties":{"idx":1714,"road":"千川通り","cls":"secondary","shops":3,"st_km":0.49,"mesh":"53394574"},"geometry":{"type":"LineString","coordinates":[[139.67765,35.73177],[139.67838,35.73103]]}},{"type":"Feature","properties":{"idx":773,"road":"","cls":"tertiary","shops":1,"st_km":0.15,"mesh":"53394598"},"geometry":{"type":"LineString","coordinates":[[139.73284,35.74497],[139.73289,35.74546],[139.73294,35.74556],[139.73354,35.74632],[139.73405,35.74721],[139.73479,35.74813],[139.73498,35.7487]]}},{"type":"Feature","properties":{"idx":565,"road":"","cls":"tertiary","shops":0,"st_km":0.2,"mesh":"53394598"},"geometry":{"type":"LineString","coordinates":[[139.72788,35.74514],[139.72783,35.745]]}},{"type":"Feature","properties":{"idx":1469,"road":"","cls":"tertiary","shops":3,"st_km":0.05,"mesh":"53394598"},"geometry":{"type":"LineString","coordinates":[[139.73308,35.74428],[139.73302,35.74437],[139.73284,35.74497]]}},{"type":"Feature","properties":{"idx":346,"road":"","cls":"tertiary","shops":0,"st_km":0.37,"mesh":"53394597"},"geometry":{"type":"LineString","coordinates":[[139.72387,35.73993],[139.72353,35.74042],[139.72291,35.74091],[139.72182,35.74146],[139.72029,35.74181],[139.72012,35.74196],[139.71999,35.7422],[139.72002,35.74323],[139.71962,35.74438],[139.71962,35.74468],[139.71977,35.74513]]}},{"type":"Feature","properties":{"idx":481,"road":"","cls":"pedestrian","shops":1,"st_km":0.84,"mesh":"53394586"},"geometry":{"type":"LineString","coordinates":[[139.70567,35.73927],[139.70459,35.73814]]}},{"type":"Feature","properties":{"idx":711,"road":"平和通り","cls":"tertiary","shops":3,"st_km":0.53,"mesh":"53394586"},"geometry":{"type":"LineString","coordinates":[[139.71135,35.73707],[139.71147,35.73481],[139.71164,35.73403],[139.71175,35.73327]]}},{"type":"Feature","properties":{"idx":645,"road":"目白通り","cls":"primary","shops":5,"st_km":0.46,"mesh":"53394567"},"geometry":{"type":"LineString","coordinates":[[139.71781,35.71701],[139.71796,35.71694]]}},{"type":"Feature","properties":{"idx":219,"road":"目白通り","cls":"primary","shops":2,"st_km":0.49,"mesh":"53394557"},"geometry":{"type":"LineString","coordinates":[[139.72042,35.71602],[139.72299,35.71542]]}},{"type":"Feature","properties":{"idx":455,"road":"","cls":"pedestrian","shops":0,"st_km":0.25,"mesh":"53394539"},"geometry":{"type":"LineString","coordinates":[[139.74932,35.69443],[139.74919,35.6947]]}},{"type":"Feature","properties":{"idx":507,"road":"谷田川通り","cls":"tertiary","shops":16,"st_km":0.22,"mesh":"53394589"},"geometry":{"type":"LineString","coordinates":[[139.74843,35.73885],[139.74919,35.7387],[139.74993,35.73821],[139.75015,35.73796]]}},{"type":"Feature","properties":{"idx":720,"road":"","cls":"tertiary","shops":3,"st_km":0.46,"mesh":"53394599"},"geometry":{"type":"LineString","coordinates":[[139.74681,35.73985],[139.74668,35.73996],[139.74574,35.74045],[139.74525,35.74061],[139.74497,35.74075],[139.74381,35.74147],[139.74291,35.74182],[139.74239,35.74219],[139.74153,35.74262],[139.74095,35.74302],[139.73904,35.744]]}},{"type":"Feature","properties":{"idx":745,"road":"","cls":"tertiary","shops":24,"st_km":0.21,"mesh":"53394589"},"geometry":{"type":"LineString","coordinates":[[139.74692,35.73519],[139.74703,35.73525]]}},{"type":"Feature","properties":{"idx":1589,"road":"六本木通り","cls":"secondary","shops":10,"st_km":0.29,"mesh":"53394509"},"geometry":{"type":"LineString","coordinates":[[139.73989,35.66774],[139.73966,35.66746]]}},{"type":"Feature","properties":{"idx":940,"road":"","cls":"pedestrian","shops":8,"st_km":0.31,"mesh":"53394526"},"geometry":{"type":"LineString","coordinates":[[139.7075,35.68836],[139.70754,35.68831]]}},{"type":"Feature","properties":{"idx":1617,"road":"","cls":"pedestrian","shops":7,"st_km":0.25,"mesh":"53394516"},"geometry":{"type":"LineString","coordinates":[[139.71038,35.68351],[139.70951,35.68265],[139.70928,35.68256],[139.70894,35.68256],[139.70888,35.68251]]}},{"type":"Feature","properties":{"idx":167,"road":"","cls":"pedestrian","shops":0,"st_km":0.16,"mesh":"53394517"},"geometry":{"type":"LineString","coordinates":[[139.71282,35.68207],[139.71285,35.68216]]}},{"type":"Feature","properties":{"idx":1905,"road":"","cls":"pedestrian","shops":9,"st_km":0.28,"mesh":"53394516"},"geometry":{"type":"LineString","coordinates":[[139.70883,35.68244],[139.70867,35.68223]]}},{"type":"Feature","properties":{"idx":240,"road":"","cls":"pedestrian","shops":0,"st_km":0.3,"mesh":"53394527"},"geometry":{"type":"LineString","coordinates":[[139.7136,35.6868],[139.71383,35.68734]]}},{"type":"Feature","properties":{"idx":1907,"road":"","cls":"pedestrian","shops":9,"st_km":0.28,"mesh":"53394516"},"geometry":{"type":"LineString","coordinates":[[139.70888,35.68251],[139.70883,35.68244]]}},{"type":"Feature","properties":{"idx":356,"road":"","cls":"pedestrian","shops":1,"st_km":0.31,"mesh":"53394527"},"geometry":{"type":"LineString","coordinates":[[139.71359,35.68674],[139.7136,35.6868]]}},{"type":"Feature","properties":{"idx":1135,"road":"","cls":"pedestrian","shops":8,"st_km":0.36,"mesh":"53394527"},"geometry":{"type":"LineString","coordinates":[[139.71285,35.68216],[139.71288,35.68221],[139.71317,35.68227],[139.71409,35.6822],[139.71479,35.68247],[139.7149,35.68254],[139.71497,35.68286],[139.71513,35.68312],[139.71494,35.68351],[139.71459,35.68398],[139.71447,35.68405],[139.71428,35.6844],[139.71439,35.68451],[139.71447,35.68485],[139.71443,35.68516],[139.71432,35.68543],[139.71402,35.68591],[139.71381,35.68608],[139.71352,35.68622],[139.71349,35.68644],[139.71353,35.68654],[139.7131,35.68632],[139.71274,35.68629],[139.71216,35.6864],[139.7118,35.68658],[139.71132,35.6867],[139.71003,35.68687],[139.70942,35.68717],[139.70904,35.68759],[139.70886,35.6877],[139.70887,35.68776],[139.70775,35.68814],[139.70754,35.68831]]}},{"type":"Feature","properties":{"idx":845,"road":"","cls":"tertiary","shops":3,"st_km":0.11,"mesh":"53394508"},"geometry":{"type":"LineString","coordinates":[[139.72702,35.66739],[139.72714,35.66721],[139.72733,35.66707]]}},{"type":"Feature","properties":{"idx":809,"road":"環七通り","cls":"primary_link","shops":8,"st_km":0.16,"mesh":"53394512"},"geometry":{"type":"LineString","coordinates":[[139.65691,35.68163],[139.65682,35.68191],[139.65669,35.68324]]}},{"type":"Feature","properties":{"idx":146,"road":"","cls":"tertiary","shops":3,"st_km":0.69,"mesh":"53394549"},"geometry":{"type":"LineString","coordinates":[[139.74321,35.70775],[139.74331,35.70777]]}},{"type":"Feature","properties":{"idx":119,"road":"","cls":"tertiary","shops":2,"st_km":0.67,"mesh":"53394549"},"geometry":{"type":"LineString","coordinates":[[139.74347,35.7078],[139.74354,35.70782]]}},{"type":"Feature","properties":{"idx":169,"road":"外堀通り","cls":"secondary","shops":1,"st_km":0.2,"mesh":"53394549"},"geometry":{"type":"LineString","coordinates":[[139.74516,35.70279],[139.74494,35.70269]]}},{"type":"Feature","properties":{"idx":222,"road":"外堀通り","cls":"secondary","shops":2,"st_km":0.22,"mesh":"53394549"},"geometry":{"type":"LineString","coordinates":[[139.74484,35.70282],[139.74506,35.70292]]}},{"type":"Feature","properties":{"idx":168,"road":"外堀通り","cls":"secondary","shops":1,"st_km":0.2,"mesh":"53394549"},"geometry":{"type":"LineString","coordinates":[[139.74494,35.70269],[139.74479,35.70263]]}},{"type":"Feature","properties":{"idx":207,"road":"","cls":"tertiary","shops":0,"st_km":0.54,"mesh":"53394518"},"geometry":{"type":"LineString","coordinates":[[139.73211,35.68117],[139.73142,35.6807]]}},{"type":"Feature","properties":{"idx":437,"road":"","cls":"tertiary","shops":2,"st_km":0.48,"mesh":"53394518"},"geometry":{"type":"LineString","coordinates":[[139.73339,35.68195],[139.73249,35.6817]]}},{"type":"Feature","properties":{"idx":787,"road":"プリンス通り","cls":"tertiary","shops":6,"st_km":0.36,"mesh":"53394519"},"geometry":{"type":"LineString","coordinates":[[139.73832,35.68077],[139.73823,35.68226]]}},{"type":"Feature","properties":{"idx":791,"road":"紀尾井町通り","cls":"tertiary","shops":5,"st_km":0.37,"mesh":"53394518"},"geometry":{"type":"LineString","coordinates":[[139.73507,35.6818],[139.73486,35.68225]]}},{"type":"Feature","properties":{"idx":428,"road":"紀尾井町通り","cls":"tertiary","shops":2,"st_km":0.43,"mesh":"53394518"},"geometry":{"type":"LineString","coordinates":[[139.73554,35.68082],[139.73507,35.6818]]}},{"type":"Feature","properties":{"idx":2410,"road":"大久保通り","cls":"primary","shops":39,"st_km":0.26,"mesh":"53394549"},"geometry":{"type":"LineString","coordinates":[[139.74367,35.70274],[139.74455,35.70263]]}},{"type":"Feature","properties":{"idx":896,"road":"目白通り","cls":"primary","shops":12,"st_km":0.18,"mesh":"53394549"},"geometry":{"type":"LineString","coordinates":[[139.74502,35.70233],[139.74486,35.70245]]}},{"type":"Feature","properties":{"idx":1123,"road":"目白通り","cls":"primary","shops":15,"st_km":0.15,"mesh":"53394549"},"geometry":{"type":"LineString","coordinates":[[139.74511,35.70237],[139.74539,35.70218]]}},{"type":"Feature","properties":{"idx":1045,"road":"大久保通り","cls":"primary","shops":15,"st_km":0.22,"mesh":"53394549"},"geometry":{"type":"LineString","coordinates":[[139.74465,35.70254],[139.74448,35.70257]]}},{"type":"Feature","properties":{"idx":593,"road":"","cls":"tertiary_link","shops":16,"st_km":0.15,"mesh":"53394549"},"geometry":{"type":"LineString","coordinates":[[139.74525,35.70242],[139.74531,35.70236],[139.74542,35.70235]]}},{"type":"Feature","properties":{"idx":599,"road":"","cls":"tertiary_link","shops":16,"st_km":0.14,"mesh":"53394549"},"geometry":{"type":"LineString","coordinates":[[139.74542,35.70235],[139.74536,35.70229],[139.74539,35.70218]]}},{"type":"Feature","properties":{"idx":2528,"road":"大久保通り","cls":"primary","shops":41,"st_km":0.26,"mesh":"53394549"},"geometry":{"type":"LineString","coordinates":[[139.74448,35.70257],[139.74367,35.70274]]}},{"type":"Feature","properties":{"idx":1099,"road":"外堀通り","cls":"secondary","shops":18,"st_km":0.22,"mesh":"53394549"},"geometry":{"type":"LineString","coordinates":[[139.74448,35.70257],[139.74455,35.70263]]}},{"type":"Feature","properties":{"idx":495,"road":"目白通り","cls":"primary","shops":6,"st_km":0.21,"mesh":"53394549"},"geometry":{"type":"LineString","coordinates":[[139.7447,35.70257],[139.74468,35.70261]]}},{"type":"Feature","properties":{"idx":737,"road":"外堀通り","cls":"secondary","shops":4,"st_km":0.54,"mesh":"53394539"},"geometry":{"type":"LineString","coordinates":[[139.74277,35.70041],[139.73966,35.6968],[139.73875,35.69545],[139.73819,35.69475]]}},{"type":"Feature","properties":{"idx":553,"road":"目白通り","cls":"primary","shops":7,"st_km":0.22,"mesh":"53394549"},"geometry":{"type":"LineString","coordinates":[[139.74468,35.70261],[139.74464,35.7027]]}},{"type":"Feature","properties":{"idx":495,"road":"大久保通り","cls":"primary","shops":6,"st_km":0.21,"mesh":"53394549"},"geometry":{"type":"LineString","coordinates":[[139.74468,35.70261],[139.74474,35.7026]]}},{"type":"Feature","properties":{"idx":397,"road":"","cls":"tertiary","shops":4,"st_km":0.11,"mesh":"53394506"},"geometry":{"type":"LineString","coordinates":[[139.70278,35.66953],[139.70277,35.66943]]}},{"type":"Feature","properties":{"idx":1647,"road":"外苑西通り","cls":"secondary","shops":8,"st_km":0.22,"mesh":"53394507"},"geometry":{"type":"LineString","coordinates":[[139.71588,35.66915],[139.71595,35.66911]]}},{"type":"Feature","properties":{"idx":617,"road":"外苑西通り","cls":"secondary","shops":3,"st_km":0.51,"mesh":"53394507"},"geometry":{"type":"LineString","coordinates":[[139.71259,35.67239],[139.7127,35.67188]]}},{"type":"Feature","properties":{"idx":683,"road":"","cls":"tertiary","shops":4,"st_km":0.47,"mesh":"53394507"},"geometry":{"type":"LineString","coordinates":[[139.71259,35.67239],[139.71378,35.67218]]}},{"type":"Feature","properties":{"idx":149,"road":"","cls":"tertiary","shops":2,"st_km":0.68,"mesh":"53394506"},"geometry":{"type":"LineString","coordinates":[[139.70919,35.67211],[139.71086,35.67264],[139.71128,35.67263],[139.71259,35.67239]]}},{"type":"Feature","properties":{"idx":364,"road":"","cls":"tertiary","shops":2,"st_km":0.61,"mesh":"53394516"},"geometry":{"type":"LineString","coordinates":[[139.71058,35.67525],[139.71124,35.67537]]}},{"type":"Feature","properties":{"idx":443,"road":"外苑西通り","cls":"secondary","shops":2,"st_km":0.62,"mesh":"53394507"},"geometry":{"type":"LineString","coordinates":[[139.71269,35.67563],[139.71255,35.67359],[139.71259,35.67239]]}},{"type":"Feature","properties":{"idx":209,"road":"","cls":"tertiary","shops":3,"st_km":0.47,"mesh":"53394517"},"geometry":{"type":"LineString","coordinates":[[139.71269,35.67563],[139.71347,35.6757],[139.71521,35.67552]]}},{"type":"Feature","properties":{"idx":1351,"road":"","cls":"tertiary","shops":9,"st_km":0.31,"mesh":"53394516"},"geometry":{"type":"LineString","coordinates":[[139.70964,35.67843],[139.7105,35.67887],[139.71059,35.67897]]}},{"type":"Feature","properties":{"idx":415,"road":"四谷角筈線","cls":"secondary","shops":1,"st_km":0.29,"mesh":"53394516"},"geometry":{"type":"LineString","coordinates":[[139.7031,35.68013],[139.70296,35.68037]]}},{"type":"Feature","properties":{"idx":313,"road":"代々木淀橋線","cls":"tertiary","shops":0,"st_km":0.37,"mesh":"53394515"},"geometry":{"type":"LineString","coordinates":[[139.69284,35.68147],[139.69212,35.6825],[139.69168,35.68323]]}},{"type":"Feature","properties":{"idx":792,"road":"四谷角筈線","cls":"secondary","shops":6,"st_km":0.36,"mesh":"53394525"},"geometry":{"type":"LineString","coordinates":[[139.70065,35.68575],[139.69998,35.68634],[139.6998,35.68658],[139.69961,35.68692],[139.69899,35.68854]]}},{"type":"Feature","properties":{"idx":2303,"road":"みずき通り","cls":"tertiary","shops":20,"st_km":0.15,"mesh":"53394576"},"geometry":{"type":"LineString","coordinates":[[139.70959,35.73082],[139.7098,35.73118]]}},{"type":"Feature","properties":{"idx":529,"road":"二七通り","cls":"tertiary","shops":3,"st_km":0.7,"mesh":"53394539"},"geometry":{"type":"LineString","coordinates":[[139.74368,35.69216],[139.74617,35.69286]]}},{"type":"Feature","properties":{"idx":1330,"road":"内堀通り","cls":"secondary","shops":7,"st_km":0.47,"mesh":"53394539"},"geometry":{"type":"LineString","coordinates":[[139.74645,35.69428],[139.74653,35.6944]]}},{"type":"Feature","properties":{"idx":407,"road":"内堀通り","cls":"secondary","shops":1,"st_km":0.48,"mesh":"53394529"},"geometry":{"type":"LineString","coordinates":[[139.74514,35.68814],[139.74535,35.68911]]}},{"type":"Feature","properties":{"idx":473,"road":"外堀通り","cls":"secondary","shops":7,"st_km":0.27,"mesh":"53394549"},"geometry":{"type":"LineString","coordinates":[[139.74465,35.70254],[139.74411,35.7021],[139.74356,35.70154],[139.74277,35.70041]]}},{"type":"Feature","properties":{"idx":390,"road":"外堀通り","cls":"secondary","shops":5,"st_km":0.21,"mesh":"53394549"},"geometry":{"type":"LineString","coordinates":[[139.7447,35.70257],[139.74465,35.70254]]}},{"type":"Feature","properties":{"idx":312,"road":"大久保通り","cls":"primary","shops":3,"st_km":0.2,"mesh":"53394549"},"geometry":{"type":"LineString","coordinates":[[139.7448,35.70249],[139.74465,35.70254]]}},{"type":"Feature","properties":{"idx":322,"road":"大妻通り","cls":"tertiary","shops":1,"st_km":0.67,"mesh":"53394529"},"geometry":{"type":"LineString","coordinates":[[139.74368,35.69216],[139.74352,35.69146],[139.74316,35.6905]]}},{"type":"Feature","properties":{"idx":529,"road":"大妻通り","cls":"tertiary","shops":2,"st_km":0.39,"mesh":"53394529"},"geometry":{"type":"LineString","coordinates":[[139.74316,35.6905],[139.74183,35.68714]]}},{"type":"Feature","properties":{"idx":459,"road":"","cls":"tertiary","shops":2,"st_km":0.54,"mesh":"53394529"},"geometry":{"type":"LineString","coordinates":[[139.74546,35.68916],[139.74535,35.68911]]}},{"type":"Feature","properties":{"idx":3072,"road":"日本テレビ通り","cls":"tertiary","shops":15,"st_km":0.23,"mesh":"53394528"},"geometry":{"type":"LineString","coordinates":[[139.73577,35.69066],[139.73596,35.69112]]}},{"type":"Feature","properties":{"idx":341,"road":"","cls":"tertiary","shops":1,"st_km":0.54,"mesh":"53394529"},"geometry":{"type":"LineString","coordinates":[[139.74316,35.6905],[139.74179,35.69036],[139.73995,35.68979]]}},{"type":"Feature","properties":{"idx":287,"road":"","cls":"tertiary","shops":0,"st_km":0.45,"mesh":"53394528"},"geometry":{"type":"LineString","coordinates":[[139.73538,35.68938],[139.734,35.68887],[139.73207,35.68806]]}},{"type":"Feature","properties":{"idx":1641,"road":"靖国通り","cls":"primary","shops":8,"st_km":0.47,"mesh":"53394539"},"geometry":{"type":"LineString","coordinates":[[139.74656,35.6943],[139.74645,35.69428]]}},{"type":"Feature","properties":{"idx":3753,"road":"靖国通り","cls":"primary","shops":14,"st_km":0.19,"mesh":"53394528"},"geometry":{"type":"LineString","coordinates":[[139.736,35.69119],[139.73615,35.69118],[139.73636,35.69123]]}},{"type":"Feature","properties":{"idx":2823,"road":"靖国通り","cls":"primary","shops":10,"st_km":0.19,"mesh":"53394528"},"geometry":{"type":"LineString","coordinates":[[139.73589,35.69126],[139.73594,35.69121]]}},{"type":"Feature","properties":{"idx":4394,"road":"四谷角筈線","cls":"secondary","shops":39,"st_km":0.05,"mesh":"53394535"},"geometry":{"type":"LineString","coordinates":[[139.69887,35.69214],[139.69916,35.69212],[139.69929,35.69217],[139.69932,35.69224],[139.69913,35.69357]]}},{"type":"Feature","properties":{"idx":671,"road":"南通り","cls":"secondary","shops":7,"st_km":0.47,"mesh":"53394525"},"geometry":{"type":"LineString","coordinates":[[139.68962,35.68631],[139.69043,35.68674],[139.69087,35.68688],[139.69129,35.68695]]}},{"type":"Feature","properties":{"idx":494,"road":"北通り","cls":"secondary","shops":4,"st_km":0.3,"mesh":"53394535"},"geometry":{"type":"LineString","coordinates":[[139.68804,35.6914],[139.68835,35.69158],[139.68905,35.69179],[139.69165,35.69222]]}},{"type":"Feature","properties":{"idx":1382,"road":"北通り","cls":"secondary","shops":14,"st_km":0.31,"mesh":"53394525"},"geometry":{"type":"LineString","coordinates":[[139.6873,35.69109],[139.68804,35.6914]]}},{"type":"Feature","properties":{"idx":311,"road":"十二社通り","cls":"secondary","shops":2,"st_km":0.44,"mesh":"53394525"},"geometry":{"type":"LineString","coordinates":[[139.68942,35.68619],[139.68975,35.68543],[139.69007,35.685],[139.6908,35.68425]]}},{"type":"Feature","properties":{"idx":282,"road":"環七通り","cls":"primary","shops":2,"st_km":0.39,"mesh":"53394532"},"geometry":{"type":"LineString","coordinates":[[139.65428,35.69557],[139.65457,35.69734]]}},{"type":"Feature","properties":{"idx":472,"road":"環七通り","cls":"primary","shops":3,"st_km":0.53,"mesh":"53394542"},"geometry":{"type":"LineString","coordinates":[[139.6547,35.70077],[139.65477,35.70404],[139.65466,35.70511]]}},{"type":"Feature","properties":{"idx":368,"road":"","cls":"primary_link","shops":6,"st_km":0.14,"mesh":"53394505"},"geometry":{"type":"LineString","coordinates":[[139.68786,35.66876],[139.68787,35.66903]]}},{"type":"Feature","properties":{"idx":148,"road":"環七通り","cls":"primary","shops":0,"st_km":0.34,"mesh":"53394532"},"geometry":{"type":"LineString","coordinates":[[139.65457,35.69734],[139.65464,35.69784],[139.65469,35.6999]]}},{"type":"Feature","properties":{"idx":400,"road":"環七通り","cls":"primary","shops":2,"st_km":0.42,"mesh":"53394542"},"geometry":{"type":"LineString","coordinates":[[139.65469,35.6999],[139.6547,35.70077]]}},{"type":"Feature","properties":{"idx":222,"road":"外堀通り","cls":"secondary","shops":2,"st_km":0.21,"mesh":"53394549"},"geometry":{"type":"LineString","coordinates":[[139.74612,35.70323],[139.7467,35.70331],[139.74743,35.70333]]}},{"type":"Feature","properties":{"idx":180,"road":"牛込小石川線","cls":"secondary","shops":1,"st_km":0.09,"mesh":"53394549"},"geometry":{"type":"LineString","coordinates":[[139.75185,35.70689],[139.75105,35.70688],[139.74965,35.70695],[139.74808,35.70684]]}},{"type":"Feature","properties":{"idx":1388,"road":"白山通り","cls":"primary","shops":3,"st_km":0.29,"mesh":"53394579"},"geometry":{"type":"LineString","coordinates":[[139.74581,35.72704],[139.74614,35.72512],[139.74621,35.72493],[139.74662,35.72424]]}},{"type":"Feature","properties":{"idx":646,"road":"白山通り","cls":"primary","shops":1,"st_km":0.45,"mesh":"53394569"},"geometry":{"type":"LineString","coordinates":[[139.75128,35.71886],[139.75122,35.71909],[139.75095,35.71961],[139.74777,35.7227],[139.74666,35.72386],[139.746,35.72501],[139.7459,35.72541],[139.74567,35.72693],[139.7456,35.72713],[139.74542,35.72739]]}},{"type":"Feature","properties":{"idx":2409,"road":"","cls":"tertiary","shops":8,"st_km":0.3,"mesh":"53394579"},"geometry":{"type":"LineString","coordinates":[[139.74121,35.73111],[139.74128,35.73115]]}},{"type":"Feature","properties":{"idx":179,"road":"","cls":"tertiary","shops":2,"st_km":0.26,"mesh":"53394549"},"geometry":{"type":"LineString","coordinates":[[139.74807,35.70691],[139.74808,35.70684]]}},{"type":"Feature","properties":{"idx":147,"road":"","cls":"tertiary","shops":1,"st_km":0.22,"mesh":"53394549"},"geometry":{"type":"LineString","coordinates":[[139.74743,35.70333],[139.74742,35.7032]]}},{"type":"Feature","properties":{"idx":520,"road":"秋葉原雑司ヶ谷線","cls":"secondary","shops":0,"st_km":0.15,"mesh":"53394568"},"geometry":{"type":"LineString","coordinates":[[139.72505,35.71979],[139.72588,35.71979],[139.72702,35.72007]]}},{"type":"Feature","properties":{"idx":1540,"road":"千川通り","cls":"secondary","shops":5,"st_km":0.53,"mesh":"53394559"},"geometry":{"type":"LineString","coordinates":[[139.74825,35.71494],[139.75002,35.71371],[139.75102,35.71312],[139.75113,35.71301],[139.75121,35.71272]]}},{"type":"Feature","properties":{"idx":608,"road":"目白通り","cls":"primary","shops":4,"st_km":0.16,"mesh":"53394558"},"geometry":{"type":"LineString","coordinates":[[139.73329,35.70962],[139.73229,35.71002],[139.73193,35.7101],[139.73164,35.7101]]}},{"type":"Feature","properties":{"idx":1824,"road":"江戸川橋通り","cls":"tertiary","shops":22,"st_km":0.23,"mesh":"53394558"},"geometry":{"type":"LineString","coordinates":[[139.73164,35.7101],[139.73164,35.70946],[139.73162,35.70933],[139.73155,35.70922]]}},{"type":"Feature","properties":{"idx":140,"road":"牛込小石川線","cls":"secondary","shops":1,"st_km":0.33,"mesh":"53394549"},"geometry":{"type":"LineString","coordinates":[[139.74808,35.70684],[139.74704,35.70674],[139.74651,35.70662]]}},{"type":"Feature","properties":{"idx":131,"road":"目白通り","cls":"primary","shops":0,"st_km":0.6,"mesh":"53394558"},"geometry":{"type":"LineString","coordinates":[[139.72682,35.71302],[139.72749,35.71243],[139.72773,35.7123],[139.7282,35.71214],[139.7287,35.71208],[139.73044,35.71216]]}},{"type":"Feature","properties":{"idx":547,"road":"目白通り","cls":"primary","shops":4,"st_km":0.47,"mesh":"53394567"},"geometry":{"type":"LineString","coordinates":[[139.71796,35.71694],[139.71805,35.7169]]}},{"type":"Feature","properties":{"idx":1066,"road":"目白通り","cls":"primary","shops":10,"st_km":0.29,"mesh":"53394558"},"geometry":{"type":"LineString","coordinates":[[139.73148,35.71094],[139.73154,35.71076]]}},{"type":"Feature","properties":{"idx":124,"road":"目白通り","cls":"primary","shops":0,"st_km":0.66,"mesh":"53394558"},"geometry":{"type":"LineString","coordinates":[[139.72621,35.71363],[139.72682,35.71302]]}},{"type":"Feature","properties":{"idx":521,"road":"","cls":"tertiary","shops":1,"st_km":0.43,"mesh":"53394568"},"geometry":{"type":"LineString","coordinates":[[139.72912,35.71723],[139.73002,35.71705],[139.7303,35.71706],[139.73313,35.71756],[139.73348,35.7177],[139.7338,35.71799]]}},{"type":"Feature","properties":{"idx":2888,"road":"","cls":"tertiary","shops":10,"st_km":0.15,"mesh":"53394569"},"geometry":{"type":"LineString","coordinates":[[139.73838,35.71667],[139.73846,35.71674]]}},{"type":"Feature","properties":{"idx":825,"road":"","cls":"tertiary","shops":2,"st_km":0.3,"mesh":"53394569"},"geometry":{"type":"LineString","coordinates":[[139.73966,35.71772],[139.74044,35.71817]]}},{"type":"Feature","properties":{"idx":599,"road":"","cls":"tertiary","shops":7,"st_km":0.37,"mesh":"53394558"},"geometry":{"type":"LineString","coordinates":[[139.73402,35.71479],[139.73399,35.71485]]}},{"type":"Feature","properties":{"idx":828,"road":"","cls":"tertiary","shops":2,"st_km":0.28,"mesh":"53394568"},"geometry":{"type":"LineString","coordinates":[[139.7338,35.71799],[139.73483,35.71902]]}},{"type":"Feature","properties":{"idx":615,"road":"","cls":"tertiary","shops":1,"st_km":0.46,"mesh":"53394559"},"geometry":{"type":"LineString","coordinates":[[139.74197,35.71646],[139.74187,35.71662]]}},{"type":"Feature","properties":{"idx":591,"road":"","cls":"tertiary","shops":5,"st_km":0.13,"mesh":"53394558"},"geometry":{"type":"LineString","coordinates":[[139.73517,35.71008],[139.73482,35.71018],[139.73361,35.71079]]}},{"type":"Feature","properties":{"idx":565,"road":"","cls":"tertiary","shops":1,"st_km":0.39,"mesh":"53394569"},"geometry":{"type":"LineString","coordinates":[[139.74187,35.71662],[139.74044,35.71817]]}},{"type":"Feature","properties":{"idx":460,"road":"","cls":"tertiary","shops":0,"st_km":0.19,"mesh":"53394569"},"geometry":{"type":"LineString","coordinates":[[139.73846,35.71674],[139.73922,35.71745],[139.73966,35.71772]]}},{"type":"Feature","properties":{"idx":484,"road":"","cls":"tertiary","shops":1,"st_km":0.55,"mesh":"53394569"},"geometry":{"type":"LineString","coordinates":[[139.74187,35.71662],[139.7426,35.71694],[139.74404,35.71732]]}},{"type":"Feature","properties":{"idx":155,"road":"","cls":"tertiary","shops":0,"st_km":0.21,"mesh":"53394558"},"geometry":{"type":"LineString","coordinates":[[139.73361,35.71079],[139.73328,35.71087],[139.73221,35.71098]]}},{"type":"Feature","properties":{"idx":1790,"road":"音羽通り","cls":"secondary","shops":4,"st_km":0.02,"mesh":"53394568"},"geometry":{"type":"LineString","coordinates":[[139.72798,35.71802],[139.72703,35.71994],[139.72702,35.72007]]}},{"type":"Feature","properties":{"idx":258,"road":"環状4号線","cls":"primary","shops":1,"st_km":0.5,"mesh":"53394537"},"geometry":{"type":"LineString","coordinates":[[139.71444,35.69267],[139.71449,35.69203],[139.7146,35.69136]]}},{"type":"Feature","properties":{"idx":1565,"road":"四谷角筈線","cls":"secondary","shops":8,"st_km":0.26,"mesh":"53394516"},"geometry":{"type":"LineString","coordinates":[[139.70296,35.68037],[139.70246,35.68077],[139.70177,35.68275]]}},{"type":"Feature","properties":{"idx":1463,"road":"","cls":"tertiary","shops":5,"st_km":0.09,"mesh":"53394528"},"geometry":{"type":"LineString","coordinates":[[139.73131,35.68622],[139.73123,35.68604]]}},{"type":"Feature","properties":{"idx":1481,"road":"","cls":"tertiary","shops":5,"st_km":0.07,"mesh":"53394528"},"geometry":{"type":"LineString","coordinates":[[139.73121,35.68599],[139.73123,35.68604]]}},{"type":"Feature","properties":{"idx":523,"road":"","cls":"tertiary","shops":1,"st_km":0.12,"mesh":"53394529"},"geometry":{"type":"LineString","coordinates":[[139.74298,35.68553],[139.74274,35.68414]]}},{"type":"Feature","properties":{"idx":2000,"road":"","cls":"tertiary","shops":16,"st_km":0.25,"mesh":"53394519"},"geometry":{"type":"LineString","coordinates":[[139.7403,35.68327],[139.74104,35.68339]]}},{"type":"Feature","properties":{"idx":704,"road":"","cls":"tertiary","shops":2,"st_km":0.1,"mesh":"53394529"},"geometry":{"type":"LineString","coordinates":[[139.73893,35.68607],[139.73798,35.68517],[139.73725,35.68497]]}},{"type":"Feature","properties":{"idx":2248,"road":"日本テレビ通り","cls":"tertiary","shops":9,"st_km":0.04,"mesh":"53394528"},"geometry":{"type":"LineString","coordinates":[[139.73763,35.68399],[139.73725,35.68497]]}},{"type":"Feature","properties":{"idx":1753,"road":"永井坂","cls":"tertiary","shops":8,"st_km":0.12,"mesh":"53394529"},"geometry":{"type":"LineString","coordinates":[[139.74183,35.68714],[139.74165,35.6857]]}},{"type":"Feature","properties":{"idx":618,"road":"早稲田通り","cls":"primary","shops":8,"st_km":0.36,"mesh":"53394557"},"geometry":{"type":"LineString","coordinates":[[139.71644,35.70942],[139.71652,35.70939]]}},{"type":"Feature","properties":{"idx":2186,"road":"早稲田通り","cls":"primary","shops":26,"st_km":0.27,"mesh":"53394547"},"geometry":{"type":"LineString","coordinates":[[139.71993,35.70596],[139.71912,35.70637],[139.71876,35.70666]]}},{"type":"Feature","properties":{"idx":533,"road":"早稲田通り","cls":"primary","shops":7,"st_km":0.33,"mesh":"53394557"},"geometry":{"type":"LineString","coordinates":[[139.71008,35.71152],[139.71086,35.71135],[139.71141,35.71115],[139.71355,35.70998],[139.71644,35.70942]]}},{"type":"Feature","properties":{"idx":517,"road":"早稲田通り","cls":"primary","shops":3,"st_km":0.31,"mesh":"53394548"},"geometry":{"type":"LineString","coordinates":[[139.73079,35.70481],[139.72695,35.70467],[139.7253,35.70528],[139.72497,35.70536],[139.72019,35.70589]]}},{"type":"Feature","properties":{"idx":2559,"road":"鮫洲大山線","cls":"secondary","shops":5,"st_km":0.39,"mesh":"53394513"},"geometry":{"type":"LineString","coordinates":[[139.6709,35.67534],[139.67085,35.67558]]}},{"type":"Feature","properties":{"idx":341,"road":"井ノ頭通り","cls":"secondary","shops":4,"st_km":0.19,"mesh":"53394505"},"geometry":{"type":"LineString","coordinates":[[139.69186,35.6678],[139.69081,35.66753],[139.69047,35.66749],[139.68923,35.66764]]}},{"type":"Feature","properties":{"idx":282,"road":"井ノ頭通り","cls":"secondary","shops":3,"st_km":0.2,"mesh":"53394505"},"geometry":{"type":"LineString","coordinates":[[139.69073,35.66764],[139.69178,35.66791]]}},{"type":"Feature","properties":{"idx":237,"road":"井ノ頭通り","cls":"secondary","shops":2,"st_km":0.15,"mesh":"53394505"},"geometry":{"type":"LineString","coordinates":[[139.68847,35.66783],[139.68916,35.66779],[139.69023,35.66762],[139.69073,35.66764]]}},{"type":"Feature","properties":{"idx":766,"road":"環七通り","cls":"primary","shops":5,"st_km":0.21,"mesh":"53394512"},"geometry":{"type":"LineString","coordinates":[[139.65691,35.68163],[139.65689,35.68198]]}},{"type":"Feature","properties":{"idx":102,"road":"環七通り","cls":"primary","shops":0,"st_km":0.29,"mesh":"53394522"},"geometry":{"type":"LineString","coordinates":[[139.65646,35.68527],[139.65613,35.68615]]}},{"type":"Feature","properties":{"idx":1456,"road":"","cls":"tertiary","shops":16,"st_km":0.08,"mesh":"53394540"},"geometry":{"type":"LineString","coordinates":[[139.6365,35.70422],[139.63607,35.7042]]}},{"type":"Feature","properties":{"idx":321,"road":"","cls":"tertiary","shops":1,"st_km":0.44,"mesh":"53394518"},"geometry":{"type":"LineString","coordinates":[[139.73242,35.67571],[139.73251,35.67725]]}},{"type":"Feature","properties":{"idx":314,"road":"","cls":"tertiary","shops":1,"st_km":0.47,"mesh":"53394518"},"geometry":{"type":"LineString","coordinates":[[139.73241,35.67553],[139.73242,35.67571]]}},{"type":"Feature","properties":{"idx":248,"road":"外堀通り","cls":"secondary","shops":0,"st_km":0.42,"mesh":"53394518"},"geometry":{"type":"LineString","coordinates":[[139.73383,35.6785],[139.73315,35.67869],[139.73287,35.6789]]}},{"type":"Feature","properties":{"idx":330,"road":"外堀通り","cls":"secondary","shops":0,"st_km":0.42,"mesh":"53394528"},"geometry":{"type":"LineString","coordinates":[[139.7294,35.68596],[139.73032,35.68911],[139.73061,35.68959],[139.7309,35.68981],[139.73245,35.6903],[139.73291,35.69074],[139.73379,35.69142],[139.73391,35.69164]]}},{"type":"Feature","properties":{"idx":1133,"road":"補助第80号線","cls":"tertiary","shops":10,"st_km":0.03,"mesh":"53394578"},"geometry":{"type":"LineString","coordinates":[[139.72933,35.73107],[139.72956,35.73166]]}},{"type":"Feature","properties":{"idx":1812,"road":"四谷角筈線","cls":"secondary","shops":13,"st_km":0.18,"mesh":"53394525"},"geometry":{"type":"LineString","coordinates":[[139.69872,35.69045],[139.69895,35.68888],[139.69894,35.68865]]}},{"type":"Feature","properties":{"idx":614,"road":"靖国通り","cls":"primary","shops":4,"st_km":0.11,"mesh":"53394536"},"geometry":{"type":"LineString","coordinates":[[139.70041,35.69355],[139.70015,35.69354]]}},{"type":"Feature","properties":{"idx":417,"road":"飯田橋石神井新座線","cls":"primary","shops":7,"st_km":0.5,"mesh":"53394549"},"geometry":{"type":"LineString","coordinates":[[139.74112,35.70351],[139.74327,35.70482]]}},{"type":"Feature","properties":{"idx":388,"road":"","cls":"tertiary","shops":8,"st_km":0.45,"mesh":"53394549"},"geometry":{"type":"LineString","coordinates":[[139.74295,35.70449],[139.74305,35.70438],[139.74313,35.70413]]}},{"type":"Feature","properties":{"idx":198,"road":"","cls":"primary_link","shops":4,"st_km":0.48,"mesh":"53394549"},"geometry":{"type":"LineString","coordinates":[[139.74343,35.70492],[139.74358,35.70495],[139.74365,35.7049]]}},{"type":"Feature","properties":{"idx":328,"road":"","cls":"primary_link","shops":8,"st_km":0.48,"mesh":"53394549"},"geometry":{"type":"LineString","coordinates":[[139.74248,35.70432],[139.74262,35.70428]]}},{"type":"Feature","properties":{"idx":429,"road":"","cls":"primary_link","shops":11,"st_km":0.48,"mesh":"53394549"},"geometry":{"type":"LineString","coordinates":[[139.74279,35.70439],[139.74266,35.70444]]}},{"type":"Feature","properties":{"idx":336,"road":"高南通り","cls":"tertiary","shops":6,"st_km":0.41,"mesh":"53394541"},"geometry":{"type":"LineString","coordinates":[[139.64932,35.69984],[139.6496,35.70183],[139.64963,35.70307]]}},{"type":"Feature","properties":{"idx":276,"road":"","cls":"pedestrian","shops":2,"st_km":0.34,"mesh":"53394557"},"geometry":{"type":"LineString","coordinates":[[139.72106,35.70911],[139.7188,35.70861]]}},{"type":"Feature","properties":{"idx":304,"road":"","cls":"pedestrian","shops":2,"st_km":0.25,"mesh":"53394557"},"geometry":{"type":"LineString","coordinates":[[139.71935,35.70873],[139.71876,35.71057]]}},{"type":"Feature","properties":{"idx":157,"road":"","cls":"pedestrian","shops":0,"st_km":0.36,"mesh":"53394557"},"geometry":{"type":"LineString","coordinates":[[139.72023,35.70798],[139.71993,35.70886]]}},{"type":"Feature","properties":{"idx":168,"road":"井ノ頭通り","cls":"secondary","shops":1,"st_km":0.2,"mesh":"53394505"},"geometry":{"type":"LineString","coordinates":[[139.68783,35.66786],[139.68847,35.66783]]}},{"type":"Feature","properties":{"idx":312,"road":"山手通り","cls":"primary","shops":3,"st_km":0.19,"mesh":"53394505"},"geometry":{"type":"LineString","coordinates":[[139.68783,35.66786],[139.6878,35.66876]]}},{"type":"Feature","properties":{"idx":2206,"road":"井ノ頭通り","cls":"secondary","shops":3,"st_km":0.35,"mesh":"53394504"},"geometry":{"type":"LineString","coordinates":[[139.67918,35.6682],[139.67634,35.66835],[139.67294,35.66844]]}},{"type":"Feature","properties":{"idx":1699,"road":"井ノ頭通り","cls":"secondary","shops":1,"st_km":0.12,"mesh":"53394504"},"geometry":{"type":"LineString","coordinates":[[139.67922,35.66829],[139.68215,35.66814]]}},{"type":"Feature","properties":{"idx":742,"road":"井ノ頭通り","cls":"secondary","shops":0,"st_km":0.42,"mesh":"53394504"},"geometry":{"type":"LineString","coordinates":[[139.68215,35.66814],[139.68783,35.66786]]}},{"type":"Feature","properties":{"idx":1595,"road":"新宿通り;新宿三丁目","cls":"tertiary","shops":15,"st_km":0.07,"mesh":"53394526"},"geometry":{"type":"LineString","coordinates":[[139.70491,35.69085],[139.70484,35.69088]]}},{"type":"Feature","properties":{"idx":205,"road":"新目白通り","cls":"primary","shops":1,"st_km":0.26,"mesh":"53394557"},"geometry":{"type":"LineString","coordinates":[[139.72181,35.71095],[139.72156,35.71103]]}},{"type":"Feature","properties":{"idx":252,"road":"新目白通り","cls":"primary","shops":2,"st_km":0.34,"mesh":"53394557"},"geometry":{"type":"LineString","coordinates":[[139.72326,35.71054],[139.72181,35.71095]]}},{"type":"Feature","properties":{"idx":1748,"road":"早稲田通り","cls":"primary","shops":24,"st_km":0.33,"mesh":"53394556"},"geometry":{"type":"LineString","coordinates":[[139.70505,35.71336],[139.70523,35.71332],[139.70755,35.71203],[139.70829,35.71184],[139.70998,35.71153]]}},{"type":"Feature","properties":{"idx":1186,"road":"早稲田通り","cls":"primary","shops":20,"st_km":0.41,"mesh":"53394556"},"geometry":{"type":"LineString","coordinates":[[139.71006,35.71145],[139.70996,35.71147]]}},{"type":"Feature","properties":{"idx":1941,"road":"早稲田通り","cls":"primary","shops":21,"st_km":0.19,"mesh":"53394547"},"geometry":{"type":"LineString","coordinates":[[139.71996,35.70601],[139.72019,35.70595]]}},{"type":"Feature","properties":{"idx":102,"road":"明治通り","cls":"primary","shops":0,"st_km":0.33,"mesh":"53394556"},"geometry":{"type":"LineString","coordinates":[[139.70998,35.71153],[139.71037,35.71276],[139.71146,35.71465]]}},{"type":"Feature","properties":{"idx":2476,"road":"明治通り","cls":"primary","shops":9,"st_km":0.35,"mesh":"53394546"},"geometry":{"type":"LineString","coordinates":[[139.70918,35.70842],[139.70853,35.70345],[139.70813,35.70089]]}},{"type":"Feature","properties":{"idx":2474,"road":"明治通り","cls":"primary","shops":9,"st_km":0.35,"mesh":"53394546"},"geometry":{"type":"LineString","coordinates":[[139.70801,35.70089],[139.70856,35.70434],[139.70908,35.70843]]}},{"type":"Feature","properties":{"idx":960,"road":"明治通り","cls":"primary","shops":7,"st_km":0.16,"mesh":"53394526"},"geometry":{"type":"LineString","coordinates":[[139.70405,35.6897],[139.70413,35.68982]]}},{"type":"Feature","properties":{"idx":161,"road":"","cls":"tertiary","shops":1,"st_km":0.42,"mesh":"53394557"},"geometry":{"type":"LineString","coordinates":[[139.72326,35.71054],[139.72327,35.70972],[139.72322,35.70941],[139.72311,35.70918],[139.7225,35.70839]]}},{"type":"Feature","properties":{"idx":554,"road":"東京都道新宿副都心八号線(新都心歩道橋下交差点)","cls":"secondary","shops":4,"st_km":0.19,"mesh":"53394535"},"geometry":{"type":"LineString","coordinates":[[139.697,35.69313],[139.69706,35.6932]]}},{"type":"Feature","properties":{"idx":1734,"road":"","cls":"tertiary","shops":24,"st_km":0.21,"mesh":"53394547"},"geometry":{"type":"LineString","coordinates":[[139.71996,35.70601],[139.71993,35.70596]]}},{"type":"Feature","properties":{"idx":526,"road":"青梅街道","cls":"primary","shops":3,"st_km":0.17,"mesh":"53394535"},"geometry":{"type":"LineString","coordinates":[[139.69658,35.69335],[139.69684,35.69334],[139.69773,35.69361],[139.69809,35.69363]]}},{"type":"Feature","properties":{"idx":1042,"road":"靖国通り","cls":"primary","shops":9,"st_km":0.24,"mesh":"53394536"},"geometry":{"type":"LineString","coordinates":[[139.70589,35.69249],[139.70709,35.69215]]}},{"type":"Feature","properties":{"idx":385,"road":"代々木淀橋線","cls":"tertiary","shops":0,"st_km":0.1,"mesh":"53394515"},"geometry":{"type":"LineString","coordinates":[[139.69428,35.67936],[139.6945,35.67906]]}},{"type":"Feature","properties":{"idx":228,"road":"","cls":"pedestrian","shops":1,"st_km":0.3,"mesh":"53394506"},"geometry":{"type":"LineString","coordinates":[[139.70585,35.67248],[139.70548,35.67246]]}},{"type":"Feature","properties":{"idx":1570,"road":"","cls":"tertiary","shops":17,"st_km":0.16,"mesh":"53394578"},"geometry":{"type":"LineString","coordinates":[[139.72956,35.73281],[139.72991,35.73294],[139.7307,35.73286]]}},{"type":"Feature","properties":{"idx":156,"road":"","cls":"secondary_link","shops":0,"st_km":0.23,"mesh":"53394519"},"geometry":{"type":"LineString","coordinates":[[139.74922,35.67678],[139.7495,35.67673],[139.74959,35.67659]]}},{"type":"Feature","properties":{"idx":370,"road":"南参道","cls":"pedestrian","shops":2,"st_km":0.11,"mesh":"53394506"},"geometry":{"type":"LineString","coordinates":[[139.70207,35.66984],[139.70192,35.66994],[139.70177,35.67052],[139.70164,35.67119],[139.70167,35.6717]]}},{"type":"Feature","properties":{"idx":472,"road":"","cls":"primary_link","shops":1,"st_km":0.4,"mesh":"53394569"},"geometry":{"type":"LineString","coordinates":[[139.74796,35.72252],[139.74809,35.7226]]}},{"type":"Feature","properties":{"idx":490,"road":"白山通り","cls":"primary","shops":0,"st_km":0.32,"mesh":"53394569"},"geometry":{"type":"LineString","coordinates":[[139.74662,35.72424],[139.74698,35.7237],[139.75109,35.71969]]}},{"type":"Feature","properties":{"idx":291,"road":"","cls":"primary_link","shops":0,"st_km":0.47,"mesh":"53394569"},"geometry":{"type":"LineString","coordinates":[[139.74678,35.72371],[139.74655,35.72415],[139.74662,35.72424]]}},{"type":"Feature","properties":{"idx":374,"road":"","cls":"primary_link","shops":4,"st_km":0.49,"mesh":"53394567"},"geometry":{"type":"LineString","coordinates":[[139.71842,35.71701],[139.71834,35.71686],[139.71839,35.71673]]}},{"type":"Feature","properties":{"idx":3863,"road":"","cls":"pedestrian","shops":21,"st_km":0.16,"mesh":"53394519"},"geometry":{"type":"LineString","coordinates":[[139.73759,35.67538],[139.7379,35.67547]]}},{"type":"Feature","properties":{"idx":7025,"road":"","cls":"pedestrian","shops":32,"st_km":0.26,"mesh":"53394508"},"geometry":{"type":"LineString","coordinates":[[139.73631,35.6745],[139.73716,35.67468]]}},{"type":"Feature","properties":{"idx":1688,"road":"","cls":"pedestrian","shops":6,"st_km":0.09,"mesh":"53394518"},"geometry":{"type":"LineString","coordinates":[[139.73677,35.67761],[139.7372,35.67769]]}},{"type":"Feature","properties":{"idx":376,"road":"","cls":"pedestrian","shops":0,"st_km":0.16,"mesh":"53394509"},"geometry":{"type":"LineString","coordinates":[[139.74853,35.6708],[139.74864,35.67085],[139.74871,35.67094],[139.74867,35.67102],[139.74845,35.67109],[139.74847,35.67114]]}},{"type":"Feature","properties":{"idx":371,"road":"","cls":"pedestrian","shops":0,"st_km":0.17,"mesh":"53394509"},"geometry":{"type":"LineString","coordinates":[[139.74829,35.67118],[139.74865,35.67108],[139.74894,35.67164]]}},{"type":"Feature","properties":{"idx":374,"road":"","cls":"pedestrian","shops":0,"st_km":0.16,"mesh":"53394509"},"geometry":{"type":"LineString","coordinates":[[139.74867,35.67101],[139.7486,35.67103]]}},{"type":"Feature","properties":{"idx":365,"road":"","cls":"pedestrian","shops":0,"st_km":0.19,"mesh":"53394509"},"geometry":{"type":"LineString","coordinates":[[139.74837,35.67111],[139.74843,35.67109]]}},{"type":"Feature","properties":{"idx":375,"road":"","cls":"pedestrian","shops":0,"st_km":0.16,"mesh":"53394509"},"geometry":{"type":"LineString","coordinates":[[139.74869,35.67098],[139.74858,35.671]]}},{"type":"Feature","properties":{"idx":365,"road":"","cls":"pedestrian","shops":0,"st_km":0.19,"mesh":"53394509"},"geometry":{"type":"LineString","coordinates":[[139.74838,35.67114],[139.74835,35.67108],[139.74845,35.67104]]}},{"type":"Feature","properties":{"idx":564,"road":"","cls":"pedestrian","shops":1,"st_km":0.16,"mesh":"53394509"},"geometry":{"type":"LineString","coordinates":[[139.74906,35.67139],[139.74922,35.67134]]}},{"type":"Feature","properties":{"idx":277,"road":"牛込小石川線","cls":"secondary","shops":3,"st_km":0.16,"mesh":"53394549"},"geometry":{"type":"LineString","coordinates":[[139.74657,35.70674],[139.74703,35.70683],[139.74963,35.70702],[139.75162,35.70698]]}},{"type":"Feature","properties":{"idx":160,"road":"千代田練馬田無線","cls":"primary","shops":1,"st_km":0.35,"mesh":"53394549"},"geometry":{"type":"LineString","coordinates":[[139.74449,35.70485],[139.74488,35.70358]]}},{"type":"Feature","properties":{"idx":272,"road":"","cls":"tertiary_link","shops":11,"st_km":0.6,"mesh":"53394549"},"geometry":{"type":"LineString","coordinates":[[139.74341,35.70619],[139.74355,35.70623]]}},{"type":"Feature","properties":{"idx":391,"road":"外堀通り","cls":"secondary","shops":5,"st_km":0.21,"mesh":"53394549"},"geometry":{"type":"LineString","coordinates":[[139.74474,35.7026],[139.7447,35.70257]]}},{"type":"Feature","properties":{"idx":313,"road":"大久保通り","cls":"primary","shops":3,"st_km":0.2,"mesh":"53394549"},"geometry":{"type":"LineString","coordinates":[[139.74474,35.7026],[139.74489,35.70254]]}},{"type":"Feature","properties":{"idx":387,"road":"外堀通り","cls":"secondary","shops":5,"st_km":0.22,"mesh":"53394549"},"geometry":{"type":"LineString","coordinates":[[139.74473,35.70276],[139.74484,35.70282]]}},{"type":"Feature","properties":{"idx":432,"road":"目白通り","cls":"primary","shops":5,"st_km":0.21,"mesh":"53394549"},"geometry":{"type":"LineString","coordinates":[[139.74473,35.70276],[139.74479,35.70263]]}},{"type":"Feature","properties":{"idx":212,"road":"","cls":"primary_link","shops":3,"st_km":0.23,"mesh":"53394549"},"geometry":{"type":"LineString","coordinates":[[139.74498,35.7032],[139.74522,35.70308]]}},{"type":"Feature","properties":{"idx":297,"road":"千代田練馬田無線","cls":"primary","shops":3,"st_km":0.25,"mesh":"53394549"},"geometry":{"type":"LineString","coordinates":[[139.74488,35.70358],[139.74506,35.70295]]}},{"type":"Feature","properties":{"idx":612,"road":"外堀通り","cls":"secondary","shops":10,"st_km":0.3,"mesh":"53394549"},"geometry":{"type":"LineString","coordinates":[[139.74266,35.70044],[139.74331,35.70143],[139.74398,35.70214]]}},{"type":"Feature","properties":{"idx":1574,"road":"外堀通り","cls":"secondary","shops":27,"st_km":0.24,"mesh":"53394549"},"geometry":{"type":"LineString","coordinates":[[139.74398,35.70214],[139.74431,35.70242]]}},{"type":"Feature","properties":{"idx":1915,"road":"目白通り","cls":"primary","shops":26,"st_km":0.12,"mesh":"53394549"},"geometry":{"type":"LineString","coordinates":[[139.74564,35.70191],[139.7453,35.70214]]}},{"type":"Feature","properties":{"idx":2277,"road":"目白通り","cls":"primary","shops":30,"st_km":0.08,"mesh":"53394549"},"geometry":{"type":"LineString","coordinates":[[139.74572,35.70195],[139.74594,35.70179]]}},{"type":"Feature","properties":{"idx":660,"road":"外堀通り","cls":"secondary","shops":10,"st_km":0.22,"mesh":"53394549"},"geometry":{"type":"LineString","coordinates":[[139.74455,35.70263],[139.74464,35.7027]]}},{"type":"Feature","properties":{"idx":798,"road":"大久保通り","cls":"primary","shops":11,"st_km":0.22,"mesh":"53394549"},"geometry":{"type":"LineString","coordinates":[[139.74455,35.70263],[139.74468,35.70261]]}},{"type":"Feature","properties":{"idx":1527,"road":"目白通り","cls":"primary","shops":4,"st_km":0.45,"mesh":"53394559"},"geometry":{"type":"LineString","coordinates":[[139.743,35.7077],[139.74285,35.70784],[139.74259,35.70793],[139.73495,35.70903]]}},{"type":"Feature","properties":{"idx":496,"road":"外堀通り","cls":"secondary","shops":7,"st_km":0.22,"mesh":"53394549"},"geometry":{"type":"LineString","coordinates":[[139.74464,35.7027],[139.74473,35.70276]]}},{"type":"Feature","properties":{"idx":314,"road":"目白通り","cls":"primary","shops":3,"st_km":0.2,"mesh":"53394549"},"geometry":{"type":"LineString","coordinates":[[139.74479,35.70263],[139.74494,35.7025]]}},{"type":"Feature","properties":{"idx":336,"road":"外堀通り","cls":"secondary","shops":4,"st_km":0.21,"mesh":"53394549"},"geometry":{"type":"LineString","coordinates":[[139.74479,35.70263],[139.74474,35.7026]]}},{"type":"Feature","properties":{"idx":251,"road":"牛込小石川線","cls":"secondary","shops":4,"st_km":0.49,"mesh":"53394549"},"geometry":{"type":"LineString","coordinates":[[139.74518,35.70585],[139.74432,35.70533]]}},{"type":"Feature","properties":{"idx":190,"road":"飯田橋石神井新座線","cls":"primary","shops":2,"st_km":0.47,"mesh":"53394549"},"geometry":{"type":"LineString","coordinates":[[139.74401,35.70513],[139.74397,35.70511]]}},{"type":"Feature","properties":{"idx":188,"road":"目白通り","cls":"primary","shops":2,"st_km":0.48,"mesh":"53394549"},"geometry":{"type":"LineString","coordinates":[[139.74393,35.70523],[139.74397,35.70511]]}},{"type":"Feature","properties":{"idx":159,"road":"目白通り","cls":"primary","shops":1,"st_km":0.36,"mesh":"53394549"},"geometry":{"type":"LineString","coordinates":[[139.74397,35.70511],[139.7446,35.70313]]}},{"type":"Feature","properties":{"idx":187,"road":"飯田橋石神井新座線","cls":"primary","shops":2,"st_km":0.49,"mesh":"53394549"},"geometry":{"type":"LineString","coordinates":[[139.74393,35.70523],[139.74396,35.70526]]}},{"type":"Feature","properties":{"idx":329,"road":"飯田橋石神井新座線","cls":"primary","shops":5,"st_km":0.48,"mesh":"53394549"},"geometry":{"type":"LineString","coordinates":[[139.74327,35.70482],[139.74343,35.70492]]}},{"type":"Feature","properties":{"idx":281,"road":"飯田橋石神井新座線","cls":"primary","shops":4,"st_km":0.48,"mesh":"53394549"},"geometry":{"type":"LineString","coordinates":[[139.74383,35.70518],[139.74393,35.70523]]}},{"type":"Feature","properties":{"idx":245,"road":"目白通り","cls":"primary","shops":3,"st_km":0.44,"mesh":"53394549"},"geometry":{"type":"LineString","coordinates":[[139.74407,35.70446],[139.74388,35.70505]]}},{"type":"Feature","properties":{"idx":158,"road":"目白通り","cls":"primary","shops":1,"st_km":0.37,"mesh":"53394549"},"geometry":{"type":"LineString","coordinates":[[139.74431,35.70375],[139.74407,35.70446]]}},{"type":"Feature","properties":{"idx":522,"road":"目白通り","cls":"primary","shops":7,"st_km":0.27,"mesh":"53394549"},"geometry":{"type":"LineString","coordinates":[[139.74464,35.7027],[139.74431,35.70375]]}},{"type":"Feature","properties":{"idx":601,"road":"目白通り","cls":"primary","shops":8,"st_km":0.24,"mesh":"53394549"},"geometry":{"type":"LineString","coordinates":[[139.7446,35.70313],[139.74473,35.70276]]}},{"type":"Feature","properties":{"idx":153,"road":"千代田練馬田無線","cls":"primary","shops":2,"st_km":0.64,"mesh":"53394549"},"geometry":{"type":"LineString","coordinates":[[139.74354,35.70782],[139.74384,35.7066],[139.74411,35.70586]]}},{"type":"Feature","properties":{"idx":452,"road":"飯田橋石神井新座線","cls":"primary","shops":8,"st_km":0.52,"mesh":"53394549"},"geometry":{"type":"LineString","coordinates":[[139.74177,35.70377],[139.74143,35.7036],[139.74112,35.70351]]}},{"type":"Feature","properties":{"idx":754,"road":"","cls":"pedestrian","shops":10,"st_km":0.29,"mesh":"53394549"},"geometry":{"type":"LineString","coordinates":[[139.74352,35.7005],[139.74353,35.70053]]}},{"type":"Feature","properties":{"idx":773,"road":"","cls":"pedestrian","shops":10,"st_km":0.26,"mesh":"53394549"},"geometry":{"type":"LineString","coordinates":[[139.74353,35.70053],[139.74387,35.70104]]}},{"type":"Feature","properties":{"idx":881,"road":"","cls":"pedestrian","shops":11,"st_km":0.22,"mesh":"53394549"},"geometry":{"type":"LineString","coordinates":[[139.74387,35.70104],[139.74385,35.70112],[139.74401,35.70134],[139.744,35.70138],[139.74461,35.702]]}},{"type":"Feature","properties":{"idx":722,"road":"","cls":"pedestrian","shops":9,"st_km":0.25,"mesh":"53394549"},"geometry":{"type":"LineString","coordinates":[[139.74385,35.70112],[139.7438,35.7011]]}},{"type":"Feature","properties":{"idx":117,"road":"新目白通り","cls":"primary","shops":0,"st_km":0.19,"mesh":"53394556"},"geometry":{"type":"LineString","coordinates":[[139.7118,35.71407],[139.71151,35.71423]]}},{"type":"Feature","properties":{"idx":235,"road":"新目白通り","cls":"primary","shops":2,"st_km":0.18,"mesh":"53394556"},"geometry":{"type":"LineString","coordinates":[[139.71151,35.71423],[139.71093,35.71447]]}},{"type":"Feature","properties":{"idx":86,"road":"","cls":"tertiary","shops":0,"st_km":0.69,"mesh":"53394555"},"geometry":{"type":"LineString","coordinates":[[139.6987,35.70802],[139.69842,35.70873]]}},{"type":"Feature","properties":{"idx":253,"road":"南参道","cls":"pedestrian","shops":1,"st_km":0.19,"mesh":"53394506"},"geometry":{"type":"LineString","coordinates":[[139.70168,35.67178],[139.70188,35.67325],[139.70178,35.67385],[139.70169,35.67405]]}},{"type":"Feature","properties":{"idx":298,"road":"","cls":"pedestrian","shops":0,"st_km":0.49,"mesh":"53394516"},"geometry":{"type":"LineString","coordinates":[[139.7003,35.67564],[139.70077,35.67568],[139.70093,35.67563],[139.70141,35.67532],[139.70173,35.67526]]}},{"type":"Feature","properties":{"idx":366,"road":"","cls":"primary_link","shops":3,"st_km":0.34,"mesh":"53394527"},"geometry":{"type":"LineString","coordinates":[[139.71254,35.69125],[139.71252,35.69135]]}},{"type":"Feature","properties":{"idx":518,"road":"","cls":"primary_link","shops":7,"st_km":0.35,"mesh":"53394526"},"geometry":{"type":"LineString","coordinates":[[139.71019,35.69163],[139.71016,35.69153]]}},{"type":"Feature","properties":{"idx":372,"road":"","cls":"primary_link","shops":5,"st_km":0.4,"mesh":"53394536"},"geometry":{"type":"LineString","coordinates":[[139.70894,35.69177],[139.70894,35.69167]]}},{"type":"Feature","properties":{"idx":489,"road":"","cls":"primary_link","shops":6,"st_km":0.32,"mesh":"53394536"},"geometry":{"type":"LineString","coordinates":[[139.70699,35.69308],[139.70682,35.69307]]}},{"type":"Feature","properties":{"idx":1348,"road":"","cls":"tertiary","shops":6,"st_km":0.18,"mesh":"53394515"},"geometry":{"type":"LineString","coordinates":[[139.6976,35.68216],[139.69924,35.68214],[139.70177,35.68275]]}},{"type":"Feature","properties":{"idx":744,"road":"","cls":"tertiary","shops":3,"st_km":0.3,"mesh":"53394515"},"geometry":{"type":"LineString","coordinates":[[139.69414,35.6819],[139.69574,35.6821],[139.69672,35.68217],[139.6976,35.68216]]}},{"type":"Feature","properties":{"idx":226,"road":"","cls":"tertiary","shops":0,"st_km":0.54,"mesh":"53394508"},"geometry":{"type":"LineString","coordinates":[[139.7321,35.66895],[139.73195,35.66898],[139.73094,35.66986],[139.73071,35.66991]]}},{"type":"Feature","properties":{"idx":436,"road":"","cls":"tertiary","shops":2,"st_km":0.27,"mesh":"53394519"},"geometry":{"type":"LineString","coordinates":[[139.73891,35.67464],[139.73886,35.6749],[139.73889,35.6752],[139.739,35.6754],[139.73919,35.67552],[139.73985,35.67549],[139.74049,35.67532],[139.74103,35.67509],[139.74158,35.67507]]}},{"type":"Feature","properties":{"idx":2318,"road":"早稲田通り","cls":"primary","shops":25,"st_km":0.1,"mesh":"53394556"},"geometry":{"type":"LineString","coordinates":[[139.70393,35.7138],[139.70406,35.71377]]}},{"type":"Feature","properties":{"idx":1972,"road":"早稲田通り","cls":"primary","shops":21,"st_km":0.1,"mesh":"53394556"},"geometry":{"type":"LineString","coordinates":[[139.70406,35.71377],[139.70471,35.71354]]}},{"type":"Feature","properties":{"idx":256,"road":"","cls":"tertiary","shops":0,"st_km":0.4,"mesh":"53394581"},"geometry":{"type":"LineString","coordinates":[[139.63772,35.74034],[139.63769,35.74024]]}},{"type":"Feature","properties":{"idx":289,"road":"目白通り","cls":"primary","shops":0,"st_km":0.52,"mesh":"53394580"},"geometry":{"type":"LineString","coordinates":[[139.63769,35.74024],[139.63367,35.74219]]}},{"type":"Feature","properties":{"idx":295,"road":"","cls":"tertiary_link","shops":2,"st_km":0.29,"mesh":"53394509"},"geometry":{"type":"LineString","coordinates":[[139.74326,35.6693],[139.74416,35.66927]]}},{"type":"Feature","properties":{"idx":470,"road":"榎坂","cls":"tertiary","shops":2,"st_km":0.3,"mesh":"53394509"},"geometry":{"type":"LineString","coordinates":[[139.74394,35.66905],[139.74365,35.66921],[139.74326,35.6693]]}},{"type":"Feature","properties":{"idx":740,"road":"榎坂","cls":"tertiary","shops":4,"st_km":0.25,"mesh":"53394509"},"geometry":{"type":"LineString","coordinates":[[139.74326,35.6693],[139.74216,35.66939]]}},{"type":"Feature","properties":{"idx":214,"road":"","cls":"tertiary_link","shops":1,"st_km":0.33,"mesh":"53394509"},"geometry":{"type":"LineString","coordinates":[[139.74454,35.66952],[139.74452,35.6694]]}},{"type":"Feature","properties":{"idx":321,"road":"柳通り","cls":"tertiary","shops":0,"st_km":0.22,"mesh":"53394523"},"geometry":{"type":"LineString","coordinates":[[139.67441,35.69147],[139.67417,35.69022],[139.67406,35.68992],[139.67387,35.6896],[139.67279,35.68825]]}},{"type":"Feature","properties":{"idx":1745,"road":"本郷通り","cls":"tertiary","shops":5,"st_km":0.37,"mesh":"53394524"},"geometry":{"type":"LineString","coordinates":[[139.67441,35.69147],[139.68176,35.69168]]}},{"type":"Feature","properties":{"idx":901,"road":"鍋屋横丁通り","cls":"tertiary","shops":5,"st_km":0.18,"mesh":"53394533"},"geometry":{"type":"LineString","coordinates":[[139.67094,35.69749],[139.67016,35.69667],[139.6697,35.69584],[139.66834,35.69434]]}},{"type":"Feature","properties":{"idx":119,"road":"","cls":"tertiary","shops":0,"st_km":0.32,"mesh":"53394582"},"geometry":{"type":"LineString","coordinates":[[139.65943,35.73501],[139.65956,35.73584],[139.65963,35.73603],[139.66077,35.73734],[139.6612,35.73793]]}},{"type":"Feature","properties":{"idx":345,"road":"","cls":"tertiary","shops":0,"st_km":0.16,"mesh":"53394573"},"geometry":{"type":"LineString","coordinates":[[139.66694,35.73147],[139.67432,35.73064]]}},{"type":"Feature","properties":{"idx":239,"road":"","cls":"primary_link","shops":4,"st_km":0.28,"mesh":"53394505"},"geometry":{"type":"LineString","coordinates":[[139.68778,35.67231],[139.6877,35.67186],[139.68765,35.67183],[139.68759,35.67187]]}},{"type":"Feature","properties":{"idx":252,"road":"","cls":"primary_link","shops":0,"st_km":0.46,"mesh":"53394515"},"geometry":{"type":"LineString","coordinates":[[139.68809,35.67749],[139.68798,35.67723],[139.68782,35.67721]]}},{"type":"Feature","properties":{"idx":509,"road":"音羽池袋線","cls":"secondary","shops":6,"st_km":0.55,"mesh":"53394577"},"geometry":{"type":"LineString","coordinates":[[139.71685,35.73235],[139.71687,35.73151]]}},{"type":"Feature","properties":{"idx":491,"road":"音羽池袋線","cls":"secondary","shops":6,"st_km":0.59,"mesh":"53394577"},"geometry":{"type":"LineString","coordinates":[[139.71672,35.73235],[139.71671,35.73306],[139.71659,35.73359]]}},{"type":"Feature","properties":{"idx":930,"road":"明治通り","cls":"primary","shops":4,"st_km":0.29,"mesh":"53394516"},"geometry":{"type":"LineString","coordinates":[[139.70461,35.6816],[139.7046,35.68037]]}},{"type":"Feature","properties":{"idx":1057,"road":"","cls":"tertiary","shops":6,"st_km":0.37,"mesh":"53394508"},"geometry":{"type":"LineString","coordinates":[[139.73512,35.66697],[139.7356,35.6671],[139.73626,35.66759],[139.73701,35.66824],[139.73764,35.66868]]}},{"type":"Feature","properties":{"idx":886,"road":"外堀通り","cls":"secondary","shops":3,"st_km":0.04,"mesh":"53394538"},"geometry":{"type":"LineString","coordinates":[[139.73778,35.69424],[139.73741,35.69382],[139.73689,35.69336],[139.73573,35.69246],[139.73522,35.69215]]}},{"type":"Feature","properties":{"idx":601,"road":"大久保通り","cls":"primary","shops":10,"st_km":0.42,"mesh":"53394549"},"geometry":{"type":"LineString","coordinates":[[139.74112,35.70351],[139.74239,35.70298],[139.74367,35.70274]]}},{"type":"Feature","properties":{"idx":2021,"road":"","cls":"pedestrian","shops":18,"st_km":0.27,"mesh":"53394536"},"geometry":{"type":"LineString","coordinates":[[139.70345,35.69361],[139.70342,35.69349]]}},{"type":"Feature","properties":{"idx":3608,"road":"赤坂通り","cls":"secondary","shops":20,"st_km":0.28,"mesh":"53394508"},"geometry":{"type":"LineString","coordinates":[[139.73053,35.66874],[139.73187,35.66888],[139.7321,35.66895],[139.73359,35.67005],[139.73506,35.67099],[139.73636,35.67223],[139.7372,35.67281]]}},{"type":"Feature","properties":{"idx":587,"road":"外堀通り","cls":"secondary","shops":2,"st_km":0.25,"mesh":"53394518"},"geometry":{"type":"LineString","coordinates":[[139.7353,35.67846],[139.73555,35.67847]]}},{"type":"Feature","properties":{"idx":594,"road":"外堀通り","cls":"secondary","shops":2,"st_km":0.24,"mesh":"53394518"},"geometry":{"type":"LineString","coordinates":[[139.73555,35.67847],[139.73574,35.67849]]}},{"type":"Feature","properties":{"idx":457,"road":"外堀通り","cls":"secondary","shops":1,"st_km":0.21,"mesh":"53394518"},"geometry":{"type":"LineString","coordinates":[[139.73574,35.67849],[139.73629,35.67839]]}},{"type":"Feature","properties":{"idx":415,"road":"","cls":"secondary_link","shops":2,"st_km":0.19,"mesh":"53394518"},"geometry":{"type":"LineString","coordinates":[[139.73616,35.67835],[139.73629,35.67831]]}},{"type":"Feature","properties":{"idx":805,"road":"外堀通り","cls":"secondary","shops":3,"st_km":0.16,"mesh":"53394518"},"geometry":{"type":"LineString","coordinates":[[139.73656,35.67803],[139.73639,35.67817]]}},{"type":"Feature","properties":{"idx":2584,"road":"外堀通り","cls":"secondary","shops":12,"st_km":0.03,"mesh":"53394518"},"geometry":{"type":"LineString","coordinates":[[139.73716,35.67681],[139.737,35.67727]]}},{"type":"Feature","properties":{"idx":1747,"road":"外堀通り","cls":"secondary","shops":8,"st_km":0.08,"mesh":"53394518"},"geometry":{"type":"LineString","coordinates":[[139.737,35.67727],[139.73681,35.67776]]}},{"type":"Feature","properties":{"idx":420,"road":"","cls":"secondary_link","shops":2,"st_km":0.18,"mesh":"53394518"},"geometry":{"type":"LineString","coordinates":[[139.73629,35.67831],[139.73643,35.67822]]}},{"type":"Feature","properties":{"idx":554,"road":"紀尾井町通り","cls":"tertiary","shops":2,"st_km":0.19,"mesh":"53394518"},"geometry":{"type":"LineString","coordinates":[[139.73629,35.67831],[139.73629,35.67839]]}},{"type":"Feature","properties":{"idx":627,"road":"外堀通り","cls":"secondary","shops":2,"st_km":0.19,"mesh":"53394518"},"geometry":{"type":"LineString","coordinates":[[139.73629,35.67839],[139.73652,35.67828]]}},{"type":"Feature","properties":{"idx":274,"road":"紀尾井町通り","cls":"tertiary","shops":0,"st_km":0.2,"mesh":"53394518"},"geometry":{"type":"LineString","coordinates":[[139.73629,35.67839],[139.73629,35.6785]]}},{"type":"Feature","properties":{"idx":404,"road":"","cls":"secondary_link","shops":2,"st_km":0.22,"mesh":"53394518"},"geometry":{"type":"LineString","coordinates":[[139.73555,35.67847],[139.73616,35.67835]]}},{"type":"Feature","properties":{"idx":641,"road":"外堀通り","cls":"secondary","shops":2,"st_km":0.17,"mesh":"53394518"},"geometry":{"type":"LineString","coordinates":[[139.73652,35.67828],[139.73672,35.67814]]}},{"type":"Feature","properties":{"idx":674,"road":"外堀通り","cls":"secondary","shops":2,"st_km":0.12,"mesh":"53394518"},"geometry":{"type":"LineString","coordinates":[[139.73672,35.67814],[139.73698,35.67782],[139.73708,35.67752]]}},{"type":"Feature","properties":{"idx":536,"road":"","cls":"secondary_link","shops":3,"st_km":0.16,"mesh":"53394518"},"geometry":{"type":"LineString","coordinates":[[139.73643,35.67822],[139.73656,35.67803]]}},{"type":"Feature","properties":{"idx":514,"road":"","cls":"pedestrian","shops":1,"st_km":0.44,"mesh":"53394508"},"geometry":{"type":"LineString","coordinates":[[139.73548,35.66846],[139.73524,35.66829],[139.73545,35.66808]]}},{"type":"Feature","properties":{"idx":709,"road":"檜坂","cls":"tertiary","shops":4,"st_km":0.53,"mesh":"53394508"},"geometry":{"type":"LineString","coordinates":[[139.73362,35.66693],[139.73287,35.66755]]}},{"type":"Feature","properties":{"idx":63,"road":"瀬田貫井線","cls":"secondary","shops":0,"st_km":0.65,"mesh":"53394531"},"geometry":{"type":"LineString","coordinates":[[139.63916,35.69563],[139.63996,35.69496],[139.64021,35.69437],[139.64051,35.69388]]}},{"type":"Feature","properties":{"idx":207,"road":"目白通り","cls":"primary","shops":1,"st_km":1.03,"mesh":"53394590"},"geometry":{"type":"LineString","coordinates":[[139.62816,35.74516],[139.62845,35.745]]}},{"type":"Feature","properties":{"idx":409,"road":"環七通り","cls":"primary","shops":0,"st_km":0.31,"mesh":"53394583"},"geometry":{"type":"LineString","coordinates":[[139.66553,35.73743],[139.66519,35.73713]]}},{"type":"Feature","properties":{"idx":611,"road":"環七通り","cls":"primary","shops":1,"st_km":0.29,"mesh":"53394583"},"geometry":{"type":"LineString","coordinates":[[139.66548,35.73748],[139.66656,35.73847],[139.66795,35.74037]]}},{"type":"Feature","properties":{"idx":230,"road":"環七通り","cls":"primary","shops":2,"st_km":0.59,"mesh":"53394582"},"geometry":{"type":"LineString","coordinates":[[139.66143,35.73378],[139.66083,35.73324]]}},{"type":"Feature","properties":{"idx":550,"road":"環七通り","cls":"primary","shops":1,"st_km":0.42,"mesh":"53394583"},"geometry":{"type":"LineString","coordinates":[[139.66137,35.73383],[139.66387,35.73605]]}},{"type":"Feature","properties":{"idx":160,"road":"環七通り","cls":"primary","shops":1,"st_km":0.23,"mesh":"53394562"},"geometry":{"type":"LineString","coordinates":[[139.65379,35.71779],[139.6538,35.71734]]}},{"type":"Feature","properties":{"idx":342,"road":"環七通り","cls":"primary","shops":4,"st_km":0.16,"mesh":"53394562"},"geometry":{"type":"LineString","coordinates":[[139.65372,35.71779],[139.65372,35.71846]]}},{"type":"Feature","properties":{"idx":355,"road":"","cls":"tertiary","shops":5,"st_km":0.59,"mesh":"53394540"},"geometry":{"type":"LineString","coordinates":[[139.62686,35.70351],[139.62643,35.70354]]}},{"type":"Feature","properties":{"idx":226,"road":"","cls":"tertiary_link","shops":5,"st_km":0.57,"mesh":"53394540"},"geometry":{"type":"LineString","coordinates":[[139.62643,35.70354],[139.62646,35.70368]]}},{"type":"Feature","properties":{"idx":254,"road":"","cls":"tertiary_link","shops":6,"st_km":0.59,"mesh":"53394540"},"geometry":{"type":"LineString","coordinates":[[139.62643,35.70354],[139.62691,35.70358]]}},{"type":"Feature","properties":{"idx":192,"road":"","cls":"tertiary_link","shops":4,"st_km":0.58,"mesh":"53394540"},"geometry":{"type":"LineString","coordinates":[[139.62641,35.70379],[139.62653,35.70369],[139.62655,35.70361],[139.62643,35.70354]]}},{"type":"Feature","properties":{"idx":201,"road":"目白通り","cls":"primary","shops":1,"st_km":0.43,"mesh":"53394582"},"geometry":{"type":"LineString","coordinates":[[139.66874,35.73316],[139.66628,35.73404],[139.66271,35.73481],[139.65549,35.73528]]}},{"type":"Feature","properties":{"idx":381,"road":"","cls":"tertiary","shops":1,"st_km":0.49,"mesh":"53394534"},"geometry":{"type":"LineString","coordinates":[[139.68568,35.69405],[139.6861,35.69425],[139.68655,35.69433],[139.68671,35.69432],[139.68726,35.69412]]}},{"type":"Feature","properties":{"idx":5544,"road":"ガレリア","cls":"pedestrian","shops":9,"st_km":0.22,"mesh":"53394514"},"geometry":{"type":"LineString","coordinates":[[139.68583,35.68347],[139.68709,35.68212]]}},{"type":"Feature","properties":{"idx":95,"road":"","cls":"primary_link","shops":0,"st_km":1.05,"mesh":"53394590"},"geometry":{"type":"LineString","coordinates":[[139.62922,35.74516],[139.63227,35.74711],[139.63268,35.74729]]}},{"type":"Feature","properties":{"idx":98,"road":"高松橋","cls":"primary_link","shops":0,"st_km":1.02,"mesh":"53394590"},"geometry":{"type":"LineString","coordinates":[[139.62893,35.74497],[139.62918,35.74513]]}},{"type":"Feature","properties":{"idx":147,"road":"貫井橋","cls":"primary_link","shops":1,"st_km":1.02,"mesh":"53394590"},"geometry":{"type":"LineString","coordinates":[[139.62964,35.74514],[139.62934,35.74496]]}},{"type":"Feature","properties":{"idx":149,"road":"環八通り","cls":"primary_link","shops":1,"st_km":1.0,"mesh":"53394590"},"geometry":{"type":"LineString","coordinates":[[139.62934,35.74496],[139.62898,35.74473]]}},{"type":"Feature","properties":{"idx":110,"road":"","cls":"tertiary","shops":0,"st_km":1.03,"mesh":"53394590"},"geometry":{"type":"LineString","coordinates":[[139.62991,35.7451],[139.62981,35.74525]]}},{"type":"Feature","properties":{"idx":168,"road":"小橋","cls":"tertiary","shops":1,"st_km":1.02,"mesh":"53394590"},"geometry":{"type":"LineString","coordinates":[[139.62996,35.74497],[139.62991,35.7451]]}},{"type":"Feature","properties":{"idx":179,"road":"","cls":"pedestrian","shops":2,"st_km":0.86,"mesh":"53394520"},"geometry":{"type":"LineString","coordinates":[[139.63568,35.68666],[139.63557,35.68659]]}},{"type":"Feature","properties":{"idx":177,"road":"","cls":"pedestrian","shops":2,"st_km":0.87,"mesh":"53394520"},"geometry":{"type":"LineString","coordinates":[[139.63575,35.68683],[139.63568,35.68668],[139.6357,35.68655]]}},{"type":"Feature","properties":{"idx":610,"road":"","cls":"pedestrian","shops":5,"st_km":0.43,"mesh":"53394535"},"geometry":{"type":"LineString","coordinates":[[139.68775,35.69248],[139.68747,35.6933]]}},{"type":"Feature","properties":{"idx":926,"road":"","cls":"pedestrian","shops":6,"st_km":0.24,"mesh":"53394525"},"geometry":{"type":"LineString","coordinates":[[139.69141,35.68839],[139.69157,35.68858],[139.69154,35.68874],[139.6913,35.68887]]}},{"type":"Feature","properties":{"idx":344,"road":"緑の橋","cls":"pedestrian","shops":1,"st_km":0.24,"mesh":"53394525"},"geometry":{"type":"LineString","coordinates":[[139.69139,35.68888],[139.69063,35.68876]]}},{"type":"Feature","properties":{"idx":260,"road":"","cls":"tertiary","shops":0,"st_km":0.81,"mesh":"53394592"},"geometry":{"type":"LineString","coordinates":[[139.65744,35.75066],[139.65561,35.74923]]}},{"type":"Feature","properties":{"idx":380,"road":"","cls":"tertiary","shops":0,"st_km":0.4,"mesh":"53394592"},"geometry":{"type":"LineString","coordinates":[[139.66148,35.74827],[139.66118,35.7484]]}},{"type":"Feature","properties":{"idx":636,"road":"","cls":"pedestrian","shops":4,"st_km":0.32,"mesh":"53394525"},"geometry":{"type":"LineString","coordinates":[[139.68876,35.69024],[139.68942,35.69028]]}},{"type":"Feature","properties":{"idx":742,"road":"","cls":"pedestrian","shops":5,"st_km":0.32,"mesh":"53394525"},"geometry":{"type":"LineString","coordinates":[[139.68975,35.6889],[139.68977,35.68886]]}},{"type":"Feature","properties":{"idx":420,"road":"","cls":"pedestrian","shops":2,"st_km":0.33,"mesh":"53394525"},"geometry":{"type":"LineString","coordinates":[[139.69002,35.68864],[139.68982,35.68869],[139.68977,35.68886]]}},{"type":"Feature","properties":{"idx":589,"road":"","cls":"pedestrian","shops":4,"st_km":0.4,"mesh":"53394525"},"geometry":{"type":"LineString","coordinates":[[139.69009,35.68765],[139.69027,35.68758]]}},{"type":"Feature","properties":{"idx":588,"road":"","cls":"pedestrian","shops":4,"st_km":0.4,"mesh":"53394525"},"geometry":{"type":"LineString","coordinates":[[139.68991,35.68764],[139.68997,35.68765],[139.68997,35.68773],[139.69007,35.68775]]}},{"type":"Feature","properties":{"idx":297,"road":"","cls":"pedestrian","shops":1,"st_km":0.39,"mesh":"53394525"},"geometry":{"type":"LineString","coordinates":[[139.68945,35.68777],[139.68935,35.68779],[139.68943,35.68793],[139.68971,35.68805],[139.68988,35.68799],[139.69006,35.6878]]}},{"type":"Feature","properties":{"idx":403,"road":"","cls":"pedestrian","shops":2,"st_km":0.37,"mesh":"53394525"},"geometry":{"type":"LineString","coordinates":[[139.68988,35.68799],[139.69014,35.68802]]}},{"type":"Feature","properties":{"idx":498,"road":"","cls":"pedestrian","shops":3,"st_km":0.38,"mesh":"53394525"},"geometry":{"type":"LineString","coordinates":[[139.69006,35.6878],[139.69019,35.68781]]}},{"type":"Feature","properties":{"idx":501,"road":"","cls":"pedestrian","shops":3,"st_km":0.38,"mesh":"53394525"},"geometry":{"type":"LineString","coordinates":[[139.69003,35.68787],[139.69017,35.68789]]}},{"type":"Feature","properties":{"idx":1510,"road":"","cls":"pedestrian","shops":11,"st_km":0.17,"mesh":"53394591"},"geometry":{"type":"LineString","coordinates":[[139.64773,35.74302],[139.64719,35.7433],[139.64705,35.74344],[139.6468,35.7439]]}},{"type":"Feature","properties":{"idx":279,"road":"","cls":"tertiary","shops":0,"st_km":0.33,"mesh":"53394508"},"geometry":{"type":"LineString","coordinates":[[139.73824,35.6693],[139.73801,35.66948],[139.73714,35.66921],[139.73764,35.66868]]}},{"type":"Feature","properties":{"idx":180,"road":"六本木通り","cls":"secondary_link","shops":0,"st_km":0.25,"mesh":"53394509"},"geometry":{"type":"LineString","coordinates":[[139.74539,35.67197],[139.7452,35.67203],[139.74519,35.6721],[139.74529,35.67216]]}},{"type":"Feature","properties":{"idx":101,"road":"環七通り","cls":"primary","shops":1,"st_km":0.72,"mesh":"53394522"},"geometry":{"type":"LineString","coordinates":[[139.65563,35.68741],[139.655,35.68914],[139.65456,35.69175]]}},{"type":"Feature","properties":{"idx":193,"road":"環七通り","cls":"primary","shops":2,"st_km":0.34,"mesh":"53394522"},"geometry":{"type":"LineString","coordinates":[[139.65613,35.68615],[139.65607,35.6863]]}},{"type":"Feature","properties":{"idx":428,"road":"青梅街道","cls":"primary","shops":3,"st_km":0.39,"mesh":"53394535"},"geometry":{"type":"LineString","coordinates":[[139.68676,35.69642],[139.69045,35.69525]]}},{"type":"Feature","properties":{"idx":260,"road":"税務署通り","cls":"primary","shops":1,"st_km":0.37,"mesh":"53394535"},"geometry":{"type":"LineString","coordinates":[[139.6868,35.69649],[139.68741,35.6965],[139.69052,35.69698],[139.69236,35.6972]]}},{"type":"Feature","properties":{"idx":861,"road":"青梅街道","cls":"primary","shops":3,"st_km":0.41,"mesh":"53394534"},"geometry":{"type":"LineString","coordinates":[[139.68657,35.69644],[139.68676,35.69642]]}},{"type":"Feature","properties":{"idx":859,"road":"税務署通り","cls":"primary","shops":3,"st_km":0.41,"mesh":"53394534"},"geometry":{"type":"LineString","coordinates":[[139.6866,35.6965],[139.6868,35.69649]]}},{"type":"Feature","properties":{"idx":558,"road":"環七通り","cls":"primary","shops":4,"st_km":0.37,"mesh":"53394512"},"geometry":{"type":"LineString","coordinates":[[139.65705,35.6802],[139.65704,35.68028]]}},{"type":"Feature","properties":{"idx":602,"road":"環七通り","cls":"primary","shops":4,"st_km":0.3,"mesh":"53394512"},"geometry":{"type":"LineString","coordinates":[[139.65704,35.68028],[139.65691,35.68163]]}},{"type":"Feature","properties":{"idx":1666,"road":"","cls":"pedestrian","shops":4,"st_km":0.27,"mesh":"53394546"},"geometry":{"type":"LineString","coordinates":[[139.70937,35.70282],[139.70953,35.70123],[139.70948,35.70118],[139.70921,35.70118]]}},{"type":"Feature","properties":{"idx":5588,"road":"大久保通り","cls":"secondary","shops":19,"st_km":0.12,"mesh":"53394546"},"geometry":{"type":"LineString","coordinates":[[139.70801,35.70089],[139.70813,35.70089]]}},{"type":"Feature","properties":{"idx":222,"road":"東京都道一七六号線","cls":"secondary","shops":0,"st_km":0.36,"mesh":"53394519"},"geometry":{"type":"LineString","coordinates":[[139.74315,35.67927],[139.74304,35.67943]]}},{"type":"Feature","properties":{"idx":327,"road":"瀬田貫井線","cls":"secondary","shops":6,"st_km":0.38,"mesh":"53394531"},"geometry":{"type":"LineString","coordinates":[[139.63889,35.69823],[139.63806,35.69654],[139.63881,35.69599],[139.63916,35.69563]]}},{"type":"Feature","properties":{"idx":836,"road":"青梅街道","cls":"primary","shops":14,"st_km":0.24,"mesh":"53394531"},"geometry":{"type":"LineString","coordinates":[[139.63889,35.69823],[139.63706,35.69884]]}},{"type":"Feature","properties":{"idx":376,"road":"青梅街道","cls":"primary","shops":7,"st_km":0.48,"mesh":"53394531"},"geometry":{"type":"LineString","coordinates":[[139.63892,35.6983],[139.63972,35.69806],[139.6402,35.69796],[139.64219,35.69781],[139.64764,35.69785]]}},{"type":"Feature","properties":{"idx":538,"road":"五日市街道","cls":"primary","shops":15,"st_km":0.76,"mesh":"53394531"},"geometry":{"type":"LineString","coordinates":[[139.64051,35.69388],[139.64034,35.69377]]}},{"type":"Feature","properties":{"idx":246,"road":"五日市街道","cls":"primary","shops":6,"st_km":0.8,"mesh":"53394531"},"geometry":{"type":"LineString","coordinates":[[139.64034,35.69377],[139.63833,35.69242],[139.638,35.69231],[139.63725,35.69217]]}},{"type":"Feature","properties":{"idx":1740,"road":"瀬田貫井線","cls":"secondary","shops":15,"st_km":0.12,"mesh":"53394511"},"geometry":{"type":"LineString","coordinates":[[139.64394,35.67649],[139.64401,35.67644]]}},{"type":"Feature","properties":{"idx":355,"road":"","cls":"pedestrian","shops":3,"st_km":0.53,"mesh":"53394553"},"geometry":{"type":"LineString","coordinates":[[139.66912,35.71207],[139.66866,35.71203]]}},{"type":"Feature","properties":{"idx":2156,"road":"ハッピーロード大山","cls":"pedestrian","shops":8,"st_km":0.15,"mesh":"53394596"},"geometry":{"type":"LineString","coordinates":[[139.70018,35.7491],[139.70107,35.74892],[139.70221,35.74885]]}},{"type":"Feature","properties":{"idx":1114,"road":"福地蔵尊通り","cls":"secondary","shops":1,"st_km":0.53,"mesh":"53394595"},"geometry":{"type":"LineString","coordinates":[[139.69684,35.74906],[139.6969,35.74912]]}},{"type":"Feature","properties":{"idx":2014,"road":"ロード大谷口","cls":"secondary","shops":3,"st_km":0.45,"mesh":"53394595"},"geometry":{"type":"LineString","coordinates":[[139.69768,35.7483],[139.69779,35.74833]]}},{"type":"Feature","properties":{"idx":779,"road":"外堀通り","cls":"secondary","shops":4,"st_km":0.32,"mesh":"53394509"},"geometry":{"type":"LineString","coordinates":[[139.74542,35.67035],[139.74487,35.67045]]}},{"type":"Feature","properties":{"idx":1373,"road":"外堀通り","cls":"secondary","shops":8,"st_km":0.27,"mesh":"53394509"},"geometry":{"type":"LineString","coordinates":[[139.74494,35.6706],[139.74645,35.67035],[139.74701,35.67031],[139.74757,35.67033],[139.74886,35.67061],[139.74932,35.67049]]}},{"type":"Feature","properties":{"idx":996,"road":"靖国通り","cls":"primary","shops":4,"st_km":0.19,"mesh":"53394538"},"geometry":{"type":"LineString","coordinates":[[139.73389,35.69174],[139.73451,35.69189],[139.73514,35.69219]]}},{"type":"Feature","properties":{"idx":814,"road":"靖国通り","cls":"primary","shops":3,"st_km":0.21,"mesh":"53394538"},"geometry":{"type":"LineString","coordinates":[[139.73469,35.69188],[139.73414,35.6917]]}},{"type":"Feature","properties":{"idx":1375,"road":"靖国通り","cls":"primary","shops":6,"st_km":0.16,"mesh":"53394538"},"geometry":{"type":"LineString","coordinates":[[139.73515,35.69211],[139.73469,35.69188]]}},{"type":"Feature","properties":{"idx":1953,"road":"靖国通り","cls":"primary","shops":9,"st_km":0.13,"mesh":"53394538"},"geometry":{"type":"LineString","coordinates":[[139.73514,35.69219],[139.73522,35.69215]]}},{"type":"Feature","properties":{"idx":1299,"road":"夏目坂通り","cls":"tertiary","shops":17,"st_km":0.18,"mesh":"53394547"},"geometry":{"type":"LineString","coordinates":[[139.72019,35.70589],[139.72019,35.70595]]}},{"type":"Feature","properties":{"idx":2025,"road":"早稲田通り","cls":"primary","shops":22,"st_km":0.19,"mesh":"53394547"},"geometry":{"type":"LineString","coordinates":[[139.72019,35.70589],[139.71993,35.70596]]}},{"type":"Feature","properties":{"idx":518,"road":"早稲田通り","cls":"primary","shops":3,"st_km":0.31,"mesh":"53394548"},"geometry":{"type":"LineString","coordinates":[[139.72019,35.70595],[139.72508,35.70542],[139.72698,35.70475],[139.73063,35.70487],[139.73079,35.70481]]}},{"type":"Feature","properties":{"idx":530,"road":"早稲田通り","cls":"primary","shops":7,"st_km":0.33,"mesh":"53394557"},"geometry":{"type":"LineString","coordinates":[[139.7164,35.70935],[139.71579,35.7095],[139.71357,35.7099],[139.71141,35.71108],[139.71078,35.71131],[139.71006,35.71145]]}},{"type":"Feature","properties":{"idx":340,"road":"早稲田通り","cls":"primary","shops":4,"st_km":0.45,"mesh":"53394547"},"geometry":{"type":"LineString","coordinates":[[139.71652,35.70939],[139.71677,35.70916],[139.71746,35.70811],[139.71785,35.70763],[139.71882,35.70671]]}},{"type":"Feature","properties":{"idx":493,"road":"環状4号線","cls":"primary","shops":6,"st_km":0.36,"mesh":"53394557"},"geometry":{"type":"LineString","coordinates":[[139.71652,35.70939],[139.71649,35.70931]]}},{"type":"Feature","properties":{"idx":160,"road":"不忍通り","cls":"secondary","shops":0,"st_km":0.5,"mesh":"53394567"},"geometry":{"type":"LineString","coordinates":[[139.71903,35.71722],[139.71826,35.71694]]}},{"type":"Feature","properties":{"idx":484,"road":"明治通り","cls":"primary","shops":4,"st_km":0.43,"mesh":"53394566"},"geometry":{"type":"LineString","coordinates":[[139.71318,35.71993],[139.71127,35.72454],[139.71126,35.72497],[139.71174,35.72677]]}},{"type":"Feature","properties":{"idx":129,"road":"明治通り","cls":"primary","shops":0,"st_km":0.1,"mesh":"53394556"},"geometry":{"type":"LineString","coordinates":[[139.71325,35.71826],[139.71171,35.71495]]}},{"type":"Feature","properties":{"idx":588,"road":"音羽池袋線","cls":"secondary","shops":7,"st_km":0.53,"mesh":"53394577"},"geometry":{"type":"LineString","coordinates":[[139.71689,35.731],[139.7169,35.73032]]}},{"type":"Feature","properties":{"idx":524,"road":"音羽池袋線","cls":"secondary","shops":6,"st_km":0.52,"mesh":"53394577"},"geometry":{"type":"LineString","coordinates":[[139.71675,35.731],[139.71674,35.7315]]}},{"type":"Feature","properties":{"idx":990,"road":"明治通り","cls":"primary","shops":1,"st_km":0.62,"mesh":"53394587"},"geometry":{"type":"LineString","coordinates":[[139.71664,35.73346],[139.71679,35.73358]]}},{"type":"Feature","properties":{"idx":1319,"road":"明治通り","cls":"primary","shops":2,"st_km":0.62,"mesh":"53394587"},"geometry":{"type":"LineString","coordinates":[[139.71685,35.7335],[139.71672,35.73341]]}},{"type":"Feature","properties":{"idx":277,"road":"","cls":"secondary_link","shops":5,"st_km":0.62,"mesh":"53394577"},"geometry":{"type":"LineString","coordinates":[[139.71685,35.7335],[139.71688,35.7331]]}},{"type":"Feature","properties":{"idx":1088,"road":"山手通り","cls":"primary","shops":6,"st_km":0.27,"mesh":"53394554"},"geometry":{"type":"LineString","coordinates":[[139.68471,35.71036],[139.68356,35.70793],[139.68301,35.70665]]}},{"type":"Feature","properties":{"idx":454,"road":"山手通り","cls":"primary","shops":1,"st_km":0.14,"mesh":"53394554"},"geometry":{"type":"LineString","coordinates":[[139.68731,35.71619],[139.68738,35.71616]]}},{"type":"Feature","properties":{"idx":858,"road":"六本木通り","cls":"secondary","shops":5,"st_km":0.37,"mesh":"53394509"},"geometry":{"type":"LineString","coordinates":[[139.73994,35.66818],[139.7401,35.66835]]}},{"type":"Feature","properties":{"idx":415,"road":"靖国通り","cls":"primary","shops":0,"st_km":0.24,"mesh":"53394539"},"geometry":{"type":"LineString","coordinates":[[139.74653,35.6944],[139.74945,35.69522],[139.75132,35.6955]]}},{"type":"Feature","properties":{"idx":485,"road":"靖国通り","cls":"primary","shops":3,"st_km":0.41,"mesh":"53394527"},"geometry":{"type":"LineString","coordinates":[[139.72133,35.69224],[139.71708,35.69118],[139.71667,35.6912],[139.71546,35.69139],[139.71462,35.69128]]}},{"type":"Feature","properties":{"idx":1621,"road":"靖国通り","cls":"primary","shops":10,"st_km":0.05,"mesh":"53394537"},"geometry":{"type":"LineString","coordinates":[[139.72176,35.69242],[139.72232,35.69242]]}},{"type":"Feature","properties":{"idx":1019,"road":"余丁町通り","cls":"primary","shops":6,"st_km":0.11,"mesh":"53394537"},"geometry":{"type":"LineString","coordinates":[[139.7214,35.69234],[139.72142,35.69226]]}},{"type":"Feature","properties":{"idx":504,"road":"青梅街道","cls":"primary","shops":1,"st_km":0.43,"mesh":"53394534"},"geometry":{"type":"LineString","coordinates":[[139.68708,35.6962],[139.68671,35.6963]]}},{"type":"Feature","properties":{"idx":680,"road":"千川通り","cls":"secondary","shops":2,"st_km":0.23,"mesh":"53394580"},"geometry":{"type":"LineString","coordinates":[[139.62727,35.73329],[139.62903,35.7338],[139.62989,35.734],[139.63003,35.73408],[139.63061,35.73466]]}},{"type":"Feature","properties":{"idx":507,"road":"","cls":"tertiary","shops":0,"st_km":0.53,"mesh":"53394571"},"geometry":{"type":"LineString","coordinates":[[139.64154,35.72854],[139.64121,35.72589]]}},{"type":"Feature","properties":{"idx":603,"road":"","cls":"tertiary","shops":4,"st_km":0.08,"mesh":"53394578"},"geometry":{"type":"LineString","coordinates":[[139.72571,35.73188],[139.72824,35.73125],[139.72831,35.73121],[139.72832,35.73112]]}},{"type":"Feature","properties":{"idx":621,"road":"","cls":"pedestrian","shops":3,"st_km":0.04,"mesh":"53394582"},"geometry":{"type":"LineString","coordinates":[[139.65441,35.73849],[139.65448,35.73813]]}},{"type":"Feature","properties":{"idx":816,"road":"","cls":"pedestrian","shops":5,"st_km":0.1,"mesh":"53394582"},"geometry":{"type":"LineString","coordinates":[[139.65395,35.73859],[139.65364,35.73855],[139.65388,35.73862]]}},{"type":"Feature","properties":{"idx":360,"road":"","cls":"pedestrian","shops":1,"st_km":0.07,"mesh":"53394582"},"geometry":{"type":"LineString","coordinates":[[139.65404,35.73858],[139.65438,35.7386],[139.65441,35.73849],[139.65462,35.73854]]}},{"type":"Feature","properties":{"idx":472,"road":"","cls":"pedestrian","shops":2,"st_km":0.09,"mesh":"53394582"},"geometry":{"type":"LineString","coordinates":[[139.65388,35.73862],[139.6541,35.73865]]}},{"type":"Feature","properties":{"idx":468,"road":"","cls":"pedestrian","shops":2,"st_km":0.1,"mesh":"53394582"},"geometry":{"type":"LineString","coordinates":[[139.65388,35.73862],[139.65379,35.73861],[139.65378,35.73868]]}},{"type":"Feature","properties":{"idx":293,"road":"大久保通り","cls":"secondary","shops":1,"st_km":0.34,"mesh":"53394542"},"geometry":{"type":"LineString","coordinates":[[139.65832,35.7007],[139.66077,35.70024],[139.66318,35.7003]]}},{"type":"Feature","properties":{"idx":497,"road":"補助第176号線","cls":"tertiary","shops":6,"st_km":0.29,"mesh":"53394577"},"geometry":{"type":"LineString","coordinates":[[139.72003,35.72782],[139.71734,35.72928]]}},{"type":"Feature","properties":{"idx":369,"road":"補助第175号線","cls":"tertiary","shops":3,"st_km":0.12,"mesh":"53394577"},"geometry":{"type":"LineString","coordinates":[[139.72041,35.72761],[139.71909,35.72601]]}},{"type":"Feature","properties":{"idx":758,"road":"千川通り","cls":"secondary","shops":2,"st_km":0.15,"mesh":"53394580"},"geometry":{"type":"LineString","coordinates":[[139.63352,35.73545],[139.63633,35.7359],[139.63834,35.73616]]}},{"type":"Feature","properties":{"idx":180,"road":"井ノ頭通り","cls":"secondary","shops":0,"st_km":0.35,"mesh":"53394502"},"geometry":{"type":"LineString","coordinates":[[139.66248,35.66895],[139.66205,35.66898]]}},{"type":"Feature","properties":{"idx":356,"road":"井ノ頭通り","cls":"secondary","shops":1,"st_km":0.47,"mesh":"53394503"},"geometry":{"type":"LineString","coordinates":[[139.66458,35.66888],[139.66324,35.66892]]}},{"type":"Feature","properties":{"idx":186,"road":"井ノ頭通り","cls":"secondary","shops":0,"st_km":0.32,"mesh":"53394502"},"geometry":{"type":"LineString","coordinates":[[139.66205,35.66898],[139.66147,35.669]]}},{"type":"Feature","properties":{"idx":1038,"road":"井ノ頭通り","cls":"secondary","shops":7,"st_km":0.11,"mesh":"53394502"},"geometry":{"type":"LineString","coordinates":[[139.65985,35.66915],[139.65925,35.66918],[139.65916,35.66922],[139.65853,35.67049],[139.65841,35.6706],[139.65669,35.67003]]}},{"type":"Feature","properties":{"idx":597,"road":"井ノ頭通り","cls":"secondary","shops":4,"st_km":0.32,"mesh":"53394502"},"geometry":{"type":"LineString","coordinates":[[139.65306,35.67042],[139.65297,35.67052]]}},{"type":"Feature","properties":{"idx":421,"road":"大久保通り","cls":"secondary","shops":2,"st_km":0.16,"mesh":"53394537"},"geometry":{"type":"LineString","coordinates":[[139.72083,35.7002],[139.72182,35.6999],[139.72236,35.69979],[139.7261,35.69941]]}},{"type":"Feature","properties":{"idx":289,"road":"音羽通り","cls":"secondary","shops":3,"st_km":0.62,"mesh":"53394558"},"geometry":{"type":"LineString","coordinates":[[139.72953,35.71509],[139.73056,35.71302]]}},{"type":"Feature","properties":{"idx":272,"road":"","cls":"tertiary","shops":0,"st_km":0.56,"mesh":"53394594"},"geometry":{"type":"LineString","coordinates":[[139.68362,35.74547],[139.68367,35.74559],[139.68546,35.74729]]}},{"type":"Feature","properties":{"idx":527,"road":"","cls":"tertiary","shops":0,"st_km":0.77,"mesh":"53394595"},"geometry":{"type":"LineString","coordinates":[[139.69365,35.74773],[139.69454,35.74889]]}},{"type":"Feature","properties":{"idx":4860,"road":"","cls":"pedestrian","shops":17,"st_km":0.04,"mesh":"53394580"},"geometry":{"type":"LineString","coordinates":[[139.62952,35.73551],[139.62949,35.73579]]}},{"type":"Feature","properties":{"idx":2637,"road":"中杉通り","cls":"secondary","shops":5,"st_km":0.52,"mesh":"53394550"},"geometry":{"type":"LineString","coordinates":[[139.63658,35.70549],[139.63635,35.70659],[139.63517,35.71117],[139.63472,35.71358]]}},{"type":"Feature","properties":{"idx":3832,"road":"中杉通り","cls":"secondary","shops":20,"st_km":0.22,"mesh":"53394581"},"geometry":{"type":"LineString","coordinates":[[139.63881,35.73408],[139.63856,35.73549],[139.63834,35.73616]]}},{"type":"Feature","properties":{"idx":710,"road":"","cls":"tertiary","shops":1,"st_km":0.61,"mesh":"53394571"},"geometry":{"type":"LineString","coordinates":[[139.64141,35.73423],[139.64154,35.73056]]}},{"type":"Feature","properties":{"idx":215,"road":"","cls":"tertiary","shops":0,"st_km":0.58,"mesh":"53394581"},"geometry":{"type":"LineString","coordinates":[[139.64141,35.73423],[139.64446,35.7344]]}},{"type":"Feature","properties":{"idx":340,"road":"千川通り","cls":"secondary","shops":1,"st_km":0.65,"mesh":"53394581"},"geometry":{"type":"LineString","coordinates":[[139.6413,35.73672],[139.64159,35.73675],[139.64393,35.73676],[139.64421,35.73672],[139.64471,35.73651],[139.64523,35.73639],[139.64643,35.73639],[139.64747,35.73645]]}},{"type":"Feature","properties":{"idx":1796,"road":"千川通り","cls":"secondary","shops":8,"st_km":0.19,"mesh":"53394581"},"geometry":{"type":"LineString","coordinates":[[139.63876,35.73622],[139.63959,35.73634]]}},{"type":"Feature","properties":{"idx":4356,"road":"千川通り","cls":"secondary","shops":21,"st_km":0.14,"mesh":"53394581"},"geometry":{"type":"LineString","coordinates":[[139.63834,35.73616],[139.63876,35.73622]]}},{"type":"Feature","properties":{"idx":1454,"road":"中杉通り","cls":"secondary","shops":14,"st_km":0.08,"mesh":"53394540"},"geometry":{"type":"LineString","coordinates":[[139.63663,35.70518],[139.63658,35.70549]]}},{"type":"Feature","properties":{"idx":179,"road":"","cls":"tertiary","shops":5,"st_km":0.32,"mesh":"53394589"},"geometry":{"type":"LineString","coordinates":[[139.74712,35.74062],[139.7503,35.73901],[139.75107,35.73842]]}},{"type":"Feature","properties":{"idx":589,"road":"","cls":"pedestrian","shops":3,"st_km":0.36,"mesh":"53394502"},"geometry":{"type":"LineString","coordinates":[[139.652,35.67136],[139.65217,35.67131],[139.65228,35.67117],[139.6524,35.67116]]}},{"type":"Feature","properties":{"idx":197,"road":"南蔵院通り","cls":"tertiary","shops":0,"st_km":0.75,"mesh":"53394581"},"geometry":{"type":"LineString","coordinates":[[139.64747,35.73645],[139.64749,35.73211]]}},{"type":"Feature","properties":{"idx":578,"road":"","cls":"tertiary","shops":1,"st_km":0.84,"mesh":"53394571"},"geometry":{"type":"LineString","coordinates":[[139.64451,35.73393],[139.64469,35.73217],[139.64458,35.73042]]}},{"type":"Feature","properties":{"idx":416,"road":"","cls":"tertiary","shops":0,"st_km":0.72,"mesh":"53394571"},"geometry":{"type":"LineString","coordinates":[[139.6475,35.72849],[139.64336,35.72885]]}},{"type":"Feature","properties":{"idx":4722,"road":"","cls":"pedestrian","shops":22,"st_km":0.11,"mesh":"53394509"},"geometry":{"type":"LineString","coordinates":[[139.74144,35.67071],[139.74157,35.67069],[139.74202,35.67038]]}},{"type":"Feature","properties":{"idx":641,"road":"千川通り","cls":"secondary","shops":2,"st_km":0.3,"mesh":"53394581"},"geometry":{"type":"LineString","coordinates":[[139.63959,35.73634],[139.6413,35.73672]]}},{"type":"Feature","properties":{"idx":431,"road":"","cls":"tertiary","shops":3,"st_km":0.08,"mesh":"53394582"},"geometry":{"type":"LineString","coordinates":[[139.65376,35.73844],[139.65379,35.7385],[139.65395,35.73852]]}},{"type":"Feature","properties":{"idx":156,"road":"","cls":"pedestrian","shops":0,"st_km":0.26,"mesh":"53394506"},"geometry":{"type":"LineString","coordinates":[[139.70119,35.66903],[139.70105,35.66903],[139.70104,35.66913],[139.70119,35.66915],[139.70122,35.6691],[139.70119,35.66903]]}},{"type":"Feature","properties":{"idx":240,"road":"","cls":"pedestrian","shops":1,"st_km":0.23,"mesh":"53394506"},"geometry":{"type":"LineString","coordinates":[[139.70122,35.6691],[139.70139,35.66911],[139.70142,35.66904]]}},{"type":"Feature","properties":{"idx":156,"road":"","cls":"pedestrian","shops":0,"st_km":0.26,"mesh":"53394506"},"geometry":{"type":"LineString","coordinates":[[139.70091,35.669],[139.7009,35.66916],[139.70105,35.66927],[139.70127,35.66924],[139.70136,35.66917],[139.70137,35.66911]]}},{"type":"Feature","properties":{"idx":946,"road":"","cls":"tertiary","shops":2,"st_km":0.32,"mesh":"53394588"},"geometry":{"type":"LineString","coordinates":[[139.73282,35.73929],[139.73351,35.7395]]}},{"type":"Feature","properties":{"idx":1770,"road":"メトロプロムナード","cls":"pedestrian","shops":15,"st_km":0.24,"mesh":"53394536"},"geometry":{"type":"LineString","coordinates":[[139.70162,35.69226],[139.70205,35.69216]]}},{"type":"Feature","properties":{"idx":422,"road":"","cls":"tertiary","shops":0,"st_km":0.73,"mesh":"53394571"},"geometry":{"type":"LineString","coordinates":[[139.64158,35.7295],[139.6416,35.72901],[139.64154,35.72854]]}},{"type":"Feature","properties":{"idx":424,"road":"","cls":"tertiary","shops":0,"st_km":0.72,"mesh":"53394571"},"geometry":{"type":"LineString","coordinates":[[139.64336,35.72885],[139.639,35.72922]]}},{"type":"Feature","properties":{"idx":367,"road":"豊中通り","cls":"tertiary","shops":0,"st_km":0.9,"mesh":"53394571"},"geometry":{"type":"LineString","coordinates":[[139.64341,35.73219],[139.64749,35.73211]]}},{"type":"Feature","properties":{"idx":451,"road":"","cls":"tertiary","shops":0,"st_km":0.63,"mesh":"53394571"},"geometry":{"type":"LineString","coordinates":[[139.64458,35.73042],[139.64447,35.72876],[139.64376,35.72515]]}},{"type":"Feature","properties":{"idx":388,"road":"","cls":"tertiary","shops":0,"st_km":0.84,"mesh":"53394571"},"geometry":{"type":"LineString","coordinates":[[139.64154,35.73056],[139.64158,35.7295]]}},{"type":"Feature","properties":{"idx":568,"road":"","cls":"tertiary","shops":2,"st_km":0.22,"mesh":"53394596"},"geometry":{"type":"LineString","coordinates":[[139.70917,35.74955],[139.70849,35.74953]]}},{"type":"Feature","properties":{"idx":406,"road":"","cls":"tertiary","shops":1,"st_km":0.29,"mesh":"53394596"},"geometry":{"type":"LineString","coordinates":[[139.70608,35.74922],[139.70607,35.74909],[139.7059,35.74863],[139.70564,35.74739]]}},{"type":"Feature","properties":{"idx":2605,"road":"中杉通り","cls":"secondary","shops":5,"st_km":0.44,"mesh":"53394560"},"geometry":{"type":"LineString","coordinates":[[139.63605,35.717],[139.63622,35.71893],[139.63665,35.72057],[139.63698,35.72131],[139.63718,35.72151],[139.63772,35.72183],[139.63798,35.72217]]}},{"type":"Feature","properties":{"idx":2442,"road":"中杉通り","cls":"secondary","shops":7,"st_km":0.17,"mesh":"53394561"},"geometry":{"type":"LineString","coordinates":[[139.63798,35.72217],[139.63806,35.72248]]}},{"type":"Feature","properties":{"idx":3563,"road":"中杉通り","cls":"secondary","shops":10,"st_km":0.5,"mesh":"53394571"},"geometry":{"type":"LineString","coordinates":[[139.63954,35.73088],[139.63894,35.73333],[139.63881,35.73408]]}},{"type":"Feature","properties":{"idx":220,"road":"井ノ頭通り","cls":"secondary","shops":0,"st_km":0.55,"mesh":"53394503"},"geometry":{"type":"LineString","coordinates":[[139.66426,35.66897],[139.6656,35.66891]]}},{"type":"Feature","properties":{"idx":1120,"road":"明治通り","cls":"primary","shops":2,"st_km":0.5,"mesh":"53394587"},"geometry":{"type":"LineString","coordinates":[[139.72462,35.7406],[139.72387,35.73993]]}},{"type":"Feature","properties":{"idx":1435,"road":"明治通り","cls":"primary","shops":3,"st_km":0.54,"mesh":"53394587"},"geometry":{"type":"LineString","coordinates":[[139.72387,35.73993],[139.71803,35.7346]]}},{"type":"Feature","properties":{"idx":298,"road":"瀬田貫井線","cls":"secondary","shops":3,"st_km":0.67,"mesh":"53394511"},"geometry":{"type":"LineString","coordinates":[[139.64312,35.68261],[139.64328,35.6821],[139.6434,35.68187]]}},{"type":"Feature","properties":{"idx":1892,"road":"","cls":"tertiary","shops":6,"st_km":0.9,"mesh":"53394550"},"geometry":{"type":"LineString","coordinates":[[139.62913,35.71179],[139.63121,35.71211],[139.6341,35.71272]]}},{"type":"Feature","properties":{"idx":516,"road":"内堀通り","cls":"secondary","shops":2,"st_km":0.53,"mesh":"53394529"},"geometry":{"type":"LineString","coordinates":[[139.74656,35.6943],[139.74566,35.68992],[139.7452,35.68791],[139.74432,35.68454],[139.74422,35.68392]]}},{"type":"Feature","properties":{"idx":414,"road":"靖国通り","cls":"primary","shops":0,"st_km":0.25,"mesh":"53394539"},"geometry":{"type":"LineString","coordinates":[[139.75135,35.69539],[139.74941,35.69512],[139.74656,35.6943]]}},{"type":"Feature","properties":{"idx":325,"road":"外苑東通り","cls":"primary","shops":3,"st_km":0.63,"mesh":"53394558"},"geometry":{"type":"LineString","coordinates":[[139.72713,35.70973],[139.72711,35.70959]]}},{"type":"Feature","properties":{"idx":140,"road":"新目白通り","cls":"primary","shops":0,"st_km":0.55,"mesh":"53394558"},"geometry":{"type":"LineString","coordinates":[[139.72711,35.70959],[139.72532,35.70997],[139.72326,35.71054]]}},{"type":"Feature","properties":{"idx":153,"road":"新目白通り","cls":"primary","shops":0,"st_km":0.44,"mesh":"53394558"},"geometry":{"type":"LineString","coordinates":[[139.72703,35.70975],[139.72753,35.70971],[139.72817,35.70974],[139.73151,35.71021]]}},{"type":"Feature","properties":{"idx":221,"road":"目白通り","cls":"primary","shops":4,"st_km":0.68,"mesh":"53394549"},"geometry":{"type":"LineString","coordinates":[[139.74181,35.70813],[139.74274,35.70798],[139.74298,35.70787],[139.74308,35.70777],[139.74355,35.70623],[139.74393,35.70523]]}},{"type":"Feature","properties":{"idx":602,"road":"目白通り","cls":"primary","shops":3,"st_km":0.0,"mesh":"53394558"},"geometry":{"type":"LineString","coordinates":[[139.73495,35.70903],[139.73427,35.70921],[139.73329,35.70962]]}},{"type":"Feature","properties":{"idx":586,"road":"","cls":"tertiary","shops":2,"st_km":0.37,"mesh":"53394539"},"geometry":{"type":"LineString","coordinates":[[139.74914,35.69397],[139.74902,35.69386],[139.74898,35.69376],[139.74901,35.69347],[139.7492,35.69308],[139.74951,35.69276]]}},{"type":"Feature","properties":{"idx":2079,"road":"メトロプロムナード","cls":"pedestrian","shops":13,"st_km":0.0,"mesh":"53394526"},"geometry":{"type":"LineString","coordinates":[[139.70464,35.69095],[139.70467,35.691],[139.70366,35.69144]]}},{"type":"Feature","properties":{"idx":3809,"road":"メトロプロムナード","cls":"pedestrian","shops":28,"st_km":0.08,"mesh":"53394526"},"geometry":{"type":"LineString","coordinates":[[139.70366,35.69144],[139.7032,35.69166],[139.70317,35.69162]]}},{"type":"Feature","properties":{"idx":3506,"road":"メトロプロムナード","cls":"pedestrian","shops":29,"st_km":0.16,"mesh":"53394536"},"geometry":{"type":"LineString","coordinates":[[139.70317,35.69162],[139.70205,35.69216]]}},{"type":"Feature","properties":{"idx":2601,"road":"メトロプロムナード","cls":"pedestrian","shops":17,"st_km":0.01,"mesh":"53394526"},"geometry":{"type":"LineString","coordinates":[[139.70466,35.6907],[139.70477,35.6909],[139.70464,35.69095],[139.70461,35.69091],[139.70339,35.69146],[139.70314,35.69157],[139.70317,35.69162]]}},{"type":"Feature","properties":{"idx":239,"road":"東京都道一七六号線","cls":"secondary","shops":0,"st_km":0.22,"mesh":"53394519"},"geometry":{"type":"LineString","coordinates":[[139.74983,35.67678],[139.74952,35.67671]]}},{"type":"Feature","properties":{"idx":247,"road":"六本木通り","cls":"secondary","shops":0,"st_km":0.29,"mesh":"53394519"},"geometry":{"type":"LineString","coordinates":[[139.74874,35.67558],[139.74898,35.67589]]}},{"type":"Feature","properties":{"idx":237,"road":"六本木通り","cls":"secondary","shops":0,"st_km":0.22,"mesh":"53394519"},"geometry":{"type":"LineString","coordinates":[[139.74937,35.67648],[139.74979,35.67707]]}},{"type":"Feature","properties":{"idx":167,"road":"","cls":"secondary_link","shops":0,"st_km":0.27,"mesh":"53394519"},"geometry":{"type":"LineString","coordinates":[[139.7488,35.67561],[139.74894,35.67565],[139.74909,35.67562]]}},{"type":"Feature","properties":{"idx":167,"road":"","cls":"secondary_link","shops":0,"st_km":0.27,"mesh":"53394519"},"geometry":{"type":"LineString","coordinates":[[139.74874,35.67558],[139.74892,35.6756],[139.74901,35.67547]]}},{"type":"Feature","properties":{"idx":249,"road":"霞ヶ関坂","cls":"secondary","shops":0,"st_km":0.28,"mesh":"53394519"},"geometry":{"type":"LineString","coordinates":[[139.74909,35.67562],[139.74895,35.67569],[139.74898,35.67589]]}},{"type":"Feature","properties":{"idx":187,"road":"国会通り","cls":"secondary","shops":0,"st_km":0.46,"mesh":"53394519"},"geometry":{"type":"LineString","coordinates":[[139.74693,35.6766],[139.74706,35.67616]]}},{"type":"Feature","properties":{"idx":226,"road":"東京都道一七六号線","cls":"secondary","shops":0,"st_km":0.27,"mesh":"53394519"},"geometry":{"type":"LineString","coordinates":[[139.74888,35.67679],[139.7492,35.67684]]}},{"type":"Feature","properties":{"idx":232,"road":"東京都道一七六号線","cls":"secondary","shops":0,"st_km":0.24,"mesh":"53394519"},"geometry":{"type":"LineString","coordinates":[[139.7492,35.67684],[139.74945,35.67689]]}},{"type":"Feature","properties":{"idx":206,"road":"東京都道一七六号線","cls":"secondary","shops":0,"st_km":0.36,"mesh":"53394519"},"geometry":{"type":"LineString","coordinates":[[139.74688,35.67633],[139.74922,35.67678]]}},{"type":"Feature","properties":{"idx":169,"road":"国会通り","cls":"secondary","shops":0,"st_km":0.57,"mesh":"53394519"},"geometry":{"type":"LineString","coordinates":[[139.74615,35.67938],[139.7461,35.67955]]}},{"type":"Feature","properties":{"idx":113,"road":"","cls":"secondary_link","shops":0,"st_km":0.56,"mesh":"53394519"},"geometry":{"type":"LineString","coordinates":[[139.74641,35.67957],[139.74626,35.67954],[139.74615,35.67938]]}},{"type":"Feature","properties":{"idx":1355,"road":"メトロプロムナード","cls":"pedestrian","shops":9,"st_km":0.11,"mesh":"53394535"},"geometry":{"type":"LineString","coordinates":[[139.69832,35.69229],[139.69929,35.69214]]}},{"type":"Feature","properties":{"idx":1201,"road":"メトロプロムナード","cls":"pedestrian","shops":10,"st_km":0.22,"mesh":"53394536"},"geometry":{"type":"LineString","coordinates":[[139.70115,35.69224],[139.70155,35.69227]]}},{"type":"Feature","properties":{"idx":1297,"road":"メトロプロムナード","cls":"pedestrian","shops":10,"st_km":0.15,"mesh":"53394536"},"geometry":{"type":"LineString","coordinates":[[139.70096,35.69222],[139.70091,35.69226],[139.69966,35.69214]]}},{"type":"Feature","properties":{"idx":649,"road":"神楽坂高円寺線","cls":"secondary","shops":4,"st_km":0.15,"mesh":"53394537"},"geometry":{"type":"LineString","coordinates":[[139.71852,35.69934],[139.72005,35.69979],[139.72073,35.70005],[139.72083,35.7002]]}},{"type":"Feature","properties":{"idx":338,"road":"早稲田通り","cls":"primary","shops":4,"st_km":0.46,"mesh":"53394547"},"geometry":{"type":"LineString","coordinates":[[139.71876,35.70666],[139.71778,35.7076],[139.7168,35.70899],[139.71649,35.70931]]}},{"type":"Feature","properties":{"idx":192,"road":"諏訪通り","cls":"primary","shops":1,"st_km":0.43,"mesh":"53394547"},"geometry":{"type":"LineString","coordinates":[[139.71832,35.70649],[139.7178,35.70641],[139.71701,35.70647],[139.71644,35.70665],[139.71559,35.70721],[139.71505,35.70745],[139.71058,35.70836],[139.70918,35.70842]]}},{"type":"Feature","properties":{"idx":1400,"road":"中野通り","cls":"secondary","shops":3,"st_km":0.71,"mesh":"53394574"},"geometry":{"type":"LineString","coordinates":[[139.67578,35.72586],[139.67649,35.72701],[139.67679,35.72775]]}},{"type":"Feature","properties":{"idx":581,"road":"","cls":"tertiary","shops":1,"st_km":0.38,"mesh":"53394593"},"geometry":{"type":"LineString","coordinates":[[139.66812,35.74117],[139.66754,35.74241],[139.66745,35.74279],[139.66747,35.74326],[139.66768,35.74516],[139.66764,35.7457],[139.66743,35.74611],[139.66682,35.7469],[139.66655,35.74737]]}},{"type":"Feature","properties":{"idx":555,"road":"富ヶ谷1丁目通り","cls":"tertiary","shops":8,"st_km":0.09,"mesh":"53394505"},"geometry":{"type":"LineString","coordinates":[[139.6884,35.66934],[139.68791,35.66937]]}},{"type":"Feature","properties":{"idx":327,"road":"代々木八幡1号踏切","cls":"tertiary","shops":4,"st_km":0.11,"mesh":"53394505"},"geometry":{"type":"LineString","coordinates":[[139.68784,35.66963],[139.68791,35.66937]]}},{"type":"Feature","properties":{"idx":141,"road":"","cls":"tertiary","shops":0,"st_km":0.3,"mesh":"53394558"},"geometry":{"type":"LineString","coordinates":[[139.7332,35.71307],[139.73343,35.71277],[139.73371,35.71179],[139.73374,35.71143],[139.73367,35.71126],[139.73361,35.71079]]}},{"type":"Feature","properties":{"idx":1195,"road":"中野通り","cls":"secondary","shops":10,"st_km":0.03,"mesh":"53394543"},"geometry":{"type":"LineString","coordinates":[[139.66537,35.70613],[139.6654,35.7057]]}},{"type":"Feature","properties":{"idx":1579,"road":"中野通り","cls":"secondary","shops":14,"st_km":0.04,"mesh":"53394543"},"geometry":{"type":"LineString","coordinates":[[139.66542,35.70548],[139.66542,35.70543]]}},{"type":"Feature","properties":{"idx":106,"road":"上落中通り","cls":"tertiary","shops":0,"st_km":0.36,"mesh":"53394555"},"geometry":{"type":"LineString","coordinates":[[139.68961,35.71127],[139.68989,35.71216],[139.69005,35.71329],[139.69036,35.71411],[139.69168,35.71414],[139.6923,35.71434]]}},{"type":"Feature","properties":{"idx":318,"road":"上落中通り","cls":"tertiary","shops":3,"st_km":0.11,"mesh":"53394555"},"geometry":{"type":"LineString","coordinates":[[139.69463,35.71677],[139.69459,35.71629]]}},{"type":"Feature","properties":{"idx":974,"road":"不忍通り","cls":"secondary","shops":2,"st_km":0.21,"mesh":"53394568"},"geometry":{"type":"LineString","coordinates":[[139.72556,35.71955],[139.72484,35.71958]]}},{"type":"Feature","properties":{"idx":509,"road":"早稲田通り","cls":"primary","shops":8,"st_km":0.6,"mesh":"53394555"},"geometry":{"type":"LineString","coordinates":[[139.69255,35.7106],[139.69262,35.71054]]}},{"type":"Feature","properties":{"idx":188,"road":"早稲田通り","cls":"primary","shops":2,"st_km":0.65,"mesh":"53394555"},"geometry":{"type":"LineString","coordinates":[[139.69316,35.71015],[139.69338,35.71]]}},{"type":"Feature","properties":{"idx":1420,"road":"大久保通り","cls":"secondary","shops":4,"st_km":0.56,"mesh":"53394545"},"geometry":{"type":"LineString","coordinates":[[139.69525,35.70184],[139.69376,35.70197],[139.6906,35.70172],[139.68759,35.70163]]}},{"type":"Feature","properties":{"idx":1158,"road":"小滝橋通り","cls":"tertiary","shops":3,"st_km":0.46,"mesh":"53394545"},"geometry":{"type":"LineString","coordinates":[[139.69436,35.70649],[139.69438,35.70598],[139.69472,35.70461],[139.69503,35.70278],[139.69525,35.70184]]}},{"type":"Feature","properties":{"idx":1376,"road":"山手通り","cls":"primary","shops":5,"st_km":0.28,"mesh":"53394534"},"geometry":{"type":"LineString","coordinates":[[139.68185,35.69217],[139.68279,35.69697]]}},{"type":"Feature","properties":{"idx":1441,"road":"山手通り","cls":"primary","shops":5,"st_km":0.23,"mesh":"53394534"},"geometry":{"type":"LineString","coordinates":[[139.68292,35.70107],[139.68309,35.70043],[139.68312,35.69999],[139.68297,35.69707]]}},{"type":"Feature","properties":{"idx":1282,"road":"山手通り","cls":"primary","shops":5,"st_km":0.21,"mesh":"53394544"},"geometry":{"type":"LineString","coordinates":[[139.68279,35.70612],[139.68278,35.70608]]}},{"type":"Feature","properties":{"idx":2036,"road":"山手通り","cls":"primary","shops":9,"st_km":0.2,"mesh":"53394544"},"geometry":{"type":"LineString","coordinates":[[139.68291,35.70643],[139.68289,35.70637]]}},{"type":"Feature","properties":{"idx":1452,"road":"青梅街道","cls":"primary","shops":5,"st_km":0.23,"mesh":"53394534"},"geometry":{"type":"LineString","coordinates":[[139.68652,35.69634],[139.68528,35.69644],[139.68363,35.69682],[139.68279,35.69697]]}},{"type":"Feature","properties":{"idx":1125,"road":"青梅街道","cls":"primary","shops":3,"st_km":0.15,"mesh":"53394534"},"geometry":{"type":"LineString","coordinates":[[139.68297,35.69707],[139.68361,35.69698],[139.6847,35.69671]]}},{"type":"Feature","properties":{"idx":1156,"road":"","cls":"tertiary","shops":6,"st_km":0.22,"mesh":"53394544"},"geometry":{"type":"LineString","coordinates":[[139.68259,35.70591],[139.68276,35.70591]]}},{"type":"Feature","properties":{"idx":2033,"road":"Kuken-dori","cls":"tertiary","shops":11,"st_km":0.15,"mesh":"53394544"},"geometry":{"type":"LineString","coordinates":[[139.68611,35.70537],[139.68628,35.70535],[139.68643,35.70543],[139.68668,35.70604],[139.68667,35.70657],[139.68646,35.70711],[139.6863,35.70733]]}},{"type":"Feature","properties":{"idx":1461,"road":"山手通り","cls":"primary","shops":6,"st_km":0.21,"mesh":"53394544"},"geometry":{"type":"LineString","coordinates":[[139.68278,35.70608],[139.68276,35.70591]]}},{"type":"Feature","properties":{"idx":2600,"road":"山手通り","cls":"primary","shops":12,"st_km":0.19,"mesh":"53394544"},"geometry":{"type":"LineString","coordinates":[[139.68301,35.70665],[139.68291,35.70643]]}},{"type":"Feature","properties":{"idx":641,"road":"早稲田通り","cls":"primary","shops":8,"st_km":0.36,"mesh":"53394555"},"geometry":{"type":"LineString","coordinates":[[139.68961,35.71127],[139.69014,35.7113]]}},{"type":"Feature","properties":{"idx":269,"road":"都市計画道路補助第72号線(つつじ通り)","cls":"tertiary","shops":0,"st_km":0.66,"mesh":"53394546"},"geometry":{"type":"LineString","coordinates":[[139.7011,35.70423],[139.70113,35.70449],[139.70255,35.70853],[139.70265,35.70871],[139.70323,35.70922]]}},{"type":"Feature","properties":{"idx":372,"road":"","cls":"tertiary","shops":0,"st_km":0.36,"mesh":"53394546"},"geometry":{"type":"LineString","coordinates":[[139.70003,35.70422],[139.70138,35.70409]]}},{"type":"Feature","properties":{"idx":326,"road":"小滝橋通り","cls":"tertiary","shops":0,"st_km":0.81,"mesh":"53394545"},"geometry":{"type":"LineString","coordinates":[[139.69397,35.70961],[139.69437,35.70786],[139.69436,35.70649]]}},{"type":"Feature","properties":{"idx":458,"road":"","cls":"tertiary","shops":0,"st_km":0.47,"mesh":"53394545"},"geometry":{"type":"LineString","coordinates":[[139.69472,35.70461],[139.69627,35.70451]]}},{"type":"Feature","properties":{"idx":373,"road":"","cls":"tertiary","shops":0,"st_km":0.69,"mesh":"53394545"},"geometry":{"type":"LineString","coordinates":[[139.6968,35.7068],[139.69644,35.70683]]}},{"type":"Feature","properties":{"idx":810,"road":"目白通り","cls":"primary","shops":1,"st_km":0.39,"mesh":"53394559"},"geometry":{"type":"LineString","coordinates":[[139.73497,35.70915],[139.74181,35.70813]]}},{"type":"Feature","properties":{"idx":2501,"road":"早稲田通り","cls":"primary","shops":8,"st_km":1.06,"mesh":"53394550"},"geometry":{"type":"LineString","coordinates":[[139.6348,35.71414],[139.63342,35.7145]]}},{"type":"Feature","properties":{"idx":1182,"road":"明治通り","cls":"primary","shops":20,"st_km":0.42,"mesh":"53394556"},"geometry":{"type":"LineString","coordinates":[[139.70996,35.71147],[139.70998,35.71153]]}},{"type":"Feature","properties":{"idx":693,"road":"公園通り","cls":"secondary","shops":5,"st_km":0.19,"mesh":"53394525"},"geometry":{"type":"LineString","coordinates":[[139.69063,35.6903],[139.6904,35.69123]]}},{"type":"Feature","properties":{"idx":293,"road":"","cls":"tertiary","shops":2,"st_km":0.32,"mesh":"53394535"},"geometry":{"type":"LineString","coordinates":[[139.69048,35.69678],[139.69052,35.69698]]}},{"type":"Feature","properties":{"idx":3063,"road":"Kuken-dori","cls":"tertiary","shops":18,"st_km":0.17,"mesh":"53394544"},"geometry":{"type":"LineString","coordinates":[[139.6863,35.70733],[139.68619,35.70747]]}},{"type":"Feature","properties":{"idx":3068,"road":"メトロプロムナード","cls":"pedestrian","shops":25,"st_km":0.19,"mesh":"53394526"},"geometry":{"type":"LineString","coordinates":[[139.70502,35.69083],[139.70581,35.69047],[139.70624,35.69066],[139.70628,35.6906],[139.70733,35.69101]]}},{"type":"Feature","properties":{"idx":1455,"road":"中野通り","cls":"secondary","shops":13,"st_km":0.05,"mesh":"53394543"},"geometry":{"type":"LineString","coordinates":[[139.66536,35.7062],[139.66537,35.70613]]}},{"type":"Feature","properties":{"idx":227,"road":"","cls":"tertiary","shops":0,"st_km":0.64,"mesh":"53394539"},"geometry":{"type":"LineString","coordinates":[[139.74322,35.69682],[139.74326,35.69676],[139.74327,35.69649],[139.74355,35.69575]]}},{"type":"Feature","properties":{"idx":1573,"road":"メトロプロムナード","cls":"pedestrian","shops":11,"st_km":0.13,"mesh":"53394535"},"geometry":{"type":"LineString","coordinates":[[139.69762,35.69261],[139.69777,35.69272],[139.69832,35.69229]]}},{"type":"Feature","properties":{"idx":229,"road":"明治通り","cls":"primary","shops":0,"st_km":0.24,"mesh":"53394567"},"geometry":{"type":"LineString","coordinates":[[139.71196,35.72308],[139.71324,35.71995]]}},{"type":"Feature","properties":{"idx":494,"road":"明治通り","cls":"primary","shops":2,"st_km":0.17,"mesh":"53394567"},"geometry":{"type":"LineString","coordinates":[[139.71317,35.71827],[139.7134,35.71876],[139.71346,35.71911],[139.7134,35.71942],[139.71318,35.71993]]}},{"type":"Feature","properties":{"idx":178,"road":"","cls":"primary_link","shops":0,"st_km":0.14,"mesh":"53394567"},"geometry":{"type":"LineString","coordinates":[[139.71318,35.71993],[139.71324,35.71995]]}},{"type":"Feature","properties":{"idx":485,"road":"目白通り","cls":"primary","shops":2,"st_km":0.18,"mesh":"53394567"},"geometry":{"type":"LineString","coordinates":[[139.7132,35.71907],[139.71334,35.71901]]}},{"type":"Feature","properties":{"idx":705,"road":"明治通り","cls":"primary","shops":7,"st_km":0.38,"mesh":"53394536"},"geometry":{"type":"LineString","coordinates":[[139.70756,35.69789],[139.70696,35.69491]]}},{"type":"Feature","properties":{"idx":731,"road":"明治通り","cls":"primary","shops":8,"st_km":0.45,"mesh":"53394536"},"geometry":{"type":"LineString","coordinates":[[139.70676,35.69369],[139.70671,35.69397],[139.70677,35.69477],[139.70744,35.6979]]}},{"type":"Feature","properties":{"idx":840,"road":"神楽坂高円寺線","cls":"secondary","shops":5,"st_km":0.05,"mesh":"53394537"},"geometry":{"type":"LineString","coordinates":[[139.7167,35.69874],[139.71852,35.69934]]}},{"type":"Feature","properties":{"idx":549,"road":"","cls":"tertiary","shops":6,"st_km":0.49,"mesh":"53394537"},"geometry":{"type":"LineString","coordinates":[[139.71305,35.69771],[139.71313,35.69775]]}},{"type":"Feature","properties":{"idx":922,"road":"諏訪通り","cls":"primary","shops":10,"st_km":0.07,"mesh":"53394556"},"geometry":{"type":"LineString","coordinates":[[139.70918,35.70842],[139.70908,35.70843]]}},{"type":"Feature","properties":{"idx":1308,"road":"明治通り","cls":"primary","shops":12,"st_km":0.21,"mesh":"53394536"},"geometry":{"type":"LineString","coordinates":[[139.70744,35.6979],[139.70745,35.698]]}},{"type":"Feature","properties":{"idx":1121,"road":"明治通り","cls":"primary","shops":10,"st_km":0.21,"mesh":"53394536"},"geometry":{"type":"LineString","coordinates":[[139.70757,35.69798],[139.70756,35.69789]]}},{"type":"Feature","properties":{"idx":578,"road":"明治通り","cls":"primary","shops":7,"st_km":0.24,"mesh":"53394556"},"geometry":{"type":"LineString","coordinates":[[139.70908,35.70843],[139.70996,35.71147]]}},{"type":"Feature","properties":{"idx":577,"road":"明治通り","cls":"primary","shops":7,"st_km":0.24,"mesh":"53394556"},"geometry":{"type":"LineString","coordinates":[[139.71006,35.71145],[139.70918,35.70842]]}},{"type":"Feature","properties":{"idx":1776,"road":"早稲田通り","cls":"primary","shops":19,"st_km":0.11,"mesh":"53394556"},"geometry":{"type":"LineString","coordinates":[[139.70471,35.71354],[139.70505,35.71336]]}},{"type":"Feature","properties":{"idx":2112,"road":"","cls":"tertiary","shops":29,"st_km":0.11,"mesh":"53394556"},"geometry":{"type":"LineString","coordinates":[[139.70505,35.71336],[139.70484,35.71304]]}},{"type":"Feature","properties":{"idx":2311,"road":"","cls":"tertiary","shops":31,"st_km":0.08,"mesh":"53394556"},"geometry":{"type":"LineString","coordinates":[[139.70484,35.71304],[139.70458,35.71299]]}},{"type":"Feature","properties":{"idx":132,"road":"補助第74号線","cls":"tertiary","shops":1,"st_km":0.67,"mesh":"53394555"},"geometry":{"type":"LineString","coordinates":[[139.69921,35.70895],[139.69842,35.70873],[139.69773,35.70867]]}},{"type":"Feature","properties":{"idx":2474,"road":"","cls":"pedestrian","shops":19,"st_km":0.06,"mesh":"53394543"},"geometry":{"type":"LineString","coordinates":[[139.66555,35.70623],[139.66549,35.70624],[139.66549,35.70631]]}},{"type":"Feature","properties":{"idx":1032,"road":"中野通り","cls":"secondary","shops":1,"st_km":0.45,"mesh":"53394513"},"geometry":{"type":"LineString","coordinates":[[139.67085,35.67558],[139.67042,35.67758]]}},{"type":"Feature","properties":{"idx":315,"road":"十二社通り","cls":"secondary","shops":2,"st_km":0.42,"mesh":"53394525"},"geometry":{"type":"LineString","coordinates":[[139.68897,35.6883],[139.689,35.68819]]}},{"type":"Feature","properties":{"idx":368,"road":"十二社通り","cls":"secondary","shops":3,"st_km":0.49,"mesh":"53394525"},"geometry":{"type":"LineString","coordinates":[[139.689,35.68819],[139.68942,35.68619]]}},{"type":"Feature","properties":{"idx":736,"road":"津の守坂通り","cls":"tertiary","shops":7,"st_km":0.36,"mesh":"53394527"},"geometry":{"type":"LineString","coordinates":[[139.72332,35.68804],[139.72328,35.68793]]}},{"type":"Feature","properties":{"idx":554,"road":"津の守坂通り","cls":"tertiary","shops":5,"st_km":0.39,"mesh":"53394527"},"geometry":{"type":"LineString","coordinates":[[139.72385,35.6891],[139.72332,35.68804]]}},{"type":"Feature","properties":{"idx":404,"road":"東西自由通路","cls":"pedestrian","shops":1,"st_km":0.13,"mesh":"53394526"},"geometry":{"type":"LineString","coordinates":[[139.69919,35.69139],[139.69999,35.6913],[139.70109,35.69144]]}},{"type":"Feature","properties":{"idx":781,"road":"明治通り","cls":"primary","shops":5,"st_km":0.04,"mesh":"53394536"},"geometry":{"type":"LineString","coordinates":[[139.70813,35.70089],[139.70757,35.69798]]}},{"type":"Feature","properties":{"idx":558,"road":"明治通り","cls":"primary","shops":3,"st_km":0.04,"mesh":"53394536"},"geometry":{"type":"LineString","coordinates":[[139.70745,35.698],[139.70801,35.70089]]}},{"type":"Feature","properties":{"idx":1918,"road":"武蔵野通り","cls":"living_street","shops":25,"st_km":0.16,"mesh":"53394526"},"geometry":{"type":"LineString","coordinates":[[139.7021,35.68959],[139.70218,35.69023],[139.70241,35.69124],[139.70265,35.69187]]}},{"type":"Feature","properties":{"idx":2006,"road":"","cls":"living_street","shops":29,"st_km":0.15,"mesh":"53394526"},"geometry":{"type":"LineString","coordinates":[[139.7033,35.69065],[139.7032,35.69021],[139.70319,35.68993],[139.70327,35.68977],[139.70342,35.68974]]}},{"type":"Feature","properties":{"idx":1075,"road":"新宿通り","cls":"secondary","shops":11,"st_km":0.21,"mesh":"53394536"},"geometry":{"type":"LineString","coordinates":[[139.70177,35.69225],[139.70083,35.69246]]}},{"type":"Feature","properties":{"idx":747,"road":"","cls":"pedestrian","shops":2,"st_km":0.01,"mesh":"53394575"},"geometry":{"type":"LineString","coordinates":[[139.69454,35.72639],[139.69406,35.72651],[139.69402,35.72631]]}},{"type":"Feature","properties":{"idx":304,"road":"","cls":"pedestrian","shops":1,"st_km":0.23,"mesh":"53394526"},"geometry":{"type":"LineString","coordinates":[[139.71185,35.68681],[139.71216,35.6864]]}},{"type":"Feature","properties":{"idx":144,"road":"豊島園通り","cls":"tertiary","shops":0,"st_km":0.33,"mesh":"53394591"},"geometry":{"type":"LineString","coordinates":[[139.64815,35.74517],[139.64827,35.74478]]}},{"type":"Feature","properties":{"idx":453,"road":"豊島園通り","cls":"tertiary","shops":1,"st_km":0.21,"mesh":"53394581"},"geometry":{"type":"LineString","coordinates":[[139.64842,35.74433],[139.64902,35.74319],[139.64913,35.74286],[139.64908,35.74039],[139.64917,35.73874],[139.64929,35.73863],[139.65001,35.73844],[139.65034,35.73828],[139.65105,35.73704]]}},{"type":"Feature","properties":{"idx":307,"road":"豊島園通り","cls":"tertiary","shops":2,"st_km":0.26,"mesh":"53394591"},"geometry":{"type":"LineString","coordinates":[[139.64839,35.74441],[139.64842,35.74433]]}},{"type":"Feature","properties":{"idx":1901,"road":"","cls":"pedestrian","shops":27,"st_km":0.13,"mesh":"53394531"},"geometry":{"type":"LineString","coordinates":[[139.64754,35.69877],[139.64769,35.69877],[139.6477,35.69864]]}},{"type":"Feature","properties":{"idx":160,"road":"","cls":"tertiary","shops":1,"st_km":1.08,"mesh":"53394590"},"geometry":{"type":"LineString","coordinates":[[139.62569,35.74634],[139.62577,35.74706],[139.62566,35.74787]]}},{"type":"Feature","properties":{"idx":818,"road":"","cls":"pedestrian","shops":5,"st_km":0.1,"mesh":"53394582"},"geometry":{"type":"LineString","coordinates":[[139.65364,35.73855],[139.65361,35.73855],[139.65363,35.73841]]}},{"type":"Feature","properties":{"idx":1067,"road":"","cls":"pedestrian","shops":7,"st_km":0.08,"mesh":"53394582"},"geometry":{"type":"LineString","coordinates":[[139.65363,35.73841],[139.65367,35.73824]]}},{"type":"Feature","properties":{"idx":850,"road":"","cls":"pedestrian","shops":3,"st_km":0.44,"mesh":"53394508"},"geometry":{"type":"LineString","coordinates":[[139.73545,35.66808],[139.73574,35.66783]]}},{"type":"Feature","properties":{"idx":386,"road":"","cls":"tertiary","shops":6,"st_km":0.39,"mesh":"53394577"},"geometry":{"type":"LineString","coordinates":[[139.72148,35.73099],[139.72153,35.73105]]}},{"type":"Feature","properties":{"idx":1246,"road":"","cls":"tertiary","shops":15,"st_km":0.18,"mesh":"53394553"},"geometry":{"type":"LineString","coordinates":[[139.67125,35.71585],[139.67011,35.71474]]}},{"type":"Feature","properties":{"idx":1655,"road":"早稲田通り","cls":"primary","shops":4,"st_km":0.58,"mesh":"53394552"},"geometry":{"type":"LineString","coordinates":[[139.66034,35.70987],[139.66292,35.70992]]}},{"type":"Feature","properties":{"idx":1039,"road":"早稲田通り","cls":"primary","shops":3,"st_km":0.85,"mesh":"53394552"},"geometry":{"type":"LineString","coordinates":[[139.66034,35.70987],[139.65432,35.7097]]}},{"type":"Feature","properties":{"idx":1913,"road":"高円寺パル商店街","cls":"pedestrian","shops":21,"st_km":0.1,"mesh":"53394541"},"geometry":{"type":"LineString","coordinates":[[139.64889,35.70409],[139.64923,35.7051]]}},{"type":"Feature","properties":{"idx":970,"road":"","cls":"tertiary","shops":7,"st_km":0.18,"mesh":"53394542"},"geometry":{"type":"LineString","coordinates":[[139.65094,35.70454],[139.65118,35.70433],[139.65152,35.70414]]}},{"type":"Feature","properties":{"idx":207,"road":"","cls":"primary_link","shops":2,"st_km":0.34,"mesh":"53394532"},"geometry":{"type":"LineString","coordinates":[[139.65456,35.69804],[139.65458,35.6987]]}},{"type":"Feature","properties":{"idx":322,"road":"環七通り","cls":"primary","shops":3,"st_km":0.48,"mesh":"53394532"},"geometry":{"type":"LineString","coordinates":[[139.65438,35.69553],[139.65435,35.69459]]}},{"type":"Feature","properties":{"idx":173,"road":"環七通り","cls":"primary","shops":1,"st_km":0.6,"mesh":"53394532"},"geometry":{"type":"LineString","coordinates":[[139.65435,35.69459],[139.65434,35.69351],[139.65448,35.69272]]}},{"type":"Feature","properties":{"idx":172,"road":"環七通り","cls":"primary","shops":1,"st_km":0.6,"mesh":"53394532"},"geometry":{"type":"LineString","coordinates":[[139.65456,35.69175],[139.65424,35.6935],[139.65428,35.69557]]}},{"type":"Feature","properties":{"idx":1845,"road":"井ノ頭通り","cls":"secondary","shops":16,"st_km":0.18,"mesh":"53394510"},"geometry":{"type":"LineString","coordinates":[[139.63653,35.67991],[139.63694,35.67969]]}},{"type":"Feature","properties":{"idx":363,"road":"ゲーテの小径","cls":"tertiary","shops":0,"st_km":0.22,"mesh":"53394599"},"geometry":{"type":"LineString","coordinates":[[139.74029,35.74789],[139.74006,35.74689],[139.73981,35.74622],[139.73978,35.74562],[139.73939,35.74507],[139.73904,35.744]]}},{"type":"Feature","properties":{"idx":418,"road":"外堀通り","cls":"secondary","shops":1,"st_km":0.25,"mesh":"53394509"},"geometry":{"type":"LineString","coordinates":[[139.7379,35.67603],[139.73825,35.67548],[139.73886,35.67398],[139.7392,35.67354]]}},{"type":"Feature","properties":{"idx":4692,"road":"外堀通り","cls":"secondary","shops":24,"st_km":0.05,"mesh":"53394518"},"geometry":{"type":"LineString","coordinates":[[139.73775,35.67594],[139.73729,35.67656],[139.73716,35.67681]]}},{"type":"Feature","properties":{"idx":581,"road":"外堀通り","cls":"secondary","shops":2,"st_km":0.26,"mesh":"53394518"},"geometry":{"type":"LineString","coordinates":[[139.73639,35.67817],[139.73616,35.67825],[139.73458,35.67836],[139.73383,35.6785]]}},{"type":"Feature","properties":{"idx":2679,"road":"","cls":"pedestrian","shops":23,"st_km":0.07,"mesh":"53394532"},"geometry":{"type":"LineString","coordinates":[[139.65848,35.69862],[139.65835,35.69862]]}},{"type":"Feature","properties":{"idx":9606,"road":"大久保通り","cls":"secondary","shops":24,"st_km":0.12,"mesh":"53394545"},"geometry":{"type":"LineString","coordinates":[[139.70019,35.70146],[139.69525,35.70184]]}},{"type":"Feature","properties":{"idx":4009,"road":"大久保通り","cls":"secondary","shops":12,"st_km":0.06,"mesh":"53394546"},"geometry":{"type":"LineString","coordinates":[[139.70067,35.70144],[139.70019,35.70146]]}},{"type":"Feature","properties":{"idx":337,"road":"","cls":"pedestrian","shops":3,"st_km":0.62,"mesh":"53394540"},"geometry":{"type":"LineString","coordinates":[[139.62661,35.7026],[139.62682,35.7024]]}},{"type":"Feature","properties":{"idx":199,"road":"環状4号線","cls":"primary","shops":0,"st_km":0.34,"mesh":"53394537"},"geometry":{"type":"LineString","coordinates":[[139.71571,35.69584],[139.7157,35.69593],[139.71637,35.6975]]}},{"type":"Feature","properties":{"idx":209,"road":"目白通り","cls":"primary","shops":1,"st_km":1.02,"mesh":"53394590"},"geometry":{"type":"LineString","coordinates":[[139.62328,35.74772],[139.62754,35.74549]]}},{"type":"Feature","properties":{"idx":734,"road":"目白通り","cls":"primary","shops":4,"st_km":0.18,"mesh":"53394567"},"geometry":{"type":"LineString","coordinates":[[139.71372,35.71885],[139.71386,35.71878]]}},{"type":"Feature","properties":{"idx":853,"road":"目白通り","cls":"primary","shops":5,"st_km":0.18,"mesh":"53394567"},"geometry":{"type":"LineString","coordinates":[[139.71386,35.71878],[139.7144,35.71852]]}},{"type":"Feature","properties":{"idx":8012,"road":"中央通り","cls":"pedestrian","shops":61,"st_km":0.32,"mesh":"53394525"},"geometry":{"type":"LineString","coordinates":[[139.69812,35.68941],[139.69644,35.68934]]}},{"type":"Feature","properties":{"idx":1332,"road":"","cls":"tertiary","shops":13,"st_km":0.09,"mesh":"53394578"},"geometry":{"type":"LineString","coordinates":[[139.72937,35.73082],[139.72926,35.7309]]}},{"type":"Feature","properties":{"idx":1540,"road":"","cls":"tertiary","shops":15,"st_km":0.07,"mesh":"53394578"},"geometry":{"type":"LineString","coordinates":[[139.72922,35.731],[139.72945,35.73101]]}},{"type":"Feature","properties":{"idx":1010,"road":"本郷通り","cls":"secondary","shops":30,"st_km":0.23,"mesh":"53394589"},"geometry":{"type":"LineString","coordinates":[[139.74612,35.73811],[139.74609,35.73821]]}},{"type":"Feature","properties":{"idx":1014,"road":"本郷通り","cls":"secondary","shops":28,"st_km":0.16,"mesh":"53394589"},"geometry":{"type":"LineString","coordinates":[[139.74658,35.73643],[139.74612,35.73811]]}},{"type":"Feature","properties":{"idx":293,"road":"","cls":"pedestrian","shops":0,"st_km":0.69,"mesh":"53394539"},"geometry":{"type":"LineString","coordinates":[[139.74409,35.69429],[139.74416,35.69408],[139.74394,35.69403],[139.74386,35.69424]]}},{"type":"Feature","properties":{"idx":1046,"road":"","cls":"pedestrian","shops":5,"st_km":0.68,"mesh":"53394539"},"geometry":{"type":"LineString","coordinates":[[139.74382,35.6935],[139.74383,35.69346]]}},{"type":"Feature","properties":{"idx":449,"road":"","cls":"pedestrian","shops":1,"st_km":0.68,"mesh":"53394539"},"geometry":{"type":"LineString","coordinates":[[139.74377,35.69366],[139.74379,35.6936]]}},{"type":"Feature","properties":{"idx":1046,"road":"","cls":"pedestrian","shops":5,"st_km":0.68,"mesh":"53394539"},"geometry":{"type":"LineString","coordinates":[[139.74381,35.69357],[139.74382,35.6935]]}},{"type":"Feature","properties":{"idx":897,"road":"","cls":"pedestrian","shops":4,"st_km":0.68,"mesh":"53394539"},"geometry":{"type":"LineString","coordinates":[[139.74379,35.6936],[139.74381,35.69357]]}},{"type":"Feature","properties":{"idx":417,"road":"","cls":"pedestrian","shops":0,"st_km":0.33,"mesh":"53394539"},"geometry":{"type":"LineString","coordinates":[[139.7477,35.69547],[139.74776,35.6952]]}},{"type":"Feature","properties":{"idx":435,"road":"","cls":"pedestrian","shops":0,"st_km":0.29,"mesh":"53394539"},"geometry":{"type":"LineString","coordinates":[[139.74827,35.69546],[139.74805,35.69538]]}},{"type":"Feature","properties":{"idx":429,"road":"","cls":"pedestrian","shops":0,"st_km":0.3,"mesh":"53394539"},"geometry":{"type":"LineString","coordinates":[[139.74805,35.69535],[139.74793,35.69554]]}},{"type":"Feature","properties":{"idx":423,"road":"","cls":"pedestrian","shops":0,"st_km":0.32,"mesh":"53394539"},"geometry":{"type":"LineString","coordinates":[[139.74796,35.69549],[139.74771,35.69538]]}},{"type":"Feature","properties":{"idx":434,"road":"","cls":"pedestrian","shops":0,"st_km":0.29,"mesh":"53394539"},"geometry":{"type":"LineString","coordinates":[[139.74816,35.6954],[139.74811,35.6955],[139.74821,35.69556]]}},{"type":"Feature","properties":{"idx":406,"road":"","cls":"pedestrian","shops":0,"st_km":0.36,"mesh":"53394539"},"geometry":{"type":"LineString","coordinates":[[139.74773,35.69529],[139.74717,35.69515]]}},{"type":"Feature","properties":{"idx":624,"road":"","cls":"pedestrian","shops":5,"st_km":0.15,"mesh":"53394556"},"geometry":{"type":"LineString","coordinates":[[139.70318,35.71164],[139.70362,35.71151]]}},{"type":"Feature","properties":{"idx":417,"road":"","cls":"tertiary","shops":1,"st_km":0.49,"mesh":"53394599"},"geometry":{"type":"LineString","coordinates":[[139.73828,35.74134],[139.73841,35.74229],[139.73863,35.7432],[139.73904,35.744]]}},{"type":"Feature","properties":{"idx":653,"road":"下瀬坂通り","cls":"tertiary","shops":1,"st_km":0.4,"mesh":"53394588"},"geometry":{"type":"LineString","coordinates":[[139.7341,35.74314],[139.73467,35.74265],[139.73521,35.74202],[139.73555,35.74153],[139.73616,35.74097],[139.73636,35.7409],[139.73666,35.7409],[139.73771,35.74118]]}},{"type":"Feature","properties":{"idx":1175,"road":"栄和通り","cls":"tertiary","shops":2,"st_km":0.1,"mesh":"53394588"},"geometry":{"type":"LineString","coordinates":[[139.7303,35.73912],[139.73055,35.74064],[139.73077,35.74127]]}},{"type":"Feature","properties":{"idx":620,"road":"","cls":"tertiary","shops":0,"st_km":0.05,"mesh":"53394588"},"geometry":{"type":"LineString","coordinates":[[139.73077,35.74127],[139.73082,35.74144]]}},{"type":"Feature","properties":{"idx":781,"road":"お岩通り","cls":"tertiary","shops":1,"st_km":0.17,"mesh":"53394598"},"geometry":{"type":"LineString","coordinates":[[139.73082,35.74144],[139.73308,35.74428]]}},{"type":"Feature","properties":{"idx":495,"road":"目白通り","cls":"primary","shops":4,"st_km":0.46,"mesh":"53394565"},"geometry":{"type":"LineString","coordinates":[[139.69268,35.72252],[139.69282,35.72251]]}},{"type":"Feature","properties":{"idx":2238,"road":"目白通り","cls":"primary","shops":18,"st_km":0.25,"mesh":"53394566"},"geometry":{"type":"LineString","coordinates":[[139.70457,35.72264],[139.70487,35.72254],[139.70561,35.72216]]}},{"type":"Feature","properties":{"idx":398,"road":"","cls":"pedestrian","shops":0,"st_km":0.38,"mesh":"53394539"},"geometry":{"type":"LineString","coordinates":[[139.74747,35.69539],[139.74712,35.69529],[139.74717,35.69515]]}},{"type":"Feature","properties":{"idx":403,"road":"","cls":"pedestrian","shops":0,"st_km":0.37,"mesh":"53394539"},"geometry":{"type":"LineString","coordinates":[[139.74754,35.69535],[139.74714,35.69524]]}},{"type":"Feature","properties":{"idx":409,"road":"","cls":"pedestrian","shops":0,"st_km":0.35,"mesh":"53394539"},"geometry":{"type":"LineString","coordinates":[[139.74747,35.69539],[139.74749,35.69533]]}},{"type":"Feature","properties":{"idx":402,"road":"","cls":"pedestrian","shops":0,"st_km":0.37,"mesh":"53394539"},"geometry":{"type":"LineString","coordinates":[[139.74731,35.69534],[139.74733,35.69529]]}},{"type":"Feature","properties":{"idx":406,"road":"","cls":"pedestrian","shops":0,"st_km":0.36,"mesh":"53394539"},"geometry":{"type":"LineString","coordinates":[[139.7474,35.69537],[139.74747,35.69522]]}},{"type":"Feature","properties":{"idx":399,"road":"","cls":"pedestrian","shops":0,"st_km":0.38,"mesh":"53394539"},"geometry":{"type":"LineString","coordinates":[[139.74722,35.69532],[139.74725,35.69527]]}},{"type":"Feature","properties":{"idx":397,"road":"","cls":"pedestrian","shops":0,"st_km":0.38,"mesh":"53394539"},"geometry":{"type":"LineString","coordinates":[[139.74722,35.69516],[139.74725,35.69508]]}},{"type":"Feature","properties":{"idx":576,"road":"","cls":"pedestrian","shops":1,"st_km":0.41,"mesh":"53394539"},"geometry":{"type":"LineString","coordinates":[[139.74669,35.69525],[139.74685,35.69515],[139.74692,35.695]]}},{"type":"Feature","properties":{"idx":353,"road":"新榎坂","cls":"tertiary","shops":1,"st_km":0.3,"mesh":"53394509"},"geometry":{"type":"LineString","coordinates":[[139.74168,35.66838],[139.74204,35.66878],[139.74216,35.66939]]}},{"type":"Feature","properties":{"idx":1273,"road":"靖国通り","cls":"secondary_link","shops":10,"st_km":0.13,"mesh":"53394538"},"geometry":{"type":"LineString","coordinates":[[139.73515,35.69211],[139.73514,35.69219]]}},{"type":"Feature","properties":{"idx":622,"road":"","cls":"secondary_link","shops":4,"st_km":0.11,"mesh":"53394509"},"geometry":{"type":"LineString","coordinates":[[139.74772,35.66845],[139.74785,35.66832],[139.74795,35.66829],[139.74817,35.66839]]}},{"type":"Feature","properties":{"idx":277,"road":"","cls":"tertiary_link","shops":2,"st_km":0.36,"mesh":"53394509"},"geometry":{"type":"LineString","coordinates":[[139.74553,35.67015],[139.74556,35.67025],[139.7455,35.67032]]}},{"type":"Feature","properties":{"idx":162,"road":"","cls":"secondary_link","shops":0,"st_km":0.35,"mesh":"53394509"},"geometry":{"type":"LineString","coordinates":[[139.74629,35.67025],[139.74609,35.67016],[139.74609,35.67006],[139.74616,35.66997]]}},{"type":"Feature","properties":{"idx":373,"road":"外堀通り","cls":"secondary","shops":1,"st_km":0.36,"mesh":"53394509"},"geometry":{"type":"LineString","coordinates":[[139.74578,35.6703],[139.74542,35.67035]]}},{"type":"Feature","properties":{"idx":357,"road":"環二通り","cls":"secondary","shops":1,"st_km":0.37,"mesh":"53394509"},"geometry":{"type":"LineString","coordinates":[[139.74578,35.6703],[139.74587,35.67023]]}},{"type":"Feature","properties":{"idx":210,"road":"","cls":"tertiary","shops":0,"st_km":0.38,"mesh":"53394509"},"geometry":{"type":"LineString","coordinates":[[139.74578,35.6703],[139.74606,35.67041]]}},{"type":"Feature","properties":{"idx":328,"road":"","cls":"tertiary","shops":1,"st_km":0.37,"mesh":"53394509"},"geometry":{"type":"LineString","coordinates":[[139.74566,35.67023],[139.74578,35.6703]]}},{"type":"Feature","properties":{"idx":375,"road":"環二通り","cls":"secondary","shops":1,"st_km":0.35,"mesh":"53394509"},"geometry":{"type":"LineString","coordinates":[[139.74566,35.67023],[139.74542,35.67035]]}},{"type":"Feature","properties":{"idx":357,"road":"環二通り","cls":"secondary","shops":1,"st_km":0.37,"mesh":"53394509"},"geometry":{"type":"LineString","coordinates":[[139.74575,35.67017],[139.74566,35.67023]]}},{"type":"Feature","properties":{"idx":339,"road":"","cls":"tertiary","shops":1,"st_km":0.34,"mesh":"53394509"},"geometry":{"type":"LineString","coordinates":[[139.74575,35.67017],[139.74394,35.66905]]}},{"type":"Feature","properties":{"idx":319,"road":"","cls":"tertiary","shops":1,"st_km":0.36,"mesh":"53394509"},"geometry":{"type":"LineString","coordinates":[[139.74587,35.67023],[139.74575,35.67017]]}},{"type":"Feature","properties":{"idx":1287,"road":"環二通り","cls":"secondary","shops":7,"st_km":0.19,"mesh":"53394509"},"geometry":{"type":"LineString","coordinates":[[139.74587,35.67023],[139.7472,35.66913],[139.74844,35.66754]]}},{"type":"Feature","properties":{"idx":3907,"road":"阿佐ヶ谷パールセンター","cls":"pedestrian","shops":42,"st_km":0.3,"mesh":"53394540"},"geometry":{"type":"LineString","coordinates":[[139.63748,35.69986],[139.63737,35.70008],[139.63741,35.70052],[139.63734,35.7007],[139.63725,35.70089],[139.63668,35.70169],[139.63641,35.70218],[139.63653,35.70259],[139.63685,35.7033],[139.63697,35.7038],[139.63699,35.7043],[139.63677,35.7047]]}},{"type":"Feature","properties":{"idx":3158,"road":"明治通","cls":"primary","shops":27,"st_km":0.14,"mesh":"53394577"},"geometry":{"type":"LineString","coordinates":[[139.71248,35.73021],[139.71271,35.73068]]}},{"type":"Feature","properties":{"idx":4264,"road":"明治通","cls":"primary","shops":38,"st_km":0.16,"mesh":"53394577"},"geometry":{"type":"LineString","coordinates":[[139.71271,35.73068],[139.71275,35.73084]]}},{"type":"Feature","properties":{"idx":2879,"road":"明治通り","cls":"primary","shops":26,"st_km":0.19,"mesh":"53394577"},"geometry":{"type":"LineString","coordinates":[[139.713,35.73114],[139.71307,35.73076]]}},{"type":"Feature","properties":{"idx":1238,"road":"明治通り","cls":"primary","shops":14,"st_km":0.46,"mesh":"53394577"},"geometry":{"type":"LineString","coordinates":[[139.71571,35.73284],[139.71492,35.73242]]}},{"type":"Feature","properties":{"idx":609,"road":"音羽池袋線","cls":"secondary","shops":5,"st_km":0.08,"mesh":"53394577"},"geometry":{"type":"LineString","coordinates":[[139.71909,35.72601],[139.72022,35.72529]]}},{"type":"Feature","properties":{"idx":991,"road":"補助第175号線","cls":"tertiary","shops":10,"st_km":0.02,"mesh":"53394577"},"geometry":{"type":"LineString","coordinates":[[139.71909,35.72601],[139.71904,35.72595]]}},{"type":"Feature","properties":{"idx":276,"road":"補助第174号線","cls":"tertiary","shops":5,"st_km":0.61,"mesh":"53394577"},"geometry":{"type":"LineString","coordinates":[[139.71833,35.7307],[139.71942,35.73209],[139.72018,35.73287]]}},{"type":"Feature","properties":{"idx":2984,"road":"みずき通り","cls":"tertiary","shops":27,"st_km":0.16,"mesh":"53394576"},"geometry":{"type":"LineString","coordinates":[[139.7098,35.73118],[139.70993,35.73147],[139.70993,35.73163]]}},{"type":"Feature","properties":{"idx":376,"road":"みずき通り","cls":"tertiary","shops":2,"st_km":0.25,"mesh":"53394576"},"geometry":{"type":"LineString","coordinates":[[139.71095,35.73163],[139.71113,35.73157],[139.71256,35.73345]]}},{"type":"Feature","properties":{"idx":1357,"road":"アニメイト通り","cls":"tertiary","shops":19,"st_km":0.42,"mesh":"53394577"},"geometry":{"type":"LineString","coordinates":[[139.71492,35.73242],[139.7153,35.73196]]}},{"type":"Feature","properties":{"idx":1733,"road":"明治通り","cls":"primary","shops":19,"st_km":0.4,"mesh":"53394577"},"geometry":{"type":"LineString","coordinates":[[139.71492,35.73242],[139.71455,35.73222]]}},{"type":"Feature","properties":{"idx":2802,"road":"アニメイト通り","cls":"tertiary","shops":40,"st_km":0.39,"mesh":"53394577"},"geometry":{"type":"LineString","coordinates":[[139.7153,35.73196],[139.71535,35.72987]]}},{"type":"Feature","properties":{"idx":416,"road":"","cls":"secondary_link","shops":8,"st_km":0.57,"mesh":"53394577"},"geometry":{"type":"LineString","coordinates":[[139.71664,35.7324],[139.71662,35.7331]]}},{"type":"Feature","properties":{"idx":363,"road":"","cls":"secondary_link","shops":7,"st_km":0.6,"mesh":"53394577"},"geometry":{"type":"LineString","coordinates":[[139.71662,35.7331],[139.71675,35.73315],[139.71688,35.7331]]}},{"type":"Feature","properties":{"idx":324,"road":"","cls":"secondary_link","shops":6,"st_km":0.6,"mesh":"53394577"},"geometry":{"type":"LineString","coordinates":[[139.71662,35.7331],[139.71664,35.73346]]}},{"type":"Feature","properties":{"idx":1188,"road":"サンシャイン60通り","cls":"tertiary","shops":22,"st_km":0.52,"mesh":"53394577"},"geometry":{"type":"LineString","coordinates":[[139.7169,35.73032],[139.71833,35.7307]]}},{"type":"Feature","properties":{"idx":267,"road":"音羽池袋線","cls":"secondary","shops":2,"st_km":0.34,"mesh":"53394577"},"geometry":{"type":"LineString","coordinates":[[139.71698,35.72935],[139.71715,35.72783]]}},{"type":"Feature","properties":{"idx":678,"road":"音羽池袋線","cls":"secondary","shops":10,"st_km":0.51,"mesh":"53394577"},"geometry":{"type":"LineString","coordinates":[[139.7168,35.72936],[139.71675,35.731]]}},{"type":"Feature","properties":{"idx":929,"road":"明治通り","cls":"primary","shops":11,"st_km":0.54,"mesh":"53394577"},"geometry":{"type":"LineString","coordinates":[[139.71638,35.73321],[139.71571,35.73284]]}},{"type":"Feature","properties":{"idx":514,"road":"劇場通り","cls":"tertiary","shops":9,"st_km":0.06,"mesh":"53394576"},"geometry":{"type":"LineString","coordinates":[[139.70842,35.73157],[139.70838,35.73148]]}},{"type":"Feature","properties":{"idx":748,"road":"みずき通り","cls":"tertiary","shops":15,"st_km":0.13,"mesh":"53394576"},"geometry":{"type":"LineString","coordinates":[[139.70842,35.73157],[139.70993,35.73163]]}},{"type":"Feature","properties":{"idx":164,"road":"劇場通り","cls":"tertiary","shops":2,"st_km":0.22,"mesh":"53394576"},"geometry":{"type":"LineString","coordinates":[[139.70803,35.7308],[139.70675,35.72831]]}},{"type":"Feature","properties":{"idx":789,"road":"補助第174号線","cls":"tertiary","shops":13,"st_km":0.46,"mesh":"53394577"},"geometry":{"type":"LineString","coordinates":[[139.71833,35.7307],[139.71824,35.7305],[139.71724,35.72932]]}},{"type":"Feature","properties":{"idx":1159,"road":"音羽池袋線","cls":"secondary","shops":11,"st_km":0.06,"mesh":"53394577"},"geometry":{"type":"LineString","coordinates":[[139.71904,35.72595],[139.71785,35.7267]]}},{"type":"Feature","properties":{"idx":233,"road":"音羽池袋線","cls":"secondary","shops":1,"st_km":0.19,"mesh":"53394577"},"geometry":{"type":"LineString","coordinates":[[139.71785,35.7267],[139.71673,35.7274]]}},{"type":"Feature","properties":{"idx":1602,"road":"","cls":"tertiary","shops":13,"st_km":0.13,"mesh":"53394576"},"geometry":{"type":"LineString","coordinates":[[139.71256,35.72982],[139.71244,35.72986],[139.71236,35.72995]]}},{"type":"Feature","properties":{"idx":1480,"road":"明治通","cls":"primary","shops":9,"st_km":0.12,"mesh":"53394576"},"geometry":{"type":"LineString","coordinates":[[139.71238,35.73],[139.71248,35.73021]]}},{"type":"Feature","properties":{"idx":252,"road":"","cls":"secondary_link","shops":4,"st_km":0.56,"mesh":"53394577"},"geometry":{"type":"LineString","coordinates":[[139.71688,35.7331],[139.71693,35.73164],[139.71689,35.731]]}},{"type":"Feature","properties":{"idx":181,"road":"国会通り","cls":"secondary","shops":0,"st_km":0.49,"mesh":"53394519"},"geometry":{"type":"LineString","coordinates":[[139.74654,35.67758],[139.74644,35.67797],[139.74647,35.6781]]}},{"type":"Feature","properties":{"idx":228,"road":"","cls":"tertiary","shops":0,"st_km":0.33,"mesh":"53394509"},"geometry":{"type":"LineString","coordinates":[[139.73957,35.67393],[139.73907,35.67427],[139.73897,35.67442],[139.73891,35.67464]]}},{"type":"Feature","properties":{"idx":6938,"road":"赤坂通り","cls":"secondary","shops":45,"st_km":0.19,"mesh":"53394509"},"geometry":{"type":"LineString","coordinates":[[139.7372,35.67281],[139.73908,35.67345]]}},{"type":"Feature","properties":{"idx":2002,"road":"赤坂通り／乃木坂","cls":"secondary","shops":9,"st_km":0.15,"mesh":"53394508"},"geometry":{"type":"LineString","coordinates":[[139.72716,35.66748],[139.72745,35.66775]]}},{"type":"Feature","properties":{"idx":2302,"road":"外苑東通り","cls":"primary","shops":9,"st_km":0.12,"mesh":"53394508"},"geometry":{"type":"LineString","coordinates":[[139.72782,35.66662],[139.72742,35.66693],[139.72728,35.6672]]}},{"type":"Feature","properties":{"idx":670,"road":"旧中山道","cls":"tertiary","shops":2,"st_km":0.37,"mesh":"53394597"},"geometry":{"type":"LineString","coordinates":[[139.71534,35.74913],[139.71534,35.74921]]}},{"type":"Feature","properties":{"idx":946,"road":"下板橋通り","cls":"tertiary","shops":4,"st_km":0.44,"mesh":"53394597"},"geometry":{"type":"LineString","coordinates":[[139.71425,35.74929],[139.71429,35.74951]]}},{"type":"Feature","properties":{"idx":591,"road":"グリーンロード","cls":"tertiary","shops":1,"st_km":0.24,"mesh":"53394597"},"geometry":{"type":"LineString","coordinates":[[139.71945,35.74629],[139.71861,35.7466],[139.71663,35.74689],[139.71566,35.74726]]}},{"type":"Feature","properties":{"idx":2239,"road":"","cls":"pedestrian","shops":9,"st_km":0.25,"mesh":"53394507"},"geometry":{"type":"LineString","coordinates":[[139.71362,35.66713],[139.71391,35.66696]]}},{"type":"Feature","properties":{"idx":434,"road":"山手通り","cls":"primary","shops":0,"st_km":0.94,"mesh":"53394586"},"geometry":{"type":"LineString","coordinates":[[139.70671,35.74107],[139.7054,35.73941]]}},{"type":"Feature","properties":{"idx":296,"road":"山手通り","cls":"primary","shops":1,"st_km":0.8,"mesh":"53394596"},"geometry":{"type":"LineString","coordinates":[[139.70688,35.74146],[139.70781,35.74267],[139.70793,35.74299]]}},{"type":"Feature","properties":{"idx":94,"road":"飯田橋石神井新座線","cls":"primary","shops":0,"st_km":0.48,"mesh":"53394549"},"geometry":{"type":"LineString","coordinates":[[139.74432,35.70533],[139.74426,35.70529]]}},{"type":"Feature","properties":{"idx":224,"road":"国会通り","cls":"secondary","shops":0,"st_km":0.38,"mesh":"53394519"},"geometry":{"type":"LineString","coordinates":[[139.74706,35.67616],[139.74747,35.67469]]}},{"type":"Feature","properties":{"idx":394,"road":"山王坂","cls":"secondary","shops":1,"st_km":0.17,"mesh":"53394519"},"geometry":{"type":"LineString","coordinates":[[139.74158,35.67507],[139.74394,35.67507]]}},{"type":"Feature","properties":{"idx":444,"road":"","cls":"secondary","shops":1,"st_km":0.16,"mesh":"53394509"},"geometry":{"type":"LineString","coordinates":[[139.74142,35.67182],[139.74145,35.67444],[139.74158,35.67507]]}},{"type":"Feature","properties":{"idx":198,"road":"国会通り","cls":"secondary","shops":0,"st_km":0.45,"mesh":"53394519"},"geometry":{"type":"LineString","coordinates":[[139.74694,35.67614],[139.7469,35.67628]]}},{"type":"Feature","properties":{"idx":331,"road":"方南通り","cls":"primary","shops":0,"st_km":0.44,"mesh":"53394523"},"geometry":{"type":"LineString","coordinates":[[139.6626,35.6848],[139.66247,35.68476]]}},{"type":"Feature","properties":{"idx":231,"road":"方南通り","cls":"primary","shops":1,"st_km":0.57,"mesh":"53394512"},"geometry":{"type":"LineString","coordinates":[[139.65603,35.68326],[139.65346,35.68292],[139.65223,35.68259],[139.65184,35.68254],[139.64989,35.68258],[139.6481,35.68283],[139.64745,35.6828]]}},{"type":"Feature","properties":{"idx":291,"road":"","cls":"tertiary","shops":0,"st_km":0.38,"mesh":"53394539"},"geometry":{"type":"LineString","coordinates":[[139.73973,35.695],[139.73951,35.6951]]}},{"type":"Feature","properties":{"idx":268,"road":"","cls":"secondary_link","shops":0,"st_km":0.23,"mesh":"53394528"},"geometry":{"type":"LineString","coordinates":[[139.72938,35.6838],[139.7293,35.68385],[139.72907,35.68382]]}},{"type":"Feature","properties":{"idx":980,"road":"","cls":"tertiary","shops":4,"st_km":0.11,"mesh":"53394503"},"geometry":{"type":"LineString","coordinates":[[139.66829,35.67393],[139.66823,35.67416]]}},{"type":"Feature","properties":{"idx":1129,"road":"","cls":"tertiary","shops":5,"st_km":0.12,"mesh":"53394503"},"geometry":{"type":"LineString","coordinates":[[139.66823,35.67416],[139.66814,35.67453]]}},{"type":"Feature","properties":{"idx":2196,"road":"","cls":"pedestrian","shops":7,"st_km":0.03,"mesh":"53394503"},"geometry":{"type":"LineString","coordinates":[[139.66739,35.67392],[139.66755,35.67363]]}},{"type":"Feature","properties":{"idx":1975,"road":"笹塚駅","cls":"pedestrian","shops":6,"st_km":0.02,"mesh":"53394503"},"geometry":{"type":"LineString","coordinates":[[139.66747,35.67377],[139.66725,35.67369]]}},{"type":"Feature","properties":{"idx":2399,"road":"","cls":"tertiary","shops":8,"st_km":0.3,"mesh":"53394579"},"geometry":{"type":"LineString","coordinates":[[139.74112,35.73105],[139.74121,35.73111]]}},{"type":"Feature","properties":{"idx":326,"road":"","cls":"pedestrian","shops":0,"st_km":0.14,"mesh":"53394575"},"geometry":{"type":"LineString","coordinates":[[139.69593,35.72636],[139.69572,35.72603]]}},{"type":"Feature","properties":{"idx":1600,"road":"","cls":"tertiary","shops":16,"st_km":0.09,"mesh":"53394578"},"geometry":{"type":"LineString","coordinates":[[139.72917,35.73075],[139.72922,35.731]]}},{"type":"Feature","properties":{"idx":1156,"road":"","cls":"tertiary","shops":12,"st_km":0.16,"mesh":"53394578"},"geometry":{"type":"LineString","coordinates":[[139.72914,35.73004],[139.72908,35.7301],[139.72911,35.73045]]}},{"type":"Feature","properties":{"idx":974,"road":"明治通り","cls":"primary","shops":4,"st_km":0.24,"mesh":"53394516"},"geometry":{"type":"LineString","coordinates":[[139.70567,35.6783],[139.70598,35.67789],[139.70618,35.67755],[139.70688,35.67501],[139.70711,35.67464]]}},{"type":"Feature","properties":{"idx":563,"road":"明治通り","cls":"primary","shops":1,"st_km":0.1,"mesh":"53394516"},"geometry":{"type":"LineString","coordinates":[[139.70559,35.67826],[139.70471,35.67937],[139.70452,35.67992],[139.70451,35.68036]]}},{"type":"Feature","properties":{"idx":1941,"road":"外苑西通り","cls":"secondary","shops":11,"st_km":0.32,"mesh":"53394507"},"geometry":{"type":"LineString","coordinates":[[139.72056,35.66573],[139.72047,35.66628],[139.72033,35.66657],[139.71988,35.66715],[139.71969,35.6673],[139.71938,35.66744],[139.71797,35.66771],[139.71759,35.66783],[139.71734,35.668],[139.71686,35.66846],[139.71613,35.66894],[139.71602,35.66907]]}},{"type":"Feature","properties":{"idx":4443,"road":"青梅街道","cls":"primary","shops":17,"st_km":0.11,"mesh":"53394534"},"geometry":{"type":"LineString","coordinates":[[139.67897,35.69747],[139.68184,35.69714],[139.68297,35.69707]]}},{"type":"Feature","properties":{"idx":1379,"road":"青梅街道","cls":"primary","shops":7,"st_km":0.53,"mesh":"53394534"},"geometry":{"type":"LineString","coordinates":[[139.67895,35.69739],[139.67711,35.6976],[139.67632,35.69764],[139.67385,35.69758]]}},{"type":"Feature","properties":{"idx":219,"road":"新目白通り","cls":"primary","shops":1,"st_km":0.19,"mesh":"53394555"},"geometry":{"type":"LineString","coordinates":[[139.69464,35.71687],[139.69644,35.71667],[139.69957,35.71654]]}},{"type":"Feature","properties":{"idx":352,"road":"新目白通り","cls":"primary","shops":2,"st_km":0.37,"mesh":"53394565"},"geometry":{"type":"LineString","coordinates":[[139.69463,35.71677],[139.69371,35.71687],[139.69162,35.71742],[139.68937,35.71888]]}},{"type":"Feature","properties":{"idx":838,"road":"中野通り","cls":"secondary","shops":6,"st_km":0.79,"mesh":"53394523"},"geometry":{"type":"LineString","coordinates":[[139.67006,35.67906],[139.66955,35.68125],[139.66886,35.68858]]}},{"type":"Feature","properties":{"idx":282,"road":"方南通り","cls":"primary","shops":0,"st_km":0.58,"mesh":"53394523"},"geometry":{"type":"LineString","coordinates":[[139.67813,35.6876],[139.67464,35.68657],[139.66909,35.68617]]}},{"type":"Feature","properties":{"idx":1226,"road":"青梅街道","cls":"primary","shops":6,"st_km":0.53,"mesh":"53394534"},"geometry":{"type":"LineString","coordinates":[[139.67385,35.69766],[139.67628,35.69771],[139.67712,35.69768],[139.67897,35.69747]]}},{"type":"Feature","properties":{"idx":1470,"road":"青梅街道","cls":"primary","shops":10,"st_km":0.45,"mesh":"53394533"},"geometry":{"type":"LineString","coordinates":[[139.67094,35.69749],[139.66703,35.69737],[139.66201,35.69741],[139.65822,35.69792]]}},{"type":"Feature","properties":{"idx":409,"road":"目白通り","cls":"primary","shops":0,"st_km":0.04,"mesh":"53394564"},"geometry":{"type":"LineString","coordinates":[[139.68272,35.72491],[139.68336,35.72366],[139.68414,35.72267]]}},{"type":"Feature","properties":{"idx":1334,"road":"目白通り","cls":"primary","shops":1,"st_km":0.34,"mesh":"53394574"},"geometry":{"type":"LineString","coordinates":[[139.68264,35.72489],[139.68167,35.72678],[139.68118,35.72738],[139.68068,35.72773],[139.67751,35.72952]]}},{"type":"Feature","properties":{"idx":221,"road":"新目白通り","cls":"primary","shops":1,"st_km":0.19,"mesh":"53394555"},"geometry":{"type":"LineString","coordinates":[[139.69957,35.71648],[139.69665,35.71658],[139.69463,35.71677]]}},{"type":"Feature","properties":{"idx":580,"road":"新目白通り","cls":"primary","shops":7,"st_km":0.37,"mesh":"53394556"},"geometry":{"type":"LineString","coordinates":[[139.69957,35.71654],[139.70173,35.71639],[139.70405,35.71631],[139.70855,35.71523],[139.71082,35.71463]]}},{"type":"Feature","properties":{"idx":974,"road":"明治通り","cls":"primary","shops":4,"st_km":0.24,"mesh":"53394516"},"geometry":{"type":"LineString","coordinates":[[139.70702,35.67461],[139.70685,35.67485],[139.70673,35.67521],[139.70611,35.67745],[139.70593,35.6778],[139.70559,35.67826]]}},{"type":"Feature","properties":{"idx":308,"road":"","cls":"tertiary","shops":5,"st_km":0.45,"mesh":"53394506"},"geometry":{"type":"LineString","coordinates":[[139.70702,35.67461],[139.70711,35.67464]]}},{"type":"Feature","properties":{"idx":1742,"road":"明治通り","cls":"primary","shops":20,"st_km":0.15,"mesh":"53394506"},"geometry":{"type":"LineString","coordinates":[[139.70817,35.67209],[139.70804,35.67184],[139.70728,35.67095],[139.70674,35.67013],[139.70562,35.66875],[139.70408,35.66656],[139.70264,35.66473],[139.7024,35.66429]]}},{"type":"Feature","properties":{"idx":126,"road":"","cls":"tertiary","shops":1,"st_km":0.5,"mesh":"53394506"},"geometry":{"type":"LineString","coordinates":[[139.70711,35.67464],[139.71058,35.67525]]}},{"type":"Feature","properties":{"idx":178,"road":"東京都道一七六号線","cls":"secondary","shops":0,"st_km":0.51,"mesh":"53394519"},"geometry":{"type":"LineString","coordinates":[[139.74647,35.6781],[139.74636,35.67803],[139.74597,35.67795]]}},{"type":"Feature","properties":{"idx":186,"road":"国会通り","cls":"secondary","shops":0,"st_km":0.47,"mesh":"53394519"},"geometry":{"type":"LineString","coordinates":[[139.74647,35.6781],[139.74654,35.67799],[139.74693,35.6766]]}},{"type":"Feature","properties":{"idx":176,"road":"国会通り","cls":"secondary","shops":0,"st_km":0.52,"mesh":"53394519"},"geometry":{"type":"LineString","coordinates":[[139.74615,35.67938],[139.74647,35.6781]]}},{"type":"Feature","properties":{"idx":168,"road":"国会通り","cls":"secondary","shops":0,"st_km":0.58,"mesh":"53394519"},"geometry":{"type":"LineString","coordinates":[[139.74604,35.67965],[139.7461,35.67955]]}},{"type":"Feature","properties":{"idx":110,"road":"","cls":"secondary_link","shops":0,"st_km":0.59,"mesh":"53394519"},"geometry":{"type":"LineString","coordinates":[[139.7461,35.67955],[139.7458,35.67981]]}},{"type":"Feature","properties":{"idx":1074,"road":"瀬田貫井線","cls":"secondary","shops":2,"st_km":0.18,"mesh":"53394501"},"geometry":{"type":"LineString","coordinates":[[139.64162,35.66769],[139.64161,35.66775]]}},{"type":"Feature","properties":{"idx":239,"road":"東京都道一七六号線","cls":"secondary","shops":0,"st_km":0.21,"mesh":"53394519"},"geometry":{"type":"LineString","coordinates":[[139.74945,35.67689],[139.74979,35.67707]]}},{"type":"Feature","properties":{"idx":234,"road":"六本木通り","cls":"secondary","shops":0,"st_km":0.23,"mesh":"53394519"},"geometry":{"type":"LineString","coordinates":[[139.74937,35.67648],[139.74945,35.67678],[139.74943,35.67711]]}},{"type":"Feature","properties":{"idx":209,"road":"東京都道一七六号線","cls":"secondary","shops":0,"st_km":0.35,"mesh":"53394519"},"geometry":{"type":"LineString","coordinates":[[139.74926,35.67667],[139.74725,35.67628]]}},{"type":"Feature","properties":{"idx":156,"road":"","cls":"secondary_link","shops":0,"st_km":0.23,"mesh":"53394519"},"geometry":{"type":"LineString","coordinates":[[139.74959,35.67659],[139.74957,35.67642]]}},{"type":"Feature","properties":{"idx":99,"road":"","cls":"tertiary","shops":0,"st_km":0.97,"mesh":"53394530"},"geometry":{"type":"LineString","coordinates":[[139.62633,35.69566],[139.62554,35.69562]]}},{"type":"Feature","properties":{"idx":316,"road":"","cls":"tertiary","shops":4,"st_km":0.89,"mesh":"53394530"},"geometry":{"type":"LineString","coordinates":[[139.62739,35.69566],[139.62633,35.69566]]}},{"type":"Feature","properties":{"idx":1065,"road":"青梅街道","cls":"primary","shops":10,"st_km":0.16,"mesh":"53394532"},"geometry":{"type":"LineString","coordinates":[[139.65822,35.69792],[139.65781,35.69797],[139.65673,35.698],[139.65481,35.69798]]}},{"type":"Feature","properties":{"idx":500,"road":"大久保通り","cls":"secondary","shops":3,"st_km":0.31,"mesh":"53394542"},"geometry":{"type":"LineString","coordinates":[[139.65753,35.70085],[139.65832,35.7007]]}},{"type":"Feature","properties":{"idx":1841,"road":"","cls":"tertiary","shops":20,"st_km":0.01,"mesh":"53394532"},"geometry":{"type":"LineString","coordinates":[[139.65823,35.69799],[139.65822,35.69792]]}},{"type":"Feature","properties":{"idx":313,"road":"早宮中央通り","cls":"tertiary","shops":4,"st_km":0.66,"mesh":"53394591"},"geometry":{"type":"LineString","coordinates":[[139.64931,35.7474],[139.64977,35.74835]]}},{"type":"Feature","properties":{"idx":719,"road":"","cls":"primary","shops":5,"st_km":0.18,"mesh":"53394526"},"geometry":{"type":"LineString","coordinates":[[139.70442,35.6836],[139.70393,35.68438]]}},{"type":"Feature","properties":{"idx":259,"road":"芝新宿王子線","cls":"primary","shops":1,"st_km":0.35,"mesh":"53394526"},"geometry":{"type":"LineString","coordinates":[[139.70393,35.68438],[139.70376,35.68487],[139.7037,35.6853],[139.70371,35.68554],[139.70387,35.68615],[139.70419,35.6867],[139.70552,35.6884]]}},{"type":"Feature","properties":{"idx":182,"road":"芝新宿王子線","cls":"primary","shops":0,"st_km":0.31,"mesh":"53394526"},"geometry":{"type":"LineString","coordinates":[[139.70552,35.6884],[139.70605,35.68904]]}},{"type":"Feature","properties":{"idx":164,"road":"芝新宿王子線","cls":"primary","shops":0,"st_km":0.41,"mesh":"53394526"},"geometry":{"type":"LineString","coordinates":[[139.70642,35.68923],[139.70587,35.68858],[139.7053,35.68807],[139.7046,35.6872],[139.70382,35.68605],[139.70371,35.68555]]}},{"type":"Feature","properties":{"idx":909,"road":"新青梅街道","cls":"secondary","shops":1,"st_km":0.47,"mesh":"53394571"},"geometry":{"type":"LineString","coordinates":[[139.62434,35.72737],[139.63318,35.72718],[139.64101,35.72594],[139.64612,35.72447],[139.64862,35.724],[139.65071,35.72353]]}},{"type":"Feature","properties":{"idx":52,"road":"","cls":"tertiary","shops":0,"st_km":0.73,"mesh":"53394562"},"geometry":{"type":"LineString","coordinates":[[139.65971,35.72521],[139.65976,35.72337],[139.6598,35.7233]]}},{"type":"Feature","properties":{"idx":203,"road":"環八通り","cls":"primary","shops":0,"st_km":0.58,"mesh":"53394590"},"geometry":{"type":"LineString","coordinates":[[139.63327,35.74763],[139.6372,35.74975]]}},{"type":"Feature","properties":{"idx":435,"road":"","cls":"tertiary","shops":2,"st_km":0.63,"mesh":"53394573"},"geometry":{"type":"LineString","coordinates":[[139.66573,35.72935],[139.6661,35.72792],[139.66612,35.72763],[139.66607,35.7274],[139.6659,35.72698]]}},{"type":"Feature","properties":{"idx":458,"road":"大久保通り","cls":"primary","shops":9,"st_km":0.47,"mesh":"53394549"},"geometry":{"type":"LineString","coordinates":[[139.73928,35.70327],[139.74112,35.70351]]}},{"type":"Feature","properties":{"idx":715,"road":"目白通り","cls":"primary","shops":2,"st_km":0.35,"mesh":"53394573"},"geometry":{"type":"LineString","coordinates":[[139.67045,35.73264],[139.67304,35.73172],[139.67754,35.72961]]}},{"type":"Feature","properties":{"idx":455,"road":"","cls":"tertiary","shops":0,"st_km":0.29,"mesh":"53394593"},"geometry":{"type":"LineString","coordinates":[[139.66382,35.74553],[139.66418,35.74658],[139.66442,35.74694],[139.66516,35.74761],[139.6654,35.74775],[139.66641,35.7481]]}},{"type":"Feature","properties":{"idx":744,"road":"","cls":"tertiary","shops":2,"st_km":0.49,"mesh":"53394593"},"geometry":{"type":"LineString","coordinates":[[139.66378,35.74535],[139.66382,35.74553]]}},{"type":"Feature","properties":{"idx":1133,"road":"千川通り","cls":"secondary","shops":11,"st_km":0.07,"mesh":"53394582"},"geometry":{"type":"LineString","coordinates":[[139.66131,35.7381],[139.66247,35.73814],[139.66339,35.73825]]}},{"type":"Feature","properties":{"idx":389,"road":"","cls":"tertiary","shops":0,"st_km":0.33,"mesh":"53394592"},"geometry":{"type":"LineString","coordinates":[[139.66131,35.7381],[139.66116,35.73982],[139.66122,35.74023],[139.66266,35.74255],[139.66343,35.74391],[139.66354,35.74423],[139.66378,35.74535]]}},{"type":"Feature","properties":{"idx":797,"road":"","cls":"tertiary","shops":9,"st_km":0.13,"mesh":"53394582"},"geometry":{"type":"LineString","coordinates":[[139.6612,35.73793],[139.66131,35.7381]]}},{"type":"Feature","properties":{"idx":743,"road":"千川通り","cls":"secondary","shops":2,"st_km":0.33,"mesh":"53394583"},"geometry":{"type":"LineString","coordinates":[[139.66666,35.73837],[139.66796,35.7378],[139.6707,35.73672],[139.67158,35.73646]]}},{"type":"Feature","properties":{"idx":268,"road":"","cls":"tertiary","shops":0,"st_km":0.61,"mesh":"53394572"},"geometry":{"type":"LineString","coordinates":[[139.65109,35.72686],[139.65115,35.72425],[139.65104,35.72345]]}},{"type":"Feature","properties":{"idx":1655,"road":"","cls":"tertiary","shops":6,"st_km":0.28,"mesh":"53394568"},"geometry":{"type":"LineString","coordinates":[[139.73483,35.71902],[139.73486,35.71906]]}},{"type":"Feature","properties":{"idx":1496,"road":"庚申通り","cls":"secondary","shops":15,"st_km":0.17,"mesh":"53394582"},"geometry":{"type":"LineString","coordinates":[[139.65499,35.73553],[139.65579,35.73761]]}},{"type":"Feature","properties":{"idx":947,"road":"庚申通り","cls":"secondary","shops":10,"st_km":0.28,"mesh":"53394582"},"geometry":{"type":"LineString","coordinates":[[139.65494,35.73539],[139.65499,35.73553]]}},{"type":"Feature","properties":{"idx":141,"road":"目白通り","cls":"primary","shops":0,"st_km":0.5,"mesh":"53394582"},"geometry":{"type":"LineString","coordinates":[[139.65494,35.73539],[139.66253,35.73493]]}},{"type":"Feature","properties":{"idx":542,"road":"","cls":"tertiary","shops":5,"st_km":0.18,"mesh":"53394582"},"geometry":{"type":"LineString","coordinates":[[139.65477,35.73567],[139.65278,35.73701],[139.65275,35.73713]]}},{"type":"Feature","properties":{"idx":179,"road":"環八通り","cls":"primary","shops":0,"st_km":0.33,"mesh":"53394591"},"geometry":{"type":"LineString","coordinates":[[139.63795,35.75007],[139.63716,35.74963]]}},{"type":"Feature","properties":{"idx":180,"road":"環八通り","cls":"primary","shops":0,"st_km":0.33,"mesh":"53394591"},"geometry":{"type":"LineString","coordinates":[[139.6372,35.74975],[139.63791,35.75012]]}},{"type":"Feature","properties":{"idx":322,"road":"リバーゲート","cls":"pedestrian","shops":1,"st_km":0.24,"mesh":"53394591"},"geometry":{"type":"LineString","coordinates":[[139.6468,35.7439],[139.64671,35.74407]]}},{"type":"Feature","properties":{"idx":546,"road":"弁天通り商店街","cls":"secondary","shops":5,"st_km":0.29,"mesh":"53394582"},"geometry":{"type":"LineString","coordinates":[[139.65551,35.73858],[139.65566,35.7391],[139.65558,35.73971],[139.65556,35.74086],[139.65579,35.74126],[139.6558,35.7417],[139.65604,35.7421]]}},{"type":"Feature","properties":{"idx":329,"road":"目白通り","cls":"primary","shops":2,"st_km":0.82,"mesh":"53394590"},"geometry":{"type":"LineString","coordinates":[[139.63367,35.74219],[139.63041,35.74389]]}},{"type":"Feature","properties":{"idx":286,"road":"目白通り","cls":"primary","shops":0,"st_km":0.53,"mesh":"53394580"},"geometry":{"type":"LineString","coordinates":[[139.63367,35.74228],[139.63772,35.74034]]}},{"type":"Feature","properties":{"idx":175,"road":"","cls":"tertiary","shops":1,"st_km":0.97,"mesh":"53394590"},"geometry":{"type":"LineString","coordinates":[[139.63034,35.74415],[139.63019,35.74455],[139.62996,35.74497]]}},{"type":"Feature","properties":{"idx":244,"road":"","cls":"tertiary","shops":2,"st_km":0.91,"mesh":"53394590"},"geometry":{"type":"LineString","coordinates":[[139.63037,35.744],[139.63034,35.74415]]}},{"type":"Feature","properties":{"idx":140,"road":"目白通り","cls":"primary","shops":0,"st_km":1.01,"mesh":"53394590"},"geometry":{"type":"LineString","coordinates":[[139.62845,35.745],[139.62875,35.74485]]}},{"type":"Feature","properties":{"idx":367,"road":"","cls":"primary_link","shops":5,"st_km":0.33,"mesh":"53394532"},"geometry":{"type":"LineString","coordinates":[[139.65481,35.69827],[139.65457,35.69828]]}},{"type":"Feature","properties":{"idx":366,"road":"","cls":"primary_link","shops":5,"st_km":0.33,"mesh":"53394532"},"geometry":{"type":"LineString","coordinates":[[139.65454,35.69777],[139.65479,35.69776]]}},{"type":"Feature","properties":{"idx":770,"road":"","cls":"pedestrian","shops":0,"st_km":0.15,"mesh":"53394588"},"geometry":{"type":"LineString","coordinates":[[139.72855,35.74056],[139.72899,35.74094]]}},{"type":"Feature","properties":{"idx":1142,"road":"要町通り","cls":"secondary","shops":3,"st_km":0.49,"mesh":"53394593"},"geometry":{"type":"LineString","coordinates":[[139.67482,35.74549],[139.67472,35.74553]]}},{"type":"Feature","properties":{"idx":511,"road":"環七通り","cls":"primary","shops":0,"st_km":0.32,"mesh":"53394593"},"geometry":{"type":"LineString","coordinates":[[139.67482,35.74549],[139.66859,35.74099],[139.66832,35.74074],[139.66802,35.74035]]}},{"type":"Feature","properties":{"idx":401,"road":"要町通り","cls":"secondary","shops":0,"st_km":0.29,"mesh":"53394594"},"geometry":{"type":"LineString","coordinates":[[139.67518,35.74543],[139.67823,35.74402]]}},{"type":"Feature","properties":{"idx":333,"road":"環七通り","cls":"primary","shops":0,"st_km":0.58,"mesh":"53394594"},"geometry":{"type":"LineString","coordinates":[[139.67526,35.74593],[139.68278,35.75136]]}},{"type":"Feature","properties":{"idx":990,"road":"","cls":"pedestrian","shops":7,"st_km":0.22,"mesh":"53394535"},"geometry":{"type":"LineString","coordinates":[[139.69755,35.69142],[139.6975,35.69199]]}},{"type":"Feature","properties":{"idx":1362,"road":"環七通り","cls":"primary","shops":20,"st_km":0.1,"mesh":"53394522"},"geometry":{"type":"LineString","coordinates":[[139.65682,35.68349],[139.65685,35.68324]]}},{"type":"Feature","properties":{"idx":1168,"road":"環七通り","cls":"primary","shops":17,"st_km":0.11,"mesh":"53394522"},"geometry":{"type":"LineString","coordinates":[[139.65677,35.68323],[139.65675,35.68348]]}},{"type":"Feature","properties":{"idx":112,"road":"環七通り","cls":"primary","shops":0,"st_km":0.2,"mesh":"53394522"},"geometry":{"type":"LineString","coordinates":[[139.65659,35.68524],[139.6567,35.68474]]}},{"type":"Feature","properties":{"idx":238,"road":"環七通り","cls":"primary","shops":2,"st_km":0.14,"mesh":"53394522"},"geometry":{"type":"LineString","coordinates":[[139.65675,35.68348],[139.65658,35.68493]]}},{"type":"Feature","properties":{"idx":1412,"road":"環七通り","cls":"primary","shops":10,"st_km":0.14,"mesh":"53394512"},"geometry":{"type":"LineString","coordinates":[[139.65689,35.68198],[139.65677,35.68323]]}},{"type":"Feature","properties":{"idx":659,"road":"環七通り","cls":"primary","shops":4,"st_km":0.21,"mesh":"53394512"},"geometry":{"type":"LineString","coordinates":[[139.65697,35.68198],[139.65703,35.68165]]}},{"type":"Feature","properties":{"idx":241,"road":"環七通り","cls":"primary","shops":2,"st_km":0.13,"mesh":"53394522"},"geometry":{"type":"LineString","coordinates":[[139.6567,35.68474],[139.65682,35.68349]]}},{"type":"Feature","properties":{"idx":110,"road":"環七通り","cls":"primary","shops":0,"st_km":0.22,"mesh":"53394522"},"geometry":{"type":"LineString","coordinates":[[139.65658,35.68493],[139.65646,35.68527]]}},{"type":"Feature","properties":{"idx":897,"road":"方南通り","cls":"primary","shops":12,"st_km":0.07,"mesh":"53394522"},"geometry":{"type":"LineString","coordinates":[[139.65746,35.68348],[139.65691,35.68338]]}},{"type":"Feature","properties":{"idx":1100,"road":"方南通り(方南町交差点)","cls":"primary","shops":16,"st_km":0.11,"mesh":"53394522"},"geometry":{"type":"LineString","coordinates":[[139.65672,35.68335],[139.65668,35.68334]]}},{"type":"Feature","properties":{"idx":924,"road":"新宿通り","cls":"secondary","shops":8,"st_km":0.11,"mesh":"53394536"},"geometry":{"type":"LineString","coordinates":[[139.7004,35.69288],[139.70029,35.69334]]}},{"type":"Feature","properties":{"idx":910,"road":"","cls":"secondary_link","shops":11,"st_km":0.07,"mesh":"53394535"},"geometry":{"type":"LineString","coordinates":[[139.70016,35.6934],[139.69957,35.6935]]}},{"type":"Feature","properties":{"idx":2993,"road":"靖国通り","cls":"primary","shops":23,"st_km":0.05,"mesh":"53394535"},"geometry":{"type":"LineString","coordinates":[[139.69938,35.69359],[139.69913,35.69357]]}},{"type":"Feature","properties":{"idx":2675,"road":"靖国通り","cls":"primary","shops":26,"st_km":0.23,"mesh":"53394536"},"geometry":{"type":"LineString","coordinates":[[139.70087,35.69377],[139.7028,35.69333],[139.70582,35.69251]]}},{"type":"Feature","properties":{"idx":556,"road":"","cls":"secondary_link","shops":6,"st_km":0.08,"mesh":"53394535"},"geometry":{"type":"LineString","coordinates":[[139.69937,35.69367],[139.70025,35.6936]]}},{"type":"Feature","properties":{"idx":934,"road":"靖国通り","cls":"primary","shops":6,"st_km":0.07,"mesh":"53394535"},"geometry":{"type":"LineString","coordinates":[[139.70015,35.69354],[139.69938,35.69359]]}},{"type":"Feature","properties":{"idx":241,"road":"新宿通り","cls":"tertiary","shops":1,"st_km":0.38,"mesh":"53394527"},"geometry":{"type":"LineString","coordinates":[[139.71575,35.68751],[139.71422,35.68781]]}},{"type":"Feature","properties":{"idx":155,"road":"外苑西通り","cls":"secondary","shops":0,"st_km":0.46,"mesh":"53394527"},"geometry":{"type":"LineString","coordinates":[[139.71515,35.68224],[139.71564,35.68259],[139.71577,35.68274],[139.71584,35.68292],[139.71591,35.6858],[139.71595,35.68586]]}},{"type":"Feature","properties":{"idx":277,"road":"外苑西通り","cls":"secondary","shops":1,"st_km":0.36,"mesh":"53394527"},"geometry":{"type":"LineString","coordinates":[[139.71583,35.68772],[139.71563,35.68839],[139.71563,35.68939],[139.71534,35.69012]]}},{"type":"Feature","properties":{"idx":456,"road":"靖国通り","cls":"primary","shops":1,"st_km":0.62,"mesh":"53394528"},"geometry":{"type":"LineString","coordinates":[[139.72555,35.69223],[139.72596,35.69215],[139.72757,35.6914],[139.72777,35.69135],[139.73036,35.69111],[139.73169,35.69123],[139.73389,35.69174]]}},{"type":"Feature","properties":{"idx":180,"road":"津の守坂通り","cls":"tertiary","shops":0,"st_km":0.26,"mesh":"53394527"},"geometry":{"type":"LineString","coordinates":[[139.72551,35.69214],[139.72459,35.69064],[139.72385,35.6891]]}},{"type":"Feature","properties":{"idx":621,"road":"靖国通り","cls":"primary","shops":3,"st_km":0.13,"mesh":"53394537"},"geometry":{"type":"LineString","coordinates":[[139.72551,35.69214],[139.72339,35.69235],[139.72252,35.69235]]}},{"type":"Feature","properties":{"idx":447,"road":"津の守坂通り","cls":"tertiary","shops":2,"st_km":0.27,"mesh":"53394538"},"geometry":{"type":"LineString","coordinates":[[139.72555,35.69223],[139.72551,35.69214]]}},{"type":"Feature","properties":{"idx":2614,"road":"日本テレビ通り","cls":"tertiary","shops":12,"st_km":0.2,"mesh":"53394528"},"geometry":{"type":"LineString","coordinates":[[139.73596,35.69112],[139.736,35.69119]]}},{"type":"Feature","properties":{"idx":2429,"road":"日本テレビ通り","cls":"tertiary","shops":11,"st_km":0.19,"mesh":"53394528"},"geometry":{"type":"LineString","coordinates":[[139.73594,35.69121],[139.73596,35.69112]]}},{"type":"Feature","properties":{"idx":1476,"road":"外苑東通り","cls":"primary","shops":7,"st_km":0.09,"mesh":"53394538"},"geometry":{"type":"LineString","coordinates":[[139.7261,35.69941],[139.72617,35.69969]]}},{"type":"Feature","properties":{"idx":1735,"road":"大久保通り","cls":"secondary","shops":10,"st_km":0.11,"mesh":"53394538"},"geometry":{"type":"LineString","coordinates":[[139.7261,35.69941],[139.72661,35.6994]]}},{"type":"Feature","properties":{"idx":1297,"road":"外苑東通り","cls":"primary","shops":6,"st_km":0.1,"mesh":"53394538"},"geometry":{"type":"LineString","coordinates":[[139.72617,35.69969],[139.72622,35.69986]]}},{"type":"Feature","properties":{"idx":723,"road":"外苑東通り","cls":"primary","shops":3,"st_km":0.21,"mesh":"53394538"},"geometry":{"type":"LineString","coordinates":[[139.72502,35.69588],[139.72549,35.6972],[139.7261,35.69941]]}},{"type":"Feature","properties":{"idx":179,"road":"外苑東通り","cls":"primary","shops":0,"st_km":0.39,"mesh":"53394548"},"geometry":{"type":"LineString","coordinates":[[139.72659,35.70082],[139.7267,35.70368],[139.72676,35.70404],[139.72698,35.70475]]}},{"type":"Feature","properties":{"idx":1370,"road":"大久保通り","cls":"secondary","shops":8,"st_km":0.16,"mesh":"53394538"},"geometry":{"type":"LineString","coordinates":[[139.72682,35.69941],[139.72704,35.69943]]}},{"type":"Feature","properties":{"idx":319,"road":"大久保通り","cls":"secondary","shops":1,"st_km":0.41,"mesh":"53394538"},"geometry":{"type":"LineString","coordinates":[[139.72715,35.69944],[139.72821,35.69944],[139.73009,35.69912],[139.73179,35.69942],[139.73222,35.69956]]}},{"type":"Feature","properties":{"idx":1214,"road":"大久保通り","cls":"secondary","shops":7,"st_km":0.17,"mesh":"53394538"},"geometry":{"type":"LineString","coordinates":[[139.72704,35.69943],[139.72715,35.69944]]}},{"type":"Feature","properties":{"idx":1677,"road":"大久保通り","cls":"secondary","shops":10,"st_km":0.14,"mesh":"53394538"},"geometry":{"type":"LineString","coordinates":[[139.72661,35.6994],[139.72682,35.69941]]}},{"type":"Feature","properties":{"idx":3714,"road":"靖国通り","cls":"primary","shops":14,"st_km":0.2,"mesh":"53394528"},"geometry":{"type":"LineString","coordinates":[[139.7362,35.6911],[139.73596,35.69112]]}},{"type":"Feature","properties":{"idx":358,"road":"外苑東通り","cls":"primary","shops":1,"st_km":0.42,"mesh":"53394538"},"geometry":{"type":"LineString","coordinates":[[139.72507,35.69577],[139.72497,35.69542]]}},{"type":"Feature","properties":{"idx":155,"road":"","cls":"tertiary","shops":0,"st_km":0.62,"mesh":"53394538"},"geometry":{"type":"LineString","coordinates":[[139.72728,35.69553],[139.73113,35.69505],[139.73145,35.69506],[139.73198,35.6952]]}},{"type":"Feature","properties":{"idx":270,"road":"外苑東通り","cls":"primary","shops":1,"st_km":0.42,"mesh":"53394537"},"geometry":{"type":"LineString","coordinates":[[139.72486,35.69544],[139.72502,35.69588]]}},{"type":"Feature","properties":{"idx":229,"road":"外苑東通り","cls":"primary","shops":0,"st_km":0.21,"mesh":"53394537"},"geometry":{"type":"LineString","coordinates":[[139.72457,35.69408],[139.72437,35.69343],[139.72412,35.6929]]}},{"type":"Feature","properties":{"idx":289,"road":"外苑東通り","cls":"primary","shops":1,"st_km":0.38,"mesh":"53394537"},"geometry":{"type":"LineString","coordinates":[[139.72473,35.69501],[139.72486,35.69544]]}},{"type":"Feature","properties":{"idx":784,"road":"新宿通り","cls":"tertiary","shops":7,"st_km":0.3,"mesh":"53394527"},"geometry":{"type":"LineString","coordinates":[[139.71422,35.68781],[139.71406,35.68788]]}},{"type":"Feature","properties":{"idx":423,"road":"","cls":"tertiary","shops":5,"st_km":0.18,"mesh":"53394517"},"geometry":{"type":"LineString","coordinates":[[139.71929,35.68043],[139.71921,35.68043]]}},{"type":"Feature","properties":{"idx":840,"road":"外苑東通り","cls":"primary","shops":9,"st_km":0.17,"mesh":"53394517"},"geometry":{"type":"LineString","coordinates":[[139.71936,35.68044],[139.71937,35.68036]]}},{"type":"Feature","properties":{"idx":451,"road":"外苑東通り","cls":"primary","shops":4,"st_km":0.18,"mesh":"53394517"},"geometry":{"type":"LineString","coordinates":[[139.71921,35.68043],[139.71922,35.68061]]}},{"type":"Feature","properties":{"idx":956,"road":"外苑東通り","cls":"primary","shops":8,"st_km":0.43,"mesh":"53394527"},"geometry":{"type":"LineString","coordinates":[[139.71922,35.68061],[139.71993,35.68416],[139.72025,35.68745]]}},{"type":"Feature","properties":{"idx":518,"road":"","cls":"primary_link","shops":8,"st_km":0.2,"mesh":"53394517"},"geometry":{"type":"LineString","coordinates":[[139.71951,35.68137],[139.71933,35.68076],[139.71924,35.68075]]}},{"type":"Feature","properties":{"idx":304,"road":"","cls":"primary_link","shops":4,"st_km":0.22,"mesh":"53394517"},"geometry":{"type":"LineString","coordinates":[[139.7193,35.68104],[139.71948,35.68161],[139.71955,35.6816]]}},{"type":"Feature","properties":{"idx":165,"road":"新宿通り","cls":"tertiary","shops":0,"st_km":0.35,"mesh":"53394527"},"geometry":{"type":"LineString","coordinates":[[139.71494,35.68774],[139.71594,35.68757]]}},{"type":"Feature","properties":{"idx":587,"road":"四谷角筈線","cls":"secondary","shops":2,"st_km":0.24,"mesh":"53394516"},"geometry":{"type":"LineString","coordinates":[[139.70451,35.68036],[139.70354,35.6802]]}},{"type":"Feature","properties":{"idx":493,"road":"明治通り","cls":"primary","shops":1,"st_km":0.23,"mesh":"53394516"},"geometry":{"type":"LineString","coordinates":[[139.70451,35.68036],[139.70451,35.68047]]}},{"type":"Feature","properties":{"idx":924,"road":"明治通り","cls":"primary","shops":4,"st_km":0.29,"mesh":"53394516"},"geometry":{"type":"LineString","coordinates":[[139.70451,35.68047],[139.70453,35.6816]]}},{"type":"Feature","properties":{"idx":298,"road":"四谷角筈線","cls":"secondary","shops":0,"st_km":0.22,"mesh":"53394516"},"geometry":{"type":"LineString","coordinates":[[139.7046,35.68037],[139.70451,35.68036]]}},{"type":"Feature","properties":{"idx":564,"road":"明治通り","cls":"primary","shops":1,"st_km":0.1,"mesh":"53394516"},"geometry":{"type":"LineString","coordinates":[[139.7046,35.68037],[139.70462,35.67984],[139.70473,35.67954],[139.70567,35.6783]]}},{"type":"Feature","properties":{"idx":388,"road":"","cls":"secondary_link","shops":2,"st_km":0.25,"mesh":"53394516"},"geometry":{"type":"LineString","coordinates":[[139.70354,35.6802],[139.70378,35.68033],[139.70451,35.68047]]}},{"type":"Feature","properties":{"idx":446,"road":"四谷角筈線","cls":"secondary","shops":1,"st_km":0.22,"mesh":"53394516"},"geometry":{"type":"LineString","coordinates":[[139.70503,35.68051],[139.7046,35.68037]]}},{"type":"Feature","properties":{"idx":444,"road":"四谷角筈線","cls":"secondary","shops":1,"st_km":0.23,"mesh":"53394516"},"geometry":{"type":"LineString","coordinates":[[139.70515,35.68056],[139.70503,35.68051]]}},{"type":"Feature","properties":{"idx":153,"road":"外堀通り","cls":"secondary","shops":1,"st_km":0.3,"mesh":"53394549"},"geometry":{"type":"LineString","coordinates":[[139.75051,35.70304],[139.74897,35.70318],[139.74742,35.7032]]}},{"type":"Feature","properties":{"idx":152,"road":"外堀通り","cls":"secondary","shops":1,"st_km":0.3,"mesh":"53394549"},"geometry":{"type":"LineString","coordinates":[[139.74743,35.70333],[139.74921,35.7033],[139.75035,35.7032]]}},{"type":"Feature","properties":{"idx":228,"road":"外堀通り","cls":"secondary","shops":2,"st_km":0.19,"mesh":"53394549"},"geometry":{"type":"LineString","coordinates":[[139.74742,35.7032],[139.74678,35.70319],[139.74622,35.70311],[139.74516,35.70279]]}},{"type":"Feature","properties":{"idx":102,"road":"","cls":"secondary_link","shops":1,"st_km":0.29,"mesh":"53394549"},"geometry":{"type":"LineString","coordinates":[[139.74887,35.70318],[139.74887,35.70331]]}},{"type":"Feature","properties":{"idx":285,"road":"","cls":"pedestrian","shops":2,"st_km":0.31,"mesh":"53394557"},"geometry":{"type":"LineString","coordinates":[[139.72052,35.70898],[139.72033,35.70962]]}},{"type":"Feature","properties":{"idx":1035,"road":"","cls":"tertiary","shops":3,"st_km":0.25,"mesh":"53394568"},"geometry":{"type":"LineString","coordinates":[[139.72845,35.71707],[139.72854,35.71709]]}},{"type":"Feature","properties":{"idx":2026,"road":"音羽通り","cls":"secondary","shops":5,"st_km":0.04,"mesh":"53394568"},"geometry":{"type":"LineString","coordinates":[[139.72702,35.72007],[139.72714,35.71995],[139.72758,35.71904]]}},{"type":"Feature","properties":{"idx":230,"road":"目白通り","cls":"primary","shops":1,"st_km":0.44,"mesh":"53394558"},"geometry":{"type":"LineString","coordinates":[[139.73083,35.71225],[139.73094,35.71229]]}},{"type":"Feature","properties":{"idx":601,"road":"外苑東通り","cls":"primary","shops":6,"st_km":0.18,"mesh":"53394517"},"geometry":{"type":"LineString","coordinates":[[139.71944,35.68098],[139.71938,35.68065]]}},{"type":"Feature","properties":{"idx":273,"road":"富ヶ谷歩道橋","cls":"pedestrian","shops":2,"st_km":0.21,"mesh":"53394505"},"geometry":{"type":"LineString","coordinates":[[139.68771,35.66797],[139.68812,35.66794],[139.68811,35.66764],[139.68776,35.66765]]}},{"type":"Feature","properties":{"idx":133,"road":"富ヶ谷歩道橋","cls":"pedestrian","shops":0,"st_km":0.24,"mesh":"53394505"},"geometry":{"type":"LineString","coordinates":[[139.68776,35.66765],[139.68771,35.66797]]}},{"type":"Feature","properties":{"idx":113,"road":"","cls":"primary_link","shops":0,"st_km":0.84,"mesh":"53394590"},"geometry":{"type":"LineString","coordinates":[[139.62286,35.74093],[139.62549,35.74274],[139.62867,35.7448]]}},{"type":"Feature","properties":{"idx":135,"road":"目白通り","cls":"primary","shops":0,"st_km":1.06,"mesh":"53394590"},"geometry":{"type":"LineString","coordinates":[[139.6275,35.74541],[139.62569,35.74634]]}},{"type":"Feature","properties":{"idx":1069,"road":"靖国通り","cls":"primary","shops":6,"st_km":0.69,"mesh":"53394539"},"geometry":{"type":"LineString","coordinates":[[139.74203,35.69288],[139.74383,35.69346],[139.74525,35.69401],[139.74653,35.6944]]}},{"type":"Feature","properties":{"idx":499,"road":"井ノ頭通り","cls":"secondary","shops":3,"st_km":0.32,"mesh":"53394502"},"geometry":{"type":"LineString","coordinates":[[139.65324,35.67029],[139.65306,35.67042]]}},{"type":"Feature","properties":{"idx":391,"road":"井ノ頭通り","cls":"secondary","shops":2,"st_km":0.34,"mesh":"53394502"},"geometry":{"type":"LineString","coordinates":[[139.6528,35.67074],[139.65254,35.67107]]}},{"type":"Feature","properties":{"idx":140,"road":"もみじ山通り","cls":"tertiary","shops":1,"st_km":0.66,"mesh":"53394543"},"geometry":{"type":"LineString","coordinates":[[139.67278,35.7057],[139.67283,35.70496],[139.67271,35.70464]]}},{"type":"Feature","properties":{"idx":596,"road":"早稲田通り","cls":"primary","shops":6,"st_km":0.5,"mesh":"53394553"},"geometry":{"type":"LineString","coordinates":[[139.66397,35.70995],[139.66335,35.70993]]}},{"type":"Feature","properties":{"idx":527,"road":"早稲田通り","cls":"primary","shops":5,"st_km":0.49,"mesh":"53394553"},"geometry":{"type":"LineString","coordinates":[[139.66416,35.70995],[139.66397,35.70995]]}},{"type":"Feature","properties":{"idx":96,"road":"","cls":"primary_link","shops":0,"st_km":1.05,"mesh":"53394590"},"geometry":{"type":"LineString","coordinates":[[139.62945,35.7453],[139.62968,35.74529],[139.6297,35.74525],[139.62964,35.74514]]}},{"type":"Feature","properties":{"idx":1640,"road":"早稲田通り","cls":"primary","shops":10,"st_km":0.01,"mesh":"53394548"},"geometry":{"type":"LineString","coordinates":[[139.73567,35.70365],[139.7331,35.70411]]}},{"type":"Feature","properties":{"idx":2827,"road":"","cls":"pedestrian","shops":9,"st_km":0.03,"mesh":"53394580"},"geometry":{"type":"LineString","coordinates":[[139.62949,35.73579],[139.62946,35.736]]}},{"type":"Feature","properties":{"idx":612,"road":"目白通り","cls":"primary","shops":5,"st_km":0.28,"mesh":"53394582"},"geometry":{"type":"LineString","coordinates":[[139.65118,35.73645],[139.65336,35.73555],[139.65391,35.73546],[139.65494,35.73539]]}},{"type":"Feature","properties":{"idx":198,"road":"","cls":"tertiary","shops":1,"st_km":0.34,"mesh":"53394582"},"geometry":{"type":"LineString","coordinates":[[139.65118,35.73645],[139.65122,35.73634]]}},{"type":"Feature","properties":{"idx":396,"road":"目白通り","cls":"primary","shops":3,"st_km":0.38,"mesh":"53394582"},"geometry":{"type":"LineString","coordinates":[[139.65122,35.73634],[139.64997,35.73685]]}},{"type":"Feature","properties":{"idx":715,"road":"目白通り","cls":"primary","shops":2,"st_km":0.48,"mesh":"53394583"},"geometry":{"type":"LineString","coordinates":[[139.66253,35.73493],[139.66618,35.73415],[139.66878,35.73323]]}},{"type":"Feature","properties":{"idx":1423,"road":"早稲田通り","cls":"primary","shops":3,"st_km":0.51,"mesh":"53394552"},"geometry":{"type":"LineString","coordinates":[[139.65407,35.70969],[139.65092,35.70944],[139.64996,35.70969]]}},{"type":"Feature","properties":{"idx":730,"road":"新青梅街道","cls":"secondary","shops":16,"st_km":0.4,"mesh":"53394562"},"geometry":{"type":"LineString","coordinates":[[139.65144,35.72335],[139.65292,35.72295],[139.65364,35.72291]]}},{"type":"Feature","properties":{"idx":1343,"road":"庚申塚通り","cls":"tertiary","shops":3,"st_km":0.25,"mesh":"53394598"},"geometry":{"type":"LineString","coordinates":[[139.7264,35.74224],[139.72634,35.74229]]}},{"type":"Feature","properties":{"idx":744,"road":"明治通り","cls":"primary","shops":0,"st_km":0.15,"mesh":"53394598"},"geometry":{"type":"LineString","coordinates":[[139.72634,35.74229],[139.7273,35.74361],[139.72801,35.74421]]}},{"type":"Feature","properties":{"idx":1256,"road":"明治通り","cls":"primary","shops":2,"st_km":0.36,"mesh":"53394588"},"geometry":{"type":"LineString","coordinates":[[139.7264,35.74224],[139.72624,35.74203],[139.72462,35.7406]]}},{"type":"Feature","properties":{"idx":1324,"road":"明治通り","cls":"primary","shops":2,"st_km":0.26,"mesh":"53394598"},"geometry":{"type":"LineString","coordinates":[[139.72616,35.74206],[139.72634,35.74229]]}},{"type":"Feature","properties":{"idx":607,"road":"旧中山道","cls":"tertiary","shops":1,"st_km":0.22,"mesh":"53394597"},"geometry":{"type":"LineString","coordinates":[[139.72131,35.74624],[139.71995,35.74688]]}},{"type":"Feature","properties":{"idx":183,"road":"","cls":"secondary_link","shops":0,"st_km":0.29,"mesh":"53394509"},"geometry":{"type":"LineString","coordinates":[[139.74783,35.67401],[139.74794,35.67418]]}},{"type":"Feature","properties":{"idx":521,"road":"千川通り","cls":"secondary","shops":1,"st_km":0.35,"mesh":"53394583"},"geometry":{"type":"LineString","coordinates":[[139.66644,35.73845],[139.66666,35.73837]]}},{"type":"Feature","properties":{"idx":2047,"road":"千川通り","cls":"secondary","shops":7,"st_km":0.14,"mesh":"53394583"},"geometry":{"type":"LineString","coordinates":[[139.67158,35.73646],[139.67282,35.73622]]}},{"type":"Feature","properties":{"idx":2689,"road":"千川通り","cls":"secondary","shops":10,"st_km":0.15,"mesh":"53394583"},"geometry":{"type":"LineString","coordinates":[[139.67282,35.73622],[139.67312,35.73601]]}},{"type":"Feature","properties":{"idx":1465,"road":"目白通り","cls":"primary","shops":14,"st_km":0.45,"mesh":"53394566"},"geometry":{"type":"LineString","coordinates":[[139.69978,35.72223],[139.70241,35.7226],[139.70442,35.72265]]}},{"type":"Feature","properties":{"idx":954,"road":"目白通り","cls":"primary","shops":11,"st_km":0.64,"mesh":"53394565"},"geometry":{"type":"LineString","coordinates":[[139.69941,35.72218],[139.69968,35.72222]]}},{"type":"Feature","properties":{"idx":678,"road":"目白通り","cls":"primary","shops":5,"st_km":0.41,"mesh":"53394567"},"geometry":{"type":"LineString","coordinates":[[139.71685,35.71742],[139.71781,35.71701]]}},{"type":"Feature","properties":{"idx":357,"road":"","cls":"tertiary","shops":2,"st_km":0.4,"mesh":"53394542"},"geometry":{"type":"LineString","coordinates":[[139.65993,35.70641],[139.66057,35.70656],[139.66269,35.70654]]}},{"type":"Feature","properties":{"idx":226,"road":"","cls":"tertiary","shops":1,"st_km":0.57,"mesh":"53394542"},"geometry":{"type":"LineString","coordinates":[[139.65868,35.70639],[139.65993,35.70641]]}},{"type":"Feature","properties":{"idx":135,"road":"","cls":"tertiary","shops":0,"st_km":0.69,"mesh":"53394542"},"geometry":{"type":"LineString","coordinates":[[139.65812,35.70811],[139.65825,35.70662],[139.65843,35.70643],[139.65868,35.70639]]}},{"type":"Feature","properties":{"idx":194,"road":"","cls":"tertiary","shops":1,"st_km":0.73,"mesh":"53394542"},"geometry":{"type":"LineString","coordinates":[[139.65811,35.70837],[139.65812,35.70821]]}},{"type":"Feature","properties":{"idx":140,"road":"中野四季の森通り","cls":"tertiary","shops":0,"st_km":0.65,"mesh":"53394542"},"geometry":{"type":"LineString","coordinates":[[139.65812,35.70821],[139.66006,35.70825]]}},{"type":"Feature","properties":{"idx":303,"road":"中野四季の森通り","cls":"tertiary","shops":2,"st_km":0.57,"mesh":"53394542"},"geometry":{"type":"LineString","coordinates":[[139.66006,35.70825],[139.66024,35.70826]]}},{"type":"Feature","properties":{"idx":385,"road":"中野四季の森通り","cls":"tertiary","shops":3,"st_km":0.55,"mesh":"53394542"},"geometry":{"type":"LineString","coordinates":[[139.66024,35.70826],[139.66045,35.70826]]}},{"type":"Feature","properties":{"idx":199,"road":"けやき通り","cls":"tertiary","shops":1,"st_km":0.3,"mesh":"53394543"},"geometry":{"type":"LineString","coordinates":[[139.66338,35.70822],[139.66339,35.70726]]}},{"type":"Feature","properties":{"idx":138,"road":"けやき通り","cls":"tertiary","shops":0,"st_km":0.35,"mesh":"53394553"},"geometry":{"type":"LineString","coordinates":[[139.66338,35.70841],[139.66338,35.70832]]}},{"type":"Feature","properties":{"idx":195,"road":"","cls":"tertiary","shops":1,"st_km":0.73,"mesh":"53394542"},"geometry":{"type":"LineString","coordinates":[[139.65812,35.70821],[139.65812,35.70811]]}},{"type":"Feature","properties":{"idx":1706,"road":"目白通り","cls":"primary","shops":23,"st_km":0.12,"mesh":"53394549"},"geometry":{"type":"LineString","coordinates":[[139.74539,35.70218],[139.74562,35.70202]]}},{"type":"Feature","properties":{"idx":1184,"road":"目白通り","cls":"primary","shops":16,"st_km":0.15,"mesh":"53394549"},"geometry":{"type":"LineString","coordinates":[[139.7453,35.70214],[139.74502,35.70233]]}},{"type":"Feature","properties":{"idx":1791,"road":"","cls":"tertiary","shops":30,"st_km":0.1,"mesh":"53394549"},"geometry":{"type":"LineString","coordinates":[[139.74564,35.70191],[139.74568,35.70193]]}},{"type":"Feature","properties":{"idx":741,"road":"目白通り","cls":"primary","shops":10,"st_km":0.21,"mesh":"53394549"},"geometry":{"type":"LineString","coordinates":[[139.74594,35.70179],[139.74755,35.70083],[139.7502,35.6981]]}},{"type":"Feature","properties":{"idx":413,"road":"青梅街道(新都心歩道橋下交差点)","cls":"primary","shops":2,"st_km":0.19,"mesh":"53394535"},"geometry":{"type":"LineString","coordinates":[[139.69717,35.69316],[139.697,35.69313]]}},{"type":"Feature","properties":{"idx":1369,"road":"青梅街道","cls":"primary","shops":10,"st_km":0.09,"mesh":"53394535"},"geometry":{"type":"LineString","coordinates":[[139.69809,35.69363],[139.69857,35.69367]]}},{"type":"Feature","properties":{"idx":1987,"road":"","cls":"secondary_link","shops":26,"st_km":0.06,"mesh":"53394535"},"geometry":{"type":"LineString","coordinates":[[139.6991,35.6937],[139.69937,35.69367]]}},{"type":"Feature","properties":{"idx":1665,"road":"靖国通り","cls":"primary","shops":15,"st_km":0.15,"mesh":"53394536"},"geometry":{"type":"LineString","coordinates":[[139.7009,35.69361],[139.70059,35.6936]]}},{"type":"Feature","properties":{"idx":1255,"road":"明治通り","cls":"primary","shops":9,"st_km":0.09,"mesh":"53394526"},"geometry":{"type":"LineString","coordinates":[[139.70413,35.68982],[139.70484,35.69088]]}},{"type":"Feature","properties":{"idx":475,"road":"芝新宿王子線(連絡路)","cls":"primary_link","shops":5,"st_km":0.25,"mesh":"53394526"},"geometry":{"type":"LineString","coordinates":[[139.70593,35.68971],[139.70637,35.68947]]}},{"type":"Feature","properties":{"idx":600,"road":"","cls":"tertiary","shops":6,"st_km":0.22,"mesh":"53394526"},"geometry":{"type":"LineString","coordinates":[[139.70717,35.68897],[139.70774,35.68874],[139.70989,35.68809]]}},{"type":"Feature","properties":{"idx":164,"road":"環七通り","cls":"primary_link","shops":2,"st_km":0.15,"mesh":"53394522"},"geometry":{"type":"LineString","coordinates":[[139.65667,35.68344],[139.65646,35.68527]]}},{"type":"Feature","properties":{"idx":726,"road":"環七通り","cls":"primary_link","shops":15,"st_km":0.12,"mesh":"53394522"},"geometry":{"type":"LineString","coordinates":[[139.65668,35.68334],[139.65667,35.68341]]}},{"type":"Feature","properties":{"idx":1864,"road":"方南通り","cls":"primary","shops":14,"st_km":0.15,"mesh":"53394512"},"geometry":{"type":"LineString","coordinates":[[139.65654,35.68332],[139.65603,35.68326]]}},{"type":"Feature","properties":{"idx":575,"road":"環七通り","cls":"primary_link","shops":5,"st_km":0.14,"mesh":"53394512"},"geometry":{"type":"LineString","coordinates":[[139.65692,35.68328],[139.65706,35.68182],[139.65703,35.68165]]}},{"type":"Feature","properties":{"idx":1307,"road":"方南通り(方南町交差点)","cls":"primary","shops":19,"st_km":0.1,"mesh":"53394522"},"geometry":{"type":"LineString","coordinates":[[139.65691,35.68338],[139.65687,35.68338]]}},{"type":"Feature","properties":{"idx":830,"road":"環七通り","cls":"primary_link","shops":17,"st_km":0.09,"mesh":"53394522"},"geometry":{"type":"LineString","coordinates":[[139.65691,35.68344],[139.65691,35.68338]]}},{"type":"Feature","properties":{"idx":830,"road":"環七通り","cls":"primary_link","shops":17,"st_km":0.09,"mesh":"53394522"},"geometry":{"type":"LineString","coordinates":[[139.6569,35.68348],[139.65691,35.68344]]}},{"type":"Feature","properties":{"idx":726,"road":"環七通り","cls":"primary_link","shops":15,"st_km":0.12,"mesh":"53394522"},"geometry":{"type":"LineString","coordinates":[[139.65667,35.68341],[139.65667,35.68344]]}},{"type":"Feature","properties":{"idx":1693,"road":"環七通り","cls":"primary_link","shops":18,"st_km":0.12,"mesh":"53394512"},"geometry":{"type":"LineString","coordinates":[[139.65669,35.68324],[139.65668,35.68334]]}},{"type":"Feature","properties":{"idx":1819,"road":"環七通り","cls":"primary_link","shops":19,"st_km":0.09,"mesh":"53394512"},"geometry":{"type":"LineString","coordinates":[[139.65691,35.68338],[139.65692,35.68328]]}},{"type":"Feature","properties":{"idx":1090,"road":"方南通り(方南町交差点)","cls":"primary","shops":16,"st_km":0.12,"mesh":"53394522"},"geometry":{"type":"LineString","coordinates":[[139.65668,35.68334],[139.65654,35.68332]]}},{"type":"Feature","properties":{"idx":706,"road":"東京都道新宿副都心八号線","cls":"secondary","shops":6,"st_km":0.31,"mesh":"53394525"},"geometry":{"type":"LineString","coordinates":[[139.6965,35.69176],[139.69631,35.69116]]}},{"type":"Feature","properties":{"idx":436,"road":"公園通り","cls":"secondary","shops":4,"st_km":0.51,"mesh":"53394525"},"geometry":{"type":"LineString","coordinates":[[139.69202,35.68485],[139.69192,35.68496]]}},{"type":"Feature","properties":{"idx":761,"road":"東通り","cls":"secondary","shops":8,"st_km":0.45,"mesh":"53394525"},"geometry":{"type":"LineString","coordinates":[[139.69581,35.68726],[139.69568,35.68753]]}},{"type":"Feature","properties":{"idx":834,"road":"東通り","cls":"secondary","shops":9,"st_km":0.46,"mesh":"53394525"},"geometry":{"type":"LineString","coordinates":[[139.6958,35.68758],[139.69585,35.68744],[139.69581,35.68726]]}},{"type":"Feature","properties":{"idx":575,"road":"青梅街道(新都心歩道橋下交差点)","cls":"primary_link","shops":6,"st_km":0.19,"mesh":"53394535"},"geometry":{"type":"LineString","coordinates":[[139.69698,35.69323],[139.69706,35.6932]]}},{"type":"Feature","properties":{"idx":436,"road":"(新都心歩道橋下交差点)","cls":"primary_link","shops":4,"st_km":0.18,"mesh":"53394535"},"geometry":{"type":"LineString","coordinates":[[139.69706,35.6932],[139.69725,35.69333]]}},{"type":"Feature","properties":{"idx":733,"road":"青梅街道(新都心歩道橋下交差点)","cls":"primary","shops":5,"st_km":0.17,"mesh":"53394535"},"geometry":{"type":"LineString","coordinates":[[139.6973,35.69323],[139.69717,35.69316]]}},{"type":"Feature","properties":{"idx":471,"road":"四谷角筈線(新都心歩道橋下交差点)","cls":"secondary","shops":3,"st_km":0.18,"mesh":"53394535"},"geometry":{"type":"LineString","coordinates":[[139.69717,35.69316],[139.69727,35.69311]]}},{"type":"Feature","properties":{"idx":471,"road":"四谷角筈線","cls":"secondary","shops":3,"st_km":0.17,"mesh":"53394535"},"geometry":{"type":"LineString","coordinates":[[139.69733,35.69292],[139.69716,35.69305]]}},{"type":"Feature","properties":{"idx":1753,"road":"六本木通り","cls":"secondary","shops":9,"st_km":0.12,"mesh":"53394509"},"geometry":{"type":"LineString","coordinates":[[139.74297,35.67087],[139.74274,35.67065]]}},{"type":"Feature","properties":{"idx":1444,"road":"外堀通り","cls":"secondary","shops":7,"st_km":0.11,"mesh":"53394509"},"geometry":{"type":"LineString","coordinates":[[139.74297,35.67087],[139.74285,35.67092]]}},{"type":"Feature","properties":{"idx":749,"road":"","cls":"secondary_link","shops":5,"st_km":0.11,"mesh":"53394509"},"geometry":{"type":"LineString","coordinates":[[139.74285,35.67092],[139.74308,35.67098]]}},{"type":"Feature","properties":{"idx":1461,"road":"外堀通り","cls":"secondary","shops":7,"st_km":0.1,"mesh":"53394509"},"geometry":{"type":"LineString","coordinates":[[139.74285,35.67092],[139.74274,35.67096]]}},{"type":"Feature","properties":{"idx":1275,"road":"六本木通り","cls":"secondary","shops":6,"st_km":0.12,"mesh":"53394509"},"geometry":{"type":"LineString","coordinates":[[139.74308,35.67098],[139.74297,35.67087]]}},{"type":"Feature","properties":{"idx":962,"road":"外堀通り","cls":"secondary","shops":4,"st_km":0.11,"mesh":"53394509"},"geometry":{"type":"LineString","coordinates":[[139.74294,35.67103],[139.74308,35.67098]]}},{"type":"Feature","properties":{"idx":757,"road":"","cls":"secondary_link","shops":5,"st_km":0.1,"mesh":"53394509"},"geometry":{"type":"LineString","coordinates":[[139.74294,35.67103],[139.74274,35.67096]]}},{"type":"Feature","properties":{"idx":979,"road":"六本木通り","cls":"secondary","shops":4,"st_km":0.09,"mesh":"53394509"},"geometry":{"type":"LineString","coordinates":[[139.74274,35.67096],[139.74285,35.67107]]}},{"type":"Feature","properties":{"idx":406,"road":"外堀通り","cls":"secondary","shops":1,"st_km":0.27,"mesh":"53394509"},"geometry":{"type":"LineString","coordinates":[[139.74274,35.67096],[139.7418,35.67154],[139.74096,35.67221],[139.73908,35.67345],[139.73869,35.67398],[139.73809,35.67544],[139.73796,35.67569],[139.73775,35.67594]]}},{"type":"Feature","properties":{"idx":649,"road":"外堀通り","cls":"secondary","shops":2,"st_km":0.1,"mesh":"53394509"},"geometry":{"type":"LineString","coordinates":[[139.74285,35.67107],[139.74294,35.67103]]}},{"type":"Feature","properties":{"idx":267,"road":"六本木通り","cls":"secondary","shops":0,"st_km":0.26,"mesh":"53394509"},"geometry":{"type":"LineString","coordinates":[[139.74285,35.67107],[139.7434,35.67162],[139.74375,35.6718],[139.74409,35.67192],[139.74554,35.67223],[139.74622,35.67253],[139.74729,35.67348],[139.74775,35.67404]]}},{"type":"Feature","properties":{"idx":208,"road":"","cls":"secondary_link","shops":0,"st_km":0.14,"mesh":"53394509"},"geometry":{"type":"LineString","coordinates":[[139.74352,35.67139],[139.74335,35.67131]]}},{"type":"Feature","properties":{"idx":1273,"road":"","cls":"tertiary","shops":6,"st_km":0.13,"mesh":"53394503"},"geometry":{"type":"LineString","coordinates":[[139.66814,35.67453],[139.66813,35.67457]]}},{"type":"Feature","properties":{"idx":1262,"road":"","cls":"tertiary","shops":6,"st_km":0.14,"mesh":"53394503"},"geometry":{"type":"LineString","coordinates":[[139.66813,35.67457],[139.6681,35.67474]]}},{"type":"Feature","properties":{"idx":1251,"road":"","cls":"tertiary","shops":6,"st_km":0.15,"mesh":"53394503"},"geometry":{"type":"LineString","coordinates":[[139.6681,35.67474],[139.6681,35.67478]]}},{"type":"Feature","properties":{"idx":699,"road":"環七通り","cls":"primary","shops":4,"st_km":0.2,"mesh":"53394502"},"geometry":{"type":"LineString","coordinates":[[139.66053,35.6726],[139.6605,35.67265]]}},{"type":"Feature","properties":{"idx":1520,"road":"","cls":"primary","shops":9,"st_km":0.03,"mesh":"53394537"},"geometry":{"type":"LineString","coordinates":[[139.72232,35.69242],[139.72221,35.69235]]}},{"type":"Feature","properties":{"idx":1823,"road":"靖国通り","cls":"primary","shops":11,"st_km":0.02,"mesh":"53394537"},"geometry":{"type":"LineString","coordinates":[[139.72232,35.69242],[139.72259,35.69242]]}},{"type":"Feature","properties":{"idx":1323,"road":"靖国通り","cls":"primary","shops":8,"st_km":0.07,"mesh":"53394537"},"geometry":{"type":"LineString","coordinates":[[139.72221,35.69235],[139.72171,35.69233],[139.72142,35.69226]]}},{"type":"Feature","properties":{"idx":1535,"road":"靖国通り","cls":"primary","shops":9,"st_km":0.02,"mesh":"53394537"},"geometry":{"type":"LineString","coordinates":[[139.72252,35.69235],[139.72221,35.69235]]}},{"type":"Feature","properties":{"idx":1063,"road":"","cls":"primary_link","shops":9,"st_km":0.03,"mesh":"53394537"},"geometry":{"type":"LineString","coordinates":[[139.72231,35.69257],[139.72232,35.69242]]}},{"type":"Feature","properties":{"idx":1054,"road":"","cls":"primary_link","shops":9,"st_km":0.04,"mesh":"53394537"},"geometry":{"type":"LineString","coordinates":[[139.72221,35.69254],[139.72231,35.69257]]}},{"type":"Feature","properties":{"idx":771,"road":"靖国通り","cls":"primary","shops":4,"st_km":0.1,"mesh":"53394537"},"geometry":{"type":"LineString","coordinates":[[139.72259,35.69242],[139.72342,35.69241],[139.7247,35.69229]]}},{"type":"Feature","properties":{"idx":1653,"road":"","cls":"primary","shops":10,"st_km":0.03,"mesh":"53394537"},"geometry":{"type":"LineString","coordinates":[[139.72259,35.69263],[139.72231,35.69257]]}},{"type":"Feature","properties":{"idx":928,"road":"","cls":"primary_link","shops":8,"st_km":0.07,"mesh":"53394537"},"geometry":{"type":"LineString","coordinates":[[139.72176,35.69242],[139.72193,35.69248]]}},{"type":"Feature","properties":{"idx":1015,"road":"靖国通り","cls":"primary","shops":6,"st_km":0.11,"mesh":"53394537"},"geometry":{"type":"LineString","coordinates":[[139.72142,35.69226],[139.72133,35.69224]]}},{"type":"Feature","properties":{"idx":349,"road":"余丁町通り","cls":"primary","shops":2,"st_km":0.47,"mesh":"53394537"},"geometry":{"type":"LineString","coordinates":[[139.7213,35.69231],[139.72119,35.69255],[139.71855,35.69386],[139.71819,35.6941],[139.71745,35.69484],[139.71557,35.69593],[139.71332,35.69733],[139.7131,35.69752],[139.71305,35.69771]]}},{"type":"Feature","properties":{"idx":1013,"road":"靖国通り","cls":"primary","shops":6,"st_km":0.11,"mesh":"53394537"},"geometry":{"type":"LineString","coordinates":[[139.7213,35.69231],[139.7214,35.69234]]}},{"type":"Feature","properties":{"idx":3536,"road":"新宿停車場前線","cls":"secondary","shops":31,"st_km":0.16,"mesh":"53394526"},"geometry":{"type":"LineString","coordinates":[[139.70159,35.69138],[139.70161,35.69136]]}},{"type":"Feature","properties":{"idx":364,"road":"","cls":"pedestrian","shops":3,"st_km":0.29,"mesh":"53394557"},"geometry":{"type":"LineString","coordinates":[[139.71993,35.70886],[139.71957,35.70981]]}},{"type":"Feature","properties":{"idx":372,"road":"","cls":"pedestrian","shops":3,"st_km":0.27,"mesh":"53394557"},"geometry":{"type":"LineString","coordinates":[[139.71967,35.70954],[139.71911,35.70943]]}},{"type":"Feature","properties":{"idx":298,"road":"","cls":"pedestrian","shops":2,"st_km":0.27,"mesh":"53394557"},"geometry":{"type":"LineString","coordinates":[[139.71967,35.70954],[139.72023,35.70966],[139.72025,35.70961],[139.72033,35.70962]]}},{"type":"Feature","properties":{"idx":97,"road":"","cls":"primary_link","shops":0,"st_km":1.02,"mesh":"53394590"},"geometry":{"type":"LineString","coordinates":[[139.63147,35.74633],[139.63144,35.74622],[139.63156,35.74614]]}},{"type":"Feature","properties":{"idx":113,"road":"","cls":"tertiary","shops":0,"st_km":1.0,"mesh":"53394590"},"geometry":{"type":"LineString","coordinates":[[139.63156,35.74614],[139.63188,35.74612]]}},{"type":"Feature","properties":{"idx":92,"road":"環八通り","cls":"primary_link","shops":0,"st_km":1.1,"mesh":"53394590"},"geometry":{"type":"LineString","coordinates":[[139.63147,35.74633],[139.62964,35.74514]]}},{"type":"Feature","properties":{"idx":345,"road":"","cls":"tertiary","shops":4,"st_km":0.98,"mesh":"53394590"},"geometry":{"type":"LineString","coordinates":[[139.63188,35.74612],[139.63279,35.74548],[139.63327,35.74522]]}},{"type":"Feature","properties":{"idx":391,"road":"","cls":"primary_link","shops":1,"st_km":0.41,"mesh":"53394583"},"geometry":{"type":"LineString","coordinates":[[139.66296,35.73504],[139.66279,35.73517]]}},{"type":"Feature","properties":{"idx":1796,"road":"外苑東通り","cls":"primary","shops":6,"st_km":0.06,"mesh":"53394507"},"geometry":{"type":"LineString","coordinates":[[139.72412,35.67273],[139.72455,35.67175]]}},{"type":"Feature","properties":{"idx":193,"road":"外苑西通り","cls":"secondary","shops":2,"st_km":0.44,"mesh":"53394517"},"geometry":{"type":"LineString","coordinates":[[139.71266,35.67695],[139.71272,35.67577],[139.71269,35.67563]]}},{"type":"Feature","properties":{"idx":129,"road":"外苑西通り","cls":"secondary","shops":0,"st_km":0.15,"mesh":"53394517"},"geometry":{"type":"LineString","coordinates":[[139.7137,35.68043],[139.71363,35.67959],[139.71356,35.67935],[139.71286,35.67791]]}},{"type":"Feature","properties":{"idx":193,"road":"外苑西通り","cls":"secondary","shops":2,"st_km":0.45,"mesh":"53394517"},"geometry":{"type":"LineString","coordinates":[[139.71269,35.67563],[139.71262,35.67584],[139.71257,35.67696]]}},{"type":"Feature","properties":{"idx":312,"road":"牛込小石川線","cls":"secondary","shops":6,"st_km":0.51,"mesh":"53394549"},"geometry":{"type":"LineString","coordinates":[[139.74428,35.70545],[139.74625,35.70659],[139.74657,35.70674]]}},{"type":"Feature","properties":{"idx":3771,"road":"白山通り","cls":"primary","shops":9,"st_km":0.08,"mesh":"53394579"},"geometry":{"type":"LineString","coordinates":[[139.74504,35.72791],[139.74557,35.72745],[139.74581,35.72704]]}},{"type":"Feature","properties":{"idx":251,"road":"本郷通り","cls":"secondary","shops":7,"st_km":0.35,"mesh":"53394589"},"geometry":{"type":"LineString","coordinates":[[139.74928,35.73229],[139.74826,35.73354],[139.74703,35.73525]]}},{"type":"Feature","properties":{"idx":277,"road":"国会通り","cls":"secondary","shops":0,"st_km":0.28,"mesh":"53394509"},"geometry":{"type":"LineString","coordinates":[[139.74794,35.67418],[139.74804,35.67414]]}},{"type":"Feature","properties":{"idx":273,"road":"国会通り","cls":"secondary","shops":0,"st_km":0.3,"mesh":"53394509"},"geometry":{"type":"LineString","coordinates":[[139.74783,35.67401],[139.74775,35.67404]]}},{"type":"Feature","properties":{"idx":273,"road":"六本木通り","cls":"secondary","shops":0,"st_km":0.3,"mesh":"53394509"},"geometry":{"type":"LineString","coordinates":[[139.74775,35.67404],[139.74786,35.67421]]}},{"type":"Feature","properties":{"idx":222,"road":"国会通り","cls":"secondary","shops":0,"st_km":0.39,"mesh":"53394519"},"geometry":{"type":"LineString","coordinates":[[139.74739,35.67467],[139.74726,35.67497],[139.74694,35.67614]]}},{"type":"Feature","properties":{"idx":275,"road":"国会通り","cls":"secondary","shops":0,"st_km":0.29,"mesh":"53394509"},"geometry":{"type":"LineString","coordinates":[[139.74793,35.67397],[139.74783,35.67401]]}},{"type":"Feature","properties":{"idx":258,"road":"六本木通り","cls":"secondary","shops":0,"st_km":0.29,"mesh":"53394509"},"geometry":{"type":"LineString","coordinates":[[139.74802,35.67393],[139.74758,35.67337],[139.74683,35.67265],[139.74636,35.67229],[139.74581,35.67207],[139.74435,35.67175],[139.7439,35.6716],[139.74352,35.67139],[139.74308,35.67098]]}},{"type":"Feature","properties":{"idx":280,"road":"六本木通り","cls":"secondary","shops":0,"st_km":0.27,"mesh":"53394509"},"geometry":{"type":"LineString","coordinates":[[139.74813,35.6741],[139.74802,35.67393]]}},{"type":"Feature","properties":{"idx":280,"road":"国会通り","cls":"secondary","shops":0,"st_km":0.27,"mesh":"53394509"},"geometry":{"type":"LineString","coordinates":[[139.74804,35.67414],[139.74813,35.6741]]}},{"type":"Feature","properties":{"idx":275,"road":"国会通り","cls":"secondary","shops":0,"st_km":0.29,"mesh":"53394509"},"geometry":{"type":"LineString","coordinates":[[139.74786,35.67421],[139.74794,35.67418]]}},{"type":"Feature","properties":{"idx":279,"road":"六本木通り","cls":"secondary","shops":0,"st_km":0.27,"mesh":"53394509"},"geometry":{"type":"LineString","coordinates":[[139.74786,35.67421],[139.74874,35.67558]]}},{"type":"Feature","properties":{"idx":433,"road":"国会通り","cls":"secondary","shops":1,"st_km":0.24,"mesh":"53394509"},"geometry":{"type":"LineString","coordinates":[[139.74878,35.67362],[139.74802,35.67393]]}},{"type":"Feature","properties":{"idx":269,"road":"国会通り","cls":"secondary","shops":0,"st_km":0.31,"mesh":"53394509"},"geometry":{"type":"LineString","coordinates":[[139.74755,35.67442],[139.74765,35.67431],[139.74786,35.67421]]}},{"type":"Feature","properties":{"idx":261,"road":"東京都道二四七号線","cls":"secondary","shops":0,"st_km":0.34,"mesh":"53394509"},"geometry":{"type":"LineString","coordinates":[[139.74739,35.67467],[139.74747,35.67469]]}},{"type":"Feature","properties":{"idx":265,"road":"国会通り","cls":"secondary","shops":0,"st_km":0.33,"mesh":"53394509"},"geometry":{"type":"LineString","coordinates":[[139.74775,35.67404],[139.74753,35.67424],[139.74739,35.67467]]}},{"type":"Feature","properties":{"idx":185,"road":"","cls":"secondary_link","shops":0,"st_km":0.28,"mesh":"53394509"},"geometry":{"type":"LineString","coordinates":[[139.74804,35.67414],[139.74793,35.67397]]}},{"type":"Feature","properties":{"idx":262,"road":"国会通り","cls":"secondary","shops":0,"st_km":0.33,"mesh":"53394509"},"geometry":{"type":"LineString","coordinates":[[139.74747,35.67469],[139.74751,35.67456]]}},{"type":"Feature","properties":{"idx":264,"road":"国会通り","cls":"secondary","shops":0,"st_km":0.33,"mesh":"53394509"},"geometry":{"type":"LineString","coordinates":[[139.74751,35.67456],[139.74755,35.67442]]}},{"type":"Feature","properties":{"idx":1069,"road":"明治通り","cls":"primary","shops":8,"st_km":0.16,"mesh":"53394526"},"geometry":{"type":"LineString","coordinates":[[139.70423,35.68984],[139.70415,35.68971]]}},{"type":"Feature","properties":{"idx":494,"road":"","cls":"secondary_link","shops":4,"st_km":0.36,"mesh":"53394509"},"geometry":{"type":"LineString","coordinates":[[139.74074,35.66871],[139.74057,35.66865],[139.74013,35.66821]]}},{"type":"Feature","properties":{"idx":2586,"road":"六本木通り","cls":"secondary","shops":15,"st_km":0.16,"mesh":"53394509"},"geometry":{"type":"LineString","coordinates":[[139.74274,35.67065],[139.74147,35.66947]]}},{"type":"Feature","properties":{"idx":577,"road":"","cls":"secondary_link","shops":5,"st_km":0.36,"mesh":"53394509"},"geometry":{"type":"LineString","coordinates":[[139.74013,35.66821],[139.73994,35.66818]]}},{"type":"Feature","properties":{"idx":1189,"road":"六本木通り","cls":"secondary","shops":7,"st_km":0.29,"mesh":"53394509"},"geometry":{"type":"LineString","coordinates":[[139.73901,35.66717],[139.73994,35.66818]]}},{"type":"Feature","properties":{"idx":346,"road":"","cls":"secondary_link","shops":2,"st_km":0.32,"mesh":"53394509"},"geometry":{"type":"LineString","coordinates":[[139.74013,35.66821],[139.74134,35.66948]]}},{"type":"Feature","properties":{"idx":631,"road":"六本木通り","cls":"secondary","shops":3,"st_km":0.34,"mesh":"53394509"},"geometry":{"type":"LineString","coordinates":[[139.74027,35.66819],[139.73989,35.66774]]}},{"type":"Feature","properties":{"idx":520,"road":"六本木通り","cls":"secondary","shops":2,"st_km":0.31,"mesh":"53394509"},"geometry":{"type":"LineString","coordinates":[[139.7401,35.66835],[139.74116,35.66946]]}},{"type":"Feature","properties":{"idx":1466,"road":"六本木通り","cls":"secondary","shops":8,"st_km":0.2,"mesh":"53394509"},"geometry":{"type":"LineString","coordinates":[[139.74134,35.66964],[139.74163,35.66991]]}},{"type":"Feature","properties":{"idx":1043,"road":"","cls":"tertiary","shops":6,"st_km":0.2,"mesh":"53394509"},"geometry":{"type":"LineString","coordinates":[[139.74134,35.66964],[139.74137,35.66998]]}},{"type":"Feature","properties":{"idx":3048,"road":"","cls":"tertiary","shops":20,"st_km":0.14,"mesh":"53394509"},"geometry":{"type":"LineString","coordinates":[[139.74137,35.66998],[139.7414,35.67072]]}},{"type":"Feature","properties":{"idx":2448,"road":"六本木通り","cls":"secondary","shops":14,"st_km":0.16,"mesh":"53394509"},"geometry":{"type":"LineString","coordinates":[[139.74163,35.66991],[139.74205,35.67031]]}},{"type":"Feature","properties":{"idx":554,"road":"六本木通り","cls":"secondary","shops":2,"st_km":0.25,"mesh":"53394509"},"geometry":{"type":"LineString","coordinates":[[139.74134,35.66934],[139.74125,35.66926]]}},{"type":"Feature","properties":{"idx":1503,"road":"","cls":"secondary_link","shops":13,"st_km":0.17,"mesh":"53394509"},"geometry":{"type":"LineString","coordinates":[[139.74134,35.66948],[139.74233,35.67043]]}},{"type":"Feature","properties":{"idx":769,"road":"六本木通り","cls":"secondary","shops":4,"st_km":0.33,"mesh":"53394509"},"geometry":{"type":"LineString","coordinates":[[139.74125,35.66926],[139.74027,35.66819]]}},{"type":"Feature","properties":{"idx":569,"road":"六本木通り","cls":"secondary","shops":2,"st_km":0.23,"mesh":"53394509"},"geometry":{"type":"LineString","coordinates":[[139.74116,35.66946],[139.74134,35.66964]]}},{"type":"Feature","properties":{"idx":527,"road":"芝新宿王子線(連絡路)","cls":"primary_link","shops":5,"st_km":0.15,"mesh":"53394526"},"geometry":{"type":"LineString","coordinates":[[139.70448,35.68986],[139.70518,35.68993]]}},{"type":"Feature","properties":{"idx":134,"road":"外苑西通り","cls":"secondary","shops":0,"st_km":0.12,"mesh":"53394517"},"geometry":{"type":"LineString","coordinates":[[139.71356,35.67973],[139.7136,35.68009]]}},{"type":"Feature","properties":{"idx":133,"road":"外苑西通り","cls":"secondary","shops":0,"st_km":0.12,"mesh":"53394517"},"geometry":{"type":"LineString","coordinates":[[139.7136,35.68009],[139.71362,35.6804]]}},{"type":"Feature","properties":{"idx":313,"road":"","cls":"pedestrian","shops":1,"st_km":0.21,"mesh":"53394526"},"geometry":{"type":"LineString","coordinates":[[139.71211,35.68665],[139.71207,35.68678],[139.71201,35.68682],[139.71132,35.6867],[139.71107,35.68671]]}},{"type":"Feature","properties":{"idx":285,"road":"","cls":"tertiary","shops":2,"st_km":0.33,"mesh":"53394526"},"geometry":{"type":"LineString","coordinates":[[139.70717,35.68897],[139.70642,35.68923]]}},{"type":"Feature","properties":{"idx":286,"road":"","cls":"tertiary","shops":2,"st_km":0.33,"mesh":"53394526"},"geometry":{"type":"LineString","coordinates":[[139.70652,35.68936],[139.70717,35.68897]]}},{"type":"Feature","properties":{"idx":472,"road":"御苑通り","cls":"primary","shops":3,"st_km":0.28,"mesh":"53394526"},"geometry":{"type":"LineString","coordinates":[[139.70622,35.68928],[139.70637,35.68947]]}},{"type":"Feature","properties":{"idx":463,"road":"御苑通り","cls":"primary","shops":3,"st_km":0.29,"mesh":"53394526"},"geometry":{"type":"LineString","coordinates":[[139.70652,35.68936],[139.70642,35.68923]]}},{"type":"Feature","properties":{"idx":328,"road":"芝新宿王子線(連絡路)","cls":"primary_link","shops":3,"st_km":0.28,"mesh":"53394526"},"geometry":{"type":"LineString","coordinates":[[139.70637,35.68947],[139.70652,35.68936]]}},{"type":"Feature","properties":{"idx":178,"road":"","cls":"tertiary_link","shops":2,"st_km":0.33,"mesh":"53394526"},"geometry":{"type":"LineString","coordinates":[[139.70684,35.68915],[139.70677,35.68908]]}},{"type":"Feature","properties":{"idx":121,"road":"外苑西通り","cls":"secondary","shops":0,"st_km":0.22,"mesh":"53394517"},"geometry":{"type":"LineString","coordinates":[[139.71388,35.68126],[139.71413,35.68152],[139.71515,35.68224]]}},{"type":"Feature","properties":{"idx":317,"road":"不忍通り","cls":"secondary","shops":1,"st_km":0.25,"mesh":"53394567"},"geometry":{"type":"LineString","coordinates":[[139.72481,35.71955],[139.72471,35.71945],[139.72448,35.71935]]}},{"type":"Feature","properties":{"idx":705,"road":"","cls":"tertiary","shops":3,"st_km":0.09,"mesh":"53394509"},"geometry":{"type":"LineString","coordinates":[[139.74844,35.66754],[139.74868,35.66759],[139.749,35.66748]]}},{"type":"Feature","properties":{"idx":2357,"road":"外堀通り","cls":"secondary","shops":12,"st_km":0.08,"mesh":"53394509"},"geometry":{"type":"LineString","coordinates":[[139.74932,35.67049],[139.74944,35.67044]]}},{"type":"Feature","properties":{"idx":2189,"road":"外堀通り","cls":"secondary","shops":11,"st_km":0.07,"mesh":"53394509"},"geometry":{"type":"LineString","coordinates":[[139.74939,35.67033],[139.74926,35.67038]]}},{"type":"Feature","properties":{"idx":713,"road":"外堀通り","cls":"secondary","shops":3,"st_km":0.23,"mesh":"53394509"},"geometry":{"type":"LineString","coordinates":[[139.74926,35.67038],[139.74886,35.67049],[139.74765,35.67024],[139.74703,35.67019],[139.74578,35.6703]]}},{"type":"Feature","properties":{"idx":625,"road":"環七通り(泉南)","cls":"primary","shops":4,"st_km":0.31,"mesh":"53394502"},"geometry":{"type":"LineString","coordinates":[[139.65993,35.67377],[139.65986,35.67391]]}},{"type":"Feature","properties":{"idx":188,"road":"環七通り","cls":"primary","shops":0,"st_km":0.42,"mesh":"53394502"},"geometry":{"type":"LineString","coordinates":[[139.65986,35.67391],[139.65896,35.67572]]}},{"type":"Feature","properties":{"idx":621,"road":"環七通り(泉南)","cls":"primary","shops":4,"st_km":0.32,"mesh":"53394502"},"geometry":{"type":"LineString","coordinates":[[139.66,35.67393],[139.66006,35.67381]]}},{"type":"Feature","properties":{"idx":467,"road":"角筈和泉町線(泉南)","cls":"secondary","shops":3,"st_km":0.31,"mesh":"53394502"},"geometry":{"type":"LineString","coordinates":[[139.66017,35.67385],[139.66006,35.67381]]}},{"type":"Feature","properties":{"idx":523,"road":"環七通り(泉南)","cls":"primary","shops":3,"st_km":0.3,"mesh":"53394502"},"geometry":{"type":"LineString","coordinates":[[139.66006,35.67381],[139.6601,35.67372]]}},{"type":"Feature","properties":{"idx":316,"road":"環七通り(泉南)","cls":"primary","shops":1,"st_km":0.3,"mesh":"53394502"},"geometry":{"type":"LineString","coordinates":[[139.65998,35.67368],[139.65993,35.67377]]}},{"type":"Feature","properties":{"idx":379,"road":"角筈和泉町線(泉南)","cls":"secondary","shops":2,"st_km":0.3,"mesh":"53394502"},"geometry":{"type":"LineString","coordinates":[[139.65984,35.67371],[139.65993,35.67377]]}},{"type":"Feature","properties":{"idx":71,"road":"代々木淀橋線","cls":"tertiary","shops":0,"st_km":0.51,"mesh":"53394505"},"geometry":{"type":"LineString","coordinates":[[139.69428,35.67936],[139.6943,35.67923],[139.69412,35.67851],[139.69372,35.67741],[139.69355,35.67711],[139.69305,35.67652],[139.69267,35.67594],[139.69175,35.67446],[139.69162,35.67412],[139.69085,35.66988],[139.69091,35.66932],[139.69114,35.66873]]}},{"type":"Feature","properties":{"idx":2288,"road":"外苑西通り","cls":"secondary","shops":14,"st_km":0.36,"mesh":"53394507"},"geometry":{"type":"LineString","coordinates":[[139.71371,35.67055],[139.714,35.67036]]}},{"type":"Feature","properties":{"idx":334,"road":"","cls":"tertiary","shops":1,"st_km":0.35,"mesh":"53394509"},"geometry":{"type":"LineString","coordinates":[[139.7442,35.66873],[139.74394,35.66905]]}},{"type":"Feature","properties":{"idx":585,"road":"新宿通り","cls":"tertiary","shops":5,"st_km":0.34,"mesh":"53394527"},"geometry":{"type":"LineString","coordinates":[[139.71425,35.68788],[139.71494,35.68774]]}},{"type":"Feature","properties":{"idx":219,"road":"","cls":"primary_link","shops":3,"st_km":0.19,"mesh":"53394505"},"geometry":{"type":"LineString","coordinates":[[139.68797,35.66849],[139.68792,35.6684],[139.68793,35.66813],[139.68782,35.66813]]}},{"type":"Feature","properties":{"idx":469,"road":"井ノ頭通り","cls":"secondary","shops":2,"st_km":0.55,"mesh":"53394503"},"geometry":{"type":"LineString","coordinates":[[139.66678,35.66885],[139.6695,35.6687]]}},{"type":"Feature","properties":{"idx":527,"road":"","cls":"tertiary","shops":4,"st_km":0.29,"mesh":"53394527"},"geometry":{"type":"LineString","coordinates":[[139.71408,35.68798],[139.71406,35.68788]]}},{"type":"Feature","properties":{"idx":1589,"road":"外堀通り","cls":"secondary","shops":27,"st_km":0.23,"mesh":"53394549"},"geometry":{"type":"LineString","coordinates":[[139.74431,35.70242],[139.74448,35.70257]]}},{"type":"Feature","properties":{"idx":216,"road":"","cls":"primary_link","shops":3,"st_km":0.21,"mesh":"53394549"},"geometry":{"type":"LineString","coordinates":[[139.74522,35.70308],[139.74538,35.70304]]}},{"type":"Feature","properties":{"idx":911,"road":"表参道","cls":"secondary","shops":9,"st_km":0.01,"mesh":"53394506"},"geometry":{"type":"LineString","coordinates":[[139.70534,35.66847],[139.7033,35.66941],[139.70301,35.66947],[139.70277,35.66943]]}},{"type":"Feature","properties":{"idx":382,"road":"貝坂通り","cls":"tertiary","shops":1,"st_km":0.12,"mesh":"53394519"},"geometry":{"type":"LineString","coordinates":[[139.74035,35.67822],[139.74058,35.67768]]}},{"type":"Feature","properties":{"idx":379,"road":"瀬田貫井線","cls":"secondary","shops":12,"st_km":0.82,"mesh":"53394531"},"geometry":{"type":"LineString","coordinates":[[139.64063,35.6934],[139.64074,35.69326]]}},{"type":"Feature","properties":{"idx":201,"road":"外苑東通り","cls":"primary","shops":0,"st_km":0.34,"mesh":"53394537"},"geometry":{"type":"LineString","coordinates":[[139.72462,35.69467],[139.72473,35.69501]]}},{"type":"Feature","properties":{"idx":2218,"road":"角筈和泉町線","cls":"secondary","shops":5,"st_km":0.54,"mesh":"53394513"},"geometry":{"type":"LineString","coordinates":[[139.67069,35.67767],[139.67042,35.67758]]}},{"type":"Feature","properties":{"idx":1743,"road":"目白通り","cls":"primary","shops":7,"st_km":0.09,"mesh":"53394564"},"geometry":{"type":"LineString","coordinates":[[139.684,35.72265],[139.68414,35.72267]]}},{"type":"Feature","properties":{"idx":1295,"road":"目白通り","cls":"primary","shops":12,"st_km":0.25,"mesh":"53394558"},"geometry":{"type":"LineString","coordinates":[[139.73151,35.71021],[139.73162,35.71022]]}},{"type":"Feature","properties":{"idx":1399,"road":"目白通り","cls":"primary","shops":13,"st_km":0.25,"mesh":"53394558"},"geometry":{"type":"LineString","coordinates":[[139.73162,35.71022],[139.73164,35.7101]]}},{"type":"Feature","properties":{"idx":270,"road":"","cls":"secondary_link","shops":0,"st_km":0.23,"mesh":"53394528"},"geometry":{"type":"LineString","coordinates":[[139.72895,35.68382],[139.72918,35.68396],[139.7294,35.68391]]}},{"type":"Feature","properties":{"idx":622,"road":"井ノ頭通り","cls":"secondary","shops":4,"st_km":0.17,"mesh":"53394510"},"geometry":{"type":"LineString","coordinates":[[139.63653,35.67991],[139.63621,35.68007]]}},{"type":"Feature","properties":{"idx":1874,"road":"","cls":"secondary_link","shops":24,"st_km":0.04,"mesh":"53394535"},"geometry":{"type":"LineString","coordinates":[[139.69939,35.69353],[139.69913,35.69357]]}},{"type":"Feature","properties":{"idx":2832,"road":"靖国通り","cls":"primary","shops":22,"st_km":0.06,"mesh":"53394535"},"geometry":{"type":"LineString","coordinates":[[139.6991,35.6937],[139.69936,35.69372]]}},{"type":"Feature","properties":{"idx":757,"road":"青梅街道","cls":"primary","shops":5,"st_km":0.14,"mesh":"53394535"},"geometry":{"type":"LineString","coordinates":[[139.6979,35.69346],[139.6973,35.69323]]}},{"type":"Feature","properties":{"idx":1642,"road":"靖国通り","cls":"primary","shops":12,"st_km":0.07,"mesh":"53394535"},"geometry":{"type":"LineString","coordinates":[[139.69936,35.69372],[139.69948,35.69373]]}},{"type":"Feature","properties":{"idx":685,"road":"靖国通り","cls":"primary","shops":4,"st_km":0.21,"mesh":"53394537"},"geometry":{"type":"LineString","coordinates":[[139.7247,35.69229],[139.72509,35.69225]]}},{"type":"Feature","properties":{"idx":1035,"road":"靖国通り","cls":"primary","shops":6,"st_km":0.09,"mesh":"53394537"},"geometry":{"type":"LineString","coordinates":[[139.7214,35.69234],[139.72176,35.69242]]}},{"type":"Feature","properties":{"idx":528,"road":"靖国通り","cls":"primary","shops":2,"st_km":0.32,"mesh":"53394538"},"geometry":{"type":"LineString","coordinates":[[139.7267,35.69171],[139.72597,35.69206],[139.72551,35.69214]]}},{"type":"Feature","properties":{"idx":296,"road":"靖国通り","cls":"primary","shops":0,"st_km":0.55,"mesh":"53394528"},"geometry":{"type":"LineString","coordinates":[[139.73052,35.69101],[139.7279,35.69124],[139.72753,35.69132],[139.7267,35.69171]]}},{"type":"Feature","properties":{"idx":642,"road":"","cls":"tertiary","shops":3,"st_km":0.56,"mesh":"53394528"},"geometry":{"type":"LineString","coordinates":[[139.73052,35.69111],[139.73052,35.69101]]}},{"type":"Feature","properties":{"idx":822,"road":"靖国通り","cls":"primary","shops":3,"st_km":0.54,"mesh":"53394528"},"geometry":{"type":"LineString","coordinates":[[139.73112,35.69105],[139.73052,35.69101]]}},{"type":"Feature","properties":{"idx":332,"road":"","cls":"primary_link","shops":0,"st_km":0.7,"mesh":"53394552"},"geometry":{"type":"LineString","coordinates":[[139.65407,35.70969],[139.65389,35.71145],[139.65393,35.71155]]}},{"type":"Feature","properties":{"idx":1036,"road":"外苑東通り","cls":"primary","shops":3,"st_km":0.19,"mesh":"53394508"},"geometry":{"type":"LineString","coordinates":[[139.72604,35.67216],[139.7261,35.67218]]}},{"type":"Feature","properties":{"idx":1579,"road":"グリーン大通り","cls":"tertiary","shops":18,"st_km":0.23,"mesh":"53394577"},"geometry":{"type":"LineString","coordinates":[[139.71344,35.72955],[139.71349,35.72952]]}},{"type":"Feature","properties":{"idx":683,"road":"議事堂通り","cls":"secondary","shops":7,"st_km":0.46,"mesh":"53394525"},"geometry":{"type":"LineString","coordinates":[[139.69472,35.68694],[139.69472,35.68678]]}},{"type":"Feature","properties":{"idx":617,"road":"議事堂通り","cls":"secondary","shops":6,"st_km":0.44,"mesh":"53394525"},"geometry":{"type":"LineString","coordinates":[[139.69463,35.68689],[139.69452,35.68703]]}},{"type":"Feature","properties":{"idx":772,"road":"議事堂通り","cls":"secondary","shops":8,"st_km":0.44,"mesh":"53394525"},"geometry":{"type":"LineString","coordinates":[[139.69462,35.68707],[139.69472,35.68694]]}},{"type":"Feature","properties":{"idx":755,"road":"中央通り(転回路)","cls":"secondary_link","shops":10,"st_km":0.25,"mesh":"53394525"},"geometry":{"type":"LineString","coordinates":[[139.69788,35.69126],[139.69789,35.69112]]}},{"type":"Feature","properties":{"idx":168,"road":"井ノ頭通り","cls":"secondary","shops":0,"st_km":0.42,"mesh":"53394502"},"geometry":{"type":"LineString","coordinates":[[139.65669,35.67003],[139.6564,35.66989],[139.65632,35.66963],[139.65622,35.66953],[139.656,35.66945],[139.6557,35.6694],[139.65539,35.66948],[139.65324,35.67029]]}},{"type":"Feature","properties":{"idx":283,"road":"代々木公園通り","cls":"secondary","shops":2,"st_km":0.16,"mesh":"53394506"},"geometry":{"type":"LineString","coordinates":[[139.70211,35.66924],[139.7022,35.66928]]}},{"type":"Feature","properties":{"idx":116,"road":"","cls":"tertiary","shops":0,"st_km":0.24,"mesh":"53394506"},"geometry":{"type":"LineString","coordinates":[[139.702,35.66875],[139.70191,35.66812],[139.70178,35.66672]]}},{"type":"Feature","properties":{"idx":79,"road":"代々木公園通り","cls":"secondary","shops":0,"st_km":0.63,"mesh":"53394505"},"geometry":{"type":"LineString","coordinates":[[139.70174,35.66898],[139.70067,35.66852],[139.70003,35.66839],[139.69336,35.66814],[139.69277,35.66804],[139.69186,35.6678]]}},{"type":"Feature","properties":{"idx":249,"road":"","cls":"tertiary","shops":2,"st_km":0.17,"mesh":"53394506"},"geometry":{"type":"LineString","coordinates":[[139.70208,35.66912],[139.702,35.66875]]}},{"type":"Feature","properties":{"idx":276,"road":"代々木公園通り","cls":"secondary","shops":2,"st_km":0.18,"mesh":"53394506"},"geometry":{"type":"LineString","coordinates":[[139.70208,35.66912],[139.70174,35.66898]]}},{"type":"Feature","properties":{"idx":426,"road":"四谷角筈線","cls":"secondary","shops":1,"st_km":0.27,"mesh":"53394516"},"geometry":{"type":"LineString","coordinates":[[139.70354,35.6802],[139.7031,35.68013]]}},{"type":"Feature","properties":{"idx":807,"road":"","cls":"tertiary","shops":8,"st_km":0.15,"mesh":"53394582"},"geometry":{"type":"LineString","coordinates":[[139.65617,35.73753],[139.65579,35.73761]]}},{"type":"Feature","properties":{"idx":1406,"road":"弁天通り商店街","cls":"secondary","shops":13,"st_km":0.11,"mesh":"53394582"},"geometry":{"type":"LineString","coordinates":[[139.65559,35.73831],[139.65551,35.73858]]}},{"type":"Feature","properties":{"idx":2718,"road":"","cls":"primary_link","shops":27,"st_km":0.1,"mesh":"53394527"},"geometry":{"type":"LineString","coordinates":[[139.72025,35.68745],[139.72036,35.68749]]}},{"type":"Feature","properties":{"idx":3383,"road":"外苑東通り","cls":"primary","shops":23,"st_km":0.09,"mesh":"53394527"},"geometry":{"type":"LineString","coordinates":[[139.72025,35.68745],[139.72029,35.68788]]}},{"type":"Feature","properties":{"idx":1172,"road":"外苑東通り","cls":"primary","shops":10,"st_km":0.41,"mesh":"53394527"},"geometry":{"type":"LineString","coordinates":[[139.72036,35.68749],[139.72003,35.68415],[139.71944,35.68098]]}},{"type":"Feature","properties":{"idx":892,"road":"人見街道","cls":"primary","shops":11,"st_km":0.32,"mesh":"53394520"},"geometry":{"type":"LineString","coordinates":[[139.62753,35.68446],[139.62761,35.68444]]}},{"type":"Feature","properties":{"idx":899,"road":"井ノ頭通り","cls":"primary","shops":11,"st_km":0.31,"mesh":"53394520"},"geometry":{"type":"LineString","coordinates":[[139.62787,35.68431],[139.62761,35.68444]]}},{"type":"Feature","properties":{"idx":498,"road":"","cls":"tertiary","shops":7,"st_km":0.31,"mesh":"53394520"},"geometry":{"type":"LineString","coordinates":[[139.62799,35.68438],[139.62825,35.68433]]}},{"type":"Feature","properties":{"idx":165,"road":"","cls":"tertiary","shops":1,"st_km":0.32,"mesh":"53394520"},"geometry":{"type":"LineString","coordinates":[[139.62825,35.68433],[139.62964,35.68404]]}},{"type":"Feature","properties":{"idx":425,"road":"井ノ頭通り","cls":"primary","shops":4,"st_km":0.29,"mesh":"53394520"},"geometry":{"type":"LineString","coordinates":[[139.62865,35.68391],[139.62787,35.68431]]}},{"type":"Feature","properties":{"idx":376,"road":"高南通り","cls":"tertiary","shops":6,"st_km":0.14,"mesh":"53394531"},"geometry":{"type":"LineString","coordinates":[[139.64946,35.69794],[139.64931,35.69952],[139.64932,35.69984]]}},{"type":"Feature","properties":{"idx":815,"road":"","cls":"pedestrian","shops":6,"st_km":0.36,"mesh":"53394525"},"geometry":{"type":"LineString","coordinates":[[139.68908,35.68905],[139.68901,35.68927]]}},{"type":"Feature","properties":{"idx":949,"road":"","cls":"pedestrian","shops":7,"st_km":0.33,"mesh":"53394525"},"geometry":{"type":"LineString","coordinates":[[139.68919,35.68957],[139.68929,35.68958]]}},{"type":"Feature","properties":{"idx":716,"road":"","cls":"tertiary","shops":6,"st_km":0.05,"mesh":"53394582"},"geometry":{"type":"LineString","coordinates":[[139.6548,35.7374],[139.6547,35.73775]]}},{"type":"Feature","properties":{"idx":548,"road":"","cls":"tertiary","shops":4,"st_km":0.03,"mesh":"53394582"},"geometry":{"type":"LineString","coordinates":[[139.65461,35.73808],[139.65456,35.73826]]}},{"type":"Feature","properties":{"idx":383,"road":"","cls":"tertiary","shops":3,"st_km":0.28,"mesh":"53394578"},"geometry":{"type":"LineString","coordinates":[[139.73209,35.72859],[139.73135,35.72842],[139.72936,35.72828]]}},{"type":"Feature","properties":{"idx":195,"road":"外苑東通り","cls":"primary","shops":1,"st_km":0.38,"mesh":"53394517"},"geometry":{"type":"LineString","coordinates":[[139.72015,35.67885],[139.72201,35.67532],[139.72218,35.67507],[139.72254,35.67475],[139.72313,35.67446],[139.72337,35.67425],[139.72409,35.67279]]}},{"type":"Feature","properties":{"idx":1043,"road":"","cls":"primary_link","shops":17,"st_km":0.14,"mesh":"53394517"},"geometry":{"type":"LineString","coordinates":[[139.71962,35.67986],[139.71949,35.67988]]}},{"type":"Feature","properties":{"idx":236,"road":"井ノ頭通り","cls":"secondary","shops":0,"st_km":0.54,"mesh":"53394503"},"geometry":{"type":"LineString","coordinates":[[139.6656,35.66891],[139.66611,35.66888]]}},{"type":"Feature","properties":{"idx":199,"road":"環状4号線","cls":"primary","shops":0,"st_km":0.34,"mesh":"53394537"},"geometry":{"type":"LineString","coordinates":[[139.71647,35.69747],[139.71588,35.69606],[139.71578,35.69588],[139.71571,35.69584]]}},{"type":"Feature","properties":{"idx":381,"road":"井ノ頭通り","cls":"secondary","shops":2,"st_km":0.29,"mesh":"53394502"},"geometry":{"type":"LineString","coordinates":[[139.66147,35.669],[139.66138,35.66903]]}},{"type":"Feature","properties":{"idx":352,"road":"環七通り","cls":"primary","shops":1,"st_km":0.19,"mesh":"53394502"},"geometry":{"type":"LineString","coordinates":[[139.66138,35.66903],[139.66154,35.67006],[139.66152,35.6705],[139.66141,35.67086],[139.66068,35.6723]]}},{"type":"Feature","properties":{"idx":423,"road":"環七通り","cls":"primary","shops":2,"st_km":0.29,"mesh":"53394502"},"geometry":{"type":"LineString","coordinates":[[139.66149,35.6691],[139.66147,35.669]]}},{"type":"Feature","properties":{"idx":258,"road":"井ノ頭通り","cls":"secondary","shops":0,"st_km":0.39,"mesh":"53394503"},"geometry":{"type":"LineString","coordinates":[[139.66149,35.6691],[139.66426,35.66897]]}},{"type":"Feature","properties":{"idx":130,"road":"外苑西通り","cls":"secondary","shops":0,"st_km":0.15,"mesh":"53394517"},"geometry":{"type":"LineString","coordinates":[[139.71364,35.68064],[139.71368,35.68086]]}},{"type":"Feature","properties":{"idx":93,"road":"四谷角筈線","cls":"secondary_link","shops":0,"st_km":0.08,"mesh":"53394517"},"geometry":{"type":"LineString","coordinates":[[139.71433,35.68],[139.71426,35.67987],[139.71416,35.67981],[139.71385,35.67974],[139.71356,35.67973]]}},{"type":"Feature","properties":{"idx":140,"road":"四谷角筈線","cls":"secondary","shops":0,"st_km":0.08,"mesh":"53394517"},"geometry":{"type":"LineString","coordinates":[[139.71433,35.68],[139.71378,35.68017]]}},{"type":"Feature","properties":{"idx":144,"road":"四谷角筈線","cls":"secondary","shops":0,"st_km":0.05,"mesh":"53394517"},"geometry":{"type":"LineString","coordinates":[[139.71444,35.67997],[139.71433,35.68]]}},{"type":"Feature","properties":{"idx":96,"road":"四谷角筈線","cls":"secondary_link","shops":0,"st_km":0.05,"mesh":"53394517"},"geometry":{"type":"LineString","coordinates":[[139.71437,35.6801],[139.71433,35.68]]}},{"type":"Feature","properties":{"idx":127,"road":"外苑西通り","cls":"secondary","shops":0,"st_km":0.17,"mesh":"53394517"},"geometry":{"type":"LineString","coordinates":[[139.71368,35.68086],[139.71388,35.68126]]}},{"type":"Feature","properties":{"idx":2583,"road":"明治通り","cls":"primary","shops":23,"st_km":0.19,"mesh":"53394577"},"geometry":{"type":"LineString","coordinates":[[139.71282,35.73109],[139.71286,35.73125]]}},{"type":"Feature","properties":{"idx":3554,"road":"明治通り","cls":"primary","shops":32,"st_km":0.18,"mesh":"53394577"},"geometry":{"type":"LineString","coordinates":[[139.71278,35.73096],[139.71282,35.73109]]}},{"type":"Feature","properties":{"idx":608,"road":"グリーン大通り","cls":"tertiary","shops":8,"st_km":0.31,"mesh":"53394577"},"geometry":{"type":"LineString","coordinates":[[139.71573,35.72811],[139.71678,35.72746]]}},{"type":"Feature","properties":{"idx":435,"road":"グリーン大通り","cls":"tertiary","shops":5,"st_km":0.29,"mesh":"53394577"},"geometry":{"type":"LineString","coordinates":[[139.71673,35.7274],[139.71604,35.72781]]}},{"type":"Feature","properties":{"idx":3858,"road":"エスプラナード赤坂通り","cls":"tertiary","shops":28,"st_km":0.21,"mesh":"53394509"},"geometry":{"type":"LineString","coordinates":[[139.73836,35.67318],[139.73869,35.67257],[139.7391,35.67199]]}},{"type":"Feature","properties":{"idx":219,"road":"プラタナス通り","cls":"secondary","shops":1,"st_km":0.44,"mesh":"53394578"},"geometry":{"type":"LineString","coordinates":[[139.73603,35.72481],[139.73494,35.72614],[139.73209,35.72859]]}},{"type":"Feature","properties":{"idx":1464,"road":"","cls":"tertiary","shops":15,"st_km":0.12,"mesh":"53394578"},"geometry":{"type":"LineString","coordinates":[[139.72911,35.73045],[139.72917,35.73075]]}},{"type":"Feature","properties":{"idx":555,"road":"千川通り","cls":"secondary","shops":1,"st_km":0.52,"mesh":"53394569"},"geometry":{"type":"LineString","coordinates":[[139.74029,35.72076],[139.74099,35.71998],[139.74194,35.71916],[139.7432,35.71842],[139.74424,35.71755],[139.74455,35.71735]]}},{"type":"Feature","properties":{"idx":377,"road":"補助第80号線","cls":"tertiary","shops":2,"st_km":0.08,"mesh":"53394578"},"geometry":{"type":"LineString","coordinates":[[139.73014,35.72564],[139.73006,35.72596]]}},{"type":"Feature","properties":{"idx":2788,"road":"明治通り","cls":"primary","shops":7,"st_km":0.69,"mesh":"53394587"},"geometry":{"type":"LineString","coordinates":[[139.71679,35.73358],[139.71765,35.73436]]}},{"type":"Feature","properties":{"idx":1653,"road":"明治通り","cls":"primary","shops":16,"st_km":0.3,"mesh":"53394577"},"geometry":{"type":"LineString","coordinates":[[139.71416,35.73201],[139.71342,35.73161]]}},{"type":"Feature","properties":{"idx":406,"road":"明治通り","cls":"primary","shops":4,"st_km":0.6,"mesh":"53394577"},"geometry":{"type":"LineString","coordinates":[[139.71672,35.73341],[139.71638,35.73321]]}},{"type":"Feature","properties":{"idx":1279,"road":"小石川西巣鴨線","cls":"secondary","shops":11,"st_km":0.1,"mesh":"53394578"},"geometry":{"type":"LineString","coordinates":[[139.73002,35.73075],[139.73007,35.73092]]}},{"type":"Feature","properties":{"idx":513,"road":"補助第80号線","cls":"tertiary","shops":5,"st_km":0.27,"mesh":"53394578"},"geometry":{"type":"LineString","coordinates":[[139.72936,35.72828],[139.72923,35.72908],[139.72914,35.73004]]}},{"type":"Feature","properties":{"idx":251,"road":"プラタナス通り","cls":"secondary","shops":1,"st_km":0.26,"mesh":"53394578"},"geometry":{"type":"LineString","coordinates":[[139.73209,35.72859],[139.73015,35.73029],[139.73005,35.73051],[139.73002,35.73075]]}},{"type":"Feature","properties":{"idx":1022,"road":"本郷通り","cls":"secondary","shops":29,"st_km":0.19,"mesh":"53394589"},"geometry":{"type":"LineString","coordinates":[[139.74703,35.73525],[139.74686,35.73566]]}},{"type":"Feature","properties":{"idx":1395,"road":"本郷通り","cls":"secondary","shops":39,"st_km":0.16,"mesh":"53394589"},"geometry":{"type":"LineString","coordinates":[[139.74689,35.73591],[139.74696,35.73569]]}},{"type":"Feature","properties":{"idx":1361,"road":"","cls":"tertiary","shops":42,"st_km":0.14,"mesh":"53394589"},"geometry":{"type":"LineString","coordinates":[[139.74738,35.73588],[139.74715,35.73578]]}},{"type":"Feature","properties":{"idx":1196,"road":"","cls":"tertiary","shops":37,"st_km":0.14,"mesh":"53394589"},"geometry":{"type":"LineString","coordinates":[[139.74689,35.73591],[139.74704,35.73596]]}},{"type":"Feature","properties":{"idx":97,"road":"","cls":"primary_link","shops":0,"st_km":1.03,"mesh":"53394590"},"geometry":{"type":"LineString","coordinates":[[139.62918,35.74513],[139.62922,35.74516]]}},{"type":"Feature","properties":{"idx":861,"road":"山手通り","cls":"primary","shops":4,"st_km":0.16,"mesh":"53394554"},"geometry":{"type":"LineString","coordinates":[[139.68453,35.71033],[139.68604,35.71352]]}},{"type":"Feature","properties":{"idx":867,"road":"山手通り","cls":"primary","shops":4,"st_km":0.15,"mesh":"53394554"},"geometry":{"type":"LineString","coordinates":[[139.68615,35.71348],[139.68515,35.71124],[139.68471,35.71036]]}},{"type":"Feature","properties":{"idx":1519,"road":"","cls":"tertiary","shops":11,"st_km":0.59,"mesh":"53394539"},"geometry":{"type":"LineString","coordinates":[[139.74525,35.69401],[139.74523,35.69391]]}},{"type":"Feature","properties":{"idx":59,"road":"","cls":"tertiary","shops":0,"st_km":0.62,"mesh":"53394522"},"geometry":{"type":"LineString","coordinates":[[139.65663,35.68924],[139.65635,35.68907],[139.6552,35.68858]]}},{"type":"Feature","properties":{"idx":341,"road":"北通り","cls":"secondary","shops":2,"st_km":0.27,"mesh":"53394535"},"geometry":{"type":"LineString","coordinates":[[139.69643,35.69207],[139.69658,35.69198]]}},{"type":"Feature","properties":{"idx":340,"road":"北通り","cls":"secondary","shops":2,"st_km":0.27,"mesh":"53394535"},"geometry":{"type":"LineString","coordinates":[[139.69658,35.69198],[139.69642,35.69201]]}},{"type":"Feature","properties":{"idx":431,"road":"東京都道新宿副都心八号線","cls":"secondary","shops":3,"st_km":0.26,"mesh":"53394535"},"geometry":{"type":"LineString","coordinates":[[139.69666,35.69217],[139.69658,35.69198]]}},{"type":"Feature","properties":{"idx":505,"road":"東京都道新宿副都心八号線","cls":"secondary","shops":4,"st_km":0.28,"mesh":"53394535"},"geometry":{"type":"LineString","coordinates":[[139.69653,35.69184],[139.6965,35.69176]]}},{"type":"Feature","properties":{"idx":254,"road":"北通り","cls":"secondary","shops":1,"st_km":0.28,"mesh":"53394535"},"geometry":{"type":"LineString","coordinates":[[139.69637,35.69209],[139.69643,35.69207]]}},{"type":"Feature","properties":{"idx":145,"road":"千代田練馬田無線","cls":"primary","shops":1,"st_km":0.45,"mesh":"53394549"},"geometry":{"type":"LineString","coordinates":[[139.74432,35.70533],[139.74449,35.70485]]}},{"type":"Feature","properties":{"idx":94,"road":"千代田練馬田無線","cls":"primary","shops":0,"st_km":0.49,"mesh":"53394549"},"geometry":{"type":"LineString","coordinates":[[139.74428,35.70545],[139.74432,35.70533]]}},{"type":"Feature","properties":{"idx":91,"road":"千代田練馬田無線","cls":"primary","shops":0,"st_km":0.52,"mesh":"53394549"},"geometry":{"type":"LineString","coordinates":[[139.74411,35.70586],[139.74428,35.70545]]}},{"type":"Feature","properties":{"idx":110,"road":"千代田練馬田無線","cls":"primary","shops":1,"st_km":0.68,"mesh":"53394549"},"geometry":{"type":"LineString","coordinates":[[139.7431,35.7083],[139.74332,35.70816],[139.74354,35.70782]]}},{"type":"Feature","properties":{"idx":248,"road":"劇場通り","cls":"tertiary","shops":5,"st_km":0.4,"mesh":"53394576"},"geometry":{"type":"LineString","coordinates":[[139.70632,35.72765],[139.70666,35.72834]]}},{"type":"Feature","properties":{"idx":288,"road":"西池袋通り","cls":"secondary","shops":5,"st_km":0.36,"mesh":"53394576"},"geometry":{"type":"LineString","coordinates":[[139.70675,35.72831],[139.70666,35.72834]]}},{"type":"Feature","properties":{"idx":212,"road":"劇場通り","cls":"tertiary","shops":4,"st_km":0.4,"mesh":"53394576"},"geometry":{"type":"LineString","coordinates":[[139.70675,35.72831],[139.7064,35.72762]]}},{"type":"Feature","properties":{"idx":1153,"road":"","cls":"secondary","shops":6,"st_km":0.21,"mesh":"53394509"},"geometry":{"type":"LineString","coordinates":[[139.73897,35.66688],[139.73899,35.66703]]}},{"type":"Feature","properties":{"idx":566,"road":"三分坂","cls":"tertiary","shops":2,"st_km":0.31,"mesh":"53394508"},"geometry":{"type":"LineString","coordinates":[[139.73352,35.67121],[139.73308,35.67084],[139.73305,35.67076]]}},{"type":"Feature","properties":{"idx":616,"road":"外苑東通り","cls":"primary","shops":2,"st_km":0.15,"mesh":"53394538"},"geometry":{"type":"LineString","coordinates":[[139.72659,35.70082],[139.7256,35.69718],[139.72507,35.69577]]}},{"type":"Feature","properties":{"idx":112,"road":"飯田橋石神井新座線（支線）（補助第74号線）","cls":"primary","shops":0,"st_km":0.51,"mesh":"53394556"},"geometry":{"type":"LineString","coordinates":[[139.7001,35.70931],[139.70046,35.70939]]}},{"type":"Feature","properties":{"idx":111,"road":"飯田橋石神井新座線（支線）（補助第74号線）","cls":"primary","shops":0,"st_km":0.52,"mesh":"53394556"},"geometry":{"type":"LineString","coordinates":[[139.70046,35.70939],[139.70001,35.7092]]}},{"type":"Feature","properties":{"idx":122,"road":"飯田橋石神井新座線（支線）（補助第74号線）","cls":"primary","shops":0,"st_km":0.42,"mesh":"53394556"},"geometry":{"type":"LineString","coordinates":[[139.70046,35.70939],[139.70142,35.70963],[139.70177,35.70962],[139.70246,35.70948]]}},{"type":"Feature","properties":{"idx":126,"road":"飯田橋石神井新座線（支線）（補助第74号線）","cls":"primary","shops":0,"st_km":0.39,"mesh":"53394556"},"geometry":{"type":"LineString","coordinates":[[139.70213,35.70963],[139.7032,35.70938]]}},{"type":"Feature","properties":{"idx":188,"road":"飯田橋石神井新座線（支線）（補助第74号線）","cls":"primary","shops":1,"st_km":0.4,"mesh":"53394556"},"geometry":{"type":"LineString","coordinates":[[139.7032,35.70938],[139.70336,35.70935]]}},{"type":"Feature","properties":{"idx":408,"road":"飯田橋石神井新座線（支線）（補助第74号線）","cls":"primary","shops":5,"st_km":0.34,"mesh":"53394556"},"geometry":{"type":"LineString","coordinates":[[139.70539,35.70884],[139.70587,35.70884]]}},{"type":"Feature","properties":{"idx":408,"road":"飯田橋石神井新座線（支線）（補助第74号線）","cls":"primary","shops":5,"st_km":0.34,"mesh":"53394556"},"geometry":{"type":"LineString","coordinates":[[139.70583,35.70874],[139.70539,35.70884]]}},{"type":"Feature","properties":{"idx":230,"road":"環状4号線","cls":"primary","shops":0,"st_km":0.19,"mesh":"53394537"},"geometry":{"type":"LineString","coordinates":[[139.71684,35.69839],[139.71647,35.69747]]}},{"type":"Feature","properties":{"idx":466,"road":"環状4号線","cls":"primary","shops":2,"st_km":0.18,"mesh":"53394537"},"geometry":{"type":"LineString","coordinates":[[139.71637,35.6975],[139.71674,35.6984],[139.7167,35.69874]]}},{"type":"Feature","properties":{"idx":219,"road":"飯田橋石神井新座線（支線）（補助第74号線）","cls":"primary","shops":2,"st_km":0.4,"mesh":"53394556"},"geometry":{"type":"LineString","coordinates":[[139.70451,35.709],[139.70539,35.70884]]}},{"type":"Feature","properties":{"idx":308,"road":"諏訪通りトンネル","cls":"primary","shops":3,"st_km":0.41,"mesh":"53394556"},"geometry":{"type":"LineString","coordinates":[[139.70305,35.70934],[139.70451,35.709]]}},{"type":"Feature","properties":{"idx":108,"road":"外苑西通り","cls":"secondary","shops":0,"st_km":0.33,"mesh":"53394517"},"geometry":{"type":"LineString","coordinates":[[139.71286,35.67791],[139.71273,35.67753],[139.71266,35.67695]]}},{"type":"Feature","properties":{"idx":309,"road":"","cls":"tertiary","shops":0,"st_km":0.08,"mesh":"53394516"},"geometry":{"type":"LineString","coordinates":[[139.71126,35.68018],[139.71155,35.6807]]}},{"type":"Feature","properties":{"idx":100,"road":"","cls":"tertiary","shops":0,"st_km":0.28,"mesh":"53394517"},"geometry":{"type":"LineString","coordinates":[[139.7128,35.67793],[139.71286,35.67791]]}},{"type":"Feature","properties":{"idx":679,"road":"目白通り","cls":"primary","shops":9,"st_km":0.21,"mesh":"53394549"},"geometry":{"type":"LineString","coordinates":[[139.75011,35.69804],[139.74748,35.70077],[139.74589,35.70171]]}},{"type":"Feature","properties":{"idx":168,"road":"明治通り","cls":"primary","shops":1,"st_km":0.51,"mesh":"53394506"},"geometry":{"type":"LineString","coordinates":[[139.7081,35.67225],[139.70808,35.67258],[139.70796,35.67289],[139.70736,35.67411],[139.70702,35.67461]]}},{"type":"Feature","properties":{"idx":622,"road":"明治通り","cls":"primary","shops":9,"st_km":0.5,"mesh":"53394506"},"geometry":{"type":"LineString","coordinates":[[139.70808,35.67211],[139.7081,35.67225]]}},{"type":"Feature","properties":{"idx":497,"road":"","cls":"tertiary","shops":9,"st_km":0.5,"mesh":"53394506"},"geometry":{"type":"LineString","coordinates":[[139.70808,35.67211],[139.70817,35.67209]]}},{"type":"Feature","properties":{"idx":166,"road":"明治通り","cls":"primary","shops":1,"st_km":0.52,"mesh":"53394506"},"geometry":{"type":"LineString","coordinates":[[139.70711,35.67464],[139.70752,35.67397],[139.70811,35.67277],[139.70819,35.67245]]}},{"type":"Feature","properties":{"idx":503,"road":"明治通り","cls":"primary","shops":7,"st_km":0.51,"mesh":"53394506"},"geometry":{"type":"LineString","coordinates":[[139.70819,35.67245],[139.70817,35.67209]]}},{"type":"Feature","properties":{"idx":253,"road":"","cls":"tertiary","shops":4,"st_km":0.56,"mesh":"53394506"},"geometry":{"type":"LineString","coordinates":[[139.70874,35.672],[139.70919,35.67211]]}},{"type":"Feature","properties":{"idx":567,"road":"明治通り","cls":"primary","shops":8,"st_km":0.48,"mesh":"53394506"},"geometry":{"type":"LineString","coordinates":[[139.7079,35.67179],[139.70808,35.67211]]}},{"type":"Feature","properties":{"idx":1529,"road":"","cls":"tertiary","shops":5,"st_km":0.04,"mesh":"53394528"},"geometry":{"type":"LineString","coordinates":[[139.73099,35.68556],[139.73105,35.68569]]}},{"type":"Feature","properties":{"idx":1069,"road":"","cls":"tertiary_link","shops":6,"st_km":0.06,"mesh":"53394528"},"geometry":{"type":"LineString","coordinates":[[139.73112,35.68582],[139.73112,35.68603],[139.73107,35.6861]]}},{"type":"Feature","properties":{"idx":1492,"road":"","cls":"tertiary","shops":5,"st_km":0.07,"mesh":"53394528"},"geometry":{"type":"LineString","coordinates":[[139.73116,35.68589],[139.73121,35.68599]]}},{"type":"Feature","properties":{"idx":538,"road":"神楽坂高円寺線","cls":"secondary","shops":3,"st_km":0.16,"mesh":"53394537"},"geometry":{"type":"LineString","coordinates":[[139.71641,35.69862],[139.7167,35.69874]]}},{"type":"Feature","properties":{"idx":324,"road":"不忍通り","cls":"secondary","shops":1,"st_km":0.23,"mesh":"53394567"},"geometry":{"type":"LineString","coordinates":[[139.72505,35.71979],[139.72484,35.71958]]}},{"type":"Feature","properties":{"idx":609,"road":"環状4号線","cls":"primary","shops":3,"st_km":0.14,"mesh":"53394537"},"geometry":{"type":"LineString","coordinates":[[139.7167,35.69874],[139.7168,35.69864],[139.71684,35.69839]]}},{"type":"Feature","properties":{"idx":587,"road":"大久保通り","cls":"primary","shops":11,"st_km":0.38,"mesh":"53394549"},"geometry":{"type":"LineString","coordinates":[[139.73912,35.70312],[139.73928,35.70327]]}},{"type":"Feature","properties":{"idx":410,"road":"","cls":"pedestrian","shops":0,"st_km":0.12,"mesh":"53394516"},"geometry":{"type":"LineString","coordinates":[[139.7119,35.6803],[139.71199,35.68022],[139.71179,35.68003],[139.71166,35.67999],[139.71166,35.68004],[139.71142,35.68],[139.71132,35.68003],[139.71136,35.68012],[139.71144,35.68013],[139.71137,35.68014],[139.7116,35.68059],[139.71171,35.68057],[139.7117,35.68051],[139.7119,35.6803]]}},{"type":"Feature","properties":{"idx":1026,"road":"四谷角筈線","cls":"secondary","shops":8,"st_km":0.08,"mesh":"53394526"},"geometry":{"type":"LineString","coordinates":[[139.70177,35.68275],[139.70134,35.68454],[139.70109,35.68531],[139.7009,35.68553]]}},{"type":"Feature","properties":{"idx":606,"road":"四谷角筈線;新宿1号踏切","cls":"secondary","shops":5,"st_km":0.24,"mesh":"53394526"},"geometry":{"type":"LineString","coordinates":[[139.7009,35.68553],[139.70065,35.68575]]}},{"type":"Feature","properties":{"idx":806,"road":"早稲田通り","cls":"primary","shops":15,"st_km":0.64,"mesh":"53394555"},"geometry":{"type":"LineString","coordinates":[[139.69439,35.70989],[139.69466,35.71]]}},{"type":"Feature","properties":{"idx":642,"road":"早稲田通り","cls":"primary","shops":11,"st_km":0.6,"mesh":"53394555"},"geometry":{"type":"LineString","coordinates":[[139.69466,35.71],[139.69505,35.71023],[139.69557,35.71069]]}},{"type":"Feature","properties":{"idx":437,"road":"早稲田通り","cls":"primary","shops":6,"st_km":0.49,"mesh":"53394555"},"geometry":{"type":"LineString","coordinates":[[139.69557,35.71069],[139.69619,35.71122],[139.69645,35.71139],[139.69702,35.71165],[139.6975,35.71179]]}},{"type":"Feature","properties":{"idx":218,"road":"早稲田通り","cls":"primary","shops":2,"st_km":0.49,"mesh":"53394555"},"geometry":{"type":"LineString","coordinates":[[139.6975,35.71179],[139.69877,35.71207]]}},{"type":"Feature","properties":{"idx":1347,"road":"早稲田通り","cls":"primary","shops":18,"st_km":0.46,"mesh":"53394555"},"geometry":{"type":"LineString","coordinates":[[139.69877,35.71207],[139.6989,35.7121]]}},{"type":"Feature","properties":{"idx":1366,"road":"早稲田通り","cls":"primary","shops":18,"st_km":0.45,"mesh":"53394555"},"geometry":{"type":"LineString","coordinates":[[139.6989,35.7121],[139.69906,35.71215]]}},{"type":"Feature","properties":{"idx":1751,"road":"早稲田通り","cls":"primary","shops":23,"st_km":0.42,"mesh":"53394555"},"geometry":{"type":"LineString","coordinates":[[139.69906,35.71215],[139.69941,35.71226]]}},{"type":"Feature","properties":{"idx":1361,"road":"早稲田通り","cls":"primary","shops":17,"st_km":0.4,"mesh":"53394555"},"geometry":{"type":"LineString","coordinates":[[139.69941,35.71226],[139.69954,35.7123]]}},{"type":"Feature","properties":{"idx":1108,"road":"早稲田通り","cls":"primary","shops":13,"st_km":0.37,"mesh":"53394555"},"geometry":{"type":"LineString","coordinates":[[139.69954,35.7123],[139.70003,35.71248]]}},{"type":"Feature","properties":{"idx":991,"road":"早稲田通り","cls":"primary","shops":12,"st_km":0.28,"mesh":"53394556"},"geometry":{"type":"LineString","coordinates":[[139.70016,35.71253],[139.70132,35.71319]]}},{"type":"Feature","properties":{"idx":598,"road":"早稲田通り","cls":"primary","shops":7,"st_km":0.34,"mesh":"53394556"},"geometry":{"type":"LineString","coordinates":[[139.70003,35.71248],[139.70016,35.71253]]}},{"type":"Feature","properties":{"idx":1359,"road":"早稲田通り","cls":"primary","shops":16,"st_km":0.22,"mesh":"53394556"},"geometry":{"type":"LineString","coordinates":[[139.70132,35.71319],[139.70159,35.71334]]}},{"type":"Feature","properties":{"idx":946,"road":"早稲田通り","cls":"primary","shops":10,"st_km":0.18,"mesh":"53394556"},"geometry":{"type":"LineString","coordinates":[[139.70175,35.71341],[139.70225,35.71358]]}},{"type":"Feature","properties":{"idx":999,"road":"早稲田通り","cls":"primary","shops":11,"st_km":0.2,"mesh":"53394556"},"geometry":{"type":"LineString","coordinates":[[139.70159,35.71334],[139.70175,35.71341]]}},{"type":"Feature","properties":{"idx":1316,"road":"早稲田通り","cls":"primary","shops":14,"st_km":0.14,"mesh":"53394556"},"geometry":{"type":"LineString","coordinates":[[139.70225,35.71358],[139.70303,35.71374]]}},{"type":"Feature","properties":{"idx":2196,"road":"早稲田通り","cls":"primary","shops":24,"st_km":0.11,"mesh":"53394556"},"geometry":{"type":"LineString","coordinates":[[139.70303,35.71374],[139.70321,35.71376]]}},{"type":"Feature","properties":{"idx":2134,"road":"早稲田通り","cls":"primary","shops":23,"st_km":0.1,"mesh":"53394556"},"geometry":{"type":"LineString","coordinates":[[139.70321,35.71376],[139.70365,35.71381]]}},{"type":"Feature","properties":{"idx":2145,"road":"早稲田通り","cls":"primary","shops":23,"st_km":0.1,"mesh":"53394556"},"geometry":{"type":"LineString","coordinates":[[139.70365,35.71381],[139.70393,35.7138]]}},{"type":"Feature","properties":{"idx":1490,"road":"目白通り","cls":"primary","shops":14,"st_km":0.25,"mesh":"53394558"},"geometry":{"type":"LineString","coordinates":[[139.73164,35.7101],[139.73153,35.71009]]}},{"type":"Feature","properties":{"idx":1479,"road":"目白通り","cls":"primary","shops":14,"st_km":0.25,"mesh":"53394558"},"geometry":{"type":"LineString","coordinates":[[139.73153,35.71009],[139.73151,35.71021]]}},{"type":"Feature","properties":{"idx":201,"road":"新目白通り","cls":"primary","shops":1,"st_km":0.28,"mesh":"53394557"},"geometry":{"type":"LineString","coordinates":[[139.72162,35.71112],[139.72228,35.71093]]}},{"type":"Feature","properties":{"idx":94,"road":"","cls":"tertiary","shops":0,"st_km":0.67,"mesh":"53394540"},"geometry":{"type":"LineString","coordinates":[[139.62691,35.70786],[139.62649,35.70707]]}},{"type":"Feature","properties":{"idx":88,"road":"","cls":"tertiary","shops":0,"st_km":0.74,"mesh":"53394540"},"geometry":{"type":"LineString","coordinates":[[139.62722,35.70851],[139.62691,35.70786]]}},{"type":"Feature","properties":{"idx":1552,"road":"グリーン大通り","cls":"tertiary","shops":17,"st_km":0.2,"mesh":"53394577"},"geometry":{"type":"LineString","coordinates":[[139.7132,35.72958],[139.71306,35.72967]]}},{"type":"Feature","properties":{"idx":1514,"road":"グリーン大通り","cls":"tertiary","shops":16,"st_km":0.17,"mesh":"53394577"},"geometry":{"type":"LineString","coordinates":[[139.71306,35.72967],[139.71282,35.72982],[139.71267,35.72983]]}},{"type":"Feature","properties":{"idx":299,"road":"","cls":"tertiary","shops":1,"st_km":0.36,"mesh":"53394538"},"geometry":{"type":"LineString","coordinates":[[139.72734,35.6963],[139.72595,35.69642],[139.72526,35.69652]]}},{"type":"Feature","properties":{"idx":1804,"road":"山手通り","cls":"primary","shops":8,"st_km":0.22,"mesh":"53394544"},"geometry":{"type":"LineString","coordinates":[[139.68262,35.70609],[139.68263,35.70613]]}},{"type":"Feature","properties":{"idx":126,"road":"","cls":"primary_link","shops":0,"st_km":0.34,"mesh":"53394535"},"geometry":{"type":"LineString","coordinates":[[139.69369,35.69735],[139.69419,35.69739],[139.69418,35.69733]]}},{"type":"Feature","properties":{"idx":181,"road":"","cls":"primary_link","shops":1,"st_km":0.38,"mesh":"53394535"},"geometry":{"type":"LineString","coordinates":[[139.69498,35.69747],[139.69448,35.69743],[139.69444,35.69748]]}},{"type":"Feature","properties":{"idx":239,"road":"目白通り","cls":"primary","shops":1,"st_km":0.86,"mesh":"53394590"},"geometry":{"type":"LineString","coordinates":[[139.62898,35.74473],[139.63367,35.74228]]}},{"type":"Feature","properties":{"idx":101,"road":"環八通り","cls":"primary_link","shops":0,"st_km":0.99,"mesh":"53394590"},"geometry":{"type":"LineString","coordinates":[[139.62898,35.74473],[139.6289,35.74468]]}},{"type":"Feature","properties":{"idx":143,"road":"目白通り","cls":"primary","shops":0,"st_km":0.99,"mesh":"53394590"},"geometry":{"type":"LineString","coordinates":[[139.6289,35.74468],[139.62867,35.7448]]}},{"type":"Feature","properties":{"idx":141,"road":"目白通り","cls":"primary","shops":0,"st_km":1.01,"mesh":"53394590"},"geometry":{"type":"LineString","coordinates":[[139.62867,35.7448],[139.62825,35.74501]]}},{"type":"Feature","properties":{"idx":99,"road":"","cls":"primary_link","shops":0,"st_km":1.01,"mesh":"53394590"},"geometry":{"type":"LineString","coordinates":[[139.62875,35.74485],[139.62893,35.74497]]}},{"type":"Feature","properties":{"idx":142,"road":"目白通り","cls":"primary","shops":0,"st_km":1.0,"mesh":"53394590"},"geometry":{"type":"LineString","coordinates":[[139.62875,35.74485],[139.62898,35.74473]]}},{"type":"Feature","properties":{"idx":234,"road":"","cls":"tertiary_link","shops":1,"st_km":0.53,"mesh":"53394539"},"geometry":{"type":"LineString","coordinates":[[139.74235,35.6981],[139.74261,35.69768]]}},{"type":"Feature","properties":{"idx":2644,"road":"下板橋通り","cls":"tertiary","shops":11,"st_km":0.15,"mesh":"53394597"},"geometry":{"type":"LineString","coordinates":[[139.715,35.74633],[139.71488,35.74615]]}},{"type":"Feature","properties":{"idx":576,"road":"外苑東通り","cls":"primary","shops":3,"st_km":0.15,"mesh":"53394548"},"geometry":{"type":"LineString","coordinates":[[139.72622,35.69986],[139.72643,35.70049],[139.72659,35.70082]]}},{"type":"Feature","properties":{"idx":2556,"road":"明治通","cls":"primary","shops":17,"st_km":0.12,"mesh":"53394576"},"geometry":{"type":"LineString","coordinates":[[139.71213,35.72935],[139.71219,35.72959],[139.71236,35.72995]]}},{"type":"Feature","properties":{"idx":411,"road":"音羽池袋線","cls":"secondary","shops":5,"st_km":0.46,"mesh":"53394577"},"geometry":{"type":"LineString","coordinates":[[139.7169,35.73032],[139.71698,35.72935]]}},{"type":"Feature","properties":{"idx":929,"road":"補助第174号線","cls":"tertiary","shops":15,"st_km":0.42,"mesh":"53394577"},"geometry":{"type":"LineString","coordinates":[[139.7168,35.72936],[139.71698,35.72935]]}},{"type":"Feature","properties":{"idx":366,"road":"補助第175号線","cls":"tertiary","shops":5,"st_km":0.31,"mesh":"53394577"},"geometry":{"type":"LineString","coordinates":[[139.72156,35.72899],[139.7213,35.7287]]}},{"type":"Feature","properties":{"idx":528,"road":"補助第176号線","cls":"tertiary","shops":6,"st_km":0.23,"mesh":"53394577"},"geometry":{"type":"LineString","coordinates":[[139.72041,35.72761],[139.72003,35.72782]]}},{"type":"Feature","properties":{"idx":1128,"road":"明治通り","cls":"primary","shops":19,"st_km":0.42,"mesh":"53394556"},"geometry":{"type":"LineString","coordinates":[[139.71008,35.71152],[139.71006,35.71145]]}},{"type":"Feature","properties":{"idx":2359,"road":"","cls":"tertiary","shops":26,"st_km":0.07,"mesh":"53394543"},"geometry":{"type":"LineString","coordinates":[[139.66597,35.70641],[139.66533,35.70638]]}},{"type":"Feature","properties":{"idx":809,"road":"","cls":"pedestrian","shops":5,"st_km":0.08,"mesh":"53394543"},"geometry":{"type":"LineString","coordinates":[[139.66514,35.70629],[139.66507,35.70628]]}},{"type":"Feature","properties":{"idx":1522,"road":"","cls":"pedestrian","shops":11,"st_km":0.06,"mesh":"53394543"},"geometry":{"type":"LineString","coordinates":[[139.66549,35.70626],[139.66518,35.70625],[139.66514,35.70629]]}},{"type":"Feature","properties":{"idx":2471,"road":"","cls":"pedestrian","shops":19,"st_km":0.06,"mesh":"53394543"},"geometry":{"type":"LineString","coordinates":[[139.66552,35.70626],[139.66549,35.70626]]}},{"type":"Feature","properties":{"idx":148,"road":"南北道路","cls":"tertiary","shops":0,"st_km":0.19,"mesh":"53394543"},"geometry":{"type":"LineString","coordinates":[[139.66709,35.70378],[139.66722,35.70431],[139.66725,35.70549]]}},{"type":"Feature","properties":{"idx":2718,"road":"中野通り","cls":"secondary","shops":30,"st_km":0.18,"mesh":"53394543"},"geometry":{"type":"LineString","coordinates":[[139.66547,35.70427],[139.66548,35.70406]]}},{"type":"Feature","properties":{"idx":2718,"road":"中野通り","cls":"secondary","shops":33,"st_km":0.26,"mesh":"53394543"},"geometry":{"type":"LineString","coordinates":[[139.66548,35.70406],[139.66551,35.70318],[139.66566,35.70275]]}},{"type":"Feature","properties":{"idx":348,"road":"北通り","cls":"secondary","shops":2,"st_km":0.27,"mesh":"53394535"},"geometry":{"type":"LineString","coordinates":[[139.69435,35.69265],[139.69448,35.69262]]}},{"type":"Feature","properties":{"idx":449,"road":"東通り","cls":"secondary","shops":3,"st_km":0.24,"mesh":"53394535"},"geometry":{"type":"LineString","coordinates":[[139.69465,35.69316],[139.69495,35.69372]]}},{"type":"Feature","properties":{"idx":443,"road":"東通り","cls":"secondary","shops":3,"st_km":0.25,"mesh":"53394535"},"geometry":{"type":"LineString","coordinates":[[139.69435,35.69265],[139.69465,35.69316]]}},{"type":"Feature","properties":{"idx":368,"road":"代々木淀橋線","cls":"tertiary","shops":3,"st_km":0.38,"mesh":"53394525"},"geometry":{"type":"LineString","coordinates":[[139.69168,35.68323],[139.6913,35.68382],[139.69097,35.68412]]}},{"type":"Feature","properties":{"idx":1150,"road":"","cls":"tertiary","shops":8,"st_km":0.2,"mesh":"53394519"},"geometry":{"type":"LineString","coordinates":[[139.737,35.68298],[139.73821,35.68298]]}},{"type":"Feature","properties":{"idx":120,"road":"","cls":"secondary_link","shops":0,"st_km":0.35,"mesh":"53394502"},"geometry":{"type":"LineString","coordinates":[[139.66248,35.66895],[139.6622,35.66902],[139.66221,35.66908]]}},{"type":"Feature","properties":{"idx":257,"road":"井ノ頭通り","cls":"secondary","shops":0,"st_km":0.39,"mesh":"53394503"},"geometry":{"type":"LineString","coordinates":[[139.66324,35.66892],[139.66248,35.66895]]}},{"type":"Feature","properties":{"idx":1233,"road":"","cls":"tertiary","shops":4,"st_km":0.1,"mesh":"53394528"},"geometry":{"type":"LineString","coordinates":[[139.73134,35.68635],[139.73131,35.68622]]}},{"type":"Feature","properties":{"idx":712,"road":"環七通り","cls":"primary","shops":4,"st_km":0.18,"mesh":"53394502"},"geometry":{"type":"LineString","coordinates":[[139.66068,35.6723],[139.66062,35.67241]]}},{"type":"Feature","properties":{"idx":940,"road":"環七通り","cls":"primary","shops":6,"st_km":0.19,"mesh":"53394502"},"geometry":{"type":"LineString","coordinates":[[139.66073,35.67244],[139.66077,35.67235]]}},{"type":"Feature","properties":{"idx":574,"road":"環七通り","cls":"primary","shops":3,"st_km":0.21,"mesh":"53394502"},"geometry":{"type":"LineString","coordinates":[[139.66054,35.6728],[139.6606,35.67268]]}},{"type":"Feature","properties":{"idx":1504,"road":"","cls":"tertiary","shops":5,"st_km":0.06,"mesh":"53394528"},"geometry":{"type":"LineString","coordinates":[[139.73112,35.68582],[139.73116,35.68589]]}},{"type":"Feature","properties":{"idx":3392,"road":"外堀通り","cls":"secondary","shops":13,"st_km":0.12,"mesh":"53394528"},"geometry":{"type":"LineString","coordinates":[[139.72978,35.68663],[139.72973,35.68645]]}},{"type":"Feature","properties":{"idx":1347,"road":"補助第171号線","cls":"tertiary","shops":14,"st_km":0.35,"mesh":"53394576"},"geometry":{"type":"LineString","coordinates":[[139.7122,35.72708],[139.7125,35.72744]]}},{"type":"Feature","properties":{"idx":220,"road":"西池袋通り","cls":"secondary","shops":0,"st_km":0.33,"mesh":"53394575"},"geometry":{"type":"LineString","coordinates":[[139.69793,35.72813],[139.6969,35.72806]]}},{"type":"Feature","properties":{"idx":345,"road":"西池袋通り","cls":"secondary","shops":1,"st_km":0.28,"mesh":"53394575"},"geometry":{"type":"LineString","coordinates":[[139.6969,35.72806],[139.69671,35.72804]]}},{"type":"Feature","properties":{"idx":206,"road":"西池袋通り","cls":"secondary","shops":3,"st_km":0.36,"mesh":"53394576"},"geometry":{"type":"LineString","coordinates":[[139.70666,35.72834],[139.70621,35.72848]]}},{"type":"Feature","properties":{"idx":325,"road":"補助第172号線","cls":"tertiary","shops":2,"st_km":0.39,"mesh":"53394576"},"geometry":{"type":"LineString","coordinates":[[139.70826,35.72777],[139.70775,35.72794]]}},{"type":"Feature","properties":{"idx":335,"road":"補助第172号線","cls":"tertiary","shops":2,"st_km":0.36,"mesh":"53394576"},"geometry":{"type":"LineString","coordinates":[[139.71017,35.72714],[139.71037,35.72708]]}},{"type":"Feature","properties":{"idx":501,"road":"補助第172号線","cls":"tertiary","shops":4,"st_km":0.36,"mesh":"53394576"},"geometry":{"type":"LineString","coordinates":[[139.70883,35.72757],[139.70903,35.7275]]}},{"type":"Feature","properties":{"idx":663,"road":"補助第172号線","cls":"tertiary","shops":6,"st_km":0.37,"mesh":"53394576"},"geometry":{"type":"LineString","coordinates":[[139.70826,35.72777],[139.70883,35.72757]]}},{"type":"Feature","properties":{"idx":1399,"road":"補助第172号線","cls":"tertiary","shops":15,"st_km":0.38,"mesh":"53394576"},"geometry":{"type":"LineString","coordinates":[[139.71064,35.72701],[139.71174,35.72677]]}},{"type":"Feature","properties":{"idx":1469,"road":"補助第171号線","cls":"tertiary","shops":16,"st_km":0.38,"mesh":"53394576"},"geometry":{"type":"LineString","coordinates":[[139.71182,35.72676],[139.71199,35.72686],[139.7122,35.72708]]}},{"type":"Feature","properties":{"idx":552,"road":"立教通り","cls":"tertiary","shops":11,"st_km":0.17,"mesh":"53394576"},"geometry":{"type":"LineString","coordinates":[[139.70618,35.73134],[139.70546,35.73117]]}},{"type":"Feature","properties":{"idx":1229,"road":"立教通り","cls":"tertiary","shops":25,"st_km":0.09,"mesh":"53394576"},"geometry":{"type":"LineString","coordinates":[[139.70717,35.73177],[139.70698,35.73162],[139.70618,35.73134]]}},{"type":"Feature","properties":{"idx":407,"road":"不忍通り","cls":"secondary","shops":3,"st_km":0.48,"mesh":"53394567"},"geometry":{"type":"LineString","coordinates":[[139.71826,35.71694],[139.71805,35.7169]]}},{"type":"Feature","properties":{"idx":696,"road":"不忍通り","cls":"secondary","shops":5,"st_km":0.31,"mesh":"53394567"},"geometry":{"type":"LineString","coordinates":[[139.72426,35.71925],[139.72369,35.71898]]}},{"type":"Feature","properties":{"idx":525,"road":"目白通り","cls":"primary","shops":4,"st_km":0.51,"mesh":"53394567"},"geometry":{"type":"LineString","coordinates":[[139.71805,35.7169],[139.71884,35.71652]]}},{"type":"Feature","properties":{"idx":358,"road":"目白通り","cls":"primary","shops":1,"st_km":0.2,"mesh":"53394567"},"geometry":{"type":"LineString","coordinates":[[139.71258,35.71934],[139.7132,35.71907]]}},{"type":"Feature","properties":{"idx":2522,"road":"目白通り","cls":"primary","shops":19,"st_km":0.18,"mesh":"53394566"},"geometry":{"type":"LineString","coordinates":[[139.70561,35.72216],[139.70628,35.72185]]}},{"type":"Feature","properties":{"idx":1917,"road":"目白通り","cls":"primary","shops":16,"st_km":0.3,"mesh":"53394566"},"geometry":{"type":"LineString","coordinates":[[139.70442,35.72265],[139.70457,35.72264]]}},{"type":"Feature","properties":{"idx":3257,"road":"音羽通り","cls":"secondary","shops":10,"st_km":0.1,"mesh":"53394568"},"geometry":{"type":"LineString","coordinates":[[139.72758,35.71904],[139.72828,35.71761]]}},{"type":"Feature","properties":{"idx":1544,"road":"音羽通り","cls":"secondary","shops":4,"st_km":0.16,"mesh":"53394568"},"geometry":{"type":"LineString","coordinates":[[139.72813,35.71772],[139.72798,35.71802]]}},{"type":"Feature","properties":{"idx":727,"road":"音羽通り","cls":"secondary","shops":1,"st_km":0.21,"mesh":"53394568"},"geometry":{"type":"LineString","coordinates":[[139.72845,35.71707],[139.72813,35.71772]]}},{"type":"Feature","properties":{"idx":961,"road":"音羽通り","cls":"secondary","shops":2,"st_km":0.22,"mesh":"53394568"},"geometry":{"type":"LineString","coordinates":[[139.72828,35.71761],[139.72854,35.71709]]}},{"type":"Feature","properties":{"idx":404,"road":"音羽通り","cls":"secondary","shops":4,"st_km":0.46,"mesh":"53394558"},"geometry":{"type":"LineString","coordinates":[[139.72925,35.71566],[139.72953,35.71509]]}},{"type":"Feature","properties":{"idx":152,"road":"音羽通り","cls":"secondary","shops":0,"st_km":0.34,"mesh":"53394558"},"geometry":{"type":"LineString","coordinates":[[139.72854,35.71709],[139.72925,35.71566]]}},{"type":"Feature","properties":{"idx":239,"road":"目白通り","cls":"primary","shops":1,"st_km":0.4,"mesh":"53394558"},"geometry":{"type":"LineString","coordinates":[[139.73118,35.71145],[139.73083,35.71225]]}},{"type":"Feature","properties":{"idx":265,"road":"音羽通り","cls":"secondary","shops":2,"st_km":0.48,"mesh":"53394558"},"geometry":{"type":"LineString","coordinates":[[139.73056,35.71302],[139.73094,35.71229]]}},{"type":"Feature","properties":{"idx":228,"road":"目白通り","cls":"primary","shops":1,"st_km":0.45,"mesh":"53394558"},"geometry":{"type":"LineString","coordinates":[[139.73044,35.71216],[139.73083,35.71225]]}},{"type":"Feature","properties":{"idx":409,"road":"不忍通り","cls":"secondary","shops":0,"st_km":0.38,"mesh":"53394568"},"geometry":{"type":"LineString","coordinates":[[139.73054,35.72123],[139.73099,35.72136]]}},{"type":"Feature","properties":{"idx":580,"road":"不忍通り","cls":"secondary","shops":1,"st_km":0.44,"mesh":"53394568"},"geometry":{"type":"LineString","coordinates":[[139.73099,35.72136],[139.7314,35.72147],[139.73179,35.72149]]}},{"type":"Feature","properties":{"idx":425,"road":"不忍通り","cls":"secondary","shops":0,"st_km":0.34,"mesh":"53394568"},"geometry":{"type":"LineString","coordinates":[[139.73014,35.72111],[139.73054,35.72123]]}},{"type":"Feature","properties":{"idx":412,"road":"不忍通り","cls":"secondary","shops":2,"st_km":0.28,"mesh":"53394567"},"geometry":{"type":"LineString","coordinates":[[139.72448,35.71935],[139.72426,35.71925]]}},{"type":"Feature","properties":{"idx":196,"road":"芝新宿王子線(連絡路)","cls":"primary_link","shops":1,"st_km":0.29,"mesh":"53394526"},"geometry":{"type":"LineString","coordinates":[[139.70642,35.68923],[139.70622,35.68928]]}},{"type":"Feature","properties":{"idx":362,"road":"","cls":"primary","shops":0,"st_km":0.22,"mesh":"53394516"},"geometry":{"type":"LineString","coordinates":[[139.70454,35.68284],[139.70452,35.68329],[139.70442,35.6836]]}},{"type":"Feature","properties":{"idx":280,"road":"芝新宿王子線","cls":"primary","shops":1,"st_km":0.28,"mesh":"53394526"},"geometry":{"type":"LineString","coordinates":[[139.70605,35.68904],[139.70622,35.68928]]}},{"type":"Feature","properties":{"idx":453,"road":"明治通り","cls":"primary","shops":4,"st_km":0.47,"mesh":"53394536"},"geometry":{"type":"LineString","coordinates":[[139.70696,35.69491],[139.70689,35.69458]]}},{"type":"Feature","properties":{"idx":1086,"road":"明治通り","cls":"primary","shops":10,"st_km":0.29,"mesh":"53394536"},"geometry":{"type":"LineString","coordinates":[[139.70582,35.69251],[139.70646,35.69361],[139.70655,35.69367],[139.70676,35.69369]]}},{"type":"Feature","properties":{"idx":482,"road":"明治通り","cls":"primary","shops":4,"st_km":0.4,"mesh":"53394536"},"geometry":{"type":"LineString","coordinates":[[139.70689,35.69458],[139.70693,35.6936]]}},{"type":"Feature","properties":{"idx":903,"road":"明治通り","cls":"primary","shops":7,"st_km":0.2,"mesh":"53394526"},"geometry":{"type":"LineString","coordinates":[[139.70371,35.68555],[139.70376,35.68524],[139.70398,35.68458]]}},{"type":"Feature","properties":{"idx":245,"road":"","cls":"tertiary","shops":2,"st_km":0.41,"mesh":"53394536"},"geometry":{"type":"LineString","coordinates":[[139.70764,35.69653],[139.70804,35.69644],[139.7084,35.69629],[139.70875,35.69605],[139.70918,35.69561]]}},{"type":"Feature","properties":{"idx":2956,"road":"環二通り","cls":"secondary","shops":16,"st_km":0.06,"mesh":"53394509"},"geometry":{"type":"LineString","coordinates":[[139.74843,35.66725],[139.74837,35.66733]]}},{"type":"Feature","properties":{"idx":1784,"road":"環二通り","cls":"secondary","shops":9,"st_km":0.07,"mesh":"53394509"},"geometry":{"type":"LineString","coordinates":[[139.74844,35.66754],[139.7486,35.66734]]}},{"type":"Feature","properties":{"idx":98,"road":"代々木淀橋線","cls":"tertiary_link","shops":1,"st_km":0.16,"mesh":"53394505"},"geometry":{"type":"LineString","coordinates":[[139.69087,35.67042],[139.69056,35.67036],[139.69047,35.67028]]}},{"type":"Feature","properties":{"idx":102,"road":"代々木淀橋線","cls":"tertiary","shops":0,"st_km":0.19,"mesh":"53394505"},"geometry":{"type":"LineString","coordinates":[[139.69131,35.66849],[139.69178,35.66791]]}},{"type":"Feature","properties":{"idx":815,"road":"都市計画道路補助第72号線(つつじ通り)","cls":"tertiary","shops":2,"st_km":0.27,"mesh":"53394546"},"geometry":{"type":"LineString","coordinates":[[139.70109,35.70407],[139.70093,35.70253]]}},{"type":"Feature","properties":{"idx":1502,"road":"明治通","cls":"primary","shops":11,"st_km":0.26,"mesh":"53394576"},"geometry":{"type":"LineString","coordinates":[[139.71181,35.72704],[139.71196,35.7276],[139.7121,35.72899]]}},{"type":"Feature","properties":{"idx":251,"road":"補助第172号線","cls":"tertiary","shops":1,"st_km":0.36,"mesh":"53394576"},"geometry":{"type":"LineString","coordinates":[[139.71037,35.72708],[139.7105,35.72705]]}},{"type":"Feature","properties":{"idx":333,"road":"補助第172号線","cls":"tertiary","shops":2,"st_km":0.36,"mesh":"53394576"},"geometry":{"type":"LineString","coordinates":[[139.7105,35.72705],[139.71064,35.72701]]}},{"type":"Feature","properties":{"idx":2345,"road":"目白通り","cls":"primary","shops":31,"st_km":0.08,"mesh":"53394549"},"geometry":{"type":"LineString","coordinates":[[139.74589,35.70171],[139.74564,35.70191]]}},{"type":"Feature","properties":{"idx":380,"road":"","cls":"pedestrian","shops":2,"st_km":0.3,"mesh":"53394526"},"geometry":{"type":"LineString","coordinates":[[139.70977,35.68638],[139.70969,35.6857]]}},{"type":"Feature","properties":{"idx":170,"road":"","cls":"pedestrian","shops":0,"st_km":0.38,"mesh":"53394526"},"geometry":{"type":"LineString","coordinates":[[139.70825,35.68334],[139.70843,35.68367],[139.709,35.68393],[139.70934,35.68426]]}},{"type":"Feature","properties":{"idx":253,"road":"","cls":"pedestrian","shops":1,"st_km":0.39,"mesh":"53394526"},"geometry":{"type":"LineString","coordinates":[[139.70934,35.68426],[139.70939,35.68431]]}},{"type":"Feature","properties":{"idx":1253,"road":"","cls":"pedestrian","shops":4,"st_km":0.1,"mesh":"53394516"},"geometry":{"type":"LineString","coordinates":[[139.71104,35.68176],[139.71126,35.68198],[139.71156,35.68243]]}},{"type":"Feature","properties":{"idx":601,"road":"","cls":"pedestrian","shops":1,"st_km":0.14,"mesh":"53394516"},"geometry":{"type":"LineString","coordinates":[[139.71156,35.68243],[139.71161,35.6825]]}},{"type":"Feature","properties":{"idx":369,"road":"","cls":"pedestrian","shops":2,"st_km":0.39,"mesh":"53394526"},"geometry":{"type":"LineString","coordinates":[[139.70759,35.68826],[139.70635,35.68821],[139.70587,35.68805],[139.70561,35.68787]]}},{"type":"Feature","properties":{"idx":549,"road":"","cls":"pedestrian","shops":4,"st_km":0.4,"mesh":"53394526"},"geometry":{"type":"LineString","coordinates":[[139.70561,35.68787],[139.70522,35.68758]]}},{"type":"Feature","properties":{"idx":456,"road":"","cls":"pedestrian","shops":3,"st_km":0.32,"mesh":"53394526"},"geometry":{"type":"LineString","coordinates":[[139.71071,35.68399],[139.71068,35.68393]]}},{"type":"Feature","properties":{"idx":559,"road":"紀尾井町通り","cls":"tertiary","shops":2,"st_km":0.18,"mesh":"53394518"},"geometry":{"type":"LineString","coordinates":[[139.7363,35.67822],[139.73629,35.67831]]}},{"type":"Feature","properties":{"idx":872,"road":"","cls":"secondary_link","shops":7,"st_km":0.49,"mesh":"53394539"},"geometry":{"type":"LineString","coordinates":[[139.74641,35.69407],[139.74637,35.69419],[139.74622,35.69421]]}},{"type":"Feature","properties":{"idx":710,"road":"合羽坂","cls":"primary","shops":3,"st_km":0.25,"mesh":"53394538"},"geometry":{"type":"LineString","coordinates":[[139.72517,35.6924],[139.72555,35.69223]]}},{"type":"Feature","properties":{"idx":295,"road":"","cls":"primary_link","shops":1,"st_km":0.26,"mesh":"53394538"},"geometry":{"type":"LineString","coordinates":[[139.72551,35.69214],[139.72541,35.69224]]}},{"type":"Feature","properties":{"idx":403,"road":"","cls":"primary_link","shops":2,"st_km":0.24,"mesh":"53394538"},"geometry":{"type":"LineString","coordinates":[[139.72509,35.69225],[139.72527,35.69227],[139.7253,35.69231]]}},{"type":"Feature","properties":{"idx":574,"road":"靖国通り","cls":"primary","shops":2,"st_km":0.24,"mesh":"53394538"},"geometry":{"type":"LineString","coordinates":[[139.72509,35.69225],[139.72541,35.69224]]}},{"type":"Feature","properties":{"idx":191,"road":"東京医大通り","cls":"tertiary","shops":1,"st_km":0.58,"mesh":"53394537"},"geometry":{"type":"LineString","coordinates":[[139.71444,35.69267],[139.71499,35.69262],[139.71539,35.69245],[139.71668,35.69126]]}},{"type":"Feature","properties":{"idx":327,"road":"環状4号線","cls":"primary","shops":2,"st_km":0.56,"mesh":"53394537"},"geometry":{"type":"LineString","coordinates":[[139.71437,35.69267],[139.71442,35.69267]]}},{"type":"Feature","properties":{"idx":408,"road":"環状4号線","cls":"primary","shops":3,"st_km":0.56,"mesh":"53394537"},"geometry":{"type":"LineString","coordinates":[[139.71442,35.69267],[139.71444,35.69267]]}},{"type":"Feature","properties":{"idx":238,"road":"井ノ頭通り","cls":"secondary","shops":0,"st_km":0.54,"mesh":"53394503"},"geometry":{"type":"LineString","coordinates":[[139.66611,35.66888],[139.66678,35.66885]]}},{"type":"Feature","properties":{"idx":937,"road":"環七通り","cls":"primary","shops":6,"st_km":0.19,"mesh":"53394502"},"geometry":{"type":"LineString","coordinates":[[139.6607,35.67248],[139.66073,35.67244]]}},{"type":"Feature","properties":{"idx":160,"road":"代々木淀橋線","cls":"tertiary","shops":1,"st_km":0.14,"mesh":"53394505"},"geometry":{"type":"LineString","coordinates":[[139.69114,35.66873],[139.69131,35.66849]]}},{"type":"Feature","properties":{"idx":247,"road":"外堀通り","cls":"secondary","shops":0,"st_km":0.47,"mesh":"53394518"},"geometry":{"type":"LineString","coordinates":[[139.73287,35.6789],[139.73244,35.67977],[139.73218,35.68009],[139.73193,35.68033],[139.73079,35.68114],[139.73066,35.68133],[139.72911,35.68431]]}},{"type":"Feature","properties":{"idx":81,"road":"","cls":"tertiary","shops":0,"st_km":0.51,"mesh":"53394517"},"geometry":{"type":"LineString","coordinates":[[139.71521,35.67552],[139.71547,35.67501]]}},{"type":"Feature","properties":{"idx":3062,"road":"スタジアム通り","cls":"tertiary","shops":17,"st_km":0.13,"mesh":"53394507"},"geometry":{"type":"LineString","coordinates":[[139.71679,35.67244],[139.7169,35.67199],[139.71681,35.67054],[139.71683,35.67035],[139.71698,35.67005]]}},{"type":"Feature","properties":{"idx":1226,"road":"要町通り","cls":"secondary","shops":3,"st_km":0.1,"mesh":"53394594"},"geometry":{"type":"LineString","coordinates":[[139.68071,35.7428],[139.68026,35.743]]}},{"type":"Feature","properties":{"idx":1230,"road":"要町通り","cls":"secondary","shops":3,"st_km":0.1,"mesh":"53394594"},"geometry":{"type":"LineString","coordinates":[[139.6803,35.74306],[139.68069,35.74288]]}},{"type":"Feature","properties":{"idx":617,"road":"","cls":"pedestrian","shops":6,"st_km":0.08,"mesh":"53394505"},"geometry":{"type":"LineString","coordinates":[[139.68806,35.66947],[139.68836,35.6695]]}},{"type":"Feature","properties":{"idx":1079,"road":"","cls":"tertiary","shops":13,"st_km":0.05,"mesh":"53394506"},"geometry":{"type":"LineString","coordinates":[[139.70327,35.67225],[139.70309,35.67187],[139.70285,35.6709],[139.70287,35.6703],[139.70278,35.66953]]}},{"type":"Feature","properties":{"idx":362,"road":"","cls":"living_street","shops":3,"st_km":0.1,"mesh":"53394567"},"geometry":{"type":"LineString","coordinates":[[139.71458,35.72061],[139.71443,35.72201]]}},{"type":"Feature","properties":{"idx":893,"road":"","cls":"pedestrian","shops":2,"st_km":0.21,"mesh":"53394508"},"geometry":{"type":"LineString","coordinates":[[139.72606,35.67109],[139.7257,35.67207]]}},{"type":"Feature","properties":{"idx":905,"road":"","cls":"pedestrian","shops":2,"st_km":0.24,"mesh":"53394528"},"geometry":{"type":"LineString","coordinates":[[139.73527,35.68391],[139.73513,35.68312]]}},{"type":"Feature","properties":{"idx":1671,"road":"","cls":"pedestrian","shops":18,"st_km":0.19,"mesh":"53394506"},"geometry":{"type":"LineString","coordinates":[[139.70576,35.67012],[139.70531,35.67046]]}},{"type":"Feature","properties":{"idx":1693,"road":"","cls":"pedestrian","shops":11,"st_km":0.24,"mesh":"53394576"},"geometry":{"type":"LineString","coordinates":[[139.71056,35.73242],[139.71089,35.73245]]}},{"type":"Feature","properties":{"idx":1229,"road":"新宿通り","cls":"tertiary","shops":15,"st_km":0.32,"mesh":"53394526"},"geometry":{"type":"LineString","coordinates":[[139.70766,35.6896],[139.70685,35.68997]]}},{"type":"Feature","properties":{"idx":689,"road":"","cls":"pedestrian","shops":7,"st_km":0.6,"mesh":"53394591"},"geometry":{"type":"LineString","coordinates":[[139.64258,35.74573],[139.64254,35.74586],[139.6424,35.74599],[139.64192,35.7461],[139.64169,35.74621],[139.64145,35.74654]]}},{"type":"Feature","properties":{"idx":945,"road":"","cls":"pedestrian","shops":10,"st_km":0.57,"mesh":"53394591"},"geometry":{"type":"LineString","coordinates":[[139.64116,35.74582],[139.64117,35.74588],[139.64137,35.74595],[139.64169,35.74621],[139.64272,35.7467],[139.64315,35.7468]]}},{"type":"Feature","properties":{"idx":223,"road":"","cls":"pedestrian","shops":1,"st_km":0.63,"mesh":"53394591"},"geometry":{"type":"LineString","coordinates":[[139.64108,35.74581],[139.64156,35.74586],[139.64212,35.74582],[139.64258,35.74573],[139.64313,35.74557]]}},{"type":"Feature","properties":{"idx":450,"road":"","cls":"pedestrian","shops":4,"st_km":0.62,"mesh":"53394591"},"geometry":{"type":"LineString","coordinates":[[139.64309,35.74704],[139.64333,35.74618],[139.6436,35.74584],[139.64366,35.74567],[139.64363,35.7454]]}},{"type":"Feature","properties":{"idx":308,"road":"","cls":"pedestrian","shops":2,"st_km":0.58,"mesh":"53394591"},"geometry":{"type":"LineString","coordinates":[[139.64313,35.74557],[139.64318,35.74564],[139.64332,35.7457],[139.64366,35.7456]]}},{"type":"Feature","properties":{"idx":378,"road":"","cls":"pedestrian","shops":3,"st_km":0.61,"mesh":"53394591"},"geometry":{"type":"LineString","coordinates":[[139.64257,35.7458],[139.64266,35.74607],[139.64285,35.74636]]}},{"type":"Feature","properties":{"idx":376,"road":"","cls":"pedestrian","shops":3,"st_km":0.61,"mesh":"53394591"},"geometry":{"type":"LineString","coordinates":[[139.6424,35.74599],[139.64268,35.7461]]}},{"type":"Feature","properties":{"idx":691,"road":"","cls":"pedestrian","shops":7,"st_km":0.59,"mesh":"53394591"},"geometry":{"type":"LineString","coordinates":[[139.64337,35.74609],[139.64249,35.74657]]}},{"type":"Feature","properties":{"idx":1547,"road":"下板橋通り","cls":"tertiary","shops":6,"st_km":0.2,"mesh":"53394597"},"geometry":{"type":"LineString","coordinates":[[139.71566,35.74726],[139.715,35.74633]]}},{"type":"Feature","properties":{"idx":212,"road":"","cls":"pedestrian","shops":0,"st_km":0.26,"mesh":"53394591"},"geometry":{"type":"LineString","coordinates":[[139.64671,35.74407],[139.64668,35.74412]]}},{"type":"Feature","properties":{"idx":1351,"road":"明治通り","cls":"primary","shops":15,"st_km":0.44,"mesh":"53394577"},"geometry":{"type":"LineString","coordinates":[[139.71488,35.73247],[139.71518,35.73263]]}},{"type":"Feature","properties":{"idx":937,"road":"明治通り","cls":"primary","shops":11,"st_km":0.53,"mesh":"53394577"},"geometry":{"type":"LineString","coordinates":[[139.71518,35.73263],[139.71664,35.73346]]}},{"type":"Feature","properties":{"idx":2153,"road":"明治通り","cls":"primary","shops":23,"st_km":0.36,"mesh":"53394577"},"geometry":{"type":"LineString","coordinates":[[139.71455,35.73222],[139.71416,35.73201]]}},{"type":"Feature","properties":{"idx":157,"road":"","cls":"pedestrian","shops":0,"st_km":0.36,"mesh":"53394547"},"geometry":{"type":"LineString","coordinates":[[139.71826,35.70639],[139.71821,35.70543]]}},{"type":"Feature","properties":{"idx":177,"road":"飯田橋石神井新座線（支線）（補助第74号線）","cls":"primary","shops":1,"st_km":0.6,"mesh":"53394555"},"geometry":{"type":"LineString","coordinates":[[139.69942,35.70902],[139.69921,35.70895]]}},{"type":"Feature","properties":{"idx":298,"road":"プラザ通り","cls":"living_street","shops":3,"st_km":0.29,"mesh":"53394525"},"geometry":{"type":"LineString","coordinates":[[139.69511,35.68996],[139.69639,35.69002]]}},{"type":"Feature","properties":{"idx":481,"road":"靖国通り","cls":"primary","shops":3,"st_km":0.42,"mesh":"53394527"},"geometry":{"type":"LineString","coordinates":[[139.7146,35.69136],[139.71546,35.69147],[139.71668,35.69126],[139.71718,35.69128],[139.7213,35.69231]]}},{"type":"Feature","properties":{"idx":488,"road":"靖国通り","cls":"primary","shops":4,"st_km":0.36,"mesh":"53394526"},"geometry":{"type":"LineString","coordinates":[[139.71254,35.69125],[139.70815,35.69175],[139.70694,35.69207]]}},{"type":"Feature","properties":{"idx":306,"road":"靖国通り","cls":"primary","shops":1,"st_km":0.37,"mesh":"53394527"},"geometry":{"type":"LineString","coordinates":[[139.71252,35.69135],[139.71378,35.69124]]}},{"type":"Feature","properties":{"idx":296,"road":"靖国通り","cls":"primary","shops":1,"st_km":0.4,"mesh":"53394527"},"geometry":{"type":"LineString","coordinates":[[139.71378,35.69124],[139.71383,35.69124]]}},{"type":"Feature","properties":{"idx":933,"road":"","cls":"tertiary","shops":3,"st_km":0.56,"mesh":"53394559"},"geometry":{"type":"LineString","coordinates":[[139.74269,35.71557],[139.74275,35.71552]]}},{"type":"Feature","properties":{"idx":562,"road":"靖国通り","cls":"primary","shops":2,"st_km":0.26,"mesh":"53394538"},"geometry":{"type":"LineString","coordinates":[[139.72541,35.69224],[139.72555,35.69223]]}},{"type":"Feature","properties":{"idx":497,"road":"","cls":"primary_link","shops":3,"st_km":0.25,"mesh":"53394538"},"geometry":{"type":"LineString","coordinates":[[139.72541,35.69224],[139.7253,35.69231]]}},{"type":"Feature","properties":{"idx":603,"road":"","cls":"primary_link","shops":4,"st_km":0.24,"mesh":"53394538"},"geometry":{"type":"LineString","coordinates":[[139.7253,35.69231],[139.72517,35.6924]]}},{"type":"Feature","properties":{"idx":2394,"road":"","cls":"secondary","shops":11,"st_km":0.1,"mesh":"53394500"},"geometry":{"type":"LineString","coordinates":[[139.63255,35.66763],[139.63257,35.66774]]}},{"type":"Feature","properties":{"idx":4582,"road":"中杉通り","cls":"secondary","shops":21,"st_km":0.09,"mesh":"53394581"},"geometry":{"type":"LineString","coordinates":[[139.63834,35.73616],[139.63827,35.73622],[139.63793,35.73736]]}},{"type":"Feature","properties":{"idx":316,"road":"","cls":"pedestrian","shops":2,"st_km":0.21,"mesh":"53394557"},"geometry":{"type":"LineString","coordinates":[[139.71889,35.71014],[139.7182,35.70998]]}},{"type":"Feature","properties":{"idx":843,"road":"","cls":"pedestrian","shops":5,"st_km":0.07,"mesh":"53394582"},"geometry":{"type":"LineString","coordinates":[[139.65375,35.73802],[139.65371,35.73824],[139.65367,35.73824]]}},{"type":"Feature","properties":{"idx":2757,"road":"","cls":"pedestrian","shops":24,"st_km":0.23,"mesh":"53394536"},"geometry":{"type":"LineString","coordinates":[[139.70331,35.69313],[139.70336,35.69309],[139.70331,35.69313]]}},{"type":"Feature","properties":{"idx":1159,"road":"諏訪通り","cls":"primary","shops":14,"st_km":0.34,"mesh":"53394547"},"geometry":{"type":"LineString","coordinates":[[139.71876,35.70666],[139.71832,35.70649]]}},{"type":"Feature","properties":{"idx":302,"road":"靖国通り","cls":"primary","shops":1,"st_km":0.38,"mesh":"53394527"},"geometry":{"type":"LineString","coordinates":[[139.71462,35.69128],[139.71377,35.69117],[139.71254,35.69125]]}},{"type":"Feature","properties":{"idx":480,"road":"靖国通り","cls":"primary","shops":3,"st_km":0.43,"mesh":"53394527"},"geometry":{"type":"LineString","coordinates":[[139.71383,35.69124],[139.7146,35.69136]]}},{"type":"Feature","properties":{"idx":802,"road":"靖国通り","cls":"primary","shops":6,"st_km":0.13,"mesh":"53394536"},"geometry":{"type":"LineString","coordinates":[[139.70059,35.6936],[139.70041,35.69355]]}},{"type":"Feature","properties":{"idx":2355,"road":"靖国通り","cls":"primary","shops":22,"st_km":0.21,"mesh":"53394536"},"geometry":{"type":"LineString","coordinates":[[139.70582,35.69251],[139.70589,35.69249]]}},{"type":"Feature","properties":{"idx":1776,"road":"明治通り","cls":"primary","shops":16,"st_km":0.2,"mesh":"53394536"},"geometry":{"type":"LineString","coordinates":[[139.70589,35.69249],[139.70582,35.69237]]}},{"type":"Feature","properties":{"idx":1023,"road":"明治通り","cls":"primary","shops":7,"st_km":0.1,"mesh":"53394526"},"geometry":{"type":"LineString","coordinates":[[139.70491,35.69085],[139.70423,35.68984]]}},{"type":"Feature","properties":{"idx":832,"road":"メンズ館連絡通路","cls":"pedestrian","shops":5,"st_km":0.12,"mesh":"53394536"},"geometry":{"type":"LineString","coordinates":[[139.7045,35.69227],[139.70444,35.69218]]}},{"type":"Feature","properties":{"idx":838,"road":"メンズ館連絡通路","cls":"pedestrian","shops":5,"st_km":0.11,"mesh":"53394536"},"geometry":{"type":"LineString","coordinates":[[139.70444,35.69218],[139.70442,35.69214]]}},{"type":"Feature","properties":{"idx":1370,"road":"","cls":"pedestrian","shops":13,"st_km":0.39,"mesh":"53394577"},"geometry":{"type":"LineString","coordinates":[[139.71381,35.72753],[139.71387,35.7275],[139.71407,35.72771],[139.71401,35.72775]]}},{"type":"Feature","properties":{"idx":709,"road":"","cls":"pedestrian","shops":6,"st_km":0.42,"mesh":"53394577"},"geometry":{"type":"LineString","coordinates":[[139.71389,35.72752],[139.71407,35.72742],[139.71412,35.72721],[139.71429,35.7272]]}},{"type":"Feature","properties":{"idx":351,"road":"","cls":"pedestrian","shops":2,"st_km":0.43,"mesh":"53394577"},"geometry":{"type":"LineString","coordinates":[[139.71408,35.7274],[139.71433,35.72724]]}},{"type":"Feature","properties":{"idx":376,"road":"","cls":"pedestrian","shops":3,"st_km":0.42,"mesh":"53394577"},"geometry":{"type":"LineString","coordinates":[[139.71429,35.7272],[139.71435,35.72726],[139.71442,35.72723],[139.71498,35.72782]]}},{"type":"Feature","properties":{"idx":536,"road":"","cls":"pedestrian","shops":4,"st_km":0.42,"mesh":"53394577"},"geometry":{"type":"LineString","coordinates":[[139.71407,35.72771],[139.71416,35.72766],[139.71424,35.72774],[139.71437,35.72767],[139.71453,35.72778],[139.71479,35.72762]]}},{"type":"Feature","properties":{"idx":217,"road":"諏訪通り","cls":"primary_link","shops":3,"st_km":0.27,"mesh":"53394556"},"geometry":{"type":"LineString","coordinates":[[139.70631,35.70875],[139.70627,35.70866]]}},{"type":"Feature","properties":{"idx":188,"road":"飯田橋石神井新座線（支線）（補助第74号線）","cls":"primary","shops":1,"st_km":0.4,"mesh":"53394556"},"geometry":{"type":"LineString","coordinates":[[139.70277,35.70941],[139.70305,35.70934]]}},{"type":"Feature","properties":{"idx":125,"road":"諏訪通りトンネル","cls":"primary","shops":0,"st_km":0.4,"mesh":"53394556"},"geometry":{"type":"LineString","coordinates":[[139.70246,35.70948],[139.70277,35.70941]]}},{"type":"Feature","properties":{"idx":427,"road":"","cls":"secondary_link","shops":5,"st_km":0.12,"mesh":"53394536"},"geometry":{"type":"LineString","coordinates":[[139.70025,35.6936],[139.70041,35.69355]]}},{"type":"Feature","properties":{"idx":1094,"road":"靖国通り","cls":"primary","shops":9,"st_km":0.14,"mesh":"53394536"},"geometry":{"type":"LineString","coordinates":[[139.70035,35.69379],[139.70057,35.6938]]}},{"type":"Feature","properties":{"idx":847,"road":"青梅街道","cls":"primary","shops":7,"st_km":0.28,"mesh":"53394535"},"geometry":{"type":"LineString","coordinates":[[139.69566,35.6936],[139.69658,35.69335]]}},{"type":"Feature","properties":{"idx":1435,"road":"","cls":"secondary_link","shops":18,"st_km":0.05,"mesh":"53394535"},"geometry":{"type":"LineString","coordinates":[[139.69957,35.6935],[139.69939,35.69353]]}},{"type":"Feature","properties":{"idx":569,"road":"靖国通り","cls":"primary","shops":3,"st_km":0.1,"mesh":"53394535"},"geometry":{"type":"LineString","coordinates":[[139.69948,35.69373],[139.70035,35.69379]]}},{"type":"Feature","properties":{"idx":2796,"road":"小滝橋通り","cls":"secondary","shops":24,"st_km":0.05,"mesh":"53394535"},"geometry":{"type":"LineString","coordinates":[[139.69913,35.69357],[139.69912,35.69364]]}},{"type":"Feature","properties":{"idx":1136,"road":"中央通り","cls":"secondary","shops":10,"st_km":0.24,"mesh":"53394525"},"geometry":{"type":"LineString","coordinates":[[139.69824,35.69104],[139.69816,35.69111],[139.69804,35.69113]]}},{"type":"Feature","properties":{"idx":1626,"road":"","cls":"tertiary","shops":27,"st_km":0.1,"mesh":"53394549"},"geometry":{"type":"LineString","coordinates":[[139.74568,35.70193],[139.74572,35.70195]]}},{"type":"Feature","properties":{"idx":183,"road":"飯田橋石神井新座線（支線）（補助第74号線）","cls":"primary","shops":1,"st_km":0.56,"mesh":"53394555"},"geometry":{"type":"LineString","coordinates":[[139.69942,35.70902],[139.69996,35.70927]]}},{"type":"Feature","properties":{"idx":186,"road":"飯田橋石神井新座線（支線）（補助第74号線）","cls":"primary","shops":1,"st_km":0.54,"mesh":"53394555"},"geometry":{"type":"LineString","coordinates":[[139.70003,35.70917],[139.69992,35.70915]]}},{"type":"Feature","properties":{"idx":186,"road":"飯田橋石神井新座線（支線）（補助第74号線）","cls":"primary","shops":1,"st_km":0.54,"mesh":"53394555"},"geometry":{"type":"LineString","coordinates":[[139.70001,35.7092],[139.69992,35.70915]]}},{"type":"Feature","properties":{"idx":150,"road":"","cls":"tertiary","shops":1,"st_km":0.54,"mesh":"53394555"},"geometry":{"type":"LineString","coordinates":[[139.70001,35.7092],[139.69996,35.70927]]}},{"type":"Feature","properties":{"idx":131,"road":"","cls":"tertiary","shops":1,"st_km":0.54,"mesh":"53394556"},"geometry":{"type":"LineString","coordinates":[[139.70003,35.70917],[139.70001,35.7092]]}},{"type":"Feature","properties":{"idx":182,"road":"飯田橋石神井新座線（支線）（補助第74号線）","cls":"primary","shops":1,"st_km":0.57,"mesh":"53394555"},"geometry":{"type":"LineString","coordinates":[[139.69992,35.70915],[139.69942,35.70902]]}},{"type":"Feature","properties":{"idx":165,"road":"飯田橋石神井新座線（支線）（補助第74号線）","cls":"primary","shops":1,"st_km":0.53,"mesh":"53394556"},"geometry":{"type":"LineString","coordinates":[[139.69996,35.70927],[139.7001,35.70931]]}},{"type":"Feature","properties":{"idx":136,"road":"諏訪通り","cls":"primary","shops":0,"st_km":0.19,"mesh":"53394556"},"geometry":{"type":"LineString","coordinates":[[139.70631,35.70875],[139.7072,35.70851],[139.7082,35.70846]]}},{"type":"Feature","properties":{"idx":364,"road":"諏訪通り","cls":"primary","shops":4,"st_km":0.3,"mesh":"53394556"},"geometry":{"type":"LineString","coordinates":[[139.70587,35.70884],[139.70631,35.70875]]}},{"type":"Feature","properties":{"idx":742,"road":"諏訪通り","cls":"primary","shops":8,"st_km":0.1,"mesh":"53394556"},"geometry":{"type":"LineString","coordinates":[[139.70848,35.70845],[139.7082,35.70846]]}},{"type":"Feature","properties":{"idx":133,"road":"諏訪通り","cls":"primary","shops":0,"st_km":0.21,"mesh":"53394556"},"geometry":{"type":"LineString","coordinates":[[139.7082,35.70846],[139.70723,35.70844],[139.70583,35.70874]]}},{"type":"Feature","properties":{"idx":435,"road":"外堀通り","cls":"secondary","shops":0,"st_km":0.16,"mesh":"53394528"},"geometry":{"type":"LineString","coordinates":[[139.72911,35.68431],[139.72925,35.68518]]}},{"type":"Feature","properties":{"idx":673,"road":"外堀通り","cls":"secondary","shops":1,"st_km":0.13,"mesh":"53394528"},"geometry":{"type":"LineString","coordinates":[[139.72955,35.68579],[139.72929,35.68411]]}},{"type":"Feature","properties":{"idx":3903,"road":"外堀通り","cls":"secondary","shops":15,"st_km":0.11,"mesh":"53394528"},"geometry":{"type":"LineString","coordinates":[[139.72937,35.68583],[139.7294,35.68596]]}},{"type":"Feature","properties":{"idx":183,"road":"","cls":"secondary_link","shops":0,"st_km":0.29,"mesh":"53394509"},"geometry":{"type":"LineString","coordinates":[[139.74775,35.67404],[139.74794,35.67418]]}},{"type":"Feature","properties":{"idx":186,"road":"","cls":"secondary_link","shops":0,"st_km":0.27,"mesh":"53394509"},"geometry":{"type":"LineString","coordinates":[[139.74813,35.6741],[139.74793,35.67397]]}},{"type":"Feature","properties":{"idx":186,"road":"","cls":"secondary_link","shops":0,"st_km":0.27,"mesh":"53394509"},"geometry":{"type":"LineString","coordinates":[[139.74812,35.67426],[139.74804,35.67414]]}},{"type":"Feature","properties":{"idx":182,"road":"","cls":"secondary_link","shops":0,"st_km":0.3,"mesh":"53394509"},"geometry":{"type":"LineString","coordinates":[[139.74775,35.67389],[139.74783,35.67401]]}},{"type":"Feature","properties":{"idx":348,"road":"","cls":"tertiary","shops":0,"st_km":0.29,"mesh":"53394599"},"geometry":{"type":"LineString","coordinates":[[139.74861,35.74563],[139.74865,35.74566]]}},{"type":"Feature","properties":{"idx":470,"road":"角筈和泉町線(泉南)","cls":"secondary","shops":3,"st_km":0.31,"mesh":"53394502"},"geometry":{"type":"LineString","coordinates":[[139.66006,35.67381],[139.66,35.67379]]}},{"type":"Feature","properties":{"idx":365,"road":"角筈和泉町線","cls":"secondary","shops":2,"st_km":0.34,"mesh":"53394502"},"geometry":{"type":"LineString","coordinates":[[139.6608,35.67408],[139.66017,35.67385]]}},{"type":"Feature","properties":{"idx":240,"road":"環七通り","cls":"primary","shops":0,"st_km":0.17,"mesh":"53394502"},"geometry":{"type":"LineString","coordinates":[[139.66077,35.67235],[139.66135,35.67121]]}},{"type":"Feature","properties":{"idx":993,"road":"本郷通り","cls":"secondary","shops":4,"st_km":0.56,"mesh":"53394599"},"geometry":{"type":"LineString","coordinates":[[139.74609,35.73821],[139.74611,35.73833],[139.74738,35.74151],[139.74722,35.74256],[139.74712,35.74295],[139.74533,35.7441],[139.74501,35.74428],[139.74438,35.74451]]}},{"type":"Feature","properties":{"idx":673,"road":"中野通り","cls":"secondary","shops":0,"st_km":0.51,"mesh":"53394574"},"geometry":{"type":"LineString","coordinates":[[139.67751,35.72952],[139.67754,35.72961]]}},{"type":"Feature","properties":{"idx":440,"road":"","cls":"pedestrian","shops":5,"st_km":0.29,"mesh":"53394549"},"geometry":{"type":"LineString","coordinates":[[139.74373,35.70023],[139.74368,35.70015]]}},{"type":"Feature","properties":{"idx":287,"road":"","cls":"primary_link","shops":1,"st_km":0.25,"mesh":"53394575"},"geometry":{"type":"LineString","coordinates":[[139.69841,35.73095],[139.69826,35.731]]}},{"type":"Feature","properties":{"idx":420,"road":"","cls":"tertiary","shops":1,"st_km":0.1,"mesh":"53394509"},"geometry":{"type":"LineString","coordinates":[[139.7468,35.66663],[139.74703,35.66702]]}},{"type":"Feature","properties":{"idx":523,"road":"","cls":"tertiary","shops":2,"st_km":0.16,"mesh":"53394509"},"geometry":{"type":"LineString","coordinates":[[139.74607,35.66834],[139.74669,35.66812]]}},{"type":"Feature","properties":{"idx":273,"road":"","cls":"tertiary","shops":0,"st_km":0.12,"mesh":"53394509"},"geometry":{"type":"LineString","coordinates":[[139.74669,35.66812],[139.74692,35.66803]]}},{"type":"Feature","properties":{"idx":395,"road":"","cls":"tertiary","shops":1,"st_km":0.16,"mesh":"53394509"},"geometry":{"type":"LineString","coordinates":[[139.74594,35.6667],[139.74628,35.66728]]}},{"type":"Feature","properties":{"idx":274,"road":"","cls":"tertiary","shops":0,"st_km":0.72,"mesh":"53394592"},"geometry":{"type":"LineString","coordinates":[[139.65309,35.74611],[139.65395,35.74733]]}},{"type":"Feature","properties":{"idx":825,"road":"南中央通り","cls":"tertiary","shops":7,"st_km":0.33,"mesh":"53394542"},"geometry":{"type":"LineString","coordinates":[[139.6534,35.7023],[139.65221,35.7026],[139.64963,35.70307]]}},{"type":"Feature","properties":{"idx":766,"road":"青梅街道","cls":"primary_link","shops":9,"st_km":0.22,"mesh":"53394535"},"geometry":{"type":"LineString","coordinates":[[139.69658,35.69335],[139.69681,35.69328]]}},{"type":"Feature","properties":{"idx":1275,"road":"早稲田通り","cls":"primary","shops":11,"st_km":0.33,"mesh":"53394548"},"geometry":{"type":"LineString","coordinates":[[139.73079,35.70481],[139.73079,35.70463],[139.73086,35.70453],[139.73139,35.70442]]}},{"type":"Feature","properties":{"idx":1734,"road":"牛込中央通り","cls":"tertiary","shops":16,"st_km":0.13,"mesh":"53394548"},"geometry":{"type":"LineString","coordinates":[[139.7331,35.70411],[139.73306,35.70395]]}},{"type":"Feature","properties":{"idx":906,"road":"新宿通り","cls":"tertiary","shops":8,"st_km":0.04,"mesh":"53394526"},"geometry":{"type":"LineString","coordinates":[[139.71182,35.68835],[139.71081,35.68857]]}},{"type":"Feature","properties":{"idx":804,"road":"新宿通り","cls":"tertiary","shops":7,"st_km":0.05,"mesh":"53394526"},"geometry":{"type":"LineString","coordinates":[[139.71081,35.68857],[139.70993,35.68876]]}},{"type":"Feature","properties":{"idx":584,"road":"新宿通り","cls":"tertiary","shops":5,"st_km":0.11,"mesh":"53394526"},"geometry":{"type":"LineString","coordinates":[[139.71239,35.68823],[139.71191,35.68833]]}},{"type":"Feature","properties":{"idx":687,"road":"新宿通り","cls":"tertiary","shops":6,"st_km":0.09,"mesh":"53394526"},"geometry":{"type":"LineString","coordinates":[[139.71191,35.68833],[139.71182,35.68835]]}},{"type":"Feature","properties":{"idx":678,"road":"内堀通り;半蔵門","cls":"secondary","shops":2,"st_km":0.26,"mesh":"53394529"},"geometry":{"type":"LineString","coordinates":[[139.74409,35.684],[139.74412,35.68417]]}},{"type":"Feature","properties":{"idx":201,"road":"外苑東通り","cls":"primary","shops":0,"st_km":0.34,"mesh":"53394537"},"geometry":{"type":"LineString","coordinates":[[139.72497,35.69542],[139.72459,35.69414]]}},{"type":"Feature","properties":{"idx":215,"road":"外苑東通り(停止禁止部分)","cls":"primary","shops":0,"st_km":0.27,"mesh":"53394537"},"geometry":{"type":"LineString","coordinates":[[139.72459,35.69414],[139.72457,35.69408]]}},{"type":"Feature","properties":{"idx":210,"road":"外苑東通り","cls":"primary","shops":0,"st_km":0.29,"mesh":"53394537"},"geometry":{"type":"LineString","coordinates":[[139.72448,35.69417],[139.72462,35.69467]]}},{"type":"Feature","properties":{"idx":216,"road":"外苑東通り(停止禁止部分)","cls":"primary","shops":0,"st_km":0.26,"mesh":"53394537"},"geometry":{"type":"LineString","coordinates":[[139.72446,35.6941],[139.72448,35.69417]]}},{"type":"Feature","properties":{"idx":1194,"road":"青梅街道","cls":"primary","shops":8,"st_km":0.07,"mesh":"53394535"},"geometry":{"type":"LineString","coordinates":[[139.69315,35.69424],[139.69055,35.6951]]}},{"type":"Feature","properties":{"idx":2044,"road":"青梅街道","cls":"primary","shops":17,"st_km":0.16,"mesh":"53394535"},"geometry":{"type":"LineString","coordinates":[[139.69358,35.69421],[139.69496,35.6938]]}},{"type":"Feature","properties":{"idx":1539,"road":"青梅街道","cls":"primary","shops":11,"st_km":0.07,"mesh":"53394535"},"geometry":{"type":"LineString","coordinates":[[139.69309,35.69437],[139.69358,35.69421]]}},{"type":"Feature","properties":{"idx":1657,"road":"早稲田通り","cls":"primary","shops":12,"st_km":0.15,"mesh":"53394548"},"geometry":{"type":"LineString","coordinates":[[139.73274,35.70417],[139.7331,35.70411]]}},{"type":"Feature","properties":{"idx":1725,"road":"","cls":"tertiary","shops":9,"st_km":0.24,"mesh":"53394523"},"geometry":{"type":"LineString","coordinates":[[139.66459,35.69035],[139.66659,35.69065]]}},{"type":"Feature","properties":{"idx":1005,"road":"","cls":"tertiary","shops":5,"st_km":0.32,"mesh":"53394523"},"geometry":{"type":"LineString","coordinates":[[139.6649,35.68965],[139.66459,35.69035]]}},{"type":"Feature","properties":{"idx":67,"road":"","cls":"tertiary","shops":0,"st_km":0.48,"mesh":"53394522"},"geometry":{"type":"LineString","coordinates":[[139.65563,35.68741],[139.65577,35.68744]]}},{"type":"Feature","properties":{"idx":135,"road":"環七通り","cls":"primary","shops":1,"st_km":0.42,"mesh":"53394522"},"geometry":{"type":"LineString","coordinates":[[139.65607,35.6863],[139.65563,35.68741]]}},{"type":"Feature","properties":{"idx":180,"road":"環七通り","cls":"primary","shops":2,"st_km":0.41,"mesh":"53394522"},"geometry":{"type":"LineString","coordinates":[[139.65577,35.68744],[139.65617,35.68634]]}},{"type":"Feature","properties":{"idx":580,"road":"方南通り","cls":"primary","shops":2,"st_km":0.58,"mesh":"53394523"},"geometry":{"type":"LineString","coordinates":[[139.66532,35.68557],[139.6626,35.6848]]}},{"type":"Feature","properties":{"idx":68,"road":"","cls":"tertiary","shops":0,"st_km":0.47,"mesh":"53394522"},"geometry":{"type":"LineString","coordinates":[[139.65577,35.68744],[139.65704,35.68768],[139.65826,35.68783]]}},{"type":"Feature","properties":{"idx":198,"road":"井ノ頭通り","cls":"secondary","shops":0,"st_km":0.16,"mesh":"53394511"},"geometry":{"type":"LineString","coordinates":[[139.64127,35.67748],[139.64192,35.67715]]}},{"type":"Feature","properties":{"idx":491,"road":"中央通り","cls":"secondary","shops":3,"st_km":0.2,"mesh":"53394525"},"geometry":{"type":"LineString","coordinates":[[139.69488,35.69087],[139.69474,35.69093]]}},{"type":"Feature","properties":{"idx":1568,"road":"四谷角筈線","cls":"secondary","shops":11,"st_km":0.18,"mesh":"53394525"},"geometry":{"type":"LineString","coordinates":[[139.6987,35.69059],[139.69872,35.69045]]}},{"type":"Feature","properties":{"idx":778,"road":"中野通り","cls":"secondary","shops":2,"st_km":0.14,"mesh":"53394523"},"geometry":{"type":"LineString","coordinates":[[139.66886,35.68858],[139.66883,35.68886],[139.66888,35.68919],[139.66919,35.69047],[139.66913,35.69093]]}},{"type":"Feature","properties":{"idx":1770,"road":"青梅街道","cls":"primary","shops":10,"st_km":0.26,"mesh":"53394533"},"geometry":{"type":"LineString","coordinates":[[139.67097,35.69757],[139.67385,35.69766]]}},{"type":"Feature","properties":{"idx":1773,"road":"青梅街道","cls":"primary","shops":10,"st_km":0.26,"mesh":"53394533"},"geometry":{"type":"LineString","coordinates":[[139.67385,35.69758],[139.67094,35.69749]]}},{"type":"Feature","properties":{"idx":3513,"road":"三味線橋通り","cls":"tertiary","shops":24,"st_km":0.13,"mesh":"53394533"},"geometry":{"type":"LineString","coordinates":[[139.67097,35.69757],[139.67096,35.69752]]}},{"type":"Feature","properties":{"idx":3520,"road":"鍋屋横丁通り","cls":"tertiary","shops":24,"st_km":0.13,"mesh":"53394533"},"geometry":{"type":"LineString","coordinates":[[139.67096,35.69752],[139.67094,35.69749]]}},{"type":"Feature","properties":{"idx":1410,"road":"新橋通り","cls":"tertiary","shops":9,"st_km":0.16,"mesh":"53394533"},"geometry":{"type":"LineString","coordinates":[[139.67444,35.69312],[139.67444,35.693]]}},{"type":"Feature","properties":{"idx":704,"road":"青梅街道","cls":"primary","shops":6,"st_km":0.17,"mesh":"53394532"},"geometry":{"type":"LineString","coordinates":[[139.64946,35.69794],[139.65139,35.69802]]}},{"type":"Feature","properties":{"idx":166,"road":"","cls":"secondary_link","shops":0,"st_km":0.28,"mesh":"53394519"},"geometry":{"type":"LineString","coordinates":[[139.7493,35.67598],[139.74914,35.67586],[139.74907,35.67586],[139.74901,35.67593]]}},{"type":"Feature","properties":{"idx":223,"road":"六本木通り","cls":"secondary","shops":0,"st_km":0.28,"mesh":"53394519"},"geometry":{"type":"LineString","coordinates":[[139.74898,35.67589],[139.74937,35.67648]]}},{"type":"Feature","properties":{"idx":807,"road":"環七通り(進路変更禁止)","cls":"primary","shops":6,"st_km":0.46,"mesh":"53394542"},"geometry":{"type":"LineString","coordinates":[[139.65467,35.70633],[139.65476,35.7056]]}},{"type":"Feature","properties":{"idx":930,"road":"","cls":"tertiary","shops":9,"st_km":0.41,"mesh":"53394542"},"geometry":{"type":"LineString","coordinates":[[139.65461,35.70557],[139.65391,35.70556]]}},{"type":"Feature","properties":{"idx":715,"road":"環七通り(進路変更禁止)","cls":"primary","shops":5,"st_km":0.45,"mesh":"53394542"},"geometry":{"type":"LineString","coordinates":[[139.65466,35.70511],[139.65461,35.70557]]}},{"type":"Feature","properties":{"idx":298,"road":"参道","cls":"pedestrian","shops":0,"st_km":0.68,"mesh":"53394539"},"geometry":{"type":"LineString","coordinates":[[139.74412,35.6943],[139.74328,35.69411]]}},{"type":"Feature","properties":{"idx":300,"road":"参道","cls":"pedestrian","shops":0,"st_km":0.67,"mesh":"53394539"},"geometry":{"type":"LineString","coordinates":[[139.74429,35.69434],[139.74412,35.6943]]}},{"type":"Feature","properties":{"idx":147,"road":"豊島園通り","cls":"tertiary","shops":0,"st_km":0.3,"mesh":"53394591"},"geometry":{"type":"LineString","coordinates":[[139.64827,35.74478],[139.64828,35.74476]]}},{"type":"Feature","properties":{"idx":224,"road":"豊島園通り","cls":"tertiary","shops":1,"st_km":0.29,"mesh":"53394591"},"geometry":{"type":"LineString","coordinates":[[139.64832,35.74462],[139.64832,35.7446]]}},{"type":"Feature","properties":{"idx":323,"road":"","cls":"tertiary","shops":0,"st_km":0.54,"mesh":"53394592"},"geometry":{"type":"LineString","coordinates":[[139.65249,35.74527],[139.65251,35.7453]]}},{"type":"Feature","properties":{"idx":761,"road":"","cls":"pedestrian","shops":4,"st_km":0.02,"mesh":"53394582"},"geometry":{"type":"LineString","coordinates":[[139.65451,35.7381],[139.6545,35.73813]]}},{"type":"Feature","properties":{"idx":849,"road":"","cls":"pedestrian","shops":5,"st_km":0.06,"mesh":"53394582"},"geometry":{"type":"LineString","coordinates":[[139.65379,35.73802],[139.65373,35.73802]]}},{"type":"Feature","properties":{"idx":366,"road":"環七通り","cls":"primary","shops":3,"st_km":0.62,"mesh":"53394512"},"geometry":{"type":"LineString","coordinates":[[139.65896,35.67572],[139.6572,35.67917],[139.65713,35.67947],[139.65705,35.6802]]}},{"type":"Feature","properties":{"idx":187,"road":"環七通り","cls":"primary","shops":0,"st_km":0.42,"mesh":"53394502"},"geometry":{"type":"LineString","coordinates":[[139.65905,35.67577],[139.66,35.67393]]}},{"type":"Feature","properties":{"idx":330,"road":"薬研坂","cls":"tertiary","shops":1,"st_km":0.56,"mesh":"53394508"},"geometry":{"type":"LineString","coordinates":[[139.731,35.67467],[139.73101,35.67463]]}},{"type":"Feature","properties":{"idx":689,"road":"","cls":"tertiary","shops":3,"st_km":0.34,"mesh":"53394508"},"geometry":{"type":"LineString","coordinates":[[139.73185,35.67236],[139.73298,35.67165],[139.73352,35.67121]]}},{"type":"Feature","properties":{"idx":343,"road":"","cls":"secondary_link","shops":1,"st_km":0.45,"mesh":"53394594"},"geometry":{"type":"LineString","coordinates":[[139.67518,35.74543],[139.67523,35.74531]]}},{"type":"Feature","properties":{"idx":841,"road":"要町通り","cls":"secondary","shops":3,"st_km":0.47,"mesh":"53394594"},"geometry":{"type":"LineString","coordinates":[[139.67491,35.74555],[139.67518,35.74543]]}},{"type":"Feature","properties":{"idx":1276,"road":"環七通り","cls":"primary","shops":3,"st_km":0.48,"mesh":"53394593"},"geometry":{"type":"LineString","coordinates":[[139.67472,35.74553],[139.67526,35.74593]]}},{"type":"Feature","properties":{"idx":1126,"road":"","cls":"tertiary","shops":6,"st_km":0.33,"mesh":"53394529"},"geometry":{"type":"LineString","coordinates":[[139.74262,35.68832],[139.74225,35.68821]]}},{"type":"Feature","properties":{"idx":523,"road":"貝坂通り","cls":"tertiary","shops":2,"st_km":0.09,"mesh":"53394519"},"geometry":{"type":"LineString","coordinates":[[139.74035,35.67822],[139.7402,35.67865],[139.74007,35.6787]]}},{"type":"Feature","properties":{"idx":226,"road":"","cls":"pedestrian","shops":2,"st_km":0.49,"mesh":"53394517"},"geometry":{"type":"LineString","coordinates":[[139.71431,35.67543],[139.71472,35.67545],[139.71502,35.67533]]}},{"type":"Feature","properties":{"idx":166,"road":"","cls":"pedestrian","shops":1,"st_km":0.51,"mesh":"53394517"},"geometry":{"type":"LineString","coordinates":[[139.71469,35.67505],[139.71494,35.6753],[139.71517,35.67539]]}},{"type":"Feature","properties":{"idx":400,"road":"","cls":"pedestrian","shops":1,"st_km":0.54,"mesh":"53394507"},"geometry":{"type":"LineString","coordinates":[[139.71464,35.67507],[139.71469,35.67505],[139.71467,35.67493],[139.71459,35.67493],[139.71456,35.67497]]}},{"type":"Feature","properties":{"idx":282,"road":"","cls":"pedestrian","shops":3,"st_km":0.49,"mesh":"53394517"},"geometry":{"type":"LineString","coordinates":[[139.71368,35.67549],[139.71375,35.67551],[139.71378,35.6756]]}},{"type":"Feature","properties":{"idx":281,"road":"","cls":"pedestrian","shops":3,"st_km":0.5,"mesh":"53394517"},"geometry":{"type":"LineString","coordinates":[[139.71374,35.67543],[139.71363,35.67553],[139.71356,35.67553],[139.71345,35.67549],[139.71347,35.67536]]}},{"type":"Feature","properties":{"idx":1014,"road":"","cls":"pedestrian","shops":6,"st_km":0.6,"mesh":"53394507"},"geometry":{"type":"LineString","coordinates":[[139.71294,35.67465],[139.71309,35.67469]]}},{"type":"Feature","properties":{"idx":880,"road":"","cls":"pedestrian","shops":5,"st_km":0.61,"mesh":"53394507"},"geometry":{"type":"LineString","coordinates":[[139.71284,35.67459],[139.71294,35.67465]]}},{"type":"Feature","properties":{"idx":1028,"road":"","cls":"pedestrian","shops":6,"st_km":0.59,"mesh":"53394507"},"geometry":{"type":"LineString","coordinates":[[139.71309,35.67469],[139.71311,35.67488]]}},{"type":"Feature","properties":{"idx":320,"road":"","cls":"pedestrian","shops":4,"st_km":0.55,"mesh":"53394517"},"geometry":{"type":"LineString","coordinates":[[139.71303,35.67513],[139.71311,35.67506]]}},{"type":"Feature","properties":{"idx":335,"road":"","cls":"pedestrian","shops":4,"st_km":0.5,"mesh":"53394517"},"geometry":{"type":"LineString","coordinates":[[139.71371,35.67542],[139.71365,35.67544]]}},{"type":"Feature","properties":{"idx":276,"road":"","cls":"pedestrian","shops":3,"st_km":0.52,"mesh":"53394517"},"geometry":{"type":"LineString","coordinates":[[139.71343,35.67533],[139.71348,35.67538]]}},{"type":"Feature","properties":{"idx":223,"road":"","cls":"pedestrian","shops":2,"st_km":0.5,"mesh":"53394517"},"geometry":{"type":"LineString","coordinates":[[139.71334,35.67536],[139.71328,35.67564]]}},{"type":"Feature","properties":{"idx":1179,"road":"","cls":"pedestrian","shops":7,"st_km":0.56,"mesh":"53394507"},"geometry":{"type":"LineString","coordinates":[[139.71371,35.67561],[139.71339,35.67551],[139.71337,35.67544],[139.71361,35.67509],[139.71358,35.67492],[139.71311,35.67488],[139.71307,35.67499],[139.71319,35.67511],[139.71324,35.67532],[139.7133,35.67536],[139.71345,35.67531]]}},{"type":"Feature","properties":{"idx":223,"road":"","cls":"pedestrian","shops":2,"st_km":0.5,"mesh":"53394517"},"geometry":{"type":"LineString","coordinates":[[139.71464,35.67509],[139.71447,35.67536],[139.71441,35.67541],[139.71423,35.67541]]}},{"type":"Feature","properties":{"idx":215,"road":"","cls":"pedestrian","shops":2,"st_km":0.54,"mesh":"53394517"},"geometry":{"type":"LineString","coordinates":[[139.71382,35.67493],[139.71397,35.6749],[139.71425,35.67501],[139.71456,35.67497],[139.71464,35.67509]]}},{"type":"Feature","properties":{"idx":335,"road":"","cls":"pedestrian","shops":4,"st_km":0.5,"mesh":"53394517"},"geometry":{"type":"LineString","coordinates":[[139.71428,35.67555],[139.71423,35.67541],[139.71416,35.67536],[139.71379,35.67544],[139.71371,35.67542],[139.71389,35.6752],[139.71382,35.67493]]}},{"type":"Feature","properties":{"idx":1046,"road":"","cls":"pedestrian","shops":6,"st_km":0.57,"mesh":"53394507"},"geometry":{"type":"LineString","coordinates":[[139.71294,35.67515],[139.71291,35.67469],[139.71313,35.6747],[139.71313,35.67485],[139.71363,35.67486],[139.71366,35.67503],[139.71362,35.67514],[139.71335,35.67548],[139.71323,35.67537],[139.71313,35.67511],[139.71294,35.67515]]}},{"type":"Feature","properties":{"idx":758,"road":"折戸通り","cls":"tertiary","shops":1,"st_km":0.21,"mesh":"53394588"},"geometry":{"type":"LineString","coordinates":[[139.72992,35.73207],[139.73005,35.73222],[139.72987,35.73323],[139.72987,35.73351],[139.72993,35.73379],[139.73014,35.73437],[139.73019,35.73482],[139.73012,35.73553],[139.73011,35.73657],[139.73,35.73742],[139.72987,35.73806],[139.72992,35.73832],[139.7303,35.73912]]}},{"type":"Feature","properties":{"idx":730,"road":"中央通り","cls":"secondary","shops":6,"st_km":0.27,"mesh":"53394525"},"geometry":{"type":"LineString","coordinates":[[139.69631,35.69102],[139.69488,35.69087]]}},{"type":"Feature","properties":{"idx":767,"road":"東京都道新宿副都心八号線","cls":"secondary","shops":7,"st_km":0.34,"mesh":"53394525"},"geometry":{"type":"LineString","coordinates":[[139.69631,35.69116],[139.69631,35.69102]]}},{"type":"Feature","properties":{"idx":1425,"road":"東京都道新宿副都心八号線","cls":"secondary","shops":14,"st_km":0.47,"mesh":"53394525"},"geometry":{"type":"LineString","coordinates":[[139.69655,35.68774],[139.69649,35.68755]]}},{"type":"Feature","properties":{"idx":338,"road":"公園通り","cls":"secondary","shops":2,"st_km":0.27,"mesh":"53394535"},"geometry":{"type":"LineString","coordinates":[[139.69022,35.69199],[139.69019,35.69211]]}},{"type":"Feature","properties":{"idx":243,"road":"北通り","cls":"secondary","shops":1,"st_km":0.31,"mesh":"53394535"},"geometry":{"type":"LineString","coordinates":[[139.69642,35.69201],[139.69437,35.69256]]}},{"type":"Feature","properties":{"idx":271,"road":"","cls":"tertiary","shops":5,"st_km":0.4,"mesh":"53394549"},"geometry":{"type":"LineString","coordinates":[[139.74651,35.70662],[139.74655,35.7067]]}},{"type":"Feature","properties":{"idx":118,"road":"","cls":"tertiary","shops":2,"st_km":0.68,"mesh":"53394549"},"geometry":{"type":"LineString","coordinates":[[139.74331,35.70777],[139.74347,35.7078]]}},{"type":"Feature","properties":{"idx":175,"road":"","cls":"tertiary","shops":3,"st_km":0.5,"mesh":"53394549"},"geometry":{"type":"LineString","coordinates":[[139.74569,35.70817],[139.74553,35.70808],[139.7451,35.70805]]}},{"type":"Feature","properties":{"idx":184,"road":"","cls":"tertiary","shops":3,"st_km":0.45,"mesh":"53394549"},"geometry":{"type":"LineString","coordinates":[[139.74655,35.7067],[139.74657,35.70683],[139.74653,35.7069],[139.7451,35.70805]]}},{"type":"Feature","properties":{"idx":2337,"road":"","cls":"tertiary","shops":10,"st_km":0.52,"mesh":"53394559"},"geometry":{"type":"LineString","coordinates":[[139.74636,35.71044],[139.74621,35.70993]]}},{"type":"Feature","properties":{"idx":954,"road":"","cls":"tertiary","shops":3,"st_km":0.53,"mesh":"53394559"},"geometry":{"type":"LineString","coordinates":[[139.74118,35.71388],[139.74111,35.71384]]}},{"type":"Feature","properties":{"idx":470,"road":"","cls":"tertiary","shops":1,"st_km":0.76,"mesh":"53394559"},"geometry":{"type":"LineString","coordinates":[[139.7451,35.70805],[139.74473,35.70864],[139.74437,35.70911],[139.74346,35.70973],[139.74283,35.71003],[139.74227,35.7104],[139.74194,35.71048],[139.74097,35.7106],[139.74033,35.71087]]}},{"type":"Feature","properties":{"idx":168,"road":"","cls":"pedestrian","shops":0,"st_km":0.15,"mesh":"53394517"},"geometry":{"type":"LineString","coordinates":[[139.71279,35.68203],[139.71282,35.68207]]}},{"type":"Feature","properties":{"idx":169,"road":"擬木橋","cls":"pedestrian","shops":0,"st_km":0.15,"mesh":"53394517"},"geometry":{"type":"LineString","coordinates":[[139.71277,35.682],[139.71279,35.68203]]}},{"type":"Feature","properties":{"idx":505,"road":"千川通り","cls":"secondary","shops":1,"st_km":0.77,"mesh":"53394559"},"geometry":{"type":"LineString","coordinates":[[139.74473,35.71726],[139.74567,35.71685],[139.74714,35.71574]]}},{"type":"Feature","properties":{"idx":333,"road":"千川通り","cls":"secondary","shops":0,"st_km":0.78,"mesh":"53394559"},"geometry":{"type":"LineString","coordinates":[[139.74714,35.71574],[139.74825,35.71494]]}},{"type":"Feature","properties":{"idx":526,"road":"千川通り","cls":"secondary","shops":1,"st_km":0.58,"mesh":"53394569"},"geometry":{"type":"LineString","coordinates":[[139.73723,35.72351],[139.7376,35.72316],[139.73942,35.72175],[139.74026,35.72078]]}},{"type":"Feature","properties":{"idx":1792,"road":"","cls":"tertiary","shops":8,"st_km":0.59,"mesh":"53394559"},"geometry":{"type":"LineString","coordinates":[[139.74033,35.71087],[139.74027,35.7109]]}},{"type":"Feature","properties":{"idx":203,"road":"目白通り","cls":"primary","shops":1,"st_km":0.56,"mesh":"53394558"},"geometry":{"type":"LineString","coordinates":[[139.72471,35.71512],[139.72621,35.71363]]}},{"type":"Feature","properties":{"idx":489,"road":"外苑東通り","cls":"primary","shops":2,"st_km":0.14,"mesh":"53394537"},"geometry":{"type":"LineString","coordinates":[[139.72412,35.6929],[139.72402,35.69272]]}},{"type":"Feature","properties":{"idx":492,"road":"外苑東通り","cls":"primary","shops":2,"st_km":0.14,"mesh":"53394537"},"geometry":{"type":"LineString","coordinates":[[139.72393,35.69274],[139.72402,35.69292]]}},{"type":"Feature","properties":{"idx":487,"road":"","cls":"primary","shops":2,"st_km":0.15,"mesh":"53394537"},"geometry":{"type":"LineString","coordinates":[[139.72412,35.6929],[139.72402,35.69292]]}},{"type":"Feature","properties":{"idx":287,"road":"","cls":"tertiary","shops":4,"st_km":0.24,"mesh":"53394549"},"geometry":{"type":"LineString","coordinates":[[139.74612,35.70323],[139.74609,35.7033],[139.74617,35.70392]]}},{"type":"Feature","properties":{"idx":280,"road":"外堀通り","cls":"secondary","shops":3,"st_km":0.21,"mesh":"53394549"},"geometry":{"type":"LineString","coordinates":[[139.74507,35.70292],[139.74612,35.70323]]}},{"type":"Feature","properties":{"idx":189,"road":"","cls":"tertiary","shops":2,"st_km":0.26,"mesh":"53394549"},"geometry":{"type":"LineString","coordinates":[[139.74745,35.70383],[139.74743,35.70333]]}},{"type":"Feature","properties":{"idx":603,"road":"二七通り","cls":"tertiary","shops":3,"st_km":0.57,"mesh":"53394539"},"geometry":{"type":"LineString","coordinates":[[139.74133,35.69143],[139.74368,35.69216]]}},{"type":"Feature","properties":{"idx":316,"road":"二七通り","cls":"tertiary","shops":0,"st_km":0.36,"mesh":"53394528"},"geometry":{"type":"LineString","coordinates":[[139.73538,35.68938],[139.73702,35.68997]]}},{"type":"Feature","properties":{"idx":785,"road":"千川通り","cls":"secondary","shops":3,"st_km":0.7,"mesh":"53394569"},"geometry":{"type":"LineString","coordinates":[[139.74455,35.71735],[139.74473,35.71726]]}},{"type":"Feature","properties":{"idx":1327,"road":"千川通り","cls":"secondary","shops":5,"st_km":0.5,"mesh":"53394569"},"geometry":{"type":"LineString","coordinates":[[139.74026,35.72078],[139.74029,35.72076]]}},{"type":"Feature","properties":{"idx":304,"road":"不忍通り","cls":"secondary","shops":0,"st_km":0.7,"mesh":"53394569"},"geometry":{"type":"LineString","coordinates":[[139.73723,35.72351],[139.73799,35.72407],[139.73971,35.72511]]}},{"type":"Feature","properties":{"idx":297,"road":"プラタナス通り","cls":"secondary","shops":0,"st_km":0.69,"mesh":"53394568"},"geometry":{"type":"LineString","coordinates":[[139.73723,35.72351],[139.73603,35.72481]]}},{"type":"Feature","properties":{"idx":948,"road":"","cls":"tertiary","shops":2,"st_km":0.31,"mesh":"53394579"},"geometry":{"type":"LineString","coordinates":[[139.74343,35.7327],[139.74387,35.73301]]}},{"type":"Feature","properties":{"idx":3143,"road":"","cls":"tertiary","shops":11,"st_km":0.29,"mesh":"53394579"},"geometry":{"type":"LineString","coordinates":[[139.74128,35.73115],[139.74135,35.73121]]}},{"type":"Feature","properties":{"idx":319,"road":"","cls":"tertiary","shops":0,"st_km":0.63,"mesh":"53394579"},"geometry":{"type":"LineString","coordinates":[[139.73744,35.72686],[139.73833,35.72719]]}},{"type":"Feature","properties":{"idx":361,"road":"","cls":"tertiary","shops":3,"st_km":0.28,"mesh":"53394558"},"geometry":{"type":"LineString","coordinates":[[139.73221,35.71098],[139.73148,35.71094]]}},{"type":"Feature","properties":{"idx":214,"road":"不忍通り","cls":"secondary","shops":0,"st_km":0.24,"mesh":"53394567"},"geometry":{"type":"LineString","coordinates":[[139.72484,35.71958],[139.72481,35.71955]]}},{"type":"Feature","properties":{"idx":849,"road":"不忍通り","cls":"secondary","shops":7,"st_km":0.37,"mesh":"53394567"},"geometry":{"type":"LineString","coordinates":[[139.72369,35.71898],[139.72313,35.7187]]}},{"type":"Feature","properties":{"idx":290,"road":"目白通り","cls":"primary","shops":3,"st_km":0.54,"mesh":"53394557"},"geometry":{"type":"LineString","coordinates":[[139.72299,35.71542],[139.72471,35.71512]]}},{"type":"Feature","properties":{"idx":118,"road":"","cls":"tertiary","shops":0,"st_km":0.18,"mesh":"53394577"},"geometry":{"type":"LineString","coordinates":[[139.72375,35.72768],[139.72617,35.7265]]}},{"type":"Feature","properties":{"idx":400,"road":"補助第177号線","cls":"tertiary","shops":5,"st_km":0.22,"mesh":"53394577"},"geometry":{"type":"LineString","coordinates":[[139.72156,35.72899],[139.7233,35.72792]]}},{"type":"Feature","properties":{"idx":252,"road":"音羽池袋線","cls":"secondary","shops":1,"st_km":0.38,"mesh":"53394567"},"geometry":{"type":"LineString","coordinates":[[139.7231,35.72305],[139.7232,35.72243]]}},{"type":"Feature","properties":{"idx":215,"road":"音羽池袋線","cls":"secondary","shops":0,"st_km":0.24,"mesh":"53394567"},"geometry":{"type":"LineString","coordinates":[[139.72479,35.71986],[139.72505,35.71979]]}},{"type":"Feature","properties":{"idx":206,"road":"音羽池袋線","cls":"secondary","shops":0,"st_km":0.28,"mesh":"53394567"},"geometry":{"type":"LineString","coordinates":[[139.72484,35.71958],[139.7245,35.71972],[139.72417,35.72005]]}},{"type":"Feature","properties":{"idx":412,"road":"","cls":"tertiary","shops":0,"st_km":0.26,"mesh":"53394568"},"geometry":{"type":"LineString","coordinates":[[139.72854,35.71709],[139.72912,35.71723]]}},{"type":"Feature","properties":{"idx":1064,"road":"不忍通り","cls":"secondary","shops":2,"st_km":0.12,"mesh":"53394568"},"geometry":{"type":"LineString","coordinates":[[139.72702,35.72007],[139.72825,35.7205]]}},{"type":"Feature","properties":{"idx":1447,"road":"","cls":"tertiary","shops":5,"st_km":0.28,"mesh":"53394568"},"geometry":{"type":"LineString","coordinates":[[139.73486,35.71906],[139.73489,35.71909]]}},{"type":"Feature","properties":{"idx":614,"road":"音羽池袋線","cls":"secondary","shops":5,"st_km":0.33,"mesh":"53394567"},"geometry":{"type":"LineString","coordinates":[[139.723,35.72334],[139.7231,35.72305]]}},{"type":"Feature","properties":{"idx":273,"road":"","cls":"tertiary","shops":1,"st_km":0.11,"mesh":"53394578"},"geometry":{"type":"LineString","coordinates":[[139.73052,35.72543],[139.73014,35.72564]]}},{"type":"Feature","properties":{"idx":270,"road":"","cls":"tertiary","shops":1,"st_km":0.12,"mesh":"53394578"},"geometry":{"type":"LineString","coordinates":[[139.73026,35.7257],[139.73109,35.72614]]}},{"type":"Feature","properties":{"idx":479,"road":"補助第80号線","cls":"tertiary","shops":3,"st_km":0.06,"mesh":"53394578"},"geometry":{"type":"LineString","coordinates":[[139.73006,35.72596],[139.72999,35.7261]]}},{"type":"Feature","properties":{"idx":483,"road":"補助第80号線","cls":"tertiary","shops":3,"st_km":0.05,"mesh":"53394578"},"geometry":{"type":"LineString","coordinates":[[139.72999,35.7261],[139.72991,35.72626]]}},{"type":"Feature","properties":{"idx":203,"road":"","cls":"tertiary","shops":0,"st_km":0.41,"mesh":"53394509"},"geometry":{"type":"LineString","coordinates":[[139.74291,35.66682],[139.74366,35.66653]]}},{"type":"Feature","properties":{"idx":1007,"road":"","cls":"tertiary","shops":5,"st_km":0.07,"mesh":"53394509"},"geometry":{"type":"LineString","coordinates":[[139.74747,35.66686],[139.74833,35.66655]]}},{"type":"Feature","properties":{"idx":837,"road":"","cls":"tertiary","shops":4,"st_km":0.1,"mesh":"53394509"},"geometry":{"type":"LineString","coordinates":[[139.74747,35.66686],[139.74593,35.66741]]}},{"type":"Feature","properties":{"idx":97,"road":"四谷角筈線","cls":"secondary","shops":0,"st_km":0.54,"mesh":"53394517"},"geometry":{"type":"LineString","coordinates":[[139.72023,35.67642],[139.72025,35.67609],[139.72016,35.67578],[139.71992,35.67544],[139.71975,35.6753],[139.7194,35.67514],[139.71905,35.67506],[139.71868,35.67507],[139.71833,35.67516],[139.71799,35.67533],[139.71772,35.67561],[139.71684,35.67739]]}},{"type":"Feature","properties":{"idx":1196,"road":"外苑東通り","cls":"primary","shops":3,"st_km":0.0,"mesh":"53394507"},"geometry":{"type":"LineString","coordinates":[[139.72409,35.67279],[139.72412,35.67273]]}},{"type":"Feature","properties":{"idx":2311,"road":"外苑西通り","cls":"secondary","shops":12,"st_km":0.22,"mesh":"53394507"},"geometry":{"type":"LineString","coordinates":[[139.71595,35.66911],[139.71602,35.66907]]}},{"type":"Feature","properties":{"idx":1133,"road":"外苑西通り","cls":"secondary","shops":5,"st_km":0.24,"mesh":"53394507"},"geometry":{"type":"LineString","coordinates":[[139.71509,35.66964],[139.71588,35.66915]]}},{"type":"Feature","properties":{"idx":8752,"road":"千川通り","cls":"secondary","shops":1,"st_km":0.44,"mesh":"53394570"},"geometry":{"type":"LineString","coordinates":[[139.62557,35.73275],[139.62727,35.73329]]}},{"type":"Feature","properties":{"idx":1201,"road":"千川通り","cls":"secondary","shops":5,"st_km":0.23,"mesh":"53394580"},"geometry":{"type":"LineString","coordinates":[[139.63061,35.73466],[139.63235,35.73507],[139.63352,35.73545]]}},{"type":"Feature","properties":{"idx":365,"road":"","cls":"secondary","shops":5,"st_km":0.5,"mesh":"53394517"},"geometry":{"type":"LineString","coordinates":[[139.71947,35.67499],[139.7194,35.67514]]}},{"type":"Feature","properties":{"idx":627,"road":"","cls":"secondary","shops":2,"st_km":0.3,"mesh":"53394507"},"geometry":{"type":"LineString","coordinates":[[139.72108,35.67168],[139.72075,35.67236]]}},{"type":"Feature","properties":{"idx":396,"road":"大久保通り","cls":"secondary","shops":4,"st_km":0.42,"mesh":"53394543"},"geometry":{"type":"LineString","coordinates":[[139.66486,35.70116],[139.66514,35.70168],[139.6654,35.70243],[139.66566,35.70275]]}},{"type":"Feature","properties":{"idx":364,"road":"大久保通り","cls":"secondary","shops":5,"st_km":0.57,"mesh":"53394543"},"geometry":{"type":"LineString","coordinates":[[139.66318,35.7003],[139.66426,35.70038],[139.66439,35.70046],[139.66486,35.70116]]}},{"type":"Feature","properties":{"idx":484,"road":"","cls":"pedestrian","shops":1,"st_km":0.15,"mesh":"53394575"},"geometry":{"type":"LineString","coordinates":[[139.69603,35.7265],[139.69593,35.72636]]}},{"type":"Feature","properties":{"idx":1083,"road":"","cls":"secondary_link","shops":9,"st_km":0.33,"mesh":"53394507"},"geometry":{"type":"LineString","coordinates":[[139.71893,35.66754],[139.71896,35.66761]]}},{"type":"Feature","properties":{"idx":423,"road":"","cls":"tertiary","shops":2,"st_km":0.28,"mesh":"53394575"},"geometry":{"type":"LineString","coordinates":[[139.69812,35.73071],[139.69826,35.73062]]}},{"type":"Feature","properties":{"idx":692,"road":"","cls":"tertiary","shops":6,"st_km":0.39,"mesh":"53394542"},"geometry":{"type":"LineString","coordinates":[[139.65212,35.7023],[139.65221,35.7026]]}},{"type":"Feature","properties":{"idx":251,"road":"","cls":"tertiary","shops":0,"st_km":0.43,"mesh":"53394508"},"geometry":{"type":"LineString","coordinates":[[139.73157,35.67256],[139.73185,35.67236]]}},{"type":"Feature","properties":{"idx":1309,"road":"","cls":"secondary_link","shops":7,"st_km":0.16,"mesh":"53394599"},"geometry":{"type":"LineString","coordinates":[[139.74114,35.74703],[139.74126,35.74713]]}},{"type":"Feature","properties":{"idx":1136,"road":"","cls":"tertiary","shops":36,"st_km":0.17,"mesh":"53394589"},"geometry":{"type":"LineString","coordinates":[[139.74696,35.73569],[139.74686,35.73566]]}},{"type":"Feature","properties":{"idx":1095,"road":"","cls":"pedestrian","shops":24,"st_km":0.14,"mesh":"53394589"},"geometry":{"type":"LineString","coordinates":[[139.74657,35.73646],[139.74651,35.73642]]}},{"type":"Feature","properties":{"idx":305,"road":"補助第177号線","cls":"tertiary","shops":4,"st_km":0.49,"mesh":"53394577"},"geometry":{"type":"LineString","coordinates":[[139.71833,35.7307],[139.71946,35.73011]]}},{"type":"Feature","properties":{"idx":211,"road":"補助第177号線","cls":"tertiary","shops":2,"st_km":0.45,"mesh":"53394577"},"geometry":{"type":"LineString","coordinates":[[139.71946,35.73011],[139.71989,35.72987]]}},{"type":"Feature","properties":{"idx":906,"road":"","cls":"secondary_link","shops":4,"st_km":0.12,"mesh":"53394599"},"geometry":{"type":"LineString","coordinates":[[139.74141,35.7468],[139.7415,35.74685]]}},{"type":"Feature","properties":{"idx":3497,"road":"靖国通り","cls":"primary","shops":13,"st_km":0.2,"mesh":"53394528"},"geometry":{"type":"LineString","coordinates":[[139.7364,35.69115],[139.7362,35.6911]]}},{"type":"Feature","properties":{"idx":1637,"road":"外堀通り","cls":"secondary","shops":5,"st_km":0.09,"mesh":"53394528"},"geometry":{"type":"LineString","coordinates":[[139.72959,35.68592],[139.72955,35.68579]]}},{"type":"Feature","properties":{"idx":2513,"road":"外堀通り","cls":"secondary","shops":9,"st_km":0.11,"mesh":"53394528"},"geometry":{"type":"LineString","coordinates":[[139.72925,35.68518],[139.72937,35.68583]]}},{"type":"Feature","properties":{"idx":3764,"road":"","cls":"primary_link","shops":20,"st_km":0.07,"mesh":"53394534"},"geometry":{"type":"LineString","coordinates":[[139.68299,35.69738],[139.68284,35.69739]]}},{"type":"Feature","properties":{"idx":2993,"road":"明治通","cls":"primary","shops":21,"st_km":0.15,"mesh":"53394576"},"geometry":{"type":"LineString","coordinates":[[139.7121,35.72899],[139.71213,35.72935]]}},{"type":"Feature","properties":{"idx":2495,"road":"明治通","cls":"primary","shops":17,"st_km":0.15,"mesh":"53394576"},"geometry":{"type":"LineString","coordinates":[[139.71267,35.72983],[139.71224,35.72933],[139.71218,35.72913]]}},{"type":"Feature","properties":{"idx":312,"road":"山手通り","cls":"primary","shops":1,"st_km":0.27,"mesh":"53394565"},"geometry":{"type":"LineString","coordinates":[[139.68867,35.71834],[139.68815,35.71769],[139.68738,35.71616]]}},{"type":"Feature","properties":{"idx":580,"road":"目白通り","cls":"primary","shops":5,"st_km":0.46,"mesh":"53394565"},"geometry":{"type":"LineString","coordinates":[[139.69282,35.72251],[139.69323,35.72247]]}},{"type":"Feature","properties":{"idx":915,"road":"目白通り","cls":"primary","shops":9,"st_km":0.46,"mesh":"53394565"},"geometry":{"type":"LineString","coordinates":[[139.69391,35.72242],[139.69426,35.72232]]}},{"type":"Feature","properties":{"idx":382,"road":"補助第174号線","cls":"tertiary","shops":0,"st_km":0.65,"mesh":"53394587"},"geometry":{"type":"LineString","coordinates":[[139.72128,35.73405],[139.72052,35.73324]]}},{"type":"Feature","properties":{"idx":540,"road":"","cls":"tertiary","shops":2,"st_km":0.13,"mesh":"53394509"},"geometry":{"type":"LineString","coordinates":[[139.749,35.66748],[139.74941,35.66735]]}},{"type":"Feature","properties":{"idx":1738,"road":"角筈和泉町線","cls":"secondary","shops":4,"st_km":0.38,"mesh":"53394524"},"geometry":{"type":"LineString","coordinates":[[139.68425,35.68326],[139.68624,35.6844]]}},{"type":"Feature","properties":{"idx":421,"road":"南通り","cls":"secondary","shops":4,"st_km":0.55,"mesh":"53394525"},"geometry":{"type":"LineString","coordinates":[[139.68942,35.68619],[139.68962,35.68631]]}},{"type":"Feature","properties":{"idx":440,"road":"角筈和泉町線","cls":"secondary","shops":3,"st_km":0.45,"mesh":"53394502"},"geometry":{"type":"LineString","coordinates":[[139.6515,35.67228],[139.65162,35.67231]]}},{"type":"Feature","properties":{"idx":608,"road":"","cls":"tertiary","shops":5,"st_km":0.08,"mesh":"53394582"},"geometry":{"type":"LineString","coordinates":[[139.65379,35.73828],[139.65376,35.73844]]}},{"type":"Feature","properties":{"idx":530,"road":"","cls":"tertiary","shops":4,"st_km":0.06,"mesh":"53394582"},"geometry":{"type":"LineString","coordinates":[[139.65396,35.73816],[139.65381,35.73817],[139.65379,35.73828]]}},{"type":"Feature","properties":{"idx":920,"road":"目白通り","cls":"primary","shops":2,"st_km":0.1,"mesh":"53394573"},"geometry":{"type":"LineString","coordinates":[[139.67038,35.73258],[139.66874,35.73316]]}},{"type":"Feature","properties":{"idx":665,"road":"目白通り","cls":"primary","shops":1,"st_km":0.13,"mesh":"53394573"},"geometry":{"type":"LineString","coordinates":[[139.66878,35.73323],[139.66972,35.7329]]}},{"type":"Feature","properties":{"idx":259,"road":"","cls":"tertiary","shops":1,"st_km":0.23,"mesh":"53394510"},"geometry":{"type":"LineString","coordinates":[[139.63558,35.67659],[139.63555,35.67707]]}},{"type":"Feature","properties":{"idx":149,"road":"","cls":"tertiary","shops":5,"st_km":0.53,"mesh":"53394589"},"geometry":{"type":"LineString","coordinates":[[139.73877,35.73872],[139.74015,35.73812]]}},{"type":"Feature","properties":{"idx":539,"road":"","cls":"tertiary","shops":8,"st_km":0.53,"mesh":"53394540"},"geometry":{"type":"LineString","coordinates":[[139.62553,35.70376],[139.62643,35.70354]]}},{"type":"Feature","properties":{"idx":1159,"road":"大久保通り","cls":"secondary","shops":8,"st_km":0.02,"mesh":"53394548"},"geometry":{"type":"LineString","coordinates":[[139.73316,35.6999],[139.73539,35.70068],[139.73706,35.7014],[139.73746,35.70161],[139.73819,35.70224]]}},{"type":"Feature","properties":{"idx":1600,"road":"早稲田通り","cls":"primary","shops":12,"st_km":0.18,"mesh":"53394548"},"geometry":{"type":"LineString","coordinates":[[139.73237,35.70424],[139.73274,35.70417]]}},{"type":"Feature","properties":{"idx":1783,"road":"早稲田通り","cls":"primary","shops":14,"st_km":0.21,"mesh":"53394548"},"geometry":{"type":"LineString","coordinates":[[139.73221,35.70427],[139.73237,35.70424]]}},{"type":"Feature","properties":{"idx":1502,"road":"早稲田通り","cls":"primary","shops":12,"st_km":0.24,"mesh":"53394548"},"geometry":{"type":"LineString","coordinates":[[139.73159,35.70438],[139.73221,35.70427]]}},{"type":"Feature","properties":{"idx":1342,"road":"早稲田通り","cls":"primary","shops":11,"st_km":0.28,"mesh":"53394548"},"geometry":{"type":"LineString","coordinates":[[139.73139,35.70442],[139.73159,35.70438]]}},{"type":"Feature","properties":{"idx":1656,"road":"江戸川橋通り","cls":"tertiary","shops":20,"st_km":0.24,"mesh":"53394558"},"geometry":{"type":"LineString","coordinates":[[139.73155,35.70922],[139.73153,35.71009]]}},{"type":"Feature","properties":{"idx":1603,"road":"江戸川橋通り","cls":"tertiary","shops":17,"st_km":0.27,"mesh":"53394548"},"geometry":{"type":"LineString","coordinates":[[139.73123,35.70738],[139.73155,35.70922]]}},{"type":"Feature","properties":{"idx":159,"road":"","cls":"tertiary","shops":0,"st_km":0.39,"mesh":"53394527"},"geometry":{"type":"LineString","coordinates":[[139.72262,35.6867],[139.72258,35.68648],[139.72262,35.68642],[139.72295,35.68627],[139.72318,35.68591],[139.72369,35.68552]]}},{"type":"Feature","properties":{"idx":409,"road":"","cls":"pedestrian","shops":0,"st_km":0.21,"mesh":"53394507"},"geometry":{"type":"LineString","coordinates":[[139.71699,35.67221],[139.71713,35.67226],[139.71721,35.67214],[139.7176,35.67225],[139.71781,35.67188]]}},{"type":"Feature","properties":{"idx":589,"road":"","cls":"pedestrian","shops":1,"st_km":0.25,"mesh":"53394507"},"geometry":{"type":"LineString","coordinates":[[139.71713,35.67226],[139.71705,35.67246],[139.71743,35.67258],[139.7176,35.67225]]}},{"type":"Feature","properties":{"idx":1018,"road":"","cls":"tertiary","shops":3,"st_km":0.29,"mesh":"53394568"},"geometry":{"type":"LineString","coordinates":[[139.73489,35.71909],[139.73494,35.71926],[139.73484,35.71945]]}},{"type":"Feature","properties":{"idx":409,"road":"","cls":"tertiary","shops":13,"st_km":0.28,"mesh":"53394589"},"geometry":{"type":"LineString","coordinates":[[139.73722,35.73455],[139.73728,35.73467],[139.73831,35.73561]]}},{"type":"Feature","properties":{"idx":1122,"road":"聖学院通り","cls":"tertiary","shops":36,"st_km":0.18,"mesh":"53394589"},"geometry":{"type":"LineString","coordinates":[[139.74967,35.73838],[139.74941,35.73814],[139.74896,35.73784]]}},{"type":"Feature","properties":{"idx":435,"road":"","cls":"pedestrian","shops":0,"st_km":0.29,"mesh":"53394539"},"geometry":{"type":"LineString","coordinates":[[139.74925,35.694],[139.74938,35.69404]]}},{"type":"Feature","properties":{"idx":431,"road":"","cls":"pedestrian","shops":0,"st_km":0.3,"mesh":"53394539"},"geometry":{"type":"LineString","coordinates":[[139.74914,35.69397],[139.74925,35.694]]}},{"type":"Feature","properties":{"idx":450,"road":"","cls":"pedestrian","shops":0,"st_km":0.26,"mesh":"53394539"},"geometry":{"type":"LineString","coordinates":[[139.74937,35.69432],[139.74932,35.69443]]}},{"type":"Feature","properties":{"idx":448,"road":"","cls":"pedestrian","shops":0,"st_km":0.26,"mesh":"53394539"},"geometry":{"type":"LineString","coordinates":[[139.74939,35.69428],[139.74937,35.69432]]}},{"type":"Feature","properties":{"idx":1591,"road":"補助第80号線","cls":"tertiary","shops":15,"st_km":0.04,"mesh":"53394578"},"geometry":{"type":"LineString","coordinates":[[139.72956,35.73166],[139.72992,35.73207]]}},{"type":"Feature","properties":{"idx":1342,"road":"補助第80号線","cls":"tertiary","shops":14,"st_km":0.14,"mesh":"53394578"},"geometry":{"type":"LineString","coordinates":[[139.72925,35.73068],[139.72914,35.73004]]}},{"type":"Feature","properties":{"idx":1513,"road":"補助第80号線","cls":"tertiary","shops":15,"st_km":0.08,"mesh":"53394578"},"geometry":{"type":"LineString","coordinates":[[139.72925,35.73068],[139.72926,35.7309],[139.72933,35.73107]]}},{"type":"Feature","properties":{"idx":1630,"road":"","cls":"tertiary","shops":27,"st_km":0.09,"mesh":"53394549"},"geometry":{"type":"LineString","coordinates":[[139.74585,35.70202],[139.74572,35.70195]]}},{"type":"Feature","properties":{"idx":2090,"road":"目白通り","cls":"primary","shops":28,"st_km":0.1,"mesh":"53394549"},"geometry":{"type":"LineString","coordinates":[[139.74562,35.70202],[139.74572,35.70195]]}},{"type":"Feature","properties":{"idx":1151,"road":"","cls":"tertiary","shops":36,"st_km":0.15,"mesh":"53394589"},"geometry":{"type":"LineString","coordinates":[[139.74678,35.73587],[139.74689,35.73591]]}},{"type":"Feature","properties":{"idx":1707,"road":"本郷通り","cls":"secondary","shops":7,"st_km":0.32,"mesh":"53394599"},"geometry":{"type":"LineString","coordinates":[[139.74297,35.7453],[139.74343,35.74491],[139.74447,35.74455],[139.74534,35.74417],[139.74714,35.74304],[139.74723,35.7429]]}},{"type":"Feature","properties":{"idx":1281,"road":"本郷通り","cls":"secondary","shops":36,"st_km":0.17,"mesh":"53394589"},"geometry":{"type":"LineString","coordinates":[[139.74686,35.73566],[139.74678,35.73587]]}},{"type":"Feature","properties":{"idx":1507,"road":"目白通り","cls":"primary","shops":4,"st_km":0.02,"mesh":"53394573"},"geometry":{"type":"LineString","coordinates":[[139.67111,35.73232],[139.67038,35.73258]]}},{"type":"Feature","properties":{"idx":468,"road":"江古田通り","cls":"tertiary","shops":1,"st_km":0.26,"mesh":"53394573"},"geometry":{"type":"LineString","coordinates":[[139.66854,35.72823],[139.66889,35.73125],[139.67038,35.73258]]}},{"type":"Feature","properties":{"idx":690,"road":"目白通り","cls":"primary","shops":2,"st_km":0.38,"mesh":"53394573"},"geometry":{"type":"LineString","coordinates":[[139.67751,35.72952],[139.67308,35.73161],[139.67111,35.73232]]}},{"type":"Feature","properties":{"idx":947,"road":"江戸川橋通り","cls":"tertiary","shops":11,"st_km":0.42,"mesh":"53394548"},"geometry":{"type":"LineString","coordinates":[[139.73093,35.70556],[139.73123,35.70738]]}},{"type":"Feature","properties":{"idx":354,"road":"外苑東通り","cls":"primary","shops":3,"st_km":0.54,"mesh":"53394558"},"geometry":{"type":"LineString","coordinates":[[139.72688,35.70749],[139.72697,35.7095],[139.72703,35.70975]]}},{"type":"Feature","properties":{"idx":424,"road":"外苑東通り","cls":"primary","shops":4,"st_km":0.54,"mesh":"53394558"},"geometry":{"type":"LineString","coordinates":[[139.72711,35.70959],[139.72702,35.70739]]}},{"type":"Feature","properties":{"idx":670,"road":"早大通り","cls":"tertiary","shops":8,"st_km":0.5,"mesh":"53394548"},"geometry":{"type":"LineString","coordinates":[[139.73123,35.70738],[139.73107,35.70733],[139.72828,35.70732],[139.72702,35.70739]]}},{"type":"Feature","properties":{"idx":235,"road":"早大通り","cls":"tertiary","shops":2,"st_km":0.33,"mesh":"53394547"},"geometry":{"type":"LineString","coordinates":[[139.7225,35.70839],[139.72567,35.70759],[139.72688,35.70749]]}},{"type":"Feature","properties":{"idx":707,"road":"目白通り","cls":"primary","shops":7,"st_km":0.52,"mesh":"53394565"},"geometry":{"type":"LineString","coordinates":[[139.68954,35.72283],[139.69251,35.72254]]}},{"type":"Feature","properties":{"idx":2223,"road":"目白通り","cls":"primary","shops":16,"st_km":0.15,"mesh":"53394566"},"geometry":{"type":"LineString","coordinates":[[139.70628,35.72185],[139.70662,35.7217]]}},{"type":"Feature","properties":{"idx":365,"road":"目白通り","cls":"primary","shops":1,"st_km":0.17,"mesh":"53394566"},"geometry":{"type":"LineString","coordinates":[[139.70782,35.7211],[139.70816,35.72092]]}},{"type":"Feature","properties":{"idx":1125,"road":"目白通り","cls":"primary","shops":7,"st_km":0.14,"mesh":"53394566"},"geometry":{"type":"LineString","coordinates":[[139.7069,35.72157],[139.70782,35.7211]]}},{"type":"Feature","properties":{"idx":111,"road":"目白通り","cls":"primary","shops":0,"st_km":0.48,"mesh":"53394557"},"geometry":{"type":"LineString","coordinates":[[139.72006,35.71611],[139.72042,35.71602]]}},{"type":"Feature","properties":{"idx":164,"road":"目白通り","cls":"primary","shops":1,"st_km":0.49,"mesh":"53394557"},"geometry":{"type":"LineString","coordinates":[[139.71884,35.71652],[139.71941,35.71629],[139.72006,35.71611]]}},{"type":"Feature","properties":{"idx":460,"road":"音羽池袋線","cls":"secondary","shops":2,"st_km":0.06,"mesh":"53394567"},"geometry":{"type":"LineString","coordinates":[[139.72219,35.72392],[139.71904,35.72595]]}},{"type":"Feature","properties":{"idx":197,"road":"音羽池袋線","cls":"secondary","shops":0,"st_km":0.32,"mesh":"53394567"},"geometry":{"type":"LineString","coordinates":[[139.72417,35.72005],[139.72401,35.7203]]}},{"type":"Feature","properties":{"idx":781,"road":"豊中通り","cls":"tertiary","shops":4,"st_km":0.75,"mesh":"53394572"},"geometry":{"type":"LineString","coordinates":[[139.65862,35.73218],[139.65902,35.73216]]}},{"type":"Feature","properties":{"idx":196,"road":"","cls":"tertiary","shops":0,"st_km":0.74,"mesh":"53394573"},"geometry":{"type":"LineString","coordinates":[[139.6646,35.72745],[139.66552,35.72713],[139.66693,35.72655]]}},{"type":"Feature","properties":{"idx":180,"road":"","cls":"tertiary","shops":0,"st_km":0.84,"mesh":"53394573"},"geometry":{"type":"LineString","coordinates":[[139.66318,35.72783],[139.6632,35.72782]]}},{"type":"Feature","properties":{"idx":180,"road":"","cls":"tertiary","shops":0,"st_km":0.85,"mesh":"53394573"},"geometry":{"type":"LineString","coordinates":[[139.6631,35.72789],[139.66318,35.72783]]}},{"type":"Feature","properties":{"idx":304,"road":"","cls":"tertiary","shops":1,"st_km":0.71,"mesh":"53394573"},"geometry":{"type":"LineString","coordinates":[[139.66693,35.72655],[139.66824,35.72663]]}},{"type":"Feature","properties":{"idx":891,"road":"千川通り","cls":"secondary","shops":2,"st_km":0.13,"mesh":"53394583"},"geometry":{"type":"LineString","coordinates":[[139.66339,35.73825],[139.66396,35.73833]]}},{"type":"Feature","properties":{"idx":3842,"road":"明治通","cls":"primary","shops":28,"st_km":0.17,"mesh":"53394576"},"geometry":{"type":"LineString","coordinates":[[139.71218,35.72913],[139.71216,35.72895]]}},{"type":"Feature","properties":{"idx":302,"road":"江古田通り","cls":"tertiary","shops":1,"st_km":0.71,"mesh":"53394573"},"geometry":{"type":"LineString","coordinates":[[139.66795,35.72612],[139.66824,35.72663]]}},{"type":"Feature","properties":{"idx":198,"road":"","cls":"tertiary","shops":0,"st_km":0.99,"mesh":"53394572"},"geometry":{"type":"LineString","coordinates":[[139.65957,35.73032],[139.66106,35.72873]]}},{"type":"Feature","properties":{"idx":209,"road":"","cls":"tertiary","shops":0,"st_km":0.89,"mesh":"53394572"},"geometry":{"type":"LineString","coordinates":[[139.65952,35.73178],[139.65957,35.73032]]}},{"type":"Feature","properties":{"idx":558,"road":"豊中通り","cls":"tertiary","shops":3,"st_km":0.81,"mesh":"53394572"},"geometry":{"type":"LineString","coordinates":[[139.65933,35.73194],[139.65952,35.73178]]}},{"type":"Feature","properties":{"idx":975,"road":"千川通り","cls":"secondary","shops":3,"st_km":0.26,"mesh":"53394583"},"geometry":{"type":"LineString","coordinates":[[139.66396,35.73833],[139.66529,35.73847],[139.66605,35.73849],[139.66644,35.73845]]}},{"type":"Feature","properties":{"idx":1526,"road":"グリーン大通り","cls":"tertiary","shops":17,"st_km":0.21,"mesh":"53394577"},"geometry":{"type":"LineString","coordinates":[[139.71319,35.72971],[139.71344,35.72955]]}},{"type":"Feature","properties":{"idx":462,"road":"東京都道新宿副都心四号線","cls":"secondary","shops":2,"st_km":0.22,"mesh":"53394525"},"geometry":{"type":"LineString","coordinates":[[139.69857,35.691],[139.69834,35.69104]]}},{"type":"Feature","properties":{"idx":1568,"road":"外苑東通り","cls":"primary","shops":5,"st_km":0.07,"mesh":"53394507"},"geometry":{"type":"LineString","coordinates":[[139.7244,35.67171],[139.72401,35.67269]]}},{"type":"Feature","properties":{"idx":881,"road":"四谷角筈線","cls":"secondary","shops":7,"st_km":0.14,"mesh":"53394535"},"geometry":{"type":"LineString","coordinates":[[139.69755,35.69287],[139.69794,35.69254]]}},{"type":"Feature","properties":{"idx":479,"road":"四谷角筈線","cls":"secondary","shops":3,"st_km":0.16,"mesh":"53394535"},"geometry":{"type":"LineString","coordinates":[[139.69727,35.69311],[139.69755,35.69287]]}},{"type":"Feature","properties":{"idx":399,"road":"女子医大通り","cls":"tertiary","shops":2,"st_km":0.12,"mesh":"53394537"},"geometry":{"type":"LineString","coordinates":[[139.7199,35.69761],[139.71918,35.69803],[139.71852,35.69934]]}},{"type":"Feature","properties":{"idx":1290,"road":"四谷角筈線","cls":"secondary","shops":11,"st_km":0.12,"mesh":"53394535"},"geometry":{"type":"LineString","coordinates":[[139.69827,35.69226],[139.69855,35.69219]]}},{"type":"Feature","properties":{"idx":1315,"road":"職安通り","cls":"primary","shops":12,"st_km":0.21,"mesh":"53394536"},"geometry":{"type":"LineString","coordinates":[[139.70745,35.698],[139.70757,35.69798]]}},{"type":"Feature","properties":{"idx":225,"road":"女子医大通り","cls":"tertiary","shops":1,"st_km":0.4,"mesh":"53394537"},"geometry":{"type":"LineString","coordinates":[[139.72497,35.69542],[139.72486,35.69544]]}},{"type":"Feature","properties":{"idx":657,"road":"津の守坂通り","cls":"tertiary","shops":6,"st_km":0.36,"mesh":"53394527"},"geometry":{"type":"LineString","coordinates":[[139.72322,35.6878],[139.72328,35.68793]]}},{"type":"Feature","properties":{"idx":409,"road":"早大通り","cls":"tertiary","shops":5,"st_km":0.33,"mesh":"53394557"},"geometry":{"type":"LineString","coordinates":[[139.72138,35.70869],[139.72171,35.70858]]}},{"type":"Feature","properties":{"idx":230,"road":"早大通り","cls":"tertiary","shops":2,"st_km":0.35,"mesh":"53394557"},"geometry":{"type":"LineString","coordinates":[[139.72107,35.70878],[139.72138,35.70869]]}},{"type":"Feature","properties":{"idx":1241,"road":"","cls":"tertiary","shops":16,"st_km":0.1,"mesh":"53394556"},"geometry":{"type":"LineString","coordinates":[[139.70459,35.71335],[139.70471,35.71354]]}},{"type":"Feature","properties":{"idx":1553,"road":"","cls":"tertiary","shops":20,"st_km":0.07,"mesh":"53394556"},"geometry":{"type":"LineString","coordinates":[[139.70447,35.71314],[139.70459,35.71335]]}},{"type":"Feature","properties":{"idx":233,"road":"早大通り","cls":"tertiary","shops":2,"st_km":0.34,"mesh":"53394557"},"geometry":{"type":"LineString","coordinates":[[139.72144,35.70857],[139.7211,35.70868]]}},{"type":"Feature","properties":{"idx":471,"road":"早大通り","cls":"tertiary","shops":6,"st_km":0.33,"mesh":"53394557"},"geometry":{"type":"LineString","coordinates":[[139.72152,35.70855],[139.72144,35.70857]]}},{"type":"Feature","properties":{"idx":133,"road":"外苑西通り","cls":"secondary","shops":0,"st_km":0.13,"mesh":"53394517"},"geometry":{"type":"LineString","coordinates":[[139.71372,35.68057],[139.7137,35.68043]]}},{"type":"Feature","properties":{"idx":284,"road":"外苑西通り","cls":"secondary","shops":1,"st_km":0.33,"mesh":"53394527"},"geometry":{"type":"LineString","coordinates":[[139.71595,35.68586],[139.71596,35.68744]]}},{"type":"Feature","properties":{"idx":209,"road":"外苑西通り","cls":"secondary","shops":2,"st_km":0.36,"mesh":"53394517"},"geometry":{"type":"LineString","coordinates":[[139.71595,35.68586],[139.71599,35.6858],[139.71596,35.68304],[139.71591,35.68282],[139.71578,35.68262],[139.71559,35.68244],[139.7141,35.6814],[139.7139,35.68118],[139.71375,35.68085]]}},{"type":"Feature","properties":{"idx":842,"road":"早大通り","cls":"tertiary","shops":12,"st_km":0.31,"mesh":"53394557"},"geometry":{"type":"LineString","coordinates":[[139.72238,35.70833],[139.72152,35.70855]]}},{"type":"Feature","properties":{"idx":606,"road":"","cls":"tertiary","shops":8,"st_km":0.3,"mesh":"53394557"},"geometry":{"type":"LineString","coordinates":[[139.7225,35.70839],[139.72238,35.70833]]}},{"type":"Feature","properties":{"idx":600,"road":"表参道","cls":"secondary","shops":9,"st_km":0.42,"mesh":"53394506"},"geometry":{"type":"LineString","coordinates":[[139.71052,35.66607],[139.70534,35.66847]]}},{"type":"Feature","properties":{"idx":1619,"road":"明治通り","cls":"primary","shops":21,"st_km":0.27,"mesh":"53394506"},"geometry":{"type":"LineString","coordinates":[[139.70534,35.66847],[139.7067,35.67021],[139.70709,35.67083],[139.7079,35.67179]]}},{"type":"Feature","properties":{"idx":88,"road":"外苑西通り","cls":"secondary_link","shops":0,"st_km":0.14,"mesh":"53394517"},"geometry":{"type":"LineString","coordinates":[[139.71372,35.68057],[139.71364,35.68064]]}},{"type":"Feature","properties":{"idx":2569,"road":"外苑東通り","cls":"primary","shops":17,"st_km":0.09,"mesh":"53394527"},"geometry":{"type":"LineString","coordinates":[[139.72029,35.68788],[139.7203,35.68802]]}},{"type":"Feature","properties":{"idx":2276,"road":"外苑東通り","cls":"primary","shops":15,"st_km":0.1,"mesh":"53394527"},"geometry":{"type":"LineString","coordinates":[[139.7204,35.68803],[139.72039,35.68789]]}},{"type":"Feature","properties":{"idx":1024,"road":"中野通り","cls":"secondary","shops":3,"st_km":0.09,"mesh":"53394523"},"geometry":{"type":"LineString","coordinates":[[139.66913,35.69093],[139.66909,35.69123]]}},{"type":"Feature","properties":{"idx":530,"road":"目白通り","cls":"primary","shops":11,"st_km":0.63,"mesh":"53394549"},"geometry":{"type":"LineString","coordinates":[[139.74383,35.70518],[139.74374,35.70531],[139.74341,35.70619],[139.743,35.7077]]}},{"type":"Feature","properties":{"idx":1730,"road":"","cls":"tertiary","shops":7,"st_km":0.54,"mesh":"53394559"},"geometry":{"type":"LineString","coordinates":[[139.74642,35.71055],[139.74636,35.71044]]}},{"type":"Feature","properties":{"idx":365,"road":"新目白通り","cls":"primary","shops":3,"st_km":0.19,"mesh":"53394557"},"geometry":{"type":"LineString","coordinates":[[139.72109,35.71116],[139.72091,35.71121]]}},{"type":"Feature","properties":{"idx":117,"road":"荒玉水道道路","cls":"secondary","shops":0,"st_km":0.69,"mesh":"53394511"},"geometry":{"type":"LineString","coordinates":[[139.64365,35.68194],[139.64424,35.6827]]}},{"type":"Feature","properties":{"idx":187,"road":"荒玉水道道路","cls":"secondary","shops":1,"st_km":0.62,"mesh":"53394511"},"geometry":{"type":"LineString","coordinates":[[139.64346,35.68166],[139.64365,35.68194]]}},{"type":"Feature","properties":{"idx":2837,"road":"中杉通り","cls":"secondary","shops":29,"st_km":0.08,"mesh":"53394540"},"geometry":{"type":"LineString","coordinates":[[139.63666,35.70458],[139.63667,35.70468]]}},{"type":"Feature","properties":{"idx":1104,"road":"鮫洲大山線","cls":"secondary","shops":1,"st_km":0.42,"mesh":"53394574"},"geometry":{"type":"LineString","coordinates":[[139.67838,35.73103],[139.67995,35.73271]]}},{"type":"Feature","properties":{"idx":686,"road":"鮫洲大山線","cls":"secondary","shops":1,"st_km":0.27,"mesh":"53394585"},"geometry":{"type":"LineString","coordinates":[[139.68735,35.73974],[139.68803,35.74064]]}},{"type":"Feature","properties":{"idx":2495,"road":"早稲田通り","cls":"primary","shops":31,"st_km":0.48,"mesh":"53394553"},"geometry":{"type":"LineString","coordinates":[[139.6668,35.70999],[139.66674,35.70999]]}},{"type":"Feature","properties":{"idx":2498,"road":"早稲田通り","cls":"primary","shops":31,"st_km":0.48,"mesh":"53394553"},"geometry":{"type":"LineString","coordinates":[[139.66674,35.70999],[139.66669,35.70999]]}},{"type":"Feature","properties":{"idx":1377,"road":"早稲田通り","cls":"primary","shops":16,"st_km":0.47,"mesh":"53394553"},"geometry":{"type":"LineString","coordinates":[[139.66669,35.70999],[139.66497,35.70997]]}},{"type":"Feature","properties":{"idx":2337,"road":"早稲田通り","cls":"primary","shops":29,"st_km":0.49,"mesh":"53394553"},"geometry":{"type":"LineString","coordinates":[[139.66704,35.70998],[139.6668,35.70999]]}},{"type":"Feature","properties":{"idx":697,"road":"四谷角筈線","cls":"secondary","shops":4,"st_km":0.21,"mesh":"53394525"},"geometry":{"type":"LineString","coordinates":[[139.69841,35.69027],[139.69831,35.69034],[139.69828,35.69057]]}},{"type":"Feature","properties":{"idx":2004,"road":"","cls":"tertiary","shops":13,"st_km":0.17,"mesh":"53394509"},"geometry":{"type":"LineString","coordinates":[[139.74139,35.67063],[139.74132,35.67063],[139.73962,35.67178],[139.73922,35.67198],[139.7391,35.67199],[139.73849,35.67184]]}},{"type":"Feature","properties":{"idx":979,"road":"青梅街道","cls":"primary","shops":8,"st_km":0.24,"mesh":"53394535"},"geometry":{"type":"LineString","coordinates":[[139.697,35.69313],[139.69605,35.69341]]}},{"type":"Feature","properties":{"idx":1963,"road":"青梅街道","cls":"primary","shops":18,"st_km":0.25,"mesh":"53394535"},"geometry":{"type":"LineString","coordinates":[[139.69512,35.69376],[139.69526,35.69372]]}},{"type":"Feature","properties":{"idx":1242,"road":"青梅街道","cls":"primary","shops":11,"st_km":0.28,"mesh":"53394535"},"geometry":{"type":"LineString","coordinates":[[139.69526,35.69372],[139.69566,35.6936]]}},{"type":"Feature","properties":{"idx":2290,"road":"青梅街道","cls":"primary","shops":21,"st_km":0.24,"mesh":"53394535"},"geometry":{"type":"LineString","coordinates":[[139.69496,35.6938],[139.69512,35.69376]]}},{"type":"Feature","properties":{"idx":2076,"road":"東通り","cls":"secondary","shops":21,"st_km":0.23,"mesh":"53394535"},"geometry":{"type":"LineString","coordinates":[[139.69495,35.69372],[139.69496,35.6938]]}},{"type":"Feature","properties":{"idx":1863,"road":"青梅街道","cls":"primary","shops":15,"st_km":0.15,"mesh":"53394535"},"geometry":{"type":"LineString","coordinates":[[139.69495,35.69372],[139.69315,35.69424]]}},{"type":"Feature","properties":{"idx":443,"road":"東通り","cls":"secondary","shops":3,"st_km":0.25,"mesh":"53394535"},"geometry":{"type":"LineString","coordinates":[[139.69508,35.69368],[139.69448,35.69262]]}},{"type":"Feature","properties":{"idx":2096,"road":"青梅街道","cls":"primary","shops":19,"st_km":0.24,"mesh":"53394535"},"geometry":{"type":"LineString","coordinates":[[139.69501,35.6937],[139.69495,35.69372]]}},{"type":"Feature","properties":{"idx":2083,"road":"青梅街道","cls":"primary","shops":19,"st_km":0.24,"mesh":"53394535"},"geometry":{"type":"LineString","coordinates":[[139.69508,35.69368],[139.69501,35.6937]]}},{"type":"Feature","properties":{"idx":648,"road":"鮫洲大山線","cls":"secondary","shops":3,"st_km":0.34,"mesh":"53394503"},"geometry":{"type":"LineString","coordinates":[[139.67294,35.66844],[139.67291,35.66854]]}},{"type":"Feature","properties":{"idx":1146,"road":"青梅街道","cls":"primary","shops":4,"st_km":0.31,"mesh":"53394534"},"geometry":{"type":"LineString","coordinates":[[139.6847,35.69671],[139.68548,35.69656],[139.68639,35.6965]]}},{"type":"Feature","properties":{"idx":2660,"road":"小滝橋通り","cls":"tertiary","shops":27,"st_km":0.09,"mesh":"53394535"},"geometry":{"type":"LineString","coordinates":[[139.69893,35.69419],[139.6991,35.6937]]}},{"type":"Feature","properties":{"idx":920,"road":"新宿通り","cls":"secondary","shops":8,"st_km":0.11,"mesh":"53394536"},"geometry":{"type":"LineString","coordinates":[[139.70041,35.69355],[139.70036,35.69339],[139.7004,35.69319]]}},{"type":"Feature","properties":{"idx":1557,"road":"靖国通り","cls":"primary","shops":14,"st_km":0.16,"mesh":"53394536"},"geometry":{"type":"LineString","coordinates":[[139.70057,35.6938],[139.70087,35.69377]]}},{"type":"Feature","properties":{"idx":193,"road":"","cls":"tertiary","shops":3,"st_km":0.45,"mesh":"53394505"},"geometry":{"type":"LineString","coordinates":[[139.68784,35.67361],[139.68765,35.67362]]}},{"type":"Feature","properties":{"idx":414,"road":"山手通り","cls":"primary","shops":5,"st_km":0.24,"mesh":"53394505"},"geometry":{"type":"LineString","coordinates":[[139.68784,35.67361],[139.68775,35.67155],[139.68793,35.66969]]}},{"type":"Feature","properties":{"idx":409,"road":"山手通り","cls":"primary","shops":5,"st_km":0.26,"mesh":"53394505"},"geometry":{"type":"LineString","coordinates":[[139.68776,35.66976],[139.68758,35.67158],[139.68765,35.67362]]}},{"type":"Feature","properties":{"idx":1598,"road":"中野通り","cls":"secondary","shops":14,"st_km":0.02,"mesh":"53394543"},"geometry":{"type":"LineString","coordinates":[[139.6654,35.7057],[139.66542,35.70548]]}},{"type":"Feature","properties":{"idx":1570,"road":"中野通り","cls":"secondary","shops":16,"st_km":0.15,"mesh":"53394543"},"geometry":{"type":"LineString","coordinates":[[139.66521,35.70733],[139.66527,35.70679]]}},{"type":"Feature","properties":{"idx":174,"road":"","cls":"tertiary","shops":0,"st_km":0.08,"mesh":"53394582"},"geometry":{"type":"LineString","coordinates":[[139.65395,35.73852],[139.65412,35.73854]]}},{"type":"Feature","properties":{"idx":137,"road":"","cls":"tertiary","shops":0,"st_km":0.24,"mesh":"53394553"},"geometry":{"type":"LineString","coordinates":[[139.66868,35.7166],[139.67125,35.71585]]}},{"type":"Feature","properties":{"idx":220,"road":"中野通り","cls":"secondary","shops":0,"st_km":0.36,"mesh":"53394563"},"geometry":{"type":"LineString","coordinates":[[139.66978,35.7183],[139.66868,35.7166]]}},{"type":"Feature","properties":{"idx":127,"road":"新井天神通り","cls":"tertiary","shops":0,"st_km":0.31,"mesh":"53394553"},"geometry":{"type":"LineString","coordinates":[[139.66379,35.71707],[139.66499,35.71563]]}},{"type":"Feature","properties":{"idx":1029,"road":"公園通り","cls":"secondary","shops":9,"st_km":0.2,"mesh":"53394535"},"geometry":{"type":"LineString","coordinates":[[139.69045,35.69525],[139.69055,35.69518],[139.69055,35.6951]]}},{"type":"Feature","properties":{"idx":1260,"road":"青梅街道","cls":"primary","shops":10,"st_km":0.19,"mesh":"53394535"},"geometry":{"type":"LineString","coordinates":[[139.69045,35.69525],[139.69086,35.69513]]}},{"type":"Feature","properties":{"idx":1244,"road":"青梅街道","cls":"primary","shops":10,"st_km":0.2,"mesh":"53394535"},"geometry":{"type":"LineString","coordinates":[[139.69055,35.6951],[139.6904,35.69515]]}},{"type":"Feature","properties":{"idx":720,"road":"","cls":"primary_link","shops":8,"st_km":0.21,"mesh":"53394535"},"geometry":{"type":"LineString","coordinates":[[139.6904,35.69515],[139.69045,35.69525]]}},{"type":"Feature","properties":{"idx":523,"road":"青梅街道","cls":"primary","shops":4,"st_km":0.37,"mesh":"53394535"},"geometry":{"type":"LineString","coordinates":[[139.6904,35.69515],[139.68854,35.69569],[139.68708,35.6962]]}},{"type":"Feature","properties":{"idx":1203,"road":"青梅街道","cls":"primary","shops":8,"st_km":0.06,"mesh":"53394535"},"geometry":{"type":"LineString","coordinates":[[139.69086,35.69513],[139.69309,35.69437]]}},{"type":"Feature","properties":{"idx":569,"road":"山手通り","cls":"primary","shops":0,"st_km":0.68,"mesh":"53394586"},"geometry":{"type":"LineString","coordinates":[[139.70428,35.73834],[139.70293,35.73714]]}},{"type":"Feature","properties":{"idx":809,"road":"山手通り","cls":"primary","shops":0,"st_km":0.32,"mesh":"53394586"},"geometry":{"type":"LineString","coordinates":[[139.70288,35.7371],[139.7006,35.73504],[139.70022,35.73454],[139.69952,35.73316]]}},{"type":"Feature","properties":{"idx":1357,"road":"山手通り","cls":"primary","shops":3,"st_km":0.74,"mesh":"53394586"},"geometry":{"type":"LineString","coordinates":[[139.70273,35.73721],[139.70495,35.7392]]}},{"type":"Feature","properties":{"idx":1883,"road":"山手通り","cls":"primary","shops":4,"st_km":0.58,"mesh":"53394586"},"geometry":{"type":"LineString","coordinates":[[139.70259,35.73709],[139.70273,35.73721]]}},{"type":"Feature","properties":{"idx":1380,"road":"","cls":"primary_link","shops":4,"st_km":0.53,"mesh":"53394586"},"geometry":{"type":"LineString","coordinates":[[139.70252,35.73678],[139.7024,35.73675],[139.70235,35.73679],[139.70236,35.73688]]}},{"type":"Feature","properties":{"idx":1392,"road":"","cls":"primary_link","shops":4,"st_km":0.52,"mesh":"53394586"},"geometry":{"type":"LineString","coordinates":[[139.70214,35.73668],[139.70228,35.73673],[139.70234,35.73669],[139.70229,35.73657]]}},{"type":"Feature","properties":{"idx":253,"road":"","cls":"tertiary_link","shops":0,"st_km":0.82,"mesh":"53394586"},"geometry":{"type":"LineString","coordinates":[[139.7049,35.73888],[139.70476,35.73886],[139.70436,35.73852],[139.70417,35.73848]]}},{"type":"Feature","properties":{"idx":638,"road":"","cls":"pedestrian","shops":3,"st_km":0.08,"mesh":"53394591"},"geometry":{"type":"LineString","coordinates":[[139.64829,35.74265],[139.64816,35.74266],[139.64809,35.74273],[139.64781,35.74275],[139.6478,35.74268]]}},{"type":"Feature","properties":{"idx":646,"road":"","cls":"pedestrian","shops":3,"st_km":0.07,"mesh":"53394591"},"geometry":{"type":"LineString","coordinates":[[139.64822,35.74257],[139.64823,35.74266]]}},{"type":"Feature","properties":{"idx":624,"road":"","cls":"pedestrian","shops":3,"st_km":0.1,"mesh":"53394591"},"geometry":{"type":"LineString","coordinates":[[139.64786,35.74294],[139.6482,35.74292]]}},{"type":"Feature","properties":{"idx":1006,"road":"","cls":"tertiary","shops":2,"st_km":0.18,"mesh":"53394598"},"geometry":{"type":"LineString","coordinates":[[139.73498,35.7487],[139.73467,35.74892]]}},{"type":"Feature","properties":{"idx":83,"road":"下瀬坂通り","cls":"tertiary","shops":3,"st_km":0.58,"mesh":"53394589"},"geometry":{"type":"LineString","coordinates":[[139.73771,35.74118],[139.73828,35.74134]]}},{"type":"Feature","properties":{"idx":327,"road":"","cls":"primary_link","shops":5,"st_km":0.13,"mesh":"53394505"},"geometry":{"type":"LineString","coordinates":[[139.68787,35.66903],[139.68795,35.66901]]}},{"type":"Feature","properties":{"idx":316,"road":"","cls":"primary_link","shops":5,"st_km":0.16,"mesh":"53394505"},"geometry":{"type":"LineString","coordinates":[[139.6878,35.66857],[139.68786,35.66876]]}},{"type":"Feature","properties":{"idx":214,"road":"","cls":"primary_link","shops":4,"st_km":0.39,"mesh":"53394505"},"geometry":{"type":"LineString","coordinates":[[139.68762,35.67274],[139.6877,35.67331],[139.68783,35.67329]]}},{"type":"Feature","properties":{"idx":1106,"road":"山手通り","cls":"primary","shops":1,"st_km":0.25,"mesh":"53394524"},"geometry":{"type":"LineString","coordinates":[[139.6864,35.68449],[139.68819,35.68255]]}},{"type":"Feature","properties":{"idx":872,"road":"角筈和泉町線","cls":"secondary","shops":1,"st_km":0.38,"mesh":"53394524"},"geometry":{"type":"LineString","coordinates":[[139.68624,35.6844],[139.6864,35.68449]]}},{"type":"Feature","properties":{"idx":4440,"road":"山手通り","cls":"primary","shops":10,"st_km":0.25,"mesh":"53394524"},"geometry":{"type":"LineString","coordinates":[[139.68804,35.68247],[139.68624,35.6844]]}},{"type":"Feature","properties":{"idx":1050,"road":"山手通り","cls":"primary","shops":1,"st_km":0.27,"mesh":"53394524"},"geometry":{"type":"LineString","coordinates":[[139.68269,35.68837],[139.68198,35.68914],[139.68168,35.68976],[139.68158,35.69047],[139.68176,35.69168]]}},{"type":"Feature","properties":{"idx":835,"road":"","cls":"tertiary","shops":2,"st_km":0.82,"mesh":"53394513"},"geometry":{"type":"LineString","coordinates":[[139.67407,35.68281],[139.67328,35.68337],[139.67292,35.68392]]}},{"type":"Feature","properties":{"idx":128,"road":"","cls":"tertiary","shops":0,"st_km":0.87,"mesh":"53394590"},"geometry":{"type":"LineString","coordinates":[[139.63346,35.74514],[139.63409,35.74489],[139.63431,35.74475],[139.63563,35.74309]]}},{"type":"Feature","properties":{"idx":146,"road":"","cls":"tertiary","shops":0,"st_km":0.72,"mesh":"53394590"},"geometry":{"type":"LineString","coordinates":[[139.63563,35.74309],[139.63566,35.74305]]}},{"type":"Feature","properties":{"idx":407,"road":"JR新宿駅;地下1階;西改札","cls":"pedestrian","shops":1,"st_km":0.13,"mesh":"53394526"},"geometry":{"type":"LineString","coordinates":[[139.70017,35.69119],[139.70017,35.69132]]}},{"type":"Feature","properties":{"idx":465,"road":"JR新宿駅;地下1階;西改札","cls":"pedestrian","shops":1,"st_km":0.13,"mesh":"53394525"},"geometry":{"type":"LineString","coordinates":[[139.69999,35.69118],[139.69999,35.6913]]}},{"type":"Feature","properties":{"idx":205,"road":"","cls":"tertiary","shops":1,"st_km":0.49,"mesh":"53394578"},"geometry":{"type":"LineString","coordinates":[[139.73704,35.72992],[139.73748,35.73028]]}},{"type":"Feature","properties":{"idx":6101,"road":"","cls":"pedestrian","shops":28,"st_km":0.13,"mesh":"53394518"},"geometry":{"type":"LineString","coordinates":[[139.73632,35.67768],[139.73639,35.6777]]}},{"type":"Feature","properties":{"idx":189,"road":"井ノ頭通り","cls":"secondary","shops":0,"st_km":0.2,"mesh":"53394511"},"geometry":{"type":"LineString","coordinates":[[139.64112,35.67756],[139.64127,35.67748]]}},{"type":"Feature","properties":{"idx":1134,"road":"","cls":"tertiary","shops":11,"st_km":0.12,"mesh":"53394526"},"geometry":{"type":"LineString","coordinates":[[139.70018,35.68465],[139.70147,35.68346],[139.70162,35.68342]]}},{"type":"Feature","properties":{"idx":137,"road":"新宿2号踏切","cls":"tertiary","shops":0,"st_km":0.18,"mesh":"53394526"},"geometry":{"type":"LineString","coordinates":[[139.70005,35.68475],[139.70018,35.68465]]}},{"type":"Feature","properties":{"idx":270,"road":"","cls":"pedestrian","shops":0,"st_km":0.59,"mesh":"53394518"},"geometry":{"type":"LineString","coordinates":[[139.72885,35.6805],[139.72895,35.68052],[139.729,35.68062]]}},{"type":"Feature","properties":{"idx":269,"road":"","cls":"pedestrian","shops":0,"st_km":0.59,"mesh":"53394518"},"geometry":{"type":"LineString","coordinates":[[139.72859,35.68066],[139.72863,35.68056],[139.72873,35.68051]]}},{"type":"Feature","properties":{"idx":370,"road":"","cls":"tertiary","shops":6,"st_km":0.28,"mesh":"53394549"},"geometry":{"type":"LineString","coordinates":[[139.74617,35.70392],[139.74681,35.70388]]}},{"type":"Feature","properties":{"idx":149,"road":"","cls":"tertiary","shops":1,"st_km":0.4,"mesh":"53394556"},"geometry":{"type":"LineString","coordinates":[[139.70323,35.70922],[139.70336,35.70935]]}},{"type":"Feature","properties":{"idx":2429,"road":"プリンス通り","cls":"tertiary","shops":12,"st_km":0.12,"mesh":"53394529"},"geometry":{"type":"LineString","coordinates":[[139.73814,35.68391],[139.73813,35.68402]]}},{"type":"Feature","properties":{"idx":2120,"road":"日本テレビ通り","cls":"tertiary","shops":10,"st_km":0.1,"mesh":"53394529"},"geometry":{"type":"LineString","coordinates":[[139.73765,35.68387],[139.73763,35.68399]]}},{"type":"Feature","properties":{"idx":1777,"road":"靖国通り","cls":"primary","shops":8,"st_km":0.13,"mesh":"53394538"},"geometry":{"type":"LineString","coordinates":[[139.73522,35.69215],[139.73528,35.69207]]}},{"type":"Feature","properties":{"idx":1913,"road":"外堀通り","cls":"secondary","shops":10,"st_km":0.13,"mesh":"53394538"},"geometry":{"type":"LineString","coordinates":[[139.73522,35.69215],[139.73515,35.69211]]}},{"type":"Feature","properties":{"idx":1233,"road":"牛込中央通り","cls":"tertiary","shops":5,"st_km":0.2,"mesh":"53394539"},"geometry":{"type":"LineString","coordinates":[[139.7377,35.69429],[139.73778,35.69424]]}},{"type":"Feature","properties":{"idx":1341,"road":"外堀通り","cls":"secondary","shops":5,"st_km":0.23,"mesh":"53394539"},"geometry":{"type":"LineString","coordinates":[[139.7377,35.69429],[139.7381,35.69478]]}},{"type":"Feature","properties":{"idx":1147,"road":"外堀通り","cls":"secondary","shops":4,"st_km":0.23,"mesh":"53394539"},"geometry":{"type":"LineString","coordinates":[[139.73819,35.69475],[139.73778,35.69424]]}},{"type":"Feature","properties":{"idx":334,"road":"牛込中央通り","cls":"tertiary","shops":2,"st_km":0.27,"mesh":"53394548"},"geometry":{"type":"LineString","coordinates":[[139.73306,35.70395],[139.73275,35.70255],[139.73273,35.70219],[139.73285,35.70063],[139.73316,35.6999]]}},{"type":"Feature","properties":{"idx":3285,"road":"靖国通り","cls":"primary","shops":12,"st_km":0.19,"mesh":"53394528"},"geometry":{"type":"LineString","coordinates":[[139.73594,35.69121],[139.736,35.69119]]}},{"type":"Feature","properties":{"idx":1349,"road":"大久保通り","cls":"secondary","shops":10,"st_km":0.33,"mesh":"53394538"},"geometry":{"type":"LineString","coordinates":[[139.73222,35.69956],[139.73316,35.6999]]}},{"type":"Feature","properties":{"idx":2849,"road":"JR新宿駅;地下1階;東改札","cls":"pedestrian","shops":19,"st_km":0.13,"mesh":"53394526"},"geometry":{"type":"LineString","coordinates":[[139.70077,35.69124],[139.70075,35.6914]]}},{"type":"Feature","properties":{"idx":561,"road":"赤坂通り","cls":"secondary","shops":2,"st_km":0.41,"mesh":"53394508"},"geometry":{"type":"LineString","coordinates":[[139.72941,35.66843],[139.73021,35.6687],[139.73053,35.66874]]}},{"type":"Feature","properties":{"idx":1640,"road":"メトロプロムナード","cls":"pedestrian","shops":14,"st_km":0.2,"mesh":"53394536"},"geometry":{"type":"LineString","coordinates":[[139.70115,35.69224],[139.70096,35.69222]]}},{"type":"Feature","properties":{"idx":2082,"road":"メトロプロムナード","cls":"pedestrian","shops":15,"st_km":0.12,"mesh":"53394535"},"geometry":{"type":"LineString","coordinates":[[139.69966,35.69214],[139.69929,35.69214]]}},{"type":"Feature","properties":{"idx":272,"road":"JR新宿駅;地下1階;西改札有人窓口","cls":"pedestrian","shops":0,"st_km":0.13,"mesh":"53394526"},"geometry":{"type":"LineString","coordinates":[[139.70031,35.69124],[139.70029,35.69134]]}},{"type":"Feature","properties":{"idx":122,"road":"四谷角筈線","cls":"secondary","shops":0,"st_km":0.28,"mesh":"53394517"},"geometry":{"type":"LineString","coordinates":[[139.71896,35.67909],[139.72023,35.67642]]}},{"type":"Feature","properties":{"idx":194,"road":"四谷角筈線","cls":"secondary","shops":1,"st_km":0.22,"mesh":"53394517"},"geometry":{"type":"LineString","coordinates":[[139.71838,35.67967],[139.7187,35.67943],[139.71896,35.67909]]}},{"type":"Feature","properties":{"idx":131,"road":"外苑西通り","cls":"secondary","shops":0,"st_km":0.14,"mesh":"53394517"},"geometry":{"type":"LineString","coordinates":[[139.71375,35.68085],[139.71372,35.68057]]}},{"type":"Feature","properties":{"idx":115,"road":"","cls":"tertiary","shops":0,"st_km":0.15,"mesh":"53394517"},"geometry":{"type":"LineString","coordinates":[[139.71368,35.68086],[139.71375,35.68085]]}},{"type":"Feature","properties":{"idx":132,"road":"外苑西通り","cls":"secondary","shops":0,"st_km":0.13,"mesh":"53394517"},"geometry":{"type":"LineString","coordinates":[[139.71362,35.6804],[139.71364,35.68064]]}},{"type":"Feature","properties":{"idx":849,"road":"","cls":"tertiary","shops":2,"st_km":0.55,"mesh":"53394545"},"geometry":{"type":"LineString","coordinates":[[139.69324,35.70481],[139.69472,35.70461]]}},{"type":"Feature","properties":{"idx":236,"road":"目白通り","cls":"primary","shops":3,"st_km":0.48,"mesh":"53394549"},"geometry":{"type":"LineString","coordinates":[[139.74388,35.70505],[139.74383,35.70518]]}},{"type":"Feature","properties":{"idx":237,"road":"飯田橋石神井新座線","cls":"primary","shops":3,"st_km":0.47,"mesh":"53394549"},"geometry":{"type":"LineString","coordinates":[[139.74397,35.70511],[139.74388,35.70505]]}},{"type":"Feature","properties":{"idx":4034,"road":"半蔵門駅通り","cls":"tertiary","shops":23,"st_km":0.19,"mesh":"53394529"},"geometry":{"type":"LineString","coordinates":[[139.74167,35.68343],[139.74158,35.68382]]}},{"type":"Feature","properties":{"idx":4385,"road":"プリンス通り","cls":"tertiary","shops":24,"st_km":0.14,"mesh":"53394529"},"geometry":{"type":"LineString","coordinates":[[139.73818,35.68346],[139.73814,35.68391]]}},{"type":"Feature","properties":{"idx":1374,"road":"東京FM通り","cls":"tertiary","shops":11,"st_km":0.28,"mesh":"53394519"},"geometry":{"type":"LineString","coordinates":[[139.73929,35.68309],[139.7403,35.68327]]}},{"type":"Feature","properties":{"idx":5032,"road":"","cls":"tertiary","shops":30,"st_km":0.22,"mesh":"53394529"},"geometry":{"type":"LineString","coordinates":[[139.74104,35.68339],[139.74167,35.68343]]}},{"type":"Feature","properties":{"idx":3370,"road":"半蔵門駅通り","cls":"tertiary","shops":28,"st_km":0.23,"mesh":"53394519"},"geometry":{"type":"LineString","coordinates":[[139.74174,35.68309],[139.74167,35.68343]]}},{"type":"Feature","properties":{"idx":1373,"road":"半蔵門駅通り","cls":"tertiary","shops":12,"st_km":0.37,"mesh":"53394519"},"geometry":{"type":"LineString","coordinates":[[139.74186,35.68178],[139.74183,35.68235]]}},{"type":"Feature","properties":{"idx":796,"road":"四谷角筈線","cls":"secondary","shops":5,"st_km":0.23,"mesh":"53394525"},"geometry":{"type":"LineString","coordinates":[[139.69813,35.69127],[139.69825,35.69121],[139.69831,35.69094],[139.69849,35.69086]]}},{"type":"Feature","properties":{"idx":2170,"road":"プリンス通り","cls":"tertiary","shops":15,"st_km":0.11,"mesh":"53394519"},"geometry":{"type":"LineString","coordinates":[[139.73855,35.67869],[139.73841,35.67953]]}},{"type":"Feature","properties":{"idx":761,"road":"貝坂通り","cls":"tertiary","shops":4,"st_km":0.12,"mesh":"53394519"},"geometry":{"type":"LineString","coordinates":[[139.73985,35.67973],[139.74019,35.67872]]}},{"type":"Feature","properties":{"idx":465,"road":"半蔵門駅通り","cls":"tertiary","shops":3,"st_km":0.42,"mesh":"53394519"},"geometry":{"type":"LineString","coordinates":[[139.74189,35.68123],[139.74186,35.68178]]}},{"type":"Feature","properties":{"idx":911,"road":"小石川西巣鴨線","cls":"secondary","shops":7,"st_km":0.07,"mesh":"53394578"},"geometry":{"type":"LineString","coordinates":[[139.73007,35.73092],[139.73035,35.73181]]}},{"type":"Feature","properties":{"idx":278,"road":"","cls":"tertiary","shops":1,"st_km":0.09,"mesh":"53394578"},"geometry":{"type":"LineString","coordinates":[[139.73014,35.72564],[139.73026,35.7257]]}},{"type":"Feature","properties":{"idx":121,"road":"補助第177号線","cls":"tertiary","shops":0,"st_km":0.16,"mesh":"53394577"},"geometry":{"type":"LineString","coordinates":[[139.7233,35.72792],[139.72375,35.72768]]}},{"type":"Feature","properties":{"idx":2160,"road":"みずき通り","cls":"tertiary","shops":19,"st_km":0.16,"mesh":"53394576"},"geometry":{"type":"LineString","coordinates":[[139.70993,35.73163],[139.71062,35.73168],[139.71095,35.73163]]}},{"type":"Feature","properties":{"idx":599,"road":"みたけ通り","cls":"tertiary","shops":2,"st_km":0.46,"mesh":"53394586"},"geometry":{"type":"LineString","coordinates":[[139.71066,35.73452],[139.71152,35.73458]]}},{"type":"Feature","properties":{"idx":1062,"road":"御苑通り","cls":"primary","shops":9,"st_km":0.25,"mesh":"53394526"},"geometry":{"type":"LineString","coordinates":[[139.70683,35.6904],[139.70699,35.69106],[139.70694,35.69207]]}},{"type":"Feature","properties":{"idx":1318,"road":"四谷角筈線","cls":"secondary","shops":9,"st_km":0.18,"mesh":"53394525"},"geometry":{"type":"LineString","coordinates":[[139.69868,35.69075],[139.6987,35.69059]]}},{"type":"Feature","properties":{"idx":308,"road":"四谷角筈線","cls":"secondary_link","shops":2,"st_km":0.22,"mesh":"53394525"},"geometry":{"type":"LineString","coordinates":[[139.69826,35.69073],[139.69835,35.69084],[139.69849,35.69086]]}},{"type":"Feature","properties":{"idx":1280,"road":"四谷角筈線","cls":"secondary","shops":11,"st_km":0.13,"mesh":"53394535"},"geometry":{"type":"LineString","coordinates":[[139.69827,35.69226],[139.69811,35.69227]]}},{"type":"Feature","properties":{"idx":709,"road":"四谷角筈線","cls":"secondary","shops":4,"st_km":0.2,"mesh":"53394525"},"geometry":{"type":"LineString","coordinates":[[139.69849,35.69086],[139.6986,35.69084],[139.69868,35.69075]]}},{"type":"Feature","properties":{"idx":346,"road":"四谷角筈線","cls":"secondary","shops":1,"st_km":0.22,"mesh":"53394525"},"geometry":{"type":"LineString","coordinates":[[139.69828,35.69057],[139.69826,35.69073]]}},{"type":"Feature","properties":{"idx":452,"road":"東京都道新宿副都心八号線","cls":"secondary","shops":3,"st_km":0.21,"mesh":"53394535"},"geometry":{"type":"LineString","coordinates":[[139.69676,35.69247],[139.69677,35.6926],[139.69696,35.69308]]}},{"type":"Feature","properties":{"idx":440,"road":"東京都道新宿副都心八号線","cls":"secondary","shops":3,"st_km":0.24,"mesh":"53394535"},"geometry":{"type":"LineString","coordinates":[[139.69676,35.69247],[139.69666,35.69217]]}},{"type":"Feature","properties":{"idx":460,"road":"東京都道新宿副都心八号線(新都心歩道橋下交差点)","cls":"secondary","shops":3,"st_km":0.2,"mesh":"53394535"},"geometry":{"type":"LineString","coordinates":[[139.69696,35.69308],[139.697,35.69313]]}},{"type":"Feature","properties":{"idx":446,"road":"豊中通り","cls":"tertiary","shops":2,"st_km":0.81,"mesh":"53394572"},"geometry":{"type":"LineString","coordinates":[[139.65952,35.73178],[139.65974,35.73177]]}},{"type":"Feature","properties":{"idx":258,"road":"","cls":"tertiary","shops":4,"st_km":0.67,"mesh":"53394582"},"geometry":{"type":"LineString","coordinates":[[139.65902,35.73216],[139.65936,35.73452]]}},{"type":"Feature","properties":{"idx":148,"road":"","cls":"tertiary","shops":1,"st_km":0.52,"mesh":"53394582"},"geometry":{"type":"LineString","coordinates":[[139.65936,35.73452],[139.65943,35.73501]]}},{"type":"Feature","properties":{"idx":114,"road":"井ノ頭通り","cls":"secondary","shops":0,"st_km":0.19,"mesh":"53394505"},"geometry":{"type":"LineString","coordinates":[[139.68923,35.66764],[139.68799,35.66776]]}},{"type":"Feature","properties":{"idx":220,"road":"井ノ頭通り","cls":"secondary","shops":2,"st_km":0.23,"mesh":"53394505"},"geometry":{"type":"LineString","coordinates":[[139.68799,35.66776],[139.68783,35.66777]]}},{"type":"Feature","properties":{"idx":1039,"road":"四谷角筈線","cls":"secondary","shops":4,"st_km":0.09,"mesh":"53394516"},"geometry":{"type":"LineString","coordinates":[[139.71068,35.68094],[139.71051,35.68099]]}},{"type":"Feature","properties":{"idx":397,"road":"四谷角筈線","cls":"secondary","shops":1,"st_km":0.35,"mesh":"53394516"},"geometry":{"type":"LineString","coordinates":[[139.71034,35.68104],[139.7096,35.68122],[139.7093,35.68125],[139.70654,35.68114],[139.70591,35.68098],[139.70515,35.68056]]}},{"type":"Feature","properties":{"idx":682,"road":"四谷角筈線","cls":"secondary","shops":2,"st_km":0.1,"mesh":"53394516"},"geometry":{"type":"LineString","coordinates":[[139.71051,35.68099],[139.71034,35.68104]]}},{"type":"Feature","properties":{"idx":2386,"road":"中野通り","cls":"secondary","shops":28,"st_km":0.24,"mesh":"53394543"},"geometry":{"type":"LineString","coordinates":[[139.66511,35.70838],[139.66521,35.70733]]}},{"type":"Feature","properties":{"idx":687,"road":"環七通り","cls":"primary","shops":1,"st_km":0.74,"mesh":"53394552"},"geometry":{"type":"LineString","coordinates":[[139.65406,35.71045],[139.65393,35.71155]]}},{"type":"Feature","properties":{"idx":677,"road":"環七通り","cls":"primary","shops":1,"st_km":0.76,"mesh":"53394552"},"geometry":{"type":"LineString","coordinates":[[139.65398,35.71185],[139.65413,35.71045]]}},{"type":"Feature","properties":{"idx":102,"road":"環七通り","cls":"primary","shops":0,"st_km":0.27,"mesh":"53394562"},"geometry":{"type":"LineString","coordinates":[[139.6537,35.71711],[139.65371,35.71723]]}},{"type":"Feature","properties":{"idx":153,"road":"環七通り","cls":"primary","shops":2,"st_km":0.57,"mesh":"53394562"},"geometry":{"type":"LineString","coordinates":[[139.65375,35.72359],[139.65381,35.72579]]}},{"type":"Feature","properties":{"idx":451,"road":"環七通り","cls":"primary","shops":1,"st_km":0.74,"mesh":"53394572"},"geometry":{"type":"LineString","coordinates":[[139.65381,35.72579],[139.6539,35.72678]]}},{"type":"Feature","properties":{"idx":231,"road":"庚申通り","cls":"secondary","shops":0,"st_km":0.93,"mesh":"53394572"},"geometry":{"type":"LineString","coordinates":[[139.65397,35.7276],[139.65405,35.72829]]}},{"type":"Feature","properties":{"idx":299,"road":"","cls":"tertiary","shops":1,"st_km":0.97,"mesh":"53394572"},"geometry":{"type":"LineString","coordinates":[[139.65517,35.72828],[139.65405,35.72829]]}},{"type":"Feature","properties":{"idx":845,"road":"環七通り","cls":"primary","shops":4,"st_km":0.92,"mesh":"53394572"},"geometry":{"type":"LineString","coordinates":[[139.659,35.73165],[139.65517,35.72828]]}},{"type":"Feature","properties":{"idx":155,"road":"環七通り","cls":"primary","shops":2,"st_km":0.55,"mesh":"53394562"},"geometry":{"type":"LineString","coordinates":[[139.65391,35.72552],[139.65384,35.72358]]}},{"type":"Feature","properties":{"idx":228,"road":"環七通り","cls":"primary","shops":2,"st_km":0.16,"mesh":"53394562"},"geometry":{"type":"LineString","coordinates":[[139.65382,35.72116],[139.65383,35.7209]]}},{"type":"Feature","properties":{"idx":1265,"road":"早稲田通り","cls":"primary","shops":3,"st_km":0.63,"mesh":"53394552"},"geometry":{"type":"LineString","coordinates":[[139.65432,35.7097],[139.65407,35.70969]]}},{"type":"Feature","properties":{"idx":1241,"road":"環七通り","cls":"primary","shops":6,"st_km":0.8,"mesh":"53394572"},"geometry":{"type":"LineString","coordinates":[[139.65933,35.73194],[139.659,35.73165]]}},{"type":"Feature","properties":{"idx":626,"road":"豊中通り","cls":"tertiary","shops":3,"st_km":0.8,"mesh":"53394572"},"geometry":{"type":"LineString","coordinates":[[139.65926,35.73199],[139.65933,35.73194]]}},{"type":"Feature","properties":{"idx":477,"road":"環七通り","cls":"primary","shops":3,"st_km":0.52,"mesh":"53394542"},"geometry":{"type":"LineString","coordinates":[[139.65437,35.70767],[139.65432,35.7084]]}},{"type":"Feature","properties":{"idx":566,"road":"環七通り","cls":"primary","shops":4,"st_km":0.53,"mesh":"53394542"},"geometry":{"type":"LineString","coordinates":[[139.65438,35.7084],[139.65448,35.70783]]}},{"type":"Feature","properties":{"idx":686,"road":"目白通り","cls":"primary","shops":6,"st_km":0.3,"mesh":"53394582"},"geometry":{"type":"LineString","coordinates":[[139.65549,35.73528],[139.65491,35.73532]]}},{"type":"Feature","properties":{"idx":1933,"road":"目白通り","cls":"primary","shops":6,"st_km":0.05,"mesh":"53394573"},"geometry":{"type":"LineString","coordinates":[[139.66972,35.7329],[139.67045,35.73264]]}},{"type":"Feature","properties":{"idx":1345,"road":"目白通り","cls":"primary","shops":1,"st_km":0.33,"mesh":"53394574"},"geometry":{"type":"LineString","coordinates":[[139.67754,35.72961],[139.68074,35.72778],[139.68129,35.72739],[139.68177,35.72678],[139.68272,35.72491]]}},{"type":"Feature","properties":{"idx":278,"road":"","cls":"tertiary","shops":1,"st_km":0.81,"mesh":"53394573"},"geometry":{"type":"LineString","coordinates":[[139.6632,35.72782],[139.6646,35.72745]]}},{"type":"Feature","properties":{"idx":257,"road":"","cls":"tertiary","shops":0,"st_km":0.45,"mesh":"53394573"},"geometry":{"type":"LineString","coordinates":[[139.66806,35.72936],[139.66699,35.72949],[139.66633,35.72945]]}},{"type":"Feature","properties":{"idx":202,"road":"","cls":"tertiary","shops":0,"st_km":0.71,"mesh":"53394573"},"geometry":{"type":"LineString","coordinates":[[139.67294,35.72594],[139.67325,35.72693]]}},{"type":"Feature","properties":{"idx":191,"road":"","cls":"tertiary","shops":1,"st_km":0.81,"mesh":"53394563"},"geometry":{"type":"LineString","coordinates":[[139.67226,35.72285],[139.67226,35.72376]]}},{"type":"Feature","properties":{"idx":342,"road":"新青梅街道","cls":"secondary","shops":3,"st_km":0.87,"mesh":"53394563"},"geometry":{"type":"LineString","coordinates":[[139.67226,35.72376],[139.67369,35.72353]]}},{"type":"Feature","properties":{"idx":738,"road":"南蔵院通り","cls":"tertiary","shops":1,"st_km":0.54,"mesh":"53394571"},"geometry":{"type":"LineString","coordinates":[[139.64751,35.72494],[139.6475,35.72849]]}},{"type":"Feature","properties":{"idx":411,"road":"","cls":"tertiary","shops":0,"st_km":0.73,"mesh":"53394571"},"geometry":{"type":"LineString","coordinates":[[139.64826,35.72846],[139.6475,35.72849]]}},{"type":"Feature","properties":{"idx":709,"road":"豊中通り","cls":"tertiary","shops":3,"st_km":0.66,"mesh":"53394572"},"geometry":{"type":"LineString","coordinates":[[139.65455,35.73234],[139.65862,35.73218]]}},{"type":"Feature","properties":{"idx":228,"road":"環七通り","cls":"primary","shops":2,"st_km":0.16,"mesh":"53394562"},"geometry":{"type":"LineString","coordinates":[[139.65374,35.7209],[139.65374,35.72116]]}},{"type":"Feature","properties":{"idx":71,"road":"","cls":"primary_link","shops":0,"st_km":0.27,"mesh":"53394562"},"geometry":{"type":"LineString","coordinates":[[139.65374,35.72116],[139.65366,35.72161],[139.65364,35.72291]]}},{"type":"Feature","properties":{"idx":71,"road":"","cls":"primary_link","shops":0,"st_km":0.27,"mesh":"53394562"},"geometry":{"type":"LineString","coordinates":[[139.6539,35.7229],[139.65389,35.7216],[139.65382,35.72116]]}},{"type":"Feature","properties":{"idx":291,"road":"新青梅街道","cls":"secondary","shops":5,"st_km":0.37,"mesh":"53394562"},"geometry":{"type":"LineString","coordinates":[[139.65364,35.72291],[139.6539,35.7229]]}},{"type":"Feature","properties":{"idx":12562,"road":"早稲田通り","cls":"primary","shops":21,"st_km":0.49,"mesh":"53394551"},"geometry":{"type":"LineString","coordinates":[[139.64996,35.70969],[139.6498,35.70973]]}},{"type":"Feature","properties":{"idx":758,"road":"","cls":"tertiary","shops":1,"st_km":0.18,"mesh":"53394593"},"geometry":{"type":"LineString","coordinates":[[139.66655,35.74737],[139.66642,35.74796],[139.66647,35.74896]]}},{"type":"Feature","properties":{"idx":1381,"road":"","cls":"tertiary","shops":3,"st_km":0.1,"mesh":"53394593"},"geometry":{"type":"LineString","coordinates":[[139.66646,35.74909],[139.66645,35.74922],[139.66636,35.74933]]}},{"type":"Feature","properties":{"idx":335,"road":"","cls":"tertiary","shops":0,"st_km":0.6,"mesh":"53394593"},"geometry":{"type":"LineString","coordinates":[[139.67333,35.7504],[139.67082,35.74892]]}},{"type":"Feature","properties":{"idx":203,"road":"","cls":"pedestrian","shops":1,"st_km":0.36,"mesh":"53394557"},"geometry":{"type":"LineString","coordinates":[[139.72063,35.7087],[139.72052,35.70898]]}},{"type":"Feature","properties":{"idx":307,"road":"","cls":"pedestrian","shops":2,"st_km":0.24,"mesh":"53394557"},"geometry":{"type":"LineString","coordinates":[[139.71957,35.70981],[139.71902,35.70969]]}},{"type":"Feature","properties":{"idx":680,"road":"補助第174号線","cls":"tertiary","shops":11,"st_km":0.46,"mesh":"53394577"},"geometry":{"type":"LineString","coordinates":[[139.71724,35.72932],[139.71729,35.72946],[139.71833,35.7307]]}},{"type":"Feature","properties":{"idx":204,"road":"","cls":"tertiary_link","shops":4,"st_km":0.42,"mesh":"53394577"},"geometry":{"type":"LineString","coordinates":[[139.71784,35.73],[139.71775,35.72981],[139.71734,35.72928]]}},{"type":"Feature","properties":{"idx":446,"road":"補助第176号線","cls":"tertiary","shops":6,"st_km":0.4,"mesh":"53394577"},"geometry":{"type":"LineString","coordinates":[[139.71734,35.72928],[139.71724,35.72932]]}},{"type":"Feature","properties":{"idx":1618,"road":"明治通","cls":"primary","shops":10,"st_km":0.12,"mesh":"53394576"},"geometry":{"type":"LineString","coordinates":[[139.71236,35.72995],[139.71238,35.73]]}},{"type":"Feature","properties":{"idx":1873,"road":"","cls":"primary_link","shops":24,"st_km":0.19,"mesh":"53394577"},"geometry":{"type":"LineString","coordinates":[[139.71282,35.73109],[139.71289,35.73116],[139.713,35.73114]]}},{"type":"Feature","properties":{"idx":439,"road":"","cls":"tertiary","shops":5,"st_km":0.17,"mesh":"53394506"},"geometry":{"type":"LineString","coordinates":[[139.70352,35.67278],[139.70348,35.67272]]}},{"type":"Feature","properties":{"idx":310,"road":"","cls":"tertiary","shops":3,"st_km":0.19,"mesh":"53394506"},"geometry":{"type":"LineString","coordinates":[[139.70376,35.67286],[139.70352,35.67278]]}},{"type":"Feature","properties":{"idx":357,"road":"","cls":"tertiary","shops":4,"st_km":0.23,"mesh":"53394506"},"geometry":{"type":"LineString","coordinates":[[139.70376,35.67286],[139.7045,35.67311]]}},{"type":"Feature","properties":{"idx":649,"road":"","cls":"tertiary","shops":8,"st_km":0.14,"mesh":"53394506"},"geometry":{"type":"LineString","coordinates":[[139.70348,35.67272],[139.70327,35.67225]]}},{"type":"Feature","properties":{"idx":3061,"road":"銀座通り","cls":"pedestrian","shops":24,"st_km":0.11,"mesh":"53394536"},"geometry":{"type":"LineString","coordinates":[[139.70041,35.69514],[139.70024,35.69516]]}},{"type":"Feature","properties":{"idx":1849,"road":"中野通り","cls":"secondary","shops":17,"st_km":0.05,"mesh":"53394543"},"geometry":{"type":"LineString","coordinates":[[139.66542,35.70543],[139.66543,35.70522]]}},{"type":"Feature","properties":{"idx":190,"road":"けやき通り","cls":"tertiary","shops":1,"st_km":0.35,"mesh":"53394543"},"geometry":{"type":"LineString","coordinates":[[139.66338,35.70832],[139.66338,35.70822]]}},{"type":"Feature","properties":{"idx":209,"road":"けやき通り","cls":"tertiary","shops":1,"st_km":0.25,"mesh":"53394543"},"geometry":{"type":"LineString","coordinates":[[139.66339,35.70719],[139.66339,35.70698]]}},{"type":"Feature","properties":{"idx":138,"road":"けやき通り","cls":"tertiary","shops":0,"st_km":0.26,"mesh":"53394543"},"geometry":{"type":"LineString","coordinates":[[139.66339,35.70726],[139.66339,35.70719]]}},{"type":"Feature","properties":{"idx":1571,"road":"メトロプロムナード;地下1階","cls":"pedestrian","shops":14,"st_km":0.24,"mesh":"53394536"},"geometry":{"type":"LineString","coordinates":[[139.70155,35.69227],[139.70162,35.69226]]}},{"type":"Feature","properties":{"idx":684,"road":"外苑東通り","cls":"primary","shops":7,"st_km":0.17,"mesh":"53394517"},"geometry":{"type":"LineString","coordinates":[[139.71938,35.68065],[139.71936,35.68044]]}},{"type":"Feature","properties":{"idx":1834,"road":"メトロプロムナード","cls":"pedestrian","shops":13,"st_km":0.12,"mesh":"53394535"},"geometry":{"type":"LineString","coordinates":[[139.69979,35.69216],[139.69978,35.6922],[139.69958,35.69216]]}},{"type":"Feature","properties":{"idx":1064,"road":"外苑西通り","cls":"secondary","shops":6,"st_km":0.43,"mesh":"53394507"},"geometry":{"type":"LineString","coordinates":[[139.7127,35.67188],[139.71302,35.67134],[139.71371,35.67055]]}},{"type":"Feature","properties":{"idx":851,"road":"本郷通り","cls":"tertiary","shops":4,"st_km":0.32,"mesh":"53394534"},"geometry":{"type":"LineString","coordinates":[[139.68176,35.69168],[139.68195,35.69169]]}},{"type":"Feature","properties":{"idx":707,"road":"山手通り","cls":"primary","shops":2,"st_km":0.33,"mesh":"53394534"},"geometry":{"type":"LineString","coordinates":[[139.68201,35.69203],[139.68195,35.69169]]}},{"type":"Feature","properties":{"idx":1047,"road":"山手通り","cls":"primary","shops":4,"st_km":0.34,"mesh":"53394534"},"geometry":{"type":"LineString","coordinates":[[139.68176,35.69168],[139.68182,35.692]]}},{"type":"Feature","properties":{"idx":511,"road":"鮫洲大山線","cls":"secondary","shops":2,"st_km":0.35,"mesh":"53394503"},"geometry":{"type":"LineString","coordinates":[[139.67291,35.66854],[139.67287,35.66869]]}},{"type":"Feature","properties":{"idx":917,"road":"鮫洲大山線","cls":"secondary","shops":5,"st_km":0.33,"mesh":"53394503"},"geometry":{"type":"LineString","coordinates":[[139.67297,35.66834],[139.67294,35.66844]]}},{"type":"Feature","properties":{"idx":840,"road":"外堀通り","cls":"secondary","shops":4,"st_km":0.26,"mesh":"53394538"},"geometry":{"type":"LineString","coordinates":[[139.73391,35.69164],[139.73389,35.69174]]}},{"type":"Feature","properties":{"idx":575,"road":"靖国通り","cls":"primary","shops":1,"st_km":0.39,"mesh":"53394528"},"geometry":{"type":"LineString","coordinates":[[139.73391,35.69164],[139.7317,35.69113],[139.73112,35.69105]]}},{"type":"Feature","properties":{"idx":941,"road":"靖国通り","cls":"primary","shops":4,"st_km":0.25,"mesh":"53394538"},"geometry":{"type":"LineString","coordinates":[[139.73414,35.6917],[139.73391,35.69164]]}},{"type":"Feature","properties":{"idx":537,"road":"","cls":"pedestrian","shops":4,"st_km":0.25,"mesh":"53394577"},"geometry":{"type":"LineString","coordinates":[[139.71694,35.72756],[139.7169,35.72752],[139.71693,35.7275],[139.71697,35.72755],[139.71694,35.72756]]}},{"type":"Feature","properties":{"idx":123,"road":"","cls":"pedestrian","shops":0,"st_km":0.57,"mesh":"53394547"},"geometry":{"type":"LineString","coordinates":[[139.71366,35.7027],[139.7137,35.7029]]}},{"type":"Feature","properties":{"idx":308,"road":"千代田練馬田無線","cls":"primary","shops":3,"st_km":0.21,"mesh":"53394549"},"geometry":{"type":"LineString","coordinates":[[139.74506,35.70295],[139.74506,35.70292]]}},{"type":"Feature","properties":{"idx":278,"road":"外堀通り","cls":"secondary","shops":3,"st_km":0.21,"mesh":"53394549"},"geometry":{"type":"LineString","coordinates":[[139.74506,35.70292],[139.74507,35.70292]]}},{"type":"Feature","properties":{"idx":78,"road":"補助第174号線","cls":"tertiary","shops":0,"st_km":0.62,"mesh":"53394577"},"geometry":{"type":"LineString","coordinates":[[139.72052,35.73324],[139.72018,35.73287]]}},{"type":"Feature","properties":{"idx":396,"road":"補助第174号線","cls":"tertiary","shops":0,"st_km":0.59,"mesh":"53394587"},"geometry":{"type":"LineString","coordinates":[[139.72165,35.73426],[139.72128,35.73405]]}},{"type":"Feature","properties":{"idx":587,"road":"早稲田通り","cls":"primary","shops":6,"st_km":0.51,"mesh":"53394553"},"geometry":{"type":"LineString","coordinates":[[139.66305,35.70992],[139.66335,35.70993]]}},{"type":"Feature","properties":{"idx":656,"road":"早稲田通り","cls":"primary","shops":7,"st_km":0.52,"mesh":"53394553"},"geometry":{"type":"LineString","coordinates":[[139.66292,35.70992],[139.66305,35.70992]]}},{"type":"Feature","properties":{"idx":244,"road":"","cls":"tertiary","shops":0,"st_km":0.39,"mesh":"53394596"},"geometry":{"type":"LineString","coordinates":[[139.70209,35.74492],[139.70208,35.74486]]}},{"type":"Feature","properties":{"idx":334,"road":"","cls":"tertiary","shops":1,"st_km":0.48,"mesh":"53394596"},"geometry":{"type":"LineString","coordinates":[[139.70208,35.74486],[139.70205,35.74324]]}},{"type":"Feature","properties":{"idx":239,"road":"さいわい通り","cls":"tertiary","shops":0,"st_km":0.41,"mesh":"53394596"},"geometry":{"type":"LineString","coordinates":[[139.70527,35.74573],[139.7051,35.74489]]}},{"type":"Feature","properties":{"idx":222,"road":"さいわい通り","cls":"tertiary","shops":0,"st_km":0.49,"mesh":"53394596"},"geometry":{"type":"LineString","coordinates":[[139.7051,35.74489],[139.70493,35.74402]]}},{"type":"Feature","properties":{"idx":311,"road":"さいわい通り","cls":"tertiary","shops":1,"st_km":0.56,"mesh":"53394596"},"geometry":{"type":"LineString","coordinates":[[139.70493,35.74402],[139.7048,35.74335]]}},{"type":"Feature","properties":{"idx":492,"road":"山手通り","cls":"primary","shops":2,"st_km":0.61,"mesh":"53394596"},"geometry":{"type":"LineString","coordinates":[[139.70808,35.744],[139.70814,35.74619]]}},{"type":"Feature","properties":{"idx":712,"road":"さいわい通り","cls":"tertiary","shops":5,"st_km":0.58,"mesh":"53394596"},"geometry":{"type":"LineString","coordinates":[[139.70427,35.74333],[139.7042,35.74332]]}},{"type":"Feature","properties":{"idx":205,"road":"さいわい通り","cls":"tertiary","shops":0,"st_km":0.57,"mesh":"53394596"},"geometry":{"type":"LineString","coordinates":[[139.70406,35.74332],[139.70082,35.74319]]}},{"type":"Feature","properties":{"idx":713,"road":"さいわい通り","cls":"tertiary","shops":5,"st_km":0.58,"mesh":"53394596"},"geometry":{"type":"LineString","coordinates":[[139.7042,35.74332],[139.70406,35.74332]]}},{"type":"Feature","properties":{"idx":606,"road":"さいわい通り","cls":"tertiary","shops":4,"st_km":0.58,"mesh":"53394596"},"geometry":{"type":"LineString","coordinates":[[139.7048,35.74335],[139.70427,35.74333]]}},{"type":"Feature","properties":{"idx":428,"road":"中丸通り","cls":"tertiary","shops":0,"st_km":0.76,"mesh":"53394586"},"geometry":{"type":"LineString","coordinates":[[139.70286,35.73983],[139.70173,35.74179],[139.70082,35.74319]]}},{"type":"Feature","properties":{"idx":812,"road":"中丸通り","cls":"tertiary","shops":2,"st_km":0.81,"mesh":"53394586"},"geometry":{"type":"LineString","coordinates":[[139.70358,35.73905],[139.70286,35.73983]]}},{"type":"Feature","properties":{"idx":2661,"road":"要町通り","cls":"secondary","shops":7,"st_km":0.03,"mesh":"53394585"},"geometry":{"type":"LineString","coordinates":[[139.69717,35.7335],[139.69931,35.7332]]}},{"type":"Feature","properties":{"idx":531,"road":"要町通り","cls":"secondary","shops":0,"st_km":0.13,"mesh":"53394585"},"geometry":{"type":"LineString","coordinates":[[139.69708,35.73352],[139.69717,35.7335]]}},{"type":"Feature","properties":{"idx":2041,"road":"要町通り","cls":"secondary","shops":7,"st_km":0.28,"mesh":"53394585"},"geometry":{"type":"LineString","coordinates":[[139.69717,35.73343],[139.69656,35.73358],[139.69514,35.73405],[139.69461,35.7343],[139.69403,35.73468]]}},{"type":"Feature","properties":{"idx":1955,"road":"山手通り","cls":"primary","shops":5,"st_km":0.18,"mesh":"53394585"},"geometry":{"type":"LineString","coordinates":[[139.69976,35.73412],[139.70001,35.7346]]}},{"type":"Feature","properties":{"idx":1509,"road":"山手通り","cls":"primary","shops":2,"st_km":0.39,"mesh":"53394586"},"geometry":{"type":"LineString","coordinates":[[139.70001,35.7346],[139.70061,35.73533],[139.70259,35.73709]]}},{"type":"Feature","properties":{"idx":829,"road":"新宿通り","cls":"secondary","shops":7,"st_km":0.11,"mesh":"53394536"},"geometry":{"type":"LineString","coordinates":[[139.70029,35.69334],[139.70041,35.69355]]}},{"type":"Feature","properties":{"idx":492,"road":"","cls":"secondary_link","shops":6,"st_km":0.11,"mesh":"53394536"},"geometry":{"type":"LineString","coordinates":[[139.70041,35.69355],[139.70016,35.6934]]}},{"type":"Feature","properties":{"idx":434,"road":"","cls":"secondary_link","shops":5,"st_km":0.1,"mesh":"53394536"},"geometry":{"type":"LineString","coordinates":[[139.70029,35.69334],[139.70016,35.6934]]}},{"type":"Feature","properties":{"idx":3031,"road":"","cls":"pedestrian","shops":19,"st_km":0.15,"mesh":"53394576"},"geometry":{"type":"LineString","coordinates":[[139.71063,35.73149],[139.71022,35.73146]]}},{"type":"Feature","properties":{"idx":371,"road":"中坂","cls":"tertiary","shops":0,"st_km":0.14,"mesh":"53394539"},"geometry":{"type":"LineString","coordinates":[[139.74864,35.69637],[139.75095,35.69662]]}},{"type":"Feature","properties":{"idx":231,"road":"東京都道一七六号線","cls":"secondary","shops":0,"st_km":0.25,"mesh":"53394519"},"geometry":{"type":"LineString","coordinates":[[139.74943,35.6767],[139.74926,35.67667]]}},{"type":"Feature","properties":{"idx":234,"road":"東京都道一七六号線","cls":"secondary","shops":0,"st_km":0.23,"mesh":"53394519"},"geometry":{"type":"LineString","coordinates":[[139.74952,35.67671],[139.74943,35.6767]]}},{"type":"Feature","properties":{"idx":229,"road":"東京都道一七六号線","cls":"secondary","shops":0,"st_km":0.25,"mesh":"53394519"},"geometry":{"type":"LineString","coordinates":[[139.74943,35.6767],[139.74911,35.67655]]}},{"type":"Feature","properties":{"idx":150,"road":"","cls":"secondary_link","shops":0,"st_km":0.27,"mesh":"53394519"},"geometry":{"type":"LineString","coordinates":[[139.74911,35.67655],[139.74901,35.67662]]}},{"type":"Feature","properties":{"idx":210,"road":"東京都道一七六号線","cls":"secondary","shops":0,"st_km":0.45,"mesh":"53394519"},"geometry":{"type":"LineString","coordinates":[[139.74725,35.67628],[139.74692,35.67622]]}},{"type":"Feature","properties":{"idx":212,"road":"東京都道一七六号線","cls":"secondary","shops":0,"st_km":0.44,"mesh":"53394519"},"geometry":{"type":"LineString","coordinates":[[139.74727,35.67621],[139.74694,35.67614]]}},{"type":"Feature","properties":{"idx":2976,"road":"","cls":"tertiary","shops":23,"st_km":0.08,"mesh":"53394542"},"geometry":{"type":"LineString","coordinates":[[139.65005,35.70596],[139.6503,35.70593]]}},{"type":"Feature","properties":{"idx":2318,"road":"特別区道41-50","cls":"tertiary","shops":30,"st_km":0.31,"mesh":"53394577"},"geometry":{"type":"LineString","coordinates":[[139.71414,35.73102],[139.71419,35.73183],[139.71416,35.73201]]}},{"type":"Feature","properties":{"idx":1042,"road":"特別区道41-50","cls":"tertiary","shops":12,"st_km":0.29,"mesh":"53394577"},"geometry":{"type":"LineString","coordinates":[[139.71413,35.73087],[139.71414,35.73102]]}},{"type":"Feature","properties":{"idx":964,"road":"下板橋通り","cls":"tertiary","shops":3,"st_km":0.23,"mesh":"53394597"},"geometry":{"type":"LineString","coordinates":[[139.71711,35.74903],[139.71657,35.74849]]}},{"type":"Feature","properties":{"idx":3759,"road":"","cls":"tertiary","shops":16,"st_km":0.19,"mesh":"53394597"},"geometry":{"type":"LineString","coordinates":[[139.71962,35.74658],[139.7198,35.74665]]}},{"type":"Feature","properties":{"idx":3427,"road":"","cls":"tertiary","shops":14,"st_km":0.16,"mesh":"53394597"},"geometry":{"type":"LineString","coordinates":[[139.71945,35.74629],[139.71962,35.74658]]}},{"type":"Feature","properties":{"idx":793,"road":"下板橋通り","cls":"tertiary","shops":2,"st_km":0.2,"mesh":"53394597"},"geometry":{"type":"LineString","coordinates":[[139.71724,35.74921],[139.71711,35.74903]]}},{"type":"Feature","properties":{"idx":411,"road":"","cls":"tertiary","shops":0,"st_km":0.17,"mesh":"53394597"},"geometry":{"type":"LineString","coordinates":[[139.71748,35.74899],[139.71764,35.74918]]}},{"type":"Feature","properties":{"idx":764,"road":"","cls":"tertiary","shops":3,"st_km":0.33,"mesh":"53394515"},"geometry":{"type":"LineString","coordinates":[[139.69284,35.68147],[139.69299,35.68152]]}},{"type":"Feature","properties":{"idx":212,"road":"補助第82号線（仮設道路）","cls":"primary_link","shops":0,"st_km":0.35,"mesh":"53394596"},"geometry":{"type":"LineString","coordinates":[[139.71243,35.74388],[139.71158,35.74435]]}},{"type":"Feature","properties":{"idx":187,"road":"補助第82号線（仮設道路）","cls":"primary_link","shops":0,"st_km":0.47,"mesh":"53394596"},"geometry":{"type":"LineString","coordinates":[[139.71013,35.7452],[139.71074,35.74489]]}},{"type":"Feature","properties":{"idx":73,"road":"五日市街道","cls":"primary","shops":0,"st_km":1.01,"mesh":"53394520"},"geometry":{"type":"LineString","coordinates":[[139.62974,35.69067],[139.62789,35.6906],[139.62731,35.69064]]}},{"type":"Feature","properties":{"idx":73,"road":"五日市街道","cls":"primary","shops":0,"st_km":1.01,"mesh":"53394520"},"geometry":{"type":"LineString","coordinates":[[139.62731,35.69064],[139.62695,35.69068]]}},{"type":"Feature","properties":{"idx":207,"road":"学習院椿の坂","cls":"tertiary","shops":0,"st_km":0.11,"mesh":"53394566"},"geometry":{"type":"LineString","coordinates":[[139.70718,35.72143],[139.70567,35.71741]]}},{"type":"Feature","properties":{"idx":2642,"road":"小石川西巣鴨線","cls":"secondary","shops":24,"st_km":0.07,"mesh":"53394578"},"geometry":{"type":"LineString","coordinates":[[139.73035,35.73181],[139.72992,35.73207],[139.72926,35.73267]]}},{"type":"Feature","properties":{"idx":1384,"road":"千川通り","cls":"secondary","shops":12,"st_km":0.07,"mesh":"53394582"},"geometry":{"type":"LineString","coordinates":[[139.65413,35.7373],[139.6548,35.7374]]}},{"type":"Feature","properties":{"idx":979,"road":"ロード大谷口","cls":"secondary","shops":1,"st_km":0.67,"mesh":"53394595"},"geometry":{"type":"LineString","coordinates":[[139.69301,35.74682],[139.69412,35.74713],[139.69768,35.7483]]}},{"type":"Feature","properties":{"idx":3031,"road":"鮫洲大山線","cls":"secondary","shops":4,"st_km":0.25,"mesh":"53394584"},"geometry":{"type":"LineString","coordinates":[[139.68732,35.73966],[139.68735,35.73974]]}},{"type":"Feature","properties":{"idx":1223,"road":"要町通り","cls":"secondary","shops":1,"st_km":0.47,"mesh":"53394584"},"geometry":{"type":"LineString","coordinates":[[139.68323,35.74169],[139.68735,35.73974]]}},{"type":"Feature","properties":{"idx":1227,"road":"要町通り","cls":"secondary","shops":1,"st_km":0.46,"mesh":"53394584"},"geometry":{"type":"LineString","coordinates":[[139.68732,35.73966],[139.68321,35.74162]]}},{"type":"Feature","properties":{"idx":519,"road":"劇場通り","cls":"tertiary","shops":9,"st_km":0.05,"mesh":"53394576"},"geometry":{"type":"LineString","coordinates":[[139.70795,35.73084],[139.70825,35.73144]]}},{"type":"Feature","properties":{"idx":2829,"road":"千川通り","cls":"secondary","shops":11,"st_km":0.18,"mesh":"53394583"},"geometry":{"type":"LineString","coordinates":[[139.67312,35.73601],[139.67336,35.7358]]}},{"type":"Feature","properties":{"idx":270,"road":"山手通り","cls":"primary","shops":0,"st_km":0.23,"mesh":"53394575"},"geometry":{"type":"LineString","coordinates":[[139.6969,35.72806],[139.69617,35.72697]]}},{"type":"Feature","properties":{"idx":410,"road":"山手通り","cls":"primary","shops":1,"st_km":0.22,"mesh":"53394575"},"geometry":{"type":"LineString","coordinates":[[139.69601,35.72704],[139.69671,35.72804]]}},{"type":"Feature","properties":{"idx":620,"road":"","cls":"tertiary","shops":1,"st_km":0.65,"mesh":"53394587"},"geometry":{"type":"LineString","coordinates":[[139.71794,35.73462],[139.71803,35.7346]]}},{"type":"Feature","properties":{"idx":771,"road":"明治通り","cls":"primary","shops":1,"st_km":0.66,"mesh":"53394587"},"geometry":{"type":"LineString","coordinates":[[139.71803,35.7346],[139.71796,35.73453]]}},{"type":"Feature","properties":{"idx":774,"road":"明治通り","cls":"primary","shops":1,"st_km":0.65,"mesh":"53394587"},"geometry":{"type":"LineString","coordinates":[[139.71786,35.73455],[139.71794,35.73462]]}},{"type":"Feature","properties":{"idx":1223,"road":"劇場通り","cls":"tertiary","shops":3,"st_km":0.54,"mesh":"53394586"},"geometry":{"type":"LineString","coordinates":[[139.71074,35.73893],[139.71069,35.73875]]}},{"type":"Feature","properties":{"idx":519,"road":"補助第175号線","cls":"tertiary","shops":7,"st_km":0.26,"mesh":"53394577"},"geometry":{"type":"LineString","coordinates":[[139.72077,35.72803],[139.72041,35.72761]]}},{"type":"Feature","properties":{"idx":546,"road":"富ヶ谷1丁目通り","cls":"tertiary","shops":9,"st_km":0.21,"mesh":"53394505"},"geometry":{"type":"LineString","coordinates":[[139.69081,35.66753],[139.69098,35.66734]]}},{"type":"Feature","properties":{"idx":2394,"road":"赤坂通り;乃木坂","cls":"secondary","shops":12,"st_km":0.21,"mesh":"53394508"},"geometry":{"type":"LineString","coordinates":[[139.72745,35.66775],[139.7278,35.66793],[139.72828,35.66808]]}}]}