{"type":"FeatureCollection","features":[{"type":"Feature","properties":{"idx":232,"road":"尾竹橋通り","cls":"secondary","shops":1,"st_km":1.58,"mesh":"53395603"},"geometry":{"type":"LineString","coordinates":[[139.78994,35.75577],[139.78996,35.75589],[139.78981,35.75651]]}},{"type":"Feature","properties":{"idx":515,"road":"吉場安行東京線","cls":"secondary","shops":4,"st_km":1.1,"mesh":"53395663"},"geometry":{"type":"LineString","coordinates":[[139.79126,35.80326],[139.79129,35.80379],[139.79104,35.80524]]}},{"type":"Feature","properties":{"idx":841,"road":NaN,"cls":"tertiary","shops":0,"st_km":0.68,"mesh":"53395642"},"geometry":{"type":"LineString","coordinates":[[139.77007,35.78492],[139.77082,35.78509],[139.77652,35.78598],[139.78311,35.78625],[139.78372,35.78625]]}},{"type":"Feature","properties":{"idx":2337,"road":"川の手通り","cls":"primary","shops":6,"st_km":0.28,"mesh":"53395606"},"geometry":{"type":"LineString","coordinates":[[139.82767,35.7492],[139.82789,35.74958],[139.82799,35.74986],[139.82783,35.7512]]}},{"type":"Feature","properties":{"idx":493,"road":NaN,"cls":"tertiary","shops":0,"st_km":0.36,"mesh":"53395625"},"geometry":{"type":"LineString","coordinates":[[139.82179,35.76918],[139.82228,35.76909]]}},{"type":"Feature","properties":{"idx":300,"road":"環七南通り","cls":"tertiary","shops":0,"st_km":0.91,"mesh":"53395626"},"geometry":{"type":"LineString","coordinates":[[139.83978,35.76992],[139.83949,35.76983],[139.83785,35.76906],[139.8377,35.76904],[139.82949,35.76886]]}},{"type":"Feature","properties":{"idx":345,"road":NaN,"cls":"tertiary","shops":0,"st_km":0.7,"mesh":"53395626"},"geometry":{"type":"LineString","coordinates":[[139.82845,35.76951],[139.82818,35.76941],[139.82582,35.76887]]}},{"type":"Feature","properties":{"idx":251,"road":"千住新宿町線","cls":"secondary","shops":0,"st_km":0.79,"mesh":"53395618"},"geometry":{"type":"LineString","coordinates":[[139.85449,35.76318],[139.85581,35.76292]]}},{"type":"Feature","properties":{"idx":303,"road":"松戸草加線","cls":"primary","shops":0,"st_km":1.2,"mesh":"53395668"},"geometry":{"type":"LineString","coordinates":[[139.85576,35.80056],[139.85503,35.80034],[139.85287,35.8002]]}},{"type":"Feature","properties":{"idx":199,"road":NaN,"cls":"tertiary","shops":0,"st_km":0.93,"mesh":"53395689"},"geometry":{"type":"LineString","coordinates":[[139.86954,35.81972],[139.87019,35.81984]]}},{"type":"Feature","properties":{"idx":2004,"road":"北千住駅前通り","cls":"tertiary","shops":29,"st_km":0.33,"mesh":"53395604"},"geometry":{"type":"LineString","coordinates":[[139.80008,35.75089],[139.80139,35.75075],[139.80387,35.74998]]}},{"type":"Feature","properties":{"idx":188,"road":"あずま通り","cls":"tertiary","shops":0,"st_km":0.54,"mesh":"53395694"},"geometry":{"type":"LineString","coordinates":[[139.80728,35.82703],[139.80981,35.82748],[139.8101,35.82747],[139.81142,35.82726]]}},{"type":"Feature","properties":{"idx":195,"road":"草加八潮三郷線","cls":"secondary","shops":0,"st_km":1.79,"mesh":"53395695"},"geometry":{"type":"LineString","coordinates":[[139.82138,35.82921],[139.82497,35.83031]]}},{"type":"Feature","properties":{"idx":93,"road":NaN,"cls":"tertiary","shops":0,"st_km":0.53,"mesh":"53395667"},"geometry":{"type":"LineString","coordinates":[[139.8475,35.80264],[139.84679,35.80267],[139.8434,35.80364]]}},{"type":"Feature","properties":{"idx":960,"road":NaN,"cls":"tertiary","shops":12,"st_km":0.08,"mesh":"53395633"},"geometry":{"type":"LineString","coordinates":[[139.7901,35.7763],[139.7901,35.77663],[139.79021,35.7767],[139.7903,35.77661]]}},{"type":"Feature","properties":{"idx":1829,"road":"せんぷ通り","cls":"tertiary","shops":1,"st_km":0.45,"mesh":"53395622"},"geometry":{"type":"LineString","coordinates":[[139.78643,35.77347],[139.78667,35.77592]]}},{"type":"Feature","properties":{"idx":133,"road":"新荒川堤防線","cls":"secondary","shops":1,"st_km":0.84,"mesh":"53395604"},"geometry":{"type":"LineString","coordinates":[[139.80227,35.75703],[139.80248,35.75699]]}},{"type":"Feature","properties":{"idx":111,"road":"ミルディス通り","cls":"tertiary","shops":0,"st_km":0.48,"mesh":"53395604"},"geometry":{"type":"LineString","coordinates":[[139.80751,35.75494],[139.80661,35.75377],[139.80633,35.7532]]}},{"type":"Feature","properties":{"idx":783,"road":"ミルディス通り","cls":"tertiary","shops":8,"st_km":0.15,"mesh":"53395604"},"geometry":{"type":"LineString","coordinates":[[139.80387,35.74998],[139.80395,35.75007],[139.80406,35.75064]]}},{"type":"Feature","properties":{"idx":431,"road":NaN,"cls":"tertiary","shops":0,"st_km":0.49,"mesh":"53395625"},"geometry":{"type":"LineString","coordinates":[[139.81041,35.77083],[139.82015,35.76944]]}},{"type":"Feature","properties":{"idx":211,"road":"平和橋通り","cls":"primary","shops":1,"st_km":0.67,"mesh":"53395605"},"geometry":{"type":"LineString","coordinates":[[139.82109,35.75197],[139.82279,35.75206],[139.82326,35.75196],[139.82364,35.75177]]}},{"type":"Feature","properties":{"idx":183,"road":NaN,"cls":"primary_link","shops":0,"st_km":0.51,"mesh":"53395614"},"geometry":{"type":"LineString","coordinates":[[139.80874,35.75992],[139.80815,35.76014],[139.80791,35.76016],[139.80606,35.76079]]}},{"type":"Feature","properties":{"idx":158,"road":"新荒川堤防線","cls":"secondary","shops":0,"st_km":1.55,"mesh":"53395603"},"geometry":{"type":"LineString","coordinates":[[139.78999,35.75655],[139.79112,35.75664]]}},{"type":"Feature","properties":{"idx":131,"road":"環七北通り","cls":"tertiary","shops":2,"st_km":0.84,"mesh":"53395633"},"geometry":{"type":"LineString","coordinates":[[139.80294,35.78275],[139.79768,35.7824],[139.79421,35.78244],[139.79149,35.78231]]}},{"type":"Feature","properties":{"idx":731,"road":NaN,"cls":"tertiary","shops":4,"st_km":0.23,"mesh":"53395632"},"geometry":{"type":"LineString","coordinates":[[139.78371,35.78252],[139.78343,35.78064],[139.78249,35.77863]]}},{"type":"Feature","properties":{"idx":234,"road":NaN,"cls":"tertiary","shops":0,"st_km":0.7,"mesh":"53395613"},"geometry":{"type":"LineString","coordinates":[[139.79889,35.76235],[139.79889,35.76306],[139.79881,35.76373],[139.79888,35.76455],[139.79869,35.76525],[139.79832,35.766],[139.79802,35.76698],[139.79788,35.76843],[139.79778,35.769],[139.79776,35.76946],[139.79766,35.76983]]}},{"type":"Feature","properties":{"idx":1177,"road":"梅田通り","cls":"tertiary","shops":2,"st_km":0.56,"mesh":"53395623"},"geometry":{"type":"LineString","coordinates":[[139.79766,35.76983],[139.79788,35.76965],[139.80224,35.76523]]}},{"type":"Feature","properties":{"idx":219,"road":"江北橋通り","cls":"primary","shops":1,"st_km":0.39,"mesh":"53395611"},"geometry":{"type":"LineString","coordinates":[[139.76619,35.76505],[139.76724,35.76501]]}},{"type":"Feature","properties":{"idx":1022,"road":"千住新宿町線","cls":"secondary","shops":5,"st_km":0.62,"mesh":"53395618"},"geometry":{"type":"LineString","coordinates":[[139.85449,35.76318],[139.85409,35.76324],[139.85365,35.76325],[139.85163,35.7631]]}},{"type":"Feature","properties":{"idx":96,"road":"松戸草加線","cls":"primary","shops":0,"st_km":2.04,"mesh":"53395686"},"geometry":{"type":"LineString","coordinates":[[139.82621,35.81961],[139.82929,35.82024]]}},{"type":"Feature","properties":{"idx":103,"road":NaN,"cls":"tertiary","shops":0,"st_km":2.53,"mesh":"53395669"},"geometry":{"type":"LineString","coordinates":[[139.8707,35.80254],[139.87065,35.80238],[139.87072,35.80228],[139.87243,35.80128],[139.87305,35.80107]]}},{"type":"Feature","properties":{"idx":184,"road":NaN,"cls":"tertiary","shops":0,"st_km":2.12,"mesh":"53395659"},"geometry":{"type":"LineString","coordinates":[[139.85961,35.80092],[139.86018,35.80064],[139.86095,35.80002],[139.8617,35.79982],[139.87055,35.79891],[139.87143,35.79893],[139.87246,35.79915]]}},{"type":"Feature","properties":{"idx":290,"road":"王子金町市川線","cls":"primary","shops":1,"st_km":1.13,"mesh":"53395637"},"geometry":{"type":"LineString","coordinates":[[139.84433,35.77622],[139.84599,35.7767],[139.84676,35.77686]]}},{"type":"Feature","properties":{"idx":472,"road":NaN,"cls":"tertiary","shops":3,"st_km":0.85,"mesh":"53395637"},"geometry":{"type":"LineString","coordinates":[[139.83929,35.77456],[139.84052,35.77501],[139.84323,35.7759]]}},{"type":"Feature","properties":{"idx":129,"road":"補助第91号線","cls":"tertiary","shops":0,"st_km":1.05,"mesh":"53395610"},"geometry":{"type":"LineString","coordinates":[[139.7559,35.76204],[139.75299,35.75995],[139.75281,35.75972],[139.75175,35.758]]}},{"type":"Feature","properties":{"idx":123,"road":"新荒川堤防線","cls":"secondary","shops":0,"st_km":1.61,"mesh":"53395603"},"geometry":{"type":"LineString","coordinates":[[139.788,35.75602],[139.78864,35.75616],[139.7888,35.75624]]}},{"type":"Feature","properties":{"idx":315,"road":NaN,"cls":"tertiary","shops":2,"st_km":1.38,"mesh":"53395603"},"geometry":{"type":"LineString","coordinates":[[139.79089,35.75498],[139.79127,35.75536],[139.7917,35.75559],[139.79239,35.75585],[139.79367,35.75615]]}},{"type":"Feature","properties":{"idx":215,"road":NaN,"cls":"tertiary","shops":0,"st_km":0.98,"mesh":"53395603"},"geometry":{"type":"LineString","coordinates":[[139.80051,35.75725],[139.79932,35.75734],[139.79886,35.75726]]}},{"type":"Feature","properties":{"idx":224,"road":NaN,"cls":"tertiary","shops":0,"st_km":0.94,"mesh":"53395603"},"geometry":{"type":"LineString","coordinates":[[139.79881,35.75736],[139.79906,35.75685],[139.7985,35.75531]]}},{"type":"Feature","properties":{"idx":87,"road":NaN,"cls":"tertiary","shops":0,"st_km":0.74,"mesh":"53395604"},"geometry":{"type":"LineString","coordinates":[[139.80107,35.75431],[139.80119,35.75483],[139.80189,35.75694]]}},{"type":"Feature","properties":{"idx":568,"road":NaN,"cls":"tertiary","shops":5,"st_km":1.34,"mesh":"53395603"},"geometry":{"type":"LineString","coordinates":[[139.79263,35.75331],[139.79173,35.75424],[139.79104,35.75511]]}},{"type":"Feature","properties":{"idx":211,"road":"平方東京線","cls":"secondary","shops":0,"st_km":1.21,"mesh":"53395656"},"geometry":{"type":"LineString","coordinates":[[139.82834,35.79228],[139.82826,35.79293],[139.82802,35.79407],[139.82782,35.79444],[139.82773,35.79452],[139.82718,35.79476],[139.82595,35.79504],[139.82542,35.79524],[139.82501,35.79549],[139.82399,35.79631]]}},{"type":"Feature","properties":{"idx":146,"road":NaN,"cls":"tertiary","shops":0,"st_km":1.08,"mesh":"53395602"},"geometry":{"type":"LineString","coordinates":[[139.7866,35.75147],[139.7849,35.75195],[139.78411,35.75234],[139.78364,35.75248],[139.78325,35.75253],[139.78038,35.75263],[139.7777,35.75296]]}},{"type":"Feature","properties":{"idx":765,"road":"松戸草加線","cls":"primary","shops":0,"st_km":0.71,"mesh":"53395684"},"geometry":{"type":"LineString","coordinates":[[139.81229,35.81779],[139.80462,35.81799]]}},{"type":"Feature","properties":{"idx":741,"road":"本木新道","cls":"tertiary","shops":0,"st_km":0.89,"mesh":"53395622"},"geometry":{"type":"LineString","coordinates":[[139.78215,35.77797],[139.78195,35.7775],[139.78189,35.77693],[139.78192,35.77614],[139.78165,35.77571],[139.78158,35.77528],[139.78173,35.77453],[139.78168,35.77324],[139.78157,35.77279],[139.78108,35.77166],[139.78099,35.77106],[139.78099,35.76999],[139.78054,35.76867],[139.78059,35.76816],[139.78049,35.76758],[139.78107,35.76558],[139.78129,35.76454],[139.78141,35.76448],[139.78204,35.76444],[139.78354,35.76389],[139.78619,35.76061]]}},{"type":"Feature","properties":{"idx":715,"road":NaN,"cls":"tertiary","shops":0,"st_km":0.65,"mesh":"53395628"},"geometry":{"type":"LineString","coordinates":[[139.84831,35.77033],[139.85427,35.77267]]}},{"type":"Feature","properties":{"idx":519,"road":NaN,"cls":"tertiary","shops":3,"st_km":0.6,"mesh":"53395614"},"geometry":{"type":"LineString","coordinates":[[139.8037,35.76312],[139.80392,35.76338]]}},{"type":"Feature","properties":{"idx":421,"road":NaN,"cls":"tertiary","shops":0,"st_km":0.95,"mesh":"53395652"},"geometry":{"type":"LineString","coordinates":[[139.78313,35.80201],[139.78213,35.7996],[139.78155,35.79861],[139.78155,35.79761],[139.78175,35.79718],[139.78187,35.79652],[139.78181,35.79606],[139.78171,35.79581],[139.78171,35.79532],[139.78168,35.79526]]}},{"type":"Feature","properties":{"idx":3121,"road":"川口草加線","cls":"secondary","shops":1,"st_km":1.04,"mesh":"53395672"},"geometry":{"type":"LineString","coordinates":[[139.77712,35.81556],[139.78545,35.81607],[139.787,35.81613]]}},{"type":"Feature","properties":{"idx":720,"road":NaN,"cls":"tertiary","shops":2,"st_km":1.0,"mesh":"53395607"},"geometry":{"type":"LineString","coordinates":[[139.84141,35.76627],[139.84106,35.76452],[139.84105,35.76431],[139.84417,35.75721],[139.84728,35.74984]]}},{"type":"Feature","properties":{"idx":293,"road":"江北橋通り","cls":"secondary","shops":1,"st_km":0.8,"mesh":"53395614"},"geometry":{"type":"LineString","coordinates":[[139.80368,35.76363],[139.80158,35.76349],[139.79883,35.76346]]}},{"type":"Feature","properties":{"idx":201,"road":NaN,"cls":"tertiary","shops":0,"st_km":0.64,"mesh":"53395614"},"geometry":{"type":"LineString","coordinates":[[139.80392,35.76338],[139.804,35.76299],[139.80401,35.76255],[139.80374,35.76151]]}},{"type":"Feature","properties":{"idx":495,"road":"舎人公園通り","cls":"tertiary","shops":2,"st_km":1.47,"mesh":"53395657"},"geometry":{"type":"LineString","coordinates":[[139.84014,35.7951],[139.84005,35.79508]]}},{"type":"Feature","properties":{"idx":307,"road":NaN,"cls":"tertiary","shops":1,"st_km":0.79,"mesh":"53395639"},"geometry":{"type":"LineString","coordinates":[[139.86735,35.78034],[139.86667,35.7761],[139.86619,35.77355],[139.86597,35.77289],[139.86534,35.77162]]}},{"type":"Feature","properties":{"idx":124,"road":NaN,"cls":"tertiary","shops":0,"st_km":0.59,"mesh":"53395629"},"geometry":{"type":"LineString","coordinates":[[139.86369,35.7683],[139.8639,35.76874]]}},{"type":"Feature","properties":{"idx":185,"road":NaN,"cls":"tertiary","shops":1,"st_km":1.44,"mesh":"53395639"},"geometry":{"type":"LineString","coordinates":[[139.86735,35.78034],[139.86735,35.78055],[139.8676,35.78112],[139.86763,35.78153],[139.86772,35.78181],[139.86774,35.7823],[139.86785,35.78264],[139.86835,35.78335],[139.8689,35.78386],[139.86918,35.78399]]}},{"type":"Feature","properties":{"idx":266,"road":NaN,"cls":"tertiary","shops":0,"st_km":1.79,"mesh":"53395638"},"geometry":{"type":"LineString","coordinates":[[139.8521,35.77946],[139.85152,35.78022],[139.85073,35.78544]]}},{"type":"Feature","properties":{"idx":308,"road":NaN,"cls":"tertiary","shops":0,"st_km":1.52,"mesh":"53395638"},"geometry":{"type":"LineString","coordinates":[[139.8521,35.77946],[139.85272,35.77992]]}},{"type":"Feature","properties":{"idx":468,"road":NaN,"cls":"tertiary","shops":0,"st_km":2.34,"mesh":"53395648"},"geometry":{"type":"LineString","coordinates":[[139.86054,35.79157],[139.85944,35.78953],[139.86003,35.78558]]}},{"type":"Feature","properties":{"idx":192,"road":"竹の塚センター通り","cls":"tertiary","shops":2,"st_km":0.43,"mesh":"53395653"},"geometry":{"type":"LineString","coordinates":[[139.79432,35.79299],[139.7946,35.79512],[139.7945,35.7985],[139.79495,35.80026]]}},{"type":"Feature","properties":{"idx":198,"road":"吉場安行東京線","cls":"secondary","shops":0,"st_km":0.92,"mesh":"53395663"},"geometry":{"type":"LineString","coordinates":[[139.79126,35.80326],[139.79166,35.80313],[139.79315,35.80181]]}},{"type":"Feature","properties":{"idx":153,"road":NaN,"cls":"tertiary","shops":0,"st_km":1.07,"mesh":"53395663"},"geometry":{"type":"LineString","coordinates":[[139.8005,35.8063],[139.79999,35.80605],[139.79882,35.80522],[139.79835,35.8047],[139.79791,35.80438]]}},{"type":"Feature","properties":{"idx":856,"road":NaN,"cls":"tertiary","shops":1,"st_km":0.87,"mesh":"53395654"},"geometry":{"type":"LineString","coordinates":[[139.79784,35.79283],[139.80242,35.7928]]}},{"type":"Feature","properties":{"idx":309,"road":"舎人公園通り","cls":"tertiary","shops":6,"st_km":0.65,"mesh":"53395653"},"geometry":{"type":"LineString","coordinates":[[139.79365,35.79594],[139.79559,35.79579],[139.79778,35.79512],[139.79904,35.79492],[139.80224,35.79476]]}},{"type":"Feature","properties":{"idx":99,"road":NaN,"cls":"tertiary","shops":1,"st_km":0.83,"mesh":"53395653"},"geometry":{"type":"LineString","coordinates":[[139.79962,35.79488],[139.79974,35.79053]]}},{"type":"Feature","properties":{"idx":149,"road":NaN,"cls":"tertiary","shops":0,"st_km":1.75,"mesh":"53395676"},"geometry":{"type":"LineString","coordinates":[[139.82638,35.81105],[139.82639,35.81137],[139.82632,35.81189],[139.82616,35.81242],[139.82583,35.81286],[139.82507,35.8134]]}},{"type":"Feature","properties":{"idx":211,"road":NaN,"cls":"tertiary","shops":0,"st_km":1.1,"mesh":"53395685"},"geometry":{"type":"LineString","coordinates":[[139.81418,35.81783],[139.81413,35.81753],[139.81356,35.81707],[139.81326,35.81672],[139.81297,35.816],[139.81278,35.81571]]}},{"type":"Feature","properties":{"idx":1525,"road":"花畑大橋通り","cls":"tertiary","shops":3,"st_km":1.0,"mesh":"53395644"},"geometry":{"type":"LineString","coordinates":[[139.81112,35.77867],[139.81077,35.78267],[139.81055,35.78962]]}},{"type":"Feature","properties":{"idx":172,"road":"環七北通り","cls":"tertiary","shops":0,"st_km":0.96,"mesh":"53395637"},"geometry":{"type":"LineString","coordinates":[[139.83949,35.78155],[139.84254,35.78157]]}},{"type":"Feature","properties":{"idx":342,"road":NaN,"cls":"tertiary","shops":2,"st_km":0.87,"mesh":"53395635"},"geometry":{"type":"LineString","coordinates":[[139.81402,35.77857],[139.81385,35.77722]]}},{"type":"Feature","properties":{"idx":80,"road":"環七北通り","cls":"tertiary","shops":0,"st_km":0.58,"mesh":"53395636"},"geometry":{"type":"LineString","coordinates":[[139.8266,35.78222],[139.82795,35.78199]]}},{"type":"Feature","properties":{"idx":86,"road":"加平谷中トンネル","cls":"tertiary","shops":0,"st_km":0.51,"mesh":"53395636"},"geometry":{"type":"LineString","coordinates":[[139.83012,35.78164],[139.83128,35.7815],[139.83388,35.78152]]}},{"type":"Feature","properties":{"idx":114,"road":"綾瀬川通り","cls":"tertiary","shops":1,"st_km":0.63,"mesh":"53395636"},"geometry":{"type":"LineString","coordinates":[[139.8263,35.77777],[139.82664,35.78276],[139.82659,35.78299],[139.82644,35.78329]]}},{"type":"Feature","properties":{"idx":493,"road":"鳩ヶ谷街道","cls":"secondary","shops":1,"st_km":0.94,"mesh":"53395630"},"geometry":{"type":"LineString","coordinates":[[139.76055,35.77822],[139.76058,35.77774]]}},{"type":"Feature","properties":{"idx":226,"road":"五色桜通り","cls":"tertiary","shops":0,"st_km":1.28,"mesh":"53395630"},"geometry":{"type":"LineString","coordinates":[[139.75607,35.77847],[139.75581,35.77961],[139.75581,35.77992],[139.75611,35.78337],[139.7565,35.78562]]}},{"type":"Feature","properties":{"idx":241,"road":"環七北通り","cls":"tertiary","shops":0,"st_km":1.19,"mesh":"53395630"},"geometry":{"type":"LineString","coordinates":[[139.75135,35.78393],[139.75801,35.78315],[139.76227,35.78304],[139.76311,35.78311]]}},{"type":"Feature","properties":{"idx":472,"road":NaN,"cls":"tertiary","shops":0,"st_km":1.13,"mesh":"53395628"},"geometry":{"type":"LineString","coordinates":[[139.85973,35.76884],[139.85946,35.76923],[139.85919,35.76977],[139.85847,35.77155],[139.85781,35.77207],[139.85722,35.77267],[139.85519,35.77533],[139.85365,35.77677],[139.85205,35.77856]]}},{"type":"Feature","properties":{"idx":504,"road":NaN,"cls":"tertiary","shops":4,"st_km":0.35,"mesh":"53395629"},"geometry":{"type":"LineString","coordinates":[[139.87114,35.77455],[139.8728,35.77016]]}},{"type":"Feature","properties":{"idx":467,"road":NaN,"cls":"tertiary","shops":0,"st_km":0.27,"mesh":"53395609"},"geometry":{"type":"LineString","coordinates":[[139.86427,35.7491],[139.86335,35.7518],[139.86308,35.75308]]}},{"type":"Feature","properties":{"idx":195,"road":NaN,"cls":"tertiary","shops":0,"st_km":0.95,"mesh":"53395618"},"geometry":{"type":"LineString","coordinates":[[139.85587,35.76291],[139.85818,35.76511],[139.85903,35.76625],[139.8593,35.7664],[139.85966,35.76644]]}},{"type":"Feature","properties":{"idx":354,"road":NaN,"cls":"tertiary","shops":0,"st_km":0.74,"mesh":"53395619"},"geometry":{"type":"LineString","coordinates":[[139.86757,35.76079],[139.86649,35.76323],[139.8659,35.76392]]}},{"type":"Feature","properties":{"idx":613,"road":NaN,"cls":"tertiary","shops":0,"st_km":0.76,"mesh":"53395628"},"geometry":{"type":"LineString","coordinates":[[139.86072,35.76654],[139.86307,35.76797],[139.86344,35.76804]]}},{"type":"Feature","properties":{"idx":417,"road":NaN,"cls":"tertiary","shops":0,"st_km":0.56,"mesh":"53395619"},"geometry":{"type":"LineString","coordinates":[[139.86851,35.76273],[139.87049,35.76332],[139.87274,35.76422]]}},{"type":"Feature","properties":{"idx":363,"road":NaN,"cls":"tertiary","shops":0,"st_km":0.71,"mesh":"53395619"},"geometry":{"type":"LineString","coordinates":[[139.87333,35.76297],[139.87149,35.76221],[139.87069,35.76171],[139.86916,35.76126]]}},{"type":"Feature","properties":{"idx":864,"road":NaN,"cls":"tertiary","shops":7,"st_km":0.15,"mesh":"53395629"},"geometry":{"type":"LineString","coordinates":[[139.87189,35.76891],[139.87203,35.76806],[139.87235,35.76749]]}},{"type":"Feature","properties":{"idx":2523,"road":NaN,"cls":"tertiary","shops":22,"st_km":0.07,"mesh":"53395629"},"geometry":{"type":"LineString","coordinates":[[139.87106,35.76704],[139.87087,35.76741],[139.87063,35.76832],[139.87057,35.76877],[139.8706,35.76888]]}},{"type":"Feature","properties":{"idx":462,"road":NaN,"cls":"tertiary","shops":0,"st_km":1.17,"mesh":"53395628"},"geometry":{"type":"LineString","coordinates":[[139.85722,35.77267],[139.85782,35.77337],[139.85829,35.77369],[139.85952,35.77418],[139.85996,35.77425],[139.86046,35.77427]]}},{"type":"Feature","properties":{"idx":203,"road":NaN,"cls":"tertiary","shops":0,"st_km":0.8,"mesh":"53395639"},"geometry":{"type":"LineString","coordinates":[[139.87114,35.77455],[139.8711,35.77462],[139.86982,35.77582],[139.86742,35.77605],[139.86637,35.77623],[139.86244,35.77754]]}},{"type":"Feature","properties":{"idx":134,"road":NaN,"cls":"tertiary","shops":0,"st_km":0.6,"mesh":"53395661"},"geometry":{"type":"LineString","coordinates":[[139.76569,35.80198],[139.76568,35.79933]]}},{"type":"Feature","properties":{"idx":158,"road":"舎人公園北通り","cls":"tertiary","shops":0,"st_km":0.46,"mesh":"53395661"},"geometry":{"type":"LineString","coordinates":[[139.76569,35.80205],[139.76787,35.80203],[139.77011,35.80176]]}},{"type":"Feature","properties":{"idx":61,"road":"舎人公園通り","cls":"tertiary","shops":0,"st_km":0.22,"mesh":"53395651"},"geometry":{"type":"LineString","coordinates":[[139.77006,35.79588],[139.76997,35.79584],[139.76564,35.79603]]}},{"type":"Feature","properties":{"idx":408,"road":"尾久橋通り","cls":"primary","shops":2,"st_km":0.07,"mesh":"53395631"},"geometry":{"type":"LineString","coordinates":[[139.7701,35.77812],[139.76996,35.78299]]}},{"type":"Feature","properties":{"idx":75,"road":"尾久橋通り","cls":"primary","shops":0,"st_km":0.24,"mesh":"53395651"},"geometry":{"type":"LineString","coordinates":[[139.77006,35.79588],[139.77011,35.80176]]}},{"type":"Feature","properties":{"idx":121,"road":"八潮三郷線","cls":"secondary","shops":0,"st_km":0.58,"mesh":"53395677"},"geometry":{"type":"LineString","coordinates":[[139.84439,35.81282],[139.84478,35.81323]]}},{"type":"Feature","properties":{"idx":116,"road":"八潮三郷線","cls":"secondary","shops":0,"st_km":0.63,"mesh":"53395677"},"geometry":{"type":"LineString","coordinates":[[139.8456,35.81375],[139.84552,35.81359],[139.84514,35.81314]]}},{"type":"Feature","properties":{"idx":201,"road":NaN,"cls":"tertiary","shops":1,"st_km":0.16,"mesh":"53395667"},"geometry":{"type":"LineString","coordinates":[[139.84244,35.80849],[139.84329,35.80761],[139.84341,35.80758],[139.84352,35.80761]]}},{"type":"Feature","properties":{"idx":208,"road":"平方東京線","cls":"secondary","shops":0,"st_km":1.57,"mesh":"53395666"},"geometry":{"type":"LineString","coordinates":[[139.82733,35.80003],[139.82777,35.80019],[139.82843,35.80125],[139.82903,35.80196],[139.83,35.80286],[139.83097,35.80359]]}},{"type":"Feature","properties":{"idx":104,"road":"八潮三郷線","cls":"secondary","shops":0,"st_km":0.75,"mesh":"53395677"},"geometry":{"type":"LineString","coordinates":[[139.84637,35.81476],[139.84583,35.81403]]}},{"type":"Feature","properties":{"idx":265,"road":NaN,"cls":"primary_link","shops":0,"st_km":1.2,"mesh":"53395608"},"geometry":{"type":"LineString","coordinates":[[139.85529,35.75502],[139.855,35.7557],[139.85438,35.75746],[139.85357,35.75907],[139.85337,35.7596]]}},{"type":"Feature","properties":{"idx":1677,"road":"環七通り","cls":"primary","shops":6,"st_km":0.36,"mesh":"53395618"},"geometry":{"type":"LineString","coordinates":[[139.85167,35.76299],[139.8507,35.76519],[139.85003,35.76657]]}},{"type":"Feature","properties":{"idx":378,"road":"環七通り","cls":"primary","shops":0,"st_km":1.2,"mesh":"53395608"},"geometry":{"type":"LineString","coordinates":[[139.85511,35.75558],[139.85444,35.75749],[139.85365,35.75905]]}},{"type":"Feature","properties":{"idx":242,"road":NaN,"cls":"tertiary","shops":0,"st_km":0.7,"mesh":"53395618"},"geometry":{"type":"LineString","coordinates":[[139.85428,35.76323],[139.85433,35.76348],[139.85573,35.76639]]}},{"type":"Feature","properties":{"idx":395,"road":"千住新宿町線","cls":"secondary","shops":2,"st_km":1.07,"mesh":"53395618"},"geometry":{"type":"LineString","coordinates":[[139.85662,35.76274],[139.85665,35.76195],[139.85688,35.7603],[139.85905,35.76041],[139.85914,35.76037],[139.85923,35.76019]]}},{"type":"Feature","properties":{"idx":840,"road":NaN,"cls":"tertiary","shops":1,"st_km":0.49,"mesh":"53395608"},"geometry":{"type":"LineString","coordinates":[[139.86264,35.75174],[139.86214,35.75217],[139.86205,35.75231],[139.86207,35.75309],[139.86202,35.75342],[139.86166,35.7545],[139.86137,35.75495]]}},{"type":"Feature","properties":{"idx":378,"road":NaN,"cls":"tertiary","shops":0,"st_km":0.92,"mesh":"53395608"},"geometry":{"type":"LineString","coordinates":[[139.86257,35.75826],[139.86064,35.75792],[139.86051,35.75786]]}},{"type":"Feature","properties":{"idx":166,"road":NaN,"cls":"tertiary","shops":0,"st_km":1.09,"mesh":"53395618"},"geometry":{"type":"LineString","coordinates":[[139.86174,35.76164],[139.86177,35.76155]]}},{"type":"Feature","properties":{"idx":186,"road":NaN,"cls":"tertiary","shops":0,"st_km":0.94,"mesh":"53395618"},"geometry":{"type":"LineString","coordinates":[[139.86328,35.76363],[139.86103,35.76275]]}},{"type":"Feature","properties":{"idx":385,"road":NaN,"cls":"tertiary","shops":0,"st_km":0.35,"mesh":"53395609"},"geometry":{"type":"LineString","coordinates":[[139.87634,35.75278],[139.87313,35.75382],[139.87295,35.75392]]}},{"type":"Feature","properties":{"idx":543,"road":"帝釈道","cls":"tertiary","shops":1,"st_km":0.66,"mesh":"53395619"},"geometry":{"type":"LineString","coordinates":[[139.86729,35.75962],[139.86831,35.75942],[139.86887,35.75917],[139.87029,35.75867]]}},{"type":"Feature","properties":{"idx":144,"road":"八潮三郷線","cls":"secondary","shops":0,"st_km":0.4,"mesh":"53395677"},"geometry":{"type":"LineString","coordinates":[[139.8439,35.81191],[139.84341,35.81136],[139.84311,35.8109],[139.84273,35.81049]]}},{"type":"Feature","properties":{"idx":121,"road":"八潮三郷線","cls":"secondary","shops":0,"st_km":0.58,"mesh":"53395677"},"geometry":{"type":"LineString","coordinates":[[139.8456,35.81375],[139.8442,35.81225]]}},{"type":"Feature","properties":{"idx":341,"road":"東京女子医大通り","cls":"tertiary","shops":0,"st_km":0.35,"mesh":"53395621"},"geometry":{"type":"LineString","coordinates":[[139.76732,35.76519],[139.76734,35.7663],[139.76728,35.76663],[139.76599,35.77052]]}},{"type":"Feature","properties":{"idx":474,"road":NaN,"cls":"tertiary","shops":0,"st_km":0.43,"mesh":"53395619"},"geometry":{"type":"LineString","coordinates":[[139.87186,35.76537],[139.86802,35.76384]]}},{"type":"Feature","properties":{"idx":196,"road":"江北橋通り","cls":"secondary","shops":0,"st_km":1.0,"mesh":"53395616"},"geometry":{"type":"LineString","coordinates":[[139.83844,35.76298],[139.83798,35.763],[139.83764,35.76313],[139.83616,35.76436]]}},{"type":"Feature","properties":{"idx":616,"road":"江北橋通り","cls":"secondary","shops":1,"st_km":0.27,"mesh":"53395616"},"geometry":{"type":"LineString","coordinates":[[139.82915,35.7646],[139.82378,35.76419]]}},{"type":"Feature","properties":{"idx":197,"road":"江北橋通り","cls":"secondary","shops":0,"st_km":0.99,"mesh":"53395616"},"geometry":{"type":"LineString","coordinates":[[139.8362,35.76434],[139.83643,35.76424],[139.83773,35.76316],[139.83808,35.76302],[139.83844,35.76298]]}},{"type":"Feature","properties":{"idx":62,"road":NaN,"cls":"tertiary","shops":0,"st_km":0.84,"mesh":"53395617"},"geometry":{"type":"LineString","coordinates":[[139.83616,35.76436],[139.83635,35.76444],[139.83647,35.76444],[139.84104,35.76439]]}},{"type":"Feature","properties":{"idx":477,"road":NaN,"cls":"tertiary","shops":0,"st_km":0.64,"mesh":"53395607"},"geometry":{"type":"LineString","coordinates":[[139.84122,35.75627],[139.84121,35.75617],[139.83754,35.75045]]}},{"type":"Feature","properties":{"idx":1055,"road":NaN,"cls":"tertiary","shops":5,"st_km":0.75,"mesh":"53395606"},"geometry":{"type":"LineString","coordinates":[[139.82746,35.75374],[139.83378,35.75401]]}},{"type":"Feature","properties":{"idx":535,"road":NaN,"cls":"tertiary","shops":0,"st_km":0.52,"mesh":"53395607"},"geometry":{"type":"LineString","coordinates":[[139.84577,35.7534],[139.84174,35.74902],[139.84161,35.74893],[139.84146,35.74894]]}},{"type":"Feature","properties":{"idx":113,"road":"平和橋通り","cls":"primary","shops":0,"st_km":0.87,"mesh":"53395605"},"geometry":{"type":"LineString","coordinates":[[139.82082,35.75409],[139.81998,35.75407]]}},{"type":"Feature","properties":{"idx":110,"road":"平和橋通り","cls":"primary","shops":0,"st_km":0.9,"mesh":"53395605"},"geometry":{"type":"LineString","coordinates":[[139.82081,35.75417],[139.8211,35.75418]]}},{"type":"Feature","properties":{"idx":198,"road":"千住小松川葛西沖線","cls":"primary","shops":1,"st_km":0.68,"mesh":"53395605"},"geometry":{"type":"LineString","coordinates":[[139.81707,35.75469],[139.82009,35.7551],[139.82013,35.75519]]}},{"type":"Feature","properties":{"idx":816,"road":"川の手通り","cls":"primary","shops":1,"st_km":0.5,"mesh":"53395626"},"geometry":{"type":"LineString","coordinates":[[139.82959,35.77],[139.83005,35.77559]]}},{"type":"Feature","properties":{"idx":109,"road":"平和橋通り","cls":"primary","shops":0,"st_km":0.91,"mesh":"53395605"},"geometry":{"type":"LineString","coordinates":[[139.8211,35.75411],[139.82082,35.75409]]}},{"type":"Feature","properties":{"idx":118,"road":"千住小松川葛西沖線","cls":"primary","shops":0,"st_km":0.87,"mesh":"53395605"},"geometry":{"type":"LineString","coordinates":[[139.82094,35.7552],[139.82107,35.75445],[139.82114,35.7536],[139.82118,35.75188]]}},{"type":"Feature","properties":{"idx":114,"road":"平和橋通り","cls":"primary","shops":0,"st_km":0.86,"mesh":"53395605"},"geometry":{"type":"LineString","coordinates":[[139.81998,35.75415],[139.82081,35.75417]]}},{"type":"Feature","properties":{"idx":119,"road":"千住小松川葛西沖線","cls":"primary","shops":0,"st_km":0.8,"mesh":"53395605"},"geometry":{"type":"LineString","coordinates":[[139.82052,35.75567],[139.82056,35.75565],[139.82062,35.75524]]}},{"type":"Feature","properties":{"idx":224,"road":NaN,"cls":"tertiary","shops":1,"st_km":0.31,"mesh":"53395605"},"geometry":{"type":"LineString","coordinates":[[139.81398,35.75675],[139.81414,35.75679],[139.8165,35.75682]]}},{"type":"Feature","properties":{"idx":332,"road":NaN,"cls":"tertiary","shops":1,"st_km":0.78,"mesh":"53395616"},"geometry":{"type":"LineString","coordinates":[[139.83585,35.76033],[139.83014,35.75733],[139.82886,35.75698],[139.82821,35.75675]]}},{"type":"Feature","properties":{"idx":657,"road":"平和橋通り","cls":"primary","shops":6,"st_km":0.09,"mesh":"53395604"},"geometry":{"type":"LineString","coordinates":[[139.81998,35.75407],[139.8177,35.75401],[139.81728,35.75405],[139.81699,35.75415],[139.8163,35.75455],[139.81378,35.75682],[139.81281,35.75757],[139.81144,35.75847],[139.81004,35.75928],[139.8084,35.76008],[139.80723,35.76054],[139.80527,35.76115],[139.80352,35.76156]]}},{"type":"Feature","properties":{"idx":890,"road":"千住小松川葛西沖線","cls":"primary","shops":2,"st_km":0.69,"mesh":"53395606"},"geometry":{"type":"LineString","coordinates":[[139.82821,35.75675],[139.82335,35.7555]]}},{"type":"Feature","properties":{"idx":121,"road":"新荒川葛西堤防線","cls":"secondary","shops":0,"st_km":0.73,"mesh":"53395605"},"geometry":{"type":"LineString","coordinates":[[139.82118,35.75188],[139.82111,35.75136]]}},{"type":"Feature","properties":{"idx":123,"road":"新荒川葛西堤防線","cls":"secondary","shops":0,"st_km":0.7,"mesh":"53395605"},"geometry":{"type":"LineString","coordinates":[[139.82111,35.75136],[139.82109,35.75106]]}},{"type":"Feature","properties":{"idx":1745,"road":"綾瀬川通り","cls":"tertiary","shops":25,"st_km":0.07,"mesh":"53395615"},"geometry":{"type":"LineString","coordinates":[[139.82416,35.76186],[139.82409,35.76225]]}},{"type":"Feature","properties":{"idx":424,"road":NaN,"cls":"tertiary","shops":0,"st_km":0.51,"mesh":"53395625"},"geometry":{"type":"LineString","coordinates":[[139.82148,35.76825],[139.81904,35.76739],[139.81695,35.76682]]}},{"type":"Feature","properties":{"idx":493,"road":"環七通り","cls":"primary","shops":2,"st_km":0.7,"mesh":"53395635"},"geometry":{"type":"LineString","coordinates":[[139.82135,35.77808],[139.82418,35.77791]]}},{"type":"Feature","properties":{"idx":258,"road":"環七通り","cls":"primary","shops":0,"st_km":0.7,"mesh":"53395635"},"geometry":{"type":"LineString","coordinates":[[139.82418,35.77791],[139.82465,35.77787]]}},{"type":"Feature","properties":{"idx":299,"road":"環七通り","cls":"primary","shops":1,"st_km":0.96,"mesh":"53395635"},"geometry":{"type":"LineString","coordinates":[[139.81571,35.77855],[139.81112,35.77859]]}},{"type":"Feature","properties":{"idx":258,"road":"環七通り","cls":"primary","shops":0,"st_km":0.7,"mesh":"53395635"},"geometry":{"type":"LineString","coordinates":[[139.82461,35.77778],[139.82415,35.77781]]}},{"type":"Feature","properties":{"idx":102,"road":"江北橋通り","cls":"secondary","shops":0,"st_km":0.41,"mesh":"53395615"},"geometry":{"type":"LineString","coordinates":[[139.82242,35.7641],[139.81917,35.76386]]}},{"type":"Feature","properties":{"idx":638,"road":NaN,"cls":"tertiary","shops":9,"st_km":0.17,"mesh":"53395615"},"geometry":{"type":"LineString","coordinates":[[139.82356,35.76418],[139.82341,35.76376],[139.82332,35.76327],[139.82349,35.76234],[139.82347,35.76222]]}},{"type":"Feature","properties":{"idx":268,"road":"環七通り","cls":"primary","shops":0,"st_km":0.71,"mesh":"53395637"},"geometry":{"type":"LineString","coordinates":[[139.839,35.77684],[139.8408,35.77665]]}},{"type":"Feature","properties":{"idx":511,"road":NaN,"cls":"tertiary","shops":2,"st_km":0.63,"mesh":"53395616"},"geometry":{"type":"LineString","coordinates":[[139.83564,35.76643],[139.82635,35.76625],[139.82399,35.76603]]}},{"type":"Feature","properties":{"idx":301,"road":"環七通り","cls":"primary","shops":1,"st_km":1.05,"mesh":"53395637"},"geometry":{"type":"LineString","coordinates":[[139.84136,35.77659],[139.84251,35.77634],[139.84352,35.7759],[139.84407,35.77556],[139.84449,35.77522],[139.84525,35.7744]]}},{"type":"Feature","properties":{"idx":316,"road":"江北橋通り","cls":"secondary","shops":0,"st_km":0.29,"mesh":"53395614"},"geometry":{"type":"LineString","coordinates":[[139.81261,35.76343],[139.80418,35.76366],[139.80368,35.76363]]}},{"type":"Feature","properties":{"idx":315,"road":"環七通り","cls":"primary","shops":0,"st_km":0.62,"mesh":"53395627"},"geometry":{"type":"LineString","coordinates":[[139.84562,35.77393],[139.84831,35.77033]]}},{"type":"Feature","properties":{"idx":3087,"road":NaN,"cls":"tertiary","shops":15,"st_km":0.28,"mesh":"53395616"},"geometry":{"type":"LineString","coordinates":[[139.82914,35.76287],[139.82839,35.76272],[139.82673,35.76254]]}},{"type":"Feature","properties":{"idx":80,"road":NaN,"cls":"tertiary","shops":0,"st_km":0.53,"mesh":"53395615"},"geometry":{"type":"LineString","coordinates":[[139.82353,35.76887],[139.82273,35.76762],[139.82209,35.7663],[139.82199,35.76602],[139.82179,35.76496],[139.82163,35.7645],[139.8216,35.76411]]}},{"type":"Feature","properties":{"idx":482,"road":NaN,"cls":"tertiary","shops":0,"st_km":0.39,"mesh":"53395626"},"geometry":{"type":"LineString","coordinates":[[139.83372,35.7735],[139.82985,35.7732]]}},{"type":"Feature","properties":{"idx":601,"road":"川の手通り","cls":"primary","shops":6,"st_km":0.17,"mesh":"53395636"},"geometry":{"type":"LineString","coordinates":[[139.83029,35.77749],[139.83019,35.77624],[139.83005,35.77559]]}},{"type":"Feature","properties":{"idx":1729,"road":"環七通り","cls":"primary","shops":19,"st_km":0.09,"mesh":"53395636"},"geometry":{"type":"LineString","coordinates":[[139.83381,35.7773],[139.83197,35.77739]]}},{"type":"Feature","properties":{"idx":526,"road":NaN,"cls":"tertiary","shops":0,"st_km":0.29,"mesh":"53395625"},"geometry":{"type":"LineString","coordinates":[[139.82445,35.7762],[139.82384,35.77433],[139.82232,35.76908]]}},{"type":"Feature","properties":{"idx":519,"road":"川の手通り","cls":"primary","shops":5,"st_km":0.19,"mesh":"53395636"},"geometry":{"type":"LineString","coordinates":[[139.83005,35.77559],[139.83002,35.77625],[139.83014,35.77757]]}},{"type":"Feature","properties":{"idx":229,"road":"蒲原通り","cls":"tertiary","shops":0,"st_km":0.63,"mesh":"53395637"},"geometry":{"type":"LineString","coordinates":[[139.83929,35.77456],[139.83888,35.77587],[139.839,35.77684]]}},{"type":"Feature","properties":{"idx":586,"road":NaN,"cls":"tertiary","shops":2,"st_km":0.94,"mesh":"53395626"},"geometry":{"type":"LineString","coordinates":[[139.83564,35.76643],[139.83573,35.76899],[139.83564,35.77146]]}},{"type":"Feature","properties":{"idx":287,"road":NaN,"cls":"tertiary","shops":0,"st_km":1.0,"mesh":"53395626"},"geometry":{"type":"LineString","coordinates":[[139.83785,35.76906],[139.83569,35.76804]]}},{"type":"Feature","properties":{"idx":88,"road":NaN,"cls":"tertiary","shops":0,"st_km":0.49,"mesh":"53395636"},"geometry":{"type":"LineString","coordinates":[[139.83622,35.77713],[139.83697,35.78154]]}},{"type":"Feature","properties":{"idx":205,"road":"加平谷中線","cls":"tertiary","shops":2,"st_km":0.33,"mesh":"53395636"},"geometry":{"type":"LineString","coordinates":[[139.83014,35.77757],[139.83023,35.77882],[139.83038,35.7795],[139.83041,35.7788],[139.8303,35.77756]]}},{"type":"Feature","properties":{"idx":50,"road":"環七北通り（側道）","cls":"tertiary_link","shops":0,"st_km":0.58,"mesh":"53395636"},"geometry":{"type":"LineString","coordinates":[[139.83054,35.78152],[139.82862,35.78182],[139.82844,35.78192]]}},{"type":"Feature","properties":{"idx":74,"road":NaN,"cls":"tertiary","shops":0,"st_km":0.66,"mesh":"53395636"},"geometry":{"type":"LineString","coordinates":[[139.82659,35.78299],[139.82681,35.783],[139.8303,35.78218],[139.8306,35.78206]]}},{"type":"Feature","properties":{"idx":135,"road":NaN,"cls":"tertiary","shops":1,"st_km":0.46,"mesh":"53395636"},"geometry":{"type":"LineString","coordinates":[[139.82644,35.77988],[139.83039,35.77967]]}},{"type":"Feature","properties":{"idx":92,"road":"加平谷中線","cls":"tertiary","shops":0,"st_km":0.44,"mesh":"53395636"},"geometry":{"type":"LineString","coordinates":[[139.83038,35.7795],[139.83057,35.7818]]}},{"type":"Feature","properties":{"idx":462,"road":NaN,"cls":"tertiary","shops":0,"st_km":0.95,"mesh":"53395646"},"geometry":{"type":"LineString","coordinates":[[139.83086,35.78621],[139.83344,35.78679]]}},{"type":"Feature","properties":{"idx":172,"road":NaN,"cls":"tertiary","shops":1,"st_km":0.22,"mesh":"53395636"},"geometry":{"type":"LineString","coordinates":[[139.83018,35.77817],[139.83035,35.77816]]}},{"type":"Feature","properties":{"idx":219,"road":NaN,"cls":"tertiary","shops":2,"st_km":0.27,"mesh":"53395636"},"geometry":{"type":"LineString","coordinates":[[139.83041,35.7788],[139.83023,35.77882]]}},{"type":"Feature","properties":{"idx":93,"road":NaN,"cls":"tertiary","shops":0,"st_km":0.42,"mesh":"53395636"},"geometry":{"type":"LineString","coordinates":[[139.82901,35.77763],[139.82913,35.77887],[139.82889,35.77975],[139.82882,35.78038],[139.82894,35.78176]]}},{"type":"Feature","properties":{"idx":256,"road":"平方東京線","cls":"secondary","shops":0,"st_km":0.55,"mesh":"53395635"},"geometry":{"type":"LineString","coordinates":[[139.82134,35.778],[139.821,35.77619],[139.82084,35.77576]]}},{"type":"Feature","properties":{"idx":658,"road":"平方東京線","cls":"secondary","shops":1,"st_km":0.6,"mesh":"53395625"},"geometry":{"type":"LineString","coordinates":[[139.82015,35.76944],[139.8199,35.76897],[139.81905,35.76774],[139.81855,35.76692],[139.81834,35.7664],[139.8183,35.76573],[139.8188,35.76383]]}},{"type":"Feature","properties":{"idx":78,"road":NaN,"cls":"tertiary","shops":0,"st_km":0.61,"mesh":"53395636"},"geometry":{"type":"LineString","coordinates":[[139.82795,35.78199],[139.83012,35.78164]]}},{"type":"Feature","properties":{"idx":315,"road":"松戸草加線","cls":"primary","shops":1,"st_km":0.14,"mesh":"53395677"},"geometry":{"type":"LineString","coordinates":[[139.84503,35.8102],[139.84666,35.80696]]}},{"type":"Feature","properties":{"idx":416,"road":"尾久橋通り","cls":"primary","shops":2,"st_km":0.04,"mesh":"53395611"},"geometry":{"type":"LineString","coordinates":[[139.77089,35.76489],[139.77091,35.76266]]}},{"type":"Feature","properties":{"idx":264,"road":"尾久橋通り","cls":"primary","shops":1,"st_km":0.11,"mesh":"53395601"},"geometry":{"type":"LineString","coordinates":[[139.77036,35.75567],[139.77035,35.75554]]}},{"type":"Feature","properties":{"idx":109,"road":NaN,"cls":"primary_link","shops":0,"st_km":0.3,"mesh":"53395601"},"geometry":{"type":"LineString","coordinates":[[139.76966,35.75079],[139.76969,35.75103]]}},{"type":"Feature","properties":{"idx":832,"road":"尾久橋通り","cls":"primary","shops":1,"st_km":0.09,"mesh":"53395621"},"geometry":{"type":"LineString","coordinates":[[139.77042,35.77321],[139.77081,35.76786],[139.77089,35.76489]]}},{"type":"Feature","properties":{"idx":169,"road":"尾久橋通り","cls":"primary","shops":0,"st_km":0.21,"mesh":"53395601"},"geometry":{"type":"LineString","coordinates":[[139.76965,35.7474],[139.76966,35.74947],[139.76987,35.75291]]}},{"type":"Feature","properties":{"idx":128,"road":"尾久橋通り","cls":"primary","shops":0,"st_km":0.47,"mesh":"53395611"},"geometry":{"type":"LineString","coordinates":[[139.77089,35.76208],[139.77091,35.75983],[139.77036,35.75567]]}},{"type":"Feature","properties":{"idx":268,"road":"尾久橋通り","cls":"primary","shops":1,"st_km":0.1,"mesh":"53395601"},"geometry":{"type":"LineString","coordinates":[[139.7702,35.75545],[139.77022,35.75556]]}},{"type":"Feature","properties":{"idx":128,"road":"尾久橋通り","cls":"primary","shops":0,"st_km":0.47,"mesh":"53395611"},"geometry":{"type":"LineString","coordinates":[[139.77023,35.75569],[139.77081,35.75984],[139.7708,35.76208]]}},{"type":"Feature","properties":{"idx":187,"road":"尾久橋通り","cls":"primary","shops":0,"st_km":0.05,"mesh":"53395601"},"geometry":{"type":"LineString","coordinates":[[139.77033,35.75543],[139.77,35.75289]]}},{"type":"Feature","properties":{"idx":414,"road":"尾久橋通り","cls":"primary","shops":2,"st_km":0.05,"mesh":"53395611"},"geometry":{"type":"LineString","coordinates":[[139.77076,35.76259],[139.7707,35.76489]]}},{"type":"Feature","properties":{"idx":161,"road":"第二産業道路","cls":"primary","shops":0,"st_km":1.66,"mesh":"53395680"},"geometry":{"type":"LineString","coordinates":[[139.75703,35.8196],[139.75643,35.81975],[139.75545,35.82017],[139.75012,35.82363],[139.74939,35.82404]]}},{"type":"Feature","properties":{"idx":1116,"road":"尾久橋通り","cls":"primary","shops":2,"st_km":0.08,"mesh":"53395621"},"geometry":{"type":"LineString","coordinates":[[139.7707,35.76489],[139.77066,35.76785],[139.77025,35.7731]]}},{"type":"Feature","properties":{"idx":595,"road":"江北バス通り","cls":"primary","shops":1,"st_km":0.46,"mesh":"53395621"},"geometry":{"type":"LineString","coordinates":[[139.77025,35.7731],[139.76562,35.7703],[139.7636,35.76901],[139.76313,35.76883]]}},{"type":"Feature","properties":{"idx":99,"road":NaN,"cls":"primary_link","shops":0,"st_km":0.33,"mesh":"53395601"},"geometry":{"type":"LineString","coordinates":[[139.76999,35.75227],[139.76989,35.75101]]}},{"type":"Feature","properties":{"idx":164,"road":NaN,"cls":"primary_link","shops":1,"st_km":0.23,"mesh":"53395601"},"geometry":{"type":"LineString","coordinates":[[139.76977,35.75228],[139.76987,35.75291]]}},{"type":"Feature","properties":{"idx":167,"road":NaN,"cls":"primary_link","shops":1,"st_km":0.3,"mesh":"53395611"},"geometry":{"type":"LineString","coordinates":[[139.77091,35.76266],[139.771,35.76232],[139.77104,35.76023]]}},{"type":"Feature","properties":{"idx":166,"road":NaN,"cls":"primary_link","shops":1,"st_km":0.31,"mesh":"53395611"},"geometry":{"type":"LineString","coordinates":[[139.77072,35.76013],[139.7707,35.76198],[139.77076,35.76259]]}},{"type":"Feature","properties":{"idx":74,"road":NaN,"cls":"secondary_link","shops":0,"st_km":0.56,"mesh":"53395611"},"geometry":{"type":"LineString","coordinates":[[139.7756,35.75952],[139.77527,35.75947],[139.77382,35.75955],[139.77138,35.7599]]}},{"type":"Feature","properties":{"idx":84,"road":NaN,"cls":"secondary_link","shops":0,"st_km":0.43,"mesh":"53395611"},"geometry":{"type":"LineString","coordinates":[[139.77059,35.75999],[139.77046,35.76008],[139.76852,35.76072],[139.76723,35.76133],[139.76712,35.76148]]}},{"type":"Feature","properties":{"idx":1045,"road":"新荒川葛西堤防線","cls":"secondary","shops":0,"st_km":0.86,"mesh":"53395612"},"geometry":{"type":"LineString","coordinates":[[139.78622,35.76053],[139.78071,35.75975],[139.77906,35.7596],[139.77738,35.75953],[139.77579,35.75952],[139.77424,35.75958],[139.77252,35.75976],[139.77072,35.76013]]}},{"type":"Feature","properties":{"idx":91,"road":NaN,"cls":"primary_link","shops":0,"st_km":0.51,"mesh":"53395611"},"geometry":{"type":"LineString","coordinates":[[139.7707,35.75904],[139.77071,35.75971],[139.77059,35.75999]]}},{"type":"Feature","properties":{"idx":164,"road":NaN,"cls":"primary_link","shops":1,"st_km":0.23,"mesh":"53395601"},"geometry":{"type":"LineString","coordinates":[[139.77,35.75289],[139.76999,35.75227]]}},{"type":"Feature","properties":{"idx":110,"road":"江北橋通り","cls":"primary","shops":0,"st_km":0.69,"mesh":"53395611"},"geometry":{"type":"LineString","coordinates":[[139.76314,35.76452],[139.76328,35.76458]]}},{"type":"Feature","properties":{"idx":109,"road":"江北橋通り","cls":"primary","shops":0,"st_km":0.7,"mesh":"53395611"},"geometry":{"type":"LineString","coordinates":[[139.76301,35.76446],[139.76314,35.76452]]}},{"type":"Feature","properties":{"idx":154,"road":NaN,"cls":"primary_link","shops":1,"st_km":1.22,"mesh":"53395610"},"geometry":{"type":"LineString","coordinates":[[139.7584,35.76232],[139.75794,35.76217],[139.75671,35.76204]]}},{"type":"Feature","properties":{"idx":407,"road":"王子金町市川線","cls":"primary","shops":4,"st_km":1.29,"mesh":"53395610"},"geometry":{"type":"LineString","coordinates":[[139.75498,35.76254],[139.7559,35.76204]]}},{"type":"Feature","properties":{"idx":106,"road":"王子金町市川線","cls":"primary","shops":0,"st_km":0.73,"mesh":"53395611"},"geometry":{"type":"LineString","coordinates":[[139.76291,35.76614],[139.76279,35.76606],[139.76279,35.76596],[139.76295,35.76496],[139.76314,35.76452]]}},{"type":"Feature","properties":{"idx":144,"road":"東京川口線","cls":"secondary","shops":0,"st_km":1.64,"mesh":"53395620"},"geometry":{"type":"LineString","coordinates":[[139.75834,35.77203],[139.75643,35.77296],[139.75416,35.77374],[139.7528,35.7743],[139.74828,35.77702],[139.74722,35.77775],[139.7468,35.77813]]}},{"type":"Feature","properties":{"idx":186,"road":"王子金町市川線","cls":"primary","shops":0,"st_km":0.91,"mesh":"53395610"},"geometry":{"type":"LineString","coordinates":[[139.7586,35.76254],[139.76301,35.76446]]}},{"type":"Feature","properties":{"idx":115,"road":NaN,"cls":"tertiary","shops":0,"st_km":1.26,"mesh":"53395610"},"geometry":{"type":"LineString","coordinates":[[139.75681,35.76623],[139.75727,35.76473]]}},{"type":"Feature","properties":{"idx":120,"road":"江北橋通り","cls":"primary","shops":0,"st_km":0.59,"mesh":"53395611"},"geometry":{"type":"LineString","coordinates":[[139.76328,35.76458],[139.76424,35.76499],[139.76451,35.76506],[139.76493,35.7651],[139.7657,35.76507]]}},{"type":"Feature","properties":{"idx":195,"road":"新荒川堤防線","cls":"secondary","shops":0,"st_km":0.9,"mesh":"53395602"},"geometry":{"type":"LineString","coordinates":[[139.7888,35.75624],[139.78278,35.75531],[139.7805,35.75506],[139.77897,35.75495],[139.77693,35.75489],[139.77489,35.75493],[139.77267,35.75511],[139.77132,35.75535]]}},{"type":"Feature","properties":{"idx":109,"road":"王子金町市川線","cls":"primary","shops":0,"st_km":0.7,"mesh":"53395611"},"geometry":{"type":"LineString","coordinates":[[139.76301,35.76617],[139.76361,35.7648]]}},{"type":"Feature","properties":{"idx":174,"road":NaN,"cls":"tertiary","shops":1,"st_km":0.39,"mesh":"53395611"},"geometry":{"type":"LineString","coordinates":[[139.76515,35.76269],[139.76533,35.76283],[139.76563,35.76319],[139.76572,35.76345],[139.76582,35.76354],[139.76619,35.76351],[139.76689,35.76359],[139.76694,35.76373],[139.767,35.76434],[139.76715,35.76491]]}},{"type":"Feature","properties":{"idx":620,"road":"東京鳩ヶ谷線","cls":"secondary","shops":3,"st_km":0.82,"mesh":"53395620"},"geometry":{"type":"LineString","coordinates":[[139.76177,35.76898],[139.76167,35.76893]]}},{"type":"Feature","properties":{"idx":177,"road":"五色桜通り","cls":"tertiary","shops":0,"st_km":1.13,"mesh":"53395620"},"geometry":{"type":"LineString","coordinates":[[139.75842,35.77216],[139.75839,35.77331],[139.75725,35.7743],[139.75707,35.77451],[139.75686,35.7749],[139.75675,35.77538]]}},{"type":"Feature","properties":{"idx":181,"road":NaN,"cls":"tertiary","shops":0,"st_km":1.1,"mesh":"53395620"},"geometry":{"type":"LineString","coordinates":[[139.75842,35.77216],[139.75834,35.77203]]}},{"type":"Feature","properties":{"idx":117,"road":"千住小松川葛西沖線","cls":"primary","shops":0,"st_km":0.62,"mesh":"53395611"},"geometry":{"type":"LineString","coordinates":[[139.76314,35.76452],[139.76355,35.76396],[139.76401,35.76349],[139.76482,35.76282],[139.76504,35.76269],[139.76515,35.76269]]}},{"type":"Feature","properties":{"idx":213,"road":"新荒川堤防線","cls":"secondary","shops":1,"st_km":1.12,"mesh":"53395610"},"geometry":{"type":"LineString","coordinates":[[139.75905,35.76153],[139.75851,35.7625]]}},{"type":"Feature","properties":{"idx":290,"road":"王子金町市川線","cls":"primary","shops":0,"st_km":0.76,"mesh":"53395620"},"geometry":{"type":"LineString","coordinates":[[139.76291,35.76614],[139.7623,35.76767],[139.7619,35.76849]]}},{"type":"Feature","properties":{"idx":87,"road":NaN,"cls":"primary_link","shops":0,"st_km":0.55,"mesh":"53395611"},"geometry":{"type":"LineString","coordinates":[[139.76361,35.7648],[139.76412,35.76502],[139.7646,35.76515],[139.76585,35.76513],[139.76619,35.76505]]}},{"type":"Feature","properties":{"idx":111,"road":NaN,"cls":"primary_link","shops":0,"st_km":0.28,"mesh":"53395601"},"geometry":{"type":"LineString","coordinates":[[139.76989,35.75101],[139.76987,35.7505]]}},{"type":"Feature","properties":{"idx":148,"road":NaN,"cls":"primary_link","shops":1,"st_km":0.33,"mesh":"53395601"},"geometry":{"type":"LineString","coordinates":[[139.76969,35.75103],[139.76977,35.75228]]}},{"type":"Feature","properties":{"idx":265,"road":"舎人公園通り","cls":"tertiary","shops":0,"st_km":1.36,"mesh":"53395657"},"geometry":{"type":"LineString","coordinates":[[139.84014,35.7951],[139.84361,35.79587],[139.84423,35.79587],[139.84471,35.79571]]}},{"type":"Feature","properties":{"idx":130,"road":NaN,"cls":"tertiary","shops":0,"st_km":0.61,"mesh":"53395629"},"geometry":{"type":"LineString","coordinates":[[139.87221,35.77549],[139.8704,35.77392],[139.86999,35.77372],[139.8697,35.77368],[139.86621,35.77423],[139.86285,35.77457],[139.86039,35.77498]]}},{"type":"Feature","properties":{"idx":113,"road":NaN,"cls":"tertiary","shops":0,"st_km":1.65,"mesh":"53395679"},"geometry":{"type":"LineString","coordinates":[[139.86884,35.81157],[139.8703,35.81137]]}},{"type":"Feature","properties":{"idx":106,"road":NaN,"cls":"tertiary","shops":0,"st_km":1.76,"mesh":"53395679"},"geometry":{"type":"LineString","coordinates":[[139.87343,35.81087],[139.87314,35.80986],[139.87126,35.80796]]}},{"type":"Feature","properties":{"idx":238,"road":NaN,"cls":"tertiary","shops":0,"st_km":1.19,"mesh":"53395666"},"geometry":{"type":"LineString","coordinates":[[139.83462,35.80448],[139.83424,35.80436],[139.83337,35.80387],[139.83312,35.80367],[139.83299,35.8034],[139.83301,35.80302],[139.83377,35.80063]]}},{"type":"Feature","properties":{"idx":584,"road":"草加停車場線","cls":"secondary","shops":2,"st_km":0.22,"mesh":"53395694"},"geometry":{"type":"LineString","coordinates":[[139.80736,35.82808],[139.80441,35.82835]]}},{"type":"Feature","properties":{"idx":359,"road":"草加八潮三郷線","cls":"secondary","shops":0,"st_km":0.9,"mesh":"53395695"},"geometry":{"type":"LineString","coordinates":[[139.81377,35.82808],[139.81307,35.82811]]}},{"type":"Feature","properties":{"idx":194,"road":NaN,"cls":"tertiary","shops":0,"st_km":0.96,"mesh":"53395689"},"geometry":{"type":"LineString","coordinates":[[139.8698,35.81801],[139.87012,35.81801],[139.87253,35.81831]]}},{"type":"Feature","properties":{"idx":101,"road":"宿場通り","cls":"tertiary","shops":0,"st_km":0.58,"mesh":"53395604"},"geometry":{"type":"LineString","coordinates":[[139.80489,35.75554],[139.80453,35.7546]]}},{"type":"Feature","properties":{"idx":240,"road":NaN,"cls":"tertiary","shops":3,"st_km":0.63,"mesh":"53395604"},"geometry":{"type":"LineString","coordinates":[[139.80455,35.75464],[139.80352,35.75494],[139.80318,35.75516],[139.80246,35.75577],[139.80195,35.75601]]}},{"type":"Feature","properties":{"idx":159,"road":NaN,"cls":"tertiary","shops":2,"st_km":0.83,"mesh":"53395604"},"geometry":{"type":"LineString","coordinates":[[139.80261,35.75696],[139.80247,35.75697]]}},{"type":"Feature","properties":{"idx":346,"road":NaN,"cls":"tertiary","shops":0,"st_km":0.84,"mesh":"53395699"},"geometry":{"type":"LineString","coordinates":[[139.87394,35.83119],[139.87362,35.83104]]}},{"type":"Feature","properties":{"idx":513,"road":"上笹塚谷口線","cls":"secondary","shops":0,"st_km":0.54,"mesh":"53395699"},"geometry":{"type":"LineString","coordinates":[[139.87492,35.82767],[139.87102,35.82548]]}},{"type":"Feature","properties":{"idx":194,"road":"八潮三郷線","cls":"secondary","shops":0,"st_km":2.27,"mesh":"53395698"},"geometry":{"type":"LineString","coordinates":[[139.85497,35.83093],[139.85354,35.82855],[139.85282,35.827]]}},{"type":"Feature","properties":{"idx":197,"road":"八潮三郷線","cls":"secondary","shops":0,"st_km":1.57,"mesh":"53395688"},"geometry":{"type":"LineString","coordinates":[[139.85093,35.82308],[139.84916,35.81946]]}},{"type":"Feature","properties":{"idx":215,"road":"八潮三郷線","cls":"secondary","shops":0,"st_km":2.02,"mesh":"53395698"},"geometry":{"type":"LineString","coordinates":[[139.85067,35.82316],[139.85255,35.82708]]}},{"type":"Feature","properties":{"idx":239,"road":NaN,"cls":"tertiary","shops":0,"st_km":1.56,"mesh":"53395698"},"geometry":{"type":"LineString","coordinates":[[139.86314,35.82912],[139.86205,35.82892],[139.86161,35.82879],[139.86123,35.82858],[139.86106,35.82837]]}},{"type":"Feature","properties":{"idx":130,"road":NaN,"cls":"secondary_link","shops":0,"st_km":2.3,"mesh":"53395698"},"geometry":{"type":"LineString","coordinates":[[139.85178,35.82602],[139.8521,35.82635],[139.85259,35.82734],[139.85351,35.82886]]}},{"type":"Feature","properties":{"idx":198,"road":"八潮三郷線","cls":"secondary","shops":0,"st_km":2.22,"mesh":"53395698"},"geometry":{"type":"LineString","coordinates":[[139.855,35.83144],[139.85722,35.83446]]}},{"type":"Feature","properties":{"idx":130,"road":NaN,"cls":"secondary_link","shops":0,"st_km":2.29,"mesh":"53395698"},"geometry":{"type":"LineString","coordinates":[[139.85365,35.82872],[139.85296,35.82712],[139.85229,35.82577]]}},{"type":"Feature","properties":{"idx":248,"road":NaN,"cls":"tertiary","shops":0,"st_km":0.68,"mesh":"53395689"},"geometry":{"type":"LineString","coordinates":[[139.87122,35.82294],[139.87105,35.82286]]}},{"type":"Feature","properties":{"idx":376,"road":NaN,"cls":"tertiary","shops":0,"st_km":0.75,"mesh":"53395699"},"geometry":{"type":"LineString","coordinates":[[139.87012,35.82589],[139.87008,35.82581],[139.87028,35.82505]]}},{"type":"Feature","properties":{"idx":107,"road":NaN,"cls":"tertiary","shops":0,"st_km":2.41,"mesh":"53395669"},"geometry":{"type":"LineString","coordinates":[[139.87345,35.80252],[139.87307,35.80264],[139.87207,35.8031],[139.87127,35.80321],[139.86851,35.80479]]}},{"type":"Feature","properties":{"idx":323,"road":NaN,"cls":"tertiary","shops":0,"st_km":0.4,"mesh":"53395689"},"geometry":{"type":"LineString","coordinates":[[139.87602,35.82459],[139.87523,35.82432],[139.874,35.82399],[139.87236,35.8234],[139.87202,35.82331]]}},{"type":"Feature","properties":{"idx":211,"road":NaN,"cls":"tertiary","shops":0,"st_km":0.86,"mesh":"53395689"},"geometry":{"type":"LineString","coordinates":[[139.87253,35.81831],[139.87268,35.81832]]}},{"type":"Feature","properties":{"idx":118,"road":NaN,"cls":"tertiary","shops":0,"st_km":2.1,"mesh":"53395669"},"geometry":{"type":"LineString","coordinates":[[139.87243,35.80617],[139.87257,35.80622]]}},{"type":"Feature","properties":{"idx":116,"road":NaN,"cls":"tertiary","shops":0,"st_km":1.6,"mesh":"53395679"},"geometry":{"type":"LineString","coordinates":[[139.87047,35.81135],[139.87095,35.81135],[139.87169,35.81119]]}},{"type":"Feature","properties":{"idx":114,"road":NaN,"cls":"tertiary","shops":0,"st_km":1.63,"mesh":"53395679"},"geometry":{"type":"LineString","coordinates":[[139.8703,35.81137],[139.87047,35.81135]]}},{"type":"Feature","properties":{"idx":155,"road":NaN,"cls":"tertiary","shops":0,"st_km":1.67,"mesh":"53395676"},"geometry":{"type":"LineString","coordinates":[[139.8276,35.81522],[139.82987,35.81556]]}},{"type":"Feature","properties":{"idx":241,"road":"平方東京線","cls":"secondary","shops":0,"st_km":1.33,"mesh":"53395666"},"geometry":{"type":"LineString","coordinates":[[139.82936,35.80851],[139.83103,35.80341]]}},{"type":"Feature","properties":{"idx":178,"road":NaN,"cls":"tertiary","shops":0,"st_km":1.63,"mesh":"53395666"},"geometry":{"type":"LineString","coordinates":[[139.82729,35.80105],[139.8272,35.80626],[139.82701,35.80699]]}},{"type":"Feature","properties":{"idx":322,"road":"八潮三郷線","cls":"secondary","shops":0,"st_km":0.95,"mesh":"53395666"},"geometry":{"type":"LineString","coordinates":[[139.83097,35.80359],[139.83306,35.8049],[139.83727,35.80716],[139.83821,35.80776]]}},{"type":"Feature","properties":{"idx":232,"road":"平方東京線","cls":"secondary","shops":0,"st_km":1.23,"mesh":"53395676"},"geometry":{"type":"LineString","coordinates":[[139.82936,35.80851],[139.83091,35.80927],[139.83123,35.8095],[139.83135,35.8097],[139.83189,35.81168]]}},{"type":"Feature","properties":{"idx":202,"road":NaN,"cls":"tertiary","shops":0,"st_km":1.42,"mesh":"53395666"},"geometry":{"type":"LineString","coordinates":[[139.83103,35.80341],[139.83208,35.80017],[139.83159,35.79696]]}},{"type":"Feature","properties":{"idx":184,"road":"八潮三郷線","cls":"secondary","shops":0,"st_km":1.41,"mesh":"53395656"},"geometry":{"type":"LineString","coordinates":[[139.82746,35.79465],[139.82751,35.79482],[139.82727,35.79588],[139.82714,35.79686],[139.82717,35.79788],[139.82733,35.7989]]}},{"type":"Feature","properties":{"idx":203,"road":"平方東京線","cls":"secondary","shops":0,"st_km":1.6,"mesh":"53395666"},"geometry":{"type":"LineString","coordinates":[[139.83103,35.80341],[139.82998,35.80258],[139.82928,35.80188],[139.82868,35.80112],[139.82817,35.80029],[139.82802,35.80017],[139.82769,35.80004],[139.827,35.79985],[139.82663,35.79949]]}},{"type":"Feature","properties":{"idx":184,"road":"八潮三郷線","cls":"secondary","shops":0,"st_km":1.41,"mesh":"53395656"},"geometry":{"type":"LineString","coordinates":[[139.82733,35.7989],[139.82743,35.7978],[139.82738,35.79723],[139.8274,35.79653],[139.82763,35.79532],[139.82779,35.79467],[139.82773,35.79452]]}},{"type":"Feature","properties":{"idx":154,"road":"八潮三郷線","cls":"secondary","shops":0,"st_km":1.72,"mesh":"53395656"},"geometry":{"type":"LineString","coordinates":[[139.82734,35.79915],[139.82733,35.80003]]}},{"type":"Feature","properties":{"idx":226,"road":NaN,"cls":"tertiary","shops":0,"st_km":2.14,"mesh":"53395696"},"geometry":{"type":"LineString","coordinates":[[139.83566,35.8266],[139.83729,35.82503]]}},{"type":"Feature","properties":{"idx":510,"road":NaN,"cls":"tertiary","shops":0,"st_km":2.1,"mesh":"53395648"},"geometry":{"type":"LineString","coordinates":[[139.85299,35.78711],[139.85364,35.7827],[139.85371,35.78257]]}},{"type":"Feature","properties":{"idx":742,"road":NaN,"cls":"tertiary","shops":1,"st_km":2.15,"mesh":"53395648"},"geometry":{"type":"LineString","coordinates":[[139.85001,35.78995],[139.85279,35.79019],[139.85346,35.79014],[139.85401,35.79002],[139.85519,35.78946],[139.85622,35.78964],[139.85708,35.78992],[139.85796,35.78997]]}},{"type":"Feature","properties":{"idx":150,"road":NaN,"cls":"tertiary","shops":0,"st_km":1.94,"mesh":"53395649"},"geometry":{"type":"LineString","coordinates":[[139.86003,35.78558],[139.86517,35.78608]]}},{"type":"Feature","properties":{"idx":871,"road":NaN,"cls":"tertiary","shops":7,"st_km":0.21,"mesh":"53395629"},"geometry":{"type":"LineString","coordinates":[[139.86871,35.77201],[139.86899,35.76983]]}},{"type":"Feature","properties":{"idx":377,"road":NaN,"cls":"tertiary","shops":2,"st_km":0.23,"mesh":"53395629"},"geometry":{"type":"LineString","coordinates":[[139.87297,35.76901],[139.87292,35.76939]]}},{"type":"Feature","properties":{"idx":162,"road":NaN,"cls":"tertiary","shops":0,"st_km":2.52,"mesh":"53395659"},"geometry":{"type":"LineString","coordinates":[[139.86423,35.79391],[139.86461,35.79288],[139.86586,35.79036]]}},{"type":"Feature","properties":{"idx":409,"road":"大師北参道","cls":"tertiary","shops":0,"st_km":0.9,"mesh":"53395652"},"geometry":{"type":"LineString","coordinates":[[139.77948,35.80076],[139.77924,35.78262]]}},{"type":"Feature","properties":{"idx":537,"road":"六六通り","cls":"tertiary","shops":0,"st_km":0.8,"mesh":"53395643"},"geometry":{"type":"LineString","coordinates":[[139.79217,35.78653],[139.79212,35.78633],[139.79186,35.7858],[139.79149,35.78231]]}},{"type":"Feature","properties":{"idx":203,"road":NaN,"cls":"tertiary","shops":0,"st_km":0.86,"mesh":"53395613"},"geometry":{"type":"LineString","coordinates":[[139.79267,35.76951],[139.79268,35.76925],[139.79277,35.76909],[139.79239,35.76811],[139.79233,35.76782],[139.7921,35.76744],[139.79191,35.76723],[139.79138,35.76568],[139.79111,35.76503],[139.79112,35.76489],[139.79123,35.76466],[139.79118,35.76425],[139.79105,35.76397],[139.79111,35.76367]]}},{"type":"Feature","properties":{"idx":115,"road":NaN,"cls":"tertiary","shops":0,"st_km":0.25,"mesh":"53395633"},"geometry":{"type":"LineString","coordinates":[[139.79139,35.78023],[139.7914,35.77976],[139.79148,35.77925],[139.79146,35.77847]]}},{"type":"Feature","properties":{"idx":414,"road":"亀田トレイン通り","cls":"tertiary","shops":5,"st_km":0.22,"mesh":"53395633"},"geometry":{"type":"LineString","coordinates":[[139.78909,35.77532],[139.79017,35.77544]]}},{"type":"Feature","properties":{"idx":759,"road":"亀田トレイン通り","cls":"tertiary","shops":0,"st_km":0.3,"mesh":"53395623"},"geometry":{"type":"LineString","coordinates":[[139.79301,35.77458],[139.79627,35.77131],[139.79635,35.77111],[139.79632,35.77091]]}},{"type":"Feature","properties":{"idx":757,"road":"けいさつ前通り","cls":"tertiary","shops":0,"st_km":0.33,"mesh":"53395623"},"geometry":{"type":"LineString","coordinates":[[139.7888,35.77295],[139.78909,35.77532],[139.78912,35.77611]]}},{"type":"Feature","properties":{"idx":264,"road":"川口草加線","cls":"secondary","shops":0,"st_km":0.78,"mesh":"53395660"},"geometry":{"type":"LineString","coordinates":[[139.75995,35.80374],[139.76254,35.80523],[139.76321,35.8055]]}},{"type":"Feature","properties":{"idx":151,"road":"仁志町領家町線","cls":"tertiary","shops":0,"st_km":1.31,"mesh":"53395650"},"geometry":{"type":"LineString","coordinates":[[139.75621,35.79379],[139.75574,35.79428]]}},{"type":"Feature","properties":{"idx":367,"road":"東京女子医大通り","cls":"tertiary","shops":1,"st_km":0.71,"mesh":"53395641"},"geometry":{"type":"LineString","coordinates":[[139.76174,35.78714],[139.76519,35.78322]]}},{"type":"Feature","properties":{"idx":177,"road":"川口草加線","cls":"secondary","shops":0,"st_km":1.31,"mesh":"53395660"},"geometry":{"type":"LineString","coordinates":[[139.75595,35.80201],[139.75664,35.8023]]}},{"type":"Feature","properties":{"idx":614,"road":NaN,"cls":"tertiary","shops":2,"st_km":0.47,"mesh":"53395641"},"geometry":{"type":"LineString","coordinates":[[139.76311,35.78311],[139.76312,35.78327],[139.76488,35.78385],[139.76873,35.78458],[139.76992,35.78488]]}},{"type":"Feature","properties":{"idx":156,"road":NaN,"cls":"tertiary","shops":0,"st_km":0.11,"mesh":"53395631"},"geometry":{"type":"LineString","coordinates":[[139.77318,35.78047],[139.76511,35.78056]]}},{"type":"Feature","properties":{"idx":351,"road":NaN,"cls":"tertiary","shops":0,"st_km":0.33,"mesh":"53395641"},"geometry":{"type":"LineString","coordinates":[[139.76793,35.78308],[139.76792,35.78387],[139.76773,35.78488],[139.76761,35.78627],[139.7674,35.78761],[139.76765,35.78997]]}},{"type":"Feature","properties":{"idx":210,"road":NaN,"cls":"tertiary","shops":0,"st_km":1.08,"mesh":"53395640"},"geometry":{"type":"LineString","coordinates":[[139.76135,35.78501],[139.7565,35.78562]]}},{"type":"Feature","properties":{"idx":480,"road":NaN,"cls":"tertiary","shops":1,"st_km":0.42,"mesh":"53395641"},"geometry":{"type":"LineString","coordinates":[[139.76994,35.78622],[139.76488,35.78634],[139.76322,35.78547]]}},{"type":"Feature","properties":{"idx":95,"road":"東京女子医大通り","cls":"tertiary","shops":0,"st_km":0.61,"mesh":"53395631"},"geometry":{"type":"LineString","coordinates":[[139.76527,35.77626],[139.76511,35.77686],[139.76494,35.77822]]}},{"type":"Feature","properties":{"idx":44,"road":NaN,"cls":"tertiary","shops":0,"st_km":0.58,"mesh":"53395651"},"geometry":{"type":"LineString","coordinates":[[139.77005,35.79256],[139.76782,35.79254],[139.76427,35.79292],[139.76187,35.79292]]}},{"type":"Feature","properties":{"idx":144,"road":NaN,"cls":"tertiary","shops":0,"st_km":0.19,"mesh":"53395631"},"geometry":{"type":"LineString","coordinates":[[139.76822,35.78053],[139.76822,35.78307]]}},{"type":"Feature","properties":{"idx":318,"road":"東京女子医大通り","cls":"tertiary","shops":0,"st_km":0.45,"mesh":"53395621"},"geometry":{"type":"LineString","coordinates":[[139.76527,35.77626],[139.76566,35.77308]]}},{"type":"Feature","properties":{"idx":121,"road":NaN,"cls":"tertiary","shops":0,"st_km":0.36,"mesh":"53395631"},"geometry":{"type":"LineString","coordinates":[[139.76643,35.78415],[139.7671,35.78169]]}},{"type":"Feature","properties":{"idx":321,"road":"東京女子医大通り","cls":"tertiary","shops":4,"st_km":0.49,"mesh":"53395631"},"geometry":{"type":"LineString","coordinates":[[139.76512,35.78054],[139.76518,35.78017],[139.76514,35.77833]]}},{"type":"Feature","properties":{"idx":318,"road":NaN,"cls":"tertiary","shops":0,"st_km":0.43,"mesh":"53395641"},"geometry":{"type":"LineString","coordinates":[[139.76573,35.78774],[139.76581,35.78694],[139.76598,35.7863]]}},{"type":"Feature","properties":{"idx":134,"road":NaN,"cls":"tertiary","shops":0,"st_km":0.26,"mesh":"53395631"},"geometry":{"type":"LineString","coordinates":[[139.76741,35.78054],[139.76732,35.78087]]}},{"type":"Feature","properties":{"idx":494,"road":NaN,"cls":"tertiary","shops":0,"st_km":0.54,"mesh":"53395634"},"geometry":{"type":"LineString","coordinates":[[139.80314,35.77701],[139.80227,35.77673],[139.80162,35.77666],[139.79763,35.77712]]}},{"type":"Feature","properties":{"idx":695,"road":NaN,"cls":"tertiary","shops":2,"st_km":0.33,"mesh":"53395621"},"geometry":{"type":"LineString","coordinates":[[139.77384,35.76364],[139.774,35.76395],[139.77431,35.7643],[139.77431,35.76473],[139.77417,35.76538],[139.77441,35.76594],[139.77441,35.76626],[139.77457,35.76686],[139.77456,35.7673],[139.77461,35.76773],[139.77418,35.76824],[139.77406,35.76905],[139.77409,35.76943],[139.77397,35.76958],[139.77383,35.77026],[139.77395,35.77083],[139.77385,35.7714],[139.77393,35.77148],[139.77423,35.77162],[139.77425,35.77181],[139.77444,35.77207],[139.7747,35.77274],[139.77457,35.7737],[139.7743,35.77416],[139.77428,35.77428],[139.77439,35.77449],[139.77428,35.77555]]}},{"type":"Feature","properties":{"idx":349,"road":NaN,"cls":"tertiary","shops":0,"st_km":1.54,"mesh":"53395654"},"geometry":{"type":"LineString","coordinates":[[139.81238,35.79839],[139.80909,35.79802],[139.80865,35.79793],[139.80601,35.79721],[139.80217,35.79667]]}},{"type":"Feature","properties":{"idx":191,"road":NaN,"cls":"tertiary","shops":1,"st_km":0.76,"mesh":"53395645"},"geometry":{"type":"LineString","coordinates":[[139.81647,35.78449],[139.81022,35.78492]]}},{"type":"Feature","properties":{"idx":1244,"road":NaN,"cls":"tertiary","shops":1,"st_km":0.7,"mesh":"53395642"},"geometry":{"type":"LineString","coordinates":[[139.78204,35.78737],[139.78208,35.78615],[139.78215,35.78552],[139.78234,35.78455],[139.78261,35.78417],[139.78329,35.78404],[139.7837,35.7839]]}},{"type":"Feature","properties":{"idx":191,"road":NaN,"cls":"tertiary","shops":0,"st_km":0.78,"mesh":"53395635"},"geometry":{"type":"LineString","coordinates":[[139.81402,35.77857],[139.81406,35.77872],[139.81412,35.78466]]}},{"type":"Feature","properties":{"idx":506,"road":"環七通り","cls":"primary","shops":2,"st_km":1.45,"mesh":"53395630"},"geometry":{"type":"LineString","coordinates":[[139.76055,35.77822],[139.74912,35.77866],[139.7483,35.77866]]}},{"type":"Feature","properties":{"idx":357,"road":"舎人公園通り","cls":"tertiary","shops":1,"st_km":1.27,"mesh":"53395655"},"geometry":{"type":"LineString","coordinates":[[139.8069,35.79484],[139.81238,35.79503],[139.81307,35.795],[139.82219,35.79293]]}},{"type":"Feature","properties":{"idx":1559,"road":NaN,"cls":"tertiary","shops":0,"st_km":0.21,"mesh":"53395624"},"geometry":{"type":"LineString","coordinates":[[139.79756,35.77328],[139.80177,35.77178],[139.80338,35.77164]]}},{"type":"Feature","properties":{"idx":441,"road":"環七北通り","cls":"tertiary","shops":1,"st_km":1.13,"mesh":"53395634"},"geometry":{"type":"LineString","coordinates":[[139.81611,35.78269],[139.81077,35.78267],[139.80294,35.78275]]}},{"type":"Feature","properties":{"idx":48,"road":NaN,"cls":"tertiary","shops":0,"st_km":0.5,"mesh":"53395651"},"geometry":{"type":"LineString","coordinates":[[139.77521,35.79535],[139.77501,35.79532],[139.77492,35.79524],[139.7742,35.79344],[139.77411,35.78794]]}},{"type":"Feature","properties":{"idx":669,"road":NaN,"cls":"tertiary","shops":2,"st_km":0.98,"mesh":"53395634"},"geometry":{"type":"LineString","coordinates":[[139.81117,35.77733],[139.80887,35.77707],[139.80674,35.77707],[139.80549,35.77725],[139.80484,35.77728],[139.80412,35.77723],[139.80323,35.77706]]}},{"type":"Feature","properties":{"idx":160,"road":"環七通り","cls":"primary","shops":0,"st_km":0.15,"mesh":"53395633"},"geometry":{"type":"LineString","coordinates":[[139.79116,35.77834],[139.78741,35.77821]]}},{"type":"Feature","properties":{"idx":278,"road":NaN,"cls":"tertiary","shops":0,"st_km":1.06,"mesh":"53395655"},"geometry":{"type":"LineString","coordinates":[[139.81381,35.79272],[139.817,35.79289]]}},{"type":"Feature","properties":{"idx":494,"road":NaN,"cls":"tertiary","shops":0,"st_km":1.29,"mesh":"53395644"},"geometry":{"type":"LineString","coordinates":[[139.80286,35.78892],[139.80478,35.78883],[139.80803,35.78905],[139.80886,35.78908],[139.80899,35.78905],[139.80902,35.78897],[139.80892,35.78873],[139.80893,35.78854],[139.80957,35.787],[139.81022,35.78492]]}},{"type":"Feature","properties":{"idx":809,"road":"舎人公園通り","cls":"tertiary","shops":1,"st_km":0.54,"mesh":"53395652"},"geometry":{"type":"LineString","coordinates":[[139.78168,35.79526],[139.78057,35.79527],[139.77952,35.7956],[139.77927,35.79564],[139.77619,35.79577],[139.77027,35.79587]]}},{"type":"Feature","properties":{"idx":557,"road":"環七通り","cls":"primary","shops":2,"st_km":0.4,"mesh":"53395632"},"geometry":{"type":"LineString","coordinates":[[139.78741,35.77821],[139.7848,35.77806]]}},{"type":"Feature","properties":{"idx":442,"road":NaN,"cls":"tertiary","shops":0,"st_km":0.47,"mesh":"53395625"},"geometry":{"type":"LineString","coordinates":[[139.81616,35.77342],[139.81598,35.77433],[139.81587,35.77535]]}},{"type":"Feature","properties":{"idx":748,"road":NaN,"cls":"tertiary","shops":1,"st_km":0.34,"mesh":"53395625"},"geometry":{"type":"LineString","coordinates":[[139.81669,35.76993],[139.8164,35.7722],[139.81616,35.77342]]}},{"type":"Feature","properties":{"idx":507,"road":"竹の塚センター通り","cls":"tertiary","shops":0,"st_km":0.87,"mesh":"53395643"},"geometry":{"type":"LineString","coordinates":[[139.79418,35.78336],[139.79402,35.78702],[139.79406,35.78844],[139.79401,35.79058]]}},{"type":"Feature","properties":{"idx":153,"road":"平方東京線","cls":"secondary","shops":0,"st_km":1.73,"mesh":"53395656"},"geometry":{"type":"LineString","coordinates":[[139.82663,35.79949],[139.82684,35.79978],[139.82733,35.80003]]}},{"type":"Feature","properties":{"idx":292,"road":"平方東京線","cls":"secondary","shops":0,"st_km":1.15,"mesh":"53395655"},"geometry":{"type":"LineString","coordinates":[[139.82305,35.79522],[139.82287,35.79501]]}},{"type":"Feature","properties":{"idx":820,"road":NaN,"cls":"tertiary","shops":0,"st_km":0.22,"mesh":"53395623"},"geometry":{"type":"LineString","coordinates":[[139.79753,35.77057],[139.79831,35.77034],[139.79918,35.77018]]}},{"type":"Feature","properties":{"idx":1249,"road":NaN,"cls":"tertiary","shops":3,"st_km":1.27,"mesh":"53395644"},"geometry":{"type":"LineString","coordinates":[[139.817,35.79127],[139.80273,35.79042]]}},{"type":"Feature","properties":{"idx":937,"road":NaN,"cls":"tertiary","shops":0,"st_km":0.74,"mesh":"53395624"},"geometry":{"type":"LineString","coordinates":[[139.80549,35.77725],[139.80556,35.77519],[139.80557,35.77271]]}},{"type":"Feature","properties":{"idx":804,"road":"平方東京線","cls":"secondary","shops":4,"st_km":0.54,"mesh":"53395635"},"geometry":{"type":"LineString","coordinates":[[139.82148,35.78179],[139.82145,35.77889],[139.82135,35.77808]]}},{"type":"Feature","properties":{"idx":217,"road":"大鷲通り","cls":"tertiary","shops":0,"st_km":1.41,"mesh":"53395655"},"geometry":{"type":"LineString","coordinates":[[139.82237,35.79442],[139.81995,35.79609],[139.81767,35.79895],[139.81754,35.79918],[139.81745,35.79951],[139.8175,35.80091]]}},{"type":"Feature","properties":{"idx":286,"road":"平方東京線","cls":"secondary","shops":0,"st_km":1.18,"mesh":"53395655"},"geometry":{"type":"LineString","coordinates":[[139.8233,35.7955],[139.82305,35.79522]]}},{"type":"Feature","properties":{"idx":1337,"road":NaN,"cls":"tertiary","shops":1,"st_km":0.8,"mesh":"53395624"},"geometry":{"type":"LineString","coordinates":[[139.80777,35.77109],[139.80808,35.77183],[139.80794,35.77281],[139.80798,35.77328],[139.8082,35.7743],[139.80823,35.77483]]}},{"type":"Feature","properties":{"idx":1365,"road":NaN,"cls":"tertiary","shops":18,"st_km":0.08,"mesh":"53395653"},"geometry":{"type":"LineString","coordinates":[[139.79157,35.79454],[139.79165,35.79444]]}},{"type":"Feature","properties":{"idx":90,"road":NaN,"cls":"tertiary","shops":0,"st_km":0.31,"mesh":"53395615"},"geometry":{"type":"LineString","coordinates":[[139.80918,35.76634],[139.80949,35.76621],[139.81257,35.76634],[139.81543,35.76656],[139.81695,35.76682]]}},{"type":"Feature","properties":{"idx":95,"road":"竹の塚センター通り","cls":"tertiary","shops":0,"st_km":0.44,"mesh":"53395633"},"geometry":{"type":"LineString","coordinates":[[139.79431,35.77842],[139.79423,35.78049],[139.79429,35.78088]]}},{"type":"Feature","properties":{"idx":685,"road":NaN,"cls":"tertiary","shops":0,"st_km":1.01,"mesh":"53395642"},"geometry":{"type":"LineString","coordinates":[[139.78194,35.79012],[139.78204,35.78737]]}},{"type":"Feature","properties":{"idx":534,"road":NaN,"cls":"tertiary","shops":0,"st_km":0.81,"mesh":"53395643"},"geometry":{"type":"LineString","coordinates":[[139.78909,35.78239],[139.78969,35.78667]]}},{"type":"Feature","properties":{"idx":118,"road":NaN,"cls":"tertiary","shops":0,"st_km":0.22,"mesh":"53395653"},"geometry":{"type":"LineString","coordinates":[[139.78784,35.79405],[139.7891,35.79301],[139.78918,35.79299]]}},{"type":"Feature","properties":{"idx":1154,"road":NaN,"cls":"tertiary","shops":15,"st_km":0.09,"mesh":"53395653"},"geometry":{"type":"LineString","coordinates":[[139.79153,35.79413],[139.79154,35.79401],[139.79169,35.79383]]}},{"type":"Feature","properties":{"idx":81,"road":"環七北通り","cls":"tertiary","shops":0,"st_km":0.6,"mesh":"53395633"},"geometry":{"type":"LineString","coordinates":[[139.78722,35.78244],[139.78909,35.78239]]}},{"type":"Feature","properties":{"idx":1037,"road":NaN,"cls":"tertiary","shops":1,"st_km":0.53,"mesh":"53395643"},"geometry":{"type":"LineString","coordinates":[[139.78969,35.78667],[139.78991,35.78813],[139.79123,35.79245]]}},{"type":"Feature","properties":{"idx":473,"road":NaN,"cls":"tertiary","shops":0,"st_km":0.96,"mesh":"53395643"},"geometry":{"type":"LineString","coordinates":[[139.79974,35.79053],[139.79976,35.78926]]}},{"type":"Feature","properties":{"idx":167,"road":"環七北通り","cls":"tertiary","shops":1,"st_km":0.45,"mesh":"53395631"},"geometry":{"type":"LineString","coordinates":[[139.77924,35.78262],[139.77013,35.78297]]}},{"type":"Feature","properties":{"idx":120,"road":"赤山街道","cls":"tertiary","shops":0,"st_km":0.21,"mesh":"53395653"},"geometry":{"type":"LineString","coordinates":[[139.79011,35.79381],[139.79208,35.79143],[139.79227,35.79133]]}},{"type":"Feature","properties":{"idx":2455,"road":NaN,"cls":"tertiary","shops":2,"st_km":0.45,"mesh":"53395624"},"geometry":{"type":"LineString","coordinates":[[139.80662,35.76656],[139.80587,35.76723],[139.80389,35.76851],[139.80362,35.76875]]}},{"type":"Feature","properties":{"idx":192,"road":NaN,"cls":"tertiary","shops":1,"st_km":0.14,"mesh":"53395653"},"geometry":{"type":"LineString","coordinates":[[139.7898,35.79419],[139.78961,35.79408],[139.78918,35.79299]]}},{"type":"Feature","properties":{"idx":260,"road":NaN,"cls":"tertiary","shops":2,"st_km":1.59,"mesh":"53395665"},"geometry":{"type":"LineString","coordinates":[[139.81484,35.80312],[139.81453,35.80334],[139.814,35.80355],[139.8126,35.80375],[139.81218,35.80369],[139.81152,35.80373],[139.81089,35.80397],[139.81032,35.804]]}},{"type":"Feature","properties":{"idx":255,"road":NaN,"cls":"tertiary","shops":2,"st_km":1.62,"mesh":"53395665"},"geometry":{"type":"LineString","coordinates":[[139.81059,35.80503],[139.81425,35.80462],[139.81476,35.80443],[139.81627,35.80355],[139.81755,35.8033]]}},{"type":"Feature","properties":{"idx":175,"road":NaN,"cls":"tertiary","shops":1,"st_km":1.57,"mesh":"53395664"},"geometry":{"type":"LineString","coordinates":[[139.80554,35.80246],[139.80702,35.80237],[139.80889,35.80237],[139.81014,35.80243],[139.81209,35.80217],[139.81384,35.80208]]}},{"type":"Feature","properties":{"idx":163,"road":NaN,"cls":"tertiary","shops":0,"st_km":0.64,"mesh":"53395674"},"geometry":{"type":"LineString","coordinates":[[139.79864,35.81042],[139.79881,35.81023],[139.80087,35.80852],[139.80167,35.80837]]}},{"type":"Feature","properties":{"idx":114,"road":NaN,"cls":"tertiary","shops":0,"st_km":1.83,"mesh":"53395665"},"geometry":{"type":"LineString","coordinates":[[139.82014,35.8062],[139.81934,35.80637],[139.81761,35.80642]]}},{"type":"Feature","properties":{"idx":139,"road":NaN,"cls":"tertiary","shops":0,"st_km":1.42,"mesh":"53395675"},"geometry":{"type":"LineString","coordinates":[[139.81538,35.81284],[139.81817,35.8112]]}},{"type":"Feature","properties":{"idx":600,"road":NaN,"cls":"tertiary","shops":1,"st_km":1.33,"mesh":"53395654"},"geometry":{"type":"LineString","coordinates":[[139.80444,35.79866],[139.80491,35.79745]]}},{"type":"Feature","properties":{"idx":598,"road":NaN,"cls":"tertiary","shops":1,"st_km":1.33,"mesh":"53395654"},"geometry":{"type":"LineString","coordinates":[[139.80491,35.79745],[139.8051,35.79702],[139.80556,35.79482]]}},{"type":"Feature","properties":{"idx":164,"road":NaN,"cls":"tertiary","shops":0,"st_km":0.98,"mesh":"53395663"},"geometry":{"type":"LineString","coordinates":[[139.79563,35.80764],[139.79548,35.80763],[139.79521,35.80746],[139.79507,35.8075]]}},{"type":"Feature","properties":{"idx":261,"road":"赤山街道","cls":"tertiary","shops":0,"st_km":0.89,"mesh":"53395662"},"geometry":{"type":"LineString","coordinates":[[139.77912,35.80576],[139.77958,35.80539],[139.78087,35.80452]]}},{"type":"Feature","properties":{"idx":412,"road":NaN,"cls":"tertiary","shops":4,"st_km":1.24,"mesh":"53395663"},"geometry":{"type":"LineString","coordinates":[[139.80158,35.80278],[139.79832,35.80294],[139.79759,35.80311]]}},{"type":"Feature","properties":{"idx":181,"road":NaN,"cls":"tertiary","shops":0,"st_km":0.86,"mesh":"53395663"},"geometry":{"type":"LineString","coordinates":[[139.79982,35.80941],[139.79909,35.80886],[139.79695,35.80699],[139.79588,35.80593]]}},{"type":"Feature","properties":{"idx":188,"road":NaN,"cls":"tertiary","shops":0,"st_km":0.49,"mesh":"53395674"},"geometry":{"type":"LineString","coordinates":[[139.80287,35.81244],[139.80527,35.81159],[139.80611,35.81112],[139.8058,35.81008]]}},{"type":"Feature","properties":{"idx":567,"road":NaN,"cls":"tertiary","shops":0,"st_km":0.54,"mesh":"53395673"},"geometry":{"type":"LineString","coordinates":[[139.79808,35.81093],[139.79824,35.81076]]}},{"type":"Feature","properties":{"idx":200,"road":NaN,"cls":"tertiary","shops":0,"st_km":0.83,"mesh":"53395664"},"geometry":{"type":"LineString","coordinates":[[139.80377,35.80667],[139.80376,35.8081],[139.80361,35.8086]]}},{"type":"Feature","properties":{"idx":492,"road":"谷塚中央通り","cls":"tertiary","shops":0,"st_km":0.69,"mesh":"53395673"},"geometry":{"type":"LineString","coordinates":[[139.79801,35.8144],[139.79826,35.81238],[139.79826,35.81175],[139.79808,35.81093],[139.79778,35.81029],[139.79744,35.8098],[139.79601,35.80817],[139.79376,35.80662],[139.793,35.80626]]}},{"type":"Feature","properties":{"idx":166,"road":NaN,"cls":"tertiary","shops":0,"st_km":0.96,"mesh":"53395663"},"geometry":{"type":"LineString","coordinates":[[139.79688,35.80693],[139.79607,35.80745]]}},{"type":"Feature","properties":{"idx":121,"road":NaN,"cls":"tertiary","shops":0,"st_km":1.51,"mesh":"53395664"},"geometry":{"type":"LineString","coordinates":[[139.80558,35.80266],[139.80546,35.8018],[139.80518,35.80122],[139.80499,35.80054]]}},{"type":"Feature","properties":{"idx":233,"road":NaN,"cls":"tertiary","shops":2,"st_km":1.8,"mesh":"53395665"},"geometry":{"type":"LineString","coordinates":[[139.81286,35.79845],[139.81291,35.80213],[139.81323,35.80474]]}},{"type":"Feature","properties":{"idx":375,"road":NaN,"cls":"tertiary","shops":2,"st_km":0.49,"mesh":"53395674"},"geometry":{"type":"LineString","coordinates":[[139.80964,35.81242],[139.80775,35.81261],[139.80573,35.81334],[139.80314,35.81335]]}},{"type":"Feature","properties":{"idx":1567,"road":NaN,"cls":"tertiary","shops":9,"st_km":0.08,"mesh":"53395674"},"geometry":{"type":"LineString","coordinates":[[139.80138,35.81395],[139.80148,35.81413],[139.80159,35.81416],[139.8017,35.8141],[139.80175,35.81393]]}},{"type":"Feature","properties":{"idx":148,"road":NaN,"cls":"tertiary","shops":0,"st_km":1.32,"mesh":"53395675"},"geometry":{"type":"LineString","coordinates":[[139.81583,35.81054],[139.81525,35.8128]]}},{"type":"Feature","properties":{"idx":593,"road":NaN,"cls":"tertiary","shops":2,"st_km":0.84,"mesh":"53395662"},"geometry":{"type":"LineString","coordinates":[[139.78418,35.80083],[139.78579,35.80116],[139.78639,35.80123],[139.78966,35.80138]]}},{"type":"Feature","properties":{"idx":180,"road":NaN,"cls":"tertiary","shops":0,"st_km":0.89,"mesh":"53395663"},"geometry":{"type":"LineString","coordinates":[[139.79428,35.80085],[139.79498,35.80106],[139.79605,35.80123],[139.79717,35.80157],[139.7975,35.80176]]}},{"type":"Feature","properties":{"idx":737,"road":NaN,"cls":"tertiary","shops":3,"st_km":1.84,"mesh":"53395654"},"geometry":{"type":"LineString","coordinates":[[139.80668,35.79887],[139.81366,35.79977]]}},{"type":"Feature","properties":{"idx":721,"road":NaN,"cls":"tertiary","shops":1,"st_km":1.37,"mesh":"53395644"},"geometry":{"type":"LineString","coordinates":[[139.80482,35.79255],[139.80505,35.79231],[139.80519,35.79194],[139.8054,35.78944]]}},{"type":"Feature","properties":{"idx":573,"road":NaN,"cls":"tertiary","shops":1,"st_km":0.46,"mesh":"53395662"},"geometry":{"type":"LineString","coordinates":[[139.77282,35.80535],[139.77564,35.80505],[139.77671,35.80523],[139.77758,35.8052]]}},{"type":"Feature","properties":{"idx":149,"road":NaN,"cls":"tertiary","shops":0,"st_km":0.32,"mesh":"53395671"},"geometry":{"type":"LineString","coordinates":[[139.7716,35.81248],[139.77243,35.81133]]}},{"type":"Feature","properties":{"idx":899,"road":NaN,"cls":"tertiary","shops":4,"st_km":0.08,"mesh":"53395694"},"geometry":{"type":"LineString","coordinates":[[139.80279,35.82865],[139.80278,35.82915]]}},{"type":"Feature","properties":{"idx":192,"road":"新砂子路橋通り","cls":"tertiary","shops":1,"st_km":0.68,"mesh":"53395661"},"geometry":{"type":"LineString","coordinates":[[139.76367,35.8056],[139.76336,35.80634],[139.76314,35.80726],[139.76309,35.80788],[139.76308,35.81041]]}},{"type":"Feature","properties":{"idx":2868,"road":NaN,"cls":"tertiary","shops":0,"st_km":0.76,"mesh":"53395683"},"geometry":{"type":"LineString","coordinates":[[139.79791,35.82528],[139.79765,35.82141]]}},{"type":"Feature","properties":{"idx":134,"road":NaN,"cls":"tertiary","shops":0,"st_km":1.59,"mesh":"53395680"},"geometry":{"type":"LineString","coordinates":[[139.74899,35.8234],[139.75612,35.81878]]}},{"type":"Feature","properties":{"idx":169,"road":NaN,"cls":"tertiary","shops":0,"st_km":0.74,"mesh":"53395681"},"geometry":{"type":"LineString","coordinates":[[139.7636,35.81746],[139.76301,35.81748]]}},{"type":"Feature","properties":{"idx":129,"road":NaN,"cls":"tertiary","shops":0,"st_km":0.47,"mesh":"53395671"},"geometry":{"type":"LineString","coordinates":[[139.77243,35.81133],[139.77313,35.81008]]}},{"type":"Feature","properties":{"idx":144,"road":NaN,"cls":"tertiary","shops":0,"st_km":1.47,"mesh":"53395680"},"geometry":{"type":"LineString","coordinates":[[139.75529,35.81793],[139.75439,35.81803],[139.75399,35.81814],[139.75362,35.81832],[139.75143,35.81988],[139.74885,35.82199],[139.74873,35.82205]]}},{"type":"Feature","properties":{"idx":851,"road":NaN,"cls":"tertiary","shops":4,"st_km":0.14,"mesh":"53395694"},"geometry":{"type":"LineString","coordinates":[[139.8026,35.82846],[139.80133,35.82851]]}},{"type":"Feature","properties":{"idx":160,"road":"舎人公園北通り","cls":"tertiary","shops":0,"st_km":0.44,"mesh":"53395661"},"geometry":{"type":"LineString","coordinates":[[139.77011,35.80176],[139.77025,35.80174]]}},{"type":"Feature","properties":{"idx":167,"road":NaN,"cls":"tertiary","shops":0,"st_km":1.23,"mesh":"53395680"},"geometry":{"type":"LineString","coordinates":[[139.75616,35.81882],[139.75629,35.81877],[139.75983,35.81849]]}},{"type":"Feature","properties":{"idx":173,"road":"新郷スポーツセンター通り","cls":"tertiary","shops":0,"st_km":0.72,"mesh":"53395681"},"geometry":{"type":"LineString","coordinates":[[139.7636,35.81746],[139.76369,35.81759]]}},{"type":"Feature","properties":{"idx":817,"road":NaN,"cls":"tertiary","shops":0,"st_km":0.44,"mesh":"53395693"},"geometry":{"type":"LineString","coordinates":[[139.79971,35.83282],[139.79934,35.82859]]}},{"type":"Feature","properties":{"idx":177,"road":NaN,"cls":"tertiary","shops":0,"st_km":2.11,"mesh":"53395690"},"geometry":{"type":"LineString","coordinates":[[139.75717,35.83438],[139.75807,35.83391],[139.75932,35.83294],[139.75938,35.83279],[139.75939,35.83255],[139.75924,35.83188],[139.75928,35.83181],[139.75986,35.83168],[139.76077,35.83137],[139.76144,35.83129]]}},{"type":"Feature","properties":{"idx":203,"road":NaN,"cls":"tertiary","shops":0,"st_km":0.97,"mesh":"53395680"},"geometry":{"type":"LineString","coordinates":[[139.76104,35.81749],[139.76105,35.81941]]}},{"type":"Feature","properties":{"idx":413,"road":"入谷大橋通り","cls":"tertiary","shops":5,"st_km":0.57,"mesh":"53395671"},"geometry":{"type":"LineString","coordinates":[[139.76791,35.81052],[139.76657,35.81062],[139.76573,35.81062]]}},{"type":"Feature","properties":{"idx":651,"road":"保健所通り","cls":"tertiary","shops":0,"st_km":0.68,"mesh":"53395693"},"geometry":{"type":"LineString","coordinates":[[139.7963,35.83255],[139.79591,35.82667]]}},{"type":"Feature","properties":{"idx":136,"road":NaN,"cls":"tertiary","shops":0,"st_km":0.41,"mesh":"53395671"},"geometry":{"type":"LineString","coordinates":[[139.77099,35.81222],[139.77175,35.8096]]}},{"type":"Feature","properties":{"idx":3280,"road":NaN,"cls":"tertiary","shops":19,"st_km":0.05,"mesh":"53395694"},"geometry":{"type":"LineString","coordinates":[[139.80302,35.82866],[139.80306,35.82858]]}},{"type":"Feature","properties":{"idx":217,"road":NaN,"cls":"tertiary","shops":0,"st_km":0.89,"mesh":"53395680"},"geometry":{"type":"LineString","coordinates":[[139.76225,35.81947],[139.76185,35.81748]]}},{"type":"Feature","properties":{"idx":354,"road":"赤山街道","cls":"tertiary","shops":2,"st_km":0.34,"mesh":"53395661"},"geometry":{"type":"LineString","coordinates":[[139.77495,35.80722],[139.77227,35.80816],[139.77016,35.80918]]}},{"type":"Feature","properties":{"idx":354,"road":"峯八幡坂通り","cls":"tertiary","shops":0,"st_km":1.98,"mesh":"53395691"},"geometry":{"type":"LineString","coordinates":[[139.76872,35.82894],[139.76867,35.82958],[139.76867,35.83338],[139.7685,35.83398],[139.76777,35.83577]]}},{"type":"Feature","properties":{"idx":250,"road":NaN,"cls":"tertiary","shops":0,"st_km":1.55,"mesh":"53395670"},"geometry":{"type":"LineString","coordinates":[[139.75269,35.81308],[139.75495,35.81115],[139.75509,35.8111]]}},{"type":"Feature","properties":{"idx":160,"road":NaN,"cls":"tertiary","shops":0,"st_km":1.29,"mesh":"53395660"},"geometry":{"type":"LineString","coordinates":[[139.7584,35.80306],[139.75338,35.80806]]}},{"type":"Feature","properties":{"idx":432,"road":NaN,"cls":"tertiary","shops":0,"st_km":0.77,"mesh":"53395670"},"geometry":{"type":"LineString","coordinates":[[139.76168,35.80855],[139.76308,35.80865]]}},{"type":"Feature","properties":{"idx":217,"road":"鳩ヶ谷街道","cls":"secondary","shops":0,"st_km":1.02,"mesh":"53395660"},"geometry":{"type":"LineString","coordinates":[[139.75901,35.8062],[139.75897,35.80611],[139.75881,35.80605],[139.75859,35.80619]]}},{"type":"Feature","properties":{"idx":117,"road":NaN,"cls":"tertiary","shops":0,"st_km":0.58,"mesh":"53395671"},"geometry":{"type":"LineString","coordinates":[[139.76637,35.81277],[139.76307,35.81274]]}},{"type":"Feature","properties":{"idx":43,"road":"舎人公園通り","cls":"tertiary","shops":0,"st_km":0.59,"mesh":"53395651"},"geometry":{"type":"LineString","coordinates":[[139.76564,35.79603],[139.7617,35.79605]]}},{"type":"Feature","properties":{"idx":140,"road":NaN,"cls":"tertiary","shops":0,"st_km":1.5,"mesh":"53395660"},"geometry":{"type":"LineString","coordinates":[[139.75315,35.80186],[139.75485,35.80294],[139.7528,35.80497],[139.75164,35.80559],[139.75152,35.80575],[139.75075,35.80623],[139.75061,35.80641]]}},{"type":"Feature","properties":{"idx":155,"road":NaN,"cls":"tertiary","shops":0,"st_km":1.34,"mesh":"53395660"},"geometry":{"type":"LineString","coordinates":[[139.7544,35.8086],[139.7566,35.80641]]}},{"type":"Feature","properties":{"idx":218,"road":NaN,"cls":"tertiary","shops":0,"st_km":0.87,"mesh":"53395660"},"geometry":{"type":"LineString","coordinates":[[139.76186,35.80704],[139.7609,35.80667],[139.75922,35.80645]]}},{"type":"Feature","properties":{"idx":221,"road":NaN,"cls":"tertiary","shops":0,"st_km":0.8,"mesh":"53395650"},"geometry":{"type":"LineString","coordinates":[[139.76105,35.79907],[139.76259,35.79935]]}},{"type":"Feature","properties":{"idx":277,"road":NaN,"cls":"tertiary","shops":0,"st_km":1.39,"mesh":"53395670"},"geometry":{"type":"LineString","coordinates":[[139.75011,35.81255],[139.75119,35.81164]]}},{"type":"Feature","properties":{"idx":402,"road":NaN,"cls":"tertiary","shops":0,"st_km":0.85,"mesh":"53395670"},"geometry":{"type":"LineString","coordinates":[[139.76121,35.81254],[139.76186,35.80704],[139.76336,35.80634]]}},{"type":"Feature","properties":{"idx":41,"road":NaN,"cls":"tertiary","shops":0,"st_km":0.65,"mesh":"53395651"},"geometry":{"type":"LineString","coordinates":[[139.76348,35.79604],[139.76346,35.79624],[139.76259,35.79935]]}},{"type":"Feature","properties":{"idx":219,"road":NaN,"cls":"tertiary","shops":0,"st_km":1.65,"mesh":"53395690"},"geometry":{"type":"LineString","coordinates":[[139.75518,35.82904],[139.75441,35.82847],[139.75338,35.82745],[139.75309,35.82725]]}},{"type":"Feature","properties":{"idx":843,"road":NaN,"cls":"tertiary","shops":1,"st_km":0.55,"mesh":"53395673"},"geometry":{"type":"LineString","coordinates":[[139.79824,35.81076],[139.79864,35.81042]]}},{"type":"Feature","properties":{"idx":474,"road":NaN,"cls":"tertiary","shops":0,"st_km":0.73,"mesh":"53395673"},"geometry":{"type":"LineString","coordinates":[[139.79774,35.80918],[139.79867,35.80849]]}},{"type":"Feature","properties":{"idx":167,"road":NaN,"cls":"tertiary","shops":0,"st_km":0.96,"mesh":"53395663"},"geometry":{"type":"LineString","coordinates":[[139.79607,35.80745],[139.79563,35.80764]]}},{"type":"Feature","properties":{"idx":139,"road":"新荒川堤防線","cls":"secondary","shops":0,"st_km":0.24,"mesh":"53395601"},"geometry":{"type":"LineString","coordinates":[[139.77426,35.75486],[139.77288,35.75497],[139.7714,35.75517]]}},{"type":"Feature","properties":{"idx":154,"road":"さいたま草加線","cls":"primary","shops":0,"st_km":1.74,"mesh":"53395680"},"geometry":{"type":"LineString","coordinates":[[139.75083,35.82588],[139.75323,35.8242],[139.75385,35.82389],[139.75469,35.82364],[139.75528,35.82358],[139.7559,35.82361],[139.75979,35.82439]]}},{"type":"Feature","properties":{"idx":134,"road":NaN,"cls":"tertiary","shops":0,"st_km":1.59,"mesh":"53395680"},"geometry":{"type":"LineString","coordinates":[[139.75079,35.81676],[139.75175,35.81729],[139.75646,35.82207],[139.75806,35.82319]]}},{"type":"Feature","properties":{"idx":234,"road":NaN,"cls":"tertiary","shops":0,"st_km":1.53,"mesh":"53395690"},"geometry":{"type":"LineString","coordinates":[[139.74968,35.83421],[139.7502,35.83421],[139.75252,35.83313],[139.75303,35.8321],[139.75373,35.83138],[139.75392,35.83108],[139.7543,35.83016],[139.75518,35.82904]]}},{"type":"Feature","properties":{"idx":143,"road":NaN,"cls":"tertiary","shops":0,"st_km":1.47,"mesh":"53395680"},"geometry":{"type":"LineString","coordinates":[[139.75998,35.82304],[139.75968,35.82298],[139.75806,35.82319],[139.7577,35.82433]]}},{"type":"Feature","properties":{"idx":141,"road":NaN,"cls":"tertiary","shops":0,"st_km":1.5,"mesh":"53395680"},"geometry":{"type":"LineString","coordinates":[[139.75469,35.82364],[139.75473,35.82354],[139.75881,35.82004]]}},{"type":"Feature","properties":{"idx":142,"road":NaN,"cls":"tertiary","shops":0,"st_km":1.49,"mesh":"53395680"},"geometry":{"type":"LineString","coordinates":[[139.74756,35.81725],[139.74873,35.81744],[139.74983,35.81823],[139.75202,35.81945],[139.75545,35.82293]]}},{"type":"Feature","properties":{"idx":194,"road":NaN,"cls":"tertiary","shops":0,"st_km":1.86,"mesh":"53395690"},"geometry":{"type":"LineString","coordinates":[[139.7533,35.82738],[139.754,35.82697],[139.75433,35.82692],[139.75484,35.82694],[139.7554,35.82686],[139.75705,35.82605],[139.75746,35.82554],[139.75744,35.82519],[139.75767,35.82445]]}},{"type":"Feature","properties":{"idx":177,"road":NaN,"cls":"tertiary","shops":0,"st_km":1.15,"mesh":"53395680"},"geometry":{"type":"LineString","coordinates":[[139.76097,35.81951],[139.761,35.82058],[139.76093,35.8232]]}},{"type":"Feature","properties":{"idx":133,"road":NaN,"cls":"tertiary","shops":0,"st_km":1.62,"mesh":"53395680"},"geometry":{"type":"LineString","coordinates":[[139.75454,35.82202],[139.75105,35.82428],[139.74901,35.8253]]}},{"type":"Feature","properties":{"idx":281,"road":NaN,"cls":"tertiary","shops":0,"st_km":1.36,"mesh":"53395670"},"geometry":{"type":"LineString","coordinates":[[139.75731,35.81574],[139.75677,35.81556],[139.75567,35.81553],[139.75453,35.81571],[139.75414,35.81594]]}},{"type":"Feature","properties":{"idx":167,"road":NaN,"cls":"tertiary","shops":0,"st_km":1.23,"mesh":"53395680"},"geometry":{"type":"LineString","coordinates":[[139.75735,35.81404],[139.75729,35.81658],[139.75772,35.81951]]}},{"type":"Feature","properties":{"idx":262,"road":"栗原立体交差","cls":"tertiary","shops":1,"st_km":0.58,"mesh":"53395632"},"geometry":{"type":"LineString","coordinates":[[139.78544,35.7825],[139.78722,35.78244]]}},{"type":"Feature","properties":{"idx":192,"road":"環七北通り","cls":"tertiary","shops":0,"st_km":0.48,"mesh":"53395632"},"geometry":{"type":"LineString","coordinates":[[139.78371,35.78252],[139.7838,35.78255],[139.78544,35.7825]]}},{"type":"Feature","properties":{"idx":55,"road":NaN,"cls":"tertiary","shops":0,"st_km":0.33,"mesh":"53395651"},"geometry":{"type":"LineString","coordinates":[[139.76521,35.79603],[139.76522,35.79593],[139.76528,35.79586],[139.76938,35.79371]]}},{"type":"Feature","properties":{"idx":1217,"road":NaN,"cls":"tertiary","shops":1,"st_km":0.81,"mesh":"53395642"},"geometry":{"type":"LineString","coordinates":[[139.78264,35.79475],[139.78315,35.79409],[139.78307,35.79386],[139.78273,35.79366],[139.78261,35.79347],[139.78266,35.79284],[139.78307,35.79185],[139.78295,35.7913],[139.78305,35.79077],[139.78319,35.79046],[139.78328,35.79036],[139.78326,35.78947],[139.78315,35.78875],[139.78406,35.78787],[139.784,35.7869],[139.78372,35.78625]]}},{"type":"Feature","properties":{"idx":104,"road":NaN,"cls":"primary_link","shops":0,"st_km":0.35,"mesh":"53395601"},"geometry":{"type":"LineString","coordinates":[[139.77006,35.75224],[139.7701,35.75208],[139.77003,35.75128],[139.76987,35.7505]]}},{"type":"Feature","properties":{"idx":231,"road":NaN,"cls":"tertiary","shops":0,"st_km":0.74,"mesh":"53395616"},"geometry":{"type":"LineString","coordinates":[[139.83197,35.76452],[139.83228,35.76503],[139.83235,35.76531],[139.83236,35.76565]]}},{"type":"Feature","properties":{"idx":174,"road":NaN,"cls":"pedestrian","shops":0,"st_km":2.39,"mesh":"53395649"},"geometry":{"type":"LineString","coordinates":[[139.87008,35.79108],[139.87031,35.79104]]}},{"type":"Feature","properties":{"idx":221,"road":NaN,"cls":"pedestrian","shops":0,"st_km":2.03,"mesh":"53395658"},"geometry":{"type":"LineString","coordinates":[[139.8597,35.79446],[139.86044,35.79452],[139.86069,35.7946]]}},{"type":"Feature","properties":{"idx":218,"road":NaN,"cls":"pedestrian","shops":0,"st_km":2.59,"mesh":"53395659"},"geometry":{"type":"LineString","coordinates":[[139.86794,35.79377],[139.86797,35.79438]]}},{"type":"Feature","properties":{"idx":247,"road":"水元大橋","cls":"pedestrian","shops":0,"st_km":1.6,"mesh":"53395649"},"geometry":{"type":"LineString","coordinates":[[139.8707,35.78349],[139.87002,35.78435]]}},{"type":"Feature","properties":{"idx":221,"road":NaN,"cls":"pedestrian","shops":0,"st_km":1.8,"mesh":"53395649"},"geometry":{"type":"LineString","coordinates":[[139.86997,35.78622],[139.86896,35.78613],[139.8689,35.78607],[139.8692,35.78525],[139.8693,35.78458],[139.86928,35.7845],[139.86921,35.78448]]}},{"type":"Feature","properties":{"idx":196,"road":NaN,"cls":"pedestrian","shops":0,"st_km":2.06,"mesh":"53395649"},"geometry":{"type":"LineString","coordinates":[[139.87043,35.7881],[139.86972,35.78813]]}},{"type":"Feature","properties":{"idx":195,"road":NaN,"cls":"pedestrian","shops":0,"st_km":2.07,"mesh":"53395649"},"geometry":{"type":"LineString","coordinates":[[139.86838,35.78817],[139.86972,35.78813]]}},{"type":"Feature","properties":{"idx":172,"road":NaN,"cls":"pedestrian","shops":0,"st_km":2.43,"mesh":"53395649"},"geometry":{"type":"LineString","coordinates":[[139.87228,35.79095],[139.87147,35.79181]]}},{"type":"Feature","properties":{"idx":171,"road":NaN,"cls":"pedestrian","shops":0,"st_km":2.44,"mesh":"53395649"},"geometry":{"type":"LineString","coordinates":[[139.87245,35.79106],[139.87164,35.79192]]}},{"type":"Feature","properties":{"idx":337,"road":NaN,"cls":"pedestrian","shops":1,"st_km":2.51,"mesh":"53395659"},"geometry":{"type":"LineString","coordinates":[[139.86558,35.79445],[139.86861,35.79117],[139.86872,35.79094],[139.86873,35.79061],[139.86974,35.79062],[139.86981,35.79092],[139.87007,35.79103]]}},{"type":"Feature","properties":{"idx":151,"road":"新荒川堤防線","cls":"secondary","shops":0,"st_km":0.66,"mesh":"53395605"},"geometry":{"type":"LineString","coordinates":[[139.80933,35.75379],[139.8101,35.75331],[139.81041,35.75305],[139.81147,35.75204],[139.81255,35.75088],[139.81368,35.74954],[139.81492,35.74791],[139.81527,35.74739],[139.81545,35.74688]]}},{"type":"Feature","properties":{"idx":240,"road":NaN,"cls":"tertiary","shops":1,"st_km":1.44,"mesh":"53395656"},"geometry":{"type":"LineString","coordinates":[[139.8285,35.79147],[139.84034,35.79406]]}},{"type":"Feature","properties":{"idx":942,"road":NaN,"cls":"tertiary","shops":3,"st_km":1.22,"mesh":"53395646"},"geometry":{"type":"LineString","coordinates":[[139.82807,35.78988],[139.8286,35.78985],[139.83808,35.79193]]}},{"type":"Feature","properties":{"idx":144,"road":NaN,"cls":"tertiary","shops":0,"st_km":1.65,"mesh":"53395647"},"geometry":{"type":"LineString","coordinates":[[139.83868,35.79012],[139.83808,35.79193]]}},{"type":"Feature","properties":{"idx":149,"road":NaN,"cls":"tertiary","shops":0,"st_km":1.14,"mesh":"53395637"},"geometry":{"type":"LineString","coordinates":[[139.84472,35.78085],[139.84287,35.78066]]}},{"type":"Feature","properties":{"idx":401,"road":NaN,"cls":"tertiary","shops":0,"st_km":1.15,"mesh":"53395646"},"geometry":{"type":"LineString","coordinates":[[139.83344,35.78679],[139.83566,35.78728]]}},{"type":"Feature","properties":{"idx":329,"road":NaN,"cls":"tertiary","shops":2,"st_km":1.43,"mesh":"53395647"},"geometry":{"type":"LineString","coordinates":[[139.84169,35.78721],[139.84164,35.78721]]}},{"type":"Feature","properties":{"idx":714,"road":NaN,"cls":"tertiary","shops":1,"st_km":0.93,"mesh":"53395646"},"geometry":{"type":"LineString","coordinates":[[139.83566,35.78728],[139.83653,35.78468],[139.83697,35.78154]]}},{"type":"Feature","properties":{"idx":139,"road":NaN,"cls":"tertiary","shops":0,"st_km":1.72,"mesh":"53395647"},"geometry":{"type":"LineString","coordinates":[[139.84102,35.79063],[139.84094,35.79062]]}},{"type":"Feature","properties":{"idx":527,"road":NaN,"cls":"tertiary","shops":3,"st_km":0.59,"mesh":"53395614"},"geometry":{"type":"LineString","coordinates":[[139.8034,35.76405],[139.80351,35.76404],[139.80365,35.76413]]}},{"type":"Feature","properties":{"idx":101,"road":NaN,"cls":"tertiary","shops":0,"st_km":0.35,"mesh":"53395636"},"geometry":{"type":"LineString","coordinates":[[139.83687,35.77699],[139.83677,35.77658],[139.83659,35.77629],[139.83642,35.77612],[139.8361,35.77592],[139.83507,35.77561],[139.83364,35.77556]]}},{"type":"Feature","properties":{"idx":231,"road":NaN,"cls":"tertiary","shops":0,"st_km":0.62,"mesh":"53395637"},"geometry":{"type":"LineString","coordinates":[[139.83666,35.7797],[139.83956,35.77952]]}},{"type":"Feature","properties":{"idx":90,"road":NaN,"cls":"primary_link","shops":0,"st_km":0.72,"mesh":"53395605"},"geometry":{"type":"LineString","coordinates":[[139.81678,35.75433],[139.81736,35.75418],[139.81795,35.75416],[139.81938,35.75423],[139.81964,35.75427],[139.81998,35.75441]]}},{"type":"Feature","properties":{"idx":656,"road":NaN,"cls":"tertiary","shops":1,"st_km":0.48,"mesh":"53395606"},"geometry":{"type":"LineString","coordinates":[[139.82377,35.75805],[139.82724,35.75815],[139.8286,35.75781]]}},{"type":"Feature","properties":{"idx":456,"road":NaN,"cls":"tertiary","shops":1,"st_km":0.48,"mesh":"53395641"},"geometry":{"type":"LineString","coordinates":[[139.76752,35.78875],[139.76213,35.78918]]}},{"type":"Feature","properties":{"idx":50,"road":NaN,"cls":"tertiary","shops":0,"st_km":0.46,"mesh":"53395651"},"geometry":{"type":"LineString","coordinates":[[139.77019,35.79297],[139.77107,35.79294],[139.77199,35.79243],[139.77207,35.79229],[139.77207,35.79159]]}},{"type":"Feature","properties":{"idx":133,"road":NaN,"cls":"tertiary","shops":0,"st_km":1.52,"mesh":"53395650"},"geometry":{"type":"LineString","coordinates":[[139.75724,35.79732],[139.75211,35.79352],[139.74968,35.79183]]}},{"type":"Feature","properties":{"idx":121,"road":NaN,"cls":"tertiary","shops":0,"st_km":1.7,"mesh":"53395650"},"geometry":{"type":"LineString","coordinates":[[139.7532,35.79432],[139.74953,35.79803]]}},{"type":"Feature","properties":{"idx":200,"road":NaN,"cls":"tertiary","shops":0,"st_km":1.48,"mesh":"53395630"},"geometry":{"type":"LineString","coordinates":[[139.75181,35.77687],[139.75675,35.77538]]}},{"type":"Feature","properties":{"idx":179,"road":NaN,"cls":"tertiary","shops":0,"st_km":1.67,"mesh":"53395630"},"geometry":{"type":"LineString","coordinates":[[139.75181,35.77687],[139.75168,35.77688],[139.75142,35.77704],[139.75108,35.77742],[139.75095,35.77769],[139.7509,35.77791],[139.75094,35.77859]]}},{"type":"Feature","properties":{"idx":122,"road":NaN,"cls":"tertiary","shops":0,"st_km":2.02,"mesh":"53395669"},"geometry":{"type":"LineString","coordinates":[[139.86665,35.80465],[139.86659,35.80454],[139.86624,35.80228],[139.86608,35.80169]]}},{"type":"Feature","properties":{"idx":108,"road":NaN,"cls":"tertiary","shops":0,"st_km":2.37,"mesh":"53395669"},"geometry":{"type":"LineString","coordinates":[[139.86952,35.80036],[139.86984,35.80128],[139.87006,35.80276]]}},{"type":"Feature","properties":{"idx":152,"road":NaN,"cls":"tertiary","shops":0,"st_km":2.77,"mesh":"53395659"},"geometry":{"type":"LineString","coordinates":[[139.87321,35.79823],[139.87339,35.79888],[139.87375,35.79942]]}},{"type":"Feature","properties":{"idx":342,"road":NaN,"cls":"tertiary","shops":2,"st_km":1.76,"mesh":"53395668"},"geometry":{"type":"LineString","coordinates":[[139.86198,35.7991],[139.8621,35.79927],[139.8621,35.79947],[139.86231,35.80087],[139.8623,35.80128],[139.86242,35.80162],[139.86263,35.80299]]}},{"type":"Feature","properties":{"idx":217,"road":NaN,"cls":"primary_link","shops":0,"st_km":0.29,"mesh":"53395632"},"geometry":{"type":"LineString","coordinates":[[139.78619,35.77823],[139.78647,35.77828],[139.7887,35.7784]]}},{"type":"Feature","properties":{"idx":191,"road":NaN,"cls":"secondary_link","shops":2,"st_km":1.49,"mesh":"53395613"},"geometry":{"type":"LineString","coordinates":[[139.7886,35.7609],[139.78787,35.76217],[139.78789,35.76232]]}},{"type":"Feature","properties":{"idx":211,"road":NaN,"cls":"primary_link","shops":0,"st_km":0.32,"mesh":"53395632"},"geometry":{"type":"LineString","coordinates":[[139.7877,35.77816],[139.78627,35.77814]]}},{"type":"Feature","properties":{"idx":213,"road":NaN,"cls":"tertiary","shops":0,"st_km":1.06,"mesh":"53395640"},"geometry":{"type":"LineString","coordinates":[[139.759,35.78531],[139.75913,35.78652],[139.75826,35.78866],[139.75761,35.7897],[139.75642,35.79099]]}},{"type":"Feature","properties":{"idx":398,"road":"足立川口線","cls":"secondary","shops":0,"st_km":1.03,"mesh":"53395670"},"geometry":{"type":"LineString","coordinates":[[139.75864,35.81005],[139.75958,35.8152],[139.75982,35.8175]]}},{"type":"Feature","properties":{"idx":254,"road":NaN,"cls":"tertiary","shops":0,"st_km":1.4,"mesh":"53395690"},"geometry":{"type":"LineString","coordinates":[[139.75139,35.83366],[139.75141,35.83284],[139.75135,35.8325]]}},{"type":"Feature","properties":{"idx":125,"road":NaN,"cls":"tertiary","shops":0,"st_km":1.12,"mesh":"53395681"},"geometry":{"type":"LineString","coordinates":[[139.76405,35.82394],[139.76415,35.82335],[139.76413,35.82297],[139.76404,35.82281],[139.76383,35.82264],[139.76373,35.82243]]}},{"type":"Feature","properties":{"idx":418,"road":"松戸草加線","cls":"primary","shops":1,"st_km":1.2,"mesh":"53395688"},"geometry":{"type":"LineString","coordinates":[[139.85464,35.81505],[139.85324,35.81608],[139.85186,35.81694],[139.85063,35.81755],[139.84902,35.81818]]}},{"type":"Feature","properties":{"idx":105,"road":NaN,"cls":"tertiary","shops":0,"st_km":0.61,"mesh":"53395677"},"geometry":{"type":"LineString","coordinates":[[139.84854,35.81253],[139.84985,35.81123]]}},{"type":"Feature","properties":{"idx":89,"road":NaN,"cls":"tertiary","shops":0,"st_km":0.79,"mesh":"53395677"},"geometry":{"type":"LineString","coordinates":[[139.84607,35.81479],[139.84689,35.81468]]}},{"type":"Feature","properties":{"idx":153,"road":NaN,"cls":"tertiary","shops":0,"st_km":1.82,"mesh":"53395688"},"geometry":{"type":"LineString","coordinates":[[139.85689,35.82181],[139.85484,35.82221],[139.85313,35.82269],[139.8523,35.82299],[139.85082,35.82364],[139.84897,35.8246],[139.84778,35.82539]]}},{"type":"Feature","properties":{"idx":220,"road":NaN,"cls":"tertiary","shops":0,"st_km":2.24,"mesh":"53395696"},"geometry":{"type":"LineString","coordinates":[[139.82809,35.82966],[139.82823,35.82969]]}},{"type":"Feature","properties":{"idx":144,"road":"資料館・タブノキ通り","cls":"tertiary","shops":0,"st_km":1.72,"mesh":"53395685"},"geometry":{"type":"LineString","coordinates":[[139.81774,35.82749],[139.81847,35.82668],[139.81968,35.82584],[139.82008,35.8255],[139.82029,35.82521],[139.82126,35.82351],[139.82147,35.82291],[139.82148,35.82263],[139.82144,35.82238],[139.82109,35.82167],[139.8211,35.82123],[139.82119,35.821],[139.8219,35.81971],[139.82223,35.81952],[139.82302,35.81931],[139.82317,35.81914],[139.82329,35.81868]]}},{"type":"Feature","properties":{"idx":213,"road":NaN,"cls":"tertiary","shops":0,"st_km":2.33,"mesh":"53395696"},"geometry":{"type":"LineString","coordinates":[[139.82823,35.82969],[139.82852,35.82978],[139.8295,35.8304],[139.82995,35.83049],[139.83017,35.83059]]}},{"type":"Feature","properties":{"idx":136,"road":NaN,"cls":"tertiary","shops":0,"st_km":0.9,"mesh":"53395694"},"geometry":{"type":"LineString","coordinates":[[139.81572,35.82802],[139.81568,35.82822],[139.81486,35.82883],[139.81374,35.8299],[139.81334,35.83035],[139.81272,35.83115],[139.81233,35.83182],[139.81209,35.83233],[139.81177,35.83316],[139.81157,35.83401],[139.81161,35.83445],[139.81177,35.83471],[139.81202,35.8349],[139.81257,35.8352],[139.81339,35.83555],[139.81372,35.83554],[139.81547,35.83526]]}},{"type":"Feature","properties":{"idx":227,"road":NaN,"cls":"tertiary","shops":0,"st_km":2.15,"mesh":"53395696"},"geometry":{"type":"LineString","coordinates":[[139.82741,35.82892],[139.82656,35.82877],[139.8265,35.8287],[139.82637,35.82821],[139.82566,35.82809],[139.82555,35.82768],[139.82629,35.82675],[139.82689,35.82697],[139.82697,35.82691],[139.82719,35.82642],[139.82726,35.82637],[139.82763,35.82621],[139.82827,35.82626],[139.82835,35.82631],[139.82837,35.8264],[139.82823,35.82729],[139.82814,35.82738],[139.82768,35.82762],[139.82761,35.82824],[139.82721,35.82947]]}},{"type":"Feature","properties":{"idx":204,"road":NaN,"cls":"tertiary","shops":0,"st_km":1.51,"mesh":"53395695"},"geometry":{"type":"LineString","coordinates":[[139.81774,35.82749],[139.81928,35.82801],[139.81949,35.82804],[139.82017,35.82803],[139.82067,35.82819],[139.82258,35.82852]]}},{"type":"Feature","properties":{"idx":82,"road":NaN,"cls":"tertiary","shops":0,"st_km":1.74,"mesh":"53395687"},"geometry":{"type":"LineString","coordinates":[[139.84562,35.8234],[139.84556,35.8234]]}},{"type":"Feature","properties":{"idx":91,"road":"潮止通り","cls":"tertiary","shops":0,"st_km":1.56,"mesh":"53395687"},"geometry":{"type":"LineString","coordinates":[[139.84374,35.82055],[139.848,35.82289],[139.84822,35.82308]]}},{"type":"Feature","properties":{"idx":93,"road":NaN,"cls":"tertiary","shops":0,"st_km":1.52,"mesh":"53395687"},"geometry":{"type":"LineString","coordinates":[[139.83969,35.82022],[139.84002,35.82147]]}},{"type":"Feature","properties":{"idx":132,"road":"市役所通り","cls":"tertiary","shops":0,"st_km":0.37,"mesh":"53395677"},"geometry":{"type":"LineString","coordinates":[[139.84148,35.80945],[139.84113,35.80979]]}},{"type":"Feature","properties":{"idx":109,"road":NaN,"cls":"tertiary","shops":0,"st_km":0.57,"mesh":"53395677"},"geometry":{"type":"LineString","coordinates":[[139.83643,35.80978],[139.84218,35.81077]]}},{"type":"Feature","properties":{"idx":234,"road":"いちょう通り","cls":"tertiary","shops":0,"st_km":1.06,"mesh":"53395676"},"geometry":{"type":"LineString","coordinates":[[139.83572,35.81197],[139.83236,35.8114]]}},{"type":"Feature","properties":{"idx":106,"road":NaN,"cls":"tertiary","shops":0,"st_km":1.32,"mesh":"53395687"},"geometry":{"type":"LineString","coordinates":[[139.8408,35.81937],[139.83879,35.81847]]}},{"type":"Feature","properties":{"idx":297,"road":NaN,"cls":"tertiary","shops":0,"st_km":0.77,"mesh":"53395676"},"geometry":{"type":"LineString","coordinates":[[139.83559,35.80849],[139.83683,35.80854]]}},{"type":"Feature","properties":{"idx":146,"road":NaN,"cls":"tertiary","shops":0,"st_km":1.6,"mesh":"53395656"},"geometry":{"type":"LineString","coordinates":[[139.82981,35.7956],[139.82829,35.80023]]}},{"type":"Feature","properties":{"idx":271,"road":"三郷八潮東西線","cls":"tertiary","shops":0,"st_km":1.01,"mesh":"53395666"},"geometry":{"type":"LineString","coordinates":[[139.84001,35.80173],[139.83728,35.80133],[139.83377,35.80063]]}},{"type":"Feature","properties":{"idx":112,"road":NaN,"cls":"tertiary","shops":0,"st_km":1.89,"mesh":"53395665"},"geometry":{"type":"LineString","coordinates":[[139.82726,35.80292],[139.82202,35.80287]]}},{"type":"Feature","properties":{"idx":186,"road":NaN,"cls":"tertiary","shops":0,"st_km":1.55,"mesh":"53395666"},"geometry":{"type":"LineString","coordinates":[[139.82726,35.80292],[139.82976,35.80344]]}},{"type":"Feature","properties":{"idx":193,"road":NaN,"cls":"tertiary","shops":0,"st_km":1.61,"mesh":"53395655"},"geometry":{"type":"LineString","coordinates":[[139.82222,35.79909],[139.82632,35.79913]]}},{"type":"Feature","properties":{"idx":141,"road":NaN,"cls":"tertiary","shops":0,"st_km":1.66,"mesh":"53395656"},"geometry":{"type":"LineString","coordinates":[[139.82734,35.79915],[139.82633,35.79915]]}},{"type":"Feature","properties":{"idx":419,"road":NaN,"cls":"tertiary","shops":0,"st_km":0.77,"mesh":"53395608"},"geometry":{"type":"LineString","coordinates":[[139.856,35.75294],[139.85567,35.75282],[139.85526,35.75275]]}},{"type":"Feature","properties":{"idx":641,"road":NaN,"cls":"tertiary","shops":2,"st_km":1.15,"mesh":"53395607"},"geometry":{"type":"LineString","coordinates":[[139.84765,35.75901],[139.85105,35.75349]]}},{"type":"Feature","properties":{"idx":642,"road":NaN,"cls":"tertiary","shops":2,"st_km":1.15,"mesh":"53395607"},"geometry":{"type":"LineString","coordinates":[[139.85206,35.75949],[139.85089,35.75762],[139.84577,35.7534]]}},{"type":"Feature","properties":{"idx":491,"road":NaN,"cls":"tertiary","shops":1,"st_km":1.09,"mesh":"53395608"},"geometry":{"type":"LineString","coordinates":[[139.85219,35.75478],[139.85194,35.75511],[139.85178,35.75547],[139.85149,35.75592],[139.85064,35.75765],[139.8507,35.7581],[139.85069,35.75843],[139.85052,35.75917],[139.85053,35.75955]]}},{"type":"Feature","properties":{"idx":310,"road":NaN,"cls":"tertiary","shops":0,"st_km":1.16,"mesh":"53395608"},"geometry":{"type":"LineString","coordinates":[[139.85079,35.75393],[139.85139,35.75462],[139.84909,35.75878]]}},{"type":"Feature","properties":{"idx":316,"road":NaN,"cls":"tertiary","shops":0,"st_km":1.13,"mesh":"53395607"},"geometry":{"type":"LineString","coordinates":[[139.84821,35.7554],[139.84741,35.75604],[139.84609,35.75633],[139.8457,35.75632],[139.84466,35.75602]]}},{"type":"Feature","properties":{"idx":657,"road":"亀有中央通り","cls":"tertiary","shops":10,"st_km":0.25,"mesh":"53395617"},"geometry":{"type":"LineString","coordinates":[[139.84787,35.76579],[139.84765,35.76283]]}},{"type":"Feature","properties":{"idx":1150,"road":NaN,"cls":"tertiary","shops":4,"st_km":0.23,"mesh":"53395618"},"geometry":{"type":"LineString","coordinates":[[139.85012,35.7666],[139.85003,35.76657]]}},{"type":"Feature","properties":{"idx":436,"road":"王子金町市川線","cls":"primary","shops":0,"st_km":1.34,"mesh":"53395638"},"geometry":{"type":"LineString","coordinates":[[139.84893,35.77756],[139.84968,35.77781],[139.85023,35.77806],[139.85213,35.77937]]}},{"type":"Feature","properties":{"idx":183,"road":NaN,"cls":"tertiary","shops":0,"st_km":1.48,"mesh":"53395662"},"geometry":{"type":"LineString","coordinates":[[139.79079,35.80637],[139.78746,35.80723],[139.78517,35.80746],[139.78353,35.80777],[139.78278,35.80772]]}},{"type":"Feature","properties":{"idx":512,"road":"山王通り","cls":"tertiary","shops":0,"st_km":0.92,"mesh":"53395684"},"geometry":{"type":"LineString","coordinates":[[139.80686,35.81922],[139.80805,35.81917],[139.8088,35.8192],[139.81098,35.82014],[139.81267,35.82054]]}},{"type":"Feature","properties":{"idx":234,"road":NaN,"cls":"tertiary","shops":0,"st_km":0.32,"mesh":"53395694"},"geometry":{"type":"LineString","coordinates":[[139.80474,35.82502],[139.80492,35.82643]]}},{"type":"Feature","properties":{"idx":849,"road":"草加神社通り","cls":"tertiary","shops":1,"st_km":0.83,"mesh":"53395693"},"geometry":{"type":"LineString","coordinates":[[139.79591,35.82667],[139.7946,35.82639],[139.79316,35.82644]]}},{"type":"Feature","properties":{"idx":549,"road":NaN,"cls":"tertiary","shops":2,"st_km":0.17,"mesh":"53395694"},"geometry":{"type":"LineString","coordinates":[[139.80497,35.82754],[139.80505,35.82828],[139.80524,35.82885],[139.80524,35.82898],[139.80518,35.82902],[139.80392,35.82908]]}},{"type":"Feature","properties":{"idx":164,"road":NaN,"cls":"tertiary","shops":0,"st_km":1.49,"mesh":"53395685"},"geometry":{"type":"LineString","coordinates":[[139.82059,35.82272],[139.82021,35.82255],[139.81971,35.82221],[139.81913,35.82198],[139.81703,35.82173],[139.81593,35.82146],[139.8157,35.82148],[139.815,35.82169]]}},{"type":"Feature","properties":{"idx":771,"road":NaN,"cls":"tertiary","shops":1,"st_km":0.64,"mesh":"53395673"},"geometry":{"type":"LineString","coordinates":[[139.7989,35.81016],[139.79774,35.80918]]}},{"type":"Feature","properties":{"idx":197,"road":NaN,"cls":"tertiary","shops":0,"st_km":0.44,"mesh":"53395674"},"geometry":{"type":"LineString","coordinates":[[139.80302,35.81027],[139.80367,35.81217]]}},{"type":"Feature","properties":{"idx":123,"road":"大鷲通り","cls":"tertiary","shops":0,"st_km":1.68,"mesh":"53395665"},"geometry":{"type":"LineString","coordinates":[[139.81761,35.80642],[139.81765,35.80825]]}},{"type":"Feature","properties":{"idx":172,"road":NaN,"cls":"tertiary","shops":0,"st_km":1.8,"mesh":"53395695"},"geometry":{"type":"LineString","coordinates":[[139.82034,35.83298],[139.82253,35.83311],[139.82387,35.8329],[139.82475,35.8327]]}},{"type":"Feature","properties":{"idx":131,"road":NaN,"cls":"tertiary","shops":0,"st_km":0.89,"mesh":"53395674"},"geometry":{"type":"LineString","coordinates":[[139.81232,35.81512],[139.81073,35.81311],[139.81019,35.81262],[139.8099,35.81247],[139.80964,35.81242]]}},{"type":"Feature","properties":{"idx":179,"road":NaN,"cls":"tertiary","shops":1,"st_km":1.0,"mesh":"53395674"},"geometry":{"type":"LineString","coordinates":[[139.81232,35.81512],[139.81267,35.81556]]}},{"type":"Feature","properties":{"idx":277,"road":NaN,"cls":"tertiary","shops":1,"st_km":1.02,"mesh":"53395675"},"geometry":{"type":"LineString","coordinates":[[139.81278,35.81571],[139.81267,35.81556]]}},{"type":"Feature","properties":{"idx":198,"road":NaN,"cls":"tertiary","shops":0,"st_km":1.19,"mesh":"53395685"},"geometry":{"type":"LineString","coordinates":[[139.81302,35.81776],[139.81304,35.81796],[139.81338,35.81907],[139.81359,35.82081]]}},{"type":"Feature","properties":{"idx":114,"road":NaN,"cls":"tertiary","shops":0,"st_km":2.21,"mesh":"53395669"},"geometry":{"type":"LineString","coordinates":[[139.86524,35.80789],[139.87278,35.80356]]}},{"type":"Feature","properties":{"idx":762,"road":"松戸草加線","cls":"primary","shops":0,"st_km":0.72,"mesh":"53395684"},"geometry":{"type":"LineString","coordinates":[[139.80462,35.81799],[139.80477,35.81804],[139.80523,35.81805],[139.81232,35.81786]]}},{"type":"Feature","properties":{"idx":136,"road":"谷塚中央通り","cls":"tertiary","shops":0,"st_km":1.23,"mesh":"53395663"},"geometry":{"type":"LineString","coordinates":[[139.793,35.80626],[139.79286,35.80622]]}},{"type":"Feature","properties":{"idx":121,"road":NaN,"cls":"secondary_link","shops":0,"st_km":0.89,"mesh":"53395614"},"geometry":{"type":"LineString","coordinates":[[139.80328,35.76128],[139.80143,35.76183],[139.80051,35.76195],[139.79889,35.76203],[139.79888,35.76211]]}},{"type":"Feature","properties":{"idx":194,"road":NaN,"cls":"tertiary","shops":0,"st_km":1.99,"mesh":"53395659"},"geometry":{"type":"LineString","coordinates":[[139.86704,35.79834],[139.86579,35.7983],[139.86545,35.79838],[139.86467,35.79867],[139.86228,35.79896],[139.86186,35.79919],[139.86117,35.79977],[139.86112,35.79994]]}},{"type":"Feature","properties":{"idx":243,"road":"松戸草加線","cls":"primary","shops":0,"st_km":1.53,"mesh":"53395668"},"geometry":{"type":"LineString","coordinates":[[139.86228,35.80548],[139.86183,35.80514],[139.86098,35.80395],[139.86083,35.80365],[139.86061,35.80287],[139.86043,35.8024],[139.85961,35.80092]]}},{"type":"Feature","properties":{"idx":209,"road":"葛飾吉川松伏線","cls":"primary","shops":0,"st_km":1.94,"mesh":"53395658"},"geometry":{"type":"LineString","coordinates":[[139.86019,35.79566],[139.85988,35.79537],[139.85976,35.79516]]}},{"type":"Feature","properties":{"idx":100,"road":NaN,"cls":"tertiary","shops":0,"st_km":2.64,"mesh":"53395669"},"geometry":{"type":"LineString","coordinates":[[139.87305,35.80107],[139.87325,35.801]]}},{"type":"Feature","properties":{"idx":153,"road":NaN,"cls":"tertiary","shops":0,"st_km":2.74,"mesh":"53395659"},"geometry":{"type":"LineString","coordinates":[[139.87283,35.79924],[139.87375,35.79942]]}},{"type":"Feature","properties":{"idx":155,"road":NaN,"cls":"tertiary","shops":0,"st_km":2.7,"mesh":"53395659"},"geometry":{"type":"LineString","coordinates":[[139.87246,35.79915],[139.87283,35.79924]]}},{"type":"Feature","properties":{"idx":353,"road":"松戸草加線","cls":"primary","shops":0,"st_km":1.0,"mesh":"53395668"},"geometry":{"type":"LineString","coordinates":[[139.85225,35.80033],[139.85113,35.80115]]}},{"type":"Feature","properties":{"idx":92,"road":"松戸草加線","cls":"primary","shops":0,"st_km":0.78,"mesh":"53395667"},"geometry":{"type":"LineString","coordinates":[[139.85106,35.8012],[139.84959,35.80232],[139.84883,35.80313]]}},{"type":"Feature","properties":{"idx":489,"road":"環七通り","cls":"primary","shops":2,"st_km":0.71,"mesh":"53395635"},"geometry":{"type":"LineString","coordinates":[[139.81624,35.77858],[139.81949,35.7782],[139.8211,35.7781]]}},{"type":"Feature","properties":{"idx":120,"road":"環七通り","cls":"primary","shops":0,"st_km":0.42,"mesh":"53395633"},"geometry":{"type":"LineString","coordinates":[[139.79195,35.77842],[139.79765,35.77859]]}},{"type":"Feature","properties":{"idx":937,"road":"環七通り","cls":"primary","shops":2,"st_km":0.84,"mesh":"53395634"},"geometry":{"type":"LineString","coordinates":[[139.80493,35.77865],[139.80145,35.77862]]}},{"type":"Feature","properties":{"idx":933,"road":"環七通り","cls":"primary","shops":2,"st_km":0.85,"mesh":"53395634"},"geometry":{"type":"LineString","coordinates":[[139.80145,35.77869],[139.80494,35.77871]]}},{"type":"Feature","properties":{"idx":121,"road":"環七通り","cls":"primary","shops":0,"st_km":0.42,"mesh":"53395633"},"geometry":{"type":"LineString","coordinates":[[139.79765,35.77851],[139.79195,35.77835]]}},{"type":"Feature","properties":{"idx":443,"road":"環七通り","cls":"primary","shops":0,"st_km":0.91,"mesh":"53395634"},"geometry":{"type":"LineString","coordinates":[[139.80587,35.77863],[139.80552,35.77859],[139.80318,35.7786]]}},{"type":"Feature","properties":{"idx":211,"road":NaN,"cls":"tertiary","shops":0,"st_km":0.67,"mesh":"53395635"},"geometry":{"type":"LineString","coordinates":[[139.81939,35.77814],[139.82117,35.77952],[139.82136,35.77957]]}},{"type":"Feature","properties":{"idx":1176,"road":NaN,"cls":"tertiary","shops":0,"st_km":0.49,"mesh":"53395624"},"geometry":{"type":"LineString","coordinates":[[139.80351,35.76881],[139.80262,35.76937],[139.80082,35.76991]]}},{"type":"Feature","properties":{"idx":134,"road":NaN,"cls":"tertiary","shops":0,"st_km":1.82,"mesh":"53395669"},"geometry":{"type":"LineString","coordinates":[[139.86323,35.79884],[139.86393,35.80329],[139.86428,35.80425],[139.86445,35.80502],[139.86443,35.8052],[139.86452,35.80577],[139.86458,35.80583]]}},{"type":"Feature","properties":{"idx":378,"road":"環七通り","cls":"primary","shops":0,"st_km":1.2,"mesh":"53395608"},"geometry":{"type":"LineString","coordinates":[[139.85373,35.75908],[139.85452,35.75752],[139.85521,35.7556]]}},{"type":"Feature","properties":{"idx":264,"road":NaN,"cls":"primary_link","shops":0,"st_km":1.2,"mesh":"53395608"},"geometry":{"type":"LineString","coordinates":[[139.85346,35.75962],[139.85371,35.75928],[139.85466,35.75739],[139.85529,35.75557],[139.8554,35.75508]]}},{"type":"Feature","properties":{"idx":287,"road":"環七通り","cls":"primary","shops":0,"st_km":0.76,"mesh":"53395618"},"geometry":{"type":"LineString","coordinates":[[139.85175,35.76329],[139.85297,35.76059],[139.85373,35.75908]]}},{"type":"Feature","properties":{"idx":504,"road":NaN,"cls":"tertiary","shops":0,"st_km":0.88,"mesh":"53395643"},"geometry":{"type":"LineString","coordinates":[[139.78878,35.78673],[139.787,35.78683]]}},{"type":"Feature","properties":{"idx":2357,"road":NaN,"cls":"tertiary","shops":5,"st_km":0.95,"mesh":"53395642"},"geometry":{"type":"LineString","coordinates":[[139.787,35.78683],[139.784,35.78697]]}},{"type":"Feature","properties":{"idx":295,"road":"環七通り","cls":"primary","shops":0,"st_km":0.34,"mesh":"53395632"},"geometry":{"type":"LineString","coordinates":[[139.78619,35.77823],[139.78741,35.77827]]}},{"type":"Feature","properties":{"idx":104,"road":NaN,"cls":"tertiary","shops":0,"st_km":0.52,"mesh":"53395631"},"geometry":{"type":"LineString","coordinates":[[139.77408,35.77813],[139.77445,35.77723],[139.7746,35.77669],[139.77474,35.77583]]}},{"type":"Feature","properties":{"idx":108,"road":"新荒川堤防線","cls":"secondary","shops":0,"st_km":0.5,"mesh":"53395601"},"geometry":{"type":"LineString","coordinates":[[139.76702,35.75615],[139.76569,35.75664],[139.76367,35.75761]]}},{"type":"Feature","properties":{"idx":653,"road":NaN,"cls":"tertiary","shops":1,"st_km":0.34,"mesh":"53395609"},"geometry":{"type":"LineString","coordinates":[[139.86264,35.75174],[139.86335,35.7518]]}},{"type":"Feature","properties":{"idx":720,"road":NaN,"cls":"tertiary","shops":9,"st_km":0.08,"mesh":"53395617"},"geometry":{"type":"LineString","coordinates":[[139.84787,35.76579],[139.84776,35.76595]]}},{"type":"Feature","properties":{"idx":985,"road":NaN,"cls":"tertiary","shops":4,"st_km":0.38,"mesh":"53395618"},"geometry":{"type":"LineString","coordinates":[[139.8507,35.76519],[139.85131,35.76515],[139.85163,35.76565],[139.85186,35.76593],[139.85251,35.76608]]}},{"type":"Feature","properties":{"idx":223,"road":"江北橋通り","cls":"secondary","shops":3,"st_km":0.57,"mesh":"53395617"},"geometry":{"type":"LineString","coordinates":[[139.84618,35.76306],[139.84581,35.76309],[139.83961,35.763]]}},{"type":"Feature","properties":{"idx":157,"road":"桑袋大橋通り","cls":"tertiary","shops":1,"st_km":1.95,"mesh":"53395675"},"geometry":{"type":"LineString","coordinates":[[139.82507,35.8134],[139.82341,35.81322]]}},{"type":"Feature","properties":{"idx":81,"road":NaN,"cls":"tertiary","shops":0,"st_km":0.67,"mesh":"53395667"},"geometry":{"type":"LineString","coordinates":[[139.83904,35.80491],[139.83863,35.80507],[139.83827,35.80528],[139.83808,35.80541],[139.83783,35.8057],[139.8375,35.80643],[139.83683,35.80854]]}},{"type":"Feature","properties":{"idx":181,"road":"新葛西橋","cls":"tertiary","shops":2,"st_km":0.55,"mesh":"53395667"},"geometry":{"type":"LineString","coordinates":[[139.84002,35.80462],[139.83986,35.80467]]}},{"type":"Feature","properties":{"idx":108,"road":"垳三郷線","cls":"tertiary","shops":0,"st_km":0.37,"mesh":"53395667"},"geometry":{"type":"LineString","coordinates":[[139.84054,35.80447],[139.8407,35.80605],[139.84092,35.80687],[139.84113,35.80728],[139.8415,35.80779],[139.84192,35.80821],[139.8423,35.80851]]}},{"type":"Feature","properties":{"idx":188,"road":NaN,"cls":"tertiary","shops":0,"st_km":1.21,"mesh":"53395656"},"geometry":{"type":"LineString","coordinates":[[139.83116,35.79314],[139.83111,35.79204]]}},{"type":"Feature","properties":{"idx":288,"road":"葛西用水桜通り","cls":"tertiary","shops":0,"st_km":1.24,"mesh":"53395657"},"geometry":{"type":"LineString","coordinates":[[139.83954,35.79959],[139.83942,35.79912],[139.83942,35.79883],[139.84014,35.7951]]}},{"type":"Feature","properties":{"idx":126,"road":NaN,"cls":"tertiary","shops":0,"st_km":0.77,"mesh":"53395645"},"geometry":{"type":"LineString","coordinates":[[139.81945,35.78892],[139.81954,35.79403]]}},{"type":"Feature","properties":{"idx":88,"road":NaN,"cls":"tertiary","shops":0,"st_km":0.71,"mesh":"53395604"},"geometry":{"type":"LineString","coordinates":[[139.80224,35.75686],[139.80152,35.75478],[139.80123,35.75427]]}},{"type":"Feature","properties":{"idx":230,"road":"新荒川堤防線","cls":"secondary","shops":1,"st_km":1.59,"mesh":"53395603"},"geometry":{"type":"LineString","coordinates":[[139.78972,35.75631],[139.78997,35.75634]]}},{"type":"Feature","properties":{"idx":198,"road":NaN,"cls":"pedestrian","shops":1,"st_km":0.63,"mesh":"53395604"},"geometry":{"type":"LineString","coordinates":[[139.80609,35.75571],[139.80679,35.75537],[139.80685,35.75538]]}},{"type":"Feature","properties":{"idx":150,"road":"新荒川堤防線","cls":"secondary","shops":0,"st_km":1.63,"mesh":"53395603"},"geometry":{"type":"LineString","coordinates":[[139.78895,35.75624],[139.78972,35.75631]]}},{"type":"Feature","properties":{"idx":242,"road":"新荒川堤防線","cls":"secondary","shops":1,"st_km":1.51,"mesh":"53395603"},"geometry":{"type":"LineString","coordinates":[[139.78997,35.75634],[139.79188,35.75665]]}},{"type":"Feature","properties":{"idx":119,"road":NaN,"cls":"tertiary","shops":1,"st_km":0.83,"mesh":"53395604"},"geometry":{"type":"LineString","coordinates":[[139.80224,35.75686],[139.80221,35.75686]]}},{"type":"Feature","properties":{"idx":78,"road":NaN,"cls":"tertiary","shops":0,"st_km":0.85,"mesh":"53395604"},"geometry":{"type":"LineString","coordinates":[[139.80215,35.75705],[139.80225,35.75698]]}},{"type":"Feature","properties":{"idx":130,"road":NaN,"cls":"tertiary_link","shops":0,"st_km":1.02,"mesh":"53395603"},"geometry":{"type":"LineString","coordinates":[[139.79901,35.75729],[139.79893,35.75734],[139.79898,35.7574]]}},{"type":"Feature","properties":{"idx":75,"road":NaN,"cls":"tertiary","shops":0,"st_km":0.89,"mesh":"53395604"},"geometry":{"type":"LineString","coordinates":[[139.80189,35.75694],[139.80153,35.75708],[139.80051,35.75725]]}},{"type":"Feature","properties":{"idx":101,"road":"新荒川堤防線","cls":"secondary","shops":0,"st_km":0.7,"mesh":"53395604"},"geometry":{"type":"LineString","coordinates":[[139.80276,35.75693],[139.8039,35.75667],[139.80568,35.75603],[139.80662,35.75556],[139.80706,35.75519],[139.80751,35.75494]]}},{"type":"Feature","properties":{"idx":115,"road":"新荒川堤防線","cls":"secondary","shops":0,"st_km":0.56,"mesh":"53395604"},"geometry":{"type":"LineString","coordinates":[[139.80751,35.75494],[139.80781,35.75482],[139.80845,35.75442],[139.80933,35.75379]]}},{"type":"Feature","properties":{"idx":134,"road":"新荒川堤防線","cls":"secondary","shops":1,"st_km":0.83,"mesh":"53395604"},"geometry":{"type":"LineString","coordinates":[[139.80248,35.75699],[139.80261,35.75696]]}},{"type":"Feature","properties":{"idx":520,"road":"ミルディス通り","cls":"tertiary","shops":5,"st_km":0.2,"mesh":"53395604"},"geometry":{"type":"LineString","coordinates":[[139.80558,35.75236],[139.80532,35.75183],[139.80514,35.75157],[139.80492,35.75149],[139.80446,35.75157]]}},{"type":"Feature","properties":{"idx":78,"road":NaN,"cls":"tertiary","shops":0,"st_km":0.85,"mesh":"53395604"},"geometry":{"type":"LineString","coordinates":[[139.80192,35.75693],[139.80189,35.75694]]}},{"type":"Feature","properties":{"idx":79,"road":NaN,"cls":"tertiary","shops":0,"st_km":0.84,"mesh":"53395604"},"geometry":{"type":"LineString","coordinates":[[139.80221,35.75686],[139.80192,35.75693]]}},{"type":"Feature","properties":{"idx":127,"road":"ミルディス通り","cls":"tertiary","shops":0,"st_km":0.35,"mesh":"53395604"},"geometry":{"type":"LineString","coordinates":[[139.80633,35.7532],[139.8062,35.75305],[139.80587,35.75281]]}},{"type":"Feature","properties":{"idx":118,"road":NaN,"cls":"tertiary","shops":1,"st_km":0.84,"mesh":"53395604"},"geometry":{"type":"LineString","coordinates":[[139.80225,35.75698],[139.80227,35.75692]]}},{"type":"Feature","properties":{"idx":87,"road":"新荒川堤防線","cls":"secondary","shops":0,"st_km":0.86,"mesh":"53395604"},"geometry":{"type":"LineString","coordinates":[[139.80197,35.75708],[139.80215,35.75705]]}},{"type":"Feature","properties":{"idx":230,"road":"平方東京線","cls":"secondary","shops":0,"st_km":1.24,"mesh":"53395676"},"geometry":{"type":"LineString","coordinates":[[139.83189,35.81168],[139.83191,35.81175]]}},{"type":"Feature","properties":{"idx":229,"road":"平方東京線","cls":"secondary","shops":0,"st_km":1.25,"mesh":"53395676"},"geometry":{"type":"LineString","coordinates":[[139.83193,35.81182],[139.8322,35.81284],[139.83235,35.81313],[139.83324,35.81389],[139.83451,35.8151]]}},{"type":"Feature","properties":{"idx":592,"road":"環七通り","cls":"primary","shops":0,"st_km":0.64,"mesh":"53395608"},"geometry":{"type":"LineString","coordinates":[[139.85819,35.74778],[139.857,35.74978],[139.85511,35.75558]]}},{"type":"Feature","properties":{"idx":569,"road":"環七通り","cls":"primary","shops":0,"st_km":0.68,"mesh":"53395608"},"geometry":{"type":"LineString","coordinates":[[139.85521,35.7556],[139.85584,35.7538],[139.85708,35.7498],[139.85785,35.74848]]}},{"type":"Feature","properties":{"idx":367,"road":NaN,"cls":"tertiary","shops":0,"st_km":0.96,"mesh":"53395608"},"geometry":{"type":"LineString","coordinates":[[139.86051,35.75786],[139.85955,35.75744]]}},{"type":"Feature","properties":{"idx":142,"road":"補助第93号線","cls":"tertiary","shops":0,"st_km":0.91,"mesh":"53395610"},"geometry":{"type":"LineString","coordinates":[[139.76182,35.75845],[139.75999,35.75864],[139.75928,35.75886],[139.75873,35.75922]]}},{"type":"Feature","properties":{"idx":781,"road":NaN,"cls":"tertiary","shops":4,"st_km":0.61,"mesh":"53395600"},"geometry":{"type":"LineString","coordinates":[[139.76242,35.75642],[139.7606,35.75646],[139.76052,35.75639],[139.7604,35.75587],[139.76033,35.75581],[139.75944,35.75591],[139.75791,35.75624]]}},{"type":"Feature","properties":{"idx":301,"road":"補助第93号線","cls":"tertiary","shops":3,"st_km":1.12,"mesh":"53395610"},"geometry":{"type":"LineString","coordinates":[[139.75798,35.75971],[139.75644,35.76081],[139.75629,35.76104],[139.7559,35.76204]]}},{"type":"Feature","properties":{"idx":145,"road":"南平工業団地通り","cls":"tertiary","shops":0,"st_km":1.37,"mesh":"53395650"},"geometry":{"type":"LineString","coordinates":[[139.75724,35.79732],[139.75664,35.79757],[139.75585,35.79805],[139.75342,35.80056]]}},{"type":"Feature","properties":{"idx":184,"road":NaN,"cls":"tertiary","shops":0,"st_km":1.03,"mesh":"53395650"},"geometry":{"type":"LineString","coordinates":[[139.7591,35.79669],[139.7584,35.79693]]}},{"type":"Feature","properties":{"idx":156,"road":"舎人公園北通り","cls":"tertiary","shops":0,"st_km":0.46,"mesh":"53395661"},"geometry":{"type":"LineString","coordinates":[[139.77011,35.80176],[139.77001,35.80172],[139.76767,35.80196],[139.76569,35.80198]]}},{"type":"Feature","properties":{"idx":245,"road":NaN,"cls":"tertiary","shops":0,"st_km":0.83,"mesh":"53395603"},"geometry":{"type":"LineString","coordinates":[[139.79674,35.75085],[139.79603,35.74924]]}},{"type":"Feature","properties":{"idx":132,"road":"新郷スポーツセンター通り","cls":"tertiary","shops":0,"st_km":1.04,"mesh":"53395681"},"geometry":{"type":"LineString","coordinates":[[139.7829,35.82635],[139.77872,35.82555],[139.77719,35.82509],[139.77684,35.8249],[139.77376,35.82261],[139.77328,35.82239],[139.77068,35.82148],[139.76822,35.81999],[139.76725,35.81934]]}},{"type":"Feature","properties":{"idx":397,"road":NaN,"cls":"tertiary","shops":0,"st_km":1.66,"mesh":"53395692"},"geometry":{"type":"LineString","coordinates":[[139.78535,35.82635],[139.78513,35.82635]]}},{"type":"Feature","properties":{"idx":173,"road":"新郷スポーツセンター通り","cls":"tertiary","shops":0,"st_km":0.71,"mesh":"53395681"},"geometry":{"type":"LineString","coordinates":[[139.76369,35.81759],[139.76373,35.81761]]}},{"type":"Feature","properties":{"idx":245,"road":"川口草加線","cls":"secondary","shops":0,"st_km":0.46,"mesh":"53395681"},"geometry":{"type":"LineString","coordinates":[[139.77098,35.81794],[139.77233,35.81837],[139.7742,35.81845],[139.77481,35.8186]]}},{"type":"Feature","properties":{"idx":217,"road":"尾久橋通り","cls":"primary","shops":0,"st_km":0.17,"mesh":"53395671"},"geometry":{"type":"LineString","coordinates":[[139.77092,35.81626],[139.77091,35.81604]]}},{"type":"Feature","properties":{"idx":217,"road":"尾久橋通り","cls":"primary","shops":0,"st_km":0.17,"mesh":"53395671"},"geometry":{"type":"LineString","coordinates":[[139.77081,35.81605],[139.77082,35.81627]]}},{"type":"Feature","properties":{"idx":627,"road":"尾久橋通り","cls":"primary","shops":3,"st_km":0.04,"mesh":"53395671"},"geometry":{"type":"LineString","coordinates":[[139.77091,35.81604],[139.77073,35.81378]]}},{"type":"Feature","properties":{"idx":159,"road":"環七通り","cls":"primary","shops":0,"st_km":0.15,"mesh":"53395633"},"geometry":{"type":"LineString","coordinates":[[139.78741,35.77827],[139.79116,35.7784]]}},{"type":"Feature","properties":{"idx":437,"road":"環七通り","cls":"primary","shops":0,"st_km":0.92,"mesh":"53395634"},"geometry":{"type":"LineString","coordinates":[[139.80317,35.77879],[139.80556,35.77877],[139.80585,35.77871]]}},{"type":"Feature","properties":{"idx":387,"road":NaN,"cls":"tertiary","shops":0,"st_km":1.2,"mesh":"53395638"},"geometry":{"type":"LineString","coordinates":[[139.86159,35.77266],[139.86066,35.77388],[139.86052,35.77412],[139.86042,35.77442],[139.86031,35.77579],[139.86033,35.77623],[139.86063,35.77791],[139.86001,35.77859],[139.85843,35.78011]]}},{"type":"Feature","properties":{"idx":809,"road":NaN,"cls":"tertiary","shops":8,"st_km":0.38,"mesh":"53395629"},"geometry":{"type":"LineString","coordinates":[[139.86068,35.77026],[139.8634,35.77018],[139.86386,35.7701],[139.86458,35.76986],[139.86517,35.76979],[139.86559,35.7698],[139.86659,35.77047],[139.86805,35.7716],[139.86871,35.77201],[139.86979,35.7734],[139.86996,35.77351],[139.86999,35.77357],[139.86995,35.77371]]}},{"type":"Feature","properties":{"idx":364,"road":"第二産業道路","cls":"primary","shops":1,"st_km":0.59,"mesh":"53395681"},"geometry":{"type":"LineString","coordinates":[[139.76384,35.81943],[139.76905,35.8193],[139.76942,35.81925],[139.77,35.81905],[139.77046,35.81874],[139.77075,35.8184],[139.77098,35.81794]]}},{"type":"Feature","properties":{"idx":161,"road":"第二産業道路","cls":"primary","shops":0,"st_km":1.65,"mesh":"53395680"},"geometry":{"type":"LineString","coordinates":[[139.74944,35.82411],[139.75011,35.82375],[139.75496,35.82056],[139.75571,35.82013],[139.75648,35.81983],[139.75712,35.81967],[139.75795,35.81958],[139.7598,35.81953]]}},{"type":"Feature","properties":{"idx":356,"road":"第二産業道路","cls":"primary","shops":1,"st_km":0.61,"mesh":"53395681"},"geometry":{"type":"LineString","coordinates":[[139.77029,35.81876],[139.7698,35.81903],[139.76905,35.81922],[139.76382,35.81935]]}},{"type":"Feature","properties":{"idx":121,"road":NaN,"cls":"tertiary","shops":0,"st_km":0.33,"mesh":"53395601"},"geometry":{"type":"LineString","coordinates":[[139.77156,35.74944],[139.77155,35.75015],[139.77119,35.75133],[139.7711,35.7525]]}},{"type":"Feature","properties":{"idx":166,"road":"尾竹橋通り","cls":"primary","shops":0,"st_km":1.26,"mesh":"53395603"},"geometry":{"type":"LineString","coordinates":[[139.78732,35.75245],[139.78782,35.75356]]}},{"type":"Feature","properties":{"idx":448,"road":"尾竹橋通り","cls":"primary","shops":4,"st_km":1.45,"mesh":"53395603"},"geometry":{"type":"LineString","coordinates":[[139.78782,35.75356],[139.78798,35.75382],[139.78961,35.75541]]}},{"type":"Feature","properties":{"idx":315,"road":NaN,"cls":"tertiary","shops":1,"st_km":0.63,"mesh":"53395602"},"geometry":{"type":"LineString","coordinates":[[139.77797,35.74961],[139.77795,35.75069],[139.77805,35.75076]]}},{"type":"Feature","properties":{"idx":360,"road":NaN,"cls":"tertiary","shops":2,"st_km":0.81,"mesh":"53395602"},"geometry":{"type":"LineString","coordinates":[[139.77912,35.75056],[139.77916,35.75161],[139.77896,35.75162],[139.77891,35.75167],[139.77888,35.75256],[139.77892,35.75281]]}},{"type":"Feature","properties":{"idx":201,"road":NaN,"cls":"tertiary","shops":1,"st_km":1.14,"mesh":"53395602"},"geometry":{"type":"LineString","coordinates":[[139.7861,35.75244],[139.78627,35.7521],[139.7869,35.75185]]}},{"type":"Feature","properties":{"idx":388,"road":NaN,"cls":"pedestrian","shops":1,"st_km":0.76,"mesh":"53395602"},"geometry":{"type":"LineString","coordinates":[[139.77656,35.74968],[139.77654,35.74985],[139.77681,35.7501],[139.77683,35.75035],[139.77678,35.75089],[139.77713,35.75101],[139.77756,35.75107],[139.77786,35.75124],[139.77805,35.75153],[139.77815,35.75206],[139.77807,35.7522],[139.77792,35.75229],[139.77699,35.75261],[139.77662,35.75259],[139.77615,35.75265],[139.77587,35.75262]]}},{"type":"Feature","properties":{"idx":189,"road":"都電通り","cls":"primary","shops":0,"st_km":0.04,"mesh":"53395601"},"geometry":{"type":"LineString","coordinates":[[139.76204,35.75059],[139.76375,35.75047],[139.76764,35.74954],[139.76868,35.74934]]}},{"type":"Feature","properties":{"idx":1121,"road":"都電通り","cls":"primary","shops":2,"st_km":0.05,"mesh":"53395600"},"geometry":{"type":"LineString","coordinates":[[139.76208,35.75046],[139.76025,35.75052]]}},{"type":"Feature","properties":{"idx":376,"road":NaN,"cls":"tertiary","shops":0,"st_km":0.23,"mesh":"53395600"},"geometry":{"type":"LineString","coordinates":[[139.74975,35.75053],[139.75121,35.74974]]}},{"type":"Feature","properties":{"idx":405,"road":NaN,"cls":"tertiary","shops":0,"st_km":0.15,"mesh":"53395600"},"geometry":{"type":"LineString","coordinates":[[139.75035,35.7502],[139.75569,35.74998],[139.75796,35.74994]]}},{"type":"Feature","properties":{"idx":747,"road":"都電通り","cls":"primary","shops":1,"st_km":0.15,"mesh":"53395600"},"geometry":{"type":"LineString","coordinates":[[139.76025,35.75052],[139.75793,35.75061]]}},{"type":"Feature","properties":{"idx":185,"road":"王子金町市川線","cls":"primary","shops":1,"st_km":1.44,"mesh":"53395610"},"geometry":{"type":"LineString","coordinates":[[139.75169,35.76393],[139.75252,35.76371]]}},{"type":"Feature","properties":{"idx":1002,"road":"荒川遊園通り","cls":"tertiary","shops":3,"st_km":0.14,"mesh":"53395600"},"geometry":{"type":"LineString","coordinates":[[139.7579,35.75076],[139.75779,35.75111],[139.75778,35.75147],[139.75768,35.75197],[139.75767,35.75306]]}},{"type":"Feature","properties":{"idx":347,"road":NaN,"cls":"tertiary","shops":0,"st_km":0.31,"mesh":"53395600"},"geometry":{"type":"LineString","coordinates":[[139.75372,35.75353],[139.75233,35.7537]]}},{"type":"Feature","properties":{"idx":587,"road":"都電通り","cls":"tertiary","shops":1,"st_km":0.16,"mesh":"53395600"},"geometry":{"type":"LineString","coordinates":[[139.75348,35.75094],[139.7579,35.75076]]}},{"type":"Feature","properties":{"idx":365,"road":NaN,"cls":"tertiary","shops":0,"st_km":0.23,"mesh":"53395600"},"geometry":{"type":"LineString","coordinates":[[139.7537,35.75227],[139.75768,35.7521]]}},{"type":"Feature","properties":{"idx":112,"road":NaN,"cls":"secondary_link","shops":0,"st_km":1.61,"mesh":"53395640"},"geometry":{"type":"LineString","coordinates":[[139.75221,35.78758],[139.75234,35.78749],[139.75254,35.78752]]}},{"type":"Feature","properties":{"idx":172,"road":NaN,"cls":"tertiary","shops":0,"st_km":1.36,"mesh":"53395640"},"geometry":{"type":"LineString","coordinates":[[139.75642,35.79099],[139.75446,35.79205]]}},{"type":"Feature","properties":{"idx":316,"road":NaN,"cls":"tertiary","shops":0,"st_km":0.44,"mesh":"53395641"},"geometry":{"type":"LineString","coordinates":[[139.76579,35.78713],[139.76553,35.78713]]}},{"type":"Feature","properties":{"idx":1038,"road":NaN,"cls":"tertiary","shops":1,"st_km":0.99,"mesh":"53395642"},"geometry":{"type":"LineString","coordinates":[[139.78328,35.78976],[139.77936,35.78967]]}},{"type":"Feature","properties":{"idx":161,"road":NaN,"cls":"tertiary","shops":0,"st_km":1.47,"mesh":"53395640"},"geometry":{"type":"LineString","coordinates":[[139.7551,35.79171],[139.75293,35.7896]]}},{"type":"Feature","properties":{"idx":327,"road":NaN,"cls":"tertiary","shops":0,"st_km":1.65,"mesh":"53395654"},"geometry":{"type":"LineString","coordinates":[[139.80681,35.79625],[139.81076,35.79633]]}},{"type":"Feature","properties":{"idx":84,"road":NaN,"cls":"tertiary","shops":0,"st_km":0.49,"mesh":"53395615"},"geometry":{"type":"LineString","coordinates":[[139.81961,35.76114],[139.81957,35.76129],[139.81967,35.76165]]}},{"type":"Feature","properties":{"idx":253,"road":"平方東京線","cls":"secondary","shops":0,"st_km":0.97,"mesh":"53395656"},"geometry":{"type":"LineString","coordinates":[[139.82776,35.79212],[139.8277,35.7921]]}},{"type":"Feature","properties":{"idx":249,"road":"舎人公園通り","cls":"secondary","shops":0,"st_km":0.99,"mesh":"53395656"},"geometry":{"type":"LineString","coordinates":[[139.82821,35.79224],[139.82776,35.79212]]}},{"type":"Feature","properties":{"idx":79,"road":NaN,"cls":"tertiary","shops":0,"st_km":0.37,"mesh":"53395615"},"geometry":{"type":"LineString","coordinates":[[139.81599,35.76025],[139.8158,35.7606],[139.81561,35.76114],[139.81546,35.76134],[139.81524,35.76148]]}},{"type":"Feature","properties":{"idx":414,"road":NaN,"cls":"tertiary","shops":5,"st_km":0.28,"mesh":"53395667"},"geometry":{"type":"LineString","coordinates":[[139.84359,35.80487],[139.84326,35.80507],[139.84306,35.80531],[139.84302,35.80548],[139.84305,35.80616],[139.84281,35.80651]]}},{"type":"Feature","properties":{"idx":1030,"road":NaN,"cls":"tertiary","shops":6,"st_km":0.05,"mesh":"53395645"},"geometry":{"type":"LineString","coordinates":[[139.82128,35.7854],[139.82131,35.78514],[139.82163,35.78508],[139.82163,35.78479]]}},{"type":"Feature","properties":{"idx":292,"road":NaN,"cls":"tertiary","shops":2,"st_km":0.08,"mesh":"53395667"},"geometry":{"type":"LineString","coordinates":[[139.84352,35.80761],[139.84375,35.80776],[139.84386,35.80776],[139.84398,35.80767],[139.84394,35.80752]]}},{"type":"Feature","properties":{"idx":1289,"road":NaN,"cls":"tertiary","shops":3,"st_km":0.99,"mesh":"53395654"},"geometry":{"type":"LineString","coordinates":[[139.8022,35.79511],[139.80208,35.79511],[139.80191,35.79522],[139.80102,35.79617]]}},{"type":"Feature","properties":{"idx":161,"road":"千住小松川葛西沖線","cls":"primary","shops":0,"st_km":0.65,"mesh":"53395605"},"geometry":{"type":"LineString","coordinates":[[139.82094,35.7552],[139.82072,35.75659],[139.82047,35.75902],[139.82036,35.75935],[139.82028,35.75991]]}},{"type":"Feature","properties":{"idx":122,"road":NaN,"cls":"tertiary","shops":0,"st_km":0.62,"mesh":"53395629"},"geometry":{"type":"LineString","coordinates":[[139.86344,35.76805],[139.86367,35.76805]]}},{"type":"Feature","properties":{"idx":126,"road":NaN,"cls":"tertiary","shops":0,"st_km":1.58,"mesh":"53395675"},"geometry":{"type":"LineString","coordinates":[[139.81851,35.81102],[139.81823,35.81122]]}},{"type":"Feature","properties":{"idx":133,"road":NaN,"cls":"tertiary","shops":0,"st_km":1.6,"mesh":"53395680"},"geometry":{"type":"LineString","coordinates":[[139.7577,35.82433],[139.75768,35.82441]]}},{"type":"Feature","properties":{"idx":133,"road":NaN,"cls":"tertiary","shops":0,"st_km":1.6,"mesh":"53395680"},"geometry":{"type":"LineString","coordinates":[[139.75768,35.82441],[139.75767,35.82445]]}},{"type":"Feature","properties":{"idx":138,"road":"川口草加線","cls":"secondary","shops":0,"st_km":1.67,"mesh":"53395650"},"geometry":{"type":"LineString","coordinates":[[139.75042,35.79978],[139.75225,35.79984],[139.75342,35.80056]]}},{"type":"Feature","properties":{"idx":219,"road":NaN,"cls":"tertiary","shops":0,"st_km":0.13,"mesh":"53395661"},"geometry":{"type":"LineString","coordinates":[[139.77022,35.80507],[139.77245,35.80513]]}},{"type":"Feature","properties":{"idx":327,"road":NaN,"cls":"tertiary","shops":0,"st_km":0.39,"mesh":"53395689"},"geometry":{"type":"LineString","coordinates":[[139.87231,35.82349],[139.87426,35.82418],[139.87597,35.82467]]}},{"type":"Feature","properties":{"idx":156,"road":"東京川口線","cls":"secondary","shops":0,"st_km":1.75,"mesh":"53395640"},"geometry":{"type":"LineString","coordinates":[[139.75053,35.79055],[139.75111,35.78969]]}},{"type":"Feature","properties":{"idx":164,"road":"東京川口線","cls":"secondary","shops":0,"st_km":1.65,"mesh":"53395640"},"geometry":{"type":"LineString","coordinates":[[139.75149,35.78913],[139.75193,35.78845],[139.7521,35.78809]]}},{"type":"Feature","properties":{"idx":166,"road":"東京川口線","cls":"secondary","shops":0,"st_km":1.62,"mesh":"53395640"},"geometry":{"type":"LineString","coordinates":[[139.7521,35.78809],[139.75221,35.78758],[139.75219,35.78723]]}},{"type":"Feature","properties":{"idx":303,"road":NaN,"cls":"tertiary","shops":1,"st_km":0.17,"mesh":"53395629"},"geometry":{"type":"LineString","coordinates":[[139.8708,35.76998],[139.8707,35.77089],[139.87243,35.77114]]}},{"type":"Feature","properties":{"idx":576,"road":NaN,"cls":"tertiary","shops":0,"st_km":0.9,"mesh":"53395628"},"geometry":{"type":"LineString","coordinates":[[139.86534,35.77162],[139.86488,35.77185],[139.86409,35.77244],[139.86315,35.77281],[139.86265,35.77289],[139.86239,35.77289],[139.86199,35.77282],[139.86159,35.77266],[139.86119,35.7724],[139.86095,35.77211],[139.86083,35.77192],[139.86074,35.77154],[139.86068,35.76962],[139.86095,35.76903],[139.86124,35.76863],[139.8615,35.76856],[139.86194,35.76859],[139.86217,35.76863],[139.86236,35.76876],[139.86242,35.76906],[139.86247,35.7702]]}},{"type":"Feature","properties":{"idx":1698,"road":"せきえい通り","cls":"tertiary","shops":1,"st_km":0.52,"mesh":"53395622"},"geometry":{"type":"LineString","coordinates":[[139.78467,35.77401],[139.78643,35.77347],[139.78991,35.77269]]}},{"type":"Feature","properties":{"idx":168,"road":NaN,"cls":"tertiary","shops":1,"st_km":0.27,"mesh":"53395653"},"geometry":{"type":"LineString","coordinates":[[139.79432,35.79299],[139.79338,35.79308],[139.79241,35.79348]]}},{"type":"Feature","properties":{"idx":3774,"road":NaN,"cls":"tertiary","shops":7,"st_km":0.2,"mesh":"53395623"},"geometry":{"type":"LineString","coordinates":[[139.79753,35.77057],[139.79663,35.77085]]}},{"type":"Feature","properties":{"idx":186,"road":"鳩ヶ谷街道","cls":"secondary","shops":0,"st_km":1.24,"mesh":"53395660"},"geometry":{"type":"LineString","coordinates":[[139.75859,35.80619],[139.75584,35.80938],[139.75486,35.81032]]}},{"type":"Feature","properties":{"idx":219,"road":"鳩ヶ谷街道","cls":"secondary","shops":0,"st_km":1.01,"mesh":"53395660"},"geometry":{"type":"LineString","coordinates":[[139.75927,35.8053],[139.75859,35.80619]]}},{"type":"Feature","properties":{"idx":255,"road":"鳩ヶ谷街道","cls":"secondary","shops":0,"st_km":0.77,"mesh":"53395650"},"geometry":{"type":"LineString","coordinates":[[139.76143,35.79821],[139.76164,35.79715],[139.7617,35.79614]]}},{"type":"Feature","properties":{"idx":99,"road":NaN,"cls":"tertiary","shops":0,"st_km":0.4,"mesh":"53395633"},"geometry":{"type":"LineString","coordinates":[[139.79187,35.77792],[139.79561,35.77723],[139.79762,35.77693]]}},{"type":"Feature","properties":{"idx":171,"road":NaN,"cls":"primary_link","shops":1,"st_km":0.13,"mesh":"53395633"},"geometry":{"type":"LineString","coordinates":[[139.78989,35.77843],[139.79026,35.77844]]}},{"type":"Feature","properties":{"idx":847,"road":NaN,"cls":"tertiary","shops":10,"st_km":0.05,"mesh":"53395633"},"geometry":{"type":"LineString","coordinates":[[139.79072,35.77815],[139.79063,35.77774],[139.79102,35.77733]]}},{"type":"Feature","properties":{"idx":275,"road":"鳩ヶ谷街道","cls":"secondary","shops":0,"st_km":0.88,"mesh":"53395640"},"geometry":{"type":"LineString","coordinates":[[139.76174,35.78714],[139.76171,35.78679],[139.76111,35.78385],[139.761,35.78307]]}},{"type":"Feature","properties":{"idx":353,"road":"鳩ヶ谷街道","cls":"secondary","shops":0,"st_km":0.85,"mesh":"53395630"},"geometry":{"type":"LineString","coordinates":[[139.761,35.78307],[139.76055,35.77832]]}},{"type":"Feature","properties":{"idx":255,"road":"鳩ヶ谷街道","cls":"secondary","shops":0,"st_km":0.77,"mesh":"53395650"},"geometry":{"type":"LineString","coordinates":[[139.7617,35.79614],[139.76154,35.79727],[139.76143,35.79737],[139.76121,35.7974]]}},{"type":"Feature","properties":{"idx":345,"road":"葛西用水桜通り","cls":"tertiary","shops":1,"st_km":1.59,"mesh":"53395657"},"geometry":{"type":"LineString","coordinates":[[139.84034,35.79403],[139.8404,35.79375]]}},{"type":"Feature","properties":{"idx":657,"road":NaN,"cls":"tertiary","shops":10,"st_km":0.25,"mesh":"53395617"},"geometry":{"type":"LineString","coordinates":[[139.84915,35.76569],[139.84964,35.76553],[139.85029,35.76525],[139.8507,35.76519]]}},{"type":"Feature","properties":{"idx":76,"road":NaN,"cls":"tertiary","shops":0,"st_km":0.41,"mesh":"53395615"},"geometry":{"type":"LineString","coordinates":[[139.81318,35.76344],[139.81352,35.76293],[139.81373,35.76238],[139.81379,35.7623],[139.81524,35.76148]]}},{"type":"Feature","properties":{"idx":1201,"road":"花畑大橋通り","cls":"tertiary","shops":1,"st_km":0.87,"mesh":"53395624"},"geometry":{"type":"LineString","coordinates":[[139.81041,35.77083],[139.81043,35.77124],[139.81096,35.77426],[139.81119,35.77672],[139.81117,35.77733]]}},{"type":"Feature","properties":{"idx":235,"road":NaN,"cls":"tertiary","shops":0,"st_km":0.34,"mesh":"53395632"},"geometry":{"type":"LineString","coordinates":[[139.78912,35.77611],[139.78587,35.77587],[139.78473,35.77589]]}},{"type":"Feature","properties":{"idx":100,"road":NaN,"cls":"secondary_link","shops":0,"st_km":1.41,"mesh":"53395613"},"geometry":{"type":"LineString","coordinates":[[139.79129,35.76134],[139.79088,35.76114],[139.79007,35.76099]]}},{"type":"Feature","properties":{"idx":142,"road":"尾竹橋通り","cls":"secondary","shops":0,"st_km":1.5,"mesh":"53395613"},"geometry":{"type":"LineString","coordinates":[[139.78876,35.7608],[139.78823,35.76172]]}},{"type":"Feature","properties":{"idx":193,"road":NaN,"cls":"secondary_link","shops":2,"st_km":1.47,"mesh":"53395613"},"geometry":{"type":"LineString","coordinates":[[139.78789,35.76232],[139.78802,35.76226],[139.78881,35.76094]]}},{"type":"Feature","properties":{"idx":810,"road":"尾竹橋通り","cls":"secondary","shops":0,"st_km":1.04,"mesh":"53395622"},"geometry":{"type":"LineString","coordinates":[[139.78823,35.76172],[139.7869,35.76403],[139.78578,35.76885],[139.78463,35.77223],[139.78473,35.77589]]}},{"type":"Feature","properties":{"idx":139,"road":"尾竹橋通り","cls":"secondary","shops":0,"st_km":1.55,"mesh":"53395613"},"geometry":{"type":"LineString","coordinates":[[139.78884,35.76056],[139.78882,35.76064]]}},{"type":"Feature","properties":{"idx":126,"road":"尾竹橋通り","cls":"secondary","shops":0,"st_km":1.72,"mesh":"53395613"},"geometry":{"type":"LineString","coordinates":[[139.78978,35.75661],[139.78884,35.76056]]}},{"type":"Feature","properties":{"idx":1470,"road":"亀田トレイン通り","cls":"tertiary","shops":2,"st_km":0.36,"mesh":"53395623"},"geometry":{"type":"LineString","coordinates":[[139.79301,35.77458],[139.79268,35.77493]]}},{"type":"Feature","properties":{"idx":736,"road":NaN,"cls":"tertiary","shops":0,"st_km":0.36,"mesh":"53395623"},"geometry":{"type":"LineString","coordinates":[[139.79017,35.77544],[139.79017,35.77497],[139.78991,35.77269]]}},{"type":"Feature","properties":{"idx":547,"road":NaN,"cls":"tertiary","shops":0,"st_km":1.18,"mesh":"53395644"},"geometry":{"type":"LineString","coordinates":[[139.80291,35.78738],[139.80281,35.78732],[139.80171,35.78717],[139.79775,35.78707]]}},{"type":"Feature","properties":{"idx":139,"road":NaN,"cls":"tertiary","shops":0,"st_km":1.53,"mesh":"53395680"},"geometry":{"type":"LineString","coordinates":[[139.75323,35.8242],[139.75042,35.82134],[139.74902,35.82054]]}},{"type":"Feature","properties":{"idx":128,"road":"南平交通公園通り","cls":"tertiary","shops":0,"st_km":1.69,"mesh":"53395660"},"geometry":{"type":"LineString","coordinates":[[139.75142,35.80703],[139.75035,35.80637]]}},{"type":"Feature","properties":{"idx":95,"road":"平和橋通り","cls":"primary_link","shops":0,"st_km":0.71,"mesh":"53395605"},"geometry":{"type":"LineString","coordinates":[[139.822,35.75194],[139.82136,35.75179],[139.82126,35.75174],[139.82115,35.7516]]}},{"type":"Feature","properties":{"idx":216,"road":NaN,"cls":"primary_link","shops":2,"st_km":0.18,"mesh":"53395633"},"geometry":{"type":"LineString","coordinates":[[139.7887,35.7784],[139.78885,35.7784],[139.78892,35.77821]]}},{"type":"Feature","properties":{"idx":562,"road":"環七通り","cls":"primary","shops":3,"st_km":0.54,"mesh":"53395632"},"geometry":{"type":"LineString","coordinates":[[139.77837,35.77804],[139.77309,35.77814]]}},{"type":"Feature","properties":{"idx":1667,"road":"尾竹橋通り","cls":"secondary","shops":2,"st_km":0.91,"mesh":"53395642"},"geometry":{"type":"LineString","coordinates":[[139.7848,35.77819],[139.78485,35.77948],[139.78548,35.78119],[139.78567,35.78188],[139.78622,35.78891],[139.78841,35.79586]]}},{"type":"Feature","properties":{"idx":1800,"road":"環七通り","cls":"primary","shops":9,"st_km":0.16,"mesh":"53395632"},"geometry":{"type":"LineString","coordinates":[[139.78215,35.77797],[139.77837,35.77804]]}},{"type":"Feature","properties":{"idx":209,"road":NaN,"cls":"tertiary","shops":0,"st_km":0.39,"mesh":"53395632"},"geometry":{"type":"LineString","coordinates":[[139.7877,35.77816],[139.78666,35.77779],[139.78575,35.77758],[139.78361,35.77785],[139.78354,35.77788],[139.78352,35.778]]}},{"type":"Feature","properties":{"idx":295,"road":"王子金町市川線","cls":"primary","shops":0,"st_km":0.75,"mesh":"53395621"},"geometry":{"type":"LineString","coordinates":[[139.76199,35.76852],[139.76301,35.76617]]}},{"type":"Feature","properties":{"idx":154,"road":NaN,"cls":"primary_link","shops":1,"st_km":1.23,"mesh":"53395610"},"geometry":{"type":"LineString","coordinates":[[139.75665,35.76219],[139.75768,35.76232],[139.75828,35.76251]]}},{"type":"Feature","properties":{"idx":568,"road":"環七通り","cls":"primary","shops":3,"st_km":0.53,"mesh":"53395632"},"geometry":{"type":"LineString","coordinates":[[139.77308,35.77822],[139.7786,35.77813]]}},{"type":"Feature","properties":{"idx":242,"road":"尾竹橋通り","cls":"secondary","shops":0,"st_km":0.36,"mesh":"53395632"},"geometry":{"type":"LineString","coordinates":[[139.78473,35.77589],[139.7848,35.77806]]}},{"type":"Feature","properties":{"idx":478,"road":"環七通り","cls":"primary","shops":1,"st_km":0.19,"mesh":"53395632"},"geometry":{"type":"LineString","coordinates":[[139.78221,35.77806],[139.7848,35.77819]]}},{"type":"Feature","properties":{"idx":211,"road":NaN,"cls":"tertiary","shops":0,"st_km":0.83,"mesh":"53395600"},"geometry":{"type":"LineString","coordinates":[[139.75692,35.75688],[139.75788,35.75944]]}},{"type":"Feature","properties":{"idx":258,"road":NaN,"cls":"tertiary","shops":0,"st_km":0.6,"mesh":"53395600"},"geometry":{"type":"LineString","coordinates":[[139.75645,35.75555],[139.75678,35.7565]]}},{"type":"Feature","properties":{"idx":185,"road":NaN,"cls":"tertiary","shops":1,"st_km":1.08,"mesh":"53395610"},"geometry":{"type":"LineString","coordinates":[[139.75798,35.75971],[139.75829,35.76033],[139.75859,35.76107]]}},{"type":"Feature","properties":{"idx":270,"road":"王子金町市川線","cls":"primary","shops":2,"st_km":1.28,"mesh":"53395610"},"geometry":{"type":"LineString","coordinates":[[139.75627,35.76208],[139.75746,35.76219]]}},{"type":"Feature","properties":{"idx":135,"road":"新荒川堤防線（区道区間）","cls":"tertiary","shops":0,"st_km":1.51,"mesh":"53395620"},"geometry":{"type":"LineString","coordinates":[[139.75004,35.7687],[139.75041,35.7688],[139.75138,35.76921],[139.75202,35.76928],[139.75276,35.76914],[139.75444,35.76857],[139.75504,35.7683],[139.75558,35.76799],[139.7562,35.76748],[139.75655,35.76697],[139.75681,35.76623]]}},{"type":"Feature","properties":{"idx":198,"road":"新荒川堤防線","cls":"secondary","shops":0,"st_km":1.23,"mesh":"53395603"},"geometry":{"type":"LineString","coordinates":[[139.79112,35.75664],[139.79448,35.7572],[139.79603,35.75738],[139.79796,35.75749],[139.8,35.75741]]}},{"type":"Feature","properties":{"idx":83,"road":"新荒川堤防線","cls":"secondary","shops":0,"st_km":0.91,"mesh":"53395604"},"geometry":{"type":"LineString","coordinates":[[139.80052,35.75736],[139.80207,35.75723]]}},{"type":"Feature","properties":{"idx":80,"road":"新荒川堤防線","cls":"secondary","shops":0,"st_km":0.96,"mesh":"53395604"},"geometry":{"type":"LineString","coordinates":[[139.8,35.75741],[139.80052,35.75736]]}},{"type":"Feature","properties":{"idx":84,"road":"新荒川堤防線","cls":"secondary","shops":0,"st_km":0.9,"mesh":"53395604"},"geometry":{"type":"LineString","coordinates":[[139.80052,35.75736],[139.80194,35.75708]]}},{"type":"Feature","properties":{"idx":134,"road":NaN,"cls":"tertiary","shops":0,"st_km":0.26,"mesh":"53395631"},"geometry":{"type":"LineString","coordinates":[[139.77161,35.78522],[139.77254,35.78351],[139.77267,35.78309],[139.77309,35.78074],[139.77408,35.77813]]}},{"type":"Feature","properties":{"idx":937,"road":"舎人公園通り","cls":"tertiary","shops":1,"st_km":0.52,"mesh":"53395652"},"geometry":{"type":"LineString","coordinates":[[139.78264,35.79475],[139.78325,35.79505],[139.78424,35.79539],[139.78452,35.79554],[139.78551,35.79594],[139.78677,35.79584],[139.78735,35.79588],[139.78826,35.79604]]}},{"type":"Feature","properties":{"idx":197,"road":"南平工業団地通り","cls":"tertiary","shops":0,"st_km":0.94,"mesh":"53395650"},"geometry":{"type":"LineString","coordinates":[[139.76026,35.7963],[139.7591,35.79669]]}},{"type":"Feature","properties":{"idx":40,"road":"舎人公園通り","cls":"tertiary","shops":0,"st_km":0.68,"mesh":"53395651"},"geometry":{"type":"LineString","coordinates":[[139.7617,35.79614],[139.76348,35.79612]]}},{"type":"Feature","properties":{"idx":294,"road":NaN,"cls":"tertiary","shops":0,"st_km":0.92,"mesh":"53395666"},"geometry":{"type":"LineString","coordinates":[[139.83393,35.80814],[139.83416,35.80738],[139.83437,35.80688],[139.83467,35.80646],[139.83602,35.80487],[139.83605,35.80479]]}},{"type":"Feature","properties":{"idx":139,"road":"千住小松川葛西沖線","cls":"primary","shops":0,"st_km":0.81,"mesh":"53395605"},"geometry":{"type":"LineString","coordinates":[[139.82335,35.7555],[139.82094,35.7552]]}},{"type":"Feature","properties":{"idx":210,"road":NaN,"cls":"tertiary","shops":0,"st_km":0.24,"mesh":"53395645"},"geometry":{"type":"LineString","coordinates":[[139.81908,35.78431],[139.81922,35.78556]]}},{"type":"Feature","properties":{"idx":307,"road":NaN,"cls":"tertiary","shops":0,"st_km":1.08,"mesh":"53395634"},"geometry":{"type":"LineString","coordinates":[[139.80567,35.77964],[139.80711,35.77992],[139.80874,35.78018],[139.81024,35.78005],[139.81717,35.77998]]}},{"type":"Feature","properties":{"idx":733,"road":"大正通り","cls":"tertiary","shops":4,"st_km":0.84,"mesh":"53395603"},"geometry":{"type":"LineString","coordinates":[[139.7985,35.75531],[139.79781,35.75352]]}},{"type":"Feature","properties":{"idx":637,"road":"大正通り","cls":"tertiary","shops":3,"st_km":0.79,"mesh":"53395603"},"geometry":{"type":"LineString","coordinates":[[139.79781,35.75352],[139.79674,35.75085]]}},{"type":"Feature","properties":{"idx":125,"road":NaN,"cls":"tertiary","shops":0,"st_km":1.71,"mesh":"53395680"},"geometry":{"type":"LineString","coordinates":[[139.75467,35.82392],[139.75565,35.82392],[139.7566,35.82414]]}},{"type":"Feature","properties":{"idx":273,"road":NaN,"cls":"tertiary","shops":0,"st_km":1.29,"mesh":"53395690"},"geometry":{"type":"LineString","coordinates":[[139.7485,35.8245],[139.74972,35.82652],[139.74994,35.82696],[139.75046,35.83037],[139.7504,35.83077],[139.7509,35.83176],[139.75135,35.8325]]}},{"type":"Feature","properties":{"idx":129,"road":NaN,"cls":"tertiary","shops":0,"st_km":0.45,"mesh":"53395671"},"geometry":{"type":"LineString","coordinates":[[139.77,35.81022],[139.77021,35.81021],[139.77073,35.80994],[139.77211,35.80945],[139.77292,35.80868],[139.77336,35.80858]]}},{"type":"Feature","properties":{"idx":178,"road":NaN,"cls":"tertiary","shops":1,"st_km":0.54,"mesh":"53395671"},"geometry":{"type":"LineString","coordinates":[[139.77412,35.81046],[139.77181,35.80958]]}},{"type":"Feature","properties":{"idx":790,"road":"遊馬通り","cls":"tertiary","shops":0,"st_km":1.08,"mesh":"53395682"},"geometry":{"type":"LineString","coordinates":[[139.77481,35.8186],[139.77626,35.81915],[139.77756,35.81986],[139.78055,35.8207],[139.78078,35.8207],[139.78201,35.82033],[139.78379,35.81972],[139.78564,35.81931]]}},{"type":"Feature","properties":{"idx":458,"road":"さいたま草加線","cls":"primary","shops":0,"st_km":1.9,"mesh":"53395691"},"geometry":{"type":"LineString","coordinates":[[139.77826,35.83396],[139.77514,35.83261],[139.76872,35.82894]]}},{"type":"Feature","properties":{"idx":200,"road":"松戸草加線","cls":"primary","shops":0,"st_km":1.5,"mesh":"53395685"},"geometry":{"type":"LineString","coordinates":[[139.81519,35.81783],[139.81582,35.81793],[139.81865,35.81862],[139.81988,35.81872]]}},{"type":"Feature","properties":{"idx":748,"road":"平方東京線","cls":"secondary","shops":2,"st_km":0.2,"mesh":"53395635"},"geometry":{"type":"LineString","coordinates":[[139.82176,35.78412],[139.82148,35.78179]]}},{"type":"Feature","properties":{"idx":167,"road":NaN,"cls":"tertiary","shops":0,"st_km":1.75,"mesh":"53395666"},"geometry":{"type":"LineString","coordinates":[[139.82206,35.80298],[139.82234,35.80356],[139.82257,35.80382],[139.825,35.8054],[139.82652,35.80666],[139.82866,35.80815],[139.82936,35.80851]]}},{"type":"Feature","properties":{"idx":388,"road":"舎人公園通り","cls":"secondary","shops":2,"st_km":1.33,"mesh":"53395656"},"geometry":{"type":"LineString","coordinates":[[139.83234,35.79339],[139.83185,35.79328]]}},{"type":"Feature","properties":{"idx":135,"road":"内匠橋花畑線","cls":"secondary","shops":0,"st_km":1.73,"mesh":"53395665"},"geometry":{"type":"LineString","coordinates":[[139.82287,35.79501],[139.82112,35.79661],[139.82017,35.79771],[139.8196,35.79823],[139.81949,35.79845],[139.81934,35.79922],[139.81907,35.80003],[139.819,35.80092],[139.81884,35.80205],[139.81878,35.80308],[139.81885,35.80376],[139.81907,35.80446],[139.81934,35.80503],[139.82014,35.8062]]}},{"type":"Feature","properties":{"idx":324,"road":NaN,"cls":"tertiary","shops":1,"st_km":1.23,"mesh":"53395662"},"geometry":{"type":"LineString","coordinates":[[139.79126,35.80326],[139.79006,35.80331],[139.78872,35.80425],[139.78739,35.80443],[139.7865,35.80481],[139.78588,35.80487],[139.78551,35.80505],[139.78524,35.8053],[139.78497,35.80539],[139.78338,35.80536],[139.78312,35.80532],[139.78237,35.80499],[139.78181,35.80493],[139.78144,35.80483],[139.78087,35.80452]]}},{"type":"Feature","properties":{"idx":199,"road":"花畑フラワーロード","cls":"tertiary","shops":1,"st_km":1.39,"mesh":"53395664"},"geometry":{"type":"LineString","coordinates":[[139.8018,35.80036],[139.80655,35.80063]]}},{"type":"Feature","properties":{"idx":163,"road":"東京川口線","cls":"secondary","shops":0,"st_km":1.42,"mesh":"53395620"},"geometry":{"type":"LineString","coordinates":[[139.76177,35.76898],[139.76121,35.76984],[139.76062,35.77061],[139.75992,35.77122],[139.75904,35.7718],[139.75756,35.77259],[139.75658,35.77303],[139.75389,35.774],[139.75323,35.77431],[139.74917,35.7767],[139.74808,35.77727],[139.74742,35.77774],[139.7469,35.7782]]}},{"type":"Feature","properties":{"idx":518,"road":"鳩ヶ谷街道","cls":"secondary","shops":2,"st_km":0.8,"mesh":"53395620"},"geometry":{"type":"LineString","coordinates":[[139.76058,35.77774],[139.76075,35.77715],[139.76092,35.77672],[139.76132,35.77496],[139.7619,35.77054],[139.76189,35.76924],[139.76186,35.76909],[139.76177,35.76898]]}},{"type":"Feature","properties":{"idx":193,"road":"八潮三郷線","cls":"secondary","shops":0,"st_km":2.29,"mesh":"53395698"},"geometry":{"type":"LineString","coordinates":[[139.85255,35.82708],[139.85385,35.82952],[139.85485,35.83118]]}},{"type":"Feature","properties":{"idx":162,"road":"環七通り","cls":"primary_link","shops":0,"st_km":0.97,"mesh":"53395627"},"geometry":{"type":"LineString","coordinates":[[139.84551,35.77393],[139.84439,35.77514],[139.84342,35.77581]]}},{"type":"Feature","properties":{"idx":158,"road":"環七通り","cls":"primary_link","shops":0,"st_km":0.9,"mesh":"53395637"},"geometry":{"type":"LineString","coordinates":[[139.84323,35.7759],[139.84225,35.77627],[139.84079,35.77658]]}},{"type":"Feature","properties":{"idx":302,"road":"環七通り","cls":"primary","shops":1,"st_km":1.04,"mesh":"53395637"},"geometry":{"type":"LineString","coordinates":[[139.84518,35.77437],[139.84443,35.77518],[139.84401,35.77551],[139.84346,35.77585],[139.84248,35.77628],[139.84135,35.77652]]}},{"type":"Feature","properties":{"idx":253,"road":"環七通り","cls":"primary","shops":0,"st_km":0.87,"mesh":"53395627"},"geometry":{"type":"LineString","coordinates":[[139.84525,35.7744],[139.84562,35.77393]]}},{"type":"Feature","properties":{"idx":168,"road":"環七通り","cls":"primary_link","shops":0,"st_km":0.93,"mesh":"53395627"},"geometry":{"type":"LineString","coordinates":[[139.8445,35.77533],[139.84505,35.77477],[139.84543,35.77428],[139.84562,35.77393]]}},{"type":"Feature","properties":{"idx":268,"road":"環七通り","cls":"primary","shops":0,"st_km":0.71,"mesh":"53395637"},"geometry":{"type":"LineString","coordinates":[[139.84079,35.77658],[139.83899,35.77677]]}},{"type":"Feature","properties":{"idx":111,"road":NaN,"cls":"tertiary_link","shops":0,"st_km":2.2,"mesh":"53395698"},"geometry":{"type":"LineString","coordinates":[[139.85568,35.83237],[139.85597,35.83244],[139.85638,35.83291],[139.85655,35.8329]]}},{"type":"Feature","properties":{"idx":249,"road":"環七通り","cls":"primary","shops":2,"st_km":0.36,"mesh":"53395636"},"geometry":{"type":"LineString","coordinates":[[139.8263,35.77777],[139.83014,35.77757]]}},{"type":"Feature","properties":{"idx":1637,"road":"環七通り","cls":"primary","shops":18,"st_km":0.09,"mesh":"53395636"},"geometry":{"type":"LineString","coordinates":[[139.83197,35.77747],[139.83382,35.77737]]}},{"type":"Feature","properties":{"idx":249,"road":"環七通り","cls":"primary","shops":2,"st_km":0.36,"mesh":"53395636"},"geometry":{"type":"LineString","coordinates":[[139.83013,35.7775],[139.8263,35.77769]]}},{"type":"Feature","properties":{"idx":236,"road":NaN,"cls":"tertiary","shops":0,"st_km":0.51,"mesh":"53395635"},"geometry":{"type":"LineString","coordinates":[[139.81766,35.77677],[139.81994,35.77671],[139.82092,35.77652],[139.82379,35.77662]]}},{"type":"Feature","properties":{"idx":395,"road":NaN,"cls":"tertiary","shops":3,"st_km":0.53,"mesh":"53395645"},"geometry":{"type":"LineString","coordinates":[[139.81647,35.78449],[139.81653,35.78482],[139.81651,35.78505],[139.81628,35.78583],[139.81624,35.78621],[139.81635,35.78652],[139.81672,35.78714],[139.8168,35.78739],[139.81694,35.78889]]}},{"type":"Feature","properties":{"idx":390,"road":"環七通り","cls":"primary","shops":3,"st_km":0.33,"mesh":"53395631"},"geometry":{"type":"LineString","coordinates":[[139.77238,35.77816],[139.76822,35.77821]]}},{"type":"Feature","properties":{"idx":393,"road":"環七通り","cls":"primary","shops":3,"st_km":0.32,"mesh":"53395631"},"geometry":{"type":"LineString","coordinates":[[139.76822,35.77828],[139.77238,35.77822]]}},{"type":"Feature","properties":{"idx":302,"road":"環七通り","cls":"primary","shops":2,"st_km":0.36,"mesh":"53395631"},"geometry":{"type":"LineString","coordinates":[[139.77309,35.77814],[139.77211,35.77809],[139.7701,35.77812]]}},{"type":"Feature","properties":{"idx":228,"road":"環七通り","cls":"primary","shops":1,"st_km":0.36,"mesh":"53395631"},"geometry":{"type":"LineString","coordinates":[[139.7675,35.77829],[139.76778,35.77834],[139.76908,35.77833]]}},{"type":"Feature","properties":{"idx":453,"road":"環七通り","cls":"primary","shops":2,"st_km":1.65,"mesh":"53395630"},"geometry":{"type":"LineString","coordinates":[[139.7483,35.77872],[139.75101,35.77867],[139.75607,35.77847]]}},{"type":"Feature","properties":{"idx":1427,"road":NaN,"cls":"tertiary","shops":0,"st_km":0.3,"mesh":"53395624"},"geometry":{"type":"LineString","coordinates":[[139.79998,35.77032],[139.80186,35.77176]]}},{"type":"Feature","properties":{"idx":405,"road":"水神橋","cls":"primary","shops":1,"st_km":0.74,"mesh":"53395664"},"geometry":{"type":"LineString","coordinates":[[139.80163,35.80805],[139.80166,35.80832]]}},{"type":"Feature","properties":{"idx":221,"road":"日光街道","cls":"primary","shops":0,"st_km":0.98,"mesh":"53395664"},"geometry":{"type":"LineString","coordinates":[[139.80131,35.80542],[139.80142,35.80574],[139.80138,35.80668]]}},{"type":"Feature","properties":{"idx":399,"road":"日光街道","cls":"primary","shops":1,"st_km":0.76,"mesh":"53395664"},"geometry":{"type":"LineString","coordinates":[[139.80162,35.80801],[139.80163,35.80805]]}},{"type":"Feature","properties":{"idx":183,"road":NaN,"cls":"tertiary","shops":0,"st_km":0.93,"mesh":"53395664"},"geometry":{"type":"LineString","coordinates":[[139.80138,35.80668],[139.8005,35.8063]]}},{"type":"Feature","properties":{"idx":498,"road":"日光街道","cls":"primary","shops":2,"st_km":0.83,"mesh":"53395664"},"geometry":{"type":"LineString","coordinates":[[139.80162,35.80801],[139.80147,35.80668]]}},{"type":"Feature","properties":{"idx":201,"road":"日光街道","cls":"primary","shops":0,"st_km":1.09,"mesh":"53395664"},"geometry":{"type":"LineString","coordinates":[[139.80155,35.80536],[139.80161,35.80463]]}},{"type":"Feature","properties":{"idx":1062,"road":"日光街道","cls":"primary","shops":1,"st_km":0.8,"mesh":"53395684"},"geometry":{"type":"LineString","coordinates":[[139.80508,35.81937],[139.80631,35.82308]]}},{"type":"Feature","properties":{"idx":567,"road":"尾竹橋通り","cls":"primary","shops":4,"st_km":0.97,"mesh":"53395602"},"geometry":{"type":"LineString","coordinates":[[139.78514,35.74967],[139.7866,35.75147]]}},{"type":"Feature","properties":{"idx":503,"road":"尾竹橋通り","cls":"primary","shops":4,"st_km":1.14,"mesh":"53395602"},"geometry":{"type":"LineString","coordinates":[[139.7866,35.75147],[139.78717,35.75217],[139.78732,35.75245]]}},{"type":"Feature","properties":{"idx":119,"road":NaN,"cls":"primary_link","shops":0,"st_km":0.21,"mesh":"53395601"},"geometry":{"type":"LineString","coordinates":[[139.76959,35.74945],[139.76966,35.75079]]}},{"type":"Feature","properties":{"idx":177,"road":NaN,"cls":"tertiary","shops":1,"st_km":0.28,"mesh":"53395601"},"geometry":{"type":"LineString","coordinates":[[139.7697,35.75224],[139.76895,35.75209]]}},{"type":"Feature","properties":{"idx":180,"road":"新荒川葛西堤防線","cls":"secondary","shops":0,"st_km":1.16,"mesh":"53395613"},"geometry":{"type":"LineString","coordinates":[[139.80352,35.76156],[139.8019,35.76186],[139.80057,35.76202],[139.79888,35.76211],[139.79754,35.7621],[139.79577,35.76197],[139.79327,35.76165],[139.78881,35.76094]]}},{"type":"Feature","properties":{"idx":296,"road":"平和橋通り","cls":"primary","shops":0,"st_km":0.38,"mesh":"53395614"},"geometry":{"type":"LineString","coordinates":[[139.80356,35.76169],[139.80583,35.76116],[139.80733,35.76067],[139.80856,35.76019],[139.80989,35.75951],[139.81147,35.75855],[139.81329,35.75731]]}},{"type":"Feature","properties":{"idx":1042,"road":"新荒川葛西堤防線","cls":"secondary","shops":0,"st_km":0.86,"mesh":"53395612"},"geometry":{"type":"LineString","coordinates":[[139.77104,35.76023],[139.77247,35.75994],[139.77428,35.75974],[139.77562,35.75968],[139.77838,35.75969],[139.78084,35.75987],[139.78619,35.76061]]}},{"type":"Feature","properties":{"idx":341,"road":NaN,"cls":"tertiary","shops":0,"st_km":0.33,"mesh":"53395600"},"geometry":{"type":"LineString","coordinates":[[139.75233,35.7537],[139.75181,35.75377]]}},{"type":"Feature","properties":{"idx":1302,"road":NaN,"cls":"pedestrian","shops":1,"st_km":1.1,"mesh":"53395622"},"geometry":{"type":"LineString","coordinates":[[139.78276,35.76806],[139.78276,35.76819],[139.78309,35.7683]]}},{"type":"Feature","properties":{"idx":175,"road":"東本郷赤山通り","cls":"tertiary","shops":0,"st_km":2.12,"mesh":"53395690"},"geometry":{"type":"LineString","coordinates":[[139.76189,35.82537],[139.76205,35.82574],[139.76207,35.82607],[139.76151,35.82934],[139.76144,35.83154],[139.76148,35.83184],[139.76164,35.8323],[139.76219,35.83306],[139.76231,35.83341],[139.76235,35.83371],[139.76227,35.83403],[139.76186,35.83487],[139.76165,35.83544],[139.76098,35.83879]]}},{"type":"Feature","properties":{"idx":197,"road":"谷塚中央通り","cls":"tertiary","shops":1,"st_km":1.3,"mesh":"53395663"},"geometry":{"type":"LineString","coordinates":[[139.79092,35.80591],[139.79239,35.80611],[139.79286,35.80622]]}},{"type":"Feature","properties":{"idx":188,"road":NaN,"cls":"tertiary","shops":1,"st_km":0.5,"mesh":"53395605"},"geometry":{"type":"LineString","coordinates":[[139.8165,35.75682],[139.81707,35.75469]]}},{"type":"Feature","properties":{"idx":260,"road":NaN,"cls":"tertiary","shops":0,"st_km":0.94,"mesh":"53395606"},"geometry":{"type":"LineString","coordinates":[[139.83687,35.75493],[139.83614,35.75539],[139.83521,35.75556],[139.83492,35.75573]]}},{"type":"Feature","properties":{"idx":686,"road":NaN,"cls":"tertiary","shops":2,"st_km":1.07,"mesh":"53395607"},"geometry":{"type":"LineString","coordinates":[[139.84122,35.75627],[139.84426,35.75695],[139.84431,35.75706],[139.84765,35.75901]]}},{"type":"Feature","properties":{"idx":330,"road":NaN,"cls":"tertiary","shops":0,"st_km":0.66,"mesh":"53395606"},"geometry":{"type":"LineString","coordinates":[[139.83562,35.75321],[139.83761,35.75302],[139.83818,35.75287]]}},{"type":"Feature","properties":{"idx":305,"road":"江北橋通り","cls":"secondary","shops":1,"st_km":1.0,"mesh":"53395613"},"geometry":{"type":"LineString","coordinates":[[139.79726,35.76345],[139.79522,35.76346]]}},{"type":"Feature","properties":{"idx":98,"road":NaN,"cls":"secondary_link","shops":0,"st_km":0.38,"mesh":"53395677"},"geometry":{"type":"LineString","coordinates":[[139.84046,35.80927],[139.84096,35.8093],[139.84137,35.80946],[139.84148,35.80945]]}},{"type":"Feature","properties":{"idx":156,"road":NaN,"cls":"tertiary","shops":1,"st_km":0.3,"mesh":"53395617"},"geometry":{"type":"LineString","coordinates":[[139.84574,35.76405],[139.84569,35.76457]]}},{"type":"Feature","properties":{"idx":1515,"road":"ゆうろーど仲町商店会","cls":"pedestrian","shops":17,"st_km":0.19,"mesh":"53395617"},"geometry":{"type":"LineString","coordinates":[[139.84866,35.76482],[139.84921,35.76566]]}},{"type":"Feature","properties":{"idx":260,"road":NaN,"cls":"primary_link","shops":0,"st_km":1.22,"mesh":"53395608"},"geometry":{"type":"LineString","coordinates":[[139.85455,35.75701],[139.85433,35.75707]]}},{"type":"Feature","properties":{"idx":129,"road":NaN,"cls":"tertiary","shops":0,"st_km":1.54,"mesh":"53395675"},"geometry":{"type":"LineString","coordinates":[[139.81766,35.81022],[139.81766,35.81088],[139.81762,35.81099]]}},{"type":"Feature","properties":{"idx":339,"road":"東京鳩ヶ谷線","cls":"secondary","shops":0,"st_km":1.26,"mesh":"53395670"},"geometry":{"type":"LineString","coordinates":[[139.75486,35.81032],[139.74931,35.8151],[139.74589,35.81931]]}},{"type":"Feature","properties":{"idx":148,"road":NaN,"cls":"tertiary","shops":0,"st_km":1.42,"mesh":"53395680"},"geometry":{"type":"LineString","coordinates":[[139.75571,35.82013],[139.75718,35.82145],[139.7586,35.82254],[139.75881,35.82309],[139.75867,35.82417]]}},{"type":"Feature","properties":{"idx":140,"road":"尾竹橋通り","cls":"secondary","shops":0,"st_km":1.54,"mesh":"53395613"},"geometry":{"type":"LineString","coordinates":[[139.78879,35.76072],[139.78876,35.7608]]}},{"type":"Feature","properties":{"idx":152,"road":"墨堤通り","cls":"secondary","shops":0,"st_km":1.61,"mesh":"53395603"},"geometry":{"type":"LineString","coordinates":[[139.78994,35.75577],[139.78913,35.7562],[139.78895,35.75624]]}},{"type":"Feature","properties":{"idx":90,"road":NaN,"cls":"secondary_link","shops":0,"st_km":1.59,"mesh":"53395613"},"geometry":{"type":"LineString","coordinates":[[139.78879,35.76072],[139.78816,35.76062],[139.7873,35.76056]]}},{"type":"Feature","properties":{"idx":193,"road":"墨堤通り","cls":"secondary","shops":0,"st_km":1.26,"mesh":"53395603"},"geometry":{"type":"LineString","coordinates":[[139.79436,35.75073],[139.79288,35.75266],[139.7911,35.75474],[139.79075,35.75511],[139.78994,35.75577]]}},{"type":"Feature","properties":{"idx":1749,"road":"環七通り","cls":"primary","shops":9,"st_km":0.19,"mesh":"53395632"},"geometry":{"type":"LineString","coordinates":[[139.7786,35.77813],[139.78101,35.77808]]}},{"type":"Feature","properties":{"idx":551,"road":NaN,"cls":"tertiary","shops":2,"st_km":0.11,"mesh":"53395632"},"geometry":{"type":"LineString","coordinates":[[139.78221,35.77806],[139.78215,35.77797]]}},{"type":"Feature","properties":{"idx":564,"road":NaN,"cls":"tertiary","shops":2,"st_km":0.09,"mesh":"53395632"},"geometry":{"type":"LineString","coordinates":[[139.78249,35.77863],[139.78221,35.77806]]}},{"type":"Feature","properties":{"idx":351,"road":"王子金町市川線","cls":"primary","shops":1,"st_km":0.89,"mesh":"53395639"},"geometry":{"type":"LineString","coordinates":[[139.86735,35.78034],[139.87299,35.77473]]}},{"type":"Feature","properties":{"idx":128,"road":NaN,"cls":"tertiary","shops":0,"st_km":0.21,"mesh":"53395667"},"geometry":{"type":"LineString","coordinates":[[139.84486,35.80592],[139.84492,35.80585]]}},{"type":"Feature","properties":{"idx":269,"road":NaN,"cls":"tertiary","shops":1,"st_km":0.28,"mesh":"53395629"},"geometry":{"type":"LineString","coordinates":[[139.87481,35.76886],[139.87457,35.76912],[139.87417,35.76924],[139.87341,35.76907],[139.87189,35.76891]]}},{"type":"Feature","properties":{"idx":652,"road":NaN,"cls":"tertiary","shops":2,"st_km":0.52,"mesh":"53395609"},"geometry":{"type":"LineString","coordinates":[[139.86684,35.75948],[139.86706,35.7593],[139.86729,35.75902],[139.87035,35.7536],[139.87081,35.75293],[139.87116,35.75251],[139.87142,35.75244],[139.8727,35.75231],[139.87337,35.75212],[139.87593,35.75105],[139.87886,35.75011],[139.88064,35.74968],[139.88216,35.74955],[139.8827,35.74938]]}},{"type":"Feature","properties":{"idx":104,"road":NaN,"cls":"tertiary","shops":0,"st_km":0.76,"mesh":"53395605"},"geometry":{"type":"LineString","coordinates":[[139.82335,35.7555],[139.82333,35.75463],[139.82371,35.75235],[139.82369,35.75191],[139.82364,35.75177]]}},{"type":"Feature","properties":{"idx":388,"road":"綾瀬川通り","cls":"tertiary","shops":5,"st_km":0.22,"mesh":"53395615"},"geometry":{"type":"LineString","coordinates":[[139.8242,35.76165],[139.82424,35.76143],[139.82393,35.75923]]}},{"type":"Feature","properties":{"idx":232,"road":NaN,"cls":"tertiary","shops":0,"st_km":0.73,"mesh":"53395616"},"geometry":{"type":"LineString","coordinates":[[139.83051,35.75753],[139.83048,35.75766],[139.83114,35.75835],[139.83128,35.75946],[139.83138,35.75971],[139.83191,35.76037],[139.83292,35.76205],[139.83337,35.76261],[139.83361,35.76281],[139.83379,35.76288],[139.83481,35.763],[139.83508,35.76298],[139.83613,35.76282],[139.83692,35.76236],[139.83754,35.76226],[139.83831,35.76237],[139.83869,35.76251]]}},{"type":"Feature","properties":{"idx":911,"road":NaN,"cls":"tertiary","shops":13,"st_km":0.15,"mesh":"53395617"},"geometry":{"type":"LineString","coordinates":[[139.85003,35.76657],[139.84834,35.76607]]}},{"type":"Feature","properties":{"idx":1044,"road":NaN,"cls":"tertiary","shops":14,"st_km":0.08,"mesh":"53395617"},"geometry":{"type":"LineString","coordinates":[[139.84834,35.76607],[139.84787,35.76579]]}},{"type":"Feature","properties":{"idx":181,"road":NaN,"cls":"tertiary","shops":2,"st_km":0.44,"mesh":"53395617"},"geometry":{"type":"LineString","coordinates":[[139.84609,35.76468],[139.84473,35.76434],[139.84425,35.76438],[139.84324,35.7647],[139.84266,35.76464],[139.84104,35.76439],[139.84095,35.76422],[139.84089,35.76389]]}},{"type":"Feature","properties":{"idx":247,"road":NaN,"cls":"pedestrian","shops":1,"st_km":1.48,"mesh":"53395639"},"geometry":{"type":"LineString","coordinates":[[139.87114,35.78242],[139.87106,35.7827],[139.87071,35.7831],[139.87066,35.78333]]}},{"type":"Feature","properties":{"idx":388,"road":"尾久橋通り","cls":"primary","shops":2,"st_km":0.28,"mesh":"53395671"},"geometry":{"type":"LineString","coordinates":[[139.77,35.81036],[139.77004,35.81126],[139.77058,35.81376]]}},{"type":"Feature","properties":{"idx":187,"road":"尾久橋通り","cls":"primary","shops":0,"st_km":0.05,"mesh":"53395601"},"geometry":{"type":"LineString","coordinates":[[139.76987,35.75291],[139.7702,35.75545]]}},{"type":"Feature","properties":{"idx":389,"road":"尾久橋通り","cls":"primary","shops":2,"st_km":0.28,"mesh":"53395671"},"geometry":{"type":"LineString","coordinates":[[139.77073,35.81378],[139.77016,35.81115],[139.77014,35.81036]]}},{"type":"Feature","properties":{"idx":754,"road":"尾久橋通り","cls":"primary","shops":4,"st_km":0.03,"mesh":"53395671"},"geometry":{"type":"LineString","coordinates":[[139.77058,35.81376],[139.77081,35.81605]]}},{"type":"Feature","properties":{"idx":75,"road":"尾久橋通り","cls":"primary","shops":0,"st_km":0.24,"mesh":"53395651"},"geometry":{"type":"LineString","coordinates":[[139.77025,35.80174],[139.77027,35.79587]]}},{"type":"Feature","properties":{"idx":145,"road":NaN,"cls":"primary_link","shops":1,"st_km":0.35,"mesh":"53395601"},"geometry":{"type":"LineString","coordinates":[[139.76966,35.75079],[139.7697,35.75224]]}},{"type":"Feature","properties":{"idx":1564,"road":"尾久橋通り","cls":"primary","shops":3,"st_km":0.01,"mesh":"53395621"},"geometry":{"type":"LineString","coordinates":[[139.77038,35.77425],[139.77042,35.77321]]}},{"type":"Feature","properties":{"idx":62,"road":"舎人公園通り","cls":"tertiary","shops":0,"st_km":0.22,"mesh":"53395651"},"geometry":{"type":"LineString","coordinates":[[139.76564,35.79611],[139.76996,35.79593],[139.77006,35.79588]]}},{"type":"Feature","properties":{"idx":131,"road":"舎人公園北通り","cls":"tertiary","shops":0,"st_km":0.65,"mesh":"53395661"},"geometry":{"type":"LineString","coordinates":[[139.77025,35.80174],[139.77948,35.80076]]}},{"type":"Feature","properties":{"idx":1083,"road":"尾久橋通り","cls":"primary","shops":2,"st_km":0.12,"mesh":"53395641"},"geometry":{"type":"LineString","coordinates":[[139.77017,35.79023],[139.77007,35.78492]]}},{"type":"Feature","properties":{"idx":170,"road":"尾久橋通り","cls":"primary","shops":0,"st_km":0.21,"mesh":"53395601"},"geometry":{"type":"LineString","coordinates":[[139.77,35.75289],[139.76973,35.74946],[139.76972,35.74741]]}},{"type":"Feature","properties":{"idx":105,"road":"舎人公園通り","cls":"tertiary","shops":1,"st_km":0.09,"mesh":"53395651"},"geometry":{"type":"LineString","coordinates":[[139.77027,35.79587],[139.77006,35.79588]]}},{"type":"Feature","properties":{"idx":229,"road":NaN,"cls":"tertiary","shops":0,"st_km":1.64,"mesh":"53395698"},"geometry":{"type":"LineString","coordinates":[[139.86155,35.83053],[139.86195,35.83106],[139.86229,35.83139],[139.86346,35.8323]]}},{"type":"Feature","properties":{"idx":187,"road":NaN,"cls":"tertiary","shops":0,"st_km":2.06,"mesh":"53395698"},"geometry":{"type":"LineString","coordinates":[[139.85778,35.83227],[139.85801,35.83261],[139.85807,35.83278],[139.85808,35.83305],[139.85802,35.83357]]}},{"type":"Feature","properties":{"idx":194,"road":NaN,"cls":"tertiary","shops":0,"st_km":1.97,"mesh":"53395698"},"geometry":{"type":"LineString","coordinates":[[139.85851,35.8319],[139.85897,35.83254],[139.85914,35.83284],[139.85927,35.83335],[139.8593,35.83379]]}},{"type":"Feature","properties":{"idx":201,"road":"八潮三郷線","cls":"secondary","shops":0,"st_km":2.18,"mesh":"53395698"},"geometry":{"type":"LineString","coordinates":[[139.85694,35.83337],[139.85655,35.8329]]}},{"type":"Feature","properties":{"idx":405,"road":NaN,"cls":"tertiary","shops":0,"st_km":0.54,"mesh":"53395619"},"geometry":{"type":"LineString","coordinates":[[139.87029,35.75867],[139.87263,35.76121],[139.87275,35.7613],[139.87403,35.76182]]}},{"type":"Feature","properties":{"idx":1150,"road":NaN,"cls":"tertiary","shops":3,"st_km":0.46,"mesh":"53395619"},"geometry":{"type":"LineString","coordinates":[[139.86764,35.76492],[139.86761,35.765]]}},{"type":"Feature","properties":{"idx":447,"road":"帝釈道","cls":"tertiary","shops":1,"st_km":0.94,"mesh":"53395619"},"geometry":{"type":"LineString","coordinates":[[139.86377,35.7627],[139.86479,35.76152],[139.86552,35.76077],[139.86725,35.75961]]}},{"type":"Feature","properties":{"idx":389,"road":"王子金町市川線","cls":"primary","shops":0,"st_km":1.51,"mesh":"53395638"},"geometry":{"type":"LineString","coordinates":[[139.85213,35.77937],[139.85258,35.77956],[139.85296,35.77958]]}},{"type":"Feature","properties":{"idx":215,"road":NaN,"cls":"pedestrian","shops":0,"st_km":2.09,"mesh":"53395658"},"geometry":{"type":"LineString","coordinates":[[139.86101,35.79472],[139.86114,35.79477],[139.86172,35.79481],[139.86191,35.79475],[139.86203,35.79464]]}},{"type":"Feature","properties":{"idx":218,"road":NaN,"cls":"pedestrian","shops":0,"st_km":2.06,"mesh":"53395658"},"geometry":{"type":"LineString","coordinates":[[139.86069,35.7946],[139.86101,35.79472]]}},{"type":"Feature","properties":{"idx":209,"road":"葛飾吉川松伏線","cls":"primary","shops":0,"st_km":1.94,"mesh":"53395658"},"geometry":{"type":"LineString","coordinates":[[139.86025,35.79578],[139.86019,35.79566]]}},{"type":"Feature","properties":{"idx":291,"road":"松戸草加線","cls":"primary","shops":0,"st_km":1.52,"mesh":"53395678"},"geometry":{"type":"LineString","coordinates":[[139.85999,35.81028],[139.86252,35.80731],[139.86317,35.80675]]}},{"type":"Feature","properties":{"idx":292,"road":"松戸草加線","cls":"primary","shops":0,"st_km":1.51,"mesh":"53395678"},"geometry":{"type":"LineString","coordinates":[[139.8631,35.80669],[139.86244,35.80727],[139.85991,35.81023]]}},{"type":"Feature","properties":{"idx":179,"road":"松戸草加線","cls":"primary","shops":0,"st_km":1.69,"mesh":"53395669"},"geometry":{"type":"LineString","coordinates":[[139.86317,35.80675],[139.86363,35.80648]]}},{"type":"Feature","properties":{"idx":180,"road":"松戸草加線","cls":"primary","shops":0,"st_km":1.68,"mesh":"53395669"},"geometry":{"type":"LineString","coordinates":[[139.86353,35.80641],[139.8631,35.80669]]}},{"type":"Feature","properties":{"idx":190,"road":NaN,"cls":"tertiary","shops":0,"st_km":0.48,"mesh":"53395674"},"geometry":{"type":"LineString","coordinates":[[139.80225,35.81032],[139.79883,35.81096]]}},{"type":"Feature","properties":{"idx":104,"road":"綾瀬川西通り","cls":"tertiary","shops":0,"st_km":1.95,"mesh":"53395675"},"geometry":{"type":"LineString","coordinates":[[139.82298,35.81433],[139.82299,35.81611],[139.82291,35.81657],[139.82274,35.81705],[139.82192,35.81862]]}},{"type":"Feature","properties":{"idx":251,"road":"松戸草加線","cls":"primary","shops":0,"st_km":1.16,"mesh":"53395685"},"geometry":{"type":"LineString","coordinates":[[139.81519,35.81783],[139.81418,35.81773],[139.81251,35.81778]]}},{"type":"Feature","properties":{"idx":251,"road":"松戸草加線","cls":"primary","shops":0,"st_km":1.17,"mesh":"53395685"},"geometry":{"type":"LineString","coordinates":[[139.81253,35.81785],[139.81519,35.81783]]}},{"type":"Feature","properties":{"idx":869,"road":"松戸草加線","cls":"primary","shops":1,"st_km":1.04,"mesh":"53395684"},"geometry":{"type":"LineString","coordinates":[[139.81232,35.81786],[139.81253,35.81785]]}},{"type":"Feature","properties":{"idx":872,"road":"松戸草加線","cls":"primary","shops":1,"st_km":1.04,"mesh":"53395684"},"geometry":{"type":"LineString","coordinates":[[139.81251,35.81778],[139.81229,35.81779]]}},{"type":"Feature","properties":{"idx":418,"road":"新郷スポーツセンター通り","cls":"tertiary","shops":0,"st_km":1.57,"mesh":"53395692"},"geometry":{"type":"LineString","coordinates":[[139.78715,35.82634],[139.78535,35.82635]]}},{"type":"Feature","properties":{"idx":188,"road":NaN,"cls":"tertiary","shops":0,"st_km":1.65,"mesh":"53395655"},"geometry":{"type":"LineString","coordinates":[[139.81745,35.79957],[139.81702,35.79963],[139.81692,35.79887],[139.817,35.79824]]}},{"type":"Feature","properties":{"idx":423,"road":"環七北通り","cls":"tertiary","shops":1,"st_km":0.36,"mesh":"53395635"},"geometry":{"type":"LineString","coordinates":[[139.82535,35.78242],[139.82485,35.7825],[139.82408,35.78253]]}},{"type":"Feature","properties":{"idx":306,"road":"王子金町市川線","cls":"primary","shops":1,"st_km":1.02,"mesh":"53395637"},"geometry":{"type":"LineString","coordinates":[[139.84323,35.7759],[139.84351,35.77599]]}},{"type":"Feature","properties":{"idx":178,"road":NaN,"cls":"tertiary","shops":0,"st_km":1.29,"mesh":"53395656"},"geometry":{"type":"LineString","coordinates":[[139.83269,35.79235],[139.83279,35.79205]]}},{"type":"Feature","properties":{"idx":600,"road":"千住新宿町線","cls":"secondary","shops":4,"st_km":1.06,"mesh":"53395618"},"geometry":{"type":"LineString","coordinates":[[139.85933,35.76181],[139.85916,35.76189],[139.85873,35.7619],[139.85839,35.76196],[139.85662,35.76274]]}},{"type":"Feature","properties":{"idx":540,"road":NaN,"cls":"tertiary","shops":1,"st_km":0.72,"mesh":"53395619"},"geometry":{"type":"LineString","coordinates":[[139.86244,35.76559],[139.86279,35.76631],[139.86305,35.76709]]}},{"type":"Feature","properties":{"idx":7198,"road":"王子金町市川線","cls":"secondary","shops":23,"st_km":0.18,"mesh":"53395609"},"geometry":{"type":"LineString","coordinates":[[139.87161,35.7553],[139.86942,35.75338],[139.86772,35.75079],[139.86664,35.74973],[139.86632,35.74954],[139.86605,35.74945],[139.86427,35.7491]]}},{"type":"Feature","properties":{"idx":574,"road":NaN,"cls":"tertiary","shops":5,"st_km":0.31,"mesh":"53395629"},"geometry":{"type":"LineString","coordinates":[[139.87379,35.76822],[139.87368,35.76832]]}},{"type":"Feature","properties":{"idx":325,"road":"新荒川堤防線","cls":"secondary","shops":2,"st_km":0.09,"mesh":"53395601"},"geometry":{"type":"LineString","coordinates":[[139.7714,35.75517],[139.77009,35.75538]]}},{"type":"Feature","properties":{"idx":186,"road":NaN,"cls":"tertiary","shops":0,"st_km":2.07,"mesh":"53395698"},"geometry":{"type":"LineString","coordinates":[[139.85778,35.83227],[139.8562,35.83023]]}},{"type":"Feature","properties":{"idx":86,"road":NaN,"cls":"pedestrian","shops":0,"st_km":0.2,"mesh":"53395651"},"geometry":{"type":"LineString","coordinates":[[139.76915,35.79382],[139.76922,35.79396],[139.76932,35.794],[139.76956,35.79423],[139.76957,35.79469],[139.76971,35.79484],[139.76977,35.795],[139.76952,35.79532],[139.76917,35.79549],[139.76921,35.79582]]}},{"type":"Feature","properties":{"idx":82,"road":NaN,"cls":"pedestrian","shops":0,"st_km":0.25,"mesh":"53395651"},"geometry":{"type":"LineString","coordinates":[[139.76997,35.7944],[139.76959,35.7944]]}},{"type":"Feature","properties":{"idx":92,"road":NaN,"cls":"pedestrian","shops":0,"st_km":0.13,"mesh":"53395651"},"geometry":{"type":"LineString","coordinates":[[139.76964,35.79519],[139.76981,35.7958]]}},{"type":"Feature","properties":{"idx":74,"road":NaN,"cls":"pedestrian","shops":0,"st_km":0.35,"mesh":"53395651"},"geometry":{"type":"LineString","coordinates":[[139.76996,35.79956],[139.76997,35.79985],[139.7704,35.79985]]}},{"type":"Feature","properties":{"idx":433,"road":NaN,"cls":"tertiary","shops":0,"st_km":0.79,"mesh":"53395652"},"geometry":{"type":"LineString","coordinates":[[139.77418,35.79292],[139.78094,35.79286]]}},{"type":"Feature","properties":{"idx":199,"road":NaN,"cls":"pedestrian","shops":0,"st_km":0.08,"mesh":"53395601"},"geometry":{"type":"LineString","coordinates":[[139.77042,35.75422],[139.77069,35.7542],[139.77074,35.75416],[139.77152,35.75414]]}},{"type":"Feature","properties":{"idx":102,"road":"入谷大橋通り","cls":"tertiary","shops":0,"st_km":0.73,"mesh":"53395671"},"geometry":{"type":"LineString","coordinates":[[139.76573,35.81062],[139.76308,35.81041]]}},{"type":"Feature","properties":{"idx":246,"road":"新砂子路橋通り","cls":"tertiary","shops":3,"st_km":0.77,"mesh":"53395671"},"geometry":{"type":"LineString","coordinates":[[139.76308,35.81041],[139.76307,35.81274]]}},{"type":"Feature","properties":{"idx":418,"road":"入谷大橋通り","cls":"tertiary","shops":1,"st_km":1.35,"mesh":"53395670"},"geometry":{"type":"LineString","coordinates":[[139.75864,35.81005],[139.75728,35.80994],[139.75664,35.80977],[139.75338,35.80806]]}},{"type":"Feature","properties":{"idx":158,"road":NaN,"cls":"tertiary","shops":1,"st_km":0.69,"mesh":"53395671"},"geometry":{"type":"LineString","coordinates":[[139.76307,35.81385],[139.76307,35.81392]]}},{"type":"Feature","properties":{"idx":211,"road":"江北橋通り","cls":"secondary","shops":1,"st_km":0.32,"mesh":"53395611"},"geometry":{"type":"LineString","coordinates":[[139.77089,35.76489],[139.77766,35.76458]]}},{"type":"Feature","properties":{"idx":845,"road":NaN,"cls":"tertiary","shops":3,"st_km":0.48,"mesh":"53395609"},"geometry":{"type":"LineString","coordinates":[[139.86916,35.76126],[139.8706,35.75805],[139.87161,35.7553]]}},{"type":"Feature","properties":{"idx":84,"road":"越谷八潮線","cls":"secondary","shops":0,"st_km":2.12,"mesh":"53395686"},"geometry":{"type":"LineString","coordinates":[[139.82508,35.82318],[139.82595,35.82042]]}},{"type":"Feature","properties":{"idx":345,"road":"平方東京線","cls":"secondary","shops":0,"st_km":2.49,"mesh":"53395697"},"geometry":{"type":"LineString","coordinates":[[139.83804,35.82449],[139.83955,35.82537],[139.83983,35.82569],[139.83992,35.82596],[139.83829,35.83469],[139.83839,35.83491],[139.83906,35.83547]]}},{"type":"Feature","properties":{"idx":272,"road":"三郷八潮東西線","cls":"tertiary","shops":0,"st_km":1.01,"mesh":"53395666"},"geometry":{"type":"LineString","coordinates":[[139.83377,35.80063],[139.83388,35.8007],[139.83725,35.80141],[139.83993,35.80181]]}},{"type":"Feature","properties":{"idx":277,"road":NaN,"cls":"tertiary","shops":0,"st_km":0.56,"mesh":"53395689"},"geometry":{"type":"LineString","coordinates":[[139.87557,35.82064],[139.87508,35.82053],[139.87366,35.8204]]}},{"type":"Feature","properties":{"idx":325,"road":NaN,"cls":"tertiary","shops":0,"st_km":0.39,"mesh":"53395689"},"geometry":{"type":"LineString","coordinates":[[139.87426,35.82418],[139.87436,35.82409],[139.87479,35.82254],[139.87557,35.82064]]}},{"type":"Feature","properties":{"idx":230,"road":NaN,"cls":"tertiary","shops":0,"st_km":0.76,"mesh":"53395689"},"geometry":{"type":"LineString","coordinates":[[139.87268,35.81832],[139.87585,35.81866]]}},{"type":"Feature","properties":{"idx":322,"road":NaN,"cls":"tertiary","shops":0,"st_km":0.4,"mesh":"53395689"},"geometry":{"type":"LineString","coordinates":[[139.87546,35.82069],[139.87448,35.82315],[139.87425,35.82407],[139.87426,35.82418]]}},{"type":"Feature","properties":{"idx":158,"road":NaN,"cls":"tertiary","shops":0,"st_km":1.12,"mesh":"53395664"},"geometry":{"type":"LineString","coordinates":[[139.81078,35.80808],[139.81079,35.80834]]}},{"type":"Feature","properties":{"idx":766,"road":"草花ふれあい通り","cls":"tertiary","shops":1,"st_km":0.93,"mesh":"53395684"},"geometry":{"type":"LineString","coordinates":[[139.80964,35.81242],[139.80937,35.81456],[139.80936,35.81486],[139.80944,35.81527],[139.80975,35.81602],[139.81131,35.81924],[139.81149,35.81983],[139.81152,35.82028],[139.81144,35.82419]]}},{"type":"Feature","properties":{"idx":268,"road":NaN,"cls":"tertiary","shops":1,"st_km":1.68,"mesh":"53395630"},"geometry":{"type":"LineString","coordinates":[[139.75106,35.77858],[139.75105,35.77791],[139.75114,35.77758],[139.75136,35.77726],[139.75174,35.77698],[139.75181,35.77687]]}},{"type":"Feature","properties":{"idx":115,"road":NaN,"cls":"primary_link","shops":0,"st_km":0.12,"mesh":"53395633"},"geometry":{"type":"LineString","coordinates":[[139.78995,35.77824],[139.78989,35.77825],[139.78989,35.77843]]}},{"type":"Feature","properties":{"idx":350,"road":NaN,"cls":"primary_link","shops":4,"st_km":0.11,"mesh":"53395633"},"geometry":{"type":"LineString","coordinates":[[139.79065,35.77824],[139.79027,35.77825]]}},{"type":"Feature","properties":{"idx":108,"road":NaN,"cls":"tertiary","shops":0,"st_km":1.96,"mesh":"53395665"},"geometry":{"type":"LineString","coordinates":[[139.82055,35.80607],[139.82014,35.8062]]}},{"type":"Feature","properties":{"idx":220,"road":NaN,"cls":"pedestrian","shops":0,"st_km":2.58,"mesh":"53395659"},"geometry":{"type":"LineString","coordinates":[[139.86696,35.79431],[139.86808,35.79367],[139.86845,35.79337],[139.86876,35.79303],[139.86969,35.79181],[139.87008,35.79108],[139.87015,35.79076]]}},{"type":"Feature","properties":{"idx":209,"road":NaN,"cls":"pedestrian","shops":0,"st_km":2.79,"mesh":"53395659"},"geometry":{"type":"LineString","coordinates":[[139.87146,35.79512],[139.87146,35.79516]]}},{"type":"Feature","properties":{"idx":174,"road":NaN,"cls":"pedestrian","shops":0,"st_km":2.39,"mesh":"53395649"},"geometry":{"type":"LineString","coordinates":[[139.87039,35.79108],[139.87033,35.79105]]}},{"type":"Feature","properties":{"idx":198,"road":NaN,"cls":"pedestrian","shops":0,"st_km":2.04,"mesh":"53395649"},"geometry":{"type":"LineString","coordinates":[[139.87033,35.79105],[139.87015,35.79076],[139.86994,35.78994],[139.86969,35.78848],[139.87008,35.7854],[139.87008,35.78521],[139.86985,35.78463]]}},{"type":"Feature","properties":{"idx":246,"road":"王子金町市川線","cls":"primary","shops":1,"st_km":1.35,"mesh":"53395639"},"geometry":{"type":"LineString","coordinates":[[139.86636,35.78152],[139.86679,35.78099]]}},{"type":"Feature","properties":{"idx":247,"road":"王子金町市川線","cls":"primary","shops":1,"st_km":1.34,"mesh":"53395639"},"geometry":{"type":"LineString","coordinates":[[139.8667,35.78093],[139.86647,35.78121],[139.86636,35.78152]]}},{"type":"Feature","properties":{"idx":199,"road":NaN,"cls":"pedestrian","shops":0,"st_km":1.21,"mesh":"53395639"},"geometry":{"type":"LineString","coordinates":[[139.87083,35.78177],[139.87063,35.7819],[139.8707,35.7821],[139.87064,35.78221],[139.87063,35.78236],[139.87042,35.78241],[139.87026,35.78232],[139.8701,35.78186],[139.87029,35.78168],[139.87035,35.7814],[139.8705,35.78121],[139.87106,35.78086],[139.87149,35.78087],[139.87174,35.7808],[139.87204,35.7805],[139.87253,35.78025],[139.87272,35.78026],[139.87308,35.78037],[139.87345,35.78061],[139.87404,35.7807],[139.87445,35.78091],[139.8758,35.78073],[139.87651,35.78073],[139.87717,35.7808],[139.87736,35.78074]]}},{"type":"Feature","properties":{"idx":178,"road":NaN,"cls":"pedestrian","shops":0,"st_km":1.37,"mesh":"53395639"},"geometry":{"type":"LineString","coordinates":[[139.87081,35.78343],[139.87337,35.78065],[139.87361,35.78034],[139.87367,35.78005]]}},{"type":"Feature","properties":{"idx":354,"road":NaN,"cls":"pedestrian","shops":2,"st_km":1.38,"mesh":"53395639"},"geometry":{"type":"LineString","coordinates":[[139.86996,35.78255],[139.87061,35.78258],[139.87081,35.78247],[139.87129,35.78237],[139.87203,35.78163],[139.87209,35.78151],[139.87254,35.78129],[139.87283,35.781],[139.87293,35.7808],[139.87276,35.78052]]}},{"type":"Feature","properties":{"idx":187,"road":NaN,"cls":"pedestrian","shops":0,"st_km":1.29,"mesh":"53395639"},"geometry":{"type":"LineString","coordinates":[[139.87106,35.78192],[139.87063,35.78163],[139.87064,35.7814],[139.87079,35.78123],[139.871,35.78112],[139.87146,35.78115],[139.87179,35.78103],[139.87236,35.78062],[139.87276,35.78052],[139.87299,35.78034]]}},{"type":"Feature","properties":{"idx":358,"road":NaN,"cls":"pedestrian","shops":2,"st_km":1.36,"mesh":"53395639"},"geometry":{"type":"LineString","coordinates":[[139.87178,35.78157],[139.87225,35.78186]]}},{"type":"Feature","properties":{"idx":252,"road":NaN,"cls":"pedestrian","shops":1,"st_km":1.46,"mesh":"53395639"},"geometry":{"type":"LineString","coordinates":[[139.87052,35.78269],[139.87067,35.78256]]}},{"type":"Feature","properties":{"idx":189,"road":NaN,"cls":"pedestrian","shops":0,"st_km":1.28,"mesh":"53395639"},"geometry":{"type":"LineString","coordinates":[[139.87086,35.78118],[139.87067,35.78098]]}},{"type":"Feature","properties":{"idx":190,"road":NaN,"cls":"pedestrian","shops":0,"st_km":1.27,"mesh":"53395639"},"geometry":{"type":"LineString","coordinates":[[139.87151,35.78113],[139.87144,35.78075]]}},{"type":"Feature","properties":{"idx":340,"road":"草加八潮三郷線","cls":"secondary","shops":0,"st_km":0.96,"mesh":"53395695"},"geometry":{"type":"LineString","coordinates":[[139.81377,35.82808],[139.81447,35.82806]]}},{"type":"Feature","properties":{"idx":255,"road":"白山小台線","cls":"secondary","shops":0,"st_km":0.77,"mesh":"53395600"},"geometry":{"type":"LineString","coordinates":[[139.76242,35.75642],[139.76186,35.7577],[139.76182,35.75845]]}},{"type":"Feature","properties":{"idx":117,"road":"白山小台線","cls":"secondary","shops":0,"st_km":0.41,"mesh":"53395601"},"geometry":{"type":"LineString","coordinates":[[139.76236,35.75355],[139.76265,35.75474]]}},{"type":"Feature","properties":{"idx":121,"road":"内匠橋花畑線","cls":"secondary","shops":0,"st_km":1.87,"mesh":"53395675"},"geometry":{"type":"LineString","coordinates":[[139.82124,35.81084],[139.82139,35.81094],[139.82151,35.8111],[139.82237,35.8131]]}},{"type":"Feature","properties":{"idx":185,"road":"内匠橋花畑線","cls":"secondary","shops":1,"st_km":1.83,"mesh":"53395675"},"geometry":{"type":"LineString","coordinates":[[139.82081,35.80974],[139.82079,35.81002]]}},{"type":"Feature","properties":{"idx":247,"road":"内匠橋花畑線","cls":"secondary","shops":2,"st_km":1.84,"mesh":"53395675"},"geometry":{"type":"LineString","coordinates":[[139.82109,35.81077],[139.82124,35.81084]]}},{"type":"Feature","properties":{"idx":157,"road":"吉場安行東京線","cls":"secondary","shops":0,"st_km":1.22,"mesh":"53395663"},"geometry":{"type":"LineString","coordinates":[[139.79104,35.80524],[139.79101,35.80547]]}},{"type":"Feature","properties":{"idx":376,"road":"吉場安行東京線","cls":"secondary","shops":0,"st_km":1.92,"mesh":"53395692"},"geometry":{"type":"LineString","coordinates":[[139.7829,35.82635],[139.77967,35.83251],[139.77934,35.83295]]}},{"type":"Feature","properties":{"idx":239,"road":"平方東京線","cls":"secondary","shops":0,"st_km":1.44,"mesh":"53395655"},"geometry":{"type":"LineString","coordinates":[[139.82663,35.79949],[139.8233,35.7955]]}},{"type":"Feature","properties":{"idx":101,"road":"松戸草加線","cls":"primary","shops":0,"st_km":0.9,"mesh":"53395677"},"geometry":{"type":"LineString","coordinates":[[139.84401,35.81164],[139.84213,35.81493],[139.84166,35.81552],[139.84126,35.81583],[139.83851,35.81747],[139.83823,35.81756],[139.83731,35.8177]]}},{"type":"Feature","properties":{"idx":148,"road":"松戸草加線","cls":"primary","shops":0,"st_km":2.11,"mesh":"53395685"},"geometry":{"type":"LineString","coordinates":[[139.82688,35.81746],[139.82484,35.81787],[139.82439,35.818],[139.82347,35.81845],[139.82329,35.81868]]}},{"type":"Feature","properties":{"idx":218,"road":"葛飾吉川松伏線","cls":"primary","shops":0,"st_km":1.1,"mesh":"53395689"},"geometry":{"type":"LineString","coordinates":[[139.86981,35.81778],[139.86983,35.81712]]}},{"type":"Feature","properties":{"idx":381,"road":"川口草加線","cls":"secondary","shops":0,"st_km":1.14,"mesh":"53395673"},"geometry":{"type":"LineString","coordinates":[[139.78892,35.8163],[139.7891,35.8163]]}},{"type":"Feature","properties":{"idx":207,"road":"葛飾吉川松伏線","cls":"primary","shops":0,"st_km":1.96,"mesh":"53395658"},"geometry":{"type":"LineString","coordinates":[[139.85976,35.79516],[139.85965,35.79484]]}},{"type":"Feature","properties":{"idx":4086,"road":"川口草加線","cls":"secondary","shops":0,"st_km":0.47,"mesh":"53395683"},"geometry":{"type":"LineString","coordinates":[[139.80462,35.81799],[139.79597,35.81676],[139.7891,35.8163]]}},{"type":"Feature","properties":{"idx":151,"road":"松戸草加線","cls":"primary","shops":0,"st_km":2.05,"mesh":"53395669"},"geometry":{"type":"LineString","coordinates":[[139.8707,35.80254],[139.87006,35.80276],[139.86935,35.8031],[139.86353,35.80641]]}},{"type":"Feature","properties":{"idx":873,"road":"環七通り","cls":"primary","shops":2,"st_km":0.29,"mesh":"53395627"},"geometry":{"type":"LineString","coordinates":[[139.84831,35.77033],[139.84975,35.76739]]}},{"type":"Feature","properties":{"idx":473,"road":"環七通り","cls":"primary","shops":1,"st_km":0.62,"mesh":"53395627"},"geometry":{"type":"LineString","coordinates":[[139.8482,35.77031],[139.84551,35.77393]]}},{"type":"Feature","properties":{"idx":203,"road":"葛飾吉川松伏線","cls":"primary","shops":1,"st_km":1.73,"mesh":"53395679"},"geometry":{"type":"LineString","coordinates":[[139.86983,35.81712],[139.86954,35.81601],[139.86934,35.81416],[139.86934,35.81377],[139.86946,35.81296],[139.86907,35.81189],[139.86782,35.81014],[139.86748,35.80975],[139.86643,35.809],[139.8655,35.80815],[139.86447,35.8071],[139.86363,35.80648]]}},{"type":"Feature","properties":{"idx":699,"road":"川の手通り","cls":"primary","shops":1,"st_km":0.64,"mesh":"53395606"},"geometry":{"type":"LineString","coordinates":[[139.82821,35.75675],[139.8286,35.75781]]}},{"type":"Feature","properties":{"idx":1333,"road":"綾瀬川通り","cls":"tertiary","shops":19,"st_km":0.09,"mesh":"53395615"},"geometry":{"type":"LineString","coordinates":[[139.82418,35.76176],[139.8242,35.76165]]}},{"type":"Feature","properties":{"idx":1343,"road":"綾瀬川通り","cls":"tertiary","shops":19,"st_km":0.08,"mesh":"53395615"},"geometry":{"type":"LineString","coordinates":[[139.82418,35.76176],[139.82416,35.76186]]}},{"type":"Feature","properties":{"idx":99,"road":"綾瀬川通り","cls":"tertiary","shops":0,"st_km":0.33,"mesh":"53395615"},"geometry":{"type":"LineString","coordinates":[[139.82378,35.76419],[139.82372,35.76464],[139.82399,35.76603]]}},{"type":"Feature","properties":{"idx":302,"road":NaN,"cls":"tertiary","shops":2,"st_km":0.49,"mesh":"53395605"},"geometry":{"type":"LineString","coordinates":[[139.82289,35.75809],[139.82377,35.75805]]}},{"type":"Feature","properties":{"idx":1798,"road":NaN,"cls":"tertiary","shops":26,"st_km":0.08,"mesh":"53395615"},"geometry":{"type":"LineString","coordinates":[[139.82409,35.76225],[139.82393,35.76224]]}},{"type":"Feature","properties":{"idx":135,"road":"綾瀬川通り","cls":"tertiary","shops":0,"st_km":0.6,"mesh":"53395605"},"geometry":{"type":"LineString","coordinates":[[139.82377,35.75805],[139.82341,35.75582]]}},{"type":"Feature","properties":{"idx":183,"road":NaN,"cls":"tertiary","shops":1,"st_km":0.25,"mesh":"53395601"},"geometry":{"type":"LineString","coordinates":[[139.7711,35.7525],[139.77006,35.75224],[139.7697,35.75224]]}},{"type":"Feature","properties":{"idx":210,"road":NaN,"cls":"tertiary","shops":0,"st_km":1.18,"mesh":"53395662"},"geometry":{"type":"LineString","coordinates":[[139.78308,35.8067],[139.78315,35.80646]]}},{"type":"Feature","properties":{"idx":2170,"road":"毛長橋通り","cls":"tertiary","shops":0,"st_km":0.84,"mesh":"53395672"},"geometry":{"type":"LineString","coordinates":[[139.77712,35.81556],[139.7779,35.81396],[139.77819,35.81344],[139.77859,35.8129],[139.78149,35.80988],[139.78243,35.80884]]}},{"type":"Feature","properties":{"idx":156,"road":"王子金町市川線","cls":"primary","shops":0,"st_km":1.13,"mesh":"53395610"},"geometry":{"type":"LineString","coordinates":[[139.75842,35.76246],[139.75851,35.7625]]}},{"type":"Feature","properties":{"idx":467,"road":NaN,"cls":"tertiary","shops":0,"st_km":0.94,"mesh":"53395646"},"geometry":{"type":"LineString","coordinates":[[139.82849,35.79119],[139.8285,35.7914]]}},{"type":"Feature","properties":{"idx":667,"road":NaN,"cls":"tertiary","shops":4,"st_km":0.99,"mesh":"53395656"},"geometry":{"type":"LineString","coordinates":[[139.8285,35.79147],[139.82836,35.79198],[139.82834,35.79228]]}},{"type":"Feature","properties":{"idx":747,"road":NaN,"cls":"tertiary","shops":9,"st_km":0.09,"mesh":"53395633"},"geometry":{"type":"LineString","coordinates":[[139.79037,35.77654],[139.79037,35.77648],[139.79028,35.77642]]}},{"type":"Feature","properties":{"idx":387,"road":NaN,"cls":"tertiary","shops":1,"st_km":0.05,"mesh":"53395645"},"geometry":{"type":"LineString","coordinates":[[139.82163,35.78479],[139.82154,35.78466],[139.82128,35.78467],[139.8212,35.78476],[139.82121,35.78494]]}},{"type":"Feature","properties":{"idx":104,"road":NaN,"cls":"tertiary","shops":0,"st_km":0.42,"mesh":"53395601"},"geometry":{"type":"LineString","coordinates":[[139.77739,35.75295],[139.77368,35.75274],[139.7711,35.7525]]}},{"type":"Feature","properties":{"idx":206,"road":NaN,"cls":"tertiary","shops":0,"st_km":0.69,"mesh":"53395602"},"geometry":{"type":"LineString","coordinates":[[139.7777,35.75296],[139.77739,35.75295]]}},{"type":"Feature","properties":{"idx":288,"road":NaN,"cls":"tertiary","shops":1,"st_km":0.73,"mesh":"53395602"},"geometry":{"type":"LineString","coordinates":[[139.77805,35.75076],[139.77816,35.75088],[139.77822,35.75157],[139.77826,35.75162]]}},{"type":"Feature","properties":{"idx":380,"road":"葛飾吉川松伏線","cls":"primary","shops":0,"st_km":2.52,"mesh":"53395697"},"geometry":{"type":"LineString","coordinates":[[139.8445,35.84475],[139.84468,35.84418],[139.8451,35.84172],[139.84518,35.84038],[139.84517,35.83846],[139.84526,35.83729],[139.84537,35.83667],[139.84614,35.83399],[139.8463,35.83271],[139.8467,35.83121],[139.84693,35.83068],[139.84725,35.83016],[139.84815,35.82884],[139.84916,35.82773],[139.84955,35.82736],[139.85007,35.82697],[139.85123,35.8263],[139.85274,35.82555],[139.85457,35.82485],[139.8567,35.82432],[139.85857,35.82406],[139.86009,35.82405],[139.86194,35.82414]]}},{"type":"Feature","properties":{"idx":62,"road":NaN,"cls":"tertiary_link","shops":0,"st_km":1.89,"mesh":"53395679"},"geometry":{"type":"LineString","coordinates":[[139.87101,35.80825],[139.86903,35.80939]]}},{"type":"Feature","properties":{"idx":143,"road":NaN,"cls":"tertiary","shops":0,"st_km":1.63,"mesh":"53395656"},"geometry":{"type":"LineString","coordinates":[[139.83602,35.79419],[139.83636,35.79319]]}},{"type":"Feature","properties":{"idx":534,"road":NaN,"cls":"pedestrian","shops":0,"st_km":0.63,"mesh":"53395668"},"geometry":{"type":"LineString","coordinates":[[139.85147,35.80808],[139.85201,35.80791]]}},{"type":"Feature","properties":{"idx":130,"road":"松戸草加線","cls":"primary","shops":0,"st_km":0.41,"mesh":"53395667"},"geometry":{"type":"LineString","coordinates":[[139.84883,35.80313],[139.84843,35.80368],[139.8466,35.80683]]}},{"type":"Feature","properties":{"idx":242,"road":"松戸草加線","cls":"primary","shops":1,"st_km":0.2,"mesh":"53395667"},"geometry":{"type":"LineString","coordinates":[[139.84666,35.80696],[139.8467,35.80688]]}},{"type":"Feature","properties":{"idx":130,"road":"松戸草加線","cls":"primary","shops":0,"st_km":0.41,"mesh":"53395667"},"geometry":{"type":"LineString","coordinates":[[139.8467,35.80688],[139.84747,35.80543],[139.84883,35.80313]]}},{"type":"Feature","properties":{"idx":318,"road":"松戸草加線","cls":"primary","shops":1,"st_km":0.13,"mesh":"53395677"},"geometry":{"type":"LineString","coordinates":[[139.84656,35.80691],[139.84539,35.80932],[139.8449,35.8102]]}},{"type":"Feature","properties":{"idx":213,"road":NaN,"cls":"pedestrian","shops":0,"st_km":1.88,"mesh":"53395649"},"geometry":{"type":"LineString","coordinates":[[139.86988,35.78663],[139.86975,35.78652],[139.86975,35.78642],[139.86997,35.78622]]}},{"type":"Feature","properties":{"idx":374,"road":"松戸草加線","cls":"primary","shops":0,"st_km":0.93,"mesh":"53395668"},"geometry":{"type":"LineString","coordinates":[[139.85113,35.80115],[139.85106,35.8012]]}},{"type":"Feature","properties":{"idx":334,"road":"松戸草加線","cls":"primary","shops":0,"st_km":1.07,"mesh":"53395668"},"geometry":{"type":"LineString","coordinates":[[139.8523,35.8003],[139.85225,35.80033]]}},{"type":"Feature","properties":{"idx":254,"road":"王子金町市川線","cls":"primary","shops":2,"st_km":1.39,"mesh":"53395610"},"geometry":{"type":"LineString","coordinates":[[139.75274,35.76363],[139.7533,35.76343],[139.75395,35.76309]]}},{"type":"Feature","properties":{"idx":406,"road":"王子金町市川線","cls":"primary","shops":4,"st_km":1.27,"mesh":"53395610"},"geometry":{"type":"LineString","coordinates":[[139.7559,35.76204],[139.75627,35.76208]]}},{"type":"Feature","properties":{"idx":316,"road":NaN,"cls":"tertiary","shops":1,"st_km":0.67,"mesh":"53395635"},"geometry":{"type":"LineString","coordinates":[[139.82251,35.77801],[139.82256,35.77953]]}},{"type":"Feature","properties":{"idx":227,"road":NaN,"cls":"tertiary","shops":0,"st_km":0.59,"mesh":"53395635"},"geometry":{"type":"LineString","coordinates":[[139.82145,35.77952],[139.82443,35.77959]]}},{"type":"Feature","properties":{"idx":244,"road":NaN,"cls":"tertiary","shops":0,"st_km":0.1,"mesh":"53395645"},"geometry":{"type":"LineString","coordinates":[[139.8228,35.78404],[139.82295,35.78527]]}},{"type":"Feature","properties":{"idx":226,"road":"綾瀬川通り","cls":"tertiary","shops":3,"st_km":0.42,"mesh":"53395615"},"geometry":{"type":"LineString","coordinates":[[139.82393,35.75923],[139.82377,35.75805]]}},{"type":"Feature","properties":{"idx":247,"road":NaN,"cls":"tertiary","shops":0,"st_km":1.11,"mesh":"53395606"},"geometry":{"type":"LineString","coordinates":[[139.83378,35.75401],[139.83509,35.75602],[139.83595,35.75926],[139.83596,35.75957],[139.83585,35.76033]]}},{"type":"Feature","properties":{"idx":165,"road":"江北橋通り","cls":"secondary","shops":0,"st_km":1.28,"mesh":"53395613"},"geometry":{"type":"LineString","coordinates":[[139.78766,35.76391],[139.78951,35.76378]]}},{"type":"Feature","properties":{"idx":259,"road":NaN,"cls":"tertiary","shops":0,"st_km":0.63,"mesh":"53395689"},"geometry":{"type":"LineString","coordinates":[[139.87122,35.82294],[139.87202,35.82331]]}},{"type":"Feature","properties":{"idx":184,"road":"千住小松川葛西沖線","cls":"primary","shops":1,"st_km":0.77,"mesh":"53395605"},"geometry":{"type":"LineString","coordinates":[[139.82014,35.75565],[139.82052,35.75567]]}},{"type":"Feature","properties":{"idx":282,"road":NaN,"cls":"tertiary","shops":0,"st_km":1.68,"mesh":"53395638"},"geometry":{"type":"LineString","coordinates":[[139.85296,35.77958],[139.8608,35.78035]]}},{"type":"Feature","properties":{"idx":211,"road":"草加産業道路","cls":"secondary","shops":0,"st_km":1.64,"mesh":"53395695"},"geometry":{"type":"LineString","coordinates":[[139.82034,35.83298],[139.8213,35.83096],[139.82258,35.82852]]}},{"type":"Feature","properties":{"idx":104,"road":"八潮三郷線","cls":"secondary","shops":0,"st_km":0.75,"mesh":"53395677"},"geometry":{"type":"LineString","coordinates":[[139.84553,35.81412],[139.84607,35.81479]]}},{"type":"Feature","properties":{"idx":110,"road":"八潮三郷線","cls":"secondary","shops":0,"st_km":0.69,"mesh":"53395677"},"geometry":{"type":"LineString","coordinates":[[139.84583,35.81403],[139.8456,35.81375]]}},{"type":"Feature","properties":{"idx":98,"road":"八潮三郷線","cls":"secondary","shops":0,"st_km":0.81,"mesh":"53395677"},"geometry":{"type":"LineString","coordinates":[[139.84607,35.81479],[139.84638,35.8152]]}},{"type":"Feature","properties":{"idx":85,"road":NaN,"cls":"tertiary","shops":0,"st_km":0.84,"mesh":"53395677"},"geometry":{"type":"LineString","coordinates":[[139.84261,35.81528],[139.84213,35.81493]]}},{"type":"Feature","properties":{"idx":113,"road":"八潮三郷線","cls":"secondary","shops":0,"st_km":0.66,"mesh":"53395677"},"geometry":{"type":"LineString","coordinates":[[139.84478,35.81323],[139.84553,35.81412]]}},{"type":"Feature","properties":{"idx":126,"road":"八潮三郷線","cls":"secondary","shops":0,"st_km":0.54,"mesh":"53395677"},"geometry":{"type":"LineString","coordinates":[[139.84514,35.81314],[139.84433,35.81228],[139.8442,35.81225]]}},{"type":"Feature","properties":{"idx":85,"road":"八潮三郷線","cls":"secondary","shops":0,"st_km":0.98,"mesh":"53395677"},"geometry":{"type":"LineString","coordinates":[[139.84638,35.8152],[139.84798,35.81761]]}},{"type":"Feature","properties":{"idx":147,"road":"八潮三郷線","cls":"secondary","shops":0,"st_km":1.03,"mesh":"53395687"},"geometry":{"type":"LineString","coordinates":[[139.8482,35.81756],[139.84719,35.81594]]}},{"type":"Feature","properties":{"idx":121,"road":"八潮三郷線","cls":"secondary","shops":0,"st_km":1.3,"mesh":"53395687"},"geometry":{"type":"LineString","coordinates":[[139.84846,35.81847],[139.84895,35.81953]]}},{"type":"Feature","properties":{"idx":121,"road":"八潮三郷線","cls":"secondary","shops":0,"st_km":1.3,"mesh":"53395687"},"geometry":{"type":"LineString","coordinates":[[139.84916,35.81946],[139.84866,35.81841]]}},{"type":"Feature","properties":{"idx":101,"road":"八潮三郷線","cls":"secondary","shops":0,"st_km":1.57,"mesh":"53395687"},"geometry":{"type":"LineString","coordinates":[[139.84895,35.81953],[139.85067,35.82316]]}},{"type":"Feature","properties":{"idx":842,"road":"八潮三郷線","cls":"secondary","shops":9,"st_km":0.34,"mesh":"53395677"},"geometry":{"type":"LineString","coordinates":[[139.84273,35.81049],[139.84148,35.80945]]}},{"type":"Feature","properties":{"idx":102,"road":"八潮三郷線","cls":"secondary","shops":0,"st_km":0.56,"mesh":"53395667"},"geometry":{"type":"LineString","coordinates":[[139.83869,35.80777],[139.83849,35.80765]]}},{"type":"Feature","properties":{"idx":103,"road":"八潮三郷線","cls":"secondary","shops":0,"st_km":0.55,"mesh":"53395667"},"geometry":{"type":"LineString","coordinates":[[139.83843,35.80789],[139.839,35.80824]]}},{"type":"Feature","properties":{"idx":134,"road":NaN,"cls":"secondary_link","shops":0,"st_km":1.28,"mesh":"53395656"},"geometry":{"type":"LineString","coordinates":[[139.82739,35.79529],[139.82763,35.79532]]}},{"type":"Feature","properties":{"idx":246,"road":NaN,"cls":"tertiary","shops":0,"st_km":0.68,"mesh":"53395689"},"geometry":{"type":"LineString","coordinates":[[139.87223,35.82017],[139.8723,35.82022],[139.87343,35.82037]]}},{"type":"Feature","properties":{"idx":277,"road":NaN,"cls":"tertiary","shops":0,"st_km":0.56,"mesh":"53395689"},"geometry":{"type":"LineString","coordinates":[[139.87366,35.8204],[139.87506,35.82059],[139.87546,35.82069]]}},{"type":"Feature","properties":{"idx":256,"road":"平方東京線","cls":"secondary","shops":0,"st_km":0.55,"mesh":"53395635"},"geometry":{"type":"LineString","coordinates":[[139.82084,35.77576],[139.82085,35.7762],[139.82124,35.77801]]}},{"type":"Feature","properties":{"idx":109,"road":"垳三郷線","cls":"tertiary","shops":0,"st_km":0.37,"mesh":"53395667"},"geometry":{"type":"LineString","coordinates":[[139.84237,35.80844],[139.84157,35.80775],[139.84128,35.80737],[139.84101,35.80685],[139.8408,35.80604],[139.84064,35.80443]]}},{"type":"Feature","properties":{"idx":1044,"road":NaN,"cls":"tertiary","shops":9,"st_km":0.23,"mesh":"53395629"},"geometry":{"type":"LineString","coordinates":[[139.87284,35.76991],[139.8728,35.77016]]}},{"type":"Feature","properties":{"idx":190,"road":NaN,"cls":"tertiary","shops":0,"st_km":0.23,"mesh":"53395629"},"geometry":{"type":"LineString","coordinates":[[139.87292,35.76939],[139.87284,35.76991]]}},{"type":"Feature","properties":{"idx":176,"road":"王子金町市川線","cls":"primary","shops":0,"st_km":2.09,"mesh":"53395649"},"geometry":{"type":"LineString","coordinates":[[139.85936,35.79238],[139.86363,35.7894],[139.86408,35.789],[139.8644,35.7886],[139.86468,35.788],[139.86636,35.78152]]}},{"type":"Feature","properties":{"idx":197,"road":"葛飾吉川松伏線","cls":"primary","shops":0,"st_km":2.07,"mesh":"53395658"},"geometry":{"type":"LineString","coordinates":[[139.85936,35.79238],[139.85938,35.79255],[139.85953,35.79284],[139.85965,35.79328],[139.85961,35.79449],[139.85965,35.79484]]}},{"type":"Feature","properties":{"idx":139,"road":"八潮三郷線","cls":"secondary","shops":0,"st_km":0.44,"mesh":"53395677"},"geometry":{"type":"LineString","coordinates":[[139.839,35.80824],[139.84113,35.80979]]}},{"type":"Feature","properties":{"idx":107,"road":"青葉通り","cls":"tertiary","shops":0,"st_km":1.41,"mesh":"53395686"},"geometry":{"type":"LineString","coordinates":[[139.83451,35.8151],[139.83371,35.81721],[139.83351,35.81867]]}},{"type":"Feature","properties":{"idx":112,"road":"桑袋大橋通り","cls":"tertiary","shops":0,"st_km":1.8,"mesh":"53395675"},"geometry":{"type":"LineString","coordinates":[[139.82237,35.8131],[139.82185,35.81304],[139.82133,35.81291],[139.82022,35.81231]]}},{"type":"Feature","properties":{"idx":87,"road":NaN,"cls":"secondary_link","shops":0,"st_km":1.18,"mesh":"53395687"},"geometry":{"type":"LineString","coordinates":[[139.84798,35.81761],[139.84822,35.81786],[139.84845,35.81829],[139.84853,35.81837],[139.84866,35.81841]]}},{"type":"Feature","properties":{"idx":82,"road":NaN,"cls":"secondary_link","shops":0,"st_km":1.27,"mesh":"53395687"},"geometry":{"type":"LineString","coordinates":[[139.84903,35.81918],[139.84891,35.81913],[139.84859,35.81853],[139.84841,35.81838]]}},{"type":"Feature","properties":{"idx":77,"road":NaN,"cls":"tertiary","shops":0,"st_km":1.87,"mesh":"53395687"},"geometry":{"type":"LineString","coordinates":[[139.83943,35.82326],[139.83924,35.82349],[139.83867,35.82391],[139.83804,35.82449]]}},{"type":"Feature","properties":{"idx":415,"road":"松戸草加線","cls":"primary","shops":1,"st_km":1.21,"mesh":"53395688"},"geometry":{"type":"LineString","coordinates":[[139.84866,35.81841],[139.85062,35.81765],[139.85197,35.81697],[139.8534,35.81607],[139.85472,35.8151]]}},{"type":"Feature","properties":{"idx":99,"road":"松戸草加線","cls":"primary","shops":0,"st_km":1.96,"mesh":"53395686"},"geometry":{"type":"LineString","coordinates":[[139.82929,35.82024],[139.8295,35.82026]]}},{"type":"Feature","properties":{"idx":96,"road":"松戸草加線","cls":"primary","shops":0,"st_km":2.04,"mesh":"53395686"},"geometry":{"type":"LineString","coordinates":[[139.82932,35.82016],[139.82624,35.81954]]}},{"type":"Feature","properties":{"idx":99,"road":"松戸草加線","cls":"primary","shops":0,"st_km":1.95,"mesh":"53395686"},"geometry":{"type":"LineString","coordinates":[[139.82953,35.82019],[139.82932,35.82016]]}},{"type":"Feature","properties":{"idx":214,"road":NaN,"cls":"tertiary","shops":0,"st_km":2.31,"mesh":"53395696"},"geometry":{"type":"LineString","coordinates":[[139.82881,35.82532],[139.82873,35.8253]]}},{"type":"Feature","properties":{"idx":332,"road":"上笹塚谷口線","cls":"secondary","shops":1,"st_km":0.94,"mesh":"53395689"},"geometry":{"type":"LineString","coordinates":[[139.86921,35.82445],[139.86672,35.82302]]}},{"type":"Feature","properties":{"idx":245,"road":"上笹塚谷口線","cls":"secondary","shops":0,"st_km":0.82,"mesh":"53395689"},"geometry":{"type":"LineString","coordinates":[[139.86932,35.82451],[139.86921,35.82445]]}},{"type":"Feature","properties":{"idx":139,"road":NaN,"cls":"tertiary","shops":0,"st_km":1.49,"mesh":"53395650"},"geometry":{"type":"LineString","coordinates":[[139.75446,35.79205],[139.75384,35.79238]]}},{"type":"Feature","properties":{"idx":199,"road":"八潮三郷線","cls":"secondary","shops":0,"st_km":2.2,"mesh":"53395698"},"geometry":{"type":"LineString","coordinates":[[139.85655,35.8329],[139.85509,35.83112]]}},{"type":"Feature","properties":{"idx":207,"road":NaN,"cls":"tertiary","shops":0,"st_km":1.55,"mesh":"53395699"},"geometry":{"type":"LineString","coordinates":[[139.86155,35.83053],[139.86226,35.8302],[139.86267,35.8299],[139.86295,35.82955],[139.86314,35.82912]]}},{"type":"Feature","properties":{"idx":510,"road":"栗六通り","cls":"tertiary","shops":0,"st_km":0.87,"mesh":"53395643"},"geometry":{"type":"LineString","coordinates":[[139.79217,35.78653],[139.79158,35.78653],[139.78969,35.78667]]}},{"type":"Feature","properties":{"idx":499,"road":NaN,"cls":"pedestrian","shops":3,"st_km":0.49,"mesh":"53395629"},"geometry":{"type":"LineString","coordinates":[[139.87466,35.7723],[139.87501,35.77187]]}},{"type":"Feature","properties":{"idx":325,"road":"八潮三郷線","cls":"secondary","shops":0,"st_km":0.94,"mesh":"53395666"},"geometry":{"type":"LineString","coordinates":[[139.83849,35.80765],[139.83311,35.80474],[139.83204,35.8041],[139.83103,35.80341]]}},{"type":"Feature","properties":{"idx":100,"road":"八潮三郷線","cls":"secondary","shops":0,"st_km":0.58,"mesh":"53395667"},"geometry":{"type":"LineString","coordinates":[[139.83821,35.80776],[139.83843,35.80789]]}},{"type":"Feature","properties":{"idx":378,"road":NaN,"cls":"primary_link","shops":1,"st_km":1.24,"mesh":"53395608"},"geometry":{"type":"LineString","coordinates":[[139.8546,35.7569],[139.85464,35.75697],[139.85482,35.75696]]}},{"type":"Feature","properties":{"idx":85,"road":NaN,"cls":"tertiary","shops":0,"st_km":0.48,"mesh":"53395615"},"geometry":{"type":"LineString","coordinates":[[139.82007,35.76105],[139.81975,35.76106],[139.81961,35.76114]]}},{"type":"Feature","properties":{"idx":52,"road":NaN,"cls":"tertiary","shops":0,"st_km":0.44,"mesh":"53395651"},"geometry":{"type":"LineString","coordinates":[[139.76765,35.78997],[139.76812,35.79437]]}},{"type":"Feature","properties":{"idx":145,"road":"松戸草加線","cls":"primary","shops":0,"st_km":2.16,"mesh":"53395685"},"geometry":{"type":"LineString","coordinates":[[139.82321,35.81901],[139.82334,35.81907],[139.82621,35.81961]]}},{"type":"Feature","properties":{"idx":74,"road":NaN,"cls":"tertiary","shops":0,"st_km":2.13,"mesh":"53395686"},"geometry":{"type":"LineString","coordinates":[[139.82908,35.82326],[139.83308,35.82357]]}},{"type":"Feature","properties":{"idx":72,"road":NaN,"cls":"tertiary","shops":0,"st_km":2.22,"mesh":"53395686"},"geometry":{"type":"LineString","coordinates":[[139.82524,35.82265],[139.82894,35.82324]]}},{"type":"Feature","properties":{"idx":74,"road":NaN,"cls":"tertiary","shops":0,"st_km":2.14,"mesh":"53395686"},"geometry":{"type":"LineString","coordinates":[[139.82867,35.82529],[139.82472,35.82433]]}},{"type":"Feature","properties":{"idx":239,"road":"草加八潮三郷線","cls":"secondary","shops":0,"st_km":2.34,"mesh":"53395696"},"geometry":{"type":"LineString","coordinates":[[139.82799,35.83122],[139.83018,35.83187]]}},{"type":"Feature","properties":{"idx":87,"road":NaN,"cls":"tertiary","shops":0,"st_km":1.77,"mesh":"53395686"},"geometry":{"type":"LineString","coordinates":[[139.82966,35.81916],[139.83167,35.81962],[139.83338,35.81994]]}},{"type":"Feature","properties":{"idx":177,"road":NaN,"cls":"tertiary","shops":0,"st_km":1.46,"mesh":"53395676"},"geometry":{"type":"LineString","coordinates":[[139.83008,35.81559],[139.83408,35.8162]]}},{"type":"Feature","properties":{"idx":245,"road":NaN,"cls":"tertiary","shops":1,"st_km":1.59,"mesh":"53395676"},"geometry":{"type":"LineString","coordinates":[[139.82987,35.81556],[139.83008,35.81559]]}},{"type":"Feature","properties":{"idx":312,"road":NaN,"cls":"tertiary","shops":0,"st_km":0.72,"mesh":"53395676"},"geometry":{"type":"LineString","coordinates":[[139.83683,35.80854],[139.8368,35.80864]]}},{"type":"Feature","properties":{"idx":607,"road":NaN,"cls":"tertiary","shops":1,"st_km":0.56,"mesh":"53395625"},"geometry":{"type":"LineString","coordinates":[[139.81041,35.77083],[139.81569,35.7752],[139.81939,35.77814]]}},{"type":"Feature","properties":{"idx":177,"road":NaN,"cls":"tertiary","shops":0,"st_km":2.2,"mesh":"53395698"},"geometry":{"type":"LineString","coordinates":[[139.85381,35.82872],[139.85432,35.82918],[139.85533,35.82959],[139.85582,35.82991]]}},{"type":"Feature","properties":{"idx":99,"road":NaN,"cls":"tertiary","shops":1,"st_km":0.91,"mesh":"53395667"},"geometry":{"type":"LineString","coordinates":[[139.83985,35.8008],[139.83978,35.80049]]}},{"type":"Feature","properties":{"idx":282,"road":NaN,"cls":"tertiary","shops":1,"st_km":1.24,"mesh":"53395647"},"geometry":{"type":"LineString","coordinates":[[139.84222,35.78442],[139.84215,35.78441]]}},{"type":"Feature","properties":{"idx":284,"road":"東渕江橋","cls":"tertiary","shops":1,"st_km":1.23,"mesh":"53395647"},"geometry":{"type":"LineString","coordinates":[[139.84215,35.78441],[139.84201,35.78439]]}},{"type":"Feature","properties":{"idx":234,"road":"環七北通り","cls":"tertiary","shops":1,"st_km":1.08,"mesh":"53395637"},"geometry":{"type":"LineString","coordinates":[[139.84254,35.78157],[139.84265,35.78158]]}},{"type":"Feature","properties":{"idx":233,"road":"環七北通り","cls":"tertiary","shops":1,"st_km":1.09,"mesh":"53395637"},"geometry":{"type":"LineString","coordinates":[[139.84265,35.78158],[139.84271,35.78159]]}},{"type":"Feature","properties":{"idx":212,"road":"平和橋通り","cls":"primary","shops":1,"st_km":0.67,"mesh":"53395605"},"geometry":{"type":"LineString","coordinates":[[139.82356,35.75168],[139.82319,35.75188],[139.82278,35.75197],[139.82109,35.75189]]}},{"type":"Feature","properties":{"idx":118,"road":NaN,"cls":"tertiary","shops":0,"st_km":2.1,"mesh":"53395669"},"geometry":{"type":"LineString","coordinates":[[139.87243,35.80617],[139.87239,35.80616]]}},{"type":"Feature","properties":{"idx":117,"road":NaN,"cls":"tertiary","shops":0,"st_km":2.13,"mesh":"53395669"},"geometry":{"type":"LineString","coordinates":[[139.86704,35.79834],[139.86703,35.79922],[139.86762,35.80306],[139.8678,35.80397],[139.87118,35.80788]]}},{"type":"Feature","properties":{"idx":232,"road":NaN,"cls":"tertiary","shops":2,"st_km":2.13,"mesh":"53395669"},"geometry":{"type":"LineString","coordinates":[[139.86624,35.80882],[139.86707,35.80806],[139.87299,35.80467]]}},{"type":"Feature","properties":{"idx":222,"road":NaN,"cls":"tertiary","shops":0,"st_km":1.69,"mesh":"53395698"},"geometry":{"type":"LineString","coordinates":[[139.86611,35.82669],[139.86563,35.82696],[139.86477,35.82729],[139.86229,35.82794],[139.85751,35.82954],[139.85675,35.8299],[139.8562,35.83023],[139.85543,35.83079],[139.85509,35.83112]]}},{"type":"Feature","properties":{"idx":145,"road":"記念体育館通り","cls":"tertiary","shops":0,"st_km":1.35,"mesh":"53395675"},"geometry":{"type":"LineString","coordinates":[[139.82002,35.81219],[139.81885,35.81152],[139.81784,35.81106],[139.81719,35.81086],[139.81565,35.8105],[139.81389,35.81026],[139.81026,35.81016]]}},{"type":"Feature","properties":{"idx":117,"road":"記念体育館通り","cls":"tertiary","shops":0,"st_km":1.71,"mesh":"53395675"},"geometry":{"type":"LineString","coordinates":[[139.82022,35.81231],[139.82002,35.81219]]}},{"type":"Feature","properties":{"idx":199,"road":"草加八潮三郷線","cls":"secondary","shops":0,"st_km":0.61,"mesh":"53395694"},"geometry":{"type":"LineString","coordinates":[[139.81296,35.82811],[139.81114,35.82813],[139.80736,35.82808]]}},{"type":"Feature","properties":{"idx":309,"road":"あずま通り","cls":"tertiary","shops":0,"st_km":0.94,"mesh":"53395695"},"geometry":{"type":"LineString","coordinates":[[139.81304,35.82734],[139.81424,35.82746],[139.81449,35.82754]]}},{"type":"Feature","properties":{"idx":290,"road":"あずま通り","cls":"tertiary","shops":0,"st_km":1.02,"mesh":"53395695"},"geometry":{"type":"LineString","coordinates":[[139.81449,35.82754],[139.81485,35.82771]]}},{"type":"Feature","properties":{"idx":279,"road":"あずま通り","cls":"tertiary","shops":0,"st_km":1.06,"mesh":"53395695"},"geometry":{"type":"LineString","coordinates":[[139.81485,35.82771],[139.81557,35.82802]]}},{"type":"Feature","properties":{"idx":196,"road":"山王通り","cls":"tertiary","shops":0,"st_km":1.2,"mesh":"53395685"},"geometry":{"type":"LineString","coordinates":[[139.81267,35.82054],[139.81277,35.82054]]}},{"type":"Feature","properties":{"idx":194,"road":"山王通り","cls":"tertiary","shops":0,"st_km":1.25,"mesh":"53395685"},"geometry":{"type":"LineString","coordinates":[[139.81277,35.82054],[139.81307,35.82057],[139.8133,35.82066],[139.815,35.82169]]}},{"type":"Feature","properties":{"idx":401,"road":"垳三郷線","cls":"tertiary","shops":0,"st_km":0.79,"mesh":"53395678"},"geometry":{"type":"LineString","coordinates":[[139.84618,35.81098],[139.84902,35.81285],[139.84958,35.81316],[139.85006,35.81332],[139.85145,35.81349],[139.85204,35.81363],[139.85268,35.8139],[139.85464,35.81505]]}},{"type":"Feature","properties":{"idx":178,"road":NaN,"cls":"tertiary","shops":0,"st_km":2.2,"mesh":"53395698"},"geometry":{"type":"LineString","coordinates":[[139.85227,35.82668],[139.85268,35.82654]]}},{"type":"Feature","properties":{"idx":210,"road":"葛飾吉川松伏線","cls":"primary","shops":0,"st_km":1.92,"mesh":"53395658"},"geometry":{"type":"LineString","coordinates":[[139.86054,35.79629],[139.86025,35.79578]]}},{"type":"Feature","properties":{"idx":211,"road":"葛飾吉川松伏線","cls":"primary","shops":0,"st_km":1.91,"mesh":"53395658"},"geometry":{"type":"LineString","coordinates":[[139.86058,35.79637],[139.86054,35.79629]]}},{"type":"Feature","properties":{"idx":1360,"road":NaN,"cls":"pedestrian","shops":13,"st_km":0.09,"mesh":"53395636"},"geometry":{"type":"LineString","coordinates":[[139.8322,35.7767],[139.83223,35.77668],[139.83217,35.77551]]}},{"type":"Feature","properties":{"idx":171,"road":NaN,"cls":"tertiary","shops":0,"st_km":1.03,"mesh":"53395679"},"geometry":{"type":"LineString","coordinates":[[139.87278,35.81644],[139.87255,35.81646]]}},{"type":"Feature","properties":{"idx":302,"road":"潮止通り","cls":"tertiary","shops":0,"st_km":0.92,"mesh":"53395668"},"geometry":{"type":"LineString","coordinates":[[139.85106,35.8012],[139.8537,35.80358],[139.85384,35.80379],[139.85388,35.80443],[139.85408,35.80487],[139.85535,35.80678],[139.85597,35.80737]]}},{"type":"Feature","properties":{"idx":399,"road":"東京川口線","cls":"secondary","shops":2,"st_km":1.7,"mesh":"53395630"},"geometry":{"type":"LineString","coordinates":[[139.75111,35.78036],[139.75108,35.77982]]}},{"type":"Feature","properties":{"idx":397,"road":"東京川口線","cls":"secondary","shops":2,"st_km":1.71,"mesh":"53395630"},"geometry":{"type":"LineString","coordinates":[[139.75112,35.78063],[139.75111,35.78036]]}},{"type":"Feature","properties":{"idx":297,"road":"東京川口線","cls":"secondary","shops":1,"st_km":1.71,"mesh":"53395630"},"geometry":{"type":"LineString","coordinates":[[139.75115,35.78096],[139.75112,35.78063]]}},{"type":"Feature","properties":{"idx":301,"road":"東京川口線","cls":"secondary","shops":1,"st_km":1.68,"mesh":"53395630"},"geometry":{"type":"LineString","coordinates":[[139.75108,35.77982],[139.75101,35.77867]]}},{"type":"Feature","properties":{"idx":1577,"road":"環七通り","cls":"primary","shops":7,"st_km":0.1,"mesh":"53395632"},"geometry":{"type":"LineString","coordinates":[[139.78101,35.77808],[139.78221,35.77806]]}},{"type":"Feature","properties":{"idx":127,"road":"大鷲通り","cls":"tertiary","shops":0,"st_km":1.57,"mesh":"53395675"},"geometry":{"type":"LineString","coordinates":[[139.81766,35.80968],[139.81766,35.80989]]}},{"type":"Feature","properties":{"idx":362,"road":NaN,"cls":"tertiary","shops":0,"st_km":1.29,"mesh":"53395638"},"geometry":{"type":"LineString","coordinates":[[139.85612,35.77533],[139.85713,35.77548],[139.86031,35.77579]]}},{"type":"Feature","properties":{"idx":50,"road":"環七北通り（側道）","cls":"tertiary_link","shops":0,"st_km":0.6,"mesh":"53395636"},"geometry":{"type":"LineString","coordinates":[[139.82844,35.78192],[139.82896,35.78191],[139.83056,35.78166]]}},{"type":"Feature","properties":{"idx":746,"road":NaN,"cls":"tertiary","shops":3,"st_km":0.5,"mesh":"53395641"},"geometry":{"type":"LineString","coordinates":[[139.76577,35.78575],[139.76572,35.78631],[139.76555,35.78695],[139.76526,35.78984],[139.7635,35.79502]]}},{"type":"Feature","properties":{"idx":165,"road":NaN,"cls":"tertiary","shops":0,"st_km":1.39,"mesh":"53395656"},"geometry":{"type":"LineString","coordinates":[[139.82718,35.79653],[139.8274,35.79653]]}},{"type":"Feature","properties":{"idx":115,"road":NaN,"cls":"tertiary_link","shops":0,"st_km":1.62,"mesh":"53395630"},"geometry":{"type":"LineString","coordinates":[[139.75178,35.77488],[139.75106,35.77523],[139.7495,35.77611],[139.74875,35.77659]]}},{"type":"Feature","properties":{"idx":143,"road":NaN,"cls":"tertiary","shops":0,"st_km":1.68,"mesh":"53395640"},"geometry":{"type":"LineString","coordinates":[[139.75106,35.78647],[139.75219,35.78723]]}},{"type":"Feature","properties":{"idx":143,"road":NaN,"cls":"tertiary","shops":0,"st_km":1.69,"mesh":"53395640"},"geometry":{"type":"LineString","coordinates":[[139.75211,35.78691],[139.75159,35.78662],[139.75106,35.78647]]}},{"type":"Feature","properties":{"idx":91,"road":NaN,"cls":"primary_link","shops":0,"st_km":0.51,"mesh":"53395611"},"geometry":{"type":"LineString","coordinates":[[139.77138,35.7599],[139.77112,35.75985],[139.77102,35.75976],[139.77082,35.75902]]}},{"type":"Feature","properties":{"idx":589,"road":"平方東京線","cls":"secondary","shops":0,"st_km":0.29,"mesh":"53395625"},"geometry":{"type":"LineString","coordinates":[[139.82411,35.77781],[139.82174,35.76919]]}},{"type":"Feature","properties":{"idx":330,"road":NaN,"cls":"tertiary","shops":0,"st_km":0.38,"mesh":"53395689"},"geometry":{"type":"LineString","coordinates":[[139.87426,35.82418],[139.87414,35.82464]]}},{"type":"Feature","properties":{"idx":609,"road":NaN,"cls":"tertiary","shops":1,"st_km":0.84,"mesh":"53395608"},"geometry":{"type":"LineString","coordinates":[[139.86264,35.75437],[139.86229,35.75459],[139.86217,35.75472],[139.86126,35.75628],[139.86051,35.75786],[139.85993,35.75967]]}},{"type":"Feature","properties":{"idx":151,"road":"松戸草加線","cls":"primary","shops":0,"st_km":2.06,"mesh":"53395669"},"geometry":{"type":"LineString","coordinates":[[139.86363,35.80648],[139.8694,35.80316],[139.87074,35.80263]]}},{"type":"Feature","properties":{"idx":374,"road":"葛飾吉川松伏線","cls":"primary","shops":1,"st_km":1.59,"mesh":"53395658"},"geometry":{"type":"LineString","coordinates":[[139.85961,35.80092],[139.8594,35.80056],[139.85937,35.80041],[139.85996,35.79903]]}},{"type":"Feature","properties":{"idx":233,"road":"補助第91号線","cls":"tertiary","shops":0,"st_km":0.74,"mesh":"53395600"},"geometry":{"type":"LineString","coordinates":[[139.75175,35.758],[139.75106,35.75687]]}},{"type":"Feature","properties":{"idx":124,"road":NaN,"cls":"tertiary","shops":0,"st_km":2.42,"mesh":"53395649"},"geometry":{"type":"LineString","coordinates":[[139.8617,35.79076],[139.86195,35.79118],[139.86235,35.79139],[139.86272,35.79167],[139.86288,35.79192],[139.86292,35.79226],[139.86305,35.79253]]}},{"type":"Feature","properties":{"idx":141,"road":"舎人公園通り","cls":"tertiary","shops":0,"st_km":1.67,"mesh":"53395656"},"geometry":{"type":"LineString","coordinates":[[139.83994,35.79506],[139.83234,35.79339]]}},{"type":"Feature","properties":{"idx":493,"road":"舎人公園通り","cls":"tertiary","shops":2,"st_km":1.47,"mesh":"53395657"},"geometry":{"type":"LineString","coordinates":[[139.84005,35.79508],[139.83994,35.79506]]}},{"type":"Feature","properties":{"idx":118,"road":NaN,"cls":"tertiary","shops":0,"st_km":2.09,"mesh":"53395669"},"geometry":{"type":"LineString","coordinates":[[139.87257,35.80622],[139.87261,35.80623]]}},{"type":"Feature","properties":{"idx":129,"road":"松戸草加線","cls":"primary","shops":0,"st_km":2.5,"mesh":"53395669"},"geometry":{"type":"LineString","coordinates":[[139.87342,35.80231],[139.87361,35.80232]]}},{"type":"Feature","properties":{"idx":129,"road":"松戸草加線","cls":"primary","shops":0,"st_km":2.51,"mesh":"53395669"},"geometry":{"type":"LineString","coordinates":[[139.87361,35.80224],[139.87341,35.80224]]}},{"type":"Feature","properties":{"idx":111,"road":NaN,"cls":"tertiary","shops":0,"st_km":2.28,"mesh":"53395669"},"geometry":{"type":"LineString","coordinates":[[139.86826,35.79914],[139.8684,35.80008],[139.86859,35.80073],[139.86862,35.80147],[139.86892,35.80334]]}},{"type":"Feature","properties":{"idx":129,"road":NaN,"cls":"tertiary","shops":0,"st_km":1.91,"mesh":"53395669"},"geometry":{"type":"LineString","coordinates":[[139.86517,35.80162],[139.86517,35.80254],[139.86508,35.80277],[139.86541,35.80526],[139.86546,35.80533]]}},{"type":"Feature","properties":{"idx":107,"road":NaN,"cls":"tertiary","shops":0,"st_km":2.39,"mesh":"53395669"},"geometry":{"type":"LineString","coordinates":[[139.87278,35.80356],[139.87326,35.80331],[139.87362,35.80332]]}},{"type":"Feature","properties":{"idx":514,"road":"栗六通り","cls":"tertiary","shops":0,"st_km":0.86,"mesh":"53395643"},"geometry":{"type":"LineString","coordinates":[[139.78969,35.78667],[139.78979,35.78671],[139.7916,35.78662],[139.79207,35.78659],[139.79217,35.78653]]}},{"type":"Feature","properties":{"idx":512,"road":"栗六通り","cls":"tertiary","shops":0,"st_km":0.86,"mesh":"53395643"},"geometry":{"type":"LineString","coordinates":[[139.78969,35.78667],[139.78878,35.78673]]}},{"type":"Feature","properties":{"idx":153,"road":"新荒川堤防線","cls":"secondary","shops":0,"st_km":0.64,"mesh":"53395605"},"geometry":{"type":"LineString","coordinates":[[139.80933,35.75379],[139.81133,35.75202],[139.81209,35.7512],[139.8136,35.74944],[139.81431,35.74852],[139.81523,35.74723],[139.81524,35.74714],[139.81518,35.74706]]}},{"type":"Feature","properties":{"idx":180,"road":"新荒川堤防線","cls":"secondary","shops":2,"st_km":0.82,"mesh":"53395604"},"geometry":{"type":"LineString","coordinates":[[139.80261,35.75696],[139.80276,35.75693]]}},{"type":"Feature","properties":{"idx":198,"road":"新荒川堤防線","cls":"secondary","shops":0,"st_km":1.23,"mesh":"53395603"},"geometry":{"type":"LineString","coordinates":[[139.79188,35.75665],[139.79467,35.75711],[139.79576,35.75723],[139.79771,35.75737],[139.79881,35.75736]]}},{"type":"Feature","properties":{"idx":248,"road":"新荒川堤防線","cls":"secondary","shops":1,"st_km":1.48,"mesh":"53395603"},"geometry":{"type":"LineString","coordinates":[[139.79112,35.75664],[139.79126,35.7566],[139.79175,35.75668],[139.79188,35.75665]]}},{"type":"Feature","properties":{"idx":335,"road":NaN,"cls":"tertiary","shops":1,"st_km":1.2,"mesh":"53395688"},"geometry":{"type":"LineString","coordinates":[[139.85566,35.81961],[139.84718,35.81464]]}},{"type":"Feature","properties":{"idx":88,"road":NaN,"cls":"tertiary","shops":0,"st_km":1.61,"mesh":"53395687"},"geometry":{"type":"LineString","coordinates":[[139.83894,35.82186],[139.84007,35.82166],[139.84053,35.82193]]}},{"type":"Feature","properties":{"idx":168,"road":NaN,"cls":"tertiary","shops":0,"st_km":1.86,"mesh":"53395695"},"geometry":{"type":"LineString","coordinates":[[139.82542,35.82885],[139.82495,35.82874],[139.82364,35.82869],[139.82258,35.82852]]}},{"type":"Feature","properties":{"idx":662,"road":NaN,"cls":"pedestrian","shops":2,"st_km":0.29,"mesh":"53395694"},"geometry":{"type":"LineString","coordinates":[[139.80622,35.82876],[139.8071,35.82876]]}},{"type":"Feature","properties":{"idx":332,"road":"赤山街道","cls":"tertiary","shops":1,"st_km":1.11,"mesh":"53395662"},"geometry":{"type":"LineString","coordinates":[[139.78087,35.80452],[139.78313,35.80201]]}},{"type":"Feature","properties":{"idx":472,"road":"尾竹橋通り","cls":"secondary","shops":7,"st_km":0.46,"mesh":"53395653"},"geometry":{"type":"LineString","coordinates":[[139.78841,35.79586],[139.78995,35.80068]]}},{"type":"Feature","properties":{"idx":579,"road":"赤山街道","cls":"tertiary","shops":0,"st_km":0.59,"mesh":"53395652"},"geometry":{"type":"LineString","coordinates":[[139.78418,35.80083],[139.78519,35.79976],[139.78841,35.79586]]}},{"type":"Feature","properties":{"idx":598,"road":"赤山街道","cls":"tertiary","shops":0,"st_km":0.69,"mesh":"53395643"},"geometry":{"type":"LineString","coordinates":[[139.79401,35.79058],[139.79588,35.78979],[139.79778,35.7892]]}},{"type":"Feature","properties":{"idx":459,"road":"吉場安行東京線","cls":"secondary","shops":0,"st_km":1.14,"mesh":"53395643"},"geometry":{"type":"LineString","coordinates":[[139.79774,35.78616],[139.79771,35.78506]]}},{"type":"Feature","properties":{"idx":199,"road":"吉場安行東京線","cls":"secondary","shops":3,"st_km":0.75,"mesh":"53395633"},"geometry":{"type":"LineString","coordinates":[[139.79768,35.7824],[139.79765,35.77859]]}},{"type":"Feature","properties":{"idx":94,"road":"竹の塚センター通り","cls":"tertiary","shops":0,"st_km":0.45,"mesh":"53395633"},"geometry":{"type":"LineString","coordinates":[[139.79429,35.78088],[139.7944,35.7805],[139.79449,35.77842]]}},{"type":"Feature","properties":{"idx":276,"road":NaN,"cls":"tertiary","shops":0,"st_km":0.56,"mesh":"53395618"},"geometry":{"type":"LineString","coordinates":[[139.85242,35.76635],[139.85259,35.76584],[139.8539,35.76403],[139.85394,35.76372],[139.85383,35.76325]]}},{"type":"Feature","properties":{"idx":95,"road":NaN,"cls":"secondary_link","shops":0,"st_km":1.5,"mesh":"53395613"},"geometry":{"type":"LineString","coordinates":[[139.79007,35.76099],[139.78879,35.76072]]}},{"type":"Feature","properties":{"idx":104,"road":NaN,"cls":"secondary_link","shops":0,"st_km":1.36,"mesh":"53395613"},"geometry":{"type":"LineString","coordinates":[[139.79129,35.76134],[139.79137,35.76144]]}},{"type":"Feature","properties":{"idx":185,"road":"新荒川葛西堤防線","cls":"secondary","shops":0,"st_km":1.12,"mesh":"53395613"},"geometry":{"type":"LineString","coordinates":[[139.79137,35.76144],[139.79551,35.76206],[139.7981,35.76228],[139.7996,35.76227],[139.80112,35.76214],[139.80356,35.76169]]}},{"type":"Feature","properties":{"idx":442,"road":NaN,"cls":"secondary_link","shops":0,"st_km":1.49,"mesh":"53395612"},"geometry":{"type":"LineString","coordinates":[[139.7873,35.76056],[139.78635,35.76045],[139.78622,35.76053]]}},{"type":"Feature","properties":{"idx":139,"road":"尾竹橋通り","cls":"secondary","shops":0,"st_km":1.54,"mesh":"53395613"},"geometry":{"type":"LineString","coordinates":[[139.78882,35.76064],[139.78879,35.76072]]}},{"type":"Feature","properties":{"idx":101,"road":NaN,"cls":"secondary_link","shops":0,"st_km":1.41,"mesh":"53395613"},"geometry":{"type":"LineString","coordinates":[[139.79007,35.76099],[139.79129,35.76134]]}},{"type":"Feature","properties":{"idx":287,"road":NaN,"cls":"tertiary","shops":1,"st_km":0.69,"mesh":"53395614"},"geometry":{"type":"LineString","coordinates":[[139.80329,35.76161],[139.8037,35.76273]]}},{"type":"Feature","properties":{"idx":168,"road":NaN,"cls":"primary_link","shops":0,"st_km":0.69,"mesh":"53395614"},"geometry":{"type":"LineString","coordinates":[[139.80606,35.76079],[139.80508,35.76102],[139.80354,35.76121]]}},{"type":"Feature","properties":{"idx":226,"road":NaN,"cls":"tertiary","shops":4,"st_km":0.41,"mesh":"53395615"},"geometry":{"type":"LineString","coordinates":[[139.81528,35.76193],[139.81534,35.76175],[139.81535,35.76142]]}},{"type":"Feature","properties":{"idx":143,"road":NaN,"cls":"tertiary","shops":0,"st_km":2.05,"mesh":"53395649"},"geometry":{"type":"LineString","coordinates":[[139.87527,35.78308],[139.87401,35.78384],[139.87391,35.78954],[139.87368,35.79008],[139.87473,35.79096],[139.87593,35.79169],[139.8764,35.79193]]}},{"type":"Feature","properties":{"idx":104,"road":NaN,"cls":"tertiary","shops":0,"st_km":2.5,"mesh":"53395669"},"geometry":{"type":"LineString","coordinates":[[139.87069,35.79948],[139.87092,35.80026],[139.87121,35.802]]}},{"type":"Feature","properties":{"idx":196,"road":"八潮三郷線","cls":"secondary","shops":0,"st_km":2.25,"mesh":"53395698"},"geometry":{"type":"LineString","coordinates":[[139.85485,35.83118],[139.855,35.83144]]}},{"type":"Feature","properties":{"idx":197,"road":"八潮三郷線","cls":"secondary","shops":0,"st_km":2.23,"mesh":"53395698"},"geometry":{"type":"LineString","coordinates":[[139.85509,35.83112],[139.85497,35.83093]]}},{"type":"Feature","properties":{"idx":215,"road":"八潮三郷線","cls":"secondary","shops":0,"st_km":2.02,"mesh":"53395698"},"geometry":{"type":"LineString","coordinates":[[139.85282,35.827],[139.85093,35.82308]]}},{"type":"Feature","properties":{"idx":161,"road":NaN,"cls":"tertiary","shops":0,"st_km":1.13,"mesh":"53395618"},"geometry":{"type":"LineString","coordinates":[[139.86066,35.76263],[139.86034,35.76251],[139.86005,35.76233],[139.85988,35.76236]]}},{"type":"Feature","properties":{"idx":525,"road":NaN,"cls":"tertiary","shops":1,"st_km":0.7,"mesh":"53395619"},"geometry":{"type":"LineString","coordinates":[[139.86684,35.75948],[139.87088,35.76068],[139.87117,35.76082]]}},{"type":"Feature","properties":{"idx":197,"road":NaN,"cls":"tertiary","shops":0,"st_km":0.87,"mesh":"53395618"},"geometry":{"type":"LineString","coordinates":[[139.86109,35.76399],[139.86217,35.76517],[139.86244,35.76559]]}},{"type":"Feature","properties":{"idx":119,"road":NaN,"cls":"tertiary","shops":0,"st_km":0.64,"mesh":"53395629"},"geometry":{"type":"LineString","coordinates":[[139.86305,35.76709],[139.86326,35.76758],[139.86369,35.7683]]}},{"type":"Feature","properties":{"idx":126,"road":NaN,"cls":"tertiary","shops":0,"st_km":0.57,"mesh":"53395629"},"geometry":{"type":"LineString","coordinates":[[139.86423,35.76945],[139.8639,35.76874]]}},{"type":"Feature","properties":{"idx":54,"road":NaN,"cls":"tertiary","shops":0,"st_km":1.02,"mesh":"53395617"},"geometry":{"type":"LineString","coordinates":[[139.84115,35.75625],[139.84102,35.75667],[139.84058,35.75942],[139.83998,35.76062],[139.83974,35.76147],[139.83961,35.76233]]}},{"type":"Feature","properties":{"idx":313,"road":NaN,"cls":"tertiary","shops":4,"st_km":1.35,"mesh":"53395610"},"geometry":{"type":"LineString","coordinates":[[139.75123,35.76218],[139.75147,35.76229],[139.75157,35.76242],[139.7517,35.76323],[139.75169,35.76393]]}},{"type":"Feature","properties":{"idx":400,"road":NaN,"cls":"tertiary","shops":0,"st_km":1.15,"mesh":"53395646"},"geometry":{"type":"LineString","coordinates":[[139.84153,35.78719],[139.83341,35.78536]]}},{"type":"Feature","properties":{"idx":239,"road":"六六通り","cls":"tertiary","shops":1,"st_km":1.49,"mesh":"53395647"},"geometry":{"type":"LineString","coordinates":[[139.83817,35.78938],[139.84045,35.78849],[139.84086,35.7884],[139.8413,35.7884]]}},{"type":"Feature","properties":{"idx":227,"road":"六六通り","cls":"tertiary","shops":1,"st_km":1.57,"mesh":"53395647"},"geometry":{"type":"LineString","coordinates":[[139.84145,35.78841],[139.84271,35.78851]]}},{"type":"Feature","properties":{"idx":404,"road":NaN,"cls":"tertiary","shops":2,"st_km":1.14,"mesh":"53395647"},"geometry":{"type":"LineString","coordinates":[[139.83817,35.78938],[139.83793,35.78891],[139.83792,35.78847],[139.83901,35.78523],[139.83949,35.78155]]}},{"type":"Feature","properties":{"idx":317,"road":NaN,"cls":"tertiary","shops":1,"st_km":1.74,"mesh":"53395657"},"geometry":{"type":"LineString","coordinates":[[139.84048,35.79247],[139.84055,35.79248]]}},{"type":"Feature","properties":{"idx":213,"road":"三郷八潮東西線","cls":"tertiary","shops":0,"st_km":1.34,"mesh":"53395666"},"geometry":{"type":"LineString","coordinates":[[139.83377,35.80063],[139.83218,35.80024],[139.83208,35.80017]]}},{"type":"Feature","properties":{"idx":564,"road":NaN,"cls":"tertiary","shops":1,"st_km":0.28,"mesh":"53395621"},"geometry":{"type":"LineString","coordinates":[[139.77229,35.77349],[139.77339,35.77347],[139.77457,35.7737]]}},{"type":"Feature","properties":{"idx":210,"road":NaN,"cls":"pedestrian","shops":0,"st_km":2.15,"mesh":"53395658"},"geometry":{"type":"LineString","coordinates":[[139.86203,35.79464],[139.86221,35.79443]]}},{"type":"Feature","properties":{"idx":211,"road":NaN,"cls":"pedestrian","shops":0,"st_km":2.73,"mesh":"53395659"},"geometry":{"type":"LineString","coordinates":[[139.86221,35.79443],[139.86231,35.79435],[139.86268,35.79423],[139.86335,35.79417],[139.86372,35.79422],[139.86434,35.79438],[139.86521,35.79447],[139.86637,35.79441],[139.86696,35.79431],[139.86755,35.79434],[139.86797,35.79438],[139.86903,35.79482],[139.86969,35.79499],[139.87047,35.79511],[139.87119,35.79513],[139.87245,35.79503],[139.87287,35.79489],[139.87327,35.79464],[139.87362,35.79421],[139.87377,35.79383],[139.87371,35.79342],[139.87358,35.7932],[139.87347,35.79307],[139.87283,35.79266],[139.87072,35.79136],[139.87039,35.79108]]}},{"type":"Feature","properties":{"idx":170,"road":NaN,"cls":"tertiary","shops":0,"st_km":0.73,"mesh":"53395681"},"geometry":{"type":"LineString","coordinates":[[139.76307,35.81408],[139.76301,35.81693],[139.76306,35.81945]]}},{"type":"Feature","properties":{"idx":105,"road":NaN,"cls":"tertiary","shops":0,"st_km":0.69,"mesh":"53395671"},"geometry":{"type":"LineString","coordinates":[[139.76307,35.81392],[139.76307,35.81408]]}},{"type":"Feature","properties":{"idx":367,"road":"新郷スポーツセンター通り","cls":"tertiary","shops":2,"st_km":0.65,"mesh":"53395681"},"geometry":{"type":"LineString","coordinates":[[139.76382,35.81767],[139.76587,35.81879],[139.76725,35.81934]]}},{"type":"Feature","properties":{"idx":173,"road":"新郷スポーツセンター通り","cls":"tertiary","shops":0,"st_km":0.71,"mesh":"53395681"},"geometry":{"type":"LineString","coordinates":[[139.76373,35.81761],[139.76382,35.81767]]}},{"type":"Feature","properties":{"idx":286,"road":NaN,"cls":"tertiary","shops":0,"st_km":1.33,"mesh":"53395670"},"geometry":{"type":"LineString","coordinates":[[139.76522,35.81634],[139.76305,35.81484],[139.76124,35.81385],[139.76027,35.81339],[139.75995,35.8133],[139.75844,35.81306],[139.75786,35.81303],[139.75745,35.81309],[139.75682,35.81334],[139.75311,35.81582],[139.75272,35.81614],[139.74902,35.82054]]}},{"type":"Feature","properties":{"idx":179,"road":NaN,"cls":"tertiary","shops":0,"st_km":0.67,"mesh":"53395681"},"geometry":{"type":"LineString","coordinates":[[139.77444,35.82072],[139.77487,35.81921],[139.77507,35.81871]]}},{"type":"Feature","properties":{"idx":302,"road":NaN,"cls":"tertiary","shops":1,"st_km":1.79,"mesh":"53395690"},"geometry":{"type":"LineString","coordinates":[[139.76264,35.82905],[139.76154,35.82914]]}},{"type":"Feature","properties":{"idx":339,"road":"吉場安行東京線","cls":"secondary","shops":0,"st_km":2.18,"mesh":"53395692"},"geometry":{"type":"LineString","coordinates":[[139.77927,35.83298],[139.7792,35.83306]]}},{"type":"Feature","properties":{"idx":484,"road":NaN,"cls":"tertiary","shops":0,"st_km":1.38,"mesh":"53395691"},"geometry":{"type":"LineString","coordinates":[[139.77015,35.82637],[139.7695,35.82775]]}},{"type":"Feature","properties":{"idx":116,"road":NaN,"cls":"tertiary","shops":0,"st_km":1.79,"mesh":"53395650"},"geometry":{"type":"LineString","coordinates":[[139.75225,35.79527],[139.74883,35.79308]]}},{"type":"Feature","properties":{"idx":574,"road":NaN,"cls":"tertiary","shops":0,"st_km":0.48,"mesh":"53395652"},"geometry":{"type":"LineString","coordinates":[[139.77521,35.79535],[139.7752,35.79578]]}},{"type":"Feature","properties":{"idx":186,"road":NaN,"cls":"tertiary","shops":0,"st_km":0.86,"mesh":"53395663"},"geometry":{"type":"LineString","coordinates":[[139.78979,35.80195],[139.78811,35.80197]]}},{"type":"Feature","properties":{"idx":320,"road":"王子金町市川線","cls":"primary","shops":0,"st_km":1.86,"mesh":"53395638"},"geometry":{"type":"LineString","coordinates":[[139.85272,35.77992],[139.85261,35.78016],[139.85302,35.78139],[139.85518,35.78512]]}},{"type":"Feature","properties":{"idx":178,"road":"松戸草加線","cls":"primary","shops":0,"st_km":1.71,"mesh":"53395669"},"geometry":{"type":"LineString","coordinates":[[139.86363,35.80648],[139.86353,35.80641]]}},{"type":"Feature","properties":{"idx":183,"road":"松戸草加線","cls":"primary","shops":0,"st_km":1.65,"mesh":"53395669"},"geometry":{"type":"LineString","coordinates":[[139.86353,35.80641],[139.86228,35.80548]]}},{"type":"Feature","properties":{"idx":128,"road":"松戸草加線","cls":"primary","shops":0,"st_km":2.52,"mesh":"53395669"},"geometry":{"type":"LineString","coordinates":[[139.87074,35.80263],[139.87162,35.80242],[139.87225,35.80233],[139.87342,35.80231]]}},{"type":"Feature","properties":{"idx":128,"road":"松戸草加線","cls":"primary","shops":0,"st_km":2.53,"mesh":"53395669"},"geometry":{"type":"LineString","coordinates":[[139.87341,35.80224],[139.87212,35.80228],[139.87129,35.8024],[139.8707,35.80254]]}},{"type":"Feature","properties":{"idx":106,"road":NaN,"cls":"tertiary","shops":0,"st_km":2.42,"mesh":"53395669"},"geometry":{"type":"LineString","coordinates":[[139.87074,35.80263],[139.8707,35.80254]]}},{"type":"Feature","properties":{"idx":84,"road":"吉場安行東京線","cls":"secondary","shops":0,"st_km":0.69,"mesh":"53395653"},"geometry":{"type":"LineString","coordinates":[[139.79763,35.8003],[139.79788,35.79651],[139.79784,35.79283]]}},{"type":"Feature","properties":{"idx":424,"road":"吉場安行東京線","cls":"secondary","shops":2,"st_km":0.84,"mesh":"53395663"},"geometry":{"type":"LineString","coordinates":[[139.79315,35.80181],[139.7933,35.80173],[139.79364,35.80139]]}},{"type":"Feature","properties":{"idx":426,"road":"吉場安行東京線","cls":"secondary","shops":2,"st_km":0.84,"mesh":"53395663"},"geometry":{"type":"LineString","coordinates":[[139.79364,35.80139],[139.79315,35.80181]]}},{"type":"Feature","properties":{"idx":357,"road":NaN,"cls":"tertiary","shops":0,"st_km":1.5,"mesh":"53395654"},"geometry":{"type":"LineString","coordinates":[[139.80655,35.80063],[139.80678,35.7974],[139.80681,35.79581],[139.8069,35.79484]]}},{"type":"Feature","properties":{"idx":128,"road":NaN,"cls":"tertiary","shops":0,"st_km":1.55,"mesh":"53395675"},"geometry":{"type":"LineString","coordinates":[[139.81766,35.8102],[139.81766,35.81022]]}},{"type":"Feature","properties":{"idx":127,"road":NaN,"cls":"tertiary","shops":0,"st_km":1.56,"mesh":"53395675"},"geometry":{"type":"LineString","coordinates":[[139.81766,35.80989],[139.81766,35.8102]]}},{"type":"Feature","properties":{"idx":340,"road":NaN,"cls":"tertiary","shops":3,"st_km":1.51,"mesh":"53395665"},"geometry":{"type":"LineString","coordinates":[[139.81473,35.80646],[139.81455,35.80598],[139.81428,35.80579],[139.81262,35.80577]]}},{"type":"Feature","properties":{"idx":235,"road":"竹の塚センター通り","cls":"tertiary","shops":4,"st_km":0.64,"mesh":"53395633"},"geometry":{"type":"LineString","coordinates":[[139.79429,35.78088],[139.79418,35.78336]]}},{"type":"Feature","properties":{"idx":133,"road":NaN,"cls":"tertiary","shops":0,"st_km":0.11,"mesh":"53395633"},"geometry":{"type":"LineString","coordinates":[[139.79102,35.77733],[139.79177,35.77656],[139.79191,35.77659]]}},{"type":"Feature","properties":{"idx":704,"road":NaN,"cls":"tertiary","shops":5,"st_km":0.87,"mesh":"53395613"},"geometry":{"type":"LineString","coordinates":[[139.79561,35.76947],[139.79542,35.76906],[139.79533,35.76871],[139.79428,35.76664],[139.79333,35.76541],[139.79217,35.76286],[139.79176,35.76223],[139.79137,35.76144]]}},{"type":"Feature","properties":{"idx":711,"road":NaN,"cls":"tertiary","shops":0,"st_km":0.36,"mesh":"53395623"},"geometry":{"type":"LineString","coordinates":[[139.79263,35.7708],[139.79632,35.77091]]}},{"type":"Feature","properties":{"idx":909,"road":NaN,"cls":"tertiary","shops":0,"st_km":0.76,"mesh":"53395622"},"geometry":{"type":"LineString","coordinates":[[139.78502,35.77105],[139.78571,35.77103],[139.78961,35.77068]]}},{"type":"Feature","properties":{"idx":411,"road":"江北橋通り","cls":"secondary","shops":2,"st_km":0.99,"mesh":"53395613"},"geometry":{"type":"LineString","coordinates":[[139.79726,35.76345],[139.79883,35.76346]]}},{"type":"Feature","properties":{"idx":417,"road":NaN,"cls":"tertiary","shops":0,"st_km":1.09,"mesh":"53395646"},"geometry":{"type":"LineString","coordinates":[[139.8311,35.79166],[139.83103,35.79038]]}},{"type":"Feature","properties":{"idx":50,"road":NaN,"cls":"tertiary_link","shops":0,"st_km":0.59,"mesh":"53395636"},"geometry":{"type":"LineString","coordinates":[[139.83069,35.78207],[139.8306,35.78206]]}},{"type":"Feature","properties":{"idx":192,"road":NaN,"cls":"tertiary","shops":0,"st_km":1.61,"mesh":"53395655"},"geometry":{"type":"LineString","coordinates":[[139.81462,35.79736],[139.81078,35.79723]]}},{"type":"Feature","properties":{"idx":115,"road":"花畑フラワーロード","cls":"tertiary","shops":0,"st_km":1.82,"mesh":"53395665"},"geometry":{"type":"LineString","coordinates":[[139.81938,35.80092],[139.8175,35.80091]]}},{"type":"Feature","properties":{"idx":328,"road":NaN,"cls":"tertiary","shops":3,"st_km":0.73,"mesh":"53395645"},"geometry":{"type":"LineString","coordinates":[[139.82591,35.79146],[139.817,35.79127]]}},{"type":"Feature","properties":{"idx":569,"road":"六六通り","cls":"tertiary","shops":0,"st_km":1.13,"mesh":"53395644"},"geometry":{"type":"LineString","coordinates":[[139.8054,35.78944],[139.79778,35.7892]]}},{"type":"Feature","properties":{"idx":213,"road":NaN,"cls":"tertiary","shops":0,"st_km":0.23,"mesh":"53395645"},"geometry":{"type":"LineString","coordinates":[[139.81768,35.78568],[139.82128,35.7854]]}},{"type":"Feature","properties":{"idx":366,"road":NaN,"cls":"tertiary","shops":1,"st_km":0.1,"mesh":"53395645"},"geometry":{"type":"LineString","coordinates":[[139.82311,35.78401],[139.82176,35.78412]]}},{"type":"Feature","properties":{"idx":227,"road":NaN,"cls":"tertiary","shops":0,"st_km":0.17,"mesh":"53395645"},"geometry":{"type":"LineString","coordinates":[[139.81992,35.78309],[139.82019,35.78549]]}},{"type":"Feature","properties":{"idx":474,"road":"環七北通り","cls":"tertiary","shops":1,"st_km":0.25,"mesh":"53395635"},"geometry":{"type":"LineString","coordinates":[[139.82043,35.78262],[139.82158,35.78259]]}},{"type":"Feature","properties":{"idx":183,"road":NaN,"cls":"tertiary","shops":1,"st_km":0.19,"mesh":"53395653"},"geometry":{"type":"LineString","coordinates":[[139.78991,35.79285],[139.78918,35.79299]]}},{"type":"Feature","properties":{"idx":558,"road":NaN,"cls":"tertiary","shops":1,"st_km":0.61,"mesh":"53395626"},"geometry":{"type":"LineString","coordinates":[[139.82578,35.76875],[139.8258,35.76886]]}},{"type":"Feature","properties":{"idx":353,"road":NaN,"cls":"tertiary_link","shops":1,"st_km":0.6,"mesh":"53395626"},"geometry":{"type":"LineString","coordinates":[[139.8254,35.76874],[139.8258,35.76886]]}},{"type":"Feature","properties":{"idx":142,"road":"新荒川堤防線","cls":"secondary","shops":0,"st_km":0.22,"mesh":"53395601"},"geometry":{"type":"LineString","coordinates":[[139.7696,35.75549],[139.76702,35.75615]]}},{"type":"Feature","properties":{"idx":241,"road":"新荒川堤防線","cls":"secondary","shops":1,"st_km":0.09,"mesh":"53395601"},"geometry":{"type":"LineString","coordinates":[[139.77009,35.75538],[139.7696,35.75549]]}},{"type":"Feature","properties":{"idx":381,"road":NaN,"cls":"tertiary","shops":1,"st_km":0.19,"mesh":"53395632"},"geometry":{"type":"LineString","coordinates":[[139.78179,35.78054],[139.78336,35.78047]]}},{"type":"Feature","properties":{"idx":919,"road":NaN,"cls":"tertiary","shops":0,"st_km":0.76,"mesh":"53395624"},"geometry":{"type":"LineString","coordinates":[[139.80928,35.77357],[139.80709,35.7737],[139.80641,35.77379],[139.80481,35.77384],[139.80435,35.77381],[139.8033,35.77363]]}},{"type":"Feature","properties":{"idx":408,"road":NaN,"cls":"tertiary","shops":0,"st_km":0.66,"mesh":"53395626"},"geometry":{"type":"LineString","coordinates":[[139.82827,35.77045],[139.82845,35.76951],[139.82854,35.76456]]}},{"type":"Feature","properties":{"idx":365,"road":"葛西用水桜通り","cls":"tertiary","shops":2,"st_km":1.28,"mesh":"53395647"},"geometry":{"type":"LineString","coordinates":[[139.84145,35.78841],[139.84214,35.7849],[139.84271,35.78159]]}},{"type":"Feature","properties":{"idx":310,"road":"六六通り","cls":"tertiary","shops":2,"st_km":1.53,"mesh":"53395647"},"geometry":{"type":"LineString","coordinates":[[139.8414,35.7884],[139.84145,35.78841]]}},{"type":"Feature","properties":{"idx":311,"road":"六六通り","cls":"tertiary","shops":2,"st_km":1.53,"mesh":"53395647"},"geometry":{"type":"LineString","coordinates":[[139.8413,35.7884],[139.8414,35.7884]]}},{"type":"Feature","properties":{"idx":139,"road":NaN,"cls":"tertiary","shops":0,"st_km":1.72,"mesh":"53395647"},"geometry":{"type":"LineString","coordinates":[[139.84094,35.79062],[139.84086,35.7906]]}},{"type":"Feature","properties":{"idx":330,"road":NaN,"cls":"tertiary","shops":2,"st_km":1.43,"mesh":"53395647"},"geometry":{"type":"LineString","coordinates":[[139.84164,35.78721],[139.84153,35.78719]]}},{"type":"Feature","properties":{"idx":265,"road":NaN,"cls":"tertiary","shops":1,"st_km":1.33,"mesh":"53395647"},"geometry":{"type":"LineString","coordinates":[[139.84179,35.78584],[139.84185,35.78585]]}},{"type":"Feature","properties":{"idx":264,"road":NaN,"cls":"tertiary","shops":1,"st_km":1.33,"mesh":"53395647"},"geometry":{"type":"LineString","coordinates":[[139.84185,35.78585],[139.84195,35.78586]]}},{"type":"Feature","properties":{"idx":563,"road":NaN,"cls":"tertiary","shops":1,"st_km":1.24,"mesh":"53395646"},"geometry":{"type":"LineString","coordinates":[[139.84133,35.78799],[139.83828,35.78739],[139.83342,35.78635]]}},{"type":"Feature","properties":{"idx":221,"road":NaN,"cls":"tertiary","shops":0,"st_km":1.02,"mesh":"53395647"},"geometry":{"type":"LineString","coordinates":[[139.83338,35.78441],[139.83653,35.78468],[139.84179,35.78584]]}},{"type":"Feature","properties":{"idx":213,"road":NaN,"cls":"tertiary","shops":1,"st_km":1.21,"mesh":"53395637"},"geometry":{"type":"LineString","coordinates":[[139.84472,35.78085],[139.84502,35.77963],[139.84505,35.77927],[139.84519,35.77862],[139.84531,35.77841]]}},{"type":"Feature","properties":{"idx":278,"road":NaN,"cls":"primary_link","shops":2,"st_km":1.06,"mesh":"53395637"},"geometry":{"type":"LineString","coordinates":[[139.84373,35.77605],[139.84382,35.77581]]}},{"type":"Feature","properties":{"idx":137,"road":"新荒川堤防線","cls":"secondary","shops":0,"st_km":1.4,"mesh":"53395602"},"geometry":{"type":"LineString","coordinates":[[139.788,35.75602],[139.78327,35.75526]]}},{"type":"Feature","properties":{"idx":281,"road":"王子金町市川線","cls":"primary","shops":1,"st_km":1.17,"mesh":"53395637"},"geometry":{"type":"LineString","coordinates":[[139.84676,35.77686],[139.848,35.77726]]}},{"type":"Feature","properties":{"idx":390,"road":"王子金町市川線","cls":"primary","shops":0,"st_km":1.5,"mesh":"53395638"},"geometry":{"type":"LineString","coordinates":[[139.85296,35.77958],[139.85251,35.77947],[139.85218,35.77931]]}},{"type":"Feature","properties":{"idx":437,"road":"王子金町市川線","cls":"primary","shops":0,"st_km":1.33,"mesh":"53395638"},"geometry":{"type":"LineString","coordinates":[[139.85218,35.77931],[139.85029,35.77802],[139.84972,35.77776],[139.84896,35.7775]]}},{"type":"Feature","properties":{"idx":188,"road":"王子金町市川線","cls":"primary","shops":0,"st_km":1.16,"mesh":"53395637"},"geometry":{"type":"LineString","coordinates":[[139.84805,35.77722],[139.84687,35.77686],[139.84676,35.77686]]}},{"type":"Feature","properties":{"idx":176,"road":"新荒川堤防線","cls":"secondary","shops":0,"st_km":1.03,"mesh":"53395602"},"geometry":{"type":"LineString","coordinates":[[139.78327,35.75526],[139.78054,35.75497],[139.77988,35.75494]]}},{"type":"Feature","properties":{"idx":705,"road":NaN,"cls":"tertiary","shops":3,"st_km":0.68,"mesh":"53395603"},"geometry":{"type":"LineString","coordinates":[[139.79781,35.75352],[139.80083,35.75316]]}},{"type":"Feature","properties":{"idx":314,"road":"潮止通り","cls":"tertiary","shops":1,"st_km":1.71,"mesh":"53395678"},"geometry":{"type":"LineString","coordinates":[[139.85946,35.81112],[139.86111,35.81267],[139.86223,35.81365],[139.86249,35.81418],[139.86272,35.81525],[139.86271,35.81552],[139.86261,35.81567],[139.86153,35.8165]]}},{"type":"Feature","properties":{"idx":330,"road":NaN,"cls":"tertiary","shops":0,"st_km":1.42,"mesh":"53395638"},"geometry":{"type":"LineString","coordinates":[[139.85205,35.77856],[139.85155,35.77908]]}},{"type":"Feature","properties":{"idx":192,"road":"江北橋通り","cls":"secondary","shops":0,"st_km":1.07,"mesh":"53395613"},"geometry":{"type":"LineString","coordinates":[[139.79144,35.76364],[139.79376,35.76347],[139.79522,35.76346]]}},{"type":"Feature","properties":{"idx":1340,"road":NaN,"cls":"tertiary","shops":18,"st_km":0.06,"mesh":"53395617"},"geometry":{"type":"LineString","coordinates":[[139.84801,35.76642],[139.84811,35.76641],[139.84822,35.76623]]}},{"type":"Feature","properties":{"idx":1623,"road":NaN,"cls":"pedestrian","shops":13,"st_km":0.15,"mesh":"53395604"},"geometry":{"type":"LineString","coordinates":[[139.80394,35.75023],[139.8041,35.7502]]}},{"type":"Feature","properties":{"idx":1446,"road":NaN,"cls":"pedestrian","shops":11,"st_km":0.12,"mesh":"53395604"},"geometry":{"type":"LineString","coordinates":[[139.80434,35.75026],[139.80437,35.75035]]}},{"type":"Feature","properties":{"idx":2814,"road":NaN,"cls":"pedestrian","shops":23,"st_km":0.11,"mesh":"53395604"},"geometry":{"type":"LineString","coordinates":[[139.80405,35.75015],[139.80472,35.74999]]}},{"type":"Feature","properties":{"idx":1548,"road":NaN,"cls":"pedestrian","shops":12,"st_km":0.13,"mesh":"53395604"},"geometry":{"type":"LineString","coordinates":[[139.80399,35.75032],[139.80455,35.75021]]}},{"type":"Feature","properties":{"idx":1296,"road":NaN,"cls":"pedestrian","shops":10,"st_km":0.15,"mesh":"53395604"},"geometry":{"type":"LineString","coordinates":[[139.80403,35.75034],[139.80401,35.75022]]}},{"type":"Feature","properties":{"idx":2653,"road":NaN,"cls":"pedestrian","shops":22,"st_km":0.13,"mesh":"53395604"},"geometry":{"type":"LineString","coordinates":[[139.80472,35.74999],[139.80404,35.75012],[139.80412,35.75039]]}},{"type":"Feature","properties":{"idx":1919,"road":NaN,"cls":"pedestrian","shops":15,"st_km":0.11,"mesh":"53395604"},"geometry":{"type":"LineString","coordinates":[[139.80411,35.75034],[139.80461,35.75024],[139.80399,35.75034],[139.80399,35.75022]]}},{"type":"Feature","properties":{"idx":1745,"road":NaN,"cls":"pedestrian","shops":14,"st_km":0.14,"mesh":"53395604"},"geometry":{"type":"LineString","coordinates":[[139.80407,35.75011],[139.80414,35.75033]]}},{"type":"Feature","properties":{"idx":1517,"road":NaN,"cls":"pedestrian","shops":12,"st_km":0.15,"mesh":"53395604"},"geometry":{"type":"LineString","coordinates":[[139.80407,35.75033],[139.80404,35.75021]]}},{"type":"Feature","properties":{"idx":139,"road":NaN,"cls":"secondary_link","shops":0,"st_km":1.23,"mesh":"53395656"},"geometry":{"type":"LineString","coordinates":[[139.82773,35.79452],[139.82743,35.79511]]}},{"type":"Feature","properties":{"idx":1855,"road":NaN,"cls":"pedestrian","shops":21,"st_km":0.18,"mesh":"53395617"},"geometry":{"type":"LineString","coordinates":[[139.84887,35.76538],[139.84901,35.76533]]}},{"type":"Feature","properties":{"idx":125,"road":"内匠橋花畑線","cls":"secondary","shops":0,"st_km":1.82,"mesh":"53395675"},"geometry":{"type":"LineString","coordinates":[[139.82079,35.81002],[139.82082,35.81044],[139.82093,35.81064],[139.82109,35.81077]]}},{"type":"Feature","properties":{"idx":89,"road":NaN,"cls":"tertiary","shops":0,"st_km":0.45,"mesh":"53395617"},"geometry":{"type":"LineString","coordinates":[[139.84485,35.76526],[139.84446,35.76538],[139.84397,35.76544],[139.84268,35.7653],[139.84187,35.76503],[139.84104,35.76439]]}},{"type":"Feature","properties":{"idx":630,"road":NaN,"cls":"tertiary","shops":2,"st_km":0.82,"mesh":"53395606"},"geometry":{"type":"LineString","coordinates":[[139.83263,35.75645],[139.82806,35.75627]]}},{"type":"Feature","properties":{"idx":295,"road":NaN,"cls":"tertiary","shops":0,"st_km":0.77,"mesh":"53395606"},"geometry":{"type":"LineString","coordinates":[[139.83322,35.75222],[139.83321,35.75299],[139.83335,35.75336]]}},{"type":"Feature","properties":{"idx":65,"road":NaN,"cls":"pedestrian","shops":0,"st_km":0.49,"mesh":"53395651"},"geometry":{"type":"LineString","coordinates":[[139.77388,35.79361],[139.77424,35.79357]]}},{"type":"Feature","properties":{"idx":67,"road":NaN,"cls":"pedestrian","shops":0,"st_km":0.46,"mesh":"53395651"},"geometry":{"type":"LineString","coordinates":[[139.77429,35.79458],[139.77463,35.79454]]}},{"type":"Feature","properties":{"idx":70,"road":NaN,"cls":"pedestrian","shops":0,"st_km":0.41,"mesh":"53395651"},"geometry":{"type":"LineString","coordinates":[[139.77431,35.79506],[139.77426,35.7948],[139.77407,35.79465],[139.77363,35.7945],[139.77335,35.79411]]}},{"type":"Feature","properties":{"idx":73,"road":NaN,"cls":"pedestrian","shops":0,"st_km":0.36,"mesh":"53395651"},"geometry":{"type":"LineString","coordinates":[[139.77382,35.79517],[139.77351,35.79518]]}},{"type":"Feature","properties":{"idx":63,"road":NaN,"cls":"pedestrian","shops":0,"st_km":0.53,"mesh":"53395651"},"geometry":{"type":"LineString","coordinates":[[139.7721,35.79436],[139.77267,35.79417],[139.77335,35.79411],[139.77358,35.79403],[139.77384,35.79384],[139.77391,35.79329],[139.77389,35.79311],[139.7736,35.79265],[139.7736,35.79228],[139.77354,35.79214],[139.77327,35.79198],[139.7729,35.79198],[139.77247,35.79215],[139.77204,35.7927]]}},{"type":"Feature","properties":{"idx":75,"road":NaN,"cls":"pedestrian","shops":0,"st_km":0.34,"mesh":"53395651"},"geometry":{"type":"LineString","coordinates":[[139.77137,35.79553],[139.77317,35.79543],[139.77339,35.79534],[139.77357,35.79507],[139.77368,35.79498],[139.77416,35.79478],[139.77429,35.79458],[139.77425,35.79443],[139.77393,35.79406],[139.77384,35.79384]]}},{"type":"Feature","properties":{"idx":88,"road":NaN,"cls":"pedestrian","shops":0,"st_km":0.18,"mesh":"53395651"},"geometry":{"type":"LineString","coordinates":[[139.77136,35.79579],[139.77137,35.79553],[139.77089,35.79534],[139.77064,35.79503],[139.77061,35.79469],[139.7708,35.79412]]}},{"type":"Feature","properties":{"idx":87,"road":NaN,"cls":"pedestrian","shops":0,"st_km":0.19,"mesh":"53395651"},"geometry":{"type":"LineString","coordinates":[[139.77169,35.7945],[139.77152,35.79465],[139.77123,35.79509],[139.77039,35.79576]]}},{"type":"Feature","properties":{"idx":318,"road":NaN,"cls":"tertiary","shops":1,"st_km":1.74,"mesh":"53395657"},"geometry":{"type":"LineString","coordinates":[[139.84055,35.79248],[139.84064,35.7925]]}},{"type":"Feature","properties":{"idx":151,"road":"王子金町市川線","cls":"primary","shops":0,"st_km":1.18,"mesh":"53395610"},"geometry":{"type":"LineString","coordinates":[[139.75746,35.76219],[139.75801,35.76229],[139.75842,35.76246]]}},{"type":"Feature","properties":{"idx":809,"road":NaN,"cls":"tertiary","shops":2,"st_km":0.81,"mesh":"53395608"},"geometry":{"type":"LineString","coordinates":[[139.85752,35.75347],[139.85703,35.75326],[139.856,35.75294]]}},{"type":"Feature","properties":{"idx":445,"road":NaN,"cls":"tertiary","shops":0,"st_km":0.71,"mesh":"53395608"},"geometry":{"type":"LineString","coordinates":[[139.85502,35.75185],[139.85325,35.75147],[139.85138,35.75087],[139.8485,35.74922]]}},{"type":"Feature","properties":{"idx":272,"road":NaN,"cls":"primary_link","shops":0,"st_km":1.16,"mesh":"53395608"},"geometry":{"type":"LineString","coordinates":[[139.85449,35.75777],[139.85446,35.75768],[139.85433,35.75764],[139.85425,35.75772]]}},{"type":"Feature","properties":{"idx":383,"road":NaN,"cls":"tertiary","shops":0,"st_km":0.47,"mesh":"53395609"},"geometry":{"type":"LineString","coordinates":[[139.86629,35.75501],[139.863,35.7545],[139.86264,35.75437]]}},{"type":"Feature","properties":{"idx":385,"road":NaN,"cls":"tertiary","shops":0,"st_km":0.46,"mesh":"53395609"},"geometry":{"type":"LineString","coordinates":[[139.86308,35.75308],[139.86264,35.75437]]}},{"type":"Feature","properties":{"idx":308,"road":NaN,"cls":"tertiary","shops":0,"st_km":0.7,"mesh":"53395609"},"geometry":{"type":"LineString","coordinates":[[139.86513,35.75977],[139.86644,35.75446]]}},{"type":"Feature","properties":{"idx":365,"road":NaN,"cls":"tertiary","shops":0,"st_km":0.65,"mesh":"53395619"},"geometry":{"type":"LineString","coordinates":[[139.87366,35.76235],[139.87209,35.7617],[139.87117,35.76082]]}},{"type":"Feature","properties":{"idx":247,"road":NaN,"cls":"tertiary","shops":1,"st_km":2.48,"mesh":"53395659"},"geometry":{"type":"LineString","coordinates":[[139.86918,35.78399],[139.86904,35.78458],[139.86897,35.78541],[139.86857,35.78627],[139.86844,35.78674],[139.86836,35.78834],[139.868,35.7897],[139.86802,35.78988],[139.86836,35.79043],[139.86844,35.79075],[139.86843,35.79094],[139.86826,35.7912],[139.86777,35.79151],[139.86766,35.79168],[139.86754,35.79204],[139.86697,35.79245],[139.86606,35.79343],[139.86573,35.79391],[139.86562,35.79399],[139.8654,35.79405],[139.86484,35.79389],[139.86441,35.79392],[139.86291,35.7938],[139.86266,35.79386],[139.86232,35.79407],[139.86207,35.7941],[139.86023,35.79348],[139.86001,35.79333],[139.8597,35.79292],[139.85956,35.79292]]}},{"type":"Feature","properties":{"idx":602,"road":NaN,"cls":"pedestrian","shops":1,"st_km":2.68,"mesh":"53395697"},"geometry":{"type":"LineString","coordinates":[[139.84805,35.83164],[139.84775,35.83196]]}},{"type":"Feature","properties":{"idx":117,"road":"千住小松川葛西沖線","cls":"primary","shops":0,"st_km":0.89,"mesh":"53395605"},"geometry":{"type":"LineString","coordinates":[[139.82109,35.75189],[139.82102,35.75299],[139.8208,35.75471],[139.82094,35.7552]]}},{"type":"Feature","properties":{"idx":120,"road":"新荒川葛西堤防線","cls":"secondary","shops":0,"st_km":0.73,"mesh":"53395605"},"geometry":{"type":"LineString","coordinates":[[139.82111,35.75136],[139.82109,35.75189]]}},{"type":"Feature","properties":{"idx":312,"road":"環七北通り","cls":"tertiary","shops":0,"st_km":0.26,"mesh":"53395635"},"geometry":{"type":"LineString","coordinates":[[139.82408,35.78253],[139.82158,35.78259]]}},{"type":"Feature","properties":{"idx":316,"road":"東京川口線","cls":"secondary","shops":2,"st_km":1.72,"mesh":"53395640"},"geometry":{"type":"LineString","coordinates":[[139.75194,35.78617],[139.75135,35.78393]]}},{"type":"Feature","properties":{"idx":194,"road":NaN,"cls":"tertiary","shops":1,"st_km":1.37,"mesh":"53395639"},"geometry":{"type":"LineString","coordinates":[[139.8608,35.78035],[139.8667,35.78093]]}},{"type":"Feature","properties":{"idx":148,"road":"新荒川堤防線","cls":"secondary","shops":0,"st_km":1.06,"mesh":"53395610"},"geometry":{"type":"LineString","coordinates":[[139.76106,35.75952],[139.75974,35.76071],[139.75905,35.76153]]}},{"type":"Feature","properties":{"idx":2576,"road":NaN,"cls":"tertiary","shops":3,"st_km":0.63,"mesh":"53395624"},"geometry":{"type":"LineString","coordinates":[[139.80362,35.76875],[139.80351,35.76881]]}},{"type":"Feature","properties":{"idx":159,"road":"東京川口線","cls":"secondary","shops":0,"st_km":1.7,"mesh":"53395640"},"geometry":{"type":"LineString","coordinates":[[139.75111,35.78969],[139.75149,35.78913]]}},{"type":"Feature","properties":{"idx":132,"road":NaN,"cls":"tertiary","shops":0,"st_km":1.58,"mesh":"53395650"},"geometry":{"type":"LineString","coordinates":[[139.75281,35.79296],[139.75384,35.79238]]}},{"type":"Feature","properties":{"idx":173,"road":"南平工業団地通り","cls":"tertiary","shops":0,"st_km":1.11,"mesh":"53395650"},"geometry":{"type":"LineString","coordinates":[[139.7584,35.79693],[139.75724,35.79732]]}},{"type":"Feature","properties":{"idx":440,"road":"葛飾吉川松伏線","cls":"primary","shops":2,"st_km":1.83,"mesh":"53395658"},"geometry":{"type":"LineString","coordinates":[[139.85996,35.79903],[139.86069,35.79798],[139.86081,35.79763],[139.86085,35.79731],[139.86083,35.79693],[139.86058,35.79637]]}},{"type":"Feature","properties":{"idx":668,"road":"都電通り","cls":"tertiary","shops":1,"st_km":0.06,"mesh":"53395600"},"geometry":{"type":"LineString","coordinates":[[139.75348,35.75092],[139.75348,35.75094]]}},{"type":"Feature","properties":{"idx":166,"road":NaN,"cls":"tertiary","shops":0,"st_km":1.06,"mesh":"53395664"},"geometry":{"type":"LineString","coordinates":[[139.80547,35.80665],[139.80544,35.80514]]}},{"type":"Feature","properties":{"idx":1377,"road":"川口草加線","cls":"secondary","shops":0,"st_km":0.56,"mesh":"53395682"},"geometry":{"type":"LineString","coordinates":[[139.77481,35.8186],[139.77634,35.81678],[139.77678,35.81618],[139.77712,35.81556]]}},{"type":"Feature","properties":{"idx":284,"road":"第二産業道路","cls":"primary","shops":0,"st_km":0.42,"mesh":"53395681"},"geometry":{"type":"LineString","coordinates":[[139.77088,35.81791],[139.77065,35.81839],[139.77029,35.81876]]}},{"type":"Feature","properties":{"idx":513,"road":"第二産業道路","cls":"primary","shops":1,"st_km":0.23,"mesh":"53395681"},"geometry":{"type":"LineString","coordinates":[[139.77082,35.81627],[139.77091,35.81714]]}},{"type":"Feature","properties":{"idx":721,"road":"吉場安行東京線","cls":"secondary","shops":2,"st_km":1.21,"mesh":"53395673"},"geometry":{"type":"LineString","coordinates":[[139.79092,35.80591],[139.79031,35.8087],[139.79012,35.8091],[139.78952,35.81001],[139.78885,35.8116]]}},{"type":"Feature","properties":{"idx":379,"road":"草加神社通り","cls":"tertiary","shops":0,"st_km":1.35,"mesh":"53395693"},"geometry":{"type":"LineString","coordinates":[[139.79036,35.82643],[139.78715,35.82634]]}},{"type":"Feature","properties":{"idx":392,"road":"草加神社通り","cls":"tertiary","shops":1,"st_km":0.21,"mesh":"53395694"},"geometry":{"type":"LineString","coordinates":[[139.80715,35.82635],[139.80627,35.82643],[139.80582,35.8264],[139.80394,35.82643],[139.79921,35.82668]]}},{"type":"Feature","properties":{"idx":914,"road":NaN,"cls":"tertiary","shops":4,"st_km":0.07,"mesh":"53395694"},"geometry":{"type":"LineString","coordinates":[[139.8026,35.82846],[139.80272,35.82853],[139.80279,35.82865],[139.80302,35.82866]]}},{"type":"Feature","properties":{"idx":2136,"road":NaN,"cls":"tertiary","shops":12,"st_km":0.07,"mesh":"53395694"},"geometry":{"type":"LineString","coordinates":[[139.80282,35.8282],[139.80273,35.82823],[139.80272,35.82837],[139.8026,35.82846]]}},{"type":"Feature","properties":{"idx":468,"road":"第二産業道路","cls":"primary","shops":1,"st_km":0.32,"mesh":"53395681"},"geometry":{"type":"LineString","coordinates":[[139.77098,35.81794],[139.77103,35.81764],[139.771,35.81708]]}},{"type":"Feature","properties":{"idx":268,"road":"川口草加線","cls":"secondary","shops":0,"st_km":0.37,"mesh":"53395681"},"geometry":{"type":"LineString","coordinates":[[139.77088,35.81791],[139.77098,35.81794]]}},{"type":"Feature","properties":{"idx":1362,"road":"吉場安行東京線","cls":"secondary","shops":2,"st_km":1.47,"mesh":"53395682"},"geometry":{"type":"LineString","coordinates":[[139.78564,35.81931],[139.78504,35.82093],[139.78457,35.82204]]}},{"type":"Feature","properties":{"idx":1722,"road":NaN,"cls":"tertiary","shops":2,"st_km":0.39,"mesh":"53395693"},"geometry":{"type":"LineString","coordinates":[[139.79934,35.82859],[139.79921,35.82668]]}},{"type":"Feature","properties":{"idx":177,"road":"江北橋通り","cls":"secondary","shops":0,"st_km":1.18,"mesh":"53395613"},"geometry":{"type":"LineString","coordinates":[[139.78951,35.76378],[139.79144,35.76364]]}},{"type":"Feature","properties":{"idx":245,"road":"稲荷中央通り","cls":"tertiary","shops":0,"st_km":1.97,"mesh":"53395696"},"geometry":{"type":"LineString","coordinates":[[139.82497,35.83031],[139.82542,35.82885]]}},{"type":"Feature","properties":{"idx":261,"road":"草加八潮三郷線","cls":"secondary","shops":0,"st_km":2.09,"mesh":"53395696"},"geometry":{"type":"LineString","coordinates":[[139.82497,35.83031],[139.82786,35.83118]]}},{"type":"Feature","properties":{"idx":301,"road":"草加八潮三郷線","cls":"secondary","shops":0,"st_km":1.12,"mesh":"53395695"},"geometry":{"type":"LineString","coordinates":[[139.81527,35.82803],[139.81636,35.828]]}},{"type":"Feature","properties":{"idx":159,"road":"稲荷中央通り","cls":"tertiary","shops":0,"st_km":1.96,"mesh":"53395695"},"geometry":{"type":"LineString","coordinates":[[139.82475,35.8327],[139.82497,35.83031]]}},{"type":"Feature","properties":{"idx":477,"road":NaN,"cls":"tertiary","shops":2,"st_km":2.03,"mesh":"53395696"},"geometry":{"type":"LineString","coordinates":[[139.82475,35.8327],[139.82522,35.83255],[139.82597,35.83213]]}},{"type":"Feature","properties":{"idx":636,"road":"日光街道","cls":"primary","shops":3,"st_km":0.46,"mesh":"53395694"},"geometry":{"type":"LineString","coordinates":[[139.80736,35.82808],[139.80733,35.83101],[139.80755,35.83406]]}},{"type":"Feature","properties":{"idx":2024,"road":NaN,"cls":"tertiary","shops":11,"st_km":0.05,"mesh":"53395694"},"geometry":{"type":"LineString","coordinates":[[139.80304,35.82829],[139.80298,35.8282],[139.80282,35.8282]]}},{"type":"Feature","properties":{"idx":260,"road":NaN,"cls":"tertiary","shops":0,"st_km":0.22,"mesh":"53395694"},"geometry":{"type":"LineString","coordinates":[[139.80119,35.82656],[139.80133,35.82851]]}},{"type":"Feature","properties":{"idx":418,"road":NaN,"cls":"tertiary","shops":4,"st_km":0.13,"mesh":"53395667"},"geometry":{"type":"LineString","coordinates":[[139.84344,35.80734],[139.84339,35.80749],[139.84352,35.80761]]}},{"type":"Feature","properties":{"idx":81,"road":NaN,"cls":"tertiary","shops":0,"st_km":1.76,"mesh":"53395687"},"geometry":{"type":"LineString","coordinates":[[139.83943,35.82326],[139.83838,35.82271],[139.83894,35.82186]]}},{"type":"Feature","properties":{"idx":215,"road":NaN,"cls":"tertiary","shops":0,"st_km":0.83,"mesh":"53395650"},"geometry":{"type":"LineString","coordinates":[[139.76108,35.7961],[139.76081,35.79612]]}},{"type":"Feature","properties":{"idx":235,"road":"足立川口線","cls":"secondary","shops":0,"st_km":0.87,"mesh":"53395650"},"geometry":{"type":"LineString","coordinates":[[139.76035,35.79545],[139.76081,35.79612]]}},{"type":"Feature","properties":{"idx":221,"road":"足立川口線","cls":"secondary","shops":0,"st_km":0.95,"mesh":"53395650"},"geometry":{"type":"LineString","coordinates":[[139.75938,35.79439],[139.76035,35.79545]]}},{"type":"Feature","properties":{"idx":201,"road":"足立川口線","cls":"secondary","shops":0,"st_km":1.31,"mesh":"53395640"},"geometry":{"type":"LineString","coordinates":[[139.75219,35.78723],[139.75308,35.78802],[139.75507,35.79],[139.75938,35.79439]]}},{"type":"Feature","properties":{"idx":96,"road":NaN,"cls":"tertiary","shops":0,"st_km":0.5,"mesh":"53395667"},"geometry":{"type":"LineString","coordinates":[[139.8419,35.80407],[139.8408,35.80438]]}},{"type":"Feature","properties":{"idx":92,"road":NaN,"cls":"tertiary","shops":0,"st_km":0.54,"mesh":"53395667"},"geometry":{"type":"LineString","coordinates":[[139.84054,35.80447],[139.84002,35.80462]]}},{"type":"Feature","properties":{"idx":646,"road":"綾瀬川通り","cls":"tertiary","shops":0,"st_km":0.57,"mesh":"53395646"},"geometry":{"type":"LineString","coordinates":[[139.82642,35.78337],[139.82642,35.78363],[139.82671,35.78471],[139.82687,35.7855],[139.82819,35.79036],[139.82849,35.79116]]}},{"type":"Feature","properties":{"idx":90,"road":"綾瀬川通り","cls":"tertiary","shops":0,"st_km":0.45,"mesh":"53395636"},"geometry":{"type":"LineString","coordinates":[[139.82644,35.78329],[139.82642,35.78337]]}},{"type":"Feature","properties":{"idx":436,"road":"綾瀬川通り","cls":"tertiary","shops":0,"st_km":0.45,"mesh":"53395626"},"geometry":{"type":"LineString","coordinates":[[139.825,35.77093],[139.82509,35.77126]]}},{"type":"Feature","properties":{"idx":584,"road":"綾瀬川通り","cls":"tertiary","shops":1,"st_km":0.56,"mesh":"53395626"},"geometry":{"type":"LineString","coordinates":[[139.82509,35.77126],[139.82552,35.77369],[139.8261,35.77613],[139.8263,35.77769]]}},{"type":"Feature","properties":{"idx":298,"road":"舎人公園通り","cls":"secondary","shops":1,"st_km":1.29,"mesh":"53395656"},"geometry":{"type":"LineString","coordinates":[[139.83185,35.79328],[139.83147,35.7932]]}},{"type":"Feature","properties":{"idx":410,"road":"舎人公園通り","cls":"secondary","shops":2,"st_km":1.25,"mesh":"53395656"},"geometry":{"type":"LineString","coordinates":[[139.83116,35.79314],[139.83104,35.79311]]}},{"type":"Feature","properties":{"idx":338,"road":"舎人公園通り","cls":"secondary","shops":1,"st_km":1.12,"mesh":"53395656"},"geometry":{"type":"LineString","coordinates":[[139.83104,35.79311],[139.82993,35.7927],[139.82821,35.79224]]}},{"type":"Feature","properties":{"idx":405,"road":"舎人公園通り","cls":"secondary","shops":2,"st_km":1.27,"mesh":"53395656"},"geometry":{"type":"LineString","coordinates":[[139.83147,35.7932],[139.83116,35.79314]]}},{"type":"Feature","properties":{"idx":185,"road":"千住小松川葛西沖線","cls":"primary","shops":1,"st_km":0.77,"mesh":"53395605"},"geometry":{"type":"LineString","coordinates":[[139.82013,35.75519],[139.8201,35.75562],[139.82014,35.75565]]}},{"type":"Feature","properties":{"idx":117,"road":"千住小松川葛西沖線","cls":"primary","shops":0,"st_km":0.83,"mesh":"53395605"},"geometry":{"type":"LineString","coordinates":[[139.82062,35.75524],[139.82076,35.75518],[139.82094,35.7552]]}},{"type":"Feature","properties":{"idx":140,"road":"八潮三郷線","cls":"secondary","shops":0,"st_km":0.43,"mesh":"53395677"},"geometry":{"type":"LineString","coordinates":[[139.84148,35.80945],[139.8407,35.80891],[139.83993,35.80855],[139.83869,35.80777]]}},{"type":"Feature","properties":{"idx":198,"road":NaN,"cls":"tertiary","shops":1,"st_km":0.18,"mesh":"53395667"},"geometry":{"type":"LineString","coordinates":[[139.84318,35.80759],[139.84237,35.80844]]}},{"type":"Feature","properties":{"idx":75,"road":"市役所通り","cls":"tertiary","shops":0,"st_km":0.99,"mesh":"53395677"},"geometry":{"type":"LineString","coordinates":[[139.84031,35.8128],[139.83879,35.81847]]}},{"type":"Feature","properties":{"idx":141,"road":"八潮三郷線","cls":"secondary","shops":0,"st_km":0.43,"mesh":"53395677"},"geometry":{"type":"LineString","coordinates":[[139.84113,35.80979],[139.84223,35.81068],[139.84374,35.81213],[139.84439,35.81282]]}},{"type":"Feature","properties":{"idx":60,"road":NaN,"cls":"secondary_link","shops":0,"st_km":0.92,"mesh":"53395677"},"geometry":{"type":"LineString","coordinates":[[139.84671,35.81568],[139.84701,35.81587],[139.84719,35.81594]]}},{"type":"Feature","properties":{"idx":94,"road":"八潮三郷線","cls":"secondary","shops":0,"st_km":0.86,"mesh":"53395677"},"geometry":{"type":"LineString","coordinates":[[139.84719,35.81594],[139.84637,35.81476]]}},{"type":"Feature","properties":{"idx":248,"road":"草加八潮三郷線","cls":"secondary","shops":0,"st_km":2.23,"mesh":"53395696"},"geometry":{"type":"LineString","coordinates":[[139.82786,35.83118],[139.82799,35.83122]]}},{"type":"Feature","properties":{"idx":243,"road":NaN,"cls":"tertiary","shops":0,"st_km":0.28,"mesh":"53395694"},"geometry":{"type":"LineString","coordinates":[[139.80133,35.82851],[139.79934,35.82859]]}},{"type":"Feature","properties":{"idx":247,"road":"尾久橋通り","cls":"primary","shops":1,"st_km":0.28,"mesh":"53395631"},"geometry":{"type":"LineString","coordinates":[[139.77025,35.77832],[139.77038,35.77425]]}},{"type":"Feature","properties":{"idx":1088,"road":NaN,"cls":"tertiary","shops":14,"st_km":0.09,"mesh":"53395653"},"geometry":{"type":"LineString","coordinates":[[139.79169,35.79383],[139.79135,35.79404]]}},{"type":"Feature","properties":{"idx":374,"road":"新郷スポーツセンター通り","cls":"tertiary","shops":0,"st_km":1.77,"mesh":"53395692"},"geometry":{"type":"LineString","coordinates":[[139.78513,35.82635],[139.7829,35.82635]]}},{"type":"Feature","properties":{"idx":338,"road":"吉場安行東京線","cls":"secondary","shops":0,"st_km":2.19,"mesh":"53395692"},"geometry":{"type":"LineString","coordinates":[[139.7793,35.83307],[139.77934,35.833]]}},{"type":"Feature","properties":{"idx":339,"road":"吉場安行東京線","cls":"secondary","shops":0,"st_km":2.18,"mesh":"53395692"},"geometry":{"type":"LineString","coordinates":[[139.77934,35.833],[139.77934,35.83295]]}},{"type":"Feature","properties":{"idx":339,"road":"吉場安行東京線","cls":"secondary","shops":0,"st_km":2.18,"mesh":"53395692"},"geometry":{"type":"LineString","coordinates":[[139.77934,35.83295],[139.77927,35.83298]]}},{"type":"Feature","properties":{"idx":436,"road":"谷塚停車場線","cls":"secondary","shops":1,"st_km":0.17,"mesh":"53395674"},"geometry":{"type":"LineString","coordinates":[[139.80314,35.81335],[139.80184,35.81379]]}},{"type":"Feature","properties":{"idx":156,"road":"あずま橋通り","cls":"tertiary","shops":0,"st_km":1.34,"mesh":"53395680"},"geometry":{"type":"LineString","coordinates":[[139.75931,35.82172],[139.76158,35.82492]]}},{"type":"Feature","properties":{"idx":258,"road":"あずま橋通り","cls":"tertiary","shops":0,"st_km":1.5,"mesh":"53395670"},"geometry":{"type":"LineString","coordinates":[[139.75252,35.81473],[139.75365,35.81546],[139.75403,35.81578],[139.75529,35.81793]]}},{"type":"Feature","properties":{"idx":167,"road":NaN,"cls":"tertiary","shops":0,"st_km":1.24,"mesh":"53395680"},"geometry":{"type":"LineString","coordinates":[[139.75982,35.8175],[139.75529,35.81793]]}},{"type":"Feature","properties":{"idx":2521,"road":NaN,"cls":"tertiary","shops":14,"st_km":0.04,"mesh":"53395694"},"geometry":{"type":"LineString","coordinates":[[139.80306,35.82858],[139.80304,35.82829]]}},{"type":"Feature","properties":{"idx":459,"road":"さいたま草加線","cls":"primary","shops":3,"st_km":1.43,"mesh":"53395680"},"geometry":{"type":"LineString","coordinates":[[139.76158,35.82492],[139.76073,35.82461],[139.75979,35.82439]]}},{"type":"Feature","properties":{"idx":117,"road":NaN,"cls":"secondary_link","shops":0,"st_km":1.33,"mesh":"53395680"},"geometry":{"type":"LineString","coordinates":[[139.76021,35.82298],[139.76009,35.82296],[139.75998,35.82304]]}},{"type":"Feature","properties":{"idx":120,"road":NaN,"cls":"secondary_link","shops":0,"st_km":1.29,"mesh":"53395680"},"geometry":{"type":"LineString","coordinates":[[139.75973,35.8219],[139.75962,35.82197],[139.75947,35.82194]]}},{"type":"Feature","properties":{"idx":350,"road":NaN,"cls":"tertiary","shops":1,"st_km":0.32,"mesh":"53395694"},"geometry":{"type":"LineString","coordinates":[[139.80133,35.82851],[139.80161,35.83263],[139.80144,35.83311]]}},{"type":"Feature","properties":{"idx":211,"road":"草加八潮三郷線","cls":"secondary","shops":0,"st_km":2.81,"mesh":"53395696"},"geometry":{"type":"LineString","coordinates":[[139.83171,35.83221],[139.83637,35.83336]]}},{"type":"Feature","properties":{"idx":202,"road":"青葉通り","cls":"tertiary","shops":0,"st_km":2.48,"mesh":"53395696"},"geometry":{"type":"LineString","coordinates":[[139.83296,35.82598],[139.83283,35.8277],[139.8326,35.82862],[139.83226,35.8297]]}},{"type":"Feature","properties":{"idx":87,"road":"青葉通り","cls":"tertiary","shops":0,"st_km":1.77,"mesh":"53395686"},"geometry":{"type":"LineString","coordinates":[[139.83332,35.82065],[139.83331,35.82072]]}},{"type":"Feature","properties":{"idx":96,"road":"平方東京線","cls":"secondary","shops":0,"st_km":1.81,"mesh":"53395686"},"geometry":{"type":"LineString","coordinates":[[139.83483,35.82089],[139.83458,35.82203],[139.83429,35.82284]]}},{"type":"Feature","properties":{"idx":101,"road":"平方東京線","cls":"secondary","shops":0,"st_km":1.71,"mesh":"53395686"},"geometry":{"type":"LineString","coordinates":[[139.83484,35.82082],[139.83483,35.82089]]}},{"type":"Feature","properties":{"idx":115,"road":"松戸草加線","cls":"primary","shops":0,"st_km":1.66,"mesh":"53395686"},"geometry":{"type":"LineString","coordinates":[[139.83331,35.82072],[139.83483,35.82089],[139.83597,35.8209],[139.83685,35.82079],[139.83858,35.82048]]}},{"type":"Feature","properties":{"idx":104,"road":"松戸草加線","cls":"primary","shops":0,"st_km":1.86,"mesh":"53395686"},"geometry":{"type":"LineString","coordinates":[[139.8295,35.82026],[139.83331,35.82072]]}},{"type":"Feature","properties":{"idx":104,"road":"松戸草加線","cls":"primary","shops":0,"st_km":1.85,"mesh":"53395686"},"geometry":{"type":"LineString","coordinates":[[139.83332,35.82065],[139.82953,35.82019]]}},{"type":"Feature","properties":{"idx":116,"road":"松戸草加線","cls":"primary","shops":0,"st_km":1.65,"mesh":"53395686"},"geometry":{"type":"LineString","coordinates":[[139.83856,35.82041],[139.83646,35.82078],[139.83584,35.82083],[139.83484,35.82082],[139.83332,35.82065]]}},{"type":"Feature","properties":{"idx":131,"road":"市役所通り","cls":"tertiary","shops":1,"st_km":1.62,"mesh":"53395687"},"geometry":{"type":"LineString","coordinates":[[139.83877,35.82123],[139.83894,35.82186]]}},{"type":"Feature","properties":{"idx":93,"road":"市役所通り","cls":"tertiary","shops":0,"st_km":1.51,"mesh":"53395687"},"geometry":{"type":"LineString","coordinates":[[139.83856,35.82041],[139.83858,35.82048]]}},{"type":"Feature","properties":{"idx":416,"road":"日光街道","cls":"primary","shops":2,"st_km":0.62,"mesh":"53395674"},"geometry":{"type":"LineString","coordinates":[[139.80166,35.80832],[139.80225,35.81032]]}},{"type":"Feature","properties":{"idx":640,"road":"吉場安行東京線","cls":"secondary","shops":0,"st_km":0.74,"mesh":"53395643"},"geometry":{"type":"LineString","coordinates":[[139.79784,35.79283],[139.79778,35.7892]]}},{"type":"Feature","properties":{"idx":220,"road":NaN,"cls":"tertiary","shops":3,"st_km":0.51,"mesh":"53395653"},"geometry":{"type":"LineString","coordinates":[[139.79432,35.79299],[139.79625,35.79287],[139.79784,35.79283]]}},{"type":"Feature","properties":{"idx":784,"road":"吉場安行東京線","cls":"secondary","shops":1,"st_km":0.98,"mesh":"53395643"},"geometry":{"type":"LineString","coordinates":[[139.79778,35.7892],[139.79774,35.78616]]}},{"type":"Feature","properties":{"idx":522,"road":"吉場安行東京線","cls":"secondary","shops":0,"st_km":0.98,"mesh":"53395643"},"geometry":{"type":"LineString","coordinates":[[139.79771,35.78506],[139.79768,35.7824]]}},{"type":"Feature","properties":{"idx":179,"road":"内匠橋花畑線","cls":"secondary","shops":1,"st_km":1.91,"mesh":"53395675"},"geometry":{"type":"LineString","coordinates":[[139.82237,35.8131],[139.82263,35.81379]]}},{"type":"Feature","properties":{"idx":118,"road":"内匠橋花畑線","cls":"secondary","shops":0,"st_km":1.93,"mesh":"53395675"},"geometry":{"type":"LineString","coordinates":[[139.82271,35.81399],[139.82298,35.81433]]}},{"type":"Feature","properties":{"idx":103,"road":NaN,"cls":"tertiary","shops":0,"st_km":1.99,"mesh":"53395675"},"geometry":{"type":"LineString","coordinates":[[139.82351,35.81477],[139.82352,35.81452],[139.82357,35.81446],[139.82413,35.81401],[139.82507,35.8134]]}},{"type":"Feature","properties":{"idx":155,"road":"桑袋大橋通り","cls":"tertiary","shops":1,"st_km":1.97,"mesh":"53395675"},"geometry":{"type":"LineString","coordinates":[[139.82341,35.81322],[139.82293,35.81316]]}},{"type":"Feature","properties":{"idx":502,"road":NaN,"cls":"primary_link","shops":7,"st_km":0.15,"mesh":"53395633"},"geometry":{"type":"LineString","coordinates":[[139.79195,35.77835],[139.79097,35.77826]]}},{"type":"Feature","properties":{"idx":119,"road":"内匠橋花畑線","cls":"secondary","shops":0,"st_km":1.92,"mesh":"53395675"},"geometry":{"type":"LineString","coordinates":[[139.82263,35.81379],[139.82271,35.81399]]}},{"type":"Feature","properties":{"idx":158,"road":"桑袋大橋通り","cls":"tertiary","shops":1,"st_km":1.92,"mesh":"53395675"},"geometry":{"type":"LineString","coordinates":[[139.82293,35.81316],[139.82237,35.8131]]}},{"type":"Feature","properties":{"idx":536,"road":"日光街道","cls":"primary","shops":2,"st_km":0.35,"mesh":"53395674"},"geometry":{"type":"LineString","coordinates":[[139.80225,35.81032],[139.80314,35.81335]]}},{"type":"Feature","properties":{"idx":220,"road":"日光街道","cls":"primary","shops":0,"st_km":0.98,"mesh":"53395664"},"geometry":{"type":"LineString","coordinates":[[139.80147,35.80668],[139.80155,35.80536]]}},{"type":"Feature","properties":{"idx":498,"road":"日光街道","cls":"primary","shops":2,"st_km":0.83,"mesh":"53395664"},"geometry":{"type":"LineString","coordinates":[[139.80138,35.80668],[139.80153,35.80773],[139.80162,35.80801]]}},{"type":"Feature","properties":{"idx":187,"road":NaN,"cls":"tertiary","shops":0,"st_km":0.91,"mesh":"53395664"},"geometry":{"type":"LineString","coordinates":[[139.80147,35.80668],[139.80138,35.80668]]}},{"type":"Feature","properties":{"idx":215,"road":"花畑フラワーロード","cls":"secondary","shops":0,"st_km":0.83,"mesh":"53395663"},"geometry":{"type":"LineString","coordinates":[[139.79495,35.80026],[139.79763,35.8003]]}},{"type":"Feature","properties":{"idx":1035,"road":NaN,"cls":"tertiary","shops":13,"st_km":0.07,"mesh":"53395653"},"geometry":{"type":"LineString","coordinates":[[139.79152,35.79408],[139.79135,35.79404]]}},{"type":"Feature","properties":{"idx":85,"road":"吉場安行東京線","cls":"secondary","shops":0,"st_km":0.67,"mesh":"53395633"},"geometry":{"type":"LineString","coordinates":[[139.79765,35.77859],[139.79765,35.77851]]}},{"type":"Feature","properties":{"idx":91,"road":"環七通り","cls":"primary","shops":0,"st_km":0.7,"mesh":"53395633"},"geometry":{"type":"LineString","coordinates":[[139.80062,35.77859],[139.79765,35.77851]]}},{"type":"Feature","properties":{"idx":90,"road":"環七通り","cls":"primary","shops":0,"st_km":0.7,"mesh":"53395633"},"geometry":{"type":"LineString","coordinates":[[139.79765,35.77859],[139.80057,35.77868]]}},{"type":"Feature","properties":{"idx":631,"road":"環七通り","cls":"primary","shops":6,"st_km":0.16,"mesh":"53395633"},"geometry":{"type":"LineString","coordinates":[[139.79195,35.77835],[139.79116,35.77834]]}},{"type":"Feature","properties":{"idx":549,"road":"環七通り","cls":"primary","shops":5,"st_km":0.17,"mesh":"53395633"},"geometry":{"type":"LineString","coordinates":[[139.79116,35.7784],[139.79195,35.77842]]}},{"type":"Feature","properties":{"idx":892,"road":NaN,"cls":"tertiary","shops":11,"st_km":0.08,"mesh":"53395653"},"geometry":{"type":"LineString","coordinates":[[139.79161,35.79431],[139.79153,35.79413]]}},{"type":"Feature","properties":{"idx":709,"road":NaN,"cls":"tertiary","shops":8,"st_km":0.05,"mesh":"53395653"},"geometry":{"type":"LineString","coordinates":[[139.79135,35.79404],[139.7912,35.79416],[139.79128,35.79438]]}},{"type":"Feature","properties":{"idx":1644,"road":NaN,"cls":"tertiary","shops":10,"st_km":0.12,"mesh":"53395674"},"geometry":{"type":"LineString","coordinates":[[139.80175,35.81393],[139.80184,35.81379]]}},{"type":"Feature","properties":{"idx":2152,"road":NaN,"cls":"tertiary","shops":14,"st_km":0.13,"mesh":"53395674"},"geometry":{"type":"LineString","coordinates":[[139.80184,35.81379],[139.80169,35.81377],[139.80148,35.81364],[139.80136,35.81367],[139.80129,35.81375]]}},{"type":"Feature","properties":{"idx":135,"road":"草花ふれあい通り","cls":"tertiary","shops":0,"st_km":0.85,"mesh":"53395674"},"geometry":{"type":"LineString","coordinates":[[139.81026,35.81016],[139.80997,35.81064],[139.80982,35.81103],[139.80975,35.81134],[139.80964,35.81242]]}},{"type":"Feature","properties":{"idx":173,"road":"草花ふれあい通り","cls":"tertiary","shops":1,"st_km":1.04,"mesh":"53395674"},"geometry":{"type":"LineString","coordinates":[[139.81079,35.80834],[139.8108,35.80892],[139.81075,35.8092],[139.81064,35.80952],[139.81026,35.81016]]}},{"type":"Feature","properties":{"idx":156,"road":"記念体育館通り","cls":"tertiary","shops":0,"st_km":0.69,"mesh":"53395674"},"geometry":{"type":"LineString","coordinates":[[139.81026,35.81016],[139.80612,35.81007],[139.80225,35.81032]]}},{"type":"Feature","properties":{"idx":445,"road":"吉場安行東京線","cls":"secondary","shops":2,"st_km":0.79,"mesh":"53395663"},"geometry":{"type":"LineString","coordinates":[[139.79364,35.80139],[139.79495,35.80026]]}},{"type":"Feature","properties":{"idx":397,"road":"花畑フラワーロード","cls":"tertiary","shops":3,"st_km":1.05,"mesh":"53395663"},"geometry":{"type":"LineString","coordinates":[[139.79763,35.8003],[139.8018,35.80036]]}},{"type":"Feature","properties":{"idx":186,"road":"新荒川葛西堤防線","cls":"secondary","shops":1,"st_km":0.44,"mesh":"53395611"},"geometry":{"type":"LineString","coordinates":[[139.76369,35.76467],[139.76409,35.76404],[139.76489,35.76316],[139.7653,35.7628],[139.76638,35.76209],[139.76724,35.76163],[139.76905,35.76076],[139.76988,35.76049],[139.77104,35.76023]]}},{"type":"Feature","properties":{"idx":1352,"road":NaN,"cls":"tertiary","shops":6,"st_km":0.12,"mesh":"53395614"},"geometry":{"type":"LineString","coordinates":[[139.80901,35.76603],[139.80879,35.76612],[139.8081,35.76617],[139.80803,35.76622],[139.80807,35.76629],[139.80824,35.76628]]}},{"type":"Feature","properties":{"idx":539,"road":"補助第138号線","cls":"tertiary","shops":0,"st_km":0.65,"mesh":"53395623"},"geometry":{"type":"LineString","coordinates":[[139.78961,35.77068],[139.79263,35.7708]]}},{"type":"Feature","properties":{"idx":184,"road":"山王通り","cls":"tertiary","shops":0,"st_km":1.32,"mesh":"53395685"},"geometry":{"type":"LineString","coordinates":[[139.815,35.82169],[139.81703,35.82328],[139.8176,35.824]]}},{"type":"Feature","properties":{"idx":253,"road":NaN,"cls":"tertiary","shops":0,"st_km":1.19,"mesh":"53395695"},"geometry":{"type":"LineString","coordinates":[[139.81833,35.82516],[139.8179,35.82546],[139.81724,35.8258],[139.81439,35.8275]]}},{"type":"Feature","properties":{"idx":177,"road":"山王通り","cls":"tertiary","shops":0,"st_km":1.38,"mesh":"53395685"},"geometry":{"type":"LineString","coordinates":[[139.8176,35.824],[139.81833,35.82516]]}},{"type":"Feature","properties":{"idx":242,"road":NaN,"cls":"tertiary","shops":0,"st_km":0.96,"mesh":"53395685"},"geometry":{"type":"LineString","coordinates":[[139.81281,35.8242],[139.81278,35.8242]]}},{"type":"Feature","properties":{"idx":240,"road":NaN,"cls":"tertiary","shops":0,"st_km":0.97,"mesh":"53395685"},"geometry":{"type":"LineString","coordinates":[[139.81295,35.82419],[139.81292,35.8242]]}},{"type":"Feature","properties":{"idx":241,"road":NaN,"cls":"tertiary","shops":0,"st_km":0.97,"mesh":"53395685"},"geometry":{"type":"LineString","coordinates":[[139.81292,35.8242],[139.81281,35.8242]]}},{"type":"Feature","properties":{"idx":151,"road":"草花ふれあい通り","cls":"tertiary","shops":0,"st_km":0.78,"mesh":"53395694"},"geometry":{"type":"LineString","coordinates":[[139.81144,35.82419],[139.81142,35.82726]]}},{"type":"Feature","properties":{"idx":370,"road":"草加八潮三郷線","cls":"secondary","shops":0,"st_km":0.86,"mesh":"53395695"},"geometry":{"type":"LineString","coordinates":[[139.81307,35.82811],[139.81296,35.82811]]}},{"type":"Feature","properties":{"idx":492,"road":"あずま通り","cls":"tertiary","shops":1,"st_km":0.87,"mesh":"53395695"},"geometry":{"type":"LineString","coordinates":[[139.81292,35.82733],[139.81304,35.82734]]}},{"type":"Feature","properties":{"idx":223,"road":"あずま通り","cls":"tertiary","shops":1,"st_km":0.8,"mesh":"53395694"},"geometry":{"type":"LineString","coordinates":[[139.81142,35.82726],[139.81198,35.82723],[139.8129,35.82733]]}},{"type":"Feature","properties":{"idx":159,"road":"草花ふれあい通り","cls":"tertiary","shops":0,"st_km":0.72,"mesh":"53395694"},"geometry":{"type":"LineString","coordinates":[[139.81142,35.82726],[139.81142,35.82813]]}},{"type":"Feature","properties":{"idx":841,"road":"日光街道","cls":"primary","shops":4,"st_km":0.36,"mesh":"53395694"},"geometry":{"type":"LineString","coordinates":[[139.80728,35.82703],[139.80736,35.82808]]}},{"type":"Feature","properties":{"idx":302,"road":"日光街道","cls":"primary","shops":0,"st_km":0.23,"mesh":"53395674"},"geometry":{"type":"LineString","coordinates":[[139.80314,35.81335],[139.80357,35.8148],[139.80462,35.81799]]}},{"type":"Feature","properties":{"idx":161,"road":NaN,"cls":"tertiary","shops":0,"st_km":1.53,"mesh":"53395685"},"geometry":{"type":"LineString","coordinates":[[139.82059,35.82272],[139.82032,35.82316],[139.81921,35.82433],[139.81833,35.82516]]}},{"type":"Feature","properties":{"idx":656,"road":"山王通り","cls":"tertiary","shops":0,"st_km":0.64,"mesh":"53395684"},"geometry":{"type":"LineString","coordinates":[[139.80508,35.81937],[139.80686,35.81922]]}},{"type":"Feature","properties":{"idx":199,"road":NaN,"cls":"tertiary","shops":1,"st_km":1.37,"mesh":"53395664"},"geometry":{"type":"LineString","coordinates":[[139.81262,35.80577],[139.8107,35.80579]]}},{"type":"Feature","properties":{"idx":130,"road":NaN,"cls":"tertiary","shops":0,"st_km":1.59,"mesh":"53395665"},"geometry":{"type":"LineString","coordinates":[[139.81653,35.80644],[139.81473,35.80646]]}},{"type":"Feature","properties":{"idx":148,"road":NaN,"cls":"tertiary","shops":0,"st_km":1.38,"mesh":"53395665"},"geometry":{"type":"LineString","coordinates":[[139.81473,35.80646],[139.81073,35.80659]]}},{"type":"Feature","properties":{"idx":149,"road":NaN,"cls":"tertiary","shops":0,"st_km":1.37,"mesh":"53395665"},"geometry":{"type":"LineString","coordinates":[[139.81073,35.80659],[139.81473,35.80651]]}},{"type":"Feature","properties":{"idx":173,"road":NaN,"cls":"tertiary","shops":0,"st_km":1.0,"mesh":"53395664"},"geometry":{"type":"LineString","coordinates":[[139.80669,35.80661],[139.80547,35.80665]]}},{"type":"Feature","properties":{"idx":173,"road":NaN,"cls":"tertiary","shops":0,"st_km":1.0,"mesh":"53395664"},"geometry":{"type":"LineString","coordinates":[[139.80547,35.80665],[139.80669,35.80666]]}},{"type":"Feature","properties":{"idx":447,"road":NaN,"cls":"tertiary","shops":4,"st_km":1.2,"mesh":"53395664"},"geometry":{"type":"LineString","coordinates":[[139.81073,35.80659],[139.80928,35.80661]]}},{"type":"Feature","properties":{"idx":170,"road":NaN,"cls":"tertiary","shops":0,"st_km":1.03,"mesh":"53395664"},"geometry":{"type":"LineString","coordinates":[[139.80669,35.80666],[139.80669,35.80661]]}},{"type":"Feature","properties":{"idx":171,"road":NaN,"cls":"tertiary","shops":0,"st_km":1.02,"mesh":"53395664"},"geometry":{"type":"LineString","coordinates":[[139.80669,35.80678],[139.80669,35.80666]]}},{"type":"Feature","properties":{"idx":173,"road":NaN,"cls":"tertiary","shops":0,"st_km":1.0,"mesh":"53395664"},"geometry":{"type":"LineString","coordinates":[[139.8067,35.80699],[139.80669,35.80678]]}},{"type":"Feature","properties":{"idx":185,"road":NaN,"cls":"tertiary","shops":0,"st_km":0.92,"mesh":"53395664"},"geometry":{"type":"LineString","coordinates":[[139.80672,35.80849],[139.8067,35.80699]]}},{"type":"Feature","properties":{"idx":416,"road":"花畑大橋通り","cls":"tertiary","shops":5,"st_km":1.54,"mesh":"53395664"},"geometry":{"type":"LineString","coordinates":[[139.8101,35.80083],[139.81018,35.80335],[139.81059,35.80503]]}},{"type":"Feature","properties":{"idx":166,"road":"花畑フラワーロード","cls":"tertiary","shops":1,"st_km":1.9,"mesh":"53395665"},"geometry":{"type":"LineString","coordinates":[[139.8101,35.80083],[139.81351,35.80099],[139.8175,35.80091]]}},{"type":"Feature","properties":{"idx":162,"road":NaN,"cls":"tertiary","shops":0,"st_km":1.09,"mesh":"53395664"},"geometry":{"type":"LineString","coordinates":[[139.80669,35.80666],[139.80928,35.80661]]}},{"type":"Feature","properties":{"idx":162,"road":NaN,"cls":"tertiary","shops":0,"st_km":1.09,"mesh":"53395664"},"geometry":{"type":"LineString","coordinates":[[139.80928,35.80661],[139.80669,35.80661]]}},{"type":"Feature","properties":{"idx":181,"road":NaN,"cls":"tertiary","shops":0,"st_km":0.95,"mesh":"53395664"},"geometry":{"type":"LineString","coordinates":[[139.80547,35.80665],[139.80333,35.80667]]}},{"type":"Feature","properties":{"idx":156,"road":NaN,"cls":"tertiary","shops":0,"st_km":1.14,"mesh":"53395664"},"geometry":{"type":"LineString","coordinates":[[139.80144,35.80462],[139.80161,35.80463]]}},{"type":"Feature","properties":{"idx":452,"road":"花畑大橋通り","cls":"tertiary","shops":4,"st_km":1.18,"mesh":"53395664"},"geometry":{"type":"LineString","coordinates":[[139.81073,35.80659],[139.81078,35.80808]]}},{"type":"Feature","properties":{"idx":540,"road":"花畑大橋通り","cls":"tertiary","shops":6,"st_km":1.34,"mesh":"53395664"},"geometry":{"type":"LineString","coordinates":[[139.81059,35.80503],[139.8107,35.80579]]}},{"type":"Feature","properties":{"idx":231,"road":NaN,"cls":"tertiary","shops":1,"st_km":1.16,"mesh":"53395664"},"geometry":{"type":"LineString","coordinates":[[139.80161,35.80463],[139.80206,35.80466],[139.8044,35.80514],[139.8089,35.80513],[139.80959,35.80517],[139.81059,35.80503]]}},{"type":"Feature","properties":{"idx":701,"road":NaN,"cls":"tertiary","shops":1,"st_km":1.11,"mesh":"53395654"},"geometry":{"type":"LineString","coordinates":[[139.80251,35.79279],[139.80326,35.79279]]}},{"type":"Feature","properties":{"idx":1443,"road":NaN,"cls":"tertiary","shops":4,"st_km":1.08,"mesh":"53395654"},"geometry":{"type":"LineString","coordinates":[[139.80242,35.7928],[139.80251,35.79279]]}},{"type":"Feature","properties":{"idx":1435,"road":NaN,"cls":"tertiary","shops":19,"st_km":0.08,"mesh":"53395653"},"geometry":{"type":"LineString","coordinates":[[139.79165,35.79444],[139.79161,35.79431]]}},{"type":"Feature","properties":{"idx":1111,"road":NaN,"cls":"tertiary","shops":14,"st_km":0.07,"mesh":"53395653"},"geometry":{"type":"LineString","coordinates":[[139.79132,35.7945],[139.79141,35.79457],[139.79157,35.79454]]}},{"type":"Feature","properties":{"idx":1199,"road":NaN,"cls":"tertiary","shops":15,"st_km":0.05,"mesh":"53395653"},"geometry":{"type":"LineString","coordinates":[[139.79128,35.79438],[139.79132,35.7945]]}},{"type":"Feature","properties":{"idx":131,"road":NaN,"cls":"tertiary","shops":0,"st_km":1.58,"mesh":"53395665"},"geometry":{"type":"LineString","coordinates":[[139.81473,35.80651],[139.81653,35.80644]]}},{"type":"Feature","properties":{"idx":423,"road":"花畑大橋通り","cls":"tertiary","shops":4,"st_km":1.27,"mesh":"53395664"},"geometry":{"type":"LineString","coordinates":[[139.8107,35.80579],[139.81073,35.80659]]}},{"type":"Feature","properties":{"idx":272,"road":NaN,"cls":"tertiary","shops":2,"st_km":1.52,"mesh":"53395665"},"geometry":{"type":"LineString","coordinates":[[139.81473,35.80651],[139.81473,35.80646]]}},{"type":"Feature","properties":{"idx":141,"road":NaN,"cls":"tertiary","shops":0,"st_km":1.46,"mesh":"53395665"},"geometry":{"type":"LineString","coordinates":[[139.8148,35.80843],[139.81473,35.80651]]}},{"type":"Feature","properties":{"idx":136,"road":NaN,"cls":"tertiary","shops":0,"st_km":1.33,"mesh":"53395664"},"geometry":{"type":"LineString","coordinates":[[139.80669,35.80661],[139.80655,35.80063]]}},{"type":"Feature","properties":{"idx":164,"road":"花畑フラワーロード","cls":"tertiary","shops":1,"st_km":1.69,"mesh":"53395664"},"geometry":{"type":"LineString","coordinates":[[139.80655,35.80063],[139.8101,35.80083]]}},{"type":"Feature","properties":{"idx":324,"road":"六六通り","cls":"tertiary","shops":2,"st_km":0.5,"mesh":"53395645"},"geometry":{"type":"LineString","coordinates":[[139.82216,35.78895],[139.81694,35.78889]]}},{"type":"Feature","properties":{"idx":239,"road":NaN,"cls":"tertiary","shops":0,"st_km":1.27,"mesh":"53395655"},"geometry":{"type":"LineString","coordinates":[[139.817,35.79289],[139.81698,35.79412],[139.81739,35.79607],[139.81743,35.79646],[139.81734,35.79705],[139.817,35.79824]]}},{"type":"Feature","properties":{"idx":759,"road":"赤山街道","cls":"tertiary","shops":0,"st_km":0.44,"mesh":"53395643"},"geometry":{"type":"LineString","coordinates":[[139.79227,35.79133],[139.79401,35.79058]]}},{"type":"Feature","properties":{"idx":337,"road":"竹の塚センター通り","cls":"tertiary","shops":5,"st_km":0.42,"mesh":"53395653"},"geometry":{"type":"LineString","coordinates":[[139.79401,35.79058],[139.79432,35.79299]]}},{"type":"Feature","properties":{"idx":1127,"road":NaN,"cls":"tertiary","shops":7,"st_km":0.07,"mesh":"53395645"},"geometry":{"type":"LineString","coordinates":[[139.82123,35.78508],[139.82128,35.7854]]}},{"type":"Feature","properties":{"idx":508,"road":NaN,"cls":"tertiary","shops":2,"st_km":0.06,"mesh":"53395645"},"geometry":{"type":"LineString","coordinates":[[139.82121,35.78494],[139.82123,35.78508]]}},{"type":"Feature","properties":{"idx":361,"road":NaN,"cls":"tertiary","shops":1,"st_km":0.11,"mesh":"53395645"},"geometry":{"type":"LineString","coordinates":[[139.8219,35.78535],[139.82378,35.78519]]}},{"type":"Feature","properties":{"idx":1131,"road":NaN,"cls":"tertiary","shops":7,"st_km":0.07,"mesh":"53395645"},"geometry":{"type":"LineString","coordinates":[[139.82128,35.7854],[139.8219,35.78535]]}},{"type":"Feature","properties":{"idx":621,"road":"平方東京線","cls":"secondary","shops":3,"st_km":0.19,"mesh":"53395645"},"geometry":{"type":"LineString","coordinates":[[139.82214,35.78766],[139.8219,35.78535]]}},{"type":"Feature","properties":{"idx":331,"road":"平方東京線（区道）","cls":"secondary","shops":0,"st_km":0.99,"mesh":"53395655"},"geometry":{"type":"LineString","coordinates":[[139.82237,35.79442],[139.82225,35.79418],[139.8222,35.79391],[139.82219,35.79293]]}},{"type":"Feature","properties":{"idx":164,"road":"六六通り","cls":"tertiary","shops":0,"st_km":0.49,"mesh":"53395645"},"geometry":{"type":"LineString","coordinates":[[139.82459,35.78898],[139.82216,35.78895]]}},{"type":"Feature","properties":{"idx":184,"road":NaN,"cls":"tertiary","shops":1,"st_km":0.81,"mesh":"53395645"},"geometry":{"type":"LineString","coordinates":[[139.81694,35.78889],[139.817,35.79289]]}},{"type":"Feature","properties":{"idx":301,"road":NaN,"cls":"tertiary","shops":0,"st_km":0.96,"mesh":"53395655"},"geometry":{"type":"LineString","coordinates":[[139.817,35.79289],[139.8195,35.79296]]}},{"type":"Feature","properties":{"idx":364,"road":NaN,"cls":"tertiary","shops":0,"st_km":1.43,"mesh":"53395654"},"geometry":{"type":"LineString","coordinates":[[139.80776,35.79237],[139.8103,35.7925]]}},{"type":"Feature","properties":{"idx":468,"road":"花畑大橋通り","cls":"tertiary","shops":1,"st_km":1.7,"mesh":"53395654"},"geometry":{"type":"LineString","coordinates":[[139.8103,35.7925],[139.80999,35.79639],[139.8101,35.80083]]}},{"type":"Feature","properties":{"idx":1275,"road":"花畑大橋通り","cls":"tertiary","shops":3,"st_km":1.24,"mesh":"53395644"},"geometry":{"type":"LineString","coordinates":[[139.81055,35.78962],[139.8103,35.7925]]}},{"type":"Feature","properties":{"idx":172,"road":"六六通り","cls":"tertiary","shops":1,"st_km":0.88,"mesh":"53395645"},"geometry":{"type":"LineString","coordinates":[[139.81694,35.78889],[139.81055,35.78962]]}},{"type":"Feature","properties":{"idx":529,"road":"六六通り","cls":"tertiary","shops":0,"st_km":0.82,"mesh":"53395643"},"geometry":{"type":"LineString","coordinates":[[139.79778,35.7892],[139.79271,35.78666],[139.79217,35.78653]]}},{"type":"Feature","properties":{"idx":677,"road":"平方東京線","cls":"secondary","shops":0,"st_km":0.65,"mesh":"53395646"},"geometry":{"type":"LineString","coordinates":[[139.82622,35.78538],[139.8272,35.789],[139.82768,35.79129],[139.8277,35.7921]]}},{"type":"Feature","properties":{"idx":489,"road":"舎人公園通り","cls":"tertiary","shops":1,"st_km":0.86,"mesh":"53395655"},"geometry":{"type":"LineString","coordinates":[[139.82219,35.79293],[139.82536,35.79186]]}},{"type":"Feature","properties":{"idx":154,"road":"平方東京線（区道）","cls":"secondary","shops":0,"st_km":0.68,"mesh":"53395645"},"geometry":{"type":"LineString","coordinates":[[139.82219,35.79293],[139.82216,35.78895]]}},{"type":"Feature","properties":{"idx":119,"road":"亀田トレイン通り","cls":"tertiary","shops":0,"st_km":0.22,"mesh":"53395633"},"geometry":{"type":"LineString","coordinates":[[139.79017,35.77544],[139.79142,35.77559],[139.79177,35.77557],[139.79209,35.77546],[139.79223,35.77536],[139.79268,35.77493]]}},{"type":"Feature","properties":{"idx":732,"road":"吉場安行東京線","cls":"secondary","shops":0,"st_km":1.4,"mesh":"53395682"},"geometry":{"type":"LineString","coordinates":[[139.787,35.81613],[139.78564,35.81931]]}},{"type":"Feature","properties":{"idx":204,"road":NaN,"cls":"tertiary","shops":0,"st_km":1.22,"mesh":"53395662"},"geometry":{"type":"LineString","coordinates":[[139.78328,35.80592],[139.78349,35.80447],[139.78313,35.80201]]}},{"type":"Feature","properties":{"idx":342,"road":"赤山街道","cls":"tertiary","shops":3,"st_km":0.08,"mesh":"53395653"},"geometry":{"type":"LineString","coordinates":[[139.78998,35.79397],[139.79011,35.79381]]}},{"type":"Feature","properties":{"idx":555,"road":"赤山街道","cls":"tertiary","shops":7,"st_km":0.18,"mesh":"53395653"},"geometry":{"type":"LineString","coordinates":[[139.78841,35.79586],[139.78957,35.79447]]}},{"type":"Feature","properties":{"idx":356,"road":"川口草加線","cls":"secondary","shops":0,"st_km":1.23,"mesh":"53395673"},"geometry":{"type":"LineString","coordinates":[[139.787,35.81613],[139.78892,35.8163]]}},{"type":"Feature","properties":{"idx":535,"road":"吉場安行東京線","cls":"secondary","shops":1,"st_km":1.23,"mesh":"53395673"},"geometry":{"type":"LineString","coordinates":[[139.78885,35.8116],[139.787,35.81613]]}},{"type":"Feature","properties":{"idx":408,"road":"赤山街道","cls":"tertiary","shops":4,"st_km":0.09,"mesh":"53395653"},"geometry":{"type":"LineString","coordinates":[[139.78957,35.79447],[139.78998,35.79397]]}},{"type":"Feature","properties":{"idx":953,"road":"吉場安行東京線","cls":"secondary","shops":1,"st_km":1.59,"mesh":"53395682"},"geometry":{"type":"LineString","coordinates":[[139.78457,35.82204],[139.7829,35.82635]]}},{"type":"Feature","properties":{"idx":250,"road":"内匠橋花畑線","cls":"secondary","shops":2,"st_km":1.89,"mesh":"53395665"},"geometry":{"type":"LineString","coordinates":[[139.82014,35.8062],[139.82036,35.80678],[139.82071,35.80851],[139.82084,35.80925],[139.82081,35.80974]]}},{"type":"Feature","properties":{"idx":120,"road":"内匠橋花畑線","cls":"secondary","shops":0,"st_km":1.99,"mesh":"53395665"},"geometry":{"type":"LineString","coordinates":[[139.81755,35.8033],[139.81878,35.80308]]}},{"type":"Feature","properties":{"idx":161,"road":"大鷲通り","cls":"tertiary","shops":1,"st_km":1.96,"mesh":"53395665"},"geometry":{"type":"LineString","coordinates":[[139.8175,35.80091],[139.81755,35.8033]]}},{"type":"Feature","properties":{"idx":302,"road":"平方東京線","cls":"secondary","shops":0,"st_km":1.1,"mesh":"53395655"},"geometry":{"type":"LineString","coordinates":[[139.82287,35.79501],[139.82237,35.79442]]}},{"type":"Feature","properties":{"idx":114,"road":"大鷲通り","cls":"tertiary","shops":0,"st_km":1.83,"mesh":"53395665"},"geometry":{"type":"LineString","coordinates":[[139.81755,35.8033],[139.81761,35.80642]]}},{"type":"Feature","properties":{"idx":246,"road":NaN,"cls":"tertiary","shops":2,"st_km":1.69,"mesh":"53395665"},"geometry":{"type":"LineString","coordinates":[[139.81761,35.80642],[139.81653,35.80644]]}},{"type":"Feature","properties":{"idx":1130,"road":"江北橋通り","cls":"secondary","shops":1,"st_km":1.35,"mesh":"53395612"},"geometry":{"type":"LineString","coordinates":[[139.78766,35.76391],[139.78692,35.76396]]}},{"type":"Feature","properties":{"idx":976,"road":NaN,"cls":"tertiary","shops":13,"st_km":0.13,"mesh":"53395633"},"geometry":{"type":"LineString","coordinates":[[139.7901,35.7763],[139.78985,35.77616],[139.78963,35.77614]]}},{"type":"Feature","properties":{"idx":209,"road":NaN,"cls":"primary_link","shops":2,"st_km":0.21,"mesh":"53395633"},"geometry":{"type":"LineString","coordinates":[[139.78892,35.77821],[139.7877,35.77816]]}},{"type":"Feature","properties":{"idx":317,"road":"環七通り","cls":"primary","shops":0,"st_km":0.2,"mesh":"53395632"},"geometry":{"type":"LineString","coordinates":[[139.7848,35.77806],[139.78215,35.77797]]}},{"type":"Feature","properties":{"idx":937,"road":NaN,"cls":"tertiary","shops":12,"st_km":0.1,"mesh":"53395633"},"geometry":{"type":"LineString","coordinates":[[139.79028,35.77642],[139.7901,35.7763]]}},{"type":"Feature","properties":{"idx":385,"road":"尾竹橋通り","cls":"secondary","shops":1,"st_km":0.3,"mesh":"53395632"},"geometry":{"type":"LineString","coordinates":[[139.7848,35.77806],[139.7848,35.77819]]}},{"type":"Feature","properties":{"idx":404,"road":"環七通り","cls":"primary","shops":1,"st_km":0.36,"mesh":"53395632"},"geometry":{"type":"LineString","coordinates":[[139.7848,35.77819],[139.78619,35.77823]]}},{"type":"Feature","properties":{"idx":97,"road":NaN,"cls":"primary_link","shops":0,"st_km":0.44,"mesh":"53395611"},"geometry":{"type":"LineString","coordinates":[[139.77104,35.76023],[139.77104,35.76005]]}},{"type":"Feature","properties":{"idx":265,"road":"尾久橋通り","cls":"primary","shops":1,"st_km":0.2,"mesh":"53395611"},"geometry":{"type":"LineString","coordinates":[[139.77091,35.76266],[139.77089,35.76208]]}},{"type":"Feature","properties":{"idx":1240,"road":"尾久橋通り","cls":"primary","shops":2,"st_km":0.02,"mesh":"53395621"},"geometry":{"type":"LineString","coordinates":[[139.77025,35.7731],[139.77022,35.77425]]}},{"type":"Feature","properties":{"idx":264,"road":"尾久橋通り","cls":"primary","shops":1,"st_km":0.2,"mesh":"53395611"},"geometry":{"type":"LineString","coordinates":[[139.7708,35.76208],[139.77076,35.76259]]}},{"type":"Feature","properties":{"idx":122,"road":"新荒川葛西堤防線","cls":"secondary","shops":0,"st_km":0.47,"mesh":"53395611"},"geometry":{"type":"LineString","coordinates":[[139.77072,35.76013],[139.7694,35.76048],[139.76815,35.76097],[139.76712,35.76148],[139.7657,35.76229],[139.76487,35.76291],[139.76431,35.76349],[139.76359,35.76463]]}},{"type":"Feature","properties":{"idx":683,"road":NaN,"cls":"secondary_link","shops":1,"st_km":1.44,"mesh":"53395612"},"geometry":{"type":"LineString","coordinates":[[139.78622,35.76053],[139.78619,35.76061]]}},{"type":"Feature","properties":{"idx":142,"road":"新荒川葛西堤防線","cls":"secondary","shops":0,"st_km":1.51,"mesh":"53395613"},"geometry":{"type":"LineString","coordinates":[[139.78619,35.76061],[139.79137,35.76144]]}},{"type":"Feature","properties":{"idx":133,"road":"新荒川葛西堤防線","cls":"secondary","shops":0,"st_km":1.55,"mesh":"53395613"},"geometry":{"type":"LineString","coordinates":[[139.78881,35.76094],[139.78622,35.76053]]}},{"type":"Feature","properties":{"idx":222,"road":NaN,"cls":"tertiary","shops":1,"st_km":1.26,"mesh":"53395613"},"geometry":{"type":"LineString","coordinates":[[139.79144,35.76364],[139.79149,35.76346],[139.79136,35.76273],[139.79139,35.76248],[139.79113,35.76219],[139.79048,35.76128]]}},{"type":"Feature","properties":{"idx":225,"road":"あずま橋通り","cls":"tertiary","shops":1,"st_km":1.4,"mesh":"53395680"},"geometry":{"type":"LineString","coordinates":[[139.75529,35.81793],[139.75556,35.81828],[139.75703,35.8196]]}},{"type":"Feature","properties":{"idx":234,"road":"第二産業道路","cls":"primary","shops":0,"st_km":1.08,"mesh":"53395680"},"geometry":{"type":"LineString","coordinates":[[139.7637,35.81935],[139.75799,35.81949],[139.75703,35.8196]]}},{"type":"Feature","properties":{"idx":380,"road":"第二産業道路","cls":"primary","shops":1,"st_km":0.97,"mesh":"53395680"},"geometry":{"type":"LineString","coordinates":[[139.7598,35.81953],[139.76371,35.81943]]}},{"type":"Feature","properties":{"idx":203,"road":"足立川口線","cls":"secondary","shops":0,"st_km":1.12,"mesh":"53395680"},"geometry":{"type":"LineString","coordinates":[[139.7598,35.81944],[139.7598,35.81953]]}},{"type":"Feature","properties":{"idx":211,"road":"足立川口線","cls":"secondary","shops":0,"st_km":1.07,"mesh":"53395680"},"geometry":{"type":"LineString","coordinates":[[139.75982,35.8175],[139.7598,35.81944]]}},{"type":"Feature","properties":{"idx":196,"road":"第二産業道路","cls":"primary","shops":0,"st_km":0.82,"mesh":"53395681"},"geometry":{"type":"LineString","coordinates":[[139.76371,35.81943],[139.76384,35.81943]]}},{"type":"Feature","properties":{"idx":197,"road":"第二産業道路","cls":"primary","shops":0,"st_km":0.82,"mesh":"53395681"},"geometry":{"type":"LineString","coordinates":[[139.76382,35.81935],[139.7637,35.81935]]}},{"type":"Feature","properties":{"idx":758,"road":"尾久橋通り","cls":"primary","shops":3,"st_km":0.03,"mesh":"53395661"},"geometry":{"type":"LineString","coordinates":[[139.77016,35.80918],[139.77025,35.80174]]}},{"type":"Feature","properties":{"idx":264,"road":"尾久橋通り","cls":"primary","shops":0,"st_km":0.16,"mesh":"53395661"},"geometry":{"type":"LineString","coordinates":[[139.77006,35.80508],[139.77001,35.80925]]}},{"type":"Feature","properties":{"idx":176,"road":"赤山街道","cls":"tertiary","shops":0,"st_km":0.34,"mesh":"53395661"},"geometry":{"type":"LineString","coordinates":[[139.77001,35.80925],[139.76956,35.80944],[139.76654,35.80721],[139.76544,35.80629],[139.76497,35.80597],[139.7649,35.80587]]}},{"type":"Feature","properties":{"idx":412,"road":"赤山街道","cls":"tertiary","shops":4,"st_km":0.39,"mesh":"53395671"},"geometry":{"type":"LineString","coordinates":[[139.77016,35.80918],[139.77001,35.80925]]}},{"type":"Feature","properties":{"idx":261,"road":NaN,"cls":"tertiary","shops":1,"st_km":0.17,"mesh":"53395671"},"geometry":{"type":"LineString","coordinates":[[139.7716,35.81248],[139.77118,35.81311],[139.7711,35.81343],[139.77092,35.81378]]}},{"type":"Feature","properties":{"idx":215,"road":NaN,"cls":"tertiary","shops":0,"st_km":0.9,"mesh":"53395680"},"geometry":{"type":"LineString","coordinates":[[139.76301,35.81748],[139.75982,35.8175]]}},{"type":"Feature","properties":{"idx":2363,"road":NaN,"cls":"pedestrian","shops":1,"st_km":0.51,"mesh":"53395622"},"geometry":{"type":"LineString","coordinates":[[139.78707,35.77427],[139.78678,35.77419],[139.78662,35.77397],[139.78663,35.7738],[139.78674,35.77365],[139.78702,35.77354],[139.78722,35.77356],[139.78737,35.77363],[139.78747,35.77375],[139.78752,35.77389],[139.78749,35.77404],[139.78739,35.77416],[139.78707,35.77427]]}},{"type":"Feature","properties":{"idx":111,"road":"松戸草加線","cls":"primary","shops":0,"st_km":1.73,"mesh":"53395686"},"geometry":{"type":"LineString","coordinates":[[139.82984,35.8175],[139.82977,35.81748]]}},{"type":"Feature","properties":{"idx":145,"road":"松戸草加線","cls":"primary","shops":0,"st_km":2.16,"mesh":"53395685"},"geometry":{"type":"LineString","coordinates":[[139.82624,35.81954],[139.82395,35.81908],[139.82321,35.81901]]}},{"type":"Feature","properties":{"idx":391,"road":"垳三郷線","cls":"tertiary","shops":3,"st_km":0.2,"mesh":"53395677"},"geometry":{"type":"LineString","coordinates":[[139.84237,35.80856],[139.8449,35.8102]]}},{"type":"Feature","properties":{"idx":287,"road":NaN,"cls":"tertiary","shops":2,"st_km":0.29,"mesh":"53395677"},"geometry":{"type":"LineString","coordinates":[[139.8423,35.80851],[139.84148,35.80945]]}},{"type":"Feature","properties":{"idx":287,"road":NaN,"cls":"tertiary","shops":2,"st_km":0.29,"mesh":"53395677"},"geometry":{"type":"LineString","coordinates":[[139.84148,35.80945],[139.84161,35.80941],[139.84237,35.80856]]}},{"type":"Feature","properties":{"idx":395,"road":"垳三郷線","cls":"tertiary","shops":3,"st_km":0.2,"mesh":"53395677"},"geometry":{"type":"LineString","coordinates":[[139.84503,35.8102],[139.84244,35.80849]]}},{"type":"Feature","properties":{"idx":208,"road":"垳三郷線","cls":"tertiary","shops":1,"st_km":0.32,"mesh":"53395677"},"geometry":{"type":"LineString","coordinates":[[139.84618,35.81098],[139.84503,35.8102]]}},{"type":"Feature","properties":{"idx":253,"road":"松戸草加線","cls":"primary","shops":1,"st_km":0.35,"mesh":"53395677"},"geometry":{"type":"LineString","coordinates":[[139.8449,35.8102],[139.84423,35.81119],[139.84401,35.81164]]}},{"type":"Feature","properties":{"idx":208,"road":"垳三郷線","cls":"tertiary","shops":1,"st_km":0.32,"mesh":"53395677"},"geometry":{"type":"LineString","coordinates":[[139.8449,35.8102],[139.84618,35.81098]]}},{"type":"Feature","properties":{"idx":253,"road":"松戸草加線","cls":"primary","shops":1,"st_km":0.35,"mesh":"53395677"},"geometry":{"type":"LineString","coordinates":[[139.84401,35.81164],[139.84503,35.8102]]}},{"type":"Feature","properties":{"idx":420,"road":NaN,"cls":"tertiary","shops":4,"st_km":0.12,"mesh":"53395667"},"geometry":{"type":"LineString","coordinates":[[139.84361,35.8073],[139.84344,35.80734]]}},{"type":"Feature","properties":{"idx":370,"road":NaN,"cls":"tertiary","shops":1,"st_km":1.22,"mesh":"53395695"},"geometry":{"type":"LineString","coordinates":[[139.81636,35.828],[139.81638,35.82792],[139.8165,35.82781],[139.81708,35.82751],[139.81734,35.82746],[139.81774,35.82749]]}},{"type":"Feature","properties":{"idx":172,"road":"越谷八潮線","cls":"secondary","shops":0,"st_km":1.71,"mesh":"53395676"},"geometry":{"type":"LineString","coordinates":[[139.82688,35.81746],[139.828,35.81395],[139.82841,35.81163]]}},{"type":"Feature","properties":{"idx":212,"road":"松戸草加線","cls":"primary","shops":2,"st_km":1.81,"mesh":"53395686"},"geometry":{"type":"LineString","coordinates":[[139.8297,35.81746],[139.82858,35.81717],[139.82817,35.81715],[139.82688,35.81746]]}},{"type":"Feature","properties":{"idx":106,"road":"三郷八潮東西線","cls":"tertiary","shops":0,"st_km":0.39,"mesh":"53395667"},"geometry":{"type":"LineString","coordinates":[[139.85153,35.80896],[139.85147,35.80888],[139.85079,35.80856],[139.84803,35.80751],[139.84712,35.80713],[139.8466,35.80683]]}},{"type":"Feature","properties":{"idx":243,"road":"松戸草加線","cls":"primary","shops":1,"st_km":0.19,"mesh":"53395667"},"geometry":{"type":"LineString","coordinates":[[139.8466,35.80683],[139.84656,35.80691]]}},{"type":"Feature","properties":{"idx":133,"road":"三郷八潮東西線","cls":"tertiary","shops":0,"st_km":0.17,"mesh":"53395667"},"geometry":{"type":"LineString","coordinates":[[139.84486,35.80592],[139.84666,35.80696]]}},{"type":"Feature","properties":{"idx":106,"road":"三郷八潮東西線","cls":"tertiary","shops":0,"st_km":0.39,"mesh":"53395667"},"geometry":{"type":"LineString","coordinates":[[139.84666,35.80696],[139.84737,35.80733],[139.85153,35.80896]]}},{"type":"Feature","properties":{"idx":169,"road":"潮止通り","cls":"tertiary","shops":0,"st_km":1.63,"mesh":"53395688"},"geometry":{"type":"LineString","coordinates":[[139.85507,35.81988],[139.84951,35.82244]]}},{"type":"Feature","properties":{"idx":158,"road":"潮止通り","cls":"tertiary","shops":0,"st_km":1.76,"mesh":"53395688"},"geometry":{"type":"LineString","coordinates":[[139.86001,35.81759],[139.85983,35.81768]]}},{"type":"Feature","properties":{"idx":324,"road":NaN,"cls":"tertiary","shops":0,"st_km":1.08,"mesh":"53395657"},"geometry":{"type":"LineString","coordinates":[[139.84471,35.79571],[139.84622,35.79681],[139.85106,35.8012]]}},{"type":"Feature","properties":{"idx":511,"road":NaN,"cls":"tertiary","shops":1,"st_km":2.16,"mesh":"53395697"},"geometry":{"type":"LineString","coordinates":[[139.84822,35.82308],[139.8428,35.82714],[139.84232,35.8274],[139.84186,35.82757],[139.84103,35.82771],[139.84029,35.82766],[139.83568,35.8266]]}},{"type":"Feature","properties":{"idx":184,"road":"越谷八潮線","cls":"secondary","shops":0,"st_km":1.91,"mesh":"53395695"},"geometry":{"type":"LineString","coordinates":[[139.82369,35.82643],[139.8245,35.82495],[139.82472,35.82433]]}},{"type":"Feature","properties":{"idx":71,"road":NaN,"cls":"tertiary","shops":0,"st_km":2.23,"mesh":"53395686"},"geometry":{"type":"LineString","coordinates":[[139.82894,35.82324],[139.82908,35.82326]]}},{"type":"Feature","properties":{"idx":214,"road":NaN,"cls":"tertiary","shops":0,"st_km":2.32,"mesh":"53395696"},"geometry":{"type":"LineString","coordinates":[[139.82884,35.82532],[139.82881,35.82532]]}},{"type":"Feature","properties":{"idx":131,"road":"三郷八潮東西線","cls":"tertiary","shops":0,"st_km":0.18,"mesh":"53395667"},"geometry":{"type":"LineString","coordinates":[[139.8466,35.80683],[139.84492,35.80585]]}},{"type":"Feature","properties":{"idx":1125,"road":NaN,"cls":"tertiary","shops":9,"st_km":0.09,"mesh":"53395629"},"geometry":{"type":"LineString","coordinates":[[139.87189,35.76891],[139.87112,35.76884],[139.8706,35.76888]]}},{"type":"Feature","properties":{"idx":290,"road":NaN,"cls":"tertiary","shops":2,"st_km":0.09,"mesh":"53395667"},"geometry":{"type":"LineString","coordinates":[[139.84423,35.80702],[139.84435,35.8071]]}},{"type":"Feature","properties":{"idx":223,"road":"葛飾吉川松伏線","cls":"primary","shops":0,"st_km":1.06,"mesh":"53395689"},"geometry":{"type":"LineString","coordinates":[[139.8698,35.81801],[139.86981,35.81778]]}},{"type":"Feature","properties":{"idx":257,"road":"潮止通り","cls":"tertiary","shops":0,"st_km":1.37,"mesh":"53395678"},"geometry":{"type":"LineString","coordinates":[[139.85934,35.8109],[139.85938,35.811]]}},{"type":"Feature","properties":{"idx":270,"road":"潮止通り","cls":"tertiary","shops":0,"st_km":1.29,"mesh":"53395678"},"geometry":{"type":"LineString","coordinates":[[139.85821,35.80947],[139.85909,35.81046],[139.85927,35.81072]]}},{"type":"Feature","properties":{"idx":316,"road":"松戸草加線","cls":"primary","shops":0,"st_km":1.39,"mesh":"53395678"},"geometry":{"type":"LineString","coordinates":[[139.85938,35.811],[139.85999,35.81028]]}},{"type":"Feature","properties":{"idx":318,"road":"松戸草加線","cls":"primary","shops":0,"st_km":1.38,"mesh":"53395678"},"geometry":{"type":"LineString","coordinates":[[139.85991,35.81023],[139.85934,35.8109]]}},{"type":"Feature","properties":{"idx":124,"road":"潮止通り","cls":"tertiary","shops":1,"st_km":1.72,"mesh":"53395687"},"geometry":{"type":"LineString","coordinates":[[139.84866,35.82282],[139.84822,35.82308]]}},{"type":"Feature","properties":{"idx":2042,"road":NaN,"cls":"tertiary","shops":31,"st_km":0.11,"mesh":"53395615"},"geometry":{"type":"LineString","coordinates":[[139.82379,35.76222],[139.82347,35.76222]]}},{"type":"Feature","properties":{"idx":110,"road":"平方東京線","cls":"secondary","shops":0,"st_km":1.55,"mesh":"53395686"},"geometry":{"type":"LineString","coordinates":[[139.83596,35.81806],[139.83576,35.81853],[139.83519,35.81958],[139.83499,35.82013],[139.83484,35.82082]]}},{"type":"Feature","properties":{"idx":471,"road":NaN,"cls":"tertiary","shops":0,"st_km":0.93,"mesh":"53395646"},"geometry":{"type":"LineString","coordinates":[[139.82849,35.79116],[139.82849,35.79119]]}},{"type":"Feature","properties":{"idx":462,"road":NaN,"cls":"tertiary","shops":0,"st_km":0.95,"mesh":"53395646"},"geometry":{"type":"LineString","coordinates":[[139.8285,35.7914],[139.8285,35.79147]]}},{"type":"Feature","properties":{"idx":1588,"road":NaN,"cls":"tertiary","shops":23,"st_km":0.09,"mesh":"53395615"},"geometry":{"type":"LineString","coordinates":[[139.82393,35.76224],[139.82386,35.76223]]}},{"type":"Feature","properties":{"idx":642,"road":NaN,"cls":"tertiary","shops":7,"st_km":0.1,"mesh":"53395667"},"geometry":{"type":"LineString","coordinates":[[139.84379,35.80743],[139.84361,35.8073]]}},{"type":"Feature","properties":{"idx":232,"road":"松戸草加線","cls":"primary","shops":2,"st_km":1.65,"mesh":"53395686"},"geometry":{"type":"LineString","coordinates":[[139.83351,35.81867],[139.83316,35.81872],[139.8328,35.81865],[139.83098,35.81782],[139.82984,35.8175]]}},{"type":"Feature","properties":{"idx":177,"road":"綾瀬川通り","cls":"tertiary","shops":1,"st_km":0.75,"mesh":"53395605"},"geometry":{"type":"LineString","coordinates":[[139.82341,35.75582],[139.82335,35.7555]]}},{"type":"Feature","properties":{"idx":230,"road":NaN,"cls":"tertiary","shops":0,"st_km":1.32,"mesh":"53395655"},"geometry":{"type":"LineString","coordinates":[[139.82399,35.79631],[139.8237,35.79654],[139.82339,35.79689]]}},{"type":"Feature","properties":{"idx":178,"road":"松戸草加線","cls":"primary","shops":1,"st_km":1.48,"mesh":"53395687"},"geometry":{"type":"LineString","coordinates":[[139.83969,35.82022],[139.83856,35.82041]]}},{"type":"Feature","properties":{"idx":89,"road":NaN,"cls":"tertiary","shops":0,"st_km":1.59,"mesh":"53395687"},"geometry":{"type":"LineString","coordinates":[[139.84002,35.82147],[139.84007,35.82166]]}},{"type":"Feature","properties":{"idx":87,"road":NaN,"cls":"tertiary","shops":0,"st_km":1.63,"mesh":"53395687"},"geometry":{"type":"LineString","coordinates":[[139.84053,35.82193],[139.84038,35.82208]]}},{"type":"Feature","properties":{"idx":94,"road":"浄水場通り","cls":"tertiary","shops":0,"st_km":1.5,"mesh":"53395687"},"geometry":{"type":"LineString","coordinates":[[139.8417,35.82054],[139.84102,35.8214]]}},{"type":"Feature","properties":{"idx":91,"road":"市役所通り","cls":"tertiary","shops":0,"st_km":1.55,"mesh":"53395687"},"geometry":{"type":"LineString","coordinates":[[139.83858,35.82048],[139.83877,35.82123]]}},{"type":"Feature","properties":{"idx":99,"road":"市役所通り","cls":"tertiary","shops":0,"st_km":1.41,"mesh":"53395687"},"geometry":{"type":"LineString","coordinates":[[139.83879,35.81847],[139.83848,35.81972],[139.83847,35.82002],[139.83856,35.82041]]}},{"type":"Feature","properties":{"idx":350,"road":"松戸草加線","cls":"primary","shops":3,"st_km":1.34,"mesh":"53395686"},"geometry":{"type":"LineString","coordinates":[[139.83715,35.81773],[139.83604,35.81804]]}},{"type":"Feature","properties":{"idx":115,"road":NaN,"cls":"tertiary","shops":0,"st_km":1.3,"mesh":"53395686"},"geometry":{"type":"LineString","coordinates":[[139.83763,35.81793],[139.83738,35.81781],[139.83731,35.8177]]}},{"type":"Feature","properties":{"idx":125,"road":"葛西用水桜通り","cls":"tertiary","shops":2,"st_km":0.97,"mesh":"53395667"},"geometry":{"type":"LineString","coordinates":[[139.83978,35.80049],[139.83954,35.79959]]}},{"type":"Feature","properties":{"idx":239,"road":"葛西用水桜通り","cls":"tertiary","shops":0,"st_km":1.52,"mesh":"53395657"},"geometry":{"type":"LineString","coordinates":[[139.84014,35.7951],[139.84034,35.79403]]}},{"type":"Feature","properties":{"idx":77,"road":"環七北通り","cls":"tertiary","shops":0,"st_km":0.63,"mesh":"53395636"},"geometry":{"type":"LineString","coordinates":[[139.83529,35.78153],[139.83697,35.78154]]}},{"type":"Feature","properties":{"idx":123,"road":"環七北通り","cls":"tertiary","shops":1,"st_km":0.56,"mesh":"53395636"},"geometry":{"type":"LineString","coordinates":[[139.83388,35.78152],[139.83529,35.78153]]}},{"type":"Feature","properties":{"idx":411,"road":NaN,"cls":"tertiary","shops":0,"st_km":0.56,"mesh":"53395626"},"geometry":{"type":"LineString","coordinates":[[139.83559,35.77229],[139.83556,35.77316]]}},{"type":"Feature","properties":{"idx":426,"road":NaN,"cls":"tertiary","shops":0,"st_km":0.52,"mesh":"53395626"},"geometry":{"type":"LineString","coordinates":[[139.83467,35.77263],[139.83556,35.77316]]}},{"type":"Feature","properties":{"idx":574,"road":NaN,"cls":"tertiary","shops":1,"st_km":0.64,"mesh":"53395626"},"geometry":{"type":"LineString","coordinates":[[139.82959,35.77],[139.83231,35.77119],[139.83467,35.77263]]}},{"type":"Feature","properties":{"idx":789,"road":"川の手通り","cls":"primary","shops":2,"st_km":0.42,"mesh":"53395616"},"geometry":{"type":"LineString","coordinates":[[139.82914,35.76287],[139.82915,35.7646]]}},{"type":"Feature","properties":{"idx":1924,"road":"川の手通り","cls":"primary","shops":8,"st_km":0.44,"mesh":"53395616"},"geometry":{"type":"LineString","coordinates":[[139.8286,35.75781],[139.82902,35.75895],[139.82911,35.75946],[139.82914,35.76287]]}},{"type":"Feature","properties":{"idx":507,"road":"江北橋通り","cls":"secondary","shops":3,"st_km":1.02,"mesh":"53395616"},"geometry":{"type":"LineString","coordinates":[[139.83616,35.76436],[139.83556,35.76447]]}},{"type":"Feature","properties":{"idx":280,"road":NaN,"cls":"tertiary","shops":1,"st_km":0.98,"mesh":"53395616"},"geometry":{"type":"LineString","coordinates":[[139.83552,35.76331],[139.83556,35.76447]]}},{"type":"Feature","properties":{"idx":304,"road":"江北橋通り","cls":"secondary","shops":0,"st_km":0.57,"mesh":"53395616"},"geometry":{"type":"LineString","coordinates":[[139.83197,35.76452],[139.82915,35.7646]]}},{"type":"Feature","properties":{"idx":127,"road":"三郷八潮東西線","cls":"tertiary","shops":0,"st_km":0.21,"mesh":"53395667"},"geometry":{"type":"LineString","coordinates":[[139.84492,35.80585],[139.84485,35.80581]]}},{"type":"Feature","properties":{"idx":358,"road":NaN,"cls":"tertiary","shops":3,"st_km":0.1,"mesh":"53395667"},"geometry":{"type":"LineString","coordinates":[[139.8441,35.80693],[139.84423,35.80702]]}},{"type":"Feature","properties":{"idx":127,"road":NaN,"cls":"tertiary","shops":0,"st_km":0.21,"mesh":"53395667"},"geometry":{"type":"LineString","coordinates":[[139.84485,35.80581],[139.84479,35.80588]]}},{"type":"Feature","properties":{"idx":128,"road":"三郷八潮東西線","cls":"tertiary","shops":0,"st_km":0.21,"mesh":"53395667"},"geometry":{"type":"LineString","coordinates":[[139.84479,35.80588],[139.84486,35.80592]]}},{"type":"Feature","properties":{"idx":113,"road":"三郷八潮東西線","cls":"tertiary","shops":0,"st_km":0.33,"mesh":"53395667"},"geometry":{"type":"LineString","coordinates":[[139.84485,35.80581],[139.8443,35.80544],[139.84372,35.80499],[139.84324,35.80449],[139.84273,35.80383]]}},{"type":"Feature","properties":{"idx":226,"road":"三郷八潮東西線","cls":"tertiary","shops":2,"st_km":0.33,"mesh":"53395667"},"geometry":{"type":"LineString","coordinates":[[139.84264,35.80386],[139.84351,35.80492],[139.8441,35.80543],[139.84479,35.80588]]}},{"type":"Feature","properties":{"idx":294,"road":NaN,"cls":"tertiary","shops":4,"st_km":0.47,"mesh":"53395667"},"geometry":{"type":"LineString","coordinates":[[139.84264,35.80386],[139.84249,35.8039]]}},{"type":"Feature","properties":{"idx":343,"road":NaN,"cls":"tertiary","shops":5,"st_km":0.47,"mesh":"53395667"},"geometry":{"type":"LineString","coordinates":[[139.84273,35.80383],[139.84269,35.80385]]}},{"type":"Feature","properties":{"idx":93,"road":NaN,"cls":"tertiary","shops":0,"st_km":0.52,"mesh":"53395667"},"geometry":{"type":"LineString","coordinates":[[139.84064,35.80443],[139.84054,35.80447]]}},{"type":"Feature","properties":{"idx":94,"road":NaN,"cls":"tertiary","shops":0,"st_km":0.52,"mesh":"53395667"},"geometry":{"type":"LineString","coordinates":[[139.8408,35.80438],[139.84064,35.80443]]}},{"type":"Feature","properties":{"idx":82,"road":"垳三郷線","cls":"tertiary","shops":0,"st_km":0.66,"mesh":"53395667"},"geometry":{"type":"LineString","coordinates":[[139.84064,35.80443],[139.84053,35.80367],[139.84009,35.80246],[139.84001,35.80173]]}},{"type":"Feature","properties":{"idx":82,"road":"垳三郷線","cls":"tertiary","shops":0,"st_km":0.66,"mesh":"53395667"},"geometry":{"type":"LineString","coordinates":[[139.83993,35.80181],[139.84003,35.80259],[139.84035,35.80343],[139.84049,35.80395],[139.84054,35.80447]]}},{"type":"Feature","properties":{"idx":70,"road":"垳三郷線","cls":"tertiary","shops":0,"st_km":0.84,"mesh":"53395667"},"geometry":{"type":"LineString","coordinates":[[139.83985,35.8008],[139.83993,35.80181]]}},{"type":"Feature","properties":{"idx":70,"road":"垳三郷線","cls":"tertiary","shops":0,"st_km":0.84,"mesh":"53395667"},"geometry":{"type":"LineString","coordinates":[[139.84001,35.80173],[139.83997,35.80119],[139.83985,35.8008]]}},{"type":"Feature","properties":{"idx":83,"road":"三郷八潮東西線","cls":"tertiary","shops":0,"st_km":0.64,"mesh":"53395667"},"geometry":{"type":"LineString","coordinates":[[139.84273,35.80383],[139.84195,35.80285],[139.84134,35.80231],[139.84078,35.802],[139.84001,35.80173]]}},{"type":"Feature","properties":{"idx":83,"road":"三郷八潮東西線","cls":"tertiary","shops":0,"st_km":0.64,"mesh":"53395667"},"geometry":{"type":"LineString","coordinates":[[139.83993,35.80181],[139.84073,35.80208],[139.84124,35.80236],[139.8419,35.80297],[139.84264,35.80386]]}},{"type":"Feature","properties":{"idx":261,"road":NaN,"cls":"tertiary","shops":0,"st_km":1.38,"mesh":"53395657"},"geometry":{"type":"LineString","coordinates":[[139.84387,35.79482],[139.84426,35.79534],[139.84471,35.79571]]}},{"type":"Feature","properties":{"idx":253,"road":"環七通り","cls":"primary","shops":0,"st_km":0.87,"mesh":"53395627"},"geometry":{"type":"LineString","coordinates":[[139.84551,35.77393],[139.84518,35.77437]]}},{"type":"Feature","properties":{"idx":156,"road":"環七通り","cls":"primary_link","shops":0,"st_km":0.92,"mesh":"53395637"},"geometry":{"type":"LineString","coordinates":[[139.8408,35.77665],[139.84114,35.77668],[139.84196,35.77655],[139.84278,35.77631],[139.84351,35.77599]]}},{"type":"Feature","properties":{"idx":241,"road":"葛西用水桜通り","cls":"tertiary","shops":1,"st_km":1.04,"mesh":"53395637"},"geometry":{"type":"LineString","coordinates":[[139.84373,35.77605],[139.84342,35.77581]]}},{"type":"Feature","properties":{"idx":2573,"road":"環七通り","cls":"primary","shops":9,"st_km":0.22,"mesh":"53395627"},"geometry":{"type":"LineString","coordinates":[[139.85003,35.76657],[139.84872,35.76925]]}},{"type":"Feature","properties":{"idx":4063,"road":"環七通り","cls":"primary","shops":4,"st_km":0.23,"mesh":"53395628"},"geometry":{"type":"LineString","coordinates":[[139.84993,35.76701],[139.85012,35.7666]]}},{"type":"Feature","properties":{"idx":506,"road":"環七通り","cls":"primary","shops":2,"st_km":0.67,"mesh":"53395635"},"geometry":{"type":"LineString","coordinates":[[139.82124,35.77801],[139.81939,35.77814]]}},{"type":"Feature","properties":{"idx":497,"road":"環七通り","cls":"primary","shops":2,"st_km":0.69,"mesh":"53395635"},"geometry":{"type":"LineString","coordinates":[[139.82415,35.77781],[139.82134,35.778]]}},{"type":"Feature","properties":{"idx":290,"road":"平方東京線","cls":"secondary","shops":0,"st_km":0.46,"mesh":"53395635"},"geometry":{"type":"LineString","coordinates":[[139.82136,35.77957],[139.82148,35.78179]]}},{"type":"Feature","properties":{"idx":238,"road":"平方東京線","cls":"secondary","shops":0,"st_km":0.67,"mesh":"53395635"},"geometry":{"type":"LineString","coordinates":[[139.82124,35.77801],[139.82133,35.77861],[139.82136,35.77957]]}},{"type":"Feature","properties":{"idx":3148,"road":"北千住駅前通り","cls":"tertiary","shops":17,"st_km":0.52,"mesh":"53395603"},"geometry":{"type":"LineString","coordinates":[[139.79991,35.75091],[139.80008,35.75089]]}},{"type":"Feature","properties":{"idx":1944,"road":"北千住駅前通り","cls":"tertiary","shops":13,"st_km":0.77,"mesh":"53395603"},"geometry":{"type":"LineString","coordinates":[[139.79436,35.75073],[139.79466,35.75081],[139.79991,35.75091]]}},{"type":"Feature","properties":{"idx":751,"road":"平方東京線","cls":"secondary","shops":3,"st_km":0.01,"mesh":"53395645"},"geometry":{"type":"LineString","coordinates":[[139.82186,35.78501],[139.82183,35.78477]]}},{"type":"Feature","properties":{"idx":870,"road":"平方東京線","cls":"secondary","shops":4,"st_km":0.05,"mesh":"53395645"},"geometry":{"type":"LineString","coordinates":[[139.8219,35.78535],[139.82186,35.78501]]}},{"type":"Feature","properties":{"idx":1456,"road":NaN,"cls":"tertiary","shops":0,"st_km":0.28,"mesh":"53395624"},"geometry":{"type":"LineString","coordinates":[[139.80901,35.76603],[139.80918,35.76634],[139.80935,35.76687],[139.80954,35.76799],[139.80978,35.76851],[139.81009,35.76945],[139.81041,35.77083]]}},{"type":"Feature","properties":{"idx":391,"road":NaN,"cls":"tertiary","shops":1,"st_km":0.37,"mesh":"53395614"},"geometry":{"type":"LineString","coordinates":[[139.80646,35.76096],[139.80734,35.76314],[139.80771,35.76386],[139.80857,35.76526]]}},{"type":"Feature","properties":{"idx":1727,"road":NaN,"cls":"tertiary","shops":8,"st_km":0.09,"mesh":"53395614"},"geometry":{"type":"LineString","coordinates":[[139.80824,35.76628],[139.80865,35.76625],[139.80901,35.76603]]}},{"type":"Feature","properties":{"idx":1378,"road":NaN,"cls":"tertiary","shops":0,"st_km":0.33,"mesh":"53395624"},"geometry":{"type":"LineString","coordinates":[[139.80662,35.76656],[139.80975,35.7703],[139.81041,35.77083]]}},{"type":"Feature","properties":{"idx":474,"road":NaN,"cls":"tertiary","shops":1,"st_km":0.18,"mesh":"53395614"},"geometry":{"type":"LineString","coordinates":[[139.80857,35.76526],[139.80798,35.76574],[139.80699,35.76638],[139.80662,35.76656]]}},{"type":"Feature","properties":{"idx":310,"road":NaN,"cls":"tertiary","shops":0,"st_km":0.2,"mesh":"53395614"},"geometry":{"type":"LineString","coordinates":[[139.81261,35.76343],[139.81119,35.76395],[139.81001,35.7645],[139.80948,35.76469],[139.80907,35.7649],[139.80857,35.76526]]}},{"type":"Feature","properties":{"idx":1752,"road":NaN,"cls":"tertiary","shops":8,"st_km":0.08,"mesh":"53395614"},"geometry":{"type":"LineString","coordinates":[[139.80857,35.76526],[139.80901,35.76603]]}},{"type":"Feature","properties":{"idx":376,"road":NaN,"cls":"tertiary","shops":1,"st_km":0.41,"mesh":"53395614"},"geometry":{"type":"LineString","coordinates":[[139.80392,35.76338],[139.80662,35.76656]]}},{"type":"Feature","properties":{"idx":539,"road":"環七通り","cls":"primary","shops":1,"st_km":1.17,"mesh":"53395634"},"geometry":{"type":"LineString","coordinates":[[139.81112,35.77859],[139.80587,35.77863]]}},{"type":"Feature","properties":{"idx":538,"road":"環七通り","cls":"primary","shops":1,"st_km":1.18,"mesh":"53395634"},"geometry":{"type":"LineString","coordinates":[[139.80585,35.77871],[139.81112,35.77867]]}},{"type":"Feature","properties":{"idx":437,"road":"花畑大橋通り","cls":"tertiary","shops":1,"st_km":1.11,"mesh":"53395634"},"geometry":{"type":"LineString","coordinates":[[139.81112,35.77859],[139.81112,35.77867]]}},{"type":"Feature","properties":{"idx":1640,"road":NaN,"cls":"tertiary","shops":24,"st_km":0.1,"mesh":"53395615"},"geometry":{"type":"LineString","coordinates":[[139.82386,35.76223],[139.82379,35.76222]]}},{"type":"Feature","properties":{"idx":147,"road":"環七通り","cls":"primary","shops":1,"st_km":0.61,"mesh":"53395636"},"geometry":{"type":"LineString","coordinates":[[139.8263,35.77769],[139.82461,35.77778]]}},{"type":"Feature","properties":{"idx":147,"road":"環七通り","cls":"primary","shops":1,"st_km":0.61,"mesh":"53395636"},"geometry":{"type":"LineString","coordinates":[[139.82465,35.77787],[139.8263,35.77777]]}},{"type":"Feature","properties":{"idx":168,"road":"綾瀬川通り","cls":"tertiary","shops":2,"st_km":0.53,"mesh":"53395636"},"geometry":{"type":"LineString","coordinates":[[139.8263,35.77769],[139.8263,35.77777]]}},{"type":"Feature","properties":{"idx":145,"road":"環七通り","cls":"primary","shops":0,"st_km":0.41,"mesh":"53395631"},"geometry":{"type":"LineString","coordinates":[[139.77309,35.77814],[139.77238,35.77816]]}},{"type":"Feature","properties":{"idx":146,"road":"環七通り","cls":"primary","shops":0,"st_km":0.4,"mesh":"53395631"},"geometry":{"type":"LineString","coordinates":[[139.77238,35.77822],[139.77308,35.77822]]}},{"type":"Feature","properties":{"idx":222,"road":"環七通り","cls":"primary","shops":1,"st_km":0.39,"mesh":"53395631"},"geometry":{"type":"LineString","coordinates":[[139.76822,35.77821],[139.76752,35.77822]]}},{"type":"Feature","properties":{"idx":223,"road":"環七通り","cls":"primary","shops":1,"st_km":0.38,"mesh":"53395631"},"geometry":{"type":"LineString","coordinates":[[139.7675,35.77829],[139.76822,35.77828]]}},{"type":"Feature","properties":{"idx":490,"road":"環七通り","cls":"primary","shops":0,"st_km":0.79,"mesh":"53395634"},"geometry":{"type":"LineString","coordinates":[[139.80057,35.77868],[139.80125,35.77874],[139.80307,35.77879]]}},{"type":"Feature","properties":{"idx":498,"road":"環七通り","cls":"primary","shops":0,"st_km":0.77,"mesh":"53395634"},"geometry":{"type":"LineString","coordinates":[[139.80308,35.7786],[139.80137,35.77855],[139.80062,35.77859]]}},{"type":"Feature","properties":{"idx":421,"road":"環七通り","cls":"primary","shops":0,"st_km":0.97,"mesh":"53395634"},"geometry":{"type":"LineString","coordinates":[[139.80494,35.77871],[139.80585,35.77871]]}},{"type":"Feature","properties":{"idx":423,"road":"環七通り","cls":"primary","shops":0,"st_km":0.96,"mesh":"53395634"},"geometry":{"type":"LineString","coordinates":[[139.80587,35.77863],[139.80493,35.77865]]}},{"type":"Feature","properties":{"idx":509,"road":"環七通り","cls":"primary","shops":0,"st_km":0.74,"mesh":"53395634"},"geometry":{"type":"LineString","coordinates":[[139.80145,35.77862],[139.80062,35.77859]]}},{"type":"Feature","properties":{"idx":506,"road":"環七通り","cls":"primary","shops":0,"st_km":0.75,"mesh":"53395634"},"geometry":{"type":"LineString","coordinates":[[139.80057,35.77868],[139.80145,35.77869]]}},{"type":"Feature","properties":{"idx":1181,"road":"環七通り","cls":"primary","shops":3,"st_km":0.83,"mesh":"53395634"},"geometry":{"type":"LineString","coordinates":[[139.80318,35.7786],[139.80308,35.7786]]}},{"type":"Feature","properties":{"idx":931,"road":"環七通り","cls":"primary","shops":2,"st_km":0.85,"mesh":"53395634"},"geometry":{"type":"LineString","coordinates":[[139.80307,35.77879],[139.80317,35.77879]]}},{"type":"Feature","properties":{"idx":311,"road":"梅田通り","cls":"tertiary","shops":1,"st_km":0.61,"mesh":"53395614"},"geometry":{"type":"LineString","coordinates":[[139.80272,35.76475],[139.8034,35.76405],[139.80368,35.76363]]}},{"type":"Feature","properties":{"idx":851,"road":NaN,"cls":"tertiary","shops":2,"st_km":0.7,"mesh":"53395634"},"geometry":{"type":"LineString","coordinates":[[139.80323,35.77706],[139.80314,35.77701]]}},{"type":"Feature","properties":{"idx":79,"road":NaN,"cls":"tertiary","shops":0,"st_km":0.61,"mesh":"53395633"},"geometry":{"type":"LineString","coordinates":[[139.79763,35.77712],[139.79765,35.77851]]}},{"type":"Feature","properties":{"idx":208,"road":NaN,"cls":"tertiary","shops":0,"st_km":0.25,"mesh":"53395645"},"geometry":{"type":"LineString","coordinates":[[139.82176,35.78412],[139.81647,35.78449]]}},{"type":"Feature","properties":{"idx":213,"road":NaN,"cls":"tertiary","shops":0,"st_km":0.66,"mesh":"53395635"},"geometry":{"type":"LineString","coordinates":[[139.81581,35.77975],[139.81611,35.78269]]}},{"type":"Feature","properties":{"idx":486,"road":NaN,"cls":"tertiary","shops":0,"st_km":1.06,"mesh":"53395654"},"geometry":{"type":"LineString","coordinates":[[139.80217,35.79667],[139.80208,35.79666]]}},{"type":"Feature","properties":{"idx":306,"road":NaN,"cls":"tertiary","shops":1,"st_km":1.51,"mesh":"53395655"},"geometry":{"type":"LineString","coordinates":[[139.8196,35.79823],[139.81844,35.79804],[139.817,35.79824]]}},{"type":"Feature","properties":{"idx":439,"road":"平方東京線","cls":"secondary","shops":1,"st_km":0.04,"mesh":"53395645"},"geometry":{"type":"LineString","coordinates":[[139.82183,35.78477],[139.82176,35.78412]]}},{"type":"Feature","properties":{"idx":351,"road":NaN,"cls":"tertiary","shops":2,"st_km":0.84,"mesh":"53395635"},"geometry":{"type":"LineString","coordinates":[[139.81571,35.77855],[139.81569,35.77862]]}},{"type":"Feature","properties":{"idx":297,"road":"環七通り","cls":"primary","shops":1,"st_km":0.96,"mesh":"53395635"},"geometry":{"type":"LineString","coordinates":[[139.81112,35.77867],[139.81569,35.77862]]}},{"type":"Feature","properties":{"idx":479,"road":"環七通り","cls":"primary","shops":2,"st_km":0.73,"mesh":"53395635"},"geometry":{"type":"LineString","coordinates":[[139.81939,35.77814],[139.81625,35.77851]]}},{"type":"Feature","properties":{"idx":371,"road":NaN,"cls":"tertiary","shops":3,"st_km":1.13,"mesh":"53395663"},"geometry":{"type":"LineString","coordinates":[[139.79773,35.80407],[139.79748,35.80224],[139.7975,35.80176]]}},{"type":"Feature","properties":{"idx":526,"road":NaN,"cls":"tertiary","shops":3,"st_km":0.59,"mesh":"53395614"},"geometry":{"type":"LineString","coordinates":[[139.80368,35.76363],[139.80392,35.76338]]}},{"type":"Feature","properties":{"idx":198,"road":"梅田通り","cls":"tertiary","shops":0,"st_km":0.65,"mesh":"53395614"},"geometry":{"type":"LineString","coordinates":[[139.80224,35.76523],[139.80272,35.76475]]}},{"type":"Feature","properties":{"idx":158,"road":NaN,"cls":"tertiary","shops":1,"st_km":0.31,"mesh":"53395633"},"geometry":{"type":"LineString","coordinates":[[139.79756,35.77328],[139.79762,35.77693]]}},{"type":"Feature","properties":{"idx":7928,"road":NaN,"cls":"tertiary","shops":15,"st_km":0.1,"mesh":"53395623"},"geometry":{"type":"LineString","coordinates":[[139.79766,35.76983],[139.79751,35.77073],[139.79756,35.77328]]}},{"type":"Feature","properties":{"idx":152,"road":"環七通り","cls":"primary","shops":0,"st_km":0.36,"mesh":"53395631"},"geometry":{"type":"LineString","coordinates":[[139.7701,35.77812],[139.76782,35.77815],[139.76752,35.77822]]}},{"type":"Feature","properties":{"idx":307,"road":"環七通り","cls":"primary","shops":2,"st_km":0.35,"mesh":"53395631"},"geometry":{"type":"LineString","coordinates":[[139.77025,35.77832],[139.77276,35.77828],[139.77308,35.77822]]}},{"type":"Feature","properties":{"idx":249,"road":"尾久橋通り","cls":"primary","shops":1,"st_km":0.27,"mesh":"53395631"},"geometry":{"type":"LineString","coordinates":[[139.77022,35.77425],[139.7701,35.77812]]}},{"type":"Feature","properties":{"idx":879,"road":"江北バス通り","cls":"primary","shops":1,"st_km":0.07,"mesh":"53395621"},"geometry":{"type":"LineString","coordinates":[[139.77042,35.77321],[139.77025,35.7731]]}},{"type":"Feature","properties":{"idx":286,"road":"江北バス通り","cls":"primary","shops":2,"st_km":0.42,"mesh":"53395631"},"geometry":{"type":"LineString","coordinates":[[139.77837,35.77804],[139.77042,35.77321]]}},{"type":"Feature","properties":{"idx":119,"road":NaN,"cls":"tertiary","shops":0,"st_km":1.2,"mesh":"53395610"},"geometry":{"type":"LineString","coordinates":[[139.75792,35.76332],[139.75727,35.76473]]}},{"type":"Feature","properties":{"idx":562,"road":"江北バス通り","cls":"primary","shops":2,"st_km":0.79,"mesh":"53395620"},"geometry":{"type":"LineString","coordinates":[[139.76199,35.76852],[139.7619,35.76849]]}},{"type":"Feature","properties":{"idx":103,"road":"王子金町市川線","cls":"primary","shops":0,"st_km":0.74,"mesh":"53395611"},"geometry":{"type":"LineString","coordinates":[[139.76301,35.76617],[139.76291,35.76614]]}},{"type":"Feature","properties":{"idx":51,"road":NaN,"cls":"tertiary","shops":0,"st_km":0.41,"mesh":"53395651"},"geometry":{"type":"LineString","coordinates":[[139.76564,35.79611],[139.76564,35.79603]]}},{"type":"Feature","properties":{"idx":120,"road":"舎人公園北通り","cls":"tertiary","shops":0,"st_km":0.76,"mesh":"53395661"},"geometry":{"type":"LineString","coordinates":[[139.76569,35.80198],[139.76045,35.80199]]}},{"type":"Feature","properties":{"idx":141,"road":NaN,"cls":"tertiary","shops":0,"st_km":0.57,"mesh":"53395661"},"geometry":{"type":"LineString","coordinates":[[139.76569,35.80205],[139.76569,35.80198]]}},{"type":"Feature","properties":{"idx":212,"road":"舎人公園北通り","cls":"tertiary","shops":0,"st_km":0.91,"mesh":"53395660"},"geometry":{"type":"LineString","coordinates":[[139.76043,35.80207],[139.76186,35.80207]]}},{"type":"Feature","properties":{"idx":1131,"road":NaN,"cls":"tertiary","shops":1,"st_km":0.31,"mesh":"53395623"},"geometry":{"type":"LineString","coordinates":[[139.79632,35.77091],[139.79579,35.76993],[139.79561,35.76947]]}},{"type":"Feature","properties":{"idx":576,"road":NaN,"cls":"tertiary","shops":7,"st_km":0.14,"mesh":"53395653"},"geometry":{"type":"LineString","coordinates":[[139.79241,35.79348],[139.79169,35.79383]]}},{"type":"Feature","properties":{"idx":198,"road":"新荒川堤防線","cls":"secondary","shops":0,"st_km":0.88,"mesh":"53395602"},"geometry":{"type":"LineString","coordinates":[[139.77988,35.75494],[139.77988,35.75501]]}},{"type":"Feature","properties":{"idx":149,"road":"新荒川堤防線","cls":"secondary","shops":0,"st_km":1.64,"mesh":"53395603"},"geometry":{"type":"LineString","coordinates":[[139.78981,35.75651],[139.7888,35.75624]]}},{"type":"Feature","properties":{"idx":71,"road":NaN,"cls":"pedestrian","shops":0,"st_km":0.39,"mesh":"53395651"},"geometry":{"type":"LineString","coordinates":[[139.77225,35.79431],[139.77214,35.79413],[139.77219,35.79385],[139.77212,35.79363],[139.77213,35.79314],[139.77202,35.79278],[139.77204,35.7927]]}},{"type":"Feature","properties":{"idx":64,"road":NaN,"cls":"pedestrian","shops":0,"st_km":0.5,"mesh":"53395651"},"geometry":{"type":"LineString","coordinates":[[139.77211,35.79304],[139.7723,35.79299],[139.77261,35.7928],[139.77282,35.79277],[139.77318,35.79282],[139.7736,35.79265]]}},{"type":"Feature","properties":{"idx":297,"road":"江北バス通り","cls":"primary","shops":0,"st_km":0.74,"mesh":"53395621"},"geometry":{"type":"LineString","coordinates":[[139.76313,35.76883],[139.76199,35.76852]]}},{"type":"Feature","properties":{"idx":242,"road":NaN,"cls":"tertiary","shops":0,"st_km":0.67,"mesh":"53395600"},"geometry":{"type":"LineString","coordinates":[[139.75678,35.7565],[139.75692,35.75688]]}},{"type":"Feature","properties":{"idx":101,"road":"白山小台線","cls":"secondary","shops":0,"st_km":0.57,"mesh":"53395601"},"geometry":{"type":"LineString","coordinates":[[139.76265,35.75474],[139.76276,35.75522],[139.76277,35.75555],[139.76269,35.75585],[139.76242,35.75642]]}},{"type":"Feature","properties":{"idx":139,"road":"王子金町市川線","cls":"primary","shops":0,"st_km":1.36,"mesh":"53395610"},"geometry":{"type":"LineString","coordinates":[[139.74962,35.76419],[139.75169,35.76393]]}},{"type":"Feature","properties":{"idx":995,"road":"江北バス通り","cls":"primary","shops":5,"st_km":0.3,"mesh":"53395632"},"geometry":{"type":"LineString","coordinates":[[139.7786,35.77813],[139.77837,35.77804]]}},{"type":"Feature","properties":{"idx":157,"road":"新砂子路橋通り","cls":"tertiary","shops":1,"st_km":0.7,"mesh":"53395671"},"geometry":{"type":"LineString","coordinates":[[139.76307,35.81337],[139.76307,35.81385]]}},{"type":"Feature","properties":{"idx":245,"road":"足立川口線","cls":"secondary","shops":0,"st_km":0.82,"mesh":"53395650"},"geometry":{"type":"LineString","coordinates":[[139.76081,35.79612],[139.76108,35.79674],[139.76121,35.7974]]}},{"type":"Feature","properties":{"idx":229,"road":"足立川口線","cls":"secondary","shops":0,"st_km":0.9,"mesh":"53395650"},"geometry":{"type":"LineString","coordinates":[[139.76121,35.7974],[139.76122,35.79809],[139.76111,35.79882],[139.76024,35.80199]]}},{"type":"Feature","properties":{"idx":231,"road":"足立川口線","cls":"secondary","shops":0,"st_km":0.91,"mesh":"53395660"},"geometry":{"type":"LineString","coordinates":[[139.76045,35.80199],[139.76126,35.7991],[139.76143,35.79821]]}},{"type":"Feature","properties":{"idx":200,"road":"舎人公園北通り","cls":"tertiary","shops":0,"st_km":0.98,"mesh":"53395660"},"geometry":{"type":"LineString","coordinates":[[139.76045,35.80199],[139.76024,35.80199]]}},{"type":"Feature","properties":{"idx":217,"road":NaN,"cls":"tertiary","shops":0,"st_km":0.84,"mesh":"53395660"},"geometry":{"type":"LineString","coordinates":[[139.76259,35.79935],[139.76186,35.80207]]}},{"type":"Feature","properties":{"idx":193,"road":"足立川口線","cls":"secondary","shops":0,"st_km":1.37,"mesh":"53395640"},"geometry":{"type":"LineString","coordinates":[[139.75764,35.79223],[139.75322,35.78775],[139.75272,35.78733],[139.75211,35.78691]]}},{"type":"Feature","properties":{"idx":829,"road":"鳩ヶ谷街道","cls":"secondary","shops":3,"st_km":0.92,"mesh":"53395630"},"geometry":{"type":"LineString","coordinates":[[139.76055,35.77832],[139.76055,35.77822]]}},{"type":"Feature","properties":{"idx":371,"road":"環七通り","cls":"primary","shops":5,"st_km":0.74,"mesh":"53395631"},"geometry":{"type":"LineString","coordinates":[[139.76494,35.77822],[139.76055,35.77822]]}},{"type":"Feature","properties":{"idx":426,"road":"環七通り","cls":"primary","shops":6,"st_km":0.74,"mesh":"53395631"},"geometry":{"type":"LineString","coordinates":[[139.76055,35.77832],[139.76494,35.77833]]}},{"type":"Feature","properties":{"idx":385,"road":"鳩ヶ谷街道","cls":"secondary","shops":1,"st_km":0.76,"mesh":"53395650"},"geometry":{"type":"LineString","coordinates":[[139.7617,35.79614],[139.7617,35.79605]]}},{"type":"Feature","properties":{"idx":796,"road":"環七通り","cls":"primary","shops":3,"st_km":1.11,"mesh":"53395630"},"geometry":{"type":"LineString","coordinates":[[139.75607,35.77847],[139.76055,35.77832]]}},{"type":"Feature","properties":{"idx":412,"road":"五色桜通り","cls":"tertiary","shops":0,"st_km":0.17,"mesh":"53395641"},"geometry":{"type":"LineString","coordinates":[[139.76999,35.79023],[139.77017,35.79023]]}},{"type":"Feature","properties":{"idx":160,"road":"尾久橋通り","cls":"primary","shops":3,"st_km":0.4,"mesh":"53395651"},"geometry":{"type":"LineString","coordinates":[[139.76999,35.79023],[139.77005,35.79163],[139.77006,35.79588]]}},{"type":"Feature","properties":{"idx":756,"road":NaN,"cls":"tertiary","shops":9,"st_km":0.08,"mesh":"53395633"},"geometry":{"type":"LineString","coordinates":[[139.7903,35.77661],[139.79037,35.77654]]}},{"type":"Feature","properties":{"idx":437,"road":NaN,"cls":"tertiary","shops":4,"st_km":0.08,"mesh":"53395667"},"geometry":{"type":"LineString","coordinates":[[139.84394,35.80752],[139.84379,35.80743]]}},{"type":"Feature","properties":{"idx":85,"road":NaN,"cls":"tertiary","shops":0,"st_km":1.68,"mesh":"53395687"},"geometry":{"type":"LineString","coordinates":[[139.84024,35.82223],[139.83986,35.82263]]}},{"type":"Feature","properties":{"idx":343,"road":"松戸草加線","cls":"primary","shops":0,"st_km":1.27,"mesh":"53395678"},"geometry":{"type":"LineString","coordinates":[[139.85934,35.8109],[139.85849,35.81187],[139.85749,35.81286],[139.85621,35.81388],[139.85464,35.81505]]}},{"type":"Feature","properties":{"idx":340,"road":"松戸草加線","cls":"primary","shops":0,"st_km":1.28,"mesh":"53395678"},"geometry":{"type":"LineString","coordinates":[[139.85472,35.8151],[139.85695,35.81345],[139.85759,35.81292],[139.85857,35.81194],[139.85938,35.811]]}},{"type":"Feature","properties":{"idx":286,"road":"垳三郷線","cls":"tertiary","shops":0,"st_km":1.21,"mesh":"53395678"},"geometry":{"type":"LineString","coordinates":[[139.85464,35.81505],[139.85472,35.8151]]}},{"type":"Feature","properties":{"idx":235,"road":"垳三郷線","cls":"tertiary","shops":0,"st_km":1.51,"mesh":"53395678"},"geometry":{"type":"LineString","coordinates":[[139.85592,35.8158],[139.8588,35.81751]]}},{"type":"Feature","properties":{"idx":543,"road":NaN,"cls":"tertiary","shops":4,"st_km":1.29,"mesh":"53395640"},"geometry":{"type":"LineString","coordinates":[[139.7565,35.78562],[139.75624,35.78565]]}},{"type":"Feature","properties":{"idx":355,"road":NaN,"cls":"tertiary","shops":2,"st_km":1.32,"mesh":"53395640"},"geometry":{"type":"LineString","coordinates":[[139.75624,35.78565],[139.75575,35.78571]]}},{"type":"Feature","properties":{"idx":197,"road":"五色桜通り","cls":"tertiary","shops":0,"st_km":1.16,"mesh":"53395640"},"geometry":{"type":"LineString","coordinates":[[139.75669,35.78669],[139.75698,35.78826],[139.75707,35.78853],[139.75724,35.78877],[139.75764,35.78911],[139.7594,35.79004]]}},{"type":"Feature","properties":{"idx":556,"road":"五色桜通り","cls":"tertiary","shops":4,"st_km":1.25,"mesh":"53395640"},"geometry":{"type":"LineString","coordinates":[[139.7565,35.78562],[139.75669,35.78669]]}},{"type":"Feature","properties":{"idx":257,"road":"五色桜通り","cls":"tertiary","shops":0,"st_km":0.66,"mesh":"53395641"},"geometry":{"type":"LineString","coordinates":[[139.76206,35.79066],[139.76433,35.79054]]}},{"type":"Feature","properties":{"idx":210,"road":"東京女子医大通り","cls":"tertiary","shops":0,"st_km":1.08,"mesh":"53395640"},"geometry":{"type":"LineString","coordinates":[[139.75764,35.79223],[139.7594,35.79004]]}},{"type":"Feature","properties":{"idx":184,"road":"江北橋通り","cls":"primary","shops":0,"st_km":0.16,"mesh":"53395611"},"geometry":{"type":"LineString","coordinates":[[139.76812,35.76497],[139.7707,35.76489]]}},{"type":"Feature","properties":{"idx":596,"road":"江北橋通り","cls":"primary","shops":4,"st_km":0.08,"mesh":"53395611"},"geometry":{"type":"LineString","coordinates":[[139.7707,35.76489],[139.77089,35.76489]]}},{"type":"Feature","properties":{"idx":268,"road":"尾久橋通り","cls":"primary","shops":1,"st_km":0.1,"mesh":"53395601"},"geometry":{"type":"LineString","coordinates":[[139.77035,35.75554],[139.77033,35.75543]]}},{"type":"Feature","properties":{"idx":264,"road":"尾久橋通り","cls":"primary","shops":1,"st_km":0.11,"mesh":"53395601"},"geometry":{"type":"LineString","coordinates":[[139.77022,35.75556],[139.77023,35.75569]]}},{"type":"Feature","properties":{"idx":119,"road":"新荒川堤防線","cls":"secondary","shops":0,"st_km":0.4,"mesh":"53395601"},"geometry":{"type":"LineString","coordinates":[[139.77022,35.75556],[139.76844,35.75592],[139.76671,35.75652],[139.76512,35.75718],[139.76433,35.75745],[139.7631,35.75814]]}},{"type":"Feature","properties":{"idx":240,"road":"新荒川堤防線","cls":"secondary","shops":1,"st_km":0.1,"mesh":"53395601"},"geometry":{"type":"LineString","coordinates":[[139.77035,35.75554],[139.77022,35.75556]]}},{"type":"Feature","properties":{"idx":423,"road":"尾竹橋通り","cls":"secondary","shops":2,"st_km":0.84,"mesh":"53395663"},"geometry":{"type":"LineString","coordinates":[[139.78995,35.80068],[139.79126,35.80326]]}},{"type":"Feature","properties":{"idx":41,"road":NaN,"cls":"tertiary","shops":0,"st_km":0.65,"mesh":"53395651"},"geometry":{"type":"LineString","coordinates":[[139.76259,35.79935],[139.76496,35.79933]]}},{"type":"Feature","properties":{"idx":126,"road":"舎人公園北通り","cls":"tertiary","shops":0,"st_km":0.7,"mesh":"53395661"},"geometry":{"type":"LineString","coordinates":[[139.76186,35.80207],[139.76569,35.80205]]}},{"type":"Feature","properties":{"idx":46,"road":NaN,"cls":"tertiary","shops":0,"st_km":0.53,"mesh":"53395651"},"geometry":{"type":"LineString","coordinates":[[139.76496,35.79933],[139.76568,35.79933]]}},{"type":"Feature","properties":{"idx":50,"road":NaN,"cls":"tertiary","shops":0,"st_km":0.42,"mesh":"53395651"},"geometry":{"type":"LineString","coordinates":[[139.76568,35.79933],[139.76564,35.79611]]}},{"type":"Feature","properties":{"idx":221,"road":"舎人公園北通り","cls":"tertiary","shops":0,"st_km":1.08,"mesh":"53395662"},"geometry":{"type":"LineString","coordinates":[[139.77948,35.80076],[139.78138,35.80056],[139.78252,35.80054]]}},{"type":"Feature","properties":{"idx":260,"road":"大師北参道","cls":"tertiary","shops":0,"st_km":0.9,"mesh":"53395662"},"geometry":{"type":"LineString","coordinates":[[139.77958,35.80539],[139.77948,35.80076]]}},{"type":"Feature","properties":{"idx":213,"road":"大師北参道","cls":"tertiary","shops":0,"st_km":0.37,"mesh":"53395632"},"geometry":{"type":"LineString","coordinates":[[139.77924,35.78262],[139.7792,35.78058]]}},{"type":"Feature","properties":{"idx":515,"road":"環七北通り","cls":"tertiary","shops":3,"st_km":0.4,"mesh":"53395632"},"geometry":{"type":"LineString","coordinates":[[139.78371,35.78252],[139.77924,35.78262]]}},{"type":"Feature","properties":{"idx":199,"road":NaN,"cls":"tertiary","shops":0,"st_km":0.78,"mesh":"53395663"},"geometry":{"type":"LineString","coordinates":[[139.78966,35.80138],[139.79031,35.8014]]}},{"type":"Feature","properties":{"idx":190,"road":"環七北通り","cls":"tertiary","shops":1,"st_km":0.32,"mesh":"53395631"},"geometry":{"type":"LineString","coordinates":[[139.76519,35.78322],[139.76996,35.78299]]}},{"type":"Feature","properties":{"idx":1769,"road":NaN,"cls":"tertiary","shops":2,"st_km":0.63,"mesh":"53395642"},"geometry":{"type":"LineString","coordinates":[[139.78372,35.78625],[139.78358,35.78588],[139.78355,35.78552],[139.78369,35.78476],[139.78371,35.78252]]}},{"type":"Feature","properties":{"idx":83,"road":NaN,"cls":"tertiary","shops":0,"st_km":0.58,"mesh":"53395633"},"geometry":{"type":"LineString","coordinates":[[139.78908,35.78233],[139.78909,35.78239]]}},{"type":"Feature","properties":{"idx":193,"road":"環七北通り","cls":"tertiary","shops":0,"st_km":0.47,"mesh":"53395632"},"geometry":{"type":"LineString","coordinates":[[139.78544,35.78244],[139.78371,35.78252]]}},{"type":"Feature","properties":{"idx":263,"road":"栗原立体交差","cls":"tertiary","shops":1,"st_km":0.57,"mesh":"53395632"},"geometry":{"type":"LineString","coordinates":[[139.78722,35.78239],[139.78544,35.78244]]}},{"type":"Feature","properties":{"idx":85,"road":"環七北通り","cls":"tertiary","shops":0,"st_km":0.56,"mesh":"53395633"},"geometry":{"type":"LineString","coordinates":[[139.79149,35.78231],[139.79141,35.78227],[139.78908,35.78233]]}},{"type":"Feature","properties":{"idx":84,"road":"環七北通り","cls":"tertiary","shops":0,"st_km":0.56,"mesh":"53395633"},"geometry":{"type":"LineString","coordinates":[[139.78909,35.78239],[139.79149,35.78231]]}},{"type":"Feature","properties":{"idx":347,"road":NaN,"cls":"primary_link","shops":4,"st_km":0.12,"mesh":"53395633"},"geometry":{"type":"LineString","coordinates":[[139.79097,35.77826],[139.79065,35.77824]]}},{"type":"Feature","properties":{"idx":1769,"road":NaN,"cls":"tertiary","shops":1,"st_km":0.49,"mesh":"53395624"},"geometry":{"type":"LineString","coordinates":[[139.80338,35.77164],[139.80347,35.77164]]}},{"type":"Feature","properties":{"idx":291,"road":NaN,"cls":"primary_link","shops":3,"st_km":0.11,"mesh":"53395633"},"geometry":{"type":"LineString","coordinates":[[139.79027,35.77825],[139.78995,35.77824]]}},{"type":"Feature","properties":{"idx":541,"road":NaN,"cls":"primary_link","shops":8,"st_km":0.18,"mesh":"53395633"},"geometry":{"type":"LineString","coordinates":[[139.79146,35.77847],[139.79195,35.77842]]}},{"type":"Feature","properties":{"idx":85,"road":NaN,"cls":"tertiary","shops":0,"st_km":0.52,"mesh":"53395633"},"geometry":{"type":"LineString","coordinates":[[139.79762,35.77693],[139.79763,35.77712]]}},{"type":"Feature","properties":{"idx":395,"road":NaN,"cls":"primary_link","shops":5,"st_km":0.14,"mesh":"53395633"},"geometry":{"type":"LineString","coordinates":[[139.79026,35.77844],[139.79146,35.77847]]}},{"type":"Feature","properties":{"idx":160,"road":NaN,"cls":"tertiary","shops":0,"st_km":0.52,"mesh":"53395645"},"geometry":{"type":"LineString","coordinates":[[139.81611,35.78269],[139.81647,35.78449]]}},{"type":"Feature","properties":{"idx":81,"road":"環七北通り","cls":"tertiary","shops":0,"st_km":0.6,"mesh":"53395633"},"geometry":{"type":"LineString","coordinates":[[139.78908,35.78233],[139.78722,35.78239]]}},{"type":"Feature","properties":{"idx":153,"road":"垳三郷線","cls":"tertiary","shops":0,"st_km":0.22,"mesh":"53395677"},"geometry":{"type":"LineString","coordinates":[[139.84244,35.80849],[139.84237,35.80844]]}},{"type":"Feature","properties":{"idx":153,"road":NaN,"cls":"tertiary","shops":0,"st_km":0.23,"mesh":"53395677"},"geometry":{"type":"LineString","coordinates":[[139.84237,35.80856],[139.84244,35.80849]]}},{"type":"Feature","properties":{"idx":152,"road":NaN,"cls":"tertiary","shops":0,"st_km":0.23,"mesh":"53395677"},"geometry":{"type":"LineString","coordinates":[[139.84237,35.80844],[139.8423,35.80851]]}},{"type":"Feature","properties":{"idx":152,"road":"垳三郷線","cls":"tertiary","shops":0,"st_km":0.23,"mesh":"53395677"},"geometry":{"type":"LineString","coordinates":[[139.8423,35.80851],[139.84237,35.80856]]}},{"type":"Feature","properties":{"idx":355,"road":"環七北通り","cls":"tertiary","shops":3,"st_km":0.2,"mesh":"53395631"},"geometry":{"type":"LineString","coordinates":[[139.77013,35.78297],[139.76996,35.78299]]}},{"type":"Feature","properties":{"idx":649,"road":NaN,"cls":"tertiary","shops":2,"st_km":0.42,"mesh":"53395641"},"geometry":{"type":"LineString","coordinates":[[139.76992,35.78488],[139.77007,35.78492]]}},{"type":"Feature","properties":{"idx":315,"road":NaN,"cls":"tertiary","shops":3,"st_km":0.16,"mesh":"53395633"},"geometry":{"type":"LineString","coordinates":[[139.78945,35.77613],[139.78912,35.77611]]}},{"type":"Feature","properties":{"idx":310,"road":"尾久橋通り","cls":"primary","shops":1,"st_km":0.06,"mesh":"53395631"},"geometry":{"type":"LineString","coordinates":[[139.77013,35.78297],[139.77025,35.77832]]}},{"type":"Feature","properties":{"idx":676,"road":"尾久橋通り","cls":"primary","shops":1,"st_km":0.31,"mesh":"53395641"},"geometry":{"type":"LineString","coordinates":[[139.77007,35.78492],[139.77013,35.78297]]}},{"type":"Feature","properties":{"idx":1081,"road":"尾久橋通り","cls":"primary","shops":2,"st_km":0.12,"mesh":"53395641"},"geometry":{"type":"LineString","coordinates":[[139.76992,35.78488],[139.76999,35.79023]]}},{"type":"Feature","properties":{"idx":451,"road":"尾久橋通り","cls":"primary","shops":0,"st_km":0.31,"mesh":"53395641"},"geometry":{"type":"LineString","coordinates":[[139.76996,35.78299],[139.76992,35.78488]]}},{"type":"Feature","properties":{"idx":400,"road":NaN,"cls":"tertiary","shops":1,"st_km":0.96,"mesh":"53395662"},"geometry":{"type":"LineString","coordinates":[[139.78252,35.80054],[139.78299,35.80057],[139.78418,35.80083]]}},{"type":"Feature","properties":{"idx":1412,"road":"赤山街道","cls":"tertiary","shops":9,"st_km":1.01,"mesh":"53395662"},"geometry":{"type":"LineString","coordinates":[[139.78313,35.80201],[139.78418,35.80083]]}},{"type":"Feature","properties":{"idx":77,"road":NaN,"cls":"tertiary_link","shops":0,"st_km":1.68,"mesh":"53395650"},"geometry":{"type":"LineString","coordinates":[[139.75199,35.79968],[139.7519,35.79985]]}},{"type":"Feature","properties":{"idx":200,"road":"舎人公園北通り","cls":"tertiary","shops":0,"st_km":0.98,"mesh":"53395660"},"geometry":{"type":"LineString","coordinates":[[139.76024,35.80199],[139.76043,35.80207]]}},{"type":"Feature","properties":{"idx":230,"road":"足立川口線","cls":"secondary","shops":0,"st_km":0.95,"mesh":"53395660"},"geometry":{"type":"LineString","coordinates":[[139.75995,35.80374],[139.76043,35.80207]]}},{"type":"Feature","properties":{"idx":227,"road":"足立川口線","cls":"secondary","shops":0,"st_km":0.97,"mesh":"53395660"},"geometry":{"type":"LineString","coordinates":[[139.76043,35.80207],[139.76045,35.80199]]}},{"type":"Feature","properties":{"idx":229,"road":"川口草加線","cls":"secondary","shops":0,"st_km":0.96,"mesh":"53395660"},"geometry":{"type":"LineString","coordinates":[[139.75977,35.80364],[139.75995,35.80374]]}},{"type":"Feature","properties":{"idx":431,"road":"川口草加線","cls":"secondary","shops":2,"st_km":1.03,"mesh":"53395660"},"geometry":{"type":"LineString","coordinates":[[139.7584,35.80306],[139.75977,35.80364]]}},{"type":"Feature","properties":{"idx":226,"road":"足立川口線","cls":"secondary","shops":0,"st_km":0.97,"mesh":"53395660"},"geometry":{"type":"LineString","coordinates":[[139.76024,35.80199],[139.75977,35.80364]]}},{"type":"Feature","properties":{"idx":529,"road":"川口草加線","cls":"secondary","shops":3,"st_km":0.28,"mesh":"53395661"},"geometry":{"type":"LineString","coordinates":[[139.7649,35.80587],[139.7653,35.80585],[139.76925,35.80521]]}},{"type":"Feature","properties":{"idx":761,"road":"舎人公園通り","cls":"tertiary","shops":1,"st_km":0.74,"mesh":"53395652"},"geometry":{"type":"LineString","coordinates":[[139.78247,35.79466],[139.78264,35.79475]]}},{"type":"Feature","properties":{"idx":324,"road":"尾久橋通り","cls":"primary","shops":2,"st_km":0.45,"mesh":"53395671"},"geometry":{"type":"LineString","coordinates":[[139.77014,35.81036],[139.77016,35.80918]]}},{"type":"Feature","properties":{"idx":403,"road":"尾久橋通り","cls":"primary","shops":3,"st_km":0.45,"mesh":"53395671"},"geometry":{"type":"LineString","coordinates":[[139.77001,35.80925],[139.77,35.81036]]}},{"type":"Feature","properties":{"idx":191,"road":"入谷大橋通り","cls":"tertiary","shops":1,"st_km":0.49,"mesh":"53395671"},"geometry":{"type":"LineString","coordinates":[[139.77,35.81036],[139.76791,35.81052]]}},{"type":"Feature","properties":{"idx":433,"road":NaN,"cls":"tertiary","shops":0,"st_km":0.79,"mesh":"53395670"},"geometry":{"type":"LineString","coordinates":[[139.76307,35.81274],[139.76155,35.81274]]}},{"type":"Feature","properties":{"idx":155,"road":"新砂子路橋通り","cls":"tertiary","shops":1,"st_km":0.71,"mesh":"53395671"},"geometry":{"type":"LineString","coordinates":[[139.76307,35.81274],[139.76307,35.81337]]}},{"type":"Feature","properties":{"idx":135,"road":"入谷大橋通り","cls":"tertiary","shops":0,"st_km":1.56,"mesh":"53395660"},"geometry":{"type":"LineString","coordinates":[[139.75338,35.80806],[139.75277,35.80774]]}},{"type":"Feature","properties":{"idx":248,"road":"川口草加線","cls":"secondary","shops":1,"st_km":0.53,"mesh":"53395661"},"geometry":{"type":"LineString","coordinates":[[139.76367,35.8056],[139.7649,35.80587]]}},{"type":"Feature","properties":{"idx":192,"road":"川口草加線","cls":"secondary","shops":0,"st_km":1.19,"mesh":"53395660"},"geometry":{"type":"LineString","coordinates":[[139.75664,35.8023],[139.7584,35.80306]]}},{"type":"Feature","properties":{"idx":222,"road":"新砂子路橋通り","cls":"tertiary","shops":1,"st_km":0.52,"mesh":"53395661"},"geometry":{"type":"LineString","coordinates":[[139.76569,35.80205],[139.76476,35.804],[139.76391,35.80519],[139.76367,35.8056]]}},{"type":"Feature","properties":{"idx":732,"road":NaN,"cls":"tertiary","shops":1,"st_km":0.78,"mesh":"53395652"},"geometry":{"type":"LineString","coordinates":[[139.78168,35.79526],[139.78182,35.79522],[139.78247,35.79466]]}},{"type":"Feature","properties":{"idx":258,"road":"入谷大橋通り","cls":"tertiary","shops":2,"st_km":0.47,"mesh":"53395671"},"geometry":{"type":"LineString","coordinates":[[139.77014,35.81036],[139.77,35.81036]]}},{"type":"Feature","properties":{"idx":188,"road":"さいたま草加線","cls":"primary","shops":0,"st_km":1.42,"mesh":"53395680"},"geometry":{"type":"LineString","coordinates":[[139.74939,35.82404],[139.75083,35.82588]]}},{"type":"Feature","properties":{"idx":224,"road":"東京川口線","cls":"secondary","shops":1,"st_km":1.84,"mesh":"53395640"},"geometry":{"type":"LineString","coordinates":[[139.75042,35.79071],[139.74968,35.79183]]}},{"type":"Feature","properties":{"idx":221,"road":"足立川口線","cls":"secondary","shops":0,"st_km":1.0,"mesh":"53395660"},"geometry":{"type":"LineString","coordinates":[[139.75891,35.81008],[139.75884,35.80887],[139.75887,35.80832],[139.759,35.80742],[139.75995,35.80374]]}},{"type":"Feature","properties":{"idx":217,"road":"足立川口線","cls":"secondary","shops":0,"st_km":1.03,"mesh":"53395660"},"geometry":{"type":"LineString","coordinates":[[139.75977,35.80364],[139.75901,35.8062],[139.75873,35.8074],[139.75863,35.80798],[139.75857,35.80887],[139.75864,35.81005]]}},{"type":"Feature","properties":{"idx":324,"road":"入谷大橋通り","cls":"tertiary","shops":0,"st_km":1.13,"mesh":"53395670"},"geometry":{"type":"LineString","coordinates":[[139.75891,35.81008],[139.75864,35.81005]]}},{"type":"Feature","properties":{"idx":551,"road":"入谷大橋通り","cls":"tertiary","shops":1,"st_km":0.97,"mesh":"53395670"},"geometry":{"type":"LineString","coordinates":[[139.76308,35.81041],[139.75891,35.81008]]}},{"type":"Feature","properties":{"idx":240,"road":NaN,"cls":"tertiary","shops":0,"st_km":1.49,"mesh":"53395690"},"geometry":{"type":"LineString","coordinates":[[139.75299,35.8272],[139.7512,35.82627],[139.75102,35.82613],[139.75083,35.82588]]}},{"type":"Feature","properties":{"idx":228,"road":NaN,"cls":"tertiary","shops":0,"st_km":1.58,"mesh":"53395690"},"geometry":{"type":"LineString","coordinates":[[139.75309,35.82725],[139.75299,35.8272]]}},{"type":"Feature","properties":{"idx":856,"road":"さいたま草加線","cls":"primary","shops":1,"st_km":1.48,"mesh":"53395691"},"geometry":{"type":"LineString","coordinates":[[139.76872,35.82894],[139.76317,35.82578]]}},{"type":"Feature","properties":{"idx":913,"road":"川口草加線","cls":"secondary","shops":5,"st_km":0.07,"mesh":"53395661"},"geometry":{"type":"LineString","coordinates":[[139.77006,35.80508],[139.77022,35.80507]]}},{"type":"Feature","properties":{"idx":480,"road":"尾久橋通り","cls":"primary","shops":2,"st_km":0.26,"mesh":"53395661"},"geometry":{"type":"LineString","coordinates":[[139.77011,35.80176],[139.77006,35.80508]]}},{"type":"Feature","properties":{"idx":389,"road":"川口草加線","cls":"secondary","shops":1,"st_km":0.08,"mesh":"53395661"},"geometry":{"type":"LineString","coordinates":[[139.76925,35.80521],[139.77006,35.80508]]}},{"type":"Feature","properties":{"idx":223,"road":"舎人公園通り","cls":"tertiary","shops":0,"st_km":0.79,"mesh":"53395650"},"geometry":{"type":"LineString","coordinates":[[139.76108,35.7961],[139.7617,35.79614]]}},{"type":"Feature","properties":{"idx":159,"road":"川口草加線","cls":"secondary","shops":0,"st_km":1.48,"mesh":"53395660"},"geometry":{"type":"LineString","coordinates":[[139.75342,35.80056],[139.75595,35.80201]]}},{"type":"Feature","properties":{"idx":122,"road":"南平工業団地通り","cls":"tertiary","shops":0,"st_km":1.75,"mesh":"53395660"},"geometry":{"type":"LineString","coordinates":[[139.75342,35.80056],[139.74877,35.80536]]}},{"type":"Feature","properties":{"idx":617,"road":"五色桜通り","cls":"tertiary","shops":1,"st_km":0.17,"mesh":"53395641"},"geometry":{"type":"LineString","coordinates":[[139.77017,35.79023],[139.77058,35.79022]]}},{"type":"Feature","properties":{"idx":160,"road":"尾久橋通り","cls":"primary","shops":3,"st_km":0.4,"mesh":"53395651"},"geometry":{"type":"LineString","coordinates":[[139.77027,35.79587],[139.77021,35.79433],[139.77017,35.79023]]}},{"type":"Feature","properties":{"idx":239,"road":"鳩ヶ谷街道","cls":"secondary","shops":0,"st_km":0.85,"mesh":"53395650"},"geometry":{"type":"LineString","coordinates":[[139.76174,35.79533],[139.76195,35.79149],[139.76206,35.79066]]}},{"type":"Feature","properties":{"idx":245,"road":"五色桜通り","cls":"tertiary","shops":0,"st_km":0.88,"mesh":"53395640"},"geometry":{"type":"LineString","coordinates":[[139.7594,35.79004],[139.7603,35.79052],[139.76072,35.79066],[139.76116,35.79071],[139.76206,35.79066]]}},{"type":"Feature","properties":{"idx":134,"road":"仁志町領家町線","cls":"tertiary","shops":0,"st_km":1.51,"mesh":"53395650"},"geometry":{"type":"LineString","coordinates":[[139.75106,35.79913],[139.75574,35.79428]]}},{"type":"Feature","properties":{"idx":156,"road":"あずま橋通り","cls":"tertiary","shops":0,"st_km":1.34,"mesh":"53395680"},"geometry":{"type":"LineString","coordinates":[[139.75703,35.8196],[139.75782,35.82031]]}},{"type":"Feature","properties":{"idx":159,"road":"あずま橋通り","cls":"tertiary","shops":0,"st_km":1.3,"mesh":"53395680"},"geometry":{"type":"LineString","coordinates":[[139.75782,35.82031],[139.75898,35.82135],[139.75931,35.82172]]}},{"type":"Feature","properties":{"idx":1400,"road":"柴又街道","cls":"primary","shops":10,"st_km":0.18,"mesh":"53395629"},"geometry":{"type":"LineString","coordinates":[[139.87116,35.76688],[139.87106,35.76704]]}},{"type":"Feature","properties":{"idx":157,"road":"仁志町領家町線","cls":"tertiary","shops":0,"st_km":1.26,"mesh":"53395650"},"geometry":{"type":"LineString","coordinates":[[139.75621,35.79379],[139.75764,35.79223]]}},{"type":"Feature","properties":{"idx":212,"road":"足立川口線","cls":"secondary","shops":0,"st_km":1.0,"mesh":"53395650"},"geometry":{"type":"LineString","coordinates":[[139.76108,35.7961],[139.7606,35.79533],[139.76023,35.79488],[139.75764,35.79223]]}},{"type":"Feature","properties":{"idx":251,"road":"足立川口線","cls":"secondary","shops":0,"st_km":0.79,"mesh":"53395650"},"geometry":{"type":"LineString","coordinates":[[139.76143,35.79821],[139.76143,35.79737],[139.76139,35.79705],[139.7613,35.79667],[139.76108,35.7961]]}},{"type":"Feature","properties":{"idx":223,"road":"舎人公園通り","cls":"tertiary","shops":0,"st_km":0.79,"mesh":"53395650"},"geometry":{"type":"LineString","coordinates":[[139.7617,35.79605],[139.76108,35.7961]]}},{"type":"Feature","properties":{"idx":256,"road":"鳩ヶ谷街道","cls":"secondary","shops":0,"st_km":0.77,"mesh":"53395650"},"geometry":{"type":"LineString","coordinates":[[139.7617,35.79605],[139.76174,35.79533]]}},{"type":"Feature","properties":{"idx":315,"road":"鳩ヶ谷街道","cls":"secondary","shops":0,"st_km":0.73,"mesh":"53395640"},"geometry":{"type":"LineString","coordinates":[[139.76206,35.79066],[139.76217,35.79017],[139.7622,35.78968],[139.76174,35.78714]]}},{"type":"Feature","properties":{"idx":244,"road":"環七北通り","cls":"tertiary","shops":3,"st_km":0.59,"mesh":"53395631"},"geometry":{"type":"LineString","coordinates":[[139.76311,35.78311],[139.76437,35.78324],[139.76519,35.78322]]}},{"type":"Feature","properties":{"idx":331,"road":"東京女子医大通り","cls":"tertiary","shops":4,"st_km":0.46,"mesh":"53395631"},"geometry":{"type":"LineString","coordinates":[[139.76519,35.78322],[139.76512,35.78054]]}},{"type":"Feature","properties":{"idx":249,"road":"東京女子医大通り","cls":"tertiary","shops":0,"st_km":0.86,"mesh":"53395640"},"geometry":{"type":"LineString","coordinates":[[139.7594,35.79004],[139.76174,35.78714]]}},{"type":"Feature","properties":{"idx":1145,"road":NaN,"cls":"pedestrian","shops":3,"st_km":1.08,"mesh":"53395608"},"geometry":{"type":"LineString","coordinates":[[139.85649,35.75582],[139.85642,35.7561]]}},{"type":"Feature","properties":{"idx":133,"road":NaN,"cls":"tertiary","shops":0,"st_km":1.84,"mesh":"53395685"},"geometry":{"type":"LineString","coordinates":[[139.82142,35.81946],[139.82146,35.8192],[139.82139,35.81907],[139.82119,35.81897],[139.82073,35.81903],[139.82067,35.81898],[139.82067,35.81885]]}},{"type":"Feature","properties":{"idx":143,"road":NaN,"cls":"tertiary","shops":0,"st_km":1.74,"mesh":"53395685"},"geometry":{"type":"LineString","coordinates":[[139.82131,35.81979],[139.82057,35.82109],[139.82047,35.82135],[139.82049,35.82164],[139.82068,35.82235],[139.82059,35.82272]]}},{"type":"Feature","properties":{"idx":131,"road":NaN,"cls":"tertiary","shops":0,"st_km":1.88,"mesh":"53395685"},"geometry":{"type":"LineString","coordinates":[[139.82142,35.81946],[139.82131,35.81979]]}},{"type":"Feature","properties":{"idx":1907,"road":NaN,"cls":"pedestrian","shops":10,"st_km":0.04,"mesh":"53395629"},"geometry":{"type":"LineString","coordinates":[[139.87089,35.76925],[139.87081,35.76979]]}},{"type":"Feature","properties":{"idx":204,"road":"環七北通り","cls":"tertiary","shops":0,"st_km":0.76,"mesh":"53395637"},"geometry":{"type":"LineString","coordinates":[[139.83697,35.78154],[139.83949,35.78155]]}},{"type":"Feature","properties":{"idx":2098,"road":"川の手通り","cls":"primary","shops":6,"st_km":0.64,"mesh":"53395626"},"geometry":{"type":"LineString","coordinates":[[139.82915,35.7646],[139.82949,35.76886]]}},{"type":"Feature","properties":{"idx":491,"road":"環七南通り","cls":"tertiary","shops":1,"st_km":0.76,"mesh":"53395626"},"geometry":{"type":"LineString","coordinates":[[139.82949,35.76886],[139.82578,35.76875]]}},{"type":"Feature","properties":{"idx":933,"road":"環七南通り","cls":"tertiary","shops":2,"st_km":0.41,"mesh":"53395625"},"geometry":{"type":"LineString","coordinates":[[139.82353,35.76887],[139.82228,35.76909]]}},{"type":"Feature","properties":{"idx":300,"road":"川の手通り","cls":"primary","shops":2,"st_km":0.18,"mesh":"53395636"},"geometry":{"type":"LineString","coordinates":[[139.8303,35.77756],[139.83029,35.77749]]}},{"type":"Feature","properties":{"idx":224,"road":"環七通り","cls":"primary","shops":1,"st_km":0.18,"mesh":"53395636"},"geometry":{"type":"LineString","coordinates":[[139.83029,35.77749],[139.83013,35.7775]]}},{"type":"Feature","properties":{"idx":329,"road":"葛西用水桜通り","cls":"tertiary","shops":1,"st_km":1.67,"mesh":"53395657"},"geometry":{"type":"LineString","coordinates":[[139.8404,35.79375],[139.84064,35.7925]]}},{"type":"Feature","properties":{"idx":205,"road":NaN,"cls":"tertiary","shops":0,"st_km":1.78,"mesh":"53395657"},"geometry":{"type":"LineString","coordinates":[[139.83808,35.79193],[139.84048,35.79247]]}},{"type":"Feature","properties":{"idx":145,"road":NaN,"cls":"tertiary","shops":0,"st_km":1.65,"mesh":"53395647"},"geometry":{"type":"LineString","coordinates":[[139.84086,35.7906],[139.83868,35.79012]]}},{"type":"Feature","properties":{"idx":196,"road":NaN,"cls":"tertiary","shops":2,"st_km":0.37,"mesh":"53395636"},"geometry":{"type":"LineString","coordinates":[[139.83621,35.77706],[139.83622,35.77713]]}},{"type":"Feature","properties":{"idx":650,"road":"環七通り","cls":"primary","shops":2,"st_km":0.5,"mesh":"53395637"},"geometry":{"type":"LineString","coordinates":[[139.83899,35.77677],[139.83621,35.77706]]}},{"type":"Feature","properties":{"idx":649,"road":"環七通り","cls":"primary","shops":2,"st_km":0.5,"mesh":"53395637"},"geometry":{"type":"LineString","coordinates":[[139.83622,35.77713],[139.839,35.77684]]}},{"type":"Feature","properties":{"idx":440,"road":"綾瀬川通り","cls":"tertiary","shops":0,"st_km":0.47,"mesh":"53395625"},"geometry":{"type":"LineString","coordinates":[[139.8245,35.76872],[139.825,35.77093]]}},{"type":"Feature","properties":{"idx":323,"road":NaN,"cls":"tertiary","shops":0,"st_km":1.45,"mesh":"53395638"},"geometry":{"type":"LineString","coordinates":[[139.85155,35.77908],[139.85186,35.77929]]}},{"type":"Feature","properties":{"idx":381,"road":"王子金町市川線","cls":"primary","shops":0,"st_km":1.54,"mesh":"53395638"},"geometry":{"type":"LineString","coordinates":[[139.85296,35.77958],[139.85272,35.77992]]}},{"type":"Feature","properties":{"idx":314,"road":"葛西用水桜通り","cls":"tertiary","shops":1,"st_km":0.83,"mesh":"53395627"},"geometry":{"type":"LineString","coordinates":[[139.84342,35.77581],[139.84331,35.77546],[139.84219,35.77003]]}},{"type":"Feature","properties":{"idx":461,"road":"環七南通り","cls":"tertiary","shops":1,"st_km":0.42,"mesh":"53395627"},"geometry":{"type":"LineString","coordinates":[[139.8482,35.77031],[139.84498,35.77015]]}},{"type":"Feature","properties":{"idx":301,"road":"王子金町市川線","cls":"primary","shops":1,"st_km":1.05,"mesh":"53395637"},"geometry":{"type":"LineString","coordinates":[[139.84351,35.77599],[139.84373,35.77605]]}},{"type":"Feature","properties":{"idx":488,"road":"環七南通り","cls":"tertiary","shops":2,"st_km":0.66,"mesh":"53395627"},"geometry":{"type":"LineString","coordinates":[[139.84219,35.77003],[139.84116,35.76999]]}},{"type":"Feature","properties":{"idx":270,"road":"葛西用水桜通り","cls":"tertiary","shops":0,"st_km":0.55,"mesh":"53395627"},"geometry":{"type":"LineString","coordinates":[[139.84219,35.77003],[139.84141,35.76627]]}},{"type":"Feature","properties":{"idx":629,"road":NaN,"cls":"tertiary","shops":3,"st_km":0.62,"mesh":"53395627"},"geometry":{"type":"LineString","coordinates":[[139.84186,35.76848],[139.84178,35.76856],[139.84116,35.76999]]}},{"type":"Feature","properties":{"idx":317,"road":NaN,"cls":"tertiary","shops":1,"st_km":0.72,"mesh":"53395637"},"geometry":{"type":"LineString","coordinates":[[139.839,35.77684],[139.83919,35.77819],[139.83957,35.77918],[139.83949,35.78155]]}},{"type":"Feature","properties":{"idx":189,"road":NaN,"cls":"tertiary","shops":0,"st_km":1.64,"mesh":"53395655"},"geometry":{"type":"LineString","coordinates":[[139.817,35.79824],[139.81373,35.79847],[139.81238,35.79839]]}},{"type":"Feature","properties":{"idx":445,"road":"環七通り","cls":"primary","shops":2,"st_km":0.82,"mesh":"53395635"},"geometry":{"type":"LineString","coordinates":[[139.81625,35.77851],[139.81571,35.77855]]}},{"type":"Feature","properties":{"idx":366,"road":NaN,"cls":"tertiary","shops":2,"st_km":0.83,"mesh":"53395635"},"geometry":{"type":"LineString","coordinates":[[139.81569,35.77862],[139.81581,35.77975]]}},{"type":"Feature","properties":{"idx":442,"road":"環七通り","cls":"primary","shops":2,"st_km":0.83,"mesh":"53395635"},"geometry":{"type":"LineString","coordinates":[[139.81569,35.77862],[139.81624,35.77858]]}},{"type":"Feature","properties":{"idx":216,"road":"環七通り","cls":"primary_link","shops":1,"st_km":1.05,"mesh":"53395637"},"geometry":{"type":"LineString","coordinates":[[139.84382,35.77581],[139.8445,35.77533]]}},{"type":"Feature","properties":{"idx":390,"road":"王子金町市川線","cls":"primary","shops":2,"st_km":1.08,"mesh":"53395637"},"geometry":{"type":"LineString","coordinates":[[139.84373,35.77605],[139.84433,35.77622]]}},{"type":"Feature","properties":{"idx":296,"road":NaN,"cls":"tertiary","shops":0,"st_km":1.6,"mesh":"53395638"},"geometry":{"type":"LineString","coordinates":[[139.86046,35.78266],[139.8608,35.78035]]}},{"type":"Feature","properties":{"idx":121,"road":NaN,"cls":"tertiary","shops":0,"st_km":2.03,"mesh":"53395647"},"geometry":{"type":"LineString","coordinates":[[139.84881,35.78982],[139.85001,35.78995]]}},{"type":"Feature","properties":{"idx":317,"road":NaN,"cls":"tertiary","shops":0,"st_km":1.48,"mesh":"53395638"},"geometry":{"type":"LineString","coordinates":[[139.85186,35.77929],[139.8521,35.77946]]}},{"type":"Feature","properties":{"idx":127,"road":NaN,"cls":"tertiary","shops":0,"st_km":1.91,"mesh":"53395647"},"geometry":{"type":"LineString","coordinates":[[139.85001,35.78995],[139.84984,35.79098],[139.84943,35.79204]]}},{"type":"Feature","properties":{"idx":122,"road":NaN,"cls":"tertiary","shops":0,"st_km":2.0,"mesh":"53395647"},"geometry":{"type":"LineString","coordinates":[[139.84715,35.78999],[139.84881,35.78982]]}},{"type":"Feature","properties":{"idx":142,"road":NaN,"cls":"tertiary","shops":0,"st_km":0.52,"mesh":"53395629"},"geometry":{"type":"LineString","coordinates":[[139.86534,35.77162],[139.86423,35.76945]]}},{"type":"Feature","properties":{"idx":1106,"road":"理科大通り","cls":"tertiary","shops":10,"st_km":0.26,"mesh":"53395629"},"geometry":{"type":"LineString","coordinates":[[139.87049,35.76995],[139.86914,35.76982],[139.86858,35.76989],[139.86818,35.77008],[139.86702,35.77109],[139.86676,35.77127],[139.86534,35.77162]]}},{"type":"Feature","properties":{"idx":576,"road":"王子金町市川線","cls":"primary","shops":0,"st_km":2.39,"mesh":"53395648"},"geometry":{"type":"LineString","coordinates":[[139.85563,35.78591],[139.85796,35.78997]]}},{"type":"Feature","properties":{"idx":911,"road":"王子金町市川線","cls":"primary","shops":1,"st_km":2.22,"mesh":"53395648"},"geometry":{"type":"LineString","coordinates":[[139.85518,35.78512],[139.85563,35.78591]]}},{"type":"Feature","properties":{"idx":510,"road":NaN,"cls":"tertiary","shops":0,"st_km":2.1,"mesh":"53395648"},"geometry":{"type":"LineString","coordinates":[[139.85518,35.78512],[139.86003,35.78558]]}},{"type":"Feature","properties":{"idx":567,"road":NaN,"cls":"tertiary","shops":0,"st_km":1.86,"mesh":"53395648"},"geometry":{"type":"LineString","coordinates":[[139.86003,35.78558],[139.86046,35.78266]]}},{"type":"Feature","properties":{"idx":600,"road":"王子金町市川線","cls":"primary","shops":0,"st_km":2.23,"mesh":"53395648"},"geometry":{"type":"LineString","coordinates":[[139.85796,35.78997],[139.85936,35.79238]]}},{"type":"Feature","properties":{"idx":3643,"road":NaN,"cls":"tertiary","shops":30,"st_km":0.06,"mesh":"53395629"},"geometry":{"type":"LineString","coordinates":[[139.8708,35.76998],[139.87049,35.76995]]}},{"type":"Feature","properties":{"idx":770,"road":NaN,"cls":"tertiary","shops":1,"st_km":2.04,"mesh":"53395648"},"geometry":{"type":"LineString","coordinates":[[139.85073,35.78544],[139.85017,35.78926],[139.85001,35.78995]]}},{"type":"Feature","properties":{"idx":269,"road":NaN,"cls":"tertiary","shops":2,"st_km":1.31,"mesh":"53395639"},"geometry":{"type":"LineString","coordinates":[[139.8667,35.78093],[139.86679,35.78099]]}},{"type":"Feature","properties":{"idx":432,"road":"王子金町市川線","cls":"primary","shops":3,"st_km":1.27,"mesh":"53395639"},"geometry":{"type":"LineString","coordinates":[[139.86679,35.78099],[139.8672,35.78058],[139.86735,35.78034]]}},{"type":"Feature","properties":{"idx":434,"road":"王子金町市川線","cls":"primary","shops":3,"st_km":1.27,"mesh":"53395639"},"geometry":{"type":"LineString","coordinates":[[139.86735,35.78034],[139.8667,35.78093]]}},{"type":"Feature","properties":{"idx":2180,"road":NaN,"cls":"tertiary","shops":19,"st_km":0.14,"mesh":"53395629"},"geometry":{"type":"LineString","coordinates":[[139.8728,35.77016],[139.8708,35.76998]]}},{"type":"Feature","properties":{"idx":264,"road":"松戸草加線","cls":"primary","shops":0,"st_km":1.39,"mesh":"53395668"},"geometry":{"type":"LineString","coordinates":[[139.85961,35.80092],[139.85872,35.80098],[139.85708,35.80101],[139.85666,35.80091],[139.85598,35.80064]]}},{"type":"Feature","properties":{"idx":611,"road":NaN,"cls":"tertiary","shops":2,"st_km":0.42,"mesh":"53395627"},"geometry":{"type":"LineString","coordinates":[[139.8482,35.77031],[139.84831,35.77033]]}},{"type":"Feature","properties":{"idx":1008,"road":"環七通り","cls":"primary","shops":3,"st_km":0.37,"mesh":"53395627"},"geometry":{"type":"LineString","coordinates":[[139.84872,35.76925],[139.8482,35.77031]]}},{"type":"Feature","properties":{"idx":162,"road":"葛西用水桜通り","cls":"tertiary","shops":0,"st_km":1.03,"mesh":"53395637"},"geometry":{"type":"LineString","coordinates":[[139.84287,35.78066],[139.8433,35.77817]]}},{"type":"Feature","properties":{"idx":337,"road":"蒲原通り","cls":"tertiary","shops":1,"st_km":0.75,"mesh":"53395627"},"geometry":{"type":"LineString","coordinates":[[139.84116,35.76999],[139.84066,35.77112]]}},{"type":"Feature","properties":{"idx":464,"road":"綾瀬川通り","cls":"tertiary","shops":0,"st_km":0.57,"mesh":"53395625"},"geometry":{"type":"LineString","coordinates":[[139.82399,35.76603],[139.8245,35.76872]]}},{"type":"Feature","properties":{"idx":202,"road":"蒲原通り","cls":"tertiary","shops":0,"st_km":0.87,"mesh":"53395627"},"geometry":{"type":"LineString","coordinates":[[139.84066,35.77112],[139.84012,35.77235]]}},{"type":"Feature","properties":{"idx":381,"road":NaN,"cls":"tertiary","shops":0,"st_km":0.64,"mesh":"53395626"},"geometry":{"type":"LineString","coordinates":[[139.83564,35.77146],[139.83559,35.77229]]}},{"type":"Feature","properties":{"idx":179,"road":NaN,"cls":"tertiary","shops":0,"st_km":1.03,"mesh":"53395616"},"geometry":{"type":"LineString","coordinates":[[139.83556,35.76447],[139.83564,35.76643]]}},{"type":"Feature","properties":{"idx":225,"road":"環七南通り","cls":"tertiary","shops":0,"st_km":0.75,"mesh":"53395627"},"geometry":{"type":"LineString","coordinates":[[139.84116,35.76999],[139.83978,35.76992]]}},{"type":"Feature","properties":{"idx":235,"road":"葛西用水桜通り","cls":"tertiary","shops":1,"st_km":1.08,"mesh":"53395637"},"geometry":{"type":"LineString","coordinates":[[139.84271,35.78159],[139.84287,35.78066]]}},{"type":"Feature","properties":{"idx":139,"road":NaN,"cls":"tertiary","shops":0,"st_km":1.24,"mesh":"53395637"},"geometry":{"type":"LineString","coordinates":[[139.84447,35.78194],[139.84472,35.78085]]}},{"type":"Feature","properties":{"idx":162,"road":"葛西用水桜通り","cls":"tertiary","shops":0,"st_km":1.03,"mesh":"53395637"},"geometry":{"type":"LineString","coordinates":[[139.8433,35.77817],[139.84373,35.77605]]}},{"type":"Feature","properties":{"idx":137,"road":NaN,"cls":"tertiary","shops":0,"st_km":1.26,"mesh":"53395637"},"geometry":{"type":"LineString","coordinates":[[139.84421,35.78275],[139.84447,35.78194]]}},{"type":"Feature","properties":{"idx":273,"road":"王子金町市川線","cls":"primary","shops":1,"st_km":1.21,"mesh":"53395637"},"geometry":{"type":"LineString","coordinates":[[139.848,35.77726],[139.84893,35.77756]]}},{"type":"Feature","properties":{"idx":274,"road":"王子金町市川線","cls":"primary","shops":1,"st_km":1.2,"mesh":"53395637"},"geometry":{"type":"LineString","coordinates":[[139.84896,35.7775],[139.84805,35.77722]]}},{"type":"Feature","properties":{"idx":211,"road":"蒲原通り","cls":"tertiary","shops":0,"st_km":0.78,"mesh":"53395627"},"geometry":{"type":"LineString","coordinates":[[139.84012,35.77235],[139.83978,35.77313],[139.83929,35.77456]]}},{"type":"Feature","properties":{"idx":400,"road":NaN,"cls":"tertiary","shops":0,"st_km":0.59,"mesh":"53395626"},"geometry":{"type":"LineString","coordinates":[[139.83556,35.77316],[139.83608,35.7734],[139.83929,35.77456]]}},{"type":"Feature","properties":{"idx":822,"road":"上笹塚谷口線","cls":"secondary","shops":1,"st_km":0.47,"mesh":"53395699"},"geometry":{"type":"LineString","coordinates":[[139.87505,35.82775],[139.87492,35.82767]]}},{"type":"Feature","properties":{"idx":247,"road":"葛飾吉川松伏線","cls":"primary","shops":0,"st_km":0.94,"mesh":"53395689"},"geometry":{"type":"LineString","coordinates":[[139.86672,35.82302],[139.8678,35.82224],[139.8683,35.82174],[139.86901,35.82082],[139.86948,35.81988],[139.86973,35.81911],[139.86979,35.81881],[139.8698,35.81801]]}},{"type":"Feature","properties":{"idx":339,"road":NaN,"cls":"tertiary","shops":0,"st_km":0.87,"mesh":"53395699"},"geometry":{"type":"LineString","coordinates":[[139.87514,35.83231],[139.87444,35.83156],[139.87394,35.83119]]}},{"type":"Feature","properties":{"idx":342,"road":NaN,"cls":"tertiary","shops":0,"st_km":0.86,"mesh":"53395699"},"geometry":{"type":"LineString","coordinates":[[139.87362,35.83104],[139.87322,35.83091],[139.8723,35.83072]]}},{"type":"Feature","properties":{"idx":301,"road":NaN,"cls":"tertiary","shops":0,"st_km":1.01,"mesh":"53395699"},"geometry":{"type":"LineString","coordinates":[[139.8723,35.83072],[139.86705,35.8298]]}},{"type":"Feature","properties":{"idx":203,"road":NaN,"cls":"tertiary","shops":0,"st_km":1.59,"mesh":"53395699"},"geometry":{"type":"LineString","coordinates":[[139.86346,35.8323],[139.864,35.83273]]}},{"type":"Feature","properties":{"idx":186,"road":NaN,"cls":"tertiary","shops":0,"st_km":2.08,"mesh":"53395698"},"geometry":{"type":"LineString","coordinates":[[139.85655,35.8329],[139.85851,35.8319]]}},{"type":"Feature","properties":{"idx":194,"road":"葛飾吉川松伏線","cls":"primary","shops":0,"st_km":1.26,"mesh":"53395689"},"geometry":{"type":"LineString","coordinates":[[139.86194,35.82414],[139.86312,35.82413],[139.86435,35.82397],[139.86556,35.82362],[139.86672,35.82302]]}},{"type":"Feature","properties":{"idx":312,"road":"東京女子医大通り","cls":"tertiary","shops":0,"st_km":0.47,"mesh":"53395621"},"geometry":{"type":"LineString","coordinates":[[139.7657,35.77274],[139.76599,35.77052]]}},{"type":"Feature","properties":{"idx":487,"road":"東京女子医大通り","cls":"tertiary","shops":1,"st_km":0.43,"mesh":"53395621"},"geometry":{"type":"LineString","coordinates":[[139.76566,35.77308],[139.7657,35.77274]]}},{"type":"Feature","properties":{"idx":205,"road":"環七通り","cls":"primary","shops":1,"st_km":0.47,"mesh":"53395631"},"geometry":{"type":"LineString","coordinates":[[139.76514,35.77833],[139.7675,35.77829]]}},{"type":"Feature","properties":{"idx":136,"road":"環七通り","cls":"primary","shops":0,"st_km":0.47,"mesh":"53395631"},"geometry":{"type":"LineString","coordinates":[[139.76752,35.77822],[139.76514,35.77822]]}},{"type":"Feature","properties":{"idx":264,"road":"東京女子医大通り","cls":"tertiary","shops":3,"st_km":0.5,"mesh":"53395631"},"geometry":{"type":"LineString","coordinates":[[139.76494,35.77833],[139.76502,35.78015],[139.76512,35.78054]]}},{"type":"Feature","properties":{"idx":96,"road":"東京女子医大通り","cls":"tertiary","shops":0,"st_km":0.6,"mesh":"53395631"},"geometry":{"type":"LineString","coordinates":[[139.76514,35.77822],[139.76527,35.77684],[139.76527,35.77626]]}},{"type":"Feature","properties":{"idx":199,"road":"東京女子医大通り","cls":"tertiary","shops":2,"st_km":0.57,"mesh":"53395631"},"geometry":{"type":"LineString","coordinates":[[139.76494,35.77822],[139.76494,35.77833]]}},{"type":"Feature","properties":{"idx":201,"road":"東京女子医大通り","cls":"tertiary","shops":2,"st_km":0.55,"mesh":"53395631"},"geometry":{"type":"LineString","coordinates":[[139.76514,35.77833],[139.76514,35.77822]]}},{"type":"Feature","properties":{"idx":249,"road":"環七通り","cls":"primary","shops":2,"st_km":0.56,"mesh":"53395631"},"geometry":{"type":"LineString","coordinates":[[139.76514,35.77822],[139.76494,35.77822]]}},{"type":"Feature","properties":{"idx":251,"road":"環七通り","cls":"primary","shops":2,"st_km":0.56,"mesh":"53395631"},"geometry":{"type":"LineString","coordinates":[[139.76494,35.77833],[139.76514,35.77833]]}},{"type":"Feature","properties":{"idx":703,"road":NaN,"cls":"tertiary","shops":9,"st_km":0.15,"mesh":"53395633"},"geometry":{"type":"LineString","coordinates":[[139.78963,35.77614],[139.78945,35.77613]]}},{"type":"Feature","properties":{"idx":237,"road":"環七通り","cls":"primary","shops":1,"st_km":0.32,"mesh":"53395631"},"geometry":{"type":"LineString","coordinates":[[139.76908,35.77833],[139.77025,35.77832]]}},{"type":"Feature","properties":{"idx":503,"road":"東京川口線","cls":"secondary","shops":3,"st_km":1.68,"mesh":"53395630"},"geometry":{"type":"LineString","coordinates":[[139.75101,35.77867],[139.75106,35.77858]]}},{"type":"Feature","properties":{"idx":404,"road":"東京川口線","cls":"secondary","shops":2,"st_km":1.67,"mesh":"53395630"},"geometry":{"type":"LineString","coordinates":[[139.75094,35.77859],[139.75101,35.77867]]}},{"type":"Feature","properties":{"idx":87,"road":NaN,"cls":"primary_link","shops":0,"st_km":0.55,"mesh":"53395611"},"geometry":{"type":"LineString","coordinates":[[139.76619,35.76505],[139.76583,35.765],[139.76482,35.76504],[139.76449,35.765],[139.76416,35.76489],[139.76359,35.76463]]}},{"type":"Feature","properties":{"idx":528,"road":"五色桜通り","cls":"tertiary","shops":1,"st_km":0.33,"mesh":"53395641"},"geometry":{"type":"LineString","coordinates":[[139.76433,35.79054],[139.76999,35.79023]]}},{"type":"Feature","properties":{"idx":46,"road":"舎人公園通り","cls":"tertiary","shops":0,"st_km":0.51,"mesh":"53395651"},"geometry":{"type":"LineString","coordinates":[[139.76348,35.79612],[139.76564,35.79611]]}},{"type":"Feature","properties":{"idx":123,"road":NaN,"cls":"tertiary","shops":0,"st_km":1.71,"mesh":"53395650"},"geometry":{"type":"LineString","coordinates":[[139.75042,35.79071],[139.75281,35.79296]]}},{"type":"Feature","properties":{"idx":153,"road":"東京川口線","cls":"secondary","shops":0,"st_km":1.79,"mesh":"53395640"},"geometry":{"type":"LineString","coordinates":[[139.75053,35.79055],[139.75042,35.79071]]}},{"type":"Feature","properties":{"idx":295,"road":"東京川口線","cls":"secondary","shops":1,"st_km":1.71,"mesh":"53395630"},"geometry":{"type":"LineString","coordinates":[[139.75135,35.78393],[139.75115,35.78096]]}},{"type":"Feature","properties":{"idx":206,"road":"環七北通り","cls":"tertiary","shops":1,"st_km":1.77,"mesh":"53395640"},"geometry":{"type":"LineString","coordinates":[[139.75006,35.78412],[139.75135,35.78393]]}},{"type":"Feature","properties":{"idx":164,"road":"東京川口線","cls":"secondary","shops":0,"st_km":1.64,"mesh":"53395640"},"geometry":{"type":"LineString","coordinates":[[139.75219,35.78723],[139.75194,35.78617]]}},{"type":"Feature","properties":{"idx":424,"road":"ミルディス通り","cls":"tertiary","shops":4,"st_km":0.25,"mesh":"53395604"},"geometry":{"type":"LineString","coordinates":[[139.80446,35.75157],[139.80476,35.75239]]}},{"type":"Feature","properties":{"idx":87,"road":"新荒川堤防線","cls":"secondary","shops":0,"st_km":0.86,"mesh":"53395604"},"geometry":{"type":"LineString","coordinates":[[139.80194,35.75708],[139.80197,35.75708]]}},{"type":"Feature","properties":{"idx":78,"road":NaN,"cls":"tertiary","shops":0,"st_km":0.86,"mesh":"53395604"},"geometry":{"type":"LineString","coordinates":[[139.80189,35.75694],[139.80194,35.75708]]}},{"type":"Feature","properties":{"idx":88,"road":"新荒川堤防線","cls":"secondary","shops":0,"st_km":0.85,"mesh":"53395604"},"geometry":{"type":"LineString","coordinates":[[139.80215,35.75705],[139.80227,35.75703]]}},{"type":"Feature","properties":{"idx":119,"road":NaN,"cls":"tertiary","shops":1,"st_km":0.83,"mesh":"53395604"},"geometry":{"type":"LineString","coordinates":[[139.80227,35.75692],[139.80224,35.75686]]}},{"type":"Feature","properties":{"idx":118,"road":NaN,"cls":"tertiary","shops":1,"st_km":0.84,"mesh":"53395604"},"geometry":{"type":"LineString","coordinates":[[139.80247,35.75697],[139.80227,35.75692]]}},{"type":"Feature","properties":{"idx":1079,"road":"ミルディス通り","cls":"tertiary","shops":12,"st_km":0.17,"mesh":"53395604"},"geometry":{"type":"LineString","coordinates":[[139.8041,35.75075],[139.80415,35.75086]]}},{"type":"Feature","properties":{"idx":1006,"road":"ミルディス通り","cls":"tertiary","shops":11,"st_km":0.16,"mesh":"53395604"},"geometry":{"type":"LineString","coordinates":[[139.80406,35.75064],[139.8041,35.75075]]}},{"type":"Feature","properties":{"idx":453,"road":"ミルディス通り","cls":"tertiary","shops":4,"st_km":0.18,"mesh":"53395604"},"geometry":{"type":"LineString","coordinates":[[139.80415,35.75086],[139.80446,35.75157]]}},{"type":"Feature","properties":{"idx":228,"road":"尾竹橋通り","cls":"secondary","shops":1,"st_km":1.61,"mesh":"53395603"},"geometry":{"type":"LineString","coordinates":[[139.78981,35.75651],[139.78978,35.75661]]}},{"type":"Feature","properties":{"idx":114,"road":"王子金町市川線","cls":"primary","shops":0,"st_km":0.65,"mesh":"53395611"},"geometry":{"type":"LineString","coordinates":[[139.76361,35.7648],[139.76369,35.76467]]}},{"type":"Feature","properties":{"idx":503,"road":"東京川口線","cls":"secondary","shops":2,"st_km":0.8,"mesh":"53395620"},"geometry":{"type":"LineString","coordinates":[[139.76177,35.76898],[139.76199,35.76852]]}},{"type":"Feature","properties":{"idx":221,"road":"東京川口線","cls":"secondary","shops":0,"st_km":0.96,"mesh":"53395620"},"geometry":{"type":"LineString","coordinates":[[139.7619,35.76849],[139.76139,35.76938],[139.76053,35.77048],[139.75982,35.77108],[139.75834,35.77203]]}},{"type":"Feature","properties":{"idx":79,"road":NaN,"cls":"primary_link","shops":0,"st_km":0.66,"mesh":"53395611"},"geometry":{"type":"LineString","coordinates":[[139.76352,35.76476],[139.76361,35.7648]]}},{"type":"Feature","properties":{"idx":98,"road":"新荒川葛西堤防線","cls":"secondary","shops":0,"st_km":0.7,"mesh":"53395611"},"geometry":{"type":"LineString","coordinates":[[139.76359,35.76463],[139.76291,35.76614]]}},{"type":"Feature","properties":{"idx":137,"road":"江北橋通り","cls":"primary","shops":0,"st_km":0.46,"mesh":"53395611"},"geometry":{"type":"LineString","coordinates":[[139.7657,35.76507],[139.76619,35.76505]]}},{"type":"Feature","properties":{"idx":222,"road":"五色桜通り","cls":"tertiary","shops":0,"st_km":1.31,"mesh":"53395630"},"geometry":{"type":"LineString","coordinates":[[139.75675,35.77538],[139.75607,35.77847]]}},{"type":"Feature","properties":{"idx":216,"road":"環七北通り","cls":"tertiary","shops":3,"st_km":0.49,"mesh":"53395636"},"geometry":{"type":"LineString","coordinates":[[139.82598,35.78232],[139.8266,35.78222]]}},{"type":"Feature","properties":{"idx":137,"road":"環七北通り","cls":"tertiary","shops":1,"st_km":0.44,"mesh":"53395636"},"geometry":{"type":"LineString","coordinates":[[139.82598,35.78232],[139.82535,35.78242]]}},{"type":"Feature","properties":{"idx":209,"road":NaN,"cls":"tertiary","shops":0,"st_km":0.87,"mesh":"53395650"},"geometry":{"type":"LineString","coordinates":[[139.76081,35.79612],[139.76026,35.7963]]}},{"type":"Feature","properties":{"idx":207,"road":NaN,"cls":"pedestrian","shops":0,"st_km":0.73,"mesh":"53395674"},"geometry":{"type":"LineString","coordinates":[[139.80474,35.80899],[139.80473,35.80876]]}},{"type":"Feature","properties":{"idx":204,"road":NaN,"cls":"pedestrian","shops":0,"st_km":0.74,"mesh":"53395674"},"geometry":{"type":"LineString","coordinates":[[139.80473,35.80876],[139.80473,35.80872]]}},{"type":"Feature","properties":{"idx":209,"road":NaN,"cls":"pedestrian","shops":0,"st_km":0.71,"mesh":"53395674"},"geometry":{"type":"LineString","coordinates":[[139.80474,35.80901],[139.80474,35.80899]]}},{"type":"Feature","properties":{"idx":85,"road":"新荒川堤防線","cls":"secondary","shops":0,"st_km":0.77,"mesh":"53395601"},"geometry":{"type":"LineString","coordinates":[[139.76182,35.75845],[139.76246,35.75835],[139.76318,35.75786],[139.76367,35.75761]]}},{"type":"Feature","properties":{"idx":287,"road":"新荒川堤防線","cls":"secondary","shops":0,"st_km":0.45,"mesh":"53395602"},"geometry":{"type":"LineString","coordinates":[[139.77619,35.75478],[139.77426,35.75486]]}},{"type":"Feature","properties":{"idx":260,"road":"新荒川堤防線","cls":"secondary","shops":0,"st_km":0.56,"mesh":"53395602"},"geometry":{"type":"LineString","coordinates":[[139.7766,35.75478],[139.77619,35.75478]]}},{"type":"Feature","properties":{"idx":725,"road":"草加神社通り","cls":"tertiary","shops":0,"st_km":0.56,"mesh":"53395693"},"geometry":{"type":"LineString","coordinates":[[139.79921,35.82668],[139.79696,35.82683],[139.79659,35.82682],[139.79591,35.82667]]}},{"type":"Feature","properties":{"idx":212,"road":"毛長橋通り","cls":"tertiary","shops":0,"st_km":1.16,"mesh":"53395662"},"geometry":{"type":"LineString","coordinates":[[139.78243,35.80884],[139.78255,35.80857],[139.78308,35.8067]]}},{"type":"Feature","properties":{"idx":698,"road":"谷塚中央通り","cls":"tertiary","shops":0,"st_km":0.32,"mesh":"53395673"},"geometry":{"type":"LineString","coordinates":[[139.79822,35.81707],[139.79802,35.81553],[139.79801,35.8144]]}},{"type":"Feature","properties":{"idx":2473,"road":NaN,"cls":"tertiary","shops":16,"st_km":0.11,"mesh":"53395674"},"geometry":{"type":"LineString","coordinates":[[139.80129,35.81375],[139.80138,35.81395]]}},{"type":"Feature","properties":{"idx":820,"road":"日光街道","cls":"primary","shops":4,"st_km":0.39,"mesh":"53395694"},"geometry":{"type":"LineString","coordinates":[[139.80715,35.82635],[139.80728,35.82703]]}},{"type":"Feature","properties":{"idx":674,"road":NaN,"cls":"tertiary","shops":0,"st_km":0.64,"mesh":"53395693"},"geometry":{"type":"LineString","coordinates":[[139.79765,35.83249],[139.79971,35.83282]]}},{"type":"Feature","properties":{"idx":921,"road":NaN,"cls":"tertiary","shops":1,"st_km":0.74,"mesh":"53395693"},"geometry":{"type":"LineString","coordinates":[[139.7963,35.83255],[139.79695,35.83249],[139.79765,35.83249]]}},{"type":"Feature","properties":{"idx":210,"road":"葛西用水桜通り","cls":"tertiary","shops":1,"st_km":1.71,"mesh":"53395647"},"geometry":{"type":"LineString","coordinates":[[139.84064,35.7925],[139.84145,35.78841]]}},{"type":"Feature","properties":{"idx":318,"road":"六六通り","cls":"tertiary","shops":0,"st_km":1.47,"mesh":"53395646"},"geometry":{"type":"LineString","coordinates":[[139.83542,35.79006],[139.83596,35.7901],[139.83649,35.79003],[139.83817,35.78938]]}},{"type":"Feature","properties":{"idx":154,"road":NaN,"cls":"tertiary","shops":0,"st_km":1.54,"mesh":"53395647"},"geometry":{"type":"LineString","coordinates":[[139.83868,35.79012],[139.83817,35.78938]]}},{"type":"Feature","properties":{"idx":484,"road":NaN,"cls":"tertiary","shops":5,"st_km":0.13,"mesh":"53395667"},"geometry":{"type":"LineString","coordinates":[[139.84344,35.80734],[139.84318,35.80759]]}},{"type":"Feature","properties":{"idx":616,"road":NaN,"cls":"tertiary","shops":0,"st_km":0.71,"mesh":"53395684"},"geometry":{"type":"LineString","coordinates":[[139.80256,35.82118],[139.80289,35.82115]]}},{"type":"Feature","properties":{"idx":273,"road":NaN,"cls":"tertiary","shops":0,"st_km":0.83,"mesh":"53395609"},"geometry":{"type":"LineString","coordinates":[[139.86177,35.76155],[139.86364,35.75378]]}},{"type":"Feature","properties":{"idx":593,"road":NaN,"cls":"pedestrian","shops":4,"st_km":0.1,"mesh":"53395667"},"geometry":{"type":"LineString","coordinates":[[139.84364,35.80697],[139.84424,35.80739]]}},{"type":"Feature","properties":{"idx":725,"road":"江北橋通り","cls":"secondary","shops":0,"st_km":1.35,"mesh":"53395612"},"geometry":{"type":"LineString","coordinates":[[139.78692,35.76396],[139.78459,35.764]]}},{"type":"Feature","properties":{"idx":170,"road":"松戸草加線","cls":"primary","shops":0,"st_km":1.8,"mesh":"53395685"},"geometry":{"type":"LineString","coordinates":[[139.81988,35.81872],[139.82067,35.81885],[139.82124,35.81889],[139.82154,35.81907]]}},{"type":"Feature","properties":{"idx":166,"road":"松戸草加線","cls":"primary","shops":0,"st_km":1.84,"mesh":"53395685"},"geometry":{"type":"LineString","coordinates":[[139.82067,35.81885],[139.8207,35.81871],[139.82156,35.81875],[139.82192,35.81862]]}},{"type":"Feature","properties":{"idx":156,"road":"松戸草加線","cls":"primary","shops":0,"st_km":1.97,"mesh":"53395685"},"geometry":{"type":"LineString","coordinates":[[139.82215,35.81938],[139.82235,35.81937],[139.82288,35.81905],[139.82321,35.81901]]}},{"type":"Feature","properties":{"idx":161,"road":"松戸草加線","cls":"primary","shops":0,"st_km":1.9,"mesh":"53395685"},"geometry":{"type":"LineString","coordinates":[[139.82154,35.81907],[139.82176,35.81927],[139.82215,35.81938]]}},{"type":"Feature","properties":{"idx":86,"road":NaN,"cls":"pedestrian","shops":0,"st_km":0.2,"mesh":"53395651"},"geometry":{"type":"LineString","coordinates":[[139.76903,35.79959],[139.76902,35.79768],[139.76897,35.79757],[139.76894,35.79702],[139.76885,35.79688]]}},{"type":"Feature","properties":{"idx":99,"road":NaN,"cls":"pedestrian","shops":0,"st_km":0.06,"mesh":"53395651"},"geometry":{"type":"LineString","coordinates":[[139.76988,35.79649],[139.76926,35.7969],[139.76894,35.79702]]}},{"type":"Feature","properties":{"idx":1239,"road":NaN,"cls":"tertiary","shops":1,"st_km":0.22,"mesh":"53395623"},"geometry":{"type":"LineString","coordinates":[[139.79663,35.77085],[139.79632,35.77091]]}},{"type":"Feature","properties":{"idx":259,"road":NaN,"cls":"tertiary","shops":0,"st_km":1.15,"mesh":"53395655"},"geometry":{"type":"LineString","coordinates":[[139.81332,35.79269],[139.81381,35.79272]]}},{"type":"Feature","properties":{"idx":410,"road":NaN,"cls":"tertiary","shops":0,"st_km":1.25,"mesh":"53395654"},"geometry":{"type":"LineString","coordinates":[[139.8103,35.7925],[139.81332,35.79269]]}},{"type":"Feature","properties":{"idx":421,"road":"舎人公園通り","cls":"tertiary","shops":0,"st_km":1.25,"mesh":"53395654"},"geometry":{"type":"LineString","coordinates":[[139.80224,35.79476],[139.8069,35.79484]]}},{"type":"Feature","properties":{"idx":394,"road":NaN,"cls":"tertiary","shops":0,"st_km":1.35,"mesh":"53395654"},"geometry":{"type":"LineString","coordinates":[[139.80556,35.79482],[139.80564,35.79382],[139.80558,35.79346],[139.80534,35.79311],[139.80482,35.79255]]}},{"type":"Feature","properties":{"idx":1179,"road":"六六通り","cls":"tertiary","shops":3,"st_km":1.36,"mesh":"53395644"},"geometry":{"type":"LineString","coordinates":[[139.81055,35.78962],[139.8054,35.78944]]}},{"type":"Feature","properties":{"idx":682,"road":NaN,"cls":"tertiary","shops":1,"st_km":1.45,"mesh":"53395644"},"geometry":{"type":"LineString","coordinates":[[139.8054,35.78944],[139.80543,35.78886]]}},{"type":"Feature","properties":{"idx":862,"road":NaN,"cls":"tertiary","shops":2,"st_km":1.22,"mesh":"53395654"},"geometry":{"type":"LineString","coordinates":[[139.80326,35.79279],[139.80421,35.79279],[139.80449,35.79273],[139.80482,35.79255]]}},{"type":"Feature","properties":{"idx":556,"road":NaN,"cls":"tertiary","shops":2,"st_km":0.54,"mesh":"53395616"},"geometry":{"type":"LineString","coordinates":[[139.82914,35.76287],[139.82987,35.76311],[139.83062,35.76348],[139.83151,35.76406],[139.83197,35.76452]]}},{"type":"Feature","properties":{"idx":78,"road":NaN,"cls":"pedestrian","shops":0,"st_km":0.31,"mesh":"53395651"},"geometry":{"type":"LineString","coordinates":[[139.7694,35.79392],[139.76814,35.79452],[139.76777,35.79473],[139.7672,35.79514],[139.76663,35.79528],[139.76607,35.79557],[139.76573,35.79577],[139.76573,35.79598]]}},{"type":"Feature","properties":{"idx":73,"road":NaN,"cls":"pedestrian","shops":0,"st_km":0.36,"mesh":"53395651"},"geometry":{"type":"LineString","coordinates":[[139.76653,35.79532],[139.76649,35.79528]]}},{"type":"Feature","properties":{"idx":77,"road":NaN,"cls":"pedestrian","shops":0,"st_km":0.31,"mesh":"53395651"},"geometry":{"type":"LineString","coordinates":[[139.76777,35.79473],[139.7677,35.79465]]}},{"type":"Feature","properties":{"idx":78,"road":NaN,"cls":"pedestrian","shops":0,"st_km":0.3,"mesh":"53395651"},"geometry":{"type":"LineString","coordinates":[[139.76857,35.79434],[139.76846,35.79419]]}},{"type":"Feature","properties":{"idx":85,"road":NaN,"cls":"pedestrian","shops":0,"st_km":0.21,"mesh":"53395651"},"geometry":{"type":"LineString","coordinates":[[139.76917,35.79549],[139.76792,35.79566],[139.76745,35.7958],[139.76704,35.79582]]}},{"type":"Feature","properties":{"idx":79,"road":NaN,"cls":"pedestrian","shops":0,"st_km":0.29,"mesh":"53395651"},"geometry":{"type":"LineString","coordinates":[[139.76712,35.79581],[139.76712,35.79591]]}},{"type":"Feature","properties":{"idx":83,"road":NaN,"cls":"pedestrian","shops":0,"st_km":0.23,"mesh":"53395651"},"geometry":{"type":"LineString","coordinates":[[139.76952,35.79532],[139.76951,35.79515],[139.7694,35.79496],[139.76915,35.79422],[139.769,35.79411]]}},{"type":"Feature","properties":{"idx":375,"road":"王子金町市川線","cls":"primary","shops":4,"st_km":1.42,"mesh":"53395610"},"geometry":{"type":"LineString","coordinates":[[139.75252,35.76371],[139.75274,35.76363]]}},{"type":"Feature","properties":{"idx":320,"road":NaN,"cls":"tertiary","shops":2,"st_km":1.19,"mesh":"53395618"},"geometry":{"type":"LineString","coordinates":[[139.85993,35.75967],[139.85949,35.76111],[139.85931,35.7615],[139.8593,35.76173],[139.8594,35.76188],[139.85988,35.76236],[139.8605,35.76332],[139.86109,35.76399]]}},{"type":"Feature","properties":{"idx":340,"road":NaN,"cls":"tertiary","shops":3,"st_km":1.22,"mesh":"53395663"},"geometry":{"type":"LineString","coordinates":[[139.79791,35.80438],[139.79773,35.80407]]}},{"type":"Feature","properties":{"idx":255,"road":NaN,"cls":"tertiary","shops":1,"st_km":0.97,"mesh":"53395663"},"geometry":{"type":"LineString","coordinates":[[139.7975,35.80176],[139.7976,35.80095],[139.79763,35.8003]]}},{"type":"Feature","properties":{"idx":260,"road":NaN,"cls":"tertiary","shops":1,"st_km":1.05,"mesh":"53395613"},"geometry":{"type":"LineString","coordinates":[[139.79888,35.76211],[139.79889,35.76235]]}},{"type":"Feature","properties":{"idx":1920,"road":"日光街道","cls":"primary","shops":2,"st_km":0.51,"mesh":"53395684"},"geometry":{"type":"LineString","coordinates":[[139.80631,35.82308],[139.8068,35.82459],[139.80715,35.82635]]}},{"type":"Feature","properties":{"idx":1830,"road":"日光街道","cls":"primary","shops":2,"st_km":0.52,"mesh":"53395684"},"geometry":{"type":"LineString","coordinates":[[139.80462,35.81799],[139.80508,35.81937]]}},{"type":"Feature","properties":{"idx":271,"road":"舎人公園通り","cls":"secondary","shops":0,"st_km":0.89,"mesh":"53395656"},"geometry":{"type":"LineString","coordinates":[[139.82536,35.79186],[139.82581,35.79174],[139.82621,35.79174],[139.8277,35.7921]]}},{"type":"Feature","properties":{"idx":304,"road":"平方東京線（区道）","cls":"secondary","shops":1,"st_km":0.39,"mesh":"53395645"},"geometry":{"type":"LineString","coordinates":[[139.82216,35.78895],[139.82214,35.78766]]}},{"type":"Feature","properties":{"idx":124,"road":"大鷲通り","cls":"tertiary","shops":0,"st_km":1.6,"mesh":"53395675"},"geometry":{"type":"LineString","coordinates":[[139.81765,35.80825],[139.81766,35.80968]]}},{"type":"Feature","properties":{"idx":224,"road":"新荒川堤防線","cls":"secondary","shops":0,"st_km":0.73,"mesh":"53395602"},"geometry":{"type":"LineString","coordinates":[[139.77988,35.75494],[139.77934,35.75487],[139.7766,35.75478]]}},{"type":"Feature","properties":{"idx":230,"road":"新荒川堤防線","cls":"secondary","shops":1,"st_km":1.6,"mesh":"53395603"},"geometry":{"type":"LineString","coordinates":[[139.78989,35.75653],[139.78999,35.75655]]}},{"type":"Feature","properties":{"idx":229,"road":"新荒川堤防線","cls":"secondary","shops":1,"st_km":1.6,"mesh":"53395603"},"geometry":{"type":"LineString","coordinates":[[139.78981,35.75651],[139.78989,35.75653]]}},{"type":"Feature","properties":{"idx":134,"road":"ミルディス通り","cls":"tertiary","shops":0,"st_km":0.3,"mesh":"53395604"},"geometry":{"type":"LineString","coordinates":[[139.80587,35.75281],[139.80572,35.75265],[139.80558,35.75236]]}},{"type":"Feature","properties":{"idx":501,"road":"都電通り","cls":"primary","shops":0,"st_km":0.16,"mesh":"53395600"},"geometry":{"type":"LineString","coordinates":[[139.7579,35.75076],[139.76204,35.75059]]}},{"type":"Feature","properties":{"idx":269,"road":NaN,"cls":"tertiary","shops":2,"st_km":0.97,"mesh":"53395610"},"geometry":{"type":"LineString","coordinates":[[139.75873,35.75922],[139.75788,35.75944]]}},{"type":"Feature","properties":{"idx":232,"road":NaN,"cls":"tertiary","shops":0,"st_km":0.74,"mesh":"53395600"},"geometry":{"type":"LineString","coordinates":[[139.75175,35.758],[139.75692,35.75688]]}},{"type":"Feature","properties":{"idx":648,"road":"環七南通り","cls":"tertiary","shops":1,"st_km":0.49,"mesh":"53395625"},"geometry":{"type":"LineString","coordinates":[[139.8245,35.76872],[139.82353,35.76887]]}},{"type":"Feature","properties":{"idx":86,"road":NaN,"cls":"tertiary","shops":0,"st_km":0.46,"mesh":"53395615"},"geometry":{"type":"LineString","coordinates":[[139.82028,35.75991],[139.82019,35.76081],[139.82028,35.76142]]}},{"type":"Feature","properties":{"idx":82,"road":NaN,"cls":"primary_link","shops":0,"st_km":0.82,"mesh":"53395605"},"geometry":{"type":"LineString","coordinates":[[139.81998,35.75441],[139.82015,35.75453],[139.82015,35.75458]]}},{"type":"Feature","properties":{"idx":260,"road":"上笹塚谷口線","cls":"secondary","shops":0,"st_km":0.76,"mesh":"53395689"},"geometry":{"type":"LineString","coordinates":[[139.87073,35.82531],[139.86932,35.82451]]}},{"type":"Feature","properties":{"idx":448,"road":"上笹塚谷口線","cls":"secondary","shops":0,"st_km":0.68,"mesh":"53395699"},"geometry":{"type":"LineString","coordinates":[[139.87102,35.82548],[139.87073,35.82531]]}},{"type":"Feature","properties":{"idx":273,"road":NaN,"cls":"tertiary","shops":0,"st_km":0.57,"mesh":"53395689"},"geometry":{"type":"LineString","coordinates":[[139.87202,35.82331],[139.87231,35.82349]]}},{"type":"Feature","properties":{"idx":253,"road":NaN,"cls":"tertiary","shops":0,"st_km":1.25,"mesh":"53395699"},"geometry":{"type":"LineString","coordinates":[[139.86667,35.82974],[139.86558,35.82955]]}},{"type":"Feature","properties":{"idx":263,"road":NaN,"cls":"tertiary","shops":0,"st_km":1.19,"mesh":"53395699"},"geometry":{"type":"LineString","coordinates":[[139.86705,35.8298],[139.86667,35.82974]]}},{"type":"Feature","properties":{"idx":232,"road":NaN,"cls":"tertiary","shops":0,"st_km":1.38,"mesh":"53395699"},"geometry":{"type":"LineString","coordinates":[[139.86558,35.82955],[139.86314,35.82912]]}},{"type":"Feature","properties":{"idx":273,"road":"環七北通り","cls":"tertiary","shops":0,"st_km":0.4,"mesh":"53395635"},"geometry":{"type":"LineString","coordinates":[[139.81611,35.78269],[139.82043,35.78262]]}},{"type":"Feature","properties":{"idx":73,"road":NaN,"cls":"tertiary","shops":0,"st_km":1.99,"mesh":"53395687"},"geometry":{"type":"LineString","coordinates":[[139.83729,35.82503],[139.83804,35.82449]]}},{"type":"Feature","properties":{"idx":343,"road":NaN,"cls":"tertiary","shops":5,"st_km":0.47,"mesh":"53395667"},"geometry":{"type":"LineString","coordinates":[[139.84269,35.80385],[139.84264,35.80386]]}},{"type":"Feature","properties":{"idx":3055,"road":"環七通り","cls":"primary","shops":11,"st_km":0.22,"mesh":"53395627"},"geometry":{"type":"LineString","coordinates":[[139.84975,35.76739],[139.84993,35.76701]]}},{"type":"Feature","properties":{"idx":254,"road":NaN,"cls":"pedestrian","shops":1,"st_km":0.15,"mesh":"53395636"},"geometry":{"type":"LineString","coordinates":[[139.83213,35.77552],[139.83197,35.77553]]}},{"type":"Feature","properties":{"idx":254,"road":NaN,"cls":"pedestrian","shops":1,"st_km":0.15,"mesh":"53395636"},"geometry":{"type":"LineString","coordinates":[[139.83197,35.77553],[139.83194,35.77553]]}},{"type":"Feature","properties":{"idx":338,"road":NaN,"cls":"pedestrian","shops":2,"st_km":0.15,"mesh":"53395636"},"geometry":{"type":"LineString","coordinates":[[139.83221,35.7755],[139.83213,35.77552]]}},{"type":"Feature","properties":{"idx":154,"road":NaN,"cls":"tertiary","shops":0,"st_km":2.71,"mesh":"53395659"},"geometry":{"type":"LineString","coordinates":[[139.87247,35.79833],[139.87234,35.79837]]}},{"type":"Feature","properties":{"idx":164,"road":NaN,"cls":"tertiary","shops":0,"st_km":2.48,"mesh":"53395659"},"geometry":{"type":"LineString","coordinates":[[139.87234,35.79837],[139.87162,35.79856],[139.86987,35.79859],[139.86704,35.79834]]}},{"type":"Feature","properties":{"idx":125,"road":NaN,"cls":"tertiary","shops":0,"st_km":1.95,"mesh":"53395669"},"geometry":{"type":"LineString","coordinates":[[139.87126,35.80796],[139.87118,35.80788]]}},{"type":"Feature","properties":{"idx":117,"road":NaN,"cls":"tertiary","shops":0,"st_km":1.58,"mesh":"53395679"},"geometry":{"type":"LineString","coordinates":[[139.87169,35.81119],[139.87343,35.81087]]}},{"type":"Feature","properties":{"idx":171,"road":"王子金町市川線","cls":"primary","shops":0,"st_km":0.55,"mesh":"53395629"},"geometry":{"type":"LineString","coordinates":[[139.87299,35.77473],[139.87636,35.77143]]}},{"type":"Feature","properties":{"idx":136,"road":NaN,"cls":"tertiary","shops":0,"st_km":1.34,"mesh":"53395679"},"geometry":{"type":"LineString","coordinates":[[139.8747,35.81496],[139.87452,35.81491],[139.87343,35.81087]]}},{"type":"Feature","properties":{"idx":208,"road":NaN,"cls":"tertiary","shops":0,"st_km":1.82,"mesh":"53395698"},"geometry":{"type":"LineString","coordinates":[[139.85851,35.8319],[139.85934,35.83148],[139.86155,35.83053]]}},{"type":"Feature","properties":{"idx":175,"road":"仁志町領家町線","cls":"tertiary","shops":1,"st_km":1.78,"mesh":"53395650"},"geometry":{"type":"LineString","coordinates":[[139.75106,35.79913],[139.75042,35.79978]]}},{"type":"Feature","properties":{"idx":121,"road":"領家中央通り","cls":"tertiary","shops":0,"st_km":1.7,"mesh":"53395650"},"geometry":{"type":"LineString","coordinates":[[139.75106,35.79913],[139.75225,35.79984]]}},{"type":"Feature","properties":{"idx":117,"road":"領家中央通り","cls":"tertiary","shops":0,"st_km":1.77,"mesh":"53395650"},"geometry":{"type":"LineString","coordinates":[[139.75047,35.79878],[139.75106,35.79913]]}},{"type":"Feature","properties":{"idx":494,"road":"あずま通り","cls":"tertiary","shops":1,"st_km":0.86,"mesh":"53395695"},"geometry":{"type":"LineString","coordinates":[[139.8129,35.82733],[139.81292,35.82733]]}},{"type":"Feature","properties":{"idx":1189,"road":"江北橋通り","cls":"secondary","shops":0,"st_km":0.7,"mesh":"53395612"},"geometry":{"type":"LineString","coordinates":[[139.77766,35.76458],[139.7796,35.76453]]}},{"type":"Feature","properties":{"idx":370,"road":"東本郷赤山通り","cls":"tertiary","shops":1,"st_km":1.42,"mesh":"53395690"},"geometry":{"type":"LineString","coordinates":[[139.76158,35.82492],[139.76189,35.82537]]}},{"type":"Feature","properties":{"idx":466,"road":"さいたま草加線","cls":"primary","shops":1,"st_km":1.41,"mesh":"53395690"},"geometry":{"type":"LineString","coordinates":[[139.76223,35.82524],[139.76158,35.82492]]}},{"type":"Feature","properties":{"idx":596,"road":"さいたま草加線","cls":"primary","shops":0,"st_km":1.41,"mesh":"53395691"},"geometry":{"type":"LineString","coordinates":[[139.76317,35.82578],[139.76223,35.82524]]}},{"type":"Feature","properties":{"idx":337,"road":"吉場安行東京線","cls":"secondary","shops":0,"st_km":2.2,"mesh":"53395692"},"geometry":{"type":"LineString","coordinates":[[139.77913,35.83325],[139.7793,35.83307]]}},{"type":"Feature","properties":{"idx":485,"road":NaN,"cls":"pedestrian","shops":0,"st_km":0.82,"mesh":"53395699"},"geometry":{"type":"LineString","coordinates":[[139.87459,35.83162],[139.87502,35.83124],[139.87526,35.83115]]}},{"type":"Feature","properties":{"idx":124,"road":NaN,"cls":"tertiary","shops":0,"st_km":1.15,"mesh":"53395610"},"geometry":{"type":"LineString","coordinates":[[139.75851,35.7625],[139.75792,35.76332]]}},{"type":"Feature","properties":{"idx":141,"road":NaN,"cls":"primary_link","shops":1,"st_km":1.28,"mesh":"53395610"},"geometry":{"type":"LineString","coordinates":[[139.75627,35.76208],[139.75665,35.76219]]}},{"type":"Feature","properties":{"idx":143,"road":NaN,"cls":"primary_link","shops":1,"st_km":1.27,"mesh":"53395610"},"geometry":{"type":"LineString","coordinates":[[139.75671,35.76204],[139.75627,35.76208]]}},{"type":"Feature","properties":{"idx":285,"road":"松戸草加線","cls":"primary","shops":0,"st_km":1.28,"mesh":"53395668"},"geometry":{"type":"LineString","coordinates":[[139.85598,35.80064],[139.85576,35.80056]]}},{"type":"Feature","properties":{"idx":757,"road":NaN,"cls":"tertiary","shops":9,"st_km":0.03,"mesh":"53395617"},"geometry":{"type":"LineString","coordinates":[[139.84762,35.76618],[139.84765,35.76626],[139.84784,35.76635]]}},{"type":"Feature","properties":{"idx":741,"road":NaN,"cls":"tertiary","shops":9,"st_km":0.05,"mesh":"53395617"},"geometry":{"type":"LineString","coordinates":[[139.84773,35.766],[139.84762,35.76618]]}},{"type":"Feature","properties":{"idx":623,"road":NaN,"cls":"tertiary","shops":2,"st_km":0.84,"mesh":"53395619"},"geometry":{"type":"LineString","coordinates":[[139.86678,35.75947],[139.86684,35.75948]]}},{"type":"Feature","properties":{"idx":475,"road":NaN,"cls":"tertiary","shops":1,"st_km":0.93,"mesh":"53395619"},"geometry":{"type":"LineString","coordinates":[[139.86245,35.75876],[139.86678,35.75947]]}},{"type":"Feature","properties":{"idx":254,"road":"曳舟川親水通り","cls":"tertiary","shops":3,"st_km":0.32,"mesh":"53395617"},"geometry":{"type":"LineString","coordinates":[[139.84618,35.76306],[139.84623,35.76358],[139.84609,35.76468]]}},{"type":"Feature","properties":{"idx":569,"road":"曳舟川親水通り","cls":"tertiary","shops":1,"st_km":0.21,"mesh":"53395627"},"geometry":{"type":"LineString","coordinates":[[139.84609,35.76468],[139.84525,35.76853],[139.84498,35.77015]]}},{"type":"Feature","properties":{"idx":179,"road":NaN,"cls":"tertiary","shops":1,"st_km":0.16,"mesh":"53395617"},"geometry":{"type":"LineString","coordinates":[[139.84787,35.76579],[139.84685,35.76495],[139.84646,35.76476],[139.84609,35.76468]]}},{"type":"Feature","properties":{"idx":104,"road":"江北橋通り","cls":"secondary","shops":0,"st_km":0.41,"mesh":"53395617"},"geometry":{"type":"LineString","coordinates":[[139.84765,35.76283],[139.847,35.76285],[139.84618,35.76306]]}},{"type":"Feature","properties":{"idx":591,"road":"川の手通り","cls":"primary","shops":1,"st_km":0.82,"mesh":"53395606"},"geometry":{"type":"LineString","coordinates":[[139.82746,35.75374],[139.82742,35.75413],[139.82746,35.75439],[139.82821,35.75675]]}},{"type":"Feature","properties":{"idx":283,"road":NaN,"cls":"tertiary","shops":0,"st_km":0.84,"mesh":"53395606"},"geometry":{"type":"LineString","coordinates":[[139.83378,35.75401],[139.83516,35.7541],[139.83687,35.75493]]}},{"type":"Feature","properties":{"idx":408,"road":NaN,"cls":"tertiary","shops":1,"st_km":0.86,"mesh":"53395606"},"geometry":{"type":"LineString","coordinates":[[139.83335,35.75336],[139.83378,35.75401]]}},{"type":"Feature","properties":{"idx":52,"road":NaN,"cls":"tertiary","shops":0,"st_km":1.06,"mesh":"53395617"},"geometry":{"type":"LineString","coordinates":[[139.83961,35.76233],[139.83585,35.76033]]}},{"type":"Feature","properties":{"idx":68,"road":"江北橋通り","cls":"secondary","shops":0,"st_km":0.87,"mesh":"53395617"},"geometry":{"type":"LineString","coordinates":[[139.83961,35.763],[139.83844,35.76298]]}},{"type":"Feature","properties":{"idx":457,"road":"江北橋通り","cls":"secondary","shops":7,"st_km":0.44,"mesh":"53395617"},"geometry":{"type":"LineString","coordinates":[[139.85163,35.7631],[139.84765,35.76283]]}},{"type":"Feature","properties":{"idx":264,"road":"亀有中央通り","cls":"tertiary","shops":5,"st_km":0.62,"mesh":"53395617"},"geometry":{"type":"LineString","coordinates":[[139.84765,35.76283],[139.84765,35.75901]]}},{"type":"Feature","properties":{"idx":929,"road":NaN,"cls":"tertiary","shops":12,"st_km":0.07,"mesh":"53395617"},"geometry":{"type":"LineString","coordinates":[[139.84776,35.76595],[139.84773,35.766]]}},{"type":"Feature","properties":{"idx":171,"road":"平和橋通り","cls":"primary","shops":0,"st_km":0.41,"mesh":"53395605"},"geometry":{"type":"LineString","coordinates":[[139.81398,35.75675],[139.8164,35.7546]]}},{"type":"Feature","properties":{"idx":129,"road":"平和橋通り","cls":"primary","shops":0,"st_km":0.71,"mesh":"53395605"},"geometry":{"type":"LineString","coordinates":[[139.8164,35.7546],[139.81695,35.75425],[139.81742,35.75412],[139.81998,35.75415]]}},{"type":"Feature","properties":{"idx":145,"road":"千住小松川葛西沖線","cls":"primary","shops":0,"st_km":0.58,"mesh":"53395605"},"geometry":{"type":"LineString","coordinates":[[139.8164,35.7546],[139.81707,35.75469]]}},{"type":"Feature","properties":{"idx":87,"road":NaN,"cls":"tertiary","shops":0,"st_km":0.46,"mesh":"53395615"},"geometry":{"type":"LineString","coordinates":[[139.82009,35.76105],[139.82007,35.76105]]}},{"type":"Feature","properties":{"idx":348,"road":NaN,"cls":"tertiary","shops":0,"st_km":0.59,"mesh":"53395606"},"geometry":{"type":"LineString","coordinates":[[139.82783,35.7512],[139.83055,35.75111],[139.83401,35.75071],[139.83754,35.75045]]}},{"type":"Feature","properties":{"idx":913,"road":"川の手通り","cls":"primary","shops":2,"st_km":0.53,"mesh":"53395606"},"geometry":{"type":"LineString","coordinates":[[139.82783,35.7512],[139.82746,35.75374]]}},{"type":"Feature","properties":{"idx":664,"road":"曳舟川親水通り","cls":"tertiary","shops":2,"st_km":1.06,"mesh":"53395607"},"geometry":{"type":"LineString","coordinates":[[139.84185,35.75014],[139.84295,35.75352],[139.84365,35.75554],[139.84423,35.75739],[139.84526,35.76013],[139.84618,35.76306]]}},{"type":"Feature","properties":{"idx":4641,"road":NaN,"cls":"tertiary","shops":12,"st_km":0.3,"mesh":"53395607"},"geometry":{"type":"LineString","coordinates":[[139.83754,35.75045],[139.84185,35.75014]]}},{"type":"Feature","properties":{"idx":166,"road":"平和橋通り","cls":"primary","shops":0,"st_km":0.49,"mesh":"53395605"},"geometry":{"type":"LineString","coordinates":[[139.82504,35.75075],[139.82356,35.75168]]}},{"type":"Feature","properties":{"idx":541,"road":"平和橋通り","cls":"primary","shops":0,"st_km":0.36,"mesh":"53395606"},"geometry":{"type":"LineString","coordinates":[[139.82364,35.75177],[139.82569,35.7505],[139.82767,35.7492]]}},{"type":"Feature","properties":{"idx":185,"road":NaN,"cls":"tertiary","shops":1,"st_km":0.58,"mesh":"53395605"},"geometry":{"type":"LineString","coordinates":[[139.82364,35.75177],[139.82356,35.75168]]}},{"type":"Feature","properties":{"idx":240,"road":NaN,"cls":"tertiary","shops":1,"st_km":0.25,"mesh":"53395605"},"geometry":{"type":"LineString","coordinates":[[139.81392,35.7567],[139.81398,35.75675]]}},{"type":"Feature","properties":{"idx":417,"road":"平和橋通り","cls":"primary","shops":2,"st_km":0.2,"mesh":"53395605"},"geometry":{"type":"LineString","coordinates":[[139.81329,35.75731],[139.81398,35.75675]]}},{"type":"Feature","properties":{"idx":467,"road":"第二産業道路","cls":"primary","shops":1,"st_km":0.32,"mesh":"53395681"},"geometry":{"type":"LineString","coordinates":[[139.77091,35.81714],[139.77093,35.81763],[139.77088,35.81791]]}},{"type":"Feature","properties":{"idx":514,"road":"第二産業道路","cls":"primary","shops":1,"st_km":0.23,"mesh":"53395681"},"geometry":{"type":"LineString","coordinates":[[139.771,35.81708],[139.77092,35.81626]]}},{"type":"Feature","properties":{"idx":248,"road":"内匠橋花畑線","cls":"secondary","shops":0,"st_km":1.0,"mesh":"53395656"},"geometry":{"type":"LineString","coordinates":[[139.8277,35.7921],[139.82763,35.79273],[139.82754,35.79304],[139.82745,35.79314],[139.82734,35.79317],[139.82608,35.79313],[139.82567,35.79319],[139.8235,35.79445],[139.82287,35.79501]]}},{"type":"Feature","properties":{"idx":259,"road":NaN,"cls":"tertiary","shops":0,"st_km":0.63,"mesh":"53395689"},"geometry":{"type":"LineString","coordinates":[[139.87343,35.82037],[139.87366,35.8204]]}},{"type":"Feature","properties":{"idx":304,"road":"赤山街道","cls":"tertiary","shops":0,"st_km":0.71,"mesh":"53395662"},"geometry":{"type":"LineString","coordinates":[[139.77912,35.80576],[139.77692,35.80653]]}},{"type":"Feature","properties":{"idx":533,"road":"赤山街道","cls":"tertiary","shops":1,"st_km":0.54,"mesh":"53395662"},"geometry":{"type":"LineString","coordinates":[[139.77692,35.80653],[139.77495,35.80722]]}},{"type":"Feature","properties":{"idx":312,"road":"川口草加線","cls":"secondary","shops":2,"st_km":0.59,"mesh":"53395661"},"geometry":{"type":"LineString","coordinates":[[139.76344,35.80556],[139.76367,35.8056]]}},{"type":"Feature","properties":{"idx":306,"road":"川口草加線","cls":"secondary","shops":2,"st_km":0.62,"mesh":"53395661"},"geometry":{"type":"LineString","coordinates":[[139.76321,35.8055],[139.76344,35.80556]]}},{"type":"Feature","properties":{"idx":209,"road":NaN,"cls":"tertiary","shops":0,"st_km":1.18,"mesh":"53395662"},"geometry":{"type":"LineString","coordinates":[[139.78315,35.80646],[139.78328,35.80592]]}},{"type":"Feature","properties":{"idx":382,"road":"環七南通り","cls":"tertiary","shops":0,"st_km":0.59,"mesh":"53395626"},"geometry":{"type":"LineString","coordinates":[[139.8254,35.76874],[139.82529,35.76874]]}},{"type":"Feature","properties":{"idx":407,"road":"環七南通り","cls":"tertiary","shops":0,"st_km":0.56,"mesh":"53395625"},"geometry":{"type":"LineString","coordinates":[[139.82529,35.76874],[139.8245,35.76872]]}},{"type":"Feature","properties":{"idx":745,"road":NaN,"cls":"tertiary","shops":2,"st_km":0.61,"mesh":"53395626"},"geometry":{"type":"LineString","coordinates":[[139.82582,35.76887],[139.8258,35.76886]]}},{"type":"Feature","properties":{"idx":563,"road":"環七南通り","cls":"tertiary","shops":1,"st_km":0.6,"mesh":"53395626"},"geometry":{"type":"LineString","coordinates":[[139.82578,35.76875],[139.8254,35.76874]]}},{"type":"Feature","properties":{"idx":3499,"road":NaN,"cls":"tertiary","shops":13,"st_km":0.04,"mesh":"53395616"},"geometry":{"type":"LineString","coordinates":[[139.82664,35.76253],[139.82409,35.76225]]}},{"type":"Feature","properties":{"idx":2869,"road":NaN,"cls":"tertiary","shops":12,"st_km":0.16,"mesh":"53395616"},"geometry":{"type":"LineString","coordinates":[[139.82673,35.76254],[139.82664,35.76253]]}},{"type":"Feature","properties":{"idx":320,"road":"松戸草加線","cls":"primary","shops":3,"st_km":1.37,"mesh":"53395687"},"geometry":{"type":"LineString","coordinates":[[139.84195,35.8198],[139.84148,35.81989]]}},{"type":"Feature","properties":{"idx":196,"road":"松戸草加線","cls":"primary","shops":1,"st_km":1.33,"mesh":"53395687"},"geometry":{"type":"LineString","coordinates":[[139.84291,35.81962],[139.8424,35.81972]]}},{"type":"Feature","properties":{"idx":123,"road":"松戸草加線","cls":"primary","shops":0,"st_km":1.43,"mesh":"53395687"},"geometry":{"type":"LineString","coordinates":[[139.83971,35.82028],[139.84131,35.82]]}},{"type":"Feature","properties":{"idx":139,"road":"松戸草加線","cls":"primary","shops":0,"st_km":1.24,"mesh":"53395687"},"geometry":{"type":"LineString","coordinates":[[139.84841,35.81838],[139.84695,35.81878],[139.84429,35.81935]]}},{"type":"Feature","properties":{"idx":132,"road":"八潮三郷線","cls":"secondary","shops":0,"st_km":1.18,"mesh":"53395687"},"geometry":{"type":"LineString","coordinates":[[139.84861,35.81831],[139.8482,35.81756]]}},{"type":"Feature","properties":{"idx":142,"road":"松戸草加線","cls":"primary","shops":0,"st_km":1.22,"mesh":"53395687"},"geometry":{"type":"LineString","coordinates":[[139.84902,35.81818],[139.84861,35.81831]]}},{"type":"Feature","properties":{"idx":132,"road":"八潮三郷線","cls":"secondary","shops":0,"st_km":1.18,"mesh":"53395687"},"geometry":{"type":"LineString","coordinates":[[139.84798,35.81761],[139.84841,35.81838]]}},{"type":"Feature","properties":{"idx":141,"road":"松戸草加線","cls":"primary","shops":0,"st_km":1.22,"mesh":"53395687"},"geometry":{"type":"LineString","coordinates":[[139.84861,35.81831],[139.84841,35.81838]]}},{"type":"Feature","properties":{"idx":138,"road":"松戸草加線","cls":"primary","shops":0,"st_km":1.26,"mesh":"53395687"},"geometry":{"type":"LineString","coordinates":[[139.84438,35.8194],[139.84645,35.81897],[139.84798,35.8186]]}},{"type":"Feature","properties":{"idx":127,"road":"八潮三郷線","cls":"secondary","shops":0,"st_km":1.23,"mesh":"53395687"},"geometry":{"type":"LineString","coordinates":[[139.84841,35.81838],[139.84846,35.81847]]}},{"type":"Feature","properties":{"idx":140,"road":"松戸草加線","cls":"primary","shops":0,"st_km":1.23,"mesh":"53395687"},"geometry":{"type":"LineString","coordinates":[[139.84846,35.81847],[139.84866,35.81841]]}},{"type":"Feature","properties":{"idx":127,"road":"八潮三郷線","cls":"secondary","shops":0,"st_km":1.23,"mesh":"53395687"},"geometry":{"type":"LineString","coordinates":[[139.84866,35.81841],[139.84861,35.81831]]}},{"type":"Feature","properties":{"idx":140,"road":"松戸草加線","cls":"primary","shops":0,"st_km":1.24,"mesh":"53395687"},"geometry":{"type":"LineString","coordinates":[[139.84798,35.8186],[139.84846,35.81847]]}},{"type":"Feature","properties":{"idx":725,"road":NaN,"cls":"tertiary","shops":9,"st_km":0.12,"mesh":"53395633"},"geometry":{"type":"LineString","coordinates":[[139.79072,35.77815],[139.79187,35.77792]]}},{"type":"Feature","properties":{"idx":712,"road":"江北橋通り","cls":"secondary","shops":4,"st_km":0.84,"mesh":"53395616"},"geometry":{"type":"LineString","coordinates":[[139.83556,35.76447],[139.83197,35.76452]]}},{"type":"Feature","properties":{"idx":1149,"road":"綾瀬川通り","cls":"tertiary","shops":17,"st_km":0.14,"mesh":"53395615"},"geometry":{"type":"LineString","coordinates":[[139.82409,35.76225],[139.82378,35.76419]]}},{"type":"Feature","properties":{"idx":363,"road":"江北橋通り","cls":"secondary","shops":4,"st_km":0.25,"mesh":"53395615"},"geometry":{"type":"LineString","coordinates":[[139.82378,35.76419],[139.82311,35.76415]]}},{"type":"Feature","properties":{"idx":99,"road":NaN,"cls":"tertiary","shops":0,"st_km":0.33,"mesh":"53395615"},"geometry":{"type":"LineString","coordinates":[[139.82157,35.76396],[139.82151,35.76328],[139.82118,35.76261],[139.82114,35.76179]]}},{"type":"Feature","properties":{"idx":96,"road":NaN,"cls":"tertiary","shops":0,"st_km":0.36,"mesh":"53395615"},"geometry":{"type":"LineString","coordinates":[[139.8216,35.76411],[139.82157,35.76396]]}},{"type":"Feature","properties":{"idx":175,"road":"江北橋通り","cls":"secondary","shops":1,"st_km":0.28,"mesh":"53395615"},"geometry":{"type":"LineString","coordinates":[[139.82311,35.76415],[139.82242,35.7641]]}},{"type":"Feature","properties":{"idx":1034,"road":"平方東京線","cls":"secondary","shops":1,"st_km":0.14,"mesh":"53395625"},"geometry":{"type":"LineString","coordinates":[[139.82036,35.77201],[139.82022,35.76973],[139.82015,35.76944]]}},{"type":"Feature","properties":{"idx":519,"road":NaN,"cls":"tertiary","shops":0,"st_km":0.31,"mesh":"53395625"},"geometry":{"type":"LineString","coordinates":[[139.82015,35.76944],[139.82179,35.76918]]}},{"type":"Feature","properties":{"idx":303,"road":"花畑大橋通り","cls":"tertiary","shops":0,"st_km":1.06,"mesh":"53395634"},"geometry":{"type":"LineString","coordinates":[[139.81117,35.77733],[139.81112,35.77859]]}},{"type":"Feature","properties":{"idx":962,"road":"平方東京線","cls":"secondary","shops":1,"st_km":0.21,"mesh":"53395625"},"geometry":{"type":"LineString","coordinates":[[139.82084,35.77576],[139.82048,35.77392],[139.82036,35.77201]]}},{"type":"Feature","properties":{"idx":534,"road":NaN,"cls":"tertiary","shops":6,"st_km":0.11,"mesh":"53395633"},"geometry":{"type":"LineString","coordinates":[[139.79065,35.77824],[139.79072,35.77815]]}},{"type":"Feature","properties":{"idx":1244,"road":NaN,"cls":"tertiary","shops":17,"st_km":0.08,"mesh":"53395617"},"geometry":{"type":"LineString","coordinates":[[139.84822,35.76623],[139.84834,35.76607]]}},{"type":"Feature","properties":{"idx":546,"road":"環七南通り","cls":"tertiary","shops":2,"st_km":0.54,"mesh":"53395627"},"geometry":{"type":"LineString","coordinates":[[139.84483,35.77014],[139.84219,35.77003]]}},{"type":"Feature","properties":{"idx":293,"road":"環七南通り","cls":"tertiary","shops":0,"st_km":0.47,"mesh":"53395627"},"geometry":{"type":"LineString","coordinates":[[139.84498,35.77015],[139.84483,35.77014]]}},{"type":"Feature","properties":{"idx":461,"road":NaN,"cls":"tertiary","shops":1,"st_km":0.83,"mesh":"53395626"},"geometry":{"type":"LineString","coordinates":[[139.82845,35.76951],[139.82959,35.77]]}},{"type":"Feature","properties":{"idx":1176,"road":"川の手通り","cls":"primary","shops":4,"st_km":0.86,"mesh":"53395626"},"geometry":{"type":"LineString","coordinates":[[139.82949,35.76886],[139.82959,35.77]]}},{"type":"Feature","properties":{"idx":105,"road":"江北橋通り","cls":"secondary","shops":1,"st_km":0.62,"mesh":"53395615"},"geometry":{"type":"LineString","coordinates":[[139.81917,35.76386],[139.81442,35.76351],[139.81261,35.76343]]}},{"type":"Feature","properties":{"idx":236,"road":NaN,"cls":"tertiary","shops":0,"st_km":1.2,"mesh":"53395666"},"geometry":{"type":"LineString","coordinates":[[139.82983,35.80707],[139.83116,35.80743],[139.83148,35.80763],[139.83326,35.80802]]}},{"type":"Feature","properties":{"idx":115,"road":NaN,"cls":"tertiary","shops":0,"st_km":1.8,"mesh":"53395665"},"geometry":{"type":"LineString","coordinates":[[139.82196,35.801],[139.82195,35.80105]]}},{"type":"Feature","properties":{"idx":139,"road":NaN,"cls":"tertiary","shops":0,"st_km":1.68,"mesh":"53395656"},"geometry":{"type":"LineString","coordinates":[[139.82782,35.79926],[139.82734,35.79915]]}},{"type":"Feature","properties":{"idx":159,"road":"八潮三郷線","cls":"secondary","shops":0,"st_km":1.66,"mesh":"53395656"},"geometry":{"type":"LineString","coordinates":[[139.82733,35.7989],[139.82734,35.79915]]}},{"type":"Feature","properties":{"idx":165,"road":NaN,"cls":"tertiary","shops":0,"st_km":1.77,"mesh":"53395666"},"geometry":{"type":"LineString","coordinates":[[139.82733,35.80003],[139.82729,35.80105]]}},{"type":"Feature","properties":{"idx":110,"road":NaN,"cls":"tertiary","shops":0,"st_km":1.91,"mesh":"53395665"},"geometry":{"type":"LineString","coordinates":[[139.82195,35.80105],[139.8218,35.80202],[139.82206,35.80298]]}},{"type":"Feature","properties":{"idx":198,"road":NaN,"cls":"tertiary","shops":0,"st_km":1.56,"mesh":"53395655"},"geometry":{"type":"LineString","coordinates":[[139.82339,35.79689],[139.82295,35.7975],[139.82268,35.79776],[139.82236,35.79852],[139.82203,35.79987],[139.82196,35.801]]}},{"type":"Feature","properties":{"idx":290,"road":NaN,"cls":"tertiary","shops":0,"st_km":0.93,"mesh":"53395666"},"geometry":{"type":"LineString","coordinates":[[139.83326,35.80802],[139.83559,35.80849]]}},{"type":"Feature","properties":{"idx":294,"road":NaN,"cls":"tertiary","shops":0,"st_km":0.92,"mesh":"53395666"},"geometry":{"type":"LineString","coordinates":[[139.83605,35.80479],[139.83462,35.80448]]}},{"type":"Feature","properties":{"idx":337,"road":NaN,"cls":"tertiary","shops":0,"st_km":0.76,"mesh":"53395666"},"geometry":{"type":"LineString","coordinates":[[139.83792,35.80557],[139.8372,35.80519],[139.83666,35.80496],[139.83605,35.80479]]}},{"type":"Feature","properties":{"idx":221,"road":NaN,"cls":"tertiary","shops":3,"st_km":0.58,"mesh":"53395667"},"geometry":{"type":"LineString","coordinates":[[139.83986,35.80467],[139.83904,35.80491]]}},{"type":"Feature","properties":{"idx":294,"road":NaN,"cls":"tertiary","shops":4,"st_km":0.47,"mesh":"53395667"},"geometry":{"type":"LineString","coordinates":[[139.8434,35.80364],[139.84284,35.8038]]}},{"type":"Feature","properties":{"idx":146,"road":NaN,"cls":"tertiary","shops":1,"st_km":0.48,"mesh":"53395667"},"geometry":{"type":"LineString","coordinates":[[139.84249,35.8039],[139.8419,35.80407]]}},{"type":"Feature","properties":{"idx":327,"road":"松戸草加線","cls":"primary","shops":0,"st_km":1.1,"mesh":"53395668"},"geometry":{"type":"LineString","coordinates":[[139.85287,35.8002],[139.85254,35.80022],[139.85234,35.80028]]}},{"type":"Feature","properties":{"idx":333,"road":"松戸草加線","cls":"primary","shops":0,"st_km":1.08,"mesh":"53395668"},"geometry":{"type":"LineString","coordinates":[[139.85234,35.80028],[139.8523,35.8003]]}},{"type":"Feature","properties":{"idx":84,"road":NaN,"cls":"tertiary","shops":0,"st_km":0.63,"mesh":"53395667"},"geometry":{"type":"LineString","coordinates":[[139.84871,35.80307],[139.84785,35.80271],[139.8475,35.80264]]}},{"type":"Feature","properties":{"idx":84,"road":NaN,"cls":"tertiary","shops":0,"st_km":0.63,"mesh":"53395667"},"geometry":{"type":"LineString","coordinates":[[139.84883,35.80313],[139.84871,35.80307]]}},{"type":"Feature","properties":{"idx":294,"road":NaN,"cls":"tertiary","shops":4,"st_km":0.47,"mesh":"53395667"},"geometry":{"type":"LineString","coordinates":[[139.84284,35.8038],[139.84273,35.80383]]}},{"type":"Feature","properties":{"idx":124,"road":NaN,"cls":"tertiary","shops":0,"st_km":0.24,"mesh":"53395667"},"geometry":{"type":"LineString","coordinates":[[139.84281,35.80651],[139.84235,35.80702],[139.84211,35.80721],[139.84134,35.80759]]}},{"type":"Feature","properties":{"idx":133,"road":"八潮三郷線","cls":"secondary","shops":0,"st_km":0.48,"mesh":"53395677"},"geometry":{"type":"LineString","coordinates":[[139.8442,35.81225],[139.8439,35.81191]]}},{"type":"Feature","properties":{"idx":286,"road":"潮止通り","cls":"tertiary","shops":0,"st_km":1.21,"mesh":"53395678"},"geometry":{"type":"LineString","coordinates":[[139.85782,35.80896],[139.85821,35.80947]]}},{"type":"Feature","properties":{"idx":394,"road":"潮止通り","cls":"tertiary","shops":1,"st_km":1.09,"mesh":"53395668"},"geometry":{"type":"LineString","coordinates":[[139.85597,35.80737],[139.85622,35.80769],[139.85662,35.80807],[139.85782,35.80896]]}},{"type":"Feature","properties":{"idx":154,"road":NaN,"cls":"tertiary","shops":0,"st_km":1.69,"mesh":"53395676"},"geometry":{"type":"LineString","coordinates":[[139.82633,35.81038],[139.82638,35.81105]]}},{"type":"Feature","properties":{"idx":155,"road":NaN,"cls":"tertiary","shops":0,"st_km":1.68,"mesh":"53395676"},"geometry":{"type":"LineString","coordinates":[[139.82628,35.80973],[139.82633,35.81038]]}},{"type":"Feature","properties":{"idx":197,"road":"越谷八潮線","cls":"secondary","shops":0,"st_km":1.47,"mesh":"53395676"},"geometry":{"type":"LineString","coordinates":[[139.82841,35.81163],[139.82867,35.81019],[139.82912,35.80899],[139.82936,35.80851]]}},{"type":"Feature","properties":{"idx":231,"road":"青葉通り","cls":"tertiary","shops":0,"st_km":1.08,"mesh":"53395676"},"geometry":{"type":"LineString","coordinates":[[139.83572,35.81197],[139.83451,35.8151]]}},{"type":"Feature","properties":{"idx":227,"road":"平方東京線","cls":"secondary","shops":0,"st_km":1.26,"mesh":"53395676"},"geometry":{"type":"LineString","coordinates":[[139.83451,35.8151],[139.83539,35.81593],[139.83573,35.81636],[139.8361,35.81758],[139.83596,35.81806]]}},{"type":"Feature","properties":{"idx":230,"road":"平方東京線","cls":"secondary","shops":0,"st_km":1.24,"mesh":"53395676"},"geometry":{"type":"LineString","coordinates":[[139.83191,35.81175],[139.83193,35.81182]]}},{"type":"Feature","properties":{"idx":310,"road":NaN,"cls":"tertiary","shops":0,"st_km":0.73,"mesh":"53395676"},"geometry":{"type":"LineString","coordinates":[[139.8368,35.80864],[139.83674,35.8088]]}},{"type":"Feature","properties":{"idx":128,"road":NaN,"cls":"tertiary","shops":0,"st_km":0.4,"mesh":"53395677"},"geometry":{"type":"LineString","coordinates":[[139.84218,35.81077],[139.84223,35.81068]]}},{"type":"Feature","properties":{"idx":302,"road":"青葉通り","cls":"tertiary","shops":0,"st_km":0.76,"mesh":"53395676"},"geometry":{"type":"LineString","coordinates":[[139.83674,35.8088],[139.83643,35.80978]]}},{"type":"Feature","properties":{"idx":277,"road":"青葉通り","cls":"tertiary","shops":0,"st_km":0.86,"mesh":"53395676"},"geometry":{"type":"LineString","coordinates":[[139.83643,35.80978],[139.83572,35.81197]]}},{"type":"Feature","properties":{"idx":281,"road":"いちょう通り","cls":"tertiary","shops":0,"st_km":0.84,"mesh":"53395676"},"geometry":{"type":"LineString","coordinates":[[139.83876,35.81252],[139.83572,35.81197]]}},{"type":"Feature","properties":{"idx":95,"road":"いちょう通り","cls":"tertiary","shops":0,"st_km":0.72,"mesh":"53395677"},"geometry":{"type":"LineString","coordinates":[[139.84031,35.8128],[139.83876,35.81252]]}},{"type":"Feature","properties":{"idx":271,"road":"松戸草加線","cls":"primary","shops":2,"st_km":1.39,"mesh":"53395686"},"geometry":{"type":"LineString","coordinates":[[139.83604,35.81804],[139.83596,35.81806]]}},{"type":"Feature","properties":{"idx":154,"road":"いちょう通り","cls":"tertiary","shops":1,"st_km":0.63,"mesh":"53395677"},"geometry":{"type":"LineString","coordinates":[[139.84304,35.8133],[139.84293,35.81326]]}},{"type":"Feature","properties":{"idx":101,"road":"いちょう通り","cls":"tertiary","shops":0,"st_km":0.65,"mesh":"53395677"},"geometry":{"type":"LineString","coordinates":[[139.84293,35.81326],[139.84031,35.8128]]}},{"type":"Feature","properties":{"idx":169,"road":"市役所通り","cls":"tertiary","shops":1,"st_km":0.53,"mesh":"53395677"},"geometry":{"type":"LineString","coordinates":[[139.84113,35.80979],[139.84031,35.8128]]}},{"type":"Feature","properties":{"idx":131,"road":"越谷八潮線","cls":"secondary","shops":1,"st_km":2.0,"mesh":"53395686"},"geometry":{"type":"LineString","coordinates":[[139.8264,35.81899],[139.82688,35.81746]]}},{"type":"Feature","properties":{"idx":141,"road":"越谷八潮線","cls":"secondary","shops":0,"st_km":2.0,"mesh":"53395685"},"geometry":{"type":"LineString","coordinates":[[139.82472,35.82433],[139.82508,35.82318]]}},{"type":"Feature","properties":{"idx":107,"road":NaN,"cls":"tertiary","shops":0,"st_km":1.3,"mesh":"53395687"},"geometry":{"type":"LineString","coordinates":[[139.83879,35.81847],[139.83763,35.81793]]}},{"type":"Feature","properties":{"idx":217,"road":"松戸草加線","cls":"primary","shops":1,"st_km":1.3,"mesh":"53395686"},"geometry":{"type":"LineString","coordinates":[[139.83731,35.8177],[139.83715,35.81773]]}},{"type":"Feature","properties":{"idx":92,"road":"青葉通り","cls":"tertiary","shops":0,"st_km":1.67,"mesh":"53395686"},"geometry":{"type":"LineString","coordinates":[[139.83351,35.81867],[139.83332,35.82065]]}},{"type":"Feature","properties":{"idx":319,"road":"松戸草加線","cls":"primary","shops":3,"st_km":1.48,"mesh":"53395686"},"geometry":{"type":"LineString","coordinates":[[139.83596,35.81806],[139.83351,35.81867]]}},{"type":"Feature","properties":{"idx":111,"road":"松戸草加線","cls":"primary","shops":0,"st_km":1.73,"mesh":"53395686"},"geometry":{"type":"LineString","coordinates":[[139.82977,35.81748],[139.8297,35.81746]]}},{"type":"Feature","properties":{"idx":192,"road":"越谷八潮線","cls":"secondary","shops":0,"st_km":1.83,"mesh":"53395695"},"geometry":{"type":"LineString","coordinates":[[139.82342,35.82692],[139.82369,35.82643]]}},{"type":"Feature","properties":{"idx":295,"road":"越谷八潮線","cls":"secondary","shops":1,"st_km":1.78,"mesh":"53395695"},"geometry":{"type":"LineString","coordinates":[[139.82277,35.82814],[139.82342,35.82692]]}},{"type":"Feature","properties":{"idx":200,"road":"越谷八潮線","cls":"secondary","shops":0,"st_km":1.74,"mesh":"53395695"},"geometry":{"type":"LineString","coordinates":[[139.82266,35.82837],[139.82277,35.82814]]}},{"type":"Feature","properties":{"idx":207,"road":"越谷八潮線","cls":"secondary","shops":3,"st_km":2.14,"mesh":"53395686"},"geometry":{"type":"LineString","coordinates":[[139.82595,35.82042],[139.8264,35.81899]]}},{"type":"Feature","properties":{"idx":125,"road":"青葉通り","cls":"tertiary","shops":1,"st_km":1.85,"mesh":"53395686"},"geometry":{"type":"LineString","coordinates":[[139.83331,35.82072],[139.83314,35.82244]]}},{"type":"Feature","properties":{"idx":216,"road":NaN,"cls":"tertiary","shops":0,"st_km":2.26,"mesh":"53395696"},"geometry":{"type":"LineString","coordinates":[[139.83568,35.8266],[139.83296,35.82598]]}},{"type":"Feature","properties":{"idx":198,"road":"青葉通り","cls":"tertiary","shops":0,"st_km":2.58,"mesh":"53395696"},"geometry":{"type":"LineString","coordinates":[[139.83226,35.8297],[139.83181,35.83105],[139.83157,35.83217]]}},{"type":"Feature","properties":{"idx":211,"road":NaN,"cls":"tertiary","shops":0,"st_km":2.33,"mesh":"53395696"},"geometry":{"type":"LineString","coordinates":[[139.83296,35.82598],[139.83114,35.82558],[139.82884,35.82532]]}},{"type":"Feature","properties":{"idx":75,"road":"青葉通り","cls":"tertiary","shops":0,"st_km":2.11,"mesh":"53395686"},"geometry":{"type":"LineString","coordinates":[[139.83314,35.82244],[139.83296,35.82598]]}},{"type":"Feature","properties":{"idx":215,"road":NaN,"cls":"tertiary","shops":0,"st_km":2.31,"mesh":"53395696"},"geometry":{"type":"LineString","coordinates":[[139.82873,35.8253],[139.82867,35.82529]]}},{"type":"Feature","properties":{"idx":201,"road":"越谷八潮線","cls":"secondary","shops":0,"st_km":1.73,"mesh":"53395695"},"geometry":{"type":"LineString","coordinates":[[139.82258,35.82852],[139.82266,35.82837]]}},{"type":"Feature","properties":{"idx":227,"road":"草加八潮三郷線","cls":"secondary","shops":0,"st_km":2.51,"mesh":"53395696"},"geometry":{"type":"LineString","coordinates":[[139.83018,35.83187],[139.83157,35.83217]]}},{"type":"Feature","properties":{"idx":223,"road":"草加八潮三郷線","cls":"secondary","shops":0,"st_km":2.58,"mesh":"53395696"},"geometry":{"type":"LineString","coordinates":[[139.83157,35.83217],[139.83171,35.83221]]}},{"type":"Feature","properties":{"idx":83,"road":"平方東京線","cls":"secondary","shops":0,"st_km":1.95,"mesh":"53395687"},"geometry":{"type":"LineString","coordinates":[[139.83799,35.82446],[139.83804,35.82449]]}},{"type":"Feature","properties":{"idx":91,"road":"平方東京線","cls":"secondary","shops":0,"st_km":1.91,"mesh":"53395686"},"geometry":{"type":"LineString","coordinates":[[139.83429,35.82284],[139.83627,35.82351],[139.83799,35.82446]]}},{"type":"Feature","properties":{"idx":89,"road":"浄水場通り","cls":"tertiary","shops":0,"st_km":1.58,"mesh":"53395687"},"geometry":{"type":"LineString","coordinates":[[139.84102,35.8214],[139.84053,35.82193]]}},{"type":"Feature","properties":{"idx":86,"road":NaN,"cls":"tertiary","shops":0,"st_km":1.65,"mesh":"53395687"},"geometry":{"type":"LineString","coordinates":[[139.84038,35.82208],[139.84024,35.82223]]}},{"type":"Feature","properties":{"idx":123,"road":NaN,"cls":"tertiary","shops":1,"st_km":1.75,"mesh":"53395687"},"geometry":{"type":"LineString","coordinates":[[139.83986,35.82263],[139.83943,35.82326]]}},{"type":"Feature","properties":{"idx":255,"road":"潮止通り","cls":"tertiary","shops":0,"st_km":1.38,"mesh":"53395678"},"geometry":{"type":"LineString","coordinates":[[139.85938,35.811],[139.85946,35.81112]]}},{"type":"Feature","properties":{"idx":258,"road":"潮止通り","cls":"tertiary","shops":0,"st_km":1.36,"mesh":"53395678"},"geometry":{"type":"LineString","coordinates":[[139.85927,35.81072],[139.85934,35.8109]]}},{"type":"Feature","properties":{"idx":336,"road":"潮止通り","cls":"tertiary","shops":2,"st_km":1.64,"mesh":"53395688"},"geometry":{"type":"LineString","coordinates":[[139.85566,35.81961],[139.85507,35.81988]]}},{"type":"Feature","properties":{"idx":167,"road":"潮止通り","cls":"tertiary","shops":0,"st_km":1.65,"mesh":"53395688"},"geometry":{"type":"LineString","coordinates":[[139.85631,35.81931],[139.85566,35.81961]]}},{"type":"Feature","properties":{"idx":88,"road":NaN,"cls":"tertiary","shops":0,"st_km":0.8,"mesh":"53395677"},"geometry":{"type":"LineString","coordinates":[[139.84689,35.81468],[139.84815,35.8145]]}},{"type":"Feature","properties":{"idx":84,"road":NaN,"cls":"tertiary","shops":0,"st_km":0.86,"mesh":"53395677"},"geometry":{"type":"LineString","coordinates":[[139.84815,35.8145],[139.85164,35.814]]}},{"type":"Feature","properties":{"idx":166,"road":"潮止通り","cls":"tertiary","shops":0,"st_km":1.67,"mesh":"53395688"},"geometry":{"type":"LineString","coordinates":[[139.85757,35.81873],[139.85631,35.81931]]}},{"type":"Feature","properties":{"idx":162,"road":"潮止通り","cls":"tertiary","shops":0,"st_km":1.71,"mesh":"53395688"},"geometry":{"type":"LineString","coordinates":[[139.85935,35.81792],[139.85757,35.81873]]}},{"type":"Feature","properties":{"idx":155,"road":"潮止通り","cls":"tertiary","shops":0,"st_km":1.77,"mesh":"53395688"},"geometry":{"type":"LineString","coordinates":[[139.86153,35.8165],[139.86103,35.81689]]}},{"type":"Feature","properties":{"idx":156,"road":"潮止通り","cls":"tertiary","shops":0,"st_km":1.78,"mesh":"53395688"},"geometry":{"type":"LineString","coordinates":[[139.86103,35.81689],[139.8605,35.8173]]}},{"type":"Feature","properties":{"idx":157,"road":"潮止通り","cls":"tertiary","shops":0,"st_km":1.77,"mesh":"53395688"},"geometry":{"type":"LineString","coordinates":[[139.8605,35.8173],[139.86001,35.81759]]}},{"type":"Feature","properties":{"idx":159,"road":"潮止通り","cls":"tertiary","shops":0,"st_km":1.74,"mesh":"53395688"},"geometry":{"type":"LineString","coordinates":[[139.85983,35.81768],[139.85935,35.81792]]}},{"type":"Feature","properties":{"idx":272,"road":"垳三郷線","cls":"tertiary","shops":0,"st_km":1.28,"mesh":"53395678"},"geometry":{"type":"LineString","coordinates":[[139.85472,35.8151],[139.85592,35.8158]]}},{"type":"Feature","properties":{"idx":84,"road":"潮止通り","cls":"tertiary","shops":0,"st_km":1.7,"mesh":"53395687"},"geometry":{"type":"LineString","coordinates":[[139.84938,35.8225],[139.84866,35.82282]]}},{"type":"Feature","properties":{"idx":84,"road":"潮止通り","cls":"tertiary","shops":0,"st_km":1.69,"mesh":"53395687"},"geometry":{"type":"LineString","coordinates":[[139.84951,35.82244],[139.84938,35.8225]]}},{"type":"Feature","properties":{"idx":157,"road":"王子金町市川線","cls":"primary","shops":0,"st_km":1.13,"mesh":"53395610"},"geometry":{"type":"LineString","coordinates":[[139.75851,35.7625],[139.7586,35.76254]]}},{"type":"Feature","properties":{"idx":397,"road":"白山小台線","cls":"secondary","shops":3,"st_km":0.92,"mesh":"53395610"},"geometry":{"type":"LineString","coordinates":[[139.76182,35.75845],[139.76179,35.75866],[139.76168,35.75887],[139.76106,35.75952]]}},{"type":"Feature","properties":{"idx":395,"road":NaN,"cls":"tertiary","shops":4,"st_km":0.99,"mesh":"53395610"},"geometry":{"type":"LineString","coordinates":[[139.75788,35.75944],[139.75798,35.75971]]}},{"type":"Feature","properties":{"idx":188,"road":NaN,"cls":"secondary_link","shops":2,"st_km":1.13,"mesh":"53395610"},"geometry":{"type":"LineString","coordinates":[[139.75905,35.76153],[139.75867,35.76191],[139.7584,35.76232]]}},{"type":"Feature","properties":{"idx":318,"road":"新荒川堤防線","cls":"secondary","shops":2,"st_km":0.11,"mesh":"53395601"},"geometry":{"type":"LineString","coordinates":[[139.77132,35.75535],[139.77035,35.75554]]}},{"type":"Feature","properties":{"idx":249,"road":NaN,"cls":"tertiary","shops":0,"st_km":0.64,"mesh":"53395600"},"geometry":{"type":"LineString","coordinates":[[139.75747,35.75634],[139.75678,35.7565]]}},{"type":"Feature","properties":{"idx":252,"road":NaN,"cls":"tertiary","shops":0,"st_km":0.63,"mesh":"53395600"},"geometry":{"type":"LineString","coordinates":[[139.75791,35.75624],[139.75747,35.75634]]}},{"type":"Feature","properties":{"idx":238,"road":"新荒川堤防線","cls":"secondary","shops":0,"st_km":1.0,"mesh":"53395603"},"geometry":{"type":"LineString","coordinates":[[139.79881,35.75736],[139.79909,35.7574],[139.79988,35.75736],[139.8,35.75741]]}},{"type":"Feature","properties":{"idx":129,"road":"入谷大橋通り","cls":"tertiary","shops":0,"st_km":1.64,"mesh":"53395660"},"geometry":{"type":"LineString","coordinates":[[139.75277,35.80774],[139.75142,35.80703]]}},{"type":"Feature","properties":{"idx":395,"road":NaN,"cls":"tertiary","shops":0,"st_km":1.74,"mesh":"53395691"},"geometry":{"type":"LineString","coordinates":[[139.76337,35.829],[139.76264,35.82905]]}},{"type":"Feature","properties":{"idx":608,"road":NaN,"cls":"tertiary","shops":1,"st_km":0.59,"mesh":"53395619"},"geometry":{"type":"LineString","coordinates":[[139.86584,35.764],[139.86543,35.7645],[139.86527,35.76605]]}},{"type":"Feature","properties":{"idx":580,"road":NaN,"cls":"tertiary","shops":1,"st_km":0.64,"mesh":"53395619"},"geometry":{"type":"LineString","coordinates":[[139.8659,35.76392],[139.86584,35.764]]}},{"type":"Feature","properties":{"idx":502,"road":"帝釈道","cls":"tertiary","shops":1,"st_km":0.81,"mesh":"53395619"},"geometry":{"type":"LineString","coordinates":[[139.86244,35.76559],[139.86259,35.76547],[139.86294,35.76492],[139.86324,35.76371],[139.86371,35.76278]]}},{"type":"Feature","properties":{"idx":633,"road":"帝釈道","cls":"tertiary","shops":2,"st_km":0.87,"mesh":"53395619"},"geometry":{"type":"LineString","coordinates":[[139.86371,35.76278],[139.86377,35.7627]]}},{"type":"Feature","properties":{"idx":159,"road":"江北橋通り","cls":"primary","shops":0,"st_km":0.3,"mesh":"53395611"},"geometry":{"type":"LineString","coordinates":[[139.76724,35.76501],[139.76812,35.76497]]}},{"type":"Feature","properties":{"idx":183,"road":NaN,"cls":"tertiary","shops":1,"st_km":0.34,"mesh":"53395611"},"geometry":{"type":"LineString","coordinates":[[139.76715,35.76491],[139.76724,35.76501]]}},{"type":"Feature","properties":{"idx":123,"road":"東京女子医大通り","cls":"tertiary","shops":0,"st_km":0.34,"mesh":"53395611"},"geometry":{"type":"LineString","coordinates":[[139.76724,35.76501],[139.76731,35.7651],[139.76732,35.76519]]}},{"type":"Feature","properties":{"idx":276,"road":"あずま橋通り","cls":"tertiary","shops":0,"st_km":1.39,"mesh":"53395670"},"geometry":{"type":"LineString","coordinates":[[139.75041,35.81336],[139.75216,35.8145]]}},{"type":"Feature","properties":{"idx":262,"road":"あずま橋通り","cls":"tertiary","shops":0,"st_km":1.48,"mesh":"53395670"},"geometry":{"type":"LineString","coordinates":[[139.75216,35.8145],[139.75252,35.81473]]}},{"type":"Feature","properties":{"idx":757,"road":"環七通り","cls":"primary","shops":7,"st_km":0.07,"mesh":"53395636"},"geometry":{"type":"LineString","coordinates":[[139.83179,35.77748],[139.83197,35.77747]]}},{"type":"Feature","properties":{"idx":341,"road":"環七通り","cls":"primary","shops":3,"st_km":0.27,"mesh":"53395636"},"geometry":{"type":"LineString","coordinates":[[139.83382,35.77737],[139.83622,35.77713]]}},{"type":"Feature","properties":{"idx":342,"road":"環七通り","cls":"primary","shops":3,"st_km":0.27,"mesh":"53395636"},"geometry":{"type":"LineString","coordinates":[[139.83621,35.77706],[139.83381,35.7773]]}},{"type":"Feature","properties":{"idx":645,"road":"環七通り","cls":"primary","shops":6,"st_km":0.11,"mesh":"53395636"},"geometry":{"type":"LineString","coordinates":[[139.83193,35.77739],[139.83029,35.77749]]}},{"type":"Feature","properties":{"idx":476,"road":"環七通り","cls":"primary","shops":4,"st_km":0.12,"mesh":"53395636"},"geometry":{"type":"LineString","coordinates":[[139.83014,35.77757],[139.83179,35.77748]]}},{"type":"Feature","properties":{"idx":101,"road":NaN,"cls":"tertiary_link","shops":1,"st_km":0.48,"mesh":"53395631"},"geometry":{"type":"LineString","coordinates":[[139.76501,35.77982],[139.76517,35.77982]]}},{"type":"Feature","properties":{"idx":227,"road":"平方東京線","cls":"secondary","shops":0,"st_km":0.68,"mesh":"53395635"},"geometry":{"type":"LineString","coordinates":[[139.82135,35.77808],[139.82134,35.778]]}},{"type":"Feature","properties":{"idx":251,"road":"環七通り","cls":"primary","shops":0,"st_km":0.68,"mesh":"53395635"},"geometry":{"type":"LineString","coordinates":[[139.8211,35.7781],[139.82135,35.77808]]}},{"type":"Feature","properties":{"idx":253,"road":"環七通り","cls":"primary","shops":0,"st_km":0.67,"mesh":"53395635"},"geometry":{"type":"LineString","coordinates":[[139.82134,35.778],[139.82124,35.77801]]}},{"type":"Feature","properties":{"idx":936,"road":"環七通り","cls":"primary","shops":9,"st_km":0.06,"mesh":"53395636"},"geometry":{"type":"LineString","coordinates":[[139.83197,35.77739],[139.83193,35.77739]]}},{"type":"Feature","properties":{"idx":244,"road":"環七通り","cls":"primary","shops":0,"st_km":0.81,"mesh":"53395637"},"geometry":{"type":"LineString","coordinates":[[139.84135,35.77652],[139.84079,35.77658]]}},{"type":"Feature","properties":{"idx":215,"road":"環七通り","cls":"primary_link","shops":1,"st_km":1.02,"mesh":"53395637"},"geometry":{"type":"LineString","coordinates":[[139.84342,35.77581],[139.84323,35.7759]]}},{"type":"Feature","properties":{"idx":280,"road":"環七通り","cls":"primary_link","shops":2,"st_km":1.05,"mesh":"53395637"},"geometry":{"type":"LineString","coordinates":[[139.84351,35.77599],[139.84382,35.77581]]}},{"type":"Feature","properties":{"idx":243,"road":"環七通り","cls":"primary","shops":0,"st_km":0.81,"mesh":"53395637"},"geometry":{"type":"LineString","coordinates":[[139.8408,35.77665],[139.84136,35.77659]]}},{"type":"Feature","properties":{"idx":437,"road":NaN,"cls":"tertiary","shops":0,"st_km":0.74,"mesh":"53395607"},"geometry":{"type":"LineString","coordinates":[[139.83976,35.75391],[139.83831,35.75451]]}},{"type":"Feature","properties":{"idx":60,"road":"新荒川堤防線","cls":"secondary_link","shops":0,"st_km":0.71,"mesh":"53395601"},"geometry":{"type":"LineString","coordinates":[[139.76367,35.75761],[139.76366,35.75769],[139.7631,35.75814]]}},{"type":"Feature","properties":{"idx":166,"road":"新荒川堤防線","cls":"secondary","shops":0,"st_km":0.87,"mesh":"53395610"},"geometry":{"type":"LineString","coordinates":[[139.7631,35.75814],[139.76184,35.75895],[139.76106,35.75952]]}},{"type":"Feature","properties":{"idx":93,"road":NaN,"cls":"secondary_link","shops":0,"st_km":1.15,"mesh":"53395610"},"geometry":{"type":"LineString","coordinates":[[139.7584,35.76232],[139.75828,35.76251]]}},{"type":"Feature","properties":{"idx":322,"road":"草加八潮三郷線","cls":"secondary","shops":0,"st_km":1.03,"mesh":"53395695"},"geometry":{"type":"LineString","coordinates":[[139.81447,35.82806],[139.81527,35.82803]]}},{"type":"Feature","properties":{"idx":271,"road":"草加八潮三郷線","cls":"secondary","shops":0,"st_km":1.26,"mesh":"53395695"},"geometry":{"type":"LineString","coordinates":[[139.81636,35.828],[139.81722,35.82803],[139.81838,35.82825]]}},{"type":"Feature","properties":{"idx":232,"road":"草加八潮三郷線","cls":"secondary","shops":0,"st_km":1.48,"mesh":"53395695"},"geometry":{"type":"LineString","coordinates":[[139.81838,35.82825],[139.82138,35.82921]]}},{"type":"Feature","properties":{"idx":338,"road":"吉場安行東京線","cls":"secondary","shops":0,"st_km":2.19,"mesh":"53395692"},"geometry":{"type":"LineString","coordinates":[[139.7792,35.83306],[139.77906,35.8332]]}},{"type":"Feature","properties":{"idx":747,"road":"草加神社通り","cls":"tertiary","shops":1,"st_km":0.98,"mesh":"53395693"},"geometry":{"type":"LineString","coordinates":[[139.79287,35.82645],[139.79275,35.82646]]}},{"type":"Feature","properties":{"idx":734,"road":"草加神社通り","cls":"tertiary","shops":1,"st_km":1.01,"mesh":"53395693"},"geometry":{"type":"LineString","coordinates":[[139.79275,35.82646],[139.7924,35.82648]]}},{"type":"Feature","properties":{"idx":675,"road":"草加神社通り","cls":"tertiary","shops":1,"st_km":1.11,"mesh":"53395693"},"geometry":{"type":"LineString","coordinates":[[139.7924,35.82648],[139.79036,35.82643]]}},{"type":"Feature","properties":{"idx":758,"road":"草加神社通り","cls":"tertiary","shops":1,"st_km":0.97,"mesh":"53395693"},"geometry":{"type":"LineString","coordinates":[[139.79316,35.82644],[139.79287,35.82645]]}},{"type":"Feature","properties":{"idx":1039,"road":"王子金町市川線","cls":"secondary","shops":2,"st_km":0.17,"mesh":"53395609"},"geometry":{"type":"LineString","coordinates":[[139.87618,35.75799],[139.8738,35.75718],[139.87161,35.7553]]}},{"type":"Feature","properties":{"idx":984,"road":NaN,"cls":"tertiary","shops":3,"st_km":0.62,"mesh":"53395619"},"geometry":{"type":"LineString","coordinates":[[139.86764,35.76492],[139.86802,35.76384],[139.86916,35.76126]]}},{"type":"Feature","properties":{"idx":319,"road":NaN,"cls":"tertiary","shops":0,"st_km":0.81,"mesh":"53395619"},"geometry":{"type":"LineString","coordinates":[[139.86916,35.76126],[139.86757,35.76079]]}},{"type":"Feature","properties":{"idx":589,"road":NaN,"cls":"tertiary","shops":1,"st_km":0.85,"mesh":"53395608"},"geometry":{"type":"LineString","coordinates":[[139.8511,35.7534],[139.85187,35.75264],[139.85222,35.75162]]}},{"type":"Feature","properties":{"idx":1247,"road":NaN,"cls":"tertiary","shops":5,"st_km":0.96,"mesh":"53395608"},"geometry":{"type":"LineString","coordinates":[[139.85105,35.75349],[139.8511,35.7534]]}},{"type":"Feature","properties":{"idx":1162,"road":NaN,"cls":"tertiary","shops":15,"st_km":0.04,"mesh":"53395617"},"geometry":{"type":"LineString","coordinates":[[139.84784,35.76635],[139.84801,35.76642]]}},{"type":"Feature","properties":{"idx":325,"road":NaN,"cls":"tertiary","shops":0,"st_km":0.79,"mesh":"53395619"},"geometry":{"type":"LineString","coordinates":[[139.86817,35.75944],[139.86757,35.76079]]}},{"type":"Feature","properties":{"idx":298,"road":NaN,"cls":"tertiary","shops":0,"st_km":0.89,"mesh":"53395619"},"geometry":{"type":"LineString","coordinates":[[139.86757,35.76079],[139.86614,35.76036]]}},{"type":"Feature","properties":{"idx":359,"road":NaN,"cls":"tertiary","shops":0,"st_km":0.97,"mesh":"53395607"},"geometry":{"type":"LineString","coordinates":[[139.84115,35.75625],[139.84122,35.75627]]}},{"type":"Feature","properties":{"idx":377,"road":NaN,"cls":"tertiary","shops":0,"st_km":0.91,"mesh":"53395607"},"geometry":{"type":"LineString","coordinates":[[139.83687,35.75493],[139.83819,35.75557],[139.84115,35.75625]]}},{"type":"Feature","properties":{"idx":62,"road":NaN,"cls":"tertiary","shops":0,"st_km":0.84,"mesh":"53395617"},"geometry":{"type":"LineString","coordinates":[[139.83961,35.763],[139.83961,35.76233]]}},{"type":"Feature","properties":{"idx":346,"road":"千住新宿町線","cls":"secondary","shops":1,"st_km":0.88,"mesh":"53395618"},"geometry":{"type":"LineString","coordinates":[[139.85662,35.76274],[139.85581,35.76292]]}},{"type":"Feature","properties":{"idx":224,"road":NaN,"cls":"tertiary","shops":0,"st_km":2.19,"mesh":"53395696"},"geometry":{"type":"LineString","coordinates":[[139.82809,35.82966],[139.82721,35.82947]]}},{"type":"Feature","properties":{"idx":177,"road":"松戸草加線","cls":"primary","shops":1,"st_km":1.49,"mesh":"53395687"},"geometry":{"type":"LineString","coordinates":[[139.83858,35.82048],[139.83971,35.82028]]}},{"type":"Feature","properties":{"idx":199,"road":"松戸草加線","cls":"primary","shops":1,"st_km":1.31,"mesh":"53395687"},"geometry":{"type":"LineString","coordinates":[[139.84383,35.81945],[139.84291,35.81962]]}},{"type":"Feature","properties":{"idx":104,"road":NaN,"cls":"tertiary","shops":0,"st_km":1.34,"mesh":"53395687"},"geometry":{"type":"LineString","coordinates":[[139.8409,35.8194],[139.8408,35.81937]]}},{"type":"Feature","properties":{"idx":254,"road":"松戸草加線","cls":"primary","shops":2,"st_km":1.38,"mesh":"53395687"},"geometry":{"type":"LineString","coordinates":[[139.84131,35.82],[139.84195,35.8198]]}},{"type":"Feature","properties":{"idx":323,"road":"松戸草加線","cls":"primary","shops":3,"st_km":1.35,"mesh":"53395687"},"geometry":{"type":"LineString","coordinates":[[139.8424,35.81972],[139.84195,35.8198]]}},{"type":"Feature","properties":{"idx":134,"road":"松戸草加線","cls":"primary","shops":0,"st_km":1.29,"mesh":"53395687"},"geometry":{"type":"LineString","coordinates":[[139.84383,35.81945],[139.84438,35.8194]]}},{"type":"Feature","properties":{"idx":135,"road":"松戸草加線","cls":"primary","shops":0,"st_km":1.29,"mesh":"53395687"},"geometry":{"type":"LineString","coordinates":[[139.84429,35.81935],[139.84383,35.81945]]}},{"type":"Feature","properties":{"idx":124,"road":"松戸草加線","cls":"primary","shops":0,"st_km":1.41,"mesh":"53395687"},"geometry":{"type":"LineString","coordinates":[[139.84148,35.81989],[139.83969,35.82022]]}},{"type":"Feature","properties":{"idx":1725,"road":"環七通り","cls":"primary","shops":6,"st_km":0.33,"mesh":"53395618"},"geometry":{"type":"LineString","coordinates":[[139.85012,35.7666],[139.8515,35.76379]]}},{"type":"Feature","properties":{"idx":370,"road":"環七通り","cls":"primary","shops":0,"st_km":0.48,"mesh":"53395618"},"geometry":{"type":"LineString","coordinates":[[139.8515,35.76379],[139.85162,35.76353]]}},{"type":"Feature","properties":{"idx":546,"road":"環七通り","cls":"primary","shops":1,"st_km":0.5,"mesh":"53395618"},"geometry":{"type":"LineString","coordinates":[[139.85162,35.76353],[139.85166,35.76346]]}},{"type":"Feature","properties":{"idx":539,"road":"環七通り","cls":"primary","shops":1,"st_km":0.51,"mesh":"53395618"},"geometry":{"type":"LineString","coordinates":[[139.85166,35.76346],[139.85175,35.76329]]}},{"type":"Feature","properties":{"idx":269,"road":"環七通り","cls":"primary","shops":0,"st_km":0.83,"mesh":"53395618"},"geometry":{"type":"LineString","coordinates":[[139.85365,35.75905],[139.85217,35.76194]]}},{"type":"Feature","properties":{"idx":317,"road":"環七通り","cls":"primary","shops":0,"st_km":0.65,"mesh":"53395618"},"geometry":{"type":"LineString","coordinates":[[139.85217,35.76194],[139.85207,35.76218]]}},{"type":"Feature","properties":{"idx":494,"road":"環七通り","cls":"primary","shops":1,"st_km":0.61,"mesh":"53395618"},"geometry":{"type":"LineString","coordinates":[[139.85207,35.76218],[139.85183,35.76268]]}},{"type":"Feature","properties":{"idx":680,"road":"環七通り","cls":"primary","shops":2,"st_km":0.57,"mesh":"53395618"},"geometry":{"type":"LineString","coordinates":[[139.85183,35.76268],[139.85178,35.76276]]}},{"type":"Feature","properties":{"idx":691,"road":"環七通り","cls":"primary","shops":2,"st_km":0.55,"mesh":"53395618"},"geometry":{"type":"LineString","coordinates":[[139.85178,35.76276],[139.85167,35.76299]]}},{"type":"Feature","properties":{"idx":122,"road":"墨堤通り","cls":"secondary","shops":0,"st_km":1.64,"mesh":"53395603"},"geometry":{"type":"LineString","coordinates":[[139.78895,35.75624],[139.7888,35.75624]]}},{"type":"Feature","properties":{"idx":434,"road":"尾竹橋通り","cls":"primary","shops":3,"st_km":1.56,"mesh":"53395603"},"geometry":{"type":"LineString","coordinates":[[139.78963,35.75544],[139.78994,35.75577]]}},{"type":"Feature","properties":{"idx":432,"road":"尾竹橋通り","cls":"primary","shops":3,"st_km":1.57,"mesh":"53395603"},"geometry":{"type":"LineString","coordinates":[[139.78961,35.75541],[139.78963,35.75544]]}},{"type":"Feature","properties":{"idx":79,"road":NaN,"cls":"pedestrian","shops":0,"st_km":0.29,"mesh":"53395651"},"geometry":{"type":"LineString","coordinates":[[139.77169,35.7945],[139.772,35.79439]]}},{"type":"Feature","properties":{"idx":77,"road":NaN,"cls":"pedestrian","shops":0,"st_km":0.31,"mesh":"53395651"},"geometry":{"type":"LineString","coordinates":[[139.772,35.79439],[139.7721,35.79436]]}},{"type":"Feature","properties":{"idx":81,"road":NaN,"cls":"tertiary","shops":0,"st_km":0.58,"mesh":"53395636"},"geometry":{"type":"LineString","coordinates":[[139.8306,35.78206],[139.83057,35.7818]]}}]}