{"type":"FeatureCollection","features":[{"type":"Feature","properties":{"idx":37,"road":"旧中山道","cls":"secondary","shops":0,"st_km":0.57,"mesh":"54392185"},"geometry":{"type":"LineString","coordinates":[[139.17624,36.24327],[139.1777,36.24264],[139.17952,36.24196],[139.18158,36.24126],[139.18311,36.24081],[139.18715,36.24057],[139.19285,36.24032],[139.1934,36.24022],[139.19523,36.23972],[139.19633,36.23931],[139.19851,36.23782],[139.19927,36.23738],[139.19972,36.23719],[139.20198,36.23687],[139.20721,36.23655]]}},{"type":"Feature","properties":{"idx":721,"road":"","cls":"tertiary","shops":0,"st_km":0.21,"mesh":"54392184"},"geometry":{"type":"LineString","coordinates":[[139.18889,36.23736],[139.18543,36.2388]]}},{"type":"Feature","properties":{"idx":269,"road":"上里鬼石線","cls":"primary","shops":0,"st_km":1.15,"mesh":"54392191"},"geometry":{"type":"LineString","coordinates":[[139.1532,36.25118],[139.14951,36.2452],[139.14522,36.23898],[139.14482,36.23833],[139.14448,36.23763],[139.1442,36.23679],[139.14406,36.23604],[139.14403,36.2352]]}},{"type":"Feature","properties":{"idx":355,"road":"三軒・古新田線","cls":"tertiary","shops":0,"st_km":1.39,"mesh":"54392192"},"geometry":{"type":"LineString","coordinates":[[139.16091,36.23857],[139.16073,36.23916],[139.16036,36.23981],[139.15984,36.24036],[139.15933,36.24074],[139.14951,36.2452]]}},{"type":"Feature","properties":{"idx":416,"road":"","cls":"tertiary","shops":0,"st_km":1.73,"mesh":"54392183"},"geometry":{"type":"LineString","coordinates":[[139.16601,36.23887],[139.16761,36.23897],[139.16821,36.23905],[139.17239,36.24009]]}},{"type":"Feature","properties":{"idx":198,"road":"本庄妻沼線","cls":"primary","shops":0,"st_km":2.66,"mesh":"54392177"},"geometry":{"type":"LineString","coordinates":[[139.21029,36.23361],[139.21115,36.23421],[139.21172,36.23437],[139.21234,36.23438],[139.21287,36.23423],[139.21421,36.23352],[139.21534,36.23299],[139.2163,36.23265],[139.21794,36.23221],[139.21912,36.23202],[139.22357,36.2315],[139.22434,36.23151],[139.22508,36.23165]]}},{"type":"Feature","properties":{"idx":437,"road":"","cls":"tertiary","shops":0,"st_km":1.64,"mesh":"54392183"},"geometry":{"type":"LineString","coordinates":[[139.17079,36.22853],[139.17079,36.22979],[139.17042,36.23034],[139.17006,36.23062],[139.16994,36.23082],[139.17022,36.23502],[139.17003,36.23603],[139.16987,36.23665],[139.16929,36.2381],[139.16923,36.2393]]}},{"type":"Feature","properties":{"idx":157,"road":"","cls":"tertiary","shops":0,"st_km":1.75,"mesh":"54392173"},"geometry":{"type":"LineString","coordinates":[[139.16801,36.23315],[139.17009,36.23303]]}},{"type":"Feature","properties":{"idx":764,"road":"","cls":"tertiary","shops":1,"st_km":1.88,"mesh":"54392193"},"geometry":{"type":"LineString","coordinates":[[139.1681,36.24201],[139.17138,36.24687]]}},{"type":"Feature","properties":{"idx":200,"road":"西田通り","cls":"tertiary","shops":0,"st_km":2.05,"mesh":"54392167"},"geometry":{"type":"LineString","coordinates":[[139.22185,36.22572],[139.22018,36.22103],[139.21964,36.21562],[139.21953,36.21519],[139.22017,36.21275],[139.22075,36.21162],[139.22129,36.21073],[139.22126,36.20902]]}},{"type":"Feature","properties":{"idx":177,"road":"","cls":"tertiary","shops":0,"st_km":2.43,"mesh":"54392167"},"geometry":{"type":"LineString","coordinates":[[139.22121,36.22392],[139.22231,36.22364],[139.22264,36.22329]]}},{"type":"Feature","properties":{"idx":64,"road":"","cls":"tertiary","shops":0,"st_km":1.47,"mesh":"54392163"},"geometry":{"type":"LineString","coordinates":[[139.1635,36.22125],[139.16367,36.22118],[139.16372,36.22103]]}},{"type":"Feature","properties":{"idx":101,"road":"","cls":"secondary_link","shops":3,"st_km":0.07,"mesh":"54392185"},"geometry":{"type":"LineString","coordinates":[[139.18868,36.23651],[139.1888,36.23675]]}},{"type":"Feature","properties":{"idx":34,"road":"","cls":"tertiary","shops":0,"st_km":0.52,"mesh":"54392185"},"geometry":{"type":"LineString","coordinates":[[139.18614,36.23605],[139.19493,36.23235],[139.19533,36.23215],[139.19566,36.23185],[139.19623,36.2309],[139.19773,36.22942]]}},{"type":"Feature","properties":{"idx":519,"road":"","cls":"tertiary","shops":1,"st_km":0.74,"mesh":"54392194"},"geometry":{"type":"LineString","coordinates":[[139.18414,36.24074],[139.18423,36.24159],[139.18466,36.24373]]}},{"type":"Feature","properties":{"idx":47,"road":"本庄停車場線","cls":"secondary","shops":0,"st_km":0.3,"mesh":"54392185"},"geometry":{"type":"LineString","coordinates":[[139.18889,36.23736],[139.18922,36.24048]]}},{"type":"Feature","properties":{"idx":98,"road":"","cls":"tertiary","shops":0,"st_km":1.14,"mesh":"54392174"},"geometry":{"type":"LineString","coordinates":[[139.18219,36.23535],[139.17867,36.23243],[139.17816,36.23209],[139.17079,36.22853]]}},{"type":"Feature","properties":{"idx":180,"road":"本庄寄居線","cls":"primary","shops":0,"st_km":1.01,"mesh":"54392175"},"geometry":{"type":"LineString","coordinates":[[139.1898,36.227],[139.18996,36.22755]]}},{"type":"Feature","properties":{"idx":86,"road":"","cls":"tertiary","shops":0,"st_km":1.01,"mesh":"54392163"},"geometry":{"type":"LineString","coordinates":[[139.17084,36.22632],[139.17087,36.22526],[139.17077,36.22464],[139.17059,36.22416],[139.17037,36.22373],[139.16929,36.22196],[139.16924,36.22122]]}},{"type":"Feature","properties":{"idx":391,"road":"平和通り","cls":"tertiary","shops":0,"st_km":0.87,"mesh":"54392184"},"geometry":{"type":"LineString","coordinates":[[139.17421,36.24147],[139.18419,36.23705]]}},{"type":"Feature","properties":{"idx":260,"road":"本庄駅南口前通り","cls":"tertiary","shops":8,"st_km":0.1,"mesh":"54392185"},"geometry":{"type":"LineString","coordinates":[[139.18803,36.23557],[139.18786,36.23532]]}},{"type":"Feature","properties":{"idx":63,"road":"","cls":"tertiary","shops":0,"st_km":1.48,"mesh":"54392163"},"geometry":{"type":"LineString","coordinates":[[139.16372,36.22103],[139.16347,36.22082],[139.16323,36.22053]]}},{"type":"Feature","properties":{"idx":51,"road":"","cls":"tertiary","shops":0,"st_km":1.9,"mesh":"54392162"},"geometry":{"type":"LineString","coordinates":[[139.16276,36.2215],[139.1625,36.22161],[139.16082,36.22328],[139.15889,36.22502],[139.15728,36.22635],[139.15655,36.22687]]}},{"type":"Feature","properties":{"idx":50,"road":"","cls":"tertiary","shops":0,"st_km":1.92,"mesh":"54392162"},"geometry":{"type":"LineString","coordinates":[[139.15883,36.22396],[139.15863,36.22013]]}},{"type":"Feature","properties":{"idx":184,"road":"","cls":"tertiary","shops":0,"st_km":1.38,"mesh":"54392173"},"geometry":{"type":"LineString","coordinates":[[139.17079,36.22853],[139.16939,36.22786],[139.16842,36.22726],[139.16721,36.22725]]}},{"type":"Feature","properties":{"idx":218,"road":"","cls":"tertiary","shops":0,"st_km":1.71,"mesh":"54392181"},"geometry":{"type":"LineString","coordinates":[[139.14816,36.23586],[139.14811,36.2373],[139.14817,36.238],[139.14831,36.23823],[139.14985,36.24019]]}},{"type":"Feature","properties":{"idx":30,"road":"","cls":"tertiary","shops":0,"st_km":1.65,"mesh":"54392190"},"geometry":{"type":"LineString","coordinates":[[139.12877,36.24594],[139.13016,36.24581],[139.13075,36.24582],[139.13192,36.24595],[139.13237,36.24604],[139.13282,36.24602],[139.13333,36.24593],[139.13437,36.24603],[139.13611,36.24632],[139.13645,36.24631],[139.13773,36.24582]]}},{"type":"Feature","properties":{"idx":27,"road":"","cls":"tertiary","shops":0,"st_km":1.94,"mesh":"54392190"},"geometry":{"type":"LineString","coordinates":[[139.13119,36.2428],[139.13513,36.24064]]}},{"type":"Feature","properties":{"idx":125,"road":"","cls":"tertiary","shops":0,"st_km":1.21,"mesh":"54392105"},"geometry":{"type":"LineString","coordinates":[[139.19029,36.16996],[139.19071,36.16979],[139.19134,36.1697],[139.19193,36.16966],[139.19254,36.16977],[139.19328,36.16967],[139.19402,36.1695],[139.19661,36.16862],[139.19666,36.16854],[139.19742,36.16815],[139.19841,36.16732]]}},{"type":"Feature","properties":{"idx":148,"road":"","cls":"tertiary","shops":0,"st_km":0.33,"mesh":"54392120"},"geometry":{"type":"LineString","coordinates":[[139.1356,36.19247],[139.13628,36.19175],[139.1364,36.19151],[139.13641,36.19118],[139.13619,36.19059],[139.13554,36.18797],[139.13543,36.18775],[139.13502,36.18727]]}},{"type":"Feature","properties":{"idx":41,"road":"","cls":"tertiary","shops":0,"st_km":1.21,"mesh":"54392113"},"geometry":{"type":"LineString","coordinates":[[139.16893,36.18138],[139.1689,36.17476],[139.16867,36.17436],[139.16678,36.17222],[139.16626,36.17097],[139.16597,36.16974]]}},{"type":"Feature","properties":{"idx":73,"road":"広木折原線","cls":"secondary","shops":0,"st_km":2.37,"mesh":"54392102"},"geometry":{"type":"LineString","coordinates":[[139.1549,36.17595],[139.15438,36.17519],[139.15428,36.17491],[139.15429,36.17467],[139.15449,36.17427],[139.15584,36.17231],[139.15593,36.17203],[139.15608,36.17101],[139.15669,36.16996],[139.1567,36.16959],[139.15636,36.16872],[139.15633,36.16848]]}},{"type":"Feature","properties":{"idx":167,"road":"児玉町蛭川普済寺線","cls":"secondary","shops":0,"st_km":2.11,"mesh":"54392142"},"geometry":{"type":"LineString","coordinates":[[139.15079,36.20987],[139.15111,36.2099],[139.15141,36.20987],[139.15154,36.20981],[139.15182,36.20953],[139.15185,36.20935],[139.15169,36.20554],[139.15184,36.20533],[139.15272,36.20472],[139.1531,36.20465],[139.15797,36.20477],[139.15968,36.20474],[139.16014,36.20482],[139.16168,36.20536],[139.16284,36.20558]]}},{"type":"Feature","properties":{"idx":113,"road":"花園本庄線","cls":"primary","shops":0,"st_km":0.66,"mesh":"54392164"},"geometry":{"type":"LineString","coordinates":[[139.18858,36.21802],[139.18789,36.21806],[139.18732,36.21817],[139.18563,36.21884]]}},{"type":"Feature","properties":{"idx":223,"road":"コスモス街道","cls":"tertiary","shops":0,"st_km":1.06,"mesh":"54392139"},"geometry":{"type":"LineString","coordinates":[[139.22729,36.20262],[139.22823,36.20235],[139.23371,36.20107],[139.23607,36.20072],[139.24037,36.19996],[139.24765,36.19887],[139.25664,36.19596],[139.26,36.19412],[139.26224,36.19319],[139.26331,36.19265]]}},{"type":"Feature","properties":{"idx":110,"road":"花植木街道（北線）","cls":"tertiary","shops":0,"st_km":1.19,"mesh":"54392149"},"geometry":{"type":"LineString","coordinates":[[139.24839,36.19971],[139.24985,36.20138]]}},{"type":"Feature","properties":{"idx":252,"road":"","cls":"tertiary","shops":0,"st_km":0.24,"mesh":"54392149"},"geometry":{"type":"LineString","coordinates":[[139.23794,36.20698],[139.23935,36.20675],[139.24026,36.20668],[139.24103,36.20637],[139.24165,36.20623]]}},{"type":"Feature","properties":{"idx":37,"road":"児玉町蛭川普済寺線","cls":"secondary","shops":0,"st_km":1.47,"mesh":"54392143"},"geometry":{"type":"LineString","coordinates":[[139.17319,36.20629],[139.17412,36.20644]]}},{"type":"Feature","properties":{"idx":215,"road":"児玉町蛭川普済寺線","cls":"secondary","shops":0,"st_km":1.4,"mesh":"54392144"},"geometry":{"type":"LineString","coordinates":[[139.17412,36.20644],[139.17591,36.20671],[139.17625,36.20666],[139.17647,36.20652]]}},{"type":"Feature","properties":{"idx":424,"road":"","cls":"tertiary","shops":0,"st_km":0.54,"mesh":"54392159"},"geometry":{"type":"LineString","coordinates":[[139.23924,36.21047],[139.24031,36.21007]]}},{"type":"Feature","properties":{"idx":328,"road":"","cls":"tertiary","shops":0,"st_km":0.84,"mesh":"54392159"},"geometry":{"type":"LineString","coordinates":[[139.24093,36.21125],[139.24192,36.21388]]}},{"type":"Feature","properties":{"idx":606,"road":"針ヶ谷岡線","cls":"secondary","shops":0,"st_km":0.14,"mesh":"54392148"},"geometry":{"type":"LineString","coordinates":[[139.23511,36.20696],[139.23662,36.20663],[139.23763,36.20617]]}},{"type":"Feature","properties":{"idx":393,"road":"新野岡部停車場線","cls":"secondary","shops":0,"st_km":0.76,"mesh":"54392159"},"geometry":{"type":"LineString","coordinates":[[139.23755,36.20599],[139.23875,36.20909],[139.23936,36.21092],[139.23997,36.21488],[139.23991,36.21584],[139.23993,36.21684],[139.24033,36.21892]]}},{"type":"Feature","properties":{"idx":20,"road":"新野岡部停車場線","cls":"secondary","shops":0,"st_km":1.95,"mesh":"54392169"},"geometry":{"type":"LineString","coordinates":[[139.24086,36.22252],[139.24107,36.22357]]}},{"type":"Feature","properties":{"idx":257,"road":"針ヶ谷岡線","cls":"secondary","shops":0,"st_km":0.55,"mesh":"54392158"},"geometry":{"type":"LineString","coordinates":[[139.23924,36.21047],[139.23664,36.21144],[139.23518,36.20748]]}},{"type":"Feature","properties":{"idx":83,"road":"針ヶ谷岡線","cls":"secondary","shops":0,"st_km":2.17,"mesh":"54392128"},"geometry":{"type":"LineString","coordinates":[[139.22464,36.18237],[139.22494,36.18257],[139.22841,36.18345],[139.22919,36.1839],[139.2298,36.18449],[139.23004,36.18488],[139.23016,36.18526],[139.23082,36.18777],[139.23108,36.19065],[139.23121,36.19116],[139.2315,36.19173],[139.23187,36.19223],[139.23215,36.19253],[139.23354,36.19373]]}},{"type":"Feature","properties":{"idx":537,"road":"針ヶ谷岡線","cls":"secondary","shops":0,"st_km":0.26,"mesh":"54392148"},"geometry":{"type":"LineString","coordinates":[[139.23518,36.20748],[139.23472,36.20624]]}},{"type":"Feature","properties":{"idx":206,"road":"","cls":"tertiary","shops":0,"st_km":0.66,"mesh":"54392158"},"geometry":{"type":"LineString","coordinates":[[139.23583,36.21174],[139.23664,36.21144]]}},{"type":"Feature","properties":{"idx":152,"road":"","cls":"tertiary","shops":0,"st_km":1.04,"mesh":"54392158"},"geometry":{"type":"LineString","coordinates":[[139.22826,36.21492],[139.23631,36.21319]]}},{"type":"Feature","properties":{"idx":438,"road":"","cls":"tertiary","shops":0,"st_km":0.35,"mesh":"54392148"},"geometry":{"type":"LineString","coordinates":[[139.23739,36.20462],[139.23717,36.20342],[139.23652,36.20063]]}},{"type":"Feature","properties":{"idx":293,"road":"児玉町蛭川普済寺線","cls":"secondary","shops":0,"st_km":0.41,"mesh":"54392158"},"geometry":{"type":"LineString","coordinates":[[139.24987,36.20663],[139.24915,36.20606],[139.24838,36.20573],[139.24778,36.20553],[139.24757,36.20556],[139.24661,36.20604],[139.2447,36.20723],[139.24407,36.20753],[139.24271,36.20804],[139.24129,36.2085],[139.24045,36.20864],[139.23798,36.20925],[139.23598,36.20961],[139.23415,36.20987],[139.23203,36.21006],[139.22853,36.21048],[139.22707,36.20968],[139.22664,36.20923],[139.2259,36.20866],[139.22566,36.20855],[139.22406,36.20872]]}},{"type":"Feature","properties":{"idx":222,"road":"旧中山道","cls":"tertiary","shops":0,"st_km":0.36,"mesh":"54392149"},"geometry":{"type":"LineString","coordinates":[[139.23798,36.19347],[139.23733,36.19414],[139.23734,36.19432],[139.23908,36.2017],[139.2392,36.20203],[139.23965,36.20297],[139.2407,36.20488],[139.24128,36.20562],[139.2426,36.20782],[139.24456,36.21156],[139.24482,36.21186]]}},{"type":"Feature","properties":{"idx":66,"road":"","cls":"tertiary","shops":0,"st_km":1.39,"mesh":"54392138"},"geometry":{"type":"LineString","coordinates":[[139.23339,36.19357],[139.23368,36.1936]]}},{"type":"Feature","properties":{"idx":165,"road":"","cls":"tertiary","shops":0,"st_km":0.69,"mesh":"54392149"},"geometry":{"type":"LineString","coordinates":[[139.2421,36.19971],[139.24225,36.20041],[139.2439,36.20286]]}},{"type":"Feature","properties":{"idx":184,"road":"","cls":"tertiary","shops":0,"st_km":2.28,"mesh":"54392167"},"geometry":{"type":"LineString","coordinates":[[139.22478,36.22275],[139.22277,36.22322],[139.22264,36.22329]]}},{"type":"Feature","properties":{"idx":51,"road":"","cls":"tertiary","shops":0,"st_km":1.84,"mesh":"54392157"},"geometry":{"type":"LineString","coordinates":[[139.21968,36.216],[139.22291,36.21579]]}},{"type":"Feature","properties":{"idx":56,"road":"","cls":"tertiary","shops":0,"st_km":1.65,"mesh":"54392157"},"geometry":{"type":"LineString","coordinates":[[139.22291,36.21579],[139.22426,36.21571],[139.22487,36.21562]]}},{"type":"Feature","properties":{"idx":53,"road":"","cls":"tertiary","shops":0,"st_km":2.23,"mesh":"54392156"},"geometry":{"type":"LineString","coordinates":[[139.20404,36.21231],[139.20255,36.21236]]}},{"type":"Feature","properties":{"idx":96,"road":"","cls":"tertiary","shops":0,"st_km":1.72,"mesh":"54392155"},"geometry":{"type":"LineString","coordinates":[[139.19981,36.21239],[139.19824,36.21241],[139.19676,36.21229],[139.19621,36.21242],[139.19475,36.213]]}},{"type":"Feature","properties":{"idx":56,"road":"花園本庄線","cls":"primary","shops":0,"st_km":1.8,"mesh":"54392137"},"geometry":{"type":"LineString","coordinates":[[139.22273,36.18276],[139.2234,36.18527],[139.22347,36.18575],[139.22377,36.19117],[139.2239,36.19171],[139.22437,36.19291],[139.22447,36.19364],[139.22433,36.19442],[139.22357,36.19683],[139.22328,36.19812],[139.22287,36.19928],[139.22189,36.20412]]}},{"type":"Feature","properties":{"idx":14,"road":"","cls":"tertiary","shops":0,"st_km":2.7,"mesh":"54392146"},"geometry":{"type":"LineString","coordinates":[[139.1974,36.20757],[139.19881,36.20668],[139.20069,36.2064],[139.20146,36.20617],[139.20217,36.20582],[139.20264,36.20568],[139.20441,36.20543],[139.20473,36.20596],[139.2053,36.20639],[139.20562,36.20645],[139.20665,36.20694],[139.20747,36.20695],[139.2077,36.20702],[139.20921,36.20848],[139.21259,36.21152]]}},{"type":"Feature","properties":{"idx":44,"road":"","cls":"tertiary","shops":0,"st_km":2.26,"mesh":"54392157"},"geometry":{"type":"LineString","coordinates":[[139.2158,36.21516],[139.21465,36.21526]]}},{"type":"Feature","properties":{"idx":42,"road":"","cls":"tertiary","shops":0,"st_km":2.43,"mesh":"54392157"},"geometry":{"type":"LineString","coordinates":[[139.21395,36.21532],[139.21261,36.21543]]}},{"type":"Feature","properties":{"idx":54,"road":"","cls":"tertiary","shops":0,"st_km":2.12,"mesh":"54392156"},"geometry":{"type":"LineString","coordinates":[[139.20529,36.21384],[139.19981,36.21386]]}},{"type":"Feature","properties":{"idx":50,"road":"","cls":"tertiary","shops":0,"st_km":2.43,"mesh":"54392156"},"geometry":{"type":"LineString","coordinates":[[139.21116,36.21286],[139.21213,36.21298],[139.21223,36.21304],[139.21236,36.21363],[139.21261,36.21543]]}},{"type":"Feature","properties":{"idx":88,"road":"","cls":"tertiary","shops":0,"st_km":1.91,"mesh":"54392155"},"geometry":{"type":"LineString","coordinates":[[139.19981,36.21386],[139.19981,36.21239]]}},{"type":"Feature","properties":{"idx":49,"road":"","cls":"tertiary","shops":0,"st_km":2.47,"mesh":"54392156"},"geometry":{"type":"LineString","coordinates":[[139.20981,36.21805],[139.20543,36.21805],[139.20536,36.21802],[139.20528,36.21285],[139.20536,36.21264],[139.20536,36.21103],[139.2056,36.21033],[139.20559,36.20827],[139.20534,36.20799],[139.20382,36.20666],[139.20359,36.20651],[139.20286,36.20625],[139.20274,36.20613],[139.20253,36.20503],[139.20231,36.20221],[139.20249,36.20165],[139.2025,36.20125]]}},{"type":"Feature","properties":{"idx":47,"road":"","cls":"tertiary","shops":0,"st_km":2.05,"mesh":"54392157"},"geometry":{"type":"LineString","coordinates":[[139.2158,36.21516],[139.21961,36.21486]]}},{"type":"Feature","properties":{"idx":19,"road":"花園本庄線バイパス","cls":"primary","shops":0,"st_km":2.34,"mesh":"54392146"},"geometry":{"type":"LineString","coordinates":[[139.21137,36.20503],[139.21162,36.20501]]}},{"type":"Feature","properties":{"idx":43,"road":"","cls":"tertiary","shops":0,"st_km":2.34,"mesh":"54392157"},"geometry":{"type":"LineString","coordinates":[[139.21395,36.21532],[139.21465,36.21526]]}},{"type":"Feature","properties":{"idx":56,"road":"花園本庄線","cls":"primary","shops":0,"st_km":2.18,"mesh":"54392157"},"geometry":{"type":"LineString","coordinates":[[139.21381,36.21095],[139.21431,36.21072]]}},{"type":"Feature","properties":{"idx":56,"road":"","cls":"tertiary","shops":0,"st_km":2.05,"mesh":"54392156"},"geometry":{"type":"LineString","coordinates":[[139.20255,36.21236],[139.19981,36.21239]]}},{"type":"Feature","properties":{"idx":115,"road":"","cls":"tertiary","shops":0,"st_km":2.07,"mesh":"54392147"},"geometry":{"type":"LineString","coordinates":[[139.21486,36.20473],[139.2146,36.20284],[139.21457,36.20188]]}},{"type":"Feature","properties":{"idx":4,"road":"","cls":"tertiary","shops":0,"st_km":2.73,"mesh":"54392136"},"geometry":{"type":"LineString","coordinates":[[139.20737,36.18828],[139.20836,36.19004],[139.2087,36.19096],[139.20958,36.19208],[139.20982,36.19248],[139.2101,36.19337],[139.21016,36.1938],[139.2105,36.19441],[139.21099,36.19493],[139.21247,36.19691],[139.21285,36.19781],[139.21316,36.19871],[139.21332,36.19868],[139.21411,36.19923],[139.21429,36.2002]]}},{"type":"Feature","properties":{"idx":43,"road":"","cls":"tertiary","shops":0,"st_km":1.88,"mesh":"54392137"},"geometry":{"type":"LineString","coordinates":[[139.22386,36.19587],[139.223,36.19601],[139.22207,36.19638],[139.21429,36.2002]]}},{"type":"Feature","properties":{"idx":113,"road":"","cls":"tertiary","shops":0,"st_km":1.48,"mesh":"54392158"},"geometry":{"type":"LineString","coordinates":[[139.22487,36.21562],[139.22731,36.2151]]}},{"type":"Feature","properties":{"idx":122,"road":"","cls":"tertiary","shops":0,"st_km":1.35,"mesh":"54392158"},"geometry":{"type":"LineString","coordinates":[[139.22731,36.2151],[139.22826,36.21492]]}},{"type":"Feature","properties":{"idx":4,"road":"","cls":"tertiary","shops":0,"st_km":3.0,"mesh":"54392136"},"geometry":{"type":"LineString","coordinates":[[139.20348,36.1993],[139.20343,36.20003]]}},{"type":"Feature","properties":{"idx":113,"road":"","cls":"tertiary","shops":0,"st_km":2.14,"mesh":"54392147"},"geometry":{"type":"LineString","coordinates":[[139.21457,36.20188],[139.21429,36.2002]]}},{"type":"Feature","properties":{"idx":14,"road":"","cls":"tertiary","shops":0,"st_km":2.66,"mesh":"54392146"},"geometry":{"type":"LineString","coordinates":[[139.20827,36.20114],[139.20863,36.20111]]}},{"type":"Feature","properties":{"idx":81,"road":"","cls":"tertiary","shops":0,"st_km":1.9,"mesh":"54392128"},"geometry":{"type":"LineString","coordinates":[[139.23103,36.19015],[139.22377,36.19117]]}},{"type":"Feature","properties":{"idx":13,"road":"","cls":"tertiary","shops":0,"st_km":2.97,"mesh":"54392146"},"geometry":{"type":"LineString","coordinates":[[139.20827,36.20114],[139.20765,36.20121],[139.2013,36.20129]]}},{"type":"Feature","properties":{"idx":35,"road":"","cls":"tertiary","shops":0,"st_km":1.98,"mesh":"54392107"},"geometry":{"type":"LineString","coordinates":[[139.21487,36.16886],[139.21408,36.1689],[139.21259,36.16885],[139.21232,36.16887],[139.21198,36.16899],[139.21129,36.16936],[139.21041,36.16967]]}},{"type":"Feature","properties":{"idx":243,"road":"","cls":"tertiary","shops":0,"st_km":0.95,"mesh":"54392139"},"geometry":{"type":"LineString","coordinates":[[139.2302,36.19837],[139.23696,36.19726],[139.24518,36.19604]]}},{"type":"Feature","properties":{"idx":156,"road":"","cls":"tertiary","shops":0,"st_km":3.9,"mesh":"54392109"},"geometry":{"type":"LineString","coordinates":[[139.24404,36.17161],[139.24648,36.17002],[139.24795,36.16974],[139.24914,36.16934],[139.24955,36.16931],[139.25016,36.16947],[139.25036,36.16941]]}},{"type":"Feature","properties":{"idx":157,"road":"","cls":"tertiary","shops":0,"st_km":3.74,"mesh":"54392109"},"geometry":{"type":"LineString","coordinates":[[139.24404,36.17161],[139.24189,36.17303]]}},{"type":"Feature","properties":{"idx":85,"road":"","cls":"tertiary","shops":0,"st_km":3.34,"mesh":"54392118"},"geometry":{"type":"LineString","coordinates":[[139.22863,36.17052],[139.22866,36.17112],[139.22859,36.17153],[139.228,36.17228],[139.22806,36.1729],[139.22782,36.17402],[139.22698,36.17617],[139.22675,36.17697],[139.22622,36.17786],[139.22671,36.17929],[139.22755,36.18151],[139.22805,36.18334]]}},{"type":"Feature","properties":{"idx":93,"road":"","cls":"tertiary","shops":0,"st_km":3.08,"mesh":"54392117"},"geometry":{"type":"LineString","coordinates":[[139.22782,36.17402],[139.22643,36.17428],[139.22328,36.17503],[139.21878,36.17662],[139.21709,36.17686]]}},{"type":"Feature","properties":{"idx":32,"road":"","cls":"tertiary","shops":0,"st_km":2.52,"mesh":"54392107"},"geometry":{"type":"LineString","coordinates":[[139.21548,36.17143],[139.21668,36.17119],[139.21807,36.17081],[139.22423,36.16935]]}},{"type":"Feature","properties":{"idx":117,"road":"花園本庄線","cls":"primary","shops":0,"st_km":3.01,"mesh":"54392117"},"geometry":{"type":"LineString","coordinates":[[139.21885,36.18091],[139.2184,36.17908],[139.21806,36.17843],[139.21736,36.17755],[139.21714,36.17707],[139.21704,36.1765],[139.21684,36.17443],[139.21656,36.17375]]}},{"type":"Feature","properties":{"idx":152,"road":"","cls":"tertiary","shops":0,"st_km":3.95,"mesh":"54392109"},"geometry":{"type":"LineString","coordinates":[[139.24296,36.16699],[139.23825,36.1701]]}},{"type":"Feature","properties":{"idx":86,"road":"","cls":"tertiary","shops":0,"st_km":3.23,"mesh":"54392118"},"geometry":{"type":"LineString","coordinates":[[139.23108,36.1802],[139.23112,36.18012],[139.24189,36.17303]]}},{"type":"Feature","properties":{"idx":279,"road":"本庄寄居線","cls":"primary","shops":0,"st_km":0.22,"mesh":"54392104"},"geometry":{"type":"LineString","coordinates":[[139.18362,36.18667],[139.18361,36.18271],[139.18351,36.18013],[139.18337,36.17958],[139.18283,36.17822],[139.18256,36.17737],[139.18255,36.1746],[139.18289,36.17307],[139.18293,36.17221],[139.18351,36.1687],[139.1843,36.16544],[139.18443,36.16468],[139.18454,36.16336]]}},{"type":"Feature","properties":{"idx":215,"road":"児玉町蛭川普済寺線","cls":"secondary","shops":0,"st_km":1.4,"mesh":"54392144"},"geometry":{"type":"LineString","coordinates":[[139.17647,36.20652],[139.17696,36.2061]]}},{"type":"Feature","properties":{"idx":59,"road":"","cls":"primary","shops":0,"st_km":1.53,"mesh":"54392124"},"geometry":{"type":"LineString","coordinates":[[139.18362,36.18684],[139.18362,36.18667]]}},{"type":"Feature","properties":{"idx":4,"road":"","cls":"tertiary","shops":0,"st_km":3.05,"mesh":"54392136"},"geometry":{"type":"LineString","coordinates":[[139.20348,36.19888],[139.20348,36.1993]]}},{"type":"Feature","properties":{"idx":436,"road":"児玉町蛭川普済寺線","cls":"secondary","shops":0,"st_km":1.44,"mesh":"54392145"},"geometry":{"type":"LineString","coordinates":[[139.17696,36.2061],[139.17723,36.20589],[139.17749,36.20582],[139.17779,36.20578],[139.17802,36.20583],[139.18208,36.20804],[139.1825,36.20822],[139.18302,36.20829],[139.18669,36.20833],[139.19542,36.20676],[139.19579,36.20677],[139.19605,36.20683],[139.19841,36.20815],[139.19914,36.20861],[139.20039,36.20954]]}},{"type":"Feature","properties":{"idx":59,"road":"花園本庄線","cls":"primary","shops":0,"st_km":2.67,"mesh":"54392156"},"geometry":{"type":"LineString","coordinates":[[139.20909,36.21984],[139.20929,36.21911],[139.20981,36.21805],[139.20992,36.21768],[139.20999,36.21557],[139.21006,36.21466],[139.21031,36.21413],[139.21058,36.21366],[139.21116,36.21286],[139.21196,36.21192],[139.21248,36.21157],[139.21381,36.21095]]}},{"type":"Feature","properties":{"idx":40,"road":"","cls":"tertiary","shops":0,"st_km":2.94,"mesh":"54392135"},"geometry":{"type":"LineString","coordinates":[[139.19762,36.19656],[139.19763,36.19651]]}},{"type":"Feature","properties":{"idx":30,"road":"","cls":"tertiary","shops":0,"st_km":1.35,"mesh":"54392153"},"geometry":{"type":"LineString","coordinates":[[139.1698,36.21003],[139.17138,36.20815]]}},{"type":"Feature","properties":{"idx":138,"road":"","cls":"tertiary","shops":0,"st_km":1.01,"mesh":"54392105"},"geometry":{"type":"LineString","coordinates":[[139.19402,36.1695],[139.19329,36.17048],[139.19186,36.17133],[139.19144,36.17165]]}},{"type":"Feature","properties":{"idx":4,"road":"","cls":"tertiary","shops":0,"st_km":3.08,"mesh":"54392136"},"geometry":{"type":"LineString","coordinates":[[139.20348,36.19888],[139.2035,36.19846]]}},{"type":"Feature","properties":{"idx":24,"road":"","cls":"tertiary","shops":0,"st_km":2.21,"mesh":"54392143"},"geometry":{"type":"LineString","coordinates":[[139.16797,36.2014],[139.16838,36.20087]]}},{"type":"Feature","properties":{"idx":25,"road":"","cls":"tertiary","shops":0,"st_km":1.67,"mesh":"54392153"},"geometry":{"type":"LineString","coordinates":[[139.16302,36.22014],[139.16299,36.21995],[139.16311,36.21972],[139.16312,36.21956],[139.16309,36.21466],[139.16325,36.21378],[139.16382,36.21166],[139.16379,36.21104],[139.16385,36.21086],[139.16462,36.20978],[139.1662,36.20721],[139.16711,36.20264],[139.16724,36.20237],[139.16797,36.2014]]}},{"type":"Feature","properties":{"idx":26,"road":"","cls":"tertiary","shops":0,"st_km":2.0,"mesh":"54392143"},"geometry":{"type":"LineString","coordinates":[[139.18026,36.20123],[139.18014,36.20119],[139.17041,36.20123],[139.17001,36.20055],[139.16937,36.20009],[139.16898,36.19995]]}},{"type":"Feature","properties":{"idx":161,"road":"","cls":"tertiary","shops":0,"st_km":1.72,"mesh":"54392144"},"geometry":{"type":"LineString","coordinates":[[139.17731,36.20315],[139.17664,36.20361]]}},{"type":"Feature","properties":{"idx":167,"road":"","cls":"tertiary","shops":0,"st_km":1.64,"mesh":"54392144"},"geometry":{"type":"LineString","coordinates":[[139.17664,36.20361],[139.17497,36.20485]]}},{"type":"Feature","properties":{"idx":148,"road":"","cls":"tertiary","shops":0,"st_km":1.9,"mesh":"54392144"},"geometry":{"type":"LineString","coordinates":[[139.18026,36.20123],[139.17938,36.20184]]}},{"type":"Feature","properties":{"idx":139,"road":"","cls":"tertiary","shops":0,"st_km":2.05,"mesh":"54392144"},"geometry":{"type":"LineString","coordinates":[[139.18026,36.20123],[139.18286,36.19926]]}},{"type":"Feature","properties":{"idx":154,"road":"","cls":"tertiary","shops":0,"st_km":1.8,"mesh":"54392144"},"geometry":{"type":"LineString","coordinates":[[139.17938,36.20184],[139.17731,36.20315]]}},{"type":"Feature","properties":{"idx":31,"road":"","cls":"tertiary","shops":0,"st_km":1.57,"mesh":"54392143"},"geometry":{"type":"LineString","coordinates":[[139.17415,36.20554],[139.17497,36.20485]]}},{"type":"Feature","properties":{"idx":74,"road":"","cls":"tertiary","shops":0,"st_km":2.21,"mesh":"54392134"},"geometry":{"type":"LineString","coordinates":[[139.18286,36.19926],[139.18359,36.19864]]}},{"type":"Feature","properties":{"idx":44,"road":"","cls":"tertiary","shops":0,"st_km":2.46,"mesh":"54392135"},"geometry":{"type":"LineString","coordinates":[[139.19063,36.20324],[139.19059,36.19342]]}},{"type":"Feature","properties":{"idx":306,"road":"","cls":"tertiary","shops":0,"st_km":1.92,"mesh":"54392145"},"geometry":{"type":"LineString","coordinates":[[139.19063,36.20324],[139.19085,36.2039],[139.1908,36.20464]]}},{"type":"Feature","properties":{"idx":152,"road":"熊谷児玉線","cls":"primary","shops":0,"st_km":2.75,"mesh":"54392133"},"geometry":{"type":"LineString","coordinates":[[139.18355,36.19636],[139.18287,36.1964],[139.18129,36.19659],[139.17986,36.19614],[139.17798,36.19567],[139.17705,36.19553],[139.17629,36.19547],[139.17407,36.19547],[139.17135,36.19556],[139.16791,36.19553],[139.16469,36.19425],[139.16411,36.19388],[139.1636,36.19369],[139.16125,36.19382],[139.16077,36.19377],[139.16024,36.19361],[139.15984,36.19339],[139.15678,36.19059],[139.15599,36.18999]]}},{"type":"Feature","properties":{"idx":61,"road":"","cls":"tertiary","shops":0,"st_km":2.54,"mesh":"54392134"},"geometry":{"type":"LineString","coordinates":[[139.18658,36.19542],[139.18608,36.19603]]}},{"type":"Feature","properties":{"idx":38,"road":"","cls":"tertiary","shops":0,"st_km":2.78,"mesh":"54392135"},"geometry":{"type":"LineString","coordinates":[[139.19761,36.19398],[139.19766,36.19539]]}},{"type":"Feature","properties":{"idx":38,"road":"","cls":"tertiary","shops":0,"st_km":2.9,"mesh":"54392135"},"geometry":{"type":"LineString","coordinates":[[139.19766,36.19539],[139.19763,36.19651]]}},{"type":"Feature","properties":{"idx":72,"road":"","cls":"tertiary","shops":0,"st_km":2.31,"mesh":"54392134"},"geometry":{"type":"LineString","coordinates":[[139.18452,36.19777],[139.18359,36.19864]]}},{"type":"Feature","properties":{"idx":69,"road":"","cls":"tertiary","shops":0,"st_km":2.47,"mesh":"54392134"},"geometry":{"type":"LineString","coordinates":[[139.18452,36.19777],[139.18608,36.19603]]}},{"type":"Feature","properties":{"idx":62,"road":"","cls":"tertiary","shops":0,"st_km":2.45,"mesh":"54392134"},"geometry":{"type":"LineString","coordinates":[[139.17627,36.18554],[139.17631,36.18947],[139.17629,36.19547],[139.17633,36.20304],[139.17639,36.2033],[139.17664,36.20361]]}},{"type":"Feature","properties":{"idx":48,"road":"","cls":"tertiary","shops":0,"st_km":1.47,"mesh":"54392124"},"geometry":{"type":"LineString","coordinates":[[139.17627,36.18554],[139.17626,36.18537]]}},{"type":"Feature","properties":{"idx":92,"road":"","cls":"tertiary","shops":0,"st_km":1.08,"mesh":"54392114"},"geometry":{"type":"LineString","coordinates":[[139.1812,36.18272],[139.18001,36.18272]]}},{"type":"Feature","properties":{"idx":24,"road":"","cls":"tertiary","shops":0,"st_km":2.34,"mesh":"54392123"},"geometry":{"type":"LineString","coordinates":[[139.16839,36.20086],[139.16887,36.2002],[139.16902,36.19975],[139.16907,36.19753],[139.16896,36.19463],[139.16893,36.18156]]}},{"type":"Feature","properties":{"idx":91,"road":"","cls":"tertiary","shops":0,"st_km":2.06,"mesh":"54392112"},"geometry":{"type":"LineString","coordinates":[[139.16233,36.17414],[139.16243,36.17444],[139.16194,36.17521],[139.16149,36.17734],[139.16157,36.18563],[139.16528,36.18561]]}},{"type":"Feature","properties":{"idx":11,"road":"","cls":"tertiary","shops":0,"st_km":1.65,"mesh":"54392125"},"geometry":{"type":"LineString","coordinates":[[139.19036,36.18628],[139.19082,36.18623]]}},{"type":"Feature","properties":{"idx":11,"road":"","cls":"tertiary","shops":0,"st_km":1.64,"mesh":"54392125"},"geometry":{"type":"LineString","coordinates":[[139.19028,36.1863],[139.19036,36.18628]]}},{"type":"Feature","properties":{"idx":27,"road":"","cls":"tertiary","shops":0,"st_km":1.85,"mesh":"54392123"},"geometry":{"type":"LineString","coordinates":[[139.18933,36.18642],[139.18848,36.18661],[139.18641,36.1874],[139.18555,36.18751],[139.18299,36.18758],[139.18053,36.18751],[139.16526,36.18754],[139.16461,36.18759],[139.16377,36.18824],[139.16313,36.18865],[139.1628,36.18876],[139.16169,36.1889],[139.16121,36.18921],[139.16114,36.19016],[139.1613,36.19056],[139.16182,36.1913],[139.16365,36.19354],[139.1636,36.19369]]}},{"type":"Feature","properties":{"idx":62,"road":"","cls":"tertiary","shops":0,"st_km":2.42,"mesh":"54392134"},"geometry":{"type":"LineString","coordinates":[[139.18781,36.19348],[139.18658,36.19542]]}},{"type":"Feature","properties":{"idx":11,"road":"","cls":"tertiary","shops":0,"st_km":1.66,"mesh":"54392125"},"geometry":{"type":"LineString","coordinates":[[139.19082,36.18623],[139.19092,36.18622]]}},{"type":"Feature","properties":{"idx":11,"road":"","cls":"tertiary","shops":0,"st_km":1.7,"mesh":"54392125"},"geometry":{"type":"LineString","coordinates":[[139.19092,36.18622],[139.19256,36.18621]]}},{"type":"Feature","properties":{"idx":79,"road":"熊谷児玉線","cls":"primary","shops":0,"st_km":2.29,"mesh":"54392134"},"geometry":{"type":"LineString","coordinates":[[139.18781,36.19348],[139.18368,36.1935]]}},{"type":"Feature","properties":{"idx":49,"road":"熊谷児玉線","cls":"primary","shops":0,"st_km":2.51,"mesh":"54392135"},"geometry":{"type":"LineString","coordinates":[[139.19561,36.19283],[139.19601,36.19269]]}},{"type":"Feature","properties":{"idx":49,"road":"熊谷児玉線","cls":"primary","shops":0,"st_km":2.42,"mesh":"54392135"},"geometry":{"type":"LineString","coordinates":[[139.18781,36.19348],[139.18933,36.19347],[139.19419,36.19328],[139.19561,36.19283]]}},{"type":"Feature","properties":{"idx":10,"road":"","cls":"tertiary","shops":0,"st_km":2.35,"mesh":"54392125"},"geometry":{"type":"LineString","coordinates":[[139.19609,36.19044],[139.19607,36.19132],[139.19601,36.19154]]}},{"type":"Feature","properties":{"idx":10,"road":"","cls":"tertiary","shops":0,"st_km":2.26,"mesh":"54392125"},"geometry":{"type":"LineString","coordinates":[[139.19611,36.18942],[139.19609,36.19044]]}},{"type":"Feature","properties":{"idx":39,"road":"","cls":"tertiary","shops":0,"st_km":2.45,"mesh":"54392135"},"geometry":{"type":"LineString","coordinates":[[139.19601,36.19154],[139.19593,36.19225],[139.19601,36.19269]]}},{"type":"Feature","properties":{"idx":54,"road":"","cls":"tertiary","shops":0,"st_km":2.45,"mesh":"54392126"},"geometry":{"type":"LineString","coordinates":[[139.20111,36.18645],[139.20227,36.1874],[139.20278,36.18791],[139.20357,36.18903]]}},{"type":"Feature","properties":{"idx":10,"road":"","cls":"tertiary","shops":0,"st_km":1.99,"mesh":"54392125"},"geometry":{"type":"LineString","coordinates":[[139.19845,36.18618],[139.19593,36.1862]]}},{"type":"Feature","properties":{"idx":10,"road":"","cls":"tertiary","shops":0,"st_km":2.11,"mesh":"54392125"},"geometry":{"type":"LineString","coordinates":[[139.19976,36.1861],[139.19845,36.18618]]}},{"type":"Feature","properties":{"idx":11,"road":"","cls":"tertiary","shops":0,"st_km":1.82,"mesh":"54392125"},"geometry":{"type":"LineString","coordinates":[[139.19593,36.1862],[139.19256,36.18621]]}},{"type":"Feature","properties":{"idx":10,"road":"","cls":"tertiary","shops":0,"st_km":1.87,"mesh":"54392125"},"geometry":{"type":"LineString","coordinates":[[139.19592,36.18505],[139.19593,36.1862]]}},{"type":"Feature","properties":{"idx":10,"road":"","cls":"tertiary","shops":0,"st_km":2.06,"mesh":"54392125"},"geometry":{"type":"LineString","coordinates":[[139.19593,36.1862],[139.19594,36.1879],[139.19611,36.18909],[139.19611,36.18942]]}},{"type":"Feature","properties":{"idx":4,"road":"","cls":"tertiary","shops":0,"st_km":3.18,"mesh":"54392136"},"geometry":{"type":"LineString","coordinates":[[139.2033,36.19759],[139.2033,36.1971]]}},{"type":"Feature","properties":{"idx":4,"road":"","cls":"tertiary","shops":0,"st_km":3.12,"mesh":"54392136"},"geometry":{"type":"LineString","coordinates":[[139.2035,36.19846],[139.2035,36.19822],[139.20345,36.19803],[139.20338,36.19794]]}},{"type":"Feature","properties":{"idx":4,"road":"","cls":"tertiary","shops":0,"st_km":3.14,"mesh":"54392136"},"geometry":{"type":"LineString","coordinates":[[139.20338,36.19794],[139.20332,36.19783],[139.2033,36.19759]]}},{"type":"Feature","properties":{"idx":3,"road":"","cls":"tertiary","shops":0,"st_km":3.2,"mesh":"54392136"},"geometry":{"type":"LineString","coordinates":[[139.20342,36.19538],[139.20329,36.19582],[139.2033,36.1971]]}},{"type":"Feature","properties":{"idx":4,"road":"","cls":"tertiary","shops":0,"st_km":3.03,"mesh":"54392136"},"geometry":{"type":"LineString","coordinates":[[139.20342,36.19538],[139.20355,36.19495],[139.20355,36.19277]]}},{"type":"Feature","properties":{"idx":39,"road":"","cls":"tertiary","shops":0,"st_km":2.57,"mesh":"54392135"},"geometry":{"type":"LineString","coordinates":[[139.19763,36.19215],[139.19764,36.19279]]}},{"type":"Feature","properties":{"idx":38,"road":"","cls":"tertiary","shops":0,"st_km":2.65,"mesh":"54392135"},"geometry":{"type":"LineString","coordinates":[[139.19764,36.19279],[139.19761,36.19398]]}},{"type":"Feature","properties":{"idx":57,"road":"","cls":"tertiary","shops":0,"st_km":2.17,"mesh":"54392126"},"geometry":{"type":"LineString","coordinates":[[139.19976,36.1861],[139.20035,36.1862]]}},{"type":"Feature","properties":{"idx":56,"road":"","cls":"tertiary","shops":0,"st_km":2.23,"mesh":"54392126"},"geometry":{"type":"LineString","coordinates":[[139.20111,36.18645],[139.20035,36.1862]]}},{"type":"Feature","properties":{"idx":53,"road":"","cls":"tertiary","shops":0,"st_km":2.76,"mesh":"54392126"},"geometry":{"type":"LineString","coordinates":[[139.20355,36.19277],[139.20355,36.19225],[139.20264,36.19106],[139.20181,36.19012]]}},{"type":"Feature","properties":{"idx":489,"road":"熊谷児玉線","cls":"primary","shops":0,"st_km":1.82,"mesh":"54392122"},"geometry":{"type":"LineString","coordinates":[[139.15599,36.18999],[139.15511,36.18948]]}},{"type":"Feature","properties":{"idx":87,"road":"","cls":"tertiary","shops":0,"st_km":2.31,"mesh":"54392112"},"geometry":{"type":"LineString","coordinates":[[139.15821,36.19191],[139.15835,36.19177],[139.15841,36.19126],[139.15868,36.19058],[139.15906,36.18814],[139.15909,36.1873],[139.15894,36.1861],[139.15883,36.18562],[139.15823,36.18447],[139.1581,36.18405],[139.15778,36.18187],[139.15785,36.18089],[139.15759,36.17865],[139.15749,36.17837],[139.15718,36.17797],[139.15706,36.17718],[139.15709,36.17706],[139.15724,36.17691],[139.15747,36.1768],[139.15798,36.17667],[139.15819,36.17648],[139.15826,36.17634],[139.15857,36.17503],[139.15871,36.17412],[139.15868,36.17381],[139.15845,36.17324]]}},{"type":"Feature","properties":{"idx":37,"road":"","cls":"tertiary","shops":0,"st_km":1.51,"mesh":"54392113"},"geometry":{"type":"LineString","coordinates":[[139.16893,36.18138],[139.16893,36.18156]]}},{"type":"Feature","properties":{"idx":85,"road":"","cls":"tertiary","shops":0,"st_km":1.24,"mesh":"54392114"},"geometry":{"type":"LineString","coordinates":[[139.17624,36.18097],[139.17626,36.18537]]}},{"type":"Feature","properties":{"idx":96,"road":"","cls":"tertiary","shops":0,"st_km":1.0,"mesh":"54392114"},"geometry":{"type":"LineString","coordinates":[[139.18001,36.18272],[139.17992,36.18185],[139.17978,36.18112]]}},{"type":"Feature","properties":{"idx":102,"road":"","cls":"tertiary","shops":0,"st_km":0.88,"mesh":"54392114"},"geometry":{"type":"LineString","coordinates":[[139.17978,36.18112],[139.17964,36.1804]]}},{"type":"Feature","properties":{"idx":133,"road":"","cls":"tertiary","shops":0,"st_km":0.47,"mesh":"54392114"},"geometry":{"type":"LineString","coordinates":[[139.17767,36.17724],[139.17962,36.17722],[139.18064,36.1768],[139.18253,36.1768]]}},{"type":"Feature","properties":{"idx":96,"road":"","cls":"tertiary","shops":0,"st_km":1.0,"mesh":"54392114"},"geometry":{"type":"LineString","coordinates":[[139.16893,36.18094],[139.17004,36.18098],[139.17033,36.18107],[139.17093,36.18139],[139.17119,36.18149],[139.17505,36.18145],[139.17522,36.18142],[139.17687,36.18073],[139.17819,36.18065],[139.18102,36.18021],[139.18126,36.18025],[139.18212,36.18069],[139.18322,36.1815],[139.18358,36.18199]]}},{"type":"Feature","properties":{"idx":158,"road":"","cls":"tertiary","shops":0,"st_km":0.76,"mesh":"54392105"},"geometry":{"type":"LineString","coordinates":[[139.18925,36.17028],[139.19029,36.16996]]}},{"type":"Feature","properties":{"idx":107,"road":"","cls":"tertiary","shops":0,"st_km":0.81,"mesh":"54392114"},"geometry":{"type":"LineString","coordinates":[[139.18337,36.17958],[139.18498,36.1796],[139.18543,36.17971],[139.18624,36.17962],[139.18765,36.17962],[139.18826,36.17948]]}},{"type":"Feature","properties":{"idx":77,"road":"","cls":"tertiary","shops":0,"st_km":0.82,"mesh":"54392103"},"geometry":{"type":"LineString","coordinates":[[139.1727,36.17005],[139.17332,36.16947],[139.17357,36.16947],[139.17424,36.16963],[139.17437,36.16964],[139.17453,36.16957],[139.17491,36.16887],[139.17489,36.16874]]}},{"type":"Feature","properties":{"idx":71,"road":"","cls":"tertiary","shops":0,"st_km":0.98,"mesh":"54392103"},"geometry":{"type":"LineString","coordinates":[[139.17132,36.17289],[139.17118,36.17236],[139.17126,36.17217],[139.17146,36.17197],[139.17149,36.17182]]}},{"type":"Feature","properties":{"idx":71,"road":"","cls":"tertiary","shops":0,"st_km":0.96,"mesh":"54392103"},"geometry":{"type":"LineString","coordinates":[[139.17138,36.17364],[139.17139,36.17308],[139.17132,36.17289]]}},{"type":"Feature","properties":{"idx":66,"road":"","cls":"tertiary","shops":0,"st_km":1.11,"mesh":"54392103"},"geometry":{"type":"LineString","coordinates":[[139.17149,36.17182],[139.17143,36.17151],[139.17086,36.17033],[139.1708,36.1698],[139.16951,36.16855],[139.16904,36.16818],[139.16863,36.16771]]}},{"type":"Feature","properties":{"idx":76,"road":"","cls":"tertiary","shops":0,"st_km":0.84,"mesh":"54392103"},"geometry":{"type":"LineString","coordinates":[[139.17679,36.1735],[139.17489,36.17399],[139.16891,36.17509]]}},{"type":"Feature","properties":{"idx":71,"road":"","cls":"tertiary","shops":0,"st_km":0.97,"mesh":"54392103"},"geometry":{"type":"LineString","coordinates":[[139.17138,36.17364],[139.17142,36.17461]]}},{"type":"Feature","properties":{"idx":75,"road":"","cls":"tertiary","shops":0,"st_km":0.86,"mesh":"54392103"},"geometry":{"type":"LineString","coordinates":[[139.17381,36.17129],[139.17351,36.17124],[139.17289,36.17122],[139.17265,36.17134],[139.17213,36.17173],[139.17188,36.1718]]}},{"type":"Feature","properties":{"idx":72,"road":"","cls":"tertiary","shops":0,"st_km":0.95,"mesh":"54392103"},"geometry":{"type":"LineString","coordinates":[[139.17149,36.17182],[139.17188,36.1718]]}},{"type":"Feature","properties":{"idx":83,"road":"","cls":"tertiary","shops":0,"st_km":0.7,"mesh":"54392103"},"geometry":{"type":"LineString","coordinates":[[139.17609,36.17055],[139.17438,36.17093],[139.17395,36.17116],[139.17381,36.17129]]}},{"type":"Feature","properties":{"idx":124,"road":"","cls":"tertiary","shops":0,"st_km":0.57,"mesh":"54392114"},"geometry":{"type":"LineString","coordinates":[[139.17188,36.1718],[139.1728,36.1725],[139.1742,36.1734],[139.17522,36.17385],[139.17567,36.1742],[139.17594,36.17452],[139.17767,36.17724],[139.17781,36.17756],[139.17784,36.18069]]}},{"type":"Feature","properties":{"idx":201,"road":"","cls":"tertiary","shops":0,"st_km":0.35,"mesh":"54392104"},"geometry":{"type":"LineString","coordinates":[[139.18521,36.17137],[139.18544,36.17135]]}},{"type":"Feature","properties":{"idx":163,"road":"","cls":"tertiary","shops":0,"st_km":0.64,"mesh":"54392104"},"geometry":{"type":"LineString","coordinates":[[139.17896,36.16384],[139.17893,36.16403],[139.17898,36.16566],[139.1791,36.16701],[139.17907,36.16718],[139.17887,36.16746],[139.17844,36.1678],[139.17816,36.16811],[139.17808,36.16828],[139.1778,36.16948],[139.17739,36.17054],[139.1773,36.17068],[139.17687,36.17106],[139.17671,36.1713],[139.17666,36.17164],[139.17665,36.17284]]}},{"type":"Feature","properties":{"idx":175,"road":"","cls":"tertiary","shops":0,"st_km":0.54,"mesh":"54392104"},"geometry":{"type":"LineString","coordinates":[[139.18925,36.17028],[139.18895,36.17022],[139.18867,36.17024],[139.18675,36.17112],[139.18642,36.17122],[139.18544,36.17135]]}},{"type":"Feature","properties":{"idx":211,"road":"","cls":"tertiary","shops":0,"st_km":0.29,"mesh":"54392104"},"geometry":{"type":"LineString","coordinates":[[139.18316,36.1709],[139.18385,36.17099],[139.18488,36.17136],[139.18521,36.17137]]}},{"type":"Feature","properties":{"idx":63,"road":"","cls":"tertiary","shops":0,"st_km":2.7,"mesh":"54392102"},"geometry":{"type":"LineString","coordinates":[[139.1543,36.17499],[139.1535,36.17399],[139.15322,36.17357],[139.15235,36.17266],[139.15158,36.17202],[139.15138,36.1718],[139.15126,36.17157],[139.15084,36.17043],[139.15059,36.17004],[139.15039,36.16983]]}},{"type":"Feature","properties":{"idx":68,"road":"","cls":"tertiary","shops":0,"st_km":2.12,"mesh":"54392102"},"geometry":{"type":"LineString","coordinates":[[139.1567,36.16959],[139.15723,36.16993],[139.1574,36.17016],[139.15767,36.17043],[139.1579,36.17056],[139.15828,36.17066],[139.15882,36.17108],[139.159,36.17136],[139.15909,36.17158],[139.15907,36.17227],[139.15962,36.17298]]}},{"type":"Feature","properties":{"idx":57,"road":"","cls":"tertiary","shops":0,"st_km":1.46,"mesh":"54392103"},"geometry":{"type":"LineString","coordinates":[[139.16503,36.17262],[139.16678,36.17222]]}},{"type":"Feature","properties":{"idx":52,"road":"","cls":"tertiary","shops":0,"st_km":1.8,"mesh":"54392103"},"geometry":{"type":"LineString","coordinates":[[139.16538,36.16799],[139.16439,36.16836],[139.16331,36.16824],[139.16275,36.16833],[139.16259,36.16831],[139.16206,36.16806],[139.16181,36.16807],[139.16168,36.16811],[139.16125,36.1684],[139.1612,36.1685],[139.16122,36.16869],[139.16134,36.16875]]}},{"type":"Feature","properties":{"idx":56,"road":"","cls":"tertiary","shops":0,"st_km":1.51,"mesh":"54392103"},"geometry":{"type":"LineString","coordinates":[[139.16597,36.16974],[139.16593,36.16955],[139.16603,36.16913],[139.16601,36.16896]]}},{"type":"Feature","properties":{"idx":55,"road":"","cls":"tertiary","shops":0,"st_km":1.57,"mesh":"54392103"},"geometry":{"type":"LineString","coordinates":[[139.16601,36.16896],[139.16559,36.16854],[139.16545,36.16829],[139.16538,36.16799]]}},{"type":"Feature","properties":{"idx":73,"road":"","cls":"tertiary","shops":0,"st_km":2.1,"mesh":"54392168"},"geometry":{"type":"LineString","coordinates":[[139.23465,36.2252],[139.23447,36.22388]]}},{"type":"Feature","properties":{"idx":28,"road":"","cls":"tertiary","shops":0,"st_km":3.66,"mesh":"54392188"},"geometry":{"type":"LineString","coordinates":[[139.23422,36.23862],[139.23445,36.23868]]}},{"type":"Feature","properties":{"idx":58,"road":"","cls":"tertiary","shops":0,"st_km":3.8,"mesh":"54392198"},"geometry":{"type":"LineString","coordinates":[[139.23859,36.24756],[139.23846,36.24768],[139.23778,36.2479],[139.23631,36.24785],[139.2348,36.24795],[139.23254,36.24818],[139.22928,36.24863]]}},{"type":"Feature","properties":{"idx":65,"road":"稲荷橋","cls":"secondary","shops":0,"st_km":3.95,"mesh":"54392198"},"geometry":{"type":"LineString","coordinates":[[139.23148,36.24256],[139.23125,36.24243]]}},{"type":"Feature","properties":{"idx":65,"road":"中瀬牧西線","cls":"secondary","shops":0,"st_km":4.14,"mesh":"54392198"},"geometry":{"type":"LineString","coordinates":[[139.23725,36.24648],[139.2371,36.2463],[139.23654,36.24509],[139.23634,36.24484],[139.23607,36.24462],[139.23224,36.24295],[139.23148,36.24256]]}},{"type":"Feature","properties":{"idx":229,"road":"","cls":"tertiary","shops":0,"st_km":1.72,"mesh":"54392195"},"geometry":{"type":"LineString","coordinates":[[139.20245,36.25228],[139.2021,36.25166],[139.2011,36.2508],[139.20053,36.25057],[139.19953,36.25027],[139.19931,36.25018],[139.199,36.24994],[139.19597,36.2461],[139.19567,36.24547]]}},{"type":"Feature","properties":{"idx":75,"road":"","cls":"tertiary","shops":0,"st_km":1.37,"mesh":"54392196"},"geometry":{"type":"LineString","coordinates":[[139.19978,36.24091],[139.20048,36.24252],[139.20143,36.24366],[139.20182,36.24394],[139.20311,36.24426]]}},{"type":"Feature","properties":{"idx":24,"road":"","cls":"tertiary","shops":0,"st_km":0.92,"mesh":"54392185"},"geometry":{"type":"LineString","coordinates":[[139.19691,36.23449],[139.19742,36.23567],[139.19837,36.2375],[139.19957,36.24037]]}},{"type":"Feature","properties":{"idx":20,"road":"","cls":"tertiary","shops":0,"st_km":1.15,"mesh":"54392185"},"geometry":{"type":"LineString","coordinates":[[139.19967,36.24063],[139.19978,36.24091]]}},{"type":"Feature","properties":{"idx":20,"road":"","cls":"tertiary","shops":0,"st_km":1.12,"mesh":"54392185"},"geometry":{"type":"LineString","coordinates":[[139.19957,36.24037],[139.19958,36.2404]]}},{"type":"Feature","properties":{"idx":595,"road":"本庄寄居線","cls":"primary","shops":1,"st_km":1.19,"mesh":"54392195"},"geometry":{"type":"LineString","coordinates":[[139.19553,36.24481],[139.19567,36.24547]]}},{"type":"Feature","properties":{"idx":167,"road":"湧泉橋","cls":"tertiary","shops":0,"st_km":1.81,"mesh":"54392194"},"geometry":{"type":"LineString","coordinates":[[139.17631,36.24943],[139.17636,36.24962]]}},{"type":"Feature","properties":{"idx":20,"road":"","cls":"tertiary","shops":0,"st_km":2.66,"mesh":"54392187"},"geometry":{"type":"LineString","coordinates":[[139.21716,36.23857],[139.21777,36.23985]]}},{"type":"Feature","properties":{"idx":32,"road":"中瀬牧西線","cls":"secondary","shops":0,"st_km":3.43,"mesh":"54392188"},"geometry":{"type":"LineString","coordinates":[[139.23125,36.24243],[139.2309,36.24221],[139.23046,36.24185],[139.22961,36.24107],[139.22806,36.2398],[139.22691,36.23914],[139.22663,36.2389],[139.22569,36.23788],[139.22405,36.23648],[139.22395,36.23638],[139.22362,36.23577],[139.22326,36.23498],[139.22314,36.23423],[139.22275,36.23344]]}},{"type":"Feature","properties":{"idx":15,"road":"本庄妻沼線","cls":"primary","shops":0,"st_km":3.08,"mesh":"54392178"},"geometry":{"type":"LineString","coordinates":[[139.22508,36.23165],[139.22556,36.23177]]}},{"type":"Feature","properties":{"idx":15,"road":"本庄妻沼線","cls":"primary","shops":0,"st_km":3.08,"mesh":"54392178"},"geometry":{"type":"LineString","coordinates":[[139.22556,36.23177],[139.22702,36.23208]]}},{"type":"Feature","properties":{"idx":114,"road":"新野岡部停車場線","cls":"secondary","shops":0,"st_km":2.99,"mesh":"54392179"},"geometry":{"type":"LineString","coordinates":[[139.24425,36.23777],[139.24423,36.2331],[139.24416,36.23281],[139.24401,36.23251],[139.24327,36.23167],[139.24307,36.23137],[139.24292,36.23102],[139.24271,36.23012],[139.24251,36.22956],[139.24238,36.22887],[139.24236,36.22843],[139.24243,36.2274],[139.24232,36.22669]]}},{"type":"Feature","properties":{"idx":130,"road":"新野岡部停車場線","cls":"secondary","shops":0,"st_km":2.35,"mesh":"54392179"},"geometry":{"type":"LineString","coordinates":[[139.24232,36.22669],[139.24225,36.22634]]}},{"type":"Feature","properties":{"idx":502,"road":"","cls":"tertiary","shops":0,"st_km":1.84,"mesh":"54392186"},"geometry":{"type":"LineString","coordinates":[[139.20721,36.23655],[139.20919,36.23648],[139.20964,36.23662],[139.20986,36.23684]]}},{"type":"Feature","properties":{"idx":143,"road":"","cls":"tertiary","shops":0,"st_km":2.13,"mesh":"54392176"},"geometry":{"type":"LineString","coordinates":[[139.21151,36.23246],[139.21135,36.23226],[139.21123,36.23182],[139.21083,36.23147],[139.21072,36.23128]]}},{"type":"Feature","properties":{"idx":148,"road":"","cls":"tertiary","shops":0,"st_km":2.04,"mesh":"54392176"},"geometry":{"type":"LineString","coordinates":[[139.21163,36.23085],[139.21127,36.23105],[139.20985,36.23165],[139.20859,36.23228]]}},{"type":"Feature","properties":{"idx":32,"road":"","cls":"tertiary","shops":0,"st_km":0.59,"mesh":"54392185"},"geometry":{"type":"LineString","coordinates":[[139.19467,36.23751],[139.19444,36.23692]]}},{"type":"Feature","properties":{"idx":29,"road":"","cls":"tertiary","shops":0,"st_km":0.69,"mesh":"54392185"},"geometry":{"type":"LineString","coordinates":[[139.19501,36.2383],[139.19598,36.23787]]}},{"type":"Feature","properties":{"idx":29,"road":"","cls":"tertiary","shops":0,"st_km":0.71,"mesh":"54392185"},"geometry":{"type":"LineString","coordinates":[[139.19558,36.2396],[139.19501,36.2383]]}},{"type":"Feature","properties":{"idx":31,"road":"","cls":"tertiary","shops":0,"st_km":0.63,"mesh":"54392185"},"geometry":{"type":"LineString","coordinates":[[139.19501,36.2383],[139.19467,36.23751]]}},{"type":"Feature","properties":{"idx":32,"road":"","cls":"tertiary","shops":0,"st_km":0.59,"mesh":"54392185"},"geometry":{"type":"LineString","coordinates":[[139.19332,36.2386],[139.19501,36.2383]]}},{"type":"Feature","properties":{"idx":650,"road":"","cls":"tertiary","shops":0,"st_km":1.38,"mesh":"54392186"},"geometry":{"type":"LineString","coordinates":[[139.19965,36.23135],[139.20055,36.23148],[139.20133,36.23185],[139.20208,36.23254],[139.20293,36.23342],[139.20591,36.23662]]}},{"type":"Feature","properties":{"idx":36,"road":"本庄寄居線","cls":"primary","shops":0,"st_km":0.69,"mesh":"54392185"},"geometry":{"type":"LineString","coordinates":[[139.19255,36.23606],[139.19378,36.24011],[139.19434,36.24138],[139.19499,36.24261],[139.19548,36.2446]]}},{"type":"Feature","properties":{"idx":47,"road":"本庄寄居線","cls":"primary","shops":0,"st_km":0.42,"mesh":"54392185"},"geometry":{"type":"LineString","coordinates":[[139.19171,36.23328],[139.19225,36.23507]]}},{"type":"Feature","properties":{"idx":158,"road":"","cls":"tertiary","shops":0,"st_km":2.65,"mesh":"54392177"},"geometry":{"type":"LineString","coordinates":[[139.21701,36.22859],[139.21678,36.22835],[139.2161,36.22827],[139.21592,36.22818],[139.21565,36.22766],[139.21573,36.22724],[139.21571,36.22712],[139.21542,36.22686],[139.2154,36.22654]]}},{"type":"Feature","properties":{"idx":30,"road":"花園本庄線","cls":"primary","shops":0,"st_km":2.48,"mesh":"54392166"},"geometry":{"type":"LineString","coordinates":[[139.20975,36.2218],[139.20927,36.22251]]}},{"type":"Feature","properties":{"idx":33,"road":"花園本庄線","cls":"primary","shops":0,"st_km":2.13,"mesh":"54392166"},"geometry":{"type":"LineString","coordinates":[[139.20927,36.22251],[139.20853,36.22354],[139.20818,36.22423],[139.20789,36.22443],[139.20702,36.22468],[139.20541,36.22632],[139.20529,36.22656],[139.20518,36.2272]]}},{"type":"Feature","properties":{"idx":210,"road":"藤岡本庄線","cls":"primary","shops":0,"st_km":1.76,"mesh":"54392176"},"geometry":{"type":"LineString","coordinates":[[139.20296,36.23024],[139.20769,36.23193],[139.20877,36.23249],[139.21029,36.23361]]}},{"type":"Feature","properties":{"idx":259,"road":"南大通り陸橋","cls":"primary","shops":0,"st_km":1.39,"mesh":"54392176"},"geometry":{"type":"LineString","coordinates":[[139.19951,36.22809],[139.19995,36.22832],[139.20094,36.22899]]}},{"type":"Feature","properties":{"idx":204,"road":"","cls":"primary","shops":0,"st_km":1.82,"mesh":"54392176"},"geometry":{"type":"LineString","coordinates":[[139.20518,36.2272],[139.20499,36.22753]]}},{"type":"Feature","properties":{"idx":223,"road":"花園本庄線","cls":"primary","shops":0,"st_km":1.64,"mesh":"54392176"},"geometry":{"type":"LineString","coordinates":[[139.20499,36.22753],[139.20296,36.23024]]}},{"type":"Feature","properties":{"idx":56,"road":"","cls":"tertiary","shops":1,"st_km":0.42,"mesh":"54392185"},"geometry":{"type":"LineString","coordinates":[[139.19086,36.2392],[139.19146,36.23911],[139.19173,36.23903]]}},{"type":"Feature","properties":{"idx":59,"road":"","cls":"tertiary","shops":1,"st_km":0.36,"mesh":"54392185"},"geometry":{"type":"LineString","coordinates":[[139.1906,36.23842],[139.19081,36.23916],[139.19086,36.2392]]}},{"type":"Feature","properties":{"idx":35,"road":"","cls":"tertiary","shops":0,"st_km":0.49,"mesh":"54392185"},"geometry":{"type":"LineString","coordinates":[[139.19209,36.23882],[139.19332,36.2386]]}},{"type":"Feature","properties":{"idx":36,"road":"","cls":"tertiary","shops":0,"st_km":0.45,"mesh":"54392185"},"geometry":{"type":"LineString","coordinates":[[139.19209,36.23882],[139.19173,36.23903]]}},{"type":"Feature","properties":{"idx":459,"road":"","cls":"tertiary","shops":1,"st_km":0.88,"mesh":"54392194"},"geometry":{"type":"LineString","coordinates":[[139.18466,36.24373],[139.18467,36.24379]]}},{"type":"Feature","properties":{"idx":284,"road":"","cls":"tertiary","shops":0,"st_km":0.98,"mesh":"54392194"},"geometry":{"type":"LineString","coordinates":[[139.18467,36.24379],[139.18476,36.24434],[139.18481,36.24523],[139.1849,36.24558]]}},{"type":"Feature","properties":{"idx":215,"road":"","cls":"tertiary","shops":0,"st_km":1.36,"mesh":"54392194"},"geometry":{"type":"LineString","coordinates":[[139.17561,36.24316],[139.17519,36.24262]]}},{"type":"Feature","properties":{"idx":607,"road":"","cls":"tertiary","shops":0,"st_km":1.48,"mesh":"54392193"},"geometry":{"type":"LineString","coordinates":[[139.17532,36.24386],[139.17495,36.24393],[139.17327,36.24442],[139.16613,36.24759],[139.1649,36.24817],[139.16371,36.24883],[139.1624,36.24921],[139.1599,36.24983],[139.15776,36.25062],[139.15302,36.25289]]}},{"type":"Feature","properties":{"idx":375,"road":"","cls":"tertiary","shops":0,"st_km":1.95,"mesh":"54392183"},"geometry":{"type":"LineString","coordinates":[[139.16601,36.23887],[139.1681,36.24201]]}},{"type":"Feature","properties":{"idx":366,"road":"","cls":"tertiary","shops":0,"st_km":0.95,"mesh":"54392184"},"geometry":{"type":"LineString","coordinates":[[139.17787,36.23374],[139.17826,36.23383]]}},{"type":"Feature","properties":{"idx":382,"road":"","cls":"tertiary","shops":0,"st_km":0.9,"mesh":"54392184"},"geometry":{"type":"LineString","coordinates":[[139.17902,36.23388],[139.17848,36.2339],[139.17826,36.23383]]}},{"type":"Feature","properties":{"idx":254,"road":"","cls":"tertiary","shops":0,"st_km":0.38,"mesh":"54392175"},"geometry":{"type":"LineString","coordinates":[[139.1897,36.23293],[139.19,36.2335]]}},{"type":"Feature","properties":{"idx":708,"road":"本庄駅南口前通り","cls":"tertiary","shops":0,"st_km":0.23,"mesh":"54392184"},"geometry":{"type":"LineString","coordinates":[[139.18786,36.23532],[139.18657,36.23336]]}},{"type":"Feature","properties":{"idx":41,"road":"","cls":"tertiary","shops":0,"st_km":0.33,"mesh":"54392185"},"geometry":{"type":"LineString","coordinates":[[139.19,36.2335],[139.19037,36.23425]]}},{"type":"Feature","properties":{"idx":119,"road":"見福伊丹堂線","cls":"tertiary","shops":0,"st_km":0.89,"mesh":"54392174"},"geometry":{"type":"LineString","coordinates":[[139.18342,36.22975],[139.18164,36.22968]]}},{"type":"Feature","properties":{"idx":92,"road":"見福伊丹堂線","cls":"tertiary","shops":0,"st_km":1.14,"mesh":"54392174"},"geometry":{"type":"LineString","coordinates":[[139.17875,36.22959],[139.17863,36.22824]]}},{"type":"Feature","properties":{"idx":110,"road":"見福伊丹堂線","cls":"tertiary","shops":0,"st_km":0.99,"mesh":"54392174"},"geometry":{"type":"LineString","coordinates":[[139.18164,36.22968],[139.17995,36.22962]]}},{"type":"Feature","properties":{"idx":102,"road":"見福伊丹堂線","cls":"tertiary","shops":0,"st_km":1.08,"mesh":"54392174"},"geometry":{"type":"LineString","coordinates":[[139.17875,36.22959],[139.17995,36.22962]]}},{"type":"Feature","properties":{"idx":126,"road":"","cls":"tertiary","shops":0,"st_km":1.19,"mesh":"54392175"},"geometry":{"type":"LineString","coordinates":[[139.19488,36.22637],[139.1947,36.22737],[139.1947,36.22765]]}},{"type":"Feature","properties":{"idx":363,"road":"二本松通り","cls":"tertiary","shops":0,"st_km":0.96,"mesh":"54392184"},"geometry":{"type":"LineString","coordinates":[[139.17305,36.23975],[139.17745,36.23747],[139.18219,36.23535]]}},{"type":"Feature","properties":{"idx":217,"road":"伊丹堂元屋舗線","cls":"tertiary","shops":0,"st_km":1.14,"mesh":"54392173"},"geometry":{"type":"LineString","coordinates":[[139.17434,36.22824],[139.17433,36.22769]]}},{"type":"Feature","properties":{"idx":115,"road":"","cls":"tertiary","shops":0,"st_km":0.85,"mesh":"54392174"},"geometry":{"type":"LineString","coordinates":[[139.17804,36.22617],[139.17805,36.22624]]}},{"type":"Feature","properties":{"idx":302,"road":"伊丹堂元屋舗線","cls":"tertiary","shops":1,"st_km":1.25,"mesh":"54392173"},"geometry":{"type":"LineString","coordinates":[[139.17436,36.22922],[139.17434,36.22885]]}},{"type":"Feature","properties":{"idx":152,"road":"","cls":"pedestrian","shops":0,"st_km":1.6,"mesh":"54392165"},"geometry":{"type":"LineString","coordinates":[[139.19735,36.22226],[139.19757,36.22141],[139.19754,36.22123],[139.19694,36.22046],[139.19678,36.22004],[139.19653,36.21963]]}},{"type":"Feature","properties":{"idx":166,"road":"","cls":"pedestrian","shops":0,"st_km":1.45,"mesh":"54392165"},"geometry":{"type":"LineString","coordinates":[[139.19632,36.21932],[139.19593,36.21873],[139.19586,36.21801],[139.19444,36.21701]]}},{"type":"Feature","properties":{"idx":186,"road":"本庄寄居線","cls":"primary","shops":0,"st_km":0.97,"mesh":"54392175"},"geometry":{"type":"LineString","coordinates":[[139.18996,36.22755],[139.19006,36.22785]]}},{"type":"Feature","properties":{"idx":160,"road":"","cls":"pedestrian","shops":0,"st_km":1.5,"mesh":"54392165"},"geometry":{"type":"LineString","coordinates":[[139.19653,36.21963],[139.19632,36.21932]]}},{"type":"Feature","properties":{"idx":232,"road":"本庄寄居線","cls":"primary","shops":0,"st_km":0.71,"mesh":"54392175"},"geometry":{"type":"LineString","coordinates":[[139.19142,36.23235],[139.19017,36.2282]]}},{"type":"Feature","properties":{"idx":239,"road":"本庄寄居線","cls":"primary","shops":0,"st_km":0.8,"mesh":"54392165"},"geometry":{"type":"LineString","coordinates":[[139.18857,36.21843],[139.18858,36.21837]]}},{"type":"Feature","properties":{"idx":184,"road":"本庄寄居線","cls":"primary","shops":0,"st_km":1.03,"mesh":"54392155"},"geometry":{"type":"LineString","coordinates":[[139.18888,36.21343],[139.18891,36.21285]]}},{"type":"Feature","properties":{"idx":174,"road":"本庄寄居線","cls":"primary","shops":0,"st_km":2.06,"mesh":"54392144"},"geometry":{"type":"LineString","coordinates":[[139.18891,36.21285],[139.18895,36.21173],[139.18885,36.21129],[139.18866,36.21086],[139.18505,36.20624],[139.18457,36.20534],[139.18406,36.20425],[139.18379,36.20344],[139.18367,36.20219],[139.18355,36.19636],[139.18378,36.19087],[139.18362,36.18684]]}},{"type":"Feature","properties":{"idx":239,"road":"本庄寄居線","cls":"primary","shops":0,"st_km":0.8,"mesh":"54392165"},"geometry":{"type":"LineString","coordinates":[[139.18858,36.2182],[139.18858,36.21802]]}},{"type":"Feature","properties":{"idx":109,"road":"","cls":"tertiary","shops":0,"st_km":1.0,"mesh":"54392174"},"geometry":{"type":"LineString","coordinates":[[139.18628,36.22754],[139.1863,36.22721]]}},{"type":"Feature","properties":{"idx":130,"road":"新田原通り","cls":"tertiary","shops":0,"st_km":1.06,"mesh":"54392175"},"geometry":{"type":"LineString","coordinates":[[139.18819,36.225],[139.18884,36.225]]}},{"type":"Feature","properties":{"idx":147,"road":"本庄駅南口前通り","cls":"tertiary","shops":1,"st_km":1.05,"mesh":"54392174"},"geometry":{"type":"LineString","coordinates":[[139.18313,36.22799],[139.18304,36.22752]]}},{"type":"Feature","properties":{"idx":85,"road":"","cls":"tertiary","shops":0,"st_km":0.73,"mesh":"54392164"},"geometry":{"type":"LineString","coordinates":[[139.18915,36.22198],[139.18811,36.22213],[139.18776,36.22212],[139.18583,36.22191],[139.18485,36.22188],[139.18467,36.22181],[139.18444,36.22162]]}},{"type":"Feature","properties":{"idx":31,"road":"","cls":"tertiary","shops":0,"st_km":1.28,"mesh":"54392153"},"geometry":{"type":"LineString","coordinates":[[139.16884,36.21124],[139.169,36.21102]]}},{"type":"Feature","properties":{"idx":154,"road":"中央通り","cls":"tertiary","shops":0,"st_km":0.1,"mesh":"54392164"},"geometry":{"type":"LineString","coordinates":[[139.17924,36.2197],[139.1787,36.21904]]}},{"type":"Feature","properties":{"idx":67,"road":"","cls":"tertiary","shops":0,"st_km":1.38,"mesh":"54392163"},"geometry":{"type":"LineString","coordinates":[[139.1631,36.21778],[139.16337,36.21751],[139.16363,36.21736],[139.1645,36.21722],[139.16491,36.21709],[139.16532,36.21678],[139.16563,36.21639]]}},{"type":"Feature","properties":{"idx":32,"road":"","cls":"tertiary","shops":0,"st_km":1.24,"mesh":"54392153"},"geometry":{"type":"LineString","coordinates":[[139.16748,36.21358],[139.16696,36.21437]]}},{"type":"Feature","properties":{"idx":42,"road":"","cls":"tertiary","shops":0,"st_km":2.52,"mesh":"54392162"},"geometry":{"type":"LineString","coordinates":[[139.14251,36.22844],[139.14363,36.22777],[139.14459,36.22713],[139.14674,36.22597],[139.14944,36.22436],[139.15004,36.2241],[139.15077,36.22391],[139.15148,36.22382],[139.15204,36.22381],[139.1539,36.22392],[139.15452,36.22389],[139.15526,36.22378],[139.16068,36.22208],[139.16062,36.22112],[139.15869,36.22118]]}},{"type":"Feature","properties":{"idx":60,"road":"","cls":"tertiary","shops":0,"st_km":1.56,"mesh":"54392162"},"geometry":{"type":"LineString","coordinates":[[139.16179,36.2183],[139.16245,36.21818],[139.1631,36.21817]]}},{"type":"Feature","properties":{"idx":56,"road":"","cls":"tertiary","shops":0,"st_km":1.71,"mesh":"54392162"},"geometry":{"type":"LineString","coordinates":[[139.16064,36.21894],[139.16085,36.21875]]}},{"type":"Feature","properties":{"idx":49,"road":"","cls":"tertiary","shops":0,"st_km":2.01,"mesh":"54392162"},"geometry":{"type":"LineString","coordinates":[[139.15748,36.21999],[139.15734,36.21745],[139.15798,36.21711]]}},{"type":"Feature","properties":{"idx":41,"road":"","cls":"tertiary","shops":0,"st_km":2.56,"mesh":"54392162"},"geometry":{"type":"LineString","coordinates":[[139.14261,36.22368],[139.14598,36.22172],[139.14666,36.22142],[139.15338,36.22018],[139.15583,36.22012],[139.1591,36.21985],[139.15973,36.21969],[139.15996,36.21957],[139.16015,36.21943],[139.16064,36.21894]]}},{"type":"Feature","properties":{"idx":199,"road":"","cls":"tertiary","shops":0,"st_km":2.88,"mesh":"54392160"},"geometry":{"type":"LineString","coordinates":[[139.13608,36.21739],[139.13845,36.2201]]}},{"type":"Feature","properties":{"idx":31,"road":"","cls":"tertiary","shops":0,"st_km":2.37,"mesh":"54392151"},"geometry":{"type":"LineString","coordinates":[[139.14474,36.21358],[139.14081,36.21364],[139.14027,36.2138],[139.13941,36.2142]]}},{"type":"Feature","properties":{"idx":554,"road":"","cls":"tertiary","shops":0,"st_km":2.86,"mesh":"54392161"},"geometry":{"type":"LineString","coordinates":[[139.1444,36.20925],[139.14466,36.21062],[139.14477,36.21511],[139.14465,36.21541],[139.14394,36.21608],[139.14293,36.21685],[139.14251,36.21775],[139.13206,36.22381]]}},{"type":"Feature","properties":{"idx":69,"road":"","cls":"tertiary","shops":1,"st_km":2.28,"mesh":"54392152"},"geometry":{"type":"LineString","coordinates":[[139.1494,36.20969],[139.15079,36.20987]]}},{"type":"Feature","properties":{"idx":26,"road":"","cls":"tertiary","shops":0,"st_km":1.56,"mesh":"54392140"},"geometry":{"type":"LineString","coordinates":[[139.13503,36.20691],[139.13521,36.20691]]}},{"type":"Feature","properties":{"idx":34,"road":"","cls":"tertiary","shops":0,"st_km":1.81,"mesh":"54392151"},"geometry":{"type":"LineString","coordinates":[[139.1407,36.20878],[139.1407,36.20851]]}},{"type":"Feature","properties":{"idx":54,"road":"","cls":"tertiary_link","shops":0,"st_km":1.79,"mesh":"54392141"},"geometry":{"type":"LineString","coordinates":[[139.14498,36.20757],[139.14495,36.20677]]}},{"type":"Feature","properties":{"idx":90,"road":"","cls":"tertiary","shops":0,"st_km":1.69,"mesh":"54392141"},"geometry":{"type":"LineString","coordinates":[[139.14067,36.20684],[139.1407,36.20816]]}},{"type":"Feature","properties":{"idx":35,"road":"","cls":"tertiary","shops":0,"st_km":1.78,"mesh":"54392151"},"geometry":{"type":"LineString","coordinates":[[139.1407,36.20816],[139.1407,36.20851]]}},{"type":"Feature","properties":{"idx":95,"road":"","cls":"tertiary","shops":0,"st_km":1.52,"mesh":"54392141"},"geometry":{"type":"LineString","coordinates":[[139.14067,36.20684],[139.14063,36.20507]]}},{"type":"Feature","properties":{"idx":101,"road":"","cls":"tertiary","shops":0,"st_km":1.34,"mesh":"54392141"},"geometry":{"type":"LineString","coordinates":[[139.14063,36.20507],[139.14046,36.20447],[139.14044,36.20344]]}},{"type":"Feature","properties":{"idx":87,"road":"","cls":"tertiary","shops":0,"st_km":1.81,"mesh":"54392141"},"geometry":{"type":"LineString","coordinates":[[139.13521,36.20691],[139.15202,36.20667],[139.153,36.20657],[139.15609,36.20652],[139.15647,36.20701],[139.15646,36.20721]]}},{"type":"Feature","properties":{"idx":19,"road":"新野岡部停車場線","cls":"secondary","shops":0,"st_km":2.17,"mesh":"54392169"},"geometry":{"type":"LineString","coordinates":[[139.24225,36.22634],[139.24206,36.22554],[139.24195,36.22526],[139.24158,36.22455],[139.24119,36.22393],[139.24107,36.2236]]}},{"type":"Feature","properties":{"idx":619,"road":"蛭子塚通り","cls":"tertiary","shops":0,"st_km":1.45,"mesh":"54392193"},"geometry":{"type":"LineString","coordinates":[[139.16247,36.24616],[139.16325,36.24754],[139.1636,36.24806],[139.16399,36.24851]]}},{"type":"Feature","properties":{"idx":16,"road":"","cls":"tertiary","shops":0,"st_km":2.4,"mesh":"54392100"},"geometry":{"type":"LineString","coordinates":[[139.13082,36.17052],[139.13092,36.17135],[139.131,36.17157],[139.13117,36.17191],[139.13167,36.17231]]}},{"type":"Feature","properties":{"idx":13,"road":"","cls":"tertiary","shops":0,"st_km":2.64,"mesh":"54392178"},"geometry":{"type":"LineString","coordinates":[[139.23315,36.22673],[139.23216,36.22784],[139.2308,36.22901],[139.23042,36.22921],[139.22989,36.22937],[139.22864,36.22958],[139.22815,36.22984],[139.22799,36.22996],[139.22793,36.23009]]}},{"type":"Feature","properties":{"idx":151,"road":"","cls":"tertiary","shops":0,"st_km":0.62,"mesh":"54392174"},"geometry":{"type":"LineString","coordinates":[[139.18547,36.23075],[139.18592,36.23142]]}},{"type":"Feature","properties":{"idx":31,"road":"","cls":"tertiary","shops":0,"st_km":2.4,"mesh":"54392151"},"geometry":{"type":"LineString","coordinates":[[139.1363,36.21081],[139.13652,36.21093],[139.14251,36.21775]]}},{"type":"Feature","properties":{"idx":112,"road":"","cls":"tertiary","shops":0,"st_km":1.36,"mesh":"54392175"},"geometry":{"type":"LineString","coordinates":[[139.19521,36.22476],[139.19495,36.22601]]}},{"type":"Feature","properties":{"idx":171,"road":"","cls":"tertiary","shops":0,"st_km":0.49,"mesh":"54392174"},"geometry":{"type":"LineString","coordinates":[[139.18646,36.23225],[139.18633,36.23206]]}},{"type":"Feature","properties":{"idx":154,"road":"","cls":"tertiary","shops":0,"st_km":0.6,"mesh":"54392174"},"geometry":{"type":"LineString","coordinates":[[139.18605,36.23359],[139.18342,36.22975]]}},{"type":"Feature","properties":{"idx":255,"road":"","cls":"tertiary","shops":1,"st_km":0.49,"mesh":"54392174"},"geometry":{"type":"LineString","coordinates":[[139.18581,36.23227],[139.18529,36.2325]]}},{"type":"Feature","properties":{"idx":254,"road":"","cls":"tertiary","shops":1,"st_km":0.5,"mesh":"54392174"},"geometry":{"type":"LineString","coordinates":[[139.18581,36.23227],[139.18633,36.23206]]}},{"type":"Feature","properties":{"idx":31,"road":"","cls":"tertiary","shops":0,"st_km":2.23,"mesh":"54392151"},"geometry":{"type":"LineString","coordinates":[[139.14908,36.20962],[139.1494,36.20969]]}},{"type":"Feature","properties":{"idx":133,"road":"","cls":"tertiary","shops":0,"st_km":1.38,"mesh":"54392165"},"geometry":{"type":"LineString","coordinates":[[139.19829,36.2252],[139.19521,36.22476],[139.19269,36.2248],[139.19147,36.22491],[139.18939,36.22495]]}},{"type":"Feature","properties":{"idx":60,"road":"","cls":"tertiary","shops":0,"st_km":3.59,"mesh":"54392198"},"geometry":{"type":"LineString","coordinates":[[139.23414,36.23859],[139.23219,36.2405],[139.23101,36.24145],[139.23046,36.24185],[139.22941,36.24241],[139.22907,36.24252],[139.22857,36.24258],[139.22753,36.24245],[139.2269,36.24259],[139.22495,36.24278],[139.2244,36.24274],[139.22376,36.24257],[139.21988,36.24265],[139.21937,36.24277],[139.21863,36.24306]]}},{"type":"Feature","properties":{"idx":99,"road":"伊丹堂元屋舗線","cls":"tertiary","shops":0,"st_km":1.04,"mesh":"54392174"},"geometry":{"type":"LineString","coordinates":[[139.17843,36.22779],[139.17863,36.22824]]}},{"type":"Feature","properties":{"idx":34,"road":"","cls":"tertiary","shops":0,"st_km":0.53,"mesh":"54392185"},"geometry":{"type":"LineString","coordinates":[[139.19423,36.23628],[139.19388,36.23559]]}},{"type":"Feature","properties":{"idx":146,"road":"","cls":"tertiary","shops":0,"st_km":0.66,"mesh":"54392174"},"geometry":{"type":"LineString","coordinates":[[139.18496,36.23096],[139.18441,36.23121]]}},{"type":"Feature","properties":{"idx":141,"road":"本庄駅南口前通り","cls":"tertiary","shops":0,"st_km":0.69,"mesh":"54392174"},"geometry":{"type":"LineString","coordinates":[[139.18657,36.23336],[139.18358,36.22891],[139.18313,36.22799]]}},{"type":"Feature","properties":{"idx":122,"road":"","cls":"tertiary","shops":0,"st_km":1.22,"mesh":"54392110"},"geometry":{"type":"LineString","coordinates":[[139.13698,36.1822],[139.13701,36.18161]]}},{"type":"Feature","properties":{"idx":100,"road":"伊丹堂元屋舗線","cls":"tertiary","shops":0,"st_km":1.02,"mesh":"54392174"},"geometry":{"type":"LineString","coordinates":[[139.17563,36.22755],[139.17677,36.2274]]}},{"type":"Feature","properties":{"idx":116,"road":"","cls":"tertiary","shops":0,"st_km":1.51,"mesh":"54392165"},"geometry":{"type":"LineString","coordinates":[[139.19521,36.22476],[139.19587,36.22205]]}},{"type":"Feature","properties":{"idx":178,"road":"","cls":"tertiary","shops":0,"st_km":0.45,"mesh":"54392174"},"geometry":{"type":"LineString","coordinates":[[139.18677,36.23271],[139.18646,36.23225]]}},{"type":"Feature","properties":{"idx":31,"road":"","cls":"tertiary","shops":0,"st_km":1.14,"mesh":"54392140"},"geometry":{"type":"LineString","coordinates":[[139.12936,36.2019],[139.12848,36.20107]]}},{"type":"Feature","properties":{"idx":24,"road":"","cls":"tertiary","shops":0,"st_km":1.75,"mesh":"54392140"},"geometry":{"type":"LineString","coordinates":[[139.13191,36.20826],[139.13207,36.2083]]}},{"type":"Feature","properties":{"idx":113,"road":"","cls":"tertiary","shops":0,"st_km":1.64,"mesh":"54392165"},"geometry":{"type":"LineString","coordinates":[[139.19818,36.22579],[139.1989,36.2225]]}},{"type":"Feature","properties":{"idx":198,"road":"","cls":"tertiary","shops":0,"st_km":0.69,"mesh":"54392130"},"geometry":{"type":"LineString","coordinates":[[139.12892,36.19458],[139.12884,36.19572],[139.12887,36.19661]]}},{"type":"Feature","properties":{"idx":44,"road":"","cls":"tertiary","shops":0,"st_km":2.61,"mesh":"54392196"},"geometry":{"type":"LineString","coordinates":[[139.21224,36.24936],[139.21224,36.24941]]}},{"type":"Feature","properties":{"idx":137,"road":"","cls":"tertiary","shops":0,"st_km":2.26,"mesh":"54392176"},"geometry":{"type":"LineString","coordinates":[[139.21233,36.23083],[139.21227,36.2305]]}},{"type":"Feature","properties":{"idx":59,"road":"","cls":"tertiary","shops":0,"st_km":2.98,"mesh":"54392197"},"geometry":{"type":"LineString","coordinates":[[139.21797,36.24796],[139.21802,36.24798]]}},{"type":"Feature","properties":{"idx":105,"road":"","cls":"tertiary","shops":0,"st_km":1.46,"mesh":"54392175"},"geometry":{"type":"LineString","coordinates":[[139.19811,36.2261],[139.19818,36.22579]]}},{"type":"Feature","properties":{"idx":31,"road":"","cls":"tertiary","shops":0,"st_km":1.29,"mesh":"54392153"},"geometry":{"type":"LineString","coordinates":[[139.1657,36.2163],[139.1657,36.21629]]}},{"type":"Feature","properties":{"idx":96,"road":"","cls":"tertiary","shops":0,"st_km":0.99,"mesh":"54392120"},"geometry":{"type":"LineString","coordinates":[[139.13676,36.18578],[139.13698,36.1822]]}},{"type":"Feature","properties":{"idx":96,"road":"","cls":"tertiary","shops":0,"st_km":0.99,"mesh":"54392120"},"geometry":{"type":"LineString","coordinates":[[139.1313,36.18285],[139.13136,36.18651]]}},{"type":"Feature","properties":{"idx":126,"road":"見福伊丹堂線","cls":"tertiary","shops":0,"st_km":0.82,"mesh":"54392174"},"geometry":{"type":"LineString","coordinates":[[139.18417,36.22977],[139.18342,36.22975]]}},{"type":"Feature","properties":{"idx":209,"road":"伊丹堂元屋舗線","cls":"tertiary","shops":0,"st_km":1.19,"mesh":"54392173"},"geometry":{"type":"LineString","coordinates":[[139.17434,36.22824],[139.17434,36.2287]]}},{"type":"Feature","properties":{"idx":105,"road":"伊丹堂元屋舗線","cls":"tertiary","shops":0,"st_km":0.97,"mesh":"54392174"},"geometry":{"type":"LineString","coordinates":[[139.1782,36.22724],[139.17764,36.22729]]}},{"type":"Feature","properties":{"idx":98,"road":"伊丹堂元屋舗線","cls":"tertiary","shops":0,"st_km":1.06,"mesh":"54392174"},"geometry":{"type":"LineString","coordinates":[[139.17512,36.22759],[139.17563,36.22755]]}},{"type":"Feature","properties":{"idx":146,"road":"","cls":"tertiary","shops":0,"st_km":0.66,"mesh":"54392174"},"geometry":{"type":"LineString","coordinates":[[139.18496,36.23096],[139.18547,36.23075]]}},{"type":"Feature","properties":{"idx":59,"road":"","cls":"tertiary","shops":0,"st_km":2.94,"mesh":"54392197"},"geometry":{"type":"LineString","coordinates":[[139.21797,36.24796],[139.21709,36.24821],[139.21697,36.2482]]}},{"type":"Feature","properties":{"idx":160,"road":"本庄駅南口前通り","cls":"tertiary","shops":1,"st_km":0.94,"mesh":"54392174"},"geometry":{"type":"LineString","coordinates":[[139.18304,36.22752],[139.18306,36.22594]]}},{"type":"Feature","properties":{"idx":59,"road":"","cls":"tertiary","shops":0,"st_km":3.0,"mesh":"54392197"},"geometry":{"type":"LineString","coordinates":[[139.21802,36.24798],[139.21823,36.24823]]}},{"type":"Feature","properties":{"idx":187,"road":"","cls":"tertiary","shops":0,"st_km":0.39,"mesh":"54392174"},"geometry":{"type":"LineString","coordinates":[[139.18706,36.23313],[139.18677,36.23271]]}},{"type":"Feature","properties":{"idx":167,"road":"","cls":"tertiary","shops":0,"st_km":0.51,"mesh":"54392174"},"geometry":{"type":"LineString","coordinates":[[139.18633,36.23206],[139.1862,36.23186]]}},{"type":"Feature","properties":{"idx":108,"road":"","cls":"tertiary","shops":0,"st_km":0.78,"mesh":"54392120"},"geometry":{"type":"LineString","coordinates":[[139.12908,36.1867],[139.12975,36.1867],[139.131,36.18658],[139.13181,36.18644],[139.13467,36.18581],[139.13619,36.18583],[139.13676,36.18578],[139.137,36.18588]]}},{"type":"Feature","properties":{"idx":119,"road":"","cls":"tertiary","shops":0,"st_km":1.27,"mesh":"54392175"},"geometry":{"type":"LineString","coordinates":[[139.19488,36.22637],[139.19493,36.22608]]}},{"type":"Feature","properties":{"idx":205,"road":"伊丹堂元屋舗線","cls":"tertiary","shops":0,"st_km":1.22,"mesh":"54392173"},"geometry":{"type":"LineString","coordinates":[[139.17434,36.2287],[139.17434,36.22885]]}},{"type":"Feature","properties":{"idx":15,"road":"","cls":"tertiary","shops":0,"st_km":2.83,"mesh":"54392100"},"geometry":{"type":"LineString","coordinates":[[139.13284,36.16555],[139.13272,36.16583],[139.13198,36.16616],[139.13179,36.1663],[139.13174,36.16645],[139.13174,36.16682],[139.1318,36.167],[139.13197,36.1672],[139.13247,36.16759],[139.1326,36.16799],[139.13259,36.16826],[139.13247,36.16859],[139.13202,36.16916],[139.13193,36.1694],[139.13191,36.16966],[139.13175,36.1698]]}},{"type":"Feature","properties":{"idx":31,"road":"","cls":"tertiary","shops":0,"st_km":1.31,"mesh":"54392153"},"geometry":{"type":"LineString","coordinates":[[139.16971,36.21014],[139.1698,36.21003]]}},{"type":"Feature","properties":{"idx":64,"road":"","cls":"tertiary","shops":0,"st_km":1.62,"mesh":"54392196"},"geometry":{"type":"LineString","coordinates":[[139.20288,36.24559],[139.19974,36.24707]]}},{"type":"Feature","properties":{"idx":103,"road":"伊丹堂元屋舗線","cls":"tertiary","shops":0,"st_km":0.99,"mesh":"54392174"},"geometry":{"type":"LineString","coordinates":[[139.1782,36.22724],[139.17843,36.22779]]}},{"type":"Feature","properties":{"idx":214,"road":"中央通り","cls":"tertiary","shops":2,"st_km":0.47,"mesh":"54392164"},"geometry":{"type":"LineString","coordinates":[[139.18311,36.22495],[139.18312,36.22396],[139.18298,36.22347],[139.18282,36.22317],[139.1825,36.22278],[139.18021,36.22094],[139.1798,36.22049]]}},{"type":"Feature","properties":{"idx":50,"road":"","cls":"tertiary","shops":0,"st_km":1.94,"mesh":"54392162"},"geometry":{"type":"LineString","coordinates":[[139.15798,36.21711],[139.15841,36.21754]]}},{"type":"Feature","properties":{"idx":133,"road":"","cls":"tertiary","shops":0,"st_km":1.11,"mesh":"54392175"},"geometry":{"type":"LineString","coordinates":[[139.1947,36.22765],[139.19469,36.22801]]}},{"type":"Feature","properties":{"idx":49,"road":"","cls":"tertiary","shops":0,"st_km":2.25,"mesh":"54392196"},"geometry":{"type":"LineString","coordinates":[[139.20255,36.25026],[139.20451,36.24906],[139.20487,36.24896],[139.20589,36.24879],[139.20742,36.24828],[139.20796,36.24819],[139.21193,36.24818],[139.21227,36.248],[139.21278,36.24739],[139.21395,36.24639]]}},{"type":"Feature","properties":{"idx":21,"road":"","cls":"tertiary","shops":0,"st_km":2.51,"mesh":"54392187"},"geometry":{"type":"LineString","coordinates":[[139.2175,36.24344],[139.21732,36.24288],[139.21711,36.24254],[139.21452,36.23936],[139.21404,36.23851],[139.21405,36.23783]]}},{"type":"Feature","properties":{"idx":141,"road":"","cls":"tertiary","shops":0,"st_km":0.69,"mesh":"54392174"},"geometry":{"type":"LineString","coordinates":[[139.18547,36.23075],[139.18515,36.23026]]}},{"type":"Feature","properties":{"idx":232,"road":"","cls":"tertiary","shops":0,"st_km":0.46,"mesh":"54392130"},"geometry":{"type":"LineString","coordinates":[[139.13862,36.20224],[139.13855,36.2017],[139.13831,36.20097],[139.1382,36.20016],[139.13794,36.19938],[139.13791,36.19845],[139.13783,36.19805],[139.13742,36.19721],[139.13714,36.19685],[139.1351,36.19483],[139.13419,36.19426],[139.13404,36.1941],[139.134,36.19398],[139.13397,36.19301],[139.13393,36.19291],[139.13402,36.19218]]}},{"type":"Feature","properties":{"idx":31,"road":"","cls":"tertiary","shops":0,"st_km":2.25,"mesh":"54392151"},"geometry":{"type":"LineString","coordinates":[[139.14076,36.21175],[139.14081,36.21364]]}},{"type":"Feature","properties":{"idx":16,"road":"","cls":"tertiary","shops":0,"st_km":2.38,"mesh":"54392100"},"geometry":{"type":"LineString","coordinates":[[139.12563,36.17274],[139.12587,36.17314]]}},{"type":"Feature","properties":{"idx":45,"road":"","cls":"tertiary","shops":0,"st_km":2.56,"mesh":"54392196"},"geometry":{"type":"LineString","coordinates":[[139.21211,36.24811],[139.21224,36.24936]]}},{"type":"Feature","properties":{"idx":61,"road":"","cls":"tertiary","shops":0,"st_km":2.8,"mesh":"54392197"},"geometry":{"type":"LineString","coordinates":[[139.21863,36.24306],[139.2175,36.24344]]}},{"type":"Feature","properties":{"idx":224,"road":"伊丹堂元屋舗線","cls":"tertiary","shops":0,"st_km":1.09,"mesh":"54392173"},"geometry":{"type":"LineString","coordinates":[[139.17433,36.22769],[139.17512,36.22759]]}},{"type":"Feature","properties":{"idx":25,"road":"","cls":"tertiary","shops":1,"st_km":2.08,"mesh":"54392100"},"geometry":{"type":"LineString","coordinates":[[139.13167,36.17231],[139.1317,36.17284],[139.13206,36.17381],[139.13183,36.17477],[139.13088,36.17468],[139.12988,36.1747]]}},{"type":"Feature","properties":{"idx":134,"road":"","cls":"tertiary","shops":0,"st_km":0.75,"mesh":"54392174"},"geometry":{"type":"LineString","coordinates":[[139.18515,36.23026],[139.18483,36.22979]]}},{"type":"Feature","properties":{"idx":61,"road":"","cls":"tertiary","shops":0,"st_km":1.72,"mesh":"54392196"},"geometry":{"type":"LineString","coordinates":[[139.20288,36.24559],[139.20496,36.24461]]}},{"type":"Feature","properties":{"idx":60,"road":"","cls":"tertiary","shops":0,"st_km":2.86,"mesh":"54392197"},"geometry":{"type":"LineString","coordinates":[[139.21697,36.2482],[139.21692,36.24816],[139.21642,36.24703]]}},{"type":"Feature","properties":{"idx":414,"road":"","cls":"tertiary","shops":0,"st_km":0.8,"mesh":"54392184"},"geometry":{"type":"LineString","coordinates":[[139.17902,36.23388],[139.18043,36.2339]]}},{"type":"Feature","properties":{"idx":221,"road":"","cls":"tertiary","shops":0,"st_km":0.52,"mesh":"54392175"},"geometry":{"type":"LineString","coordinates":[[139.18886,36.23124],[139.18933,36.23217]]}},{"type":"Feature","properties":{"idx":103,"road":"伊丹堂元屋舗線","cls":"tertiary","shops":0,"st_km":0.99,"mesh":"54392174"},"geometry":{"type":"LineString","coordinates":[[139.17764,36.22729],[139.17677,36.2274]]}},{"type":"Feature","properties":{"idx":119,"road":"","cls":"tertiary","shops":0,"st_km":0.62,"mesh":"54392120"},"geometry":{"type":"LineString","coordinates":[[139.12887,36.18986],[139.12883,36.18992],[139.12884,36.19036],[139.1291,36.19094],[139.12907,36.19129],[139.12888,36.19203],[139.12896,36.19255]]}},{"type":"Feature","properties":{"idx":161,"road":"","cls":"tertiary","shops":0,"st_km":0.55,"mesh":"54392174"},"geometry":{"type":"LineString","coordinates":[[139.18592,36.23142],[139.1862,36.23186]]}},{"type":"Feature","properties":{"idx":16,"road":"","cls":"tertiary","shops":0,"st_km":2.55,"mesh":"54392100"},"geometry":{"type":"LineString","coordinates":[[139.13175,36.1698],[139.1311,36.17024],[139.13082,36.17052]]}},{"type":"Feature","properties":{"idx":62,"road":"","cls":"tertiary","shops":0,"st_km":2.69,"mesh":"54392197"},"geometry":{"type":"LineString","coordinates":[[139.21572,36.24411],[139.21581,36.24402],[139.21611,36.24389],[139.2175,36.24344]]}},{"type":"Feature","properties":{"idx":208,"road":"","cls":"tertiary","shops":0,"st_km":0.61,"mesh":"54392130"},"geometry":{"type":"LineString","coordinates":[[139.12892,36.19458],[139.12896,36.19255]]}},{"type":"Feature","properties":{"idx":97,"road":"","cls":"tertiary","shops":0,"st_km":1.89,"mesh":"54392110"},"geometry":{"type":"LineString","coordinates":[[139.12988,36.1747],[139.12985,36.17475],[139.12998,36.17513],[139.13047,36.17634],[139.1305,36.17652],[139.13047,36.17692],[139.13035,36.17757],[139.13015,36.17795]]}},{"type":"Feature","properties":{"idx":244,"road":"","cls":"tertiary","shops":0,"st_km":1.6,"mesh":"54392195"},"geometry":{"type":"LineString","coordinates":[[139.19583,36.24975],[139.19754,36.24812]]}},{"type":"Feature","properties":{"idx":33,"road":"","cls":"tertiary","shops":0,"st_km":0.56,"mesh":"54392185"},"geometry":{"type":"LineString","coordinates":[[139.19423,36.23628],[139.19444,36.23692]]}},{"type":"Feature","properties":{"idx":372,"road":"本高通り","cls":"tertiary","shops":0,"st_km":0.93,"mesh":"54392184"},"geometry":{"type":"LineString","coordinates":[[139.17816,36.23209],[139.17805,36.23318],[139.17782,36.23388],[139.17779,36.23489],[139.17788,36.23739],[139.17867,36.24041],[139.1788,36.24142],[139.17913,36.2421]]}},{"type":"Feature","properties":{"idx":42,"road":"","cls":"tertiary","shops":0,"st_km":3.63,"mesh":"54392189"},"geometry":{"type":"LineString","coordinates":[[139.24425,36.23777],[139.24342,36.23785],[139.2417,36.23811],[139.24102,36.2381],[139.23957,36.23843],[139.23854,36.23847],[139.23748,36.23877],[139.23578,36.23884],[139.23496,36.23878],[139.23449,36.23869]]}},{"type":"Feature","properties":{"idx":27,"road":"","cls":"tertiary","shops":0,"st_km":2.05,"mesh":"54392166"},"geometry":{"type":"LineString","coordinates":[[139.21227,36.2305],[139.21171,36.22846],[139.21109,36.22718],[139.21095,36.2267],[139.21087,36.22655],[139.21057,36.22633],[139.20775,36.22538],[139.20717,36.22512],[139.20691,36.22496],[139.20653,36.22461],[139.20544,36.22321],[139.20449,36.22267],[139.20416,36.22261],[139.20366,36.2226],[139.20116,36.22266],[139.19974,36.2226],[139.19283,36.22165],[139.1917,36.2217],[139.19028,36.22195],[139.18922,36.22223]]}},{"type":"Feature","properties":{"idx":110,"road":"","cls":"tertiary","shops":0,"st_km":0.91,"mesh":"54392174"},"geometry":{"type":"LineString","coordinates":[[139.17805,36.22624],[139.17812,36.22697],[139.1782,36.22724]]}},{"type":"Feature","properties":{"idx":32,"road":"","cls":"tertiary","shops":0,"st_km":1.26,"mesh":"54392153"},"geometry":{"type":"LineString","coordinates":[[139.16696,36.21437],[139.16661,36.21499],[139.1657,36.21629]]}},{"type":"Feature","properties":{"idx":31,"road":"","cls":"tertiary","shops":0,"st_km":1.3,"mesh":"54392153"},"geometry":{"type":"LineString","coordinates":[[139.169,36.21102],[139.16971,36.21014]]}},{"type":"Feature","properties":{"idx":34,"road":"","cls":"tertiary","shops":0,"st_km":1.88,"mesh":"54392151"},"geometry":{"type":"LineString","coordinates":[[139.1407,36.20878],[139.14072,36.20988]]}},{"type":"Feature","properties":{"idx":239,"road":"","cls":"tertiary","shops":0,"st_km":0.43,"mesh":"54392175"},"geometry":{"type":"LineString","coordinates":[[139.1897,36.23293],[139.18933,36.23217]]}},{"type":"Feature","properties":{"idx":28,"road":"","cls":"tertiary","shops":0,"st_km":3.61,"mesh":"54392188"},"geometry":{"type":"LineString","coordinates":[[139.23422,36.23862],[139.23112,36.23779],[139.22855,36.23691]]}},{"type":"Feature","properties":{"idx":122,"road":"","cls":"tertiary","shops":0,"st_km":0.94,"mesh":"54392141"},"geometry":{"type":"LineString","coordinates":[[139.14056,36.20162],[139.1405,36.19903]]}},{"type":"Feature","properties":{"idx":109,"road":"","cls":"tertiary","shops":0,"st_km":1.16,"mesh":"54392141"},"geometry":{"type":"LineString","coordinates":[[139.14056,36.20162],[139.14044,36.20344]]}},{"type":"Feature","properties":{"idx":26,"road":"","cls":"tertiary","shops":0,"st_km":0.81,"mesh":"54392185"},"geometry":{"type":"LineString","coordinates":[[139.1981,36.23695],[139.19598,36.23787]]}},{"type":"Feature","properties":{"idx":105,"road":"","cls":"tertiary","shops":0,"st_km":1.24,"mesh":"54392141"},"geometry":{"type":"LineString","coordinates":[[139.13954,36.1953],[139.1406,36.19581],[139.14084,36.19585],[139.14141,36.19583],[139.14172,36.196],[139.14186,36.19653],[139.14236,36.19702],[139.1429,36.19899],[139.14372,36.20168],[139.14396,36.20209],[139.14469,36.20302],[139.14659,36.20364],[139.1484,36.20407],[139.14959,36.20413],[139.15073,36.20426],[139.15272,36.20472]]}},{"type":"Feature","properties":{"idx":63,"road":"","cls":"tertiary","shops":0,"st_km":2.64,"mesh":"54392197"},"geometry":{"type":"LineString","coordinates":[[139.21572,36.24411],[139.21568,36.24421],[139.21564,36.24502],[139.21556,36.24521],[139.21463,36.24581],[139.21409,36.24628]]}},{"type":"Feature","properties":{"idx":29,"road":"","cls":"tertiary","shops":0,"st_km":1.22,"mesh":"54392140"},"geometry":{"type":"LineString","coordinates":[[139.12936,36.2019],[139.13008,36.20259],[139.13111,36.20271],[139.13138,36.20278],[139.13292,36.20344],[139.13344,36.20373],[139.13369,36.20393],[139.1347,36.20516],[139.13531,36.2069]]}},{"type":"Feature","properties":{"idx":99,"road":"","cls":"tertiary","shops":0,"st_km":0.56,"mesh":"54392164"},"geometry":{"type":"LineString","coordinates":[[139.18626,36.21668],[139.18567,36.21789],[139.18557,36.21831],[139.1856,36.21872]]}},{"type":"Feature","properties":{"idx":77,"road":"","cls":"tertiary","shops":0,"st_km":0.85,"mesh":"54392164"},"geometry":{"type":"LineString","coordinates":[[139.18636,36.225],[139.18634,36.22405],[139.18599,36.22325]]}},{"type":"Feature","properties":{"idx":342,"road":"","cls":"tertiary","shops":0,"st_km":0.66,"mesh":"54392131"},"geometry":{"type":"LineString","coordinates":[[139.1405,36.19903],[139.14044,36.19575]]}},{"type":"Feature","properties":{"idx":52,"road":"","cls":"tertiary","shops":0,"st_km":2.08,"mesh":"54392196"},"geometry":{"type":"LineString","coordinates":[[139.20311,36.24426],[139.20409,36.24449],[139.20479,36.2446],[139.20706,36.24466],[139.21046,36.24498],[139.21235,36.24551],[139.21306,36.24578],[139.21409,36.24628]]}},{"type":"Feature","properties":{"idx":16,"road":"","cls":"tertiary","shops":0,"st_km":2.54,"mesh":"54392100"},"geometry":{"type":"LineString","coordinates":[[139.13082,36.17052],[139.13062,36.17018]]}},{"type":"Feature","properties":{"idx":31,"road":"","cls":"tertiary","shops":0,"st_km":1.1,"mesh":"54392140"},"geometry":{"type":"LineString","coordinates":[[139.12848,36.20107],[139.12693,36.19957]]}},{"type":"Feature","properties":{"idx":58,"road":"","cls":"tertiary","shops":0,"st_km":3.05,"mesh":"54392197"},"geometry":{"type":"LineString","coordinates":[[139.21854,36.24933],[139.21823,36.24823]]}},{"type":"Feature","properties":{"idx":58,"road":"","cls":"tertiary","shops":0,"st_km":1.99,"mesh":"54392152"},"geometry":{"type":"LineString","coordinates":[[139.15752,36.21599],[139.15777,36.21675],[139.15798,36.21711]]}},{"type":"Feature","properties":{"idx":20,"road":"","cls":"tertiary","shops":0,"st_km":2.57,"mesh":"54392187"},"geometry":{"type":"LineString","coordinates":[[139.21716,36.23857],[139.21627,36.23686]]}},{"type":"Feature","properties":{"idx":116,"road":"","cls":"tertiary","shops":0,"st_km":1.33,"mesh":"54392110"},"geometry":{"type":"LineString","coordinates":[[139.13701,36.18161],[139.13698,36.18112],[139.13665,36.18026]]}},{"type":"Feature","properties":{"idx":248,"road":"","cls":"tertiary","shops":0,"st_km":1.57,"mesh":"54392195"},"geometry":{"type":"LineString","coordinates":[[139.19974,36.24707],[139.19754,36.24812]]}},{"type":"Feature","properties":{"idx":554,"road":"","cls":"tertiary","shops":0,"st_km":2.85,"mesh":"54392161"},"geometry":{"type":"LineString","coordinates":[[139.13832,36.2161],[139.14216,36.22047]]}},{"type":"Feature","properties":{"idx":16,"road":"","cls":"tertiary","shops":0,"st_km":2.46,"mesh":"54392100"},"geometry":{"type":"LineString","coordinates":[[139.12563,36.17274],[139.12518,36.1725],[139.12479,36.17191]]}},{"type":"Feature","properties":{"idx":32,"road":"","cls":"tertiary","shops":0,"st_km":1.25,"mesh":"54392153"},"geometry":{"type":"LineString","coordinates":[[139.16884,36.21124],[139.16748,36.21358]]}},{"type":"Feature","properties":{"idx":16,"road":"","cls":"tertiary","shops":0,"st_km":2.42,"mesh":"54392100"},"geometry":{"type":"LineString","coordinates":[[139.12563,36.17274],[139.12594,36.17241],[139.12736,36.17216],[139.12747,36.17166]]}},{"type":"Feature","properties":{"idx":34,"road":"","cls":"tertiary","shops":0,"st_km":1.86,"mesh":"54392111"},"geometry":{"type":"LineString","coordinates":[[139.14068,36.17479],[139.14003,36.17523],[139.13894,36.17661],[139.13832,36.17686],[139.13741,36.17751]]}},{"type":"Feature","properties":{"idx":395,"road":"","cls":"tertiary","shops":0,"st_km":1.14,"mesh":"54392121"},"geometry":{"type":"LineString","coordinates":[[139.13446,36.18312],[139.13589,36.18323],[139.13955,36.18332],[139.1415,36.18371],[139.14256,36.18386],[139.14302,36.18386],[139.14538,36.18347],[139.14833,36.18353]]}},{"type":"Feature","properties":{"idx":224,"road":"","cls":"tertiary","shops":0,"st_km":2.45,"mesh":"54392150"},"geometry":{"type":"LineString","coordinates":[[139.13864,36.21333],[139.13315,36.2165]]}},{"type":"Feature","properties":{"idx":135,"road":"","cls":"tertiary","shops":1,"st_km":0.66,"mesh":"54392164"},"geometry":{"type":"LineString","coordinates":[[139.17993,36.22253],[139.1785,36.22323],[139.17764,36.22344],[139.17578,36.2234],[139.17411,36.22374],[139.1729,36.22408],[139.17067,36.22433]]}},{"type":"Feature","properties":{"idx":16,"road":"","cls":"tertiary","shops":0,"st_km":2.22,"mesh":"54392100"},"geometry":{"type":"LineString","coordinates":[[139.12587,36.17314],[139.1263,36.17407],[139.12663,36.17562]]}},{"type":"Feature","properties":{"idx":221,"road":"","cls":"tertiary","shops":0,"st_km":2.09,"mesh":"54392160"},"geometry":{"type":"LineString","coordinates":[[139.12085,36.21708],[139.12419,36.21774],[139.13016,36.21431]]}},{"type":"Feature","properties":{"idx":35,"road":"","cls":"tertiary","shops":0,"st_km":1.76,"mesh":"54392111"},"geometry":{"type":"LineString","coordinates":[[139.14515,36.18073],[139.14686,36.18102],[139.14893,36.18061],[139.14904,36.18048],[139.14908,36.18002],[139.14927,36.17987],[139.14986,36.17991],[139.15077,36.18011]]}},{"type":"Feature","properties":{"idx":21,"road":"","cls":"tertiary","shops":0,"st_km":2.57,"mesh":"54392187"},"geometry":{"type":"LineString","coordinates":[[139.21003,36.23714],[139.21047,36.23773],[139.2107,36.23786],[139.21084,36.23788],[139.21213,36.23769],[139.21359,36.23786],[139.21405,36.23783],[139.21462,36.23757],[139.21562,36.23701],[139.21745,36.23659],[139.21797,36.23641],[139.21825,36.2362],[139.21848,36.23586],[139.2192,36.2351],[139.21951,36.23484],[139.21999,36.23454],[139.2207,36.23411],[139.22129,36.23383],[139.22275,36.23344]]}},{"type":"Feature","properties":{"idx":59,"road":"","cls":"tertiary","shops":0,"st_km":3.65,"mesh":"54392198"},"geometry":{"type":"LineString","coordinates":[[139.22271,36.24851],[139.22339,36.24823],[139.22399,36.24806],[139.22416,36.24807],[139.22494,36.24833],[139.22618,36.24848],[139.22767,36.24862],[139.22839,36.24866],[139.22928,36.24863]]}},{"type":"Feature","properties":{"idx":259,"road":"","cls":"tertiary","shops":1,"st_km":0.92,"mesh":"54392130"},"geometry":{"type":"LineString","coordinates":[[139.12896,36.19255],[139.12859,36.19268],[139.12839,36.19265],[139.12802,36.19245],[139.1256,36.1918],[139.12476,36.19172],[139.12376,36.19156],[139.12357,36.19132],[139.12343,36.19021]]}},{"type":"Feature","properties":{"idx":121,"road":"長瀞児玉線","cls":"secondary","shops":0,"st_km":1.54,"mesh":"54392110"},"geometry":{"type":"LineString","coordinates":[[139.12994,36.18001],[139.13021,36.17948]]}},{"type":"Feature","properties":{"idx":104,"road":"長瀞児玉線","cls":"secondary","shops":0,"st_km":1.06,"mesh":"54392120"},"geometry":{"type":"LineString","coordinates":[[139.12992,36.18004],[139.12977,36.18055],[139.12965,36.18237],[139.12912,36.18357],[139.12907,36.18499],[139.12911,36.18823],[139.12887,36.18986]]}},{"type":"Feature","properties":{"idx":18,"road":"長瀞児玉線","cls":"secondary","shops":0,"st_km":2.27,"mesh":"54392100"},"geometry":{"type":"LineString","coordinates":[[139.125,36.17425],[139.12512,36.1743]]}},{"type":"Feature","properties":{"idx":109,"road":"長瀞児玉線","cls":"secondary","shops":0,"st_km":1.92,"mesh":"54392110"},"geometry":{"type":"LineString","coordinates":[[139.13021,36.17948],[139.13039,36.17909],[139.1304,36.17849],[139.12988,36.17745],[139.12941,36.17701],[139.12913,36.17682],[139.12876,36.17668],[139.12823,36.17659],[139.12772,36.17644],[139.12721,36.17616],[139.1258,36.17479],[139.12512,36.1743]]}},{"type":"Feature","properties":{"idx":243,"road":"秩父児玉線","cls":"primary","shops":0,"st_km":0.71,"mesh":"54392130"},"geometry":{"type":"LineString","coordinates":[[139.13151,36.19709],[139.13094,36.19679],[139.13037,36.19666],[139.12697,36.19655]]}},{"type":"Feature","properties":{"idx":136,"road":"下平橋","cls":"tertiary","shops":0,"st_km":1.04,"mesh":"54392105"},"geometry":{"type":"LineString","coordinates":[[139.19332,36.1731],[139.19396,36.17316]]}},{"type":"Feature","properties":{"idx":261,"road":"","cls":"tertiary","shops":0,"st_km":1.38,"mesh":"54392181"},"geometry":{"type":"LineString","coordinates":[[139.14769,36.24253],[139.14848,36.24158],[139.14852,36.24141],[139.14853,36.24096],[139.14861,36.24074],[139.14985,36.24019]]}},{"type":"Feature","properties":{"idx":643,"road":"","cls":"tertiary","shops":1,"st_km":1.11,"mesh":"54392192"},"geometry":{"type":"LineString","coordinates":[[139.15748,36.24652],[139.15679,36.24565]]}},{"type":"Feature","properties":{"idx":370,"road":"","cls":"tertiary","shops":0,"st_km":1.33,"mesh":"54392192"},"geometry":{"type":"LineString","coordinates":[[139.15462,36.24287],[139.15396,36.24206]]}},{"type":"Feature","properties":{"idx":327,"road":"蛭子塚通り","cls":"tertiary","shops":0,"st_km":1.53,"mesh":"54392192"},"geometry":{"type":"LineString","coordinates":[[139.16247,36.24616],[139.16178,36.24496],[139.15871,36.24105]]}},{"type":"Feature","properties":{"idx":124,"road":"","cls":"tertiary","shops":0,"st_km":1.9,"mesh":"54392180"},"geometry":{"type":"LineString","coordinates":[[139.13618,36.24008],[139.13513,36.24064]]}},{"type":"Feature","properties":{"idx":199,"road":"","cls":"tertiary","shops":0,"st_km":1.91,"mesh":"54392181"},"geometry":{"type":"LineString","coordinates":[[139.14115,36.23764],[139.14072,36.23784]]}},{"type":"Feature","properties":{"idx":197,"road":"","cls":"tertiary","shops":0,"st_km":1.93,"mesh":"54392181"},"geometry":{"type":"LineString","coordinates":[[139.14115,36.23764],[139.14339,36.23654]]}},{"type":"Feature","properties":{"idx":184,"road":"","cls":"tertiary","shops":0,"st_km":2.11,"mesh":"54392181"},"geometry":{"type":"LineString","coordinates":[[139.14265,36.23573],[139.14262,36.23494]]}},{"type":"Feature","properties":{"idx":229,"road":"","cls":"tertiary","shops":0,"st_km":1.61,"mesh":"54392181"},"geometry":{"type":"LineString","coordinates":[[139.14034,36.24158],[139.14073,36.24037],[139.14076,36.23996]]}},{"type":"Feature","properties":{"idx":210,"road":"","cls":"tertiary","shops":0,"st_km":1.79,"mesh":"54392181"},"geometry":{"type":"LineString","coordinates":[[139.14076,36.23996],[139.14088,36.23841],[139.14072,36.23784]]}},{"type":"Feature","properties":{"idx":194,"road":"","cls":"tertiary","shops":0,"st_km":1.97,"mesh":"54392181"},"geometry":{"type":"LineString","coordinates":[[139.14339,36.23654],[139.14408,36.2362]]}},{"type":"Feature","properties":{"idx":125,"road":"","cls":"tertiary","shops":0,"st_km":1.89,"mesh":"54392180"},"geometry":{"type":"LineString","coordinates":[[139.13618,36.24008],[139.13755,36.23939]]}},{"type":"Feature","properties":{"idx":201,"road":"","cls":"tertiary","shops":0,"st_km":1.89,"mesh":"54392181"},"geometry":{"type":"LineString","coordinates":[[139.13755,36.23939],[139.13977,36.2383]]}},{"type":"Feature","properties":{"idx":200,"road":"","cls":"tertiary","shops":0,"st_km":2.81,"mesh":"54392160"},"geometry":{"type":"LineString","coordinates":[[139.13039,36.2109],[139.13051,36.21101],[139.13058,36.21124],[139.13031,36.21266],[139.12995,36.21377],[139.12999,36.21409],[139.13391,36.2186],[139.13983,36.22529]]}},{"type":"Feature","properties":{"idx":563,"road":"","cls":"tertiary","shops":0,"st_km":3.31,"mesh":"54392161"},"geometry":{"type":"LineString","coordinates":[[139.13983,36.22529],[139.14261,36.22368]]}},{"type":"Feature","properties":{"idx":192,"road":"","cls":"tertiary","shops":0,"st_km":2.99,"mesh":"54392170"},"geometry":{"type":"LineString","coordinates":[[139.13206,36.22381],[139.1355,36.22778]]}},{"type":"Feature","properties":{"idx":199,"road":"","cls":"tertiary","shops":0,"st_km":2.55,"mesh":"54392170"},"geometry":{"type":"LineString","coordinates":[[139.12594,36.22252],[139.13132,36.22866]]}},{"type":"Feature","properties":{"idx":195,"road":"","cls":"tertiary","shops":0,"st_km":3.18,"mesh":"54392171"},"geometry":{"type":"LineString","coordinates":[[139.13566,36.2277],[139.13983,36.22529]]}},{"type":"Feature","properties":{"idx":202,"road":"","cls":"tertiary","shops":0,"st_km":2.71,"mesh":"54392160"},"geometry":{"type":"LineString","coordinates":[[139.13206,36.22381],[139.13027,36.22482]]}},{"type":"Feature","properties":{"idx":202,"road":"","cls":"tertiary","shops":0,"st_km":3.08,"mesh":"54392170"},"geometry":{"type":"LineString","coordinates":[[139.13566,36.2277],[139.13222,36.22968]]}},{"type":"Feature","properties":{"idx":182,"road":"","cls":"tertiary","shops":0,"st_km":2.15,"mesh":"54392181"},"geometry":{"type":"LineString","coordinates":[[139.13722,36.24846],[139.13903,36.24727],[139.13965,36.24679],[139.14061,36.24595],[139.14095,36.24572],[139.14215,36.24458],[139.14304,36.24364],[139.14373,36.24273],[139.14437,36.24173],[139.14491,36.24075],[139.14677,36.23678],[139.14733,36.23573],[139.1489,36.23336],[139.1505,36.23138],[139.15211,36.22971],[139.15568,36.2267],[139.15864,36.22435],[139.15879,36.22419],[139.15883,36.22396],[139.15912,36.22393],[139.1604,36.22279],[139.16172,36.22139]]}},{"type":"Feature","properties":{"idx":25,"road":"","cls":"tertiary","shops":0,"st_km":2.11,"mesh":"54392190"},"geometry":{"type":"LineString","coordinates":[[139.12741,36.24599],[139.12753,36.24599]]}},{"type":"Feature","properties":{"idx":24,"road":"","cls":"tertiary","shops":0,"st_km":2.24,"mesh":"54392190"},"geometry":{"type":"LineString","coordinates":[[139.12604,36.24565],[139.12627,36.24554]]}},{"type":"Feature","properties":{"idx":25,"road":"","cls":"tertiary","shops":0,"st_km":2.06,"mesh":"54392190"},"geometry":{"type":"LineString","coordinates":[[139.12753,36.24599],[139.12877,36.24594]]}},{"type":"Feature","properties":{"idx":24,"road":"","cls":"tertiary","shops":0,"st_km":2.26,"mesh":"54392190"},"geometry":{"type":"LineString","coordinates":[[139.12555,36.24594],[139.12604,36.24565]]}},{"type":"Feature","properties":{"idx":23,"road":"","cls":"tertiary","shops":0,"st_km":2.31,"mesh":"54392190"},"geometry":{"type":"LineString","coordinates":[[139.12551,36.2448],[139.12555,36.24557]]}},{"type":"Feature","properties":{"idx":24,"road":"","cls":"tertiary","shops":0,"st_km":2.2,"mesh":"54392190"},"geometry":{"type":"LineString","coordinates":[[139.12555,36.24594],[139.12562,36.24981]]}},{"type":"Feature","properties":{"idx":99,"road":"","cls":"tertiary","shops":0,"st_km":2.64,"mesh":"54392180"},"geometry":{"type":"LineString","coordinates":[[139.12521,36.23435],[139.1253,36.23443],[139.12539,36.23473],[139.12536,36.23496],[139.12509,36.23563],[139.12534,36.23629],[139.12551,36.2448]]}},{"type":"Feature","properties":{"idx":25,"road":"","cls":"tertiary","shops":0,"st_km":2.11,"mesh":"54392190"},"geometry":{"type":"LineString","coordinates":[[139.12627,36.24554],[139.13119,36.2428]]}},{"type":"Feature","properties":{"idx":24,"road":"","cls":"tertiary","shops":0,"st_km":2.19,"mesh":"54392190"},"geometry":{"type":"LineString","coordinates":[[139.12555,36.24606],[139.12741,36.24599]]}},{"type":"Feature","properties":{"idx":40,"road":"","cls":"tertiary","shops":0,"st_km":1.21,"mesh":"54392190"},"geometry":{"type":"LineString","coordinates":[[139.13713,36.24852],[139.13709,36.24855]]}},{"type":"Feature","properties":{"idx":106,"road":"","cls":"tertiary","shops":0,"st_km":2.34,"mesh":"54392180"},"geometry":{"type":"LineString","coordinates":[[139.13208,36.24029],[139.12959,36.24044],[139.12543,36.24039]]}},{"type":"Feature","properties":{"idx":211,"road":"","cls":"tertiary","shops":0,"st_km":2.36,"mesh":"54392160"},"geometry":{"type":"LineString","coordinates":[[139.13034,36.22185],[139.12674,36.21771]]}},{"type":"Feature","properties":{"idx":203,"road":"","cls":"tertiary","shops":0,"st_km":2.66,"mesh":"54392160"},"geometry":{"type":"LineString","coordinates":[[139.13321,36.21777],[139.1309,36.2191]]}},{"type":"Feature","properties":{"idx":203,"road":"","cls":"tertiary","shops":0,"st_km":2.67,"mesh":"54392160"},"geometry":{"type":"LineString","coordinates":[[139.13206,36.22381],[139.13034,36.22185]]}},{"type":"Feature","properties":{"idx":214,"road":"","cls":"tertiary","shops":0,"st_km":2.26,"mesh":"54392160"},"geometry":{"type":"LineString","coordinates":[[139.12868,36.21658],[139.12674,36.21771]]}},{"type":"Feature","properties":{"idx":227,"road":"","cls":"tertiary","shops":0,"st_km":2.34,"mesh":"54392150"},"geometry":{"type":"LineString","coordinates":[[139.1309,36.2191],[139.12627,36.21387]]}},{"type":"Feature","properties":{"idx":207,"road":"","cls":"tertiary","shops":0,"st_km":2.48,"mesh":"54392160"},"geometry":{"type":"LineString","coordinates":[[139.1309,36.2191],[139.12894,36.22023]]}},{"type":"Feature","properties":{"idx":202,"road":"","cls":"tertiary","shops":0,"st_km":2.74,"mesh":"54392160"},"geometry":{"type":"LineString","coordinates":[[139.13431,36.22249],[139.1309,36.2191]]}},{"type":"Feature","properties":{"idx":25,"road":"","cls":"tertiary","shops":0,"st_km":1.66,"mesh":"54392140"},"geometry":{"type":"LineString","coordinates":[[139.12507,36.20493],[139.12503,36.20511]]}},{"type":"Feature","properties":{"idx":59,"road":"","cls":"tertiary","shops":0,"st_km":1.39,"mesh":"54392103"},"geometry":{"type":"LineString","coordinates":[[139.16808,36.16706],[139.16845,36.16755],[139.16863,36.16771]]}},{"type":"Feature","properties":{"idx":303,"road":"","cls":"tertiary","shops":2,"st_km":0.12,"mesh":"54392164"},"geometry":{"type":"LineString","coordinates":[[139.17958,36.21952],[139.17977,36.21954],[139.17992,36.21967],[139.18008,36.21971],[139.18055,36.21949],[139.18063,36.21938],[139.18058,36.21925]]}},{"type":"Feature","properties":{"idx":25,"road":"","cls":"tertiary","shops":0,"st_km":1.67,"mesh":"54392140"},"geometry":{"type":"LineString","coordinates":[[139.12501,36.20521],[139.12503,36.20511]]}},{"type":"Feature","properties":{"idx":171,"road":"","cls":"tertiary","shops":0,"st_km":2.36,"mesh":"54392177"},"geometry":{"type":"LineString","coordinates":[[139.21233,36.23083],[139.21254,36.23125],[139.21354,36.23221],[139.21409,36.23289],[139.21492,36.23421],[139.21528,36.23492]]}},{"type":"Feature","properties":{"idx":31,"road":"","cls":"tertiary","shops":1,"st_km":2.5,"mesh":"54392187"},"geometry":{"type":"LineString","coordinates":[[139.21627,36.23686],[139.21568,36.2357]]}},{"type":"Feature","properties":{"idx":714,"road":"","cls":"tertiary","shops":1,"st_km":1.96,"mesh":"54392186"},"geometry":{"type":"LineString","coordinates":[[139.21003,36.23714],[139.20986,36.23684]]}},{"type":"Feature","properties":{"idx":21,"road":"","cls":"tertiary","shops":0,"st_km":2.45,"mesh":"54392187"},"geometry":{"type":"LineString","coordinates":[[139.21552,36.2354],[139.21528,36.23492]]}},{"type":"Feature","properties":{"idx":140,"road":"","cls":"tertiary","shops":0,"st_km":2.19,"mesh":"54392176"},"geometry":{"type":"LineString","coordinates":[[139.21065,36.2308],[139.2112,36.2307],[139.21144,36.23074],[139.21179,36.23091],[139.21236,36.23093]]}},{"type":"Feature","properties":{"idx":31,"road":"","cls":"tertiary","shops":0,"st_km":1.29,"mesh":"54392153"},"geometry":{"type":"LineString","coordinates":[[139.16563,36.21639],[139.1657,36.2163]]}},{"type":"Feature","properties":{"idx":62,"road":"","cls":"tertiary","shops":0,"st_km":1.5,"mesh":"54392163"},"geometry":{"type":"LineString","coordinates":[[139.16323,36.22053],[139.16302,36.22014]]}},{"type":"Feature","properties":{"idx":208,"road":"本庄寄居線","cls":"primary","shops":0,"st_km":0.97,"mesh":"54392165"},"geometry":{"type":"LineString","coordinates":[[139.1898,36.227],[139.18964,36.22637],[139.1893,36.2244],[139.18931,36.22265],[139.18869,36.22013],[139.18858,36.21904],[139.18857,36.21843]]}},{"type":"Feature","properties":{"idx":204,"road":"","cls":"tertiary","shops":0,"st_km":0.61,"mesh":"54392175"},"geometry":{"type":"LineString","coordinates":[[139.18793,36.23346],[139.18857,36.23239],[139.18875,36.23195],[139.18885,36.23134],[139.18892,36.22948],[139.18902,36.22879],[139.18917,36.22817]]}},{"type":"Feature","properties":{"idx":23,"road":"","cls":"tertiary","shops":0,"st_km":0.96,"mesh":"54392185"},"geometry":{"type":"LineString","coordinates":[[139.20296,36.23024],[139.20267,36.23064],[139.20218,36.23112],[139.19994,36.23296],[139.19925,36.23345],[139.19771,36.23417],[139.19255,36.23606]]}},{"type":"Feature","properties":{"idx":131,"road":"本庄妻沼線","cls":"primary","shops":0,"st_km":2.77,"mesh":"54392179"},"geometry":{"type":"LineString","coordinates":[[139.23803,36.23076],[139.23851,36.23068]]}},{"type":"Feature","properties":{"idx":320,"road":"児玉停車場線","cls":"secondary","shops":0,"st_km":0.2,"mesh":"54392130"},"geometry":{"type":"LineString","coordinates":[[139.13568,36.19251],[139.13515,36.1923],[139.13454,36.19221],[139.13163,36.19216]]}},{"type":"Feature","properties":{"idx":533,"road":"","cls":"tertiary","shops":0,"st_km":0.61,"mesh":"54392121"},"geometry":{"type":"LineString","coordinates":[[139.13619,36.19059],[139.13707,36.19055],[139.13827,36.19029],[139.14072,36.18956],[139.14227,36.18899],[139.14267,36.1889],[139.14314,36.18889],[139.14387,36.18896],[139.14603,36.18932]]}},{"type":"Feature","properties":{"idx":559,"road":"熊谷児玉線","cls":"primary","shops":0,"st_km":1.4,"mesh":"54392122"},"geometry":{"type":"LineString","coordinates":[[139.15511,36.18948],[139.15451,36.18921],[139.15415,36.18914],[139.15316,36.18933],[139.15115,36.1893],[139.14773,36.18949],[139.14706,36.18947],[139.14603,36.18932]]}},{"type":"Feature","properties":{"idx":119,"road":"小前田児玉線","cls":"secondary","shops":0,"st_km":0.81,"mesh":"54392120"},"geometry":{"type":"LineString","coordinates":[[139.13502,36.18727],[139.13649,36.1863],[139.13725,36.1857],[139.13831,36.18516],[139.13868,36.18503],[139.13907,36.18497],[139.13946,36.18496],[139.14012,36.18503]]}},{"type":"Feature","properties":{"idx":35,"road":"","cls":"tertiary","shops":0,"st_km":0.88,"mesh":"54392140"},"geometry":{"type":"LineString","coordinates":[[139.1317,36.20021],[139.13167,36.19996]]}},{"type":"Feature","properties":{"idx":480,"road":"","cls":"tertiary","shops":0,"st_km":0.68,"mesh":"54392195"},"geometry":{"type":"LineString","coordinates":[[139.18922,36.24048],[139.18966,36.24418]]}},{"type":"Feature","properties":{"idx":119,"road":"","cls":"tertiary","shops":0,"st_km":1.27,"mesh":"54392110"},"geometry":{"type":"LineString","coordinates":[[139.12429,36.18248],[139.12519,36.18214],[139.12554,36.18209],[139.12596,36.18209],[139.128,36.18255],[139.13446,36.18312]]}},{"type":"Feature","properties":{"idx":85,"road":"","cls":"tertiary","shops":0,"st_km":1.24,"mesh":"54392120"},"geometry":{"type":"LineString","coordinates":[[139.12908,36.1864],[139.1278,36.1855],[139.12642,36.18416],[139.12584,36.18366],[139.12469,36.18302],[139.12445,36.18278],[139.12429,36.18248]]}},{"type":"Feature","properties":{"idx":128,"road":"上里鬼石線","cls":"primary","shops":0,"st_km":2.48,"mesh":"54392180"},"geometry":{"type":"LineString","coordinates":[[139.14403,36.2352],[139.14112,36.23467],[139.13846,36.23428],[139.13274,36.23367],[139.12963,36.23355],[139.12765,36.23384]]}},{"type":"Feature","properties":{"idx":421,"road":"藤岡本庄線","cls":"primary","shops":0,"st_km":2.23,"mesh":"54392183"},"geometry":{"type":"LineString","coordinates":[[139.16091,36.23857],[139.16128,36.23631],[139.16159,36.23561],[139.16196,36.23512],[139.16244,36.23469],[139.16309,36.23427],[139.16884,36.23128]]}},{"type":"Feature","properties":{"idx":109,"road":"上里鬼石線","cls":"primary","shops":0,"st_km":2.9,"mesh":"54392180"},"geometry":{"type":"LineString","coordinates":[[139.12765,36.23384],[139.12521,36.23435]]}},{"type":"Feature","properties":{"idx":191,"road":"本庄寄居線","cls":"primary","shops":0,"st_km":0.94,"mesh":"54392175"},"geometry":{"type":"LineString","coordinates":[[139.19017,36.2282],[139.19006,36.22785]]}},{"type":"Feature","properties":{"idx":111,"road":"藤岡本庄線","cls":"primary","shops":0,"st_km":1.19,"mesh":"54392174"},"geometry":{"type":"LineString","coordinates":[[139.16884,36.23128],[139.17191,36.23001],[139.173,36.2296],[139.17399,36.2293],[139.17713,36.22858],[139.17863,36.22824],[139.1799,36.22806],[139.18115,36.22796],[139.18313,36.22799]]}},{"type":"Feature","properties":{"idx":3312,"road":"藤岡本庄線","cls":"primary","shops":0,"st_km":1.89,"mesh":"54392182"},"geometry":{"type":"LineString","coordinates":[[139.14403,36.2352],[139.14864,36.23596],[139.15384,36.2372],[139.15634,36.23801],[139.15714,36.23814],[139.16091,36.23857]]}},{"type":"Feature","properties":{"idx":158,"road":"","cls":"tertiary","shops":0,"st_km":1.88,"mesh":"54392176"},"geometry":{"type":"LineString","coordinates":[[139.20859,36.23228],[139.20842,36.23238]]}},{"type":"Feature","properties":{"idx":168,"road":"","cls":"tertiary","shops":0,"st_km":1.76,"mesh":"54392176"},"geometry":{"type":"LineString","coordinates":[[139.20842,36.23238],[139.20771,36.23275],[139.20724,36.23311],[139.20703,36.23338],[139.2068,36.23405]]}},{"type":"Feature","properties":{"idx":683,"road":"","cls":"tertiary","shops":0,"st_km":0.27,"mesh":"54392184"},"geometry":{"type":"LineString","coordinates":[[139.18419,36.23705],[139.18614,36.23605]]}},{"type":"Feature","properties":{"idx":113,"road":"","cls":"tertiary","shops":0,"st_km":0.96,"mesh":"54392174"},"geometry":{"type":"LineString","coordinates":[[139.18627,36.22808],[139.18628,36.22754]]}},{"type":"Feature","properties":{"idx":204,"road":"","cls":"tertiary","shops":0,"st_km":1.44,"mesh":"54392194"},"geometry":{"type":"LineString","coordinates":[[139.18496,36.24576],[139.18536,36.24695],[139.18544,36.24788],[139.18539,36.24835],[139.18502,36.24967],[139.185,36.25045],[139.18506,36.25127],[139.18466,36.2524]]}},{"type":"Feature","properties":{"idx":263,"road":"新賀美橋","cls":"tertiary","shops":0,"st_km":1.08,"mesh":"54392194"},"geometry":{"type":"LineString","coordinates":[[139.1849,36.24558],[139.18495,36.24574]]}},{"type":"Feature","properties":{"idx":818,"road":"","cls":"tertiary","shops":0,"st_km":1.85,"mesh":"54392172"},"geometry":{"type":"LineString","coordinates":[[139.1671,36.22725],[139.16161,36.2273],[139.16019,36.22694],[139.15805,36.22612],[139.15763,36.22587]]}},{"type":"Feature","properties":{"idx":112,"road":"花園本庄線","cls":"primary","shops":0,"st_km":0.66,"mesh":"54392164"},"geometry":{"type":"LineString","coordinates":[[139.18565,36.21894],[139.18744,36.21821],[139.18792,36.21812],[139.18858,36.21808]]}},{"type":"Feature","properties":{"idx":240,"road":"花園本庄線","cls":"primary","shops":1,"st_km":0.28,"mesh":"54392164"},"geometry":{"type":"LineString","coordinates":[[139.18547,36.21891],[139.18419,36.2194],[139.18201,36.2198],[139.1798,36.22049]]}},{"type":"Feature","properties":{"idx":127,"road":"花園本庄線","cls":"primary","shops":0,"st_km":0.52,"mesh":"54392164"},"geometry":{"type":"LineString","coordinates":[[139.18563,36.21884],[139.18547,36.21891]]}},{"type":"Feature","properties":{"idx":136,"road":"花園本庄線","cls":"primary","shops":0,"st_km":0.45,"mesh":"54392164"},"geometry":{"type":"LineString","coordinates":[[139.16657,36.22538],[139.16675,36.22534],[139.17566,36.221],[139.17635,36.22086],[139.17811,36.22099],[139.17874,36.22092],[139.18186,36.21992],[139.18428,36.21947],[139.18565,36.21894]]}},{"type":"Feature","properties":{"idx":101,"road":"新都心環状線","cls":"tertiary","shops":0,"st_km":0.53,"mesh":"54392164"},"geometry":{"type":"LineString","coordinates":[[139.18566,36.21897],[139.18583,36.21982],[139.18583,36.22005],[139.18574,36.2204],[139.18544,36.22082],[139.18368,36.22221],[139.18271,36.22281],[139.18163,36.22335],[139.18078,36.22366],[139.18039,36.22376]]}},{"type":"Feature","properties":{"idx":115,"road":"本庄駅南口前通り","cls":"tertiary","shops":0,"st_km":0.84,"mesh":"54392174"},"geometry":{"type":"LineString","coordinates":[[139.18308,36.22564],[139.18306,36.22594]]}},{"type":"Feature","properties":{"idx":101,"road":"","cls":"tertiary","shops":0,"st_km":0.53,"mesh":"54392164"},"geometry":{"type":"LineString","coordinates":[[139.1856,36.21872],[139.18566,36.21897]]}},{"type":"Feature","properties":{"idx":78,"road":"新田原通り","cls":"tertiary","shops":0,"st_km":0.83,"mesh":"54392164"},"geometry":{"type":"LineString","coordinates":[[139.18311,36.22495],[139.18636,36.225]]}},{"type":"Feature","properties":{"idx":33,"road":"児玉新町線","cls":"secondary","shops":0,"st_km":1.2,"mesh":"54392140"},"geometry":{"type":"LineString","coordinates":[[139.13222,36.20321],[139.13225,36.20336]]}},{"type":"Feature","properties":{"idx":36,"road":"児玉新町線","cls":"secondary","shops":0,"st_km":1.04,"mesh":"54392140"},"geometry":{"type":"LineString","coordinates":[[139.1317,36.20021],[139.13222,36.20321]]}},{"type":"Feature","properties":{"idx":217,"road":"秩父児玉線","cls":"primary","shops":0,"st_km":0.91,"mesh":"54392130"},"geometry":{"type":"LineString","coordinates":[[139.12697,36.19655],[139.12651,36.19654]]}},{"type":"Feature","properties":{"idx":14,"road":"","cls":"tertiary_link","shops":0,"st_km":1.5,"mesh":"54392169"},"geometry":{"type":"LineString","coordinates":[[139.24221,36.21888],[139.24226,36.21877],[139.24225,36.21865],[139.24204,36.21856]]}},{"type":"Feature","properties":{"idx":29,"road":"","cls":"tertiary_link","shops":2,"st_km":1.45,"mesh":"54392169"},"geometry":{"type":"LineString","coordinates":[[139.2418,36.21811],[139.24208,36.21841]]}},{"type":"Feature","properties":{"idx":28,"road":"","cls":"tertiary_link","shops":2,"st_km":1.47,"mesh":"54392169"},"geometry":{"type":"LineString","coordinates":[[139.24208,36.21841],[139.24204,36.21856]]}},{"type":"Feature","properties":{"idx":14,"road":"","cls":"tertiary_link","shops":0,"st_km":1.54,"mesh":"54392169"},"geometry":{"type":"LineString","coordinates":[[139.24327,36.21887],[139.24258,36.21897],[139.24249,36.21893],[139.24225,36.21865]]}},{"type":"Feature","properties":{"idx":53,"road":"","cls":"tertiary","shops":0,"st_km":2.27,"mesh":"54392152"},"geometry":{"type":"LineString","coordinates":[[139.15646,36.20729],[139.15685,36.21229],[139.15679,36.21306],[139.15671,36.21328],[139.15665,36.21334]]}},{"type":"Feature","properties":{"idx":24,"road":"","cls":"tertiary","shops":0,"st_km":1.75,"mesh":"54392140"},"geometry":{"type":"LineString","coordinates":[[139.13207,36.2083],[139.1323,36.20834]]}},{"type":"Feature","properties":{"idx":158,"road":"","cls":"tertiary","shops":0,"st_km":2.45,"mesh":"54392142"},"geometry":{"type":"LineString","coordinates":[[139.15646,36.20721],[139.15646,36.20729]]}},{"type":"Feature","properties":{"idx":34,"road":"","cls":"tertiary","shops":0,"st_km":1.83,"mesh":"54392151"},"geometry":{"type":"LineString","coordinates":[[139.1323,36.20834],[139.13463,36.20849],[139.13703,36.20877],[139.13801,36.20883],[139.14224,36.20876],[139.14254,36.2088],[139.14407,36.20923],[139.14747,36.2093],[139.14861,36.20947],[139.14908,36.20962]]}},{"type":"Feature","properties":{"idx":115,"road":"","cls":"primary","shops":0,"st_km":3.25,"mesh":"54392117"},"geometry":{"type":"LineString","coordinates":[[139.21693,36.18107],[139.2167,36.18112]]}},{"type":"Feature","properties":{"idx":65,"road":"熊谷児玉線","cls":"primary","shops":0,"st_km":2.84,"mesh":"54392126"},"geometry":{"type":"LineString","coordinates":[[139.2167,36.18112],[139.21427,36.18169],[139.21364,36.18192],[139.21331,36.18215],[139.21295,36.18254],[139.21224,36.18376],[139.21182,36.18428],[139.21131,36.18471],[139.20967,36.18589],[139.20878,36.18659],[139.20835,36.18708],[139.20774,36.18793],[139.20737,36.18828],[139.20679,36.1885],[139.20463,36.18864],[139.20402,36.18876],[139.20008,36.19121],[139.19961,36.19145],[139.19601,36.19269]]}},{"type":"Feature","properties":{"idx":279,"road":"","cls":"tertiary","shops":0,"st_km":2.17,"mesh":"54392145"},"geometry":{"type":"LineString","coordinates":[[139.20113,36.20129],[139.19972,36.20138],[139.19813,36.20139],[139.18221,36.20143],[139.181,36.2014]]}},{"type":"Feature","properties":{"idx":13,"road":"","cls":"tertiary","shops":0,"st_km":2.92,"mesh":"54392146"},"geometry":{"type":"LineString","coordinates":[[139.20342,36.20013],[139.20338,36.20124]]}},{"type":"Feature","properties":{"idx":13,"road":"","cls":"tertiary","shops":0,"st_km":2.97,"mesh":"54392146"},"geometry":{"type":"LineString","coordinates":[[139.20343,36.20003],[139.20342,36.20013]]}},{"type":"Feature","properties":{"idx":13,"road":"","cls":"tertiary","shops":0,"st_km":2.73,"mesh":"54392146"},"geometry":{"type":"LineString","coordinates":[[139.2013,36.20129],[139.20113,36.20129]]}},{"type":"Feature","properties":{"idx":75,"road":"児玉町蛭川普済寺線","cls":"secondary","shops":0,"st_km":1.37,"mesh":"54392157"},"geometry":{"type":"LineString","coordinates":[[139.22394,36.20873],[139.22164,36.20898]]}},{"type":"Feature","properties":{"idx":80,"road":"児玉町蛭川普済寺線","cls":"secondary","shops":0,"st_km":1.26,"mesh":"54392157"},"geometry":{"type":"LineString","coordinates":[[139.22406,36.20872],[139.22394,36.20873]]}},{"type":"Feature","properties":{"idx":153,"road":"","cls":"tertiary","shops":0,"st_km":1.66,"mesh":"54392139"},"geometry":{"type":"LineString","coordinates":[[139.23379,36.19361],[139.23433,36.19366],[139.23688,36.19362],[139.24162,36.19296],[139.2422,36.19265],[139.2511,36.18701],[139.25223,36.18676]]}},{"type":"Feature","properties":{"idx":67,"road":"","cls":"tertiary","shops":0,"st_km":1.39,"mesh":"54392138"},"geometry":{"type":"LineString","coordinates":[[139.23368,36.1936],[139.23379,36.19361]]}},{"type":"Feature","properties":{"idx":46,"road":"","cls":"tertiary","shops":2,"st_km":1.45,"mesh":"54392169"},"geometry":{"type":"LineString","coordinates":[[139.24033,36.21892],[139.24169,36.21813],[139.2418,36.21811]]}},{"type":"Feature","properties":{"idx":23,"road":"新野岡部停車場線","cls":"secondary","shops":0,"st_km":1.69,"mesh":"54392169"},"geometry":{"type":"LineString","coordinates":[[139.24033,36.21892],[139.24079,36.22129],[139.2408,36.22215],[139.24086,36.22252]]}},{"type":"Feature","properties":{"idx":64,"road":"","cls":"tertiary","shops":0,"st_km":2.58,"mesh":"54392197"},"geometry":{"type":"LineString","coordinates":[[139.21395,36.24639],[139.21409,36.24628]]}},{"type":"Feature","properties":{"idx":147,"road":"","cls":"tertiary","shops":0,"st_km":0.14,"mesh":"54392164"},"geometry":{"type":"LineString","coordinates":[[139.17795,36.21802],[139.17853,36.2177],[139.17863,36.21765],[139.17877,36.21767],[139.17891,36.21774],[139.17928,36.21827]]}},{"type":"Feature","properties":{"idx":136,"road":"","cls":"tertiary","shops":0,"st_km":0.22,"mesh":"54392164"},"geometry":{"type":"LineString","coordinates":[[139.17771,36.21719],[139.17764,36.2175],[139.17767,36.21763],[139.17795,36.21802]]}},{"type":"Feature","properties":{"idx":64,"road":"","cls":"living_street","shops":0,"st_km":1.26,"mesh":"54392174"},"geometry":{"type":"LineString","coordinates":[[139.17562,36.2296],[139.17669,36.22971]]}},{"type":"Feature","properties":{"idx":256,"road":"旧中山道","cls":"tertiary","shops":0,"st_km":1.16,"mesh":"54392159"},"geometry":{"type":"LineString","coordinates":[[139.24443,36.21238],[139.24266,36.21418],[139.24186,36.21482],[139.24026,36.21591],[139.2393,36.21696],[139.2378,36.21844],[139.23711,36.21887],[139.23598,36.21939]]}},{"type":"Feature","properties":{"idx":55,"road":"","cls":"tertiary","shops":0,"st_km":1.92,"mesh":"54392196"},"geometry":{"type":"LineString","coordinates":[[139.20659,36.24548],[139.20663,36.24463]]}},{"type":"Feature","properties":{"idx":211,"road":"","cls":"tertiary","shops":0,"st_km":1.18,"mesh":"54392173"},"geometry":{"type":"LineString","coordinates":[[139.17083,36.22663],[139.17084,36.22632]]}},{"type":"Feature","properties":{"idx":198,"road":"","cls":"tertiary","shops":0,"st_km":1.27,"mesh":"54392173"},"geometry":{"type":"LineString","coordinates":[[139.17079,36.22853],[139.17083,36.22663]]}},{"type":"Feature","properties":{"idx":32,"road":"","cls":"tertiary","shops":0,"st_km":2.05,"mesh":"54392151"},"geometry":{"type":"LineString","coordinates":[[139.14072,36.20988],[139.14076,36.21175]]}},{"type":"Feature","properties":{"idx":156,"road":"花園本庄線バイパス","cls":"primary","shops":0,"st_km":1.87,"mesh":"54392147"},"geometry":{"type":"LineString","coordinates":[[139.22189,36.20412],[139.21162,36.20501]]}},{"type":"Feature","properties":{"idx":15,"road":"","cls":"tertiary","shops":0,"st_km":2.4,"mesh":"54392146"},"geometry":{"type":"LineString","coordinates":[[139.21429,36.2002],[139.21367,36.20048],[139.2134,36.20055],[139.20863,36.20111]]}},{"type":"Feature","properties":{"idx":90,"road":"","cls":"tertiary","shops":0,"st_km":1.85,"mesh":"54392155"},"geometry":{"type":"LineString","coordinates":[[139.19982,36.21598],[139.19981,36.21386]]}},{"type":"Feature","properties":{"idx":226,"road":"花園本庄線バイパス","cls":"primary","shops":0,"st_km":0.86,"mesh":"54392165"},"geometry":{"type":"LineString","coordinates":[[139.19001,36.21798],[139.18858,36.21802]]}},{"type":"Feature","properties":{"idx":23,"road":"","cls":"tertiary","shops":0,"st_km":2.55,"mesh":"54392166"},"geometry":{"type":"LineString","coordinates":[[139.20922,36.22259],[139.21246,36.22336],[139.2133,36.22363]]}},{"type":"Feature","properties":{"idx":133,"road":"","cls":"tertiary","shops":0,"st_km":0.25,"mesh":"54392164"},"geometry":{"type":"LineString","coordinates":[[139.17605,36.21892],[139.17795,36.21802]]}},{"type":"Feature","properties":{"idx":449,"road":"","cls":"tertiary","shops":0,"st_km":0.76,"mesh":"54392195"},"geometry":{"type":"LineString","coordinates":[[139.19948,36.24018],[139.19898,36.24035],[139.19729,36.24124],[139.19512,36.24179],[139.19319,36.24188],[139.1906,36.24244],[139.18944,36.24245],[139.18735,36.24273],[139.18573,36.24275]]}},{"type":"Feature","properties":{"idx":39,"road":"","cls":"tertiary","shops":0,"st_km":1.43,"mesh":"54392111"},"geometry":{"type":"LineString","coordinates":[[139.1432,36.18058],[139.14284,36.18063],[139.14188,36.18047],[139.13968,36.18037],[139.13728,36.18019],[139.13665,36.18026]]}},{"type":"Feature","properties":{"idx":47,"road":"新野岡部停車場線","cls":"secondary","shops":0,"st_km":4.01,"mesh":"54392189"},"geometry":{"type":"LineString","coordinates":[[139.24579,36.24483],[139.24568,36.24449],[139.24557,36.24221],[139.24425,36.23777]]}},{"type":"Feature","properties":{"idx":161,"road":"中瀬牧西線","cls":"secondary","shops":0,"st_km":3.27,"mesh":"54392177"},"geometry":{"type":"LineString","coordinates":[[139.22275,36.23344],[139.22399,36.23329],[139.22572,36.23267]]}},{"type":"Feature","properties":{"idx":88,"road":"","cls":"tertiary","shops":0,"st_km":2.25,"mesh":"54392112"},"geometry":{"type":"LineString","coordinates":[[139.14691,36.17584],[139.15047,36.17628],[139.15196,36.17625],[139.15232,36.17637],[139.15252,36.17649],[139.15299,36.17703]]}},{"type":"Feature","properties":{"idx":34,"road":"","cls":"tertiary","shops":0,"st_km":1.9,"mesh":"54392111"},"geometry":{"type":"LineString","coordinates":[[139.14831,36.17895],[139.14669,36.17864],[139.14665,36.17858],[139.14672,36.17814],[139.14672,36.17644]]}},{"type":"Feature","properties":{"idx":100,"road":"","cls":"tertiary","shops":0,"st_km":1.79,"mesh":"54392110"},"geometry":{"type":"LineString","coordinates":[[139.13678,36.17804],[139.13668,36.17778],[139.13666,36.17745],[139.13726,36.17621],[139.13749,36.1759],[139.13759,36.17555]]}},{"type":"Feature","properties":{"idx":180,"road":"","cls":"tertiary","shops":0,"st_km":0.84,"mesh":"54392130"},"geometry":{"type":"LineString","coordinates":[[139.13067,36.19826],[139.13073,36.19894],[139.13072,36.20019]]}},{"type":"Feature","properties":{"idx":233,"road":"","cls":"tertiary","shops":0,"st_km":2.2,"mesh":"54392150"},"geometry":{"type":"LineString","coordinates":[[139.13016,36.21431],[139.13553,36.21118],[139.13616,36.21083],[139.1363,36.21081]]}},{"type":"Feature","properties":{"idx":545,"road":"","cls":"tertiary","shops":0,"st_km":3.08,"mesh":"54392161"},"geometry":{"type":"LineString","coordinates":[[139.1425,36.21776],[139.14434,36.2199],[139.14598,36.22172]]}},{"type":"Feature","properties":{"idx":177,"road":"","cls":"pedestrian","shops":0,"st_km":1.34,"mesh":"54392165"},"geometry":{"type":"LineString","coordinates":[[139.19414,36.21712],[139.19425,36.21719],[139.1947,36.21676]]}},{"type":"Feature","properties":{"idx":20,"road":"","cls":"tertiary","shops":0,"st_km":2.75,"mesh":"54392187"},"geometry":{"type":"LineString","coordinates":[[139.23301,36.23786],[139.21777,36.23985],[139.21548,36.24054],[139.20496,36.24461]]}},{"type":"Feature","properties":{"idx":625,"road":"","cls":"pedestrian","shops":1,"st_km":0.06,"mesh":"54392149"},"geometry":{"type":"LineString","coordinates":[[139.23777,36.20531],[139.23785,36.20528]]}},{"type":"Feature","properties":{"idx":15,"road":"本庄妻沼線","cls":"primary","shops":0,"st_km":2.86,"mesh":"54392178"},"geometry":{"type":"LineString","coordinates":[[139.22702,36.23208],[139.22759,36.23206],[139.22971,36.23145],[139.23042,36.23135],[139.2324,36.23117],[139.23504,36.23119],[139.23803,36.23076]]}},{"type":"Feature","properties":{"idx":220,"road":"","cls":"tertiary","shops":0,"st_km":0.67,"mesh":"54392115"},"geometry":{"type":"LineString","coordinates":[[139.18541,36.17502],[139.18902,36.17501],[139.18979,36.17487],[139.19025,36.17466],[139.19147,36.17378],[139.19216,36.17339]]}},{"type":"Feature","properties":{"idx":270,"road":"","cls":"tertiary","shops":0,"st_km":0.85,"mesh":"54392191"},"geometry":{"type":"LineString","coordinates":[[139.14951,36.2452],[139.14592,36.24682]]}},{"type":"Feature","properties":{"idx":117,"road":"","cls":"tertiary","shops":0,"st_km":1.29,"mesh":"54392175"},"geometry":{"type":"LineString","coordinates":[[139.19493,36.22608],[139.19495,36.22601]]}},{"type":"Feature","properties":{"idx":187,"road":"","cls":"tertiary","shops":0,"st_km":0.78,"mesh":"54392130"},"geometry":{"type":"LineString","coordinates":[[139.1315,36.19877],[139.13072,36.19883]]}},{"type":"Feature","properties":{"idx":339,"road":"","cls":"tertiary","shops":0,"st_km":0.68,"mesh":"54392131"},"geometry":{"type":"LineString","coordinates":[[139.14299,36.19601],[139.14177,36.19582],[139.1415,36.19586]]}},{"type":"Feature","properties":{"idx":229,"road":"","cls":"tertiary","shops":1,"st_km":0.11,"mesh":"54392164"},"geometry":{"type":"LineString","coordinates":[[139.17958,36.21952],[139.17924,36.2197]]}},{"type":"Feature","properties":{"idx":195,"road":"","cls":"tertiary_link","shops":2,"st_km":0.09,"mesh":"54392164"},"geometry":{"type":"LineString","coordinates":[[139.17993,36.21935],[139.17984,36.21957]]}},{"type":"Feature","properties":{"idx":261,"road":"新賀美橋","cls":"tertiary","shops":0,"st_km":1.09,"mesh":"54392194"},"geometry":{"type":"LineString","coordinates":[[139.18495,36.24574],[139.18496,36.24576]]}},{"type":"Feature","properties":{"idx":398,"road":"","cls":"tertiary","shops":0,"st_km":0.89,"mesh":"54392195"},"geometry":{"type":"LineString","coordinates":[[139.18966,36.24418],[139.18968,36.24435]]}},{"type":"Feature","properties":{"idx":260,"road":"","cls":"tertiary","shops":0,"st_km":1.49,"mesh":"54392195"},"geometry":{"type":"LineString","coordinates":[[139.18968,36.24435],[139.19019,36.24848],[139.19016,36.24887],[139.19004,36.24928],[139.18993,36.24956],[139.18963,36.25002],[139.18595,36.25402]]}},{"type":"Feature","properties":{"idx":20,"road":"","cls":"tertiary","shops":0,"st_km":1.13,"mesh":"54392185"},"geometry":{"type":"LineString","coordinates":[[139.19958,36.2404],[139.19967,36.24063]]}},{"type":"Feature","properties":{"idx":614,"road":"蛭子塚通り","cls":"tertiary","shops":0,"st_km":1.46,"mesh":"54392193"},"geometry":{"type":"LineString","coordinates":[[139.16399,36.24851],[139.16409,36.24863]]}},{"type":"Feature","properties":{"idx":51,"road":"","cls":"tertiary","shops":0,"st_km":1.9,"mesh":"54392162"},"geometry":{"type":"LineString","coordinates":[[139.15863,36.22013],[139.15862,36.21999]]}},{"type":"Feature","properties":{"idx":51,"road":"","cls":"tertiary","shops":0,"st_km":1.88,"mesh":"54392162"},"geometry":{"type":"LineString","coordinates":[[139.15862,36.21999],[139.15858,36.21935],[139.15861,36.21885],[139.15878,36.21856],[139.15924,36.21815],[139.15841,36.21754]]}},{"type":"Feature","properties":{"idx":239,"road":"本庄寄居線","cls":"primary","shops":0,"st_km":0.8,"mesh":"54392165"},"geometry":{"type":"LineString","coordinates":[[139.18858,36.21837],[139.18858,36.2182]]}},{"type":"Feature","properties":{"idx":44,"road":"","cls":"tertiary","shops":0,"st_km":2.62,"mesh":"54392196"},"geometry":{"type":"LineString","coordinates":[[139.21224,36.24941],[139.21226,36.24959]]}},{"type":"Feature","properties":{"idx":592,"road":"","cls":"tertiary","shops":0,"st_km":1.53,"mesh":"54392186"},"geometry":{"type":"LineString","coordinates":[[139.20485,36.23924],[139.20479,36.23895],[139.20466,36.23884]]}},{"type":"Feature","properties":{"idx":183,"road":"","cls":"tertiary","shops":1,"st_km":1.14,"mesh":"54392175"},"geometry":{"type":"LineString","coordinates":[[139.18817,36.226],[139.18817,36.2259],[139.1889,36.22591],[139.18958,36.22597]]}},{"type":"Feature","properties":{"idx":209,"road":"","cls":"tertiary","shops":1,"st_km":1.05,"mesh":"54392175"},"geometry":{"type":"LineString","coordinates":[[139.19069,36.22759],[139.19072,36.22647]]}},{"type":"Feature","properties":{"idx":145,"road":"","cls":"tertiary","shops":0,"st_km":0.91,"mesh":"54392105"},"geometry":{"type":"LineString","coordinates":[[139.19216,36.17339],[139.19227,36.17332]]}},{"type":"Feature","properties":{"idx":141,"road":"","cls":"tertiary","shops":0,"st_km":0.96,"mesh":"54392105"},"geometry":{"type":"LineString","coordinates":[[139.19227,36.17332],[139.19249,36.17319],[139.19287,36.17309],[139.19332,36.1731]]}},{"type":"Feature","properties":{"idx":164,"road":"","cls":"tertiary","shops":0,"st_km":0.71,"mesh":"54392105"},"geometry":{"type":"LineString","coordinates":[[139.19016,36.1747],[139.19003,36.17449],[139.18991,36.17411],[139.18987,36.17367],[139.18992,36.17326]]}},{"type":"Feature","properties":{"idx":436,"road":"","cls":"tertiary","shops":0,"st_km":0.79,"mesh":"54392195"},"geometry":{"type":"LineString","coordinates":[[139.18959,36.24366],[139.18889,36.24364],[139.18887,36.2434],[139.18871,36.24317],[139.18858,36.24257]]}},{"type":"Feature","properties":{"idx":186,"road":"旧中山道","cls":"tertiary_link","shops":0,"st_km":0.96,"mesh":"54392159"},"geometry":{"type":"LineString","coordinates":[[139.24443,36.21238],[139.24484,36.21193],[139.24482,36.21186]]}},{"type":"Feature","properties":{"idx":92,"road":"","cls":"tertiary","shops":0,"st_km":1.59,"mesh":"54392168"},"geometry":{"type":"LineString","coordinates":[[139.23598,36.21939],[139.23575,36.21968],[139.23554,36.22032],[139.23544,36.2205],[139.23533,36.22059]]}},{"type":"Feature","properties":{"idx":87,"road":"旧中山道","cls":"tertiary","shops":0,"st_km":1.7,"mesh":"54392168"},"geometry":{"type":"LineString","coordinates":[[139.23496,36.22079],[139.23493,36.22107]]}},{"type":"Feature","properties":{"idx":80,"road":"旧中山道","cls":"tertiary","shops":0,"st_km":1.87,"mesh":"54392168"},"geometry":{"type":"LineString","coordinates":[[139.23493,36.22107],[139.23497,36.22125],[139.23472,36.22183],[139.2346,36.22233],[139.23444,36.22332],[139.23447,36.22388]]}},{"type":"Feature","properties":{"idx":29,"road":"","cls":"tertiary","shops":2,"st_km":2.18,"mesh":"54392178"},"geometry":{"type":"LineString","coordinates":[[139.23465,36.2252],[139.23467,36.22534]]}},{"type":"Feature","properties":{"idx":14,"road":"","cls":"tertiary","shops":0,"st_km":2.29,"mesh":"54392178"},"geometry":{"type":"LineString","coordinates":[[139.23467,36.22534],[139.23467,36.22563],[139.23462,36.22576],[139.23437,36.22607],[139.23338,36.22655],[139.23315,36.22673]]}},{"type":"Feature","properties":{"idx":12,"road":"","cls":"tertiary","shops":0,"st_km":2.93,"mesh":"54392178"},"geometry":{"type":"LineString","coordinates":[[139.22793,36.23009],[139.22828,36.23186]]}},{"type":"Feature","properties":{"idx":13,"road":"中瀬牧西線","cls":"secondary","shops":0,"st_km":3.13,"mesh":"54392178"},"geometry":{"type":"LineString","coordinates":[[139.22572,36.23267],[139.22688,36.23232],[139.22702,36.23208]]}},{"type":"Feature","properties":{"idx":244,"road":"旧中山道","cls":"secondary","shops":0,"st_km":1.34,"mesh":"54392194"},"geometry":{"type":"LineString","coordinates":[[139.17595,36.24341],[139.17605,36.24335]]}},{"type":"Feature","properties":{"idx":680,"road":"旧中山道","cls":"secondary","shops":0,"st_km":1.55,"mesh":"54392193"},"geometry":{"type":"LineString","coordinates":[[139.17435,36.24653],[139.17481,36.24462],[139.17508,36.24415],[139.17547,36.24373]]}},{"type":"Feature","properties":{"idx":86,"road":"花植木街道（北線）","cls":"tertiary","shops":0,"st_km":3.24,"mesh":"54392118"},"geometry":{"type":"LineString","coordinates":[[139.24839,36.19971],[139.2422,36.19265],[139.23986,36.18958],[139.23939,36.18887],[139.23913,36.18788],[139.23894,36.18735],[139.23884,36.1866],[139.23759,36.18128],[139.23781,36.1799],[139.23771,36.17959],[139.22986,36.17177],[139.22735,36.1692],[139.21655,36.15849],[139.21625,36.15805],[139.2161,36.15764],[139.21605,36.15716],[139.2161,36.1556]]}},{"type":"Feature","properties":{"idx":207,"road":"本庄寄居線","cls":"primary","shops":0,"st_km":0.88,"mesh":"54392155"},"geometry":{"type":"LineString","coordinates":[[139.18858,36.21802],[139.18888,36.21343]]}},{"type":"Feature","properties":{"idx":290,"road":"中央通り","cls":"tertiary","shops":2,"st_km":0.16,"mesh":"54392164"},"geometry":{"type":"LineString","coordinates":[[139.1798,36.22049],[139.17924,36.2197]]}},{"type":"Feature","properties":{"idx":143,"road":"花園本庄線","cls":"primary","shops":0,"st_km":0.67,"mesh":"54392163"},"geometry":{"type":"LineString","coordinates":[[139.1798,36.22049],[139.17891,36.22079],[139.17843,36.2209],[139.17791,36.2209],[139.17657,36.22079],[139.17615,36.22081],[139.17563,36.22093],[139.16768,36.22479]]}},{"type":"Feature","properties":{"idx":479,"road":"熊谷児玉線","cls":"primary","shops":0,"st_km":2.7,"mesh":"54392119"},"geometry":{"type":"LineString","coordinates":[[139.24909,36.17494],[139.24837,36.17531],[139.24801,36.17561],[139.24257,36.18059],[139.24205,36.18114],[139.24197,36.18131],[139.2403,36.18154],[139.23958,36.18153],[139.23835,36.18142],[139.23716,36.18119],[139.23582,36.1811],[139.23533,36.18102],[139.23208,36.18025],[139.23108,36.1802],[139.23019,36.1803],[139.22909,36.18055],[139.22879,36.18068],[139.2281,36.18114],[139.22758,36.1814],[139.22464,36.18237]]}},{"type":"Feature","properties":{"idx":61,"road":"花園本庄線バイパス","cls":"primary","shops":0,"st_km":2.5,"mesh":"54392156"},"geometry":{"type":"LineString","coordinates":[[139.20786,36.20717],[139.20579,36.20879],[139.20519,36.20922],[139.20463,36.20948],[139.20383,36.20968],[139.20338,36.20971],[139.20115,36.20973]]}},{"type":"Feature","properties":{"idx":192,"road":"川越児玉往還","cls":"tertiary","shops":0,"st_km":0.74,"mesh":"54392130"},"geometry":{"type":"LineString","coordinates":[[139.13167,36.19996],[139.13145,36.19829],[139.13151,36.19709]]}},{"type":"Feature","properties":{"idx":37,"road":"寄居岡部深谷線","cls":"secondary","shops":0,"st_km":2.25,"mesh":"54392107"},"geometry":{"type":"LineString","coordinates":[[139.2148,36.16693],[139.21484,36.16851],[139.21512,36.17052],[139.21527,36.17099],[139.21656,36.17375]]}},{"type":"Feature","properties":{"idx":74,"road":"","cls":"tertiary","shops":0,"st_km":1.8,"mesh":"54392106"},"geometry":{"type":"LineString","coordinates":[[139.21017,36.16975],[139.20907,36.17012],[139.20681,36.17028],[139.20418,36.17065],[139.20171,36.17106],[139.19957,36.17147],[139.19909,36.17159],[139.19633,36.17255],[139.19508,36.17287],[139.19435,36.17314],[139.19396,36.17316]]}},{"type":"Feature","properties":{"idx":71,"road":"","cls":"tertiary","shops":0,"st_km":1.96,"mesh":"54392106"},"geometry":{"type":"LineString","coordinates":[[139.21041,36.16967],[139.21017,36.16975]]}},{"type":"Feature","properties":{"idx":159,"road":"花園本庄線","cls":"primary","shops":0,"st_km":3.21,"mesh":"54392108"},"geometry":{"type":"LineString","coordinates":[[139.21656,36.17375],[139.21774,36.17348],[139.22058,36.17253],[139.22228,36.17216],[139.2271,36.17065],[139.22824,36.17048],[139.22869,36.17034],[139.23897,36.16358],[139.23934,36.16338],[139.24072,36.16308],[139.24207,36.16222],[139.24421,36.16064]]}},{"type":"Feature","properties":{"idx":279,"road":"藤岡本庄線","cls":"primary","shops":2,"st_km":0.97,"mesh":"54392174"},"geometry":{"type":"LineString","coordinates":[[139.18313,36.22799],[139.18627,36.22808]]}},{"type":"Feature","properties":{"idx":170,"road":"藤岡本庄線","cls":"primary","shops":0,"st_km":1.09,"mesh":"54392175"},"geometry":{"type":"LineString","coordinates":[[139.19017,36.2282],[139.19177,36.22824],[139.19309,36.22819],[139.19737,36.22769],[139.19816,36.22773],[139.19898,36.22789]]}},{"type":"Feature","properties":{"idx":101,"road":"","cls":"tertiary","shops":0,"st_km":1.02,"mesh":"54392174"},"geometry":{"type":"LineString","coordinates":[[139.1863,36.22721],[139.18638,36.22616],[139.18636,36.225]]}},{"type":"Feature","properties":{"idx":69,"road":"新田原通り","cls":"tertiary","shops":0,"st_km":0.98,"mesh":"54392164"},"geometry":{"type":"LineString","coordinates":[[139.18636,36.225],[139.18819,36.225]]}},{"type":"Feature","properties":{"idx":100,"road":"","cls":"secondary_link","shops":3,"st_km":0.07,"mesh":"54392185"},"geometry":{"type":"LineString","coordinates":[[139.1888,36.23675],[139.1888,36.23649]]}},{"type":"Feature","properties":{"idx":237,"road":"","cls":"tertiary","shops":1,"st_km":0.07,"mesh":"54392164"},"geometry":{"type":"LineString","coordinates":[[139.18042,36.21914],[139.17958,36.21952]]}},{"type":"Feature","properties":{"idx":120,"road":"本庄駅南口前通り","cls":"tertiary","shops":0,"st_km":0.79,"mesh":"54392174"},"geometry":{"type":"LineString","coordinates":[[139.18308,36.22564],[139.18311,36.22495]]}},{"type":"Feature","properties":{"idx":234,"road":"","cls":"tertiary","shops":1,"st_km":0.09,"mesh":"54392164"},"geometry":{"type":"LineString","coordinates":[[139.18058,36.21925],[139.18042,36.21914]]}},{"type":"Feature","properties":{"idx":196,"road":"藤岡本庄線","cls":"primary","shops":0,"st_km":0.91,"mesh":"54392175"},"geometry":{"type":"LineString","coordinates":[[139.18627,36.22808],[139.19017,36.2282]]}},{"type":"Feature","properties":{"idx":48,"road":"本庄寄居線","cls":"primary","shops":0,"st_km":0.39,"mesh":"54392185"},"geometry":{"type":"LineString","coordinates":[[139.19225,36.23507],[139.19255,36.23606]]}},{"type":"Feature","properties":{"idx":58,"road":"本庄停車場線","cls":"secondary","shops":0,"st_km":0.11,"mesh":"54392185"},"geometry":{"type":"LineString","coordinates":[[139.1888,36.23675],[139.18889,36.23736]]}},{"type":"Feature","properties":{"idx":38,"road":"","cls":"tertiary","shops":0,"st_km":0.39,"mesh":"54392185"},"geometry":{"type":"LineString","coordinates":[[139.19255,36.23606],[139.19246,36.2361]]}},{"type":"Feature","properties":{"idx":103,"road":"","cls":"tertiary","shops":0,"st_km":1.07,"mesh":"54392174"},"geometry":{"type":"LineString","coordinates":[[139.17585,36.23275],[139.17805,36.23318]]}},{"type":"Feature","properties":{"idx":93,"road":"","cls":"tertiary","shops":0,"st_km":1.96,"mesh":"54392112"},"geometry":{"type":"LineString","coordinates":[[139.15077,36.18011],[139.15102,36.18018]]}},{"type":"Feature","properties":{"idx":261,"road":"","cls":"tertiary","shops":1,"st_km":1.48,"mesh":"54392173"},"geometry":{"type":"LineString","coordinates":[[139.16721,36.22725],[139.1671,36.22725]]}},{"type":"Feature","properties":{"idx":634,"road":"","cls":"tertiary","shops":0,"st_km":0.34,"mesh":"54392184"},"geometry":{"type":"LineString","coordinates":[[139.18608,36.24063],[139.18608,36.24002],[139.18593,36.23956],[139.18475,36.23771],[139.18419,36.23705],[139.18219,36.23535]]}},{"type":"Feature","properties":{"idx":598,"road":"二本松通り","cls":"tertiary","shops":0,"st_km":0.4,"mesh":"54392184"},"geometry":{"type":"LineString","coordinates":[[139.18219,36.23535],[139.18657,36.23336]]}},{"type":"Feature","properties":{"idx":172,"road":"二本松通り","cls":"tertiary","shops":0,"st_km":0.8,"mesh":"54392175"},"geometry":{"type":"LineString","coordinates":[[139.18657,36.23336],[139.18849,36.2325],[139.18944,36.23212],[139.1947,36.22968],[139.19533,36.22935],[139.19629,36.22871],[139.19688,36.22821],[139.19737,36.22769],[139.19786,36.22689],[139.19811,36.2261]]}},{"type":"Feature","properties":{"idx":499,"road":"二本松通り","cls":"tertiary","shops":0,"st_km":1.41,"mesh":"54392183"},"geometry":{"type":"LineString","coordinates":[[139.17296,36.23979],[139.17305,36.23975]]}},{"type":"Feature","properties":{"idx":367,"road":"三田・久保原線","cls":"tertiary","shops":0,"st_km":1.34,"mesh":"54392192"},"geometry":{"type":"LineString","coordinates":[[139.15189,36.24906],[139.16157,36.24468],[139.16364,36.244],[139.1681,36.24201]]}},{"type":"Feature","properties":{"idx":247,"road":"旧中山道","cls":"secondary","shops":0,"st_km":1.33,"mesh":"54392194"},"geometry":{"type":"LineString","coordinates":[[139.17605,36.24335],[139.17624,36.24327]]}},{"type":"Feature","properties":{"idx":239,"road":"旧中山道","cls":"secondary","shops":0,"st_km":1.38,"mesh":"54392194"},"geometry":{"type":"LineString","coordinates":[[139.17547,36.24373],[139.17595,36.24341]]}},{"type":"Feature","properties":{"idx":122,"road":"長瀞児玉線","cls":"secondary","shops":0,"st_km":1.51,"mesh":"54392110"},"geometry":{"type":"LineString","coordinates":[[139.12992,36.18004],[139.12994,36.18001]]}},{"type":"Feature","properties":{"idx":24,"road":"","cls":"tertiary","shops":0,"st_km":2.22,"mesh":"54392143"},"geometry":{"type":"LineString","coordinates":[[139.16838,36.20087],[139.16839,36.20086]]}},{"type":"Feature","properties":{"idx":346,"road":"","cls":"tertiary","shops":0,"st_km":2.1,"mesh":"54392183"},"geometry":{"type":"LineString","coordinates":[[139.16091,36.23857],[139.16258,36.23873],[139.16601,36.23887]]}},{"type":"Feature","properties":{"idx":505,"road":"","cls":"tertiary","shops":0,"st_km":1.39,"mesh":"54392183"},"geometry":{"type":"LineString","coordinates":[[139.17449,36.24181],[139.17365,36.24076],[139.17285,36.2403],[139.17239,36.24009]]}},{"type":"Feature","properties":{"idx":488,"road":"","cls":"tertiary","shops":0,"st_km":1.45,"mesh":"54392183"},"geometry":{"type":"LineString","coordinates":[[139.17239,36.24009],[139.17296,36.23979]]}},{"type":"Feature","properties":{"idx":449,"road":"小前田児玉線","cls":"secondary","shops":0,"st_km":1.11,"mesh":"54392121"},"geometry":{"type":"LineString","coordinates":[[139.14012,36.18503],[139.14325,36.1854],[139.14434,36.18541],[139.14649,36.18496],[139.14687,36.18478],[139.14746,36.18429],[139.14767,36.18423]]}},{"type":"Feature","properties":{"idx":424,"road":"","cls":"tertiary","shops":0,"st_km":1.69,"mesh":"54392183"},"geometry":{"type":"LineString","coordinates":[[139.1681,36.24201],[139.17239,36.24009]]}},{"type":"Feature","properties":{"idx":37,"road":"","cls":"tertiary","shops":0,"st_km":1.55,"mesh":"54392111"},"geometry":{"type":"LineString","coordinates":[[139.14515,36.18073],[139.14437,36.18069],[139.14338,36.18054]]}},{"type":"Feature","properties":{"idx":38,"road":"","cls":"tertiary","shops":0,"st_km":1.52,"mesh":"54392111"},"geometry":{"type":"LineString","coordinates":[[139.14338,36.18054],[139.1432,36.18058]]}},{"type":"Feature","properties":{"idx":249,"road":"藤岡本庄線","cls":"primary","shops":0,"st_km":1.45,"mesh":"54392176"},"geometry":{"type":"LineString","coordinates":[[139.20139,36.2293],[139.20203,36.22974],[139.20296,36.23024]]}},{"type":"Feature","properties":{"idx":57,"road":"","cls":"tertiary","shops":0,"st_km":1.66,"mesh":"54392162"},"geometry":{"type":"LineString","coordinates":[[139.16085,36.21875],[139.16114,36.21857],[139.16168,36.21835]]}},{"type":"Feature","properties":{"idx":58,"road":"","cls":"tertiary","shops":0,"st_km":1.62,"mesh":"54392162"},"geometry":{"type":"LineString","coordinates":[[139.16168,36.21835],[139.16179,36.2183]]}},{"type":"Feature","properties":{"idx":150,"road":"中央通り","cls":"tertiary","shops":0,"st_km":0.13,"mesh":"54392164"},"geometry":{"type":"LineString","coordinates":[[139.17795,36.21802],[139.1787,36.21904]]}},{"type":"Feature","properties":{"idx":169,"road":"","cls":"tertiary","shops":1,"st_km":0.42,"mesh":"54392164"},"geometry":{"type":"LineString","coordinates":[[139.18163,36.22208],[139.18134,36.22225],[139.17993,36.22253]]}},{"type":"Feature","properties":{"idx":113,"road":"中通り","cls":"tertiary","shops":0,"st_km":0.41,"mesh":"54392164"},"geometry":{"type":"LineString","coordinates":[[139.18444,36.22162],[139.18392,36.22125],[139.18366,36.22117],[139.18326,36.22117],[139.18281,36.22133],[139.18163,36.22208]]}},{"type":"Feature","properties":{"idx":508,"road":"小島中通り","cls":"tertiary","shops":0,"st_km":1.83,"mesh":"54392193"},"geometry":{"type":"LineString","coordinates":[[139.1651,36.24965],[139.17138,36.24687]]}},{"type":"Feature","properties":{"idx":492,"road":"小島中通り","cls":"tertiary","shops":0,"st_km":1.96,"mesh":"54392193"},"geometry":{"type":"LineString","coordinates":[[139.17138,36.24687],[139.17171,36.24731],[139.17248,36.24814],[139.17285,36.24876],[139.17299,36.24926],[139.17301,36.24989],[139.17301,36.25057],[139.17286,36.25151]]}},{"type":"Feature","properties":{"idx":30,"road":"児玉新町線","cls":"secondary","shops":0,"st_km":1.49,"mesh":"54392140"},"geometry":{"type":"LineString","coordinates":[[139.13225,36.20336],[139.13233,36.20399],[139.13224,36.20587],[139.13223,36.2076],[139.13218,36.20782],[139.13181,36.20842]]}},{"type":"Feature","properties":{"idx":287,"road":"児玉新町線","cls":"secondary","shops":0,"st_km":1.77,"mesh":"54392150"},"geometry":{"type":"LineString","coordinates":[[139.13181,36.20842],[139.13175,36.20851]]}},{"type":"Feature","properties":{"idx":68,"road":"","cls":"tertiary","shops":1,"st_km":0.23,"mesh":"54392185"},"geometry":{"type":"LineString","coordinates":[[139.19246,36.2361],[139.1908,36.2367],[139.18961,36.2372],[139.18889,36.23736]]}},{"type":"Feature","properties":{"idx":282,"road":"本庄寄居線","cls":"primary","shops":0,"st_km":0.49,"mesh":"54392175"},"geometry":{"type":"LineString","coordinates":[[139.19171,36.23328],[139.19142,36.23235]]}},{"type":"Feature","properties":{"idx":20,"road":"","cls":"tertiary","shops":0,"st_km":2.71,"mesh":"54392187"},"geometry":{"type":"LineString","coordinates":[[139.21809,36.24054],[139.21777,36.23985]]}},{"type":"Feature","properties":{"idx":33,"road":"児玉新町線","cls":"secondary","shops":0,"st_km":1.69,"mesh":"54392190"},"geometry":{"type":"LineString","coordinates":[[139.13298,36.24389],[139.13259,36.24476],[139.13232,36.24562],[139.13226,36.24587],[139.13228,36.24636],[139.13224,36.24652],[139.13157,36.24789],[139.13152,36.24809],[139.13157,36.24973],[139.13176,36.25047],[139.13177,36.25096]]}},{"type":"Feature","properties":{"idx":104,"road":"","cls":"tertiary","shops":0,"st_km":0.85,"mesh":"54392120"},"geometry":{"type":"LineString","coordinates":[[139.13502,36.18727],[139.13468,36.18656],[139.13444,36.18585],[139.13446,36.18312]]}},{"type":"Feature","properties":{"idx":143,"road":"小前田児玉線","cls":"secondary","shops":0,"st_km":0.53,"mesh":"54392120"},"geometry":{"type":"LineString","coordinates":[[139.13172,36.18999],[139.13177,36.18974],[139.13255,36.18905],[139.13354,36.18829],[139.13502,36.18727]]}},{"type":"Feature","properties":{"idx":20,"road":"新野岡部停車場線","cls":"secondary","shops":0,"st_km":2.01,"mesh":"54392169"},"geometry":{"type":"LineString","coordinates":[[139.24107,36.22357],[139.24107,36.2236]]}},{"type":"Feature","properties":{"idx":55,"road":"","cls":"tertiary","shops":0,"st_km":1.95,"mesh":"54392196"},"geometry":{"type":"LineString","coordinates":[[139.20658,36.24559],[139.20659,36.24548]]}},{"type":"Feature","properties":{"idx":169,"road":"花園本庄線バイパス","cls":"primary","shops":0,"st_km":1.26,"mesh":"54392165"},"geometry":{"type":"LineString","coordinates":[[139.19361,36.2147],[139.19344,36.21522],[139.19343,36.21543],[139.19361,36.21628],[139.19363,36.21667],[139.19349,36.21711],[139.19334,36.21734],[139.19297,36.21765],[139.19246,36.21788],[139.19205,36.21795],[139.19135,36.21798]]}},{"type":"Feature","properties":{"idx":148,"road":"花園本庄線バイパス","cls":"primary","shops":0,"st_km":1.34,"mesh":"54392155"},"geometry":{"type":"LineString","coordinates":[[139.19382,36.21413],[139.19361,36.2147]]}},{"type":"Feature","properties":{"idx":18,"road":"花園本庄線バイパス","cls":"primary","shops":0,"st_km":2.43,"mesh":"54392146"},"geometry":{"type":"LineString","coordinates":[[139.20964,36.20575],[139.21004,36.20544],[139.21043,36.20524],[139.21085,36.20511],[139.21137,36.20503]]}},{"type":"Feature","properties":{"idx":145,"road":"","cls":"tertiary","shops":0,"st_km":1.95,"mesh":"54392144"},"geometry":{"type":"LineString","coordinates":[[139.18049,36.20119],[139.1804,36.20112]]}},{"type":"Feature","properties":{"idx":28,"road":"","cls":"tertiary","shops":0,"st_km":3.67,"mesh":"54392188"},"geometry":{"type":"LineString","coordinates":[[139.23445,36.23868],[139.23449,36.23869]]}},{"type":"Feature","properties":{"idx":29,"road":"花園本庄線","cls":"primary","shops":0,"st_km":2.59,"mesh":"54392166"},"geometry":{"type":"LineString","coordinates":[[139.20899,36.22023],[139.20908,36.22042],[139.20969,36.22082],[139.20912,36.22038],[139.20904,36.22022]]}},{"type":"Feature","properties":{"idx":29,"road":"花園本庄線","cls":"primary","shops":0,"st_km":2.57,"mesh":"54392166"},"geometry":{"type":"LineString","coordinates":[[139.20975,36.2218],[139.20993,36.22152],[139.20997,36.22129],[139.20987,36.221],[139.20969,36.22082]]}},{"type":"Feature","properties":{"idx":21,"road":"","cls":"tertiary","shops":0,"st_km":2.47,"mesh":"54392187"},"geometry":{"type":"LineString","coordinates":[[139.21568,36.2357],[139.21552,36.2354]]}},{"type":"Feature","properties":{"idx":29,"road":"花園本庄線","cls":"primary","shops":0,"st_km":2.62,"mesh":"54392166"},"geometry":{"type":"LineString","coordinates":[[139.20904,36.22022],[139.20909,36.21984],[139.20899,36.22023]]}},{"type":"Feature","properties":{"idx":14,"road":"","cls":"tertiary_link","shops":0,"st_km":1.53,"mesh":"54392169"},"geometry":{"type":"LineString","coordinates":[[139.24221,36.21888],[139.24234,36.21887],[139.2424,36.21898],[139.24216,36.21911]]}},{"type":"Feature","properties":{"idx":55,"road":"","cls":"tertiary_link","shops":0,"st_km":1.68,"mesh":"54392168"},"geometry":{"type":"LineString","coordinates":[[139.23547,36.22086],[139.23529,36.22078],[139.23528,36.22062]]}},{"type":"Feature","properties":{"idx":21,"road":"","cls":"tertiary_link","shops":1,"st_km":1.48,"mesh":"54392169"},"geometry":{"type":"LineString","coordinates":[[139.24225,36.21865],[139.24208,36.21841]]}},{"type":"Feature","properties":{"idx":28,"road":"","cls":"tertiary_link","shops":2,"st_km":1.5,"mesh":"54392169"},"geometry":{"type":"LineString","coordinates":[[139.24187,36.21863],[139.24186,36.21879],[139.24204,36.21896]]}},{"type":"Feature","properties":{"idx":88,"road":"","cls":"tertiary","shops":0,"st_km":1.67,"mesh":"54392168"},"geometry":{"type":"LineString","coordinates":[[139.23533,36.22059],[139.23496,36.22079]]}},{"type":"Feature","properties":{"idx":186,"road":"旧中山道","cls":"tertiary_link","shops":0,"st_km":0.96,"mesh":"54392159"},"geometry":{"type":"LineString","coordinates":[[139.24434,36.21228],[139.24443,36.21238]]}},{"type":"Feature","properties":{"idx":185,"road":"旧中山道","cls":"tertiary_link","shops":0,"st_km":0.96,"mesh":"54392159"},"geometry":{"type":"LineString","coordinates":[[139.24443,36.21238],[139.24448,36.21229],[139.24443,36.2122]]}},{"type":"Feature","properties":{"idx":28,"road":"","cls":"tertiary_link","shops":2,"st_km":1.48,"mesh":"54392169"},"geometry":{"type":"LineString","coordinates":[[139.24204,36.21856],[139.24187,36.21863]]}},{"type":"Feature","properties":{"idx":14,"road":"","cls":"tertiary_link","shops":0,"st_km":1.52,"mesh":"54392169"},"geometry":{"type":"LineString","coordinates":[[139.24204,36.21896],[139.24221,36.21888]]}},{"type":"Feature","properties":{"idx":62,"road":"","cls":"tertiary","shops":0,"st_km":1.51,"mesh":"54392163"},"geometry":{"type":"LineString","coordinates":[[139.16339,36.22129],[139.16308,36.22139]]}},{"type":"Feature","properties":{"idx":61,"road":"","cls":"tertiary","shops":0,"st_km":1.54,"mesh":"54392163"},"geometry":{"type":"LineString","coordinates":[[139.16308,36.22139],[139.16276,36.2215]]}},{"type":"Feature","properties":{"idx":63,"road":"","cls":"tertiary","shops":0,"st_km":1.49,"mesh":"54392163"},"geometry":{"type":"LineString","coordinates":[[139.1635,36.22125],[139.16339,36.22129]]}},{"type":"Feature","properties":{"idx":236,"road":"花園本庄線","cls":"primary","shops":0,"st_km":1.34,"mesh":"54392173"},"geometry":{"type":"LineString","coordinates":[[139.16762,36.22483],[139.16657,36.22538]]}},{"type":"Feature","properties":{"idx":89,"road":"花園本庄線","cls":"primary","shops":0,"st_km":1.28,"mesh":"54392163"},"geometry":{"type":"LineString","coordinates":[[139.16768,36.22479],[139.16762,36.22483]]}},{"type":"Feature","properties":{"idx":189,"road":"","cls":"tertiary","shops":0,"st_km":0.43,"mesh":"54392104"},"geometry":{"type":"LineString","coordinates":[[139.18766,36.17576],[139.1869,36.17368],[139.1868,36.1711]]}},{"type":"Feature","properties":{"idx":255,"road":"藤岡本庄線","cls":"primary","shops":0,"st_km":1.42,"mesh":"54392176"},"geometry":{"type":"LineString","coordinates":[[139.20094,36.22899],[139.20139,36.2293]]}},{"type":"Feature","properties":{"idx":140,"road":"藤岡本庄線","cls":"primary","shops":0,"st_km":1.36,"mesh":"54392175"},"geometry":{"type":"LineString","coordinates":[[139.19898,36.22789],[139.19951,36.22809]]}},{"type":"Feature","properties":{"idx":210,"road":"児玉工業団地線","cls":"tertiary","shops":0,"st_km":2.69,"mesh":"54392171"},"geometry":{"type":"LineString","coordinates":[[139.13983,36.22529],[139.14051,36.22617],[139.14349,36.22959],[139.14393,36.23028],[139.14407,36.2308],[139.14434,36.23235],[139.14432,36.23287],[139.14403,36.2352]]}},{"type":"Feature","properties":{"idx":120,"road":"熊谷児玉線","cls":"primary","shops":0,"st_km":3.27,"mesh":"54392117"},"geometry":{"type":"LineString","coordinates":[[139.21885,36.18091],[139.21781,36.18093],[139.21693,36.18107]]}},{"type":"Feature","properties":{"idx":186,"road":"熊谷児玉線","cls":"primary","shops":1,"st_km":3.04,"mesh":"54392117"},"geometry":{"type":"LineString","coordinates":[[139.22273,36.18276],[139.22217,36.18275],[139.22159,36.18261],[139.22098,36.18221],[139.22013,36.18131],[139.21991,36.18116],[139.2194,36.18097],[139.21885,36.18091]]}},{"type":"Feature","properties":{"idx":127,"road":"熊谷児玉線","cls":"primary","shops":0,"st_km":2.85,"mesh":"54392117"},"geometry":{"type":"LineString","coordinates":[[139.22464,36.18237],[139.22273,36.18276]]}},{"type":"Feature","properties":{"idx":156,"road":"","cls":"tertiary","shops":0,"st_km":0.26,"mesh":"54392114"},"geometry":{"type":"LineString","coordinates":[[139.18255,36.17503],[139.18485,36.17503]]}},{"type":"Feature","properties":{"idx":146,"road":"","cls":"tertiary","shops":0,"st_km":0.35,"mesh":"54392114"},"geometry":{"type":"LineString","coordinates":[[139.18485,36.17503],[139.18541,36.17502]]}},{"type":"Feature","properties":{"idx":158,"road":"","cls":"tertiary","shops":0,"st_km":0.77,"mesh":"54392105"},"geometry":{"type":"LineString","coordinates":[[139.18992,36.17326],[139.19011,36.17291],[139.19044,36.17252],[139.19144,36.17165]]}},{"type":"Feature","properties":{"idx":22,"road":"","cls":"tertiary","shops":0,"st_km":2.45,"mesh":"54392190"},"geometry":{"type":"LineString","coordinates":[[139.12547,36.24306],[139.12469,36.24307]]}},{"type":"Feature","properties":{"idx":24,"road":"","cls":"tertiary","shops":0,"st_km":2.28,"mesh":"54392190"},"geometry":{"type":"LineString","coordinates":[[139.12555,36.24564],[139.12555,36.24594]]}},{"type":"Feature","properties":{"idx":24,"road":"","cls":"tertiary","shops":0,"st_km":2.29,"mesh":"54392190"},"geometry":{"type":"LineString","coordinates":[[139.12555,36.24557],[139.12555,36.24564]]}},{"type":"Feature","properties":{"idx":32,"road":"","cls":"tertiary","shops":0,"st_km":1.58,"mesh":"54392190"},"geometry":{"type":"LineString","coordinates":[[139.13747,36.24576],[139.13561,36.24533],[139.13363,36.24471],[139.13341,36.24454],[139.13298,36.24389]]}},{"type":"Feature","properties":{"idx":282,"road":"","cls":"tertiary","shops":1,"st_km":1.35,"mesh":"54392191"},"geometry":{"type":"LineString","coordinates":[[139.13753,36.24577],[139.13747,36.24576]]}},{"type":"Feature","properties":{"idx":283,"road":"","cls":"tertiary","shops":0,"st_km":0.8,"mesh":"54392191"},"geometry":{"type":"LineString","coordinates":[[139.14587,36.24684],[139.14213,36.24853]]}},{"type":"Feature","properties":{"idx":282,"road":"","cls":"tertiary","shops":0,"st_km":0.8,"mesh":"54392191"},"geometry":{"type":"LineString","coordinates":[[139.14592,36.24682],[139.14587,36.24684]]}},{"type":"Feature","properties":{"idx":381,"road":"","cls":"tertiary","shops":0,"st_km":1.28,"mesh":"54392192"},"geometry":{"type":"LineString","coordinates":[[139.1549,36.24322],[139.15462,36.24287]]}},{"type":"Feature","properties":{"idx":75,"road":"花園本庄線","cls":"primary","shops":0,"st_km":1.54,"mesh":"54392157"},"geometry":{"type":"LineString","coordinates":[[139.22189,36.20412],[139.22146,36.20634],[139.22164,36.20898],[139.21991,36.20908],[139.21705,36.20968],[139.21564,36.21011],[139.21431,36.21072]]}},{"type":"Feature","properties":{"idx":18,"road":"花園本庄線バイパス","cls":"primary","shops":0,"st_km":2.52,"mesh":"54392146"},"geometry":{"type":"LineString","coordinates":[[139.20931,36.20601],[139.20964,36.20575]]}},{"type":"Feature","properties":{"idx":17,"road":"花園本庄線バイパス","cls":"primary","shops":0,"st_km":2.6,"mesh":"54392146"},"geometry":{"type":"LineString","coordinates":[[139.20931,36.20601],[139.20786,36.20717]]}},{"type":"Feature","properties":{"idx":48,"road":"","cls":"primary_link","shops":0,"st_km":2.11,"mesh":"54392156"},"geometry":{"type":"LineString","coordinates":[[139.20039,36.20954],[139.20039,36.20963],[139.20024,36.20973]]}},{"type":"Feature","properties":{"idx":69,"road":"花園本庄線バイパス","cls":"primary","shops":0,"st_km":2.09,"mesh":"54392156"},"geometry":{"type":"LineString","coordinates":[[139.20024,36.20973],[139.20016,36.20973]]}},{"type":"Feature","properties":{"idx":122,"road":"花園本庄線バイパス","cls":"primary","shops":0,"st_km":1.69,"mesh":"54392155"},"geometry":{"type":"LineString","coordinates":[[139.20016,36.20973],[139.19951,36.20978],[139.19911,36.20986],[139.19806,36.21022],[139.19647,36.2109],[139.19551,36.21147],[139.19503,36.2119],[139.19464,36.21235],[139.19419,36.21317],[139.19382,36.21413]]}},{"type":"Feature","properties":{"idx":61,"road":"児玉町蛭川普済寺線","cls":"secondary","shops":0,"st_km":2.13,"mesh":"54392156"},"geometry":{"type":"LineString","coordinates":[[139.20039,36.20954],[139.20104,36.21001]]}},{"type":"Feature","properties":{"idx":47,"road":"","cls":"primary_link","shops":0,"st_km":2.15,"mesh":"54392156"},"geometry":{"type":"LineString","coordinates":[[139.20104,36.21001],[139.20099,36.20988],[139.20115,36.20973]]}},{"type":"Feature","properties":{"idx":57,"road":"児玉町蛭川普済寺線","cls":"secondary","shops":0,"st_km":2.38,"mesh":"54392156"},"geometry":{"type":"LineString","coordinates":[[139.20104,36.21001],[139.20331,36.21179],[139.20501,36.21301],[139.20538,36.21318],[139.20576,36.21324],[139.20667,36.21316],[139.20815,36.21319],[139.21092,36.21286],[139.21116,36.21286]]}},{"type":"Feature","properties":{"idx":68,"road":"花園本庄線バイパス","cls":"primary","shops":0,"st_km":2.13,"mesh":"54392156"},"geometry":{"type":"LineString","coordinates":[[139.20115,36.20973],[139.20024,36.20973]]}},{"type":"Feature","properties":{"idx":225,"road":"花園本庄線バイパス","cls":"primary","shops":0,"st_km":0.87,"mesh":"54392165"},"geometry":{"type":"LineString","coordinates":[[139.18858,36.21808],[139.19025,36.21803]]}},{"type":"Feature","properties":{"idx":183,"road":"コスモス街道","cls":"tertiary","shops":0,"st_km":1.2,"mesh":"54392147"},"geometry":{"type":"LineString","coordinates":[[139.22189,36.20412],[139.22293,36.20386],[139.22712,36.20267]]}},{"type":"Feature","properties":{"idx":250,"road":"コスモス街道","cls":"tertiary","shops":0,"st_km":0.99,"mesh":"54392148"},"geometry":{"type":"LineString","coordinates":[[139.22712,36.20267],[139.22729,36.20262]]}},{"type":"Feature","properties":{"idx":72,"road":"","cls":"tertiary","shops":0,"st_km":1.27,"mesh":"54392138"},"geometry":{"type":"LineString","coordinates":[[139.22328,36.19812],[139.22929,36.1985],[139.23007,36.19839]]}},{"type":"Feature","properties":{"idx":84,"road":"","cls":"tertiary","shops":0,"st_km":1.05,"mesh":"54392138"},"geometry":{"type":"LineString","coordinates":[[139.23007,36.19839],[139.2302,36.19837]]}},{"type":"Feature","properties":{"idx":342,"road":"針ヶ谷岡線","cls":"secondary","shops":0,"st_km":0.74,"mesh":"54392148"},"geometry":{"type":"LineString","coordinates":[[139.23361,36.19388],[139.23364,36.19425],[139.2336,36.19441],[139.23289,36.19599],[139.23271,36.19659],[139.2327,36.1971],[139.23306,36.2012],[139.2332,36.20268],[139.23331,36.20307],[139.23387,36.20393],[139.23472,36.20624]]}},{"type":"Feature","properties":{"idx":76,"road":"針ヶ谷岡線","cls":"secondary","shops":0,"st_km":1.37,"mesh":"54392138"},"geometry":{"type":"LineString","coordinates":[[139.23354,36.19373],[139.23361,36.19388]]}},{"type":"Feature","properties":{"idx":204,"road":"花園本庄線バイパス","cls":"primary","shops":0,"st_km":1.0,"mesh":"54392165"},"geometry":{"type":"LineString","coordinates":[[139.19025,36.21803],[139.19135,36.21798]]}},{"type":"Feature","properties":{"idx":205,"road":"花園本庄線バイパス","cls":"primary","shops":0,"st_km":0.99,"mesh":"54392165"},"geometry":{"type":"LineString","coordinates":[[139.19135,36.21798],[139.19001,36.21798]]}},{"type":"Feature","properties":{"idx":84,"road":"寄居岡部深谷線","cls":"secondary","shops":0,"st_km":1.74,"mesh":"54392106"},"geometry":{"type":"LineString","coordinates":[[139.20824,36.16666],[139.2084,36.16663],[139.2148,36.16693]]}},{"type":"Feature","properties":{"idx":89,"road":"寄居岡部深谷線","cls":"secondary","shops":0,"st_km":1.58,"mesh":"54392106"},"geometry":{"type":"LineString","coordinates":[[139.20813,36.1667],[139.20824,36.16666]]}},{"type":"Feature","properties":{"idx":283,"road":"","cls":"tertiary_link","shops":15,"st_km":0.07,"mesh":"54392185"},"geometry":{"type":"LineString","coordinates":[[139.18803,36.23557],[139.18795,36.23572]]}},{"type":"Feature","properties":{"idx":281,"road":"","cls":"tertiary_link","shops":15,"st_km":0.08,"mesh":"54392185"},"geometry":{"type":"LineString","coordinates":[[139.18825,36.23563],[139.18803,36.23557]]}},{"type":"Feature","properties":{"idx":186,"road":"","cls":"tertiary","shops":5,"st_km":0.08,"mesh":"54392185"},"geometry":{"type":"LineString","coordinates":[[139.18887,36.23625],[139.18908,36.23616]]}},{"type":"Feature","properties":{"idx":518,"road":"","cls":"pedestrian","shops":12,"st_km":0.06,"mesh":"54392185"},"geometry":{"type":"LineString","coordinates":[[139.18858,36.23582],[139.18878,36.23611]]}},{"type":"Feature","properties":{"idx":479,"road":"","cls":"pedestrian","shops":11,"st_km":0.07,"mesh":"54392185"},"geometry":{"type":"LineString","coordinates":[[139.18854,36.23583],[139.18858,36.23582]]}},{"type":"Feature","properties":{"idx":522,"road":"","cls":"pedestrian","shops":12,"st_km":0.06,"mesh":"54392185"},"geometry":{"type":"LineString","coordinates":[[139.18872,36.23603],[139.18862,36.23607]]}},{"type":"Feature","properties":{"idx":41,"road":"","cls":"tertiary","shops":0,"st_km":0.32,"mesh":"54392185"},"geometry":{"type":"LineString","coordinates":[[139.19058,36.23834],[139.1906,36.23842]]}},{"type":"Feature","properties":{"idx":527,"road":"","cls":"pedestrian","shops":12,"st_km":0.05,"mesh":"54392185"},"geometry":{"type":"LineString","coordinates":[[139.18862,36.23607],[139.18852,36.23612]]}},{"type":"Feature","properties":{"idx":401,"road":"","cls":"tertiary_link","shops":0,"st_km":0.33,"mesh":"54392184"},"geometry":{"type":"LineString","coordinates":[[139.18521,36.2379],[139.18496,36.23805]]}},{"type":"Feature","properties":{"idx":401,"road":"","cls":"tertiary_link","shops":0,"st_km":0.33,"mesh":"54392184"},"geometry":{"type":"LineString","coordinates":[[139.18521,36.2379],[139.18491,36.23796]]}},{"type":"Feature","properties":{"idx":410,"road":"本庄寄居線","cls":"primary","shops":0,"st_km":1.14,"mesh":"54392195"},"geometry":{"type":"LineString","coordinates":[[139.19548,36.2446],[139.19553,36.24481]]}},{"type":"Feature","properties":{"idx":32,"road":"児玉町蛭川普済寺線","cls":"secondary","shops":0,"st_km":1.78,"mesh":"54392143"},"geometry":{"type":"LineString","coordinates":[[139.16373,36.2057],[139.16801,36.20551],[139.16867,36.20553],[139.17319,36.20629]]}},{"type":"Feature","properties":{"idx":29,"road":"児玉町蛭川普済寺線","cls":"secondary","shops":0,"st_km":2.04,"mesh":"54392143"},"geometry":{"type":"LineString","coordinates":[[139.16367,36.2057],[139.16373,36.2057]]}},{"type":"Feature","properties":{"idx":28,"road":"児玉町蛭川普済寺線","cls":"secondary","shops":0,"st_km":2.07,"mesh":"54392143"},"geometry":{"type":"LineString","coordinates":[[139.1629,36.20559],[139.16367,36.2057]]}},{"type":"Feature","properties":{"idx":28,"road":"児玉町蛭川普済寺線","cls":"secondary","shops":0,"st_km":2.1,"mesh":"54392143"},"geometry":{"type":"LineString","coordinates":[[139.16284,36.20558],[139.1629,36.20559]]}}]}