{"type":"FeatureCollection","features":[{"type":"Feature","properties":{"idx":709,"road":"","cls":"tertiary","shops":1,"st_km":0.45,"mesh":"54391370"},"geometry":{"type":"LineString","coordinates":[[139.38693,36.14262],[139.38724,36.14369]]}},{"type":"Feature","properties":{"idx":69,"road":"上中森鴻巣線","cls":"secondary","shops":0,"st_km":1.41,"mesh":"54391367"},"geometry":{"type":"LineString","coordinates":[[139.4786,36.14538],[139.47898,36.1442],[139.47899,36.14381],[139.47891,36.14343],[139.47444,36.13516],[139.47439,36.1349],[139.47442,36.13466],[139.4751,36.13286],[139.47515,36.1324],[139.47511,36.13205],[139.4749,36.13149],[139.47241,36.12693],[139.47224,36.12646],[139.47219,36.12587]]}},{"type":"Feature","properties":{"idx":115,"road":"","cls":"tertiary","shops":3,"st_km":0.22,"mesh":"54391376"},"geometry":{"type":"LineString","coordinates":[[139.45927,36.14293],[139.45921,36.14052]]}},{"type":"Feature","properties":{"idx":178,"road":"","cls":"tertiary","shops":0,"st_km":0.75,"mesh":"54391366"},"geometry":{"type":"LineString","coordinates":[[139.45639,36.13586],[139.45611,36.13616],[139.45523,36.13796],[139.45506,36.13875],[139.45472,36.13912]]}},{"type":"Feature","properties":{"idx":119,"road":"熊谷羽生線","cls":"secondary","shops":0,"st_km":0.43,"mesh":"54391363"},"geometry":{"type":"LineString","coordinates":[[139.40841,36.13542],[139.41138,36.13549],[139.42938,36.13565],[139.43134,36.13571]]}},{"type":"Feature","properties":{"idx":646,"road":"","cls":"tertiary","shops":0,"st_km":0.93,"mesh":"54391351"},"geometry":{"type":"LineString","coordinates":[[139.38774,36.13775],[139.38967,36.13589],[139.38998,36.13567],[139.39043,36.13545],[139.3924,36.13482],[139.39304,36.13453],[139.39533,36.1326],[139.39577,36.13231],[139.39609,36.13218],[139.39653,36.13211],[139.39783,36.13212],[139.39838,36.13207],[139.39927,36.13179],[139.40116,36.13084],[139.40267,36.12966],[139.40388,36.12901]]}},{"type":"Feature","properties":{"idx":166,"road":"","cls":"tertiary","shops":0,"st_km":0.43,"mesh":"54391360"},"geometry":{"type":"LineString","coordinates":[[139.38589,36.13604],[139.38652,36.13748],[139.38739,36.13809]]}},{"type":"Feature","properties":{"idx":30,"road":"","cls":"tertiary","shops":0,"st_km":2.63,"mesh":"54391395"},"geometry":{"type":"LineString","coordinates":[[139.44017,36.1612],[139.4397,36.16227]]}},{"type":"Feature","properties":{"idx":387,"road":"熊谷羽生線","cls":"secondary","shops":0,"st_km":0.77,"mesh":"54391371"},"geometry":{"type":"LineString","coordinates":[[139.39206,36.14643],[139.39218,36.14665]]}},{"type":"Feature","properties":{"idx":1113,"road":"ラグビーロード","cls":"primary","shops":1,"st_km":0.21,"mesh":"54391371"},"geometry":{"type":"LineString","coordinates":[[139.39005,36.14069],[139.39052,36.14266]]}},{"type":"Feature","properties":{"idx":302,"road":"南大通り","cls":"tertiary","shops":1,"st_km":0.69,"mesh":"54391345"},"geometry":{"type":"LineString","coordinates":[[139.43467,36.11657],[139.43525,36.1169],[139.44069,36.11969]]}},{"type":"Feature","properties":{"idx":110,"road":"南大通り","cls":"tertiary","shops":1,"st_km":1.11,"mesh":"54391367"},"geometry":{"type":"LineString","coordinates":[[139.46631,36.13569],[139.46646,36.13571]]}},{"type":"Feature","properties":{"idx":347,"road":"行田東松山線","cls":"primary","shops":0,"st_km":0.83,"mesh":"54391335"},"geometry":{"type":"LineString","coordinates":[[139.44887,36.1105],[139.44825,36.10918],[139.44795,36.10836],[139.44788,36.10797],[139.4479,36.10714]]}},{"type":"Feature","properties":{"idx":248,"road":"","cls":"primary","shops":2,"st_km":0.57,"mesh":"54391325"},"geometry":{"type":"LineString","coordinates":[[139.44797,36.1063],[139.44792,36.1056],[139.44773,36.10456],[139.44765,36.10429],[139.44743,36.1039]]}},{"type":"Feature","properties":{"idx":209,"road":"行田東松山線","cls":"primary","shops":0,"st_km":1.09,"mesh":"54391315"},"geometry":{"type":"LineString","coordinates":[[139.44743,36.1039],[139.44405,36.09798],[139.44375,36.09702],[139.44268,36.09271],[139.44223,36.09132],[139.4421,36.091],[139.44177,36.09053],[139.44129,36.09006]]}},{"type":"Feature","properties":{"idx":54,"road":"武州荒木停車場線","cls":"secondary","shops":2,"st_km":0.14,"mesh":"54391398"},"geometry":{"type":"LineString","coordinates":[[139.486,36.16353],[139.4879,36.16299],[139.48803,36.16291],[139.4882,36.16263]]}},{"type":"Feature","properties":{"idx":12,"road":"胄山熊谷線","cls":"secondary","shops":0,"st_km":2.51,"mesh":"54391332"},"geometry":{"type":"LineString","coordinates":[[139.40433,36.1112],[139.40429,36.11206]]}},{"type":"Feature","properties":{"idx":81,"road":"福田鴻巣線","cls":"secondary","shops":0,"st_km":3.55,"mesh":"54391303"},"geometry":{"type":"LineString","coordinates":[[139.40761,36.08128],[139.40792,36.08138],[139.40846,36.08144],[139.40974,36.08126],[139.41058,36.08127],[139.41093,36.0814],[139.41207,36.08197],[139.41436,36.08252],[139.41718,36.08378],[139.41754,36.0839],[139.41786,36.08394],[139.42852,36.0816],[139.43033,36.08117],[139.43079,36.08102]]}},{"type":"Feature","properties":{"idx":155,"road":"","cls":"tertiary","shops":0,"st_km":1.55,"mesh":"54391373"},"geometry":{"type":"LineString","coordinates":[[139.41331,36.15379],[139.41415,36.14472],[139.41353,36.14132]]}},{"type":"Feature","properties":{"idx":124,"road":"行田蓮田線","cls":"primary","shops":0,"st_km":3.67,"mesh":"54391349"},"geometry":{"type":"LineString","coordinates":[[139.47502,36.12638],[139.47649,36.1259],[139.47895,36.12479],[139.47988,36.12447],[139.48327,36.12273],[139.48515,36.12196],[139.48707,36.12058],[139.48849,36.11926],[139.48928,36.11843],[139.49033,36.11731],[139.49135,36.11605],[139.49178,36.11511],[139.49252,36.11397],[139.49277,36.11342],[139.49287,36.11298],[139.49297,36.11216],[139.49282,36.11162],[139.49218,36.11029],[139.4921,36.10994],[139.49193,36.10808],[139.49197,36.10772],[139.49207,36.10743],[139.49232,36.10694],[139.4926,36.10663],[139.49288,36.1064],[139.49459,36.10526],[139.49646,36.10371]]}},{"type":"Feature","properties":{"idx":95,"road":"","cls":"tertiary","shops":0,"st_km":1.75,"mesh":"54391309"},"geometry":{"type":"LineString","coordinates":[[139.49533,36.09127],[139.49493,36.09088]]}},{"type":"Feature","properties":{"idx":128,"road":"","cls":"tertiary","shops":0,"st_km":1.25,"mesh":"54391309"},"geometry":{"type":"LineString","coordinates":[[139.49251,36.0865],[139.48881,36.08141]]}},{"type":"Feature","properties":{"idx":71,"road":"","cls":"tertiary","shops":0,"st_km":0.33,"mesh":"54391308"},"geometry":{"type":"LineString","coordinates":[[139.47992,36.08366],[139.47981,36.08377]]}},{"type":"Feature","properties":{"idx":77,"road":"","cls":"tertiary","shops":0,"st_km":0.24,"mesh":"54391308"},"geometry":{"type":"LineString","coordinates":[[139.47936,36.0842],[139.47958,36.08485],[139.47957,36.08571]]}},{"type":"Feature","properties":{"idx":243,"road":"鎌塚鴻巣線","cls":"secondary","shops":0,"st_km":0.9,"mesh":"54391316"},"geometry":{"type":"LineString","coordinates":[[139.46334,36.09459],[139.46336,36.09473],[139.46192,36.09685],[139.46125,36.09816],[139.46041,36.09938],[139.46005,36.09984],[139.45976,36.1001],[139.45895,36.10058],[139.45871,36.10067]]}},{"type":"Feature","properties":{"idx":21,"road":"","cls":"primary","shops":0,"st_km":0.5,"mesh":"54391398"},"geometry":{"type":"LineString","coordinates":[[139.48312,36.16172],[139.48302,36.16165]]}},{"type":"Feature","properties":{"idx":74,"road":"大里比企広域農道","cls":"tertiary","shops":0,"st_km":2.97,"mesh":"54391331"},"geometry":{"type":"LineString","coordinates":[[139.40442,36.10867],[139.4023,36.10951],[139.40199,36.10974],[139.4012,36.11083],[139.40093,36.11102],[139.40067,36.11111],[139.39416,36.11108],[139.39371,36.11114],[139.39325,36.11127],[139.39294,36.11141]]}},{"type":"Feature","properties":{"idx":84,"road":"大里比企広域農道","cls":"tertiary","shops":0,"st_km":2.32,"mesh":"54391322"},"geometry":{"type":"LineString","coordinates":[[139.41059,36.1046],[139.41031,36.10473],[139.40989,36.10504],[139.40743,36.10725],[139.40698,36.1076],[139.40442,36.10867]]}},{"type":"Feature","properties":{"idx":169,"road":"ソシオ流通センター","cls":"tertiary","shops":0,"st_km":0.53,"mesh":"54391353"},"geometry":{"type":"LineString","coordinates":[[139.42092,36.13156],[139.42208,36.13171],[139.42869,36.13182]]}},{"type":"Feature","properties":{"idx":290,"road":"","cls":"tertiary","shops":0,"st_km":0.75,"mesh":"54391354"},"geometry":{"type":"LineString","coordinates":[[139.42209,36.12974],[139.42952,36.12986]]}},{"type":"Feature","properties":{"idx":167,"road":"","cls":"tertiary","shops":0,"st_km":0.54,"mesh":"54391353"},"geometry":{"type":"LineString","coordinates":[[139.42868,36.13166],[139.42092,36.13156]]}},{"type":"Feature","properties":{"idx":160,"road":"","cls":"tertiary","shops":0,"st_km":0.59,"mesh":"54391353"},"geometry":{"type":"LineString","coordinates":[[139.42207,36.13343],[139.42213,36.13317],[139.42221,36.12974]]}},{"type":"Feature","properties":{"idx":142,"road":"","cls":"tertiary","shops":0,"st_km":0.73,"mesh":"54391353"},"geometry":{"type":"LineString","coordinates":[[139.41747,36.13149],[139.42092,36.13156]]}},{"type":"Feature","properties":{"idx":160,"road":"","cls":"tertiary","shops":0,"st_km":0.59,"mesh":"54391353"},"geometry":{"type":"LineString","coordinates":[[139.42209,36.12974],[139.42203,36.13274],[139.42207,36.13343]]}},{"type":"Feature","properties":{"idx":125,"road":"弥藤吾行田線","cls":"secondary","shops":1,"st_km":1.7,"mesh":"54391384"},"geometry":{"type":"LineString","coordinates":[[139.42574,36.15154],[139.4257,36.15214]]}},{"type":"Feature","properties":{"idx":563,"road":"石原停車場線","cls":"secondary","shops":1,"st_km":0.61,"mesh":"54391370"},"geometry":{"type":"LineString","coordinates":[[139.3752,36.1499],[139.37515,36.14986]]}},{"type":"Feature","properties":{"idx":445,"road":"","cls":"tertiary","shops":0,"st_km":0.28,"mesh":"54391370"},"geometry":{"type":"LineString","coordinates":[[139.38235,36.14535],[139.38235,36.14527]]}},{"type":"Feature","properties":{"idx":115,"road":"","cls":"tertiary","shops":0,"st_km":0.59,"mesh":"54391360"},"geometry":{"type":"LineString","coordinates":[[139.38652,36.13748],[139.38073,36.13906]]}},{"type":"Feature","properties":{"idx":224,"road":"","cls":"tertiary","shops":0,"st_km":1.18,"mesh":"54391381"},"geometry":{"type":"LineString","coordinates":[[139.39211,36.15201],[139.38875,36.15197],[139.38384,36.15234]]}},{"type":"Feature","properties":{"idx":164,"road":"","cls":"tertiary","shops":0,"st_km":1.12,"mesh":"54391315"},"geometry":{"type":"LineString","coordinates":[[139.44968,36.09763],[139.4477,36.0947],[139.44559,36.09064],[139.44546,36.09055]]}},{"type":"Feature","properties":{"idx":165,"road":"","cls":"tertiary","shops":0,"st_km":0.92,"mesh":"54391345"},"geometry":{"type":"LineString","coordinates":[[139.43565,36.12023],[139.43579,36.12016],[139.44003,36.12101],[139.44047,36.12129]]}},{"type":"Feature","properties":{"idx":820,"road":"","cls":"tertiary","shops":1,"st_km":0.06,"mesh":"54391334"},"geometry":{"type":"LineString","coordinates":[[139.43119,36.1133],[139.43188,36.11373]]}},{"type":"Feature","properties":{"idx":358,"road":"","cls":"tertiary","shops":0,"st_km":1.77,"mesh":"54391352"},"geometry":{"type":"LineString","coordinates":[[139.40388,36.12901],[139.40793,36.12693],[139.40818,36.12685],[139.40846,36.12684],[139.40959,36.12695],[139.40997,36.12695],[139.41057,36.1268],[139.41274,36.12573],[139.4129,36.12561],[139.4132,36.12525],[139.41344,36.12474]]}},{"type":"Feature","properties":{"idx":1085,"road":"","cls":"tertiary","shops":6,"st_km":0.63,"mesh":"54391316"},"geometry":{"type":"LineString","coordinates":[[139.45515,36.095],[139.45871,36.10067]]}},{"type":"Feature","properties":{"idx":275,"road":"","cls":"tertiary","shops":0,"st_km":0.62,"mesh":"54391316"},"geometry":{"type":"LineString","coordinates":[[139.44869,36.10074],[139.45814,36.09678],[139.4604,36.09588],[139.46334,36.09459]]}},{"type":"Feature","properties":{"idx":245,"road":"","cls":"tertiary","shops":0,"st_km":1.8,"mesh":"54391396"},"geometry":{"type":"LineString","coordinates":[[139.45757,36.16595],[139.45801,36.16524],[139.45975,36.16297],[139.46051,36.16219],[139.46172,36.1612],[139.462,36.16083],[139.46213,36.16059],[139.46246,36.15846]]}},{"type":"Feature","properties":{"idx":163,"road":"","cls":"tertiary","shops":0,"st_km":0.82,"mesh":"54391366"},"geometry":{"type":"LineString","coordinates":[[139.44809,36.13527],[139.45234,36.13508]]}},{"type":"Feature","properties":{"idx":174,"road":"","cls":"tertiary","shops":0,"st_km":0.77,"mesh":"54391366"},"geometry":{"type":"LineString","coordinates":[[139.45687,36.13611],[139.45861,36.13655],[139.46134,36.13711]]}},{"type":"Feature","properties":{"idx":60,"road":"","cls":"tertiary","shops":0,"st_km":1.64,"mesh":"54391346"},"geometry":{"type":"LineString","coordinates":[[139.45093,36.12006],[139.45155,36.1198],[139.45312,36.11864],[139.45412,36.11797],[139.45449,36.1178],[139.45606,36.11727],[139.4584,36.11569],[139.45899,36.11546],[139.45947,36.11537]]}},{"type":"Feature","properties":{"idx":158,"road":"","cls":"tertiary","shops":0,"st_km":0.36,"mesh":"54391377"},"geometry":{"type":"LineString","coordinates":[[139.46673,36.14506],[139.46694,36.14464],[139.46777,36.1434]]}},{"type":"Feature","properties":{"idx":85,"road":"","cls":"tertiary","shops":0,"st_km":1.09,"mesh":"54391368"},"geometry":{"type":"LineString","coordinates":[[139.4733,36.1387],[139.47431,36.13903],[139.47717,36.1397]]}},{"type":"Feature","properties":{"idx":228,"road":"","cls":"tertiary","shops":1,"st_km":1.05,"mesh":"54391355"},"geometry":{"type":"LineString","coordinates":[[139.45067,36.13202],[139.4507,36.13103],[139.44807,36.131]]}},{"type":"Feature","properties":{"idx":124,"road":"","cls":"tertiary","shops":0,"st_km":1.29,"mesh":"54391309"},"geometry":{"type":"LineString","coordinates":[[139.4816,36.09296],[139.49406,36.08865],[139.49692,36.08703],[139.49761,36.08657],[139.49805,36.08616]]}},{"type":"Feature","properties":{"idx":223,"road":"","cls":"tertiary","shops":0,"st_km":0.91,"mesh":"54391378"},"geometry":{"type":"LineString","coordinates":[[139.47855,36.15007],[139.47735,36.14988]]}},{"type":"Feature","properties":{"idx":257,"road":"","cls":"tertiary","shops":0,"st_km":0.74,"mesh":"54391378"},"geometry":{"type":"LineString","coordinates":[[139.47336,36.14423],[139.47857,36.14545]]}},{"type":"Feature","properties":{"idx":26,"road":"","cls":"tertiary","shops":0,"st_km":1.24,"mesh":"54391385"},"geometry":{"type":"LineString","coordinates":[[139.45352,36.15221],[139.45232,36.15215],[139.44863,36.15209],[139.44718,36.15236],[139.44602,36.15234]]}},{"type":"Feature","properties":{"idx":101,"road":"","cls":"tertiary","shops":0,"st_km":1.51,"mesh":"54391386"},"geometry":{"type":"LineString","coordinates":[[139.45342,36.15661],[139.45342,36.15651]]}},{"type":"Feature","properties":{"idx":243,"road":"行田市停車場酒巻線","cls":"secondary","shops":0,"st_km":2.1,"mesh":"54391396"},"geometry":{"type":"LineString","coordinates":[[139.45342,36.15708],[139.45336,36.15831],[139.45321,36.16],[139.45307,36.16435],[139.45293,36.16505],[139.45274,36.16564],[139.45221,36.16685]]}},{"type":"Feature","properties":{"idx":77,"road":"","cls":"tertiary","shops":0,"st_km":1.18,"mesh":"54391375"},"geometry":{"type":"LineString","coordinates":[[139.4458,36.15364],[139.44635,36.15048],[139.44679,36.14468],[139.44733,36.14116]]}},{"type":"Feature","properties":{"idx":48,"road":"小沼橋通り","cls":"tertiary","shops":0,"st_km":0.17,"mesh":"54391376"},"geometry":{"type":"LineString","coordinates":[[139.45528,36.14355],[139.45704,36.14298],[139.45719,36.14289],[139.45927,36.14293]]}},{"type":"Feature","properties":{"idx":183,"road":"","cls":"tertiary","shops":5,"st_km":0.09,"mesh":"54391376"},"geometry":{"type":"LineString","coordinates":[[139.45928,36.14315],[139.45933,36.14323],[139.45971,36.14322],[139.45973,36.14293]]}},{"type":"Feature","properties":{"idx":384,"road":"小沼橋通り","cls":"tertiary","shops":3,"st_km":0.36,"mesh":"54391377"},"geometry":{"type":"LineString","coordinates":[[139.46142,36.14296],[139.46274,36.14299],[139.4633,36.14308],[139.46395,36.14326]]}},{"type":"Feature","properties":{"idx":196,"road":"行田蓮田線","cls":"primary","shops":0,"st_km":0.9,"mesh":"54391366"},"geometry":{"type":"LineString","coordinates":[[139.45921,36.14052],[139.45923,36.14041],[139.46015,36.13888],[139.46098,36.13786],[139.4612,36.13747],[139.46252,36.13372],[139.46488,36.13157]]}},{"type":"Feature","properties":{"idx":111,"road":"小沼橋通り","cls":"secondary","shops":2,"st_km":0.14,"mesh":"54391376"},"geometry":{"type":"LineString","coordinates":[[139.45973,36.14293],[139.46051,36.14294]]}},{"type":"Feature","properties":{"idx":34,"road":"","cls":"tertiary","shops":0,"st_km":2.2,"mesh":"54391395"},"geometry":{"type":"LineString","coordinates":[[139.44396,36.16275],[139.44441,36.16167],[139.4445,36.16133],[139.44524,36.15691]]}},{"type":"Feature","properties":{"idx":153,"road":"","cls":"tertiary","shops":0,"st_km":2.13,"mesh":"54391319"},"geometry":{"type":"LineString","coordinates":[[139.5003,36.09846],[139.49971,36.0978],[139.49853,36.09607],[139.49749,36.09487],[139.4973,36.09449],[139.49684,36.09305],[139.49672,36.09283],[139.49533,36.09127]]}},{"type":"Feature","properties":{"idx":93,"road":"","cls":"tertiary","shops":0,"st_km":2.34,"mesh":"54391369"},"geometry":{"type":"LineString","coordinates":[[139.49432,36.13291],[139.49451,36.13327],[139.49426,36.13371],[139.49343,36.13448],[139.49219,36.13614],[139.49163,36.1367],[139.49101,36.13711],[139.49086,36.13733],[139.49071,36.13783],[139.49057,36.138],[139.4868,36.14077],[139.4868,36.14087]]}},{"type":"Feature","properties":{"idx":20,"road":"","cls":"tertiary","shops":0,"st_km":2.43,"mesh":"54391359"},"geometry":{"type":"LineString","coordinates":[[139.48349,36.13432],[139.49074,36.13276],[139.49399,36.13273],[139.49418,36.13278],[139.49432,36.13291]]}},{"type":"Feature","properties":{"idx":77,"road":"","cls":"tertiary","shops":0,"st_km":1.06,"mesh":"54391367"},"geometry":{"type":"LineString","coordinates":[[139.4733,36.1387],[139.47227,36.13821],[139.47193,36.13813],[139.47155,36.13808],[139.46941,36.13805]]}},{"type":"Feature","properties":{"idx":16,"road":"足利邑楽行田線","cls":"primary","shops":0,"st_km":0.83,"mesh":"54391398"},"geometry":{"type":"LineString","coordinates":[[139.47907,36.16537],[139.47915,36.16503],[139.47974,36.16119]]}},{"type":"Feature","properties":{"idx":15,"road":"上星川橋","cls":"primary","shops":0,"st_km":0.92,"mesh":"54391398"},"geometry":{"type":"LineString","coordinates":[[139.479,36.16577],[139.47906,36.16543]]}},{"type":"Feature","properties":{"idx":92,"road":"","cls":"tertiary","shops":0,"st_km":1.25,"mesh":"54391387"},"geometry":{"type":"LineString","coordinates":[[139.46246,36.15846],[139.46261,36.15836],[139.46272,36.15811],[139.46304,36.15718],[139.46311,36.15678]]}},{"type":"Feature","properties":{"idx":163,"road":"スポーツ公園通り","cls":"tertiary","shops":0,"st_km":3.08,"mesh":"54391392"},"geometry":{"type":"LineString","coordinates":[[139.40515,36.16084],[139.40497,36.16396],[139.40517,36.16561],[139.4053,36.16601],[139.40655,36.16835]]}},{"type":"Feature","properties":{"idx":164,"road":"","cls":"tertiary","shops":0,"st_km":3.02,"mesh":"54391392"},"geometry":{"type":"LineString","coordinates":[[139.40883,36.16261],[139.40886,36.16205]]}},{"type":"Feature","properties":{"idx":175,"road":"スポーツ公園通り","cls":"tertiary","shops":0,"st_km":2.69,"mesh":"54391392"},"geometry":{"type":"LineString","coordinates":[[139.40516,36.16052],[139.40515,36.16084]]}},{"type":"Feature","properties":{"idx":16,"road":"","cls":"tertiary","shops":0,"st_km":2.5,"mesh":"54391393"},"geometry":{"type":"LineString","coordinates":[[139.42462,36.15876],[139.42358,36.159],[139.42268,36.15905],[139.42237,36.15902],[139.42032,36.15862],[139.41988,36.1585],[139.4198,36.15842]]}},{"type":"Feature","properties":{"idx":15,"road":"","cls":"tertiary","shops":0,"st_km":3.06,"mesh":"54391393"},"geometry":{"type":"LineString","coordinates":[[139.41604,36.16368],[139.42259,36.16395],[139.42622,36.16415],[139.42692,36.16423],[139.42748,36.16423],[139.42932,36.16438],[139.4297,36.16432],[139.4304,36.16436],[139.43046,36.16433],[139.43052,36.16422],[139.43054,36.16339]]}},{"type":"Feature","properties":{"idx":14,"road":"北河原熊谷線旧道","cls":"tertiary","shops":0,"st_km":3.35,"mesh":"54391393"},"geometry":{"type":"LineString","coordinates":[[139.41604,36.16368],[139.41564,36.16744],[139.41568,36.16752],[139.41578,36.16756],[139.41627,36.1676]]}},{"type":"Feature","properties":{"idx":15,"road":"北河原熊谷線旧道","cls":"tertiary","shops":0,"st_km":2.93,"mesh":"54391393"},"geometry":{"type":"LineString","coordinates":[[139.41141,36.16136],[139.41467,36.16149],[139.4163,36.16168]]}},{"type":"Feature","properties":{"idx":164,"road":"","cls":"tertiary","shops":0,"st_km":3.05,"mesh":"54391392"},"geometry":{"type":"LineString","coordinates":[[139.40007,36.16658],[139.4017,36.16532],[139.40179,36.16529],[139.40254,36.16538],[139.40327,36.16515],[139.40396,36.16503],[139.40447,36.16507],[139.40509,36.16505]]}},{"type":"Feature","properties":{"idx":178,"road":"スポーツ公園通り","cls":"tertiary","shops":0,"st_km":2.63,"mesh":"54391392"},"geometry":{"type":"LineString","coordinates":[[139.40516,36.16052],[139.40522,36.16028],[139.40558,36.15959],[139.40561,36.15912]]}},{"type":"Feature","properties":{"idx":163,"road":"","cls":"tertiary","shops":0,"st_km":3.08,"mesh":"54391392"},"geometry":{"type":"LineString","coordinates":[[139.40623,36.16402],[139.40706,36.16405]]}},{"type":"Feature","properties":{"idx":52,"road":"弥藤吾行田線","cls":"secondary","shops":0,"st_km":2.39,"mesh":"54391383"},"geometry":{"type":"LineString","coordinates":[[139.42255,36.15798],[139.42218,36.15804]]}},{"type":"Feature","properties":{"idx":18,"road":"弥藤吾行田線","cls":"secondary","shops":0,"st_km":2.53,"mesh":"54391393"},"geometry":{"type":"LineString","coordinates":[[139.42218,36.15804],[139.41895,36.15856],[139.41837,36.15873],[139.41789,36.159],[139.41742,36.15951],[139.41721,36.16],[139.417,36.16166]]}},{"type":"Feature","properties":{"idx":1,"road":"","cls":"tertiary","shops":0,"st_km":5.16,"mesh":"54391310"},"geometry":{"type":"LineString","coordinates":[[139.37927,36.092],[139.37964,36.09205],[139.38063,36.09206],[139.38154,36.09223],[139.38345,36.09274]]}},{"type":"Feature","properties":{"idx":42,"road":"","cls":"tertiary","shops":0,"st_km":5.1,"mesh":"54391300"},"geometry":{"type":"LineString","coordinates":[[139.37678,36.08953],[139.37685,36.09032],[139.37691,36.0905],[139.37707,36.09074],[139.37731,36.09097],[139.37841,36.0917],[139.37878,36.09189],[139.37927,36.092]]}},{"type":"Feature","properties":{"idx":2,"road":"","cls":"pedestrian","shops":0,"st_km":4.9,"mesh":"54391310"},"geometry":{"type":"LineString","coordinates":[[139.38146,36.09559],[139.38102,36.09587],[139.38086,36.09611],[139.38054,36.09626],[139.37972,36.09641],[139.37952,36.09657],[139.37936,36.09685],[139.37919,36.09703],[139.37858,36.0974]]}},{"type":"Feature","properties":{"idx":2,"road":"","cls":"pedestrian","shops":1,"st_km":5.13,"mesh":"54391310"},"geometry":{"type":"LineString","coordinates":[[139.37838,36.09315],[139.37832,36.09324],[139.37814,36.09333],[139.3782,36.09386],[139.3781,36.09407],[139.37784,36.09437],[139.37745,36.09468],[139.37704,36.0948],[139.37542,36.09567],[139.37492,36.09575]]}},{"type":"Feature","properties":{"idx":43,"road":"","cls":"tertiary","shops":0,"st_km":4.7,"mesh":"54391300"},"geometry":{"type":"LineString","coordinates":[[139.3746,36.08544],[139.37473,36.08584],[139.37537,36.08693],[139.37569,36.0878],[139.37585,36.08812],[139.37662,36.08907],[139.37678,36.08953]]}},{"type":"Feature","properties":{"idx":1,"road":"","cls":"tertiary","shops":0,"st_km":4.63,"mesh":"54391310"},"geometry":{"type":"LineString","coordinates":[[139.37275,36.0988],[139.3738,36.09901],[139.37434,36.0992],[139.37483,36.09952],[139.37556,36.10027],[139.37586,36.10052],[139.37637,36.1007],[139.37744,36.10123]]}},{"type":"Feature","properties":{"idx":2,"road":"","cls":"pedestrian","shops":1,"st_km":5.07,"mesh":"54391310"},"geometry":{"type":"LineString","coordinates":[[139.37838,36.09315],[139.37871,36.09343],[139.37897,36.09383],[139.37908,36.09436],[139.37922,36.09477],[139.37934,36.09491],[139.3795,36.09497],[139.38083,36.09516],[139.38114,36.0953],[139.38146,36.09559]]}},{"type":"Feature","properties":{"idx":2,"road":"","cls":"pedestrian","shops":0,"st_km":4.7,"mesh":"54391310"},"geometry":{"type":"LineString","coordinates":[[139.38409,36.09919],[139.38417,36.0993],[139.38436,36.0994],[139.38439,36.09934],[139.38436,36.09929],[139.38409,36.09919],[139.38393,36.09881],[139.38375,36.09857],[139.38341,36.09827],[139.38177,36.09751],[139.38163,36.09739],[139.38155,36.09727],[139.38154,36.09712],[139.38155,36.09589],[139.38146,36.09559]]}},{"type":"Feature","properties":{"idx":1,"road":"","cls":"pedestrian","shops":0,"st_km":5.26,"mesh":"54391310"},"geometry":{"type":"LineString","coordinates":[[139.37515,36.09176],[139.37574,36.09217],[139.37627,36.09246],[139.37711,36.09273],[139.37781,36.09308],[139.37838,36.09315]]}},{"type":"Feature","properties":{"idx":118,"road":"","cls":"tertiary","shops":0,"st_km":1.33,"mesh":"54391317"},"geometry":{"type":"LineString","coordinates":[[139.46766,36.09249],[139.46768,36.09269],[139.46778,36.0929],[139.4677,36.09387],[139.46734,36.09465],[139.46713,36.09541],[139.46714,36.09579],[139.46692,36.09671]]}},{"type":"Feature","properties":{"idx":61,"road":"","cls":"tertiary","shops":0,"st_km":0.49,"mesh":"54391308"},"geometry":{"type":"LineString","coordinates":[[139.4819,36.08648],[139.48279,36.08571]]}},{"type":"Feature","properties":{"idx":137,"road":"","cls":"tertiary","shops":0,"st_km":1.12,"mesh":"54391317"},"geometry":{"type":"LineString","coordinates":[[139.46768,36.0922],[139.46769,36.09214]]}},{"type":"Feature","properties":{"idx":79,"road":"","cls":"tertiary","shops":0,"st_km":0.22,"mesh":"54391308"},"geometry":{"type":"LineString","coordinates":[[139.47939,36.08672],[139.47838,36.0867]]}},{"type":"Feature","properties":{"idx":86,"road":"","cls":"tertiary","shops":0,"st_km":0.43,"mesh":"54391307"},"geometry":{"type":"LineString","coordinates":[[139.47397,36.08872],[139.47438,36.08852]]}},{"type":"Feature","properties":{"idx":55,"road":"","cls":"tertiary","shops":0,"st_km":0.94,"mesh":"54391307"},"geometry":{"type":"LineString","coordinates":[[139.46904,36.09115],[139.46933,36.09103]]}},{"type":"Feature","properties":{"idx":126,"road":"","cls":"tertiary","shops":1,"st_km":0.45,"mesh":"54391307"},"geometry":{"type":"LineString","coordinates":[[139.47384,36.08878],[139.47397,36.08872]]}},{"type":"Feature","properties":{"idx":105,"road":"","cls":"pedestrian","shops":0,"st_km":0.26,"mesh":"54391308"},"geometry":{"type":"LineString","coordinates":[[139.47951,36.08488],[139.47998,36.08484]]}},{"type":"Feature","properties":{"idx":223,"road":"","cls":"tertiary","shops":3,"st_km":0.11,"mesh":"54391308"},"geometry":{"type":"LineString","coordinates":[[139.47939,36.08417],[139.47709,36.08641],[139.47572,36.08756],[139.47503,36.08821],[139.47438,36.08852]]}},{"type":"Feature","properties":{"idx":57,"road":"","cls":"tertiary","shops":0,"st_km":0.89,"mesh":"54391307"},"geometry":{"type":"LineString","coordinates":[[139.46933,36.09103],[139.46992,36.09074]]}},{"type":"Feature","properties":{"idx":77,"road":"","cls":"tertiary","shops":0,"st_km":0.25,"mesh":"54391308"},"geometry":{"type":"LineString","coordinates":[[139.47951,36.08736],[139.4794,36.08691],[139.47939,36.08664],[139.47956,36.08598],[139.47957,36.08571]]}},{"type":"Feature","properties":{"idx":59,"road":"","cls":"tertiary","shops":0,"st_km":0.83,"mesh":"54391307"},"geometry":{"type":"LineString","coordinates":[[139.46992,36.09074],[139.4705,36.09045]]}},{"type":"Feature","properties":{"idx":62,"road":"","cls":"tertiary","shops":0,"st_km":0.78,"mesh":"54391307"},"geometry":{"type":"LineString","coordinates":[[139.4705,36.09045],[139.47096,36.09023]]}},{"type":"Feature","properties":{"idx":158,"road":"","cls":"tertiary","shops":2,"st_km":0.52,"mesh":"54391307"},"geometry":{"type":"LineString","coordinates":[[139.47268,36.08932],[139.47384,36.08878]]}},{"type":"Feature","properties":{"idx":52,"road":"","cls":"tertiary","shops":0,"st_km":1.0,"mesh":"54391307"},"geometry":{"type":"LineString","coordinates":[[139.46803,36.09164],[139.46904,36.09115]]}},{"type":"Feature","properties":{"idx":76,"road":"","cls":"tertiary","shops":0,"st_km":0.26,"mesh":"54391308"},"geometry":{"type":"LineString","coordinates":[[139.47946,36.08672],[139.47939,36.08672]]}},{"type":"Feature","properties":{"idx":72,"road":"","cls":"tertiary","shops":0,"st_km":0.61,"mesh":"54391307"},"geometry":{"type":"LineString","coordinates":[[139.47206,36.08967],[139.47268,36.08932]]}},{"type":"Feature","properties":{"idx":135,"road":"三ツ木堰橋","cls":"tertiary","shops":0,"st_km":1.13,"mesh":"54391317"},"geometry":{"type":"LineString","coordinates":[[139.46766,36.09249],[139.46768,36.0922]]}},{"type":"Feature","properties":{"idx":66,"road":"","cls":"tertiary","shops":0,"st_km":0.4,"mesh":"54391308"},"geometry":{"type":"LineString","coordinates":[[139.47996,36.08672],[139.48143,36.08675],[139.48189,36.08692],[139.48215,36.0871]]}},{"type":"Feature","properties":{"idx":68,"road":"","cls":"tertiary","shops":0,"st_km":0.68,"mesh":"54391307"},"geometry":{"type":"LineString","coordinates":[[139.47148,36.08997],[139.47178,36.08982]]}},{"type":"Feature","properties":{"idx":608,"road":"","cls":"pedestrian","shops":8,"st_km":0.11,"mesh":"54391308"},"geometry":{"type":"LineString","coordinates":[[139.47841,36.08594],[139.47795,36.08564]]}},{"type":"Feature","properties":{"idx":288,"road":"","cls":"pedestrian","shops":3,"st_km":0.17,"mesh":"54391308"},"geometry":{"type":"LineString","coordinates":[[139.47923,36.08513],[139.47841,36.08594]]}},{"type":"Feature","properties":{"idx":65,"road":"","cls":"tertiary","shops":0,"st_km":0.73,"mesh":"54391307"},"geometry":{"type":"LineString","coordinates":[[139.47096,36.09023],[139.47148,36.08997]]}},{"type":"Feature","properties":{"idx":54,"road":"","cls":"tertiary","shops":0,"st_km":0.62,"mesh":"54391308"},"geometry":{"type":"LineString","coordinates":[[139.48437,36.08432],[139.4832,36.08534]]}},{"type":"Feature","properties":{"idx":74,"road":"赤見橋","cls":"tertiary","shops":0,"st_km":0.28,"mesh":"54391308"},"geometry":{"type":"LineString","coordinates":[[139.47946,36.08672],[139.47996,36.08672]]}},{"type":"Feature","properties":{"idx":358,"road":"","cls":"pedestrian","shops":4,"st_km":0.13,"mesh":"54391308"},"geometry":{"type":"LineString","coordinates":[[139.47841,36.08594],[139.47775,36.08658]]}},{"type":"Feature","properties":{"idx":91,"road":"","cls":"tertiary","shops":0,"st_km":0.09,"mesh":"54391308"},"geometry":{"type":"LineString","coordinates":[[139.47584,36.08542],[139.4761,36.08546]]}},{"type":"Feature","properties":{"idx":69,"road":"","cls":"tertiary","shops":0,"st_km":0.65,"mesh":"54391307"},"geometry":{"type":"LineString","coordinates":[[139.47178,36.08982],[139.47206,36.08967]]}},{"type":"Feature","properties":{"idx":54,"road":"","cls":"tertiary","shops":0,"st_km":0.95,"mesh":"54391307"},"geometry":{"type":"LineString","coordinates":[[139.46787,36.09001],[139.46711,36.08864]]}},{"type":"Feature","properties":{"idx":58,"road":"","cls":"tertiary","shops":0,"st_km":0.54,"mesh":"54391308"},"geometry":{"type":"LineString","coordinates":[[139.4832,36.08534],[139.48279,36.08571]]}},{"type":"Feature","properties":{"idx":214,"road":"","cls":"tertiary","shops":3,"st_km":0.15,"mesh":"54391308"},"geometry":{"type":"LineString","coordinates":[[139.47838,36.0867],[139.47765,36.08666],[139.47709,36.08641]]}},{"type":"Feature","properties":{"idx":85,"road":"","cls":"tertiary","shops":0,"st_km":0.15,"mesh":"54391308"},"geometry":{"type":"LineString","coordinates":[[139.47482,36.08522],[139.47584,36.08542]]}},{"type":"Feature","properties":{"idx":100,"road":"","cls":"pedestrian","shops":0,"st_km":0.3,"mesh":"54391308"},"geometry":{"type":"LineString","coordinates":[[139.47998,36.08484],[139.48037,36.08467]]}},{"type":"Feature","properties":{"idx":48,"road":"","cls":"tertiary","shops":0,"st_km":0.74,"mesh":"54391308"},"geometry":{"type":"LineString","coordinates":[[139.48546,36.08337],[139.48437,36.08432]]}},{"type":"Feature","properties":{"idx":140,"road":"","cls":"tertiary","shops":0,"st_km":1.09,"mesh":"54391317"},"geometry":{"type":"LineString","coordinates":[[139.46769,36.09214],[139.46773,36.09188],[139.46783,36.09176],[139.46803,36.09164]]}},{"type":"Feature","properties":{"idx":181,"road":"","cls":"tertiary_link","shops":4,"st_km":0.03,"mesh":"54391308"},"geometry":{"type":"LineString","coordinates":[[139.4761,36.08546],[139.47648,36.08551],[139.47667,36.08534],[139.47658,36.08525],[139.4765,36.08525],[139.4763,36.08543],[139.4761,36.08546]]}},{"type":"Feature","properties":{"idx":54,"road":"","cls":"tertiary","shops":0,"st_km":0.95,"mesh":"54391307"},"geometry":{"type":"LineString","coordinates":[[139.46711,36.08864],[139.46675,36.08793]]}},{"type":"Feature","properties":{"idx":53,"road":"","cls":"tertiary","shops":0,"st_km":0.97,"mesh":"54391307"},"geometry":{"type":"LineString","coordinates":[[139.46615,36.08679],[139.46675,36.08793]]}},{"type":"Feature","properties":{"idx":52,"road":"","cls":"tertiary","shops":0,"st_km":1.0,"mesh":"54391307"},"geometry":{"type":"LineString","coordinates":[[139.46615,36.08679],[139.46561,36.08574]]}},{"type":"Feature","properties":{"idx":87,"road":"鴻巣川島線旧道","cls":"tertiary","shops":0,"st_km":0.41,"mesh":"54391307"},"geometry":{"type":"LineString","coordinates":[[139.47499,36.09189],[139.47475,36.09101],[139.47447,36.09029],[139.47444,36.08884],[139.47424,36.08777],[139.47435,36.08677],[139.47428,36.08615],[139.4743,36.08589],[139.47482,36.08522]]}},{"type":"Feature","properties":{"idx":90,"road":"","cls":"tertiary","shops":0,"st_km":1.87,"mesh":"54391309"},"geometry":{"type":"LineString","coordinates":[[139.49533,36.09127],[139.49817,36.08962]]}},{"type":"Feature","properties":{"idx":83,"road":"","cls":"tertiary","shops":0,"st_km":2.05,"mesh":"54391309"},"geometry":{"type":"LineString","coordinates":[[139.49817,36.08962],[139.50033,36.08839]]}},{"type":"Feature","properties":{"idx":162,"road":"","cls":"tertiary","shops":0,"st_km":1.97,"mesh":"54391319"},"geometry":{"type":"LineString","coordinates":[[139.49695,36.09339],[139.49577,36.09408]]}},{"type":"Feature","properties":{"idx":241,"road":"行田東松山線","cls":"primary","shops":3,"st_km":0.4,"mesh":"54391326"},"geometry":{"type":"LineString","coordinates":[[139.45443,36.10629],[139.45454,36.10645]]}},{"type":"Feature","properties":{"idx":145,"road":"行田東松山線","cls":"primary","shops":1,"st_km":1.04,"mesh":"54391367"},"geometry":{"type":"LineString","coordinates":[[139.46597,36.14161],[139.46587,36.14078],[139.46626,36.13668],[139.46631,36.13569],[139.46627,36.13548],[139.46488,36.13157]]}},{"type":"Feature","properties":{"idx":262,"road":"行田東松山線","cls":"primary","shops":3,"st_km":0.31,"mesh":"54391326"},"geometry":{"type":"LineString","coordinates":[[139.45359,36.10504],[139.45443,36.10629]]}},{"type":"Feature","properties":{"idx":58,"road":"","cls":"tertiary","shops":1,"st_km":0.94,"mesh":"54391318"},"geometry":{"type":"LineString","coordinates":[[139.47955,36.09367],[139.47972,36.09361]]}},{"type":"Feature","properties":{"idx":58,"road":"","cls":"tertiary","shops":1,"st_km":0.93,"mesh":"54391318"},"geometry":{"type":"LineString","coordinates":[[139.47992,36.09354],[139.47972,36.09361]]}},{"type":"Feature","properties":{"idx":38,"road":"","cls":"tertiary","shops":0,"st_km":0.94,"mesh":"54391318"},"geometry":{"type":"LineString","coordinates":[[139.47948,36.0937],[139.47955,36.09367]]}},{"type":"Feature","properties":{"idx":39,"road":"","cls":"tertiary","shops":0,"st_km":0.93,"mesh":"54391318"},"geometry":{"type":"LineString","coordinates":[[139.4816,36.09296],[139.47992,36.09354]]}},{"type":"Feature","properties":{"idx":174,"road":"","cls":"tertiary","shops":0,"st_km":1.45,"mesh":"54391327"},"geometry":{"type":"LineString","coordinates":[[139.47091,36.10117],[139.47024,36.10078],[139.47005,36.10072],[139.4698,36.10071],[139.46787,36.10092]]}},{"type":"Feature","properties":{"idx":111,"road":"","cls":"tertiary","shops":0,"st_km":1.42,"mesh":"54391317"},"geometry":{"type":"LineString","coordinates":[[139.47116,36.09699],[139.47086,36.09772]]}},{"type":"Feature","properties":{"idx":24,"road":"","cls":"tertiary","shops":0,"st_km":1.61,"mesh":"54391318"},"geometry":{"type":"LineString","coordinates":[[139.4768,36.09987],[139.47667,36.10012]]}},{"type":"Feature","properties":{"idx":100,"road":"","cls":"tertiary","shops":0,"st_km":1.84,"mesh":"54391328"},"geometry":{"type":"LineString","coordinates":[[139.47566,36.10231],[139.47587,36.1018]]}},{"type":"Feature","properties":{"idx":37,"road":"","cls":"tertiary","shops":0,"st_km":0.98,"mesh":"54391318"},"geometry":{"type":"LineString","coordinates":[[139.476,36.09478],[139.4774,36.09441],[139.47948,36.0937]]}},{"type":"Feature","properties":{"idx":25,"road":"川面橋","cls":"tertiary","shops":0,"st_km":1.58,"mesh":"54391318"},"geometry":{"type":"LineString","coordinates":[[139.47682,36.09982],[139.47693,36.09962]]}},{"type":"Feature","properties":{"idx":116,"road":"","cls":"tertiary","shops":0,"st_km":1.36,"mesh":"54391317"},"geometry":{"type":"LineString","coordinates":[[139.47129,36.09662],[139.47116,36.09699]]}},{"type":"Feature","properties":{"idx":161,"road":"","cls":"tertiary","shops":0,"st_km":1.58,"mesh":"54391327"},"geometry":{"type":"LineString","coordinates":[[139.47128,36.10139],[139.47091,36.10117]]}},{"type":"Feature","properties":{"idx":109,"road":"","cls":"tertiary","shops":0,"st_km":1.66,"mesh":"54391328"},"geometry":{"type":"LineString","coordinates":[[139.47667,36.10012],[139.47631,36.10075]]}},{"type":"Feature","properties":{"idx":120,"road":"","cls":"tertiary","shops":0,"st_km":1.29,"mesh":"54391317"},"geometry":{"type":"LineString","coordinates":[[139.47155,36.09591],[139.47129,36.09662]]}},{"type":"Feature","properties":{"idx":223,"road":"","cls":"tertiary","shops":1,"st_km":1.0,"mesh":"54391317"},"geometry":{"type":"LineString","coordinates":[[139.47236,36.09376],[139.47217,36.09365]]}},{"type":"Feature","properties":{"idx":158,"road":"","cls":"tertiary","shops":1,"st_km":1.51,"mesh":"54391317"},"geometry":{"type":"LineString","coordinates":[[139.47086,36.09772],[139.47057,36.09844]]}},{"type":"Feature","properties":{"idx":156,"road":"","cls":"tertiary","shops":0,"st_km":1.64,"mesh":"54391327"},"geometry":{"type":"LineString","coordinates":[[139.47211,36.10203],[139.47205,36.10189],[139.47188,36.10174],[139.47128,36.10139]]}},{"type":"Feature","properties":{"idx":28,"road":"","cls":"tertiary","shops":0,"st_km":1.4,"mesh":"54391318"},"geometry":{"type":"LineString","coordinates":[[139.47719,36.09878],[139.47753,36.09745]]}},{"type":"Feature","properties":{"idx":135,"road":"","cls":"tertiary","shops":0,"st_km":1.13,"mesh":"54391317"},"geometry":{"type":"LineString","coordinates":[[139.47155,36.09591],[139.47236,36.09376]]}},{"type":"Feature","properties":{"idx":104,"road":"","cls":"tertiary","shops":0,"st_km":1.75,"mesh":"54391328"},"geometry":{"type":"LineString","coordinates":[[139.47587,36.1018],[139.47631,36.10075]]}},{"type":"Feature","properties":{"idx":32,"road":"","cls":"tertiary","shops":0,"st_km":1.17,"mesh":"54391318"},"geometry":{"type":"LineString","coordinates":[[139.47736,36.0965],[139.47722,36.09625],[139.47674,36.09567]]}},{"type":"Feature","properties":{"idx":34,"road":"","cls":"tertiary","shops":0,"st_km":1.08,"mesh":"54391318"},"geometry":{"type":"LineString","coordinates":[[139.47674,36.09567],[139.476,36.09478]]}},{"type":"Feature","properties":{"idx":78,"road":"","cls":"tertiary","shops":0,"st_km":1.97,"mesh":"54391337"},"geometry":{"type":"LineString","coordinates":[[139.47167,36.11553],[139.47195,36.115],[139.47199,36.11483],[139.4719,36.11394],[139.47192,36.11281],[139.47248,36.11177],[139.4738,36.11041],[139.47402,36.11],[139.47401,36.10973],[139.47381,36.10898],[139.47362,36.10758]]}},{"type":"Feature","properties":{"idx":30,"road":"","cls":"tertiary","shops":0,"st_km":1.27,"mesh":"54391318"},"geometry":{"type":"LineString","coordinates":[[139.47753,36.09745],[139.47755,36.09703],[139.47736,36.0965]]}},{"type":"Feature","properties":{"idx":26,"road":"","cls":"tertiary","shops":0,"st_km":1.52,"mesh":"54391318"},"geometry":{"type":"LineString","coordinates":[[139.47693,36.09962],[139.47705,36.09933],[139.47719,36.09878]]}},{"type":"Feature","properties":{"idx":372,"road":"鴻巣川島線旧道","cls":"tertiary","shops":2,"st_km":0.74,"mesh":"54391317"},"geometry":{"type":"LineString","coordinates":[[139.47499,36.09189],[139.47501,36.09198]]}},{"type":"Feature","properties":{"idx":38,"road":"","cls":"tertiary","shops":0,"st_km":0.96,"mesh":"54391318"},"geometry":{"type":"LineString","coordinates":[[139.4756,36.09334],[139.47569,36.09435],[139.476,36.09478]]}},{"type":"Feature","properties":{"idx":156,"road":"福田鴻巣線","cls":"secondary","shops":1,"st_km":0.22,"mesh":"54391326"},"geometry":{"type":"LineString","coordinates":[[139.45359,36.10504],[139.45542,36.10402],[139.45607,36.10359],[139.45751,36.10228]]}},{"type":"Feature","properties":{"idx":193,"road":"日光脇往還","cls":"tertiary","shops":0,"st_km":1.3,"mesh":"54391335"},"geometry":{"type":"LineString","coordinates":[[139.44987,36.11415],[139.44997,36.11435]]}},{"type":"Feature","properties":{"idx":192,"road":"","cls":"tertiary","shops":0,"st_km":1.3,"mesh":"54391335"},"geometry":{"type":"LineString","coordinates":[[139.44345,36.11473],[139.44947,36.11235]]}},{"type":"Feature","properties":{"idx":34,"road":"日光脇往還","cls":"tertiary","shops":0,"st_km":1.54,"mesh":"54391336"},"geometry":{"type":"LineString","coordinates":[[139.45044,36.1169],[139.4504,36.11619]]}},{"type":"Feature","properties":{"idx":54,"road":"","cls":"tertiary","shops":0,"st_km":0.78,"mesh":"54391326"},"geometry":{"type":"LineString","coordinates":[[139.46025,36.1066],[139.46105,36.10748]]}},{"type":"Feature","properties":{"idx":371,"road":"","cls":"tertiary","shops":1,"st_km":0.97,"mesh":"54391335"},"geometry":{"type":"LineString","coordinates":[[139.44908,36.11098],[139.44887,36.1105]]}},{"type":"Feature","properties":{"idx":357,"road":"","cls":"tertiary","shops":1,"st_km":1.01,"mesh":"54391335"},"geometry":{"type":"LineString","coordinates":[[139.44933,36.11162],[139.44908,36.11098]]}},{"type":"Feature","properties":{"idx":196,"road":"","cls":"tertiary","shops":0,"st_km":1.27,"mesh":"54391327"},"geometry":{"type":"LineString","coordinates":[[139.46633,36.10753],[139.46627,36.10806]]}},{"type":"Feature","properties":{"idx":227,"road":"日光脇往還","cls":"tertiary","shops":0,"st_km":1.08,"mesh":"54391335"},"geometry":{"type":"LineString","coordinates":[[139.44933,36.11162],[139.44947,36.11235]]}},{"type":"Feature","properties":{"idx":206,"road":"日光脇往還","cls":"tertiary","shops":0,"st_km":1.21,"mesh":"54391335"},"geometry":{"type":"LineString","coordinates":[[139.44947,36.11235],[139.44965,36.11345],[139.44987,36.11415]]}},{"type":"Feature","properties":{"idx":38,"road":"日光脇往還","cls":"tertiary","shops":0,"st_km":1.4,"mesh":"54391336"},"geometry":{"type":"LineString","coordinates":[[139.45039,36.11604],[139.45031,36.1152],[139.44997,36.11435]]}},{"type":"Feature","properties":{"idx":115,"road":"騎西鴻巣線","cls":"secondary","shops":0,"st_km":1.46,"mesh":"54391337"},"geometry":{"type":"LineString","coordinates":[[139.46503,36.10809],[139.46646,36.10814],[139.46684,36.10822],[139.46752,36.10917],[139.46747,36.1093],[139.46711,36.1096],[139.46711,36.10967],[139.46718,36.10976],[139.46762,36.11005],[139.46957,36.11098],[139.471,36.11153]]}},{"type":"Feature","properties":{"idx":129,"road":"騎西鴻巣線","cls":"secondary","shops":2,"st_km":0.71,"mesh":"54391326"},"geometry":{"type":"LineString","coordinates":[[139.45811,36.10813],[139.4583,36.1081]]}},{"type":"Feature","properties":{"idx":92,"road":"","cls":"tertiary","shops":0,"st_km":0.66,"mesh":"54391325"},"geometry":{"type":"LineString","coordinates":[[139.44786,36.10472],[139.44754,36.10484],[139.44698,36.10493],[139.44617,36.10501],[139.44553,36.10497]]}},{"type":"Feature","properties":{"idx":452,"road":"","cls":"tertiary","shops":1,"st_km":0.71,"mesh":"54391335"},"geometry":{"type":"LineString","coordinates":[[139.4381,36.10977],[139.43975,36.11154]]}},{"type":"Feature","properties":{"idx":274,"road":"","cls":"tertiary","shops":0,"st_km":0.82,"mesh":"54391335"},"geometry":{"type":"LineString","coordinates":[[139.43733,36.11304],[139.44053,36.11107],[139.44116,36.11058],[139.44143,36.11024],[139.4416,36.10982],[139.44183,36.10809]]}},{"type":"Feature","properties":{"idx":67,"road":"","cls":"tertiary","shops":0,"st_km":1.04,"mesh":"54391325"},"geometry":{"type":"LineString","coordinates":[[139.43843,36.10139],[139.446,36.10138]]}},{"type":"Feature","properties":{"idx":135,"road":"","cls":"tertiary","shops":0,"st_km":1.22,"mesh":"54391355"},"geometry":{"type":"LineString","coordinates":[[139.44813,36.12705],[139.44739,36.12721],[139.44609,36.1271],[139.44517,36.12713],[139.44373,36.12627]]}},{"type":"Feature","properties":{"idx":51,"road":"","cls":"tertiary","shops":0,"st_km":1.41,"mesh":"54391325"},"geometry":{"type":"LineString","coordinates":[[139.43771,36.1014],[139.43843,36.10139]]}},{"type":"Feature","properties":{"idx":71,"road":"","cls":"tertiary","shops":0,"st_km":0.96,"mesh":"54391325"},"geometry":{"type":"LineString","coordinates":[[139.44553,36.10497],[139.44184,36.1046],[139.44121,36.10449],[139.44082,36.10436]]}},{"type":"Feature","properties":{"idx":92,"road":"","cls":"tertiary","shops":0,"st_km":0.66,"mesh":"54391325"},"geometry":{"type":"LineString","coordinates":[[139.44758,36.10395],[139.44553,36.10497]]}},{"type":"Feature","properties":{"idx":249,"road":"","cls":"tertiary","shops":0,"st_km":0.94,"mesh":"54391335"},"geometry":{"type":"LineString","coordinates":[[139.44156,36.11433],[139.44345,36.11473]]}},{"type":"Feature","properties":{"idx":300,"road":"","cls":"tertiary","shops":4,"st_km":0.57,"mesh":"54391325"},"geometry":{"type":"LineString","coordinates":[[139.44767,36.1051],[139.44822,36.10513]]}},{"type":"Feature","properties":{"idx":430,"road":"吹上停車場線","cls":"secondary","shops":6,"st_km":0.18,"mesh":"54391326"},"geometry":{"type":"LineString","coordinates":[[139.45274,36.10403],[139.45294,36.1041],[139.45359,36.10504]]}},{"type":"Feature","properties":{"idx":210,"road":"","cls":"tertiary","shops":0,"st_km":1.28,"mesh":"54391306"},"geometry":{"type":"LineString","coordinates":[[139.45494,36.09466],[139.4508,36.08815]]}},{"type":"Feature","properties":{"idx":216,"road":"","cls":"tertiary","shops":0,"st_km":0.9,"mesh":"54391316"},"geometry":{"type":"LineString","coordinates":[[139.45499,36.09475],[139.45515,36.095]]}},{"type":"Feature","properties":{"idx":152,"road":"旧中山道","cls":"tertiary","shops":2,"st_km":0.41,"mesh":"54391326"},"geometry":{"type":"LineString","coordinates":[[139.45092,36.1056],[139.45015,36.10535],[139.44962,36.10528]]}},{"type":"Feature","properties":{"idx":168,"road":"鎌塚鴻巣線","cls":"secondary","shops":2,"st_km":0.43,"mesh":"54391326"},"geometry":{"type":"LineString","coordinates":[[139.45884,36.10088],[139.45867,36.10096],[139.45763,36.102],[139.4575,36.10216],[139.45751,36.10228]]}},{"type":"Feature","properties":{"idx":31,"road":"大谷材木町線","cls":"secondary","shops":0,"st_km":4.3,"mesh":"54391301"},"geometry":{"type":"LineString","coordinates":[[139.39741,36.09568],[139.39667,36.08768],[139.39552,36.08186],[139.39546,36.08139],[139.39548,36.08007]]}},{"type":"Feature","properties":{"idx":27,"road":"","cls":"tertiary","shops":0,"st_km":4.7,"mesh":"54391301"},"geometry":{"type":"LineString","coordinates":[[139.39108,36.08597],[139.39028,36.08581],[139.38976,36.08547],[139.38941,36.08546]]}},{"type":"Feature","properties":{"idx":27,"road":"","cls":"tertiary","shops":0,"st_km":4.58,"mesh":"54391301"},"geometry":{"type":"LineString","coordinates":[[139.396,36.08424],[139.39681,36.08404],[139.39779,36.08367]]}},{"type":"Feature","properties":{"idx":28,"road":"","cls":"tertiary","shops":0,"st_km":4.06,"mesh":"54391301"},"geometry":{"type":"LineString","coordinates":[[139.39689,36.08996],[139.39773,36.09029],[139.39837,36.09062]]}},{"type":"Feature","properties":{"idx":28,"road":"","cls":"tertiary","shops":0,"st_km":3.84,"mesh":"54391301"},"geometry":{"type":"LineString","coordinates":[[139.39837,36.09062],[139.39917,36.09083],[139.40005,36.09115],[139.4003,36.09132],[139.40065,36.0917],[139.40117,36.09209]]}},{"type":"Feature","properties":{"idx":27,"road":"","cls":"tertiary","shops":0,"st_km":4.54,"mesh":"54391301"},"geometry":{"type":"LineString","coordinates":[[139.39779,36.08367],[139.39839,36.0834],[139.39904,36.08327]]}},{"type":"Feature","properties":{"idx":27,"road":"","cls":"tertiary","shops":0,"st_km":4.59,"mesh":"54391301"},"geometry":{"type":"LineString","coordinates":[[139.39567,36.08258],[139.39495,36.08306],[139.39399,36.08414],[139.39384,36.08441]]}},{"type":"Feature","properties":{"idx":267,"road":"","cls":"tertiary","shops":0,"st_km":4.14,"mesh":"54391302"},"geometry":{"type":"LineString","coordinates":[[139.40272,36.08429],[139.40473,36.08466]]}},{"type":"Feature","properties":{"idx":27,"road":"","cls":"tertiary","shops":0,"st_km":4.73,"mesh":"54391301"},"geometry":{"type":"LineString","coordinates":[[139.39384,36.08441],[139.39342,36.0849],[139.39273,36.08592],[139.39257,36.08606]]}},{"type":"Feature","properties":{"idx":266,"road":"","cls":"tertiary","shops":0,"st_km":4.32,"mesh":"54391302"},"geometry":{"type":"LineString","coordinates":[[139.40151,36.08263],[139.40166,36.08271],[139.40222,36.08322],[139.40255,36.08413],[139.40272,36.08429]]}},{"type":"Feature","properties":{"idx":74,"road":"","cls":"tertiary","shops":0,"st_km":3.33,"mesh":"54391303"},"geometry":{"type":"LineString","coordinates":[[139.41294,36.09013],[139.41346,36.08985],[139.41391,36.0895],[139.41479,36.08867],[139.41575,36.08655],[139.41608,36.08616],[139.41798,36.08439],[139.41809,36.0842],[139.41815,36.08391]]}},{"type":"Feature","properties":{"idx":74,"road":"","cls":"tertiary","shops":0,"st_km":3.27,"mesh":"54391303"},"geometry":{"type":"LineString","coordinates":[[139.41811,36.08415],[139.423,36.08782]]}},{"type":"Feature","properties":{"idx":74,"road":"","cls":"tertiary","shops":0,"st_km":1.11,"mesh":"54391389"},"geometry":{"type":"LineString","coordinates":[[139.49187,36.15273],[139.4918,36.15299]]}},{"type":"Feature","properties":{"idx":85,"road":"","cls":"tertiary","shops":0,"st_km":0.92,"mesh":"54391389"},"geometry":{"type":"LineString","coordinates":[[139.4918,36.15299],[139.4917,36.15348],[139.49175,36.15413],[139.49256,36.15645]]}},{"type":"Feature","properties":{"idx":22,"road":"足利邑楽行田線","cls":"primary","shops":1,"st_km":0.97,"mesh":"54391398"},"geometry":{"type":"LineString","coordinates":[[139.47887,36.16702],[139.47884,36.16686],[139.479,36.16577]]}},{"type":"Feature","properties":{"idx":72,"road":"熊谷羽生線","cls":"secondary","shops":0,"st_km":2.12,"mesh":"54391384"},"geometry":{"type":"LineString","coordinates":[[139.43285,36.15726],[139.43322,36.1562],[139.43342,36.15587],[139.43486,36.15401]]}},{"type":"Feature","properties":{"idx":152,"road":"","cls":"tertiary","shops":0,"st_km":1.05,"mesh":"54391355"},"geometry":{"type":"LineString","coordinates":[[139.44424,36.12159],[139.44332,36.12996],[139.44299,36.13412],[139.44291,36.13449],[139.44287,36.13503]]}},{"type":"Feature","properties":{"idx":172,"road":"","cls":"tertiary","shops":0,"st_km":0.62,"mesh":"54391364"},"geometry":{"type":"LineString","coordinates":[[139.43953,36.13776],[139.43746,36.13812],[139.43603,36.13808],[139.43536,36.13819],[139.43493,36.13831],[139.43416,36.13873],[139.43255,36.13948],[139.43191,36.1399],[139.43168,36.13996],[139.43051,36.14003]]}},{"type":"Feature","properties":{"idx":125,"road":"","cls":"tertiary","shops":0,"st_km":1.61,"mesh":"54391356"},"geometry":{"type":"LineString","coordinates":[[139.45346,36.12569],[139.45633,36.12982],[139.45685,36.13016]]}},{"type":"Feature","properties":{"idx":98,"road":"","cls":"tertiary","shops":0,"st_km":1.71,"mesh":"54391345"},"geometry":{"type":"LineString","coordinates":[[139.4502,36.118],[139.44983,36.11837],[139.44847,36.11941],[139.44813,36.11988],[139.44795,36.12042],[139.44813,36.12748]]}},{"type":"Feature","properties":{"idx":166,"road":"","cls":"tertiary","shops":0,"st_km":0.64,"mesh":"54391364"},"geometry":{"type":"LineString","coordinates":[[139.43051,36.14003],[139.42985,36.14005]]}},{"type":"Feature","properties":{"idx":61,"road":"","cls":"tertiary","shops":0,"st_km":0.37,"mesh":"54391365"},"geometry":{"type":"LineString","coordinates":[[139.4377,36.13801],[139.43773,36.13489],[139.43768,36.13478]]}},{"type":"Feature","properties":{"idx":108,"road":"","cls":"tertiary","shops":0,"st_km":0.41,"mesh":"54391363"},"geometry":{"type":"LineString","coordinates":[[139.42985,36.14005],[139.42872,36.14006],[139.42566,36.14028],[139.4254,36.14029],[139.42459,36.14017],[139.4229,36.14035],[139.42267,36.14034],[139.42155,36.14],[139.41957,36.13971]]}},{"type":"Feature","properties":{"idx":96,"road":"","cls":"tertiary","shops":0,"st_km":0.86,"mesh":"54391375"},"geometry":{"type":"LineString","coordinates":[[139.44664,36.14653],[139.4447,36.14625],[139.43998,36.14547],[139.43971,36.14152],[139.43962,36.13958]]}},{"type":"Feature","properties":{"idx":232,"road":"","cls":"tertiary","shops":0,"st_km":0.86,"mesh":"54391378"},"geometry":{"type":"LineString","coordinates":[[139.47617,36.13947],[139.4751,36.1424],[139.47426,36.14443]]}},{"type":"Feature","properties":{"idx":228,"road":"","cls":"tertiary","shops":0,"st_km":0.89,"mesh":"54391378"},"geometry":{"type":"LineString","coordinates":[[139.47322,36.14128],[139.47451,36.14178],[139.47807,36.14264],[139.47838,36.14276]]}},{"type":"Feature","properties":{"idx":55,"road":"","cls":"tertiary","shops":0,"st_km":0.49,"mesh":"54391365"},"geometry":{"type":"LineString","coordinates":[[139.43768,36.13478],[139.43747,36.13446]]}},{"type":"Feature","properties":{"idx":233,"road":"","cls":"tertiary","shops":0,"st_km":0.52,"mesh":"54391355"},"geometry":{"type":"LineString","coordinates":[[139.44128,36.13322],[139.4413,36.13266]]}},{"type":"Feature","properties":{"idx":250,"road":"公園通り","cls":"tertiary","shops":1,"st_km":0.82,"mesh":"54391366"},"geometry":{"type":"LineString","coordinates":[[139.45611,36.13959],[139.4564,36.13884],[139.45751,36.13706],[139.45802,36.13589],[139.45837,36.13542],[139.45927,36.13467],[139.4595,36.13434],[139.45962,36.13396],[139.45963,36.13379],[139.45948,36.13306]]}},{"type":"Feature","properties":{"idx":216,"road":"","cls":"tertiary","shops":0,"st_km":1.18,"mesh":"54391354"},"geometry":{"type":"LineString","coordinates":[[139.43657,36.12986],[139.43658,36.12848],[139.43618,36.12589]]}},{"type":"Feature","properties":{"idx":155,"road":"","cls":"tertiary","shops":0,"st_km":0.73,"mesh":"54391364"},"geometry":{"type":"LineString","coordinates":[[139.43202,36.13216],[139.43195,36.1358]]}},{"type":"Feature","properties":{"idx":157,"road":"","cls":"tertiary","shops":0,"st_km":1.01,"mesh":"54391355"},"geometry":{"type":"LineString","coordinates":[[139.44141,36.12854],[139.44266,36.12857],[139.44291,36.12865],[139.44347,36.12868]]}},{"type":"Feature","properties":{"idx":113,"road":"","cls":"tertiary","shops":0,"st_km":0.58,"mesh":"54391367"},"geometry":{"type":"LineString","coordinates":[[139.46592,36.14024],[139.4626,36.14002],[139.46105,36.13988]]}},{"type":"Feature","properties":{"idx":484,"road":"","cls":"tertiary","shops":3,"st_km":0.65,"mesh":"54391366"},"geometry":{"type":"LineString","coordinates":[[139.46241,36.13545],[139.4623,36.13643],[139.46184,36.13766],[139.4614,36.13861],[139.46074,36.14108]]}},{"type":"Feature","properties":{"idx":107,"road":"","cls":"tertiary","shops":1,"st_km":0.22,"mesh":"54391365"},"geometry":{"type":"LineString","coordinates":[[139.43773,36.13574],[139.44121,36.13571],[139.44128,36.13322]]}},{"type":"Feature","properties":{"idx":279,"road":"","cls":"tertiary","shops":0,"st_km":0.82,"mesh":"54391354"},"geometry":{"type":"LineString","coordinates":[[139.44131,36.13229],[139.43481,36.13219],[139.43442,36.13225],[139.43407,36.13218],[139.43129,36.13214],[139.42947,36.13217]]}},{"type":"Feature","properties":{"idx":196,"road":"","cls":"tertiary","shops":0,"st_km":0.72,"mesh":"54391355"},"geometry":{"type":"LineString","coordinates":[[139.44131,36.13229],[139.44137,36.12992]]}},{"type":"Feature","properties":{"idx":506,"road":"","cls":"tertiary","shops":0,"st_km":0.99,"mesh":"54391344"},"geometry":{"type":"LineString","coordinates":[[139.42902,36.12001],[139.43041,36.12143],[139.43117,36.12209],[139.4354,36.12531]]}},{"type":"Feature","properties":{"idx":63,"road":"","cls":"tertiary","shops":0,"st_km":1.69,"mesh":"54391343"},"geometry":{"type":"LineString","coordinates":[[139.41361,36.12443],[139.4144,36.12365],[139.41507,36.12327],[139.4156,36.12309],[139.41855,36.12253]]}},{"type":"Feature","properties":{"idx":385,"road":"","cls":"tertiary","shops":1,"st_km":0.9,"mesh":"54391335"},"geometry":{"type":"LineString","coordinates":[[139.44003,36.12101],[139.44033,36.12091],[139.44301,36.11183],[139.44308,36.11174],[139.44326,36.11171],[139.44422,36.11115],[139.44427,36.11109],[139.44422,36.11092]]}},{"type":"Feature","properties":{"idx":782,"road":"","cls":"tertiary","shops":0,"st_km":0.49,"mesh":"54391344"},"geometry":{"type":"LineString","coordinates":[[139.42804,36.11575],[139.42939,36.11681],[139.4338,36.1207]]}},{"type":"Feature","properties":{"idx":404,"road":"","cls":"tertiary","shops":0,"st_km":0.36,"mesh":"54391334"},"geometry":{"type":"LineString","coordinates":[[139.42544,36.11716],[139.42954,36.11493],[139.42984,36.11471],[139.43119,36.1133]]}},{"type":"Feature","properties":{"idx":483,"road":"","cls":"tertiary","shops":0,"st_km":0.18,"mesh":"54391334"},"geometry":{"type":"LineString","coordinates":[[139.43336,36.11516],[139.43365,36.11498]]}},{"type":"Feature","properties":{"idx":177,"road":"","cls":"tertiary","shops":0,"st_km":0.85,"mesh":"54391355"},"geometry":{"type":"LineString","coordinates":[[139.44332,36.12996],[139.44137,36.13001]]}},{"type":"Feature","properties":{"idx":64,"road":"","cls":"tertiary","shops":0,"st_km":1.65,"mesh":"54391343"},"geometry":{"type":"LineString","coordinates":[[139.41344,36.12474],[139.41361,36.12443]]}},{"type":"Feature","properties":{"idx":492,"road":"","cls":"tertiary","shops":0,"st_km":1.02,"mesh":"54391344"},"geometry":{"type":"LineString","coordinates":[[139.43726,36.12222],[139.43707,36.12204]]}},{"type":"Feature","properties":{"idx":525,"road":"","cls":"secondary","shops":0,"st_km":0.22,"mesh":"54391334"},"geometry":{"type":"LineString","coordinates":[[139.43253,36.11427],[139.43467,36.11657]]}},{"type":"Feature","properties":{"idx":110,"road":"","cls":"tertiary","shops":0,"st_km":0.97,"mesh":"54391343"},"geometry":{"type":"LineString","coordinates":[[139.42098,36.12032],[139.42169,36.11961],[139.42544,36.11716]]}},{"type":"Feature","properties":{"idx":119,"road":"","cls":"tertiary","shops":0,"st_km":1.38,"mesh":"54391345"},"geometry":{"type":"LineString","coordinates":[[139.44373,36.12627],[139.43726,36.12222]]}},{"type":"Feature","properties":{"idx":644,"road":"","cls":"tertiary","shops":0,"st_km":0.7,"mesh":"54391344"},"geometry":{"type":"LineString","coordinates":[[139.43707,36.12204],[139.43634,36.12118],[139.4353,36.11976],[139.43501,36.1191],[139.43487,36.11822],[139.43577,36.11707]]}},{"type":"Feature","properties":{"idx":111,"road":"","cls":"tertiary","shops":0,"st_km":2.9,"mesh":"54391330"},"geometry":{"type":"LineString","coordinates":[[139.39255,36.11142],[139.38756,36.11276],[139.38674,36.11288],[139.38641,36.11344],[139.3862,36.11366],[139.38144,36.11786],[139.38128,36.11808],[139.38124,36.11856]]}},{"type":"Feature","properties":{"idx":52,"road":"胄山熊谷線","cls":"secondary","shops":0,"st_km":2.62,"mesh":"54391312"},"geometry":{"type":"LineString","coordinates":[[139.40742,36.09894],[139.41184,36.09891]]}},{"type":"Feature","properties":{"idx":17,"road":"","cls":"tertiary","shops":0,"st_km":4.0,"mesh":"54391320"},"geometry":{"type":"LineString","coordinates":[[139.38722,36.1039],[139.38711,36.10383]]}},{"type":"Feature","properties":{"idx":110,"road":"","cls":"tertiary","shops":0,"st_km":3.07,"mesh":"54391321"},"geometry":{"type":"LineString","coordinates":[[139.40218,36.10553],[139.40215,36.10591],[139.40203,36.10606],[139.40135,36.10614],[139.40102,36.10631],[139.40093,36.10651],[139.40083,36.10698],[139.40072,36.1071],[139.399,36.1071],[139.39895,36.10762],[139.39904,36.10817],[139.39902,36.10844],[139.3988,36.10887],[139.3985,36.1092],[139.39843,36.10941],[139.39842,36.11108]]}},{"type":"Feature","properties":{"idx":109,"road":"","cls":"tertiary","shops":0,"st_km":3.12,"mesh":"54391321"},"geometry":{"type":"LineString","coordinates":[[139.399,36.1071],[139.3987,36.10707],[139.39794,36.1071]]}},{"type":"Feature","properties":{"idx":81,"road":"","cls":"tertiary","shops":0,"st_km":2.63,"mesh":"54391331"},"geometry":{"type":"LineString","coordinates":[[139.39833,36.11509],[139.39817,36.11513],[139.39581,36.11647],[139.39225,36.11727]]}},{"type":"Feature","properties":{"idx":10,"road":"","cls":"tertiary","shops":0,"st_km":2.67,"mesh":"54391332"},"geometry":{"type":"LineString","coordinates":[[139.40093,36.11102],[139.40104,36.1111],[139.40116,36.11111],[139.40433,36.1112]]}},{"type":"Feature","properties":{"idx":17,"road":"","cls":"tertiary","shops":0,"st_km":4.18,"mesh":"54391320"},"geometry":{"type":"LineString","coordinates":[[139.38711,36.10383],[139.38549,36.10071]]}},{"type":"Feature","properties":{"idx":75,"road":"大里比企広域農道","cls":"tertiary","shops":0,"st_km":3.14,"mesh":"54391303"},"geometry":{"type":"LineString","coordinates":[[139.43089,36.08108],[139.42991,36.08177],[139.42937,36.08223],[139.42329,36.08747],[139.42307,36.08772],[139.42294,36.08796],[139.42227,36.09071],[139.42209,36.09212],[139.42205,36.09287]]}},{"type":"Feature","properties":{"idx":437,"road":"大里比企広域農道","cls":"tertiary","shops":0,"st_km":1.85,"mesh":"54391340"},"geometry":{"type":"LineString","coordinates":[[139.37712,36.12755],[139.37903,36.12757],[139.38042,36.1275],[139.38065,36.12744],[139.38104,36.12725],[139.38187,36.12644],[139.3833,36.12544],[139.39158,36.11781],[139.392,36.11734]]}},{"type":"Feature","properties":{"idx":11,"road":"","cls":"tertiary","shops":0,"st_km":2.34,"mesh":"54391332"},"geometry":{"type":"LineString","coordinates":[[139.40433,36.1112],[139.40829,36.1113]]}},{"type":"Feature","properties":{"idx":77,"road":"大里比企広域農道","cls":"tertiary","shops":0,"st_km":2.84,"mesh":"54391331"},"geometry":{"type":"LineString","coordinates":[[139.39294,36.11141],[139.39252,36.11176],[139.39227,36.11228],[139.39213,36.11686],[139.3921,36.11711],[139.392,36.11734]]}},{"type":"Feature","properties":{"idx":174,"road":"熊谷小川秩父線","cls":"primary","shops":0,"st_km":1.85,"mesh":"54391350"},"geometry":{"type":"LineString","coordinates":[[139.37604,36.12761],[139.37576,36.12722],[139.37557,36.12704],[139.37463,36.12659]]}},{"type":"Feature","properties":{"idx":89,"road":"","cls":"tertiary","shops":0,"st_km":2.55,"mesh":"54391369"},"geometry":{"type":"LineString","coordinates":[[139.48981,36.14315],[139.49022,36.14283],[139.49205,36.14168],[139.49582,36.13948],[139.49774,36.13823],[139.49823,36.13796],[139.50004,36.13631]]}},{"type":"Feature","properties":{"idx":76,"road":"","cls":"tertiary","shops":0,"st_km":1.26,"mesh":"54391368"},"geometry":{"type":"LineString","coordinates":[[139.47981,36.13582],[139.47988,36.13609],[139.47987,36.1364],[139.47854,36.14],[139.47962,36.14023],[139.4805,36.14055],[139.48232,36.14193],[139.48381,36.14317]]}},{"type":"Feature","properties":{"idx":53,"road":"翔栄橋","cls":"tertiary","shops":0,"st_km":0.07,"mesh":"54391376"},"geometry":{"type":"LineString","coordinates":[[139.459,36.14442],[139.45901,36.14414]]}},{"type":"Feature","properties":{"idx":168,"road":"","cls":"tertiary","shops":0,"st_km":1.32,"mesh":"54391378"},"geometry":{"type":"LineString","coordinates":[[139.48299,36.14589],[139.48294,36.14859]]}},{"type":"Feature","properties":{"idx":49,"road":"","cls":"tertiary","shops":0,"st_km":0.15,"mesh":"54391376"},"geometry":{"type":"LineString","coordinates":[[139.459,36.14546],[139.459,36.14442]]}},{"type":"Feature","properties":{"idx":269,"road":"","cls":"tertiary","shops":0,"st_km":0.69,"mesh":"54391378"},"geometry":{"type":"LineString","coordinates":[[139.47437,36.14733],[139.47624,36.14222]]}},{"type":"Feature","properties":{"idx":790,"road":"","cls":"tertiary","shops":0,"st_km":2.32,"mesh":"54391391"},"geometry":{"type":"LineString","coordinates":[[139.39734,36.15938],[139.39532,36.16072]]}},{"type":"Feature","properties":{"idx":307,"road":"第二北大通り","cls":"tertiary","shops":0,"st_km":1.9,"mesh":"54391372"},"geometry":{"type":"LineString","coordinates":[[139.4103,36.14668],[139.40876,36.14824],[139.40723,36.14953],[139.40581,36.15044],[139.4043,36.15125]]}},{"type":"Feature","properties":{"idx":751,"road":"","cls":"tertiary","shops":0,"st_km":2.26,"mesh":"54391391"},"geometry":{"type":"LineString","coordinates":[[139.39532,36.16072],[139.39434,36.1613],[139.39385,36.16148],[139.3932,36.16162],[139.3848,36.16254]]}},{"type":"Feature","properties":{"idx":213,"road":"","cls":"tertiary","shops":0,"st_km":1.49,"mesh":"54391381"},"geometry":{"type":"LineString","coordinates":[[139.39929,36.15156],[139.39923,36.15166],[139.39913,36.15168],[139.39582,36.15202],[139.3952,36.15203]]}},{"type":"Feature","properties":{"idx":244,"road":"","cls":"tertiary","shops":0,"st_km":1.29,"mesh":"54391381"},"geometry":{"type":"LineString","coordinates":[[139.39099,36.15199],[139.3909,36.15085]]}},{"type":"Feature","properties":{"idx":255,"road":"","cls":"tertiary","shops":0,"st_km":1.13,"mesh":"54391371"},"geometry":{"type":"LineString","coordinates":[[139.39078,36.14913],[139.3909,36.15085]]}},{"type":"Feature","properties":{"idx":556,"road":"","cls":"tertiary","shops":0,"st_km":1.19,"mesh":"54391362"},"geometry":{"type":"LineString","coordinates":[[139.41328,36.13885],[139.41038,36.13877],[139.40987,36.13897]]}},{"type":"Feature","properties":{"idx":300,"road":"","cls":"tertiary","shops":0,"st_km":1.71,"mesh":"54391372"},"geometry":{"type":"LineString","coordinates":[[139.41025,36.14747],[139.41199,36.14756],[139.41211,36.14757],[139.41217,36.14764]]}},{"type":"Feature","properties":{"idx":123,"road":"","cls":"tertiary","shops":0,"st_km":1.92,"mesh":"54391382"},"geometry":{"type":"LineString","coordinates":[[139.4136,36.15054],[139.41003,36.15031]]}},{"type":"Feature","properties":{"idx":118,"road":"","cls":"tertiary","shops":0,"st_km":2.05,"mesh":"54391382"},"geometry":{"type":"LineString","coordinates":[[139.40862,36.15023],[139.41003,36.15031]]}},{"type":"Feature","properties":{"idx":54,"road":"","cls":"tertiary_link","shops":0,"st_km":0.65,"mesh":"54391363"},"geometry":{"type":"LineString","coordinates":[[139.41749,36.13553],[139.41752,36.13452]]}},{"type":"Feature","properties":{"idx":374,"road":"北大通り","cls":"tertiary","shops":0,"st_km":0.68,"mesh":"54391371"},"geometry":{"type":"LineString","coordinates":[[139.38168,36.14852],[139.39277,36.14539],[139.39342,36.14515],[139.39402,36.14483],[139.39448,36.14455],[139.39486,36.14423],[139.39522,36.14386],[139.39558,36.14344],[139.39596,36.14279],[139.39617,36.14229],[139.39641,36.14129],[139.39667,36.14004],[139.39661,36.13994]]}},{"type":"Feature","properties":{"idx":77,"road":"","cls":"tertiary","shops":0,"st_km":0.79,"mesh":"54391363"},"geometry":{"type":"LineString","coordinates":[[139.41688,36.13943],[139.41586,36.13899]]}},{"type":"Feature","properties":{"idx":88,"road":"","cls":"tertiary_link","shops":0,"st_km":0.73,"mesh":"54391353"},"geometry":{"type":"LineString","coordinates":[[139.41743,36.13302],[139.41737,36.1335]]}},{"type":"Feature","properties":{"idx":498,"road":"","cls":"tertiary","shops":0,"st_km":1.38,"mesh":"54391362"},"geometry":{"type":"LineString","coordinates":[[139.40931,36.13939],[139.40987,36.13897]]}},{"type":"Feature","properties":{"idx":271,"road":"スポーツ公園通り","cls":"tertiary","shops":1,"st_km":2.56,"mesh":"54391392"},"geometry":{"type":"LineString","coordinates":[[139.40561,36.15912],[139.40561,36.15901]]}},{"type":"Feature","properties":{"idx":673,"road":"","cls":"tertiary","shops":0,"st_km":1.16,"mesh":"54391362"},"geometry":{"type":"LineString","coordinates":[[139.39717,36.13957],[139.39984,36.13983],[139.40042,36.13992],[139.40128,36.14016],[139.40237,36.14038],[139.40377,36.1402],[139.40575,36.14007],[139.40723,36.13984],[139.40779,36.13984],[139.4085,36.13975]]}},{"type":"Feature","properties":{"idx":88,"road":"","cls":"tertiary_link","shops":0,"st_km":0.74,"mesh":"54391353"},"geometry":{"type":"LineString","coordinates":[[139.4175,36.1335],[139.41745,36.13263]]}},{"type":"Feature","properties":{"idx":53,"road":"","cls":"tertiary_link","shops":0,"st_km":0.69,"mesh":"54391363"},"geometry":{"type":"LineString","coordinates":[[139.41752,36.13452],[139.4175,36.1335]]}},{"type":"Feature","properties":{"idx":291,"road":"","cls":"tertiary","shops":0,"st_km":1.78,"mesh":"54391372"},"geometry":{"type":"LineString","coordinates":[[139.41217,36.14764],[139.41208,36.14862],[139.41217,36.14915],[139.4121,36.15044]]}},{"type":"Feature","properties":{"idx":87,"road":"第二北大通り","cls":"tertiary","shops":0,"st_km":0.64,"mesh":"54391363"},"geometry":{"type":"LineString","coordinates":[[139.41742,36.13387],[139.41734,36.13734],[139.41726,36.13818]]}},{"type":"Feature","properties":{"idx":53,"road":"","cls":"tertiary_link","shops":0,"st_km":0.69,"mesh":"54391363"},"geometry":{"type":"LineString","coordinates":[[139.41737,36.1335],[139.4173,36.13399],[139.41726,36.13553]]}},{"type":"Feature","properties":{"idx":69,"road":"","cls":"tertiary","shops":0,"st_km":0.93,"mesh":"54391363"},"geometry":{"type":"LineString","coordinates":[[139.41586,36.13899],[139.41559,36.13894],[139.41328,36.13885]]}},{"type":"Feature","properties":{"idx":148,"road":"熊谷羽生線","cls":"secondary","shops":0,"st_km":2.0,"mesh":"54391382"},"geometry":{"type":"LineString","coordinates":[[139.4032,36.1518],[139.40841,36.15193],[139.40977,36.15188]]}},{"type":"Feature","properties":{"idx":590,"road":"","cls":"tertiary","shops":0,"st_km":0.8,"mesh":"54391344"},"geometry":{"type":"LineString","coordinates":[[139.43147,36.12433],[139.43149,36.12318],[139.43157,36.12271],[139.43204,36.12231],[139.43259,36.12214],[139.43339,36.12181],[139.43425,36.1213],[139.43486,36.12052],[139.43505,36.12011],[139.43509,36.11965],[139.43513,36.11959],[139.43708,36.11711],[139.4372,36.11698],[139.43771,36.11667]]}},{"type":"Feature","properties":{"idx":726,"road":"","cls":"tertiary","shops":3,"st_km":0.97,"mesh":"54391371"},"geometry":{"type":"LineString","coordinates":[[139.39078,36.14905],[139.39092,36.14859],[139.39126,36.14818],[139.39132,36.14805]]}},{"type":"Feature","properties":{"idx":339,"road":"","cls":"tertiary","shops":0,"st_km":1.0,"mesh":"54391380"},"geometry":{"type":"LineString","coordinates":[[139.38758,36.15205],[139.38732,36.14853]]}},{"type":"Feature","properties":{"idx":1501,"road":"","cls":"tertiary","shops":7,"st_km":0.81,"mesh":"54391371"},"geometry":{"type":"LineString","coordinates":[[139.39132,36.14805],[139.39122,36.14772],[139.39041,36.14605]]}},{"type":"Feature","properties":{"idx":86,"road":"","cls":"tertiary","shops":0,"st_km":1.82,"mesh":"54391347"},"geometry":{"type":"LineString","coordinates":[[139.46042,36.11541],[139.4649,36.11683],[139.46565,36.11697],[139.46643,36.117],[139.46766,36.11693],[139.46887,36.11671]]}},{"type":"Feature","properties":{"idx":108,"road":"","cls":"secondary","shops":0,"st_km":1.27,"mesh":"54391353"},"geometry":{"type":"LineString","coordinates":[[139.41568,36.12701],[139.4164,36.12779]]}},{"type":"Feature","properties":{"idx":148,"road":"","cls":"tertiary","shops":0,"st_km":2.23,"mesh":"54391319"},"geometry":{"type":"LineString","coordinates":[[139.49346,36.09606],[139.49393,36.09645],[139.49438,36.09711],[139.4944,36.09745],[139.49445,36.09753],[139.49519,36.09843],[139.49626,36.09902],[139.49683,36.09924],[139.49716,36.09944],[139.49785,36.10002],[139.4987,36.10062]]}},{"type":"Feature","properties":{"idx":28,"road":"","cls":"tertiary","shops":0,"st_km":1.38,"mesh":"54391318"},"geometry":{"type":"LineString","coordinates":[[139.48767,36.10153],[139.48326,36.09828],[139.48311,36.09815],[139.48304,36.09802],[139.483,36.09777],[139.48333,36.09685],[139.48365,36.09634],[139.48548,36.09462],[139.48672,36.09319],[139.48701,36.093],[139.48744,36.09287],[139.48895,36.09294]]}},{"type":"Feature","properties":{"idx":444,"road":"","cls":"tertiary","shops":0,"st_km":2.47,"mesh":"54391329"},"geometry":{"type":"LineString","coordinates":[[139.4913,36.10685],[139.48457,36.10493]]}},{"type":"Feature","properties":{"idx":25,"road":"","cls":"tertiary","shops":0,"st_km":1.58,"mesh":"54391318"},"geometry":{"type":"LineString","coordinates":[[139.48478,36.09526],[139.48958,36.0988]]}},{"type":"Feature","properties":{"idx":189,"road":"","cls":"tertiary","shops":0,"st_km":0.5,"mesh":"54391361"},"geometry":{"type":"LineString","coordinates":[[139.39961,36.13687],[139.39839,36.13762],[139.39511,36.13876],[139.39213,36.13968],[139.39116,36.13993],[139.3908,36.1401]]}},{"type":"Feature","properties":{"idx":732,"road":"","cls":"tertiary","shops":1,"st_km":0.42,"mesh":"54391370"},"geometry":{"type":"LineString","coordinates":[[139.38736,36.14365],[139.38722,36.14327],[139.38687,36.14197]]}},{"type":"Feature","properties":{"idx":498,"road":"","cls":"tertiary","shops":0,"st_km":1.4,"mesh":"54391352"},"geometry":{"type":"LineString","coordinates":[[139.40423,36.12885],[139.40426,36.12897],[139.40424,36.12906],[139.40385,36.12976],[139.40344,36.13012],[139.40149,36.13158],[139.40091,36.1327],[139.40055,36.13296],[139.39991,36.13332],[139.39891,36.13409]]}},{"type":"Feature","properties":{"idx":185,"road":"","cls":"tertiary","shops":0,"st_km":0.32,"mesh":"54391360"},"geometry":{"type":"LineString","coordinates":[[139.38662,36.1412],[139.38638,36.14027]]}},{"type":"Feature","properties":{"idx":181,"road":"","cls":"tertiary","shops":0,"st_km":0.35,"mesh":"54391360"},"geometry":{"type":"LineString","coordinates":[[139.38676,36.14177],[139.38662,36.1412]]}},{"type":"Feature","properties":{"idx":791,"road":"","cls":"tertiary","shops":0,"st_km":2.09,"mesh":"54391391"},"geometry":{"type":"LineString","coordinates":[[139.38826,36.15745],[139.38834,36.15794],[139.38831,36.15856],[139.38867,36.1599],[139.38871,36.1602],[139.39105,36.16289],[139.39128,36.1632],[139.39152,36.16332]]}},{"type":"Feature","properties":{"idx":679,"road":"","cls":"tertiary","shops":0,"st_km":1.15,"mesh":"54391362"},"geometry":{"type":"LineString","coordinates":[[139.39549,36.13991],[139.39551,36.13818],[139.39567,36.13781],[139.39596,36.13745],[139.39635,36.13721],[139.39772,36.1367],[139.39812,36.13652],[139.40244,36.13344],[139.40324,36.13253],[139.40549,36.13102],[139.40646,36.1306],[139.40818,36.13002]]}},{"type":"Feature","properties":{"idx":630,"road":"","cls":"tertiary","shops":0,"st_km":1.25,"mesh":"54391362"},"geometry":{"type":"LineString","coordinates":[[139.40086,36.13275],[139.40116,36.13321],[139.40188,36.13384]]}},{"type":"Feature","properties":{"idx":193,"road":"","cls":"tertiary","shops":0,"st_km":0.48,"mesh":"54391361"},"geometry":{"type":"LineString","coordinates":[[139.39661,36.13994],[139.39636,36.1399],[139.39478,36.13992],[139.39434,36.13995],[139.39396,36.1401]]}},{"type":"Feature","properties":{"idx":166,"road":"","cls":"tertiary","shops":0,"st_km":0.43,"mesh":"54391360"},"geometry":{"type":"LineString","coordinates":[[139.3861,36.13922],[139.38516,36.13703]]}},{"type":"Feature","properties":{"idx":212,"road":"","cls":"tertiary","shops":0,"st_km":0.39,"mesh":"54391361"},"geometry":{"type":"LineString","coordinates":[[139.39382,36.13973],[139.39442,36.14129]]}},{"type":"Feature","properties":{"idx":378,"road":"","cls":"tertiary","shops":1,"st_km":0.21,"mesh":"54391361"},"geometry":{"type":"LineString","coordinates":[[139.3885,36.13852],[139.38836,36.13842],[139.38797,36.13848]]}},{"type":"Feature","properties":{"idx":463,"road":"","cls":"tertiary","shops":0,"st_km":1.52,"mesh":"54391352"},"geometry":{"type":"LineString","coordinates":[[139.39992,36.13119],[139.40026,36.13065],[139.40102,36.1292],[139.40192,36.1277]]}},{"type":"Feature","properties":{"idx":185,"road":"","cls":"tertiary","shops":0,"st_km":1.17,"mesh":"54391378"},"geometry":{"type":"LineString","coordinates":[[139.48136,36.14641],[139.48133,36.14857]]}},{"type":"Feature","properties":{"idx":68,"road":"","cls":"tertiary","shops":0,"st_km":1.44,"mesh":"54391368"},"geometry":{"type":"LineString","coordinates":[[139.47823,36.13572],[139.47782,36.13692],[139.47639,36.13654]]}},{"type":"Feature","properties":{"idx":56,"road":"","cls":"tertiary","shops":0,"st_km":1.81,"mesh":"54391368"},"geometry":{"type":"LineString","coordinates":[[139.4859,36.1384],[139.48492,36.13895]]}},{"type":"Feature","properties":{"idx":57,"road":"","cls":"tertiary","shops":0,"st_km":1.78,"mesh":"54391368"},"geometry":{"type":"LineString","coordinates":[[139.48524,36.13756],[139.48391,36.13828],[139.48374,36.13857]]}},{"type":"Feature","properties":{"idx":55,"road":"","cls":"tertiary","shops":0,"st_km":1.87,"mesh":"54391368"},"geometry":{"type":"LineString","coordinates":[[139.48746,36.14029],[139.48511,36.1374]]}},{"type":"Feature","properties":{"idx":64,"road":"","cls":"tertiary","shops":0,"st_km":1.55,"mesh":"54391368"},"geometry":{"type":"LineString","coordinates":[[139.47782,36.13692],[139.48085,36.13769],[139.48374,36.13857]]}},{"type":"Feature","properties":{"idx":53,"road":"","cls":"tertiary","shops":0,"st_km":0.07,"mesh":"54391376"},"geometry":{"type":"LineString","coordinates":[[139.45924,36.14406],[139.45936,36.14408],[139.45949,36.14392],[139.45958,36.14388]]}},{"type":"Feature","properties":{"idx":393,"road":"","cls":"tertiary","shops":1,"st_km":0.18,"mesh":"54391361"},"geometry":{"type":"LineString","coordinates":[[139.39134,36.14119],[139.39115,36.1408]]}},{"type":"Feature","properties":{"idx":418,"road":"","cls":"tertiary","shops":1,"st_km":0.12,"mesh":"54391361"},"geometry":{"type":"LineString","coordinates":[[139.3908,36.1401],[139.39115,36.1408]]}},{"type":"Feature","properties":{"idx":159,"road":"行田東松山線","cls":"primary","shops":0,"st_km":0.59,"mesh":"54391377"},"geometry":{"type":"LineString","coordinates":[[139.46605,36.14197],[139.46612,36.14251],[139.46609,36.14272]]}},{"type":"Feature","properties":{"idx":90,"road":"","cls":"tertiary","shops":0,"st_km":0.85,"mesh":"54391367"},"geometry":{"type":"LineString","coordinates":[[139.46402,36.14012],[139.46447,36.13495],[139.46463,36.13475]]}},{"type":"Feature","properties":{"idx":247,"road":"","cls":"tertiary","shops":0,"st_km":0.38,"mesh":"54391366"},"geometry":{"type":"LineString","coordinates":[[139.45759,36.13992],[139.45698,36.14094]]}},{"type":"Feature","properties":{"idx":137,"road":"日光脇往還","cls":"tertiary","shops":0,"st_km":0.48,"mesh":"54391377"},"geometry":{"type":"LineString","coordinates":[[139.46415,36.14214],[139.46395,36.14326]]}},{"type":"Feature","properties":{"idx":168,"road":"","cls":"tertiary","shops":0,"st_km":1.9,"mesh":"54391319"},"geometry":{"type":"LineString","coordinates":[[139.49577,36.09408],[139.49514,36.09453],[139.49346,36.09606],[139.49284,36.09656],[139.49187,36.09699],[139.49143,36.0973]]}},{"type":"Feature","properties":{"idx":86,"road":"大里比企広域農道","cls":"tertiary","shops":0,"st_km":1.61,"mesh":"54391323"},"geometry":{"type":"LineString","coordinates":[[139.42197,36.0939],[139.42193,36.09432],[139.42159,36.09616],[139.42082,36.09984],[139.42002,36.10401],[139.41988,36.1044],[139.41963,36.1047],[139.4193,36.10494],[139.41902,36.10507],[139.41862,36.10517],[139.4183,36.10518],[139.41448,36.10468],[139.41113,36.10456],[139.41059,36.1046]]}},{"type":"Feature","properties":{"idx":6,"road":"","cls":"tertiary","shops":0,"st_km":2.47,"mesh":"54391313"},"geometry":{"type":"LineString","coordinates":[[139.42205,36.09287],[139.422,36.0935]]}},{"type":"Feature","properties":{"idx":51,"road":"","cls":"secondary","shops":0,"st_km":2.76,"mesh":"54391312"},"geometry":{"type":"LineString","coordinates":[[139.41206,36.09493],[139.41206,36.09515]]}},{"type":"Feature","properties":{"idx":50,"road":"","cls":"secondary","shops":0,"st_km":2.79,"mesh":"54391312"},"geometry":{"type":"LineString","coordinates":[[139.41228,36.09431],[139.41214,36.0946],[139.41206,36.09493]]}},{"type":"Feature","properties":{"idx":17,"road":"","cls":"tertiary","shops":0,"st_km":4.39,"mesh":"54391320"},"geometry":{"type":"LineString","coordinates":[[139.37884,36.10161],[139.37851,36.10152],[139.37824,36.1015],[139.37744,36.10123]]}},{"type":"Feature","properties":{"idx":135,"road":"","cls":"tertiary","shops":0,"st_km":1.07,"mesh":"54391366"},"geometry":{"type":"LineString","coordinates":[[139.45299,36.13332],[139.45294,36.13373],[139.45269,36.13449],[139.45234,36.13508]]}},{"type":"Feature","properties":{"idx":28,"road":"","cls":"tertiary","shops":0,"st_km":3.04,"mesh":"54391395"},"geometry":{"type":"LineString","coordinates":[[139.43884,36.16561],[139.43884,36.16576]]}},{"type":"Feature","properties":{"idx":70,"road":"","cls":"tertiary","shops":0,"st_km":1.18,"mesh":"54391367"},"geometry":{"type":"LineString","coordinates":[[139.4637,36.1341],[139.46379,36.13389],[139.46342,36.13372],[139.46345,36.13364],[139.46393,36.1333]]}},{"type":"Feature","properties":{"idx":338,"road":"","cls":"tertiary","shops":1,"st_km":0.48,"mesh":"54391366"},"geometry":{"type":"LineString","coordinates":[[139.45463,36.13996],[139.4557,36.13993],[139.45603,36.13997],[139.45677,36.14017],[139.45732,36.14042]]}},{"type":"Feature","properties":{"idx":54,"road":"","cls":"tertiary","shops":0,"st_km":0.51,"mesh":"54391365"},"geometry":{"type":"LineString","coordinates":[[139.44848,36.13843],[139.4486,36.13887],[139.44757,36.13895],[139.44498,36.13853]]}},{"type":"Feature","properties":{"idx":66,"road":"","cls":"tertiary","shops":0,"st_km":0.29,"mesh":"54391365"},"geometry":{"type":"LineString","coordinates":[[139.44516,36.13938],[139.44488,36.13802],[139.44483,36.13738],[139.4446,36.13615]]}},{"type":"Feature","properties":{"idx":63,"road":"行田東松山線","cls":"primary","shops":0,"st_km":2.33,"mesh":"54391305"},"geometry":{"type":"LineString","coordinates":[[139.44122,36.09],[139.4338,36.08298]]}},{"type":"Feature","properties":{"idx":22,"road":"棒川橋","cls":"primary","shops":0,"st_km":0.49,"mesh":"54391398"},"geometry":{"type":"LineString","coordinates":[[139.48334,36.16197],[139.48312,36.16172]]}},{"type":"Feature","properties":{"idx":12,"road":"胄山熊谷線","cls":"secondary","shops":0,"st_km":2.5,"mesh":"54391332"},"geometry":{"type":"LineString","coordinates":[[139.40425,36.11329],[139.40437,36.11399],[139.40454,36.11435]]}},{"type":"Feature","properties":{"idx":29,"road":"","cls":"tertiary","shops":0,"st_km":1.32,"mesh":"54391318"},"geometry":{"type":"LineString","coordinates":[[139.48634,36.09364],[139.48687,36.09398],[139.48689,36.09413],[139.48614,36.09494],[139.48599,36.09493],[139.48548,36.09462]]}},{"type":"Feature","properties":{"idx":77,"road":"","cls":"tertiary","shops":0,"st_km":2.09,"mesh":"54391347"},"geometry":{"type":"LineString","coordinates":[[139.46894,36.11693],[139.46922,36.11692]]}},{"type":"Feature","properties":{"idx":77,"road":"","cls":"tertiary","shops":0,"st_km":2.07,"mesh":"54391347"},"geometry":{"type":"LineString","coordinates":[[139.46852,36.11679],[139.46858,36.11693],[139.46894,36.11693]]}},{"type":"Feature","properties":{"idx":75,"road":"","cls":"tertiary","shops":0,"st_km":2.15,"mesh":"54391347"},"geometry":{"type":"LineString","coordinates":[[139.46922,36.11692],[139.47021,36.11684],[139.47059,36.11692],[139.47117,36.11717]]}},{"type":"Feature","properties":{"idx":93,"road":"騎西鴻巣線","cls":"secondary","shops":0,"st_km":1.85,"mesh":"54391337"},"geometry":{"type":"LineString","coordinates":[[139.471,36.11153],[139.47132,36.11168]]}},{"type":"Feature","properties":{"idx":301,"road":"騎西鴻巣線","cls":"secondary","shops":0,"st_km":2.22,"mesh":"54391338"},"geometry":{"type":"LineString","coordinates":[[139.47542,36.11211],[139.47555,36.11214]]}},{"type":"Feature","properties":{"idx":86,"road":"騎西鴻巣線","cls":"secondary","shops":0,"st_km":2.03,"mesh":"54391337"},"geometry":{"type":"LineString","coordinates":[[139.47132,36.11168],[139.47162,36.1118],[139.4719,36.11185],[139.47254,36.11171],[139.47301,36.11171],[139.47473,36.11196],[139.47542,36.11211]]}},{"type":"Feature","properties":{"idx":110,"road":"騎西鴻巣線","cls":"secondary","shops":0,"st_km":3.89,"mesh":"54391349"},"geometry":{"type":"LineString","coordinates":[[139.47555,36.11214],[139.47794,36.11272],[139.47937,36.11325],[139.48036,36.11351],[139.48167,36.114],[139.4859,36.1161],[139.4896,36.11808],[139.4901,36.11827],[139.49177,36.11801],[139.49229,36.11797],[139.4945,36.11754],[139.49548,36.11744],[139.49862,36.11681],[139.4998,36.11681],[139.50016,36.11676],[139.50385,36.1162],[139.50715,36.11562],[139.50845,36.11521],[139.50961,36.11462],[139.51011,36.11428],[139.51192,36.11289],[139.51311,36.11218]]}},{"type":"Feature","properties":{"idx":132,"road":"","cls":"tertiary","shops":0,"st_km":1.22,"mesh":"54391345"},"geometry":{"type":"LineString","coordinates":[[139.44428,36.11971],[139.44226,36.12049]]}},{"type":"Feature","properties":{"idx":358,"road":"","cls":"tertiary","shops":0,"st_km":0.49,"mesh":"54391334"},"geometry":{"type":"LineString","coordinates":[[139.43638,36.11199],[139.43837,36.11422]]}},{"type":"Feature","properties":{"idx":74,"road":"","cls":"tertiary","shops":0,"st_km":2.12,"mesh":"54391337"},"geometry":{"type":"LineString","coordinates":[[139.46927,36.11662],[139.47144,36.11612]]}},{"type":"Feature","properties":{"idx":54,"road":"","cls":"tertiary","shops":1,"st_km":1.48,"mesh":"54391336"},"geometry":{"type":"LineString","coordinates":[[139.45947,36.11537],[139.45962,36.11536]]}},{"type":"Feature","properties":{"idx":75,"road":"","cls":"tertiary","shops":0,"st_km":2.07,"mesh":"54391337"},"geometry":{"type":"LineString","coordinates":[[139.46887,36.11671],[139.46927,36.11662]]}},{"type":"Feature","properties":{"idx":68,"road":"","cls":"tertiary","shops":0,"st_km":2.37,"mesh":"54391337"},"geometry":{"type":"LineString","coordinates":[[139.47449,36.11599],[139.4743,36.11595]]}},{"type":"Feature","properties":{"idx":53,"road":"","cls":"tertiary","shops":1,"st_km":1.5,"mesh":"54391336"},"geometry":{"type":"LineString","coordinates":[[139.45962,36.11536],[139.4603,36.11538]]}},{"type":"Feature","properties":{"idx":81,"road":"相生橋","cls":"secondary","shops":0,"st_km":2.32,"mesh":"54391357"},"geometry":{"type":"LineString","coordinates":[[139.47219,36.12587],[139.47221,36.12564]]}},{"type":"Feature","properties":{"idx":300,"road":"上中森鴻巣線","cls":"secondary","shops":0,"st_km":2.23,"mesh":"54391338"},"geometry":{"type":"LineString","coordinates":[[139.47221,36.12564],[139.47383,36.11854],[139.47389,36.11741],[139.47405,36.11663],[139.47456,36.11536],[139.47529,36.11224],[139.47605,36.11042],[139.47605,36.11008],[139.47575,36.10945],[139.47577,36.10903],[139.47869,36.10271],[139.47884,36.10227],[139.47887,36.10196],[139.4788,36.10155],[139.47826,36.10056],[139.47815,36.10019]]}},{"type":"Feature","properties":{"idx":100,"road":"","cls":"tertiary","shops":1,"st_km":2.43,"mesh":"54391347"},"geometry":{"type":"LineString","coordinates":[[139.47136,36.12457],[139.47245,36.12449]]}},{"type":"Feature","properties":{"idx":67,"road":"元成田橋","cls":"tertiary","shops":0,"st_km":2.39,"mesh":"54391347"},"geometry":{"type":"LineString","coordinates":[[139.47099,36.12459],[139.47136,36.12457]]}},{"type":"Feature","properties":{"idx":142,"road":"野合橋","cls":"primary","shops":1,"st_km":2.14,"mesh":"54391357"},"geometry":{"type":"LineString","coordinates":[[139.47133,36.12742],[139.47169,36.12731]]}},{"type":"Feature","properties":{"idx":187,"road":"行田蓮田線","cls":"primary","shops":2,"st_km":2.18,"mesh":"54391357"},"geometry":{"type":"LineString","coordinates":[[139.4718,36.12728],[139.47249,36.1271]]}},{"type":"Feature","properties":{"idx":90,"road":"行田蓮田線","cls":"primary","shops":0,"st_km":2.31,"mesh":"54391357"},"geometry":{"type":"LineString","coordinates":[[139.47274,36.12705],[139.47389,36.12675],[139.47502,36.12638]]}},{"type":"Feature","properties":{"idx":146,"road":"","cls":"tertiary","shops":0,"st_km":1.11,"mesh":"54391355"},"geometry":{"type":"LineString","coordinates":[[139.4453,36.12797],[139.44465,36.12796]]}},{"type":"Feature","properties":{"idx":147,"road":"","cls":"tertiary","shops":0,"st_km":1.1,"mesh":"54391355"},"geometry":{"type":"LineString","coordinates":[[139.44465,36.12796],[139.44355,36.12794]]}},{"type":"Feature","properties":{"idx":142,"road":"","cls":"tertiary","shops":0,"st_km":1.15,"mesh":"54391355"},"geometry":{"type":"LineString","coordinates":[[139.44531,36.12751],[139.4453,36.12797]]}},{"type":"Feature","properties":{"idx":188,"road":"","cls":"tertiary","shops":1,"st_km":1.34,"mesh":"54391355"},"geometry":{"type":"LineString","coordinates":[[139.44813,36.12705],[139.44986,36.12719]]}},{"type":"Feature","properties":{"idx":154,"road":"","cls":"tertiary","shops":0,"st_km":0.73,"mesh":"54391364"},"geometry":{"type":"LineString","coordinates":[[139.43219,36.13783],[139.43278,36.13784]]}},{"type":"Feature","properties":{"idx":159,"road":"","cls":"tertiary","shops":0,"st_km":0.69,"mesh":"54391364"},"geometry":{"type":"LineString","coordinates":[[139.4319,36.13783],[139.43219,36.13783]]}},{"type":"Feature","properties":{"idx":253,"road":"","cls":"tertiary","shops":0,"st_km":0.19,"mesh":"54391364"},"geometry":{"type":"LineString","coordinates":[[139.42535,36.13772],[139.4265,36.13775]]}},{"type":"Feature","properties":{"idx":67,"road":"","cls":"tertiary","shops":0,"st_km":0.27,"mesh":"54391365"},"geometry":{"type":"LineString","coordinates":[[139.43962,36.13958],[139.4396,36.13934]]}},{"type":"Feature","properties":{"idx":71,"road":"","cls":"tertiary","shops":0,"st_km":0.21,"mesh":"54391365"},"geometry":{"type":"LineString","coordinates":[[139.4396,36.13934],[139.43953,36.13776]]}},{"type":"Feature","properties":{"idx":166,"road":"","cls":"tertiary","shops":0,"st_km":0.66,"mesh":"54391364"},"geometry":{"type":"LineString","coordinates":[[139.43368,36.13785],[139.43483,36.13786]]}},{"type":"Feature","properties":{"idx":220,"road":"","cls":"tertiary","shops":0,"st_km":0.33,"mesh":"54391364"},"geometry":{"type":"LineString","coordinates":[[139.4265,36.13775],[139.42917,36.13778]]}},{"type":"Feature","properties":{"idx":116,"road":"","cls":"tertiary","shops":1,"st_km":0.13,"mesh":"54391365"},"geometry":{"type":"LineString","coordinates":[[139.4399,36.1377],[139.4403,36.13759]]}},{"type":"Feature","properties":{"idx":154,"road":"","cls":"tertiary","shops":0,"st_km":0.75,"mesh":"54391364"},"geometry":{"type":"LineString","coordinates":[[139.43278,36.13784],[139.43368,36.13785]]}},{"type":"Feature","properties":{"idx":118,"road":"","cls":"tertiary","shops":0,"st_km":0.31,"mesh":"54391363"},"geometry":{"type":"LineString","coordinates":[[139.42207,36.13343],[139.42202,36.13557]]}},{"type":"Feature","properties":{"idx":178,"road":"","cls":"tertiary","shops":0,"st_km":0.56,"mesh":"54391364"},"geometry":{"type":"LineString","coordinates":[[139.42917,36.13778],[139.4319,36.13783]]}},{"type":"Feature","properties":{"idx":195,"road":"","cls":"tertiary","shops":0,"st_km":0.48,"mesh":"54391364"},"geometry":{"type":"LineString","coordinates":[[139.43483,36.13786],[139.43618,36.13768],[139.43769,36.1376]]}},{"type":"Feature","properties":{"idx":30,"road":"","cls":"tertiary","shops":0,"st_km":2.7,"mesh":"54391395"},"geometry":{"type":"LineString","coordinates":[[139.4397,36.16227],[139.4396,36.16257]]}},{"type":"Feature","properties":{"idx":29,"road":"","cls":"tertiary","shops":0,"st_km":2.88,"mesh":"54391395"},"geometry":{"type":"LineString","coordinates":[[139.4396,36.16257],[139.43916,36.16345],[139.43886,36.16504],[139.43884,36.16561]]}},{"type":"Feature","properties":{"idx":231,"road":"熊谷羽生線","cls":"secondary","shops":0,"st_km":2.29,"mesh":"54391396"},"geometry":{"type":"LineString","coordinates":[[139.45757,36.16595],[139.4577,36.16613]]}},{"type":"Feature","properties":{"idx":55,"road":"","cls":"tertiary","shops":0,"st_km":1.65,"mesh":"54391389"},"geometry":{"type":"LineString","coordinates":[[139.49175,36.15413],[139.49263,36.15375],[139.49417,36.15324],[139.49495,36.15275],[139.49564,36.15243],[139.49767,36.15173],[139.49796,36.15154],[139.4984,36.15107],[139.49873,36.15083],[139.50101,36.14939],[139.50116,36.14927],[139.50131,36.14899],[139.50161,36.14879],[139.50179,36.14858],[139.50213,36.14802],[139.50277,36.14671],[139.50302,36.14633],[139.50348,36.1458],[139.50454,36.1449]]}},{"type":"Feature","properties":{"idx":19,"road":"上新郷埼玉線","cls":"secondary","shops":0,"st_km":3.17,"mesh":"54391359"},"geometry":{"type":"LineString","coordinates":[[139.49544,36.12913],[139.49529,36.12887]]}},{"type":"Feature","properties":{"idx":90,"road":"上新郷埼玉線","cls":"secondary","shops":0,"st_km":3.15,"mesh":"54391369"},"geometry":{"type":"LineString","coordinates":[[139.49964,36.13469],[139.49957,36.13454]]}},{"type":"Feature","properties":{"idx":113,"road":"上新郷埼玉線","cls":"secondary","shops":0,"st_km":3.46,"mesh":"54391349"},"geometry":{"type":"LineString","coordinates":[[139.49526,36.12881],[139.49507,36.12837],[139.49458,36.12649],[139.49443,36.12521],[139.49409,36.12431],[139.49367,36.12351],[139.49352,36.12283],[139.49303,36.12208],[139.49243,36.11955]]}},{"type":"Feature","properties":{"idx":19,"road":"上新郷埼玉線","cls":"secondary","shops":0,"st_km":3.14,"mesh":"54391359"},"geometry":{"type":"LineString","coordinates":[[139.49957,36.13454],[139.49765,36.13198]]}},{"type":"Feature","properties":{"idx":14,"road":"佐野行田線","cls":"primary","shops":0,"st_km":1.07,"mesh":"54391398"},"geometry":{"type":"LineString","coordinates":[[139.47999,36.16122],[139.47764,36.16098],[139.47709,36.16081],[139.4767,36.16057],[139.47502,36.15869]]}},{"type":"Feature","properties":{"idx":32,"road":"","cls":"tertiary","shops":0,"st_km":2.32,"mesh":"54391395"},"geometry":{"type":"LineString","coordinates":[[139.44061,36.15606],[139.43975,36.16098]]}},{"type":"Feature","properties":{"idx":17,"road":"","cls":"tertiary","shops":0,"st_km":2.0,"mesh":"54391385"},"geometry":{"type":"LineString","coordinates":[[139.44073,36.15522],[139.44061,36.15606]]}},{"type":"Feature","properties":{"idx":22,"road":"","cls":"tertiary","shops":0,"st_km":1.45,"mesh":"54391385"},"geometry":{"type":"LineString","coordinates":[[139.44165,36.14996],[139.4414,36.15139]]}},{"type":"Feature","properties":{"idx":48,"road":"","cls":"tertiary","shops":0,"st_km":0.64,"mesh":"54391365"},"geometry":{"type":"LineString","coordinates":[[139.44733,36.14116],[139.44737,36.14083]]}},{"type":"Feature","properties":{"idx":200,"road":"小沼橋","cls":"tertiary","shops":1,"st_km":0.51,"mesh":"54391377"},"geometry":{"type":"LineString","coordinates":[[139.4643,36.14342],[139.46461,36.14359]]}},{"type":"Feature","properties":{"idx":20,"road":"","cls":"tertiary","shops":0,"st_km":1.62,"mesh":"54391385"},"geometry":{"type":"LineString","coordinates":[[139.4414,36.15139],[139.44111,36.15311]]}},{"type":"Feature","properties":{"idx":73,"road":"","cls":"tertiary","shops":0,"st_km":1.26,"mesh":"54391375"},"geometry":{"type":"LineString","coordinates":[[139.44165,36.14996],[139.44199,36.14804]]}},{"type":"Feature","properties":{"idx":18,"road":"","cls":"tertiary","shops":0,"st_km":1.84,"mesh":"54391385"},"geometry":{"type":"LineString","coordinates":[[139.44111,36.15311],[139.44073,36.15522]]}},{"type":"Feature","properties":{"idx":139,"road":"小沼橋通り","cls":"tertiary","shops":0,"st_km":0.5,"mesh":"54391377"},"geometry":{"type":"LineString","coordinates":[[139.46461,36.14359],[139.46525,36.14402]]}},{"type":"Feature","properties":{"idx":82,"road":"","cls":"tertiary","shops":0,"st_km":1.07,"mesh":"54391375"},"geometry":{"type":"LineString","coordinates":[[139.44224,36.1465],[139.44199,36.14804]]}},{"type":"Feature","properties":{"idx":51,"road":"","cls":"tertiary","shops":0,"st_km":0.56,"mesh":"54391365"},"geometry":{"type":"LineString","coordinates":[[139.44737,36.14083],[139.44753,36.13954],[139.4481,36.13676],[139.44813,36.13605]]}},{"type":"Feature","properties":{"idx":152,"road":"","cls":"tertiary","shops":0,"st_km":0.6,"mesh":"54391387"},"geometry":{"type":"LineString","coordinates":[[139.46919,36.15316],[139.46914,36.15273],[139.47001,36.1526]]}},{"type":"Feature","properties":{"idx":49,"road":"","cls":"tertiary","shops":0,"st_km":0.15,"mesh":"54391376"},"geometry":{"type":"LineString","coordinates":[[139.46139,36.1438],[139.45958,36.14388]]}},{"type":"Feature","properties":{"idx":211,"road":"","cls":"tertiary","shops":0,"st_km":0.55,"mesh":"54391366"},"geometry":{"type":"LineString","coordinates":[[139.456,36.14076],[139.45558,36.14093],[139.45525,36.141],[139.45437,36.14109],[139.45304,36.14091],[139.45294,36.14095],[139.45279,36.14117],[139.45261,36.14133],[139.45146,36.14147]]}},{"type":"Feature","properties":{"idx":75,"road":"行田市停車場酒巻線","cls":"secondary","shops":1,"st_km":0.25,"mesh":"54391376"},"geometry":{"type":"LineString","coordinates":[[139.46133,36.14474],[139.46135,36.14447]]}},{"type":"Feature","properties":{"idx":51,"road":"行田市停車場酒巻線","cls":"secondary","shops":0,"st_km":0.23,"mesh":"54391376"},"geometry":{"type":"LineString","coordinates":[[139.46135,36.14447],[139.46142,36.14296]]}},{"type":"Feature","properties":{"idx":33,"road":"弥藤吾行田線","cls":"secondary","shops":0,"st_km":0.69,"mesh":"54391376"},"geometry":{"type":"LineString","coordinates":[[139.45095,36.14345],[139.45131,36.14333]]}},{"type":"Feature","properties":{"idx":46,"road":"弥藤吾行田線","cls":"secondary","shops":0,"st_km":0.33,"mesh":"54391376"},"geometry":{"type":"LineString","coordinates":[[139.45579,36.14206],[139.45543,36.14249],[139.4551,36.14313]]}},{"type":"Feature","properties":{"idx":47,"road":"弥藤吾行田線","cls":"secondary","shops":0,"st_km":0.31,"mesh":"54391376"},"geometry":{"type":"LineString","coordinates":[[139.45518,36.14315],[139.4554,36.14292],[139.45563,36.14254],[139.45579,36.14206]]}},{"type":"Feature","properties":{"idx":272,"road":"弥藤吾行田線","cls":"secondary","shops":0,"st_km":0.4,"mesh":"54391366"},"geometry":{"type":"LineString","coordinates":[[139.45579,36.14206],[139.45595,36.14162],[139.45603,36.13997],[139.45611,36.13959]]}},{"type":"Feature","properties":{"idx":39,"road":"弥藤吾行田線","cls":"secondary","shops":0,"st_km":0.5,"mesh":"54391376"},"geometry":{"type":"LineString","coordinates":[[139.45131,36.14333],[139.45174,36.1432],[139.45518,36.14315]]}},{"type":"Feature","properties":{"idx":237,"road":"北大橋","cls":"tertiary","shops":0,"st_km":0.84,"mesh":"54391378"},"geometry":{"type":"LineString","coordinates":[[139.47721,36.14986],[139.47705,36.14982]]}},{"type":"Feature","properties":{"idx":220,"road":"","cls":"tertiary","shops":0,"st_km":0.03,"mesh":"54391377"},"geometry":{"type":"LineString","coordinates":[[139.46843,36.14694],[139.46848,36.14708],[139.46869,36.14726],[139.46893,36.14726]]}},{"type":"Feature","properties":{"idx":133,"road":"","cls":"tertiary","shops":0,"st_km":0.54,"mesh":"54391377"},"geometry":{"type":"LineString","coordinates":[[139.47705,36.14982],[139.47075,36.14833]]}},{"type":"Feature","properties":{"idx":472,"road":"熊谷羽生線","cls":"secondary","shops":2,"st_km":0.99,"mesh":"54391378"},"geometry":{"type":"LineString","coordinates":[[139.47924,36.14846],[139.47931,36.14847]]}},{"type":"Feature","properties":{"idx":473,"road":"熊谷羽生線","cls":"secondary","shops":3,"st_km":0.29,"mesh":"54391377"},"geometry":{"type":"LineString","coordinates":[[139.46551,36.1425],[139.46732,36.14317],[139.46777,36.1434],[139.46827,36.14385],[139.46902,36.14472],[139.46919,36.14485],[139.47151,36.14537],[139.47223,36.14566],[139.47276,36.14599],[139.47416,36.14722],[139.47437,36.14733]]}},{"type":"Feature","properties":{"idx":166,"road":"熊谷羽生線","cls":"secondary","shops":0,"st_km":1.54,"mesh":"54391378"},"geometry":{"type":"LineString","coordinates":[[139.48133,36.14857],[139.48719,36.14861],[139.48767,36.14857],[139.48829,36.14842],[139.4892,36.14806]]}},{"type":"Feature","properties":{"idx":145,"road":"","cls":"tertiary","shops":0,"st_km":1.57,"mesh":"54391378"},"geometry":{"type":"LineString","coordinates":[[139.48388,36.14322],[139.48687,36.14559]]}},{"type":"Feature","properties":{"idx":64,"road":"南大通り","cls":"tertiary","shops":0,"st_km":1.55,"mesh":"54391368"},"geometry":{"type":"LineString","coordinates":[[139.48688,36.14083],[139.48553,36.13982],[139.4846,36.13937],[139.48282,36.13878],[139.47935,36.13778],[139.47586,36.13692]]}},{"type":"Feature","properties":{"idx":153,"road":"","cls":"tertiary","shops":0,"st_km":1.47,"mesh":"54391378"},"geometry":{"type":"LineString","coordinates":[[139.48381,36.14317],[139.48388,36.14322]]}},{"type":"Feature","properties":{"idx":199,"road":"","cls":"tertiary","shops":0,"st_km":1.07,"mesh":"54391378"},"geometry":{"type":"LineString","coordinates":[[139.47865,36.14247],[139.47855,36.14257]]}},{"type":"Feature","properties":{"idx":196,"road":"八反田橋","cls":"tertiary","shops":0,"st_km":1.09,"mesh":"54391378"},"geometry":{"type":"LineString","coordinates":[[139.48021,36.14583],[139.48036,36.14585]]}},{"type":"Feature","properties":{"idx":165,"road":"南大通り","cls":"tertiary","shops":0,"st_km":2.02,"mesh":"54391379"},"geometry":{"type":"LineString","coordinates":[[139.49301,36.14572],[139.49292,36.14561],[139.48981,36.14315]]}},{"type":"Feature","properties":{"idx":180,"road":"","cls":"tertiary","shops":0,"st_km":1.21,"mesh":"54391378"},"geometry":{"type":"LineString","coordinates":[[139.48036,36.14585],[139.48299,36.14589]]}},{"type":"Feature","properties":{"idx":241,"road":"","cls":"tertiary","shops":0,"st_km":0.82,"mesh":"54391378"},"geometry":{"type":"LineString","coordinates":[[139.47855,36.14257],[139.47764,36.14354],[139.4773,36.14406],[139.47596,36.14771]]}},{"type":"Feature","properties":{"idx":109,"road":"","cls":"tertiary","shops":3,"st_km":0.27,"mesh":"54391376"},"geometry":{"type":"LineString","coordinates":[[139.45801,36.14126],[139.45846,36.14142],[139.45925,36.14147],[139.46045,36.14165],[139.46303,36.14249],[139.46316,36.14258],[139.46322,36.1427]]}},{"type":"Feature","properties":{"idx":173,"road":"","cls":"tertiary","shops":0,"st_km":0.27,"mesh":"54391377"},"geometry":{"type":"LineString","coordinates":[[139.46673,36.14506],[139.46663,36.14533],[139.46659,36.14569]]}},{"type":"Feature","properties":{"idx":67,"road":"南大通り","cls":"tertiary","shops":0,"st_km":1.29,"mesh":"54391367"},"geometry":{"type":"LineString","coordinates":[[139.47087,36.13592],[139.47077,36.13592]]}},{"type":"Feature","properties":{"idx":66,"road":"南大通り","cls":"tertiary","shops":0,"st_km":1.3,"mesh":"54391367"},"geometry":{"type":"LineString","coordinates":[[139.47531,36.13678],[139.47247,36.13609],[139.47087,36.13592]]}},{"type":"Feature","properties":{"idx":139,"road":"熊谷羽生線","cls":"secondary","shops":0,"st_km":0.6,"mesh":"54391377"},"geometry":{"type":"LineString","coordinates":[[139.46513,36.14237],[139.46547,36.14249]]}},{"type":"Feature","properties":{"idx":79,"road":"","cls":"tertiary","shops":0,"st_km":1.03,"mesh":"54391367"},"geometry":{"type":"LineString","coordinates":[[139.46941,36.13805],[139.46899,36.13804]]}},{"type":"Feature","properties":{"idx":95,"road":"","cls":"tertiary","shops":0,"st_km":1.6,"mesh":"54391357"},"geometry":{"type":"LineString","coordinates":[[139.46511,36.13224],[139.46579,36.13189],[139.46583,36.13168],[139.46592,36.13158],[139.46635,36.13122],[139.46685,36.13089],[139.46698,36.13083],[139.4674,36.13084],[139.46755,36.13072],[139.46797,36.1305],[139.4684,36.13012],[139.46862,36.12973],[139.46883,36.12962]]}},{"type":"Feature","properties":{"idx":79,"road":"","cls":"tertiary","shops":0,"st_km":1.01,"mesh":"54391367"},"geometry":{"type":"LineString","coordinates":[[139.46899,36.13804],[139.46614,36.13787]]}},{"type":"Feature","properties":{"idx":205,"road":"","cls":"tertiary","shops":2,"st_km":0.12,"mesh":"54391326"},"geometry":{"type":"LineString","coordinates":[[139.45246,36.10198],[139.45265,36.10258]]}},{"type":"Feature","properties":{"idx":542,"road":"","cls":"tertiary","shops":1,"st_km":0.72,"mesh":"54391371"},"geometry":{"type":"LineString","coordinates":[[139.38816,36.14572],[139.38858,36.14658]]}},{"type":"Feature","properties":{"idx":1203,"road":"","cls":"tertiary","shops":7,"st_km":0.16,"mesh":"54391361"},"geometry":{"type":"LineString","coordinates":[[139.38824,36.13898],[139.38841,36.13905],[139.3887,36.1388]]}},{"type":"Feature","properties":{"idx":46,"road":"","cls":"primary","shops":2,"st_km":0.43,"mesh":"54391398"},"geometry":{"type":"LineString","coordinates":[[139.48574,36.16898],[139.48539,36.16854],[139.48533,36.16837],[139.4853,36.1676],[139.48568,36.16469],[139.486,36.16353],[139.48592,36.1633],[139.48557,36.16292],[139.48469,36.16273]]}},{"type":"Feature","properties":{"idx":151,"road":"行田市停車場線","cls":"secondary","shops":4,"st_km":0.24,"mesh":"54391376"},"geometry":{"type":"LineString","coordinates":[[139.46051,36.14294],[139.46053,36.14168],[139.46074,36.14108]]}},{"type":"Feature","properties":{"idx":69,"road":"旧中山道","cls":"secondary","shops":0,"st_km":0.8,"mesh":"54391307"},"geometry":{"type":"LineString","coordinates":[[139.47505,36.08354],[139.47356,36.08482],[139.47292,36.08588],[139.47182,36.08675],[139.47118,36.08759],[139.47064,36.08803],[139.46846,36.08953],[139.46746,36.09035],[139.46533,36.09232],[139.46389,36.09411],[139.46371,36.09431],[139.46334,36.09459]]}},{"type":"Feature","properties":{"idx":42,"road":"熊谷羽生線","cls":"secondary_link","shops":0,"st_km":1.8,"mesh":"54391383"},"geometry":{"type":"LineString","coordinates":[[139.41741,36.15197],[139.41797,36.15188],[139.41886,36.15184]]}},{"type":"Feature","properties":{"idx":64,"road":"熊谷羽生線","cls":"secondary","shops":0,"st_km":1.77,"mesh":"54391383"},"geometry":{"type":"LineString","coordinates":[[139.41897,36.15177],[139.41877,36.15178]]}},{"type":"Feature","properties":{"idx":62,"road":"熊谷羽生線","cls":"secondary","shops":0,"st_km":1.84,"mesh":"54391383"},"geometry":{"type":"LineString","coordinates":[[139.41592,36.15195],[139.41813,36.15196]]}},{"type":"Feature","properties":{"idx":110,"road":"","cls":"tertiary","shops":0,"st_km":0.99,"mesh":"54391387"},"geometry":{"type":"LineString","coordinates":[[139.46312,36.15668],[139.46334,36.15562],[139.46333,36.15539],[139.46305,36.15462],[139.46276,36.15424],[139.46259,36.15411]]}},{"type":"Feature","properties":{"idx":243,"road":"","cls":"tertiary","shops":1,"st_km":0.66,"mesh":"54391361"},"geometry":{"type":"LineString","coordinates":[[139.39208,36.13278],[139.39122,36.13513],[139.39125,36.13519]]}},{"type":"Feature","properties":{"idx":102,"road":"","cls":"tertiary","shops":0,"st_km":3.5,"mesh":"54391330"},"geometry":{"type":"LineString","coordinates":[[139.38501,36.10805],[139.38535,36.10837],[139.38563,36.10905]]}},{"type":"Feature","properties":{"idx":230,"road":"","cls":"tertiary","shops":0,"st_km":1.05,"mesh":"54391327"},"geometry":{"type":"LineString","coordinates":[[139.462,36.10435],[139.46251,36.1049],[139.46296,36.10525],[139.46577,36.10704],[139.46633,36.10753],[139.46684,36.10822]]}},{"type":"Feature","properties":{"idx":82,"road":"筑波橋","cls":"tertiary","shops":1,"st_km":0.76,"mesh":"54391326"},"geometry":{"type":"LineString","coordinates":[[139.4618,36.10414],[139.462,36.10435]]}},{"type":"Feature","properties":{"idx":56,"road":"","cls":"tertiary","shops":0,"st_km":1.81,"mesh":"54391368"},"geometry":{"type":"LineString","coordinates":[[139.48647,36.13909],[139.48588,36.13942],[139.48547,36.13988]]}},{"type":"Feature","properties":{"idx":58,"road":"","cls":"tertiary","shops":0,"st_km":1.76,"mesh":"54391368"},"geometry":{"type":"LineString","coordinates":[[139.48374,36.13857],[139.48492,36.13895],[139.48588,36.13942]]}},{"type":"Feature","properties":{"idx":272,"road":"スポーツ公園通り","cls":"tertiary","shops":1,"st_km":2.55,"mesh":"54391392"},"geometry":{"type":"LineString","coordinates":[[139.40561,36.15901],[139.40561,36.15887]]}},{"type":"Feature","properties":{"idx":115,"road":"スポーツ公園通り","cls":"tertiary","shops":0,"st_km":2.37,"mesh":"54391382"},"geometry":{"type":"LineString","coordinates":[[139.40561,36.15874],[139.40543,36.15522]]}},{"type":"Feature","properties":{"idx":182,"road":"スポーツ公園通り","cls":"tertiary","shops":0,"st_km":2.54,"mesh":"54391392"},"geometry":{"type":"LineString","coordinates":[[139.40561,36.15887],[139.40561,36.15874]]}},{"type":"Feature","properties":{"idx":83,"road":"","cls":"tertiary","shops":0,"st_km":2.37,"mesh":"54391322"},"geometry":{"type":"LineString","coordinates":[[139.41184,36.09891],[139.41088,36.10063],[139.4104,36.10239],[139.41037,36.1027],[139.4106,36.1037],[139.41062,36.10422]]}},{"type":"Feature","properties":{"idx":51,"road":"","cls":"secondary","shops":0,"st_km":2.75,"mesh":"54391312"},"geometry":{"type":"LineString","coordinates":[[139.41206,36.09515],[139.41207,36.09529]]}},{"type":"Feature","properties":{"idx":40,"road":"上中森鴻巣線","cls":"secondary","shops":0,"st_km":1.04,"mesh":"54391318"},"geometry":{"type":"LineString","coordinates":[[139.47805,36.09968],[139.47803,36.09946],[139.47809,36.09929],[139.47913,36.09807],[139.47931,36.09769],[139.47939,36.09739],[139.47943,36.09682],[139.47954,36.0893]]}},{"type":"Feature","properties":{"idx":27,"road":"上中森鴻巣線","cls":"secondary","shops":0,"st_km":1.61,"mesh":"54391318"},"geometry":{"type":"LineString","coordinates":[[139.47815,36.10017],[139.47806,36.09973]]}},{"type":"Feature","properties":{"idx":88,"road":"","cls":"tertiary","shops":0,"st_km":2.2,"mesh":"54391322"},"geometry":{"type":"LineString","coordinates":[[139.41061,36.1044],[139.41059,36.1046]]}},{"type":"Feature","properties":{"idx":87,"road":"","cls":"tertiary","shops":0,"st_km":2.21,"mesh":"54391322"},"geometry":{"type":"LineString","coordinates":[[139.41062,36.10422],[139.41061,36.1044]]}},{"type":"Feature","properties":{"idx":168,"road":"榛名橋","cls":"primary","shops":1,"st_km":0.69,"mesh":"54391325"},"geometry":{"type":"LineString","coordinates":[[139.4479,36.10714],[139.44792,36.10694]]}},{"type":"Feature","properties":{"idx":174,"road":"行田東松山線","cls":"primary","shops":1,"st_km":0.65,"mesh":"54391325"},"geometry":{"type":"LineString","coordinates":[[139.44793,36.10678],[139.44797,36.1063]]}},{"type":"Feature","properties":{"idx":12,"road":"佐野行田線","cls":"primary","shops":0,"st_km":1.29,"mesh":"54391398"},"geometry":{"type":"LineString","coordinates":[[139.47502,36.15869],[139.47499,36.15865]]}},{"type":"Feature","properties":{"idx":166,"road":"佐野行田線","cls":"primary","shops":1,"st_km":1.31,"mesh":"54391387"},"geometry":{"type":"LineString","coordinates":[[139.47499,36.15865],[139.47387,36.15739]]}},{"type":"Feature","properties":{"idx":405,"road":"吹上橋","cls":"primary","shops":5,"st_km":0.65,"mesh":"54391325"},"geometry":{"type":"LineString","coordinates":[[139.44929,36.10752],[139.44916,36.1076]]}},{"type":"Feature","properties":{"idx":487,"road":"行田東松山線","cls":"primary","shops":7,"st_km":0.72,"mesh":"54391325"},"geometry":{"type":"LineString","coordinates":[[139.44916,36.1076],[139.44795,36.10836]]}},{"type":"Feature","properties":{"idx":433,"road":"吹上停車場線","cls":"secondary","shops":6,"st_km":0.18,"mesh":"54391326"},"geometry":{"type":"LineString","coordinates":[[139.45365,36.10501],[139.45301,36.10407],[139.45282,36.10392]]}},{"type":"Feature","properties":{"idx":208,"road":"熊谷羽生線","cls":"secondary","shops":0,"st_km":0.54,"mesh":"54391364"},"geometry":{"type":"LineString","coordinates":[[139.43772,36.13642],[139.43399,36.13598]]}},{"type":"Feature","properties":{"idx":207,"road":"熊谷羽生線","cls":"secondary","shops":0,"st_km":0.54,"mesh":"54391364"},"geometry":{"type":"LineString","coordinates":[[139.43389,36.13605],[139.4365,36.13634],[139.43772,36.13642]]}},{"type":"Feature","properties":{"idx":277,"road":"行田東松山線","cls":"primary","shops":5,"st_km":0.72,"mesh":"54391336"},"geometry":{"type":"LineString","coordinates":[[139.45855,36.11132],[139.45526,36.10729],[139.45463,36.10643]]}},{"type":"Feature","properties":{"idx":197,"road":"行田東松山線","cls":"primary","shops":3,"st_km":0.72,"mesh":"54391336"},"geometry":{"type":"LineString","coordinates":[[139.45454,36.10645],[139.45518,36.10733],[139.45853,36.11142]]}},{"type":"Feature","properties":{"idx":262,"road":"行田東松山線","cls":"primary","shops":3,"st_km":0.31,"mesh":"54391326"},"geometry":{"type":"LineString","coordinates":[[139.45452,36.10628],[139.45365,36.10501]]}},{"type":"Feature","properties":{"idx":310,"road":"行田東松山線","cls":"primary","shops":4,"st_km":0.32,"mesh":"54391326"},"geometry":{"type":"LineString","coordinates":[[139.45359,36.10504],[139.45132,36.10626]]}},{"type":"Feature","properties":{"idx":548,"road":"壱里山歩道橋","cls":"pedestrian","shops":0,"st_km":0.37,"mesh":"54391334"},"geometry":{"type":"LineString","coordinates":[[139.43459,36.1167],[139.4344,36.11657]]}},{"type":"Feature","properties":{"idx":218,"road":"","cls":"tertiary","shops":1,"st_km":0.34,"mesh":"54391360"},"geometry":{"type":"LineString","coordinates":[[139.38094,36.14071],[139.38075,36.13934]]}},{"type":"Feature","properties":{"idx":84,"road":"","cls":"tertiary_link","shops":0,"st_km":0.42,"mesh":"54391360"},"geometry":{"type":"LineString","coordinates":[[139.38055,36.13927],[139.38072,36.13926]]}},{"type":"Feature","properties":{"idx":304,"road":"","cls":"tertiary","shops":4,"st_km":0.13,"mesh":"54391326"},"geometry":{"type":"LineString","coordinates":[[139.45871,36.10067],[139.45093,36.10231],[139.45039,36.10263],[139.44758,36.10395]]}},{"type":"Feature","properties":{"idx":140,"road":"","cls":"tertiary","shops":0,"st_km":1.05,"mesh":"54391366"},"geometry":{"type":"LineString","coordinates":[[139.45234,36.13508],[139.45407,36.13508],[139.45527,36.13516]]}},{"type":"Feature","properties":{"idx":865,"road":"","cls":"tertiary","shops":4,"st_km":0.09,"mesh":"54391361"},"geometry":{"type":"LineString","coordinates":[[139.38935,36.14031],[139.38928,36.14037],[139.38931,36.14047]]}},{"type":"Feature","properties":{"idx":725,"road":"","cls":"tertiary","shops":3,"st_km":0.08,"mesh":"54391361"},"geometry":{"type":"LineString","coordinates":[[139.38998,36.1404],[139.38938,36.14059]]}},{"type":"Feature","properties":{"idx":485,"road":"","cls":"tertiary","shops":0,"st_km":0.18,"mesh":"54391334"},"geometry":{"type":"LineString","coordinates":[[139.43119,36.1133],[139.42987,36.11246]]}},{"type":"Feature","properties":{"idx":497,"road":"","cls":"tertiary","shops":0,"st_km":0.16,"mesh":"54391334"},"geometry":{"type":"LineString","coordinates":[[139.43119,36.1133],[139.43274,36.11168]]}},{"type":"Feature","properties":{"idx":229,"road":"旧中山道","cls":"tertiary","shops":4,"st_km":0.41,"mesh":"54391326"},"geometry":{"type":"LineString","coordinates":[[139.45132,36.10626],[139.45117,36.1061],[139.45101,36.10569],[139.45092,36.1056]]}},{"type":"Feature","properties":{"idx":87,"road":"久下橋","cls":"secondary","shops":0,"st_km":2.08,"mesh":"54391342"},"geometry":{"type":"LineString","coordinates":[[139.41058,36.12126],[139.41089,36.1216]]}},{"type":"Feature","properties":{"idx":501,"road":"","cls":"tertiary","shops":0,"st_km":1.0,"mesh":"54391344"},"geometry":{"type":"LineString","coordinates":[[139.43383,36.12072],[139.43433,36.1212],[139.43518,36.12242],[139.43721,36.12398]]}},{"type":"Feature","properties":{"idx":51,"road":"","cls":"secondary","shops":0,"st_km":2.72,"mesh":"54391312"},"geometry":{"type":"LineString","coordinates":[[139.41207,36.09529],[139.41212,36.09574]]}},{"type":"Feature","properties":{"idx":217,"road":"","cls":"tertiary","shops":0,"st_km":1.3,"mesh":"54391354"},"geometry":{"type":"LineString","coordinates":[[139.4354,36.12531],[139.43545,36.12535]]}},{"type":"Feature","properties":{"idx":212,"road":"","cls":"tertiary","shops":0,"st_km":1.34,"mesh":"54391354"},"geometry":{"type":"LineString","coordinates":[[139.43545,36.12535],[139.43597,36.12574],[139.43615,36.12572]]}},{"type":"Feature","properties":{"idx":12,"road":"胄山熊谷線","cls":"secondary","shops":0,"st_km":2.45,"mesh":"54391332"},"geometry":{"type":"LineString","coordinates":[[139.40454,36.11435],[139.40522,36.11519]]}},{"type":"Feature","properties":{"idx":87,"road":"胄山熊谷線","cls":"secondary","shops":0,"st_km":2.22,"mesh":"54391342"},"geometry":{"type":"LineString","coordinates":[[139.40544,36.11544],[139.41058,36.12126]]}},{"type":"Feature","properties":{"idx":12,"road":"胄山熊谷線","cls":"secondary","shops":0,"st_km":2.41,"mesh":"54391332"},"geometry":{"type":"LineString","coordinates":[[139.40522,36.11519],[139.40544,36.11544]]}},{"type":"Feature","properties":{"idx":68,"road":"","cls":"tertiary","shops":0,"st_km":2.35,"mesh":"54391347"},"geometry":{"type":"LineString","coordinates":[[139.46966,36.1247],[139.47099,36.12459]]}},{"type":"Feature","properties":{"idx":104,"road":"小沼橋通り","cls":"secondary","shops":2,"st_km":0.21,"mesh":"54391376"},"geometry":{"type":"LineString","coordinates":[[139.46142,36.14296],[139.46051,36.14294]]}},{"type":"Feature","properties":{"idx":90,"road":"","cls":"tertiary","shops":0,"st_km":1.27,"mesh":"54391387"},"geometry":{"type":"LineString","coordinates":[[139.46246,36.15846],[139.46253,36.15715]]}},{"type":"Feature","properties":{"idx":102,"road":"","cls":"tertiary","shops":0,"st_km":1.46,"mesh":"54391357"},"geometry":{"type":"LineString","coordinates":[[139.46358,36.13469],[139.46375,36.13462],[139.46836,36.13161],[139.47075,36.13012]]}},{"type":"Feature","properties":{"idx":199,"road":"","cls":"tertiary","shops":0,"st_km":1.56,"mesh":"54391379"},"geometry":{"type":"LineString","coordinates":[[139.49301,36.14572],[139.49422,36.14675],[139.49447,36.1471],[139.4946,36.14732],[139.49475,36.14776],[139.49482,36.14821],[139.49479,36.1487],[139.49456,36.14939],[139.49417,36.14992],[139.49232,36.15155],[139.49204,36.15204],[139.49187,36.15273]]}},{"type":"Feature","properties":{"idx":64,"road":"南大通り","cls":"tertiary","shops":0,"st_km":1.54,"mesh":"54391368"},"geometry":{"type":"LineString","coordinates":[[139.47581,36.137],[139.48056,36.1382],[139.48457,36.13944],[139.48547,36.13988],[139.48683,36.14089]]}},{"type":"Feature","properties":{"idx":66,"road":"南大通り","cls":"tertiary","shops":0,"st_km":1.31,"mesh":"54391367"},"geometry":{"type":"LineString","coordinates":[[139.47397,36.13653],[139.47471,36.13671]]}},{"type":"Feature","properties":{"idx":166,"road":"南大通り","cls":"tertiary","shops":3,"st_km":1.29,"mesh":"54391367"},"geometry":{"type":"LineString","coordinates":[[139.4713,36.13602],[139.47245,36.13616],[139.47397,36.13653]]}},{"type":"Feature","properties":{"idx":68,"road":"南大通り","cls":"tertiary","shops":0,"st_km":1.22,"mesh":"54391367"},"geometry":{"type":"LineString","coordinates":[[139.46646,36.13571],[139.47029,36.13596]]}},{"type":"Feature","properties":{"idx":68,"road":"南大通り","cls":"tertiary","shops":0,"st_km":1.23,"mesh":"54391367"},"geometry":{"type":"LineString","coordinates":[[139.47033,36.13589],[139.46734,36.1357],[139.46646,36.13571]]}},{"type":"Feature","properties":{"idx":56,"road":"南大通り","cls":"tertiary","shops":0,"st_km":1.82,"mesh":"54391368"},"geometry":{"type":"LineString","coordinates":[[139.487,36.14092],[139.48688,36.14083]]}},{"type":"Feature","properties":{"idx":72,"road":"南大通り","cls":"tertiary","shops":0,"st_km":1.33,"mesh":"54391368"},"geometry":{"type":"LineString","coordinates":[[139.47548,36.13682],[139.47531,36.13678]]}},{"type":"Feature","properties":{"idx":67,"road":"南大通り","cls":"tertiary","shops":0,"st_km":1.28,"mesh":"54391367"},"geometry":{"type":"LineString","coordinates":[[139.47077,36.13592],[139.47073,36.13592]]}},{"type":"Feature","properties":{"idx":67,"road":"南大通り","cls":"tertiary","shops":0,"st_km":1.28,"mesh":"54391367"},"geometry":{"type":"LineString","coordinates":[[139.47073,36.13592],[139.47033,36.13589]]}},{"type":"Feature","properties":{"idx":56,"road":"南大通り","cls":"tertiary","shops":0,"st_km":1.81,"mesh":"54391368"},"geometry":{"type":"LineString","coordinates":[[139.48683,36.14089],[139.48693,36.14097]]}},{"type":"Feature","properties":{"idx":173,"road":"南大通り","cls":"tertiary","shops":0,"st_km":2.0,"mesh":"54391379"},"geometry":{"type":"LineString","coordinates":[[139.48693,36.14097],[139.49284,36.14566],[139.49301,36.14572]]}},{"type":"Feature","properties":{"idx":109,"road":"南大通り","cls":"tertiary","shops":1,"st_km":1.33,"mesh":"54391368"},"geometry":{"type":"LineString","coordinates":[[139.47561,36.13695],[139.47581,36.137]]}},{"type":"Feature","properties":{"idx":67,"road":"南大通り","cls":"tertiary","shops":0,"st_km":1.28,"mesh":"54391367"},"geometry":{"type":"LineString","coordinates":[[139.47073,36.13599],[139.47082,36.136]]}},{"type":"Feature","properties":{"idx":67,"road":"南大通り","cls":"tertiary","shops":0,"st_km":1.28,"mesh":"54391367"},"geometry":{"type":"LineString","coordinates":[[139.47082,36.136],[139.47092,36.136]]}},{"type":"Feature","properties":{"idx":67,"road":"南大通り","cls":"tertiary","shops":0,"st_km":1.28,"mesh":"54391367"},"geometry":{"type":"LineString","coordinates":[[139.47029,36.13596],[139.47069,36.13598]]}},{"type":"Feature","properties":{"idx":67,"road":"南大通り","cls":"tertiary","shops":0,"st_km":1.28,"mesh":"54391367"},"geometry":{"type":"LineString","coordinates":[[139.47069,36.13598],[139.47073,36.13599]]}},{"type":"Feature","properties":{"idx":75,"road":"南大通り","cls":"tertiary","shops":0,"st_km":1.09,"mesh":"54391367"},"geometry":{"type":"LineString","coordinates":[[139.46631,36.13569],[139.46576,36.13563],[139.46522,36.13538],[139.46487,36.13509],[139.46445,36.13456],[139.46417,36.13434]]}},{"type":"Feature","properties":{"idx":137,"road":"南大通り","cls":"tertiary","shops":0,"st_km":1.44,"mesh":"54391356"},"geometry":{"type":"LineString","coordinates":[[139.45527,36.13079],[139.45488,36.13061]]}},{"type":"Feature","properties":{"idx":106,"road":"南大通り","cls":"tertiary","shops":0,"st_km":1.57,"mesh":"54391345"},"geometry":{"type":"LineString","coordinates":[[139.44847,36.12561],[139.44565,36.12261],[139.44521,36.12223],[139.44396,36.12134],[139.44228,36.12043]]}},{"type":"Feature","properties":{"idx":303,"road":"南大通り","cls":"tertiary","shops":1,"st_km":0.69,"mesh":"54391345"},"geometry":{"type":"LineString","coordinates":[[139.44072,36.11962],[139.43532,36.11686],[139.43489,36.11659],[139.43467,36.11657]]}},{"type":"Feature","properties":{"idx":96,"road":"南大通り","cls":"tertiary","shops":0,"st_km":1.61,"mesh":"54391345"},"geometry":{"type":"LineString","coordinates":[[139.44221,36.12046],[139.44424,36.12159],[139.44558,36.12266],[139.45016,36.12751]]}},{"type":"Feature","properties":{"idx":161,"road":"","cls":"tertiary","shops":0,"st_km":0.85,"mesh":"54391386"},"geometry":{"type":"LineString","coordinates":[[139.46259,36.15411],[139.46231,36.15393],[139.4619,36.15327],[139.46078,36.15233],[139.4602,36.15104],[139.46001,36.15074],[139.45895,36.14953],[139.45825,36.1488]]}},{"type":"Feature","properties":{"idx":431,"road":"","cls":"tertiary","shops":0,"st_km":1.67,"mesh":"54391390"},"geometry":{"type":"LineString","coordinates":[[139.37628,36.15847],[139.37662,36.1602],[139.37671,36.16409]]}},{"type":"Feature","properties":{"idx":387,"road":"ラグビーロード","cls":"secondary","shops":0,"st_km":0.77,"mesh":"54391371"},"geometry":{"type":"LineString","coordinates":[[139.3921,36.14665],[139.39206,36.14643]]}},{"type":"Feature","properties":{"idx":93,"road":"","cls":"tertiary","shops":1,"st_km":0.62,"mesh":"54391326"},"geometry":{"type":"LineString","coordinates":[[139.45921,36.10126],[139.4618,36.10414]]}},{"type":"Feature","properties":{"idx":389,"road":"福田鴻巣線","cls":"secondary","shops":1,"st_km":0.82,"mesh":"54391316"},"geometry":{"type":"LineString","coordinates":[[139.45921,36.10126],[139.46444,36.09817]]}},{"type":"Feature","properties":{"idx":535,"road":"鎌塚鴻巣線","cls":"secondary","shops":2,"st_km":1.02,"mesh":"54391335"},"geometry":{"type":"LineString","coordinates":[[139.44795,36.10836],[139.44414,36.11071],[139.44422,36.11092]]}},{"type":"Feature","properties":{"idx":448,"road":"","cls":"tertiary","shops":4,"st_km":0.39,"mesh":"54391377"},"geometry":{"type":"LineString","coordinates":[[139.46322,36.1427],[139.46301,36.14283],[139.46294,36.14301]]}},{"type":"Feature","properties":{"idx":206,"road":"小沼橋通り","cls":"tertiary","shops":1,"st_km":0.48,"mesh":"54391377"},"geometry":{"type":"LineString","coordinates":[[139.46395,36.14326],[139.4643,36.14342]]}},{"type":"Feature","properties":{"idx":73,"road":"","cls":"tertiary","shops":0,"st_km":2.16,"mesh":"54391337"},"geometry":{"type":"LineString","coordinates":[[139.47167,36.11553],[139.47151,36.11584],[139.47144,36.11612]]}},{"type":"Feature","properties":{"idx":70,"road":"","cls":"tertiary","shops":0,"st_km":2.25,"mesh":"54391337"},"geometry":{"type":"LineString","coordinates":[[139.47144,36.11612],[139.47252,36.11587],[139.47288,36.11583],[139.47351,36.11586],[139.47429,36.11598]]}},{"type":"Feature","properties":{"idx":71,"road":"","cls":"tertiary","shops":0,"st_km":2.3,"mesh":"54391347"},"geometry":{"type":"LineString","coordinates":[[139.47144,36.11612],[139.4713,36.11699],[139.47072,36.11767],[139.47046,36.11851],[139.46998,36.11881],[139.46997,36.11968],[139.46992,36.12015],[139.46999,36.1207],[139.46994,36.12079]]}},{"type":"Feature","properties":{"idx":389,"road":"","cls":"tertiary","shops":0,"st_km":0.42,"mesh":"54391354"},"geometry":{"type":"LineString","coordinates":[[139.42866,36.13287],[139.42203,36.13274]]}},{"type":"Feature","properties":{"idx":155,"road":"","cls":"tertiary","shops":0,"st_km":1.03,"mesh":"54391355"},"geometry":{"type":"LineString","coordinates":[[139.44137,36.12992],[139.44147,36.12682]]}},{"type":"Feature","properties":{"idx":49,"road":"","cls":"secondary_link","shops":0,"st_km":1.64,"mesh":"54391343"},"geometry":{"type":"LineString","coordinates":[[139.41277,36.12382],[139.41369,36.12485],[139.41436,36.12551]]}},{"type":"Feature","properties":{"idx":47,"road":"","cls":"secondary_link","shops":0,"st_km":1.74,"mesh":"54391343"},"geometry":{"type":"LineString","coordinates":[[139.41361,36.12443],[139.4126,36.12337]]}},{"type":"Feature","properties":{"idx":62,"road":"","cls":"secondary_link","shops":0,"st_km":1.9,"mesh":"54391342"},"geometry":{"type":"LineString","coordinates":[[139.41123,36.12218],[139.41226,36.12334],[139.4124,36.1234]]}},{"type":"Feature","properties":{"idx":61,"road":"","cls":"secondary_link","shops":0,"st_km":1.95,"mesh":"54391342"},"geometry":{"type":"LineString","coordinates":[[139.41241,36.1232],[139.41129,36.12196],[139.41089,36.1216]]}},{"type":"Feature","properties":{"idx":62,"road":"","cls":"secondary_link","shops":0,"st_km":1.89,"mesh":"54391342"},"geometry":{"type":"LineString","coordinates":[[139.4126,36.12337],[139.41212,36.12275],[139.41155,36.12214]]}},{"type":"Feature","properties":{"idx":47,"road":"","cls":"secondary_link","shops":0,"st_km":1.73,"mesh":"54391343"},"geometry":{"type":"LineString","coordinates":[[139.4124,36.1234],[139.41267,36.1238],[139.41344,36.12474]]}},{"type":"Feature","properties":{"idx":68,"road":"","cls":"secondary_link","shops":0,"st_km":1.38,"mesh":"54391353"},"geometry":{"type":"LineString","coordinates":[[139.41485,36.12624],[139.4155,36.12695],[139.41568,36.12701]]}},{"type":"Feature","properties":{"idx":69,"road":"","cls":"secondary_link","shops":0,"st_km":1.35,"mesh":"54391353"},"geometry":{"type":"LineString","coordinates":[[139.41597,36.12734],[139.41564,36.1268],[139.41506,36.12612]]}},{"type":"Feature","properties":{"idx":127,"road":"","cls":"tertiary","shops":0,"st_km":0.59,"mesh":"54391377"},"geometry":{"type":"LineString","coordinates":[[139.46918,36.14055],[139.46828,36.14262],[139.46777,36.1434]]}},{"type":"Feature","properties":{"idx":211,"road":"","cls":"tertiary","shops":1,"st_km":0.69,"mesh":"54391387"},"geometry":{"type":"LineString","coordinates":[[139.46339,36.15148],[139.46196,36.15148]]}},{"type":"Feature","properties":{"idx":708,"road":"熊谷羽生線","cls":"secondary","shops":3,"st_km":0.77,"mesh":"54391378"},"geometry":{"type":"LineString","coordinates":[[139.47437,36.14733],[139.47924,36.14846]]}},{"type":"Feature","properties":{"idx":245,"road":"南大通り","cls":"tertiary","shops":1,"st_km":1.18,"mesh":"54391356"},"geometry":{"type":"LineString","coordinates":[[139.45864,36.13216],[139.4637,36.1341],[139.46417,36.13434]]}},{"type":"Feature","properties":{"idx":84,"road":"熊谷羽生線","cls":"secondary","shops":0,"st_km":0.17,"mesh":"54391365"},"geometry":{"type":"LineString","coordinates":[[139.43772,36.13642],[139.44034,36.13669],[139.44133,36.13666],[139.44253,36.13649]]}},{"type":"Feature","properties":{"idx":20,"road":"","cls":"primary","shops":0,"st_km":0.56,"mesh":"54391398"},"geometry":{"type":"LineString","coordinates":[[139.48266,36.1615],[139.48238,36.16146]]}},{"type":"Feature","properties":{"idx":22,"road":"","cls":"primary","shops":0,"st_km":0.47,"mesh":"54391398"},"geometry":{"type":"LineString","coordinates":[[139.48336,36.16199],[139.48334,36.16197]]}},{"type":"Feature","properties":{"idx":18,"road":"","cls":"primary","shops":0,"st_km":0.68,"mesh":"54391398"},"geometry":{"type":"LineString","coordinates":[[139.48238,36.16146],[139.47999,36.16122]]}},{"type":"Feature","properties":{"idx":97,"road":"","cls":"tertiary","shops":0,"st_km":0.74,"mesh":"54391389"},"geometry":{"type":"LineString","coordinates":[[139.49256,36.15645],[139.49274,36.15709]]}},{"type":"Feature","properties":{"idx":122,"road":"佐野行田線","cls":"primary","shops":0,"st_km":1.16,"mesh":"54391387"},"geometry":{"type":"LineString","coordinates":[[139.4735,36.15697],[139.47341,36.15687]]}},{"type":"Feature","properties":{"idx":672,"road":"佐野行田線","cls":"primary","shops":4,"st_km":0.42,"mesh":"54391387"},"geometry":{"type":"LineString","coordinates":[[139.47305,36.1564],[139.46973,36.15224],[139.46956,36.15186],[139.46908,36.14922],[139.46889,36.14632],[139.46965,36.14496]]}},{"type":"Feature","properties":{"idx":178,"road":"佐野行田線","cls":"primary","shops":1,"st_km":1.19,"mesh":"54391387"},"geometry":{"type":"LineString","coordinates":[[139.47387,36.15739],[139.4735,36.15697]]}},{"type":"Feature","properties":{"idx":96,"road":"","cls":"tertiary","shops":0,"st_km":1.19,"mesh":"54391387"},"geometry":{"type":"LineString","coordinates":[[139.46253,36.15715],[139.46255,36.15677]]}},{"type":"Feature","properties":{"idx":164,"road":"行田市停車場酒巻線","cls":"secondary","shops":1,"st_km":1.16,"mesh":"54391387"},"geometry":{"type":"LineString","coordinates":[[139.46255,36.15677],[139.46255,36.15667]]}},{"type":"Feature","properties":{"idx":35,"road":"行田市停車場酒巻線","cls":"secondary","shops":0,"st_km":0.66,"mesh":"54391376"},"geometry":{"type":"LineString","coordinates":[[139.46259,36.15411],[139.46123,36.14845],[139.46118,36.14802],[139.4612,36.14713],[139.46133,36.14474]]}},{"type":"Feature","properties":{"idx":125,"road":"佐野行田線","cls":"primary","shops":0,"st_km":1.12,"mesh":"54391387"},"geometry":{"type":"LineString","coordinates":[[139.47341,36.15687],[139.47305,36.1564]]}},{"type":"Feature","properties":{"idx":167,"road":"行田市停車場酒巻線","cls":"secondary","shops":1,"st_km":1.14,"mesh":"54391387"},"geometry":{"type":"LineString","coordinates":[[139.46255,36.15667],[139.46256,36.15632]]}},{"type":"Feature","properties":{"idx":124,"road":"","cls":"tertiary","shops":0,"st_km":1.17,"mesh":"54391386"},"geometry":{"type":"LineString","coordinates":[[139.45344,36.15607],[139.45356,36.1505]]}},{"type":"Feature","properties":{"idx":103,"road":"","cls":"tertiary","shops":0,"st_km":1.49,"mesh":"54391386"},"geometry":{"type":"LineString","coordinates":[[139.45342,36.15651],[139.45344,36.15607]]}},{"type":"Feature","properties":{"idx":16,"road":"弥藤吾行田線","cls":"secondary","shops":0,"st_km":3.17,"mesh":"54391393"},"geometry":{"type":"LineString","coordinates":[[139.417,36.16166],[139.41634,36.16711]]}},{"type":"Feature","properties":{"idx":19,"road":"","cls":"tertiary","shops":0,"st_km":1.84,"mesh":"54391385"},"geometry":{"type":"LineString","coordinates":[[139.44534,36.15636],[139.44543,36.15587]]}},{"type":"Feature","properties":{"idx":76,"road":"弥藤吾行田線","cls":"secondary","shops":0,"st_km":1.93,"mesh":"54391384"},"geometry":{"type":"LineString","coordinates":[[139.4257,36.15214],[139.42536,36.15554]]}},{"type":"Feature","properties":{"idx":63,"road":"熊谷羽生線旧道","cls":"tertiary","shops":0,"st_km":2.13,"mesh":"54391384"},"geometry":{"type":"LineString","coordinates":[[139.42045,36.1554],[139.42135,36.15548],[139.42603,36.15554],[139.42722,36.1556],[139.42805,36.15585],[139.42906,36.15634],[139.43096,36.1566],[139.43285,36.15726]]}},{"type":"Feature","properties":{"idx":20,"road":"","cls":"tertiary","shops":0,"st_km":1.71,"mesh":"54391385"},"geometry":{"type":"LineString","coordinates":[[139.44543,36.15587],[139.4458,36.15364]]}},{"type":"Feature","properties":{"idx":112,"road":"行田市停車場酒巻線","cls":"secondary","shops":0,"st_km":1.54,"mesh":"54391386"},"geometry":{"type":"LineString","coordinates":[[139.45342,36.15708],[139.45342,36.15661]]}},{"type":"Feature","properties":{"idx":18,"road":"","cls":"tertiary","shops":0,"st_km":1.89,"mesh":"54391385"},"geometry":{"type":"LineString","coordinates":[[139.44524,36.15691],[139.44534,36.15636]]}},{"type":"Feature","properties":{"idx":53,"road":"弥藤吾行田線","cls":"secondary","shops":0,"st_km":2.3,"mesh":"54391383"},"geometry":{"type":"LineString","coordinates":[[139.42536,36.15554],[139.42529,36.15602],[139.42515,36.15643],[139.4249,36.15685],[139.42459,36.15719],[139.4242,36.15747],[139.42377,36.15769],[139.42255,36.15798]]}},{"type":"Feature","properties":{"idx":17,"road":"","cls":"tertiary","shops":0,"st_km":3.12,"mesh":"54391359"},"geometry":{"type":"LineString","coordinates":[[139.49713,36.1315],[139.49701,36.13156]]}},{"type":"Feature","properties":{"idx":17,"road":"","cls":"tertiary","shops":0,"st_km":3.14,"mesh":"54391359"},"geometry":{"type":"LineString","coordinates":[[139.49724,36.13144],[139.49713,36.1315]]}},{"type":"Feature","properties":{"idx":19,"road":"上新郷埼玉線","cls":"secondary","shops":0,"st_km":3.14,"mesh":"54391359"},"geometry":{"type":"LineString","coordinates":[[139.49724,36.13144],[139.49694,36.13107]]}},{"type":"Feature","properties":{"idx":19,"road":"上新郷埼玉線","cls":"secondary","shops":0,"st_km":3.15,"mesh":"54391359"},"geometry":{"type":"LineString","coordinates":[[139.49694,36.13107],[139.4955,36.12922]]}},{"type":"Feature","properties":{"idx":17,"road":"","cls":"tertiary","shops":0,"st_km":3.11,"mesh":"54391359"},"geometry":{"type":"LineString","coordinates":[[139.49701,36.13156],[139.49676,36.13168]]}},{"type":"Feature","properties":{"idx":17,"road":"","cls":"tertiary","shops":0,"st_km":3.18,"mesh":"54391359"},"geometry":{"type":"LineString","coordinates":[[139.49795,36.13108],[139.49724,36.13144]]}},{"type":"Feature","properties":{"idx":51,"road":"","cls":"tertiary","shops":0,"st_km":2.07,"mesh":"54391368"},"geometry":{"type":"LineString","coordinates":[[139.49676,36.13168],[139.49442,36.13287],[139.48567,36.13652],[139.48421,36.13715],[139.48387,36.13734],[139.48345,36.1376],[139.48273,36.13826],[139.48238,36.13866],[139.47865,36.14247]]}},{"type":"Feature","properties":{"idx":78,"road":"","cls":"tertiary","shops":0,"st_km":2.04,"mesh":"54391357"},"geometry":{"type":"LineString","coordinates":[[139.46397,36.12833],[139.46657,36.12643],[139.46845,36.12513],[139.46912,36.12482],[139.46966,36.1247]]}},{"type":"Feature","properties":{"idx":85,"road":"","cls":"tertiary","shops":0,"st_km":2.24,"mesh":"54391328"},"geometry":{"type":"LineString","coordinates":[[139.48457,36.10493],[139.48372,36.10468]]}},{"type":"Feature","properties":{"idx":98,"road":"","cls":"tertiary","shops":0,"st_km":0.76,"mesh":"54391367"},"geometry":{"type":"LineString","coordinates":[[139.4692,36.14055],[139.46794,36.14036]]}},{"type":"Feature","properties":{"idx":108,"road":"","cls":"tertiary","shops":0,"st_km":1.37,"mesh":"54391357"},"geometry":{"type":"LineString","coordinates":[[139.46482,36.13249],[139.46511,36.13224]]}},{"type":"Feature","properties":{"idx":106,"road":"","cls":"tertiary","shops":0,"st_km":3.52,"mesh":"54391321"},"geometry":{"type":"LineString","coordinates":[[139.39794,36.1071],[139.39691,36.10707],[139.39661,36.10713],[139.39516,36.10754],[139.39452,36.10795],[139.39359,36.1081],[139.3902,36.10803],[139.38993,36.10795],[139.38914,36.10746],[139.3888,36.10742],[139.38636,36.10852],[139.38563,36.10905]]}},{"type":"Feature","properties":{"idx":81,"road":"","cls":"pedestrian","shops":0,"st_km":0.52,"mesh":"54391308"},"geometry":{"type":"LineString","coordinates":[[139.48037,36.08467],[139.48199,36.084],[139.4843,36.08285]]}},{"type":"Feature","properties":{"idx":565,"road":"熊谷羽生線","cls":"secondary","shops":3,"st_km":0.6,"mesh":"54391366"},"geometry":{"type":"LineString","coordinates":[[139.45129,36.137],[139.45204,36.13786],[139.45264,36.13824],[139.45543,36.13939],[139.45784,36.13998],[139.45921,36.14052]]}},{"type":"Feature","properties":{"idx":73,"road":"","cls":"tertiary","shops":1,"st_km":0.63,"mesh":"54391365"},"geometry":{"type":"LineString","coordinates":[[139.44809,36.13527],[139.44814,36.13572]]}},{"type":"Feature","properties":{"idx":81,"road":"熊谷羽生線","cls":"secondary","shops":1,"st_km":0.64,"mesh":"54391365"},"geometry":{"type":"LineString","coordinates":[[139.44814,36.13572],[139.44869,36.13605]]}},{"type":"Feature","properties":{"idx":84,"road":"熊谷羽生線","cls":"secondary","shops":1,"st_km":0.6,"mesh":"54391365"},"geometry":{"type":"LineString","coordinates":[[139.44748,36.1356],[139.44776,36.13559],[139.44814,36.13572]]}},{"type":"Feature","properties":{"idx":73,"road":"","cls":"tertiary","shops":1,"st_km":0.62,"mesh":"54391365"},"geometry":{"type":"LineString","coordinates":[[139.44813,36.13605],[139.44814,36.13572]]}},{"type":"Feature","properties":{"idx":104,"road":"","cls":"pedestrian","shops":0,"st_km":2.17,"mesh":"54391357"},"geometry":{"type":"LineString","coordinates":[[139.47611,36.12782],[139.47565,36.12782],[139.47531,36.12794],[139.47506,36.12794],[139.475,36.12797],[139.47493,36.12821],[139.47478,36.12836],[139.47449,36.12847],[139.4742,36.12845],[139.47397,36.12833],[139.47383,36.12815],[139.47375,36.12785],[139.47349,36.12752],[139.47348,36.12726]]}},{"type":"Feature","properties":{"idx":98,"road":"","cls":"pedestrian","shops":0,"st_km":2.34,"mesh":"54391357"},"geometry":{"type":"LineString","coordinates":[[139.47359,36.12708],[139.47386,36.12694],[139.47435,36.12682],[139.47466,36.12664],[139.47534,36.12644]]}},{"type":"Feature","properties":{"idx":110,"road":"","cls":"pedestrian","shops":0,"st_km":2.02,"mesh":"54391357"},"geometry":{"type":"LineString","coordinates":[[139.47624,36.12806],[139.47674,36.12898],[139.47669,36.12921],[139.47654,36.12935],[139.47606,36.12954],[139.4759,36.12956],[139.47583,36.1297],[139.47568,36.12981],[139.4753,36.12999],[139.47504,36.13018],[139.47486,36.13021],[139.47462,36.13007],[139.47409,36.12909],[139.474,36.12885],[139.47381,36.12859],[139.47319,36.12745],[139.47312,36.12727],[139.47317,36.12716],[139.47359,36.12708],[139.47348,36.12726],[139.47339,36.12712]]}},{"type":"Feature","properties":{"idx":101,"road":"","cls":"pedestrian","shops":0,"st_km":2.27,"mesh":"54391357"},"geometry":{"type":"LineString","coordinates":[[139.47526,36.12837],[139.47492,36.12774],[139.47489,36.12758],[139.47492,36.12748],[139.47515,36.12731],[139.47574,36.1271]]}},{"type":"Feature","properties":{"idx":100,"road":"","cls":"pedestrian","shops":0,"st_km":2.41,"mesh":"54391358"},"geometry":{"type":"LineString","coordinates":[[139.47745,36.12758],[139.47712,36.12717],[139.47697,36.12671],[139.47653,36.12593]]}},{"type":"Feature","properties":{"idx":519,"road":"","cls":"tertiary","shops":0,"st_km":2.0,"mesh":"54391329"},"geometry":{"type":"LineString","coordinates":[[139.49143,36.0973],[139.48958,36.0988],[139.48908,36.09937],[139.48884,36.09973],[139.48803,36.10114],[139.4856,36.10355],[139.48457,36.10493]]}},{"type":"Feature","properties":{"idx":86,"road":"","cls":"tertiary","shops":0,"st_km":2.2,"mesh":"54391328"},"geometry":{"type":"LineString","coordinates":[[139.4833,36.10456],[139.48372,36.10468]]}},{"type":"Feature","properties":{"idx":101,"road":"","cls":"tertiary","shops":0,"st_km":1.64,"mesh":"54391309"},"geometry":{"type":"LineString","coordinates":[[139.49465,36.09036],[139.49443,36.0894],[139.49406,36.08865]]}},{"type":"Feature","properties":{"idx":98,"road":"","cls":"tertiary","shops":0,"st_km":1.69,"mesh":"54391309"},"geometry":{"type":"LineString","coordinates":[[139.49474,36.09061],[139.49465,36.09036]]}},{"type":"Feature","properties":{"idx":120,"road":"","cls":"tertiary_link","shops":2,"st_km":0.03,"mesh":"54391308"},"geometry":{"type":"LineString","coordinates":[[139.47709,36.08641],[139.477,36.08626],[139.47701,36.08617],[139.47715,36.08611],[139.47739,36.08586],[139.47739,36.08577],[139.47729,36.0857],[139.47716,36.08573],[139.47679,36.08615],[139.47682,36.08625],[139.47709,36.08641]]}},{"type":"Feature","properties":{"idx":2,"road":"","cls":"pedestrian","shops":0,"st_km":4.72,"mesh":"54391310"},"geometry":{"type":"LineString","coordinates":[[139.37919,36.09703],[139.37913,36.09714],[139.37916,36.09731],[139.37961,36.0976],[139.3799,36.09786],[139.37953,36.09821],[139.37908,36.09849],[139.37884,36.09872],[139.37868,36.09915]]}},{"type":"Feature","properties":{"idx":6,"road":"","cls":"tertiary","shops":0,"st_km":2.41,"mesh":"54391313"},"geometry":{"type":"LineString","coordinates":[[139.42198,36.09364],[139.42197,36.0939]]}},{"type":"Feature","properties":{"idx":6,"road":"","cls":"tertiary","shops":0,"st_km":2.43,"mesh":"54391313"},"geometry":{"type":"LineString","coordinates":[[139.422,36.0935],[139.42198,36.09364]]}},{"type":"Feature","properties":{"idx":98,"road":"騎西鴻巣線","cls":"secondary","shops":1,"st_km":0.7,"mesh":"54391326"},"geometry":{"type":"LineString","coordinates":[[139.45779,36.10816],[139.45811,36.10813]]}},{"type":"Feature","properties":{"idx":76,"road":"行田東松山線","cls":"primary","shops":0,"st_km":1.81,"mesh":"54391305"},"geometry":{"type":"LineString","coordinates":[[139.44129,36.09006],[139.44122,36.09]]}},{"type":"Feature","properties":{"idx":21,"road":"","cls":"primary","shops":0,"st_km":0.53,"mesh":"54391398"},"geometry":{"type":"LineString","coordinates":[[139.48302,36.16165],[139.48266,36.1615]]}},{"type":"Feature","properties":{"idx":23,"road":"","cls":"primary","shops":0,"st_km":0.42,"mesh":"54391398"},"geometry":{"type":"LineString","coordinates":[[139.48469,36.16273],[139.48406,36.16257],[139.48373,36.16239],[139.48336,36.16199]]}},{"type":"Feature","properties":{"idx":1,"road":"","cls":"pedestrian","shops":0,"st_km":5.16,"mesh":"54391310"},"geometry":{"type":"LineString","coordinates":[[139.37489,36.09164],[139.37515,36.09176]]}},{"type":"Feature","properties":{"idx":2,"road":"","cls":"pedestrian","shops":0,"st_km":4.81,"mesh":"54391310"},"geometry":{"type":"LineString","coordinates":[[139.37839,36.09749],[139.37835,36.0975]]}},{"type":"Feature","properties":{"idx":2,"road":"","cls":"pedestrian","shops":0,"st_km":4.81,"mesh":"54391310"},"geometry":{"type":"LineString","coordinates":[[139.37858,36.0974],[139.37839,36.09749]]}},{"type":"Feature","properties":{"idx":2,"road":"","cls":"pedestrian","shops":1,"st_km":5.12,"mesh":"54391310"},"geometry":{"type":"LineString","coordinates":[[139.37717,36.09496],[139.37724,36.09473]]}},{"type":"Feature","properties":{"idx":3,"road":"","cls":"pedestrian","shops":2,"st_km":5.09,"mesh":"54391310"},"geometry":{"type":"LineString","coordinates":[[139.37697,36.09487],[139.37717,36.09496],[139.37755,36.09534]]}},{"type":"Feature","properties":{"idx":2,"road":"","cls":"pedestrian","shops":0,"st_km":4.5,"mesh":"54391310"},"geometry":{"type":"LineString","coordinates":[[139.38483,36.09964],[139.38436,36.0994]]}},{"type":"Feature","properties":{"idx":17,"road":"","cls":"tertiary","shops":0,"st_km":4.18,"mesh":"54391320"},"geometry":{"type":"LineString","coordinates":[[139.3854,36.10072],[139.38696,36.10369],[139.38711,36.10383]]}},{"type":"Feature","properties":{"idx":68,"road":"久下橋","cls":"secondary","shops":0,"st_km":1.79,"mesh":"54391343"},"geometry":{"type":"LineString","coordinates":[[139.41089,36.1216],[139.41436,36.12551]]}},{"type":"Feature","properties":{"idx":178,"road":"熊谷羽生線","cls":"secondary","shops":0,"st_km":0.72,"mesh":"54391364"},"geometry":{"type":"LineString","coordinates":[[139.43391,36.13597],[139.43384,36.13597]]}},{"type":"Feature","properties":{"idx":173,"road":"熊谷羽生線","cls":"secondary","shops":0,"st_km":0.73,"mesh":"54391364"},"geometry":{"type":"LineString","coordinates":[[139.43134,36.13571],[139.43389,36.13605]]}},{"type":"Feature","properties":{"idx":163,"road":"","cls":"tertiary","shops":0,"st_km":1.69,"mesh":"54391306"},"geometry":{"type":"LineString","coordinates":[[139.45033,36.08759],[139.45065,36.08791],[139.4508,36.08815]]}},{"type":"Feature","properties":{"idx":15,"road":"上中森鴻巣線","cls":"secondary","shops":0,"st_km":0.84,"mesh":"54391398"},"geometry":{"type":"LineString","coordinates":[[139.47974,36.16119],[139.48015,36.15861],[139.48018,36.15804]]}},{"type":"Feature","properties":{"idx":341,"road":"","cls":"tertiary","shops":0,"st_km":2.51,"mesh":"54391340"},"geometry":{"type":"LineString","coordinates":[[139.38124,36.11856],[139.37979,36.11866],[139.37884,36.11848]]}},{"type":"Feature","properties":{"idx":274,"road":"","cls":"tertiary","shops":0,"st_km":1.93,"mesh":"54391372"},"geometry":{"type":"LineString","coordinates":[[139.40989,36.14709],[139.4102,36.14737],[139.41028,36.14767],[139.40989,36.15188]]}},{"type":"Feature","properties":{"idx":131,"road":"熊谷羽生線","cls":"secondary","shops":0,"st_km":2.33,"mesh":"54391382"},"geometry":{"type":"LineString","coordinates":[[139.40499,36.15465],[139.40553,36.15447],[139.41098,36.15364],[139.4117,36.15362],[139.41317,36.15378]]}},{"type":"Feature","properties":{"idx":92,"road":"","cls":"tertiary_link","shops":0,"st_km":1.77,"mesh":"54391382"},"geometry":{"type":"LineString","coordinates":[[139.40263,36.15179],[139.40277,36.15186],[139.40277,36.15202]]}},{"type":"Feature","properties":{"idx":90,"road":"","cls":"tertiary_link","shops":0,"st_km":1.81,"mesh":"54391382"},"geometry":{"type":"LineString","coordinates":[[139.4039,36.15173],[139.4038,36.15166],[139.40378,36.15157],[139.40383,36.15148]]}},{"type":"Feature","properties":{"idx":124,"road":"第二北大通り","cls":"tertiary","shops":0,"st_km":0.9,"mesh":"54391353"},"geometry":{"type":"LineString","coordinates":[[139.4164,36.12779],[139.41679,36.1283],[139.41702,36.12867],[139.41735,36.12947],[139.41744,36.12982],[139.4175,36.13061],[139.41742,36.13387]]}},{"type":"Feature","properties":{"idx":58,"road":"熊谷羽生線","cls":"secondary","shops":0,"st_km":2.01,"mesh":"54391383"},"geometry":{"type":"LineString","coordinates":[[139.40977,36.15188],[139.41412,36.15199],[139.41592,36.15195]]}},{"type":"Feature","properties":{"idx":747,"road":"ラグビーロード","cls":"tertiary","shops":0,"st_km":2.28,"mesh":"54391391"},"geometry":{"type":"LineString","coordinates":[[139.3918,36.16474],[139.39155,36.16384],[139.39152,36.16332],[139.3919,36.15846]]}},{"type":"Feature","properties":{"idx":95,"road":"弥藤吾行田線","cls":"secondary","shops":0,"st_km":1.03,"mesh":"54391375"},"geometry":{"type":"LineString","coordinates":[[139.43486,36.15401],[139.43617,36.15231],[139.43771,36.15095],[139.44,36.14857],[139.44202,36.14675],[139.44224,36.1465],[139.44389,36.14422],[139.44685,36.14431],[139.44816,36.14427],[139.44899,36.14412],[139.45095,36.14345]]}},{"type":"Feature","properties":{"idx":35,"road":"熊谷羽生線","cls":"secondary","shops":0,"st_km":2.54,"mesh":"54391395"},"geometry":{"type":"LineString","coordinates":[[139.43285,36.15726],[139.43358,36.1575],[139.43404,36.15775],[139.43475,36.15838],[139.43495,36.15849],[139.43642,36.15884],[139.43684,36.15902],[139.43763,36.15951],[139.43795,36.15985],[139.43883,36.16043],[139.44017,36.1612],[139.44338,36.16257],[139.44437,36.16287],[139.44579,36.16322],[139.44736,36.16417],[139.44822,36.16489],[139.44874,36.16522],[139.44993,36.16622],[139.45061,36.16642]]}},{"type":"Feature","properties":{"idx":80,"road":"","cls":"tertiary","shops":0,"st_km":1.42,"mesh":"54391343"},"geometry":{"type":"LineString","coordinates":[[139.41872,36.1225],[139.41936,36.12233],[139.41986,36.122],[139.4201,36.12171],[139.4205,36.12102]]}},{"type":"Feature","properties":{"idx":74,"road":"","cls":"tertiary","shops":0,"st_km":1.54,"mesh":"54391343"},"geometry":{"type":"LineString","coordinates":[[139.41855,36.12253],[139.41872,36.1225]]}},{"type":"Feature","properties":{"idx":90,"road":"","cls":"tertiary","shops":0,"st_km":1.24,"mesh":"54391343"},"geometry":{"type":"LineString","coordinates":[[139.42085,36.12048],[139.42098,36.12032]]}},{"type":"Feature","properties":{"idx":88,"road":"","cls":"tertiary","shops":0,"st_km":1.28,"mesh":"54391343"},"geometry":{"type":"LineString","coordinates":[[139.4205,36.12102],[139.42085,36.12048]]}},{"type":"Feature","properties":{"idx":721,"road":"太田熊谷線","cls":"secondary","shops":1,"st_km":0.33,"mesh":"54391370"},"geometry":{"type":"LineString","coordinates":[[139.38151,36.14618],[139.38133,36.14577]]}},{"type":"Feature","properties":{"idx":509,"road":"","cls":"tertiary","shops":0,"st_km":1.23,"mesh":"54391351"},"geometry":{"type":"LineString","coordinates":[[139.39906,36.13248],[139.39992,36.13119]]}},{"type":"Feature","properties":{"idx":77,"road":"鎌塚鴻巣線","cls":"secondary","shops":0,"st_km":0.52,"mesh":"54391326"},"geometry":{"type":"LineString","coordinates":[[139.45871,36.10067],[139.45884,36.10088]]}},{"type":"Feature","properties":{"idx":102,"road":"","cls":"tertiary","shops":1,"st_km":0.53,"mesh":"54391326"},"geometry":{"type":"LineString","coordinates":[[139.45884,36.10088],[139.45921,36.10126]]}},{"type":"Feature","properties":{"idx":248,"road":"福田鴻巣線","cls":"secondary","shops":4,"st_km":0.45,"mesh":"54391326"},"geometry":{"type":"LineString","coordinates":[[139.45751,36.10228],[139.45921,36.10126]]}},{"type":"Feature","properties":{"idx":126,"road":"行田東松山線","cls":"primary","shops":1,"st_km":0.53,"mesh":"54391326"},"geometry":{"type":"LineString","coordinates":[[139.45132,36.10626],[139.44929,36.10752]]}},{"type":"Feature","properties":{"idx":215,"road":"旧中山道","cls":"tertiary","shops":2,"st_km":0.49,"mesh":"54391325"},"geometry":{"type":"LineString","coordinates":[[139.44822,36.10513],[139.44962,36.10528]]}},{"type":"Feature","properties":{"idx":150,"road":"","cls":"tertiary","shops":0,"st_km":1.67,"mesh":"54391350"},"geometry":{"type":"LineString","coordinates":[[139.3745,36.12974],[139.37488,36.12953],[139.37509,36.12933],[139.37517,36.1292],[139.37533,36.12844],[139.37565,36.12788],[139.37575,36.12775],[139.37593,36.12766]]}},{"type":"Feature","properties":{"idx":248,"road":"","cls":"secondary_link","shops":0,"st_km":0.82,"mesh":"54391371"},"geometry":{"type":"LineString","coordinates":[[139.39211,36.14701],[139.39223,36.14693],[139.39243,36.14693]]}},{"type":"Feature","properties":{"idx":338,"road":"太田熊谷線","cls":"secondary","shops":0,"st_km":0.72,"mesh":"54391370"},"geometry":{"type":"LineString","coordinates":[[139.38395,36.15254],[139.38386,36.15209],[139.38375,36.1518],[139.38302,36.15071],[139.38288,36.15043],[139.38273,36.14983],[139.38263,36.14891],[139.38244,36.14832],[139.38151,36.14618]]}},{"type":"Feature","properties":{"idx":526,"road":"第二北大通り","cls":"tertiary","shops":2,"st_km":1.4,"mesh":"54391380"},"geometry":{"type":"LineString","coordinates":[[139.3804,36.15731],[139.37897,36.1575],[139.37628,36.15847]]}},{"type":"Feature","properties":{"idx":746,"road":"","cls":"tertiary","shops":3,"st_km":0.05,"mesh":"54391361"},"geometry":{"type":"LineString","coordinates":[[139.38998,36.1404],[139.38991,36.14019]]}},{"type":"Feature","properties":{"idx":375,"road":"","cls":"tertiary","shops":0,"st_km":2.01,"mesh":"54391390"},"geometry":{"type":"LineString","coordinates":[[139.37766,36.16417],[139.37672,36.16457]]}},{"type":"Feature","properties":{"idx":987,"road":"ラグビーロード","cls":"primary","shops":1,"st_km":0.33,"mesh":"54391371"},"geometry":{"type":"LineString","coordinates":[[139.39054,36.14275],[139.39052,36.14266]]}},{"type":"Feature","properties":{"idx":724,"road":"ラグビーロード","cls":"primary","shops":2,"st_km":0.08,"mesh":"54391361"},"geometry":{"type":"LineString","coordinates":[[139.38998,36.1404],[139.39005,36.14069]]}},{"type":"Feature","properties":{"idx":614,"road":"","cls":"tertiary","shops":1,"st_km":0.58,"mesh":"54391371"},"geometry":{"type":"LineString","coordinates":[[139.38727,36.14377],[139.38816,36.14572]]}},{"type":"Feature","properties":{"idx":452,"road":"","cls":"tertiary","shops":0,"st_km":0.5,"mesh":"54391370"},"geometry":{"type":"LineString","coordinates":[[139.38724,36.14369],[139.38727,36.14377]]}},{"type":"Feature","properties":{"idx":384,"road":"","cls":"tertiary","shops":1,"st_km":0.2,"mesh":"54391361"},"geometry":{"type":"LineString","coordinates":[[139.38801,36.13882],[139.38812,36.13889]]}},{"type":"Feature","properties":{"idx":251,"road":"","cls":"tertiary","shops":0,"st_km":0.22,"mesh":"54391361"},"geometry":{"type":"LineString","coordinates":[[139.38797,36.13848],[139.38801,36.13882]]}},{"type":"Feature","properties":{"idx":239,"road":"","cls":"tertiary","shops":0,"st_km":0.26,"mesh":"54391361"},"geometry":{"type":"LineString","coordinates":[[139.38739,36.13809],[139.38797,36.13848]]}},{"type":"Feature","properties":{"idx":1054,"road":"","cls":"tertiary","shops":6,"st_km":0.17,"mesh":"54391361"},"geometry":{"type":"LineString","coordinates":[[139.3887,36.1388],[139.38873,36.13867],[139.3885,36.13852]]}},{"type":"Feature","properties":{"idx":275,"road":"","cls":"tertiary","shops":1,"st_km":0.33,"mesh":"54391360"},"geometry":{"type":"LineString","coordinates":[[139.3861,36.13922],[139.3866,36.13884]]}},{"type":"Feature","properties":{"idx":183,"road":"","cls":"tertiary","shops":0,"st_km":0.33,"mesh":"54391360"},"geometry":{"type":"LineString","coordinates":[[139.38638,36.14027],[139.3861,36.13922]]}},{"type":"Feature","properties":{"idx":457,"road":"","cls":"tertiary","shops":0,"st_km":0.49,"mesh":"54391370"},"geometry":{"type":"LineString","coordinates":[[139.38741,36.14373],[139.38736,36.14365]]}},{"type":"Feature","properties":{"idx":597,"road":"","cls":"tertiary","shops":1,"st_km":0.61,"mesh":"54391371"},"geometry":{"type":"LineString","coordinates":[[139.38874,36.14653],[139.38741,36.14373]]}},{"type":"Feature","properties":{"idx":88,"road":"胄山熊谷線","cls":"secondary","shops":0,"st_km":2.57,"mesh":"54391322"},"geometry":{"type":"LineString","coordinates":[[139.40736,36.10538],[139.40748,36.10469],[139.40742,36.09894]]}},{"type":"Feature","properties":{"idx":90,"road":"胄山熊谷線","cls":"secondary","shops":0,"st_km":2.48,"mesh":"54391322"},"geometry":{"type":"LineString","coordinates":[[139.40449,36.10816],[139.40459,36.1079],[139.40485,36.10755],[139.40521,36.10726],[139.40669,36.10625],[139.40701,36.10594],[139.40736,36.10538]]}},{"type":"Feature","properties":{"idx":12,"road":"胄山熊谷線","cls":"secondary","shops":0,"st_km":2.56,"mesh":"54391332"},"geometry":{"type":"LineString","coordinates":[[139.40442,36.10862],[139.40443,36.10845]]}},{"type":"Feature","properties":{"idx":6,"road":"胄山熊谷線","cls":"secondary","shops":0,"st_km":2.93,"mesh":"54391313"},"geometry":{"type":"LineString","coordinates":[[139.41296,36.0902],[139.41317,36.09094],[139.4132,36.09163],[139.41333,36.09208],[139.41332,36.0924],[139.41294,36.0933],[139.41228,36.09431]]}},{"type":"Feature","properties":{"idx":85,"road":"胄山熊谷線","cls":"secondary","shops":0,"st_km":3.15,"mesh":"54391303"},"geometry":{"type":"LineString","coordinates":[[139.41294,36.09014],[139.41296,36.0902]]}},{"type":"Feature","properties":{"idx":67,"road":"","cls":"tertiary","shops":0,"st_km":0.39,"mesh":"54391308"},"geometry":{"type":"LineString","coordinates":[[139.47953,36.08922],[139.47959,36.08768],[139.47951,36.08736]]}},{"type":"Feature","properties":{"idx":94,"road":"","cls":"tertiary","shops":1,"st_km":0.46,"mesh":"54391308"},"geometry":{"type":"LineString","coordinates":[[139.47949,36.08886],[139.47949,36.08914],[139.47953,36.08922]]}},{"type":"Feature","properties":{"idx":68,"road":"","cls":"tertiary","shops":0,"st_km":0.37,"mesh":"54391308"},"geometry":{"type":"LineString","coordinates":[[139.47951,36.08736],[139.47949,36.08886]]}},{"type":"Feature","properties":{"idx":74,"road":"","cls":"tertiary","shops":0,"st_km":0.29,"mesh":"54391308"},"geometry":{"type":"LineString","coordinates":[[139.47981,36.08377],[139.47939,36.08417]]}},{"type":"Feature","properties":{"idx":300,"road":"ラグビーロード","cls":"tertiary","shops":0,"st_km":0.93,"mesh":"54391371"},"geometry":{"type":"LineString","coordinates":[[139.39211,36.14937],[139.3921,36.14665]]}},{"type":"Feature","properties":{"idx":230,"road":"","cls":"tertiary","shops":0,"st_km":1.38,"mesh":"54391381"},"geometry":{"type":"LineString","coordinates":[[139.39312,36.15202],[139.39211,36.15201]]}},{"type":"Feature","properties":{"idx":225,"road":"","cls":"tertiary","shops":0,"st_km":1.41,"mesh":"54391381"},"geometry":{"type":"LineString","coordinates":[[139.3952,36.15203],[139.39312,36.15202]]}},{"type":"Feature","properties":{"idx":999,"road":"","cls":"tertiary","shops":5,"st_km":0.1,"mesh":"54391361"},"geometry":{"type":"LineString","coordinates":[[139.38931,36.14047],[139.38938,36.14059]]}},{"type":"Feature","properties":{"idx":163,"road":"熊谷羽生線","cls":"secondary","shops":0,"st_km":1.8,"mesh":"54391382"},"geometry":{"type":"LineString","coordinates":[[139.39946,36.15162],[139.39942,36.15177],[139.3995,36.15188],[139.4032,36.1547]]}},{"type":"Feature","properties":{"idx":1054,"road":"","cls":"tertiary","shops":5,"st_km":0.05,"mesh":"54391361"},"geometry":{"type":"LineString","coordinates":[[139.38991,36.14019],[139.38982,36.14015],[139.3895,36.14026]]}},{"type":"Feature","properties":{"idx":1175,"road":"","cls":"tertiary","shops":6,"st_km":0.07,"mesh":"54391361"},"geometry":{"type":"LineString","coordinates":[[139.3895,36.14026],[139.38935,36.14031]]}},{"type":"Feature","properties":{"idx":520,"road":"","cls":"tertiary","shops":2,"st_km":0.18,"mesh":"54391361"},"geometry":{"type":"LineString","coordinates":[[139.38812,36.13889],[139.38824,36.13898]]}},{"type":"Feature","properties":{"idx":138,"road":"","cls":"tertiary","shops":0,"st_km":0.4,"mesh":"54391360"},"geometry":{"type":"LineString","coordinates":[[139.38549,36.13947],[139.38094,36.14071]]}},{"type":"Feature","properties":{"idx":220,"road":"熊谷羽生線","cls":"secondary","shops":0,"st_km":1.09,"mesh":"54391378"},"geometry":{"type":"LineString","coordinates":[[139.47931,36.14847],[139.47993,36.14856],[139.48133,36.14857]]}},{"type":"Feature","properties":{"idx":108,"road":"行田蓮田線","cls":"primary","shops":0,"st_km":1.8,"mesh":"54391357"},"geometry":{"type":"LineString","coordinates":[[139.46488,36.13157],[139.46613,36.1306],[139.46843,36.1286],[139.46935,36.12811],[139.47133,36.12742]]}},{"type":"Feature","properties":{"idx":112,"road":"行田東松山線","cls":"primary","shops":0,"st_km":1.71,"mesh":"54391357"},"geometry":{"type":"LineString","coordinates":[[139.46488,36.13157],[139.46337,36.12613]]}},{"type":"Feature","properties":{"idx":241,"road":"行田東松山線","cls":"primary","shops":3,"st_km":0.39,"mesh":"54391326"},"geometry":{"type":"LineString","coordinates":[[139.45463,36.10643],[139.45452,36.10628]]}},{"type":"Feature","properties":{"idx":135,"road":"","cls":"tertiary","shops":0,"st_km":0.52,"mesh":"54391377"},"geometry":{"type":"LineString","coordinates":[[139.47413,36.14801],[139.47357,36.14956]]}},{"type":"Feature","properties":{"idx":184,"road":"","cls":"tertiary","shops":0,"st_km":1.18,"mesh":"54391378"},"geometry":{"type":"LineString","coordinates":[[139.48137,36.14587],[139.48136,36.14641]]}},{"type":"Feature","properties":{"idx":244,"road":"熊谷羽生線","cls":"secondary","shops":1,"st_km":0.42,"mesh":"54391377"},"geometry":{"type":"LineString","coordinates":[[139.46074,36.14108],[139.4636,36.142],[139.46513,36.14237]]}},{"type":"Feature","properties":{"idx":150,"road":"","cls":"tertiary","shops":0,"st_km":1.51,"mesh":"54391378"},"geometry":{"type":"LineString","coordinates":[[139.48299,36.14589],[139.48591,36.14593],[139.48651,36.14582],[139.48687,36.14559]]}},{"type":"Feature","properties":{"idx":180,"road":"南大通り","cls":"tertiary","shops":0,"st_km":1.9,"mesh":"54391379"},"geometry":{"type":"LineString","coordinates":[[139.48981,36.14315],[139.487,36.14092]]}},{"type":"Feature","properties":{"idx":190,"road":"","cls":"tertiary","shops":0,"st_km":1.77,"mesh":"54391379"},"geometry":{"type":"LineString","coordinates":[[139.48726,36.1459],[139.48869,36.14704]]}},{"type":"Feature","properties":{"idx":202,"road":"熊谷羽生線","cls":"secondary","shops":0,"st_km":1.79,"mesh":"54391379"},"geometry":{"type":"LineString","coordinates":[[139.49006,36.14751],[139.49203,36.14619],[139.49252,36.14592],[139.49301,36.14572]]}},{"type":"Feature","properties":{"idx":179,"road":"熊谷羽生線","cls":"secondary","shops":0,"st_km":2.14,"mesh":"54391379"},"geometry":{"type":"LineString","coordinates":[[139.49301,36.14572],[139.49413,36.14538],[139.50067,36.14316]]}},{"type":"Feature","properties":{"idx":185,"road":"","cls":"tertiary","shops":0,"st_km":1.83,"mesh":"54391379"},"geometry":{"type":"LineString","coordinates":[[139.48687,36.14559],[139.48981,36.14315]]}},{"type":"Feature","properties":{"idx":136,"road":"","cls":"tertiary","shops":0,"st_km":1.7,"mesh":"54391378"},"geometry":{"type":"LineString","coordinates":[[139.48687,36.14559],[139.48726,36.1459]]}},{"type":"Feature","properties":{"idx":150,"road":"","cls":"tertiary","shops":0,"st_km":0.93,"mesh":"54391366"},"geometry":{"type":"LineString","coordinates":[[139.45234,36.13508],[139.45178,36.13594],[139.45129,36.137]]}},{"type":"Feature","properties":{"idx":239,"road":"","cls":"tertiary","shops":1,"st_km":0.85,"mesh":"54391366"},"geometry":{"type":"LineString","coordinates":[[139.45129,36.137],[139.4511,36.13748],[139.45098,36.13889]]}},{"type":"Feature","properties":{"idx":192,"road":"熊谷羽生線","cls":"secondary","shops":0,"st_km":0.77,"mesh":"54391366"},"geometry":{"type":"LineString","coordinates":[[139.44869,36.13605],[139.44924,36.1363],[139.45085,36.13674],[139.45129,36.137]]}},{"type":"Feature","properties":{"idx":55,"road":"日光脇往還","cls":"tertiary","shops":0,"st_km":1.77,"mesh":"54391346"},"geometry":{"type":"LineString","coordinates":[[139.4502,36.118],[139.45045,36.11813],[139.45056,36.11827],[139.4507,36.1188],[139.45093,36.12006]]}},{"type":"Feature","properties":{"idx":101,"road":"","cls":"tertiary","shops":0,"st_km":1.65,"mesh":"54391345"},"geometry":{"type":"LineString","coordinates":[[139.44558,36.12266],[139.4493,36.1204],[139.44982,36.12024],[139.45093,36.12006]]}},{"type":"Feature","properties":{"idx":53,"road":"","cls":"tertiary","shops":1,"st_km":1.52,"mesh":"54391336"},"geometry":{"type":"LineString","coordinates":[[139.4603,36.11538],[139.46042,36.11541]]}},{"type":"Feature","properties":{"idx":86,"road":"行田東松山線","cls":"primary","shops":0,"st_km":2.28,"mesh":"54391347"},"geometry":{"type":"LineString","coordinates":[[139.46266,36.12363],[139.46267,36.12351],[139.46255,36.12307]]}},{"type":"Feature","properties":{"idx":97,"road":"行田東松山線","cls":"primary","shops":1,"st_km":1.93,"mesh":"54391346"},"geometry":{"type":"LineString","coordinates":[[139.4603,36.11538],[139.46237,36.12276]]}},{"type":"Feature","properties":{"idx":581,"road":"熊谷羽生線","cls":"secondary","shops":2,"st_km":0.33,"mesh":"54391366"},"geometry":{"type":"LineString","coordinates":[[139.45921,36.14052],[139.46074,36.14108]]}},{"type":"Feature","properties":{"idx":203,"road":"小沼橋通り","cls":"secondary","shops":5,"st_km":0.1,"mesh":"54391376"},"geometry":{"type":"LineString","coordinates":[[139.45927,36.14293],[139.45973,36.14293]]}},{"type":"Feature","properties":{"idx":237,"road":"","cls":"tertiary","shops":7,"st_km":0.08,"mesh":"54391376"},"geometry":{"type":"LineString","coordinates":[[139.45927,36.14293],[139.45928,36.14315]]}},{"type":"Feature","properties":{"idx":53,"road":"胄山熊谷線","cls":"secondary","shops":0,"st_km":2.56,"mesh":"54391312"},"geometry":{"type":"LineString","coordinates":[[139.41212,36.09574],[139.41219,36.09797],[139.4121,36.09844],[139.41184,36.09891]]}},{"type":"Feature","properties":{"idx":45,"road":"","cls":"tertiary","shops":0,"st_km":2.79,"mesh":"54391312"},"geometry":{"type":"LineString","coordinates":[[139.40694,36.09894],[139.40742,36.09894]]}},{"type":"Feature","properties":{"idx":61,"road":"","cls":"secondary_link","shops":0,"st_km":1.95,"mesh":"54391342"},"geometry":{"type":"LineString","coordinates":[[139.41089,36.1216],[139.41141,36.12228],[139.41229,36.12327]]}},{"type":"Feature","properties":{"idx":49,"road":"","cls":"secondary_link","shops":0,"st_km":1.64,"mesh":"54391343"},"geometry":{"type":"LineString","coordinates":[[139.41436,36.12551],[139.41372,36.12468],[139.41289,36.12375]]}},{"type":"Feature","properties":{"idx":64,"road":"","cls":"secondary_link","shops":0,"st_km":1.83,"mesh":"54391342"},"geometry":{"type":"LineString","coordinates":[[139.41229,36.12327],[139.4124,36.1234]]}},{"type":"Feature","properties":{"idx":64,"road":"","cls":"secondary_link","shops":0,"st_km":1.82,"mesh":"54391342"},"geometry":{"type":"LineString","coordinates":[[139.4126,36.12337],[139.41241,36.1232]]}},{"type":"Feature","properties":{"idx":46,"road":"","cls":"secondary_link","shops":0,"st_km":1.77,"mesh":"54391343"},"geometry":{"type":"LineString","coordinates":[[139.41289,36.12375],[139.41278,36.12361]]}},{"type":"Feature","properties":{"idx":46,"road":"","cls":"secondary_link","shops":0,"st_km":1.77,"mesh":"54391343"},"geometry":{"type":"LineString","coordinates":[[139.41258,36.12364],[139.41277,36.12382]]}},{"type":"Feature","properties":{"idx":103,"road":"久下橋","cls":"secondary","shops":0,"st_km":1.35,"mesh":"54391353"},"geometry":{"type":"LineString","coordinates":[[139.41524,36.12652],[139.41568,36.12701]]}},{"type":"Feature","properties":{"idx":316,"road":"熊谷羽生線","cls":"secondary","shops":0,"st_km":1.01,"mesh":"54391371"},"geometry":{"type":"LineString","coordinates":[[139.39635,36.14953],[139.39562,36.14894],[139.39372,36.14801],[139.39228,36.14664]]}},{"type":"Feature","properties":{"idx":257,"road":"熊谷羽生線","cls":"secondary","shops":0,"st_km":1.28,"mesh":"54391371"},"geometry":{"type":"LineString","coordinates":[[139.39635,36.14953],[139.3974,36.15028]]}},{"type":"Feature","properties":{"idx":172,"road":"熊谷羽生線","cls":"secondary","shops":0,"st_km":1.7,"mesh":"54391382"},"geometry":{"type":"LineString","coordinates":[[139.40336,36.15172],[139.40027,36.15165]]}},{"type":"Feature","properties":{"idx":460,"road":"熊谷羽生線","cls":"secondary","shops":2,"st_km":1.56,"mesh":"54391381"},"geometry":{"type":"LineString","coordinates":[[139.39946,36.15162],[139.3995,36.15155]]}},{"type":"Feature","properties":{"idx":309,"road":"","cls":"tertiary","shops":1,"st_km":1.55,"mesh":"54391381"},"geometry":{"type":"LineString","coordinates":[[139.39929,36.15156],[139.39933,36.1515]]}},{"type":"Feature","properties":{"idx":144,"road":"熊谷羽生線","cls":"secondary","shops":0,"st_km":2.06,"mesh":"54391382"},"geometry":{"type":"LineString","coordinates":[[139.40977,36.15188],[139.40501,36.15176]]}},{"type":"Feature","properties":{"idx":237,"road":"熊谷羽生線","cls":"secondary","shops":0,"st_km":1.51,"mesh":"54391381"},"geometry":{"type":"LineString","coordinates":[[139.39828,36.15096],[139.39894,36.15142],[139.39946,36.15162]]}},{"type":"Feature","properties":{"idx":276,"road":"太田熊谷線","cls":"secondary","shops":0,"st_km":1.51,"mesh":"54391380"},"geometry":{"type":"LineString","coordinates":[[139.38491,36.15683],[139.38506,36.15575]]}},{"type":"Feature","properties":{"idx":286,"road":"太田熊谷線","cls":"secondary","shops":0,"st_km":1.45,"mesh":"54391380"},"geometry":{"type":"LineString","coordinates":[[139.38506,36.15575],[139.38506,36.1556]]}},{"type":"Feature","properties":{"idx":330,"road":"","cls":"tertiary","shops":0,"st_km":1.04,"mesh":"54391380"},"geometry":{"type":"LineString","coordinates":[[139.38384,36.15234],[139.38021,36.15242]]}},{"type":"Feature","properties":{"idx":318,"road":"太田熊谷線","cls":"secondary","shops":0,"st_km":1.27,"mesh":"54391380"},"geometry":{"type":"LineString","coordinates":[[139.38506,36.1556],[139.38496,36.15506],[139.38482,36.15469],[139.38416,36.15338],[139.38395,36.15259]]}},{"type":"Feature","properties":{"idx":358,"road":"太田熊谷線","cls":"secondary","shops":0,"st_km":1.09,"mesh":"54391380"},"geometry":{"type":"LineString","coordinates":[[139.38395,36.15259],[139.38395,36.15254]]}},{"type":"Feature","properties":{"idx":330,"road":"","cls":"tertiary","shops":0,"st_km":1.05,"mesh":"54391380"},"geometry":{"type":"LineString","coordinates":[[139.38009,36.15242],[139.37791,36.15247]]}},{"type":"Feature","properties":{"idx":330,"road":"","cls":"tertiary","shops":0,"st_km":1.04,"mesh":"54391380"},"geometry":{"type":"LineString","coordinates":[[139.38021,36.15242],[139.38009,36.15242]]}},{"type":"Feature","properties":{"idx":177,"road":"熊谷小川秩父線","cls":"primary","shops":0,"st_km":1.8,"mesh":"54391350"},"geometry":{"type":"LineString","coordinates":[[139.37543,36.12709],[139.37573,36.12735],[139.37593,36.12766]]}},{"type":"Feature","properties":{"idx":133,"road":"","cls":"tertiary","shops":0,"st_km":0.43,"mesh":"54391360"},"geometry":{"type":"LineString","coordinates":[[139.38075,36.13934],[139.38073,36.13906]]}},{"type":"Feature","properties":{"idx":132,"road":"","cls":"tertiary","shops":0,"st_km":0.44,"mesh":"54391360"},"geometry":{"type":"LineString","coordinates":[[139.38065,36.13908],[139.38055,36.13912]]}},{"type":"Feature","properties":{"idx":132,"road":"","cls":"tertiary","shops":0,"st_km":0.44,"mesh":"54391360"},"geometry":{"type":"LineString","coordinates":[[139.3807,36.13907],[139.38065,36.13908]]}},{"type":"Feature","properties":{"idx":83,"road":"","cls":"tertiary_link","shops":0,"st_km":0.43,"mesh":"54391360"},"geometry":{"type":"LineString","coordinates":[[139.3807,36.13907],[139.38072,36.13926]]}},{"type":"Feature","properties":{"idx":132,"road":"","cls":"tertiary","shops":0,"st_km":0.45,"mesh":"54391360"},"geometry":{"type":"LineString","coordinates":[[139.38073,36.13906],[139.3807,36.13907]]}},{"type":"Feature","properties":{"idx":130,"road":"","cls":"tertiary","shops":0,"st_km":0.46,"mesh":"54391360"},"geometry":{"type":"LineString","coordinates":[[139.38073,36.13906],[139.38071,36.13889]]}},{"type":"Feature","properties":{"idx":82,"road":"","cls":"tertiary_link","shops":0,"st_km":0.45,"mesh":"54391360"},"geometry":{"type":"LineString","coordinates":[[139.38069,36.13898],[139.3807,36.13907]]}},{"type":"Feature","properties":{"idx":144,"road":"大里比企広域農道","cls":"tertiary","shops":0,"st_km":1.76,"mesh":"54391350"},"geometry":{"type":"LineString","coordinates":[[139.37634,36.12753],[139.37712,36.12755]]}},{"type":"Feature","properties":{"idx":12,"road":"胄山熊谷線","cls":"secondary","shops":0,"st_km":2.53,"mesh":"54391332"},"geometry":{"type":"LineString","coordinates":[[139.4044,36.10935],[139.40436,36.11044]]}},{"type":"Feature","properties":{"idx":12,"road":"胄山熊谷線","cls":"secondary","shops":0,"st_km":2.51,"mesh":"54391332"},"geometry":{"type":"LineString","coordinates":[[139.40429,36.11206],[139.40425,36.11329]]}},{"type":"Feature","properties":{"idx":12,"road":"胄山熊谷線","cls":"secondary","shops":0,"st_km":2.52,"mesh":"54391332"},"geometry":{"type":"LineString","coordinates":[[139.40436,36.11044],[139.40433,36.1112]]}},{"type":"Feature","properties":{"idx":97,"road":"久下橋","cls":"secondary","shops":0,"st_km":1.46,"mesh":"54391353"},"geometry":{"type":"LineString","coordinates":[[139.41436,36.12551],[139.41524,36.12652]]}},{"type":"Feature","properties":{"idx":12,"road":"胄山熊谷線","cls":"secondary","shops":0,"st_km":2.55,"mesh":"54391332"},"geometry":{"type":"LineString","coordinates":[[139.40442,36.10867],[139.4044,36.10935]]}},{"type":"Feature","properties":{"idx":12,"road":"胄山熊谷線","cls":"secondary","shops":0,"st_km":2.56,"mesh":"54391332"},"geometry":{"type":"LineString","coordinates":[[139.40442,36.10862],[139.40442,36.10867]]}},{"type":"Feature","properties":{"idx":89,"road":"胄山熊谷線","cls":"secondary","shops":0,"st_km":2.56,"mesh":"54391322"},"geometry":{"type":"LineString","coordinates":[[139.40443,36.10845],[139.40449,36.10816]]}},{"type":"Feature","properties":{"idx":141,"road":"熊谷羽生線","cls":"secondary","shops":0,"st_km":2.12,"mesh":"54391382"},"geometry":{"type":"LineString","coordinates":[[139.40327,36.15475],[139.40357,36.15497],[139.40384,36.15506],[139.40399,36.15505],[139.40422,36.155],[139.40499,36.15465]]}},{"type":"Feature","properties":{"idx":145,"road":"熊谷羽生線","cls":"secondary","shops":0,"st_km":2.04,"mesh":"54391382"},"geometry":{"type":"LineString","coordinates":[[139.4032,36.1547],[139.40327,36.15475]]}},{"type":"Feature","properties":{"idx":206,"road":"ラグビーロード","cls":"tertiary","shops":0,"st_km":1.55,"mesh":"54391381"},"geometry":{"type":"LineString","coordinates":[[139.3921,36.15529],[139.39211,36.15201]]}},{"type":"Feature","properties":{"idx":56,"road":"熊谷羽生線","cls":"secondary","shops":0,"st_km":2.14,"mesh":"54391383"},"geometry":{"type":"LineString","coordinates":[[139.41331,36.15379],[139.41478,36.154]]}},{"type":"Feature","properties":{"idx":55,"road":"熊谷羽生線","cls":"secondary","shops":0,"st_km":2.17,"mesh":"54391383"},"geometry":{"type":"LineString","coordinates":[[139.41317,36.15378],[139.41331,36.15379]]}},{"type":"Feature","properties":{"idx":50,"road":"熊谷羽生線旧道","cls":"tertiary","shops":0,"st_km":2.11,"mesh":"54391383"},"geometry":{"type":"LineString","coordinates":[[139.41538,36.15412],[139.41932,36.15518],[139.42035,36.15538]]}},{"type":"Feature","properties":{"idx":50,"road":"熊谷羽生線旧道","cls":"tertiary","shops":0,"st_km":2.13,"mesh":"54391383"},"geometry":{"type":"LineString","coordinates":[[139.42035,36.15538],[139.42045,36.1554]]}},{"type":"Feature","properties":{"idx":255,"road":"熊谷羽生線","cls":"secondary","shops":0,"st_km":1.4,"mesh":"54391381"},"geometry":{"type":"LineString","coordinates":[[139.39745,36.15032],[139.39828,36.15096]]}},{"type":"Feature","properties":{"idx":264,"road":"熊谷羽生線","cls":"secondary","shops":0,"st_km":1.35,"mesh":"54391381"},"geometry":{"type":"LineString","coordinates":[[139.3974,36.15028],[139.39745,36.15032]]}},{"type":"Feature","properties":{"idx":252,"road":"ラグビーロード","cls":"tertiary","shops":0,"st_km":1.25,"mesh":"54391381"},"geometry":{"type":"LineString","coordinates":[[139.39211,36.15201],[139.39211,36.14982]]}},{"type":"Feature","properties":{"idx":261,"road":"ラグビーロード","cls":"tertiary","shops":0,"st_km":1.1,"mesh":"54391371"},"geometry":{"type":"LineString","coordinates":[[139.39211,36.14982],[139.39211,36.14937]]}},{"type":"Feature","properties":{"idx":276,"road":"","cls":"tertiary","shops":0,"st_km":1.03,"mesh":"54391371"},"geometry":{"type":"LineString","coordinates":[[139.39078,36.14906],[139.39078,36.14913]]}},{"type":"Feature","properties":{"idx":277,"road":"","cls":"tertiary","shops":0,"st_km":1.03,"mesh":"54391371"},"geometry":{"type":"LineString","coordinates":[[139.39078,36.14905],[139.39078,36.14906]]}},{"type":"Feature","properties":{"idx":429,"road":"","cls":"tertiary","shops":1,"st_km":0.78,"mesh":"54391370"},"geometry":{"type":"LineString","coordinates":[[139.38732,36.14845],[139.38737,36.14692]]}},{"type":"Feature","properties":{"idx":273,"road":"","cls":"tertiary","shops":0,"st_km":0.84,"mesh":"54391370"},"geometry":{"type":"LineString","coordinates":[[139.38732,36.14853],[139.38732,36.14845]]}},{"type":"Feature","properties":{"idx":1177,"road":"太田熊谷線","cls":"secondary","shops":4,"st_km":2.23,"mesh":"54391390"},"geometry":{"type":"LineString","coordinates":[[139.38411,36.16936],[139.38432,36.16835],[139.38475,36.16574],[139.38475,36.16308],[139.38505,36.16112],[139.3847,36.15851],[139.38491,36.15683]]}},{"type":"Feature","properties":{"idx":1262,"road":"ラグビーロード","cls":"primary","shops":1,"st_km":2.76,"mesh":"54391391"},"geometry":{"type":"LineString","coordinates":[[139.39306,36.1674],[139.39236,36.16655],[139.3918,36.16474]]}},{"type":"Feature","properties":{"idx":366,"road":"","cls":"tertiary","shops":0,"st_km":0.91,"mesh":"54391380"},"geometry":{"type":"LineString","coordinates":[[139.37791,36.15247],[139.37637,36.1525]]}},{"type":"Feature","properties":{"idx":382,"road":"","cls":"tertiary","shops":0,"st_km":0.86,"mesh":"54391380"},"geometry":{"type":"LineString","coordinates":[[139.37637,36.1525],[139.37629,36.15251]]}},{"type":"Feature","properties":{"idx":201,"road":"","cls":"tertiary","shops":0,"st_km":1.36,"mesh":"54391381"},"geometry":{"type":"LineString","coordinates":[[139.38758,36.15205],[139.3878,36.15448],[139.38801,36.15592]]}},{"type":"Feature","properties":{"idx":179,"road":"","cls":"tertiary","shops":0,"st_km":1.57,"mesh":"54391381"},"geometry":{"type":"LineString","coordinates":[[139.38801,36.15592],[139.38803,36.15606]]}},{"type":"Feature","properties":{"idx":173,"road":"","cls":"tertiary","shops":0,"st_km":1.65,"mesh":"54391381"},"geometry":{"type":"LineString","coordinates":[[139.38803,36.15606],[139.38824,36.15735]]}},{"type":"Feature","properties":{"idx":167,"road":"","cls":"tertiary","shops":0,"st_km":1.72,"mesh":"54391381"},"geometry":{"type":"LineString","coordinates":[[139.38824,36.15735],[139.38826,36.15745]]}},{"type":"Feature","properties":{"idx":237,"road":"第二北大通り","cls":"tertiary","shops":0,"st_km":1.58,"mesh":"54391380"},"geometry":{"type":"LineString","coordinates":[[139.38673,36.15658],[139.38559,36.15674]]}},{"type":"Feature","properties":{"idx":236,"road":"第二北大通り","cls":"tertiary","shops":0,"st_km":1.59,"mesh":"54391380"},"geometry":{"type":"LineString","coordinates":[[139.38689,36.15656],[139.38673,36.15658]]}},{"type":"Feature","properties":{"idx":377,"road":"","cls":"tertiary","shops":0,"st_km":1.99,"mesh":"54391390"},"geometry":{"type":"LineString","coordinates":[[139.37671,36.16418],[139.37672,36.16457]]}},{"type":"Feature","properties":{"idx":381,"road":"","cls":"tertiary","shops":0,"st_km":1.97,"mesh":"54391390"},"geometry":{"type":"LineString","coordinates":[[139.37671,36.16409],[139.37671,36.16418]]}},{"type":"Feature","properties":{"idx":257,"road":"第二北大通り","cls":"tertiary","shops":1,"st_km":1.67,"mesh":"54391381"},"geometry":{"type":"LineString","coordinates":[[139.3913,36.1559],[139.38873,36.1563]]}},{"type":"Feature","properties":{"idx":79,"road":"第二北大通り","cls":"tertiary","shops":0,"st_km":0.76,"mesh":"54391363"},"geometry":{"type":"LineString","coordinates":[[139.41709,36.13886],[139.41688,36.13943],[139.41661,36.13996]]}},{"type":"Feature","properties":{"idx":75,"road":"第二北大通り","cls":"tertiary","shops":0,"st_km":0.83,"mesh":"54391363"},"geometry":{"type":"LineString","coordinates":[[139.41654,36.14012],[139.41646,36.14025]]}},{"type":"Feature","properties":{"idx":501,"road":"熊谷羽生線","cls":"secondary","shops":0,"st_km":1.58,"mesh":"54391362"},"geometry":{"type":"LineString","coordinates":[[139.40601,36.13425],[139.40624,36.13449],[139.40719,36.13503],[139.40765,36.13522],[139.40828,36.1354]]}},{"type":"Feature","properties":{"idx":534,"road":"熊谷羽生線","cls":"secondary","shops":0,"st_km":1.46,"mesh":"54391362"},"geometry":{"type":"LineString","coordinates":[[139.40828,36.1354],[139.40841,36.13542]]}},{"type":"Feature","properties":{"idx":62,"road":"","cls":"tertiary","shops":0,"st_km":0.35,"mesh":"54391365"},"geometry":{"type":"LineString","coordinates":[[139.4377,36.13804],[139.4377,36.13801]]}},{"type":"Feature","properties":{"idx":62,"road":"","cls":"tertiary","shops":0,"st_km":0.35,"mesh":"54391365"},"geometry":{"type":"LineString","coordinates":[[139.4377,36.13808],[139.4377,36.13804]]}},{"type":"Feature","properties":{"idx":70,"road":"","cls":"tertiary","shops":0,"st_km":0.24,"mesh":"54391365"},"geometry":{"type":"LineString","coordinates":[[139.44287,36.13511],[139.44287,36.13563],[139.44301,36.13641]]}},{"type":"Feature","properties":{"idx":65,"road":"","cls":"tertiary","shops":0,"st_km":0.3,"mesh":"54391365"},"geometry":{"type":"LineString","coordinates":[[139.44287,36.13503],[139.44287,36.13511]]}},{"type":"Feature","properties":{"idx":48,"road":"","cls":"tertiary","shops":0,"st_km":0.65,"mesh":"54391365"},"geometry":{"type":"LineString","coordinates":[[139.44801,36.13455],[139.44809,36.13527]]}},{"type":"Feature","properties":{"idx":94,"road":"","cls":"tertiary","shops":2,"st_km":0.67,"mesh":"54391365"},"geometry":{"type":"LineString","coordinates":[[139.44801,36.13451],[139.44801,36.13455]]}},{"type":"Feature","properties":{"idx":190,"road":"","cls":"tertiary","shops":0,"st_km":0.76,"mesh":"54391355"},"geometry":{"type":"LineString","coordinates":[[139.44804,36.13177],[139.44801,36.13451]]}},{"type":"Feature","properties":{"idx":173,"road":"","cls":"tertiary","shops":0,"st_km":0.87,"mesh":"54391355"},"geometry":{"type":"LineString","coordinates":[[139.44804,36.13169],[139.44804,36.13177]]}},{"type":"Feature","properties":{"idx":151,"road":"","cls":"tertiary","shops":0,"st_km":1.06,"mesh":"54391355"},"geometry":{"type":"LineString","coordinates":[[139.44813,36.12756],[139.44804,36.13169]]}},{"type":"Feature","properties":{"idx":132,"road":"","cls":"tertiary","shops":0,"st_km":1.27,"mesh":"54391355"},"geometry":{"type":"LineString","coordinates":[[139.44813,36.12748],[139.44813,36.12756]]}},{"type":"Feature","properties":{"idx":222,"road":"","cls":"tertiary","shops":0,"st_km":0.57,"mesh":"54391355"},"geometry":{"type":"LineString","coordinates":[[139.44131,36.13253],[139.44131,36.13237]]}},{"type":"Feature","properties":{"idx":220,"road":"","cls":"tertiary","shops":0,"st_km":0.59,"mesh":"54391355"},"geometry":{"type":"LineString","coordinates":[[139.44131,36.13237],[139.44131,36.13229]]}},{"type":"Feature","properties":{"idx":226,"road":"","cls":"tertiary","shops":0,"st_km":0.56,"mesh":"54391355"},"geometry":{"type":"LineString","coordinates":[[139.4413,36.13266],[139.44131,36.13253]]}},{"type":"Feature","properties":{"idx":138,"road":"","cls":"tertiary","shops":0,"st_km":1.19,"mesh":"54391355"},"geometry":{"type":"LineString","coordinates":[[139.44532,36.12714],[139.44531,36.12743]]}},{"type":"Feature","properties":{"idx":140,"road":"","cls":"tertiary","shops":0,"st_km":1.17,"mesh":"54391355"},"geometry":{"type":"LineString","coordinates":[[139.44531,36.12743],[139.44531,36.12751]]}},{"type":"Feature","properties":{"idx":50,"road":"","cls":"tertiary","shops":0,"st_km":1.86,"mesh":"54391346"},"geometry":{"type":"LineString","coordinates":[[139.45093,36.12006],[139.4508,36.12141],[139.45087,36.12194],[139.45341,36.12562]]}},{"type":"Feature","properties":{"idx":120,"road":"旧日光脇往還","cls":"tertiary","shops":0,"st_km":1.7,"mesh":"54391356"},"geometry":{"type":"LineString","coordinates":[[139.45341,36.12562],[139.45346,36.12569]]}},{"type":"Feature","properties":{"idx":220,"road":"南大通り","cls":"tertiary","shops":1,"st_km":1.07,"mesh":"54391345"},"geometry":{"type":"LineString","coordinates":[[139.44202,36.12029],[139.44072,36.11962]]}},{"type":"Feature","properties":{"idx":137,"road":"南大通り","cls":"tertiary","shops":0,"st_km":1.17,"mesh":"54391345"},"geometry":{"type":"LineString","coordinates":[[139.44228,36.12043],[139.44219,36.12038]]}},{"type":"Feature","properties":{"idx":220,"road":"南大通り","cls":"tertiary","shops":1,"st_km":1.07,"mesh":"54391345"},"geometry":{"type":"LineString","coordinates":[[139.44069,36.11969],[139.44193,36.12033]]}},{"type":"Feature","properties":{"idx":137,"road":"南大通り","cls":"tertiary","shops":0,"st_km":1.16,"mesh":"54391345"},"geometry":{"type":"LineString","coordinates":[[139.44211,36.12042],[139.44221,36.12046]]}},{"type":"Feature","properties":{"idx":143,"road":"南大通り","cls":"tertiary","shops":0,"st_km":1.37,"mesh":"54391356"},"geometry":{"type":"LineString","coordinates":[[139.45227,36.12938],[139.45352,36.13009],[139.45487,36.13068],[139.45527,36.13079]]}},{"type":"Feature","properties":{"idx":143,"road":"南大通り","cls":"tertiary","shops":0,"st_km":1.36,"mesh":"54391356"},"geometry":{"type":"LineString","coordinates":[[139.45016,36.12751],[139.45023,36.12759]]}},{"type":"Feature","properties":{"idx":143,"road":"南大通り","cls":"tertiary","shops":0,"st_km":1.37,"mesh":"54391356"},"geometry":{"type":"LineString","coordinates":[[139.45488,36.13061],[139.45366,36.13008],[139.45235,36.12933]]}},{"type":"Feature","properties":{"idx":143,"road":"南大通り","cls":"tertiary","shops":0,"st_km":1.36,"mesh":"54391356"},"geometry":{"type":"LineString","coordinates":[[139.45031,36.12757],[139.45026,36.12751]]}},{"type":"Feature","properties":{"idx":139,"road":"","cls":"tertiary","shops":0,"st_km":1.15,"mesh":"54391345"},"geometry":{"type":"LineString","coordinates":[[139.43614,36.12564],[139.43612,36.12539],[139.43618,36.12507],[139.43628,36.12486],[139.43661,36.12448],[139.44047,36.12129],[139.44086,36.12104],[139.44226,36.12049]]}},{"type":"Feature","properties":{"idx":315,"road":"","cls":"tertiary","shops":1,"st_km":1.36,"mesh":"54391354"},"geometry":{"type":"LineString","coordinates":[[139.43615,36.1257],[139.43614,36.12564]]}},{"type":"Feature","properties":{"idx":145,"road":"南大通り","cls":"tertiary","shops":0,"st_km":1.34,"mesh":"54391356"},"geometry":{"type":"LineString","coordinates":[[139.45228,36.12928],[139.45116,36.12838],[139.45031,36.12757]]}},{"type":"Feature","properties":{"idx":145,"road":"南大通り","cls":"tertiary","shops":0,"st_km":1.33,"mesh":"54391356"},"geometry":{"type":"LineString","coordinates":[[139.45235,36.12933],[139.45228,36.12928]]}},{"type":"Feature","properties":{"idx":146,"road":"南大通り","cls":"tertiary","shops":0,"st_km":1.32,"mesh":"54391356"},"geometry":{"type":"LineString","coordinates":[[139.45023,36.12759],[139.45102,36.12845],[139.45219,36.12933]]}},{"type":"Feature","properties":{"idx":146,"road":"南大通り","cls":"tertiary","shops":0,"st_km":1.33,"mesh":"54391356"},"geometry":{"type":"LineString","coordinates":[[139.45219,36.12933],[139.45227,36.12938]]}},{"type":"Feature","properties":{"idx":313,"road":"","cls":"tertiary","shops":1,"st_km":1.37,"mesh":"54391354"},"geometry":{"type":"LineString","coordinates":[[139.43617,36.12582],[139.43615,36.1257]]}},{"type":"Feature","properties":{"idx":311,"road":"","cls":"tertiary","shops":1,"st_km":1.38,"mesh":"54391354"},"geometry":{"type":"LineString","coordinates":[[139.43618,36.12589],[139.43617,36.12582]]}},{"type":"Feature","properties":{"idx":170,"road":"","cls":"tertiary","shops":0,"st_km":0.64,"mesh":"54391364"},"geometry":{"type":"LineString","coordinates":[[139.43747,36.13446],[139.43664,36.13326],[139.43654,36.13295],[139.43652,36.1323]]}},{"type":"Feature","properties":{"idx":296,"road":"","cls":"tertiary","shops":0,"st_km":0.75,"mesh":"54391354"},"geometry":{"type":"LineString","coordinates":[[139.43652,36.1323],[139.43652,36.13223]]}},{"type":"Feature","properties":{"idx":272,"road":"","cls":"tertiary","shops":0,"st_km":0.86,"mesh":"54391354"},"geometry":{"type":"LineString","coordinates":[[139.43652,36.13223],[139.43657,36.12991]]}},{"type":"Feature","properties":{"idx":249,"road":"","cls":"tertiary","shops":0,"st_km":0.97,"mesh":"54391354"},"geometry":{"type":"LineString","coordinates":[[139.43657,36.12991],[139.43657,36.12986]]}},{"type":"Feature","properties":{"idx":140,"road":"","cls":"tertiary","shops":0,"st_km":1.43,"mesh":"54391356"},"geometry":{"type":"LineString","coordinates":[[139.45688,36.13021],[139.45689,36.13144]]}},{"type":"Feature","properties":{"idx":134,"road":"旧日光脇往還","cls":"tertiary","shops":0,"st_km":1.5,"mesh":"54391356"},"geometry":{"type":"LineString","coordinates":[[139.45685,36.13016],[139.45688,36.13021]]}},{"type":"Feature","properties":{"idx":88,"road":"行田東松山線","cls":"primary","shops":0,"st_km":2.21,"mesh":"54391347"},"geometry":{"type":"LineString","coordinates":[[139.46286,36.12435],[139.46266,36.12363]]}},{"type":"Feature","properties":{"idx":89,"road":"行田東松山線","cls":"primary","shops":0,"st_km":2.16,"mesh":"54391347"},"geometry":{"type":"LineString","coordinates":[[139.46289,36.12446],[139.46286,36.12435]]}},{"type":"Feature","properties":{"idx":97,"road":"行田東松山線","cls":"primary","shops":0,"st_km":2.08,"mesh":"54391357"},"geometry":{"type":"LineString","coordinates":[[139.46334,36.12604],[139.46289,36.12446]]}},{"type":"Feature","properties":{"idx":100,"road":"行田東松山線","cls":"primary","shops":0,"st_km":1.99,"mesh":"54391357"},"geometry":{"type":"LineString","coordinates":[[139.46337,36.12613],[139.46334,36.12604]]}},{"type":"Feature","properties":{"idx":62,"road":"","cls":"tertiary","shops":0,"st_km":1.1,"mesh":"54391363"},"geometry":{"type":"LineString","coordinates":[[139.41351,36.14124],[139.41324,36.13977]]}},{"type":"Feature","properties":{"idx":61,"road":"","cls":"tertiary","shops":0,"st_km":1.12,"mesh":"54391363"},"geometry":{"type":"LineString","coordinates":[[139.41353,36.14132],[139.41351,36.14124]]}},{"type":"Feature","properties":{"idx":21,"road":"","cls":"tertiary","shops":0,"st_km":2.51,"mesh":"54391341"},"geometry":{"type":"LineString","coordinates":[[139.392,36.11734],[139.39225,36.11727],[139.39205,36.11724]]}},{"type":"Feature","properties":{"idx":13,"road":"","cls":"tertiary","shops":0,"st_km":1.97,"mesh":"54391332"},"geometry":{"type":"LineString","coordinates":[[139.41033,36.11135],[139.4105,36.11136]]}},{"type":"Feature","properties":{"idx":12,"road":"","cls":"tertiary","shops":0,"st_km":2.07,"mesh":"54391332"},"geometry":{"type":"LineString","coordinates":[[139.40829,36.1113],[139.41033,36.11135]]}},{"type":"Feature","properties":{"idx":73,"road":"","cls":"tertiary","shops":0,"st_km":3.16,"mesh":"54391331"},"geometry":{"type":"LineString","coordinates":[[139.39294,36.11141],[139.39265,36.11138],[139.39255,36.11142]]}},{"type":"Feature","properties":{"idx":73,"road":"","cls":"tertiary","shops":0,"st_km":3.16,"mesh":"54391331"},"geometry":{"type":"LineString","coordinates":[[139.39255,36.11142],[139.39269,36.11141],[139.3928,36.11151]]}},{"type":"Feature","properties":{"idx":17,"road":"","cls":"tertiary","shops":0,"st_km":3.63,"mesh":"54391320"},"geometry":{"type":"LineString","coordinates":[[139.38384,36.10728],[139.38442,36.10766]]}},{"type":"Feature","properties":{"idx":18,"road":"","cls":"tertiary","shops":0,"st_km":3.56,"mesh":"54391320"},"geometry":{"type":"LineString","coordinates":[[139.38476,36.10788],[139.38501,36.10805]]}},{"type":"Feature","properties":{"idx":17,"road":"","cls":"tertiary","shops":0,"st_km":3.59,"mesh":"54391320"},"geometry":{"type":"LineString","coordinates":[[139.38442,36.10766],[139.38476,36.10788]]}},{"type":"Feature","properties":{"idx":182,"road":"","cls":"tertiary","shops":0,"st_km":1.72,"mesh":"54391319"},"geometry":{"type":"LineString","coordinates":[[139.49066,36.09398],[139.49346,36.09606]]}},{"type":"Feature","properties":{"idx":212,"road":"","cls":"tertiary","shops":0,"st_km":1.45,"mesh":"54391319"},"geometry":{"type":"LineString","coordinates":[[139.48895,36.09294],[139.48925,36.09298],[139.48945,36.09308],[139.49066,36.09398]]}},{"type":"Feature","properties":{"idx":808,"road":"鎌倉町通り","cls":"tertiary","shops":1,"st_km":0.09,"mesh":"54391370"},"geometry":{"type":"LineString","coordinates":[[139.38235,36.14527],[139.38216,36.14397],[139.38157,36.14234],[139.38106,36.14132],[139.38094,36.14071]]}},{"type":"Feature","properties":{"idx":514,"road":"","cls":"tertiary","shops":0,"st_km":0.37,"mesh":"54391370"},"geometry":{"type":"LineString","coordinates":[[139.38676,36.14177],[139.38676,36.14201]]}},{"type":"Feature","properties":{"idx":740,"road":"","cls":"tertiary","shops":1,"st_km":0.41,"mesh":"54391370"},"geometry":{"type":"LineString","coordinates":[[139.38691,36.14253],[139.38693,36.14262]]}},{"type":"Feature","properties":{"idx":396,"road":"ラグビーロード","cls":"secondary","shops":0,"st_km":0.75,"mesh":"54391371"},"geometry":{"type":"LineString","coordinates":[[139.39206,36.14643],[139.39198,36.14623]]}},{"type":"Feature","properties":{"idx":483,"road":"ラグビーロード","cls":"secondary","shops":0,"st_km":0.53,"mesh":"54391371"},"geometry":{"type":"LineString","coordinates":[[139.39198,36.14623],[139.39054,36.14275]]}},{"type":"Feature","properties":{"idx":391,"road":"熊谷羽生線","cls":"secondary","shops":0,"st_km":0.76,"mesh":"54391371"},"geometry":{"type":"LineString","coordinates":[[139.39228,36.14664],[139.39198,36.14623]]}},{"type":"Feature","properties":{"idx":316,"road":"熊谷羽生線","cls":"secondary","shops":0,"st_km":1.01,"mesh":"54391371"},"geometry":{"type":"LineString","coordinates":[[139.39218,36.14665],[139.39267,36.1472],[139.39367,36.1481],[139.39546,36.14895],[139.39635,36.14953]]}},{"type":"Feature","properties":{"idx":112,"road":"熊谷羽生線","cls":"secondary","shops":2,"st_km":2.12,"mesh":"54391383"},"geometry":{"type":"LineString","coordinates":[[139.41478,36.154],[139.41538,36.15412]]}},{"type":"Feature","properties":{"idx":62,"road":"熊谷羽生線","cls":"secondary","shops":0,"st_km":1.82,"mesh":"54391383"},"geometry":{"type":"LineString","coordinates":[[139.41877,36.15178],[139.41592,36.15195]]}},{"type":"Feature","properties":{"idx":517,"road":"","cls":"tertiary","shops":0,"st_km":0.36,"mesh":"54391370"},"geometry":{"type":"LineString","coordinates":[[139.38687,36.14197],[139.38676,36.14177]]}},{"type":"Feature","properties":{"idx":754,"road":"","cls":"tertiary","shops":1,"st_km":0.39,"mesh":"54391370"},"geometry":{"type":"LineString","coordinates":[[139.38676,36.14201],[139.38691,36.14253]]}},{"type":"Feature","properties":{"idx":27,"road":"","cls":"tertiary","shops":0,"st_km":4.76,"mesh":"54391301"},"geometry":{"type":"LineString","coordinates":[[139.39149,36.08615],[139.39108,36.08597]]}},{"type":"Feature","properties":{"idx":27,"road":"","cls":"tertiary","shops":0,"st_km":4.73,"mesh":"54391301"},"geometry":{"type":"LineString","coordinates":[[139.39257,36.08606],[139.39227,36.08623],[139.39194,36.08633],[139.39149,36.08615]]}},{"type":"Feature","properties":{"idx":468,"road":"","cls":"tertiary","shops":5,"st_km":0.53,"mesh":"54391377"},"geometry":{"type":"LineString","coordinates":[[139.47437,36.14733],[139.47413,36.14801]]}},{"type":"Feature","properties":{"idx":143,"road":"熊谷羽生線","cls":"secondary","shops":0,"st_km":0.59,"mesh":"54391377"},"geometry":{"type":"LineString","coordinates":[[139.46547,36.14249],[139.46551,36.1425]]}},{"type":"Feature","properties":{"idx":139,"road":"南大通り","cls":"tertiary","shops":0,"st_km":1.15,"mesh":"54391345"},"geometry":{"type":"LineString","coordinates":[[139.44193,36.12033],[139.44211,36.12042]]}},{"type":"Feature","properties":{"idx":139,"road":"南大通り","cls":"tertiary","shops":0,"st_km":1.15,"mesh":"54391345"},"geometry":{"type":"LineString","coordinates":[[139.44219,36.12038],[139.44202,36.12029]]}},{"type":"Feature","properties":{"idx":181,"road":"南大通り","cls":"tertiary","shops":1,"st_km":1.41,"mesh":"54391355"},"geometry":{"type":"LineString","coordinates":[[139.45026,36.12751],[139.44847,36.12561]]}},{"type":"Feature","properties":{"idx":63,"road":"","cls":"tertiary_link","shops":0,"st_km":1.53,"mesh":"54391345"},"geometry":{"type":"LineString","coordinates":[[139.44808,36.12471],[139.44798,36.12482],[139.44775,36.12482]]}},{"type":"Feature","properties":{"idx":104,"road":"上中森鴻巣線","cls":"secondary","shops":1,"st_km":0.48,"mesh":"54391308"},"geometry":{"type":"LineString","coordinates":[[139.47954,36.0893],[139.47953,36.08922]]}},{"type":"Feature","properties":{"idx":42,"road":"","cls":"tertiary","shops":0,"st_km":0.83,"mesh":"54391318"},"geometry":{"type":"LineString","coordinates":[[139.47525,36.09239],[139.4755,36.09285],[139.4756,36.09334]]}},{"type":"Feature","properties":{"idx":256,"road":"福田鴻巣線","cls":"secondary","shops":2,"st_km":1.39,"mesh":"54391317"},"geometry":{"type":"LineString","coordinates":[[139.4671,36.09679],[139.46718,36.09686]]}},{"type":"Feature","properties":{"idx":256,"road":"福田鴻巣線","cls":"secondary","shops":2,"st_km":1.39,"mesh":"54391317"},"geometry":{"type":"LineString","coordinates":[[139.46692,36.09671],[139.4671,36.09679]]}},{"type":"Feature","properties":{"idx":234,"road":"","cls":"tertiary","shops":0,"st_km":0.85,"mesh":"54391378"},"geometry":{"type":"LineString","coordinates":[[139.47735,36.14988],[139.47721,36.14986]]}},{"type":"Feature","properties":{"idx":108,"road":"","cls":"tertiary","shops":1,"st_km":1.33,"mesh":"54391368"},"geometry":{"type":"LineString","coordinates":[[139.47586,36.13692],[139.47581,36.137]]}},{"type":"Feature","properties":{"idx":50,"road":"行田東松山線","cls":"primary","shops":0,"st_km":1.3,"mesh":"54391336"},"geometry":{"type":"LineString","coordinates":[[139.45873,36.11166],[139.45935,36.11242],[139.45955,36.11278],[139.4603,36.11538]]}},{"type":"Feature","properties":{"idx":89,"road":"行田東松山線","cls":"primary","shops":1,"st_km":1.06,"mesh":"54391336"},"geometry":{"type":"LineString","coordinates":[[139.45853,36.11142],[139.45873,36.11166]]}},{"type":"Feature","properties":{"idx":50,"road":"行田東松山線","cls":"primary","shops":0,"st_km":1.29,"mesh":"54391336"},"geometry":{"type":"LineString","coordinates":[[139.46042,36.11541],[139.4597,36.11292],[139.45941,36.11239],[139.45875,36.11156]]}},{"type":"Feature","properties":{"idx":90,"road":"行田東松山線","cls":"primary","shops":1,"st_km":1.05,"mesh":"54391336"},"geometry":{"type":"LineString","coordinates":[[139.45875,36.11156],[139.45855,36.11132]]}},{"type":"Feature","properties":{"idx":77,"road":"","cls":"pedestrian","shops":1,"st_km":1.41,"mesh":"54391336"},"geometry":{"type":"LineString","coordinates":[[139.4567,36.11483],[139.45758,36.11565]]}},{"type":"Feature","properties":{"idx":54,"road":"","cls":"pedestrian","shops":0,"st_km":1.34,"mesh":"54391336"},"geometry":{"type":"LineString","coordinates":[[139.4572,36.11463],[139.45723,36.11453],[139.45735,36.11456],[139.45732,36.11464],[139.4572,36.11463]]}},{"type":"Feature","properties":{"idx":54,"road":"","cls":"pedestrian","shops":0,"st_km":1.32,"mesh":"54391336"},"geometry":{"type":"LineString","coordinates":[[139.45728,36.11452],[139.45731,36.11436]]}},{"type":"Feature","properties":{"idx":79,"road":"","cls":"pedestrian","shops":1,"st_km":1.38,"mesh":"54391336"},"geometry":{"type":"LineString","coordinates":[[139.45725,36.11466],[139.45714,36.11525]]}},{"type":"Feature","properties":{"idx":36,"road":"","cls":"tertiary","shops":0,"st_km":1.49,"mesh":"54391336"},"geometry":{"type":"LineString","coordinates":[[139.4504,36.11607],[139.45039,36.11604]]}},{"type":"Feature","properties":{"idx":35,"road":"","cls":"tertiary","shops":0,"st_km":1.5,"mesh":"54391336"},"geometry":{"type":"LineString","coordinates":[[139.4504,36.11619],[139.4504,36.11607]]}},{"type":"Feature","properties":{"idx":54,"road":"行田東松山線","cls":"primary","shops":0,"st_km":2.34,"mesh":"54391346"},"geometry":{"type":"LineString","coordinates":[[139.46248,36.12282],[139.46245,36.12272]]}},{"type":"Feature","properties":{"idx":86,"road":"行田東松山線","cls":"primary","shops":0,"st_km":2.29,"mesh":"54391347"},"geometry":{"type":"LineString","coordinates":[[139.46239,36.12285],[139.46266,36.12363]]}},{"type":"Feature","properties":{"idx":54,"road":"行田東松山線","cls":"primary","shops":0,"st_km":2.33,"mesh":"54391346"},"geometry":{"type":"LineString","coordinates":[[139.46237,36.12276],[139.46239,36.12285]]}},{"type":"Feature","properties":{"idx":97,"road":"行田東松山線","cls":"primary","shops":1,"st_km":1.93,"mesh":"54391346"},"geometry":{"type":"LineString","coordinates":[[139.46245,36.12272],[139.46042,36.11541]]}},{"type":"Feature","properties":{"idx":85,"road":"行田東松山線","cls":"primary","shops":0,"st_km":2.32,"mesh":"54391347"},"geometry":{"type":"LineString","coordinates":[[139.46255,36.12307],[139.46248,36.12282]]}},{"type":"Feature","properties":{"idx":97,"road":"","cls":"tertiary","shops":0,"st_km":1.71,"mesh":"54391309"},"geometry":{"type":"LineString","coordinates":[[139.49484,36.09077],[139.49474,36.09061]]}},{"type":"Feature","properties":{"idx":96,"road":"","cls":"tertiary","shops":0,"st_km":1.72,"mesh":"54391309"},"geometry":{"type":"LineString","coordinates":[[139.49493,36.09088],[139.49484,36.09077]]}},{"type":"Feature","properties":{"idx":110,"road":"","cls":"tertiary","shops":0,"st_km":1.49,"mesh":"54391309"},"geometry":{"type":"LineString","coordinates":[[139.49406,36.08865],[139.49251,36.0865]]}},{"type":"Feature","properties":{"idx":109,"road":"","cls":"pedestrian","shops":0,"st_km":0.22,"mesh":"54391308"},"geometry":{"type":"LineString","coordinates":[[139.47951,36.08488],[139.47923,36.08513]]}},{"type":"Feature","properties":{"idx":102,"road":"","cls":"pedestrian","shops":0,"st_km":0.28,"mesh":"54391308"},"geometry":{"type":"LineString","coordinates":[[139.47765,36.08677],[139.47701,36.08737],[139.47659,36.08801],[139.47657,36.0896]]}},{"type":"Feature","properties":{"idx":222,"road":"","cls":"tertiary","shops":0,"st_km":1.1,"mesh":"54391335"},"geometry":{"type":"LineString","coordinates":[[139.44992,36.1123],[139.44947,36.11235]]}},{"type":"Feature","properties":{"idx":113,"road":"","cls":"primary","shops":0,"st_km":0.68,"mesh":"54391325"},"geometry":{"type":"LineString","coordinates":[[139.44792,36.10694],[139.44793,36.10678]]}},{"type":"Feature","properties":{"idx":80,"road":"鴻巣川島線旧道","cls":"tertiary","shops":0,"st_km":0.21,"mesh":"54391308"},"geometry":{"type":"LineString","coordinates":[[139.47482,36.08522],[139.47523,36.08378],[139.47518,36.08365],[139.47505,36.08354]]}},{"type":"Feature","properties":{"idx":45,"road":"","cls":"tertiary","shops":0,"st_km":0.76,"mesh":"54391318"},"geometry":{"type":"LineString","coordinates":[[139.47501,36.09198],[139.47525,36.09239]]}},{"type":"Feature","properties":{"idx":25,"road":"","cls":"tertiary","shops":0,"st_km":1.59,"mesh":"54391318"},"geometry":{"type":"LineString","coordinates":[[139.4768,36.09987],[139.47682,36.09982]]}},{"type":"Feature","properties":{"idx":99,"road":"","cls":"tertiary","shops":0,"st_km":0.76,"mesh":"54391367"},"geometry":{"type":"LineString","coordinates":[[139.46928,36.14057],[139.4692,36.14055]]}},{"type":"Feature","properties":{"idx":99,"road":"","cls":"tertiary","shops":0,"st_km":0.76,"mesh":"54391367"},"geometry":{"type":"LineString","coordinates":[[139.4693,36.14057],[139.46928,36.14057]]}},{"type":"Feature","properties":{"idx":54,"road":"","cls":"tertiary","shops":0,"st_km":0.05,"mesh":"54391376"},"geometry":{"type":"LineString","coordinates":[[139.45899,36.14396],[139.45915,36.14404]]}},{"type":"Feature","properties":{"idx":53,"road":"","cls":"tertiary","shops":0,"st_km":0.07,"mesh":"54391376"},"geometry":{"type":"LineString","coordinates":[[139.45924,36.14406],[139.45937,36.14402],[139.45933,36.14389]]}},{"type":"Feature","properties":{"idx":151,"road":"行田東松山線","cls":"primary","shops":0,"st_km":0.65,"mesh":"54391377"},"geometry":{"type":"LineString","coordinates":[[139.46604,36.14195],[139.46597,36.14161]]}},{"type":"Feature","properties":{"idx":153,"road":"行田東松山線","cls":"primary","shops":0,"st_km":0.63,"mesh":"54391377"},"geometry":{"type":"LineString","coordinates":[[139.46605,36.14197],[139.46604,36.14195]]}},{"type":"Feature","properties":{"idx":99,"road":"","cls":"tertiary","shops":0,"st_km":0.75,"mesh":"54391367"},"geometry":{"type":"LineString","coordinates":[[139.4699,36.14062],[139.4693,36.14057]]}},{"type":"Feature","properties":{"idx":273,"road":"","cls":"tertiary","shops":1,"st_km":0.72,"mesh":"54391366"},"geometry":{"type":"LineString","coordinates":[[139.4612,36.13747],[139.46184,36.13766]]}},{"type":"Feature","properties":{"idx":62,"road":"","cls":"tertiary","shops":1,"st_km":0.32,"mesh":"54391376"},"geometry":{"type":"LineString","coordinates":[[139.45528,36.14355],[139.45518,36.14315]]}},{"type":"Feature","properties":{"idx":54,"road":"","cls":"tertiary","shops":0,"st_km":0.06,"mesh":"54391376"},"geometry":{"type":"LineString","coordinates":[[139.45901,36.14412],[139.45901,36.14414]]}},{"type":"Feature","properties":{"idx":19,"road":"上新郷埼玉線","cls":"secondary","shops":0,"st_km":3.17,"mesh":"54391359"},"geometry":{"type":"LineString","coordinates":[[139.4955,36.12922],[139.49544,36.12913]]}},{"type":"Feature","properties":{"idx":19,"road":"上新郷埼玉線","cls":"secondary","shops":0,"st_km":3.18,"mesh":"54391359"},"geometry":{"type":"LineString","coordinates":[[139.49529,36.12887],[139.49526,36.12881]]}},{"type":"Feature","properties":{"idx":84,"road":"","cls":"tertiary_link","shops":0,"st_km":0.42,"mesh":"54391360"},"geometry":{"type":"LineString","coordinates":[[139.38072,36.13926],[139.38075,36.13934]]}},{"type":"Feature","properties":{"idx":59,"road":"日光脇往還","cls":"tertiary","shops":0,"st_km":1.64,"mesh":"54391346"},"geometry":{"type":"LineString","coordinates":[[139.45044,36.1169],[139.45043,36.11752],[139.4502,36.118]]}},{"type":"Feature","properties":{"idx":63,"road":"熊谷羽生線","cls":"secondary","shops":0,"st_km":1.8,"mesh":"54391383"},"geometry":{"type":"LineString","coordinates":[[139.41813,36.15196],[139.41872,36.15194]]}},{"type":"Feature","properties":{"idx":42,"road":"","cls":"secondary_link","shops":0,"st_km":1.77,"mesh":"54391383"},"geometry":{"type":"LineString","coordinates":[[139.41886,36.15184],[139.41928,36.15187]]}},{"type":"Feature","properties":{"idx":104,"road":"","cls":"tertiary","shops":0,"st_km":1.53,"mesh":"54391317"},"geometry":{"type":"LineString","coordinates":[[139.46857,36.09804],[139.46928,36.09814],[139.47057,36.09844]]}},{"type":"Feature","properties":{"idx":627,"road":"福田鴻巣線","cls":"secondary","shops":7,"st_km":1.26,"mesh":"54391317"},"geometry":{"type":"LineString","coordinates":[[139.46479,36.09796],[139.46692,36.09671]]}},{"type":"Feature","properties":{"idx":230,"road":"元荒川橋","cls":"secondary","shops":1,"st_km":1.13,"mesh":"54391317"},"geometry":{"type":"LineString","coordinates":[[139.46444,36.09817],[139.46479,36.09796]]}},{"type":"Feature","properties":{"idx":55,"road":"騎西鴻巣線","cls":"secondary","shops":0,"st_km":0.89,"mesh":"54391326"},"geometry":{"type":"LineString","coordinates":[[139.4583,36.1081],[139.4592,36.10789],[139.46,36.10752],[139.46051,36.10741],[139.46105,36.10748],[139.46411,36.10805],[139.46499,36.10809]]}},{"type":"Feature","properties":{"idx":470,"road":"騎西鴻巣線","cls":"secondary","shops":2,"st_km":1.18,"mesh":"54391327"},"geometry":{"type":"LineString","coordinates":[[139.46499,36.10809],[139.46503,36.10809]]}},{"type":"Feature","properties":{"idx":179,"road":"熊谷羽生線","cls":"secondary","shops":0,"st_km":0.71,"mesh":"54391364"},"geometry":{"type":"LineString","coordinates":[[139.43399,36.13598],[139.43391,36.13597]]}},{"type":"Feature","properties":{"idx":173,"road":"熊谷羽生線","cls":"secondary","shops":0,"st_km":0.73,"mesh":"54391364"},"geometry":{"type":"LineString","coordinates":[[139.43384,36.13597],[139.43134,36.13571]]}},{"type":"Feature","properties":{"idx":221,"road":"熊谷羽生線","cls":"secondary","shops":0,"st_km":2.47,"mesh":"54391396"},"geometry":{"type":"LineString","coordinates":[[139.45141,36.16664],[139.45221,36.16685],[139.45301,36.16689],[139.45357,36.16682],[139.45521,36.16641],[139.45643,36.16579],[139.45668,36.16573],[139.45719,36.1658],[139.45757,36.16595]]}},{"type":"Feature","properties":{"idx":211,"road":"熊谷羽生線","cls":"secondary","shops":0,"st_km":2.64,"mesh":"54391396"},"geometry":{"type":"LineString","coordinates":[[139.45061,36.16642],[139.45141,36.16664]]}},{"type":"Feature","properties":{"idx":140,"road":"","cls":"tertiary","shops":0,"st_km":0.14,"mesh":"54391363"},"geometry":{"type":"LineString","coordinates":[[139.42535,36.13772],[139.4245,36.13771]]}},{"type":"Feature","properties":{"idx":55,"road":"","cls":"tertiary","shops":0,"st_km":0.04,"mesh":"54391376"},"geometry":{"type":"LineString","coordinates":[[139.45933,36.14389],[139.45901,36.1439],[139.45899,36.14396]]}},{"type":"Feature","properties":{"idx":54,"road":"","cls":"tertiary","shops":0,"st_km":0.06,"mesh":"54391376"},"geometry":{"type":"LineString","coordinates":[[139.45915,36.14404],[139.45924,36.14406]]}},{"type":"Feature","properties":{"idx":54,"road":"","cls":"tertiary","shops":0,"st_km":0.05,"mesh":"54391376"},"geometry":{"type":"LineString","coordinates":[[139.45901,36.14412],[139.45915,36.14404]]}},{"type":"Feature","properties":{"idx":54,"road":"","cls":"tertiary","shops":0,"st_km":0.05,"mesh":"54391376"},"geometry":{"type":"LineString","coordinates":[[139.45899,36.14396],[139.45901,36.14412]]}},{"type":"Feature","properties":{"idx":53,"road":"","cls":"tertiary","shops":0,"st_km":0.06,"mesh":"54391376"},"geometry":{"type":"LineString","coordinates":[[139.45958,36.14388],[139.45933,36.14389]]}},{"type":"Feature","properties":{"idx":17,"road":"","cls":"tertiary","shops":0,"st_km":3.25,"mesh":"54391359"},"geometry":{"type":"LineString","coordinates":[[139.49856,36.13076],[139.49795,36.13108]]}},{"type":"Feature","properties":{"idx":19,"road":"上新郷埼玉線","cls":"secondary","shops":0,"st_km":3.14,"mesh":"54391359"},"geometry":{"type":"LineString","coordinates":[[139.49765,36.13198],[139.49724,36.13144]]}},{"type":"Feature","properties":{"idx":66,"road":"","cls":"tertiary","shops":0,"st_km":1.49,"mesh":"54391368"},"geometry":{"type":"LineString","coordinates":[[139.47586,36.13692],[139.47595,36.13682],[139.47725,36.136],[139.4789,36.13555]]}},{"type":"Feature","properties":{"idx":53,"road":"","cls":"tertiary","shops":0,"st_km":1.93,"mesh":"54391368"},"geometry":{"type":"LineString","coordinates":[[139.48203,36.1347],[139.48349,36.13432]]}},{"type":"Feature","properties":{"idx":54,"road":"","cls":"tertiary","shops":0,"st_km":1.92,"mesh":"54391368"},"geometry":{"type":"LineString","coordinates":[[139.48306,36.13494],[139.48273,36.13449]]}},{"type":"Feature","properties":{"idx":54,"road":"","cls":"tertiary","shops":0,"st_km":1.89,"mesh":"54391368"},"geometry":{"type":"LineString","coordinates":[[139.48433,36.13647],[139.48306,36.13494]]}},{"type":"Feature","properties":{"idx":55,"road":"","cls":"tertiary","shops":0,"st_km":1.87,"mesh":"54391368"},"geometry":{"type":"LineString","coordinates":[[139.48511,36.1374],[139.48433,36.13647]]}},{"type":"Feature","properties":{"idx":60,"road":"","cls":"tertiary","shops":0,"st_km":1.66,"mesh":"54391368"},"geometry":{"type":"LineString","coordinates":[[139.47963,36.13536],[139.47981,36.13582]]}},{"type":"Feature","properties":{"idx":57,"road":"","cls":"tertiary","shops":0,"st_km":1.79,"mesh":"54391368"},"geometry":{"type":"LineString","coordinates":[[139.48014,36.13521],[139.48203,36.1347]]}},{"type":"Feature","properties":{"idx":60,"road":"","cls":"tertiary","shops":0,"st_km":1.66,"mesh":"54391368"},"geometry":{"type":"LineString","coordinates":[[139.4789,36.13555],[139.48014,36.13521]]}},{"type":"Feature","properties":{"idx":73,"road":"南大通り","cls":"tertiary","shops":0,"st_km":1.32,"mesh":"54391368"},"geometry":{"type":"LineString","coordinates":[[139.47536,36.13688],[139.47561,36.13695]]}},{"type":"Feature","properties":{"idx":108,"road":"南大通り","cls":"tertiary","shops":1,"st_km":1.33,"mesh":"54391368"},"geometry":{"type":"LineString","coordinates":[[139.47569,36.13688],[139.47557,36.13685]]}},{"type":"Feature","properties":{"idx":67,"road":"南大通り","cls":"tertiary","shops":0,"st_km":1.28,"mesh":"54391367"},"geometry":{"type":"LineString","coordinates":[[139.47092,36.136],[139.4713,36.13602]]}},{"type":"Feature","properties":{"idx":73,"road":"南大通り","cls":"tertiary","shops":0,"st_km":1.32,"mesh":"54391368"},"geometry":{"type":"LineString","coordinates":[[139.47471,36.13671],[139.47536,36.13688]]}},{"type":"Feature","properties":{"idx":133,"road":"公園通り","cls":"tertiary","shops":0,"st_km":1.52,"mesh":"54391356"},"geometry":{"type":"LineString","coordinates":[[139.46011,36.13205],[139.46397,36.12833]]}},{"type":"Feature","properties":{"idx":155,"road":"公園通り","cls":"tertiary","shops":0,"st_km":1.26,"mesh":"54391356"},"geometry":{"type":"LineString","coordinates":[[139.45962,36.13255],[139.46011,36.13205]]}},{"type":"Feature","properties":{"idx":241,"road":"公園通り","cls":"tertiary","shops":1,"st_km":1.2,"mesh":"54391356"},"geometry":{"type":"LineString","coordinates":[[139.45948,36.13306],[139.45951,36.13282],[139.45962,36.13255]]}},{"type":"Feature","properties":{"idx":142,"road":"南大通り","cls":"tertiary","shops":0,"st_km":1.41,"mesh":"54391356"},"geometry":{"type":"LineString","coordinates":[[139.45581,36.13102],[139.45639,36.13125]]}},{"type":"Feature","properties":{"idx":306,"road":"南大通り","cls":"tertiary","shops":2,"st_km":1.28,"mesh":"54391356"},"geometry":{"type":"LineString","coordinates":[[139.45831,36.13202],[139.45864,36.13216]]}},{"type":"Feature","properties":{"idx":300,"road":"南大通り","cls":"tertiary","shops":2,"st_km":1.31,"mesh":"54391356"},"geometry":{"type":"LineString","coordinates":[[139.45735,36.13163],[139.45831,36.13202]]}},{"type":"Feature","properties":{"idx":145,"road":"南大通り","cls":"tertiary","shops":0,"st_km":1.36,"mesh":"54391356"},"geometry":{"type":"LineString","coordinates":[[139.45639,36.13125],[139.45735,36.13163]]}},{"type":"Feature","properties":{"idx":139,"road":"南大通り","cls":"tertiary","shops":0,"st_km":1.44,"mesh":"54391356"},"geometry":{"type":"LineString","coordinates":[[139.45527,36.13079],[139.45581,36.13102]]}},{"type":"Feature","properties":{"idx":63,"road":"熊谷羽生線","cls":"secondary","shops":0,"st_km":0.47,"mesh":"54391365"},"geometry":{"type":"LineString","coordinates":[[139.44514,36.13605],[139.44748,36.1356]]}},{"type":"Feature","properties":{"idx":71,"road":"熊谷羽生線","cls":"secondary","shops":0,"st_km":0.34,"mesh":"54391365"},"geometry":{"type":"LineString","coordinates":[[139.4446,36.13615],[139.44514,36.13605]]}},{"type":"Feature","properties":{"idx":78,"road":"熊谷羽生線","cls":"secondary","shops":0,"st_km":0.25,"mesh":"54391365"},"geometry":{"type":"LineString","coordinates":[[139.44301,36.13641],[139.4446,36.13615]]}},{"type":"Feature","properties":{"idx":84,"road":"熊谷羽生線","cls":"secondary","shops":0,"st_km":0.17,"mesh":"54391365"},"geometry":{"type":"LineString","coordinates":[[139.44253,36.13649],[139.44301,36.13641]]}},{"type":"Feature","properties":{"idx":112,"road":"","cls":"tertiary","shops":1,"st_km":0.17,"mesh":"54391365"},"geometry":{"type":"LineString","coordinates":[[139.43953,36.13776],[139.4399,36.1377]]}},{"type":"Feature","properties":{"idx":120,"road":"行田市停車場酒巻線","cls":"secondary","shops":0,"st_km":1.03,"mesh":"54391387"},"geometry":{"type":"LineString","coordinates":[[139.46256,36.15632],[139.46262,36.15448]]}},{"type":"Feature","properties":{"idx":130,"road":"行田市停車場酒巻線","cls":"secondary","shops":0,"st_km":0.93,"mesh":"54391387"},"geometry":{"type":"LineString","coordinates":[[139.46262,36.15448],[139.46259,36.15411]]}},{"type":"Feature","properties":{"idx":76,"road":"第二北大通り","cls":"tertiary","shops":0,"st_km":0.81,"mesh":"54391363"},"geometry":{"type":"LineString","coordinates":[[139.41661,36.13996],[139.41654,36.14012]]}},{"type":"Feature","properties":{"idx":84,"road":"第二北大通り","cls":"tertiary","shops":0,"st_km":0.7,"mesh":"54391363"},"geometry":{"type":"LineString","coordinates":[[139.41726,36.13818],[139.41709,36.13886]]}},{"type":"Feature","properties":{"idx":67,"road":"第二北大通り","cls":"tertiary","shops":0,"st_km":0.98,"mesh":"54391363"},"geometry":{"type":"LineString","coordinates":[[139.41646,36.14025],[139.41596,36.14095],[139.41433,36.14263]]}},{"type":"Feature","properties":{"idx":189,"road":"第二北大通り","cls":"tertiary","shops":0,"st_km":1.21,"mesh":"54391373"},"geometry":{"type":"LineString","coordinates":[[139.41433,36.14263],[139.41338,36.14358]]}},{"type":"Feature","properties":{"idx":346,"road":"第二北大通り","cls":"tertiary","shops":0,"st_km":1.43,"mesh":"54391372"},"geometry":{"type":"LineString","coordinates":[[139.41338,36.14358],[139.4112,36.14578]]}},{"type":"Feature","properties":{"idx":310,"road":"第二北大通り","cls":"tertiary","shops":0,"st_km":1.64,"mesh":"54391372"},"geometry":{"type":"LineString","coordinates":[[139.4112,36.14578],[139.4103,36.14668]]}},{"type":"Feature","properties":{"idx":145,"road":"第二北大通り","cls":"tertiary","shops":0,"st_km":1.79,"mesh":"54391382"},"geometry":{"type":"LineString","coordinates":[[139.40415,36.15132],[139.40248,36.15217]]}},{"type":"Feature","properties":{"idx":144,"road":"第二北大通り","cls":"tertiary","shops":0,"st_km":1.81,"mesh":"54391382"},"geometry":{"type":"LineString","coordinates":[[139.4043,36.15125],[139.40415,36.15132]]}},{"type":"Feature","properties":{"idx":147,"road":"第二北大通り","cls":"tertiary","shops":0,"st_km":1.77,"mesh":"54391382"},"geometry":{"type":"LineString","coordinates":[[139.40248,36.15217],[139.40161,36.15263]]}},{"type":"Feature","properties":{"idx":176,"road":"熊谷羽生線","cls":"secondary","shops":0,"st_km":1.65,"mesh":"54391382"},"geometry":{"type":"LineString","coordinates":[[139.39946,36.15162],[139.40008,36.15173],[139.40235,36.15178]]}},{"type":"Feature","properties":{"idx":166,"road":"熊谷羽生線","cls":"secondary","shops":0,"st_km":1.76,"mesh":"54391382"},"geometry":{"type":"LineString","coordinates":[[139.40235,36.15178],[139.4032,36.1518]]}},{"type":"Feature","properties":{"idx":157,"road":"熊谷羽生線","cls":"secondary","shops":0,"st_km":1.87,"mesh":"54391382"},"geometry":{"type":"LineString","coordinates":[[139.40501,36.15176],[139.40424,36.15174]]}},{"type":"Feature","properties":{"idx":161,"road":"熊谷羽生線","cls":"secondary","shops":0,"st_km":1.82,"mesh":"54391382"},"geometry":{"type":"LineString","coordinates":[[139.40424,36.15174],[139.40336,36.15172]]}},{"type":"Feature","properties":{"idx":238,"road":"熊谷羽生線","cls":"secondary","shops":0,"st_km":1.51,"mesh":"54391381"},"geometry":{"type":"LineString","coordinates":[[139.3995,36.15155],[139.39892,36.15135],[139.39828,36.15096]]}},{"type":"Feature","properties":{"idx":340,"road":"熊谷羽生線","cls":"secondary","shops":1,"st_km":1.59,"mesh":"54391381"},"geometry":{"type":"LineString","coordinates":[[139.40027,36.15165],[139.39986,36.15163],[139.3995,36.15155]]}},{"type":"Feature","properties":{"idx":147,"road":"第二北大通り","cls":"tertiary","shops":0,"st_km":1.76,"mesh":"54391382"},"geometry":{"type":"LineString","coordinates":[[139.40161,36.15263],[139.4004,36.15325]]}},{"type":"Feature","properties":{"idx":182,"road":"第二北大通り","cls":"tertiary","shops":0,"st_km":1.77,"mesh":"54391381"},"geometry":{"type":"LineString","coordinates":[[139.4004,36.15325],[139.3975,36.15473],[139.39706,36.15491]]}},{"type":"Feature","properties":{"idx":180,"road":"第二北大通り","cls":"tertiary","shops":0,"st_km":1.8,"mesh":"54391381"},"geometry":{"type":"LineString","coordinates":[[139.39706,36.15491],[139.39648,36.15511]]}},{"type":"Feature","properties":{"idx":181,"road":"第二北大通り","cls":"tertiary","shops":0,"st_km":1.79,"mesh":"54391381"},"geometry":{"type":"LineString","coordinates":[[139.39648,36.15511],[139.39527,36.15537],[139.39289,36.15568]]}},{"type":"Feature","properties":{"idx":166,"road":"第二北大通り","cls":"tertiary","shops":0,"st_km":1.74,"mesh":"54391381"},"geometry":{"type":"LineString","coordinates":[[139.39289,36.15568],[139.3913,36.1559]]}},{"type":"Feature","properties":{"idx":156,"road":"ラグビーロード","cls":"tertiary","shops":0,"st_km":1.88,"mesh":"54391381"},"geometry":{"type":"LineString","coordinates":[[139.3919,36.15846],[139.39205,36.15631]]}},{"type":"Feature","properties":{"idx":165,"road":"ラグビーロード","cls":"tertiary","shops":0,"st_km":1.74,"mesh":"54391381"},"geometry":{"type":"LineString","coordinates":[[139.39205,36.15631],[139.3921,36.15529]]}},{"type":"Feature","properties":{"idx":175,"road":"第二北大通り","cls":"tertiary","shops":0,"st_km":1.62,"mesh":"54391381"},"geometry":{"type":"LineString","coordinates":[[139.38873,36.1563],[139.38743,36.15648]]}},{"type":"Feature","properties":{"idx":235,"road":"第二北大通り","cls":"tertiary","shops":0,"st_km":1.6,"mesh":"54391380"},"geometry":{"type":"LineString","coordinates":[[139.38743,36.15648],[139.38689,36.15656]]}},{"type":"Feature","properties":{"idx":357,"road":"第二北大通り","cls":"tertiary","shops":1,"st_km":1.57,"mesh":"54391380"},"geometry":{"type":"LineString","coordinates":[[139.38559,36.15674],[139.38491,36.15683]]}},{"type":"Feature","properties":{"idx":239,"road":"第二北大通り","cls":"tertiary","shops":0,"st_km":1.57,"mesh":"54391380"},"geometry":{"type":"LineString","coordinates":[[139.38491,36.15683],[139.38433,36.15689]]}},{"type":"Feature","properties":{"idx":240,"road":"第二北大通り","cls":"tertiary","shops":0,"st_km":1.56,"mesh":"54391380"},"geometry":{"type":"LineString","coordinates":[[139.38433,36.15689],[139.38163,36.15718]]}},{"type":"Feature","properties":{"idx":246,"road":"第二北大通り","cls":"tertiary","shops":0,"st_km":1.52,"mesh":"54391380"},"geometry":{"type":"LineString","coordinates":[[139.38163,36.15718],[139.3804,36.15731]]}},{"type":"Feature","properties":{"idx":231,"road":"","cls":"tertiary","shops":0,"st_km":0.3,"mesh":"54391361"},"geometry":{"type":"LineString","coordinates":[[139.38739,36.13809],[139.38774,36.13775]]}},{"type":"Feature","properties":{"idx":190,"road":"","cls":"tertiary","shops":0,"st_km":0.3,"mesh":"54391360"},"geometry":{"type":"LineString","coordinates":[[139.38706,36.1384],[139.38739,36.13809]]}},{"type":"Feature","properties":{"idx":283,"road":"","cls":"tertiary","shops":1,"st_km":0.31,"mesh":"54391360"},"geometry":{"type":"LineString","coordinates":[[139.38677,36.13868],[139.38706,36.1384]]}},{"type":"Feature","properties":{"idx":280,"road":"","cls":"tertiary","shops":1,"st_km":0.31,"mesh":"54391360"},"geometry":{"type":"LineString","coordinates":[[139.3866,36.13884],[139.38677,36.13868]]}},{"type":"Feature","properties":{"idx":176,"road":"","cls":"tertiary","shops":0,"st_km":0.37,"mesh":"54391360"},"geometry":{"type":"LineString","coordinates":[[139.3861,36.13922],[139.38549,36.13947]]}},{"type":"Feature","properties":{"idx":156,"road":"","cls":"tertiary","shops":0,"st_km":0.26,"mesh":"54391360"},"geometry":{"type":"LineString","coordinates":[[139.37975,36.14087],[139.3791,36.14109]]}},{"type":"Feature","properties":{"idx":236,"road":"","cls":"tertiary","shops":1,"st_km":0.26,"mesh":"54391360"},"geometry":{"type":"LineString","coordinates":[[139.38094,36.14071],[139.37975,36.14087]]}},{"type":"Feature","properties":{"idx":155,"road":"","cls":"tertiary","shops":0,"st_km":0.27,"mesh":"54391360"},"geometry":{"type":"LineString","coordinates":[[139.3791,36.14109],[139.37871,36.14124]]}},{"type":"Feature","properties":{"idx":153,"road":"","cls":"tertiary","shops":0,"st_km":0.28,"mesh":"54391360"},"geometry":{"type":"LineString","coordinates":[[139.37871,36.14124],[139.37831,36.14139]]}},{"type":"Feature","properties":{"idx":149,"road":"","cls":"tertiary","shops":0,"st_km":0.31,"mesh":"54391360"},"geometry":{"type":"LineString","coordinates":[[139.37831,36.14139],[139.37738,36.14177]]}},{"type":"Feature","properties":{"idx":626,"road":"","cls":"tertiary","shops":1,"st_km":0.35,"mesh":"54391370"},"geometry":{"type":"LineString","coordinates":[[139.37738,36.14177],[139.37702,36.14192]]}},{"type":"Feature","properties":{"idx":601,"road":"","cls":"tertiary","shops":1,"st_km":0.39,"mesh":"54391370"},"geometry":{"type":"LineString","coordinates":[[139.37702,36.14192],[139.37614,36.14228]]}},{"type":"Feature","properties":{"idx":384,"road":"","cls":"tertiary","shops":0,"st_km":0.44,"mesh":"54391370"},"geometry":{"type":"LineString","coordinates":[[139.37614,36.14228],[139.37579,36.14242]]}},{"type":"Feature","properties":{"idx":361,"road":"","cls":"tertiary","shops":0,"st_km":0.51,"mesh":"54391370"},"geometry":{"type":"LineString","coordinates":[[139.37579,36.14242],[139.37454,36.14292]]}},{"type":"Feature","properties":{"idx":189,"road":"","cls":"tertiary","shops":0,"st_km":1.68,"mesh":"54391379"},"geometry":{"type":"LineString","coordinates":[[139.48869,36.14704],[139.48962,36.14781]]}},{"type":"Feature","properties":{"idx":218,"road":"熊谷羽生線","cls":"secondary","shops":0,"st_km":1.62,"mesh":"54391379"},"geometry":{"type":"LineString","coordinates":[[139.4892,36.14806],[139.48962,36.14781]]}},{"type":"Feature","properties":{"idx":214,"road":"熊谷羽生線","cls":"secondary","shops":0,"st_km":1.65,"mesh":"54391379"},"geometry":{"type":"LineString","coordinates":[[139.48962,36.14781],[139.49006,36.14751]]}},{"type":"Feature","properties":{"idx":158,"road":"上中森鴻巣線","cls":"secondary","shops":0,"st_km":0.92,"mesh":"54391388"},"geometry":{"type":"LineString","coordinates":[[139.48034,36.15786],[139.4804,36.15778],[139.48041,36.15765],[139.48025,36.15741],[139.48009,36.15727]]}},{"type":"Feature","properties":{"idx":160,"road":"上中森鴻巣線","cls":"secondary","shops":0,"st_km":0.91,"mesh":"54391388"},"geometry":{"type":"LineString","coordinates":[[139.48018,36.15804],[139.48034,36.15786]]}},{"type":"Feature","properties":{"idx":15,"road":"足利邑楽行田線","cls":"primary","shops":0,"st_km":0.91,"mesh":"54391398"},"geometry":{"type":"LineString","coordinates":[[139.47906,36.16543],[139.47907,36.16537]]}},{"type":"Feature","properties":{"idx":176,"road":"上中森鴻巣線","cls":"secondary","shops":0,"st_km":0.9,"mesh":"54391388"},"geometry":{"type":"LineString","coordinates":[[139.48009,36.15727],[139.47642,36.15399],[139.47625,36.15376],[139.47613,36.1534],[139.47612,36.15316],[139.47619,36.15288],[139.47884,36.14552],[139.47879,36.1455]]}},{"type":"Feature","properties":{"idx":243,"road":"上中森鴻巣線","cls":"secondary","shops":0,"st_km":0.96,"mesh":"54391378"},"geometry":{"type":"LineString","coordinates":[[139.47879,36.1455],[139.47864,36.14547]]}},{"type":"Feature","properties":{"idx":245,"road":"上中森鴻巣線","cls":"secondary","shops":0,"st_km":0.95,"mesh":"54391378"},"geometry":{"type":"LineString","coordinates":[[139.47857,36.14545],[139.4786,36.14538]]}},{"type":"Feature","properties":{"idx":244,"road":"上中森鴻巣線","cls":"secondary","shops":0,"st_km":0.95,"mesh":"54391378"},"geometry":{"type":"LineString","coordinates":[[139.47864,36.14547],[139.47857,36.14545]]}},{"type":"Feature","properties":{"idx":79,"road":"","cls":"tertiary","shops":0,"st_km":1.19,"mesh":"54391368"},"geometry":{"type":"LineString","coordinates":[[139.47724,36.13972],[139.47854,36.14]]}},{"type":"Feature","properties":{"idx":81,"road":"","cls":"tertiary","shops":0,"st_km":1.16,"mesh":"54391368"},"geometry":{"type":"LineString","coordinates":[[139.47717,36.1397],[139.47724,36.13972]]}},{"type":"Feature","properties":{"idx":108,"road":"南大通り","cls":"tertiary","shops":1,"st_km":1.34,"mesh":"54391368"},"geometry":{"type":"LineString","coordinates":[[139.47586,36.13692],[139.47569,36.13688]]}},{"type":"Feature","properties":{"idx":72,"road":"南大通り","cls":"tertiary","shops":0,"st_km":1.33,"mesh":"54391368"},"geometry":{"type":"LineString","coordinates":[[139.47557,36.13685],[139.47548,36.13682]]}},{"type":"Feature","properties":{"idx":139,"road":"行田蓮田線","cls":"primary","shops":1,"st_km":2.22,"mesh":"54391357"},"geometry":{"type":"LineString","coordinates":[[139.47257,36.12709],[139.47274,36.12705]]}},{"type":"Feature","properties":{"idx":139,"road":"行田蓮田線","cls":"primary","shops":1,"st_km":2.21,"mesh":"54391357"},"geometry":{"type":"LineString","coordinates":[[139.47249,36.1271],[139.47257,36.12709]]}},{"type":"Feature","properties":{"idx":28,"road":"上中森鴻巣線","cls":"secondary","shops":0,"st_km":1.58,"mesh":"54391318"},"geometry":{"type":"LineString","coordinates":[[139.47806,36.09973],[139.47805,36.09968]]}},{"type":"Feature","properties":{"idx":124,"road":"上中森鴻巣線","cls":"secondary","shops":0,"st_km":1.63,"mesh":"54391328"},"geometry":{"type":"LineString","coordinates":[[139.47815,36.10019],[139.47815,36.10017]]}},{"type":"Feature","properties":{"idx":189,"road":"行田蓮田線","cls":"primary","shops":2,"st_km":2.16,"mesh":"54391357"},"geometry":{"type":"LineString","coordinates":[[139.47173,36.1273],[139.4718,36.12728]]}},{"type":"Feature","properties":{"idx":189,"road":"行田蓮田線","cls":"primary","shops":2,"st_km":2.15,"mesh":"54391357"},"geometry":{"type":"LineString","coordinates":[[139.47169,36.12731],[139.47173,36.1273]]}},{"type":"Feature","properties":{"idx":102,"road":"","cls":"pedestrian","shops":0,"st_km":2.32,"mesh":"54391358"},"geometry":{"type":"LineString","coordinates":[[139.47812,36.12811],[139.47748,36.12763]]}},{"type":"Feature","properties":{"idx":102,"road":"","cls":"pedestrian","shops":0,"st_km":2.34,"mesh":"54391358"},"geometry":{"type":"LineString","coordinates":[[139.47748,36.12763],[139.47745,36.12758]]}},{"type":"Feature","properties":{"idx":108,"road":"","cls":"pedestrian","shops":0,"st_km":2.14,"mesh":"54391358"},"geometry":{"type":"LineString","coordinates":[[139.4759,36.12956],[139.47528,36.12842]]}},{"type":"Feature","properties":{"idx":106,"road":"","cls":"pedestrian","shops":0,"st_km":2.19,"mesh":"54391358"},"geometry":{"type":"LineString","coordinates":[[139.47528,36.12842],[139.47526,36.12837]]}},{"type":"Feature","properties":{"idx":102,"road":"","cls":"pedestrian","shops":0,"st_km":2.33,"mesh":"54391358"},"geometry":{"type":"LineString","coordinates":[[139.47534,36.12644],[139.47622,36.12802]]}},{"type":"Feature","properties":{"idx":104,"road":"","cls":"pedestrian","shops":0,"st_km":2.26,"mesh":"54391358"},"geometry":{"type":"LineString","coordinates":[[139.47622,36.12802],[139.47624,36.12806]]}},{"type":"Feature","properties":{"idx":110,"road":"上新郷埼玉線","cls":"secondary","shops":0,"st_km":3.83,"mesh":"54391349"},"geometry":{"type":"LineString","coordinates":[[139.49242,36.11951],[139.49222,36.11866],[139.49221,36.11828],[139.49211,36.11798]]}},{"type":"Feature","properties":{"idx":110,"road":"上新郷埼玉線","cls":"secondary","shops":0,"st_km":3.77,"mesh":"54391349"},"geometry":{"type":"LineString","coordinates":[[139.49243,36.11955],[139.49242,36.11951]]}},{"type":"Feature","properties":{"idx":81,"road":"","cls":"pedestrian","shops":0,"st_km":0.79,"mesh":"54391336"},"geometry":{"type":"LineString","coordinates":[[139.45687,36.10954],[139.45714,36.10945]]}},{"type":"Feature","properties":{"idx":96,"road":"","cls":"pedestrian","shops":0,"st_km":2.44,"mesh":"54391357"},"geometry":{"type":"LineString","coordinates":[[139.47503,36.12631],[139.47523,36.12625],[139.47504,36.12585],[139.47457,36.12602],[139.47474,36.12613],[139.47493,36.12615],[139.47503,36.12631]]}},{"type":"Feature","properties":{"idx":157,"road":"","cls":"pedestrian","shops":0,"st_km":1.44,"mesh":"54391345"},"geometry":{"type":"LineString","coordinates":[[139.44483,36.12182],[139.4446,36.12195]]}},{"type":"Feature","properties":{"idx":336,"road":"","cls":"tertiary","shops":0,"st_km":0.41,"mesh":"54391316"},"geometry":{"type":"LineString","coordinates":[[139.45246,36.10198],[139.45033,36.09857],[139.44971,36.09768]]}},{"type":"Feature","properties":{"idx":236,"road":"","cls":"tertiary","shops":0,"st_km":0.68,"mesh":"54391315"},"geometry":{"type":"LineString","coordinates":[[139.44971,36.09768],[139.44968,36.09763]]}},{"type":"Feature","properties":{"idx":212,"road":"","cls":"tertiary","shops":0,"st_km":0.92,"mesh":"54391316"},"geometry":{"type":"LineString","coordinates":[[139.45494,36.09466],[139.45495,36.09468]]}},{"type":"Feature","properties":{"idx":213,"road":"","cls":"tertiary","shops":0,"st_km":0.91,"mesh":"54391316"},"geometry":{"type":"LineString","coordinates":[[139.45495,36.09468],[139.45499,36.09475]]}},{"type":"Feature","properties":{"idx":51,"road":"","cls":"tertiary","shops":0,"st_km":1.02,"mesh":"54391307"},"geometry":{"type":"LineString","coordinates":[[139.46559,36.08566],[139.46565,36.08498]]}},{"type":"Feature","properties":{"idx":51,"road":"","cls":"tertiary","shops":0,"st_km":1.02,"mesh":"54391307"},"geometry":{"type":"LineString","coordinates":[[139.46561,36.08574],[139.46559,36.08566]]}}]}