lat,lng,women_40plus
36.392618,140.480577,712
36.383945,140.415162,1286
36.35852,140.534637,60
36.39451,140.443346,182
36.360968,140.488272,191
36.395817,140.452608,199
36.423371,140.355153,70
36.3693,140.390207,246
36.429256,140.417656,357
36.391507,140.428105,1543
36.394602,140.425669,11
36.379998,140.461139,166
36.448038,140.416761,150
36.383659,140.395207,1502
36.379079,140.469334,340
36.394898,140.380664,340
36.3418,140.450673,3249
36.377696,140.381754,68
36.384917,140.463168,353
36.418935,140.453781,74
36.444453,140.437027,287
36.389138,140.446595,795
36.344437,140.398284,107
36.36289,140.491484,36
36.376458,140.413683,2559
36.360071,140.406413,1564
36.378956,140.474709,67
36.382698,140.461092,428
36.343801,140.422779,793
36.363071,140.488396,47
36.384902,140.458309,326
36.337537,140.488658,567
36.338161,140.485606,2878
36.368531,140.482822,207
36.369223,140.472809,139
36.371767,140.484213,494
36.363085,140.506727,193
36.426933,140.434371,257
36.384953,140.44015,137
36.371886,140.488597,1469
36.366352,140.478063,390
36.363005,140.477239,541
36.385191,140.451014,595
36.392603,140.434076,737
36.378247,140.485798,119
36.39256,140.451871,454
36.333564,140.472442,909
36.363326,140.458753,5508
36.382014,140.451628,303
36.416567,140.404471,140
36.426039,140.447824,318
36.394947,140.45755,47
36.366602,140.472146,169
36.376266,140.460741,165
36.324346,140.450336,752
36.374866,140.454205,311
36.357482,140.542879,80
36.401791,140.459096,167
36.390001,140.408359,610
36.430198,140.393525,193
36.357411,140.520796,54
36.388252,140.441999,768
36.382007,140.47589,175
36.373193,140.468837,298
36.398438,140.442444,465
36.388138,140.459302,286
36.363215,140.498007,336
36.36725,140.502399,209
36.384646,140.428073,521
36.360516,140.527599,103
36.369224,140.499404,66
36.368736,140.495624,235
36.385942,140.447378,576
36.374294,140.463653,312
36.381854,140.431151,1503
36.403221,140.39979,631
36.327194,140.432796,2899
36.460938,140.39139,246
36.451064,140.39766,248
36.361284,140.484324,31
36.395612,140.406789,2189
36.401522,140.444327,165
36.400581,140.413971,3763
36.365824,140.496024,553
36.416969,140.378878,192
36.385865,140.436856,321
36.392324,140.455902,190
36.365968,140.440461,3132
36.35736,140.433773,1868
36.381843,140.444762,358
36.377089,140.467729,471
36.361277,140.481953,30
36.370351,140.4764,469
36.379129,140.440289,3364
36.325885,140.49995,684
36.357856,140.481671,121
36.378951,140.455517,249
36.352282,140.472555,5829
36.35432,140.505853,220
36.408294,140.36167,84
36.400893,140.468455,207
36.366675,140.490039,288
36.32851,140.461837,1152
36.362335,140.485933,28
36.366519,140.514426,392
36.341883,140.460731,300
36.37409,140.503318,664
36.377824,140.504014,22
36.408492,140.439715,1584
36.309982,140.530856,59
36.33461,140.540688,569
36.325866,140.525433,412
36.334467,140.571327,132
36.344234,140.519764,327
36.342779,140.569949,134
36.333533,140.552861,270
36.321061,140.551146,169
36.309648,140.517253,181
36.349053,140.550757,257
36.341122,140.534185,614
36.342886,140.530889,362
36.324956,140.562628,129
36.312956,140.507292,83
36.345341,140.506321,658
36.351836,140.512931,170
36.337244,140.365533,1242
36.347568,140.351796,144
36.334508,140.395187,63
36.324832,140.384131,74
36.381296,140.35665,198
36.38404,140.338223,317
36.370333,140.344277,210
36.372255,140.353001,142
36.365034,140.360103,1181
36.356578,140.348501,231
36.383498,140.36983,277
36.388579,140.353123,216
36.392327,140.359236,40
36.391104,140.364261,44
36.396413,140.369114,75
36.371,140.375656,82
36.363305,140.373641,74
36.397608,140.360548,7
36.374097,140.336522,8
36.662237,140.697147,2565
36.652007,140.688998,396
36.65859,140.668665,323
36.6295,140.660299,720
36.635249,140.64904,3117
36.647717,140.656247,1913
36.634687,140.681829,1146
36.643335,140.581263,89
36.664147,140.560999,52
36.642004,140.533472,193
36.628438,140.562226,152
36.602833,140.624967,865
36.623727,140.617773,425
36.603234,140.65761,511
36.607066,140.663268,909
36.600351,140.659348,292
36.595376,140.660726,107
36.589,140.647708,518
36.587891,140.650526,463
36.585047,140.654674,213
36.590935,140.663346,228
36.581769,140.659464,135
36.577545,140.65672,994
36.584632,140.636457,634
36.607011,140.6428,1022
36.610944,140.648335,211
36.601323,140.670022,660
36.571938,140.646873,520
36.573384,140.641515,868
36.578351,140.62317,1974
36.626057,140.646735,880
36.623537,140.663633,1320
36.616901,140.679024,701
36.554593,140.633062,650
36.562367,140.633251,584
36.55895,140.619942,830
36.559666,140.599998,1217
36.551173,140.626195,598
36.56634,140.642302,1013
36.541559,140.640548,675
36.551822,140.637948,945
36.559189,140.642764,230
36.589603,140.597899,2172
36.537525,140.635405,1667
36.54201,140.600572,2102
36.531041,140.633286,2105
36.532101,140.603057,1310
36.523906,140.604633,1409
36.519663,140.625693,1114
36.559901,140.611938,550
36.548605,140.612751,690
36.530407,140.610545,741
36.526654,140.611385,524
36.498926,140.622742,3057
36.512054,140.614715,1805
36.510357,140.597215,1086
36.501533,140.603107,1146
36.501703,140.592936,115
36.50736,140.58154,240
36.501461,140.568518,166
36.496471,140.577962,141
36.48898,140.603927,204
36.493236,140.618978,31
36.62707,140.686192,880
36.682725,140.704423,1079
36.677227,140.694141,660
36.669648,140.680325,579
36.674891,140.66922,1399
36.692061,140.653308,232
36.675491,140.607742,174
36.699081,140.553171,10
36.667331,140.684989,349
36.069258,140.17347,773
36.030533,140.158806,318
36.021805,140.157984,338
36.025248,140.166134,949
36.033953,140.163427,469
36.077728,140.206143,3
36.144778,140.199714,120
36.097227,140.161977,69
36.082043,140.188128,275
36.114183,140.205893,1197
36.143479,140.189279,60
36.062585,140.214377,528
36.079655,140.193116,267
36.082377,140.196219,234
36.074495,140.255597,269
36.036912,140.151813,831
36.042,140.141991,188
36.030747,140.147955,1068
36.045155,140.14776,18
36.085535,140.173457,19
36.062072,140.203559,552
36.077029,140.172549,266
36.072104,140.176153,357
36.047848,140.199969,1276
36.082236,140.211689,383
36.109959,140.232903,1145
36.12169,140.227555,1218
36.117767,140.251822,456
36.123915,140.191154,63
36.101474,140.217712,787
36.105001,140.212023,436
36.037399,140.168061,401
36.067622,140.190357,195
36.069521,140.206215,971
36.065875,140.195604,228
36.133372,140.185582,106
36.05635,140.198311,491
36.05727,140.188956,291
36.085719,140.215639,311
36.062269,140.193004,805
36.090353,140.172573,62
36.078294,140.195898,568
36.082845,140.16312,302
36.104651,140.19009,73
36.108207,140.182844,160
36.099823,140.183821,292
36.077285,140.181943,1033
36.102438,140.256571,121
36.086164,140.20279,254
36.106412,140.269653,408
36.08088,140.190728,118
36.088211,140.196036,101
36.084971,140.184533,568
36.091403,140.188042,34
36.084583,140.244569,232
36.065299,140.204216,55
36.083074,140.199036,381
36.111067,140.197577,484
36.09456,140.234159,355
36.083935,140.206615,401
36.097098,140.193076,109
36.060353,140.185606,549
36.060932,140.179005,550
36.063366,140.17289,238
36.071469,140.18319,1133
36.121399,140.207582,338
36.117564,140.190698,1324
36.126455,140.184142,128
36.118121,140.235179,371
36.052322,140.175626,705
36.040826,140.162518,1267
36.033819,140.166467,284
36.049599,140.155343,245
36.094855,140.19751,174
36.046503,140.165127,667
36.046973,140.152127,131
36.072634,140.215607,47
36.072847,140.208184,184
36.093914,140.206683,339
36.073414,140.200483,665
36.085236,140.193926,416
36.103807,140.199522,1750
36.089917,140.209545,306
36.049123,140.188392,2157
36.07781,140.216598,746
36.094919,140.176611,220
36.095568,140.156444,74
36.079186,140.204244,304
36.10796,140.202901,319
36.108404,140.207862,308
36.044366,140.172151,383
36.109031,140.249487,173
36.091859,140.253465,526
36.109848,140.200299,184
36.099173,140.210664,243
36.069205,140.215345,278
36.126708,140.156907,838
36.12877,140.170829,385
36.114031,140.164297,115
36.107812,140.171548,145
36.146657,140.15942,147
36.137525,140.144193,57
36.125381,140.141776,283
36.129246,140.130529,125
36.115239,140.144112,41
36.150306,140.187723,188
36.149453,140.174493,262
36.154668,140.165309,76
36.16458,140.160075,71
36.157399,140.150513,51
36.145945,140.146037,39
36.201206,139.692947,874
36.179003,139.712808,51
36.147142,139.723297,1035
36.143683,139.713414,1216
36.156686,139.708854,462
36.163299,139.718209,388
36.163805,139.707823,296
36.162709,139.700915,46
36.170639,139.700211,368
36.173094,139.701248,20
36.175641,139.706991,974
36.181393,139.698129,75
36.164938,139.705543,392
36.208707,139.717083,479
36.205317,139.714333,325
36.202563,139.711313,359
36.202821,139.7155,347
36.205003,139.720095,376
36.203524,139.724172,690
36.199924,139.71554,448
36.199021,139.709969,962
36.196744,139.726157,597
36.192483,139.726143,870
36.190137,139.722823,300
36.188301,139.719874,241
36.20816,139.7106,755
36.201493,139.703714,552
36.201323,139.699961,296
36.19757,139.697539,246
36.197541,139.700618,197
36.191319,139.70244,530
36.192772,139.706771,1449
36.194368,139.69774,148
36.189728,139.698041,367
36.184752,139.710519,479
36.183288,139.707298,455
36.185991,139.702125,478
36.16244,139.710847,424
36.210819,139.781917,550
36.191612,139.778971,344
36.211379,139.763817,1263
36.193626,139.761315,962
36.160271,139.774108,828
36.179479,139.763605,1047
36.173727,139.782245,287
36.161345,139.790293,361
36.140963,139.77357,250
36.155021,139.748278,340
36.164942,139.743097,434
36.160742,139.727226,46
36.15396,139.731004,40
36.16733,139.75673,1312
36.139458,139.755727,609
36.142381,139.739363,284
36.186829,139.733175,2083
36.171391,139.728582,618
36.17726,139.718234,474
36.201386,139.736779,784
36.204286,139.747814,399
36.178678,139.741927,1403
36.203941,139.807689,2466
36.209532,139.815595,54
36.226657,139.815498,144
36.226543,139.808336,269
36.223824,139.796785,310
36.207381,139.798695,153
36.194171,139.793598,407
36.178079,139.789594,70
36.186696,139.804467,1359
36.195674,139.829026,306
36.17438,139.824595,1755
36.142767,139.812894,370
36.166995,139.803141,439
36.173918,139.79767,95
36.15265,139.845237,201
36.16343,139.848785,399
36.209968,139.847164,1762
36.18229,139.835813,64
36.193116,139.85814,510
36.182941,140.272193,774
36.198387,140.272374,903
36.195485,140.262506,471
36.187064,140.268655,381
36.203492,140.26897,908
36.204235,140.257599,560
36.207198,140.273219,493
36.209805,140.265023,128
36.212344,140.255011,59
36.185059,140.295204,996
36.193255,140.299164,666
36.183434,140.301754,878
36.183778,140.281656,243
36.180233,140.284412,479
36.18017,140.278035,62
36.217597,140.27786,207
36.212633,140.286397,28
36.208722,140.292781,242
36.204923,140.299772,140
36.200003,140.300594,86
36.195407,140.278856,56
36.199379,140.279525,71
36.207687,140.284394,300
36.210002,140.250019,37
36.180023,140.301669,1299
36.179088,140.292727,85
36.18474,140.260728,1741
36.190336,140.283992,176
36.201728,140.246077,234
36.217744,140.242097,70
36.162641,140.300562,411
36.17017,140.28311,115
36.164482,140.290134,86
36.173709,140.30514,261
36.194375,140.314002,417
36.188879,140.33615,51
36.147265,140.278535,762
36.140415,140.301866,226
36.135067,140.322492,217
36.238387,140.253487,50
36.236539,140.265336,166
36.228552,140.254972,60
36.22625,140.266611,142
36.220315,140.268936,117
36.220332,140.248615,230
36.242983,140.189289,1399
36.230096,140.198751,55
36.22111,140.198751,173
36.223958,140.146107,482
36.222711,140.175782,108
36.215184,140.160611,63
36.20358,140.155093,44
36.208357,140.169597,129
36.21258,140.183946,67
36.266735,140.183201,90
36.271295,140.172768,32
36.261485,140.171508,134
36.252124,140.175485,29
36.258186,140.170072,10
36.258598,140.155768,114
36.251413,140.170695,101
36.250599,140.163582,25
36.24175,140.172668,202
36.254848,140.149942,192
36.307397,140.17572,207
36.299032,140.163319,167
36.297336,140.21295,116
36.295859,140.204112,109
36.291087,140.190647,148
36.27533,140.213932,290
36.274529,140.191385,180
36.267503,140.22328,323
36.259232,140.20619,26
36.263266,140.200788,45
36.282611,140.197725,61
36.261306,140.231198,38
36.249779,140.254572,953
36.265474,140.241573,72
36.268477,140.256959,474
36.262574,140.285529,512
36.21565,140.220894,133
36.231482,140.229916,660
36.250461,140.227222,31
36.251917,140.211717,56
36.247102,140.207254,41
36.238,140.212222,99
36.200069,140.205119,162
36.211436,140.198125,194
36.202481,140.184068,114
36.198757,140.172331,36
36.195009,140.183021,29
36.190138,140.183154,15
36.186817,140.175913,61
36.191753,140.170303,25
36.184724,140.167617,6
36.191212,140.163925,46
36.191949,140.155802,10
36.205683,140.13605,26
36.28014,140.173059,19
36.191816,140.175509,4
36.298655,139.873345,16
36.295847,139.867968,17
36.291319,139.864867,766
36.29355,139.872323,165
36.287892,139.874438,217
36.288471,139.863003,126
36.289622,139.882155,8275
36.29976,139.866509,165
36.301101,139.867528,88
36.302811,139.858167,108
36.306682,139.892549,81
36.298425,139.862977,148
36.283769,139.846874,714
36.277771,139.850804,291
36.286683,139.897824,200
36.280024,139.904316,163
36.276831,139.880647,557
36.271463,139.888598,148
36.2689,139.896637,213
36.26348,139.871682,44
36.270225,139.857436,980
36.240115,139.890904,120
36.237386,139.876117,54
36.227448,139.87617,172
36.218586,139.883385,140
36.230747,139.884111,76
36.234321,139.896809,65
36.228274,139.891696,78
36.232647,139.862953,303
36.218967,139.859748,15
36.224132,139.859097,65
36.241287,139.82543,199
36.233883,139.829712,126
36.226139,139.821814,165
36.224457,139.831905,242
36.208897,139.825624,222
36.271274,139.846847,97
36.26158,139.841099,382
36.252613,139.856868,317
36.241398,139.842209,126
35.913296,140.189445,96
35.949719,140.211408,103
35.934308,140.248195,86
35.919374,140.15559,161
35.932719,140.222262,71
35.943883,140.237667,70
35.894527,140.152504,10
35.93457,140.20024,1279
35.929234,140.207305,884
35.925198,140.20774,100
35.943876,140.193847,480
35.905211,140.187537,313
35.913572,140.152156,1185
35.899733,140.200533,125
35.883132,140.156606,89
35.920666,140.239022,20
35.92673,140.131441,331
35.908593,140.181423,269
35.902808,140.186708,130
35.93102,140.141003,1043
35.960373,140.116972,1302
35.887536,140.192755,91
35.898514,140.190099,307
35.945056,140.136925,22
35.909948,140.194231,19
35.905094,140.183121,413
35.900169,140.187742,242
35.893051,140.170669,102
35.898345,140.194255,353
35.908336,140.191039,75
35.900141,140.209874,801
35.901111,140.156572,71
35.894111,140.1817,196
35.912075,140.194031,283
35.887348,140.142503,61
35.892103,140.160103,83
35.902149,140.165623,70
35.913882,140.227525,109
35.922096,140.184068,169
35.920201,140.175296,608
35.923134,140.156989,209
35.918432,140.244446,149
35.913663,140.198579,350
35.88337,140.138565,36
35.92149,140.210375,997
35.924455,140.192491,140
35.915532,140.235645,181
35.933501,140.132265,12
35.905392,140.174235,314
35.929841,140.178071,1053
35.930934,140.183023,28
35.939142,140.158454,1326
35.901543,140.176558,278
35.921917,140.147532,518
35.893931,140.22031,150
35.908779,140.197762,275
35.879852,140.145926,532
35.924371,140.22256,718
35.915707,140.212224,170
35.911653,140.199296,128
35.908058,140.186511,53
35.936962,140.147586,846
35.944906,140.163275,1636
35.927744,140.17459,761
35.926314,140.160222,811
35.931446,140.16439,867
35.908464,140.194185,115
35.903638,140.171858,19
35.926922,140.146873,83
36.189757,139.956315,2113
36.18655,139.9682,114
36.183797,139.966089,114
36.181923,139.966018,81
36.181305,139.954452,70
36.18898,139.945159,517
36.194984,139.944843,91
36.203958,139.975998,150
36.212823,139.974749,228
36.208142,139.98451,52
36.199856,139.986192,93
36.193635,139.982109,52
36.188114,139.995609,31
36.190186,139.985304,142
36.195813,139.976185,184
36.195211,139.970049,114
36.216951,139.965217,146
36.196777,139.954236,350
36.218146,139.98227,413
36.221545,139.969709,69
36.22711,139.988137,40
36.205178,139.991131,57
36.213762,139.989791,56
36.212721,139.999857,67
36.222113,139.998763,71
36.219663,139.926673,194
36.213177,139.932109,18
36.233488,139.931926,455
36.227583,139.915502,119
36.214004,139.918641,18
36.210005,139.92167,27
36.204665,139.922406,102
36.206928,139.932282,80
36.200059,139.934342,286
36.212479,139.944769,529
36.201281,139.943777,127
36.217705,139.954781,269
36.17351,139.96805,370
36.1669,139.948672,130
36.176221,139.947991,169
36.178728,139.938205,96
36.180523,139.986272,37
36.180955,139.978818,153
36.169508,139.985031,428
36.161758,139.994669,39
36.16839,139.974945,79
36.165788,140.00129,64
36.17158,139.995156,46
36.176342,139.999093,85
36.181415,139.995771,22
36.177523,140.006552,86
36.196766,140.003395,1047
36.192389,139.968636,35
36.187439,139.970527,116
36.153983,139.996591,147
36.14289,139.99516,150
36.165886,139.967527,114
36.166342,139.958964,198
36.16004,139.968677,215
36.157006,139.975877,332
36.150673,139.972615,34
36.155045,139.982906,47
36.15162,139.981212,73
36.148403,139.980895,40
36.145911,139.98298,19
36.144323,139.973809,252
36.151177,139.966458,44
36.153117,139.961846,122
36.153852,139.954696,433
36.152417,139.941966,160
36.144005,139.939475,277
36.138563,139.927773,107
36.160505,139.923016,125
36.008049,139.979938,191
36.014732,139.983737,511
36.018612,139.985213,71
36.020473,139.984228,106
36.023651,139.986268,49
36.019895,139.988004,163
36.019773,139.990592,208
36.023038,139.994021,234
36.026586,139.991568,514
36.031123,139.988047,478
36.019019,139.995861,232
36.010682,139.991027,470
36.00247,139.99188,85
36.039148,139.962919,1948
36.047519,139.959567,32
36.047615,139.965056,59
36.057237,139.947622,56
36.082341,139.953417,602
36.067451,139.945886,171
36.067841,139.940395,45
36.048679,139.981079,144
36.069014,139.973331,201
36.083078,139.96119,145
36.056184,139.987025,911
36.085051,139.97516,510
36.059089,139.996684,53
36.069043,139.992197,82
36.088651,139.993933,91
36.079682,139.997962,253
36.055589,140.008122,146
36.036061,139.986518,123
36.03354,139.998133,187
36.042496,139.999366,97
36.035851,140.007028,35
36.042044,140.012308,124
36.04954,140.019094,65
36.038017,140.023458,82
36.030612,140.020038,35
36.029617,140.013632,30
36.027704,140.008621,36
36.023701,140.002779,123
36.022636,139.942809,643
35.981798,139.961709,672
35.993654,139.959172,522
35.981206,139.928024,854
36.011068,139.936667,308
36.111373,139.978797,1007
36.103812,139.969896,188
36.098201,139.983616,138
36.097425,139.974611,65
36.098892,139.977243,157
36.092816,139.980529,13
36.125089,139.971264,729
36.137698,139.95797,273
36.137145,139.966978,271
36.134363,139.979264,160
36.120996,139.992795,401
36.132481,139.994452,54
36.107182,139.995336,214
36.096557,139.998279,88
36.116173,139.929792,221
36.104307,139.92834,55
36.09739,139.933031,103
36.130485,139.922927,229
36.106529,139.922103,17
36.112389,139.919211,73
36.112206,139.913973,43
36.11763,139.903813,112
36.127908,139.907961,265
36.096976,139.949574,278
36.106667,139.943488,17
36.116094,139.938557,165
36.122677,139.951276,310
36.118336,139.961666,413
36.109564,139.960575,361
36.104421,139.956027,119
36.105581,139.951342,6
36.11269,139.946355,119
36.126585,139.936373,228
36.132035,139.945649,261
36.544732,140.518501,210
36.543034,140.527535,185
36.545025,140.526413,231
36.547526,140.524245,190
36.541466,140.52352,18
36.541256,140.528421,101
36.537743,140.529515,386
36.539668,140.52406,40
36.537913,140.524091,15
36.534617,140.522207,166
36.533834,140.527875,371
36.529249,140.529763,548
36.537406,140.521323,140
36.539621,140.522576,19
36.541446,140.522408,15
36.540192,140.520163,193
36.539479,140.543786,1060
36.529803,140.536559,138
36.550074,140.537416,112
36.562301,140.555819,140
36.556127,140.558429,13
36.556065,140.565299,125
36.527069,140.554243,128
36.525532,140.543498,143
36.517135,140.54306,234
36.507401,140.545849,51
36.50059,140.557055,46
36.50669,140.560112,85
36.51531,140.552187,47
36.509584,140.514165,180
36.505746,140.53127,171
36.516775,140.494868,118
36.500029,140.503324,79
36.507141,140.495873,113
36.519532,140.530303,313
36.5164,140.522979,162
36.525381,140.502067,973
36.531928,140.514745,151
36.551158,140.53049,512
36.541205,140.511536,439
36.561162,140.512442,240
36.583203,140.513777,122
36.600618,140.512963,64
36.575896,140.529797,336
36.567717,140.53934,101
36.576144,140.55926,166
36.586097,140.558697,81
36.588404,140.533718,97
36.595386,140.561451,88
36.516217,140.564699,332
36.544665,140.570229,386
36.538506,140.581715,759
36.524658,140.588446,500
36.608605,140.560945,280
36.610457,140.53249,62
36.624577,140.525272,62
36.633171,140.512253,32
36.547621,140.479254,136
36.529838,140.474521,252
36.533805,140.48826,747
36.548226,140.496291,89
36.558724,140.490968,50
36.569447,140.491145,106
36.53397,140.456327,168
36.526967,140.453734,43
36.514999,140.467097,201
36.512689,140.477172,116
36.504466,140.485169,149
36.554952,140.467453,141
36.539074,140.46784,139
36.546564,140.458188,80
36.557488,140.447096,165
36.562909,140.448333,128
36.578554,140.450691,149
36.578437,140.465283,26
36.564001,140.471995,163
36.594864,140.441387,116
36.621479,140.438388,117
36.623886,140.452812,90
36.641337,140.435351,100
36.588165,140.488475,203
36.581057,140.496304,100
36.57488,140.478576,111
36.597027,140.467416,71
36.598508,140.489498,137
36.609596,140.482645,168
36.620362,140.493028,85
36.62827,140.469772,70
36.636433,140.486353,148
36.661896,140.503137,78
36.667603,140.473831,298
36.698224,140.467868,87
36.726297,140.451373,111
36.650026,140.513447,6
36.821899,140.528511,52
36.784291,140.480389,125
36.774553,140.50741,99
36.755348,140.507215,177
36.732613,140.495049,296
36.72955,140.529182,134
36.697595,140.516451,140
36.675134,140.516733,28
36.669584,140.531856,113
36.719201,140.713631,345
36.713099,140.715683,176
36.718025,140.716615,98
36.700948,140.717234,689
36.713212,140.723278,400
36.717222,140.721572,135
36.714658,140.718219,201
36.722255,140.693073,789
36.709578,140.705871,1178
36.70058,140.703288,304
36.708295,140.691372,1668
36.718716,140.665176,638
36.723728,140.722094,350
36.74319,140.717858,186
36.731806,140.709482,1100
36.755096,140.682331,3
36.748499,140.661142,1239
36.815258,140.631295,24
36.829474,140.586333,46
36.787416,140.567908,67
36.776704,140.625121,20
36.747387,140.588944,27
36.720067,140.600629,39
36.711417,140.645548,5
36.782502,140.730224,825
36.781651,140.743169,285
36.769257,140.737773,279
36.754886,140.721533,356
36.765846,140.733135,910
36.7632,140.722305,522
36.761618,140.695385,441
36.774103,140.713603,506
36.777813,140.677373,523
36.814254,140.674016,46
36.795418,140.698765,558
36.793356,140.717407,536
36.803775,140.716824,400
36.794435,140.73091,576
36.804406,140.750368,1508
36.788039,140.7442,113
36.803114,140.736604,180
36.808282,140.725674,307
36.814075,140.717097,101
36.816736,140.733431,352
36.831156,140.72178,87
36.840457,140.704963,148
36.834638,140.678959,290
36.860708,140.638184,41
36.822866,140.758007,348
36.837403,140.749413,215
36.838953,140.771839,101
36.832644,140.781416,181
36.838895,140.779772,155
36.83468,140.793628,556
36.846026,140.784914,898
36.829401,140.798618,186
36.85062,140.791807,692
36.907476,140.592775,19
36.886161,140.646215,22
36.86848,140.700759,262
36.849223,140.738396,85
36.864405,140.747877,253
36.853247,140.761844,371
36.856865,140.776971,366
36.380732,140.26859,2233
36.386388,140.238207,913
36.366955,140.25208,713
36.380911,140.281103,27
36.4294,140.307907,228
36.40813,140.333554,206
36.410568,140.293845,221
36.415738,140.272674,115
36.389596,140.206932,92
36.409301,140.205681,166
36.41353,140.23168,415
36.400772,140.249115,139
36.411183,140.252113,34
36.428327,140.265503,31
36.398935,140.260766,135
36.396584,140.277085,166
36.336534,140.218858,390
36.367072,140.231647,357
36.355478,140.243586,104
36.353103,140.256876,85
36.360355,140.267623,91
36.337489,140.257739,191
36.382834,140.222499,100
36.372195,140.201434,696
36.347689,140.182866,613
36.391672,140.226497,35
36.390508,140.250005,148
36.352185,140.278541,1210
36.349834,140.290536,865
36.337106,140.295279,301
36.323752,140.303574,202
36.316465,140.29753,144
36.325728,140.277863,288
36.335001,140.275558,39
36.358592,140.301954,531
36.356447,140.317005,349
36.327191,140.319436,1956
36.345661,140.327322,1641
36.354038,140.326411,38
36.310669,140.329525,191
36.314851,140.320005,510
36.326753,140.337743,132
36.31441,140.353908,111
36.302076,140.350987,118
36.305337,140.340069,158
36.370409,140.303815,45
36.375601,140.295407,168
36.393311,140.301379,135
36.371292,140.323376,628
36.350555,140.307394,79
36.346007,140.301826,358
36.345259,140.307253,287
36.350956,140.312031,545
36.34508,140.311375,484
36.306644,140.241997,278
36.30561,140.277506,1878
36.294489,140.287531,473
36.283271,140.266616,583
36.277198,140.282372,369
36.274086,140.294122,119
36.305006,140.303512,321
36.289641,140.311712,576
36.283282,140.338614,330
35.903037,140.051721,1500
35.90485,140.064164,138
35.896017,140.04886,7
35.896955,140.05729,1231
35.892962,140.064715,833
35.892147,140.075499,1264
35.889285,140.076219,41
35.896376,140.06873,1029
35.899291,140.069968,607
35.901778,140.06806,1593
35.903559,140.082598,1106
35.898264,140.075628,1164
35.89481,140.078718,120
35.897078,140.084845,600
35.890657,140.085725,235
35.892844,140.093133,99
35.879406,140.076801,110
35.888825,140.113036,837
35.913264,140.063674,936
35.91432,140.055778,921
35.919295,140.065827,940
35.910655,140.07708,224
35.91779,140.046545,1236
35.921728,140.01478,3116
35.921254,140.005149,677
35.921622,140.023552,460
35.917474,140.031856,1199
35.908886,140.036532,417
35.902016,140.045033,1268
35.931487,140.033739,814
35.933337,140.022219,222
35.940537,140.022469,22
35.947509,140.022846,41
35.926302,140.097925,975
35.920132,140.110863,972
35.921977,140.116731,135
35.918258,140.121405,2150
35.914821,140.127882,61
35.910565,140.132093,69
35.902749,140.139518,186
35.89419,140.143041,28
35.890502,140.128987,121
35.914729,140.087457,56
35.908315,140.091438,568
35.899064,140.095856,44
35.920619,140.099602,87
35.916743,140.103141,594
35.906818,140.108898,78
35.910938,140.10135,36
35.901505,140.11668,46
35.927093,140.053016,157
35.929941,140.060972,151
35.929257,140.07468,292
35.93876,140.073465,60
35.939623,140.081432,53
35.930666,140.087831,88
35.940249,140.094197,115
35.938585,140.105803,135
35.938386,140.114517,75
35.932311,140.114588,37
35.934681,140.125933,135
35.928469,140.117771,41
35.93828,140.123015,891
35.903268,140.125214,1594
35.918879,140.116997,487
35.937351,140.0932,256
35.907333,140.097559,162
35.926684,140.040487,546
35.965379,140.137553,1651
35.981688,140.135625,1607
35.952261,140.150831,500
35.971042,140.120137,81
35.950827,140.142279,33
35.990154,140.160751,1816
35.974536,140.162617,673
35.99828,140.141945,746
36.003647,140.150274,72
36.000119,140.155272,63
36.018173,140.147479,93
35.994596,140.16929,431
35.977117,140.178082,967
35.960536,140.189891,33
35.964819,140.177753,15
35.951196,140.175287,369
35.969496,140.223858,239
35.975175,140.243619,109
35.96481,140.253536,86
35.949736,140.259028,139
35.952379,140.235513,100
35.955441,140.224174,63
35.96473,140.205023,929
35.973013,140.19895,50
35.97465,140.12763,1736
35.984341,140.150254,1467
35.973468,140.146219,3578
35.968312,140.154639,1998
35.978889,140.146578,1124
35.95996,140.167914,1813
35.985086,140.142001,890
36.003451,140.165933,2376
36.010957,140.157662,1535
36.031125,140.077612,1955
36.021897,140.091733,56
36.018686,140.072389,123
36.022531,140.067141,64
36.021523,140.049641,8
36.032818,140.057572,75
36.031464,140.050724,7
36.029478,140.062583,17
36.046722,140.074703,289
36.019457,140.059109,25
36.044324,140.090696,753
36.013986,140.080051,48
36.004604,140.08219,54
36.006484,140.073475,15
36.012979,140.074151,32
36.007947,140.086569,409
36.010509,140.088657,17
36.04743,140.039196,598
36.05832,140.03089,90
36.067299,140.021044,176
36.065374,140.011314,127
36.062357,140.051314,424
36.082929,140.02972,190
36.070479,140.032029,34
36.082232,140.038591,92
36.08426,140.049443,174
36.083076,140.05907,24
36.075707,140.067377,87
36.067336,140.044911,73
36.06205,140.065576,33
36.099342,140.089297,52
36.101007,140.094265,97
36.08981,140.090261,86
36.08015,140.088577,14
36.080788,140.099197,253
36.071876,140.083411,61
36.069383,140.088491,50
36.071478,140.108576,486
36.065216,140.089686,25
36.052516,140.067572,49
36.055897,140.072152,20
36.056101,140.076172,75
36.058811,140.085783,10
36.063229,140.085086,194
36.048063,140.107697,49
36.042176,140.112722,68
36.041721,140.103609,138
36.036509,140.109698,63
36.043197,140.122908,322
36.042857,140.133437,115
36.036087,140.125985,48
36.03244,140.115869,136
36.02904,140.124476,106
36.031882,140.136773,158
36.025538,140.139709,96
36.024094,140.130757,67
36.035111,140.09115,59
36.033674,140.131281,42
36.059911,140.096916,155
36.055432,140.106182,122
36.054546,140.114287,119
36.058464,140.113991,186
36.027228,140.105761,508
36.086695,140.100184,1045
36.061768,140.106577,1830
36.070756,140.092692,16
36.049638,140.115957,411
36.061102,140.130626,568
36.049813,140.127195,397
36.062395,140.121848,1730
36.024314,140.114638,498
36.075657,140.112909,414
36.095618,140.012324,1327
36.093982,140.025026,45
36.096369,140.039851,64
36.095521,140.049597,115
36.105941,140.042827,201
36.124689,140.039278,663
36.116563,140.058341,268
36.087617,140.070097,17
36.101979,140.070367,143
36.10035,140.058673,231
36.091177,140.061588,51
36.123428,140.027429,129
36.087596,140.066798,510
36.121031,140.015808,235
36.10533,140.028219,186
36.138832,140.093926,753
36.133033,140.099357,71
36.13326,140.106963,256
36.148557,140.086542,104
36.155879,140.082079,67
36.124711,140.081459,94
36.127998,140.088138,868
36.145982,140.06332,275
36.131819,140.064165,409
36.140099,140.051028,305
36.11332,140.084382,581
36.140724,140.010593,715
36.146541,140.025564,296
36.145916,140.036705,277
36.154954,140.117199,612
36.148004,140.098416,67
36.145617,140.130857,160
36.135094,140.137093,56
36.164356,140.113288,77
36.17421,140.121185,129
36.184264,140.113645,98
36.17428,140.095037,1128
36.160932,140.090856,93
36.17104,140.081063,119
36.176044,140.082084,18
36.179215,140.069245,293
36.167269,140.061693,312
36.1637,140.07532,104
36.182105,140.053527,46
36.171543,140.039713,432
36.186196,140.029823,152
36.166715,140.016075,310
36.2076,140.059176,73
36.199249,140.06557,141
36.191827,140.06443,68
36.188909,140.058323,51
36.198757,140.047759,223
36.217613,140.105138,185
36.204535,140.083861,264
36.214072,140.077592,178
36.223577,140.069674,242
36.194575,140.109904,276
36.202258,140.10703,193
36.194146,140.076556,51
36.18725,140.07642,29
36.183131,140.080153,49
36.187842,140.084604,32
36.112664,140.129962,90
36.108674,140.13676,211
36.109012,140.144372,148
36.107238,140.152822,114
36.10746,140.146245,132
36.099802,140.151244,115
36.103501,140.145576,66
36.099792,140.13734,253
36.093505,140.145007,213
36.082505,140.151368,169
36.081075,140.139512,589
36.071002,140.155506,331
36.062319,140.15934,808
36.067546,140.147012,588
36.075441,140.130399,341
36.095046,140.116637,230
36.106605,140.11535,213
36.094481,140.124523,109
36.089608,140.131211,447
36.125297,140.114074,477
36.119281,140.125358,62
36.11101,140.100342,3
36.103226,140.104862,410
36.084729,140.111318,1446
36.081229,140.124077,1850
36.06777,140.125914,589
36.069149,140.134009,1340
36.056559,140.139564,793
36.110515,140.113535,450
36.135786,140.082212,271
36.101468,140.045394,596
36.075598,140.098339,87
35.998794,140.105432,57
35.989369,140.114975,149
35.973856,140.106405,134
36.004327,140.102841,44
35.979715,140.095622,281
36.007915,140.094487,45
36.015188,140.100534,141
36.010386,140.122067,65
36.020062,140.135787,71
36.011412,140.138313,156
36.000814,140.122017,528
35.985837,140.126542,161
36.020858,140.127377,189
35.98129,140.125281,526
35.991863,140.123036,415
36.009143,140.101693,345
35.989834,140.110806,1084
36.020862,140.103537,95
35.960503,140.111906,135
36.002236,140.13141,1634
35.950468,140.117153,175
35.960343,140.103498,661
35.986323,140.091897,177
35.997105,140.091233,32
35.990166,140.100503,59
35.99071,140.091365,30
35.967259,140.098707,47
35.95649,140.104602,37
35.95511,140.111989,67
35.987069,140.133923,113
36.008415,140.110859,131
36.01797,140.133121,73
36.020037,140.115492,25
36.01969,140.110384,109
36.015215,140.12888,155
36.09544,140.079399,754
36.085232,140.083228,2003
36.078601,140.075809,667
36.063811,140.058658,652
36.057563,140.059377,312
36.045165,140.063241,189
36.035954,140.052994,784
36.024815,140.060177,362
36.012836,140.068159,116
36.015142,140.052161,243
36.034619,140.084836,386
36.113979,140.122375,212
36.099234,140.123839,63
36.103349,140.127551,34
36.069407,140.040572,17
36.05901,140.046296,66
36.398181,140.526446,120
36.396331,140.526118,69
36.394604,140.527703,106
36.391389,140.525133,241
36.390318,140.526864,61
36.388408,140.525731,92
36.390806,140.529395,390
36.387043,140.531354,264
36.385792,140.535736,422
36.384084,140.556135,3353
36.412406,140.540834,2489
36.376526,140.522623,933
36.38486,140.518484,642
36.391691,140.521401,451
36.372276,140.538161,462
36.365458,140.553582,959
36.385227,140.49438,441
36.406992,140.49679,3019
36.398932,140.502018,1611
36.394346,140.519494,634
36.392876,140.516865,15
36.398963,140.569376,2871
36.420149,140.590498,373
36.418968,140.564602,2127
36.417544,140.51652,1993
36.433389,140.540122,29
36.433343,140.524205,1365
36.448037,140.529963,1132
36.43095,140.535846,1060
36.421079,140.537598,1620
36.431726,140.551483,2395
36.41895,140.503604,269
36.389566,140.542007,426
36.389986,140.546267,346
36.396788,140.544497,477
36.391251,140.558553,173
36.385642,140.543139,211
36.391589,140.556784,14
36.407584,140.541077,541
36.383226,140.537194,598
36.405529,140.53013,865
36.391786,140.533298,492
36.403108,140.523318,854
36.405917,140.536564,500
36.408783,140.528669,49
36.337964,140.588111,225
36.344006,140.580629,161
36.341604,140.585352,87
36.344795,140.586313,181
36.341394,140.589533,199
36.341097,140.593856,175
36.344569,140.595086,190
36.346691,140.598268,148
36.342637,140.602019,198
36.345789,140.602373,308
36.350195,140.605089,373
36.344866,140.592966,124
36.347029,140.591355,164
36.348297,140.594255,7
36.352263,140.598748,62
36.357347,140.595949,92
36.355328,140.597483,81
36.368621,140.602211,162
36.363932,140.599475,94
36.367132,140.592757,287
36.368555,140.579767,261
36.361864,140.587123,23
36.358103,140.587556,31
36.355085,140.590951,335
36.349652,140.587706,8
36.346511,140.588204,99
36.351744,140.586531,425
36.348322,140.582058,135
36.346818,140.576555,10
36.349577,140.578972,95
36.353154,140.573808,381
36.358014,140.571788,100
36.352482,140.566991,60
36.348197,140.587895,212
36.362841,140.612595,1213
36.376506,140.619091,816
36.390304,140.604637,734
36.349948,140.600378,21
36.346813,140.578291,8
36.362186,140.607652,292
36.358739,140.599655,33
36.355609,140.599729,28
36.355056,140.602341,107
36.355813,140.593739,193
36.351924,140.593845,218
36.352757,140.60453,5
36.34902,140.597262,4
36.350708,140.596207,5
36.391273,140.589425,91
36.410747,140.502777,569
36.431333,140.545921,320
36.415847,140.532125,430
35.962728,140.622188,121
35.97147,140.625799,197
35.981696,140.635435,2583
35.959054,140.625524,331
35.958172,140.653129,287
35.960894,140.64841,311
35.954526,140.638644,38
35.951073,140.641637,301
35.945293,140.64604,139
35.946759,140.656469,260
35.939329,140.656571,104
35.946886,140.635159,272
35.945651,140.628751,185
35.938132,140.639684,98
35.932639,140.644381,178
35.932669,140.654343,71
35.934712,140.630391,23
35.975052,140.603883,109
35.957745,140.616735,322
35.999252,140.602214,213
36.001003,140.616076,69
35.996189,140.626295,32
35.986658,140.611182,350
35.989286,140.629678,48
35.985271,140.623062,40
36.004714,140.640701,196
35.997176,140.647728,227
35.98887,140.645315,198
35.98814,140.655416,95
35.980037,140.648208,1223
35.979791,140.659834,348
35.974387,140.651798,218
35.971579,140.65481,235
35.971848,140.658949,299
35.967491,140.656932,315
35.964226,140.66253,2361
36.073834,140.604947,331
36.064462,140.608473,154
36.058369,140.611027,434
36.052815,140.617569,465
36.044168,140.621523,464
36.033056,140.625242,570
36.019088,140.629486,1157
36.011111,140.635455,312
36.01559,140.61313,189
36.009085,140.591841,94
36.017768,140.595898,574
36.027844,140.603595,199
36.038851,140.599871,923
36.041219,140.584413,657
36.054461,140.582599,478
36.065285,140.580985,271
35.96705,140.629529,553
35.957664,140.676621,66
35.975112,140.625337,365
35.971888,140.619303,320
35.939318,140.542723,1129
35.947704,140.538792,337
35.937723,140.551643,165
35.942216,140.573005,100
35.934803,140.57788,1867
35.953881,140.555343,641
35.972165,140.558138,118
35.958208,140.590179,190
35.948787,140.602189,29
35.981267,140.573515,324
35.992173,140.562755,102
35.989686,140.554268,169
35.998356,140.545777,95
35.960581,140.516445,248
35.968769,140.509043,278
35.97363,140.523483,122
35.987797,140.530421,80
35.993801,140.519156,97
35.954148,140.533907,689
35.972928,140.537944,224
35.950871,140.563108,174
35.953304,140.566285,44
35.948626,140.572108,177
35.951835,140.570844,36
35.952094,140.579897,109
35.958017,140.575027,151
35.956903,140.583559,12
35.965185,140.581665,214
35.953004,140.587167,153
35.953489,140.592292,128
35.956624,140.596836,177
35.960112,140.591823,41
35.963627,140.577657,180
35.962945,140.568852,107
35.935276,140.602628,293
35.962062,140.560986,431
35.932228,140.010429,155
35.952185,140.014023,92
35.956893,140.007357,20
35.937124,140.012288,1867
35.924247,139.987605,282
35.937666,139.984382,32
35.929316,140.000421,159
35.943881,139.957004,493
35.938037,139.972137,484
35.958016,139.974963,448
35.974026,139.964472,122
35.954608,139.943272,184
35.970635,139.948196,384
35.9304,139.995209,1366
35.942214,139.978343,1882
35.9689,139.977056,1037
35.965469,139.973585,875
35.968611,139.961954,1718
35.962212,139.965244,1474
35.925855,140.001585,685
35.944769,140.01411,2061
35.960879,139.98908,519
35.957098,139.999869,468
35.957021,139.983254,193
35.949683,139.982142,638
35.944921,139.983865,750
35.953645,139.995254,1102
35.952827,139.989762,513
36.540547,140.417091,266
36.544845,140.414495,247
36.545106,140.409018,263
36.550375,140.401756,453
36.549444,140.410957,200
36.551157,140.419886,189
36.552761,140.412112,124
36.557052,140.408634,225
36.560863,140.406663,117
36.558297,140.416053,21
36.555548,140.402356,336
36.562043,140.398135,380
36.573321,140.367428,355
36.559035,140.380899,260
36.544557,140.387027,354
36.583433,140.343985,59
36.600157,140.351072,137
36.586301,140.370505,39
36.597924,140.373315,56
36.588619,140.404642,183
36.597041,140.413426,138
36.572414,140.397238,502
36.586329,140.393797,102
36.585379,140.422374,94
36.573726,140.422588,89
36.565338,140.427785,152
36.551591,140.434552,150
36.515873,140.452074,98
36.522396,140.442754,171
36.530444,140.440258,77
36.531704,140.428334,605
36.541822,140.430486,313
36.519168,140.427876,258
36.525042,140.408516,325
36.536462,140.402857,344
36.510458,140.394492,280
36.53633,140.365436,164
36.546723,140.357131,192
36.651985,140.375063,166
36.629112,140.382701,607
36.609398,140.384784,488
36.610711,140.409297,124
36.616386,140.421144,66
36.611223,140.361437,107
36.627369,140.352829,33
36.669384,140.431096,150
36.64328,140.403168,181
36.675316,140.412829,17
36.67822,140.376496,163
36.704251,140.332632,29
36.662515,140.396508,45
36.574866,140.323993,66
36.586613,140.322399,84
36.580348,140.300368,115
36.589328,140.302939,18
36.600241,140.329501,442
36.634004,140.251318,87
36.630211,140.28265,156
36.616688,140.261959,37
36.607116,140.283485,12
36.600758,140.302094,40
36.594907,140.282581,33
36.599559,140.266653,39
36.59303,140.251932,68
36.558036,140.32478,359
36.56215,140.345663,156
36.5706,140.333504,60
36.569233,140.280857,183
36.566528,140.255127,128
36.577756,140.263317,38
36.582942,140.274759,48
36.566346,140.297976,27
36.542591,140.294078,159
36.552795,140.266992,71
36.536364,140.260949,25
36.639259,140.318419,83
36.661591,140.34355,228
36.677361,140.321246,110
36.681536,140.292593,355
36.680707,140.265755,150
36.671439,140.247295,262
36.448533,140.480305,461
36.463376,140.49375,5817
36.433604,140.464331,290
36.428053,140.487849,1423
36.419905,140.461133,157
36.417738,140.47054,207
36.410412,140.477936,688
36.412679,140.488459,126
36.490209,140.406494,95
36.48168,140.415118,41
36.47661,140.423023,79
36.461303,140.429895,347
36.473551,140.447367,331
36.468048,140.475441,625
36.45607,140.458852,715
36.489162,140.479627,335
36.488333,140.463502,68
36.48377,140.487218,100
36.4777,140.495861,277
36.496382,140.516174,350
36.496178,140.537473,203
36.482989,140.515771,672
36.489644,140.548286,356
36.472504,140.536266,198
36.467899,140.518979,442
36.456707,140.520341,207
36.46087,140.506793,510
36.503536,140.420664,152
36.509476,140.437336,297
36.502695,140.451593,910
36.494272,140.435308,270
36.48733,140.450483,478
36.498662,140.466938,96
36.48759,140.435026,674
36.45122,140.499478,391
36.313906,139.976487,286
36.313702,139.979546,139
36.312047,139.982177,46
36.311067,139.979658,20
36.310253,139.98058,40
36.310622,139.98267,20
36.310177,139.983924,51
36.308724,139.981956,102
36.307228,139.978394,33
36.309152,139.975988,67
36.305537,139.977863,31
36.305051,139.97624,73
36.305218,139.974435,124
36.307815,139.974966,70
36.311825,139.97281,169
36.310085,139.970366,207
36.307755,139.980202,116
36.304558,139.979217,38
36.309176,139.978914,16
36.308837,139.977492,90
36.310278,139.97834,8
36.301958,139.976626,176
36.303351,139.967646,256
36.306828,139.963291,140
36.312284,139.96467,68
36.321465,139.967651,536
36.32104,139.962943,26
36.314591,139.960062,33
36.314223,139.955425,57
36.321625,139.954091,14
36.310358,139.949958,122
36.312867,139.941502,148
36.304516,139.956675,102
36.305237,139.942671,321
36.303253,139.929649,388
36.312782,139.919326,970
36.299268,139.911863,249
36.291613,139.906346,445
36.284139,139.916502,650
36.314279,139.987981,509
36.317586,139.983009,220
36.312624,139.998427,318
36.310941,140.00088,16
36.318612,139.996701,214
36.327346,139.995838,160
36.324869,139.983234,151
36.331469,139.982032,42
36.305637,139.995609,297
36.299262,139.995699,106
36.302428,139.992003,81
36.302864,139.987887,511
36.291971,139.994875,83
36.286287,140.004173,62
36.281812,139.99513,25
36.281678,139.999228,31
36.289026,139.998696,38
36.293971,140.007155,158
36.303799,140.010735,329
36.334069,139.942992,142
36.343057,139.944717,116
36.34458,139.956069,40
36.335052,139.953178,58
36.325667,139.957564,50
36.329222,139.950504,43
36.323769,139.943777,159
36.330525,139.929487,63
36.319902,139.932644,204
36.333835,139.920619,133
36.338996,139.932658,20
36.334078,139.958389,24
36.337358,139.962141,35
36.344295,139.96166,14
36.34198,139.964705,13
36.355332,139.965668,26
36.34741,139.96369,11
36.337317,139.968644,36
36.334157,139.972654,701
36.349296,139.970129,284
36.36487,139.972986,484
36.352871,139.994859,108
36.341917,139.998738,147
36.355672,140.003013,54
36.369698,140.003451,69
36.365377,139.996331,53
36.362181,139.985923,91
36.353559,139.980846,77
36.345531,139.983555,98
36.337045,139.982864,34
36.336799,139.990361,26
36.285655,139.961458,530
36.281702,139.946387,1113
36.289687,139.94847,1617
36.291989,139.967216,436
36.292297,139.977676,508
36.275026,139.970596,330
36.268789,139.97147,173
36.279608,139.930545,398
36.301326,139.986591,29
36.288664,139.983455,59
36.290903,139.989478,101
36.281537,139.983402,42
36.275268,139.988812,74
36.262301,139.987285,118
36.263037,139.971833,265
36.298567,139.970793,213
36.303037,139.982714,311
36.296571,139.98325,132
36.362724,140.021323,721
36.362944,140.040696,189
36.340647,140.011785,264
36.327085,140.00964,135
36.315938,140.012197,220
36.32154,140.023389,481
36.344789,140.034998,96
36.341999,140.04334,82
36.332099,140.045904,138
36.335769,140.025472,1042
36.329887,140.038529,487
36.294984,140.032724,496
36.316555,140.031127,91
36.324122,140.044171,99
36.320754,140.040799,146
36.320811,140.050358,25
36.315615,140.048332,49
36.313643,140.038168,69
36.306948,140.039864,124
36.309148,140.048502,38
36.303079,140.049121,26
36.29994,140.043638,36
36.24354,140.056406,38
36.236244,140.050929,132
36.239622,140.042836,25
36.236374,140.034943,242
36.247702,140.038895,730
36.26441,140.043247,159
36.262505,140.027786,523
36.2651,140.05657,420
36.250555,140.05577,117
36.255615,140.050159,84
36.278244,140.044983,93
36.274917,140.06245,10
36.227108,140.033066,169
36.221387,140.020533,256
36.211504,140.015225,202
36.207964,140.036113,144
36.220047,140.051191,190
36.252637,140.008506,91
36.244549,140.00385,29
36.24916,140.016895,118
36.240588,140.013056,106
36.236888,140.017354,105
36.227491,140.010064,73
36.276832,140.006949,281
36.267111,140.008558,188
36.259798,140.013149,46
36.269274,139.997925,67
36.259862,140.002584,60
36.252203,139.998448,47
36.278777,140.032373,45
36.272906,140.029436,77
36.25153,140.023133,8
36.233516,140.001929,53
36.273478,139.911528,203
36.254482,139.897158,84
36.255645,139.904704,63
36.263024,139.913776,353
36.256395,139.922855,35
36.250248,139.913002,425
36.242113,139.915127,337
36.238145,139.920662,40
36.237634,139.918717,148
36.260773,139.931427,305
36.249457,139.940524,111
36.252573,139.947451,143
36.242293,139.945824,39
36.235166,139.948986,73
36.230893,139.96385,95
36.252394,139.957306,693
36.256524,139.974057,238
36.250626,139.979092,88
36.269801,139.945968,382
36.238074,139.971948,551
36.236761,139.979724,44
36.245633,139.993665,78
36.237067,139.98958,68
36.055774,139.887269,2263
36.038535,139.945059,382
36.04882,139.943537,78
36.00107,139.915123,166
36.083287,139.932772,77
36.014034,139.912231,121
36.010175,139.882562,435
36.033542,139.91705,537
36.058986,139.936175,56
36.070255,139.870804,336
36.08915,139.865974,162
36.068735,139.928904,69
36.036919,139.847508,41
36.022893,139.886133,224
36.051203,139.874179,413
36.011847,139.897628,188
36.052969,139.905557,215
36.063232,139.928384,100
36.052474,139.829679,27
36.078407,139.878147,150
36.028461,139.897518,81
36.051241,139.953644,66
36.08321,139.849112,169
36.086463,139.884256,127
36.02021,139.90242,345
36.052743,139.851345,969
36.031161,139.872677,766
36.038185,139.929297,360
36.054225,139.940207,43
36.097827,139.880249,188
36.074672,139.930232,44
36.03753,139.899558,1550
35.986655,139.919297,65
36.063942,139.905642,240
36.073774,139.85817,153
35.99274,139.890872,198
35.989049,139.906917,618
36.076833,139.903203,412
36.140926,139.861334,900
36.120452,139.881588,385
36.094264,139.907311,1537
36.088193,139.914306,313
36.115933,139.855217,400
36.112786,139.866267,598
36.115571,139.887523,74
36.038222,139.887769,183
35.960703,140.318916,1387
35.968245,140.29748,389
35.967449,140.335218,65
35.934496,140.267167,98
35.927775,140.280605,118
35.928072,140.291324,82
35.940115,140.290107,159
35.94178,140.313217,54
35.958236,140.300091,457
35.944474,140.303288,72
35.951747,140.2928,113
35.960816,140.277298,448
35.975533,140.274502,552
35.995117,140.341614,174
35.984375,140.327408,320
35.977304,140.343938,104
35.951641,140.342551,375
35.940854,140.338022,216
35.929981,140.332072,119
35.922937,140.343251,104
35.931121,140.335307,102
35.909143,140.280723,342
35.90956,140.28495,129
35.916562,140.287417,77
35.905251,140.3031,638
35.920749,140.300537,208
35.893036,140.295731,76
35.891592,140.309817,40
35.928515,140.312906,178
35.929533,140.31938,34
35.915424,140.321017,318
35.910812,140.333932,116
35.91145,140.260659,502
35.91692,140.269562,181
35.894035,140.318413,22
35.950656,140.381832,201
35.956736,140.366186,214
35.964511,140.385987,123
35.96432,140.405388,98
35.95338,140.402201,90
35.968983,140.436871,551
35.968122,140.360385,22
35.959023,140.353946,34
35.967061,140.346235,50
35.978503,140.358212,222
35.975267,140.37561,76
35.979839,140.369113,64
35.978676,140.391864,83
35.979262,140.40086,58
35.973561,140.405631,52
35.969744,140.356004,10
35.966772,140.398517,10
35.95213,140.420251,215
35.941048,140.412513,245
35.938085,140.364493,155
35.956801,140.503681,20
35.91397,140.404612,89
35.941134,140.395667,121
35.945427,140.441596,224
35.930982,140.474042,102
35.927199,140.446588,233
35.942923,140.387308,298
35.939363,140.383493,434
35.928557,140.465217,50
35.95248,140.499083,46
35.924814,140.403134,136
35.934626,140.489477,32
35.923974,140.364424,82
35.95472,140.430932,107
35.91202,140.398809,47
35.92279,140.420495,74
35.931778,140.379026,20
35.918958,140.482781,210
35.914316,140.391904,98
35.938792,140.354565,48
35.935817,140.371965,127
35.911792,140.415631,60
35.930202,140.35749,137
35.957933,140.508564,6
35.947955,140.470125,215
35.943729,140.49034,104
35.912509,140.426595,33
35.907291,140.377583,12
35.916703,140.43668,58
35.922275,140.387836,54
36.202335,140.222206,89
36.200223,140.235872,38
36.187379,140.233678,290
36.187846,140.216398,47
36.179014,140.222632,34
36.16867,140.223437,26
36.171311,140.230091,66
36.179205,140.244961,202
36.164038,140.246267,114
36.155803,140.23449,190
36.163602,140.233618,20
36.177184,140.260054,126
36.169075,140.257133,94
36.167858,140.269546,188
36.148823,140.256977,299
36.123148,140.247967,846
36.126852,140.250839,1100
36.128615,140.240332,612
36.14127,140.239313,2476
36.134366,140.214126,603
36.149304,140.220428,112
36.155663,140.210983,150
36.157981,140.204674,21
36.171735,140.207558,180
36.171198,140.190961,46
36.075784,140.290476,414
36.082605,140.269479,209
36.080276,140.346101,46
36.085193,140.33996,106
36.08699,140.332596,104
36.092031,140.327258,176
36.102707,140.308354,31
36.106123,140.298544,75
36.108436,140.289211,52
36.091886,140.29788,478
36.072229,140.331013,716
36.066263,140.355801,29
36.07753,140.360757,391
36.087093,140.374871,354
36.115361,140.350369,291
36.104107,140.372994,139
36.099085,140.356932,155
36.103975,140.342645,86
36.104067,140.32695,211
36.109137,140.332743,24
36.121549,140.295041,1229
36.3639,140.152861,298
36.352643,140.157995,158
36.340202,140.158803,33
36.327922,140.174295,39
36.326994,140.161934,50
36.329369,140.151706,54
36.338336,140.146874,57
36.343682,140.142624,76
36.353624,140.138866,615
36.357541,140.125997,114
36.355135,140.120998,25
36.359129,140.116358,65
36.367436,140.137199,111
36.373178,140.150274,22
36.36561,140.104795,71
36.365645,140.107902,115
36.363468,140.116564,222
36.363972,140.104624,56
36.362097,140.113706,63
36.369624,140.117308,889
36.337772,140.124751,327
36.356421,140.072331,215
36.353344,140.061767,54
36.348588,140.050397,183
36.358779,140.056624,72
36.366898,140.048078,93
36.373321,140.058623,47
36.370265,140.074275,138
36.391292,140.075269,201
36.381837,140.086809,41
36.376138,140.089016,96
36.366382,140.087783,171
36.360763,140.091503,259
36.383963,140.099343,237
36.379365,140.118086,42
36.389909,140.1235,63
36.399538,140.138657,186
36.38494,140.131612,193
36.388232,140.141565,44
36.388233,140.151566,64
36.388187,140.162645,65
36.382383,140.175052,78
36.372465,140.170108,34
36.367244,140.166563,69
36.379431,140.159633,65
36.379472,140.153221,43
36.37708,140.141037,192
36.277406,140.100319,370
36.275494,140.105435,277
36.260435,140.120301,153
36.254514,140.106676,489
36.270399,140.083023,79
36.277413,140.091328,276
36.281093,140.078024,209
36.289629,140.088441,340
36.272856,140.070417,208
36.246405,140.097435,163
36.256463,140.080514,265
36.24358,140.075863,488
36.23219,140.071892,241
36.280187,140.063194,47
36.288466,140.059734,371
36.30609,140.057488,147
36.298099,140.075025,110
36.308037,140.068261,21
36.276747,140.124407,261
36.285534,140.124211,277
36.293252,140.129709,311
36.29934,140.124548,107
36.304326,140.11848,175
36.301575,140.091436,85
36.322222,140.124516,344
36.317802,140.114856,172
36.309304,140.11054,248
36.317096,140.094401,160
36.332157,140.089197,94
36.32161,140.071291,416
36.316549,140.079219,297
36.322427,140.055493,74
36.342602,140.070349,111
36.347007,140.087011,190
35.853709,140.7047,545
35.857457,140.688546,861
35.85979,140.667254,142
35.862458,140.656447,67
35.862131,140.649661,110
35.86723,140.639904,323
35.877341,140.651333,166
35.889872,140.656269,255
35.880373,140.664706,349
35.881084,140.678152,114
35.873987,140.682181,430
35.869742,140.679965,394
35.870624,140.665236,192
35.870841,140.736864,39
35.8843,140.720135,596
35.900273,140.7081,196
35.91264,140.650146,816
35.918799,140.646341,445
35.925532,140.65161,13
35.928413,140.623231,37
35.917921,140.621781,306
35.906399,140.626091,359
35.90173,140.617348,562
35.908906,140.636773,455
35.902418,140.63957,378
35.895177,140.630615,208
35.897313,140.6376,2190
35.881868,140.625136,456
35.901316,140.648632,1076
35.868808,140.704876,1728
35.87317,140.693825,235
35.890922,140.725795,92
35.924652,140.636241,395
35.921263,140.630777,470
35.888353,140.635366,963
35.75674,140.822066,2057
35.779373,140.797615,1643
35.802104,140.736098,1595
35.783578,140.77828,206
35.791804,140.773206,273
35.787812,140.773531,487
35.800605,140.777771,407
35.795827,140.783097,141
35.788424,140.782921,1277
35.826345,140.731386,1428
35.83232,140.731783,339
35.835145,140.735257,441
35.819371,140.757758,594
35.850239,140.7451,788
35.852796,140.726886,101
35.859523,140.739472,80
35.986194,140.505332,280
35.985863,140.496343,73
35.998668,140.491559,997
36.004917,140.534409,218
36.012702,140.516651,198
36.021186,140.528778,102
36.033871,140.529718,91
36.028729,140.547755,133
36.017706,140.547388,122
36.025989,140.535798,79
36.028919,140.512262,266
36.041744,140.502073,182
36.045649,140.512247,35
36.043332,140.526394,85
36.041933,140.520979,10
36.042588,140.544507,100
36.048498,140.546009,78
36.051012,140.526972,63
36.041708,140.461497,184
36.05322,140.463391,188
36.047869,140.452261,38
36.046423,140.444983,114
36.012733,140.482057,212
36.024329,140.474737,197
36.023712,140.459202,49
36.031592,140.492854,269
36.044178,140.482521,154
36.058829,140.538472,115
36.060859,140.519812,375
36.062591,140.505695,87
36.082059,140.519629,484
36.085953,140.464172,218
36.07407,140.480128,288
36.06312,140.492282,105
36.075046,140.499976,56
36.101586,140.492782,135
36.098833,140.503979,153
36.103542,140.513554,72
36.112077,140.517831,169
36.123025,140.501164,76
36.108987,140.484157,142
36.111753,140.464179,431
36.053068,140.439913,84
36.059707,140.451003,85
36.067351,140.459055,30
36.065993,140.441848,196
36.074027,140.438407,175
36.087278,140.435109,590
36.117714,140.438142,1164
36.116458,140.418933,90
36.132437,140.413098,76
36.143785,140.438328,458
36.124639,140.425291,142
36.116085,140.409402,83
36.112765,140.403067,283
36.130706,140.395598,132
36.143162,140.391994,206
36.151656,140.376536,159
36.232255,140.551632,176
36.187213,140.563065,56
36.200395,140.56273,148
36.209822,140.547858,68
36.247806,140.530976,112
36.253755,140.547499,279
36.217994,140.539329,220
36.241542,140.551672,89
36.230623,140.490168,429
36.259625,140.530673,56
36.18594,140.547448,113
36.25245,140.510434,250
36.220785,140.558698,218
36.229251,140.520479,391
36.209953,140.530929,98
36.209713,140.558577,68
36.265368,140.508181,174
36.194979,140.544332,209
36.184146,140.56522,51
36.170229,140.45319,254
36.177782,140.494011,31
36.172876,140.52474,813
36.169028,140.499067,242
36.152647,140.567174,421
36.211354,140.50211,192
36.210478,140.441223,145
36.15337,140.533358,264
36.177336,140.5576,201
36.203532,140.459591,159
36.151201,140.464124,238
36.13603,140.503181,569
36.183005,140.506837,61
36.194273,140.461752,91
36.167463,140.559872,158
36.154148,140.521737,102
36.218881,140.453134,130
36.127104,140.515772,55
36.155697,140.498893,259
36.164845,140.481202,369
36.195154,140.505375,638
36.185522,140.470676,298
36.141162,140.486598,209
36.13437,140.465322,154
36.223801,140.468334,463
36.149586,140.515492,44
36.157412,140.515362,1035
36.222768,140.431131,222
36.140807,140.536677,335
36.082856,140.548931,208
36.072723,140.5555,46
36.082958,140.568856,136
36.07279,140.575273,368
36.088348,140.589108,357
36.103134,140.590177,507
36.095225,140.561482,289
36.102957,140.553166,197
36.114308,140.545513,321
36.131705,140.547205,220
36.136128,140.577472,280
36.118801,140.57694,746
36.132137,140.561604,121
35.983548,140.043004,564
35.985995,140.031707,25
35.983234,140.027242,15
35.973391,140.03173,66
35.969678,140.037646,72
35.966421,140.025177,223
35.968656,140.017709,35
35.96306,140.011428,144
35.957743,140.018118,105
35.956763,140.025507,135
35.948423,140.030101,52
35.956662,140.033896,81
35.963977,140.036749,32
35.953974,140.047861,1689
35.949662,140.039525,82
35.942127,140.036916,85
35.938888,140.04467,119
35.939714,140.055135,124
35.952021,140.064556,94
35.951746,140.07856,101
35.945863,140.077654,35
35.943595,140.064031,339
35.956829,140.057577,12
35.962797,140.056366,38
35.962771,140.051212,26
35.958018,140.070317,29
35.962837,140.069534,38
35.954722,140.086315,105
35.956304,140.093335,85
35.947115,140.103723,139
35.977653,140.0505,681
35.970659,140.062185,186
35.994118,140.058492,972
36.001105,140.066544,130
35.991613,140.075403,357
35.983396,140.080653,38
35.97565,140.080834,156
35.966623,140.084224,65
35.966374,140.074184,7
35.999171,139.977336,94
35.988398,139.988755,49
35.99634,139.985209,67
35.988159,139.985587,58
35.985537,139.980789,549
35.990923,139.984625,297
35.971551,139.98995,616
35.969011,140.000307,30
35.977436,139.976909,1007
35.98972,140.027488,84
35.99542,140.024874,65
35.994102,140.015622,47
35.986454,140.01685,166
35.985581,140.009971,36
35.978128,140.018433,33
35.994647,139.997444,49
35.988097,139.997369,29
35.989841,140.002637,127
35.97969,139.999235,64
35.972338,140.010121,124
36.0108,140.009163,81
36.001169,140.011959,75
36.010052,140.03191,82
36.011063,140.020194,116
36.022146,140.014595,51
36.001122,140.020563,26
36.002396,140.003757,18
36.012287,139.998465,42
36.016966,140.003977,33
36.018904,140.009375,16
36.026404,140.026344,255
36.031839,140.039944,146
36.018625,140.034012,143
36.011687,140.042212,19
36.017367,140.01846,11
36.024729,140.046172,8
35.991943,140.040431,1479
36.00501,140.038583,770
36.004314,140.031343,397
36.039931,140.030358,16
36.168256,140.360064,866
36.160759,140.363103,79
36.15992,140.368419,65
36.189313,140.356929,413
36.196778,140.349164,63
36.198882,140.376451,692
36.225106,140.386153,114
36.2164,140.391214,185
36.216431,140.403767,160
36.185686,140.435646,363
36.204581,140.40788,264
36.20178,140.421721,147
36.163923,140.408862,217
36.150572,140.41785,211
36.174499,140.385434,545
36.162244,140.376433,183
36.185046,140.382983,400
36.174267,140.398457,93
36.181084,140.417424,4
36.273381,140.312113,61
36.269914,140.320945,45
36.26437,140.320808,39
36.264844,140.331887,73
36.257157,140.302676,784
36.258659,140.319204,308
36.252162,140.313317,373
36.240042,140.315981,135
36.244999,140.327849,137
36.236007,140.348873,640
36.263352,140.35459,141
36.258418,140.371036,196
36.248793,140.374759,400
36.250804,140.351437,245
36.228537,140.373001,188
36.220764,140.35048,138
36.208577,140.346949,122
36.240758,140.287948,2260
36.221868,140.288712,168
36.232599,140.307596,205
36.223144,140.299254,102
36.222407,140.311441,389
36.226947,140.329287,211
36.219059,140.31946,121
36.213054,140.32085,425
36.200583,140.326609,129
36.197653,140.338656,51
36.150102,140.343704,270
36.15548,140.352794,87
36.163123,140.319045,546
36.167276,140.332968,626
36.171776,140.341501,311
36.180702,140.329525,808
36.175769,140.327345,4
36.33363,140.410879,674
36.309984,140.431379,664
36.297237,140.449243,2081
36.289911,140.44316,165
36.295891,140.419522,465
36.328478,140.405166,55
36.324517,140.395304,96
36.312997,140.402271,38
36.281799,140.359572,319
36.287199,140.373342,40
36.288835,140.379742,125
36.288001,140.386799,113
36.287305,140.397663,168
36.284581,140.416055,417
36.300083,140.407859,100
36.302007,140.399178,28
36.304805,140.393606,66
36.299799,140.380993,131
36.300251,140.370745,35
36.30178,140.36341,56
36.260523,140.415309,125
36.269588,140.429655,51
36.262645,140.432427,87
36.244058,140.430924,331
36.227497,140.414751,57
36.232072,140.405643,54
36.243332,140.39288,110
36.247834,140.401234,62
36.267367,140.390812,609
36.281463,140.424616,283
36.278176,140.438486,225
36.26897,140.444037,63
36.263245,140.453049,205
36.24412,140.446591,171
36.26243,140.488849,156
36.259876,140.467952,443
36.295997,140.466941,784
36.289692,140.490831,250
36.295291,140.515883,442
36.307652,140.487638,265
36.324081,140.412773,460
36.327803,140.587618,2691
36.322564,140.580031,97
36.319071,140.574544,145
36.316191,140.583045,150
36.323083,140.571337,379
36.306497,140.553079,1113
36.294394,140.541748,154
36.273023,140.545682,332
36.316273,140.562556,438
36.47813,140.378014,1841
36.466162,140.401033,831
36.481211,140.400496,67
36.454626,140.378207,216
36.450657,140.360899,55
36.440017,140.374051,272
36.470289,140.360228,175
36.466112,140.369852,111
36.482407,140.350987,145
36.475547,140.334751,84
36.460629,140.351977,41
36.463692,140.310815,112
36.445862,140.33296,155
36.493256,140.372342,253
36.492743,140.386551,154
36.506934,140.374605,147
36.50336,140.357333,191
36.492307,140.350076,104
36.499046,140.312018,123
36.514017,140.321545,123
36.520525,140.327548,29
36.516452,140.351231,83
36.518337,140.365147,398
36.525449,140.351035,127
36.532026,140.349858,122
36.519223,140.344947,68
36.535709,140.324837,152
36.460025,140.254986,100
36.470312,140.278118,136
36.4975,140.260436,224
36.451395,140.228423,58
36.443676,140.211406,34
36.438518,140.2511,26
36.444249,140.278657,27
36.447069,140.593871,2219
36.469422,140.580357,543
36.466955,140.598518,744
36.476147,140.597848,251
36.435237,140.605661,264
36.445192,140.561418,1357
36.458273,140.549809,778
36.486825,140.565866,583
36.480165,140.575694,903
36.488781,140.584983,71
36.480596,140.59521,156
36.466522,140.560296,631
36.470524,140.56138,421
36.470702,140.550538,695
36.465453,140.582462,365
36.470655,140.575048,398
36.471501,140.571588,613
36.466858,140.570118,527
36.753601,140.278442,89
36.803782,140.333504,270
36.796223,140.303991,125
36.783805,140.368765,462
36.79718,140.428683,82
36.770017,140.328418,122
36.729487,140.338489,83
36.797775,140.397316,134
36.778845,140.268438,106
36.841778,140.335407,123
36.893099,140.29057,124
36.803965,140.370242,127
36.765614,140.36664,290
36.699666,140.425921,14
36.870051,140.362093,30
36.773447,140.382748,31
36.754481,140.430594,262
36.71855,140.383419,532
36.701092,140.400452,153
36.844554,140.273487,252
36.773251,140.29409,103
36.741025,140.373877,66
36.824129,140.382381,280
36.815123,140.417951,58
36.762269,140.347613,724
36.782205,140.448317,118
36.84495,140.373989,14
36.799935,140.275998,56
36.732584,140.305462,44
36.869456,140.342631,80
36.810383,140.306772,159
36.790958,140.297917,95
36.75088,140.394267,295
36.83754,140.310377,91
36.842594,140.359825,165
36.753599,140.366187,72
36.814691,140.350145,75
36.687618,140.408346,22
36.79012,140.355848,332
36.766673,140.310108,117
36.02747,140.278779,593
36.019988,140.295294,432
36.010749,140.282299,253
36.009335,140.317714,163
36.00672,140.305153,301
36.025237,140.311861,152
36.015758,140.313074,97
36.000831,140.31801,233
35.9886,140.313731,479
35.996701,140.299473,164
35.989057,140.28608,832
35.98738,140.302427,218
36.023808,140.320399,41
36.017823,140.320363,17
36.022885,140.326125,22
36.018235,140.326099,26
36.023462,140.332706,26
36.023862,140.337913,42
36.025083,140.345159,7
36.027101,140.344387,24
36.013337,140.326356,16
36.013329,140.324861,18
36.014291,140.330249,35
36.012931,140.338841,19
36.012207,140.345865,99
36.020429,140.353001,43
36.011313,140.353626,22
36.006204,140.364164,164
36.016659,140.333387,49
36.015966,140.322318,69
36.015869,140.324366,10
36.023694,140.33213,20
36.010396,140.296762,269
36.016209,140.315137,23
36.028457,140.201411,2536
36.048424,140.220398,339
36.044319,140.22435,131
36.040771,140.233309,248
36.036884,140.227582,559
36.013874,140.224762,890
36.022299,140.214135,377
36.025512,140.223416,1766
36.016563,140.175807,1237
36.008043,140.188728,665
36.004603,140.204462,187
35.990409,140.190497,174
35.994014,140.222619,334
35.980728,140.205522,135
36.003969,140.27132,105
36.015587,140.27229,39
36.008,140.258133,57
36.009078,140.239462,82
36.016793,140.254466,122
35.991405,140.268543,63
35.990269,140.254596,169
36.030479,140.23572,103
36.031629,140.244079,107
36.028779,140.260274,325
36.023845,140.252747,838
36.037463,140.222127,632
36.036614,140.176097,306
36.030965,140.182224,1863
36.025897,140.177563,554
35.991747,140.235665,68
35.887364,140.229496,731
35.886966,140.22548,18
35.869324,140.244513,18
35.868709,140.240416,18
35.874977,140.237613,34
35.867761,140.23403,59
35.862583,140.218959,52
35.881747,140.254333,305
35.868148,140.253501,20
35.869849,140.258787,19
35.872571,140.264817,21
35.89125,140.241811,59
35.895763,140.258558,52
35.890136,140.256297,49
35.864127,140.24863,34
35.884995,140.283846,342
35.875118,140.271149,28
35.876435,140.276939,30
35.893643,140.274707,45
35.882757,140.332965,620
35.872842,140.295348,100
35.87636,140.308766,141
35.893215,140.325989,188
35.900973,140.354354,78
35.907369,140.368712,80
36.160317,139.935327,234
36.170118,139.933151,85
36.176375,139.932242,61
36.173528,139.92775,35
36.172898,139.924965,24
36.174804,139.92024,63
36.176971,139.908945,142
36.178696,139.895686,359
36.185752,139.915524,148
36.183113,139.92182,73
36.192043,139.922093,138
36.191715,139.931454,101
36.18476,139.933103,35
36.160093,139.896009,200
36.158454,139.908202,146
36.167877,139.91316,143
36.170793,139.90194,10
36.17069,139.906547,14
36.149176,139.911507,161
36.139745,139.908733,80
36.146507,139.901571,37
36.131858,139.889122,70
36.144481,139.891789,309
36.162477,139.885497,102
36.167941,139.878448,192
36.203189,139.881629,211
36.202927,139.89616,117
36.196546,139.891652,37
36.18859,139.884085,881
36.183164,139.893503,99
36.188126,139.866214,70
36.197054,139.869223,26
36.204183,139.87138,152
36.211723,139.859362,180
36.212048,139.871314,56
36.211056,139.881338,72
36.155419,139.868099,695
36.175427,139.861054,156
36.178135,139.871709,166
36.211845,139.896989,148
36.199069,139.906544,146
36.195056,139.899665,14
36.192231,139.913445,72
36.202725,139.912862,117
36.210553,139.909306,55
36.218334,139.908716,127
36.229746,139.903236,54
36.22142,139.900436,49
36.22254,139.891957,58
36.102023,139.736064,597
36.128341,139.721712,148
36.12247,139.734109,233
36.114368,139.742578,66
36.112998,139.75199,206
36.120799,139.756597,134
36.107544,139.764377,83
36.10288,139.774717,66
36.094732,139.765377,173
36.087212,139.759481,137
36.095768,139.748813,128
36.127135,139.74552,14
36.128954,139.74269,23
36.095569,139.741366,781
36.110519,139.786364,2258
36.108558,139.805296,196
36.109385,139.802489,68
36.130586,139.813334,145
36.126966,139.795235,678
36.140157,139.803662,114
36.136185,139.825932,120
36.12886,139.824292,73
36.116244,139.81585,294
36.118032,139.80594,175
36.11319,139.804722,15
36.083157,139.810233,55
36.092341,139.808691,183
36.103506,139.806826,119
36.106999,139.803815,21
36.099239,139.816684,166
36.108414,139.826522,181
36.116808,139.827238,193
36.122067,139.832485,375
36.09574,139.832546,510
36.086513,139.820252,66
36.076395,139.82085,171
36.072664,139.811557,11
36.064071,139.819172,31
36.072353,139.83611,476
36.125385,139.774915,671
36.141654,139.791704,72
36.149852,139.794197,100
36.147966,139.78125,53
35.878221,140.133828,787
35.876553,140.147164,602
35.878283,140.155635,40
35.872047,140.15729,91
35.871513,140.146804,25
35.86854,140.148956,15
35.872267,140.136704,60
35.865798,140.136671,49
35.863822,140.155641,52
35.852499,140.149242,299
35.854928,140.15346,2378
35.858699,140.142431,118
35.881436,140.164833,36
35.877922,140.183894,140
35.869326,140.175879,219
35.858351,140.163905,87
35.859189,140.171166,68
35.857945,140.179905,110
35.860481,140.187621,56
35.870639,140.199072,72
35.865997,140.20519,102
35.881206,140.173897,125
35.863459,140.213026,5
35.876244,140.161704,467
36.547788,139.867525,82
36.552252,139.885047,296
36.561312,139.881767,10
36.561899,139.91959,1669
36.562954,139.878964,90
36.55194,139.881458,481
36.575693,139.858702,265
36.559356,139.890206,168
36.571485,139.901181,1464
36.565395,139.894979,622
36.573737,139.911785,281
36.593287,139.934312,674
36.558099,139.896698,264
36.560317,139.882033,92
36.572888,139.888115,634
36.561615,139.893392,176
36.551002,139.886631,49
36.563353,139.875727,235
36.576375,139.890856,204
36.560135,139.898617,1
36.550289,139.884149,75
36.547623,139.870914,223
36.570856,139.86278,245
36.552374,139.870696,202
36.566312,139.877308,420
36.572136,139.924719,409
36.554958,139.866598,195
36.561565,139.873518,134
36.563244,139.890228,90
36.567969,139.866767,1248
36.558024,139.890934,87
36.547978,139.883788,5
36.572578,139.876688,429
36.555153,139.907115,609
36.565388,139.880447,165
36.547385,139.875549,250
36.557772,139.866731,254
36.563035,139.89247,96
36.557895,139.873111,413
36.552121,139.867066,170
36.558636,139.88485,46
36.556577,139.885856,361
36.555571,139.889233,307
36.56126,139.877703,96
36.576356,139.87786,465
36.572267,139.868396,1483
36.569033,139.880649,113
36.58124,139.877452,486
36.561874,139.890496,85
36.566005,139.863743,174
36.557218,139.889203,157
36.557617,139.877173,524
36.566111,139.860541,306
36.573685,139.894854,581
36.560646,139.867445,235
36.538961,139.882537,603
36.555768,139.872969,296
36.558476,139.888944,38
36.549719,139.871132,185
36.568396,139.886232,418
36.562378,139.885236,208
36.57714,139.886729,204
36.54966,139.880788,146
36.548378,139.882071,440
36.558989,139.919441,259
36.575457,139.916672,510
36.557034,139.905352,651
36.571802,139.884139,10
36.564956,139.891141,243
36.542773,139.871379,296
36.550386,139.909095,175
36.559444,139.887162,52
36.54424,139.878007,399
36.570242,139.875373,300
36.563259,139.882254,99
36.55452,139.886069,230
36.560153,139.884747,26
36.568492,139.871613,602
36.556303,139.88072,168
36.557817,139.869724,142
36.563715,139.863558,162
36.556803,139.893215,544
36.5484,139.912928,407
36.562184,139.887551,36
36.559231,139.880717,5
36.541269,139.872642,609
36.578372,139.920518,951
36.579792,139.925814,1112
36.560285,139.86298,381
36.564726,139.902251,1748
36.549066,139.895658,1146
36.545005,139.890162,901
36.543927,139.867617,315
36.572317,139.859389,46
36.538536,139.876211,973
36.546194,139.872992,233
36.55487,139.869444,190
36.59292,139.867588,1961
36.597464,139.857817,714
36.590437,139.843911,2730
36.581134,139.871771,482
36.578875,139.867832,365
36.57832,139.863585,249
36.59124,139.852184,1291
36.591238,139.855994,205
36.586385,139.858275,1231
36.511385,139.867073,1208
36.531572,139.86947,337
36.524538,139.86817,1101
36.534914,139.860722,305
36.52899,139.865646,306
36.524113,139.854576,317
36.528022,139.855561,296
36.526709,139.859455,796
36.521754,139.857761,1734
36.529352,139.862145,200
36.532483,139.859235,299
36.534994,139.864717,794
36.536861,139.937466,3112
36.55547,139.947223,462
36.531923,139.923021,15
36.54294,139.921771,1311
36.560911,139.924546,368
36.576238,139.947361,1296
36.567162,139.960024,150
36.592098,139.981961,383
36.516835,139.972521,805
36.574884,139.983664,19
36.516254,139.957975,58
36.53738,139.968037,1063
36.551129,139.968259,531
36.565188,139.972048,200
36.562734,139.996653,59
36.522815,139.997351,1306
36.574432,139.975641,34
36.527855,139.875255,1083
36.51647,139.873459,656
36.531863,139.889832,684
36.514229,139.913628,199
36.526604,139.909676,2139
36.510626,139.881544,416
36.50479,139.909495,152
36.519402,139.877697,88
36.517072,139.879033,241
36.505207,139.889884,132
36.542465,139.910918,2452
36.513675,139.898435,626
36.511753,139.878402,136
36.518786,139.941631,595
36.504248,139.945895,368
36.496971,139.928813,929
36.492717,139.95066,215
36.482059,139.958273,109
36.486982,139.92789,45
36.503783,139.920214,844
36.585284,139.903782,2054
36.60985,139.900931,78
36.606311,139.923245,346
36.603147,139.911254,366
36.611756,139.879883,97
36.593344,139.910216,672
36.598941,139.897758,269
36.578007,139.904598,1002
36.598205,139.877736,466
36.589318,139.92468,2503
36.617109,139.887867,1025
36.622754,139.878746,62
36.61129,139.824841,114
36.616067,139.845413,2216
36.632851,139.813504,901
36.611228,139.858077,1338
36.668687,139.845731,30
36.640366,139.854558,98
36.652095,139.860791,67
36.626472,139.855547,194
36.635632,139.86424,40
36.651806,139.835905,968
36.701465,139.798903,43
36.665626,139.80641,222
36.685652,139.791837,66
36.692875,139.82647,133
36.683426,139.810918,354
36.569473,139.807016,251
36.593899,139.824089,672
36.613629,139.765326,213
36.572126,139.852765,472
36.590096,139.836013,3171
36.570669,139.824018,835
36.60673,139.812147,230
36.597014,139.804142,496
36.612967,139.787435,215
36.543597,139.828621,476
36.514185,139.824964,49
36.521191,139.83422,71
36.533818,139.842059,480
36.540667,139.863569,301
36.561827,139.845899,6794
36.562017,139.853269,600
36.550807,139.840042,1462
36.524555,139.847875,2175
36.510438,139.860083,820
36.512797,139.843347,1140
36.505064,139.858225,193
36.508138,139.848635,1084
36.50148,139.852104,125
36.496668,139.856968,1319
36.502324,139.839561,374
36.500225,139.885233,172
36.507179,139.86587,258
36.495138,139.865635,1391
36.482858,139.86088,749
36.489868,139.887195,98
36.481014,139.891315,74
36.486239,139.873754,113
36.480202,139.873054,513
36.492178,139.878336,223
36.49414,139.869574,2501
36.486815,139.869373,243
36.483002,139.89961,146
36.495127,139.897726,102
36.484941,139.88061,71
36.486544,139.851782,954
36.494147,139.853073,417
36.478751,139.861818,496
36.477268,139.88762,58
36.498569,139.860626,262
36.483727,139.865698,578
36.483471,139.870266,312
36.503835,139.876896,735
36.472152,139.880418,543
36.47665,139.867971,318
36.502185,139.86933,1452
36.549405,139.886385,95
36.542354,139.899536,360
36.537603,139.901266,462
36.554135,139.911521,1280
36.554991,139.930455,2259
36.602526,139.88904,1247
36.581203,139.88893,775
36.589492,139.887859,1565
36.550488,139.997154,2392
36.568263,139.858135,243
36.567785,139.924564,821
36.57466,139.838953,608
36.699097,139.859415,161
36.700745,139.887692,153
36.688876,139.869569,88
36.690412,139.882087,75
36.677249,139.891357,761
36.686943,139.898681,42
36.665321,139.875278,65
36.668303,139.888426,41
36.666128,139.899978,148
36.672519,139.913007,174
36.711165,139.903833,235
36.68881,139.923453,515
36.669593,139.935463,261
36.68571,139.891339,301
36.653013,139.940328,173
36.64168,139.92809,34
36.632265,139.941275,1050
36.612555,139.947896,2953
36.619051,139.961421,583
36.594034,139.957065,2915
36.657342,139.894398,159
36.646248,139.911904,60
36.64583,139.919902,69
36.642908,139.898675,637
36.639327,139.87946,1271
36.650495,139.881202,22
36.627179,139.915015,93
36.624152,139.910256,989
36.611288,139.918196,88
36.568751,139.907762,1300
36.49499,139.909609,473
36.550966,139.904222,372
36.55882,139.899718,99
36.570919,139.985682,947
36.333756,139.449159,694
36.334076,139.43447,243
36.334806,139.439052,141
36.346504,139.44319,291
36.338469,139.446482,42
36.337858,139.44857,74
36.330731,139.448092,7
36.336174,139.450611,15
36.336043,139.452007,10
36.335536,139.453147,24
36.332013,139.452312,94
36.33814,139.451831,189
36.35347,139.45381,1027
36.340873,139.452549,113
36.343104,139.453516,125
36.342425,139.456724,109
36.341646,139.460518,104
36.346831,139.463788,221
36.347459,139.458851,98
36.345766,139.460383,83
36.339091,139.455549,155
36.339375,139.458978,181
36.336264,139.457557,261
36.32904,139.459862,556
36.33599,139.460792,108
36.342297,139.463934,274
36.329607,139.470728,511
36.332242,139.466939,122
36.338265,139.467683,175
36.344351,139.47173,163
36.339185,139.46495,42
36.345915,139.467509,404
36.332447,139.471312,189
36.335739,139.469996,46
36.335145,139.472971,112
36.338896,139.470969,105
36.338303,139.473822,10
36.341615,139.473307,76
36.343397,139.475955,109
36.326875,139.469472,113
36.327198,139.465643,194
36.328313,139.4629,255
36.32992,139.455496,75
36.317211,139.476286,203
36.321017,139.471721,283
36.324202,139.473144,184
36.324213,139.46731,261
36.319895,139.46637,53
36.306789,139.500976,254
36.314786,139.5073,413
36.331692,139.502236,1149
36.322642,139.487619,435
36.314004,139.492032,213
36.312257,139.483607,602
36.325166,139.480598,1248
36.322915,139.492635,788
36.325972,139.436142,1287
36.330786,139.437047,536
36.332623,139.424202,430
36.319757,139.450815,976
36.326579,139.450105,803
36.342768,139.433378,709
36.349615,139.425877,2051
36.361516,139.439974,76
36.357791,139.398792,1317
36.356708,139.415318,1774
36.345674,139.40606,1198
36.361078,139.480529,221
36.351333,139.470761,1194
36.356529,139.461803,923
36.376289,139.450929,325
36.383647,139.464897,420
36.360833,139.49806,260
36.341995,139.481592,583
36.36294,139.469118,494
36.418792,139.462559,135
36.38996,139.479765,220
36.379746,139.487744,257
36.319861,139.528464,329
36.328568,139.527635,133
36.331398,139.540852,261
36.313745,139.539138,447
36.310658,139.525469,210
36.300781,139.517309,105
36.316677,139.517017,85
36.311208,139.438733,2246
36.315676,139.430489,411
36.298436,139.437843,163
36.302113,139.432032,171
36.312303,139.423897,249
36.320824,139.422862,814
36.291263,139.449049,82
36.310305,139.45534,2332
36.300041,139.44959,684
36.300703,139.467458,988
36.29632,139.460926,561
36.28832,139.466604,402
36.27823,139.470346,380
36.278613,139.482148,170
36.282479,139.492096,271
36.291712,139.495267,350
36.284142,139.512055,202
36.292569,139.5137,204
36.303164,139.489123,105
36.296826,139.480503,243
36.312149,139.476044,1046
36.411831,139.429134,614
36.373163,139.416022,507
36.395411,139.407116,162
36.35779,139.387973,89
36.376381,139.390428,1664
36.364351,139.392142,687
36.403229,139.389545,2086
36.365976,139.376771,245
36.382402,139.735436,300
36.378698,139.732952,81
36.377401,139.736585,333
36.376664,139.73256,95
36.369308,139.746127,1513
36.378496,139.747863,337
36.378642,139.740127,368
36.384291,139.741534,350
36.365619,139.737396,949
36.373599,139.733141,68
36.370039,139.721821,1562
36.378766,139.729376,140
36.376833,139.727384,199
36.371454,139.72822,376
36.368594,139.703319,758
36.374474,139.696966,1167
36.382401,139.730547,153
36.380833,139.728194,244
36.382749,139.72425,530
36.391169,139.723488,1691
36.388318,139.729547,269
36.385533,139.73041,182
36.388544,139.733227,187
36.38594,139.736264,256
36.395274,139.734778,603
36.38983,139.736129,73
36.389411,139.76066,2117
36.391976,139.739536,1406
36.384845,139.751453,1065
36.372721,139.755243,83
36.37286,139.763547,39
36.371979,139.773101,27
36.367352,139.764696,21
36.358788,139.763979,36
36.361934,139.75688,292
36.386895,139.685815,460
36.399146,139.652553,133
36.37988,139.663509,81
36.373776,139.674832,55
36.384419,139.699614,46
36.393178,139.697897,101
36.389701,139.708729,198
36.396702,139.70902,338
36.410276,139.707949,433
36.418391,139.714863,61
36.416665,139.728166,123
36.406649,139.730461,1329
36.401357,139.71654,484
36.406714,139.688155,129
36.415763,139.676202,153
36.417605,139.699516,245
36.42446,139.695686,65
36.434739,139.68901,97
36.432571,139.676278,204
36.435125,139.651518,263
36.446137,139.664405,75
36.456417,139.637211,332
36.475262,139.634545,73
36.481395,139.585631,31
36.404014,139.784432,913
36.41568,139.78772,31
36.391655,139.79597,120
36.385449,139.785007,238
36.384109,139.777739,120
36.397207,139.76699,329
36.412519,139.768039,673
36.338202,139.695047,2200
36.349693,139.677838,350
36.355508,139.705032,508
36.35247,139.738971,193
36.360672,139.73144,250
36.358287,139.719593,227
36.35572,139.725363,112
36.346588,139.722159,369
36.335839,139.724303,514
36.333948,139.740477,103
36.342723,139.736133,178
36.353452,139.750154,162
36.325243,139.704372,1266
36.328583,139.717504,976
36.318071,139.727004,239
36.311856,139.714986,1332
36.296589,139.71452,244
36.266306,139.707086,234
36.266075,139.717677,112
36.256941,139.694382,49
36.26291,139.696372,31
36.282399,139.721732,35
36.274153,139.701197,21
36.280994,139.708995,178
36.287712,139.694676,154
36.283094,139.685959,230
36.255365,139.646874,1898
36.240499,139.676663,7
36.274443,139.672768,564
36.282335,139.659202,587
36.283251,139.640914,467
36.284564,139.621751,339
36.300035,139.629849,92
36.303674,139.643477,277
36.405948,139.742823,848
36.408812,139.753792,510
36.416572,139.743515,249
36.431762,139.757794,1283
36.430763,139.733169,246
36.427547,139.717987,277
36.434651,139.708848,72
36.44017,139.711379,107
36.447648,139.723887,170
36.446549,139.706486,137
36.45686,139.68728,259
36.46888,139.749006,606
36.477024,139.729023,218
36.461676,139.730844,289
36.449927,139.749026,394
36.447804,139.735352,248
36.476999,139.681055,363
36.331735,139.672208,37
36.324265,139.673865,592
36.319023,139.685715,741
36.306335,139.696111,322
36.29956,139.678657,254
36.335644,139.660128,63
36.311542,139.660963,1712
36.315238,139.638467,544
36.323953,139.646351,336
36.333002,139.623071,211
36.332447,139.64324,245
36.345327,139.645387,122
36.337724,139.631056,54
36.343631,139.627725,30
36.364211,139.63563,420
36.317347,139.5847,382
36.31388,139.583221,132
36.313746,139.579418,166
36.313778,139.576686,64
36.315488,139.576192,83
36.313873,139.574805,45
36.315017,139.572978,24
36.316655,139.572828,211
36.314443,139.571123,51
36.312767,139.561982,1361
36.312407,139.571853,58
36.312455,139.575727,27
36.312303,139.580295,78
36.311051,139.580777,53
36.311343,139.576969,58
36.311205,139.572595,52
36.309512,139.575619,104
36.310032,139.579462,93
36.318766,139.579355,543
36.320078,139.57297,377
36.307744,139.581624,246
36.305937,139.573746,97
36.305476,139.579843,565
36.302005,139.583109,918
36.301086,139.572904,260
36.29272,139.579737,819
36.297874,139.587495,201
36.294524,139.587856,241
36.28198,139.580315,89
36.281629,139.573482,52
36.284214,139.567675,27
36.29283,139.561052,271
36.304929,139.567576,802
36.297875,139.555813,67
36.273643,139.56933,168
36.282132,139.591033,215
36.280651,139.59739,255
36.274675,139.607733,121
36.300828,139.599456,1255
36.298074,139.59119,77
36.29519,139.592214,149
36.290808,139.607929,266
36.327131,139.592659,305
36.329347,139.596173,298
36.324547,139.600395,435
36.324936,139.605498,456
36.322613,139.607595,384
36.322905,139.61666,557
36.32234,139.62908,74
36.317791,139.608423,332
36.333919,139.613101,48
36.345264,139.604038,154
36.330258,139.601236,53
36.317223,139.593672,1329
36.308979,139.589144,1035
36.30244,139.618438,70
36.306706,139.609597,169
36.314166,139.620745,136
36.327322,139.575959,3280
36.337735,139.586256,699
36.345696,139.588887,27
36.336958,139.555869,617
36.322789,139.551432,435
36.310096,139.549611,455
36.302193,139.5345,238
36.297092,139.547208,233
36.283905,139.547309,129
36.291397,139.531169,178
36.348417,139.527667,1213
36.354014,139.560225,1236
36.365462,139.537879,539
36.376864,139.518289,154
36.370284,139.575576,1876
36.348209,139.568601,299
36.345901,139.573254,501
36.349456,139.577537,246
36.360525,139.591452,1490
36.385748,139.596324,586
36.380225,139.585941,220
36.379804,139.556179,384
36.387497,139.575637,219
36.401073,139.559088,236
36.413624,139.573712,345
36.435479,139.557029,59
36.436013,139.539075,131
36.458444,139.523511,71
36.510846,139.487154,102
36.38403,139.53701,385
36.407402,139.538707,59
36.423709,139.513302,460
36.411652,139.495761,297
36.480116,139.453995,432
36.342506,139.576755,514
36.400605,139.611495,492
36.408038,139.60738,362
36.414335,139.604736,220
36.414079,139.615916,53
36.406239,139.618066,37
36.396092,139.612158,229
36.386214,139.617582,568
36.421061,139.624714,209
36.403821,139.599202,74
36.42397,139.591283,294
36.446973,139.574367,269
36.460894,139.584796,340
36.467251,139.558273,115
36.483488,139.546631,83
36.518172,139.518788,90
36.581014,139.751755,513
36.57398,139.747973,239
36.571729,139.752973,127
36.571205,139.748088,146
36.573365,139.74377,249
36.569163,139.746286,95
36.567461,139.747533,63
36.565642,139.746681,30
36.565804,139.748444,16
36.566531,139.744028,118
36.564148,139.746658,20
36.563293,139.744107,104
36.562734,139.74618,25
36.561849,139.745985,40
36.560644,139.746745,143
36.55922,139.746495,79
36.560459,139.742734,73
36.556468,139.746223,201
36.557633,139.751027,176
36.569528,139.751195,59
36.564501,139.754722,158
36.567312,139.750249,87
36.565689,139.750924,45
36.565078,139.752788,56
36.564438,139.749655,77
36.563616,139.747682,25
36.560823,139.751771,374
36.559092,139.760451,909
36.568691,139.764076,768
36.565628,139.759634,329
36.564865,139.756833,205
36.569848,139.757063,76
36.572185,139.733018,373
36.566789,139.727778,962
36.55711,139.734711,197
36.570475,139.739208,593
36.583455,139.735294,579
36.599163,139.725228,247
36.602552,139.702476,21
36.604726,139.734155,196
36.595692,139.751585,503
36.574699,139.75937,491
36.598491,139.758195,15
36.59034,139.766398,27
36.578917,139.76725,363
36.58853,139.785026,192
36.57031,139.785578,1777
36.540506,139.721193,134
36.556752,139.718521,194
36.567649,139.710879,230
36.579577,139.717687,37
36.58927,139.71143,45
36.585688,139.693973,227
36.610877,139.667831,177
36.548011,139.73693,552
36.547317,139.7559,1106
36.536381,139.743291,909
36.522718,139.73752,166
36.520594,139.752128,143
36.53316,139.755289,37
36.524106,139.761702,107
36.531384,139.766797,138
36.52252,139.771352,354
36.638338,139.68469,617
36.62442,139.642371,34
36.629952,139.627833,58
36.65782,139.555954,230
36.546102,139.708095,62
36.565452,139.684303,346
36.587321,139.661515,120
36.601287,139.606725,146
36.523243,139.798685,633
36.54866,139.76902,1182
36.550345,139.773535,723
36.542163,139.786089,805
36.555394,139.811645,287
36.551172,139.815219,736
36.53619,139.817747,282
36.509446,139.805539,85
36.499127,139.788061,128
36.56033,139.767667,237
36.563397,139.774682,905
36.562012,139.771819,793
36.558427,139.769139,1021
36.506295,139.714942,50
36.514662,139.719998,107
36.526713,139.717788,130
36.524994,139.701088,474
36.555054,139.656523,193
36.540124,139.699844,146
36.507643,139.744306,474
36.494729,139.750545,179
36.48948,139.740442,54
36.476822,139.75432,120
36.48099,139.762445,143
36.498676,139.770418,165
36.514046,139.773403,244
36.512479,139.758995,55
36.530694,139.632161,779
36.539144,139.636812,104
36.588013,139.5798,87
36.50237,139.654766,20
36.507822,139.62296,193
36.534722,139.60356,220
36.592818,139.515357,87
36.476503,139.610698,189
36.53399,139.545842,233
36.509623,139.700935,255
36.499054,139.679654,309
36.504963,139.727724,341
36.636874,139.440045,67
36.638808,139.443203,69
36.633764,139.44,64
36.632867,139.434002,37
36.629083,139.434159,105
36.627074,139.427837,23
36.620708,139.42305,5
36.615354,139.415353,27
36.614707,139.40632,7
36.620709,139.393815,4
36.6663,139.445993,33
36.658777,139.448017,38
36.681036,139.488192,125
36.658106,139.453475,23
36.652419,139.450209,17
36.659145,139.461881,65
36.647179,139.448072,22
36.641965,139.44793,35
36.644778,139.452263,11
36.638098,139.45174,33
36.752627,139.605204,23
36.751742,139.607769,26
36.750578,139.609392,94
36.750929,139.616314,297
36.748806,139.6115,144
36.747917,139.615045,79
36.747083,139.618708,142
36.746574,139.621538,93
36.74535,139.623893,46
36.743342,139.622139,162
36.74599,139.626741,36
36.753797,139.598187,54
36.750205,139.59284,99
36.753255,139.591765,80
36.756608,139.600313,42
36.761337,139.60441,41
36.751754,139.586801,108
36.751859,139.58047,330
36.749345,139.569991,287
36.73595,139.55877,6
36.731452,139.545013,11
36.743654,139.567706,233
36.731804,139.551042,191
36.767157,139.484354,138
36.806024,139.421708,55
36.765144,139.624005,786
36.736921,139.635945,370
36.732384,139.651213,215
36.722973,139.663699,141
36.709121,139.648249,61
36.762869,139.573992,20
36.744779,139.565983,24
36.651114,139.637329,42
36.667142,139.633519,70
36.688398,139.630812,39
36.66676,139.616731,43
36.679166,139.606937,36
36.691351,139.597155,14
36.730912,139.695165,2305
36.731838,139.670956,517
36.716245,139.676054,766
36.707557,139.681867,259
36.712042,139.691903,15
36.701813,139.700263,35
36.712504,139.706032,370
36.701537,139.727406,1849
36.802065,139.613992,928
36.641157,139.731505,327
36.627878,139.723686,162
36.65693,139.715108,378
36.670527,139.673638,235
36.683785,139.706692,389
36.658202,139.732289,853
36.64309,139.754605,134
36.630306,139.741983,142
36.762501,139.707895,400
36.760688,139.720421,209
36.763369,139.749912,66
36.750037,139.751945,98
36.755094,139.737346,90
36.743296,139.72026,156
36.733278,139.703633,388
36.739469,139.702253,57
36.748285,139.703061,443
36.803434,139.648147,136
36.767197,139.696439,32
36.81882,139.671921,22
36.774706,139.706616,167
36.769486,139.70818,7
36.693414,139.761443,243
36.705954,139.741685,67
36.716297,139.723597,1658
36.73193,139.726855,360
36.741945,139.755467,57
36.725031,139.750421,684
36.713237,139.765187,109
36.703414,139.775094,126
36.689657,139.776661,289
36.652677,139.782354,813
36.675337,139.751865,1437
36.738369,139.777722,344
36.72612,139.779588,97
36.717982,139.788858,39
36.720261,139.812471,65
36.711853,139.797837,27
36.718716,139.838453,296
36.719187,139.694623,145
36.718259,139.698679,228
36.906665,139.695709,88
36.912641,139.737486,46
36.868528,139.741655,337
36.859627,139.692503,304
36.815578,139.717064,1355
36.812635,139.695764,153
36.792199,139.694338,140
36.788666,139.720866,444
37.062088,139.76547,14
37.020433,139.731184,22
37.019007,139.683759,43
37.005616,139.64369,18
36.97234,139.687499,7
36.940285,139.713687,6
36.892163,139.461511,47
36.862217,139.543633,15
36.839846,139.545314,31
36.880178,139.578356,14
36.870502,139.602192,12
36.95768,139.5919,148
36.937732,139.655442,21
36.900332,139.623015,88
36.865748,139.640922,40
36.720718,139.689701,161
36.861839,139.56709,12
36.680471,139.72574,213
36.326148,139.803114,1061
36.322684,139.809042,484
36.320001,139.801233,323
36.315552,139.806163,604
36.31499,139.799854,252
36.310967,139.800867,255
36.30994,139.796026,294
36.307208,139.799188,338
36.308273,139.794133,45
36.313244,139.809374,1357
36.330933,139.810274,17
36.318408,139.796631,499
36.280661,139.798168,665
36.301211,139.783571,324
36.300995,139.81143,1509
36.30649,139.805348,256
36.302393,139.803525,257
36.300596,139.794154,758
36.316235,139.825549,2192
36.301788,139.822397,841
36.322257,139.830673,821
36.3229,139.838559,795
36.316602,139.843084,744
36.268175,139.809384,443
36.284649,139.82537,1455
36.279297,139.833543,962
36.294012,139.823543,9
36.291438,139.820291,459
36.281424,139.813569,504
36.264104,139.824721,197
36.24715,139.818715,130
36.248265,139.801902,433
36.241368,139.791228,150
36.27301,139.764583,2295
36.279801,139.776383,315
36.286241,139.781892,859
36.293377,139.787285,100
36.26839,139.785403,220
36.261291,139.790636,167
36.247897,139.769419,414
36.254365,139.772736,376
36.255654,139.755934,312
36.254881,139.750254,1165
36.25885,139.76025,830
36.255443,139.761518,435
36.276257,139.747445,230
36.261262,139.737899,58
36.265324,139.730599,41
36.254913,139.720455,70
36.240215,139.707555,152
36.249744,139.702707,86
36.296478,139.746104,71
36.299243,139.728901,66
36.292024,139.739316,133
36.282106,139.733897,161
36.273767,139.730798,83
36.362064,139.782896,172
36.36645,139.793909,196
36.354785,139.800245,103
36.344615,139.797991,178
36.331288,139.796211,50
36.341835,139.785121,24
36.329699,139.788252,478
36.344353,139.765132,359
36.335262,139.76729,41
36.339043,139.753663,58
36.348259,139.775852,536
36.361837,139.773118,224
36.323499,139.736075,152
36.311155,139.732985,103
36.304104,139.736284,81
36.301882,139.74915,33
36.308164,139.751326,84
36.312616,139.745529,100
36.320504,139.752716,86
36.322209,139.744535,74
36.331362,139.751085,103
36.314795,139.763196,134
36.327845,139.765817,63
36.325761,139.777347,146
36.317283,139.775563,105
36.31447,139.787295,502
36.309048,139.77665,67
36.304465,139.769121,87
36.297493,139.770963,24
36.289716,139.761737,144
36.339015,139.816337,1388
36.354291,139.817343,91
36.34919,139.813315,57
36.373352,139.804103,175
36.366678,139.819596,397
36.358331,139.829883,2146
36.355165,139.838601,259
36.338732,139.842079,799
36.34159,139.859773,242
36.337117,139.872015,127
36.350127,139.869507,85
36.326114,139.870667,215
36.319228,139.858524,201
36.357397,139.816953,696
36.357938,139.901104,114
36.344647,139.907321,57
36.348894,139.892503,256
36.337308,139.88872,326
36.32109,139.896924,399
36.320198,139.906236,135
36.322214,139.885578,315
36.303122,139.900823,82
36.293816,139.796198,2700
36.288023,139.809391,1708
36.265519,139.769635,824
36.30737,139.82787,1687
36.327197,139.816781,1315
36.261471,139.775106,804
36.440706,140.01411,1313
36.435412,140.012151,631
36.438663,140.004716,767
36.451942,139.994569,1509
36.435375,139.991931,648
36.451027,140.029074,422
36.453062,140.016758,72
36.456947,140.00584,424
36.451248,139.987001,349
36.460264,139.980971,714
36.452254,139.97853,128
36.445846,139.988178,874
36.440268,139.97938,48
36.434047,139.986061,329
36.444795,139.997499,793
36.432856,139.977747,971
36.427358,140.037845,463
36.449502,140.040594,209
36.462481,140.052088,126
36.45402,140.059339,500
36.432731,140.056082,236
36.422369,140.063174,15
36.41773,140.048602,37
36.400384,140.058028,105
36.410942,140.044615,20
36.411104,140.02748,325
36.423676,140.012332,194
36.42703,140.007198,96
36.435205,140.027814,303
36.426816,139.970584,14
36.479242,140.022754,317
36.481843,140.035188,230
36.463261,140.029533,107
36.476943,140.04208,95
36.485353,140.06437,207
36.498736,140.046548,59
36.481215,140.012954,197
36.473862,140.006751,124
36.466269,140.006232,149
36.464039,139.994031,64
36.486657,139.982042,517
36.409642,139.977467,483
36.400011,139.943971,143
36.413262,139.949137,455
36.426721,139.943139,145
36.426797,139.949957,9
36.428432,139.957218,71
36.437316,139.949251,56
36.440235,139.946556,239
36.442963,139.965692,1059
36.450693,139.952649,78
36.463014,139.962189,49
36.417932,139.981526,77
36.426204,139.978868,41
36.423343,139.992389,517
36.484296,139.998964,30
36.431747,139.951798,182
36.437041,139.999315,125
36.434767,139.998263,72
36.433316,139.9994,100
36.448368,140.00225,97
36.375418,139.969643,561
36.354121,139.957947,74
36.360522,139.953928,75
36.36968,139.954019,101
36.380768,139.950791,93
36.389581,139.973132,433
36.379017,139.980698,95
36.371818,139.992821,88
36.360244,139.93326,153
36.368962,139.92251,52
36.358258,139.919175,71
36.345857,139.917085,41
36.347465,139.928571,83
36.356438,139.943,118
36.373788,139.941779,64
36.374406,139.93081,99
36.38377,139.929605,86
36.389661,139.949776,97
36.39324,139.936316,65
36.39596,139.927372,30
36.404018,140.006739,407
36.411244,139.993926,109
36.403659,139.982665,88
36.393545,139.985862,100
36.388005,139.994167,154
36.381202,140.00232,55
36.390971,140.019856,384
36.381107,140.019509,19
36.381037,140.02854,19
36.38691,140.04489,63
36.402609,140.041139,30
36.379011,139.96513,482
36.382553,139.968316,413
36.441043,140.021438,211
36.444694,140.023367,209
36.442673,140.025265,143
36.872678,140.028838,313
36.867172,140.034351,420
36.860631,140.03171,296
36.861937,140.023571,455
36.866242,140.021802,278
36.870047,140.021264,300
36.878091,140.019024,686
36.872505,140.012049,530
36.866217,140.01547,728
36.861133,140.009281,1404
36.855563,140.017448,1399
36.8583,140.025618,235
36.847314,140.027044,498
36.851102,140.040575,492
36.850402,140.004463,810
36.876883,140.043611,1018
36.883552,140.029012,62
36.891061,140.035299,57
36.892737,140.02359,24
36.894348,140.014606,124
36.900124,140.025401,58
36.906358,140.040141,203
36.908972,140.056972,295
36.923004,140.046168,134
36.912499,140.087112,179
36.912919,140.071681,100
36.893861,140.066043,387
36.875745,140.076903,372
36.857948,140.093001,281
36.869009,140.056222,207
36.857114,140.066271,155
36.84357,140.076999,171
36.831462,140.072249,158
36.842147,140.058272,10
36.853862,140.051984,135
36.831871,140.019824,381
36.835085,139.994543,479
36.817619,140.002696,73
36.816214,140.028426,72
36.822925,140.038591,158
36.833719,140.04821,240
36.839461,140.028263,111
36.801747,140.011891,425
36.781957,140.028959,90
36.796143,140.040715,94
36.795992,140.061338,203
36.865823,139.936586,273
36.849813,139.948621,536
36.831528,139.967569,968
36.819526,139.984613,49
36.845711,140.111012,130
36.836728,140.124662,57
36.823912,140.109984,381
36.794773,140.12,312
36.804967,140.09909,190
36.811821,140.083728,266
36.816362,140.070243,35
36.819357,140.061001,85
36.860078,140.128459,212
36.868719,140.129687,273
36.878425,140.12875,112
36.870471,140.170108,198
36.849745,140.136305,111
36.834965,140.144676,110
36.81212,140.136416,103
36.816944,140.156714,89
36.79243,140.135877,16
36.871218,140.11489,487
36.852653,140.119195,180
36.87273,140.098897,120
36.885717,140.098417,136
36.893602,140.108106,186
36.913013,140.112016,298
36.917841,140.145872,135
36.928442,140.171866,131
36.938519,140.176433,63
36.92039,140.189051,46
36.903903,140.186598,33
36.901928,140.163573,39
36.893871,140.151793,122
36.896898,140.131067,104
36.916516,140.133868,59
36.839316,140.191335,209
36.833296,140.245714,247
36.872017,140.223749,44
36.88229,140.210275,12
36.913671,140.228319,50
36.846849,139.956618,225
36.813772,139.930226,766
36.813395,139.923431,360
36.808073,139.925916,249
36.802758,139.927689,374
36.805222,139.935313,463
36.798133,139.940639,660
36.808627,139.919475,14
36.798273,139.929216,266
36.78801,139.935226,926
36.793559,139.92054,133
36.777461,139.930952,56
36.785534,139.9093,123
36.775986,139.90002,50
36.787358,139.881719,63
36.801379,139.888087,65
36.819727,139.873636,136
36.80175,139.907296,168
36.821441,139.913381,66
36.823589,139.927202,434
36.818136,139.939773,240
36.826368,139.947328,163
36.800416,139.94847,810
36.819846,139.960928,100
36.801493,139.963556,294
36.807475,139.979108,111
36.841795,139.909171,160
36.830992,139.908999,131
36.838369,139.920467,140
36.861014,139.845838,215
36.842315,139.891754,55
36.863701,139.878557,238
36.899228,139.845693,95
36.876139,139.902358,124
36.850005,139.912759,35
36.842632,139.932899,87
36.766128,139.944568,820
36.776839,139.964884,227
36.75613,139.963197,200
36.741077,139.95597,601
36.737737,139.931547,211
36.751175,139.933171,278
36.760317,139.912647,142
36.769572,139.915443,27
36.976726,140.062629,73
36.974517,140.06127,94
36.97295,140.059414,121
36.970565,140.058489,90
36.968288,140.056,97
36.965186,140.053637,214
36.960286,140.049774,80
36.96615,140.050161,228
36.969346,140.051463,137
36.971845,140.054895,86
36.972911,140.052278,153
36.974618,140.055605,192
36.977313,140.058345,102
36.976573,140.052117,36
36.974707,140.049144,140
36.970901,140.048215,99
36.973042,140.04618,137
36.976761,140.046098,29
36.970569,140.063787,266
36.967825,140.062397,112
36.966988,140.066176,94
36.980133,140.04294,130
36.983886,140.043323,550
36.962182,140.040936,367
36.967989,140.030464,100
36.978523,140.039128,68
36.95026,140.056976,645
36.957484,140.052063,188
36.948201,140.044275,418
36.956463,140.031412,1303
36.972265,140.016482,1733
37.000375,140.027036,35
37.015902,140.01193,40
36.981679,140.035332,166
37.001631,140.015844,913
36.935619,140.054526,14
36.953549,140.103992,144
36.973173,140.11137,254
36.947022,140.08085,1696
36.928856,140.080379,132
36.92691,140.020144,386
36.930181,140.027904,277
36.936626,140.035047,33
36.94133,140.033586,20
36.935214,140.046469,206
36.92949,140.035592,98
36.912446,140.031632,17
36.918301,140.025637,127
36.910923,140.015643,131
36.92864,140.00846,421
36.928431,140.002002,107
36.936022,139.983853,82
36.943813,139.993292,100
36.951071,139.993865,54
36.958642,139.980555,31
36.970865,139.983455,51
36.95338,139.973734,58
36.966506,139.977817,34
36.950646,140.00482,50
36.963404,139.995095,65
36.946827,140.013012,347
36.942691,140.00818,75
36.943484,140.023138,232
36.959948,140.003831,94
36.986996,139.951182,298
36.974919,139.966212,70
36.964358,139.964368,32
37.010302,139.95069,37
36.994759,139.932333,123
36.990425,139.906385,46
36.998153,139.919711,78
37.060791,139.869151,264
37.044024,139.951131,18
37.029944,140.000533,5
37.038848,139.974022,20
37.028922,139.991333,69
37.104938,139.927895,58
37.019544,139.965023,267
36.996085,139.991426,619
36.965567,140.06106,143
36.965783,140.043982,80
36.965234,140.039682,111
36.970213,140.045033,173
36.96911,140.042634,181
36.968885,140.038995,227
36.968459,140.03468,209
36.972465,140.037569,214
36.976066,140.036143,157
36.972305,140.033012,240
36.975258,140.040748,45
36.978653,140.032827,131
36.974295,140.030572,381
36.930553,140.01809,134
36.929955,140.011802,234
36.936331,140.017266,41
36.935055,140.02245,163
36.885723,139.985088,119
36.883905,139.983928,136
36.880935,139.983103,42
36.887336,139.979075,221
36.888617,139.975349,127
36.890051,139.980286,147
36.888757,139.984616,179
36.888449,139.987487,108
36.885797,139.989434,325
36.880941,139.986089,230
36.876234,139.982635,149
36.875203,139.995731,1263
36.867847,140.000353,368
36.863745,139.985554,385
36.874662,139.971617,148
36.847105,139.978228,953
36.865224,139.964389,807
36.883613,139.95254,753
36.902977,139.939776,402
36.93607,139.933369,2
36.910577,139.94649,197
36.914891,139.954287,184
36.909114,139.963362,247
36.904639,139.958057,183
36.901336,139.954801,120
36.900626,139.96714,449
36.905097,139.971389,990
36.896443,139.962042,1034
36.879558,139.97374,802
36.892807,139.984039,533
36.896682,139.985525,94
36.888753,139.995357,455
36.89981,139.991933,256
36.905801,139.987152,232
36.91538,139.980645,871
36.921022,139.989967,28
36.918492,139.997752,48
36.910336,140.002388,34
36.904821,140.005604,44
36.901733,139.999561,194
36.885337,140.007434,664
36.940194,139.779171,31
36.995024,139.767888,82
37.003519,139.793718,121
36.963054,139.831464,581
36.960943,139.894005,618
36.938808,139.906464,196
36.935147,139.877391,147
36.907346,139.878175,136
36.880412,139.927586,86
36.897709,139.922431,142
36.917742,139.916285,49
36.972343,139.90573,41
36.984015,139.887772,26
36.970569,139.928524,49
36.960579,139.947343,91
36.944858,139.959375,79
36.927406,139.962865,149
36.6854,139.966408,3852
36.683626,139.960027,309
36.687054,139.977477,747
36.679858,139.951431,40
36.652464,139.961114,643
36.682659,139.953303,894
36.714087,139.927662,241
36.723441,139.950969,302
36.709735,139.948636,155
36.695977,139.956297,841
36.686553,139.955126,103
36.696779,139.942593,96
36.704015,139.937109,269
36.734399,139.975031,58
36.721014,139.967686,126
36.711342,139.980711,88
36.701471,139.992622,125
36.686351,140.009965,549
36.688856,140.027946,139
36.686332,139.987857,157
36.672807,140.003564,219
36.674175,139.985517,76
36.704944,140.040262,262
36.736729,140.027597,321
36.730694,140.019793,1146
36.74609,140.013899,104
36.750427,139.98931,271
36.728734,139.993413,57
36.711907,140.004555,153
36.78627,139.99301,137
36.772254,140.00922,231
36.755799,140.030849,64
36.743457,140.042787,148
36.728918,140.058527,187
36.759378,140.06176,181
36.658219,140.149557,478
36.653527,140.15045,291
36.647033,140.148467,353
36.648796,140.158357,171
36.652278,140.16304,338
36.662212,140.158688,97
36.655334,140.144523,10
36.65818,140.161551,4
36.658015,140.132553,293
36.644006,140.138202,49
36.636937,140.153763,639
36.619938,140.151016,221
36.626609,140.126311,50
36.658369,140.172808,95
36.64852,140.184793,309
36.620142,140.176079,192
36.597377,140.183612,34
36.617611,140.198501,138
36.646988,140.206522,43
36.638362,140.225107,96
36.670078,140.200957,72
36.674857,140.166247,370
36.678347,140.142835,449
36.702035,140.134652,138
36.692447,140.158866,244
36.710658,140.149386,256
36.720659,140.136029,26
36.654593,140.085512,194
36.662246,140.100717,15
36.665287,140.087988,247
36.662725,140.074267,28
36.653565,140.095366,225
36.659757,140.105769,75
36.658439,140.108036,23
36.652828,140.112124,85
36.642906,140.10396,85
36.644046,140.119949,59
36.637027,140.122133,105
36.631511,140.097614,35
36.619324,140.088461,162
36.631607,140.071968,130
36.647868,140.070031,97
36.673271,140.045382,260
36.688444,140.049928,62
36.685733,140.116308,214
36.670159,140.124464,152
36.669885,140.104218,251
36.680654,140.086607,166
36.69009,140.066924,389
36.714594,140.070307,91
36.699129,140.090238,189
36.718857,140.09631,297
36.399596,139.871176,883
36.393937,139.861651,1382
36.384019,139.851115,1431
36.414912,139.888396,44
36.405499,139.889486,77
36.393812,139.898405,110
36.388876,139.892065,30
36.392705,139.886356,65
36.377498,139.877985,744
36.370439,139.910354,158
36.357291,139.88122,126
36.366649,139.878435,224
36.367072,139.897773,57
36.378732,139.890182,52
36.380082,139.900246,94
36.386699,139.911948,43
36.386799,139.918429,45
36.395774,139.910937,169
36.431268,139.855579,59
36.437303,139.85829,1817
36.434713,139.848069,381
36.422863,139.843353,95
36.419708,139.845856,30
36.414007,139.845381,73
36.421222,139.858712,397
36.472138,139.853615,595
36.454195,139.857643,1094
36.453358,139.840212,147
36.439411,139.836129,81
36.426717,139.835822,74
36.414592,139.832952,106
36.430003,139.850721,301
36.431416,139.861901,230
36.383602,139.842352,1242
36.395455,139.842889,840
36.399639,139.85256,160
36.402176,139.831147,152
36.382486,139.826935,770
36.388805,139.811033,243
36.383447,139.854104,242
36.368305,139.85344,833
36.376683,139.845118,853
36.392693,139.854477,429
36.373695,139.821333,4
36.442017,139.862132,279
36.445006,139.862564,165
36.447963,139.863294,146
36.441866,139.857099,112
36.443531,139.857663,133
36.447163,139.860256,121
36.42629,139.91985,1761
36.452594,139.908196,859
36.42568,139.897826,94
36.410618,139.898717,99
36.416595,139.905916,105
36.406715,139.913264,139
36.407969,139.926099,49
36.446979,139.931633,422
36.46353,139.92958,131
36.460826,139.946697,183
36.469693,139.948942,137
36.475308,139.944928,43
36.481546,139.941312,54
36.478249,139.923784,1285
36.480245,139.910146,82
36.444143,139.879658,202
36.435985,139.869936,240
36.42209,139.87347,716
36.428837,139.883949,125
36.443924,139.892658,148
36.451011,139.884443,169
36.460931,139.882256,48
36.467639,139.900109,276
36.458595,139.868702,64
36.456088,139.877016,669
36.444014,139.916734,1014
36.454804,140.107411,1592
36.448415,140.084968,179
36.474559,140.078652,1817
36.442547,140.136728,300
36.470802,140.133361,100
36.42654,140.077426,233
36.436907,140.078092,197
36.436361,140.093296,259
36.416721,140.103127,270
36.421128,140.096429,25
36.415642,140.082377,118
36.404659,140.086319,9
36.410314,140.072153,52
36.447689,140.072337,245
36.503504,140.091932,805
36.482787,140.12907,672
36.480668,140.095822,162
36.510953,140.115939,134
36.516727,140.135717,148
36.500666,140.1363,54
36.46429,140.103024,45
36.490705,140.097469,57
36.526385,140.170087,841
36.513178,140.182467,69
36.506535,140.216208,119
36.513754,140.236107,35
36.526822,140.24307,35
36.528166,140.217248,66
36.526722,140.201788,45
36.534408,140.200766,140
36.551012,140.180699,274
36.542939,140.203996,47
36.561136,140.170998,35
36.540436,140.230358,126
36.546756,140.140968,53
36.553413,140.155225,269
36.446437,140.193062,193
36.412671,140.156997,157
36.475935,140.176928,255
36.489466,140.164311,74
36.498594,140.161916,60
36.512977,140.169346,222
36.509824,140.145646,48
36.489281,140.19434,27
36.566882,140.206055,125
36.562331,140.191248,35
36.557991,140.228216,199
36.616544,140.236426,202
36.587342,140.228902,110
36.608116,140.216309,34
36.593189,140.206702,33
36.5805,140.209105,90
36.568965,140.175576,23
36.574961,140.174526,104
36.582805,140.184971,41
36.588392,140.18767,15
36.579809,140.167675,16
36.588183,140.175003,28
36.604376,140.163836,33
36.605447,140.144765,42
36.593036,140.151968,98
36.569946,140.144375,167
36.556796,140.138592,39
36.556239,140.119706,989
36.525437,140.124876,55
36.534004,140.140202,50
36.540879,140.083356,278
36.525409,140.061851,1223
36.517411,140.090934,158
36.564154,140.087379,99
36.557209,140.101672,155
36.572971,140.12283,133
36.58067,140.096719,136
36.593244,140.101897,69
36.598599,140.122091,123
36.589243,140.137889,59
36.600475,140.13431,16
36.610298,140.109463,54
36.613425,140.125975,32
36.620753,140.111415,31
36.545405,140.067099,638
36.563158,140.075171,437
36.554596,140.050874,119
36.53359,140.051566,176
36.531423,140.03774,205
36.572217,140.024715,771
36.581157,140.056407,282
36.600868,140.054397,280
36.589122,140.078425,99
36.603864,140.071371,57
36.546641,140.017512,591
36.52817,140.018888,376
36.507818,140.038195,334
36.502678,140.016059,307
36.564015,140.011211,3
36.499401,140.00596,16
36.544847,140.060973,224
36.436595,139.810391,525
36.417496,139.795043,175
36.452663,139.829856,1176
36.416678,139.819679,415
36.439114,139.777652,244
36.452136,139.779584,310
36.46329,139.766821,187
36.477308,139.780385,253
36.453286,139.797387,274
36.480386,139.820211,494
36.484487,139.834312,2066
36.498709,139.815504,218
36.490843,139.799764,162
36.47379,139.80423,157
36.459225,139.810643,285
36.470528,139.829324,494
36.464166,139.832059,713
36.464216,139.840269,342
36.414885,139.80165,341
36.416672,139.806097,332
36.422453,139.807587,416
36.424057,139.803352,296
36.427956,139.803789,251
36.432735,139.801165,345
36.422887,139.798361,803
36.461328,139.828891,126
36.463245,139.827064,68
36.451821,139.822586,390
36.450598,139.818621,451
36.46043,139.824076,85
36.464611,139.824161,174
36.241236,139.729753,2577
36.220348,139.714487,503
36.215944,139.688102,404
36.219174,139.745921,690
36.215744,139.734011,98
36.231323,139.737941,2698
36.239795,139.749548,590
36.238681,139.759315,214
36.230054,139.769285,368
36.242614,139.780875,187
36.777391,139.850656,466
36.766522,139.857944,85
36.7679,139.828458,97
36.758537,139.840777,65
36.760287,139.857879,49
36.755942,139.867163,96
36.758649,139.888664,355
36.742103,139.88041,338
36.748487,139.856088,40
36.738342,139.852235,31
36.745451,139.826995,97
36.732706,139.86374,101
36.729386,139.881144,89
36.727684,139.901935,183
36.726482,139.924005,109
36.791003,139.780402,1100
36.752794,139.80589,92
36.846838,139.795554,125
36.8329,139.842676,20
36.811751,139.856411,46
36.799687,139.838376,22
36.792446,139.860032,235
36.792472,139.845009,56
36.598292,140.022192,618
36.611755,140.035615,99
36.623075,140.022648,74
36.634794,140.016172,38
36.650078,140.012086,644
36.640503,140.032357,587
36.625321,140.039536,148
36.617436,140.054534,164
36.638637,140.050425,138
36.649526,140.0576,57
36.605551,140.079406,40
36.616507,140.073345,49
36.652093,140.0443,109
36.663493,140.037695,168
36.666568,140.026128,159
36.643319,139.965332,29
36.641853,139.973651,149
36.621438,139.977186,2469
36.660863,139.986953,259
36.632229,139.996087,997
36.617513,139.985166,900
36.621756,139.993927,775
37.00316,140.106302,1196
37.041884,140.098167,808
37.004494,140.056191,1356
37.060089,139.982535,936
37.070531,140.046889,1080
37.111692,139.989484,435
37.121468,140.054991,148
37.030948,140.087549,120
37.049927,140.156584,246
37.088809,140.124298,410
37.074293,140.096453,347
36.991328,140.167804,334
37.018394,140.153581,344
37.04288,140.179211,108
37.013805,140.143474,18
37.013159,140.179604,94
36.978092,140.139576,14
36.96349,140.169326,408
36.961813,140.211619,35
37.00125,140.229768,23
37.003977,140.212605,90
36.976,140.225349,47
36.949787,140.150388,24
36.940555,140.151758,24
36.955827,140.132447,98
36.968424,140.150287,43
36.933345,140.125291,115
36.736688,140.170446,972
36.751517,140.196227,312
36.717181,140.21096,193
36.763575,140.171631,210
36.768581,140.14975,172
36.747238,140.147747,142
36.729145,140.15523,221
36.710267,140.174093,147
36.690839,140.196618,149
36.76832,140.24606,105
36.783238,140.233445,134
36.742041,140.238839,244
36.71681,140.265122,28
36.784816,140.211139,204
36.819968,140.213499,152
36.79726,140.172355,230
36.769292,140.125327,1042
36.746127,140.132894,39
36.734441,140.138123,168
36.72546,140.128458,82
36.740247,140.111856,92
36.736663,140.124579,56
36.745566,140.099074,41
36.756057,140.09957,177
36.76631,140.102447,36
36.774878,140.091947,67
36.778299,140.063854,91
36.789163,140.095294,94
36.401467,139.055371,1176
36.415702,139.050285,272
36.40646,139.06141,1004
36.399354,139.062028,377
36.404682,139.068212,603
36.397193,139.068108,470
36.406364,139.072527,957
36.404272,139.077928,1407
36.390526,139.079079,1229
36.394516,139.062027,410
36.385051,139.060892,522
36.394387,139.069859,571
36.389596,139.067443,446
36.385445,139.072604,863
36.388481,139.076446,379
36.385097,139.08716,1084
36.368771,139.074819,2015
36.373783,139.089165,549
36.378287,139.080715,1995
36.375281,139.065549,1919
36.358184,139.082982,576
36.358959,139.074642,154
36.362342,139.092119,1738
36.355954,139.102546,310
36.348861,139.096467,186
36.342009,139.102956,160
36.345055,139.114419,596
36.350164,139.122242,1391
36.339578,139.126587,240
36.341405,139.13152,473
36.360799,139.109772,2567
36.346997,139.076526,297
36.334395,139.081197,194
36.342048,139.089024,513
36.334538,139.097819,212
36.325679,139.09817,511
36.323856,139.105463,111
36.330597,139.114746,197
36.335196,139.110987,54
36.338045,139.107947,120
36.328971,139.089479,648
36.424617,139.099444,315
36.417403,139.095231,195
36.407571,139.098745,158
36.412385,139.110591,318
36.418657,139.104772,507
36.436682,139.121345,623
36.445949,139.111975,258
36.469383,139.127822,180
36.42969,139.107802,656
36.402116,139.083727,1311
36.405155,139.085563,368
36.407638,139.091916,242
36.399964,139.093823,432
36.387658,139.098414,1887
36.386187,139.108896,520
36.402265,139.113427,1605
36.390233,139.116684,76
36.400862,139.125749,521
36.418101,139.130751,381
36.390839,139.123638,309
36.393885,139.130036,545
36.391102,139.135581,1127
36.367167,139.051107,1642
36.367372,139.055713,184
36.362757,139.048775,517
36.354321,139.050369,789
36.357942,139.055004,443
36.35634,139.067281,1028
36.364849,139.064687,1090
36.373667,139.059078,729
36.375965,139.046316,766
36.370199,139.04084,611
36.369274,139.064796,82
36.370693,139.058193,222
36.358892,139.060063,927
36.380359,139.050854,215
36.385733,139.035132,2793
36.391362,139.048178,747
36.397537,139.050675,202
36.38957,139.055042,657
36.377442,139.031959,292
36.380557,139.056708,263
36.404967,139.037984,1586
36.400523,139.044089,438
36.415918,139.035903,993
36.415614,139.026491,205
36.411595,139.026955,304
36.423007,139.032852,323
36.396768,139.03996,195
36.422408,139.081296,928
36.412001,139.082952,1276
36.411571,139.073344,978
36.411861,139.064779,1036
36.419263,139.057048,1172
36.42189,139.071285,443
36.423522,139.067699,1544
36.425555,139.054642,1624
36.430583,139.062424,240
36.43409,139.057907,38
36.447706,139.04806,701
36.438566,139.046468,952
36.427354,139.036481,708
36.426533,139.063495,479
36.420433,139.045111,276
36.428232,139.010016,203
36.4216,139.015954,161
36.413496,139.012902,801
36.421058,139.006702,149
36.370955,139.10421,1954
36.369585,139.116838,592
36.376737,139.128497,188
36.375413,139.121215,237
36.383609,139.122302,96
36.379017,139.111385,315
36.367553,139.128117,188
36.37261,139.135312,122
36.344071,139.139981,2128
36.392422,139.173026,183
36.397875,139.161945,235
36.389873,139.145412,680
36.380868,139.155263,327
36.380755,139.169809,463
36.387178,139.187397,414
36.377109,139.193766,197
36.362808,139.18059,218
36.354064,139.172711,87
36.363023,139.165986,822
36.369931,139.148958,206
36.364284,139.139614,343
36.355866,139.136048,551
36.356552,139.151744,451
36.346142,139.157769,295
36.360219,139.121103,1262
36.383809,139.161503,467
36.374112,139.081044,948
36.361035,139.045504,148
36.411723,139.160208,567
36.408116,139.150129,1090
36.428813,139.151365,1205
36.427148,139.136601,381
36.44862,139.137883,472
36.472305,139.136159,178
36.424998,139.165548,447
36.41464,139.174933,956
36.407648,139.16811,295
36.444064,139.177232,779
36.484321,139.157901,490
36.45383,139.150749,218
36.485824,139.175139,76
36.482923,139.186002,321
36.43649,139.199232,150
36.426659,139.186672,406
36.490829,139.197506,70
36.451741,139.206659,197
36.431348,139.211949,402
36.425416,139.20144,118
36.416226,139.194469,337
36.407,139.185112,479
36.39918,139.201502,525
36.410783,139.206392,600
36.414096,139.21234,178
36.413911,139.216656,51
36.413013,139.222444,55
36.408414,139.220692,45
36.404372,139.222178,38
36.421572,139.216142,118
36.419495,139.224505,242
36.456033,139.075667,317
36.459828,139.066316,69
36.449332,139.060031,276
36.441336,139.067971,1111
36.451456,139.082203,340
36.46593,139.059401,320
36.436255,139.087127,1667
36.454848,139.102028,1472
36.474198,139.089394,820
36.46656,139.072187,104
36.479762,139.074968,78
36.487566,139.074979,66
36.472369,139.118098,173
36.519132,139.13915,220
36.332249,139.000646,68
36.330246,138.999746,126
36.326203,139.011352,279
36.325802,139.015904,432
36.322019,139.007834,202
36.334024,139.003067,151
36.330808,138.996115,77
36.338061,138.99954,369
36.322065,139.005918,9
36.32975,139.003219,37
36.332528,138.997498,159
36.32811,139.00829,37
36.330019,139.007415,123
36.325504,139.005709,66
36.320825,139.006366,40
36.313531,139.008052,360
36.33621,139.00485,335
36.325894,139.007987,17
36.326986,139.0096,139
36.329151,139.005172,20
36.319739,139.008207,125
36.335132,139.008089,378
36.323223,139.008546,23
36.334311,139.000973,52
36.329215,139.00095,35
36.327539,139.00687,163
36.334706,138.999142,124
36.332787,139.010214,434
36.324098,139.001921,11
36.316565,139.0076,373
36.330794,139.007109,19
36.319251,139.010983,105
36.324644,139.009374,90
36.327654,138.997267,255
36.32678,139.005243,17
36.337781,138.994177,1216
36.332082,139.004085,127
36.322991,139.006261,101
36.318441,139.008945,103
36.322084,139.005313,142
36.330742,139.004016,107
36.326864,139.007753,30
36.322364,139.011566,254
36.328258,139.002607,165
36.331971,139.007904,68
36.329063,139.009781,63
36.331261,139.001125,21
36.327734,139.005335,28
36.327324,139.00901,40
36.324704,139.007285,227
36.318161,139.004742,226
36.316868,139.011218,120
36.3387,139.015549,189
36.342645,139.003127,2439
36.333701,139.013949,397
36.338575,139.018325,138
36.321673,139.021067,312
36.331859,139.025474,2592
36.344217,139.02407,2169
36.325972,139.027791,962
36.341581,139.018576,113
36.338956,139.020668,267
36.348636,139.032999,1004
36.309027,138.99162,2605
36.320532,138.997329,1214
36.29782,138.994752,1218
36.317915,138.96948,1147
36.317029,139.00038,143
36.323856,138.993097,1103
36.305159,139.021407,1751
36.302897,139.015868,32
36.321742,139.033401,2192
36.319242,139.018765,283
36.321272,139.016129,426
36.29561,139.029529,949
36.307629,139.031427,1072
36.311524,139.037956,651
36.311903,139.014084,227
36.309446,139.011808,61
36.316728,139.044698,2293
36.314892,139.019665,624
36.312173,139.017373,220
36.307552,139.014984,116
36.357862,138.987845,584
36.356151,138.979371,406
36.342468,138.985631,1373
36.352397,138.99555,1357
36.350063,138.973081,884
36.351454,138.988132,927
36.347261,139.040484,883
36.360711,139.041623,254
36.369496,139.027347,1110
36.361403,139.034229,771
36.355921,139.025814,2115
36.360125,139.001844,707
36.362212,139.014742,846
36.370889,139.017377,343
36.349429,139.005758,59
36.348825,139.008655,494
36.352608,139.01618,1337
36.350892,139.00251,285
36.349502,138.956747,381
36.344861,138.955555,1464
36.352002,138.942852,196
36.326409,138.95094,690
36.334276,138.958123,356
36.354502,138.948387,309
36.339836,138.949134,1816
36.348363,138.936531,98
36.337693,138.96595,1264
36.331428,138.985418,1106
36.334906,138.974632,472
36.337204,138.982665,315
36.362381,138.957685,352
36.360662,138.9648,390
36.366324,138.971681,139
36.3723,138.970318,134
36.368562,138.980453,1064
36.361072,138.971701,294
36.370052,138.964786,361
36.355265,138.96004,231
36.335845,139.033581,806
36.331674,139.04701,244
36.316598,139.053517,544
36.316796,139.062651,359
36.325238,139.058895,177
36.326062,139.04168,535
36.288575,139.055198,285
36.277898,139.050398,220
36.289151,139.01005,636
36.288605,139.029049,494
36.277915,139.030349,1272
36.293587,139.081772,340
36.305098,139.065798,242
36.299862,139.069527,497
36.303583,139.059635,152
36.309604,139.050961,978
36.308113,139.075733,659
36.294557,139.063535,3914
36.305483,139.04314,147
36.350899,139.063597,296
36.347008,139.057826,453
36.338504,139.058992,389
36.342455,139.047788,110
36.343081,139.070354,516
36.336549,139.050044,415
36.32985,139.062867,383
36.320027,139.080039,225
36.327153,139.078189,121
36.306092,139.090251,126
36.314212,139.08028,314
36.324615,139.087084,283
36.332942,139.072451,214
36.297924,139.09262,419
36.398236,138.803934,180
36.419944,138.80945,154
36.411072,138.771776,128
36.435945,138.807453,129
36.426192,138.740993,154
36.456664,138.807936,177
36.446504,138.699955,198
36.464025,138.771954,116
36.397099,138.954877,528
36.405725,138.945553,70
36.439895,138.915194,159
36.422931,138.944532,989
36.406511,138.953935,290
36.386087,138.959235,1190
36.376695,138.962496,668
36.393693,138.940601,317
36.424343,138.912778,164
36.379925,138.952123,142
36.372184,138.949494,376
36.40903,138.973054,794
36.394748,138.97135,1199
36.420581,138.994036,121
36.415496,138.996832,330
36.412971,138.986602,659
36.412406,138.99883,230
36.41024,138.995414,414
36.408197,139.004336,120
36.406428,138.998558,289
36.403275,138.996446,560
36.399579,138.993311,395
36.40097,138.984861,387
36.395342,138.996234,463
36.39388,138.990663,138
36.406716,139.021483,286
36.402726,139.014597,184
36.400787,139.00927,135
36.396807,139.014442,103
36.397398,139.023966,217
36.392447,139.013864,364
36.387689,139.018881,172
36.38314,139.02411,341
36.389717,139.00229,833
36.38017,138.995449,584
36.381026,139.005853,1048
36.378718,139.01497,978
36.372682,139.001283,954
36.367116,139.000032,766
36.392115,138.984986,397
36.383809,138.978052,492
36.373576,138.988699,503
36.396601,139.003946,490
36.277172,139.102015,262
36.277812,139.108025,170
36.277429,139.110448,273
36.276386,139.112955,224
36.273983,139.112416,120
36.271711,139.115917,117
36.277041,139.119503,918
36.273812,139.10694,175
36.267402,139.11013,784
36.266162,139.104327,915
36.417521,138.873878,943
36.410044,138.861887,938
36.409676,138.828718,373
36.449038,138.846299,70
36.475479,138.877939,29
36.357991,138.930994,374
36.356947,138.922006,751
36.360812,138.9044,571
36.380944,138.832101,747
36.36306,138.934481,692
36.374791,138.929147,569
36.383899,138.934952,122
36.427317,138.891085,173
36.391727,138.909456,229
36.377271,138.922267,122
36.374515,138.917157,72
36.248053,138.990367,522
36.249299,138.985112,239
36.255696,138.986123,203
36.251546,138.977956,212
36.249708,138.96074,528
36.265181,138.955185,120
36.261727,138.96345,231
36.259571,138.973185,274
36.2599,138.980639,194
36.262879,138.99803,504
36.250433,138.997046,295
36.240172,138.987917,100
36.241581,138.981042,289
36.227445,138.971026,180
36.208283,138.955399,44
36.228511,138.990351,63
36.241227,139.000942,131
36.22749,139.010865,139
36.251888,139.004752,243
36.254406,139.016253,171
36.243672,139.019135,103
36.26419,139.029273,137
36.267854,139.022142,175
36.272451,139.009117,489
36.277616,138.982775,274
36.267378,138.971622,97
36.282751,138.969289,97
36.282508,138.962407,54
36.295205,138.96178,61
36.27452,138.944321,62
36.259727,138.985007,517
36.255577,138.96496,444
36.25815,139.015758,116
36.272733,139.001161,818
36.408288,139.33686,588
36.41907,139.342242,45
36.407688,139.332074,87
36.401035,139.33,651
36.403778,139.327237,65
36.399011,139.327666,31
36.40782,139.328864,60
36.406867,139.324664,91
36.395468,139.342826,680
36.39846,139.333027,228
36.395939,139.336111,153
36.393154,139.340709,121
36.404051,139.338443,518
36.413905,139.343881,750
36.406372,139.336702,6
36.412329,139.341203,8
36.407145,139.337723,31
36.404056,139.345491,1509
36.411161,139.335393,131
36.413191,139.33187,290
36.422425,139.329279,1093
36.410078,139.332337,102
36.41122,139.325828,312
36.412916,139.336702,148
36.415483,139.334969,125
36.43096,139.338065,696
36.421786,139.349326,279
36.423757,139.344364,137
36.429059,139.353769,502
36.432314,139.346653,87
36.377127,139.361818,2965
36.368295,139.352441,5868
36.515733,139.418739,1283
36.412139,139.309107,6260
36.466376,139.333927,3178
36.445897,139.387036,2803
36.401664,139.317989,1826
36.485684,139.216658,86
36.454714,139.217304,184
36.451316,139.229477,79
36.461246,139.239206,48
36.446765,139.239014,177
36.449966,139.255316,69
36.440114,139.248425,226
36.427244,139.226428,833
36.409946,139.230059,345
36.41078,139.241475,403
36.401103,139.238394,128
36.42927,139.254506,2742
36.504985,139.284763,105
36.493535,139.284361,19
36.551637,139.284037,117
36.542673,139.233218,315
36.495333,139.239629,117
36.324431,139.191183,344
36.323116,139.195251,199
36.324107,139.199805,462
36.319806,139.1879,236
36.329181,139.193434,383
36.32974,139.201212,198
36.328412,139.198145,147
36.333687,139.196857,251
36.34046,139.197106,440
36.337421,139.192054,504
36.320244,139.195868,131
36.318613,139.200842,362
36.317599,139.195975,212
36.317765,139.191444,331
36.313096,139.19134,268
36.314135,139.197927,149
36.350549,139.221229,443
36.347762,139.210981,297
36.339121,139.204686,410
36.337442,139.21179,694
36.336797,139.222134,1070
36.328015,139.219286,999
36.320131,139.225794,731
36.328197,139.207284,868
36.323453,139.207935,329
36.318756,139.205316,367
36.319129,139.212481,579
36.311526,139.207626,1413
36.304027,139.216181,402
36.297255,139.215386,567
36.299882,139.209462,1176
36.301737,139.202373,567
36.300284,139.196468,265
36.294503,139.204965,373
36.305808,139.191342,920
36.311344,139.216517,57
36.353337,139.194548,2427
36.334487,139.176571,907
36.32893,139.185369,1457
36.32734,139.14337,455
36.332886,139.157557,1751
36.318272,139.172474,1508
36.320787,139.18056,661
36.312391,139.182831,1268
36.321515,139.163345,1177
36.311425,139.162095,226
36.310515,139.151201,336
36.321588,139.152376,145
36.307457,139.170861,410
36.30108,139.167461,117
36.301943,139.178325,1074
36.294792,139.192508,1496
36.289727,139.183696,345
36.288978,139.17645,116
36.292462,139.167306,561
36.282444,139.177645,163
36.276871,139.182963,268
36.268797,139.194838,536
36.282913,139.193453,1087
36.28395,139.201495,228
36.275798,139.195842,930
36.276643,139.205769,212
36.285104,139.206731,1191
36.262188,139.215055,940
36.27137,139.217989,196
36.271352,139.22608,169
36.263458,139.231971,62
36.265998,139.223543,63
36.287891,139.213391,699
36.369716,139.231941,1075
36.37585,139.248081,601
36.386007,139.25374,318
36.379459,139.263125,387
36.398123,139.247431,518
36.386735,139.228201,277
36.395143,139.230256,107
36.39842,139.223947,137
36.386602,139.215754,885
36.368916,139.200099,572
36.356587,139.206408,207
36.361616,139.225573,1131
36.365161,139.215366,435
36.336955,139.257755,293
36.323609,139.26202,197
36.341169,139.245147,573
36.333117,139.230412,401
36.324773,139.238943,841
36.327368,139.249253,1252
36.350118,139.260541,1826
36.363942,139.260231,1317
36.353081,139.235669,256
36.343507,139.234422,482
36.272091,139.259661,114
36.274806,139.258336,157
36.268935,139.254214,187
36.271975,139.253706,45
36.274238,139.255924,91
36.275092,139.254584,70
36.274281,139.250873,233
36.278444,139.248784,101
36.305377,139.234552,404
36.30715,139.227142,454
36.294483,139.232522,205
36.28834,139.242758,239
36.280376,139.251573,337
36.295831,139.247296,298
36.303444,139.248716,339
36.311478,139.248809,508
36.310535,139.262594,206
36.317067,139.257983,4
36.288662,139.223026,382
36.283981,139.231947,520
36.27697,139.238215,360
36.274572,139.245568,407
36.267747,139.238522,199
36.26269,139.251919,149
36.250224,139.237411,92
36.249241,139.249233,104
36.245147,139.259645,31
36.257735,139.245037,92
36.257586,139.232131,91
36.252619,139.266562,149
36.260857,139.262872,84
36.265825,139.262695,196
36.271169,139.262731,431
36.271286,139.268101,601
36.279051,139.271155,253
36.283231,139.265672,108
36.285654,139.256991,159
36.279429,139.256232,181
36.2788,139.260068,195
36.277077,139.26471,178
36.287964,139.218359,432
36.298347,139.383313,235
36.298132,139.377069,242
36.297431,139.375033,255
36.298388,139.373113,91
36.296103,139.37082,70
36.294667,139.363468,543
36.300474,139.37116,131
36.314304,139.373098,224
36.304701,139.374834,161
36.292551,139.373235,201
36.291497,139.368982,237
36.289752,139.363832,361
36.294749,139.38403,53
36.298343,139.366792,145
36.300993,139.368655,106
36.278655,139.384057,1108
36.289032,139.379538,513
36.287418,139.370194,479
36.282981,139.371786,692
36.274579,139.372853,318
36.269138,139.383485,823
36.268981,139.394192,1133
36.279515,139.397494,807
36.290115,139.39583,503
36.292063,139.387127,484
36.28451,139.388283,554
36.268357,139.35794,200
36.264027,139.357007,344
36.25838,139.353864,518
36.256208,139.36104,258
36.265716,139.366028,475
36.253555,139.369268,447
36.256283,139.36434,313
36.257701,139.375117,572
36.262873,139.374613,196
36.257006,139.381141,476
36.246971,139.37914,278
36.275337,139.359611,921
36.277624,139.365595,701
36.276202,139.34993,696
36.265905,139.343802,484
36.26296,139.380928,536
36.304683,139.402733,343
36.308752,139.409638,261
36.302333,139.411926,478
36.310074,139.401422,356
36.304804,139.407854,130
36.312172,139.402172,200
36.315967,139.404064,376
36.318983,139.389903,332
36.311916,139.386235,269
36.308634,139.397024,276
36.298441,139.402129,397
36.29908,139.408333,203
36.298082,139.395271,694
36.304649,139.390974,418
36.305234,139.381944,756
36.301906,139.423223,333
36.311192,139.416967,559
36.319728,139.41132,439
36.30132,139.360822,422
36.305538,139.357538,165
36.315083,139.364834,154
36.321046,139.358962,412
36.317784,139.354662,188
36.323566,139.34405,837
36.314854,139.346825,344
36.311313,139.352231,342
36.306875,139.34464,356
36.312022,139.357521,125
36.336547,139.342694,813
36.360582,139.332384,38
36.347661,139.331694,235
36.348772,139.340683,173
36.349305,139.352408,62
36.33962,139.353789,67
36.337557,139.359636,81
36.328892,139.363723,63
36.330199,139.353751,152
36.33114,139.340823,202
36.32351,139.334689,327
36.332688,139.33432,160
36.277236,139.420246,1045
36.276917,139.408767,408
36.284337,139.415785,512
36.290888,139.414969,337
36.2905,139.433846,193
36.296982,139.414113,221
36.291829,139.404334,369
36.289165,139.40195,254
36.272522,139.429533,90
36.288004,139.357592,589
36.296249,139.354296,332
36.292783,139.353934,99
36.290431,139.353032,193
36.29067,139.351077,163
36.290361,139.349869,136
36.293087,139.346507,693
36.282871,139.339892,303
36.286906,139.337206,169
36.295126,139.340595,566
36.291376,139.338367,213
36.28635,139.347977,275
36.298169,139.331368,220
36.299932,139.34338,614
36.308091,139.331548,242
36.290802,139.324145,101
36.282101,139.328276,70
36.282701,139.319418,104
36.277997,139.329149,122
36.273484,139.329175,266
36.267208,139.332256,357
36.265428,139.320916,136
36.263206,139.314844,138
36.268972,139.314103,355
36.2896,139.332024,1359
36.34189,139.395411,501
36.333069,139.397212,525
36.330601,139.41035,284
36.332027,139.418037,395
36.32615,139.42282,309
36.324085,139.399125,275
36.326476,139.384449,391
36.331689,139.371547,173
36.333841,139.382672,130
36.343003,139.371754,155
36.354247,139.366208,153
36.340811,139.378964,248
36.353541,139.382366,257
36.300018,139.363723,272
36.310785,139.337558,747
36.257954,139.326399,93
36.259012,139.323954,45
36.258811,139.322521,51
36.259764,139.320966,38
36.259423,139.318428,80
36.261774,139.324474,78
36.248594,139.309441,101
36.256823,139.336338,196
36.26209,139.33321,63
36.256292,139.344824,29
36.250003,139.340975,80
36.24998,139.330225,178
36.241545,139.326353,84
36.240706,139.316503,73
36.245063,139.312706,89
36.248816,139.319365,51
36.25672,139.312817,619
36.248792,139.300151,201
36.259063,139.302807,171
36.255704,139.325791,45
36.262557,139.330797,46
36.270723,139.274354,120
36.263011,139.272604,289
36.263946,139.277146,48
36.27132,139.280595,102
36.259118,139.277482,157
36.26428,139.285281,77
36.260389,139.28832,68
36.264402,139.289469,41
36.264797,139.304002,429
36.260962,139.293064,80
36.254225,139.293094,45
36.250371,139.284773,75
36.279165,139.280131,40
36.248057,139.325701,202
36.254317,139.32367,139
36.291653,139.298191,220
36.284955,139.310629,2182
36.281958,139.293196,570
36.268705,139.298882,87
36.304288,139.274249,407
36.294802,139.287284,535
36.288078,139.274446,210
36.294037,139.267486,647
36.298672,139.261775,164
36.331343,139.2646,22
36.32242,139.281777,138
36.32128,139.288474,49
36.311485,139.281738,521
36.331985,139.297421,44
36.335478,139.309676,198
36.331483,139.32554,478
36.325319,139.3178,858
36.309349,139.303269,616
36.296259,139.30851,255
36.310083,139.308948,466
36.284741,139.2831,55
36.321143,139.295331,161
36.326131,139.270354,111
36.325372,139.275993,51
36.334749,139.273534,50
36.307339,139.293522,173
36.362689,139.300526,127
36.360611,139.303629,246
36.356624,139.306553,373
36.369275,139.303189,353
36.372101,139.311357,196
36.371489,139.320092,70
36.364242,139.32252,166
36.360375,139.31353,294
36.353332,139.321806,246
36.348966,139.312104,335
36.368589,139.278239,135
36.370274,139.289602,203
36.365898,139.288507,195
36.362546,139.285052,256
36.359486,139.287294,206
36.356347,139.288037,397
36.353208,139.290896,464
36.347189,139.290131,848
36.344931,139.29939,280
36.334622,139.285919,286
36.348771,139.271161,162
36.345524,139.280043,127
36.341127,139.273033,168
36.357621,139.274867,190
36.34137,139.303761,159
36.341882,139.321105,44
36.648048,139.044988,252
36.647146,139.041059,221
36.653881,139.046393,474
36.65484,139.059369,1296
36.644028,139.050596,408
36.653435,139.064883,298
36.650006,139.066526,756
36.647559,139.057652,589
36.645347,139.053152,435
36.645356,139.047446,48
36.6428,139.048099,117
36.644489,139.045417,34
36.640969,139.046835,353
36.643481,139.04199,60
36.639583,139.042778,285
36.646115,139.037208,228
36.640905,139.038189,214
36.642339,139.032217,807
36.630324,139.040872,495
36.622748,139.044766,144
36.632035,139.055188,216
36.643989,139.064614,144
36.655448,139.080756,393
36.659872,139.103662,177
36.663581,139.098441,554
36.665262,139.085763,689
36.636142,139.048574,279
36.745169,139.039649,71
36.766361,139.077243,163
36.708397,139.061394,119
36.696295,139.05923,75
36.686387,139.060816,65
36.667711,139.062606,240
36.687764,139.072295,99
36.681327,139.079352,19
36.658212,139.035136,227
36.652842,139.033839,105
36.648923,139.026509,178
36.656481,139.022898,204
36.664181,139.019938,332
36.676421,139.026724,50
36.669803,139.0284,49
36.673251,139.031875,98
36.669872,139.03556,64
36.666975,139.040928,102
36.688233,139.036372,139
36.676469,139.054343,148
36.665111,139.048907,344
36.646894,139.005809,172
36.618539,139.009019,556
36.608031,139.027928,175
36.592921,139.027333,93
36.633814,138.998914,24
36.681669,139.160884,309
36.662208,139.160887,85
36.64563,139.165658,25
36.652735,139.144601,111
36.65845,139.127655,84
36.675554,139.127897,458
36.679862,139.11292,79
36.698541,139.23802,196
36.727553,139.302241,254
36.679367,139.225114,74
36.702144,139.198314,58
36.671618,139.210038,124
36.680737,139.191182,137
36.658624,139.180283,80
36.640862,139.221779,26
36.628418,139.257448,50
36.620044,139.212584,4
36.635452,139.191218,13
36.623973,139.182919,24
36.626946,139.169187,16
36.61187,139.166882,6
36.634788,139.156306,47
36.638455,139.139089,130
36.620753,139.143936,30
36.246275,139.531702,796
36.243971,139.530186,129
36.243015,139.523999,324
36.247845,139.524065,285
36.24843,139.530391,194
36.251183,139.529711,264
36.252696,139.532517,146
36.254355,139.53435,138
36.257769,139.539805,323
36.252543,139.538814,416
36.247422,139.538114,207
36.246007,139.542669,262
36.246342,139.547791,463
36.250338,139.548842,241
36.249822,139.562871,333
36.254439,139.550007,320
36.252768,139.543705,273
36.258422,139.535416,295
36.256802,139.545151,54
36.257695,139.558042,96
36.257548,139.570812,42
36.254938,139.58479,126
36.24952,139.576338,44
36.259939,139.591806,702
36.226215,139.547851,251
36.221315,139.558709,229
36.226818,139.564903,313
36.232261,139.561027,240
36.239916,139.555963,587
36.24344,139.575471,291
36.229585,139.576233,162
36.238695,139.524904,459
36.237762,139.536259,745
36.240711,139.539603,914
36.239966,139.548579,300
36.233117,139.533289,451
36.224997,139.534611,990
36.223772,139.523212,194
36.230673,139.541893,186
36.236631,139.503738,755
36.221541,139.519735,450
36.230011,139.507096,483
36.229963,139.521167,288
36.233043,139.540594,291
36.232742,139.529154,194
36.233176,139.52296,487
36.238496,139.51631,626
36.217935,139.46947,185
36.21857,139.487464,440
36.222308,139.502617,347
36.213998,139.501571,60
36.265903,139.516241,757
36.252072,139.522139,102
36.25506,139.501866,416
36.276907,139.519132,157
36.266849,139.501876,737
36.253305,139.525809,864
36.259701,139.510967,612
36.247955,139.497367,890
36.243856,139.50031,621
36.24174,139.517968,276
36.253726,139.512075,547
36.270448,139.550818,160
36.275416,139.535299,111
36.277718,139.527585,52
36.26566,139.536223,668
36.263178,139.526657,393
36.261157,139.549272,44
36.489788,139.013091,126
36.494993,139.012617,218
36.498799,139.011051,286
36.495449,139.005403,96
36.495825,139.003174,30
36.493431,138.999822,105
36.492869,139.002769,151
36.496353,139.001729,38
36.497265,139.003261,108
36.501029,139.006984,420
36.500414,139.0006,217
36.495768,139.00127,33
36.496056,138.999593,68
36.496399,138.998319,120
36.497126,138.997054,33
36.500299,138.995418,296
36.499357,138.971561,470
36.500789,138.985225,393
36.496162,138.991271,251
36.49319,138.995405,77
36.491925,139.006714,194
36.491642,138.953422,579
36.506468,139.006593,154
36.506768,138.998054,860
36.511626,138.992659,412
36.522221,138.990095,43
36.523413,138.961895,308
36.540668,138.954978,136
36.526835,138.944693,71
36.4681,138.985681,562
36.469687,139.006794,577
36.469101,139.015112,642
36.459196,139.015903,596
36.457281,139.025714,749
36.468885,139.027688,683
36.482104,138.996086,275
36.477542,138.98494,736
36.483277,139.003774,274
36.486988,138.978697,789
36.484006,139.017505,124
36.479211,139.016149,255
36.517196,138.9911,314
36.511555,138.968913,331
36.506598,138.951916,342
36.507094,138.977629,323
36.51422,139.003023,190
36.490138,139.00156,143
36.486063,139.006151,347
36.488403,138.922681,844
36.498689,138.903643,137
36.479371,138.94342,27
36.566225,138.95971,325
36.568514,138.91917,280
36.566574,139.028796,444
36.551372,139.006991,1331
36.557079,138.984233,234
36.531726,138.99227,600
36.519162,139.011155,821
36.511964,139.018065,337
36.550301,139.054763,906
36.534749,139.037758,244
36.56351,139.065292,250
36.559388,139.09976,69
36.579261,139.059828,59
36.505381,139.060483,136
36.518429,139.066264,323
36.532973,139.054017,100
36.524185,139.049819,213
36.514944,139.036583,154
36.515006,139.043993,107
36.508432,139.044897,190
36.506406,139.03205,341
36.511569,139.024501,117
36.525495,139.03103,155
36.517282,139.083841,68
36.570541,139.122457,79
36.494163,139.032018,742
36.484472,139.028562,113
36.498705,139.050039,356
36.487359,139.051273,210
36.496416,139.063838,333
36.490653,139.069478,196
36.473414,139.054017,227
36.462268,139.044109,253
36.480379,139.04914,787
36.506997,139.085749,10
36.237776,139.082419,457
36.243897,139.079057,109
36.245334,139.083666,274
36.246931,139.084903,237
36.249822,139.085422,260
36.251973,139.084117,223
36.252885,139.082455,201
36.247167,139.078991,57
36.254292,139.079484,452
36.248629,139.07785,80
36.244035,139.075724,228
36.253044,139.071622,541
36.257292,139.073334,552
36.248297,139.071696,512
36.247083,139.066199,688
36.239289,139.071599,502
36.242446,139.069897,425
36.23354,139.066758,269
36.22628,139.060785,255
36.236468,139.088417,394
36.249577,139.090952,251
36.246857,139.0967,301
36.254476,139.096448,439
36.263782,139.084818,373
36.260803,139.089728,358
36.264191,139.095157,116
36.259059,139.102916,203
36.270728,139.097382,366
36.270167,139.102899,280
36.27301,139.090811,203
36.277828,139.076655,568
36.274374,139.082555,401
36.280559,139.089328,665
36.281655,139.09964,239
36.286596,139.088988,423
36.28218,139.063502,221
36.272113,139.066979,263
36.278121,139.070067,232
36.264884,139.068731,279
36.26456,139.0766,356
36.242427,139.050162,388
36.238031,139.058624,385
36.249767,139.055855,598
36.256534,139.057439,529
36.262734,139.051694,359
36.264589,139.061076,499
36.263936,139.040293,286
36.230234,139.084872,77
36.227136,139.079689,253
36.22516,139.070415,384
36.220778,139.076426,186
36.209318,139.069795,107
36.213828,139.063602,243
36.216047,139.054301,105
36.200916,139.056023,132
36.211058,139.046427,138
36.202136,139.03646,47
36.194903,139.022393,12
36.183808,139.018612,10
36.236025,139.077806,138
36.227353,139.026417,209
36.224163,139.042216,278
36.233109,139.048802,251
36.23886,139.032113,164
36.250826,139.036418,450
36.257072,139.026587,37
36.213308,139.027308,128
36.210958,139.008,89
36.189008,138.995411,84
36.18473,138.975938,48
36.182655,138.947561,92
36.161463,138.876917,49
36.168356,139.053578,851
36.189435,139.044081,675
36.156685,138.961531,213
36.144675,139.035508,148
36.142765,139.007067,21
36.132095,138.988666,43
36.258772,138.87802,1584
36.25562,138.901971,2357
36.258207,138.910111,417
36.25028,138.913774,562
36.266986,138.912269,134
36.268318,138.922804,224
36.264578,138.863796,526
36.266979,138.889488,36
36.276366,138.874949,182
36.282911,138.888424,360
36.256372,138.864298,827
36.259903,138.850626,393
36.249518,138.847605,280
36.24243,138.84678,755
36.245537,138.858648,180
36.239304,138.858269,29
36.249188,138.870197,599
36.244449,138.881037,750
36.245209,138.890137,583
36.243367,138.900634,513
36.205532,138.8477,236
36.221493,138.861438,50
36.220808,138.872625,424
36.231223,138.892762,287
36.278893,138.901415,168
36.283473,138.912285,135
36.297638,138.917491,221
36.298652,138.934884,108
36.292927,138.936484,42
36.283919,138.927833,303
36.27949,138.925159,106
36.271679,138.932519,119
36.285259,138.942135,79
36.236454,138.789415,384
36.243601,138.801401,139
36.248529,138.809579,52
36.243991,138.828869,204
36.239329,138.832264,237
36.269263,138.806614,226
36.260515,138.836767,261
36.255597,138.799796,103
36.274468,138.839413,556
36.286773,138.816813,201
36.280561,138.801903,78
36.300345,138.760045,22
36.300315,138.779095,80
36.297741,138.774375,11
36.293151,138.802452,75
36.28666,138.79506,27
36.290171,138.785837,43
36.290798,138.760505,107
36.26891,138.77304,157
36.295328,138.792119,68
36.331735,138.916122,406
36.345339,138.908363,2532
36.326744,138.879788,537
36.325667,138.869843,542
36.338371,138.871559,67
36.31878,138.856505,2573
36.307786,138.833077,509
36.318823,138.843838,307
36.308697,138.856877,355
36.29534,138.848316,964
36.294989,138.861989,17
36.304308,138.870119,232
36.312278,138.878853,303
36.312793,138.892634,299
36.286241,138.856126,1276
36.315547,138.921044,997
36.342889,138.928148,1409
36.369241,138.815222,1201
36.359236,138.80172,677
36.316553,138.784412,569
36.312063,138.80909,431
36.348242,138.737663,185
36.31073,138.736371,306
36.373229,138.68352,112
36.338764,138.714986,57
36.329284,138.684971,44
36.313328,138.681589,17
36.294626,138.675125,7
36.292333,138.831305,626
36.300346,138.81143,731
36.304891,138.795912,401
36.307406,138.779831,168
36.334094,138.810468,158
36.323889,138.803685,161
36.32143,138.815662,107
36.320953,138.828884,127
36.345405,138.763973,246
36.334059,138.787781,129
36.382701,138.745465,268
36.380099,139.299763,3899
36.375994,139.281291,1107
36.38872,139.273145,3525
36.402528,139.260954,676
36.416793,139.279303,3835
36.447247,139.270209,1291
36.44189,139.287048,330
36.464289,139.277773,285
36.483156,139.297774,260
36.453571,139.297843,30
36.493133,139.327118,84
36.474425,139.247922,189
36.45943,139.2591,43
36.479925,139.277123,52
36.51782,139.294697,71
36.556435,139.320079,252
36.520236,139.327658,69
36.591344,139.330928,70
36.549277,139.356128,143
36.531272,139.380906,36
36.558622,139.387228,22
36.584476,139.41814,89
36.451941,138.976693,508
36.4467,138.966321,881
36.434995,138.973475,1662
36.4426,138.939798,1330
36.459509,138.994079,313
36.465418,138.957395,853
36.453721,139.010603,777
36.445007,139.000128,547
36.436929,139.001691,480
36.431401,139.002666,498
36.432409,139.022081,2268
36.451207,139.033351,769
36.098534,138.772471,27
36.072536,138.76968,23
36.079229,138.783262,38
36.074338,138.801741,67
36.048249,138.796571,11
36.074961,138.752419,113
36.062194,138.692703,112
36.132631,138.944078,56
36.111966,138.943448,16
36.115252,138.926229,77
36.128668,138.91183,170
36.135191,138.879659,28
36.106119,138.910087,11
36.116358,138.895819,53
36.099892,138.897501,41
36.102315,138.879373,22
36.093156,138.87995,15
36.117231,138.860494,56
36.096568,138.852271,101
36.079672,138.83237,61
36.122905,138.805336,43
36.096284,138.803937,9
36.216617,138.787484,578
36.210746,138.775453,94
36.200502,138.802382,144
36.178545,138.806172,25
36.214939,138.819996,635
36.218472,138.795322,23
36.219746,138.758429,26
36.238516,138.76062,355
36.271047,138.743391,48
36.22637,138.723658,127
36.249543,138.718739,61
36.23073,138.655228,178
36.269995,138.669865,189
36.202876,138.744052,23
36.194132,138.75735,24
36.209552,138.760854,4
36.198495,138.766055,65
36.170364,138.782937,155
36.14831,138.787408,9
36.144957,138.66069,49
36.186487,138.649319,29
36.158136,138.64177,27
36.159212,138.71291,162
36.173079,138.68684,81
36.132856,138.68877,24
36.179794,138.751213,137
36.194153,138.712576,91
36.173016,138.733496,27
36.158351,138.747135,92
36.138426,138.740383,58
36.221979,138.918686,553
36.236943,138.926916,205
36.204835,138.912817,47
36.220245,138.895557,105
36.235925,138.909907,432
36.186028,138.871506,279
36.254552,138.928641,804
36.249812,138.934045,293
36.227135,138.93378,555
36.222322,138.94567,325
36.254153,138.949979,372
36.260184,138.945935,226
36.264858,138.941751,147
36.600036,138.835724,750
36.584793,138.84503,776
36.59508,138.84775,1329
36.582831,138.87749,105
36.57384,138.891554,86
36.587193,138.78245,193
36.638909,138.730503,300
36.601762,138.774255,158
36.696727,138.773923,292
36.601909,138.806951,302
36.647134,138.836668,105
36.620603,138.82212,283
36.63176,138.856119,124
36.656598,138.85359,12
36.593709,138.891256,100
36.611371,138.845377,241
36.623783,138.883652,148
36.628167,138.871225,98
36.649305,138.878024,3
36.60191,138.624733,38
36.597188,138.639637,25
36.591304,138.613339,19
36.577442,138.614785,83
36.581192,138.654392,76
36.677203,138.641653,212
36.561534,138.700032,22
36.54365,138.703927,63
36.531369,138.669193,39
36.554189,138.67741,75
36.54971,138.648961,244
36.565571,138.606138,293
36.555547,138.599058,147
36.540291,138.602799,16
36.531941,138.626057,226
36.5082,138.601027,337
36.454868,138.609602,461
36.472764,138.437247,544
36.554621,138.461141,361
36.484501,138.493647,457
36.5091,138.526032,328
36.522216,138.537214,74
36.554481,138.526776,27
36.537498,138.549742,225
36.451889,138.531717,730
36.538202,138.563185,202
36.53663,138.58392,63
36.571838,138.557862,187
36.608703,138.497436,7
36.62627,138.577347,1928
36.593964,138.570701,196
36.619318,138.957822,946
36.626615,138.911938,313
36.570841,138.801542,1070
36.527859,138.833283,349
36.557867,138.838521,51
36.531492,138.847582,335
36.528781,138.855669,293
36.556863,138.865622,94
36.52129,138.864576,88
36.553084,138.794104,111
36.558481,138.783321,117
36.573045,138.767186,208
36.579522,138.693827,112
36.548103,138.749446,270
36.529093,138.809879,123
36.499612,138.813132,266
36.485962,138.755698,223
36.487385,138.703362,194
36.497412,138.66837,135
36.526474,138.699674,152
36.534347,138.900168,101
36.541664,138.925669,173
36.5138,138.897967,179
36.551111,138.886639,115
36.541367,138.889796,59
36.773653,139.232178,290
36.756668,139.233081,95
36.761444,139.217379,53
36.765194,139.238791,39
36.757274,139.250708,41
36.74662,139.241976,52
36.741492,139.215503,119
36.726871,139.204875,38
36.790454,139.184363,228
36.799682,139.316243,194
36.796755,139.2247,150
36.829292,139.263595,199
36.894222,139.260171,63
36.75806,139.180144,17
36.718567,139.092276,138
36.712924,139.104612,252
36.741714,139.139586,154
36.701824,139.130634,59
36.690513,139.118295,106
36.681396,139.104251,64
36.676748,139.091135,594
36.698563,139.085975,64
36.584907,139.083198,478
36.598545,139.088954,380
36.618376,139.067884,161
36.604972,139.124875,758
36.617422,139.135455,314
36.650616,139.115812,70
36.587676,139.118297,137
36.694382,139.008457,634
36.686401,139.019816,181
36.669363,139.009747,391
36.672796,138.993263,59
36.662066,139.004251,28
36.656987,138.99162,44
36.658437,138.980199,124
36.673188,138.978771,134
36.667713,138.96822,101
36.691487,138.972714,432
36.69635,138.976285,174
36.710702,138.968968,50
36.724413,138.950422,19
36.727011,138.965045,18
36.736677,138.953559,39
36.732916,138.975677,48
36.742415,138.971498,208
36.729442,138.996698,193
36.705878,138.994953,340
36.736621,139.020018,3
36.71943,138.94574,5
36.753485,139.011096,16
36.920613,139.08171,45
36.824782,139.083381,66
36.800436,139.057629,7
36.82391,139.009417,27
36.79838,139.011282,41
36.800842,138.991596,24
36.850326,138.952336,29
36.795373,138.978242,85
36.785503,138.992715,105
36.767453,138.99321,123
36.750425,138.980909,148
36.747535,138.969196,20
36.747914,138.951087,109
36.755759,138.946236,76
36.769186,138.965336,341
36.774237,138.932109,67
36.805193,138.934705,71
36.73181,138.82844,31
36.729082,138.865245,29
36.741394,138.882862,222
36.782097,138.877605,47
36.724264,138.90743,93
36.719048,138.9191,52
36.701972,138.917883,93
36.706196,138.886786,100
36.696162,138.90942,116
36.697497,138.897597,30
36.694613,138.881576,90
36.689909,138.864573,22
36.675253,138.858803,111
36.680037,138.904004,116
36.673762,138.92308,319
36.701493,138.934403,236
36.679963,138.945912,98
36.698081,138.94701,54
36.68707,138.959114,149
36.666897,138.949987,44
36.303603,139.109803,897
36.300924,139.126038,158
36.309164,139.095902,895
36.306285,139.103929,85
36.293437,139.102913,68
36.291149,139.099429,103
36.296009,139.112886,955
36.287342,139.121425,878
36.305091,139.134917,734
36.309129,139.122191,692
36.311523,139.110187,335
36.315505,139.097027,1016
36.297235,139.126333,83
36.297334,139.132768,368
36.29085,139.134184,147
36.285736,139.144559,328
36.28603,139.152572,190
36.283004,139.161601,430
36.294251,139.154933,260
36.302524,139.148355,400
36.297322,139.145349,208
36.31754,139.120926,326
36.314059,139.136909,482
36.323372,139.124684,282
36.324512,139.11155,91
36.328635,139.13371,301
36.328193,139.128416,382
36.262559,139.629551,173
36.266974,139.617773,213
36.26413,139.606069,78
36.246078,139.601048,79
36.245197,139.609891,51
36.243596,139.622679,249
36.242832,139.63475,75
36.234442,139.648717,122
36.232691,139.634373,133
36.221689,139.654265,122
36.215364,139.656757,95
36.218419,139.632754,113
36.206491,139.641293,110
36.199358,139.639174,113
36.205749,139.623592,159
36.195513,139.61937,130
36.208437,139.611257,127
36.209447,139.600357,108
36.217036,139.615118,75
36.219578,139.622634,165
36.228313,139.614286,196
36.222826,139.605542,122
36.230114,139.599053,135
36.220508,139.59712,369
36.226302,139.584901,223
36.233501,139.593229,133
36.241897,139.58554,180
36.239909,139.593427,46
36.233189,139.608242,204
36.218969,139.646012,547
36.228598,139.632329,186
36.213666,139.583338,96
36.216374,139.574139,87
36.214827,139.562991,132
36.207352,139.565368,194
36.203401,139.547567,175
36.210001,139.548269,161
36.215454,139.538079,426
36.207961,139.532984,621
36.207767,139.525042,383
36.197516,139.53033,281
36.196234,139.516198,111
36.198989,139.508068,155
36.203758,139.495887,262
36.213083,139.50646,22
36.211777,139.513628,187
36.205347,139.517722,215
36.207161,139.434623,102
36.204571,139.444746,209
36.217749,139.445066,531
36.198912,139.452089,147
36.195529,139.463092,205
36.196601,139.474704,325
36.197777,139.48627,219
36.207266,139.467059,164
36.211664,139.460827,77
36.216308,139.453917,90
36.227281,139.454891,245
36.230874,139.435824,282
36.235263,139.423285,232
36.223834,139.422104,173
36.217442,139.427244,128
36.215092,139.434235,459
36.251745,139.408606,306
36.248196,139.407347,205
36.255549,139.423888,1184
36.261205,139.415314,786
36.254829,139.41643,287
36.258689,139.410616,747
36.258981,139.425008,585
36.250522,139.413389,427
36.263563,139.420743,687
36.252178,139.400308,909
36.264047,139.400229,186
36.240992,139.386641,256
36.246394,139.395319,956
36.235058,139.392153,31
36.264792,139.428537,23
36.228496,139.40652,615
36.262707,139.393027,792
36.241115,139.412047,1480
36.252457,139.388528,1233
36.25571,139.459031,3195
36.269093,139.489131,367
36.257399,139.486794,64
36.251491,139.468691,175
36.255563,139.47926,441
36.257808,139.476704,442
36.272599,139.45627,331
36.283293,139.452453,260
36.273567,139.441995,492
36.236656,139.445115,1656
36.241578,139.469186,584
36.228036,139.47095,535
35.926677,139.59074,952
35.917179,139.589247,3802
35.91748,139.579048,5220
35.921325,139.567611,964
35.923886,139.557772,1440
35.931967,139.556172,239
35.929482,139.558953,146
35.934313,139.567791,651
35.93925,139.577681,1084
35.935547,139.584267,491
35.934837,139.593192,1691
35.941452,139.586671,212
35.924302,139.562369,62
35.909808,139.564349,1367
35.910246,139.570418,1046
35.895675,139.577463,709
35.886082,139.555999,466
35.884027,139.561499,21
35.893337,139.557054,9
35.897885,139.55395,55
35.876688,139.56409,129
35.906153,139.580158,1239
35.883318,139.593538,391
35.886898,139.58656,184
35.889884,139.594704,913
35.892904,139.587232,802
35.896708,139.58662,321
35.899322,139.593244,475
35.902651,139.584038,2240
35.92788,139.578979,1283
35.925931,139.614101,1775
35.928999,139.617655,2985
35.920697,139.600563,9156
35.919974,139.608528,1680
35.935497,139.620934,8760
35.953137,139.614568,3067
35.957327,139.595761,1953
35.947094,139.600749,2850
35.926222,139.624066,2252
35.926225,139.629952,1227
35.931951,139.635271,3245
35.951709,139.62315,1300
35.942648,139.628258,3317
35.901394,139.64258,310
35.892536,139.638819,1759
35.896473,139.63487,1434
35.902152,139.634434,858
35.900757,139.640025,2856
35.910935,139.640058,2671
35.920971,139.639146,1503
35.918632,139.631367,1257
35.915448,139.622919,1231
35.911751,139.627071,679
35.907616,139.629559,462
35.904869,139.626296,147
35.903906,139.63001,1000
35.909362,139.632484,914
35.900797,139.61764,2755
35.918081,139.615658,3241
35.911381,139.608727,2008
35.909056,139.602518,6632
35.902586,139.610339,3023
35.924675,139.65019,5146
35.938451,139.653225,2580
35.947271,139.653948,268
35.943725,139.65499,1678
35.943281,139.646077,7308
35.898075,139.696384,187
35.902142,139.684401,1061
35.90481,139.694148,5
35.904049,139.679219,183
35.908301,139.68416,500
35.91136,139.678827,193
35.904308,139.662742,1445
35.911359,139.674969,92
35.907052,139.669944,2155
35.908305,139.656804,2427
35.916337,139.654331,2958
35.90196,139.656822,2447
35.896875,139.654476,264
35.89905,139.668599,15
35.904587,139.649798,25
35.921948,139.689627,223
35.921092,139.67361,3080
35.927824,139.661041,2972
35.93608,139.668574,1497
35.931799,139.669192,1245
35.929325,139.683886,316
35.931448,139.677251,1226
35.929066,139.672424,1165
35.957047,139.673457,1155
35.952536,139.654448,247
35.958656,139.656016,347
35.945736,139.680262,175
35.939376,139.680174,55
35.941505,139.667192,1975
35.955701,139.650452,712
35.949372,139.675289,152
35.955625,139.668476,2691
35.949624,139.661342,1677
35.890407,139.627406,6184
35.884273,139.637053,1068
35.88632,139.632395,2769
35.878485,139.632546,2864
35.86845,139.629526,3532
35.859794,139.638648,2876
35.88066,139.612243,1711
35.876105,139.616681,1601
35.88885,139.608079,1317
35.878993,139.615339,660
35.880643,139.619392,2014
35.889348,139.620928,3344
35.892655,139.632143,16
35.859775,139.633555,5156
35.849081,139.629004,4415
35.848408,139.616238,496
35.858325,139.613879,1357
35.857032,139.619713,1214
35.861709,139.626325,1122
35.86519,139.625233,1021
35.861186,139.616297,2413
35.868642,139.622276,554
35.869501,139.612368,1442
35.861514,139.604372,1122
35.869249,139.604887,1955
35.874578,139.608281,1494
35.881694,139.605072,2335
35.878999,139.597139,125
35.875005,139.596848,311
35.867815,139.597179,653
35.862205,139.590572,542
35.852736,139.62082,759
35.855268,139.657224,3559
35.856911,139.649659,1225
35.859578,139.643803,1989
35.869494,139.644928,6673
35.875039,139.640952,3799
35.879442,139.639309,2794
35.886801,139.636946,4366
35.886205,139.664453,2289
35.882704,139.648512,3702
35.876492,139.665393,2811
35.872047,139.664355,553
35.894443,139.649146,428
35.860092,139.665091,1520
35.863442,139.663098,4250
35.870293,139.654733,2432
35.881853,139.658696,2052
35.892377,139.659281,3
35.848584,139.659128,844
35.885941,139.653731,658
35.860986,139.658284,896
35.854099,139.663407,699
35.858298,139.660339,581
35.857156,139.668971,1325
35.846714,139.674481,4068
35.855308,139.677045,2110
35.853118,139.685475,2906
35.860296,139.690871,5223
35.85242,139.694894,695
35.861869,139.685534,897
35.842064,139.653825,4039
35.836011,139.662213,4683
35.839287,139.673985,4151
35.850171,139.646188,3991
35.840827,139.662362,3067
35.842458,139.643585,2616
35.851946,139.635394,312
35.848114,139.639388,3845
35.831416,139.629844,1602
35.836474,139.631685,2145
35.831849,139.643796,3358
35.84036,139.63799,1179
35.848207,139.666006,1029
35.847218,139.6633,381
35.865018,139.667443,1445
35.864647,139.692701,66
35.869204,139.676699,4247
35.875543,139.682285,4401
35.862758,139.710664,1853
35.875444,139.708513,837
35.870843,139.715389,110
35.888837,139.687323,953
35.884789,139.689474,1303
35.890633,139.670551,5245
35.87573,139.672944,1491
35.886892,139.710001,428
35.896072,139.706237,190
35.898678,139.716112,154
35.909904,139.699048,193
35.915548,139.700418,28
35.902606,139.707066,181
35.90704,139.706859,116
35.884098,139.742023,941
35.883923,139.728409,2262
35.884416,139.718841,33
35.88024,139.721454,268
35.892684,139.72528,234
35.890447,139.715011,57
35.88764,139.693609,768
35.878955,139.6952,1157
35.883386,139.700209,6
35.889666,139.664494,312
35.861424,139.698065,5651
35.903157,139.719398,1584
35.877485,139.690242,636
35.947053,139.686784,574
35.951423,139.686088,440
35.957812,139.686429,597
35.958252,139.709765,1486
35.950579,139.705449,668
35.948298,139.712699,504
35.94547,139.716658,636
35.941199,139.70209,1395
35.94539,139.69502,1594
35.947209,139.702384,884
35.944251,139.697661,650
35.954873,139.692259,2040
35.954334,139.696126,308
35.958359,139.695653,487
35.959624,139.692477,468
35.958849,139.703719,1104
35.950331,139.728818,280
35.941593,139.732258,114
35.948155,139.740818,238
35.943311,139.7431,129
35.937982,139.740027,94
35.936443,139.743653,195
35.933149,139.745881,77
35.931328,139.749483,38
35.93722,139.688774,85
35.92256,139.702497,206
35.935827,139.706332,141
35.934226,139.697587,257
35.92859,139.70849,419
35.933482,139.688257,49
35.935387,139.725,521
35.922092,139.726299,523
35.917981,139.718571,283
35.913639,139.711531,158
35.931701,139.720882,439
35.942584,139.723649,74
35.910835,139.731364,239
35.906381,139.72342,12
35.899909,139.742776,178
35.890983,139.742525,499
35.908002,139.742509,75
35.9145,139.741685,134
35.917645,139.745028,518
35.981273,139.708577,367
35.982116,139.720762,1047
35.972017,139.718221,665
35.974173,139.709133,701
35.961974,139.702393,190
35.966737,139.702004,180
35.983369,139.695667,261
35.987216,139.69753,52
35.987694,139.710551,700
35.99452,139.70026,334
35.977728,139.696168,658
35.980818,139.691866,16
35.972231,139.686177,274
35.965824,139.684623,384
35.965605,139.693387,1365
35.957704,139.680641,97
35.967167,139.675307,481
35.969106,139.664083,617
35.965364,139.704503,450
35.969272,139.707183,1722
35.962015,139.712312,1411
35.945668,139.683259,1022
35.942376,139.69095,1590
35.940632,139.697543,301
35.953006,139.715239,989
35.902561,139.73072,585
35.898705,139.471114,1637
35.89513,139.475864,3201
35.928997,139.473198,1332
35.92307,139.485333,201
35.935264,139.4923,14
35.913546,139.470007,423
35.9007,139.491858,2316
35.926562,139.482786,76
35.919522,139.488428,137
35.924016,139.491563,283
35.902044,139.467909,360
35.920321,139.493855,1253
35.922998,139.482845,110
35.921049,139.488184,272
35.918265,139.475439,425
35.928372,139.483572,292
35.912826,139.482239,884
35.930917,139.479201,846
35.922808,139.477694,324
35.907096,139.485966,539
35.911666,139.494417,2023
35.914901,139.475877,269
35.920522,139.473548,681
35.914157,139.485232,362
35.921,139.481679,291
35.913897,139.479885,587
35.914109,139.487876,674
35.911761,139.473933,775
35.909535,139.476732,596
35.930647,139.49234,309
35.904115,139.488812,420
35.918185,139.485342,536
35.910705,139.485971,332
35.926463,139.487928,313
35.932644,139.484594,790
35.925113,139.481593,199
35.919047,139.482729,529
35.916115,139.478342,412
35.909323,139.482809,509
35.905268,139.472411,334
35.907003,139.480844,790
35.922339,139.457298,664
35.907795,139.500463,183
35.917427,139.502536,103
35.916019,139.462209,526
35.93414,139.506132,25
35.918165,139.470826,177
35.9237,139.503115,209
35.9445,139.503485,180
35.927429,139.511154,114
35.93533,139.517979,493
35.94679,139.530009,142
35.937226,139.50147,85
35.946675,139.514222,141
35.950946,139.496418,248
35.942868,139.536253,74
35.942346,139.494321,99
35.90438,139.513182,547
35.909246,139.512219,174
35.907564,139.523294,396
35.930317,139.531025,208
35.913934,139.509611,38
35.937188,139.538225,57
35.91897,139.53466,2042
35.90374,139.542623,461
35.916419,139.511064,33
35.894501,139.526923,532
35.892651,139.50953,322
35.890957,139.55161,177
35.89575,139.5183,1474
35.895247,139.536934,676
35.882668,139.535521,301
35.902257,139.522109,817
35.887235,139.528369,351
35.901157,139.506395,748
35.901929,139.516932,209
35.900893,139.513735,215
35.89782,139.496345,171
35.893447,139.503779,58
35.880255,139.490804,454
35.894504,139.497607,2306
35.87541,139.490069,1762
35.885133,139.512728,2755
35.875991,139.498918,2546
35.881226,139.503129,626
35.876182,139.502814,350
35.878196,139.505548,435
35.880177,139.486104,2538
35.879444,139.500012,492
35.883242,139.499734,395
35.877171,139.474293,2287
35.866016,139.475305,111
35.869849,139.489259,298
35.859601,139.478112,796
35.885461,139.484043,277
35.862403,139.466168,313
35.907074,139.444897,235
35.897948,139.443767,390
35.892188,139.446381,423
35.894367,139.451295,70
35.894592,139.438113,199
35.895314,139.431184,316
35.893297,139.452707,139
35.890285,139.443053,80
35.905166,139.466899,615
35.885053,139.447962,1225
35.900526,139.422691,577
35.908353,139.392202,4423
35.913666,139.438204,4193
35.912881,139.427973,805
35.921841,139.409215,475
35.922857,139.416984,577
35.926319,139.430536,1600
35.918314,139.425946,170
35.926197,139.43922,297
35.922145,139.450819,1098
35.935071,139.426794,562
35.930358,139.448462,697
35.93721,139.454611,632
35.933621,139.42053,408
35.939246,139.438786,1641
35.951998,139.432958,1499
35.949855,139.456915,379
35.946952,139.464221,73
35.951342,139.467109,13
35.929682,139.429027,422
35.926268,139.449019,489
35.926301,139.422765,826
35.94063,139.487882,250
35.930509,139.464561,311
35.940194,139.469092,253
35.953395,139.474279,243
35.950233,139.485627,454
35.941849,139.477704,1557
35.894673,139.466189,303
35.921036,139.425076,1577
35.928758,139.497033,103
35.9245,139.467619,1309
35.905458,139.460878,720
35.896918,139.512412,202
35.90261,139.417196,930
35.947171,139.428877,522
35.880528,139.459269,2187
35.891499,139.467622,666
35.894958,139.4632,457
35.887173,139.442936,293
35.897432,139.46,926
35.888088,139.466492,345
35.888192,139.473035,807
35.891702,139.479383,609
35.875429,139.458222,500
35.885909,139.436046,307
35.904942,139.455378,330
36.144831,139.384556,292
36.146882,139.382694,28
36.143214,139.384319,88
36.14404,139.381697,95
36.141376,139.386904,115
36.14694,139.388728,348
36.144342,139.401941,701
36.143126,139.390924,332
36.13886,139.39524,1696
36.147211,139.401515,53
36.154335,139.386166,1036
36.145362,139.378531,485
36.150548,139.377845,684
36.153643,139.36585,2441
36.144923,139.370625,156
36.14686,139.362091,485
36.13955,139.378231,363
36.141961,139.379535,337
36.144014,139.374899,280
36.141783,139.373736,388
36.137457,139.38445,325
36.139985,139.38557,544
36.138477,139.388864,142
36.135607,139.389701,302
36.137318,139.391589,611
36.162308,139.38731,365
36.164629,139.392014,1165
36.151047,139.413554,2959
36.164519,139.406267,382
36.148271,139.398108,550
36.168231,139.3809,1603
36.174169,139.373483,386
36.165597,139.368438,1150
36.162262,139.362704,321
36.175609,139.353925,962
36.175192,139.345568,266
36.163917,139.346524,1323
36.172216,139.337536,1855
36.173085,139.342991,212
36.179512,139.339842,468
36.144816,139.337307,567
36.155368,139.346407,323
36.150128,139.353284,961
36.145768,139.35321,111
36.142213,139.314928,180
36.148175,139.324546,68
36.130391,139.412979,1150
36.14173,139.40912,740
36.138147,139.416243,314
36.117276,139.415547,1021
36.123763,139.426871,301
36.117433,139.430685,677
36.17343,139.389071,364
36.181313,139.40979,683
36.177068,139.397266,448
36.167579,139.420682,142
36.18619,139.360266,419
36.187286,139.370713,480
36.190079,139.382038,812
36.187902,139.39517,112
36.196221,139.366527,88
36.191883,139.349436,361
36.195223,139.337737,409
36.206183,139.340306,102
36.183094,139.340708,1176
36.156802,139.32022,915
36.166948,139.334351,585
36.16836,139.30974,1928
36.1703,139.315865,413
36.121928,139.381292,866
36.122798,139.366105,872
36.104421,139.378293,253
36.114066,139.375914,115
36.152759,139.427404,217
36.1629,139.427443,273
36.151388,139.381887,231
36.155614,139.379775,917
36.155633,139.383117,425
36.176121,139.33223,413
36.153884,139.394087,920
36.125192,139.388999,81
36.11717,139.381945,107
36.106693,139.393775,119
36.115662,139.399783,136
36.112596,139.403481,63
36.105209,139.403716,105
36.10858,139.413129,133
36.108614,139.385431,93
36.102908,139.402488,22
36.099497,139.402324,41
36.097155,139.408564,35
36.097524,139.414568,31
36.09991,139.423503,222
36.090769,139.415369,53
36.089753,139.426284,90
36.084084,139.416537,212
36.078599,139.409733,221
36.079497,139.43334,245
36.078349,139.421865,659
36.227055,139.385397,1515
36.215576,139.376474,788
36.231774,139.358041,160
36.234738,139.365296,182
36.23846,139.353652,113
36.234356,139.343497,158
36.24927,139.361533,134
36.224512,139.345405,292
36.217661,139.349122,303
36.216811,139.361602,154
36.209173,139.358467,48
36.206669,139.362403,269
36.204133,139.351052,67
36.213538,139.341025,88
36.209752,139.381901,351
36.208744,139.389402,251
36.215276,139.391681,122
36.212938,139.402822,628
36.207004,139.39643,401
36.19934,139.392878,242
36.201871,139.378559,113
36.204521,139.374089,324
36.205255,139.414778,405
36.190875,139.415289,329
36.207673,139.406327,34
36.214405,139.409128,124
36.198678,139.430402,59
36.219536,139.389004,619
36.223651,139.372162,89
36.122373,139.34705,748
36.128791,139.329859,198
36.132928,139.315864,104
36.136279,139.334017,266
36.133116,139.351147,201
36.11891,139.358203,427
36.108066,139.344141,122
36.104444,139.36243,405
36.100225,139.334248,446
36.100358,139.318791,89
36.11043,139.315884,355
36.114962,139.328231,36
36.120722,139.325236,197
36.114921,139.338205,431
36.172516,139.32979,988
35.799705,139.726717,3955
35.803295,139.727924,2460
35.796888,139.722048,1116
35.806264,139.716681,2507
35.806125,139.711065,4267
35.798513,139.715161,3799
35.812035,139.704586,3949
35.80687,139.706766,700
35.798234,139.70642,424
35.80117,139.707115,970
35.803629,139.700358,499
35.802431,139.704294,1087
35.802276,139.697826,83
35.808539,139.713902,1342
35.811675,139.712768,4024
35.81902,139.723153,4431
35.810979,139.719766,3519
35.821413,139.711612,2701
35.825637,139.711761,3046
35.826581,139.724757,3923
35.83073,139.708788,819
35.834443,139.714908,636
35.838229,139.715404,3121
35.807894,139.734617,4766
35.803532,139.734144,2918
35.802585,139.741185,773
35.799714,139.732119,5630
35.798699,139.756157,1298
35.793442,139.752802,1595
35.78772,139.742342,1765
35.831976,139.752263,1230
35.825973,139.763083,2392
35.823967,139.761768,77
35.833539,139.75965,420
35.835576,139.764822,202
35.831576,139.764435,409
35.832316,139.773714,1948
35.827513,139.772009,932
35.824099,139.772642,668
35.824947,139.74805,1027
35.818084,139.75318,424
35.816293,139.757033,646
35.821064,139.760964,743
35.82641,139.756826,413
35.841907,139.722957,4080
35.855065,139.712175,10
35.850548,139.71795,1672
35.852945,139.726883,1015
35.859289,139.720678,1810
35.867806,139.721537,1262
35.863044,139.730491,790
35.85782,139.736774,1545
35.853486,139.74642,268
35.847713,139.73287,1248
35.845877,139.737663,898
35.84772,139.744915,1077
35.856072,139.709621,539
35.855125,139.705507,961
35.850869,139.706411,535
35.84475,139.686674,3325
35.846384,139.698192,1182
35.8445,139.679699,1379
35.829357,139.703881,1526
35.829225,139.694139,783
35.837325,139.703483,1726
35.833517,139.703332,3551
35.83211,139.689338,796
35.836826,139.678427,1689
35.832021,139.684576,1086
35.837675,139.681322,714
35.841343,139.686174,1037
35.851797,139.701754,2975
35.840634,139.767318,2462
35.8457,139.76126,913
35.840125,139.749107,2061
35.851424,139.756264,580
35.838624,139.754899,1065
35.856924,139.761532,864
35.850061,139.770295,675
35.8398,139.776282,593
35.835819,139.776446,245
35.856266,139.755157,81
35.852861,139.768463,1115
35.858309,139.747132,906
35.859082,139.752848,5
35.865897,139.762926,298
35.867562,139.765198,310
35.875082,139.72018,46
35.867134,139.727238,681
35.865438,139.757929,546
35.86327,139.759705,663
35.882732,139.746278,3672
35.86957,139.738611,1661
35.868668,139.748645,2961
35.868555,139.755622,3096
35.871206,139.730507,1561
35.860416,139.7593,700
35.843252,139.697462,804
35.839754,139.697002,330
35.84395,139.701819,233
35.825107,139.782076,77
35.823768,139.779171,829
35.836572,139.736447,2751
35.833283,139.743085,2307
35.827888,139.743095,1943
35.834515,139.730002,3031
35.826072,139.732084,1617
35.823882,139.743493,1008
35.815025,139.729775,79
35.819489,139.727817,582
35.822804,139.733516,4991
35.811929,139.751567,933
35.8626,139.751749,1297
35.842371,139.706748,1195
36.141852,139.455339,383
36.132911,139.456005,189
36.137073,139.454238,308
36.140614,139.450052,401
36.137187,139.446813,995
36.136024,139.460554,125
36.140666,139.461469,243
36.143397,139.461985,130
36.143074,139.458746,169
36.140105,139.464718,261
36.136907,139.465596,453
36.131387,139.462041,1260
36.133408,139.469,170
36.129308,139.440228,1731
36.12952,139.458526,290
36.119142,139.453832,279
36.148533,139.461001,1235
36.14569,139.459834,381
36.170894,139.462494,387
36.161674,139.453246,225
36.147828,139.467321,751
36.143597,139.472294,1280
36.143547,139.480117,615
36.154493,139.439574,143
36.159523,139.445294,110
36.144978,139.445885,115
36.145045,139.437877,108
36.143919,139.428403,86
36.120534,139.463351,365
36.110716,139.475344,177
36.116355,139.470381,75
36.166291,139.485106,738
36.159103,139.478426,365
36.16077,139.469352,406
36.182952,139.465751,186
36.183743,139.48507,522
36.191029,139.432302,248
36.187912,139.449782,100
36.120137,139.493062,950
36.099535,139.490874,341
36.115697,139.480931,190
36.111435,139.486977,91
36.148804,139.488536,574
36.144853,139.488855,593
36.146791,139.506115,477
36.132551,139.504517,324
36.133087,139.514446,128
36.122,139.525436,80
36.130323,139.523671,292
36.122858,139.433045,642
36.124633,139.439482,425
36.11475,139.43415,133
36.113007,139.431248,254
36.120505,139.438085,873
36.117234,139.435649,243
36.125972,139.441801,113
36.132566,139.4518,18
36.127393,139.473755,13
36.127725,139.44893,1447
36.153683,139.456487,387
36.133227,139.484947,932
36.179284,139.429811,786
36.177532,139.449832,155
36.169974,139.443714,189
36.168972,139.437665,108
35.98165,139.082028,626
35.986667,139.085658,483
35.991427,139.087899,376
35.987919,139.074748,855
35.994471,139.079236,211
35.996182,139.081394,80
35.999291,139.084789,98
35.996361,139.084403,147
35.994898,139.087278,228
35.993015,139.082746,154
35.999258,139.081263,203
35.999416,139.071805,1026
35.994163,139.072495,400
36.003238,139.083144,306
36.008424,139.080167,299
36.007996,139.084477,215
36.011681,139.084231,214
36.015588,139.085931,170
36.016974,139.090227,301
36.011575,139.088625,111
36.001351,139.089228,374
36.006633,139.090989,425
36.012815,139.092776,120
36.006006,139.086526,121
35.991457,139.060345,157
36.00642,139.068888,1188
36.03509,139.076493,445
36.006403,139.054575,111
36.033751,139.097024,2209
36.050489,139.107354,811
35.966907,139.03299,410
36.005461,139.139969,1123
36.031499,139.120667,393
36.014515,139.149956,84
36.056108,139.070235,278
36.038303,139.055982,71
36.034833,139.064197,118
36.055513,139.080738,72
36.059801,139.087202,169
35.954954,139.07921,601
35.980833,139.075242,1393
35.898499,139.08395,33
36.005224,139.095852,225
35.983175,139.06575,3
36.026513,139.027318,890
36.066636,139.048109,238
36.073537,139.019019,46
36.088197,138.953941,311
36.08998,138.994381,78
36.10186,138.970901,10
35.914737,138.807929,263
35.981793,138.760744,13
35.923741,138.933257,16
35.956372,139.057746,68
35.948491,139.030002,962
35.930465,139.013504,269
35.963156,139.006681,52
35.967462,138.962188,303
35.97291,138.991912,187
35.807973,139.472032,2432
35.807515,139.483993,509
35.802189,139.484239,538
35.799661,139.484308,767
35.815431,139.465873,2887
35.818984,139.471648,54
35.791435,139.475693,394
35.787735,139.474882,800
35.792291,139.470015,612
35.790124,139.471173,640
35.787558,139.471465,199
35.789674,139.464883,1021
35.789405,139.467363,813
35.787407,139.462876,624
35.796355,139.461009,827
35.789916,139.457607,1668
35.790653,139.461572,477
35.798808,139.463191,271
35.795881,139.466339,482
35.79342,139.466625,279
35.800008,139.453707,1623
35.801135,139.459722,471
35.80706,139.449444,4087
35.807156,139.441384,801
35.805472,139.444528,410
35.810899,139.447705,1001
35.81124,139.459592,1386
35.807344,139.457887,523
35.804016,139.461085,707
35.814263,139.454124,1260
35.810926,139.453396,575
35.793975,139.474728,403
35.795892,139.480745,603
35.789131,139.487928,3554
35.797371,139.491033,1066
35.787266,139.5028,3081
35.804109,139.491895,157
35.798046,139.501367,1024
35.79111,139.51043,1633
35.784603,139.470592,262
35.782766,139.467792,719
35.785492,139.467057,171
35.782132,139.478507,2662
35.780266,139.465324,2729
35.776084,139.448054,2081
35.775016,139.432594,7384
35.791435,139.442367,559
35.774572,139.421323,1415
35.796521,139.451409,3849
35.787021,139.436849,2597
35.792524,139.430284,1303
35.785853,139.422094,297
35.794894,139.416502,712
35.800715,139.42574,85
35.803136,139.438949,4921
35.811387,139.434926,1345
35.816088,139.44256,212
35.821665,139.44731,584
35.823222,139.464589,801
35.819424,139.460179,381
35.831734,139.467602,2024
35.820154,139.486859,868
35.81506,139.499072,1177
35.803089,139.5054,13
35.806633,139.505582,122
35.815854,139.52121,350
35.808889,139.517343,89
35.810253,139.535699,292
35.80176,139.529399,232
35.793145,139.521397,592
35.800937,139.513854,3301
35.794764,139.402177,1566
35.786944,139.393603,168
35.793064,139.391724,272
35.806207,139.420175,2202
35.80951,139.41508,1448
35.816068,139.430764,3253
35.801637,139.4067,971
35.806724,139.410594,1816
35.802405,139.391017,1347
35.774836,139.464171,1236
35.858999,139.31392,392
35.85742,139.31681,299
35.855781,139.3196,466
35.85751,139.324071,396
35.854255,139.323624,279
35.851373,139.323082,470
35.852907,139.317399,485
35.851679,139.314081,313
35.848462,139.318558,370
35.863713,139.304957,711
35.859614,139.31953,184
35.854721,139.312422,49
35.867914,139.320449,976
35.874406,139.268705,81
35.870281,139.265329,153
35.854983,139.299636,197
35.861629,139.272847,136
35.863743,139.290423,280
35.851844,139.327941,362
35.851278,139.331414,218
35.864142,139.336831,536
35.868102,139.340088,127
35.875581,139.327858,42
35.872565,139.346739,384
35.872497,139.357505,69
35.877173,139.363902,59
35.851194,139.344254,90
35.864783,139.361119,280
35.855344,139.339062,3307
35.861442,139.331391,486
35.86518,139.328898,301
35.841185,139.340033,1866
35.844098,139.331521,1187
35.844915,139.324633,1937
35.829486,139.329137,167
35.83468,139.320867,234
35.839141,139.314491,414
35.845362,139.314986,301
35.833033,139.3079,348
35.840991,139.29432,101
35.84266,139.284952,87
35.851776,139.273592,42
35.843758,139.265164,123
35.849182,139.246888,54
35.844028,139.228506,20
35.887608,139.272634,105
35.889901,139.260389,194
35.906818,139.262582,115
35.903108,139.245925,138
35.924162,139.235803,136
35.869218,139.224954,584
35.864208,139.251845,409
35.869609,139.238405,202
35.857998,139.211785,372
35.854861,139.225198,307
35.879681,139.248102,316
35.885897,139.233803,144
35.888294,139.222022,85
35.893143,139.201355,35
35.904679,139.230489,155
35.910611,139.211307,138
35.919997,139.201115,98
35.927633,139.214047,4
35.941947,139.215965,5
35.949631,139.197323,98
35.950794,139.176227,43
35.925298,139.17701,189
35.849375,139.305711,2084
35.867553,139.29048,349
35.840178,139.319931,219
35.908494,139.14996,368
35.868709,139.156359,347
35.85386,139.28698,67
36.125149,139.596159,309
36.125167,139.602332,217
36.122529,139.600967,168
36.118663,139.601322,866
36.121085,139.595424,324
36.124134,139.608341,661
36.118095,139.618029,1990
36.117173,139.607966,341
36.135983,139.581784,535
36.139476,139.593579,285
36.148453,139.591772,233
36.142587,139.578144,322
36.129611,139.59537,306
36.131627,139.597134,304
36.128028,139.600654,138
36.126851,139.605279,217
36.126425,139.610659,78
36.137707,139.605807,101
36.144418,139.609541,215
36.133952,139.598757,428
36.13389,139.615406,603
36.133585,139.623064,327
36.134872,139.633516,140
36.128563,139.590431,630
36.131419,139.586713,367
36.124428,139.586824,861
36.129918,139.576059,553
36.11064,139.65517,1004
36.112792,139.655393,219
36.107478,139.655777,33
36.112276,139.645718,468
36.116822,139.623525,199
36.120445,139.631768,458
36.108375,139.633653,1234
36.11098,139.63412,1509
36.107843,139.625776,19
36.098088,139.637403,679
36.092253,139.630039,125
36.08706,139.626596,48
36.083706,139.62293,93
36.093894,139.610378,95
36.10308,139.602374,97
36.102251,139.611859,119
36.10889,139.609095,377
36.103056,139.623292,208
36.096467,139.619893,175
36.148875,139.628862,292
36.160628,139.633981,230
36.160126,139.619965,149
36.158682,139.595427,126
36.153366,139.609243,104
36.133814,139.552824,462
36.126451,139.561299,291
36.126204,139.540741,240
36.136525,139.529888,218
36.179154,139.617541,590
36.17537,139.634181,112
36.121974,139.640033,28
36.104204,139.572497,1001
36.105862,139.580445,336
36.101508,139.563249,209
36.107047,139.546397,412
36.113336,139.552639,173
36.115938,139.537275,226
36.118417,139.553523,253
36.076926,139.579622,82
36.07888,139.568441,308
36.084304,139.553012,404
36.094898,139.558163,160
36.08909,139.571911,254
36.096254,139.574747,48
36.089783,139.589693,565
36.080495,139.592122,249
36.095711,139.597773,174
36.102921,139.585951,313
36.115191,139.591565,278
36.108558,139.589118,266
36.11088,139.573413,342
36.117985,139.570033,187
36.186635,139.638077,201
36.183077,139.657828,746
36.19361,139.662956,781
36.198935,139.66617,237
36.196912,139.681441,190
36.185644,139.681593,527
36.192192,139.682236,460
36.174682,139.685061,133
36.179871,139.67845,111
36.163093,139.688327,44
36.178441,139.663778,496
36.147437,139.690952,910
36.14332,139.690939,700
36.154537,139.688238,71
36.16422,139.666655,190
36.155235,139.673858,66
36.168879,139.651232,92
36.17412,139.64316,56
36.158712,139.655986,297
36.158978,139.648142,215
36.149342,139.649663,191
36.130308,139.672766,505
36.138438,139.670614,428
36.137298,139.684037,79
36.147397,139.658351,108
36.124564,139.66775,145
36.12137,139.662204,38
36.127057,139.64082,232
36.131088,139.655687,164
36.135125,139.650674,57
36.13959,139.651392,59
36.142014,139.634904,21
36.24339,139.180991,574
36.246943,139.182993,866
36.243127,139.187367,224
36.239561,139.184212,464
36.242309,139.192101,647
36.242729,139.197493,991
36.238771,139.202104,1202
36.234732,139.179354,210
36.239897,139.176022,618
36.235408,139.176089,431
36.235004,139.172309,713
36.24124,139.164687,817
36.247532,139.177968,1559
36.232509,139.208568,550
36.233835,139.1895,579
36.228303,139.185829,459
36.232738,139.181248,882
36.227639,139.172942,395
36.244352,139.201245,94
36.238742,139.206143,84
36.229962,139.196956,521
36.247629,139.193976,31
36.232732,139.215228,61
36.239655,139.211282,122
36.235668,139.22377,223
36.244315,139.230511,222
36.23986,139.239736,119
36.230166,139.233583,143
36.231692,139.241789,78
36.248092,139.213102,165
36.253274,139.22229,56
36.258454,139.202898,49
36.251229,139.200383,117
36.255415,139.193735,123
36.25649,139.174778,66
36.263081,139.18574,136
36.254722,139.183551,241
36.253906,139.172169,7
36.25071,139.159167,404
36.246088,139.160964,120
36.257619,139.168489,21
36.265886,139.172175,100
36.221787,139.19185,882
36.213744,139.183886,207
36.223717,139.203773,179
36.226142,139.213341,110
36.222926,139.174499,74
36.231302,139.166555,644
36.221632,139.168318,143
36.224763,139.154644,526
36.221799,139.143325,28
36.197988,139.127262,308
36.188879,139.148394,1792
36.191615,139.121393,717
36.179843,139.125546,112
36.175248,139.109396,150
36.178463,139.094831,140
36.180244,139.084854,161
36.187421,139.106737,168
36.203237,139.114327,69
36.196253,139.112727,126
36.166077,139.140479,309
36.158577,139.113756,250
36.135066,139.074365,97
36.150843,139.094402,66
36.160992,139.082071,31
36.165772,139.101543,56
36.209041,139.149762,302
36.2148,139.144415,71
36.216028,139.13564,96
36.208564,139.134686,192
36.199793,139.137865,461
36.201789,139.153432,169
36.212596,139.164828,181
36.217042,139.160312,39
36.252843,139.161555,281
36.227056,139.199922,171
36.218939,139.180828,274
36.181899,139.132783,326
36.042451,139.406384,411
36.030867,139.40491,871
36.036903,139.396357,1068
36.04037,139.402562,338
36.03933,139.39281,1541
36.044555,139.403053,381
36.046298,139.40084,318
36.039745,139.410079,521
36.050661,139.409594,980
36.067023,139.410516,1646
36.057818,139.390071,457
36.04471,139.387619,1063
36.051044,139.391332,360
36.034554,139.410435,342
36.036142,139.41466,221
36.033194,139.415033,351
36.030211,139.417206,767
36.033519,139.420275,323
36.028766,139.425274,340
36.058454,139.411837,399
36.058066,139.415729,596
36.044261,139.409211,233
36.078775,139.391435,1108
36.09337,139.402311,254
36.026027,139.361613,447
36.031982,139.377715,1497
36.014477,139.382766,106
36.016731,139.349934,204
36.033452,139.34101,684
36.035324,139.36247,111
36.00545,139.399613,624
36.00411,139.418032,40
35.998143,139.415257,226
35.994167,139.407961,286
35.992018,139.398881,404
35.98783,139.387106,165
36.003071,139.369568,340
36.008732,139.389135,508
35.996989,139.403787,33
35.992793,139.387718,450
35.995309,139.385177,326
35.988829,139.380812,356
35.994264,139.380687,649
36.035025,139.389352,410
36.032311,139.392323,402
36.030692,139.39913,534
36.021303,139.402073,661
36.021361,139.392475,194
36.014433,139.397199,43
36.00904,139.421618,44
36.009048,139.43169,159
36.011765,139.442158,307
36.024616,139.424008,432
36.027828,139.412243,765
36.016815,139.419091,632
36.001244,139.39668,582
36.042791,139.413113,141
36.004778,139.411275,308
36.049461,139.401748,432
35.980647,139.744012,1022
35.980996,139.752973,700
35.978242,139.751318,2765
35.98298,139.740972,291
35.979403,139.769379,3081
35.967766,139.767046,3122
35.967246,139.763332,2729
35.978034,139.739175,95
35.992798,139.739274,3
35.986918,139.748275,664
35.993998,139.723001,1418
35.980905,139.734502,10
35.986007,139.735881,1488
35.991681,139.765762,1259
35.994367,139.752014,2788
36.000553,139.767518,573
35.995464,139.779453,339
35.983414,139.77459,1386
35.984951,139.765745,493
35.987753,139.779573,95
35.951544,139.799684,448
35.959745,139.786991,347
35.967627,139.773277,3241
35.967731,139.783137,782
35.967768,139.775595,543
35.961734,139.791939,405
35.93667,139.767065,186
35.959521,139.770584,3651
35.953076,139.767712,1626
35.962735,139.765465,1898
35.960703,139.754618,257
35.952191,139.756982,598
35.956505,139.753954,222
35.94639,139.762832,2113
35.947143,139.773009,996
35.941597,139.774818,1903
35.944388,139.770255,3244
35.946097,139.751885,418
35.957782,139.746533,229
35.960188,139.738109,168
35.954648,139.740554,148
35.962311,139.731785,1681
35.956378,139.725205,252
35.962273,139.722132,990
35.965854,139.71674,498
35.96796,139.720975,455
35.966727,139.726214,1501
35.96808,139.730501,146
35.972162,139.730352,1337
35.976391,139.737377,347
35.977467,139.730204,140
35.970368,139.750368,1141
35.968123,139.755997,2247
35.969111,139.737972,2041
35.993064,139.744461,429
35.968091,139.796867,165
35.960054,139.806068,116
35.965827,139.812718,62
35.972504,139.805515,137
35.977404,139.808909,2285
35.971583,139.821171,978
35.979855,139.818068,1266
35.976289,139.790394,307
35.986417,139.789374,236
35.997414,139.788879,200
35.99902,139.80403,64
35.99116,139.801174,452
35.989471,139.810363,3124
35.98216,139.804095,1040
36.01716,139.798362,120
36.013737,139.787604,53
36.006727,139.78776,109
36.006527,139.800404,89
36.00576,139.810371,50
36.015177,139.809594,40
36.02384,139.806821,78
36.0304,139.811219,384
36.021338,139.813123,58
36.03215,139.804887,47
36.023039,139.784603,88
36.026878,139.792906,63
36.031265,139.798512,33
35.865983,139.427521,96
35.866738,139.417762,947
35.858006,139.427465,2624
35.843421,139.411674,1882
35.862153,139.411203,3509
35.850861,139.394416,1350
35.84187,139.398135,105
35.857207,139.41714,948
35.84717,139.421205,2705
35.84353,139.431595,4158
35.836023,139.428284,2642
35.832503,139.436362,5489
35.851276,139.449134,936
35.847065,139.463568,283
35.869764,139.458995,120
35.874623,139.449422,1418
35.865266,139.437364,366
35.870377,139.434196,1701
35.872455,139.416685,818
35.882401,139.424719,1167
35.890393,139.420372,7
35.885151,139.401895,4048
35.861509,139.393984,925
35.869734,139.389888,932
35.863826,139.383436,193
35.872798,139.385983,56
35.853778,139.383947,494
35.86721,139.377726,17
35.853824,139.369214,452
35.878859,139.440675,1500
35.851097,139.434312,3905
35.85811,139.398955,1536
35.854889,139.390539,1047
35.852013,139.378767,1439
36.172145,139.542043,663
36.169249,139.543473,1393
36.172153,139.528601,1145
36.178394,139.537992,599
36.180245,139.541037,1967
36.177979,139.527183,291
36.1691,139.549884,6
36.146047,139.519831,530
36.156671,139.512541,130
36.175784,139.503205,1168
36.139745,139.545618,259
36.14329,139.535581,74
36.148862,139.547739,398
36.147883,139.53188,286
36.15701,139.543191,119
36.15848,139.549872,162
36.165311,139.552241,157
36.167147,139.517358,504
36.162911,139.532882,272
36.159921,139.526036,281
36.154871,139.528339,169
36.174992,139.518566,221
36.185504,139.523462,196
36.191021,139.546359,191
36.188204,139.534496,337
36.180778,139.514529,106
36.18062,139.572154,284
36.193766,139.562879,236
36.182342,139.555635,707
36.176464,139.560979,258
36.189721,139.554189,106
36.168895,139.558837,143
36.158291,139.560036,283
36.154782,139.574391,423
36.162447,139.578029,190
36.142546,139.561868,199
36.143878,139.569822,107
36.16778,139.581674,76
36.173112,139.603506,275
36.182443,139.588517,268
36.17248,139.584707,149
36.177497,139.594816,59
36.16869,139.595227,15
36.194471,139.574611,155
36.199844,139.582318,217
36.204034,139.589972,74
36.201177,139.598119,55
36.192594,139.599948,74
36.151426,139.559047,295
36.149155,139.561389,324
36.146759,139.556183,280
36.148623,139.554302,188
36.050512,139.522837,1434
36.054738,139.515351,1552
36.063693,139.511516,124
36.062942,139.508212,312
36.067118,139.50701,530
36.066307,139.515593,777
36.064896,139.517599,763
36.058181,139.525189,711
36.053344,139.51379,142
36.068659,139.517641,447
36.059245,139.528449,58
36.065615,139.523104,265
36.067159,139.52531,548
36.062144,139.529419,633
36.080532,139.491506,1886
36.088337,139.470673,119
36.092657,139.473593,145
36.094566,139.479867,91
36.084273,139.497613,138
36.076542,139.507911,109
36.076104,139.499228,409
36.07171,139.504094,750
36.080097,139.48429,188
36.085184,139.482632,2050
36.061043,139.507166,261
36.057685,139.497721,240
36.057579,139.491327,90
36.06704,139.493234,586
36.07084,139.488906,1231
36.063884,139.48264,355
36.062891,139.50133,1190
36.062283,139.496522,252
36.064248,139.499146,219
36.060696,139.497499,59
36.039597,139.508049,848
36.048722,139.500118,800
36.056503,139.509011,429
36.043417,139.522296,946
36.044302,139.519294,1499
36.066395,139.55401,521
36.073921,139.537902,311
36.076842,139.522664,119
36.045422,139.56073,202
36.051786,139.548371,353
36.057852,139.537738,482
36.058008,139.541212,39
36.05082,139.512274,531
36.100786,139.461182,351
36.105035,139.456656,927
36.101567,139.449962,570
36.093247,139.454404,46
36.099901,139.454946,1836
36.094025,139.445285,579
36.104287,139.442498,258
36.101407,139.442533,112
36.102054,139.438756,55
36.109844,139.438889,570
36.113981,139.440839,587
36.108398,139.454058,477
36.112673,139.450603,400
36.106293,139.465664,1165
36.099167,139.473815,491
36.09187,139.464274,472
36.089765,139.456192,291
36.084688,139.459848,55
36.081755,139.457387,326
36.119999,139.513521,124
36.114227,139.524432,116
36.105957,139.513278,636
36.100408,139.529572,149
36.096396,139.533879,107
36.098449,139.54826,88
36.090181,139.538598,195
36.089158,139.511938,1125
36.113537,139.513558,165
36.08406,139.476919,316
36.090685,139.472136,280
36.201412,139.285664,31
36.192355,139.284985,368
36.203995,139.28669,264
36.187489,139.287795,654
36.204462,139.282484,438
36.202447,139.278902,567
36.202177,139.27295,679
36.203305,139.269278,240
36.190976,139.266529,455
36.193032,139.266194,183
36.190971,139.257664,998
36.208051,139.263871,41
36.190157,139.289654,142
36.168615,139.269927,1263
36.179875,139.26017,393
36.172279,139.253588,286
36.165865,139.238486,224
36.155487,139.246981,627
36.153728,139.263161,263
36.162245,139.285115,579
36.17902,139.282432,3942
36.182836,139.287639,268
36.184415,139.285215,190
36.195689,139.323509,2652
36.20063,139.301845,1201
36.191148,139.298024,627
36.209361,139.331158,38
36.184581,139.311531,69
36.196685,139.299092,778
36.209749,139.304891,261
36.206106,139.317803,62
36.211921,139.320836,166
36.219515,139.319064,284
36.214594,139.324825,30
36.21775,139.331282,80
36.226759,139.329827,185
36.229589,139.320773,127
36.224414,139.309604,64
36.217821,139.306177,314
36.214083,139.292966,148
36.218111,139.28263,183
36.219699,139.270326,157
36.220151,139.258371,223
36.213892,139.266172,45
36.211139,139.271871,77
36.206228,139.266617,17
36.211908,139.278962,217
36.228627,139.289804,534
36.235362,139.30069,216
36.222947,139.293895,173
36.233563,139.258351,147
36.233584,139.25118,69
36.237121,139.254506,45
36.241456,139.252673,203
36.227665,139.248948,168
36.228805,139.261179,179
36.23293,139.270698,371
36.225682,139.273204,70
36.241885,139.280086,474
36.194279,139.274532,304
36.196099,139.278649,144
36.197684,139.28322,190
36.197262,139.286201,171
36.19278,139.288903,555
36.18703,139.31746,1228
36.190933,139.30738,178
36.200772,139.289633,166
36.180294,139.296601,2105
36.180443,139.310986,1820
36.203878,139.290419,172
36.190351,139.281344,224
36.19819,139.276294,300
36.195361,139.269161,140
36.215127,139.235038,1693
36.207144,139.246908,700
36.194995,139.249214,677
36.211058,139.242247,263
36.215304,139.20628,261
36.204379,139.203808,238
36.195658,139.214327,76
36.205786,139.219515,246
36.213926,139.219408,87
36.2232,139.222261,111
36.172373,139.211309,441
36.182157,139.210653,202
36.184263,139.226728,355
36.19652,139.230922,317
36.170527,139.231446,136
36.148796,139.271826,278
36.141299,139.274161,837
36.149341,139.292722,623
36.139037,139.292255,259
36.146982,139.307508,277
36.13987,139.305105,57
36.121415,139.292727,849
36.125259,139.267574,484
36.141818,139.21873,1163
36.12846,139.226757,1588
36.126091,139.241349,241
36.128681,139.252349,407
36.137276,139.25414,510
36.14398,139.251644,92
36.23423,139.31926,43
36.144736,139.28365,195
36.130238,139.217228,96
35.987769,139.580103,1857
35.977023,139.589295,1063
35.975091,139.591234,480
35.972504,139.592099,831
35.966699,139.599479,1670
35.962079,139.601148,554
35.96786,139.610218,487
35.973567,139.605774,989
35.98486,139.592431,2387
35.978897,139.58074,1213
35.975636,139.58569,2615
35.971444,139.586876,1024
35.96841,139.583006,1085
35.985535,139.578394,232
35.986371,139.600784,77
35.987552,139.596744,727
35.970376,139.612544,803
35.948038,139.550152,1691
35.944444,139.55978,850
35.944978,139.567265,400
35.935136,139.56113,147
35.937043,139.554026,40
35.963672,139.623279,123
35.966047,139.625026,6065
35.972149,139.62083,230
35.961123,139.646092,4996
35.965847,139.619792,362
35.98548,139.57017,1561
35.976369,139.572851,1697
35.97364,139.57625,759
35.992892,139.561718,1437
35.990029,139.55405,945
35.968488,139.563807,845
35.976429,139.561544,2366
35.983377,139.554214,640
35.985179,139.543195,474
35.961793,139.558268,5506
35.963336,139.546919,780
35.971053,139.542218,440
35.999573,139.576343,4248
35.994152,139.580368,382
35.995742,139.584297,429
36.002941,139.584483,324
35.996915,139.590854,220
36.006638,139.590461,314
36.001082,139.602248,163
35.986735,139.607967,2020
35.998249,139.59944,223
35.988611,139.588523,475
35.949679,139.572552,668
35.955554,139.573397,675
35.965021,139.572153,997
35.968932,139.572769,390
35.957698,139.575243,206
35.9557,139.586427,1093
35.945731,139.578474,91
35.948587,139.587205,511
35.943557,139.594717,264
35.965362,139.576765,219
35.96496,139.588617,1527
35.961045,139.583567,1918
35.965865,139.581061,366
35.979752,139.603435,1509
35.991664,139.585041,808
35.828064,139.805295,1697
35.831176,139.809427,1061
35.834368,139.805629,689
35.820792,139.808712,2626
35.825711,139.79935,4044
35.82876,139.791306,2670
35.834532,139.798441,1839
35.846224,139.8013,2477
35.843145,139.789575,3763
35.84056,139.808708,1074
35.828463,139.810014,913
35.821919,139.817132,1683
35.811769,139.796311,3634
35.807717,139.798121,1590
35.811743,139.792821,681
35.812513,139.789759,1066
35.812409,139.78677,360
35.812842,139.784369,606
35.813354,139.779661,2143
35.820694,139.786437,1500
35.819339,139.776632,1360
35.853502,139.808885,2711
35.846653,139.817905,2081
35.847665,139.804391,1602
35.850673,139.792007,2819
35.855999,139.792047,2375
35.857796,139.784197,399
35.863196,139.770613,1239
35.852858,139.785748,304
35.848693,139.785498,1394
35.860264,139.819671,4920
35.849922,139.815302,31
35.86419,139.83069,707
35.838812,139.823114,2550
35.837939,139.792006,2122
35.83278,139.784009,954
35.837293,139.780035,936
35.842006,139.781008,2059
35.846439,139.786798,8
35.847039,139.775864,1100
35.815282,139.806652,4408
35.856905,139.780277,1589
35.854667,139.773096,1343
35.853506,139.779358,1125
35.91931,139.783522,1943
35.927125,139.785961,2976
35.931951,139.785227,1296
35.938319,139.786844,1969
35.943016,139.781366,498
35.948455,139.786572,2444
35.920684,139.792086,1753
35.919089,139.801874,201
35.927169,139.807836,304
35.929321,139.804858,223
35.931347,139.802543,370
35.935011,139.806092,68
35.936989,139.798614,775
35.915563,139.797976,1307
35.903319,139.790899,200
35.911885,139.811082,679
35.899316,139.816367,457
35.890693,139.831469,30
35.89082,139.835457,142
35.893607,139.805664,5349
35.906412,139.814799,167
35.898307,139.825962,264
35.906358,139.795295,2741
35.925864,139.769907,1466
35.921336,139.765507,492
35.922267,139.760241,719
35.930191,139.755813,360
35.940214,139.757524,207
35.924095,139.775598,4438
35.91217,139.776085,1450
35.910774,139.782284,1905
35.930295,139.764499,5340
35.922214,139.748479,116
35.918062,139.752208,132
35.912082,139.758774,288
35.907084,139.766292,2958
35.889862,139.754878,340
35.886344,139.762045,130
35.884207,139.751185,58
35.890536,139.773318,3143
35.893964,139.764394,2023
35.88291,139.772122,1066
35.87027,139.77038,2128
35.864938,139.775464,1258
35.873365,139.762898,452
35.860683,139.790684,403
35.886638,139.791642,2125
35.87332,139.792534,4155
35.862967,139.80494,900
35.873331,139.79849,1357
35.87203,139.802866,1238
35.867645,139.794337,1192
35.867677,139.799198,576
35.863828,139.797297,358
35.863219,139.790388,888
35.866663,139.802564,2503
35.857857,139.80006,447
35.857505,139.804063,548
35.866982,139.789192,986
35.860907,139.809955,747
35.873676,139.810268,1849
35.884673,139.798127,656
35.879462,139.799001,850
35.887083,139.813091,1835
35.891992,139.819079,1500
35.873304,139.836007,798
35.915448,139.789852,1781
35.902501,139.782478,2131
35.899028,139.776939,2494
35.900435,139.790756,549
35.887595,139.788893,759
35.896664,139.787423,102
35.895051,139.790103,150
35.894712,139.784594,199
35.892785,139.785629,157
35.88919,139.786446,377
35.884299,139.786454,324
35.88155,139.786419,293
35.882441,139.779478,4606
35.902049,139.795151,396
35.90979,139.793262,2953
35.935294,139.780843,1324
35.886637,139.784966,329
35.882378,139.820898,3179
35.87489,139.781834,903
35.824434,139.673057,2865
35.833076,139.672136,3610
35.82214,139.689465,6518
35.82039,139.692988,3743
35.821718,139.702514,4739
35.813098,139.696636,2211
35.805577,139.694737,1460
35.8126,139.691546,1988
35.816043,139.683419,1173
35.81024,139.685029,2584
35.802787,139.689644,1492
35.804852,139.678121,3467
35.805386,139.67305,1184
35.80288,139.667685,72
35.814304,139.67989,2763
35.820124,139.673657,691
35.805769,139.667945,1978
35.806489,139.65734,788
35.817591,139.668919,5083
35.810215,139.651954,787
35.823505,139.654951,506
35.804155,139.651067,129
35.816513,139.642951,3779
35.827864,139.658908,28
35.822787,139.646655,2579
35.826907,139.654061,326
35.83139,139.652084,479
35.82551,139.397661,228
35.837863,139.38866,2853
35.827583,139.380348,1687
35.820939,139.387126,63
35.82749,139.400457,2642
35.830206,139.391066,1622
35.828548,139.395041,1992
35.836246,139.408893,12
35.845605,139.390534,648
35.842854,139.38782,242
35.848411,139.379816,1184
35.845386,139.380492,495
35.845224,139.373999,1003
35.832237,139.379137,2173
35.836532,139.40115,795
35.839848,139.37282,234
35.822404,139.381568,1422
35.833928,139.374084,268
35.837503,139.375191,79
35.822456,139.373802,2020
35.823443,139.362064,1355
35.812759,139.368356,6
35.806419,139.32322,210
35.810073,139.327628,1033
35.811498,139.334063,632
35.815942,139.337499,126
35.815807,139.342049,181
35.811404,139.348046,158
35.823281,139.348766,84
35.817328,139.354433,265
35.81855,139.358157,99
35.793664,139.379464,2867
35.796814,139.35861,510
35.80238,139.359227,23
35.815071,139.392965,3173
35.821697,139.407394,4137
35.81962,139.414186,3686
35.83676,139.357424,2931
35.845952,139.353107,2971
35.855507,139.356125,1146
35.809963,139.337753,202
35.81376,139.328419,195
35.811146,139.363388,444
35.801545,139.594647,3679
35.794884,139.602568,1135
35.788623,139.595144,2796
35.788605,139.588472,1740
35.799509,139.580563,3243
35.806544,139.592583,3460
35.80841,139.587722,97
35.81459,139.597606,9
35.81074,139.611762,6
35.783533,139.591513,2
35.796832,139.60885,4617
35.810022,139.602279,1991
35.811275,139.583816,917
35.814813,139.58405,532
35.810672,139.578005,4651
35.807813,139.581005,1549
35.820281,139.58742,509
35.817679,139.585505,596
35.819684,139.596742,781
35.819874,139.602212,35
35.824771,139.599,173
35.827272,139.610073,388
35.817246,139.617719,147
35.819291,139.582047,2735
35.822048,139.591613,2770
35.815831,139.607826,791
35.792122,139.594551,70
35.825586,139.579944,5055
35.834736,139.575437,4179
35.822084,139.568516,3311
35.848434,139.58641,2671
35.842864,139.589925,3240
35.83055,139.59236,1628
35.828285,139.559167,3005
35.788106,139.630037,5885
35.774924,139.609738,2267
35.781011,139.617578,541
35.792415,139.612264,3925
35.787213,139.606648,2688
35.776606,139.618262,49
35.780121,139.601487,460
35.779344,139.607477,871
35.775281,139.616617,366
35.784939,139.61633,1461
35.795239,139.634011,3059
35.775021,139.569843,1016
35.77314,139.580667,3158
35.771911,139.561712,558
35.765217,139.569008,2246
35.765663,139.55868,3198
35.781363,139.555134,473
35.763859,139.549927,4020
35.773642,139.552016,3145
35.77656,139.556716,649
35.770319,139.527836,3158
35.780997,139.545325,1794
35.794505,139.550204,512
35.792422,139.541291,581
35.780364,139.566619,1709
35.790065,139.57265,2838
35.808533,139.554194,2463
35.821115,139.555556,2861
35.792127,139.55699,9662
35.816837,139.543404,255
35.81427,139.565791,1975
35.810017,139.570221,2280
35.819015,139.573643,2093
35.780841,139.579931,171
35.997663,139.570839,576
36.006755,139.557507,800
35.996398,139.568194,470
36.006064,139.563924,1031
36.002651,139.566568,688
35.989609,139.57426,401
36.008191,139.568171,1419
36.004063,139.55483,1364
35.998179,139.561346,1532
35.995474,139.55699,1064
35.991918,139.567405,1414
36.005872,139.542371,2861
35.993922,139.548914,752
35.997139,139.548218,1758
36.010513,139.577909,843
36.015558,139.568503,904
36.016279,139.578555,1850
36.02283,139.563928,1597
36.035222,139.569544,50
36.029759,139.579619,54
36.025828,139.580174,58
36.020804,139.586535,249
36.014425,139.589107,615
35.989649,139.526514,2284
36.059442,139.68545,76
36.066491,139.685398,1869
36.060691,139.695397,210
36.06738,139.703782,87
36.07695,139.703739,762
36.074461,139.69527,132
36.073808,139.684675,1378
36.078685,139.675063,502
36.075478,139.664623,89
36.076221,139.662835,276
36.069318,139.657144,153
36.061215,139.656858,528
36.04721,139.640234,291
36.044434,139.648652,134
36.040343,139.652456,182
36.051439,139.667721,747
36.055678,139.674369,669
36.045989,139.679056,157
36.081874,139.637056,239
36.080032,139.646967,403
36.07912,139.625037,272
36.063735,139.645575,177
36.073356,139.651832,313
36.055563,139.682985,2934
36.068231,139.676979,1218
36.058758,139.673678,1202
36.065463,139.66765,2108
36.072193,139.65964,589
36.077086,139.671689,1298
36.073103,139.706968,1132
36.068038,139.695795,2154
36.080619,139.608378,2002
36.070973,139.58378,694
36.070232,139.623542,1174
36.055822,139.630101,401
36.044018,139.633803,69
36.064182,139.570276,789
36.042087,139.580645,645
36.05174,139.566073,305
36.04785,139.601131,195
36.052668,139.610397,198
36.125228,139.70349,225
36.1289,139.687626,130
36.12388,139.696337,305
36.120395,139.686989,323
36.114307,139.676781,433
36.110758,139.684452,53
36.118393,139.716145,361
36.105947,139.716834,96
36.115967,139.702725,123
36.110256,139.698739,79
36.104562,139.696019,57
36.101592,139.707997,39
36.112749,139.71054,2146
36.140489,139.697025,562
36.136598,139.696505,471
36.129776,139.710112,1904
36.12985,139.695126,343
36.135319,139.689478,1127
36.081027,139.658066,161
36.092823,139.65049,292
36.093901,139.654583,595
36.087371,139.654667,350
36.090324,139.661747,1182
36.102969,139.657546,751
36.090248,139.647253,660
36.103399,139.675934,216
36.105556,139.685083,290
36.094217,139.685819,491
36.092771,139.673195,432
36.083413,139.683212,112
36.078624,139.689963,259
36.096593,139.659142,397
36.097038,139.654785,192
36.099351,139.669568,1569
36.089885,139.683362,3195
36.09578,139.662396,58
36.086254,139.676885,906
36.043601,139.531215,2250
36.048138,139.534552,977
36.042729,139.541474,1194
36.034815,139.540076,899
36.025773,139.542326,1577
36.029066,139.552983,2303
36.035086,139.559497,1043
36.015657,139.548032,1724
36.042645,139.547296,250
36.033182,139.551959,53
36.034243,139.545971,165
36.028799,139.533287,670
36.024991,139.525046,1343
36.031964,139.520526,1772
36.022657,139.538048,871
36.000587,139.50492,474
36.013198,139.52211,1160
36.012672,139.54147,9
36.01549,139.539466,631
36.010175,139.512417,490
36.032588,139.504027,714
36.016254,139.533131,1185
36.019879,139.534213,771
35.847312,139.836839,1854
35.830547,139.839469,1796
35.826306,139.83657,141
35.835569,139.832112,5
35.830756,139.829203,806
35.839047,139.831673,274
35.822116,139.845633,952
35.818005,139.854892,1096
35.813264,139.858183,1429
35.809503,139.855823,1074
35.80125,139.854437,1122
35.797424,139.852819,718
35.801851,139.839411,625
35.82049,139.825027,115
35.822057,139.842981,181
35.806476,139.835995,339
35.805735,139.827955,1878
35.797882,139.826936,943
35.81662,139.820679,599
35.822133,139.822292,352
35.829123,139.817595,1215
35.821944,139.837421,1386
35.815504,139.831927,3002
35.825507,139.834613,2469
35.806173,139.84966,1142
35.805673,139.841633,171
35.854465,139.553403,1340
35.866087,139.540503,675
35.859505,139.521395,1797
35.861349,139.525064,1578
35.840767,139.562109,2375
35.831074,139.549126,9
35.876883,139.553313,359
35.862016,139.557,504
35.854825,139.570039,480
35.863787,139.576403,182
35.860442,139.547314,894
35.851702,139.549609,715
35.857174,139.533247,1648
35.853794,139.543073,2216
35.849606,139.544113,1887
35.852207,139.533888,1775
35.850045,139.538218,1561
35.845689,139.533633,2427
35.83792,139.542993,3071
35.842163,139.558342,488
35.840889,139.552141,1790
35.838204,139.548247,1485
35.839539,139.578189,1827
35.832797,139.560138,208
35.847874,139.563671,557
35.833489,139.554313,1390
35.865458,139.565577,59
35.862853,139.872098,643
35.865387,139.887121,156
35.862291,139.890314,92
35.862547,139.882884,106
35.861476,139.893536,108
35.85917,139.891102,7
35.847038,139.875247,123
35.847176,139.877909,45
35.839104,139.874963,167
35.837655,139.879508,742
35.833125,139.884812,184
35.826308,139.881597,233
35.841856,139.871257,26
35.845524,139.864293,257
35.847197,139.865334,62
35.826557,139.883772,156
35.789121,139.886149,926
35.785277,139.875225,2854
35.796373,139.866598,195
35.80478,139.86096,5245
35.825871,139.870061,1124
35.834666,139.867331,236
35.827207,139.8546,281
35.829448,139.852128,222
35.832747,139.851991,486
35.836185,139.85116,273
35.838828,139.849379,226
35.841328,139.848265,332
35.849737,139.863088,6
35.849989,139.853644,324
35.857195,139.85603,7132
35.856439,139.849033,134
35.859174,139.848226,286
35.859306,139.861821,114
35.846976,139.847772,545
35.843917,139.848123,229
35.813929,139.885549,1635
35.814055,139.876555,923
35.856607,139.88989,6061
35.841792,139.885528,1621
35.803563,139.879484,2680
35.851016,139.868651,2456
35.849107,139.865085,4
35.86091,139.864712,363
35.823018,139.875534,2578
35.842208,139.855818,38
35.839578,139.861079,459
35.981925,139.652187,124
35.981614,139.649198,361
35.978129,139.647897,451
35.984635,139.648403,399
35.986029,139.654385,400
35.989259,139.653915,1165
35.981835,139.657841,1521
35.970604,139.646493,128
35.964686,139.652422,67
36.005599,139.641448,1842
36.018492,139.645605,177
35.992707,139.672338,2246
35.980004,139.680352,144
35.99537,139.686517,615
36.008615,139.659897,293
36.000576,139.657963,74
35.978262,139.667667,199
36.025756,139.639396,665
36.022722,139.627213,493
36.014913,139.622663,289
36.026445,139.614886,309
36.03033,139.601626,282
35.990375,139.658005,1297
35.984537,139.662138,758
35.982335,139.645164,380
36.003677,139.650851,1214
35.999785,139.651661,592
35.978259,139.662953,452
35.985978,139.644488,235
35.970581,139.65347,1143
35.974315,139.6621,1579
35.98332,139.666019,759
35.958938,139.453698,408
35.949761,139.443476,735
35.966103,139.45012,289
35.974397,139.445708,288
35.965901,139.433903,216
35.954102,139.44828,910
35.975236,139.416871,2090
35.988709,139.416761,174
35.986395,139.432269,198
35.96861,139.424458,891
35.960983,139.427798,176
35.958682,139.393384,666
35.961038,139.394724,690
35.963346,139.395359,617
35.965805,139.396939,672
35.953126,139.385454,547
35.956367,139.387834,601
35.95952,139.387364,495
35.969258,139.388491,1008
35.95455,139.391484,329
35.95503,139.395866,421
35.973253,139.400178,517
35.969074,139.398325,617
35.97071,139.393688,881
35.975781,139.396671,881
35.974011,139.390439,1457
35.966836,139.405237,221
35.963967,139.40251,639
35.963173,139.407684,657
35.960203,139.399801,277
35.95892,139.40135,377
35.950767,139.404477,1666
35.959594,139.41824,2444
35.952029,139.37716,326
35.954994,139.382598,430
35.981383,139.396652,170
35.977284,139.40533,755
35.965362,139.370015,181
35.96512,139.365385,194
35.965293,139.35727,155
35.962144,139.356036,257
35.968066,139.35744,39
35.96884,139.352142,47
35.973395,139.359298,75
35.975596,139.366799,20
35.976445,139.371976,22
35.977876,139.377496,57
35.981981,139.386417,42
35.980411,139.390558,19
35.973187,139.382936,106
35.962522,139.380996,111
35.965275,139.377241,69
35.961006,139.36668,142
35.957822,139.372122,231
35.939736,139.357734,493
35.926034,139.335627,276
35.931223,139.35073,145
35.947903,139.366063,190
35.945544,139.362475,95
35.951233,139.360381,71
35.95716,139.363556,106
35.929276,139.334687,1565
35.950798,139.371139,1006
35.972058,139.377002,1446
35.968864,139.402919,85
36.077618,139.711238,2178
36.084338,139.718903,1136
36.073618,139.711993,1386
36.074418,139.72959,674
36.071629,139.72368,2311
36.06532,139.723907,1043
36.08608,139.715381,435
36.090478,139.721658,128
36.081166,139.697564,172
36.082742,139.706222,438
36.091636,139.703153,643
36.092564,139.710923,215
36.098442,139.711266,233
36.096019,139.719138,85
36.103517,139.723916,126
36.066841,139.718467,346
36.061324,139.713344,658
36.09303,139.726176,144
36.080327,139.739355,179
36.073965,139.744218,186
36.077931,139.753806,138
36.061359,139.773348,404
36.055433,139.779487,15
36.070558,139.768494,69
36.076332,139.765423,61
36.068442,139.760312,194
36.085654,139.775462,45
36.067317,139.783441,13
36.077564,139.779343,6
36.06084,139.783946,65
36.049275,139.741712,30
36.04698,139.737876,216
36.059194,139.725544,21
36.053461,139.726139,61
36.061206,139.726497,13
36.067296,139.732366,119
36.054834,139.733719,253
36.064221,139.735237,74
36.061133,139.745662,76
36.061444,139.756203,68
36.055153,139.758643,70
36.048784,139.767,62
36.059372,139.721216,1592
36.085587,139.695439,1135
35.940786,139.39149,1799
35.951303,139.394271,2062
35.946885,139.39962,135
35.930426,139.37954,448
35.943627,139.379336,1343
35.950545,139.382196,213
35.938632,139.368773,593
35.93099,139.36589,187
35.927297,139.358546,244
35.929818,139.390914,366
35.924208,139.400149,510
35.939259,139.405036,3161
35.941165,139.416517,2989
35.94563,139.422091,945
35.950958,139.413998,2951
35.933811,139.415314,1280
35.926924,139.41233,1506
35.925294,139.409025,836
35.93268,139.37118,1015
35.921117,139.386874,22
35.922648,139.39187,70
35.880863,139.316187,129
35.886255,139.321577,333
35.886579,139.329074,109
35.900872,139.320671,413
35.895946,139.313074,119
35.894877,139.307125,66
35.890995,139.298626,182
35.878524,139.308123,148
35.883095,139.301296,201
35.885998,139.285754,229
35.904897,139.344657,1461
35.899688,139.348412,896
35.884492,139.340689,518
35.890873,139.346146,640
35.895669,139.353245,1310
35.887989,139.333733,193
35.89366,139.329469,115
35.911152,139.336335,560
35.91035,139.318012,211
35.919249,139.347387,187
35.919075,139.322462,32
35.904913,139.348063,45
35.900269,139.378279,3041
35.892315,139.391764,139
35.883022,139.378802,150
35.874806,139.377488,82
35.876615,139.385153,115
35.873426,139.370619,37
35.885689,139.367924,319
35.88986,139.359107,591
35.905301,139.36154,24
35.921519,139.362159,285
35.917153,139.373854,247
35.914784,139.379934,92
35.91196,139.361925,671
35.87399,139.289761,877
35.879615,139.301133,1906
35.910839,139.381372,1001
35.897422,139.333801,256
35.894165,139.336234,411
35.892535,139.333968,34
35.932193,139.848687,437
35.923176,139.859241,158
35.916147,139.865305,170
35.909702,139.866651,100
35.906268,139.848841,687
35.918953,139.84684,107
35.921654,139.83888,34
35.869425,139.875583,51
35.871799,139.888047,319
35.877215,139.883206,182
35.880228,139.884855,102
35.883067,139.884924,142
35.887279,139.882459,266
35.892388,139.878495,40
35.892342,139.88471,44
35.896644,139.870941,65
35.898019,139.872786,26
35.903007,139.86175,182
35.903608,139.869111,23
35.89834,139.863245,49
35.898004,139.85934,6
35.893287,139.864571,117
35.889619,139.872605,35
35.884654,139.874007,35
35.883866,139.868863,90
35.883888,139.863432,19
35.874606,139.87219,23
35.898723,139.880048,47
35.906861,139.874094,58
35.898249,139.834437,106
35.898524,139.846753,79
35.896144,139.846265,9
35.895017,139.847423,12
35.894241,139.841551,963
35.891486,139.853989,1229
35.884246,139.844505,364
35.888626,139.855053,935
35.879637,139.844925,603
35.882566,139.851761,1941
35.875023,139.842353,369
35.871665,139.842478,638
35.875496,139.867236,10
35.86737,139.841945,790
35.872355,139.86242,28
35.863508,139.841931,728
35.869149,139.865744,175
35.861003,139.842441,313
35.875167,139.859116,91
35.878058,139.856528,231
35.882107,139.858052,792
35.892086,139.845996,1326
35.878545,139.841121,180
35.886432,139.854328,1396
35.890515,139.861283,437
35.898915,139.853055,1917
35.868621,139.854332,1949
35.888903,139.52119,170
35.886016,139.520686,174
35.882478,139.519299,434
35.876629,139.545628,243
35.881005,139.523618,225
35.871456,139.533261,31
35.877568,139.535254,234
35.871294,139.530599,70
35.871859,139.537435,143
35.874205,139.541266,151
35.869847,139.522699,640
35.869796,139.526912,644
35.867579,139.522781,573
35.869877,139.538899,398
35.865686,139.523383,262
35.871514,139.522276,430
35.874987,139.513205,2800
35.869843,139.507786,1027
35.879619,139.512755,1008
35.877809,139.51533,871
35.87169,139.518817,661
35.868922,139.518597,1015
35.867259,139.512019,252
35.865305,139.517769,491
35.873915,139.51012,1685
35.875874,139.518418,1458
35.879334,139.526661,312
35.875203,139.523784,450
35.874637,139.526986,327
35.873059,139.528081,210
35.872328,139.530366,335
35.876955,139.531256,165
35.877233,139.528542,210
35.875286,139.532539,71
35.874043,139.533041,311
35.873141,139.5374,135
35.877035,139.532503,32
35.886601,139.516095,566
35.848383,139.518506,1168
35.859887,139.529928,1487
35.850786,139.505155,1245
35.862692,139.514634,830
35.85869,139.491144,1760
35.865382,139.497222,2029
35.865926,139.51272,655
35.85087,139.492973,697
35.862067,139.49515,130
35.863106,139.502506,573
35.860503,139.499019,553
35.864297,139.51346,579
35.85195,139.520414,393
35.857795,139.521891,161
35.855869,139.517759,185
35.856606,139.523084,630
35.855435,139.524562,1106
35.856557,139.506854,1073
35.861624,139.51001,1079
36.007786,139.689915,318
36.004221,139.67804,299
36.013785,139.675773,833
36.010282,139.667347,3522
36.023673,139.682889,934
36.017633,139.693735,453
36.022971,139.698993,331
36.00441,139.705103,450
36.000764,139.698963,177
36.032542,139.656309,1044
36.042994,139.664105,150
36.03651,139.680704,611
36.032909,139.675372,2736
36.025823,139.671127,129
36.021904,139.661178,239
36.018875,139.660981,1742
36.013169,139.654624,118
36.012761,139.651611,287
36.015274,139.651452,216
36.019224,139.65429,176
36.018502,139.651583,232
36.022698,139.654375,123
36.022523,139.651162,207
36.025343,139.654161,242
36.02872,139.653183,181
36.02623,139.650721,265
36.035129,139.617156,193
36.040122,139.620784,141
36.039059,139.632913,240
35.982805,139.623446,4757
36.005548,139.616377,1197
36.011719,139.607837,115
36.010219,139.596031,414
36.020352,139.610052,7
35.982169,139.640837,1786
36.005196,139.604134,1154
35.997817,139.628224,917
36.010417,139.602292,95
36.009347,139.611835,759
36.017313,139.604959,1065
36.024582,139.59677,1257
35.841226,139.493884,1578
35.836572,139.516,2347
35.83169,139.532892,6967
35.832814,139.544878,722
35.825477,139.542404,1293
35.942054,139.305452,959
35.935191,139.308618,280
35.934025,139.314595,338
35.950284,139.3254,151
35.953007,139.31839,62
35.939847,139.280893,229
35.928481,139.283905,203
35.922662,139.294975,226
35.924924,139.317469,161
35.908984,139.281806,5
35.912339,139.299974,14
35.950131,139.336808,490
35.965119,139.345747,67
35.95747,139.34779,102
35.950761,139.353953,342
35.94392,139.345048,504
35.935297,139.346033,524
35.957909,139.334808,315
35.958794,139.320726,55
35.938334,139.334584,176
35.959993,139.322801,814
35.94279,139.328625,864
35.945163,139.32669,1381
35.941516,139.320498,1025
35.937228,139.326287,1018
35.943221,139.310233,604
35.948349,139.309384,346
35.949295,139.315646,442
35.961738,139.291763,599
35.960366,139.301663,550
35.954822,139.28818,663
35.956936,139.306634,296
35.966132,139.31127,291
35.970319,139.301052,227
35.980728,139.297066,76
35.984159,139.285787,103
35.982958,139.276078,79
35.975167,139.285171,142
35.967507,139.290662,187
35.966504,139.280162,104
35.964702,139.256278,191
35.951903,139.266114,145
35.937484,139.248254,97
35.954239,139.237876,41
35.967866,139.234893,32
35.978515,139.257819,108
35.971658,139.264031,67
36.09084,139.353048,458
36.07979,139.372322,206
36.098507,139.362101,118
36.088173,139.330702,301
36.06506,139.345899,107
36.072512,139.336108,152
36.056932,139.340957,63
36.045988,139.353293,1038
36.043494,139.349842,1407
36.05635,139.360893,1024
36.041166,139.36594,225
36.043297,139.37662,450
36.086202,139.340822,37
36.03668,139.323707,1134
36.049522,139.33553,812
36.054456,139.308936,967
36.045966,139.307667,349
36.038091,139.298409,23
36.037122,139.312014,246
36.022799,139.315353,254
36.028389,139.327272,167
36.025969,139.336108,19
36.015393,139.332705,45
36.101971,139.297235,355
36.085385,139.309364,188
36.081929,139.299547,212
36.077422,139.323467,56
36.064833,139.323012,241
36.063447,139.314413,117
36.057978,139.331752,47
36.046843,139.328558,576
36.045224,139.318308,287
36.051398,139.273903,1386
36.059366,139.261237,1251
36.035447,139.281785,298
36.073614,139.254197,461
36.073761,139.2614,1244
36.021957,139.205689,839
36.04018,139.262785,812
36.026942,139.232544,116
36.054637,139.246115,325
36.059893,139.239027,258
36.076279,139.250148,113
36.064335,139.233442,81
36.07973,139.237779,221
36.067257,139.223884,252
36.072255,139.214426,330
36.080379,139.213041,62
36.069394,139.280254,200
36.068912,139.289388,115
36.063804,139.294313,267
36.083556,139.287505,139
36.088797,139.279916,111
36.092639,139.269985,86
36.078445,139.268038,381
36.08299,139.27842,26
36.09388,139.295279,30
36.059423,139.29642,1199
35.991043,139.454542,784
35.995329,139.449982,31
35.999639,139.456051,43
36.002489,139.446883,78
35.99901,139.439708,52
36.001707,139.428729,83
35.993557,139.462643,254
35.994604,139.441874,83
35.983102,139.447863,723
35.977518,139.461687,1017
35.967381,139.469034,404
35.963215,139.47456,352
35.959807,139.487895,119
35.968159,139.483327,27
35.973225,139.478173,75
35.982012,139.474356,136
35.984251,139.486744,88
35.978566,139.486994,30
35.975354,139.489748,34
35.970175,139.488941,51
35.966946,139.49713,60
35.960291,139.495283,86
35.974606,139.496156,26
35.972972,139.500888,37
35.977485,139.504305,145
35.973499,139.513082,107
35.967647,139.507808,52
35.960752,139.50536,29
35.966055,139.512091,34
35.960941,139.521325,49
35.963874,139.516502,72
35.955344,139.516493,149
35.991947,139.474726,124
35.99522,139.483799,78
35.992033,139.492618,195
35.990475,139.503304,117
35.981664,139.496607,148
35.981843,139.509414,111
36.002423,139.46716,52
36.00758,139.4578,40
36.00886,139.468712,98
36.01157,139.474923,115
36.017031,139.479051,53
36.005291,139.473623,53
35.998472,139.468848,65
36.005101,139.488424,82
35.999249,139.495058,61
36.011022,139.495968,32
36.048632,139.465457,44
36.045043,139.468591,78
36.04141,139.473437,40
36.038488,139.464412,51
36.034533,139.469336,32
36.037238,139.477862,37
36.042029,139.484303,7
36.035356,139.48468,28
36.037006,139.489682,14
36.031809,139.491378,30
36.026858,139.498726,64
36.021367,139.494796,137
36.025115,139.484972,88
36.032432,139.476225,27
36.031264,139.467407,38
36.026928,139.476476,110
36.022917,139.464347,194
36.01948,139.454915,90
36.02007,139.444061,144
36.032105,139.450799,441
36.041799,139.454189,238
36.044786,139.442226,274
36.037949,139.440407,148
36.036309,139.429867,421
36.045967,139.428469,653
36.050809,139.442574,138
36.05834,139.439146,60
36.057236,139.423751,663
36.068818,139.43062,476
36.066362,139.440906,41
36.074704,139.442625,76
36.071688,139.449921,126
36.063619,139.447248,94
36.056854,139.448107,89
36.049012,139.455587,84
36.055347,139.453664,27
36.06352,139.453683,79
36.068169,139.462517,69
36.062197,139.459723,161
36.053867,139.462091,99
36.049523,139.478365,25
36.037613,139.471796,665
36.029461,139.434066,6
35.995141,139.339986,424
36.003694,139.339726,39
36.004255,139.326382,66
36.002629,139.312469,76
35.994002,139.317765,152
35.991774,139.295895,19
35.984736,139.316087,148
35.968213,139.327614,449
35.976341,139.327294,295
35.979647,139.343488,498
35.966643,139.340242,239
35.988183,139.363739,131
35.989038,139.350396,938
35.985525,139.360831,982
35.982516,139.35322,971
36.001619,139.266379,109
36.003833,139.261169,163
36.008822,139.275561,243
36.001818,139.290037,430
35.997187,139.282597,215
36.000773,139.276619,111
35.994515,139.272562,193
35.990943,139.259979,89
36.009884,139.259734,108
35.997334,139.235115,389
36.016082,139.243369,38
35.986711,139.195942,137
35.970819,139.21654,39
36.013077,139.30956,883
36.022433,139.296765,177
36.019452,139.280056,363
36.025514,139.253694,200
35.968516,139.111415,2617
35.969256,139.149096,171
36.068856,139.108218,1815
36.081946,139.128004,169
36.084869,139.09986,168
36.087665,139.088428,233
36.070447,139.079462,206
36.070594,139.069149,74
36.116153,139.06449,132
36.080052,139.049782,167
36.087049,139.016666,56
36.0581,139.147213,403
36.094107,139.099227,739
36.103431,139.096491,669
36.113775,139.096249,222
36.129072,139.097586,488
36.138306,139.137266,97
36.123975,139.130969,212
36.111818,139.127357,173
36.098322,139.132064,13
36.008728,139.00661,832
36.019066,139.008801,1090
35.994658,138.989148,97
35.978689,139.027696,293
35.986836,139.005014,193
36.037405,138.961669,365
36.033811,138.923443,170
36.048708,138.853438,84
36.05092,138.960129,46
36.082007,138.89509,122
36.01754,138.882503,566
35.98957,138.888618,226
36.047977,139.221285,239
36.045376,139.193859,229
36.061428,139.198237,70
36.056708,139.170277,234
36.079838,139.166939,119
36.037985,139.173936,133
36.015345,139.173309,39
36.19192,139.180639,104
36.192921,139.197855,366
36.186317,139.190514,177
36.199768,139.184701,135
36.205065,139.190329,449
36.204297,139.169248,154
36.201017,139.172984,121
36.194124,139.167059,104
36.188264,139.165792,260
36.169121,139.154763,234
36.177834,139.170827,276
36.172513,139.176394,158
36.181226,139.185575,160
36.168746,139.18673,199
36.16485,139.17742,131
36.157934,139.185634,106
36.15894,139.193261,49
36.146313,139.185101,138
36.149633,139.176564,52
36.154069,139.170983,170
36.164125,139.167883,128
36.151203,139.153534,93
36.139976,139.165881,39
36.19151,139.069255,196
36.193768,139.078324,226
36.190193,139.082789,150
36.199196,139.097029,517
36.208912,139.096973,124
36.205885,139.07973,115
36.211079,139.086982,45
36.214578,139.100391,540
36.224338,139.090701,110
36.221347,139.098256,183
36.23089,139.104771,68
36.223328,139.109189,317
36.208748,139.117821,589
36.217932,139.118138,140
36.213364,139.124916,203
36.219613,139.128842,114
36.171741,139.066525,467
36.147968,139.062875,174
36.130319,139.046703,161
36.113591,139.01097,34
36.273643,139.142293,82
36.263633,139.1346,889
36.258604,139.119076,591
36.249559,139.124651,143
36.252642,139.112184,166
36.239581,139.1071,287
36.224614,139.125467,421
36.238879,139.12286,226
36.243962,139.129148,436
36.235144,139.133933,440
36.225692,139.138518,429
36.239653,139.149008,3547
36.261905,139.155492,1547
36.27216,139.163019,180
36.270233,139.152592,165
36.117164,139.192442,1572
36.123474,139.184097,177
36.125209,139.168873,563
36.121302,139.150235,101
36.101256,139.148808,39
36.128207,139.199649,1503
36.109364,139.173153,337
36.102269,139.189463,133
36.096475,139.168139,125
36.093052,139.179987,41
36.084527,139.194165,288
36.106377,139.204873,1211
36.109449,139.215888,214
36.094658,139.216231,86
36.116975,139.21488,177
36.115447,139.226821,44
36.099938,139.233689,1723
36.113507,139.253149,920
36.09518,139.253174,346
36.101846,139.269491,218
36.099074,139.279687,61
36.097939,139.286448,23
36.154968,139.206433,1398
36.002148,139.732212,299
36.003443,139.723477,167
36.007826,139.71473,222
36.015077,139.709228,49
36.014927,139.72037,282
36.010648,139.722516,283
36.009402,139.733825,309
36.006712,139.746322,80
36.0115,139.745435,212
36.017438,139.738437,492
36.017468,139.72654,222
36.019524,139.722553,15
36.025021,139.732424,683
36.022426,139.726238,348
36.020364,139.727629,543
36.023611,139.718286,691
36.029949,139.702897,184
36.035074,139.691392,286
36.033256,139.708919,514
36.050245,139.693178,622
36.039338,139.69707,198
36.043492,139.700818,1006
36.042419,139.694775,718
36.02692,139.712473,491
36.022403,139.722667,162
35.999742,139.742434,985
36.004295,139.737256,703
36.01522,139.730651,333
36.056875,139.703352,309
36.044025,139.710154,1192
36.051701,139.720789,120
36.047957,139.723124,53
36.050826,139.715832,279
36.046606,139.71095,887
36.055612,139.707276,1472
36.032088,139.725113,1427
36.038477,139.724661,977
36.031951,139.73133,1042
36.022607,139.74042,1754
36.030759,139.748906,140
36.034208,139.743866,78
36.032997,139.734515,1151
36.042634,139.744015,107
36.017542,139.75597,733
36.004497,139.754657,396
36.051692,139.751594,109
36.046771,139.762519,18
36.040679,139.757625,165
36.034533,139.765723,223
36.025439,139.768744,298
36.017378,139.772479,74
36.011906,139.777377,98
36.04678,139.782953,44
36.037861,139.789653,105
36.035316,139.780368,178
36.055562,139.790259,34
36.052672,139.783688,200
36.04807,139.791289,416
36.044463,139.797992,473
36.038395,139.802105,392
35.926438,139.821682,140
35.926333,139.832164,3469
35.944204,139.816786,905
35.916253,139.826248,449
35.911217,139.836922,297
35.932689,139.832883,261
35.943201,139.836445,348
35.956303,139.832535,721
35.956888,139.819769,120
35.921089,139.824613,1263
35.921262,139.806775,1006
35.922438,139.82951,460
35.596708,140.139806,865
35.571644,140.161263,550
35.608092,140.13423,283
35.604252,140.124989,131
35.588632,140.124898,468
35.604735,140.132359,337
35.583312,140.127841,925
35.573358,140.141048,224
35.612987,140.12532,341
35.574957,140.139661,349
35.579648,140.148727,1486
35.564704,140.150155,2047
35.621981,140.10188,772
35.599979,140.131869,724
35.615462,140.121175,137
35.607457,140.129787,216
35.606487,140.13368,152
35.58388,140.168001,1228
35.612989,140.120549,62
35.596971,140.120323,512
35.561797,140.13164,372
35.617061,140.105791,330
35.580968,140.140898,1177
35.605128,140.113325,1631
35.614868,140.107391,514
35.608054,140.112064,415
35.610517,140.113296,171
35.602461,140.116627,811
35.590318,140.128554,990
35.567787,140.131992,2091
35.565049,140.111849,3
35.572763,140.145966,557
35.592488,140.134474,2231
35.607184,140.105961,1001
35.606338,140.122611,643
35.599627,140.099451,824
35.6177,140.11983,1288
35.610353,140.133882,309
35.597278,140.114036,259
35.601943,140.111072,924
35.614585,140.128509,552
35.612377,140.129498,607
35.602589,140.121865,813
35.583159,140.160175,2634
35.620187,140.098882,1553
35.577491,140.157421,255
35.55465,140.1329,2002
35.622912,140.127222,1382
35.610173,140.130054,214
35.610158,140.117815,86
35.619067,140.114735,1010
35.598536,140.150629,1879
35.606642,140.11918,211
35.608948,140.127435,509
35.588955,140.149324,889
35.621536,140.106932,1193
35.599819,140.119509,395
35.555834,140.148916,1178
35.581654,140.133419,1409
35.614555,140.13975,2723
35.586468,140.135725,544
35.585709,140.143334,2143
35.549702,140.128084,1688
35.604574,140.141906,1208
35.616102,140.126427,999
35.575132,140.13519,463
35.65504,140.084543,3849
35.678349,140.089165,682
35.694694,140.130958,93
35.692003,140.13698,934
35.688097,140.136995,97
35.694699,140.095767,619
35.705933,140.104749,657
35.694135,140.106533,392
35.646143,140.074605,3148
35.6956,140.116371,2369
35.670833,140.104933,1000
35.691875,140.087784,3289
35.666662,140.09282,2845
35.677284,140.121103,677
35.66792,140.065035,716
35.681979,140.131593,246
35.680045,140.113591,1771
35.684098,140.082187,810
35.679199,140.075772,1622
35.65752,140.066742,930
35.651847,140.086828,698
35.6665,140.081582,1652
35.683655,140.099599,332
35.656583,140.07032,1608
35.65369,140.079298,846
35.688206,140.092594,4679
35.655098,140.056999,8900
35.668871,140.04188,5429
35.65023,140.078226,649
35.654368,140.091721,1417
35.698048,140.113156,515
35.701624,140.1177,1199
35.665494,140.069352,1654
35.636032,140.103315,1515
35.638376,140.108418,56
35.649187,140.113249,1175
35.632104,140.087148,417
35.638673,140.083824,985
35.633314,140.093259,782
35.643185,140.079904,1176
35.643633,140.08631,3081
35.651863,140.109743,1162
35.628738,140.092511,1063
35.631474,140.099227,942
35.646255,140.089679,6469
35.64896,140.093121,2370
35.660709,140.151601,1116
35.628472,140.121201,1327
35.663578,140.141424,2567
35.644994,140.105618,6787
35.634985,140.12018,1229
35.639013,140.114893,2117
35.648656,140.121746,24
35.625521,140.109652,1770
35.659817,140.117819,3110
35.668726,140.128707,1501
35.642093,140.122467,675
35.624964,140.099334,569
35.656631,140.101106,3677
35.627513,140.103354,151
35.656984,140.139407,425
35.628604,140.116059,796
35.652791,140.134613,471
35.580055,140.21725,9
35.577707,140.253375,76
35.628071,140.215549,39
35.610194,140.19037,257
35.607115,140.175464,22
35.577592,140.208691,27
35.593665,140.178753,1596
35.595141,140.174423,1268
35.630194,140.178384,2171
35.627936,140.16697,1696
35.636991,140.204654,854
35.617046,140.260349,98
35.630947,140.152095,845
35.623931,140.147227,1000
35.612123,140.163005,2022
35.620712,140.204416,220
35.623244,140.241219,80
35.587089,140.218096,95
35.599323,140.178663,497
35.607862,140.201575,34
35.593093,140.241598,59
35.611421,140.214928,72
35.612688,140.179988,164
35.619423,140.15548,3835
35.637021,140.159674,1709
35.617966,140.225027,170
35.58562,140.206765,79
35.629774,140.22808,87
35.63443,140.209118,131
35.624319,140.137211,1397
35.597344,140.211881,575
35.597351,140.194516,627
35.65061,140.211394,23
35.627916,140.18368,1185
35.624491,140.183069,1385
35.620866,140.195055,2380
35.618488,140.190273,1093
35.635691,140.150843,1817
35.642036,140.145748,1254
35.635238,140.126263,269
35.604932,140.249392,107
35.602692,140.227284,768
35.578336,140.26509,405
35.642109,140.149466,1872
35.577365,140.234805,634
35.632361,140.139753,617
35.630367,140.132986,1542
35.640939,140.137268,4490
35.646643,140.129971,531
35.644251,140.216181,47
35.65115,140.176311,1166
35.64459,140.15579,3979
35.504132,140.255755,48
35.540372,140.174185,88
35.51868,140.24465,704
35.516054,140.255415,897
35.538325,140.251346,170
35.542992,140.158824,61
35.530871,140.237165,1425
35.505201,140.269598,10
35.566121,140.175718,1090
35.554434,140.281363,48
35.546525,140.160696,128
35.543158,140.170733,14
35.549523,140.156213,243
35.558935,140.273759,155
35.561026,140.221454,1403
35.539392,140.261498,1048
35.544282,140.194615,444
35.537459,140.277282,2123
35.542213,140.166068,32
35.538798,140.159147,114
35.583212,140.189852,65
35.552428,140.245385,331
35.574236,140.192256,557
35.545256,140.150198,641
35.565951,140.184488,671
35.549136,140.212696,5193
35.537162,140.170952,115
35.517208,140.283541,46
35.516853,140.263562,6746
35.557107,140.181775,4674
35.558322,140.166914,323
35.553408,140.17972,4477
35.542298,140.181019,3892
35.525052,140.275973,1579
35.631294,140.048803,6708
35.630958,140.083195,2622
35.637362,140.04242,7474
35.621522,140.09182,6558
35.610513,140.092822,305
35.623869,140.079066,8880
35.617215,140.063884,4829
35.656865,140.032794,1026
35.662068,140.03125,2729
35.645014,140.062723,8926
35.646811,140.052349,209
35.697445,140.85774,705
35.701873,140.85196,60
35.696539,140.861948,163
35.705989,140.862625,256
35.715589,140.864865,36
35.698861,140.848504,100
35.704321,140.843224,3
35.710721,140.854169,90
35.711699,140.844808,141
35.705741,140.854675,93
35.718904,140.845564,38
35.716734,140.85284,287
35.71921,140.859131,479
35.712484,140.836738,104
35.739505,140.861205,385
35.735877,140.852681,208
35.734235,140.857011,434
35.728465,140.860027,628
35.732321,140.865035,455
35.723525,140.864048,488
35.723699,140.849877,240
35.728602,140.849371,666
35.732381,140.84964,248
35.734698,140.849949,110
35.734784,140.852087,34
35.735736,140.845677,43
35.737083,140.847962,78
35.736276,140.848723,116
35.734685,140.847404,106
35.736188,140.843188,87
35.737076,140.845708,77
35.734786,140.843927,99
35.733444,140.8443,61
35.733237,140.843107,40
35.734029,140.842281,36
35.732795,140.841581,53
35.731591,140.844471,91
35.733254,140.840259,54
35.731179,140.842039,76
35.730887,140.840432,36
35.729043,140.839258,104
35.730405,140.838137,83
35.726971,140.842865,310
35.730611,140.83477,368
35.734787,140.831779,122
35.731846,140.831754,54
35.732981,140.828667,46
35.726977,140.830246,77
35.7214,140.827449,91
35.730498,140.830169,131
35.73021,140.82735,160
35.726012,140.828715,282
35.733421,140.826523,59
35.735614,140.823885,63
35.732676,140.82456,117
35.732469,140.821962,178
35.730782,140.809118,37
35.726158,140.81986,402
35.725014,140.839486,174
35.718221,140.831461,371
35.72131,140.837597,245
35.727718,140.835012,124
35.721353,140.817305,1499
35.72607,140.80984,140
35.725574,140.802607,680
35.714369,140.803097,504
35.73089,140.818479,516
35.731383,140.803492,610
35.723174,140.785054,1202
35.739707,140.790262,683
35.715602,140.786404,17
35.747063,140.793772,153
35.745857,140.785932,389
35.749811,140.786174,218
35.751188,140.776692,95
35.735228,140.772014,137
35.740617,140.76946,17
35.735971,140.784097,30
35.756112,140.775827,312
35.756941,140.743972,295
35.745365,140.768572,50
35.751459,140.76763,29
35.745833,140.759457,21
35.750168,140.752592,22
35.755618,140.757659,34
35.737897,140.749679,28
35.733583,140.759709,76
35.764123,140.756063,428
35.765459,140.731846,136
35.771695,140.744227,88
35.775584,140.737819,109
35.744747,140.733984,219
35.734383,140.73613,18
35.767713,140.718595,90
35.765534,140.713312,63
35.777199,140.72983,43
35.781371,140.718927,159
35.787521,140.710982,842
35.790507,140.717275,121
35.797124,140.71447,104
35.799104,140.701565,103
35.80679,140.711726,145
35.711111,140.745923,205
35.71013,140.770923,476
35.7191,140.768025,113
35.720993,140.758442,64
35.748943,139.897231,1904
35.735841,139.903551,3432
35.726442,139.900159,4934
35.741669,139.910824,2349
35.72485,139.913808,3881
35.722423,139.919265,2165
35.720323,139.905251,2482
35.711599,139.916685,2573
35.715134,139.92253,952
35.706255,139.924036,1341
35.728352,139.936905,4200
35.712928,139.929425,4744
35.731289,139.918008,3172
35.733358,139.928902,3267
35.735134,139.936883,3943
35.717457,139.93781,846
35.709532,139.937274,3824
35.718344,139.942112,552
35.721266,139.948614,1486
35.726055,139.954854,1937
35.724525,139.939782,1785
35.73048,139.945796,2364
35.733478,139.954292,1773
35.74665,139.916891,2052
35.752048,139.906912,2411
35.76226,139.913245,830
35.758881,139.905163,1839
35.736794,139.92095,1580
35.755683,139.926737,995
35.748307,139.930898,4900
35.739805,139.947925,1390
35.74178,139.922762,532
35.700531,139.932158,3042
35.690874,139.944073,66
35.695497,139.938849,965
35.693529,139.951099,19
35.704038,139.9458,2702
35.696736,139.958542,7
35.703193,139.956355,1123
35.742369,139.950173,3237
35.758253,139.964616,3934
35.743102,139.965837,3572
35.767888,139.962789,1872
35.740981,139.956791,552
35.693404,139.918268,747
35.678257,139.931032,185
35.689245,139.916196,408
35.687917,139.914987,481
35.697202,139.921026,376
35.700159,139.922975,290
35.69265,139.933279,3194
35.686586,139.913038,345
35.684997,139.910774,341
35.683739,139.908386,137
35.68138,139.910157,1014
35.681915,139.905436,1281
35.677274,139.904216,1765
35.680728,139.895681,2681
35.674666,139.891886,2292
35.673401,139.886957,1237
35.678149,139.888602,793
35.669932,139.906201,3273
35.669439,139.938399,1870
35.668915,139.911967,3703
35.678076,139.916116,3004
35.669138,139.919613,825
35.678682,139.921504,479
35.67662,139.92339,836
35.685275,139.918759,1499
35.691051,139.920528,846
35.689261,139.923818,1606
35.686877,139.926818,3012
35.68285,139.926975,1044
35.678657,139.926385,1906
35.690461,140.000579,4679
35.701331,140.008024,3296
35.703528,139.992953,1749
35.708395,140.002432,173
35.705269,140.007364,1360
35.683763,139.989687,3312
35.684821,139.996843,1264
35.690945,139.982845,2016
35.684801,139.980047,308
35.685765,139.97223,787
35.669669,139.994461,83
35.704733,139.983524,5246
35.696238,139.977965,992
35.70603,139.977453,4990
35.701778,139.971497,109
35.703158,139.967914,194
35.700827,139.966614,1679
35.699295,139.97386,647
35.696295,139.969149,34
35.713177,139.967926,4042
35.704269,139.96294,781
35.717908,139.96539,1602
35.7053,139.958589,513
35.706512,139.956257,474
35.707896,139.952144,1266
35.713009,139.950735,1591
35.724807,139.963561,629
35.710168,139.947987,1231
35.712162,139.94373,4468
35.717187,139.983656,3947
35.713302,139.977323,2011
35.727725,139.990049,2222
35.727064,139.980689,2171
35.724223,139.974107,636
35.721056,139.977969,2307
35.740852,139.981212,4866
35.728461,139.96955,3648
35.738503,140.001395,791
35.752129,139.992446,3992
35.710865,139.989093,4780
35.730255,139.995784,3253
35.718326,139.997975,19
35.713164,140.005184,194
35.722211,140.00847,445
35.735897,140.010616,958
35.735817,140.005107,204
35.7292,140.015556,1248
35.726378,140.000602,2651
35.752332,140.023179,2931
35.743081,140.010074,1943
35.757841,140.042265,15
35.746014,140.030897,3009
35.733855,140.022454,2233
35.764933,140.042649,13
35.769049,140.029033,2263
35.760889,140.032465,1872
35.761123,140.040531,975
35.757325,140.028857,3212
35.701708,140.033174,4361
35.695211,140.012692,7101
35.702133,140.017676,1157
35.710058,140.035468,264
35.70874,140.021186,6178
35.708229,140.027242,1871
35.70547,140.035527,712
35.706497,140.040617,57
35.716295,140.038355,894
35.708598,140.051315,4209
35.695073,140.048909,5471
35.702099,140.039823,4141
35.713825,140.064392,1483
35.732932,140.03944,4951
35.71719,140.022349,5445
35.724459,140.021132,3239
35.736742,140.047942,4660
35.737026,140.031206,24
35.740986,140.041173,2199
35.746165,140.052014,2770
35.718083,140.041463,90
35.723888,140.03321,2891
35.72573,140.055621,11252
35.76223,140.051652,159
35.771428,140.05869,109
35.790109,140.0741,1996
35.780527,140.077288,78
35.774941,140.082592,99
35.766871,140.079196,113
35.762631,140.070154,561
35.754193,140.063921,528
35.753625,140.053543,240
35.743433,140.057304,623
35.728827,140.057648,2073
35.730896,140.054063,636
35.736699,140.061042,588
35.738335,139.994063,756
34.984836,139.856328,1141
34.972296,139.863173,656
34.982396,139.87024,554
34.97514,139.849176,662
34.979568,139.837519,312
34.972353,139.832754,265
34.977186,139.827662,309
34.995979,139.867974,2055
34.992442,139.858989,26
34.987228,139.863642,609
35.005174,139.863764,707
35.009212,139.868832,528
35.00608,139.879269,303
34.996921,139.879358,244
35.009812,139.874024,97
35.022677,139.861153,900
35.02667,139.875168,647
35.020257,139.883023,265
35.034849,139.867503,61
35.029091,139.845869,948
35.029869,139.856641,167
34.973093,139.820865,83
34.969484,139.811971,74
34.971192,139.805353,183
34.967529,139.800441,31
34.970625,139.796428,96
34.964737,139.790402,60
34.969459,139.784339,157
34.970169,139.773203,66
34.97129,139.759739,128
34.963538,139.762822,60
34.959115,139.777363,116
34.956755,139.789294,11
34.959617,139.79677,30
34.95639,139.8088,43
34.919945,139.842514,179
34.928191,139.841845,109
34.930202,139.854436,65
34.932929,139.839858,247
34.94286,139.84868,193
34.946828,139.839585,106
34.951482,139.835246,105
34.959289,139.838669,29
34.953602,139.822779,84
34.916539,139.828394,150
34.924555,139.828147,191
34.958393,139.885108,46
34.957305,139.874589,82
34.972898,139.875374,44
34.959943,139.865996,29
34.961215,139.861509,24
34.97829,139.878642,160
34.979802,139.883267,17
34.977519,139.897278,99
34.959219,139.891299,36
34.964721,139.897551,50
34.937381,139.908995,34
34.936385,139.876282,236
34.984306,139.875934,107
34.987887,139.880375,223
34.989631,139.894872,306
35.000436,139.888086,263
34.994018,139.906408,95
35.004041,139.894897,92
35.006194,139.902227,212
34.985931,139.91475,24
34.991595,139.926754,69
34.996366,139.918963,62
34.997058,139.913783,100
35.003212,139.917188,80
35.003191,139.925666,41
35.004172,139.934168,52
35.014323,139.924923,129
35.013234,139.908895,26
35.378267,139.916534,377
35.380775,139.924915,198
35.384292,139.924325,572
35.38708,139.920915,138
35.397835,139.910461,460
35.385326,139.936544,475
35.382846,139.931501,542
35.380906,139.931452,318
35.37913,139.930347,289
35.374744,139.929503,537
35.372007,139.92125,753
35.374228,139.913496,40
35.371843,139.930325,265
35.369627,139.927607,138
35.360632,139.926058,495
35.362459,139.920724,461
35.368663,139.938849,1303
35.363569,139.929963,1416
35.372417,139.957018,873
35.380322,139.93945,649
35.366478,139.950053,1355
35.361104,139.942272,883
35.367863,139.935275,39
35.341784,139.92148,1180
35.342436,139.905108,1766
35.356447,139.914722,1055
35.354648,139.91033,125
35.350013,139.921624,1675
35.341415,139.956711,80
35.335407,139.950009,1855
35.353412,139.942993,7
35.351599,139.930842,73
35.343856,139.945775,947
35.392463,139.935449,1200
35.38971,139.942376,346
35.38344,139.94442,752
35.384132,139.956384,1317
35.38067,139.95598,1214
35.394309,139.951405,1521
35.39058,139.974487,199
35.388537,139.96117,742
35.392453,139.987813,52
35.378696,139.994619,136
35.386028,139.981946,291
35.377785,139.984137,74
35.380774,139.973049,149
35.363438,139.983872,148
35.375666,139.964549,932
35.411257,139.926752,655
35.409556,139.932949,507
35.408263,139.93762,513
35.403004,139.935385,1399
35.405181,139.947119,194
35.420362,139.931664,394
35.413323,139.914077,382
35.405357,139.918396,798
35.397132,139.925548,450
35.406901,139.926065,134
35.344417,139.974686,733
35.335966,140.00533,48
35.433737,139.914524,615
35.427928,139.917552,253
35.420366,139.906455,152
35.439407,139.942269,176
35.43221,139.943548,109
35.434588,139.935363,585
35.402317,140.004721,41
35.39765,139.996362,68
35.404287,139.986267,95
35.396419,139.976655,92
35.396839,139.962771,124
35.404316,139.972326,223
35.415515,139.969408,60
35.411347,139.964299,37
35.403771,139.954794,278
35.37826,140.05783,85
35.373355,140.053898,300
35.367925,140.048519,91
35.365992,140.044199,24
35.355452,140.067368,306
35.337892,140.103153,43
35.363959,140.093227,746
35.337142,140.027996,57
35.339275,140.038392,28
35.351871,140.040276,302
35.357539,140.037071,32
35.361249,140.033245,42
35.346696,140.020815,28
35.762751,139.926083,2113
35.819993,139.899864,342
35.783007,139.905965,1350
35.839888,139.919204,1596
35.767201,139.917221,1142
35.833445,139.922682,953
35.805688,139.956283,2924
35.769678,139.936908,1239
35.796108,139.909161,4995
35.769009,139.891117,1223
35.781933,139.941497,1867
35.799704,139.915083,730
35.776424,139.977269,704
35.776382,139.961782,499
35.828098,139.938217,442
35.811691,139.95412,587
35.754948,139.895642,543
35.846595,139.920418,1257
35.824472,139.924171,946
35.793076,139.896441,3357
35.829736,139.93092,1304
35.825966,139.930176,368
35.827199,139.934996,1317
35.82995,139.927265,640
35.815071,139.949188,7229
35.788795,139.973327,40
35.787579,139.906539,807
35.773621,139.895033,1745
35.783522,139.912644,1733
35.811041,139.904639,3686
35.826993,139.894512,54
35.759402,139.892746,1231
35.805275,139.916309,1031
35.830374,139.904139,9273
35.81999,139.915034,1662
35.800428,139.935466,1978
35.757512,139.939465,3954
35.805203,139.986508,102
35.805158,139.991181,4
35.790938,139.90476,465
35.78059,139.950332,77
35.801392,139.954255,7447
35.794524,139.940921,456
35.797319,139.943684,622
35.796227,139.948415,516
35.793814,139.946314,444
35.83585,139.927941,897
35.790079,139.920422,675
35.840658,139.921018,979
35.807302,139.917065,331
35.809237,139.913332,250
35.764452,139.891923,354
35.804245,139.925216,1156
35.813154,139.908765,298
35.814658,139.908994,387
35.811622,139.914304,431
35.813675,139.914774,369
35.771853,139.905279,198
35.771094,139.915346,193
35.771371,139.910287,173
35.773373,139.909384,327
35.772773,139.913838,281
35.769019,139.911314,199
35.769287,139.906409,516
35.829806,139.943673,1276
35.788918,139.900929,1761
35.779638,139.913736,481
35.813055,139.935316,5304
35.816994,139.929257,314
35.835819,139.934323,1149
35.787916,139.944555,2888
35.790301,139.894473,781
35.840606,139.930658,753
35.820337,139.927629,1495
35.785199,139.898648,337
35.792126,139.955397,2920
35.778748,139.905433,4692
35.790126,139.926454,4713
35.782942,139.965466,2466
35.812109,139.920805,2048
35.818163,139.921596,767
35.786725,139.910763,524
35.789726,139.91249,1082
35.785673,139.928527,4355
35.771045,139.902218,1311
35.820396,139.894733,69
35.835095,139.915147,718
35.790283,139.906558,234
35.800997,139.994751,5292
35.776463,139.924022,2045
35.816443,139.915595,3010
35.793551,139.902567,278
35.812503,139.89851,1427
35.832424,139.91306,1371
35.828282,139.924088,257
35.823024,139.93465,185
35.79198,139.987479,2400
35.798944,139.972402,3925
35.786945,139.95301,2513
35.791628,139.976285,1394
35.799375,139.980169,124
35.773292,139.946225,1693
35.795065,139.903643,4
35.79395,139.906343,169
35.945916,139.866094,1907
35.935038,139.869494,1374
35.943525,139.853507,1243
35.956084,139.855394,2221
35.950161,139.848288,469
35.945246,139.852369,241
35.937803,139.863444,444
35.961791,139.860199,222
35.951156,139.842307,313
35.94527,139.845605,385
35.970118,139.891478,797
35.966856,139.873929,67
35.956821,139.886139,562
35.960005,139.871433,1696
35.952777,139.874882,1193
35.950542,139.881327,121
35.944423,139.878104,1357
35.946346,139.895287,730
35.92372,139.902813,5691
35.922566,139.874351,238
35.936072,139.874247,535
35.936144,139.88222,1277
35.938316,139.883559,283
35.940379,139.891059,331
35.921796,139.893675,502
35.923083,139.888608,160
35.922989,139.88637,878
35.935426,139.877232,219
35.924827,139.895463,284
35.962629,139.840336,498
35.973644,139.830841,2072
35.97049,139.846253,59
35.971221,139.85524,462
35.96592,139.863887,488
35.977236,139.861374,312
35.979817,139.838531,44
35.98124,139.846915,1559
35.974254,139.845514,481
35.977791,139.841817,658
35.982078,139.862339,13
35.966371,139.852207,1068
35.988731,139.867004,660
36.000482,139.841643,841
35.986754,139.831993,1575
35.995865,139.822179,234
36.005865,139.870977,124
35.987733,139.884418,16
35.986268,139.840002,557
35.984171,139.837479,440
35.922521,139.917063,263
35.945338,139.923832,1012
35.935179,139.938599,475
35.959247,139.916715,871
35.925534,139.930843,163
35.938341,139.909891,231
35.932572,139.916385,361
36.084494,139.795471,583
36.087456,139.780467,85
36.094262,139.780826,58
36.075735,139.786532,81
36.072166,139.784798,18
36.099078,139.785199,8
36.020302,139.819059,84
36.025804,139.819881,259
36.035568,139.824741,248
36.042532,139.812857,226
36.046392,139.823851,734
36.055615,139.811118,518
36.048913,139.805303,255
36.06349,139.804272,193
36.05822,139.79629,260
36.069185,139.800082,129
36.065498,139.789893,74
36.033523,139.81996,540
36.018602,139.854325,3710
36.011692,139.823285,517
36.010633,139.818109,14
35.424101,140.285984,37
35.426167,140.293094,1478
35.437579,140.289359,150
35.432971,140.298927,2014
35.431846,140.296528,184
35.438339,140.300713,369
35.444383,140.300303,561
35.425676,140.279012,283
35.424076,140.270894,335
35.427817,140.264428,84
35.433349,140.274116,198
35.438763,140.275631,139
35.419813,140.267701,76
35.420256,140.31367,297
35.415764,140.319013,527
35.410049,140.318544,783
35.424741,140.30173,95
35.422738,140.295592,167
35.431075,140.288197,97
35.421586,140.321544,752
35.432369,140.281506,220
35.453421,140.336039,513
35.431446,140.33314,794
35.428584,140.318091,334
35.442847,140.325282,338
35.451795,140.318768,266
35.45124,140.329863,88
35.453945,140.309029,275
35.463101,140.32002,393
35.440037,140.313396,1962
35.429767,140.304037,553
35.459486,140.289393,687
35.463357,140.277985,41
35.446514,140.287078,1078
35.467718,140.3017,129
35.457814,140.30015,194
35.465644,140.311237,326
35.449005,140.254997,205
35.466306,140.255935,167
35.442391,140.265856,114
35.449293,140.273259,483
35.466343,140.270487,30
35.456944,140.264366,46
35.438933,140.252444,13
35.43945,140.261835,1148
35.416758,140.292756,1732
35.41025,140.279628,359
35.404043,140.265055,116
35.409098,140.259854,59
35.416175,140.269514,318
35.407311,140.284151,148
35.421745,140.282588,406
35.421317,140.294032,96
35.401432,140.29077,566
35.407235,140.303141,1649
35.395888,140.315482,124
35.390269,140.305472,346
35.388234,140.291554,134
35.38844,140.281277,32
35.39585,140.281727,35
35.408204,140.307906,583
35.482386,140.301948,1068
35.496118,140.298534,25
35.498494,140.310283,114
35.486275,140.316869,663
35.473227,140.324103,122
35.476437,140.283699,129
35.478217,140.267357,112
35.488121,140.258296,59
35.492202,140.273243,40
35.495352,140.285938,43
35.487207,140.292587,96
35.482354,140.331531,261
35.479552,140.345039,167
35.485298,140.358932,532
35.481465,140.369336,133
35.478704,140.375726,109
35.468628,140.355411,180
35.466082,140.342071,520
35.443632,140.299148,5
35.434835,140.338438,20
35.420435,140.32598,44
35.490441,140.32294,5
35.490104,140.286642,26
35.786653,140.319383,11
35.784372,140.321677,110
35.78079,140.322177,164
35.783228,140.318093,69
35.783859,140.316824,18
35.783328,140.313085,299
35.781019,140.317349,108
35.777029,140.316681,377
35.778395,140.312497,59
35.780573,140.312607,91
35.77106,140.3059,119
35.777378,140.309037,297
35.773995,140.307178,513
35.790754,140.317914,796
35.786512,140.326843,280
35.786254,140.30831,465
35.769002,140.313033,621
35.794516,140.307931,888
35.779796,140.291613,4
35.7812,140.283519,1385
35.772888,140.297716,2559
35.774004,140.286462,1362
35.793231,140.293809,2308
35.780587,140.2992,2211
35.798201,140.2697,124
35.78447,140.274055,124
35.79096,140.259545,215
35.773452,140.272691,196
35.763323,140.267517,162
35.75916,140.281444,619
35.763001,140.284972,237
35.767348,140.292239,529
35.766349,140.301423,1015
35.756016,140.306942,1788
35.756391,140.301235,205
35.805138,140.287224,281
35.811977,140.272256,208
35.821153,140.285352,44
35.821574,140.294268,75
35.817792,140.306358,251
35.803651,140.310005,539
35.79387,140.30075,99
35.785585,140.295535,33
35.798324,140.349264,43
35.794965,140.337253,24
35.794301,140.329013,21
35.798141,140.33073,46
35.800368,140.322774,47
35.814608,140.317999,91
35.820764,140.327403,44
35.822686,140.344488,26
35.815994,140.344277,13
35.80618,140.335216,64
35.830259,140.390616,95
35.827186,140.376174,186
35.833282,140.362627,50
35.814485,140.363778,55
35.824934,140.35359,43
35.829737,140.339949,30
35.837474,140.347628,44
35.837909,140.333189,85
35.833924,140.32359,91
35.845598,140.323724,75
35.847317,140.333517,29
35.851546,140.295465,226
35.836854,140.308515,184
35.83742,140.290604,106
35.848964,140.277379,16
35.862902,140.292542,72
35.858992,140.311528,61
35.781292,140.35584,57
35.785835,140.348544,22
35.785216,140.342422,11
35.790333,140.340495,18
35.767075,140.347993,70
35.788829,140.333394,45
35.775902,140.34172,106
35.775925,140.330885,287
35.764526,140.343529,130
35.754787,140.356914,61
35.762604,140.361771,113
35.744497,140.378061,430
35.75507,140.368991,719
35.738493,140.36562,813
35.731885,140.383805,44
35.774705,140.361293,11
35.782254,140.380541,172
35.791006,140.375317,34
35.754087,140.364841,119
35.793538,140.361589,33
35.803799,140.376899,151
35.781086,140.396814,5
35.750301,140.376269,196
35.749157,140.37093,396
35.744481,140.365257,504
35.756003,140.296665,2215
35.782531,140.329151,153
35.795062,140.320836,4
35.872558,140.353396,255
35.862415,140.350604,33
35.869008,140.338865,143
35.857299,140.331758,248
35.852504,140.364967,535
35.844692,140.381433,166
35.843616,140.393541,17
35.857807,140.383688,126
35.875118,140.390529,202
35.862298,140.393626,32
35.871904,140.379182,29
35.864666,140.371259,41
35.880656,140.353723,121
35.882216,140.363664,97
35.883785,140.377503,131
35.874231,140.368766,56
35.892247,140.36236,51
35.894043,140.374587,18
35.832771,140.436254,330
35.857075,140.423158,113
35.860775,140.4309,28
35.858296,140.439735,71
35.857762,140.44617,59
35.855432,140.455688,201
35.844896,140.448324,406
35.839961,140.446029,61
35.832376,140.451052,61
35.825736,140.443413,130
35.851544,140.404503,71
35.845984,140.41228,200
35.846781,140.400658,37
35.83662,140.404824,119
35.833995,140.418209,90
35.823665,140.421302,57
35.810279,140.39729,570
35.796968,140.396846,178
35.812368,140.422884,135
35.795086,140.427529,231
35.790236,140.406876,106
35.79794,140.414036,158
35.781687,140.424321,94
35.812119,140.444147,85
35.776052,140.283965,691
35.839517,140.337683,484
35.834984,140.461622,58
35.817771,140.460467,36
35.807086,140.407071,49
35.724756,140.222766,421
35.723687,140.224372,39
35.722276,140.226777,176
35.717739,140.225266,193
35.718284,140.231811,1317
35.719596,140.231922,179
35.718532,140.229472,20
35.720751,140.230835,26
35.721447,140.232821,53
35.719025,140.236853,421
35.716718,140.237943,71
35.724078,140.23577,246
35.719034,140.244019,374
35.71924,140.240709,17
35.725216,140.250974,109
35.718347,140.248962,1199
35.719991,140.249274,70
35.72439,140.229726,193
35.722042,140.219155,337
35.712917,140.225489,213
35.71449,140.232052,70
35.723469,140.24393,864
35.732652,140.250899,178
35.734683,140.23732,155
35.738664,140.223293,175
35.746802,140.224041,41
35.753274,140.211778,62
35.743748,140.211237,76
35.750819,140.203368,8
35.733402,140.218917,52
35.728549,140.224055,500
35.713562,140.253754,31
35.710179,140.240959,59
35.734266,140.229318,962
35.713569,140.249095,1196
35.731075,140.18804,1064
35.739322,140.187379,851
35.734028,140.172256,612
35.731872,140.200231,230
35.728361,140.200046,99
35.732447,140.209985,128
35.742304,140.173601,771
35.733639,140.191109,545
35.736224,140.203336,1177
35.723729,140.175118,3222
35.731055,140.173769,384
35.726945,140.173035,196
35.73125,140.18006,919
35.725873,140.162716,2485
35.739267,140.16308,113
35.741969,140.141613,255
35.752083,140.154831,95
35.722694,140.141133,4370
35.716863,140.13465,73
35.711864,140.140684,3698
35.71236,140.145222,3716
35.698854,140.144431,731
35.712174,140.165055,270
35.699513,140.158498,59
35.71239,140.150302,3234
35.702905,140.151929,113
35.743729,140.145964,1696
35.73375,140.158082,3263
35.718179,140.156008,863
35.711406,140.228519,693
35.703135,140.22763,795
35.709391,140.211462,194
35.715895,140.21597,262
35.692878,140.215988,206
35.680738,140.214214,71
35.680331,140.226003,70
35.675753,140.235951,96
35.685409,140.236036,52
35.694409,140.235468,1119
35.701717,140.236227,400
35.705897,140.237957,760
35.669159,140.218925,132
35.694671,140.232934,373
35.705349,140.223462,24
35.70412,140.217039,1394
35.68535,140.213536,1180
35.696873,140.251835,15
35.682607,140.256038,80
35.673921,140.263573,48
35.683484,140.268651,41
35.683231,140.280291,18
35.697896,140.281115,94
35.692984,140.268016,77
35.702645,140.257944,66
35.709486,140.255353,20
35.688411,140.249897,26
35.68596,140.245423,39
35.696486,140.243824,63
35.682664,140.276202,5
35.649981,140.240156,153
35.661358,140.24671,166
35.658024,140.224543,98
35.643288,140.236706,69
35.64051,140.229801,55
35.638583,140.244619,20
35.631191,140.251467,25
35.641375,140.251876,25
35.711065,140.181021,911
35.705242,140.171885,53
35.707035,140.18945,206
35.717756,140.191307,2183
35.71941,140.201476,163
35.710076,140.200916,66
35.736792,140.143952,424
35.561533,140.358375,854
35.555842,140.363906,231
35.558262,140.366216,112
35.560346,140.369288,112
35.566331,140.370765,1043
35.574373,140.380859,1300
35.559761,140.384343,532
35.552207,140.376846,626
35.547873,140.370768,318
35.544231,140.36368,241
35.553453,140.349152,1090
35.564388,140.341587,87
35.582544,140.400897,381
35.59448,140.378929,324
35.580286,140.385519,580
35.583132,140.35887,441
35.575533,140.336899,316
35.566721,140.321492,146
35.568924,140.302828,240
35.58291,140.325949,38
35.578049,140.316993,43
35.550394,140.331219,156
35.558059,140.334016,214
35.540411,140.348549,466
35.539506,140.392142,371
35.516359,140.382133,52
35.52389,140.385396,9
35.533414,140.402468,344
35.519734,140.37359,188
35.527378,140.364144,345
35.530856,140.413154,34
35.537166,140.41061,281
35.526558,140.377225,65
35.540142,140.412221,67
35.544763,140.410189,263
35.549845,140.396459,1003
35.541321,140.380765,157
35.533131,140.379813,67
35.585702,140.419079,202
35.575579,140.424124,393
35.574412,140.414521,77
35.57266,140.401743,311
35.564726,140.398572,111
35.566183,140.3924,62
35.565231,140.42916,97
35.568723,140.41227,87
35.565451,140.412516,88
35.558312,140.417276,77
35.562918,140.422512,41
35.54995,140.414527,113
35.555282,140.424458,29
35.562535,140.408976,106
35.556585,140.404149,89
35.519068,140.399507,132
35.511099,140.397619,149
35.517699,140.389175,67
35.507237,140.385121,129
35.615382,140.330836,41
35.619708,140.320091,419
35.598409,140.334035,136
35.603098,140.354031,31
35.597357,140.353505,41
35.565701,140.349616,1188
35.553465,140.360785,434
35.558505,140.301631,235
35.545315,140.338125,498
35.531193,140.389895,12
35.529425,140.395129,48
35.516033,140.375918,118
35.577179,140.359763,79
35.722632,140.66941,993
35.722941,140.652574,865
35.711273,140.651812,838
35.716416,140.633771,2430
35.702582,140.666312,308
35.712697,140.677237,265
35.711847,140.666101,491
35.701604,140.657324,281
35.703619,140.678661,264
35.705407,140.634057,314
35.69689,140.642663,512
35.68881,140.622108,431
35.71037,140.621727,666
35.712599,140.596498,408
35.701569,140.608566,153
35.693905,140.60963,59
35.700054,140.614989,106
35.745691,140.636945,590
35.737601,140.614421,1452
35.752079,140.64395,420
35.734842,140.655925,746
35.743047,140.702421,177
35.74299,140.689284,35
35.74295,140.717418,199
35.727079,140.698076,666
35.755853,140.683885,200
35.76369,140.676858,118
35.77247,140.692541,127
35.758466,140.699712,194
35.727277,140.684271,526
35.73076,140.676575,651
35.740345,140.679452,218
35.747749,140.663328,219
35.729029,140.677155,36
35.697885,140.748618,51
35.701439,140.737677,28
35.694018,140.731108,240
35.700398,140.729521,526
35.703888,140.724193,46
35.705071,140.720391,235
35.713929,140.717371,185
35.706216,140.711084,247
35.713883,140.700057,1393
35.722722,140.733284,214
35.773877,140.647251,587
35.765219,140.620108,701
35.755078,140.588746,985
35.679804,140.004948,8805
35.679727,140.016551,156
35.685605,140.026526,4313
35.668244,140.030182,4011
35.675726,140.035062,2185
35.680786,140.037193,2047
35.689112,140.03492,4239
35.687837,140.047134,2889
35.682998,140.0514,3164
35.692864,140.0566,762
35.678798,140.045427,1394
35.679902,140.060179,1808
35.688534,140.061063,776
35.70215,140.072062,6099
35.666185,140.019483,2090
35.673931,140.007643,2633
35.684709,140.063885,3206
35.689073,140.01334,1621
35.850609,139.978157,876
35.86727,139.963361,1249
35.869552,139.971792,1925
35.859273,139.96233,3001
35.854007,139.982078,948
35.859492,139.977655,361
35.858597,139.983814,295
35.856844,139.968202,302
35.902199,139.927884,217
35.840656,139.956658,1302
35.836526,139.95797,114
35.844611,139.968568,914
35.913862,139.932722,340
35.853723,139.97987,262
35.904823,139.969984,1956
35.832715,139.970822,1228
35.865723,139.983651,5652
35.896021,139.937754,1056
35.891122,139.946801,10
35.87536,139.983836,1
35.865723,139.954147,197
35.872418,139.988067,915
35.876267,139.992223,154
35.848409,139.980296,508
35.90981,139.954957,834
35.817353,139.956532,2428
35.803243,139.974204,3138
35.811822,139.971521,781
35.822927,139.987445,296
35.860443,139.981307,376
35.870266,139.95818,3376
35.887944,139.983677,1183
35.90191,139.950964,146
35.839452,139.968872,1327
35.855271,139.952649,985
35.863776,139.970323,105
35.850053,139.984169,404
35.87748,139.952061,2523
35.855839,139.971887,606
35.859254,139.97062,310
35.854137,139.975038,1128
35.831513,139.96737,1436
35.846961,139.966529,645
35.856729,139.993978,1056
35.854384,139.96312,861
35.857914,139.953694,449
35.844395,139.955076,296
35.864955,139.940455,5935
35.86388,139.955745,2446
35.838444,139.963672,1818
35.854796,139.956937,165
35.885006,139.952185,1950
35.833049,139.947707,1288
35.826642,139.966261,1024
35.843441,139.981739,683
35.885136,139.927482,923
35.869113,139.958538,498
35.896839,139.915687,3190
35.820354,139.954209,606
35.880349,139.987756,2851
35.85366,139.986062,337
35.895666,139.971413,3615
35.851739,139.987729,676
35.834307,139.960338,1778
35.825391,139.952528,453
35.830151,139.95302,1070
35.829258,139.957976,1048
35.847338,139.973374,126
35.848978,139.969862,380
35.891593,139.997222,1671
35.897253,140.007051,7
35.88738,140.008973,1182
35.92497,139.948028,627
35.923338,139.939615,95
35.827416,139.976451,1564
35.879353,139.974815,3218
35.87662,139.981469,6
35.891609,139.968671,3996
35.851379,139.969773,423
35.904365,139.921301,1406
35.847292,139.955053,842
35.813536,139.957855,1166
35.814772,139.970199,3267
35.862149,139.962352,410
35.855601,139.986018,296
35.85103,139.96015,624
35.853383,139.95887,241
35.892312,139.955386,3227
35.853983,139.970937,238
35.880617,139.967826,51
35.837421,139.986763,2658
35.819935,139.994284,1850
35.825675,139.983585,371
35.812593,139.98035,2803
35.840404,140.09534,172
35.843053,140.076446,226
35.845778,140.065272,98
35.83683,140.057949,70
35.838921,140.047031,213
35.826029,140.035697,59
35.837708,140.026771,169
35.850207,140.043353,208
35.851157,140.033948,186
35.855463,140.022648,355
35.84765,140.016121,213
35.84716,140.007946,287
35.85203,140.004908,1698
35.838099,140.010347,372
35.840992,139.996788,3070
35.830323,140.000784,1329
35.804389,139.995589,989
35.814283,140.004427,2602
35.805453,140.000498,159
35.807532,139.991484,160
35.80878,140.023343,800
35.821586,140.019826,163
35.801937,139.977652,1907
35.844154,140.018879,1037
35.911498,139.941041,4
35.905397,139.932497,9
35.849289,140.052644,6
35.142232,140.315704,207
35.142947,140.313933,225
35.152528,140.317661,167
35.15517,140.311935,583
35.159686,140.29837,251
35.152969,140.286151,234
35.143479,140.321937,274
35.15228,140.323882,406
35.157897,140.328665,400
35.169442,140.327513,244
35.120001,140.217609,55
35.124814,140.227648,132
35.139457,140.243995,475
35.143751,140.262689,146
35.143497,140.275549,258
35.137947,140.284166,64
35.139672,140.216725,26
35.161863,140.216781,135
35.171108,140.22728,94
35.152685,140.22738,112
35.159755,140.243127,23
35.167004,140.246584,55
35.155199,140.262033,152
35.160052,140.261757,37
35.1641,140.261423,26
35.175999,140.249734,21
35.173905,140.262207,37
35.167224,140.27685,37
35.184938,140.256808,60
35.174173,140.309869,40
35.170938,140.296742,24
35.183494,140.304968,13
35.17784,140.294824,41
35.181154,140.290617,63
35.197941,140.299933,34
35.193689,140.288639,44
35.203846,140.291871,145
35.19898,140.277466,54
35.188083,140.26943,104
35.197765,140.269192,16
35.204183,140.270837,143
35.210061,140.280326,40
35.212372,140.259568,106
35.22662,140.264076,67
35.232427,140.276496,122
35.22197,140.294725,96
35.21394,140.312115,5
35.134061,140.230954,277
35.50135,140.062813,926
35.514233,140.064261,29
35.506806,140.068145,625
35.527137,140.069512,393
35.524986,140.070973,26
35.518591,140.076755,284
35.52143,140.067681,24
35.508389,140.074166,193
35.50284,140.078975,590
35.496741,140.072441,895
35.492864,140.078897,103
35.489129,140.081682,208
35.485131,140.085849,61
35.467348,140.076294,257
35.469985,140.088304,270
35.457377,140.095489,46
35.469143,140.097021,39
35.481725,140.098631,45
35.484985,140.101693,31
35.483512,140.106701,37
35.484916,140.09482,40
35.494793,140.09611,414
35.487165,140.112612,1292
35.496897,140.104774,954
35.511848,140.109359,246
35.505012,140.10537,490
35.511464,140.104367,98
35.505749,140.092653,542
35.508473,140.101233,79
35.526307,140.084113,4679
35.516582,140.099445,819
35.525086,140.096626,10
35.522183,140.098565,1541
35.527778,140.100729,549
35.543608,140.103222,49
35.53698,140.11698,3523
35.546664,140.123673,209
35.543418,140.13027,377
35.531058,140.109822,588
35.529477,140.116171,288
35.52744,140.11319,532
35.524873,140.109995,429
35.522586,140.114103,14
35.518371,140.11463,598
35.513505,140.112919,299
35.49674,140.126544,498
35.503545,140.138787,1754
35.516917,140.126959,313
35.521815,140.123231,317
35.519204,140.141435,736
35.535055,140.145936,1747
35.544709,140.142011,791
35.529421,140.1642,403
35.528511,140.153056,1421
35.526985,140.134516,1647
35.460215,140.037358,1362
35.44415,140.04284,493
35.475248,140.049181,3282
35.459264,140.069953,44
35.460093,140.057472,111
35.450848,140.060671,176
35.446992,140.055955,403
35.445984,140.052629,280
35.429407,140.048664,173
35.43563,140.065238,98
35.444513,140.071515,48
35.44384,140.085896,115
35.471695,140.064645,90
35.483514,140.065025,126
35.48844,140.064212,225
35.491288,140.051985,550
35.46591,140.050192,2652
35.443852,140.048043,1176
35.453307,140.071267,1129
35.48655,140.133416,184
35.475214,140.139658,307
35.471642,140.125464,395
35.478757,140.117835,173
35.461971,140.10452,83
35.481829,140.111515,71
35.476893,140.105939,31
35.473225,140.094924,72
35.469059,140.103361,65
35.467566,140.11268,53
35.467419,140.118339,31
35.464902,140.136179,341
35.462347,140.152678,70
35.454628,140.137795,384
35.445309,140.140741,125
35.449682,140.166955,85
35.432711,140.173685,49
35.433031,140.158357,85
35.432913,140.146865,13
35.435594,140.132988,146
35.444954,140.121658,141
35.453784,140.121892,121
35.458566,140.115508,61
35.452015,140.110555,39
35.446937,140.100882,2101
35.517978,140.16115,60
35.512952,140.174197,761
35.512779,140.18489,128
35.509176,140.199318,100
35.521955,140.190799,26
35.526599,140.197096,53
35.534412,140.214988,1383
35.517958,140.206056,32
35.521715,140.2175,50
35.511328,140.224062,38
35.505349,140.215103,102
35.493241,140.241377,131
35.492666,140.222586,54
35.490786,140.201754,20
35.4995,140.187101,609
35.484337,140.19239,128
35.48228,140.182899,29
35.472695,140.180452,27
35.472591,140.162129,191
35.482156,140.171027,41
35.488536,140.153279,59
35.496932,140.163524,186
35.508705,140.158006,184
35.488784,140.209569,5
35.440516,140.09862,11
35.434545,140.09552,950
35.424353,140.101561,649
35.427688,140.12142,1020
35.421484,140.124642,43
35.412646,140.107737,343
35.402357,140.104821,76
35.389645,140.09824,168
35.395796,140.116188,607
35.408525,140.128869,251
35.418959,140.141249,60
35.411107,140.148543,147
35.400312,140.139638,577
35.389038,140.131611,546
35.377276,140.126075,29
35.378629,140.11618,7
35.375832,140.145743,26
35.377729,140.14139,44
35.394784,140.145674,317
35.397438,140.153165,67
35.403345,140.153869,112
35.406202,140.162488,37
35.41312,140.171372,69
35.398787,140.179165,15
35.410404,140.179403,33
35.404816,140.183638,23
35.389974,140.194261,43
35.372938,140.194645,19
35.399199,140.171182,18
35.391805,140.174446,381
35.392828,140.152618,106
35.386958,140.154039,138
35.381626,140.160588,34
35.382069,140.169907,97
35.382559,140.18669,499
35.369552,140.17896,141
35.355701,140.183409,53
35.344501,140.201687,151
35.315756,140.213752,99
35.314321,140.192976,30
35.374753,140.152962,37
35.367287,140.159952,152
35.366112,140.149026,54
35.363305,140.132074,46
35.35224,140.143306,166
35.341089,140.143044,89
35.343681,140.130188,95
35.358458,140.165036,33
35.349624,140.168681,43
35.344051,140.184301,23
35.333016,140.1867,45
35.328745,140.172197,118
35.338038,140.156932,54
35.333048,140.140752,43
35.328151,140.137292,29
35.324738,140.147572,83
35.323798,140.119344,145
35.310272,140.130576,33
35.31449,140.158269,67
35.298267,140.155771,86
35.294494,140.184344,40
35.248102,140.149612,45
35.264038,140.166178,107
35.271899,140.165271,40
35.27389,140.155619,45
35.265092,140.136798,30
35.286666,140.163067,46
35.301568,140.139919,70
35.286177,140.129555,23
35.291212,140.120421,17
35.266379,140.123456,21
35.309863,140.150685,43
35.521063,140.156474,2029
35.521915,140.145598,1145
35.497679,140.116312,1326
35.493998,140.123424,662
35.491709,140.114938,741
35.504696,140.114165,467
35.508653,140.113255,1143
35.49012,140.10755,266
35.512186,140.092852,354
35.497013,140.051374,791
35.517126,140.071265,1401
35.5153,140.088572,415
35.531684,140.193769,2721
35.531826,140.181658,1798
35.530789,140.185668,2430
35.50474,140.16834,295
35.478021,140.038866,290
35.477707,140.043758,163
35.8463,139.895151,1550
35.859419,139.904297,2283
35.857525,139.912493,29
35.86801,139.912385,235
35.864286,139.908988,1049
35.847284,139.902626,1479
35.841655,139.911741,1846
35.834838,139.8938,775
35.855916,139.908833,1836
35.838711,139.898152,4265
35.908655,139.879857,24
35.900469,139.885263,5
35.910386,139.89244,1010
35.912546,139.908561,4443
35.901461,139.893624,387
35.902506,139.902149,983
35.895416,139.897768,485
35.889472,139.900044,198
35.891857,139.893969,101
35.886525,139.907756,73
35.887381,139.893581,5
35.884275,139.898601,76
35.874139,139.906274,30
35.878745,139.904596,7
35.87991,139.901279,37
35.872863,139.900651,81
35.874714,139.911661,49
35.90098,139.915158,1840
35.895819,139.909412,1299
35.881715,139.909473,487
35.906747,139.918076,869
35.893215,139.903378,991
35.848014,139.918373,857
35.848139,139.912898,67
35.851908,139.915804,75
35.851835,139.925202,30
35.855622,139.926211,366
35.854359,139.913918,114
35.856976,139.915326,318
35.8626,139.916181,373
35.859199,139.922413,2566
35.860771,139.931467,500
35.84235,139.936721,1377
35.838142,139.950883,2816
35.84719,139.940107,806
35.878058,139.937694,1099
35.893153,139.92947,841
35.899094,139.925172,313
35.883747,139.929971,607
35.882681,139.921086,3143
35.879551,139.915361,3322
35.851577,139.947736,2195
35.845739,139.944822,188
35.839566,139.90822,178
35.879911,139.929331,1280
35.869327,139.926094,1454
35.872875,139.93275,1682
35.871432,139.921366,858
35.715709,140.102878,2703
35.721288,140.108289,1508
35.732596,140.108681,1233
35.712369,140.080109,2481
35.731733,140.086199,10075
35.755311,140.099066,35
35.745803,140.102477,137
35.74178,140.080705,510
35.776625,140.099615,12
35.772184,140.093258,31
35.779424,140.092397,133
35.751043,140.085093,146
35.77752,140.110992,73
35.770869,140.114235,86
35.763223,140.10196,267
35.763738,140.092409,725
35.733651,140.120022,2052
35.733081,140.133244,2937
35.748544,140.137786,233
35.75602,140.121576,907
35.767999,140.127135,154
35.759052,140.137086,337
35.716973,140.115564,558
35.708532,140.128053,4207
35.702251,140.129082,429
35.710552,140.121689,1031
35.760587,140.111719,1985
35.726334,140.122713,2461
35.719387,140.081311,2830
35.701394,140.093535,2834
35.695665,140.087854,1984
35.699242,140.081194,2213
35.707694,140.094282,3875
35.730156,140.101367,3350
35.714222,140.092495,549
35.725699,140.07143,2915
35.725649,140.115351,1483
35.775519,140.10434,478
35.741005,140.073398,1175
35.716235,140.122844,1092
35.888941,140.01548,73
35.883853,140.016464,756
35.880082,139.998315,1026
35.867616,139.998949,12
35.878706,140.01374,2698
35.870564,140.001772,820
35.87429,139.999347,1112
35.876655,140.026411,295
35.864024,140.009734,18
35.867907,140.010595,1519
35.872007,140.014225,615
35.868034,140.017612,679
35.867511,140.024272,1323
35.872004,140.025127,651
35.863542,140.020394,694
35.870743,140.031625,1082
35.874866,140.020932,1440
35.867221,140.041586,2345
35.864688,140.044244,1021
35.877523,140.03483,641
35.873421,140.040415,1233
35.877534,140.048844,1051
35.886108,140.056344,289
35.882238,140.051599,525
35.864694,140.034303,1309
35.860131,140.035034,31
35.87322,140.053886,831
35.866312,140.057022,381
35.857313,140.051307,37
35.864063,140.061267,285
35.858336,140.070755,41
35.863515,140.06984,4286
35.870246,140.071695,529
35.876559,140.081769,1907
35.865082,140.083223,489
35.858807,140.079644,16
35.873414,140.100231,345
35.862887,140.089632,448
35.867937,140.103547,684
35.866376,140.112615,1450
35.845107,140.138504,203
35.853875,140.135253,1731
35.858107,140.120094,1617
35.868635,140.122175,52
35.848187,140.140956,126
35.845805,140.131281,112
35.849014,140.127958,8
35.848408,140.122033,8
35.852561,140.124232,17
35.855867,140.118522,20
35.87567,140.011116,4294
35.860529,140.109679,1147
35.120452,140.065932,197
35.123506,140.057045,24
35.127907,140.057689,101
35.130483,140.063876,25
35.149138,140.060389,93
35.125988,140.072281,94
35.110752,140.062461,56
35.110937,140.072499,87
35.103971,140.077135,150
35.111736,140.083556,66
35.150253,140.078506,200
35.111075,140.091245,99
35.121208,140.084777,301
35.124071,140.091845,322
35.140644,140.09337,45
35.155437,140.106453,237
35.116667,140.107695,846
35.129257,140.116852,432
35.142964,140.130021,639
35.098637,140.093417,714
35.092454,140.104472,14
35.100848,140.104426,255
35.107329,140.10114,937
35.126128,139.956979,157
35.144777,139.951125,128
35.144627,139.970434,59
35.141652,139.976372,39
35.144981,139.982037,22
35.135651,139.982729,43
35.143169,139.992605,199
35.137532,139.995355,85
35.13526,140.005455,30
35.144225,140.01067,35
35.123904,139.998451,46
35.129714,140.009699,64
35.14387,140.018491,52
35.131013,140.026074,83
35.121165,140.011926,95
35.108413,140.004737,11
35.145969,140.030578,131
35.141902,140.046665,150
35.120738,140.028152,214
35.114368,140.038008,68
35.116101,140.054464,42
35.06226,140.066065,192
35.06245,140.05765,203
35.073267,140.044609,41
35.06455,140.038899,131
35.086419,140.036366,74
35.099045,140.014642,51
35.101114,140.037577,40
35.093889,140.047537,52
35.093599,140.056998,45
35.086844,140.065847,75
35.097736,140.068043,34
35.088254,140.080139,164
35.085336,140.093813,338
35.077574,140.097766,125
35.074396,140.075441,102
35.065329,140.078706,47
35.062304,140.072355,81
35.072684,140.058444,14
35.145811,140.196048,440
35.116863,140.203534,223
35.139127,140.165316,1042
35.123969,140.142273,339
35.156584,140.154219,19
35.176827,140.139195,32
35.760393,140.003201,1347
35.751745,140.006369,3592
35.763644,140.019119,1552
35.743302,140.006746,1218
35.755288,139.989567,315
35.751228,139.999973,2650
35.752402,139.985385,1186
35.744601,139.989063,246
35.76132,139.990676,248
35.761405,139.980199,267
35.766174,139.989691,2855
35.77146,139.985889,1428
35.783706,139.985132,2091
35.776651,140.008742,3061
35.764154,140.004015,369
35.775526,140.004379,669
35.769061,139.996305,913
35.773984,140.014691,2448
35.785559,139.972789,1897
35.77952,139.989114,20
35.786414,140.003988,660
35.795335,140.01027,263
35.798643,140.003556,582
35.799523,140.000355,860
35.794126,140.002076,193
35.791053,140.019772,189
35.762664,139.993454,1400
35.775252,139.99718,814
35.777953,139.99091,223
35.7615,139.998936,847
35.77968,140.000725,993
35.319137,139.941208,420
35.323302,139.931964,122
35.324179,139.928537,189
35.327486,139.935289,203
35.318412,139.930829,31
35.320665,139.927268,143
35.313931,139.927382,69
35.31525,139.924712,1328
35.325692,139.908788,1185
35.332953,139.935919,39
35.325653,139.92246,2453
35.33694,139.918666,17
35.331731,139.911657,1631
35.340277,139.894643,738
35.343167,139.888343,244
35.336383,139.895109,294
35.337221,139.883749,687
35.341357,139.875832,15
35.338505,139.877586,613
35.342312,139.864474,483
35.335524,139.869438,1062
35.332155,139.884178,159
35.327535,139.895111,1377
35.330712,139.901219,306
35.332552,139.901281,92
35.325585,139.903656,586
35.335248,139.901539,513
35.333755,139.900702,54
35.326737,139.900253,184
35.295187,139.924802,32
35.301074,139.929858,344
35.291272,139.915539,65
35.31082,139.917817,847
35.308698,139.930498,86
35.302073,139.921962,16
35.303595,139.938233,124
35.290258,139.935148,25
35.286177,139.944197,100
35.276193,139.955511,20
35.27089,139.943732,31
35.281809,139.928862,142
35.273146,139.922525,16
35.279046,139.92004,11
35.318012,139.90277,248
35.316497,139.912826,104
35.308234,139.903852,20
35.30847,139.910452,85
35.308132,139.91605,482
35.2978,139.909105,59
35.301405,139.89933,23
35.312821,139.894181,130
35.319769,139.886965,172
35.324902,139.886712,304
35.303623,139.957453,633
35.290893,139.956572,106
35.300168,139.947201,662
35.309708,139.955442,188
35.321908,139.951548,49
35.322061,139.962535,32
35.312402,139.971838,58
35.300643,139.970795,254
35.292711,139.99332,182
35.282943,140.005242,168
35.272434,140.012793,54
35.276443,139.978453,130
35.288899,139.976473,64
35.275828,139.967252,18
35.297635,139.977266,51
35.302377,139.981895,27
35.305092,139.986781,73
35.312485,139.987643,45
35.315547,140.004234,51
35.297991,140.012017,21
35.252143,139.993045,34
35.259622,139.992341,66
35.267608,139.987299,58
35.267887,140.000951,34
35.25449,140.016215,222
35.256826,140.000023,42
35.241992,140.010296,70
35.237444,139.983103,27
35.236971,139.992988,76
35.222776,139.999,15
35.253345,139.966199,39
35.234982,140.002359,76
35.221787,140.007887,20
35.225761,140.018759,23
35.222154,140.023558,28
35.218035,140.031853,43
35.190756,140.038004,23
35.208946,140.026835,40
35.206038,140.000705,20
35.200832,140.023245,27
35.176751,140.011484,240
35.346091,140.062567,135
35.33914,140.051516,148
35.329588,140.048469,92
35.313978,140.031663,249
35.307447,140.045124,78
35.301597,140.050916,105
35.303685,140.068735,64
35.31082,140.074801,116
35.316354,140.066407,90
35.317301,140.056366,213
35.327477,140.062469,142
35.335911,140.073086,102
35.323954,140.078355,125
35.323919,140.095984,22
35.295756,140.079297,307
35.301514,140.083766,44
35.291024,140.088785,77
35.27534,140.082603,129
35.269409,140.104434,71
35.292067,140.108172,55
35.308728,140.101912,54
35.316997,140.094133,33
35.293622,140.071249,10
35.288146,140.038258,113
35.280599,140.057018,10
35.283449,140.065263,38
35.296622,140.062083,17
35.292209,140.051742,44
35.271481,140.070576,111
35.27285,140.041616,133
35.244036,140.037985,110
35.259221,140.063024,460
35.244873,140.064479,132
35.247402,140.076246,19
35.247082,140.091459,31
35.237946,140.086074,31
35.242927,140.078646,22
35.237079,140.073348,23
35.225339,140.058034,41
35.201676,140.139779,44
35.225736,140.126412,64
35.22696,140.118158,17
35.225088,140.112729,20
35.20462,140.107821,63
35.241921,140.10616,70
35.219081,140.093556,37
35.232834,140.089441,68
35.219359,140.085327,27
35.215085,140.0793,7
35.223816,140.083951,3
35.232771,140.080593,23
35.228127,140.082594,7
35.196671,140.074821,118
35.171334,140.049987,17
35.31104,139.811469,1388
35.315599,139.830417,97
35.306532,139.834221,141
35.301019,139.844377,224
35.335138,139.851263,1907
35.321298,139.847214,1086
35.315788,139.839917,230
35.3135,139.857808,637
35.308711,139.870036,302
35.311265,139.880237,45
35.310179,139.885508,13
35.323754,139.869072,770
35.271871,139.869264,746
35.286303,139.859871,542
35.294079,139.854385,838
35.297186,139.867537,568
35.290327,139.879238,135
35.300549,139.880687,113
35.294441,139.898941,8
35.296567,139.890666,42
35.284383,139.898302,179
35.282211,139.885255,39
35.281209,139.878696,73
35.280489,139.87125,109
35.262329,139.909216,61
35.257177,139.894049,42
35.263961,139.893551,162
35.260824,139.872806,281
35.27153,139.904053,104
35.249182,139.88715,126
35.251129,139.870467,189
35.24112,139.877212,82
35.227172,139.876944,639
35.218037,139.881145,134
35.225783,139.884058,88
35.226048,139.896271,136
35.232484,139.895999,42
35.217016,139.895514,109
35.222164,139.899757,55
35.248817,139.921594,50
35.208817,139.866621,85
35.210245,139.876421,88
35.209953,139.887633,37
35.200768,139.903058,84
35.219967,139.905666,87
35.213692,139.905466,26
35.199534,139.880827,98
35.175562,139.894341,50
35.1863,139.861523,477
35.196765,139.833226,175
35.175087,139.835561,548
35.21145,139.932563,64
35.219756,139.926515,47
35.208023,139.927242,18
35.198308,139.931315,35
35.212184,139.922381,12
35.20504,139.916313,45
35.217211,139.921323,13
35.220504,139.915123,25
35.224928,139.919228,14
35.226065,139.929097,18
35.221282,139.94067,47
35.234698,139.951739,57
35.208493,139.961365,20
35.209903,139.975678,22
35.178712,139.927151,53
35.155152,139.922894,44
35.21562,139.94405,17
35.211119,139.945934,34
35.204694,139.949167,37
35.175635,139.968061,227
35.215155,139.914748,62
35.196945,139.951721,15
35.669536,139.890041,2414
35.662056,139.903464,4029
35.65618,139.90192,2550
35.660524,139.889151,3744
35.647532,139.886532,3691
35.658864,139.908563,1661
35.643586,139.892431,2811
35.651986,139.90746,3430
35.646147,139.91482,3228
35.646282,139.905502,2208
35.644313,139.908004,1307
35.637265,139.894755,1992
35.630453,139.882388,1236
35.640387,139.932974,4639
35.644332,139.919104,2936
35.631635,139.920756,4257
35.699788,140.198751,120
35.690289,140.198726,559
35.681453,140.190246,19
35.677627,140.177565,1749
35.688311,140.172671,342
35.686716,140.167078,10
35.664215,140.15508,993
35.664816,140.159749,877
35.660029,140.161187,1209
35.68842,140.159017,5835
35.67656,140.145401,319
35.667344,140.176729,1708
35.655857,140.165665,2328
35.674986,140.195959,268
35.644183,140.196969,248
35.654692,140.182227,136
35.662848,140.210589,14
35.662812,140.204299,163
35.669092,140.201432,6
35.657651,140.195475,36
35.659039,140.190917,74
35.654234,140.1917,57
35.665257,140.172409,136
35.692019,140.185633,2622
35.660322,140.185423,1470
35.666679,140.195275,1631
35.671188,140.177619,598
35.663414,140.152094,212
35.668894,140.174891,479
35.657686,140.163946,1043
35.657261,140.174525,1577
35.686563,140.176998,546
35.63928,140.201994,1146
35.687634,140.187701,712
35.668164,140.165662,393
35.427424,139.948979,455
35.430508,139.956904,125
35.436864,139.960805,903
35.42804,139.966135,1466
35.433348,139.955592,268
35.422247,139.9605,602
35.427216,139.971968,1351
35.440611,139.976888,508
35.441911,139.976803,68
35.438387,140.001582,2772
35.433392,140.015876,1458
35.451844,140.003451,111
35.447683,140.0204,810
35.456159,140.024976,565
35.449862,140.00124,1890
35.44993,139.990432,14
35.41842,139.986622,348
35.415634,139.997961,79
35.414032,140.00485,103
35.416055,140.015397,188
35.426772,140.012494,66
35.410839,140.016824,52
35.418599,140.025258,1121
35.403333,140.030305,110
35.415495,140.035238,156
35.388932,140.061897,166
35.386687,140.049493,341
35.415623,140.074898,242
35.394148,140.078158,68
35.397395,140.044692,467
35.413033,140.046337,365
35.407189,140.05743,44
35.410298,140.022751,103
35.378649,140.03938,185
35.388532,140.021194,1004
35.391585,140.001008,56
35.398481,140.016757,24
35.402476,140.016934,40
35.369041,140.031726,36
35.375621,140.027684,64
35.382086,140.030128,15
35.375026,140.02185,52
35.366131,140.019588,33
35.379131,140.006612,131
35.369706,140.009806,77
35.368629,140.003039,22
35.352048,140.012847,44
35.355178,140.005544,23
35.656594,140.302912,3479
35.662939,140.335197,2101
35.63231,140.315467,710
35.680306,140.315212,1977
35.700444,140.305253,1627
35.685272,140.300506,1021
35.67251,140.300674,1020
35.668149,140.295251,331
35.667578,140.278407,1346
35.652605,140.275133,1219
35.608112,140.305869,352
35.590238,140.31159,340
35.580021,140.287769,498
35.600326,140.275304,396
35.675518,140.334126,965
35.653924,140.324692,603
35.626148,140.279704,193
35.619038,140.272829,61
35.636456,140.259481,64
35.638621,140.270966,132
35.635504,140.283456,289
35.642613,140.304223,1082
35.627896,140.296367,601
35.612929,140.291105,252
35.593112,140.29195,193
35.681119,140.294068,678
35.683048,140.284237,374
35.643061,140.281146,330
35.688466,140.316891,131
35.643595,140.263597,28
35.643028,140.321943,29
35.665961,140.337216,78
35.664134,140.318117,52
35.839139,140.153341,486
35.834457,140.152108,314
35.830397,140.161049,165
35.820222,140.156845,77
35.814503,140.166988,24
35.84141,140.159703,764
35.835069,140.173919,171
35.828796,140.188619,930
35.830828,140.197964,669
35.825566,140.193932,339
35.822778,140.188141,464
35.831078,140.139939,1586
35.822962,140.133613,83
35.827593,140.122698,55
35.837026,140.117625,107
35.821855,140.107874,243
35.818555,140.098129,51
35.813507,140.094111,4
35.812417,140.103771,26
35.815659,140.114937,41
35.805187,140.114199,1738
35.819802,140.123438,87
35.808828,140.119956,433
35.809769,140.114928,102
35.808085,140.107821,1783
35.785568,140.106406,146
35.794189,140.107915,429
35.788296,140.116564,60
35.783199,140.127475,172
35.776015,140.13925,131
35.788458,140.140231,56
35.793919,140.129322,16
35.794494,140.122525,1150
35.800797,140.124884,1110
35.792063,140.141009,1825
35.804704,140.145931,1519
35.798683,140.154437,1492
35.803014,140.163813,1538
35.800089,140.17359,449
35.815968,140.159401,38
35.811027,140.128802,39
35.796214,140.118499,1410
35.802791,140.116014,274
35.799633,140.117653,624
35.77409,140.217483,297
35.77173,140.237673,212
35.758045,140.250687,253
35.747155,140.255448,615
35.791727,140.235636,257
35.800755,140.215918,144
35.794156,140.221591,35
35.765534,140.170464,395
35.759681,140.188192,153
35.776006,140.195523,89
35.781543,140.183142,103
35.790595,140.178687,46
35.76943,140.153468,137
35.780858,140.206192,263
35.784408,140.202895,409
35.789727,140.210647,749
35.810181,140.195516,66
35.805772,140.202967,89
35.795404,140.198881,57
35.788944,140.192493,27
35.801239,140.186145,179
35.816034,140.178612,87
35.821323,140.190771,22
35.819745,140.203304,237
35.813211,140.216014,87
35.8194,140.219362,49
35.826535,140.219958,52
35.834976,140.224771,114
35.834289,140.21045,49
35.831254,140.203864,32
35.827081,140.230756,37
35.8121,140.239803,85
35.811288,140.174276,1476
35.806027,140.077398,418
35.804129,140.064482,241
35.784485,140.057682,553
35.782328,140.023149,451
35.785262,140.043508,2343
35.77257,140.023576,2532
35.800425,140.050961,128
35.807959,140.045665,102
35.813443,140.038125,296
35.820357,140.051301,281
35.827621,140.060104,101
35.832508,140.065865,33
35.815852,140.061888,60
35.822852,140.079673,215
35.808639,140.093215,184
35.797869,140.088829,73
35.790755,140.095466,75
35.789198,140.038022,1495
35.78252,140.059006,1151
35.781878,140.054086,1648
35.787647,140.025891,1216
35.798967,140.043293,768
35.778286,140.049148,816
35.800736,140.105848,1829
35.781514,140.031154,716
35.796441,140.044836,169
35.803272,140.032794,1100
35.786351,140.054257,943
35.76273,140.323526,673
35.755623,140.334798,410
35.750211,140.347102,357
35.737614,140.353704,978
35.728406,140.333551,5339
35.724159,140.301923,237
35.72434,140.317902,488
35.71479,140.310889,236
35.708548,140.329945,296
35.71731,140.33905,479
35.697488,140.321949,42
35.693147,140.370421,1938
35.709801,140.376269,1085
35.762264,140.317973,2915
35.067133,139.835319,231
35.054962,139.838168,160
35.046915,139.840155,420
35.036495,139.826133,358
35.039519,139.841757,64
35.0433,139.849485,219
35.041439,139.862235,82
35.053911,139.870698,42
35.069596,139.876624,54
35.06675,139.853839,30
35.065729,139.860754,11
35.076046,139.870167,10
35.095859,139.843875,379
35.093907,139.854569,312
35.090068,139.853789,95
35.083169,139.855022,324
35.076049,139.835573,48
35.086468,139.874636,35
35.093986,139.873541,78
35.103241,139.868407,88
35.104398,139.854509,32
35.099482,139.923514,102
35.096684,139.945195,68
35.113544,139.93723,51
35.107121,139.905016,29
35.107173,139.891748,35
35.094627,139.891523,79
35.089868,139.910826,169
35.077869,139.903684,25
35.072702,139.928274,42
35.064459,139.903462,101
35.053148,139.89556,117
35.038652,139.897518,82
35.040351,139.891656,63
35.039096,139.88667,117
35.025428,139.887745,44
35.02903,139.900678,193
35.046965,139.914791,36
35.036171,139.904862,36
35.041931,139.904076,37
35.032524,139.897774,21
35.024411,139.901275,28
35.016081,139.897336,308
35.013271,139.887863,117
35.025173,139.909183,54
35.021018,139.916654,59
35.03037,139.921801,63
35.045519,139.930037,121
34.913024,139.924212,134
34.909715,139.916425,138
34.909834,139.909553,78
34.908102,139.905166,153
34.906674,139.901448,105
34.909004,139.898136,132
34.909332,139.892964,137
34.905996,139.88783,192
34.92007,139.901529,74
34.906329,139.879722,156
34.907634,139.868934,225
34.916828,139.870837,113
34.910222,139.853917,98
34.909137,139.839361,172
34.92049,139.937282,210
34.928807,139.94341,169
34.93338,139.949142,191
34.938417,139.954191,162
34.943384,139.958286,121
34.947614,139.960324,248
34.954012,139.961221,383
34.958894,139.960242,133
34.960556,139.957009,329
34.970313,139.951271,461
34.961748,139.949649,74
34.949097,139.930276,41
34.974928,139.920656,87
34.975475,139.937988,74
34.990416,139.938575,36
34.98347,139.945567,125
34.981253,139.957538,625
34.975593,139.950693,89
34.989263,139.968125,310
34.988969,139.961171,93
34.998058,139.95314,37
35.005877,139.97357,131
35.007291,139.961882,255
34.996359,139.964505,23
34.999602,139.942879,18
35.017302,139.965641,23
35.013266,139.944659,174
35.02528,139.945566,247
35.025644,139.966794,145
35.028558,139.958073,45
35.042805,139.97235,37
35.067494,139.968149,66
35.057047,139.971254,90
35.036468,139.955603,21
35.036633,139.945371,39
35.040448,139.950691,91
35.060045,139.965362,15
35.079536,139.96798,144
35.072242,139.957027,17
35.070818,139.949384,122
35.100065,139.979321,98
35.064715,140.026321,132
35.054927,140.01985,127
35.042352,140.017345,250
35.036947,140.016591,102
35.039463,140.013452,66
35.046362,140.009389,106
35.052059,140.005645,99
35.050493,139.988436,117
35.060623,139.995591,91
35.081378,140.000135,78
35.033568,139.998988,79
35.031692,139.984158,117
35.041377,139.984305,84
35.023911,139.983169,192
35.018091,139.981245,164
35.024662,139.975354,43
35.700517,140.544137,908
35.704973,140.552458,89
35.707527,140.560078,331
35.695932,140.561243,200
35.692951,140.532949,377
35.702973,140.543683,145
35.689253,140.519645,507
35.691304,140.516034,655
35.677829,140.518269,73
35.6935,140.505291,64
35.700773,140.508301,13
35.703478,140.503947,29
35.7117,140.505261,43
35.710671,140.51379,69
35.703257,140.512259,16
35.705079,140.522121,21
35.685761,140.546369,280
35.681165,140.560522,401
35.672108,140.544222,216
35.679965,140.529324,185
35.707543,140.532539,116
35.715528,140.526956,65
35.725255,140.533484,124
35.731542,140.534456,27
35.729714,140.523527,40
35.718266,140.543455,50
35.709962,140.54456,65
35.713458,140.552375,36
35.748109,140.558948,223
35.73305,140.554675,247
35.732073,140.567405,11
35.74605,140.543011,138
35.723947,140.517951,39
35.720136,140.512415,22
35.72487,140.510289,22
35.731434,140.51021,32
35.722073,140.498038,247
35.742475,140.527469,104
35.736827,140.520622,35
35.740134,140.514946,20
35.739726,140.506925,54
35.752012,140.511048,52
35.751681,140.518274,72
35.753214,140.531578,67
35.674653,140.610252,215
35.670179,140.598944,235
35.681474,140.592228,15
35.683354,140.584078,142
35.686391,140.600881,173
35.693727,140.585369,452
35.70483,140.600827,91
35.705054,140.586418,194
35.703244,140.572673,465
35.695256,140.6004,37
35.718419,140.573122,913
35.729856,140.584081,429
35.664894,140.583065,1056
35.660905,140.567013,459
35.647632,140.572216,247
35.65995,140.553393,419
35.641843,140.5528,404
35.655929,140.540708,304
35.886606,140.51977,97
35.890111,140.526279,69
35.88416,140.527031,18
35.883269,140.531282,64
35.88803,140.537395,75
35.878898,140.536852,34
35.87883,140.544131,62
35.867917,140.543647,108
35.872197,140.529823,79
35.852455,140.527789,247
35.860806,140.516155,105
35.839222,140.511852,193
35.877287,140.522915,175
35.879858,140.514312,183
35.867777,140.503376,157
35.851201,140.504003,88
35.860956,140.482946,169
35.8761,140.477332,179
35.862531,140.474422,167
35.863122,140.466189,155
35.858559,140.49071,32
35.848465,140.487203,98
35.838512,140.470248,57
35.838616,140.485881,62
35.83216,140.477865,25
35.82461,140.461716,83
35.82908,140.489846,71
35.825787,140.473447,30
35.884053,140.46248,340
35.889998,140.455998,66
35.90026,140.453985,174
35.902137,140.469182,205
35.895851,140.475312,63
35.886611,140.480708,272
35.891572,140.47941,109
35.887011,140.47156,79
35.872476,140.457787,34
35.881537,140.45603,32
35.879508,140.450595,46
35.872407,140.444987,35
35.91107,140.448266,46
35.911968,140.4646,35
35.911093,140.477299,34
35.900559,140.540105,82
35.898726,140.536138,57
35.899274,140.533422,68
35.902692,140.533017,90
35.902255,140.528878,23
35.89978,140.52989,32
35.900038,140.527284,79
35.895594,140.525327,42
35.899356,140.521786,63
35.911678,140.53511,69
35.895955,140.532636,64
35.89416,140.545553,44
35.8984,140.553565,54
35.896122,140.561816,54
35.893803,140.565794,27
35.893388,140.569764,57
35.890983,140.572045,48
35.879023,140.561147,149
35.882015,140.553841,43
35.904316,140.56673,48
35.883067,140.568942,99
35.936853,140.509,72
35.944823,140.511733,78
35.953612,140.510808,56
35.950463,140.51419,38
35.947599,140.520715,67
35.93692,140.528549,121
35.929336,140.536743,127
35.934126,140.542663,58
35.923359,140.543776,61
35.918326,140.551167,121
35.928747,140.553397,24
35.912461,140.565402,31
35.916879,140.570131,60
35.906694,140.585072,51
35.89651,140.433547,149
35.894425,140.445037,188
35.886015,140.439547,117
35.880373,140.441185,30
35.875385,140.433282,28
35.881141,140.431786,16
35.888136,140.428292,29
35.88634,140.432561,450
35.90073,140.483997,592
35.894355,140.491169,362
35.889901,140.489059,7
35.891941,140.487221,153
35.893739,140.494405,7
35.89061,140.492565,102
35.891966,140.494938,53
35.890815,140.495788,56
35.890136,140.496561,33
35.889638,140.497895,13
35.889845,140.497019,17
35.889011,140.496794,22
35.888661,140.49536,18
35.88951,140.494802,41
35.888678,140.492954,39
35.889898,140.491266,16
35.878418,140.490476,39
35.882476,140.484122,327
35.884864,140.494236,109
35.888244,140.493966,22
35.887343,140.496853,35
35.891454,140.497881,38
35.890652,140.497541,12
35.894098,140.495778,58
35.898263,140.502962,186
35.901534,140.500854,163
35.904189,140.496477,158
35.903009,140.492587,208
35.901958,140.49559,47
35.880617,140.500443,331
35.887891,140.488688,44
35.885082,140.4899,110
35.896707,140.496588,203
35.889171,140.498575,45
35.890763,140.499603,33
35.889244,140.499963,37
35.89158,140.500814,111
35.893235,140.499202,39
35.895794,140.505649,101
35.886928,140.499034,79
35.886977,140.501334,138
35.887944,140.502922,149
35.890591,140.504366,174
35.887699,140.508662,399
35.894918,140.514387,282
35.909126,140.508368,61
35.913422,140.501792,85
35.918935,140.49352,92
35.928308,140.492785,89
35.925299,140.505441,132
35.925527,140.523197,136
35.91208,140.517475,97
35.920916,140.45588,26
35.919956,140.465846,30
35.847885,140.612888,252
35.852291,140.611666,206
35.853966,140.607994,37
35.854839,140.606955,20
35.855611,140.609598,20
35.853206,140.606147,71
35.847181,140.608015,401
35.852441,140.603158,18
35.852902,140.602441,35
35.854194,140.603897,18
35.854603,140.605459,11
35.854985,140.604933,24
35.855964,140.604427,33
35.856164,140.605825,22
35.856622,140.607681,22
35.864885,140.614876,266
35.857287,140.606425,39
35.858671,140.605134,37
35.861705,140.601716,298
35.856434,140.592288,613
35.854798,140.601953,40
35.851303,140.591496,356
35.84794,140.595419,147
35.840549,140.593699,66
35.839458,140.60107,124
35.845018,140.600681,100
35.836542,140.609588,50
35.83967,140.61294,239
35.858442,140.614413,433
35.879502,140.572672,289
35.895875,140.587819,84
35.88524,140.59071,267
35.880151,140.597806,329
35.873368,140.604762,232
35.86266,140.592654,151
35.867982,140.576151,36
35.883622,140.570399,77
35.853852,140.546085,168
35.835915,140.546537,173
35.844499,140.559291,125
35.825845,140.569325,79
35.833172,140.570715,70
35.838159,140.569931,45
35.848561,140.566261,328
35.845446,140.581792,84
35.859075,140.567733,118
35.864443,140.565171,59
35.853233,140.629072,307
35.840343,140.637104,185
35.830608,140.643516,95
35.834023,140.628538,25
35.838358,140.62139,38
35.836922,140.616254,30
35.839881,140.627326,24
35.82597,140.621598,153
35.824791,140.635131,30
35.811389,140.634054,97
35.81252,140.623492,63
35.819226,140.616637,39
35.832441,140.589291,183
35.837696,140.592398,133
35.830533,140.599531,69
35.830524,140.606713,52
35.822838,140.592957,126
35.815682,140.595462,190
35.805732,140.570137,157
35.818752,140.56107,200
35.828451,140.581269,78
35.79599,140.610383,122
35.792245,140.596796,70
35.798462,140.605851,139
35.803629,140.619541,45
35.804618,140.609868,33
35.802342,140.612575,27
35.784414,140.600838,193
35.798599,140.58495,127
35.800829,140.597249,64
35.782774,140.610803,60
35.788469,140.621716,17
35.79125,140.614122,33
35.790253,140.606111,16
35.789458,140.602882,15
35.791397,140.530122,341
35.785649,140.549758,222
35.783307,140.565415,267
35.774133,140.578344,102
35.782957,140.583815,80
35.763364,140.557986,160
35.815992,140.510277,408
35.827424,140.503456,180
35.815391,140.535853,454
35.793496,140.509867,85
35.803821,140.493227,56
35.807143,140.471474,286
35.81665,140.487659,92
35.591199,140.391699,213
35.59812,140.401564,1225
35.610429,140.411983,410
35.601665,140.419037,291
35.594179,140.41575,148
35.606797,140.384336,109
35.613877,140.391437,45
35.612333,140.401305,159
35.619366,140.402766,19
35.626137,140.395615,27
35.629267,140.40639,9
35.624226,140.408802,33
35.621074,140.413903,36
35.618661,140.420405,60
35.60945,140.425374,245
35.610689,140.436546,89
35.618424,140.437615,135
35.621693,140.444141,23
35.596762,140.432557,277
35.60447,140.436828,76
35.59287,140.440674,91
35.582125,140.44848,236
35.60592,140.453058,648
35.590278,140.455173,78
35.590778,140.462716,57
35.575955,140.469971,695
35.564806,140.468105,262
35.586119,140.476212,208
35.584947,140.485194,243
35.578967,140.436438,703
35.561499,140.457282,473
35.65223,140.3724,1083
35.638054,140.393613,182
35.647468,140.403883,109
35.662403,140.407259,42
35.668129,140.394607,87
35.674498,140.380561,146
35.672648,140.367038,501
35.681091,140.363471,55
35.66952,140.353496,247
35.652793,140.338105,450
35.640419,140.344455,1055
35.629417,140.37726,317
35.615479,140.362894,389
35.615721,140.381941,34
35.621283,140.349065,79
35.628599,140.341311,50
35.622565,140.338956,35
35.610412,140.340626,30
35.630827,140.3695,475
35.643536,140.375552,197
35.591592,140.491198,394
35.599625,140.496164,254
35.609818,140.50453,236
35.600716,140.512494,464
35.582249,140.495689,37
35.642954,140.45983,162
35.638938,140.450501,157
35.633039,140.448993,164
35.630789,140.442362,177
35.63125,140.460576,290
35.628781,140.452752,127
35.622877,140.450864,51
35.653996,140.458478,446
35.636415,140.471144,92
35.630399,140.479361,47
35.627069,140.491487,134
35.623854,140.477033,98
35.623359,140.46441,283
35.612261,140.469409,208
35.613828,140.484897,106
35.605102,140.472805,39
35.604303,140.47986,42
35.598444,140.473621,59
35.646712,140.441517,107
35.639071,140.415955,23
35.635707,140.426989,23
35.628675,140.42848,49
35.671066,140.421374,113
35.665002,140.427902,21
35.660718,140.434352,46
35.655557,140.423366,72
35.647433,140.42538,82
35.308708,140.324897,240
35.317093,140.310696,100
35.309686,140.290067,163
35.326667,140.306579,141
35.312495,140.333748,47
35.32137,140.329584,15
35.332199,140.32085,3
35.281443,140.304677,131
35.281783,140.311349,60
35.281066,140.315264,170
35.285297,140.306849,103
35.293001,140.305137,98
35.29882,140.309602,44
35.304151,140.307906,65
35.292286,140.316574,71
35.29609,140.328756,113
35.277735,140.32007,209
35.283682,140.283873,125
35.28464,140.294837,56
35.270431,140.287148,99
35.25245,140.293525,115
35.27533,140.275883,16
35.278092,140.27069,13
35.277457,140.2618,27
35.286113,140.271169,38
35.296495,140.281997,116
35.291364,140.294451,28
35.239516,140.390219,2636
35.269057,140.382236,397
35.253947,140.366917,193
35.233831,140.367355,145
35.25821,140.391343,563
35.274362,140.395106,507
35.243959,140.336365,113
35.245987,140.317854,413
35.273967,140.329079,91
35.278331,140.336212,49
35.284767,140.337366,43
35.271059,140.351566,90
35.262198,140.35319,83
35.251996,140.349778,25
35.220586,140.345248,107
35.23038,140.348071,167
35.204718,140.374811,80
35.218493,140.379178,258
35.208411,140.387805,144
35.209944,140.36616,269
35.323145,140.376679,728
35.318852,140.392731,312
35.31258,140.405802,507
35.304892,140.348868,342
35.32686,140.337156,170
35.338593,140.319821,57
35.324029,140.355188,348
35.338223,140.35805,100
35.296878,140.388283,410
35.29563,140.400049,515
35.283708,140.378166,521
35.301013,140.365894,454
35.306154,140.379952,474
35.286477,140.355113,151
35.504751,140.31293,504
35.506773,140.305606,345
35.51863,140.318202,583
35.517133,140.313396,622
35.512705,140.320998,74
35.512077,140.291756,114
35.501835,140.296605,24
35.504535,140.283846,33
35.49939,140.278682,12
35.529837,140.327274,1420
35.520512,140.324873,154
35.509627,140.337722,67
35.544583,140.30459,27
35.538405,140.297669,411
35.526656,140.3081,159
35.52351,140.296314,115
35.526114,140.29969,70
35.548815,140.311893,65
35.55193,140.321532,60
35.540026,140.330421,31
35.518074,140.346663,261
35.524575,140.355981,293
35.514559,140.341516,57
35.496415,140.337924,1223
35.51439,140.329212,707
35.507403,140.35004,363
35.503959,140.343948,488
35.513762,140.350883,208
35.503979,140.355242,395
35.510857,140.362334,671
35.530329,140.346256,276
35.481069,140.403382,800
35.49412,140.388733,513
35.499998,140.414219,679
35.491528,140.409683,664
35.507369,140.371331,97
35.497379,140.370671,84
35.498701,140.36069,61
35.506777,140.377517,80
35.495514,140.379521,172
35.479098,140.381302,46
35.517453,140.304565,1552
35.554118,140.298199,1100
35.54281,140.31706,1102
35.720625,140.269584,48
35.730631,140.265421,503
35.720987,140.260143,211
35.717859,140.258955,470
35.707173,140.268222,207
35.712388,140.280146,105
35.723784,140.287152,79
35.716149,140.290452,33
35.7377,140.268126,139
35.738703,140.280477,743
35.749601,140.26937,92
35.752265,140.277709,207
35.746408,140.28991,115
35.741236,140.300175,23
35.753606,140.293387,4
35.728631,140.276917,1933
35.715659,140.26258,132
35.734367,140.274853,1190
35.725623,140.28036,622
35.834111,140.243189,411
35.826604,140.244775,1512
35.845253,140.245346,1873
35.848512,140.257938,87
35.857099,140.250645,39
35.858859,140.263698,90
35.863967,140.276673,88
35.854514,140.274037,71
35.842887,140.273575,40
35.830689,140.271654,83
35.819019,140.255502,267
35.828745,140.259703,425
35.832368,140.27986,1481
35.845354,140.180531,46
35.846923,140.189555,34
35.848966,140.19373,39
35.854544,140.199501,40
35.85695,140.2117,70
35.848206,140.225306,40
35.847699,140.232249,59
35.841798,140.217151,90
35.839747,140.201482,53
35.839679,140.191954,71
35.836503,140.207607,315
35.84715,140.207443,66
35.85359,140.224022,31
35.904562,140.403489,458
35.89905,140.397322,131
35.897363,140.380756,17
35.902148,140.388168,28
35.891338,140.390561,107
35.893619,140.402909,90
35.903961,140.420167,30
35.90657,140.431421,24
35.878612,140.414858,64
35.879804,140.424051,36
35.867762,140.429966,72
35.865544,140.406567,120
35.882091,140.401044,68
35.884005,140.413903,16
35.892699,140.42312,70
35.894656,140.414703,233
35.884834,140.408868,111
35.888969,140.414325,382
35.743511,140.470162,840
35.721629,140.473011,115
35.720665,140.450835,114
35.728063,140.442472,76
35.744417,140.443168,165
35.742696,140.458297,186
35.762554,140.439137,351
35.764517,140.429234,97
35.778729,140.410342,63
35.712031,140.464519,191
35.702119,140.45987,99
35.77837,140.486533,105
35.769089,140.481704,57
35.760805,140.477864,39
35.755526,140.466567,71
35.767267,140.466815,129
35.774982,140.456207,133
35.776032,140.469828,54
35.783704,140.463409,33
35.78726,140.470864,71
35.793573,140.490519,72
35.78623,140.49662,60
35.790933,140.449337,323
35.767113,140.5228,42
35.773722,140.526642,185
35.762984,140.540103,86
35.759877,140.523812,58
35.771155,140.505715,338
35.737719,140.487067,286
35.753493,140.491952,327
35.743511,140.499501,19
35.738822,140.499502,45
35.729622,140.484929,83
35.798617,140.650611,75
35.789428,140.647973,63
35.79655,140.63989,49
35.79151,140.636329,37
35.806357,140.640075,38
35.811119,140.649729,72
35.821267,140.649892,108
35.819476,140.661951,65
35.800707,140.659543,27
35.842659,140.664769,1446
35.833363,140.678177,514
35.830003,140.702611,383
35.819609,140.70298,288
35.81132,140.703644,239
35.805489,140.687265,75
35.812016,140.674434,151
35.815095,140.687155,57
35.820163,140.686676,33
35.824541,140.686013,505
35.778559,140.670464,212
35.787674,140.659343,14
35.787376,140.68792,245
35.795228,140.669106,95
35.801448,140.667236,65
35.797837,140.627952,23
35.811464,140.659616,20
35.806661,140.659329,19
35.508697,140.419491,597
35.513367,140.425506,275
35.525002,140.402717,580
35.519514,140.422454,131
35.526909,140.411051,122
35.523769,140.416146,72
35.525103,140.424227,498
35.518258,140.431453,57
35.53388,140.437324,1880
35.546374,140.424886,324
35.545539,140.44941,426
35.553742,140.450729,608
35.507631,140.429318,34
35.690436,140.414853,391
35.692126,140.427939,6
35.698412,140.434533,206
35.704875,140.443066,25
35.701812,140.449525,43
35.711508,140.440528,33
35.713739,140.433149,31
35.717593,140.428368,23
35.709524,140.416419,118
35.707354,140.395089,157
35.69585,140.395134,528
35.699237,140.381114,82
35.719177,140.3842,57
35.717892,140.396478,66
35.761017,140.411792,148
35.744428,140.418582,232
35.728923,140.420417,28
35.729298,140.429745,44
35.721319,140.411931,55
35.734982,140.402789,287
35.726884,140.397492,16
35.707256,140.436478,3
35.707363,140.48891,235
35.699531,140.474584,88
35.688984,140.476818,105
35.694313,140.486533,61
35.690874,140.494546,69
35.686134,140.498957,31
35.682911,140.485359,54
35.677696,140.485637,35
35.676354,140.489838,32
35.679961,140.500524,95
35.680973,140.509206,57
35.672448,140.496923,106
35.661461,140.514093,1341
35.665463,140.531351,120
35.645835,140.52411,189
35.644623,140.533073,67
35.628434,140.534378,676
35.630423,140.549119,224
35.678879,140.458479,19
35.687244,140.456702,54
35.682935,140.465271,38
35.674723,140.468765,79
35.679424,140.472472,20
35.673966,140.476893,48
35.664562,140.472626,62
35.673672,140.463647,14
35.666431,140.462559,75
35.674124,140.450705,29
35.667124,140.4427,45
35.684271,140.433617,83
35.692271,140.445857,41
35.694932,140.456322,33
35.658664,140.479572,20
35.657614,140.480434,25
35.656879,140.477958,53
35.660026,140.477525,159
35.661763,140.486294,79
35.659371,140.483173,32
35.660684,140.481631,35
35.665564,140.491473,48
35.666899,140.486132,170
35.666117,140.480078,39
35.663024,140.493627,108
35.660764,140.490862,89
35.658584,140.488827,94
35.660063,140.493779,16
35.653469,140.498956,51
35.654115,140.500493,19
35.651369,140.49575,71
35.647596,140.494603,47
35.654321,140.490945,221
35.660224,140.497614,32
35.659492,140.495519,44
35.658969,140.497841,57
35.657349,140.497115,23
35.651819,140.50383,92
35.654891,140.501723,45
35.660607,140.475489,33
35.641209,140.497465,186
35.647603,140.486158,241
35.64019,140.48317,65
35.635566,140.488714,141
35.645498,140.475363,102
35.619382,140.5152,36
35.624496,140.516521,65
35.620674,140.524274,54
35.614712,140.515995,38
35.611636,140.528501,118
35.606835,140.523556,55
35.619682,140.507277,24
35.620411,140.502004,29
35.617627,140.500513,36
35.614436,140.497308,18
35.619547,140.494413,33
35.622133,140.509704,37
35.625241,140.504661,23
35.633605,140.501658,100
35.633604,140.506288,80
35.637706,140.510477,138
35.629289,140.513884,46
35.658145,140.498339,19
35.658658,140.498867,10
35.655131,140.481129,57
35.650122,140.500569,33
35.657334,140.499968,35
35.656542,140.498639,48
35.655538,140.482929,139
35.648808,140.503062,37
35.643991,140.503676,48
35.645465,140.500256,33
35.644565,140.498317,30
35.65844,140.499545,17
35.656741,140.502456,22
35.363648,140.380348,2051
35.365284,140.364053,57
35.33472,140.378289,101
35.349588,140.379913,786
35.381253,140.373232,380
35.38232,140.362711,230
35.386394,140.378687,219
35.380371,140.361021,34
35.376656,140.364702,60
35.36739,140.36658,226
35.337156,140.289933,261
35.327254,140.270897,111
35.34474,140.272821,150
35.358997,140.307833,28
35.358925,140.301159,129
35.350472,140.310768,193
35.357552,140.324623,226
35.372666,140.315335,86
35.380343,140.31752,74
35.384105,140.32509,127
35.383175,140.340833,505
35.37199,140.335562,532
35.361977,140.337488,56
35.364688,140.342499,34
35.350532,140.336703,51
35.389059,140.348286,372
35.395871,140.326689,630
35.403953,140.330981,89
35.409847,140.334033,243
35.411777,140.338022,71
35.403711,140.347712,389
35.392688,140.358233,312
35.420182,140.354292,944
35.403791,140.358021,325
35.418501,140.369146,141
35.431208,140.357183,95
35.423528,140.347921,37
35.396147,140.377199,1082
35.417917,140.378888,43
35.415089,140.378655,88
35.471372,140.399878,221
35.46588,140.394927,384
35.459515,140.390026,392
35.45205,140.380394,234
35.437799,140.355112,243
35.449618,140.36058,476
35.458303,140.354372,142
35.462271,140.365214,158
35.470421,140.366181,122
35.448579,140.39367,515
35.440675,140.387534,275
35.438189,140.371536,84
35.434262,140.383529,385
35.42499,140.386168,232
35.442832,140.243589,43
35.444767,140.238995,26
35.45413,140.224685,258
35.454634,140.243174,101
35.471184,140.248031,124
35.46313,140.237712,49
35.465616,140.232227,16
35.478978,140.243622,112
35.47032,140.21307,249
35.45301,140.208312,65
35.454824,140.188044,159
35.467506,140.196474,107
35.432885,140.251263,57
35.429716,140.24638,14
35.43064,140.237642,121
35.436721,140.22778,60
35.428957,140.230129,32
35.421646,140.213491,164
35.429323,140.211614,328
35.437271,140.205181,130
35.409133,140.206779,36
35.402983,140.195937,37
35.413621,140.195698,63
35.416478,140.189232,19
35.428888,140.181195,241
35.428509,140.200455,67
35.398106,140.202564,31
35.391663,140.207626,24
35.382976,140.214627,105
35.393754,140.233518,383
35.393197,140.257975,200
35.420518,140.258296,88
35.414715,140.249055,90
35.411271,140.255364,31
35.406936,140.246378,43
35.405676,140.23273,140
35.407181,140.22151,55
35.415119,140.222418,69
35.421932,140.237343,75
35.418957,140.241436,28
35.421308,140.249639,34
35.358389,140.254734,30
35.369766,140.259897,29
35.37967,140.257995,54
35.374909,140.267251,54
35.353932,140.262349,84
35.367591,140.272702,75
35.378936,140.283692,190
35.366679,140.291452,258
35.35558,140.237739,147
35.333816,140.238836,143
35.343587,140.219987,89
35.361035,140.218624,88
35.370111,140.215017,21
35.374583,140.222029,13
35.37755,140.230478,53
35.368879,140.246189,102
35.379965,140.244175,57
35.214956,140.18108,47
35.225331,140.179199,35
35.21165,140.19667,24
35.229593,140.16423,22
35.226093,140.151623,51
35.245077,140.163041,84
35.250283,140.168244,56
35.192318,140.182027,30
35.238717,140.185519,16
35.262069,140.184574,43
35.254359,140.193882,53
35.256239,140.202676,18
35.251595,140.198834,49
35.24585,140.196505,29
35.239502,140.197519,17
35.227896,140.201018,35
35.207951,140.213663,37
35.210724,140.231896,77
35.235103,140.227076,14
35.238143,140.234068,16
35.243608,140.235227,23
35.245637,140.232732,16
35.228365,140.248285,19
35.250878,140.229734,47
35.259378,140.223484,27
35.259155,140.21517,13
35.27211,140.204702,64
35.255462,140.212391,16
35.247594,140.212615,22
35.248331,140.220503,14
35.241268,140.222386,14
35.244893,140.239804,45
35.239525,140.248783,82
35.243262,140.261483,91
35.250211,140.266034,75
35.259183,140.240239,61
35.263474,140.252573,31
35.25769,140.269445,34
35.265692,140.267127,59
35.270292,140.250264,28
35.28614,140.231547,99
35.28185,140.241532,52
35.280616,140.250154,129
35.284773,140.24866,43
35.286547,140.2465,21
35.288948,140.245348,83
35.292385,140.243638,54
35.290876,140.235775,37
35.294933,140.243642,97
35.295533,140.235389,89
35.272302,140.236913,58
35.275239,140.247169,350
35.291682,140.254111,108
35.287495,140.250378,90
35.286734,140.259879,44
35.297227,140.20788,7
35.300616,140.234841,215
35.315717,140.242334,112
35.307909,140.262324,76
35.302602,140.262448,40
35.296472,140.258202,43
35.295436,140.268876,91
35.186654,140.349457,281
35.179937,140.333645,215
35.206182,140.352321,84
35.196041,140.356062,441
35.189496,140.360713,403
35.190459,140.366443,164
35.18714,140.375934,335
35.195566,140.320362,99
35.181532,140.322456,29
35.209393,140.330395,202
35.187314,140.339689,696
35.149586,139.856009,558
35.153906,139.840465,184
35.140096,139.8567,165
35.132573,139.859455,17
35.129356,139.842091,90
35.123082,139.842946,97
35.145227,139.879352,59
35.144256,139.893325,43
35.14239,139.904548,21
35.109787,139.847038,451
35.116061,139.834723,510
35.111482,139.82891,308
35.102031,139.831649,66
35.123118,139.869206,137
35.118258,139.888333,123
35.120911,139.913111,23
35.133392,139.914985,34
35.674425,139.760489,8
35.676633,139.745622,150
35.681287,139.743515,54
35.680437,139.740126,593
35.684993,139.731692,826
35.681218,139.734871,109
35.687229,139.742017,1310
35.684412,139.752493,7
35.691265,139.750681,77
35.694109,139.753009,826
35.69418,139.742488,574
35.697878,139.743156,1204
35.701583,139.748634,870
35.693318,139.75747,16
35.696124,139.759098,936
35.700961,139.753972,281
35.698756,139.755172,369
35.699877,139.758307,258
35.700258,139.761311,177
35.692503,139.7607,230
35.695431,139.762005,304
35.693172,139.765654,26
35.690702,139.765791,432
35.693296,139.767513,123
35.693789,139.769201,210
35.697378,139.767639,369
35.695871,139.76968,352
35.701042,139.768113,1082
35.6922,139.771835,77
35.693701,139.770745,33
35.69189,139.774057,64
35.692449,139.773851,19
35.693584,139.773377,26
35.690978,139.77442,9
35.693544,139.776783,742
35.691369,139.774241,6
35.694398,139.773717,303
35.693034,139.774672,9
35.695598,139.774949,21
35.694437,139.780554,690
35.699567,139.777848,188
35.697972,139.778156,313
35.698053,139.775642,5
35.700396,139.775192,26
35.697032,139.777592,20
35.70071,139.774117,84
35.686057,139.73628,472
35.690446,139.743785,1175
35.689096,139.73788,872
35.689708,139.733864,296
35.687428,139.733399,566
35.677905,139.768147,13
35.676647,139.771144,60
35.667031,139.762382,1151
35.672933,139.774327,688
35.673073,139.777426,685
35.672681,139.779802,1991
35.667788,139.777329,1162
35.662985,139.768216,2674
35.675262,139.775876,974
35.677002,139.783802,2478
35.688467,139.770029,39
35.685194,139.774621,106
35.690122,139.775047,289
35.686672,139.778364,271
35.69143,139.778821,280
35.690238,139.779802,463
35.687886,139.779676,767
35.688893,139.782751,352
35.685838,139.784685,1599
35.682763,139.780768,306
35.682456,139.783551,1573
35.679997,139.786972,1053
35.693601,139.78247,410
35.692917,139.783414,233
35.693755,139.786504,1522
35.68933,139.784434,193
35.687862,139.78833,3478
35.683415,139.791289,826
35.683154,139.775608,103
35.680505,139.780106,354
35.681093,139.777568,152
35.66777,139.785549,4985
35.662471,139.779655,4998
35.656828,139.7715,7490
35.653105,139.769359,349
35.650162,139.774593,4389
35.647609,139.746512,4003
35.640866,139.756761,1494
35.663334,139.760503,645
35.666875,139.757259,685
35.663379,139.750949,330
35.649996,139.741064,6022
35.658404,139.756364,573
35.65875,139.753844,369
35.656231,139.747321,392
35.668608,139.749483,967
35.662888,139.748463,126
35.659034,139.739443,189
35.658561,139.737635,82
35.648851,139.725676,5274
35.654184,139.729126,1576
35.658029,139.725653,3209
35.664023,139.727539,3798
35.661294,139.740806,469
35.655027,139.735169,1653
35.656761,139.740852,1459
35.677531,139.727344,166
35.670926,139.739594,5596
35.667675,139.721464,4664
35.671916,139.717552,1035
35.632148,139.734774,7358
35.641675,139.731103,5558
35.638597,139.720205,3790
35.639717,139.747026,6531
35.629377,139.741612,6495
35.630964,139.778506,1662
35.68891,139.716474,1067
35.687718,139.728974,9
35.684893,139.728966,153
35.689283,139.729775,152
35.688817,139.725728,608
35.690415,139.727139,652
35.683986,139.725976,1218
35.684924,139.722516,409
35.686041,139.720477,450
35.682209,139.719695,260
35.680364,139.723279,710
35.690336,139.723081,631
35.690125,139.72104,395
35.690076,139.719272,407
35.684131,139.716889,1086
35.685767,139.711086,354
35.692253,139.724593,94
35.695578,139.710109,4401
35.696666,139.704021,359
35.694819,139.73756,306
35.692996,139.729364,519
35.696957,139.73707,522
35.694368,139.733625,143
35.696762,139.7286,463
35.69884,139.728156,243
35.698014,139.74001,74
35.694387,139.734419,65
35.695974,139.733477,10
35.699999,139.728125,157
35.692207,139.734391,40
35.703121,139.736701,833
35.699031,139.732956,130
35.698307,139.730657,211
35.702205,139.742899,38
35.703132,139.741433,27
35.70667,139.739315,662
35.707101,139.737562,485
35.704763,139.736425,126
35.701867,139.728817,421
35.700475,139.738128,219
35.697298,139.735406,251
35.698543,139.736244,254
35.699864,139.73511,335
35.697505,139.73315,278
35.699014,139.730968,209
35.699928,139.730455,192
35.703866,139.738347,498
35.70327,139.743809,78
35.702731,139.732183,1384
35.699471,139.739387,302
35.701528,139.737131,181
35.699198,139.735716,145
35.700456,139.734459,189
35.701727,139.734937,278
35.704233,139.740094,220
35.706157,139.742229,930
35.696831,139.725499,911
35.699019,139.726244,364
35.694651,139.722956,672
35.705563,139.733955,344
35.70536,139.730828,313
35.705403,139.728171,152
35.705091,139.729443,82
35.705959,139.723338,299
35.70435,139.723825,223
35.706074,139.719583,129
35.699839,139.722564,1414
35.703784,139.722106,540
35.705954,139.735709,154
35.703168,139.726307,924
35.705948,139.731974,231
35.707764,139.730113,945
35.707282,139.734286,133
35.707815,139.736101,254
35.708008,139.724822,1334
35.693803,139.720534,784
35.693678,139.718631,361
35.696987,139.7198,708
35.699731,139.718336,1632
35.696494,139.715803,1083
35.70618,139.712133,3531
35.693016,139.71526,2099
35.70605,139.697643,4391
35.70667,139.70495,3761
35.70895,139.721529,42
35.71193,139.713708,4699
35.71328,139.698057,4192
35.71808,139.702355,4147
35.7195,139.692518,4219
35.71352,139.692469,3833
35.721068,139.681414,3725
35.71686,139.684308,1285
35.703481,139.690708,5749
35.689515,139.691652,5039
35.704614,139.75053,555
35.707939,139.749536,1780
35.718023,139.740208,6974
35.723411,139.749343,5472
35.729172,139.74037,5518
35.70994,139.736661,1672
35.712617,139.73797,2514
35.7225,139.727555,5246
35.709724,139.729584,2054
35.714576,139.721122,2023
35.713993,139.730074,1966
35.711878,139.762821,6019
35.70617,139.769151,2648
35.715894,139.755539,1572
35.72197,139.756596,2032
35.717598,139.76032,578
35.718684,139.765502,2140
35.727831,139.762419,6217
35.732447,139.745203,8249
35.701411,139.778162,2394
35.702175,139.77458,7
35.710833,139.780063,2597
35.714915,139.778238,1065
35.714798,139.766756,1987
35.715663,139.773155,53
35.717384,139.78443,1094
35.721659,139.783765,2296
35.720576,139.786135,1882
35.723233,139.781116,3995
35.725689,139.792954,2661
35.728094,139.792346,966
35.721218,139.774884,888
35.725216,139.770901,2851
35.696575,139.787829,858
35.700609,139.782098,2014
35.702849,139.782648,869
35.702919,139.792542,1919
35.70589,139.783332,1037
35.703867,139.786321,1212
35.707374,139.789517,2051
35.706517,139.795448,674
35.707701,139.786535,1953
35.715975,139.787247,2509
35.715926,139.790844,2622
35.709799,139.796457,1030
35.712336,139.799411,739
35.714837,139.795377,5962
35.723871,139.795657,3162
35.724274,139.799794,1027
35.727871,139.796871,1433
35.718841,139.804804,1325
35.727623,139.802525,1320
35.724283,139.806976,2150
35.693835,139.790047,1893
35.69085,139.791134,1317
35.694447,139.807198,3250
35.691404,139.807453,1417
35.688486,139.807696,2170
35.69496,139.817358,2476
35.697217,139.794086,491
35.697695,139.80692,2318
35.700763,139.806657,2727
35.703436,139.797194,2396
35.706803,139.806249,1920
35.709314,139.80027,1604
35.698418,139.817136,1408
35.701503,139.81687,3143
35.704494,139.809766,2511
35.70794,139.809432,2904
35.718838,139.810104,4649
35.724183,139.822192,7265
35.733538,139.814213,2447
35.738689,139.819872,5629
35.711902,139.818726,3063
35.717054,139.819627,3969
35.708944,139.822176,3726
35.727792,139.829679,6519
35.713156,139.831031,6592
35.720314,139.837078,778
35.680813,139.797734,1012
35.684754,139.79455,596
35.688233,139.792705,1625
35.686128,139.801989,2914
35.677685,139.808783,1865
35.680385,139.808489,1489
35.682837,139.808255,3623
35.684974,139.799529,408
35.679208,139.79161,504
35.673406,139.791637,939
35.675873,139.793552,669
35.675506,139.798017,1177
35.674591,139.801345,820
35.673137,139.794105,600
35.671542,139.798512,1068
35.66867,139.799529,1152
35.667005,139.798878,1602
35.667039,139.793185,2087
35.663022,139.81126,5657
35.656678,139.803981,3067
35.645855,139.786114,10172
35.64063,139.802218,6374
35.630952,139.794454,2483
35.643097,139.815047,3798
35.658223,139.81779,1700
35.60972,139.783968,13
35.678095,139.812466,2300
35.68102,139.812421,416
35.681206,139.815713,588
35.68095,139.818823,491
35.683236,139.811806,2241
35.686091,139.817042,1850
35.688666,139.81643,1407
35.691225,139.817834,940
35.670465,139.80398,2821
35.667404,139.816545,7877
35.697641,139.842206,17089
35.691115,139.845996,20039
35.683092,139.833292,11880
35.67956,139.844318,11643
35.672729,139.822917,13605
35.659934,139.837969,1799
35.644726,139.830971,6
35.618085,139.710756,5974
35.60609,139.732497,7669
35.619444,139.730097,4297
35.592462,139.74304,881
35.637099,139.71611,3912
35.621288,139.732808,5847
35.620117,139.705044,6134
35.623459,139.706292,1633
35.616201,139.719607,4875
35.605183,139.710978,4814
35.598223,139.717527,5561
35.624241,139.714353,7070
35.611984,139.729244,3033
35.609721,139.707286,2225
35.607181,139.698857,4689
35.604908,139.745934,6300
35.629918,139.723193,4586
35.622301,139.756769,7004
35.61075,139.713565,1151
35.616985,139.714685,2870
35.610679,139.732715,15
35.607156,139.727154,3336
35.590337,139.731481,7172
35.609217,139.74058,5176
35.596193,139.758484,4324
35.610232,139.723665,4339
35.660162,139.685247,2030
35.648034,139.696966,2602
35.646733,139.687857,3561
35.653666,139.685843,2096
35.643939,139.694774,5884
35.640941,139.70578,4190
35.639219,139.709964,2079
35.636072,139.71132,4252
35.627694,139.703627,6331
35.633632,139.694238,3116
35.634638,139.68757,3118
35.638744,139.694441,1340
35.631567,139.689575,2509
35.619617,139.699276,7407
35.616809,139.695994,1671
35.611274,139.693389,1919
35.614387,139.689105,2244
35.620046,139.69036,5420
35.628945,139.683811,2733
35.617734,139.679329,2239
35.6062,139.682708,2115
35.609793,139.677994,2418
35.610249,139.669882,2725
35.614275,139.675876,2330
35.621135,139.676983,3060
35.616342,139.666366,4943
35.628047,139.664763,2222
35.564976,139.732493,2712
35.576316,139.738769,4987
35.56322,139.74965,3787
35.579331,139.737231,2518
35.576893,139.730441,9857
35.58992,139.724165,5951
35.582779,139.732896,6932
35.579508,139.748952,14
35.59884,139.710113,2260
35.596891,139.714118,1811
35.592811,139.705623,3086
35.590337,139.706118,1673
35.591912,139.713221,7381
35.573051,139.716158,8094
35.578169,139.707233,9202
35.585324,139.675241,2432
35.580935,139.675528,1193
35.582986,139.684463,1636
35.581086,139.680133,953
35.587107,139.68303,1721
35.589011,139.688955,3817
35.589553,139.671553,6309
35.591975,139.678852,782
35.574046,139.679177,4040
35.57714,139.685544,2006
35.569714,139.694067,3090
35.587704,139.69797,2631
35.579598,139.692515,7670
35.60266,139.689967,2338
35.598469,139.682354,1806
35.596798,139.686019,5582
35.600955,139.697883,7028
35.609903,139.687938,3925
35.563086,139.735642,1281
35.554735,139.736568,5543
35.558391,139.749348,3426
35.550925,139.73701,3332
35.547371,139.737258,3388
35.553358,139.749841,107
35.549189,139.750406,4057
35.553767,139.708912,6118
35.554015,139.715851,4850
35.555569,139.723146,3098
35.543356,139.712338,3236
35.546257,139.720475,5178
35.563954,139.686073,7384
35.559548,139.693311,4795
35.562601,139.706382,3461
35.557768,139.700974,3981
35.556797,139.706612,2623
35.563,139.712217,6900
35.566194,139.720099,5834
35.557493,139.715632,1688
35.56185,139.727902,1313
35.65402,139.678915,4734
35.652075,139.674724,2436
35.644307,139.675844,5355
35.641665,139.665516,4077
35.646313,139.655975,5717
35.641233,139.649203,5252
35.64543,139.641672,3738
35.638246,139.651033,7813
35.647115,139.631964,6021
35.648477,139.64186,3862
35.640405,139.622196,6266
35.630099,139.679363,8786
35.630746,139.674529,4881
35.640267,139.657647,6076
35.634438,139.657798,5021
35.659525,139.657135,6736
35.654609,139.652535,2803
35.647931,139.647536,2084
35.658637,139.672206,5135
35.666328,139.656908,2042
35.668908,139.663727,2208
35.662447,139.672844,5527
35.662648,139.651962,8840
35.655319,139.64116,6489
35.661464,139.633482,4318
35.595985,139.674392,2744
35.601813,139.67796,9896
35.59999,139.663281,784
35.595079,139.6522,1892
35.612012,139.659581,9154
35.601216,139.653345,2210
35.608231,139.636149,4363
35.602143,139.640855,1847
35.611908,139.644305,4848
35.635635,139.624961,5173
35.626593,139.637898,4865
35.609588,139.630082,4139
35.6204,139.626723,4925
35.62457,139.629717,2090
35.630077,139.648259,2850
35.629016,139.643081,2511
35.620123,139.656671,7957
35.642259,139.590849,8380
35.644226,139.60521,6595
35.651327,139.611327,5862
35.649518,139.621726,8721
35.632202,139.595843,5828
35.619257,139.606247,1734
35.615356,139.617809,2419
35.625456,139.620483,2664
35.628946,139.60751,2359
35.637439,139.618025,7998
35.673161,139.617039,5244
35.666202,139.616031,2435
35.660428,139.599371,6090
35.661014,139.611228,4005
35.666043,139.592048,4006
35.669158,139.59809,7598
35.676061,139.605433,8617
35.643642,139.718265,4418
35.653853,139.719749,5090
35.655707,139.708407,2450
35.643608,139.708902,1458
35.647598,139.706091,1296
35.650367,139.704177,695
35.650061,139.701621,543
35.651474,139.698274,381
35.653139,139.701743,499
35.659243,139.705482,1144
35.655432,139.700826,459
35.653936,139.696255,613
35.657303,139.698519,71
35.657457,139.694606,405
35.656596,139.692545,581
35.661145,139.692915,1049
35.66391,139.691472,736
35.662123,139.697905,174
35.666685,139.697117,140
35.674124,139.697451,26
35.665617,139.681871,3086
35.664882,139.686008,2578
35.673464,139.677496,3345
35.671797,139.685784,1041
35.669136,139.675164,1003
35.679415,139.686074,2429
35.680877,139.682822,7237
35.67299,139.66735,4515
35.677928,139.674956,4956
35.674198,139.689869,6754
35.684856,139.70368,2845
35.664657,139.707148,3864
35.684122,139.666055,5817
35.687997,139.666244,6312
35.695814,139.670829,7980
35.699383,139.679229,7814
35.70378,139.684977,6301
35.707686,139.661625,6854
35.710278,139.677143,5328
35.715353,139.662198,4728
35.722432,139.665758,3766
35.72002,139.672558,1776
35.728881,139.673772,2747
35.728516,139.666675,4096
35.724502,139.655865,1374
35.714331,139.65611,5634
35.714144,139.644492,3884
35.72061,139.643315,3478
35.718724,139.638379,3642
35.724379,139.635436,4633
35.729806,139.627587,4254
35.67746,139.660827,3473
35.673915,139.651666,7758
35.672781,139.628322,5846
35.671138,139.645399,4536
35.68462,139.63027,5334
35.691998,139.663068,5578
35.688233,139.651739,5580
35.6874,139.642308,2087
35.683134,139.63913,1094
35.696417,139.651406,2447
35.7002,139.651045,8052
35.707728,139.647589,4190
35.700581,139.639736,5326
35.707507,139.63788,7103
35.707909,139.620199,4169
35.714008,139.626146,3288
35.692309,139.629144,2707
35.696846,139.635832,6818
35.699155,139.626026,7734
35.698981,139.61002,4158
35.70661,139.612893,3960
35.698023,139.602762,3557
35.706288,139.603614,5484
35.716536,139.604686,2827
35.717154,139.617613,2652
35.71202,139.613089,3674
35.727746,139.619453,4703
35.720445,139.623875,5265
35.721555,139.602086,4715
35.712109,139.591631,3747
35.701575,139.596445,3362
35.691683,139.605735,5768
35.691948,139.594432,6365
35.684979,139.620247,6331
35.681356,139.611057,4345
35.672554,139.612091,3227
35.735212,139.749056,5479
35.737678,139.731923,5506
35.737497,139.725982,3894
35.732618,139.732228,3225
35.729063,139.734167,4603
35.736379,139.716707,4587
35.731238,139.715169,5075
35.727217,139.711183,2386
35.729491,139.704172,4414
35.735709,139.704465,4667
35.743384,139.715685,4991
35.720324,139.721052,2646
35.715375,139.708234,3210
35.718612,139.709302,4290
35.725657,139.684616,5801
35.733215,139.682761,5447
35.733718,139.690673,3616
35.738478,139.688824,2893
35.738416,139.698409,2279
35.741485,139.69253,1444
35.753712,139.738929,6821
35.766099,139.754349,10028
35.755041,139.745667,3598
35.765436,139.7297,3964
35.753382,139.733581,1861
35.756243,139.733923,731
35.759092,139.728456,2562
35.755386,139.725541,293
35.76856,139.720199,1874
35.76579,139.716221,3744
35.772312,139.732886,4915
35.78041,139.720872,3063
35.767123,139.709436,2506
35.772771,139.706868,5111
35.785407,139.732081,5697
35.785013,139.723463,1268
35.780522,139.714089,3149
35.773734,139.723853,1478
35.785399,139.706954,5086
35.791553,139.708135,6752
35.777361,139.707467,2473
35.747336,139.734763,10074
35.747197,139.74187,5533
35.750052,139.743695,712
35.74587,139.751591,2011
35.741224,139.75214,2032
35.748153,139.753512,901
35.737991,139.767591,2046
35.741554,139.759498,828
35.734786,139.760991,3921
35.737322,139.809482,13785
35.740736,139.78742,9826
35.751801,139.784033,9402
35.751673,139.774543,8070
35.75215,139.75398,8242
35.730645,139.776233,8183
35.730886,139.771691,6544
35.748294,139.711233,6154
35.75783,139.714903,3057
35.749164,139.705634,1570
35.746038,139.705357,1374
35.743373,139.706166,1151
35.741749,139.703518,1647
35.739993,139.701374,1271
35.761232,139.712221,702
35.755306,139.710224,2224
35.753572,139.70646,1105
35.753133,139.70244,1227
35.748766,139.699643,1251
35.746867,139.695243,1367
35.744328,139.697234,1739
35.755946,139.697445,1092
35.752516,139.697758,1274
35.753741,139.693418,1456
35.75992,139.708349,1662
35.758995,139.70462,1395
35.758046,139.699836,1440
35.760918,139.698165,1424
35.748531,139.691218,1227
35.750639,139.688584,1770
35.744843,139.687676,1655
35.740532,139.681848,2425
35.746249,139.680193,4534
35.760362,139.692498,3911
35.75653,139.689426,1976
35.754491,139.681003,2705
35.763599,139.67277,2628
35.76455,139.706986,1664
35.770637,139.703598,1425
35.769001,139.698067,1321
35.766874,139.700624,891
35.763826,139.701168,1534
35.773915,139.694306,4038
35.788188,139.682551,6260
35.786301,139.687794,1222
35.776817,139.699849,4599
35.779412,139.669388,3963
35.772669,139.678806,5014
35.767886,139.672916,3318
35.788617,139.677047,5810
35.777199,139.679745,1402
35.766624,139.68486,9445
35.781345,139.643045,8436
35.770819,139.636995,2861
35.781965,139.652179,1357
35.784021,139.648388,513
35.78953,139.640823,1980
35.780586,139.631641,8527
35.772251,139.657493,10003
35.753681,139.686414,1109
35.756021,139.675675,1390
35.785189,139.662612,16124
35.797715,139.671315,2027
35.793843,139.675555,2749
35.734383,139.675307,1977
35.743307,139.67625,2498
35.738795,139.669834,1049
35.745445,139.670932,1873
35.736176,139.668825,1757
35.731244,139.658856,2815
35.728558,139.651643,2399
35.735218,139.658609,5069
35.732334,139.638707,2980
35.728148,139.646917,3050
35.735933,139.643251,3280
35.747019,139.66639,7421
35.743468,139.653828,3998
35.742935,139.644036,3254
35.742583,139.62922,5662
35.759838,139.670268,1776
35.753253,139.664766,3654
35.755781,139.660877,3859
35.751254,139.659129,5585
35.748665,139.645944,7487
35.758303,139.617903,4763
35.765295,139.666957,7140
35.764782,139.63847,8048
35.766775,139.629743,9943
35.770861,139.627181,3785
35.767826,139.613773,4158
35.743465,139.622673,4609
35.734228,139.61244,3680
35.744672,139.613565,4718
35.749917,139.622146,3731
35.752497,139.604928,2776
35.747529,139.59946,8523
35.737448,139.596252,9547
35.731794,139.595491,5230
35.723433,139.595761,645
35.72746,139.602477,5223
35.716723,139.58098,1633
35.725108,139.58341,1602
35.725558,139.569379,6505
35.721431,139.572035,5648
35.744959,139.58357,11128
35.763398,139.566955,8
35.758794,139.568915,6786
35.750565,139.574281,8033
35.767832,139.606443,7091
35.770329,139.582535,11021
35.771666,139.819623,5492
35.760234,139.811114,3886
35.770588,139.825835,7015
35.796613,139.783786,3753
35.808928,139.754531,2670
35.763953,139.793186,7636
35.77636,139.794771,3373
35.763264,139.774563,4818
35.778753,139.846242,5169
35.768922,139.777273,1847
35.755035,139.769761,2171
35.792287,139.759514,1206
35.776197,139.827415,1731
35.784258,139.828759,577
35.785396,139.785658,3823
35.774668,139.761833,6469
35.768379,139.812137,2051
35.787139,139.843476,1604
35.794335,139.766966,1003
35.769601,139.759867,5604
35.782632,139.800602,3644
35.788614,139.829117,1082
35.797369,139.835587,1412
35.774494,139.74428,4413
35.74239,139.814088,1296
35.749271,139.807087,1070
35.745552,139.808289,1797
35.756299,139.798079,1060
35.742962,139.798934,1014
35.767345,139.789062,3359
35.753292,139.799326,908
35.754557,139.787092,1731
35.741544,139.806012,1287
35.751656,139.795233,540
35.740796,139.797465,884
35.747147,139.796112,534
35.743055,139.792082,1431
35.755181,139.792671,1273
35.7541,139.796485,509
35.749583,139.79793,781
35.745225,139.800839,1077
35.755298,139.804352,2902
35.790484,139.791542,6248
35.789762,139.834645,1408
35.775416,139.80835,4691
35.779541,139.759719,598
35.771514,139.83793,5950
35.811862,139.768053,4621
35.774721,139.849604,3903
35.764097,139.816804,2469
35.772584,139.77845,4741
35.780037,139.819724,234
35.79165,139.774614,2535
35.774358,139.789129,2818
35.788075,139.775294,6875
35.791457,139.788245,955
35.80052,139.799741,3786
35.80729,139.808684,6132
35.76478,139.83219,2808
35.801705,139.791986,1985
35.783263,139.813407,2090
35.751978,139.809431,1269
35.792895,139.813442,1971
35.78027,139.806075,1576
35.787585,139.806056,628
35.80332,139.803836,5320
35.78636,139.813008,905
35.774794,139.755267,380
35.790493,139.819516,5082
35.756421,139.785732,1381
35.797191,139.842365,2941
35.765062,139.779622,419
35.761898,139.785612,1149
35.761619,139.779323,313
35.766126,139.782517,455
35.762189,139.782206,467
35.781494,139.83215,2781
35.788335,139.767783,1788
35.745631,139.813775,1571
35.786836,139.8004,2527
35.782338,139.823202,1012
35.805142,139.775793,2243
35.801059,139.787634,730
35.739522,139.855592,6905
35.733803,139.851827,3477
35.733024,139.833904,3974
35.725673,139.840592,4254
35.746229,139.836965,2283
35.739508,139.828255,8551
35.752264,139.835764,2485
35.754825,139.81739,3167
35.754367,139.841791,1936
35.752995,139.848404,3740
35.764822,139.850317,8067
35.761064,139.8337,4292
35.754938,139.855387,8365
35.71435,139.856525,4057
35.720536,139.861419,7361
35.720351,139.845998,5338
35.735372,139.857309,6286
35.743057,139.861505,6108
35.748251,139.87752,3927
35.742466,139.867767,3175
35.752163,139.883562,7177
35.771589,139.861316,4601
35.766989,139.875927,5692
35.780803,139.888615,7485
35.781801,139.856832,4154
35.779532,139.87053,2717
35.775351,139.85814,4563
35.789806,139.848548,3934
35.688393,139.850757,4701
35.701462,139.853426,445
35.71508,139.838651,11684
35.706449,139.873497,4355
35.706188,139.860318,5286
35.700132,139.873114,5938
35.689583,139.861658,3501
35.698698,139.860913,980
35.71009,139.877943,3193
35.694622,139.877689,2939
35.683312,139.873438,239
35.685937,139.879263,5658
35.681697,139.872921,248
35.69389,139.888272,4999
35.699552,139.895303,2860
35.686999,139.896939,2168
35.68802,139.889769,4351
35.685056,139.901679,7483
35.731471,139.894207,5562
35.732726,139.878775,5768
35.729579,139.883404,8813
35.741181,139.896662,8573
35.717236,139.883426,20
35.708996,139.887563,4431
35.716108,139.879955,1348
35.722864,139.876554,939
35.728908,139.872348,1255
35.72078,139.870863,3285
35.704867,139.913872,7111
35.692195,139.912307,1009
35.695006,139.906528,5418
35.718881,139.897846,1253
35.715563,139.901956,2765
35.698871,139.913249,854
35.683749,139.857555,7937
35.676629,139.862861,1210
35.70443,139.886875,1187
35.654523,139.883708,10786
35.668308,139.851039,12362
35.64742,139.877791,8868
35.679986,139.854618,5690
35.671084,139.869664,9366
35.660881,139.853716,4586
35.652634,139.847795,2073
35.700907,139.89996,846
35.718779,139.881776,905
35.71159,139.896156,1071
35.6598,139.336973,769
35.660117,139.331206,1132
35.660555,139.326018,582
35.661111,139.321678,258
35.660891,139.318561,484
35.658012,139.308917,1990
35.661279,139.31358,335
35.665517,139.313163,1779
35.664259,139.325496,423
35.661911,139.325797,187
35.664298,139.329108,294
35.662373,139.33237,565
35.662142,139.337241,1453
35.665806,139.335768,54
35.661343,139.341145,301
35.66012,139.343708,2686
35.652608,139.34362,3281
35.658213,139.339524,34
35.655879,139.339563,321
35.657115,139.336225,97
35.658379,139.336093,81
35.658527,139.333026,201
35.656297,139.333045,435
35.652528,139.332899,761
35.655095,139.327544,843
35.65747,139.330201,170
35.65872,139.329974,147
35.658993,139.324457,490
35.651499,139.321325,2917
35.680245,139.320285,1293
35.66862,139.335898,1800
35.675608,139.327836,2127
35.669722,139.316662,2676
35.660429,139.352679,4587
35.668545,139.348648,512
35.647232,139.326996,1391
35.671831,139.310392,453
35.644885,139.292684,3600
35.631577,139.275873,1139
35.632258,139.258694,964
35.616851,139.248466,130
35.642436,139.271228,228
35.643588,139.230484,509
35.646696,139.275374,204
35.630951,139.374475,2512
35.62313,139.366873,3477
35.626655,139.362022,241
35.618536,139.349805,2891
35.619126,139.38285,5756
35.630104,139.389714,952
35.62364,139.391399,1873
35.617121,139.399133,6601
35.633027,139.377324,1211
35.635685,139.39026,1956
35.637844,139.406868,1097
35.639117,139.41891,2058
35.633135,139.425516,1105
35.62976,139.415788,1940
35.653321,139.302721,1102
35.648279,139.302473,4439
35.644647,139.31586,834
35.646127,139.308677,3085
35.654633,139.29291,5074
35.636153,139.285622,2173
35.636981,139.304613,2861
35.624977,139.285834,3703
35.622425,139.304178,2249
35.621678,139.313614,551
35.674243,139.290241,1681
35.681996,139.284765,1230
35.67882,139.292155,1769
35.677122,139.297229,820
35.67063,139.303098,656
35.675012,139.302596,1098
35.665213,139.301429,3516
35.674167,139.282751,1344
35.667576,139.271376,851
35.652169,139.26222,3783
35.666166,139.251837,2331
35.668238,139.199344,252
35.679971,139.27288,2500
35.686249,139.22239,77
35.695238,139.279517,4313
35.706444,139.240997,714
35.691587,139.304151,2171
35.680594,139.306515,2711
35.694053,139.236402,1284
35.679543,139.343813,34
35.683603,139.344736,518
35.686976,139.341529,311
35.686301,139.335983,87
35.686293,139.324219,330
35.690713,139.328478,475
35.694486,139.315398,186
35.704289,139.309528,796
35.707443,139.288308,668
35.708324,139.323477,121
35.639728,139.323287,2147
35.634358,139.339929,3890
35.617401,139.33529,19
35.650173,139.352912,2064
35.63964,139.352071,3057
35.641767,139.367931,2550
35.638743,139.362329,2175
35.631973,139.351651,2667
35.666374,139.366728,1048
35.676566,139.365686,3129
35.681344,139.349913,992
35.692319,139.358954,104
35.688292,139.370443,1571
35.68751,139.3564,1709
35.673367,139.349671,1010
35.69059,139.350757,422
35.683116,139.324488,854
35.653796,139.283636,634
35.629273,139.318708,2953
35.635953,139.332566,686
35.623311,139.333761,551
35.62061,139.329884,2622
35.734394,139.357225,2649
35.730223,139.383181,4201
35.731161,139.390674,3750
35.732075,139.398413,5254
35.706894,139.404948,350
35.715798,139.40579,437
35.728127,139.414269,2928
35.726021,139.421829,4257
35.721032,139.440107,4314
35.705799,139.430376,3895
35.708596,139.416895,2881
35.701469,139.423473,3610
35.694054,139.42842,2922
35.686535,139.417292,5078
35.693819,139.404452,3176
35.692394,139.391674,6549
35.710414,139.584665,3970
35.697544,139.58705,4164
35.701078,139.572652,1346
35.707619,139.572422,3549
35.714238,139.573307,4954
35.709732,139.566395,4241
35.706354,139.556724,3537
35.717097,139.563073,3084
35.719517,139.55874,1178
35.709174,139.548508,2730
35.704417,139.535102,4495
35.699203,139.544199,4473
35.715114,139.527542,2780
35.69505,139.570057,14367
35.6919,139.575543,6422
35.689066,139.589219,4803
35.667164,139.567598,4704
35.677522,139.580926,2078
35.679801,139.565653,4871
35.686372,139.552488,7804
35.692523,139.548134,3793
35.68819,139.541196,2346
35.684508,139.542662,1879
35.685674,139.532538,4226
35.795253,139.273736,2908
35.799266,139.266041,891
35.793822,139.283435,1428
35.79437,139.262323,716
35.788351,139.267296,248
35.788309,139.234539,594
35.774114,139.249582,678
35.763878,139.266198,3229
35.763071,139.289363,1156
35.777197,139.289114,5136
35.783609,139.277715,2080
35.798972,139.278379,472
35.790059,139.289978,2014
35.79923,139.287938,1790
35.803907,139.281624,384
35.80505,139.289334,324
35.80809,139.297334,397
35.793608,139.30198,1516
35.778078,139.313313,598
35.802755,139.303236,1185
35.816305,139.309654,2747
35.77589,139.237619,891
35.773011,139.234072,380
35.785127,139.210994,1383
35.793529,139.204993,865
35.820394,139.198161,726
35.814622,139.183215,215
35.806786,139.178728,145
35.790456,139.165081,85
35.781935,139.147797,42
35.829637,139.298024,602
35.811866,139.284591,555
35.801809,139.246489,687
35.81987,139.225919,872
35.789792,139.261352,204
35.790941,139.259332,295
35.791477,139.256371,144
35.79112,139.254102,83
35.791566,139.251384,144
35.791078,139.244225,341
35.788265,139.249643,365
35.787942,139.25568,217
35.785897,139.250579,412
35.791727,139.316029,5493
35.682856,139.510415,1166
35.672094,139.521888,1208
35.674245,139.510253,2481
35.668612,139.507254,5280
35.652437,139.503793,3327
35.655169,139.500939,2517
35.676629,139.502711,3672
35.677203,139.494147,1982
35.679777,139.487353,2204
35.687674,139.487179,2906
35.683761,139.483276,1197
35.67498,139.483286,1812
35.673149,139.48654,2270
35.667769,139.48073,1775
35.668873,139.488125,1610
35.666043,139.500681,1707
35.653535,139.475392,3844
35.662531,139.478592,800
35.656318,139.463719,3004
35.665884,139.47521,1771
35.669442,139.47094,881
35.671787,139.477423,1475
35.675732,139.476093,805
35.676191,139.470357,424
35.683948,139.474082,2149
35.688847,139.482331,1711
35.691714,139.463118,2285
35.687209,139.456468,1404
35.683395,139.458061,1129
35.681906,139.465873,608
35.669989,139.464966,2500
35.666583,139.461155,1830
35.656178,139.458944,3601
35.661393,139.444702,3743
35.668247,139.455037,905
35.67698,139.460315,1890
35.677638,139.457305,1863
35.702014,139.385936,1340
35.69604,139.385155,1145
35.722104,139.377761,1340
35.703369,139.377108,2612
35.693666,139.378419,1261
35.707632,139.384112,389
35.706993,139.369895,1763
35.721059,139.369704,2219
35.719529,139.347959,2387
35.711169,139.366381,1515
35.696538,139.359012,1213
35.713409,139.355599,2847
35.696207,139.350419,2219
35.713239,139.343655,3060
35.700848,139.342794,2200
35.718801,139.359927,185
35.708282,139.380566,69
35.699408,139.373718,1119
35.713928,139.38076,3125
35.69594,139.367931,1378
35.714082,139.373472,1111
35.707655,139.362044,909
35.709398,139.392703,172
35.661803,139.524137,2195
35.651841,139.52397,3157
35.665306,139.535722,2826
35.651192,139.532865,2467
35.647776,139.538852,2859
35.645304,139.548083,4161
35.644006,139.560574,8483
35.639385,139.559172,5202
35.645809,139.531011,4532
35.657931,139.558186,1799
35.657054,139.562778,2599
35.652491,139.570575,2556
35.653033,139.580399,1529
35.65314,139.575806,4371
35.652716,139.589283,2737
35.660993,139.586309,2018
35.668164,139.585905,2242
35.682116,139.524346,37
35.668099,139.528141,131
35.658111,139.582711,1819
35.659042,139.549089,2888
35.66938,139.549431,1565
35.673159,139.552429,2343
35.678328,139.560055,3526
35.665183,139.555799,1596
35.654482,139.554179,859
35.611676,139.311865,5194
35.557487,139.444114,1474
35.58633,139.466259,2539
35.530265,139.471694,4013
35.600744,139.441022,1489
35.588827,139.404183,1349
35.596541,139.371713,5074
35.574992,139.452485,2774
35.57965,139.458446,905
35.575308,139.471153,2519
35.53245,139.458461,4716
35.600739,139.397932,1445
35.565199,139.429217,5319
35.564922,139.417432,2537
35.561227,139.42982,96
35.53874,139.461248,3369
35.599533,139.414579,1280
35.603416,139.46844,1728
35.602446,139.459496,759
35.586923,139.422937,2629
35.577823,139.423467,2310
35.568487,139.466764,5669
35.529246,139.481971,2360
35.595076,139.46166,4423
35.503275,139.475442,2825
35.586344,139.39879,1433
35.54847,139.445972,3008
35.541234,139.475306,2006
35.547029,139.474412,1134
35.535054,139.467834,1529
35.551845,139.479099,2821
35.57549,139.413277,695
35.577759,139.407884,245
35.592135,139.480546,3367
35.586858,139.446302,3065
35.539293,139.45447,4277
35.553851,139.469979,1102
35.597912,139.473777,1112
35.595096,139.476504,317
35.567344,139.442826,8915
35.552634,139.458927,3509
35.515591,139.477574,1943
35.533362,139.48417,3259
35.573558,139.495782,1876
35.571614,139.490832,2021
35.548252,139.439624,4317
35.581612,139.455075,980
35.57988,139.403029,444
35.569055,139.428778,320
35.577453,139.434721,5625
35.605738,139.36215,3676
35.535859,139.461125,2459
35.546188,139.471123,1654
35.52099,139.465408,3694
35.690909,139.527495,4721
35.710579,139.524628,2707
35.715433,139.521818,339
35.70814,139.519981,4540
35.697768,139.518762,3480
35.688642,139.510681,4547
35.703501,139.503465,6251
35.714602,139.510681,1514
35.710079,139.498112,3198
35.695884,139.493536,3959
35.729898,139.431571,593
35.725009,139.439252,1582
35.723713,139.4571,657
35.727696,139.45355,7008
35.734143,139.448807,998
35.734849,139.458094,2618
35.734779,139.477897,524
35.738207,139.469769,2661
35.713025,139.474209,3331
35.712753,139.491749,2556
35.719402,139.484409,2098
35.722993,139.466869,1696
35.719465,139.476146,3270
35.727101,139.485511,734
35.723977,139.485253,2344
35.732713,139.485068,2712
35.741413,139.488933,1903
35.717088,139.495124,1472
35.71589,139.504094,778
35.723811,139.494478,5038
35.728642,139.498575,1959
35.740423,139.494903,3089
35.720667,139.512604,2854
35.736734,139.516978,6095
35.670247,139.382394,5251
35.675009,139.379647,1655
35.659938,139.375583,545
35.687808,139.387798,1572
35.683245,139.377379,1721
35.650908,139.386102,2894
35.653464,139.374487,1454
35.654885,139.361419,1967
35.666276,139.394145,32
35.654518,139.384211,1987
35.663216,139.393517,1974
35.661705,139.370889,3532
35.662078,139.399225,5055
35.683606,139.403951,1861
35.67092,139.397344,1629
35.672137,139.387585,1529
35.650315,139.413856,727
35.65027,139.400319,1607
35.677853,139.408868,3117
35.666698,139.398852,416
35.6649,139.419487,1184
35.678792,139.419307,420
35.66229,139.413021,1306
35.656294,139.424072,2693
35.660448,139.422762,975
35.658843,139.430224,1814
35.650488,139.427083,2766
35.673124,139.412609,3067
35.668759,139.422465,505
35.667574,139.404844,387
35.670649,139.405762,202
35.754812,139.467324,3963
35.768897,139.482007,4808
35.775264,139.480027,5101
35.760585,139.495082,4110
35.753861,139.490018,4744
35.745289,139.481224,4764
35.751191,139.475425,4717
35.742557,139.458615,5044
35.753984,139.459308,3371
35.755983,139.453544,2005
35.761035,139.444486,1798
35.769385,139.458439,1904
35.765189,139.461425,2954
35.695567,139.486813,2882
35.690587,139.472465,1253
35.699219,139.488656,2059
35.69798,139.470078,3075
35.701408,139.481997,1713
35.706597,139.485032,2482
35.702962,139.474024,4052
35.702194,139.469028,1772
35.714408,139.464155,1097
35.710772,139.456657,2470
35.701543,139.459147,2384
35.697764,139.455142,1387
35.704239,139.450452,1542
35.712641,139.447193,1056
35.715338,139.452421,951
35.71815,139.453177,1075
35.703356,139.441532,1776
35.711385,139.442189,980
35.706883,139.437074,3166
35.69344,139.449641,3769
35.693236,139.442811,2823
35.693064,139.4348,2879
35.684964,139.443891,5782
35.700881,139.430047,2734
35.68065,139.441559,2980
35.681785,139.422788,1574
35.684562,139.430312,23
35.673633,139.436107,970
35.681269,139.428863,237
35.728711,139.338161,5635
35.742219,139.322277,4028
35.734466,139.333006,594
35.736792,139.329768,978
35.740025,139.328012,452
35.736147,139.32183,723
35.726598,139.328168,1478
35.748513,139.332921,1908
35.749755,139.326228,1913
35.743641,139.327559,111
35.738238,139.346626,3
35.735076,139.339573,89
35.637411,139.577595,4883
35.635225,139.569966,3310
35.639747,139.564399,855
35.631877,139.570198,964
35.631425,139.578801,1912
35.626817,139.568835,1873
35.622271,139.586227,1353
35.629729,139.590778,3057
35.638205,139.583535,2563
35.641815,139.582157,2529
35.648071,139.571813,2389
35.750032,139.410056,1559
35.748566,139.41982,1606
35.756088,139.423411,1237
35.756519,139.431696,909
35.748883,139.43462,899
35.748325,139.440169,1284
35.746612,139.447365,1709
35.74098,139.413757,1390
35.735606,139.422589,4738
35.739952,139.419018,1601
35.744939,139.43336,1284
35.739375,139.426774,2710
35.744827,139.436245,961
35.736556,139.436577,2934
35.740794,139.446116,1225
35.736719,139.446259,1104
35.775063,139.524021,997
35.776243,139.515353,2122
35.777163,139.531294,2829
35.780769,139.537586,1393
35.803457,139.54094,1084
35.801136,139.544915,2112
35.783286,139.51968,3912
35.778826,139.502135,2471
35.7692,139.51314,2532
35.765629,139.503463,3988
35.772345,139.508027,1491
35.771775,139.545609,802
35.765262,139.544532,805
35.768011,139.542226,981
35.768033,139.531875,1166
35.764029,139.540781,851
35.762603,139.533826,745
35.760204,139.537094,791
35.759252,139.543237,1777
35.753352,139.538277,1070
35.746872,139.533443,788
35.759003,139.533349,2330
35.764963,139.518755,1873
35.758011,139.520937,1743
35.75111,139.522404,2628
35.751588,139.52753,2535
35.741116,139.516528,2820
35.740451,139.527124,1622
35.747719,139.503644,3879
35.753749,139.496403,3903
35.745726,139.494664,1588
35.762869,139.51347,1014
35.750162,139.512559,1927
35.73817,139.505436,555
35.739293,139.396524,4065
35.748059,139.393282,2007
35.74045,139.387981,738
35.739834,139.379712,1567
35.752569,139.369526,1666
35.750065,139.380198,1576
35.755171,139.403659,1132
35.758627,139.406996,776
35.75198,139.395595,1025
35.763043,139.384085,1101
35.744189,139.40851,3026
35.761338,139.378213,1198
35.761252,139.366012,778
35.756987,139.362373,1274
35.649528,139.457055,3004
35.636634,139.460944,3291
35.635944,139.445698,316
35.633002,139.441589,660
35.643012,139.429368,3256
35.6376,139.434185,260
35.639354,139.437766,359
35.644154,139.439445,470
35.648102,139.443458,460
35.653483,139.440424,1740
35.64428,139.447336,2108
35.633678,139.456597,2492
35.631817,139.450752,3760
35.627465,139.445566,5452
35.627185,139.440056,2935
35.627824,139.434093,3708
35.624529,139.426938,4751
35.611359,139.421178,4010
35.608391,139.433195,520
35.635856,139.433057,406
35.629502,139.427604,1954
35.630741,139.454956,973
35.627292,139.423223,262
35.62017,139.408921,1063
35.614808,139.405867,719
35.630261,139.51225,4750
35.645829,139.505327,3403
35.645828,139.484293,2669
35.634192,139.497896,1405
35.622921,139.488412,841
35.613552,139.483234,4013
35.647526,139.513545,1332
35.640703,139.484674,2990
35.631503,139.480113,1434
35.625911,139.475486,3808
35.631208,139.506005,343
35.753221,139.338261,611
35.769814,139.331331,1367
35.765343,139.332217,283
35.773727,139.302229,1755
35.759077,139.333891,961
35.75624,139.330276,2790
35.775049,139.315011,1610
35.771026,139.32194,1933
35.750022,139.314534,407
35.765546,139.324554,1358
35.759541,139.313365,1105
35.761534,139.306098,1122
35.762223,139.300098,1281
35.770661,139.30034,801
35.718103,139.296798,1687
35.722424,139.308686,2047
35.717417,139.313886,702
35.717561,139.32544,502
35.727907,139.309299,1569
35.725194,139.322062,243
35.731697,139.30823,488
35.728832,139.320819,42
35.714628,139.303086,34
35.745352,139.303463,3485
35.753077,139.281441,705
35.737516,139.289932,1157
35.734836,139.297517,275
35.736281,139.300212,97
35.7197,139.266623,1209
35.723361,139.273644,513
35.71861,139.277942,317
35.722699,139.281969,556
35.717659,139.286914,650
35.725133,139.286531,696
35.733158,139.288148,948
35.724952,139.259235,859
35.728787,139.262683,10
35.718205,139.250291,167
35.731167,139.25255,1762
35.735108,139.240389,67
35.736835,139.229332,437
35.730058,139.219246,887
35.72831,139.211354,326
35.7217,139.218778,209
35.722999,139.229702,591
35.721675,139.238583,291
35.729476,139.232586,369
35.736203,139.21942,474
35.748482,139.203002,25
35.710695,139.191121,265
35.729963,139.177334,174
35.758415,139.166984,96
35.723699,139.299654,578
35.733713,139.303822,54
35.713808,139.534596,2913
35.723929,139.554526,4047
35.725792,139.564433,1574
35.73443,139.552514,3854
35.733705,139.559849,3356
35.737199,139.561246,2251
35.743275,139.566912,2449
35.739863,139.551099,2737
35.742327,139.548673,2266
35.744372,139.535531,3298
35.75155,139.549891,1309
35.749142,139.555125,1222
35.756233,139.556851,1697
35.75343,139.565977,2472
35.728316,139.536868,4171
35.724556,139.536847,3910
35.737075,139.528426,2430
35.737011,139.539532,1376
35.744709,139.540821,4644
35.73399,139.545324,1318
35.718719,139.536775,4623
35.728668,139.522414,5983
35.763173,139.359734,912
35.772239,139.375181,898
35.774635,139.347389,2046
35.783643,139.323605,11
35.784481,139.329437,346
35.790761,139.352974,811
35.783603,139.354089,524
35.782073,139.363629,553
35.789135,139.34285,84
35.763497,139.351843,165
35.772644,139.339362,299
35.770283,139.335494,709
35.765448,139.338173,529
35.776038,139.333157,1041
35.759188,139.338815,1462
35.751789,139.26655,4083
35.768782,139.203692,1923
35.69761,139.125281,848
35.846731,139.143556,1007
35.856627,139.006536,833
35.810908,138.997678,72
34.747305,139.379289,771
34.763746,139.382992,474
34.770256,139.392141,271
34.741741,139.422268,132
34.696549,139.442443,142
34.7137,139.426337,540
34.725159,139.38694,173
34.522332,139.279138,76
34.380261,139.256428,557
34.353549,139.260953,61
34.325344,139.21139,176
34.421548,139.285612,102
34.222345,139.154622,592
34.07213,139.544285,184
34.065211,139.496908,265
34.091336,139.493597,43
34.110851,139.504974,94
34.112623,139.538041,144
33.874845,139.603157,67
33.125354,139.795964,1178
33.118252,139.768498,837
33.080268,139.796362,166
33.069103,139.820425,253
33.092138,139.841091,120
32.45737,139.766398,32
27.122354,142.209831,508
26.701939,142.150402,107
35.490894,139.665293,3579
35.501077,139.665154,3335
35.506519,139.67035,994
35.511191,139.668877,1333
35.515805,139.668488,544
35.509952,139.674362,1240
35.514912,139.674576,1397
35.50682,139.65314,4969
35.513631,139.644048,5066
35.518316,139.652428,2143
35.534799,139.656216,4576
35.533072,139.663984,2921
35.519844,139.674783,4215
35.528525,139.659454,1735
35.534223,139.67298,2116
35.528658,139.675995,5611
35.52097,139.687002,1005
35.519044,139.685218,299
35.517667,139.684283,342
35.516007,139.681851,712
35.517549,139.687456,579
35.516379,139.688644,366
35.524878,139.686335,2841
35.514082,139.686986,366
35.509167,139.690348,1136
35.509808,139.693539,2457
35.50543,139.690195,1022
35.504589,139.694997,525
35.504439,139.682485,1352
35.502689,139.680417,1166
35.501649,139.686301,854
35.501433,139.693299,253
35.502101,139.696649,925
35.501154,139.700175,266
35.497762,139.692003,4
35.499463,139.690112,654
35.500877,139.67935,1550
35.496718,139.682368,667
35.491927,139.705743,8
35.520362,139.678865,1170
35.502783,139.649593,5369
35.503766,139.665099,743
35.508011,139.664742,1316
35.512489,139.665234,540
35.511061,139.639375,1563
35.509637,139.684818,5641
35.496779,139.651009,3484
35.500947,139.639819,3416
35.489298,139.654303,1942
35.491769,139.658517,620
35.49436,139.647687,784
35.493787,139.652016,694
35.488301,139.658511,1912
35.487655,139.649312,1432
35.491825,139.638699,877
35.492571,139.641231,1087
35.491265,139.645184,1372
35.487123,139.643441,759
35.491971,139.628785,123
35.486844,139.63945,451
35.485545,139.632909,475
35.485919,139.636405,590
35.48981,139.631229,781
35.488987,139.636109,686
35.492012,139.634863,731
35.484451,139.639387,490
35.482505,139.633004,241
35.482742,139.636323,234
35.480565,139.633845,364
35.47971,139.631469,1097
35.477996,139.630394,249
35.470298,139.622378,644
35.468871,139.621968,128
35.467996,139.626322,525
35.472893,139.629878,230
35.482922,139.640691,185
35.469288,139.631363,1607
35.472259,139.63695,254
35.478954,139.641925,781
35.469876,139.6389,890
35.475799,139.638853,3
35.467402,139.630239,289
35.473553,139.626775,214
35.471924,139.622481,779
35.473561,139.624574,338
35.471826,139.615955,430
35.474718,139.61854,737
35.474074,139.621244,214
35.475103,139.628577,774
35.476159,139.621564,735
35.479094,139.620324,800
35.478369,139.625371,451
35.47743,139.629013,203
35.474454,139.613439,466
35.471836,139.60353,304
35.473641,139.608549,701
35.478476,139.604991,859
35.478446,139.610113,1001
35.478402,139.614957,1434
35.480832,139.625947,284
35.482269,139.621296,159
35.48296,139.624204,967
35.481407,139.628282,539
35.486315,139.629464,612
35.489416,139.617384,3816
35.484728,139.611024,4259
35.485295,139.60138,4107
35.48912,139.597105,1376
35.498236,139.580719,5733
35.477151,139.582774,1787
35.48949,139.584008,2646
35.473991,139.634099,443
35.475102,139.632157,229
35.479225,139.636885,857
35.480106,139.639661,237
35.482321,139.642806,353
35.470946,139.629391,343
35.458717,139.623629,337
35.453531,139.627139,645
35.452564,139.626008,295
35.450441,139.627027,262
35.447312,139.624048,517
35.444239,139.624242,348
35.443032,139.621177,121
35.444576,139.61848,536
35.449313,139.618768,2085
35.453632,139.619345,627
35.454532,139.622025,269
35.456749,139.62082,918
35.453336,139.614414,2041
35.452766,139.623703,1182
35.463894,139.623178,573
35.460432,139.619583,2250
35.451919,139.616596,43
35.448188,139.613971,1036
35.44534,139.613934,852
35.444696,139.607507,298
35.447906,139.606671,1079
35.449968,139.609081,1173
35.45295,139.61131,587
35.457367,139.612713,725
35.460553,139.612156,1145
35.463899,139.617461,96
35.466269,139.615901,223
35.467422,139.613943,793
35.461588,139.608054,2228
35.455862,139.608154,738
35.464832,139.607227,699
35.467534,139.607688,885
35.46869,139.612859,337
35.470371,139.610582,703
35.460821,139.635932,2935
35.446445,139.642417,95
35.450631,139.646869,316
35.448436,139.64162,128
35.450927,139.636629,431
35.450242,139.634653,151
35.4492,139.636299,147
35.448438,139.637105,166
35.4493,139.634426,196
35.448904,139.634173,56
35.445343,139.639228,246
35.447217,139.634824,43
35.446699,139.634327,111
35.443598,139.637785,10
35.445109,139.651455,3268
35.439714,139.650874,450
35.438751,139.663163,1871
35.451225,139.631361,11
35.448635,139.630945,413
35.448564,139.628322,625
35.447122,139.627437,176
35.445126,139.627049,662
35.440827,139.623541,362
35.4405,139.624435,35
35.441803,139.623035,105
35.442404,139.622407,93
35.446464,139.632552,217
35.445783,139.630391,109
35.445138,139.631198,25
35.44467,139.631702,13
35.444813,139.633179,505
35.443492,139.632248,6
35.442763,139.632838,48
35.442831,139.634574,251
35.442826,139.627418,657
35.442095,139.628284,251
35.437412,139.623552,365
35.440134,139.629704,460
35.441297,139.634339,158
35.4413,139.636211,185
35.439927,139.636606,152
35.439875,139.637756,309
35.440673,139.640663,337
35.43869,139.640713,195
35.439251,139.642692,356
35.441601,139.632094,993
35.44013,139.631702,89
35.439345,139.632245,189
35.438297,139.633376,501
35.437417,139.634215,61
35.436948,139.634644,76
35.436251,139.637529,937
35.436611,139.651063,1509
35.436947,139.653744,70
35.433994,139.649595,115
35.434307,139.646089,407
35.432149,139.650956,500
35.433701,139.656709,692
35.433565,139.658648,472
35.433592,139.663597,761
35.429459,139.654342,972
35.42822,139.660619,1889
35.422096,139.674812,436
35.424825,139.667451,2117
35.42834,139.664829,505
35.424473,139.651085,487
35.425518,139.655197,592
35.42218,139.653408,226
35.422742,139.659905,515
35.417731,139.660846,862
35.416907,139.663626,754
35.417878,139.667165,1466
35.419274,139.655249,824
35.432361,139.642955,569
35.431941,139.646461,366
35.429269,139.643858,636
35.428895,139.640302,645
35.428906,139.646692,358
35.428337,139.647848,239
35.429114,139.650969,566
35.43424,139.637858,435
35.425141,139.641462,1199
35.428466,139.634602,269
35.427103,139.63311,98
35.425402,139.635378,422
35.424275,139.630326,21
35.42163,139.632741,239
35.425529,139.643903,450
35.421474,139.64145,522
35.423914,139.648065,406
35.422622,139.645222,654
35.420688,139.649339,486
35.419524,139.635743,690
35.420026,139.64549,94
35.418679,139.643473,916
35.435484,139.630647,350
35.438926,139.630485,460
35.438127,139.628794,869
35.436002,139.623759,882
35.435854,139.626922,739
35.433801,139.624637,716
35.431828,139.624447,2206
35.432115,139.635963,564
35.429695,139.631881,913
35.431226,139.629807,463
35.429307,139.626083,411
35.426357,139.615416,1100
35.431471,139.619164,683
35.4337,139.621552,406
35.435103,139.6222,532
35.434133,139.61691,599
35.434704,139.616047,765
35.43534,139.61604,313
35.437369,139.621405,499
35.438132,139.621065,721
35.439239,139.621914,122
35.439155,139.619501,360
35.441314,139.621633,203
35.4418,139.616774,946
35.443231,139.612885,83
35.440755,139.612871,677
35.439584,139.607592,1152
35.43264,139.610319,302
35.433639,139.613557,576
35.433124,139.614236,622
35.432538,139.614919,478
35.431549,139.616278,519
35.429705,139.613536,520
35.426314,139.611636,1271
35.426547,139.605963,385
35.424448,139.60267,495
35.424614,139.601736,557
35.425152,139.6007,362
35.42469,139.59863,1136
35.431969,139.605399,1407
35.430439,139.602307,1400
35.430776,139.598752,910
35.422525,139.582241,7632
35.421427,139.598029,7
35.419378,139.589832,2622
35.422781,139.607099,6043
35.414781,139.584134,3334
35.417216,139.585661,602
35.433378,139.596908,2474
35.430051,139.591944,1141
35.4281,139.588636,1150
35.436602,139.590035,2739
35.433586,139.584396,972
35.431916,139.587974,1606
35.436923,139.6131,2655
35.442984,139.600348,2070
35.442594,139.589949,1843
35.444556,139.593713,612
35.439939,139.580221,2614
35.442387,139.572388,2660
35.440814,139.562825,336
35.438362,139.565097,1302
35.447951,139.555742,2000
35.446508,139.573765,1957
35.449908,139.573266,530
35.449653,139.580339,1082
35.454965,139.584962,208
35.447968,139.585718,929
35.447169,139.591732,833
35.451963,139.592697,1834
35.449196,139.596151,890
35.446002,139.597051,469
35.44979,139.603495,1345
35.452855,139.603137,570
35.453497,139.598095,542
35.460773,139.587898,2112
35.457475,139.589325,857
35.459241,139.597068,1833
35.455166,139.601455,1548
35.459539,139.604968,734
35.465092,139.602424,1299
35.478755,139.596349,1246
35.471124,139.598818,1030
35.464071,139.595915,1884
35.466339,139.588196,1199
35.472702,139.590861,1956
35.469393,139.583796,1045
35.46289,139.571815,1281
35.459326,139.579952,3693
35.46488,139.577744,810
35.472505,139.578295,1908
35.478074,139.568427,2166
35.469578,139.569403,3329
35.476195,139.574988,1327
35.487715,139.558129,2509
35.490203,139.567325,4777
35.449397,139.564504,2245
35.417313,139.636335,846
35.416356,139.632211,866
35.414826,139.629153,396
35.418628,139.629685,371
35.420034,139.628233,375
35.422143,139.627526,377
35.425412,139.626191,384
35.424491,139.620362,1791
35.421862,139.616346,1729
35.415514,139.625523,376
35.41939,139.610223,5117
35.418168,139.622358,416
35.413927,139.622601,691
35.409142,139.622954,5383
35.403996,139.614707,1017
35.400765,139.605134,2249
35.392144,139.606861,5925
35.399089,139.600653,1083
35.384673,139.612979,2651
35.376667,139.614078,531
35.381584,139.623372,6713
35.389379,139.62717,212
35.380219,139.60489,1892
35.382567,139.601548,1064
35.370193,139.608629,1359
35.360093,139.601357,1325
35.364969,139.598418,107
35.371712,139.59933,8091
35.355192,139.636685,146
35.355614,139.633421,934
35.358293,139.629753,449
35.357342,139.625869,1991
35.351754,139.625165,777
35.350946,139.631724,2060
35.345283,139.622946,1375
35.337234,139.622076,1519
35.337203,139.615286,1859
35.345733,139.639034,1944
35.34374,139.629241,748
35.339243,139.630267,1472
35.335895,139.628677,760
35.333034,139.626107,782
35.33212,139.630192,1048
35.329043,139.632224,391
35.326549,139.63458,346
35.322501,139.625581,1887
35.321532,139.615742,3258
35.330921,139.61065,3978
35.332085,139.61941,725
35.329541,139.593723,220
35.349933,139.60089,4573
35.344945,139.604107,3341
35.335821,139.604711,2532
35.326136,139.624312,663
35.383801,139.642839,2
35.371204,139.639896,6397
35.371071,139.648735,1
35.329783,139.605657,1127
35.332544,139.600353,1310
35.324552,139.604399,2157
35.348309,139.650456,8
35.351399,139.620536,4409
35.37696,139.634027,4587
35.366189,139.618579,5515
35.361549,139.626159,756
35.337643,139.63324,31
35.505697,139.63633,3928
35.504881,139.619298,3319
35.501643,139.62693,1642
35.504895,139.630675,1531
35.507495,139.631541,487
35.507766,139.62708,1254
35.495941,139.628956,2083
35.492604,139.626881,859
35.493624,139.622595,987
35.508209,139.613595,3241
35.497768,139.613023,1117
35.50414,139.604674,2117
35.512103,139.599627,3433
35.515665,139.623294,4688
35.520561,139.640239,3099
35.523097,139.618677,7614
35.531304,139.605627,3645
35.530859,139.631199,2407
35.528017,139.627325,794
35.531389,139.643729,4455
35.535681,139.645742,4035
35.536308,139.62491,1323
35.540915,139.632914,584
35.544713,139.630591,5290
35.54431,139.645013,2881
35.552365,139.650757,5653
35.553123,139.637151,7929
35.560041,139.632933,4407
35.535353,139.613747,7037
35.542446,139.607848,1761
35.552277,139.622529,2405
35.554316,139.615487,2905
35.559253,139.619848,252
35.517726,139.616077,336
35.382219,139.545595,3962
35.393393,139.539983,4446
35.404238,139.541401,2567
35.407024,139.528638,4491
35.411969,139.523875,1245
35.383514,139.525376,10318
35.390764,139.513394,2591
35.399089,139.52031,5593
35.390315,139.500486,4224
35.383578,139.492016,1852
35.36701,139.493367,1428
35.36421,139.498573,762
35.370352,139.512667,1503
35.400296,139.550391,2658
35.395504,139.554711,2026
35.414303,139.545982,2133
35.418223,139.553544,1032
35.422579,139.564814,3042
35.434614,139.569888,4645
35.435818,139.555726,5795
35.435129,139.54682,2679
35.42424,139.552042,2706
35.421452,139.544916,1889
35.436665,139.534582,4836
35.419582,139.532541,5236
35.436815,139.549592,1155
35.380891,139.50745,4243
35.414252,139.59597,1598
35.408157,139.588557,3634
35.403745,139.586012,4727
35.401679,139.591608,406
35.390565,139.587013,2464
35.39909,139.583253,5866
35.386187,139.567314,8175
35.385663,139.558334,21
35.408867,139.599827,2420
35.402785,139.596227,1894
35.389447,139.602964,5011
35.414568,139.566045,4850
35.410422,139.576713,2186
35.402959,139.567716,4536
35.397217,139.569127,2312
35.369618,139.58552,9736
35.400557,139.561142,3094
35.412852,139.578117,906
35.375596,139.563242,3494
35.410962,139.558154,4639
35.467164,139.549109,1905
35.471642,139.54818,3078
35.474958,139.557566,945
35.458073,139.560435,2964
35.46063,139.550138,3285
35.463872,139.554401,276
35.466789,139.553652,334
35.49722,139.549395,89
35.481998,139.554383,5572
35.495374,139.530118,3830
35.493437,139.538471,2484
35.490669,139.543714,3047
35.47141,139.514296,1059
35.479079,139.544196,1780
35.483108,139.535195,2355
35.485708,139.527161,1117
35.479807,139.526027,1148
35.489926,139.522377,800
35.495912,139.518928,714
35.492323,139.511939,1293
35.494027,139.498635,1726
35.505705,139.49435,5722
35.48611,139.511498,616
35.480275,139.506183,25
35.473708,139.511704,1030
35.479923,139.513668,262
35.470832,139.509709,3067
35.475259,139.535326,463
35.47196,139.538585,1351
35.464927,139.52859,2783
35.467838,139.535815,1438
35.465395,139.541874,2009
35.456801,139.541745,1566
35.455136,139.532812,1861
35.451339,139.52555,1622
35.459258,139.525436,2862
35.463258,139.516703,3521
35.458359,139.516796,3221
35.454487,139.513367,1771
35.450305,139.514536,1797
35.45593,139.548444,269
35.466631,139.520581,1186
35.471045,139.529147,2453
35.474,139.517628,1917
35.500327,139.567357,422
35.494566,139.5619,2611
35.513845,139.576987,7
35.508804,139.579365,4084
35.506691,139.548697,1602
35.513843,139.545226,3833
35.504439,139.539127,2124
35.509968,139.532572,1118
35.516567,139.518769,707
35.509173,139.51931,4869
35.519109,139.546638,1294
35.522325,139.532827,212
35.524086,139.514995,5186
35.511619,139.499827,3658
35.516925,139.488502,2379
35.533816,139.498448,4608
35.529749,139.506358,1417
35.528662,139.538836,3000
35.529212,139.52825,953
35.505967,139.56644,4419
35.509293,139.533702,1282
35.523695,139.496558,3213
35.509393,139.557423,3460
35.488165,139.485149,1195
35.467974,139.482728,3801
35.451508,139.490851,3038
35.469369,139.49721,2796
35.462944,139.501607,2923
35.453297,139.504576,2650
35.446775,139.495913,2895
35.440832,139.498222,2072
35.500425,139.481675,112
35.500244,139.472312,933
35.496322,139.469925,147
35.492038,139.474016,761
35.48691,139.472796,312
35.482533,139.472748,610
35.476225,139.473341,2859
35.47562,139.493495,679
35.453033,139.486846,1042
35.459691,139.48709,1561
35.453464,139.479202,2568
35.463042,139.475634,2976
35.45856,139.476482,672
35.473189,139.490138,2838
35.473079,139.482139,639
35.476785,139.498526,247
35.350752,139.581027,1797
35.349422,139.561394,3346
35.363047,139.56275,614
35.373216,139.558373,464
35.378289,139.553068,4482
35.376391,139.556643,917
35.373207,139.556692,10
35.363544,139.551562,1118
35.360908,139.533545,5226
35.36158,139.527081,514
35.367639,139.522449,558
35.375663,139.525263,145
35.369784,139.538981,4582
35.37878,139.536728,1627
35.38122,139.551337,2122
35.367779,139.570448,619
35.370855,139.568619,992
35.352257,139.587891,1292
35.347183,139.583125,195
35.359066,139.583041,867
35.354876,139.573134,1097
35.360644,139.572004,393
35.356015,139.576513,762
35.360217,139.568383,411
35.34897,139.577606,1384
35.366729,139.555248,378
35.369487,139.561032,1667
35.35784,139.564539,403
35.354199,139.566039,238
35.357819,139.561423,1146
35.355601,139.569779,613
35.34984,139.570329,949
35.428499,139.522406,3614
35.435329,139.511429,2882
35.427451,139.506393,1676
35.42119,139.504549,211
35.398426,139.494117,1889
35.403074,139.497894,1582
35.413903,139.489924,3886
35.417302,139.497765,3423
35.435248,139.490119,5232
35.401208,139.480375,828
35.437889,139.480625,6558
35.445921,139.518238,125
35.445591,139.523653,4783
35.413544,139.519119,1234
35.424686,139.511642,1334
35.41645,139.520873,1220
35.425238,139.515121,294
35.409327,139.516777,2974
35.419723,139.509892,1728
35.411611,139.501457,1911
35.408681,139.507005,3514
35.551061,139.500905,2027
35.58013,139.546157,1076
35.582494,139.558353,8159
35.555119,139.557805,3081
35.559605,139.54793,1630
35.554274,139.55241,3644
35.580373,139.535212,2122
35.554545,139.536627,6196
35.544368,139.537651,18
35.545863,139.531556,4830
35.535553,139.525613,1657
35.538845,139.533738,2016
35.538639,139.519529,1812
35.53467,139.513901,2289
35.543414,139.497221,1019
35.541324,139.509286,1741
35.54521,139.506597,1970
35.551045,139.514474,2336
35.545857,139.514206,2949
35.554033,139.506686,1071
35.537857,139.504254,1400
35.565411,139.474956,3341
35.55746,139.524924,23
35.547382,139.522927,1184
35.551601,139.527847,1661
35.555619,139.520886,1601
35.564445,139.510143,18
35.556018,139.511463,1913
35.560864,139.501467,2916
35.5686,139.505839,178
35.56496,139.522473,1035
35.564194,139.535066,2996
35.531848,139.520689,1069
35.572338,139.526609,703
35.579678,139.529581,3140
35.567377,139.541228,5471
35.553462,139.493818,1361
35.574156,139.56199,4262
35.568016,139.531476,875
35.543154,139.489221,1544
35.590041,139.531973,3713
35.562858,139.554867,1805
35.561749,139.540388,400
35.555108,139.482403,3359
35.52723,139.568814,2934
35.567719,139.569604,206
35.561159,139.58149,1362
35.560766,139.576446,1203
35.5533,139.583427,1426
35.554392,139.567048,59
35.548984,139.566867,2278
35.55459,139.564046,139
35.546848,139.553996,3016
35.526071,139.599055,714
35.549061,139.58972,588
35.539795,139.556905,1391
35.526171,139.590204,568
35.524423,139.558368,1598
35.544248,139.591379,1556
35.53888,139.587937,848
35.516941,139.590443,301
35.527795,139.554697,580
35.525544,139.550693,3074
35.566588,139.589772,4439
35.53708,139.56287,520
35.515716,139.558018,1379
35.53524,139.579408,449
35.538679,139.594985,638
35.566745,139.580439,1412
35.534896,139.561064,989
35.547941,139.582021,8
35.546464,139.572533,1748
35.543597,139.581081,2139
35.539832,139.582338,3556
35.562899,139.569755,4631
35.553389,139.578526,1324
35.537312,139.570461,394
35.533225,139.594671,2687
35.530541,139.559708,228
35.550001,139.602934,1270
35.526874,139.580179,621
35.55741,139.607614,1201
35.562931,139.606674,2627
35.533157,139.556967,518
35.55297,139.597523,639
35.555163,139.589959,2738
35.537279,139.554203,904
35.535534,139.56963,327
35.550452,139.581959,527
35.568595,139.566873,557
35.541375,139.72839,2137
35.534103,139.723248,1212
35.532268,139.726841,983
35.531991,139.721602,688
35.529388,139.720948,3254
35.52751,139.729473,1570
35.521816,139.733766,1159
35.527536,139.734512,1394
35.525468,139.738079,392
35.530165,139.732887,490
35.530968,139.737592,1022
35.533681,139.739885,421
35.535748,139.730166,406
35.53386,139.730628,261
35.535558,139.736458,942
35.54065,139.738454,721
35.540165,139.757853,1015
35.536267,139.74749,482
35.534536,139.745307,975
35.531786,139.74415,431
35.521646,139.741117,570
35.528102,139.751951,4
35.521702,139.725539,1835
35.513978,139.717802,1702
35.519319,139.714665,703
35.517836,139.712786,1612
35.516538,139.710342,659
35.513671,139.708781,1809
35.510739,139.700389,4442
35.504524,139.700361,2092
35.517417,139.731499,179
35.500709,139.709411,5
35.502505,139.723869,11
35.532053,139.69959,115
35.529232,139.700493,357
35.535232,139.705501,1092
35.533091,139.706027,148
35.531009,139.704135,245
35.528482,139.702623,290
35.526129,139.694421,1771
35.527433,139.697507,404
35.525758,139.698971,569
35.525401,139.689753,41
35.523355,139.689986,818
35.521433,139.691249,757
35.508879,139.696892,3297
35.518604,139.696583,567
35.522232,139.695988,565
35.519706,139.698839,1099
35.52173,139.70317,536
35.522843,139.707561,1737
35.520765,139.710214,688
35.518216,139.707857,390
35.520703,139.718183,3216
35.528219,139.705598,395
35.526419,139.705161,332
35.52514,139.708623,534
35.525202,139.702194,913
35.530708,139.706525,424
35.531649,139.71087,611
35.526948,139.716258,1151
35.531955,139.716572,905
35.535177,139.715941,1047
35.543219,139.687137,1689
35.542462,139.689896,317
35.542365,139.692383,367
35.546155,139.687619,1332
35.55467,139.687048,2998
35.553799,139.692542,994
35.550435,139.696662,788
35.547619,139.695213,789
35.54258,139.696395,1879
35.539899,139.69413,3030
35.537095,139.693138,1913
35.537789,139.697597,1007
35.534119,139.698086,589
35.529211,139.68898,552
35.530096,139.693322,1114
35.533165,139.686495,2113
35.539192,139.68873,1012
35.536957,139.689467,186
35.541662,139.681628,3706
35.546107,139.682816,782
35.550624,139.680331,2190
35.551359,139.67337,1902
35.536885,139.665465,4105
35.548267,139.675027,1461
35.5451,139.658117,5353
35.550218,139.667282,2697
35.553913,139.658797,228
35.549466,139.676887,1009
35.544951,139.675738,794
35.541066,139.673883,205
35.549474,139.670749,868
35.57524,139.657245,2873
35.574728,139.6614,2835
35.580015,139.653263,1555
35.584962,139.658451,1286
35.582341,139.644044,7117
35.59435,139.643326,3498
35.588803,139.65113,125
35.586998,139.662899,683
35.582731,139.664516,1621
35.580193,139.660899,648
35.582666,139.667367,700
35.578615,139.668063,951
35.573143,139.668641,1148
35.568353,139.669375,3944
35.56689,139.664025,2908
35.562743,139.671803,664
35.559833,139.672007,533
35.557477,139.6778,3000
35.56204,139.663531,1354
35.55991,139.659944,525
35.566405,139.65861,1107
35.574822,139.651776,956
35.572262,139.6549,1212
35.578409,139.650187,881
35.575108,139.648412,1173
35.571082,139.649914,678
35.568177,139.650824,584
35.568991,139.654441,368
35.55888,139.654916,4767
35.562943,139.636919,2534
35.565312,139.644467,1635
35.569439,139.642855,1034
35.569269,139.646257,975
35.577398,139.643373,6082
35.5827,139.633718,507
35.579807,139.63325,1322
35.59009,139.629148,640
35.585078,139.63153,1123
35.602229,139.610269,4135
35.61232,139.61271,3433
35.611999,139.603626,150
35.614904,139.603106,402
35.609156,139.620089,3735
35.608053,139.625319,230
35.605066,139.62946,1630
35.600196,139.63496,2519
35.599017,139.637834,1135
35.593969,139.622963,2294
35.596708,139.617059,3775
35.603766,139.598119,5917
35.599377,139.593209,3386
35.593894,139.593927,632
35.58944,139.602134,2843
35.592846,139.606727,5839
35.586141,139.610572,4452
35.582103,139.628321,898
35.57883,139.620285,104
35.567949,139.613718,1367
35.577841,139.621785,3656
35.57202,139.629863,2756
35.567946,139.637189,881
35.565063,139.631649,2583
35.565627,139.618209,5111
35.62298,139.557306,5169
35.625111,139.543048,4060
35.620245,139.529052,1935
35.625546,139.519624,1851
35.626371,139.529688,2381
35.637075,139.530732,3305
35.634442,139.524457,696
35.640025,139.53051,431
35.636958,139.539584,1503
35.633846,139.546893,784
35.627986,139.55287,6104
35.623895,139.565517,987
35.614225,139.572632,6742
35.615821,139.594548,1973
35.60855,139.571465,2345
35.610071,139.565362,1343
35.606817,139.557735,2606
35.606361,139.54665,2435
35.61243,139.549218,1228
35.618862,139.534154,923
35.612239,139.529091,2576
35.612889,139.536588,1352
35.604327,139.529904,3337
35.598428,139.535839,1787
35.587983,139.581817,3505
35.581437,139.577241,2075
35.582687,139.572535,5055
35.593207,139.575394,1220
35.594983,139.583791,670
35.588042,139.597276,6458
35.581474,139.587093,4052
35.58076,139.605491,722
35.569462,139.604825,4042
35.57938,139.613496,1930
35.571265,139.606646,2769
35.569117,139.595087,4028
35.575377,139.585647,6356
35.582204,139.568216,3578
35.584578,139.562968,5040
35.590536,139.549365,630
35.594279,139.532684,640
35.597221,139.542799,925
35.599965,139.551137,3815
35.601239,139.560474,1512
35.597266,139.568833,641
35.593894,139.569969,1579
35.601486,139.572398,3967
35.604376,139.574012,487
35.603158,139.58553,2721
35.608484,139.508421,2810
35.613747,139.50186,1306
35.616133,139.496816,1048
35.621625,139.505717,2298
35.618559,139.505278,2764
35.617909,139.523513,763
35.613814,139.52022,4632
35.607261,139.517427,2834
35.597857,139.522598,2672
35.595654,139.515053,3591
35.582129,139.51348,3836
35.584089,139.522489,537
35.590357,139.510101,2231
35.580664,139.521016,1759
35.573461,139.517216,212
35.575575,139.507984,1967
35.585955,139.496523,6122
35.578275,139.505953,42
35.603638,139.497314,192
35.600555,139.495648,965
35.602906,139.491533,29
35.597772,139.482645,3644
35.607867,139.469377,418
35.606339,139.486429,1977
35.608341,139.480946,922
35.606717,139.476356,1390
35.613078,139.461727,896
35.613703,139.4714,81
35.577119,139.480296,1887
35.621556,139.463921,2287
35.600581,139.326764,3285
35.588143,139.349445,589
35.591469,139.318536,3277
35.594337,139.34263,5209
35.603291,139.337298,619
35.596673,139.331686,4006
35.593964,139.354353,2591
35.588484,139.33004,891
35.575649,139.3188,4126
35.579026,139.327614,1121
35.581944,139.331853,4721
35.588121,139.320275,70
35.568881,139.330733,397
35.587527,139.28804,628
35.589911,139.295824,180
35.597443,139.3002,698
35.587357,139.303692,701
35.595019,139.306486,1325
35.600581,139.310845,1566
35.604223,139.301237,113
35.608079,139.279435,313
35.596674,139.276149,222
35.566098,139.300722,217
35.556848,139.315331,115
35.595276,139.289215,882
35.594978,139.311316,620
35.598577,139.253034,329
35.585832,139.273462,1044
35.583963,139.248801,1533
35.594023,139.244568,677
35.59159,139.231742,961
35.561395,139.236947,851
35.55961,139.263993,823
35.56974,139.27556,1139
35.519376,139.180336,579
35.555363,139.188871,527
35.515269,139.118801,245
35.624682,139.184799,627
35.637702,139.197168,139
35.624805,139.215642,564
35.607195,139.205622,449
35.588373,139.20689,1042
35.63081,139.168938,416
35.622921,139.138923,614
35.6352,139.153977,193
35.60658,139.170725,539
35.60518,139.14103,378
35.574706,139.155714,776
35.654373,139.141215,295
35.615819,139.188807,61
35.563872,139.389078,1876
35.548931,139.390813,1003
35.586901,139.354118,1196
35.585643,139.366046,161
35.570799,139.360761,578
35.574806,139.374444,5141
35.576216,139.345555,1227
35.58907,139.368553,802
35.573731,139.358791,2893
35.560125,139.392703,354
35.562167,139.394741,187
35.572368,139.372559,1826
35.564705,139.376466,2433
35.555456,139.384873,1776
35.552257,139.379809,1624
35.583187,139.364452,479
35.567258,139.383516,1943
35.559192,139.371864,1880
35.552303,139.394583,145
35.54759,139.382068,1387
35.580479,139.348736,1856
35.588543,139.361179,242
35.595977,139.363489,2384
35.556052,139.390056,779
35.572255,139.381778,3242
35.54477,139.379409,3233
35.564504,139.366349,2387
35.568937,139.356128,1858
35.55583,139.397081,134
35.566827,139.391436,1266
35.583105,139.397042,1839
35.575174,139.386776,719
35.565148,139.398745,1912
35.576985,139.395375,4056
35.571813,139.406225,3355
35.557421,139.412113,3091
35.558486,139.40018,749
35.547585,139.3725,7249
35.547272,139.356491,11
35.55466,139.361118,2891
35.549827,139.344766,7166
35.553579,139.350682,120
35.537315,139.359688,1075
35.547633,139.32658,1099
35.525376,139.428994,973
35.518952,139.446599,3538
35.526234,139.444062,1952
35.523727,139.453322,7876
35.529513,139.42347,456
35.529995,139.440754,7295
35.533449,139.426142,1226
35.529487,139.416003,1656
35.52783,139.413581,805
35.527458,139.425946,582
35.546647,139.429859,2842
35.544133,139.400702,6124
35.558538,139.419787,3391
35.536028,139.41302,2485
35.546902,139.421894,2196
35.543655,139.425074,2960
35.538684,139.427009,35
35.527514,139.392131,117
35.524221,139.398616,17
35.532797,139.409094,2182
35.533643,139.397284,22
35.518675,139.402472,233
35.5168,139.398792,10
35.508577,139.404327,2746
35.514378,139.405655,111
35.512149,139.401125,71
35.539755,139.393507,109
35.538708,139.398708,112
35.522274,139.404817,4994
35.518067,139.409741,691
35.521486,139.409833,303
35.529431,139.411134,650
35.517737,139.420065,4139
35.501688,139.40474,2073
35.510462,139.409185,1811
35.511227,139.433456,3780
35.524554,139.433463,5239
35.516755,139.42581,561
35.531101,139.382267,3602
35.526739,139.368073,1779
35.509311,139.38694,2842
35.49828,139.38869,1289
35.272172,139.658296,2022
35.276681,139.663738,1570
35.282523,139.661757,614
35.288322,139.664933,1
35.282487,139.672534,659
35.282335,139.668713,327
35.280326,139.666287,73
35.27846,139.67228,270
35.275938,139.679223,1054
35.275765,139.67584,542
35.272692,139.685648,983
35.271936,139.677616,1698
35.26113,139.684902,2863
35.264183,139.673395,1175
35.269589,139.673954,410
35.274738,139.672375,570
35.271581,139.666315,1782
35.269373,139.660002,846
35.265974,139.657649,534
35.265123,139.660612,138
35.263387,139.660536,700
35.26107,139.664159,341
35.263298,139.670663,1487
35.315591,139.621818,743
35.31836,139.626705,1407
35.32216,139.646067,380
35.312409,139.641405,1045
35.315307,139.63066,1800
35.309411,139.627082,364
35.307725,139.624952,893
35.310874,139.622322,399
35.312856,139.613243,2961
35.303058,139.634253,2799
35.294947,139.639387,3
35.291613,139.626482,1085
35.285383,139.626319,162
35.281943,139.631096,121
35.282554,139.639252,881
35.287005,139.647827,456
35.284874,139.650717,822
35.276153,139.638123,8
35.275699,139.64871,1106
35.258889,139.679442,2841
35.260437,139.658529,1808
35.26505,139.650507,882
35.26909,139.643202,2007
35.256622,139.63522,621
35.251579,139.641464,3617
35.25361,139.661285,2634
35.243924,139.65549,445
35.234529,139.66372,2709
35.245565,139.677623,2829
35.251888,139.688772,2983
35.258986,139.68816,2287
35.262081,139.705526,1726
35.260285,139.723206,591
35.259112,139.716742,1195
35.255199,139.70072,1486
35.248254,139.695963,3000
35.242682,139.703199,2131
35.248032,139.708534,1898
35.253946,139.712473,1406
35.253178,139.720798,2003
35.254845,139.727537,661
35.253718,139.734968,4207
35.247881,139.718939,778
35.243615,139.71228,944
35.235306,139.719403,1341
35.237805,139.714801,189
35.234247,139.715526,669
35.22786,139.722104,665
35.232447,139.710999,830
35.238076,139.69895,937
35.240765,139.69078,26
35.231935,139.696164,95
35.236905,139.686166,1898
35.229718,139.66724,2522
35.229973,139.690952,484
35.21489,139.717823,4621
35.221771,139.704059,88
35.220843,139.69134,3380
35.213795,139.704916,4242
35.225786,139.681273,1345
35.219186,139.675148,3011
35.212275,139.662487,2107
35.204576,139.628677,2826
35.215218,139.628933,10
35.211751,139.635384,1343
35.211168,139.64835,193
35.226362,139.657582,3352
35.235585,139.647373,1676
35.228874,139.632047,204
35.241898,139.637245,1058
35.225893,139.606262,514
35.244772,139.625509,1060
35.251387,139.595316,1282
35.285924,139.644379,509
35.271939,139.649173,369
35.235918,139.656052,640
35.247939,139.606108,24
35.253994,139.622771,330
35.29485,139.624373,546
35.238869,139.710633,534
35.237133,139.70528,689
35.205624,139.671582,1053
35.228144,139.615478,341
35.315385,139.330797,389
35.317867,139.332028,424
35.322476,139.337984,1044
35.3181,139.336359,914
35.318773,139.341367,882
35.315086,139.339921,663
35.317809,139.345837,600
35.323695,139.344418,834
35.32556,139.348969,616
35.322089,139.349742,883
35.317311,139.350776,1277
35.317632,139.357604,947
35.323428,139.356451,1159
35.326904,139.355658,937
35.327548,139.36475,65
35.323232,139.365486,614
35.320973,139.360908,505
35.317749,139.368031,532
35.338044,139.371991,146
35.327916,139.326866,405
35.332437,139.323516,372
35.335024,139.328332,356
35.336817,139.333272,606
35.337337,139.336392,202
35.331737,139.331104,914
35.333492,139.337159,576
35.334021,139.341305,708
35.330412,139.342547,986
35.327494,139.34346,390
35.328349,139.347859,318
35.331155,139.347408,976
35.335076,139.347944,511
35.336141,139.352323,500
35.331543,139.351875,433
35.328936,139.352119,250
35.328234,139.331851,1666
35.329934,139.356801,655
35.33187,139.355944,346
35.335638,139.355868,689
35.334849,139.360916,362
35.332327,139.361405,150
35.330669,139.361681,220
35.335501,139.367485,15
35.337556,139.325669,1507
35.341131,139.331707,2947
35.346786,139.322936,78
35.353998,139.340667,1689
35.348194,139.340479,121
35.337727,139.342341,208
35.342567,139.341127,132
35.34675,139.334445,2285
35.34071,139.347982,1307
35.347204,139.364175,1436
35.358824,139.368728,3430
35.362221,139.34753,1050
35.361782,139.353803,1920
35.35384,139.323526,76
35.355697,139.330001,637
35.361737,139.338265,5
35.36384,139.34229,123
35.360677,139.333752,205
35.358661,139.330001,190
35.358652,139.326002,286
35.364786,139.326478,126
35.388652,139.364337,1493
35.392276,139.35684,80
35.371679,139.350762,2775
35.37847,139.358417,3443
35.379071,139.343513,370
35.376392,139.333001,396
35.369779,139.341045,264
35.37438,139.323953,336
35.372624,139.305742,2373
35.381797,139.303701,805
35.358687,139.316129,901
35.352601,139.315286,974
35.347677,139.316768,1272
35.359443,139.306739,85
35.353108,139.30222,882
35.360785,139.299715,1100
35.351406,139.290049,70
35.35745,139.283823,1392
35.36316,139.274274,735
35.365877,139.291608,142
35.3693,139.276698,1130
35.349284,139.295961,759
35.344049,139.257227,977
35.342284,139.280652,366
35.335189,139.288837,186
35.346367,139.302085,1109
35.338912,139.304039,583
35.331464,139.300322,1248
35.326157,139.305196,1733
35.325376,139.314254,531
35.330236,139.317078,2377
35.340053,139.31052,1041
35.337575,139.317645,1715
35.343287,139.314831,1554
35.341492,139.300165,889
35.333528,139.307108,785
35.326144,139.583049,521
35.317725,139.569193,1657
35.329944,139.569256,1091
35.329422,139.560126,376
35.326963,139.555799,1166
35.328022,139.546164,701
35.320703,139.553326,779
35.315981,139.55957,2038
35.304185,139.553905,2404
35.313317,139.548033,1755
35.318711,139.548049,470
35.316795,139.54174,329
35.324321,139.542244,584
35.319576,139.538193,1471
35.307866,139.532485,518
35.313156,139.529987,691
35.310845,139.522407,1320
35.312782,139.4934,2203
35.315549,139.506909,2249
35.321045,139.503823,1493
35.307261,139.51322,1665
35.316268,139.500498,1069
35.308008,139.505604,707
35.326848,139.531886,2316
35.335342,139.516112,1513
35.339197,139.528651,1843
35.338955,139.518958,639
35.327681,139.501777,1763
35.325481,139.519714,2216
35.324203,139.529113,1268
35.316385,139.518167,845
35.335077,139.548734,1457
35.339491,139.538409,3004
35.344168,139.536305,963
35.347826,139.544678,3468
35.343352,139.547122,297
35.354915,139.547281,2548
35.340316,139.570044,767
35.340694,139.564395,1956
35.351351,139.529294,205
35.346472,139.517892,2734
35.356937,139.523121,1758
35.349971,139.514646,1801
35.355599,139.509924,1400
35.361247,139.506093,844
35.339943,139.492089,366
35.341334,139.485701,4091
35.34536,139.483376,1745
35.361923,139.476184,2843
35.357924,139.463654,2425
35.36729,139.464507,1797
35.361327,139.48158,771
35.352037,139.475748,485
35.35604,139.476201,343
35.36273,139.466381,1537
35.35848,139.481104,1547
35.339872,139.479808,266
35.337401,139.490196,778
35.334113,139.49051,631
35.318147,139.463049,4428
35.3214,139.475866,2992
35.328093,139.475195,2245
35.327495,139.482906,2035
35.340488,139.476271,1464
35.333087,139.474228,3183
35.337455,139.483558,399
35.334441,139.481574,1184
35.333335,139.487352,916
35.35369,139.489091,1160
35.35435,139.494061,2829
35.342452,139.499648,1960
35.337284,139.510034,487
35.334195,139.504494,431
35.342515,139.503786,215
35.345294,139.503052,1302
35.350197,139.50385,7
35.354302,139.499878,780
35.353339,139.497235,323
35.341674,139.50936,1338
35.329998,139.496771,1968
35.347426,139.497104,2268
35.353456,139.50318,517
35.320458,139.487829,3498
35.312798,139.479723,2124
35.320111,139.495399,1662
35.315842,139.491967,102
35.300529,139.482861,124
35.327461,139.444473,3312
35.336076,139.4651,3485
35.332185,139.464652,1552
35.32656,139.456398,2280
35.320717,139.446489,2809
35.339005,139.445934,954
35.339267,139.460096,2622
35.344207,139.457098,3461
35.346406,139.445252,2200
35.352132,139.450504,7561
35.355964,139.459408,860
35.380197,139.469891,5836
35.392225,139.478063,294
35.393225,139.457841,1829
35.373438,139.458443,5020
35.37539,139.486606,752
35.3779,139.461533,1197
35.395325,139.47332,6943
35.419975,139.460001,4122
35.412256,139.471861,3805
35.407063,139.458473,2375
35.401803,139.451448,107
35.409534,139.415753,1218
35.409355,139.433325,988
35.399391,139.437964,1274
35.392055,139.417139,941
35.388631,139.407053,588
35.397322,139.403444,783
35.387523,139.435352,5102
35.253837,139.157277,1359
35.259522,139.164959,1024
35.25358,139.168341,1340
35.245453,139.156884,1213
35.250821,139.154925,8
35.243655,139.151969,911
35.266595,139.171853,1344
35.259784,139.180115,1612
35.253713,139.149313,1550
35.263856,139.157661,2268
35.253476,139.140926,17
35.260407,139.142434,1071
35.259618,139.148098,30
35.265069,139.154682,58
35.269042,139.154295,31
35.276587,139.15223,305
35.284646,139.154062,2753
35.293386,139.154165,723
35.290332,139.146118,1661
35.297535,139.146063,773
35.298073,139.140894,195
35.297515,139.134294,485
35.294709,139.137383,603
35.283385,139.131027,391
35.288543,139.133434,738
35.288105,139.143297,298
35.2792,139.14532,520
35.280045,139.151436,121
35.261657,139.098288,3820
35.248498,139.139282,1287
35.244468,139.145372,107
35.248178,139.126835,387
35.244776,139.113433,441
35.254563,139.13022,110
35.22451,139.114899,1130
35.289513,139.181809,517
35.283632,139.18538,1404
35.286317,139.178455,612
35.279995,139.177396,1839
35.27549,139.172371,135
35.273333,139.16775,54
35.275686,139.176157,138
35.270188,139.174283,1916
35.315914,139.138509,1775
35.30579,139.144184,2660
35.281855,139.167362,1674
35.291223,139.165978,1186
35.299235,139.160594,329
35.291505,139.190386,288
35.290593,139.189975,766
35.295863,139.180251,1179
35.30163,139.175668,372
35.30588,139.171855,48
35.305061,139.166112,187
35.296072,139.171194,234
35.302247,139.188482,331
35.311973,139.190057,255
35.305924,139.197426,270
35.313272,139.185613,328
35.285634,139.206615,2657
35.293138,139.200204,921
35.268907,139.186878,3022
35.265539,139.181439,553
35.273323,139.198528,1559
35.223632,139.135566,85
35.214366,139.135253,134
35.201552,139.114353,227
35.186911,139.133204,121
35.316456,139.177652,239
35.313367,139.16269,230
35.308504,139.155907,222
35.32298,139.172516,67
35.286833,139.22403,1285
35.292336,139.22833,163
35.296246,139.231963,1105
35.29613,139.217756,66
35.304417,139.2237,460
35.302555,139.232309,41
35.306629,139.211861,100
35.312365,139.227491,993
35.301996,139.18311,231
35.338278,139.40481,870
35.335733,139.41837,2402
35.332339,139.408321,552
35.333267,139.418909,836
35.330507,139.410286,775
35.330912,139.404088,350
35.331247,139.397778,1383
35.327976,139.402561,1078
35.318471,139.393227,3359
35.319775,139.402884,2237
35.330099,139.417346,3598
35.319684,139.413215,3186
35.345095,139.379664,3150
35.341647,139.371563,177
35.34821,139.394433,1132
35.34482,139.400514,2634
35.348474,139.407296,1934
35.338191,139.39765,3235
35.338007,139.391492,2291
35.330431,139.386191,844
35.335431,139.381395,1999
35.328874,139.374857,1352
35.326798,139.386031,389
35.319519,139.377895,1297
35.319046,139.38411,699
35.323188,139.386787,1544
35.35231,139.406101,3812
35.356508,139.409267,618
35.354269,139.417199,1791
35.351493,139.430198,2196
35.342998,139.413514,1917
35.343142,139.419824,983
35.339125,139.429765,1767
35.345016,139.43042,1740
35.341422,139.425404,1445
35.336639,139.42704,200
35.337593,139.435182,299
35.338424,139.439061,501
35.34083,139.441587,1347
35.33002,139.440208,2438
35.334363,139.42998,613
35.334389,139.424826,636
35.331503,139.423106,650
35.330808,139.429192,1041
35.328897,139.435092,1287
35.325732,139.438887,455
35.325964,139.434146,664
35.326922,139.428688,607
35.327151,139.425007,1716
35.320574,139.420416,459
35.321043,139.425115,297
35.322655,139.430116,918
35.322954,139.434352,674
35.321261,139.436584,323
35.370838,139.411224,320
35.377779,139.419493,918
35.363925,139.424912,2179
35.365226,139.405063,568
35.363085,139.402651,867
35.294095,139.582967,2316
35.280684,139.611647,3853
35.290528,139.617464,3412
35.311643,139.588913,2176
35.3015,139.585453,1004
35.31031,139.573995,3466
35.297885,139.553974,3049
35.298468,139.565832,1566
35.142784,139.612562,508
35.145085,139.622971,248
35.145604,139.619773,181
35.144235,139.615678,252
35.14791,139.617304,249
35.150262,139.617866,203
35.147513,139.62238,239
35.147015,139.62736,263
35.151448,139.631336,290
35.146457,139.630113,344
35.143274,139.633333,409
35.143937,139.624971,152
35.141829,139.626274,236
35.139499,139.627061,240
35.150234,139.638957,203
35.152974,139.620164,1427
35.161291,139.628858,1340
35.13379,139.618877,177
35.190367,139.652064,3705
35.173671,139.648099,539
35.160603,139.658015,671
35.147717,139.669321,483
35.146603,139.651597,137
35.172807,139.626186,341
35.181182,139.63498,1913
35.186419,139.624929,307
35.201416,139.64703,440
35.195133,139.630026,794
35.371628,139.231777,920
35.36833,139.235889,167
35.37459,139.230266,222
35.376403,139.232283,99
35.378127,139.229746,201
35.372899,139.242181,3234
35.37632,139.227074,243
35.374585,139.225654,153
35.374453,139.223338,113
35.376497,139.22313,143
35.376349,139.21629,331
35.378407,139.219829,248
35.378143,139.216486,240
35.377076,139.212161,89
35.361668,139.241296,372
35.377404,139.206299,308
35.37398,139.207054,152
35.374304,139.210257,406
35.373625,139.214087,304
35.368519,139.2086,2458
35.373346,139.217848,240
35.372313,139.223037,309
35.36228,139.217742,1857
35.36914,139.228651,106
35.366982,139.231851,256
35.364829,139.227383,993
35.357365,139.236506,358
35.357791,139.225372,1895
35.363124,139.221189,367
35.359234,139.228677,248
35.384841,139.23168,537
35.387435,139.244903,817
35.398849,139.243275,446
35.409945,139.240002,55
35.436294,139.215213,184
35.395299,139.223951,1987
35.397181,139.215061,1089
35.380198,139.230099,163
35.400245,139.206171,608
35.421342,139.189783,775
35.405243,139.182313,209
35.395462,139.185189,2273
35.385773,139.19483,392
35.383749,139.277827,1474
35.379635,139.280671,2557
35.376467,139.289066,793
35.37745,139.260465,1767
35.370214,139.25273,3929
35.359112,139.256407,1672
35.379523,139.177851,469
35.38227,139.18021,332
35.378871,139.182326,317
35.376665,139.18559,280
35.392812,139.172929,2102
35.382564,139.18404,1107
35.419079,139.168605,1133
35.376356,139.177195,493
35.375482,139.180732,208
35.373408,139.189255,230
35.372601,139.180343,452
35.371675,139.18665,648
35.359195,139.188194,127
35.365326,139.169469,231
35.35901,139.176425,2846
35.369456,139.179974,354
35.362202,139.161591,1318
35.377364,139.164945,403
35.419791,139.153239,224
35.387028,139.15904,104
35.379158,139.152129,94
35.449014,139.362686,542
35.447471,139.366392,401
35.44488,139.36932,316
35.44557,139.362351,1035
35.446953,139.356878,935
35.442518,139.369741,221
35.441367,139.361947,988
35.441581,139.359153,1067
35.436488,139.358521,586
35.440078,139.369997,209
35.439777,139.366646,215
35.431716,139.368426,2274
35.453126,139.354917,576
35.430698,139.358074,316
35.514934,139.361371,1777
35.504601,139.372508,58
35.499114,139.364112,2013
35.487,139.365343,1107
35.478371,139.368181,790
35.472436,139.371161,777
35.469596,139.376445,4
35.461148,139.371119,1011
35.498034,139.352391,1431
35.499602,139.333374,285
35.47322,139.350124,959
35.479022,139.346355,1008
35.482382,139.351984,826
35.470532,139.346234,807
35.467747,139.343694,316
35.460122,139.345332,1576
35.452574,139.36135,736
35.454912,139.364849,1885
35.457438,139.356331,1352
35.466793,139.361771,1820
35.456847,139.344738,531
35.498401,139.323071,992
35.504556,139.316607,691
35.503774,139.301787,1692
35.483324,139.319893,443
35.48037,139.33621,2308
35.489684,139.329338,2145
35.471303,139.315569,3292
35.46021,139.305788,274
35.453172,139.31965,230
35.477246,139.314202,813
35.449176,139.344415,2396
35.436778,139.354824,2246
35.439882,139.348507,2
35.442864,139.324209,1261
35.439038,139.336248,919
35.440003,139.342188,1295
35.432081,139.33644,1807
35.427534,139.352078,721
35.423466,139.346823,1521
35.415847,139.352328,442
35.426269,139.332739,518
35.426887,139.338377,87
35.442419,139.330209,1389
35.450763,139.270297,584
35.43396,139.315378,644
35.427686,139.313161,77
35.425976,139.369416,1663
35.414444,139.361799,476
35.400746,139.364866,1137
35.407871,139.355072,109
35.408914,139.350219,488
35.400364,139.353183,79
35.451672,139.337416,1204
35.44852,139.312098,13
35.443003,139.308953,2346
35.504292,139.451496,6466
35.498679,139.46139,7694
35.507462,139.456277,3968
35.499212,139.448435,1877
35.488387,139.454214,1946
35.490232,139.439525,5216
35.488833,139.445867,4876
35.474897,139.443993,4123
35.469335,139.438852,1314
35.46365,139.453284,12
35.481528,139.46216,1892
35.477555,139.466182,576
35.482999,139.468576,2177
35.473107,139.463931,1177
35.465916,139.464936,836
35.465725,139.468337,1247
35.467064,139.457837,3513
35.462749,139.456551,1056
35.457144,139.460532,2338
35.430358,139.455808,7959
35.444668,139.473228,4248
35.441837,139.45712,1181
35.429099,139.469818,1864
35.434328,139.46302,1901
35.50703,139.434287,1828
35.400448,139.312166,1450
35.388364,139.31056,2174
35.399283,139.324873,648
35.40364,139.310986,387
35.399092,139.300852,2066
35.379612,139.313205,1234
35.385049,139.311136,508
35.393615,139.313303,2589
35.426102,139.245614,198
35.417262,139.264438,258
35.416062,139.290823,2289
35.421809,139.301522,491
35.436576,139.268554,556
35.396681,139.288021,365
35.388453,139.289329,746
35.393442,139.277198,304
35.385997,139.283877,519
35.389499,139.261007,125
35.399359,139.294285,655
35.403577,139.274705,748
35.404906,139.32721,629
35.41642,139.312189,182
35.414528,139.318102,129
35.422073,139.324902,3432
35.416019,139.339927,1889
35.40572,139.340174,61
35.401556,139.347966,558
35.421352,139.332021,564
35.410398,139.34306,1132
35.396385,139.338497,44
35.38729,139.339914,349
35.390903,139.349654,794
35.386123,139.327544,110
35.383482,139.323657,163
35.391565,139.334012,1896
35.389601,139.27616,520
35.455995,139.402079,2787
35.44924,139.394066,1727
35.460439,139.395508,2481
35.43693,139.395926,1108
35.444278,139.397735,1745
35.437914,139.390436,4
35.444202,139.404112,2158
35.440421,139.386317,2574
35.435978,139.376093,26
35.446491,139.380795,712
35.45173,139.377146,2119
35.447537,139.373224,171
35.467524,139.382505,885
35.454093,139.384593,17
35.461845,139.385615,899
35.470204,139.406388,4079
35.463216,139.412437,2316
35.47387,139.433771,4558
35.45503,139.405921,423
35.446696,139.398675,152
35.446636,139.390633,14
35.416766,139.390622,246
35.412725,139.381693,860
35.422268,139.378728,1204
35.427716,139.386162,879
35.421314,139.390769,104
35.420417,139.405481,1309
35.429254,139.400309,1703
35.408998,139.396441,727
35.408492,139.38245,1639
35.443154,139.401617,437
35.455793,139.389046,304
35.459661,139.389491,426
35.453349,139.390075,154
35.487438,139.414469,2118
35.473356,139.41047,579
35.491382,139.419891,514
35.505266,139.428417,7401
35.473533,139.386001,700
35.482988,139.379933,968
35.476961,139.409969,1690
35.494574,139.407842,2484
35.491188,139.402989,259
35.498961,139.422712,1015
35.498697,139.428721,1574
35.490113,139.388341,1848
35.49996,139.409403,3296
35.476192,139.403814,3647
35.477522,139.394245,2367
35.480404,139.431158,4980
35.480357,139.425267,2551
35.472287,139.423711,691
35.471382,139.420276,2392
35.303318,139.02651,195
35.342099,139.062419,274
35.313169,139.060505,156
35.32988,139.087537,123
35.32667,139.094458,240
35.325149,139.091636,314
35.307489,139.082126,80
35.321321,139.103161,1032
35.306707,139.072079,418
35.316055,139.100826,504
35.298242,139.081588,734
35.312128,139.111225,568
35.320777,139.110528,292
35.339071,139.091998,609
35.347573,139.104702,293
35.345028,139.100043,24
35.337363,139.108875,279
35.330792,139.11201,663
35.324256,139.116008,602
35.3159,139.120512,1323
35.309875,139.12318,227
35.310001,139.11854,423
35.287229,139.080469,2711
35.279428,139.087126,249
35.295903,139.1234,1280
35.291488,139.126241,634
35.438029,139.442317,1404
35.427074,139.44042,897
35.443551,139.440007,1428
35.45632,139.43011,2542
35.454887,139.443226,1
35.464172,139.439969,1041
35.463963,139.417775,1254
35.459481,139.422944,1101
35.459999,139.416199,898
35.453788,139.422842,640
35.454083,139.419117,659
35.445857,139.424502,787
35.450325,139.425872,717
35.450932,139.41634,1436
35.448588,139.411604,532
35.438082,139.418634,1136
35.432066,139.424988,698
35.421947,139.428027,428
35.425441,139.412477,593
35.432945,139.415585,1301
35.422189,139.446269,975
35.410011,139.442975,1514
35.416157,139.454646,1580
35.436456,139.446705,4
35.414681,139.443412,1496
35.420286,139.434855,676
35.267629,139.587893,3345
35.268431,139.612377,699
35.266129,139.630283,498
35.258901,139.590951,945
35.2845,139.592784,3137
35.275187,139.58069,3096
35.354368,139.380457,380
35.366875,139.371641,3355
35.363348,139.390572,788
35.356902,139.39194,904
35.366424,139.395447,2718
35.377041,139.401401,208
35.37998,139.394492,1068
35.386819,139.396138,462
35.381195,139.382895,2414
35.395188,139.37772,2642
35.323499,139.321745,864
35.31421,139.327384,629
35.315463,139.317217,2308
35.313069,139.308111,1096
35.312904,139.297848,1572
35.308745,139.285757,1765
35.303567,139.272846,1126
35.322178,139.277238,673
35.326345,139.287185,111
35.320442,139.265396,189
35.32992,139.263967,67
35.324699,139.255187,44
35.309112,139.267268,670
35.311683,139.275563,258
35.32108,139.244719,345
35.31019,139.240732,1453
35.313738,139.253271,1103
35.301354,139.253953,2717
35.313558,139.262152,1194
35.300488,139.244055,2161
35.296574,139.238704,228
35.312163,139.259244,150
35.3172,139.252076,736
35.334337,139.218991,45
35.346691,139.197677,231
35.344635,139.208888,30
35.329881,139.207803,44
35.334853,139.197128,51
35.322351,139.19424,43
35.325829,139.21014,122
35.318409,139.2071,233
35.319699,139.217753,124
35.32138,139.227827,226
35.324325,139.223747,160
35.333071,139.22482,65
35.346628,139.219675,137
35.355878,139.205482,77
35.330496,139.239947,1653
35.333645,139.186225,72
35.332973,139.153551,3097
35.320929,139.161294,985
35.350898,139.168461,70
35.34471,139.18741,23
35.319407,139.150339,483
35.341032,139.176368,39
35.335789,139.166825,270
35.332273,139.141938,604
35.359583,139.128645,802
35.356409,139.145072,1903
35.349615,139.155985,326
35.406563,139.127291,751
35.367921,139.080318,1160
35.370445,139.107516,871
35.353361,139.090479,883
35.353377,139.054758,163
35.392082,139.076683,53
35.368285,139.053593,7
35.351296,139.026465,99
35.379048,139.016894,108
35.382707,139.037296,34
35.390761,139.034565,49
35.402397,139.054649,20
35.410756,139.045469,16
35.464966,139.055427,171
35.44806,139.107653,38
35.342395,139.109815,51
35.346749,139.116645,508
35.338721,139.117925,1179
35.333845,139.118162,157
35.330977,139.119449,418
35.325713,139.122112,272
35.325422,139.126667,335
35.326136,139.135655,2626
35.323348,139.131207,186
35.261917,139.003277,1355
35.264616,139.049287,606
35.249284,139.052064,12
35.238511,139.042485,131
35.248181,139.037159,205
35.232115,139.049695,111
35.241712,139.062421,79
35.243883,139.056074,17
35.235903,139.07479,136
35.237215,139.09714,14
35.232095,139.108387,745
35.225767,139.093225,97
35.220502,139.075488,22
35.215143,139.06609,33
35.203188,138.993286,147
35.220235,139.014118,147
35.222005,139.042356,18
35.150868,139.143052,1881
35.172868,139.128614,976
35.164102,139.049074,1234
35.148694,139.091444,556
35.141932,139.09867,1772
35.151756,139.098262,445
35.143363,139.111646,208
35.172098,139.080527,1406
35.176974,139.099271,2153
35.152338,139.131669,430
35.146163,139.110979,1450
35.532808,139.265219,2398
35.522833,139.284782,1018
35.529865,139.316022,1121
35.543458,139.297347,514
35.525416,139.331674,1097
35.518962,139.343211,6374
35.512819,139.320913,20
35.508455,139.327929,53
35.47777,139.244502,1021
35.498546,139.210457,62
34.977048,138.381986,96
34.982187,138.382433,38
34.979336,138.386221,55
34.981999,138.378711,435
34.98346,138.384302,212
34.982699,138.388257,291
34.985662,138.389567,652
34.987479,138.392541,361
34.989576,138.389175,532
34.977501,138.389297,881
34.981705,138.392321,334
34.983005,138.390997,149
34.983839,138.392894,102
34.985188,138.393969,109
34.982633,138.396454,210
34.981854,138.395279,109
34.981073,138.400961,632
34.979409,138.395054,433
34.978047,138.392288,173
34.977197,138.39554,195
34.976743,138.397961,93
34.975489,138.394634,81
34.974993,138.389737,250
34.974433,138.391725,27
34.973804,138.387351,68
34.975526,138.380298,234
34.973349,138.382962,167
34.972771,138.380642,279
34.972497,138.385539,45
34.971451,138.383792,48
34.970635,138.382239,320
34.969014,138.382208,74
34.971342,138.378926,54
34.972221,138.378836,111
34.973914,138.378576,60
34.972564,138.377687,89
34.963171,138.373425,1126
34.968189,138.376045,94
34.968238,138.380685,211
34.967491,138.380035,70
34.966602,138.379298,147
34.967227,138.377898,36
34.964695,138.37776,161
34.961006,138.369347,286
34.959843,138.372434,199
34.970136,138.37433,518
34.965105,138.371442,34
34.969383,138.375563,353
34.964964,138.372711,87
34.974502,138.376154,72
34.973398,138.375547,46
34.972539,138.374972,48
34.971023,138.373509,96
34.96782,138.371383,355
34.964445,138.366439,1976
34.964056,138.370172,71
34.976041,138.372751,218
34.97545,138.371887,259
34.974862,138.37087,330
34.973715,138.372234,137
34.973233,138.371864,137
34.97255,138.371903,110
34.972058,138.371685,99
34.971297,138.371772,110
34.971091,138.371203,74
34.971985,138.369401,515
34.976967,138.379007,11
34.97872,138.377823,212
34.977144,138.378178,28
34.976528,138.377677,41
34.975982,138.376367,80
34.976794,138.374626,73
34.97753,138.375385,52
34.977817,138.377494,55
34.978895,138.375497,249
34.977941,138.374484,19
34.978358,138.37339,45
34.978547,138.372408,8
34.977712,138.372517,74
34.976631,138.373511,118
34.982427,138.375746,121
34.981114,138.375304,76
34.98279,138.373952,99
34.980309,138.373773,487
34.979317,138.369639,284
34.986945,138.371884,516
34.984198,138.372455,54
34.982478,138.371793,204
34.982498,138.369403,406
34.981537,138.366779,425
34.979631,138.362497,772
34.985309,138.367702,344
34.985072,138.361952,293
34.99263,138.3659,1239
34.991246,138.370624,610
34.989032,138.361297,273
34.98543,138.380845,73
34.984245,138.378544,170
34.98506,138.379074,51
34.985652,138.376725,102
34.986094,138.378934,47
34.98858,138.379001,510
35.002778,138.377827,2104
34.991855,138.376588,449
34.99223,138.384996,1732
35.003022,138.387323,3328
35.003294,138.395981,613
34.992672,138.391973,1703
34.998583,138.407262,2045
35.004639,138.4037,853
34.99786,138.397707,827
34.986796,138.396136,230
34.984905,138.395915,79
34.989431,138.40628,1580
34.983295,138.408015,123
34.983681,138.405265,159
34.988654,138.411306,1086
34.994394,138.419217,1829
35.007543,138.412766,1191
35.015701,138.413679,917
35.020238,138.412736,67
35.003796,138.41212,848
35.055577,138.412172,316
35.042581,138.43028,326
35.075712,138.420094,93
35.005859,138.429192,1919
35.010839,138.426765,251
35.004342,138.421113,370
35.009882,138.420837,1550
35.023235,138.427496,4299
35.012689,138.414742,438
35.006438,138.382377,156
35.00594,138.385645,277
35.018349,138.383323,250
35.01232,138.389594,955
35.047031,138.402636,1865
35.02911,138.400786,555
35.007592,138.392216,592
35.016919,138.389248,8
35.024006,138.394331,162
35.020948,138.398009,86
35.026537,138.410989,44
35.002128,138.370125,905
34.994089,138.360108,707
34.99536,138.363357,907
35.009408,138.371374,611
35.001872,138.363644,76
35.001579,138.360205,80
35.004561,138.361093,304
35.008744,138.363412,1759
35.007322,138.373008,1217
35.012777,138.378182,71
35.024536,138.377049,250
35.039101,138.382116,365
35.051591,138.382012,99
35.070911,138.38237,460
35.09465,138.386281,86
35.103841,138.371375,28
35.109453,138.368318,101
35.115794,138.365847,14
35.117483,138.386499,47
34.968496,138.339583,552
34.975445,138.32794,159
34.97148,138.315726,353
34.966743,138.297909,200
34.982162,138.285193,87
34.982262,138.270335,16
34.999994,138.275093,193
35.003178,138.243119,29
35.010899,138.264978,31
35.019082,138.256682,429
34.975001,138.355509,573
34.988942,138.351653,756
34.999227,138.346985,132
34.989832,138.343359,605
34.991444,138.330082,3159
34.974786,138.351152,367
34.983483,138.328557,364
35.014998,138.31143,795
34.994527,138.297453,143
35.016105,138.284151,301
35.046274,138.293773,248
35.010734,138.358477,426
35.008514,138.349502,68
35.01818,138.360076,474
35.021304,138.366469,763
35.019096,138.351093,144
35.027652,138.337752,747
35.032457,138.361288,102
35.030212,138.366707,367
35.046001,138.348956,1118
35.072247,138.314317,178
35.072576,138.353255,202
35.087829,138.357665,200
35.099408,138.361946,32
35.038119,138.26565,22
35.048403,138.261075,25
35.044844,138.24541,46
35.0627,138.271921,46
35.05585,138.233564,17
35.034505,138.253999,30
35.032277,138.239626,85
35.035595,138.215436,104
35.07963,138.211019,10
35.069009,138.243429,98
35.084277,138.264854,28
35.094601,138.230778,67
35.107852,138.230828,19
35.114265,138.25298,26
35.122542,138.219529,9
35.138926,138.234202,4
35.131137,138.199583,7
35.120414,138.349847,26
35.108154,138.343308,129
35.104028,138.317044,57
35.126199,138.325074,19
35.137067,138.324783,34
35.149961,138.316585,11
35.151797,138.337272,25
35.162448,138.331158,15
35.173741,138.306269,10
35.190568,138.311181,5
35.11309,138.286742,35
35.128535,138.299459,23
35.150099,138.263646,11
35.15253,138.290817,27
35.124076,138.357331,14
35.128728,138.360421,7
35.135263,138.378853,29
35.15097,138.372411,61
35.171765,138.354168,18
35.178825,138.376651,44
35.203122,138.365531,64
35.229741,138.320476,36
35.272491,138.332719,126
35.181825,138.274388,6
35.222333,138.225939,127
35.241795,138.272003,4
35.421658,138.192489,26
35.283919,138.259663,10
35.03472,138.391068,104
35.035702,138.393662,524
34.989014,138.417156,134
34.986168,138.412942,231
35.02818,138.39061,202
34.958289,138.375416,236
35.003581,138.435914,116
34.965174,138.383186,325
34.964028,138.381715,724
34.962157,138.379435,395
34.958582,138.389146,388
34.955742,138.386923,1094
34.959864,138.38276,289
34.95623,138.377657,408
34.953505,138.37951,281
34.951073,138.384649,504
34.95209,138.392295,369
34.939573,138.393528,2354
34.94804,138.398222,1619
34.943186,138.404629,1377
34.946105,138.409222,1197
34.970018,138.389947,442
34.968341,138.387065,279
34.961112,138.391015,1840
34.967647,138.390622,648
34.963266,138.394508,1677
34.956409,138.395331,1106
34.965169,138.396611,252
34.956047,138.401185,1159
34.971734,138.39311,73
34.966876,138.400972,1591
34.962551,138.402522,345
34.972718,138.39878,476
34.975159,138.39866,219
34.976262,138.400824,145
34.97267,138.402292,735
34.966712,138.407732,615
34.963595,138.406608,855
34.954926,138.407788,2470
34.951673,138.411505,763
34.951223,138.418213,514
34.947012,138.420106,1719
34.973751,138.407357,2583
34.968783,138.413318,539
34.971218,138.435172,3778
34.981119,138.43308,2420
34.987451,138.427761,641
34.991613,138.428133,328
34.989031,138.438563,1107
34.999036,138.434077,379
34.989249,138.44683,612
34.98021,138.450157,12
34.963309,138.414358,652
34.966746,138.418722,7
34.96384,138.422337,36
34.959528,138.422997,54
34.95628,138.425119,32
34.953154,138.426313,151
34.960511,138.435022,2128
34.952272,138.440414,157
34.954545,138.445784,76
34.956818,138.448909,53
34.9659,138.454179,64
34.961431,138.460178,79
34.96656,138.467355,156
34.951508,138.367797,954
34.951962,138.372427,1851
34.942543,138.368338,1272
34.932401,138.387172,148
34.937569,138.384345,2502
34.930439,138.37786,514
34.928107,138.38263,1767
34.941045,138.373067,82
34.928179,138.365476,1388
34.930523,138.360747,19
34.923286,138.358996,47
34.927388,138.361425,27
34.935225,138.361855,483
34.934059,138.354283,60
34.921302,138.342187,428
34.909369,138.349839,328
34.961726,138.356951,1726
34.957208,138.365715,314
34.950259,138.362731,493
34.943022,138.362191,1157
34.939559,138.357637,622
34.943936,138.329626,3180
34.950831,138.351493,576
34.943079,138.30288,119
34.943116,138.347737,246
34.946119,138.365351,275
34.985087,138.416703,138
34.950804,138.358577,478
35.030245,138.480452,195
35.027322,138.488819,1048
35.032218,138.486271,353
35.03095,138.485122,134
35.021683,138.488024,175
35.033244,138.487755,70
35.025206,138.474891,266
35.025997,138.480334,166
35.023259,138.475657,292
35.025078,138.481839,301
35.026105,138.483424,127
35.024555,138.485702,218
35.022263,138.479463,204
35.020165,138.481609,280
35.023017,138.482475,128
35.021657,138.482519,168
35.020142,138.485785,445
35.018598,138.48541,140
35.027219,138.476275,288
35.015589,138.467948,122
35.014383,138.47626,173
35.014572,138.47879,97
35.018314,138.481315,529
35.016057,138.478897,204
35.013428,138.467097,1048
35.016299,138.481764,166
35.017093,138.473119,196
35.020078,138.472331,202
35.020992,138.47461,120
35.019594,138.476967,127
35.016565,138.467201,712
35.023994,138.463935,509
35.016243,138.488361,97
35.016143,138.489437,47
35.018062,138.491334,86
35.016047,138.486995,114
35.014725,138.484999,561
35.011428,138.485485,307
35.012466,138.487386,371
35.012904,138.480035,196
35.014019,138.482452,208
35.012566,138.49092,71
35.010921,138.482124,250
35.008747,138.475739,245
35.010751,138.477828,216
35.007842,138.473009,337
35.006796,138.487309,186
35.004674,138.482944,131
35.008064,138.484479,227
35.007863,138.482161,182
35.005427,138.485378,172
35.006095,138.479695,335
35.002963,138.480168,379
35.00351,138.475203,257
35.000751,138.476563,410
34.999907,138.478902,270
35.012032,138.473714,220
35.005836,138.477175,400
35.004263,138.469214,312
34.999072,138.470606,492
34.991349,138.468334,239
35.001107,138.472068,480
35.002907,138.473067,266
35.005963,138.471631,616
35.009951,138.469213,279
34.996181,138.475386,379
35.003793,138.463907,218
35.00647,138.489763,114
35.008409,138.488406,98
35.002993,138.491364,143
35.007619,138.492857,247
35.005114,138.490867,92
35.003273,138.488863,328
35.002546,138.483872,497
35.000664,138.492579,281
35.002634,138.487053,129
35.010004,138.489146,53
35.010179,138.491765,131
35.004804,138.493563,53
34.998931,138.479855,206
34.991877,138.496462,25
34.994192,138.489175,244
34.996985,138.483879,173
34.995035,138.484845,485
34.992502,138.486461,338
34.983364,138.4874,860
34.985771,138.47844,1034
34.998947,138.486553,689
34.998718,138.483385,276
34.997498,138.48079,174
34.96918,138.484843,57
34.967074,138.476548,51
34.983533,138.498248,175
34.982168,138.502991,227
34.979901,138.505901,177
34.978105,138.501259,693
34.973023,138.493972,331
34.975922,138.491665,336
34.980177,138.490072,427
34.977359,138.49067,257
34.986264,138.514189,1450
35.006903,138.518292,2662
35.033041,138.460695,346
35.031973,138.458035,375
35.038115,138.45681,407
35.034227,138.470731,370
35.03596,138.46597,289
35.038304,138.470544,381
35.036647,138.468356,412
35.032093,138.467501,211
35.034013,138.464116,329
35.031162,138.464892,221
35.024567,138.467855,60
35.03579,138.461826,182
35.041957,138.457674,881
35.051868,138.459834,838
35.038388,138.478529,14
35.029167,138.477945,133
35.036395,138.474737,665
35.035271,138.480381,444
35.032601,138.476431,260
35.027053,138.468552,1756
35.031991,138.471004,117
35.050076,138.443591,1346
35.031513,138.452904,2222
35.026127,138.441781,324
35.024776,138.452804,42
35.037778,138.440523,414
35.016321,138.433927,494
35.024403,138.458215,470
35.030075,138.462768,174
35.029195,138.460499,139
35.027497,138.463995,81
35.008987,138.456139,254
35.016694,138.457746,917
35.01855,138.463298,725
35.004232,138.441501,6
35.005427,138.450584,312
34.98724,138.456192,2591
35.009897,138.438701,625
35.007906,138.442871,798
35.008215,138.447788,278
35.014934,138.444119,707
35.017985,138.44847,322
35.012824,138.45157,644
34.999736,138.4391,481
35.015478,138.453208,107
35.019564,138.45205,118
34.991963,138.46126,385
34.997371,138.442046,280
35.007019,138.463101,1094
35.005673,138.456366,398
35.002284,138.457295,93
35.010573,138.462638,380
35.007029,138.460056,201
35.003941,138.45403,728
35.007386,138.453794,59
35.031969,138.49275,952
35.036797,138.484923,1358
35.036961,138.503779,73
35.0468,138.503607,349
35.039005,138.499807,231
35.039644,138.495619,109
35.04407,138.50036,283
35.041674,138.497866,296
35.070658,138.450455,239
35.050366,138.472505,1376
35.050549,138.493347,145
35.050602,138.4869,527
35.08022,138.482138,109
35.055611,138.477437,365
35.061288,138.498736,73
35.082915,138.494088,87
35.06201,138.483456,554
35.08628,138.46747,237
35.064017,138.534519,314
35.073407,138.532301,134
35.050455,138.511268,252
35.057274,138.524107,1577
35.050767,138.517875,408
35.084233,138.527359,229
35.07351,138.513386,332
35.065481,138.517437,1094
35.085454,138.509195,643
35.088831,138.517136,86
35.126742,138.514047,420
35.163843,138.514813,214
35.095857,138.527235,79
35.103117,138.524371,369
35.173954,138.419917,65
35.106402,138.490882,78
35.142393,138.419784,128
35.112104,138.465706,57
35.093833,138.444149,28
35.128963,138.456861,59
35.116345,138.451002,11
35.151199,138.4703,402
35.114807,138.420361,114
35.104792,138.442023,60
35.104149,138.477965,103
35.109918,138.56667,685
35.10688,138.560857,303
35.105509,138.557114,502
35.100314,138.541629,329
35.092945,138.548007,154
35.078447,138.54336,51
35.087341,138.546203,30
35.10776,138.547573,76
35.118327,138.546004,349
35.122173,138.561688,180
35.140493,138.556398,228
35.112736,138.575211,338
35.114451,138.58119,248
35.11467,138.587022,466
35.12813,138.582803,254
35.118602,138.597454,362
35.122507,138.62339,680
35.126434,138.614204,1101
35.125961,138.622403,187
35.12775,138.624693,237
34.995651,138.51895,144
34.70603,137.72583,49
34.707497,137.725948,205
34.711276,137.724056,197
34.711438,137.726871,181
34.708052,137.728459,9
34.707317,137.727769,16
34.706705,137.729301,38
34.708193,137.731303,183
34.709459,137.729414,46
34.711142,137.72986,134
34.713004,137.729652,86
34.712404,137.731471,56
34.705174,137.733547,84
34.704443,137.729172,146
34.703827,137.730349,51
34.705045,137.728235,30
34.70458,137.727466,58
34.704354,137.725511,71
34.700503,137.7048,1092
34.697655,137.711144,42
34.707305,137.712399,2713
34.705296,137.721998,115
34.706583,137.722808,173
34.708903,137.720138,277
34.715925,137.721404,431
34.715497,137.713497,1530
34.709634,137.722485,314
34.723795,137.721942,962
34.720552,137.712527,715
34.72529,137.713771,386
34.728853,137.716994,625
34.715092,137.706789,1543
34.708145,137.705014,623
34.71654,137.730122,246
34.721338,137.729581,796
34.715387,137.732567,520
34.716893,137.72698,250
34.716845,137.739375,712
34.715071,137.735689,387
34.717047,137.745092,536
34.710912,137.73235,216
34.71075,137.733615,17
34.706976,137.735453,541
34.702352,137.736187,556
34.699219,137.738369,685
34.695786,137.740169,1002
34.703125,137.742538,601
34.702842,137.726329,175
34.702593,137.728193,27
34.702284,137.729656,70
34.701381,137.728171,76
34.701003,137.726032,227
34.698635,137.724707,240
34.6972,137.71796,977
34.706549,137.697039,3216
34.726204,137.700679,5136
34.734641,137.729591,1662
34.741159,137.731034,2108
34.74799,137.729631,1469
34.754407,137.724362,1243
34.770362,137.707395,2994
34.754289,137.719926,758
34.759962,137.717592,1779
34.76177,137.692257,1130
34.762099,137.707677,2273
34.746432,137.716986,1697
34.743798,137.715355,1199
34.738754,137.708849,3072
34.722095,137.741569,722
34.721249,137.747465,276
34.722381,137.736309,744
34.729428,137.732621,843
34.723852,137.745813,81
34.736386,137.737101,2343
34.72258,137.750568,209
34.733453,137.74457,539
34.73241,137.749766,2071
34.743259,137.736706,3102
34.708776,137.743184,177
34.708034,137.747379,279
34.712981,137.745456,1274
34.710423,137.751685,196
34.708943,137.753203,85
34.704603,137.752147,604
34.703279,137.757138,335
34.69724,137.752474,788
34.70496,137.747115,1529
34.701177,137.730434,54
34.698029,137.732365,776
34.69361,137.725302,454
34.696185,137.727218,560
34.691643,137.729698,546
34.694651,137.733964,258
34.69406,137.718439,153
34.68966,137.72484,95
34.686986,137.721457,1192
34.68362,137.731001,105
34.684069,137.727557,96
34.777291,137.691299,272
34.771808,137.693976,259
34.71079,137.739534,904
34.773392,137.779866,1332
34.768168,137.765848,1279
34.776503,137.767589,1190
34.759066,137.768217,1647
34.763468,137.778384,1001
34.753115,137.74905,1366
34.755938,137.73933,321
34.76577,137.754919,1130
34.762219,137.741544,1015
34.771622,137.749518,455
34.768308,137.743197,1821
34.751938,137.785501,644
34.747784,137.771918,1760
34.74744,137.758259,2007
34.73569,137.758117,377
34.729381,137.769126,711
34.737759,137.770654,1816
34.73962,137.784229,817
34.768386,137.795357,1336
34.776462,137.797923,363
34.762706,137.786227,906
34.760562,137.810019,280
34.75193,137.805659,235
34.754188,137.794823,235
34.762215,137.797755,431
34.774007,137.809609,978
34.736153,137.791629,162
34.723097,137.796056,281
34.731206,137.796982,1041
34.729824,137.804472,230
34.736879,137.797872,306
34.719449,137.771106,1026
34.719548,137.779272,814
34.727623,137.775312,1289
34.730706,137.782337,865
34.724251,137.782323,424
34.72978,137.78824,320
34.723309,137.790961,422
34.717341,137.790033,212
34.717078,137.785513,120
34.713758,137.780304,279
34.723989,137.787237,268
34.715353,137.751834,459
34.715093,137.756035,275
34.710419,137.75772,827
34.712376,137.762988,560
34.714383,137.767338,813
34.719876,137.763862,361
34.719429,137.757234,240
34.728011,137.759404,700
34.730748,137.757588,511
34.72379,137.759983,1095
34.703073,137.683886,3992
34.718831,137.687942,1861
34.704724,137.663814,137
34.703269,137.653889,667
34.683826,137.66357,2957
34.684416,137.64699,674
34.686101,137.633542,1096
34.774958,137.655472,190
34.737533,137.626744,245
34.772373,137.634024,302
34.745035,137.622503,299
34.737802,137.579243,872
34.751556,137.604894,184
34.745145,137.613356,141
34.739134,137.602853,293
34.723947,137.596141,916
34.764396,137.653877,420
34.779002,137.682401,585
34.760456,137.676701,1610
34.783229,137.674912,144
34.770574,137.678676,957
34.746854,137.669029,1177
34.746239,137.64711,293
34.735373,137.654057,1710
34.725908,137.633207,646
34.738292,137.686727,2079
34.722445,137.675821,1059
34.733855,137.671961,382
34.71817,137.654076,609
34.702025,137.618042,3471
34.717538,137.632935,822
34.694107,137.64558,560
34.69051,137.616231,1929
34.679479,137.632412,299
34.682282,137.624589,514
34.687453,137.602443,1035
34.698598,137.66049,525
34.702712,137.66175,113
34.688878,137.745343,1783
34.680283,137.7488,839
34.674315,137.753144,70
34.667066,137.743333,670
34.672598,137.733164,1470
34.688414,137.735025,784
34.693388,137.746154,869
34.682363,137.706123,1301
34.679521,137.682829,1126
34.673763,137.692661,576
34.669562,137.704288,234
34.672785,137.714323,795
34.666132,137.722443,357
34.666973,137.717449,214
34.705848,137.761309,615
34.704222,137.768651,706
34.70716,137.776913,1298
34.699395,137.778763,146
34.709295,137.791887,393
34.703401,137.791468,203
34.698558,137.790801,132
34.713124,137.773803,181
34.691688,137.772154,405
34.69613,137.769359,964
34.690053,137.765511,716
34.697069,137.76251,1364
34.698858,137.757581,605
34.692281,137.757638,421
34.685945,137.755744,208
34.687135,137.76038,572
34.6774,137.758331,179
34.676311,137.7635,170
34.675679,137.76932,148
34.677048,137.772133,219
34.684275,137.767697,205
34.685251,137.773889,322
34.687595,137.771081,205
34.69267,137.781891,377
34.690273,137.790737,106
34.702233,137.764119,289
34.684237,137.780366,414
34.680855,137.785475,361
34.674539,137.785092,381
34.663208,137.784956,193
34.670363,137.777897,165
34.679229,137.775249,135
34.668942,137.767897,529
34.657557,137.778522,328
34.663342,137.75423,130
34.663985,137.768213,153
34.655906,137.772911,1614
34.690055,137.692765,797
34.690554,137.681266,1240
34.690152,137.712074,816
34.690989,137.702588,1561
34.824457,137.726416,2209
34.861219,137.726296,190
34.846788,137.709691,26
34.821234,137.733259,1272
34.766636,137.726493,3421
34.796367,137.703823,1026
34.782409,137.710638,3898
34.780181,137.730602,665
34.789829,137.727137,713
34.79961,137.73729,276
34.799943,137.722629,483
34.821302,137.649491,253
34.799407,137.635446,2795
34.80443,137.682242,3240
34.811764,137.6603,140
34.822238,137.687864,524
34.831343,137.672262,1193
34.864665,137.662221,174
34.838714,137.619933,479
34.821964,137.679864,771
34.858381,137.604235,68
34.871163,137.701094,120
34.836832,137.654345,36
34.925325,137.682812,191
34.890882,137.6639,64
34.840334,137.662012,77
34.904335,137.655588,100
34.846522,137.649499,34
34.835098,137.648829,100
34.853934,137.678506,27
34.906199,137.696684,39
34.87265,137.640466,31
34.847296,137.669158,190
34.895918,137.72198,69
34.880414,137.649501,120
34.900133,137.67465,109
34.889096,137.647081,42
34.842411,137.694223,47
34.866014,137.629595,67
34.837592,137.660581,178
34.808322,137.566612,192
34.772617,137.563002,410
34.811135,137.593664,204
34.814352,137.544037,245
34.783715,137.51353,102
34.799547,137.581938,65
34.790412,137.602394,139
34.782126,137.535735,294
34.835285,137.574624,111
34.790683,137.582073,895
34.799779,137.570973,141
34.81041,137.535552,92
34.798363,137.5429,168
34.802644,137.527682,163
34.82739,137.520163,211
34.834127,137.548106,276
34.805112,137.505038,135
34.818274,137.558718,83
34.806762,137.551394,945
34.831275,137.669192,210
34.788315,137.77122,2232
34.783061,137.757765,858
34.790783,137.75285,1431
34.800601,137.761449,1057
34.783458,137.745783,1669
34.780945,137.794009,1145
34.782651,137.781851,854
34.788458,137.789578,1119
34.792875,137.798127,583
34.801347,137.796499,1767
34.797586,137.803132,767
34.803335,137.80729,162
34.811585,137.798975,784
34.803985,137.791487,113
34.792479,137.786663,405
34.796877,137.783533,1949
34.805831,137.786773,642
34.78965,137.808057,376
34.787747,137.814889,264
34.782624,137.814665,137
34.792979,137.815269,68
34.794538,137.820671,251
34.807592,137.81404,277
34.798036,137.809871,157
34.846859,137.817066,551
34.829958,137.817374,2158
34.831357,137.804547,641
34.834514,137.798939,2058
34.844332,137.791702,962
34.836762,137.779829,784
34.823387,137.765488,1582
34.813946,137.780628,1784
34.84959,137.740803,120
34.869157,137.758963,23
34.846761,137.761275,20
34.853938,137.756848,173
34.821464,137.805817,332
34.865377,137.820387,1172
34.878327,137.807714,4
34.867352,137.836912,355
34.850959,137.807191,496
34.842485,137.808525,180
34.896177,137.83503,1333
34.874096,137.820259,36
34.876767,137.814908,218
34.890528,137.818347,360
34.896686,137.855035,72
34.912964,137.870613,163
34.954173,137.793052,196
34.917616,137.803491,39
34.944917,137.860456,70
34.91838,137.818773,18
34.906399,137.812038,5
34.909777,137.831942,9
34.920613,137.837441,17
34.932118,137.820598,11
34.953293,137.827485,22
34.952937,137.841536,50
34.961004,137.765405,124
34.935376,137.715538,41
34.940122,137.735981,34
34.919346,137.783762,179
34.930779,137.78704,30
34.942239,137.763555,20
34.924845,137.754833,36
34.91459,137.741428,69
34.918629,137.72663,31
34.899788,137.76352,95
34.888216,137.770561,90
34.897688,137.790201,88
34.868481,137.78232,122
34.862225,137.793963,508
34.895493,137.799435,41
34.867258,137.797512,232
34.997012,137.729684,441
35.083069,137.783224,67
35.069042,137.807497,91
35.084011,137.796857,179
35.11909,137.812089,155
35.145743,137.839782,104
35.10974,137.875324,143
35.065934,137.829395,13
35.03845,137.868155,19
35.079238,137.874372,136
34.942221,137.881466,101
34.955345,137.918982,285
34.958313,137.955626,10
34.963506,137.931249,55
34.979161,137.951131,37
34.968104,137.971696,9
34.986238,137.932477,84
35.002748,137.936496,41
35.000616,137.944085,21
35.004909,137.955506,23
35.012906,137.949545,23
35.00556,137.981071,16
35.001728,138.013158,43
34.980131,137.988407,15
35.028018,137.987769,93
35.081185,138.027084,42
34.994315,137.877017,233
35.009781,137.888331,381
35.071299,137.917573,149
35.223133,137.893643,692
35.245214,137.995382,136
35.138332,137.961478,21
34.997774,137.785134,87
34.97707,137.851431,33
34.994814,137.846772,30
35.043592,137.83436,74
34.990939,137.965605,8
35.109977,138.871559,126
35.098332,138.855226,102
35.097198,138.85053,350
35.09429,138.847584,1217
35.092534,138.854822,138
35.088998,138.857327,392
35.092005,138.852301,122
35.088864,138.85246,43
35.08935,138.853986,188
35.086674,138.857194,50
35.08654,138.85596,48
35.086172,138.854617,65
35.083578,138.85725,51
35.083614,138.859277,45
35.082968,138.860657,51
35.095639,138.87976,606
35.085622,138.880179,96
35.072317,138.873043,5239
35.078931,138.86747,4
35.08119,138.864346,1070
35.134757,138.882102,8841
35.131152,138.877118,1059
35.132565,138.868159,2182
35.140396,138.860343,391
35.138794,138.857158,367
35.115492,138.848361,8
35.131512,138.855336,290
35.1307,138.851257,456
35.126047,138.845655,1067
35.176042,138.836359,522
35.122103,138.874157,158
35.119657,138.869805,185
35.119886,138.873896,69
35.122331,138.870216,207
35.109056,138.846774,309
35.104306,138.842213,1035
35.107651,138.837339,810
35.112204,138.831528,877
35.116247,138.823304,797
35.118281,138.81566,1613
35.064389,138.883528,951
35.059437,138.883913,143
35.054229,138.886838,339
35.053337,138.892766,232
35.054533,138.902791,222
35.041274,138.905385,184
35.086637,138.859818,61
35.124199,138.875449,57
35.070661,138.903154,1502
35.126616,138.837082,2004
35.130658,138.828157,978
35.134653,138.824026,746
35.136048,138.819293,514
35.147242,138.819871,230
35.14202,138.81195,651
35.175786,138.814235,85
35.033582,138.898502,110
35.02877,138.897584,94
35.022994,138.903901,206
35.014995,138.89593,73
35.013877,138.885672,200
35.110501,138.853027,342
35.106973,138.851091,175
35.10603,138.854857,599
35.108215,138.861683,301
35.107509,138.863285,344
35.006797,138.869776,77
35.018855,138.878405,128
35.013092,138.865897,99
35.016165,138.860503,42
35.007574,138.852146,52
34.998317,138.837954,83
35.012869,138.833551,25
35.017234,138.823873,27
35.020066,138.799403,86
35.122637,138.808066,1675
35.130206,138.792505,2844
35.131965,138.774816,294
35.134314,138.766025,371
35.136278,138.758753,144
35.144859,138.806321,589
35.146192,138.797684,441
35.150201,138.787591,380
35.155387,138.778945,448
35.127478,138.859433,317
35.13186,138.857898,326
35.095697,138.86071,220
35.091404,138.861547,670
35.095738,138.864899,346
35.089634,138.866121,352
35.088329,138.868825,156
35.095006,138.870619,542
35.093695,138.86715,172
35.091002,138.869279,245
35.099787,138.867398,314
35.106166,138.868933,104
35.102973,138.867832,226
35.103571,138.865645,71
35.12003,138.864016,135
35.100308,138.863606,275
35.107343,138.866135,313
35.109241,138.858336,214
35.104963,138.858228,433
35.107515,138.859814,577
35.117016,138.86293,278
35.114011,138.851577,584
35.118054,138.852006,461
35.127049,138.863331,232
35.130523,138.861536,273
35.1345,138.86118,200
35.100137,138.880004,320
35.129705,138.789363,451
35.100706,138.853062,175
35.100673,138.850597,74
35.099186,138.850762,301
35.1124,138.85884,291
35.117206,138.865868,204
35.134562,138.885312,102
35.115666,138.858798,384
35.103196,138.860121,557
35.095219,138.883435,13
35.123518,138.817965,281
35.114153,138.863841,383
35.111766,138.863985,255
35.10108,138.856355,126
35.100796,138.854805,136
35.097145,138.858491,81
35.097701,138.857119,92
35.097005,138.854053,225
35.095812,138.853922,38
35.096547,138.856048,32
35.095434,138.858053,64
35.095817,138.856655,30
35.095912,138.855836,19
35.094971,138.855512,69
35.09475,138.856328,25
35.095026,138.856945,9
35.09437,138.857736,27
35.098026,138.875728,49
35.086235,138.863555,441
35.098003,138.872266,38
35.109275,138.867996,244
35.118796,138.856099,424
35.119524,138.858544,86
35.119779,138.860846,300
35.129708,138.799339,509
34.963623,138.821379,1030
34.996266,138.78738,22
35.103378,139.080698,304
35.103141,139.077706,96
35.099885,139.073847,475
35.100039,139.078373,118
35.094441,139.07482,172
35.096822,139.073494,122
35.095505,139.072038,206
35.098386,139.070253,227
35.098568,139.065562,100
35.093908,139.064381,711
35.094028,139.070613,362
35.092041,139.070497,384
35.089636,139.071879,343
35.09092,139.073451,95
35.107236,139.065957,364
35.083312,139.064226,74
35.08532,139.068452,345
35.107033,139.077768,146
35.099056,139.058804,347
35.106478,139.084238,182
35.087341,139.059345,387
35.090474,139.065652,214
35.087756,139.065672,300
35.102848,139.072145,77
35.103298,139.06635,267
35.088916,139.047926,68
35.086362,139.050355,289
35.106204,139.046477,486
35.106801,139.053605,480
35.108525,139.061281,35
35.096878,139.04771,329
35.115461,139.090471,342
35.122814,139.064175,273
35.115039,139.084818,348
35.121995,139.082127,336
35.124277,139.076994,159
35.120393,139.094992,25
35.123958,139.098353,8
35.115088,139.063069,15
35.133504,139.090477,710
35.140959,139.051816,193
35.142003,139.075974,299
35.039917,139.170409,46
35.067866,139.056146,1142
35.042459,139.054212,737
35.043187,139.069754,702
35.040995,139.075718,151
35.03805,139.082556,671
35.045674,139.087929,54
35.045808,139.091195,57
35.047284,139.09194,77
35.048115,139.090006,59
35.04874,139.090881,65
35.049133,139.091916,86
35.048981,139.093846,64
35.040368,139.094774,103
35.112068,139.064088,48
35.166449,138.984583,15
35.116175,138.906132,212
35.113573,138.907229,230
35.110385,138.908858,101
35.117655,138.908694,218
35.119332,138.907362,307
35.121548,138.906843,293
35.115274,138.910898,363
35.111495,138.912525,330
35.118966,138.911047,218
35.121323,138.910441,212
35.124049,138.90812,204
35.119354,138.913953,350
35.116243,138.914588,298
35.121549,138.91412,209
35.125027,138.911838,280
35.120068,138.917097,219
35.11741,138.918009,141
35.114749,138.917724,277
35.112209,138.916832,221
35.108923,138.917686,242
35.126333,138.917412,755
35.132134,138.916223,594
35.126228,138.923244,732
35.131209,138.925841,655
35.119712,138.92102,335
35.11394,138.923071,871
35.110337,138.924979,606
35.120676,138.924336,287
35.11741,138.924995,384
35.132525,138.920441,725
35.151653,138.947456,295
35.13781,138.921447,164
35.135242,138.911233,13
35.138805,138.910467,595
35.152063,138.926691,2758
35.152679,138.909805,629
35.169768,138.948758,313
35.156863,138.918587,851
35.140841,138.920933,588
35.136069,138.925128,795
35.135475,138.932477,989
35.14159,138.932112,473
35.132694,138.923446,122
35.163487,138.943933,954
35.118807,138.929008,114
35.117943,138.931808,161
35.120147,138.933579,257
35.11175,138.946069,337
35.113496,138.93141,519
35.115774,138.927916,81
35.109983,138.932567,308
35.10942,138.939646,620
35.106027,138.931504,413
35.119114,138.945908,93
35.12506,138.963819,163
35.127168,138.956786,116
35.115216,138.93267,220
35.116634,138.931047,62
35.118472,138.936896,377
35.114481,138.937235,193
35.117674,138.940689,208
35.1229,138.935715,192
35.124987,138.940537,139
35.121425,138.933704,93
35.127742,138.938003,45
35.129977,138.931347,546
35.135317,138.939751,593
35.126025,138.934631,348
35.145168,138.952196,26
35.155174,138.96498,13
35.134869,138.948947,160
35.129095,138.949551,7
35.136533,138.958412,57
35.140505,138.968406,154
35.148289,138.983186,114
35.161865,138.999305,28
35.128841,138.927655,149
35.130499,138.939964,418
35.094008,138.925679,1070
35.098332,138.9326,460
35.097595,138.944312,773
35.09822,138.938552,401
35.103585,138.940167,147
35.100712,138.92515,164
35.103632,138.926213,128
35.105341,138.922538,655
35.106741,138.923717,240
35.102116,138.918967,247
35.106771,138.913016,190
35.100731,138.91498,180
35.090808,138.918636,556
35.086092,138.913867,913
35.079137,138.920485,373
35.085785,138.929198,616
35.10589,138.92746,82
35.106804,138.926616,13
35.109256,138.950561,888
35.115116,138.957493,368
35.227468,138.614126,264
35.222883,138.615184,180
35.224007,138.612047,306
35.22337,138.618226,365
35.219677,138.615588,133
35.219416,138.611452,130
35.231104,138.612587,300
35.226212,138.609052,174
35.225415,138.605036,448
35.228016,138.601694,228
35.22965,138.606238,305
35.23189,138.601346,423
35.233112,138.606017,376
35.23209,138.609625,205
35.235109,138.612896,334
35.242963,138.626253,7
35.225431,138.623107,376
35.228555,138.621619,256
35.22939,138.625245,194
35.235044,138.623703,594
35.240665,138.623054,338
35.220731,138.62381,272
35.214037,138.624345,514
35.251679,138.623015,3010
35.243185,138.619738,64
35.241753,138.614791,521
35.238053,138.611284,74
35.229488,138.617619,401
35.233382,138.617876,263
35.236426,138.618629,207
35.221201,138.607446,225
35.209889,138.619631,671
35.216732,138.617631,435
35.215471,138.610408,179
35.223116,138.60181,339
35.21829,138.606138,171
35.211423,138.604202,1229
35.19609,138.631281,1051
35.196623,138.609924,1043
35.193093,138.619621,162
35.211512,138.587278,380
35.199303,138.592167,131
35.225601,138.590826,1136
35.226884,138.598446,227
35.256958,138.599389,949
35.2604,138.61105,278
35.251146,138.610013,1564
35.241577,138.601831,1314
35.237609,138.607153,407
35.235246,138.597742,130
35.23152,138.597467,340
35.249112,138.586882,498
35.247665,138.581274,321
35.220523,138.635796,4402
35.214418,138.62925,75
35.219317,138.629498,278
35.23829,138.636471,1743
35.222927,138.657157,856
35.252947,138.658426,335
35.274717,138.676109,459
35.252147,138.636734,185
35.249323,138.638339,350
35.304561,138.627119,1285
35.282566,138.645084,1331
35.266642,138.591354,186
35.283907,138.584991,411
35.264888,138.576525,725
35.284596,138.566557,330
35.331641,138.613519,761
35.365111,138.599974,124
35.365307,138.554242,266
35.407163,138.560965,7
35.406776,138.599386,43
35.331459,138.577845,215
35.308614,138.582006,363
35.30348,138.574706,165
35.325812,138.554851,37
35.301277,138.589084,43
35.231951,138.56443,258
35.217796,138.561878,140
35.212582,138.549985,449
35.212557,138.573601,694
35.246863,138.566438,444
35.258889,138.563726,158
35.254413,138.548364,194
35.252143,138.553191,83
35.273071,138.539772,65
35.233702,138.533051,67
35.175475,138.529703,67
35.180061,138.557171,130
35.194456,138.545161,99
35.20996,138.53512,165
35.240555,138.556593,29
34.933157,139.083673,2256
34.917063,139.081448,540
34.906863,139.121852,2715
34.879874,139.093463,3237
34.894943,139.068609,585
34.864518,139.072835,337
35.009432,139.067063,3554
34.975022,139.095443,387
34.984465,139.082621,467
34.973706,139.076775,355
34.973322,139.09685,97
34.972415,139.098518,93
34.971118,139.095436,45
34.971249,139.094027,133
34.972298,139.093049,314
34.972666,139.091642,81
34.971237,139.100111,58
34.970578,139.097803,71
34.95433,139.111292,1718
34.970134,139.101358,220
34.96652,139.101389,62
34.969942,139.103866,87
34.967746,139.104586,112
34.963151,139.100888,432
34.969056,139.096181,275
34.971702,139.110437,325
34.967177,139.117992,39
34.965208,139.070456,1245
34.968556,139.090713,89
34.969388,139.09354,97
34.968774,139.094571,13
34.96781,139.09251,74
34.965032,139.09305,224
34.966013,139.091731,82
34.966696,139.090349,160
34.962686,139.091756,265
34.967233,139.099529,63
34.966236,139.09612,97
34.963154,139.093249,100
34.961928,139.094449,137
34.965311,139.098564,262
34.942014,139.064783,806
34.957478,139.090283,189
34.95635,139.0877,161
34.954031,139.08845,147
34.946757,139.132429,2448
34.931596,139.120508,1183
34.832727,138.184533,782
34.834296,138.171124,216
34.834996,138.173846,102
34.834973,138.175618,145
34.838142,138.175346,315
34.831369,138.173976,11
34.831073,138.175061,28
34.834235,138.177143,48
34.83086,138.17663,36
34.82809,138.16273,919
34.83097,138.178025,47
34.835122,138.178741,122
34.834719,138.180432,93
34.827073,138.179354,456
34.828339,138.186111,121
34.83467,138.183368,128
34.831275,138.182264,149
34.8321,138.194763,1032
34.835693,138.191232,524
34.832094,138.162681,408
34.832806,138.15334,403
34.83771,138.148965,1030
34.84128,138.147732,430
34.844504,138.155008,405
34.841046,138.157814,396
34.835829,138.167631,218
34.840738,138.164777,1125
34.837207,138.171666,91
34.837213,138.162584,189
34.839928,138.178653,669
34.840483,138.185403,957
34.841486,138.187731,46
34.84064,138.190637,69
34.834219,138.200938,1130
34.830094,138.20025,185
34.845853,138.197623,535
34.86864,138.196826,55
34.849562,138.208769,38
34.843977,138.209846,753
34.833149,138.218931,2127
34.853807,138.188239,469
34.857939,138.175697,238
34.874465,138.166422,97
34.879427,138.179147,201
34.893099,138.162601,17
34.859751,138.154182,600
34.889311,138.143699,302
34.871718,138.117232,398
34.887796,138.119749,35
34.930471,138.138166,202
34.903387,138.115949,85
34.984944,138.164395,12
34.823759,138.175248,324
34.814291,138.197659,1151
34.816438,138.224827,370
34.806163,138.229271,178
34.80821,138.238651,264
34.797545,138.231745,429
34.79874,138.214337,819
34.803058,138.211168,425
34.853715,138.172662,389
34.84478,138.169053,411
34.803858,138.122109,87
34.821791,138.10713,114
34.798478,138.146653,87
34.906409,138.072777,63
34.891675,138.084734,34
34.883255,138.097187,18
34.85778,138.110021,312
34.851903,138.119933,86
34.846064,138.118266,367
34.849924,138.130221,407
34.84074,138.128187,777
34.838158,138.11848,170
34.834695,138.109322,263
34.867559,138.073437,226
34.963433,138.03639,830
34.956753,138.075959,241
34.982502,138.066098,84
34.944892,138.10747,304
34.966512,138.097061,51
34.990358,138.122691,28
35.026759,138.164068,119
34.945849,138.079244,43
34.970207,138.053273,5
34.952901,138.124933,26
34.833406,138.136615,686
34.826813,138.135399,427
34.831278,138.127759,397
34.829229,138.124819,283
34.835263,138.124405,194
34.827313,138.130174,92
34.827465,138.13259,102
34.824886,138.13246,96
34.823658,138.1327,56
34.825201,138.130069,13
34.824093,138.130469,16
34.824509,138.130956,16
34.825045,138.128785,24
34.822407,138.128833,110
34.823209,138.126766,50
34.820665,138.126732,38
34.821328,138.125568,24
34.820139,138.124974,73
34.818897,138.121478,20
34.814374,138.125914,68
34.817781,138.129922,53
34.81991,138.133977,272
34.818082,138.146804,46
34.813715,138.138826,32
34.807684,138.135466,232
35.162406,138.677384,9
35.161805,138.672856,204
35.162741,138.680174,432
35.165505,138.683843,893
35.160275,138.68575,97
35.158451,138.678956,220
35.159195,138.682183,104
35.157317,138.682238,114
35.154474,138.678748,95
35.158839,138.674842,154
35.159095,138.690394,93
35.156864,138.687406,176
35.151685,138.679392,115
35.153776,138.682639,118
35.154349,138.686622,69
35.150871,138.686481,27
35.154127,138.693682,20
35.150808,138.693687,4
35.182731,138.672253,4022
35.170286,138.681696,676
35.169212,138.677733,290
35.166584,138.677283,135
35.164982,138.673169,224
35.164113,138.677558,66
35.167982,138.661956,6
35.165139,138.66794,259
35.158219,138.671637,115
35.264307,138.71861,5286
35.200332,138.686157,1267
35.211194,138.720981,365
35.193169,138.711732,270
35.188173,138.712461,170
35.189652,138.700414,802
35.163955,138.697831,1737
35.178463,138.692904,3837
35.18085,138.683339,1800
35.186609,138.685923,136
35.185145,138.687123,163
35.184922,138.69013,253
35.16026,138.69736,86
35.154914,138.697847,112
35.148595,138.703995,57
35.171017,138.708025,1554
35.167547,138.700868,167
35.167596,138.703623,152
35.180997,138.705446,1120
35.181273,138.710976,1604
35.234014,138.759738,393
35.192891,138.726564,458
35.194551,138.740462,69
35.183448,138.729528,87
35.167263,138.720677,1462
35.155386,138.724149,860
35.187785,138.766524,2083
35.146828,138.744087,59
35.167662,138.746977,571
35.159516,138.742887,151
35.151435,138.750275,365
35.158466,138.745208,80
35.161711,138.755974,418
35.158136,138.764088,143
35.147289,138.761544,176
35.153396,138.770038,241
35.135195,138.750917,81
35.135521,138.74666,208
35.136823,138.74144,162
35.13624,138.737827,64
35.142529,138.730735,140
35.13907,138.7332,103
35.142729,138.727272,159
35.138851,138.723338,280
35.143523,138.712465,375
35.144706,138.702645,62
35.142489,138.702065,39
35.140506,138.706963,254
35.14019,138.704147,319
35.139577,138.699974,268
35.142155,138.682446,327
35.136241,138.683917,409
35.13547,138.683168,54
35.135019,138.672912,1488
35.142409,138.667015,223
35.13538,138.667726,869
35.135249,138.658164,2381
35.126556,138.649781,1065
35.139695,138.635135,796
35.138458,138.645121,226
35.143045,138.642594,1410
35.147895,138.644522,567
35.144805,138.648687,322
35.147935,138.648395,278
35.152637,138.658424,26
35.145396,138.654386,126
35.14321,138.658896,118
35.147687,138.652978,1136
35.15046,138.669522,855
35.157296,138.65644,507
35.153656,138.654471,263
35.160632,138.650035,41
35.158717,138.649863,87
35.159409,138.641913,1078
35.156527,138.647074,146
35.156193,138.649438,179
35.155693,138.651252,133
35.151727,138.65166,56
35.153219,138.645998,239
35.168099,138.656206,23
35.168666,138.654151,101
35.165214,138.648259,797
35.170083,138.648915,864
35.173541,138.650084,184
35.16319,138.625345,4902
35.18024,138.631402,1767
35.183853,138.657656,4329
35.191929,138.648299,292
35.202476,138.655815,1428
35.191658,138.646172,407
35.199756,138.647592,664
35.18631,138.646881,142
35.206034,138.642852,2117
35.150458,138.648587,270
35.150088,138.65225,245
35.15305,138.648862,135
35.164182,138.657731,204
35.161953,138.662493,291
35.158593,138.660397,157
35.158392,138.667245,114
35.159704,138.688194,138
35.134469,138.664242,273
35.150964,138.638621,146
35.173598,138.613321,196
35.150688,138.599173,811
35.154952,138.572219,2079
35.164269,138.592171,830
35.174981,138.571007,1099
35.190593,138.601046,457
34.734094,137.875104,887
34.730471,137.86848,1323
34.727486,137.862212,81
34.723846,137.865491,436
34.732004,137.863845,345
34.727156,137.85955,34
34.725684,137.860392,43
34.723484,137.859206,108
34.725821,137.858661,21
34.725782,137.857598,24
34.732141,137.861341,456
34.726911,137.85716,37
34.725404,137.856504,35
34.731109,137.857985,376
34.726468,137.854383,79
34.723729,137.855702,122
34.730815,137.853886,446
34.728181,137.85274,55
34.728035,137.849371,433
34.723476,137.853085,166
34.741032,137.855775,377
34.752159,137.861262,83
34.743117,137.861936,418
34.741759,137.868007,354
34.719369,137.858282,527
34.71924,137.853429,176
34.715607,137.853833,88
34.711736,137.851964,72
34.712011,137.850402,140
34.712299,137.848073,111
34.715735,137.849289,312
34.715454,137.846079,349
34.715551,137.84238,723
34.707705,137.845817,312
34.70909,137.847182,74
34.707513,137.850495,416
34.721999,137.845376,237
34.719443,137.848418,250
34.722886,137.847835,132
34.723174,137.850615,84
34.714762,137.85818,203
34.708975,137.862474,378
34.709332,137.855364,89
34.705252,137.855531,381
34.723208,137.841825,292
34.700023,137.853995,418
34.704604,137.843845,390
34.698615,137.841361,628
34.695344,137.838216,108
34.689094,137.84143,491
34.682891,137.844526,101
34.682901,137.851603,246
34.691815,137.855045,225
34.689947,137.849545,127
34.697041,137.849948,282
34.710949,137.871362,583
34.699759,137.875934,184
34.702983,137.87002,15
34.72506,137.875977,535
34.716677,137.867744,520
34.756148,137.856049,123
34.756714,137.849955,186
34.764973,137.848772,61
34.763618,137.85592,212
34.771052,137.855963,335
34.771175,137.847619,132
34.780139,137.847699,130
34.777292,137.854016,45
34.787608,137.855336,89
34.787565,137.847441,105
34.795749,137.850216,54
34.80166,137.851163,35
34.794415,137.856212,39
34.774059,137.875421,81
34.776322,137.86227,89
34.769794,137.885319,47
34.76758,137.86428,154
34.764926,137.877558,139
34.759998,137.866595,113
34.758591,137.882461,67
34.754148,137.871555,148
34.752986,137.881602,29
34.743478,137.884796,58
34.74473,137.874146,289
34.712433,137.888025,297
34.723062,137.886918,323
34.723455,137.896094,53
34.712369,137.87893,184
34.715264,137.898527,40
34.710549,137.898164,16
34.705301,137.894986,89
34.696936,137.893572,105
34.699649,137.887562,53
34.703466,137.881265,109
34.703363,137.887382,647
34.669892,137.846756,218
34.681978,137.83462,605
34.689822,137.831744,37
34.688596,137.828463,106
34.687407,137.823714,523
34.698679,137.82381,385
34.693051,137.834199,107
34.697823,137.833278,128
34.704387,137.828852,84
34.757347,137.837116,48
34.760559,137.834945,113
34.764947,137.833233,118
34.770472,137.832213,135
34.771959,137.842471,22
34.775952,137.835344,73
34.782111,137.837051,91
34.787539,137.834376,22
34.744508,137.894283,27
34.737201,137.895671,148
34.732982,137.882084,276
34.734938,137.88684,67
34.72932,137.883716,370
34.729729,137.892547,286
34.73336,137.899545,26
34.703689,137.862177,82
34.700802,137.862624,44
34.695912,137.864523,199
34.685363,137.856959,251
34.669248,137.852898,75
34.713209,137.863155,80
34.74919,137.864388,276
34.73432,137.851296,318
34.727719,137.869816,131
34.673501,137.886062,2403
34.672276,137.871129,1156
34.686266,137.873435,66
34.666757,137.860977,67
34.674815,137.857649,165
34.671631,137.855583,24
34.672281,137.852898,18
34.678666,137.860789,48
34.675286,137.86109,37
34.687012,137.863525,360
34.69195,137.87436,33
34.689262,137.882189,199
34.696255,137.883821,143
34.687718,137.888659,134
34.689573,137.900604,413
34.677946,137.903102,571
34.667123,137.804195,1107
34.67648,137.797379,11
34.673137,137.803345,344
34.679113,137.800712,502
34.674896,137.812358,1338
34.656663,137.809637,384
34.677017,137.818574,220
34.668319,137.820449,158
34.656271,137.835697,81
34.668256,137.827663,112
34.662022,137.843754,86
34.6772,137.827203,108
34.674028,137.836056,39
34.669858,137.837205,48
34.670268,137.832629,39
34.704946,137.810818,348
34.701272,137.810992,43
34.697529,137.811487,201
34.693976,137.805052,43
34.690437,137.810786,470
34.686664,137.816684,243
34.753645,137.827413,157
34.752928,137.840483,54
34.748193,137.828004,51
34.74883,137.822405,43
34.7496,137.837732,135
34.743325,137.823131,202
34.744854,137.829503,38
34.744031,137.834297,168
34.741802,137.84046,334
34.73077,137.84324,160
34.734347,137.846863,264
34.747353,137.84907,446
34.736777,137.833205,298
34.738084,137.825513,261
34.732249,137.83189,54
34.740165,137.816148,417
34.736331,137.817387,332
34.735109,137.814327,106
34.732179,137.814495,430
34.732374,137.821293,367
34.727548,137.817032,303
34.723846,137.828219,103
34.727364,137.826217,100
34.728977,137.823652,38
34.725158,137.834917,298
34.727662,137.840788,351
34.720689,137.840975,121
34.723278,137.817066,175
34.724098,137.811344,26
34.722157,137.813174,162
34.721975,137.821384,457
34.713392,137.82618,141
34.707665,137.831804,288
34.718915,137.828262,262
34.709015,137.838871,284
34.714724,137.832915,199
34.717618,137.837907,35
34.715706,137.818691,486
34.715678,137.810623,286
34.709005,137.81164,252
34.707276,137.822174,331
34.710618,137.818452,139
34.711522,137.820893,85
34.858898,137.839329,557
34.856616,137.85847,232
34.833595,137.835845,246
34.833922,137.841186,213
34.82157,137.844976,524
34.819484,137.856024,62
34.823781,137.83478,333
34.811144,137.845436,145
34.806668,137.843737,43
34.798731,137.845141,141
34.796041,137.83888,58
34.796089,137.832813,240
34.811966,137.831844,74
34.812335,137.837099,350
34.820887,137.867853,31
34.824082,137.861322,231
34.836256,137.871297,78
34.843408,137.878702,8
34.861701,137.870881,49
34.875484,137.891366,17
34.875502,137.871966,10
34.711502,137.855542,388
34.713253,137.856878,44
34.857555,138.325188,204
34.861902,138.325416,104
34.864296,138.325161,70
34.866971,138.311595,63
34.864975,138.313067,1138
34.866959,138.322686,992
34.831343,138.322578,475
34.871686,138.318095,816
34.868132,138.308235,554
34.875208,138.314593,1063
34.87386,138.311883,359
34.870915,138.328788,265
34.871004,138.302337,308
34.871397,138.308982,717
34.883242,138.301184,53
34.879308,138.30267,575
34.874933,138.297347,489
34.872709,138.294671,319
34.884637,138.297459,295
34.859615,138.301866,1580
34.860835,138.296192,1470
34.859744,138.282139,297
34.85717,138.287275,868
34.852958,138.287433,395
34.86649,138.291749,1594
34.868659,138.282644,532
34.850078,138.323237,460
34.849449,138.315264,409
34.857243,138.320176,911
34.85796,138.314985,1486
34.858179,138.305706,1171
34.845469,138.310429,396
34.845344,138.331713,406
34.841317,138.314961,763
34.841859,138.320937,299
34.841803,138.324596,336
34.842317,138.328375,485
34.894957,138.29794,157
34.898657,138.30686,122
34.891662,138.305808,205
34.89554,138.314238,545
34.890827,138.319916,289
34.888267,138.325409,257
34.895893,138.340259,124
34.900672,138.335582,31
34.911835,138.328734,53
34.902018,138.327097,31
34.895433,138.327431,34
34.883612,138.315807,653
34.879215,138.320056,311
34.88545,138.332511,39
34.877409,138.330451,684
34.817728,138.314172,376
34.824551,138.310474,729
34.826685,138.326347,1155
34.836625,138.331101,987
34.836736,138.319903,767
34.837894,138.314801,191
34.839186,138.320349,164
34.833186,138.318172,418
34.827107,138.294151,392
34.841359,138.297227,438
34.832569,138.29301,869
34.838638,138.286191,1308
34.84796,138.289446,992
34.847495,138.299404,697
34.846723,138.3069,217
34.831816,138.28127,92
34.840335,138.305659,345
34.835058,138.306614,568
34.8281,138.3017,469
34.821688,138.291519,921
34.859865,138.285664,127
34.79402,138.275009,232
34.781129,138.286794,388
34.788896,138.294015,554
34.795362,138.294484,764
34.799461,138.305469,807
34.80811,138.285352,835
34.81806,138.285664,608
34.807394,138.307583,385
34.812192,138.314081,185
34.806451,138.261562,566
34.798842,138.26583,82
34.815871,138.256249,323
34.80509,138.275418,483
34.818298,138.268956,437
34.816192,138.249864,351
34.776405,138.015342,537
34.774366,138.003424,93
34.753996,138.001845,160
34.770396,138.006761,454
34.778572,138.022115,155
34.775128,137.993366,930
34.767734,137.996395,631
34.766135,138.034691,294
34.760901,138.021567,311
34.769319,138.025412,471
34.774688,137.999385,80
34.772019,138.002597,139
34.756352,138.009852,105
34.75651,138.015184,24
34.755809,138.046218,304
34.746425,138.018551,203
34.746825,138.031273,53
34.739247,138.046688,54
34.739648,138.033611,75
34.769646,138.047175,162
34.783843,138.043532,261
34.785337,138.034913,793
34.778071,138.035433,365
34.683041,137.990218,135
34.774978,138.024247,426
34.801305,138.087712,232
34.785566,138.066585,216
34.784658,138.058543,98
34.797455,138.058395,6
34.779641,138.04634,179
34.796844,138.054227,134
34.819108,138.083315,142
34.814688,138.092344,28
34.811654,138.066905,168
34.832191,138.079126,141
34.789463,138.025026,386
34.815187,138.053198,625
34.843633,138.037151,490
34.781345,138.017184,34
34.77931,138.015219,183
34.781876,138.014198,197
34.778834,138.011771,162
34.781879,138.01113,67
34.780369,138.00728,184
34.830318,138.014591,1485
34.805479,138.001729,171
34.851997,138.006711,45
34.85257,138.012924,17
34.85809,138.030375,13
34.86569,138.018686,22
34.881327,138.017773,36
34.892277,138.03815,22
34.830416,137.956709,150
34.840989,137.965815,211
34.842573,137.989938,69
34.854399,137.9686,33
34.860499,137.983287,8
34.870511,137.993602,27
34.814837,137.958028,768
34.792007,137.964683,283
34.819291,137.948917,78
34.807273,137.947455,156
34.820038,137.988871,286
34.796928,137.976762,310
34.811112,137.970869,78
34.780531,137.970454,402
34.78997,137.991293,1835
34.791555,137.951977,467
34.786462,137.946541,160
34.77277,137.960506,238
34.772136,137.982619,103
34.771573,137.978134,31
34.769509,137.971023,97
34.762639,137.965773,90
34.758097,137.961366,33
34.766172,137.976301,173
34.756172,137.989193,232
34.756911,137.974906,149
34.753247,137.976799,69
34.755053,137.966536,42
34.774575,138.031237,76
34.779504,138.002649,199
34.789429,138.031611,592
34.786543,138.025682,118
34.772212,137.99853,101
34.783821,138.015459,27
34.7782,138.00578,301
34.772057,138.032186,337
34.782012,138.02255,391
34.775679,138.010547,447
34.762908,138.003675,551
34.764057,138.009034,278
34.767662,138.011366,280
34.766102,138.017706,335
34.770739,138.028492,158
34.776376,138.000132,190
34.773585,138.018806,105
34.77199,138.016567,60
34.771395,138.018853,66
34.771761,138.014358,41
34.770383,138.015991,89
34.781901,137.993083,331
34.78032,138.02157,27
34.780133,138.018898,122
34.772878,138.014335,40
34.773885,138.015323,72
34.772962,138.016268,49
34.772658,138.020921,35
34.790055,137.972864,558
34.673551,138.076431,313
34.658868,138.073351,344
34.658375,138.065304,513
34.656743,138.052433,483
34.65978,138.038037,296
34.669733,138.044341,622
34.683947,138.029738,472
34.676728,138.051048,490
34.69381,138.038397,340
34.70138,138.030929,373
34.726094,138.018278,342
34.725719,138.035794,468
34.704311,138.068052,418
34.693706,138.055953,225
34.683617,138.067515,386
34.680624,137.969334,929
34.703682,137.993251,826
34.668856,137.982028,277
34.696571,138.004883,1156
34.712587,137.986373,265
34.761677,138.031343,467
34.763291,138.022983,33
34.784692,138.009125,261
34.782057,138.002444,166
34.769521,138.034419,46
34.966579,138.194606,299
34.916485,138.175549,231
34.894198,138.198663,182
34.888277,138.213136,164
34.898771,138.217319,113
34.879197,138.223853,379
34.873583,138.210251,167
34.931324,138.227318,266
34.928354,138.244542,381
34.905766,138.247869,201
34.899515,138.241354,299
34.902068,138.22932,142
34.892379,138.255242,429
34.897936,138.265665,43
34.890044,138.264575,606
34.908197,138.261567,164
34.885493,138.25622,1068
34.878688,138.277446,45
34.888566,138.27513,225
34.886685,138.280255,264
34.884279,138.287248,355
34.890161,138.289436,285
34.901828,138.277088,451
34.899045,138.270893,113
34.897001,138.286862,320
34.862751,138.262946,242
34.864576,138.264634,38
34.875103,138.273821,226
34.877286,138.285189,952
34.865519,138.260249,22
34.881944,138.264762,7
34.864258,138.227014,15
34.856786,138.247813,312
34.854701,138.240695,390
34.850324,138.241601,513
34.85342,138.221654,310
34.842686,138.222713,299
34.847266,138.240794,503
34.84038,138.222002,5
34.860249,138.274689,321
34.848945,138.275068,790
34.841951,138.27573,670
34.826009,138.259473,38
34.831229,138.273907,380
34.836746,138.270574,342
34.820509,138.237748,44
34.835308,138.23539,687
34.828054,138.230607,401
34.86565,138.254687,241
34.867147,138.261765,62
34.871423,138.263835,166
34.869501,138.266434,269
34.873411,138.265836,332
34.870696,138.278844,496
34.865867,138.268196,138
34.880871,138.262331,605
34.877949,138.236848,1307
34.869299,138.245999,951
34.875375,138.244651,249
34.871286,138.256527,770
34.867416,138.256524,418
34.872235,138.259636,536
34.87694,138.261531,592
34.886058,138.268507,1289
34.851903,138.266077,1807
34.854479,138.264033,933
34.858911,138.260421,475
34.865774,138.247342,878
34.85687,138.245454,313
34.845097,138.251121,879
34.842919,138.258625,1878
34.844969,138.240868,1121
34.840835,138.22653,384
34.830325,138.248729,782
34.836841,138.251523,1089
34.836733,138.260199,882
34.831967,138.261146,475
34.84085,138.265699,319
34.825554,138.269775,1016
34.877402,138.254843,331
34.822411,138.25105,440
34.872293,138.231855,43
34.868173,138.237697,869
34.849671,138.24816,987
34.864516,138.236061,727
34.860059,138.238271,952
34.836858,138.247408,42
34.836203,138.247171,37
34.920897,138.203728,235
34.894361,138.262429,508
34.847313,138.223099,322
34.853101,138.236414,103
34.891304,138.26337,66
34.857827,138.267846,105
34.879368,138.274403,646
34.857689,138.251286,636
34.917818,138.311114,675
34.914314,138.28275,283
34.910383,138.284531,459
34.909316,138.290556,506
34.905665,138.300857,946
34.912368,138.272147,79
34.91662,138.258507,34
34.918927,138.26805,169
34.93552,138.273935,134
34.941931,138.260174,78
34.95055,138.256025,115
34.958864,138.275828,11
34.956465,138.239709,109
34.966562,138.242511,166
34.987107,138.224685,20
34.988435,138.242678,92
35.317696,138.944286,626
35.290749,138.968109,592
35.327408,138.967097,30
35.29775,138.95707,373
35.277426,138.945423,1407
35.303504,138.939389,489
35.290591,138.946333,240
35.295613,138.940538,2358
35.309599,138.931014,1892
35.320782,138.933116,840
35.321619,138.938691,768
35.317611,138.929999,680
35.338814,138.869251,246
35.277445,138.921136,875
35.269186,138.926868,40
35.273267,138.929499,82
35.259499,138.94417,154
35.256691,138.920819,933
35.262167,138.917579,219
35.256906,138.896358,233
35.246049,138.920329,693
35.239412,138.942365,1212
35.241164,138.926247,403
35.24012,138.915826,424
35.298666,138.917328,3143
35.289541,138.919694,278
35.274805,138.902624,182
35.27311,138.908494,40
35.285922,138.885919,518
35.294692,138.899573,645
35.306065,138.894921,305
35.313068,138.917769,1042
35.332083,138.82964,1530
35.311871,138.883342,51
35.309735,138.906754,226
35.302121,138.815876,605
35.332361,138.928723,278
35.32925,138.934828,36
35.329768,138.919134,66
35.332405,138.951194,99
35.331085,138.957049,59
35.328221,138.95663,48
35.325022,138.948025,122
35.325717,138.935392,257
35.332729,138.901001,103
35.339398,138.912159,368
35.340216,138.890806,26
35.336231,138.940737,241
34.737254,137.92654,1351
34.735156,137.973657,812
34.752656,137.957608,218
34.746329,137.955656,945
34.74687,137.921899,218
34.745855,137.911751,880
34.74403,137.902206,163
34.751157,137.900599,124
34.739505,137.908455,87
34.76447,137.926765,452
34.750366,137.916808,242
34.766982,137.918047,920
34.751763,137.91069,567
34.76236,137.910139,529
34.764938,137.903147,296
34.754322,137.944877,545
34.763142,137.945989,605
34.776184,137.936739,438
34.779994,137.890578,264
34.770241,137.892492,345
34.762861,137.893016,189
34.757295,137.891262,70
34.758587,137.89887,102
34.751941,137.892798,198
34.732418,137.910625,355
34.721238,137.906506,75
34.729287,137.902373,47
34.78503,137.872546,202
34.795762,137.869435,129
34.79977,137.879011,238
34.80869,137.88521,284
34.807516,137.873721,125
34.810586,137.86259,116
34.712428,137.952508,510
34.707112,137.966806,353
34.785944,137.902947,410
34.793601,137.905537,298
34.791775,137.902158,148
34.778093,137.909206,183
34.775964,137.904338,519
34.785137,137.896929,74
34.786399,137.913023,592
34.799096,137.930536,620
34.743911,137.921431,178
34.741844,137.923196,77
34.741878,137.917636,147
34.740693,137.920446,73
34.73565,137.927735,235
34.733837,137.928347,138
34.736288,137.931765,211
34.734342,137.931898,200
34.749161,137.921592,57
34.786214,137.908997,130
34.752088,137.91856,222
34.754746,137.916921,166
34.753512,137.922939,318
34.754845,137.921864,233
34.748452,137.934107,461
34.751114,137.926736,121
34.77764,137.917268,471
34.744155,137.925114,208
34.737592,137.937814,62
34.738067,137.940707,289
34.7246,137.919832,736
34.71936,137.929646,1259
34.713848,137.935602,501
34.700934,137.928506,187
34.710928,137.907518,191
34.710052,137.914383,225
34.704863,137.903951,128
34.69997,137.912788,112
34.696483,137.904592,278
34.692157,137.914799,48
34.695432,137.930964,132
34.690209,137.941486,349
34.688129,137.925247,294
34.694174,137.920392,40
34.673139,137.961448,126
34.675763,137.950664,176
34.674787,137.941464,157
34.674352,137.933982,119
34.681357,137.924258,80
34.674737,137.91875,451
34.676827,138.943974,304
34.673999,138.943891,204
34.66863,138.944921,183
34.674712,138.940906,124
34.668591,138.936729,139
34.674588,138.933336,807
34.681742,138.935756,96
34.680152,138.945736,140
34.684868,138.939391,333
34.689968,138.938562,95
34.705249,138.944703,469
34.702498,138.927334,246
34.69393,138.909442,119
34.702978,138.914876,35
34.691822,138.934667,153
34.683013,138.950953,224
34.689412,138.941464,188
34.688041,138.945749,153
34.75832,138.913587,139
34.732257,138.923591,74
34.724503,138.920208,67
34.736768,138.899586,70
34.713145,138.893135,93
34.721368,138.868435,153
34.714393,138.918254,83
34.729598,138.937982,150
34.725499,138.956689,44
34.662754,138.916246,710
34.680008,138.905747,459
34.645147,138.90557,163
34.674024,138.948022,59
34.677435,138.960223,479
34.662316,138.970872,514
34.675713,138.970843,133
34.689178,138.965429,396
34.703738,138.964638,161
34.712563,138.975264,151
35.230859,138.867395,279
35.249032,138.82997,851
35.235057,138.876908,199
35.227705,138.889027,220
35.215492,138.901498,311
35.206535,138.9065,163
35.205058,138.893858,417
35.21415,138.906672,1212
35.192572,138.897928,233
35.217474,138.920396,403
35.202182,138.954617,1425
35.191841,138.910054,557
35.179763,138.9082,1841
35.166389,138.904335,289
35.154531,138.901348,293
35.155652,138.905516,670
35.165749,138.897873,490
35.177974,138.886709,322
35.181363,138.901764,39
35.186893,138.919588,292
35.179283,138.914993,491
35.180524,138.922176,357
35.173201,138.925181,2406
35.16656,138.90829,647
35.162471,138.913249,186
35.199254,138.886818,861
34.716783,137.552008,1048
34.711132,137.544509,1342
34.720818,137.538043,356
34.712599,137.534734,595
34.71901,137.526816,607
34.71244,137.515734,237
34.707543,137.528467,63
34.700207,137.517259,76
34.69204,137.526787,84
34.68104,137.515452,206
34.687778,137.510303,168
34.700776,137.503914,485
34.681629,137.49541,268
34.702693,137.492973,144
34.735829,137.526895,725
34.73384,137.510285,79
34.724349,137.513278,183
34.725697,137.499498,564
34.721707,137.48425,618
34.722288,137.492765,51
34.719457,137.494481,389
34.716891,137.493664,604
34.717266,137.504066,152
34.725173,137.486957,250
34.731805,137.487418,714
34.751574,137.52443,531
34.73716,137.499344,120
34.745416,137.503466,294
34.751858,137.512304,217
34.762483,137.496044,416
34.76272,137.519633,111
34.769359,137.535362,53
34.744617,137.533904,167
34.729182,137.517855,74
34.726349,137.491041,44
34.726201,137.489242,161
34.715959,137.501201,40
34.730558,137.495485,4
34.752212,137.507298,25
34.723444,137.490637,167
34.720285,137.548752,343
34.686034,137.589194,2604
34.682108,137.536708,785
34.728979,137.555317,1294
34.6918,137.542953,538
34.984045,138.88026,52
34.984385,138.919022,59
34.997654,138.900157,20
34.990949,138.93173,429
34.987933,138.945974,153
34.982665,138.94671,177
34.978185,138.939225,46
34.976417,138.933266,210
34.972312,138.931586,37
34.97637,138.927735,84
34.971624,138.928762,23
34.970992,138.926452,43
34.971818,138.925544,13
34.970354,138.922942,68
34.969453,138.933353,29
34.970211,138.928721,4
34.969355,138.927861,14
34.966102,138.928295,28
34.966341,138.919316,121
34.974319,138.913087,86
34.96885,138.871386,56
34.959987,138.876904,42
34.954658,138.909683,232
34.969376,138.941536,344
34.97607,138.946221,158
34.958252,138.952648,119
34.96951,138.956191,205
34.965272,138.965381,46
34.992607,138.960049,598
34.979717,138.951349,479
34.97556,138.956597,327
34.980574,138.961959,34
34.986054,138.986707,90
34.997395,138.986445,264
34.981619,138.925263,351
34.970459,138.910261,10
34.978831,138.879259,9
34.978419,138.920022,37
34.89298,138.818426,809
34.934134,138.807193,167
34.88433,138.784986,229
34.869293,138.769483,161
34.890105,138.930485,156
34.884831,138.93261,42
34.855775,138.927184,173
34.889402,138.949722,49
34.889109,138.919969,111
34.873225,138.873869,31
34.887227,138.866916,29
34.901379,138.936544,202
34.900018,138.916145,88
34.901587,138.879712,58
34.915249,138.920673,267
34.912668,138.939321,91
34.924167,138.947506,56
34.922825,138.866052,35
34.91661,138.903041,64
34.925189,138.918146,119
34.933066,138.927779,212
34.935489,138.911865,94
34.94259,138.878817,127
34.944584,138.93049,85
34.945343,138.947528,149
34.935771,138.949072,108
34.899849,138.98286,79
34.923855,138.998195,120
34.924241,139.003953,66
34.931741,139.007325,40
34.932287,138.99703,56
34.927265,138.990122,66
34.917921,138.985073,32
34.909792,138.968677,76
34.963585,139.003799,213
34.955562,139.001955,375
34.948181,139.009703,83
34.942551,138.983822,118
34.938566,138.993357,41
34.942343,139.004976,45
34.908461,139.017788,8
34.953999,139.008185,31
34.945118,139.021287,61
34.956136,139.031527,40
34.95229,139.021871,24
34.979923,139.061563,15
34.899028,139.035019,42
34.93087,139.019426,71
34.935397,139.035717,41
34.945315,139.037699,28
34.9619,138.990186,59
34.967969,138.994075,117
34.95203,138.976181,246
34.982058,139.015887,10
34.969005,138.980243,69
34.969078,138.972354,77
34.97742,138.983373,174
34.645016,138.118303,2825
34.657633,138.106726,343
34.644858,138.100812,425
34.650079,138.086137,256
34.634048,138.143556,1150
34.642359,138.154465,106
34.657758,138.171547,484
34.675424,138.154376,357
34.667793,138.139222,294
34.675076,138.128174,527
34.603635,138.228386,1626
34.61646,138.169207,1756
34.75816,138.07161,948
34.769314,138.082488,668
34.767139,138.088801,311
34.746762,138.071379,1584
34.72981,138.061496,470
34.729533,138.079257,30
34.726721,138.077061,17
34.715176,138.074686,313
34.724795,138.065495,188
34.728616,138.115007,311
34.729966,138.087226,76
34.726961,138.087387,68
34.721523,138.083996,73
34.718117,138.101025,178
34.769204,138.137905,47
34.740538,138.099131,715
34.738467,138.093014,33
34.736005,138.111202,150
34.747714,138.121169,41
34.751996,138.115197,203
34.760425,138.098233,838
34.742123,138.135803,116
34.756269,138.094915,672
34.75795,138.092583,244
34.752615,138.089874,33
34.772995,138.115618,159
34.784822,138.130602,183
34.786295,138.118145,65
34.791529,138.108401,304
34.770765,138.129154,110
34.765522,138.106643,226
34.777087,138.090865,419
34.709073,138.078066,204
34.713573,138.087611,1231
34.688044,138.075867,546
34.691362,138.071352,82
34.679158,138.083194,73
34.666104,138.097005,341
34.697914,138.129188,631
34.719792,138.122924,153
34.719672,138.136741,111
34.704587,138.128011,355
34.711752,138.112834,11
34.706015,138.101531,248
34.703313,138.107978,25
34.691986,138.093394,440
35.038635,138.916229,13
35.033778,138.927459,1576
35.041978,138.931518,78
35.035931,138.939502,1126
35.030627,138.945061,280
35.026694,138.939456,366
35.031445,138.911538,18
35.017902,138.914535,100
35.019123,138.929132,221
35.044416,138.917804,85
35.050378,138.912379,83
35.056644,138.915228,276
35.060417,138.926357,119
35.05733,138.935725,263
35.052787,138.926071,157
35.05275,138.934292,189
35.048294,138.932601,144
35.052112,138.957309,55
35.0514,138.963328,67
35.057065,138.97423,436
35.066795,139.001326,251
35.072878,138.985847,669
35.071515,138.952022,64
35.063832,138.943739,735
35.054272,138.946204,1260
35.045613,138.943296,690
35.043343,138.942496,446
35.039538,138.946687,1081
35.043416,138.981751,706
35.040599,138.956227,73
35.05151,138.953008,116
34.99446,138.939206,566
34.999378,138.944255,451
35.004059,138.938764,96
35.0042,138.924833,174
35.004544,138.950665,717
35.01243,138.953207,1200
35.019056,138.942392,203
35.023072,138.943521,109
35.021168,138.946808,459
35.027157,138.953274,131
35.02174,138.978641,98
35.007195,138.978859,69
35.040914,139.0174,194
35.01973,139.019938,51
35.016834,139.03456,40
35.021193,138.954726,286
35.028858,138.953878,119
34.685622,138.202974,283
34.684875,138.201498,153
34.680731,138.195422,1059
34.674737,138.184524,420
34.676268,138.177353,66
34.689382,138.187673,668
34.706292,138.198921,530
34.714412,138.210244,423
34.700697,138.164587,727
34.702478,138.184814,99
34.704481,138.1755,34
34.719158,138.172681,43
34.714788,138.18069,71
34.729442,138.172525,47
34.73323,138.181552,189
34.712289,138.188993,77
34.708563,138.181851,100
34.717773,138.159573,136
34.721965,138.166705,28
34.733658,138.155846,135
34.747574,138.155456,141
34.741435,138.143317,391
34.63756,138.18725,464
34.653089,138.185588,162
34.641693,138.17546,75
34.62929,138.175596,163
34.62873,138.19277,315
34.622824,138.197828,322
34.678705,138.193739,136
34.736517,138.226424,1810
34.753832,138.234456,2373
34.739192,138.204715,1052
34.770961,138.166841,855
34.761679,138.160981,428
34.789137,138.193305,797
34.792927,139.023414,2152
34.813981,139.030034,680
34.843475,138.993975,380
34.82984,139.047747,1323
34.855208,139.050589,287
34.732446,138.990768,294
34.738034,138.975172,193
34.760703,138.992521,217
34.772491,138.987334,82
34.755557,138.955174,45
34.761983,138.973771,105
34.753435,138.976892,235
34.742619,138.980458,233
34.726852,138.976484,94
34.756805,139.005673,201
34.761338,139.019035,201
34.779655,139.004314,105
34.808271,138.917029,43
34.80948,138.96247,53
34.784285,138.948232,49
34.781673,138.923011,40
34.771864,138.937945,34
34.778588,138.955557,74
34.777336,138.961644,106
34.794315,138.97967,171
34.767266,138.961051,22
34.770649,138.967517,68
34.768154,138.975398,32
34.689081,138.874068,67
34.66158,138.864954,125
34.663495,138.855647,53
34.644128,138.848798,298
34.648069,138.836245,78
34.645526,138.868277,353
34.665086,138.887674,333
34.646003,138.886626,434
34.634774,138.881301,239
34.628551,138.867864,118
34.622353,138.852845,92
34.614003,138.83921,69
34.655766,138.815147,113
34.64185,138.817205,67
34.631943,138.804652,56
34.623473,138.8252,53
34.704431,138.770976,30
34.690034,138.77919,18
34.694245,138.757753,89
34.681157,138.780589,11
34.673739,138.782471,57
34.674721,138.798059,43
34.657469,138.789705,76
34.651854,138.802019,24
34.643798,138.78566,10
34.701589,138.792849,29
34.689335,138.790404,16
34.685498,138.808615,65
34.676949,138.824293,38
34.694919,138.835578,70
34.681322,138.854001,61
34.669091,138.850881,10
34.67151,138.840509,70
34.666879,138.823933,52
34.758872,138.785621,358
34.756397,138.778876,156
34.749684,138.778838,329
34.749748,138.782324,158
34.787103,138.834974,11
34.761584,138.793514,150
34.756814,138.799504,99
34.759999,138.803388,27
34.764314,138.806318,42
34.771269,138.809998,56
34.769961,138.82906,72
34.764056,138.838201,52
34.76339,138.868172,59
34.749701,138.810744,42
34.74638,138.793338,164
34.747115,138.828782,46
34.735004,138.844258,33
34.728364,138.819604,198
34.715455,138.807742,155
34.744756,138.771334,129
34.740997,138.762837,92
34.725193,138.762212,84
34.715908,138.750911,125
34.809602,138.775584,815
34.78649,138.77107,925
34.775878,138.78807,143
34.794874,138.804811,109
34.821595,138.854684,82
34.862374,138.821153,607
34.82923,138.780487,421
35.081033,138.946494,1749
35.086784,138.947411,495
35.08228,138.95775,1738
35.083529,138.974907,445
35.095758,138.983505,2588
35.101367,139.007508,288
35.094868,139.018647,281
35.106515,139.026669,44
35.130706,139.016927,46
35.140456,139.004946,501
35.111623,138.966225,289
35.103465,138.956057,1319
35.08455,138.93786,1547
35.077101,138.931264,1035
35.071633,138.933196,324
35.066563,138.926455,116
35.069223,138.94244,65
35.108713,138.905432,475
35.116676,138.903329,454
35.112829,138.896379,1525
35.106728,138.89964,493
35.102836,138.890863,1105
35.099709,138.895672,1010
35.100464,138.904468,476
35.101675,138.910328,408
35.096364,138.912086,100
35.093461,138.912348,95
35.089282,138.908192,298
35.093053,138.904109,354
35.082659,138.896721,2901
35.089617,138.895126,545
35.164879,138.86583,264
35.148901,138.875794,265
35.189047,138.854724,384
35.148543,138.885904,1517
35.157455,138.893821,787
35.145946,138.896555,998
35.143502,138.906596,214
35.142652,138.901728,774
35.136984,138.903259,1525
35.130244,138.893023,3948
35.119587,138.896641,1172
35.120883,138.889187,670
35.343645,139.001536,431
35.368424,138.999681,263
35.369729,138.986023,159
35.383882,138.989317,72
35.383617,138.97275,56
35.359306,138.975686,504
35.354458,138.968211,744
35.321081,138.99842,717
35.307723,138.990828,39
35.30705,138.97947,67
35.351134,138.925357,533
35.355136,138.943248,104
35.37304,138.901749,63
35.385696,138.933597,39
35.369829,138.95467,116
35.35047,138.961433,33
35.343706,138.962412,269
35.335493,138.969369,49
35.337543,138.959554,165
35.337966,138.947781,77
35.34525,138.924719,372
35.340071,138.936171,74
35.363051,138.816101,900
34.756966,138.25309,3118
34.771931,138.27342,1820
34.770832,138.241567,1781
34.785758,138.239891,1744
34.794086,138.252541,377
35.115551,138.076645,193
35.078473,138.080851,95
35.070972,138.061843,416
35.0215,138.039581,216
35.005458,138.06594,111
34.991157,138.090893,163
35.023822,138.107651,78
35.053054,138.13221,14
35.050095,138.100896,65
35.070216,138.11792,398
35.2234,138.072878,232
35.100967,138.115352,61
35.0969,138.168482,248
35.099064,138.146344,29
35.096952,138.132103,57
35.087415,138.11963,45
35.166096,138.136727,70
35.215306,138.161125,7
35.16925,138.200778,13
35.12608,138.151817,38
34.946597,137.987821,288
34.857262,137.951354,108
34.878247,137.925271,22
34.884681,137.937935,69
34.87097,137.957189,105
34.881988,137.967402,52
34.910255,137.989955,20
34.852156,137.943216,228
34.852941,137.926777,426
34.836596,137.920422,1295
34.843519,137.946603,210
34.857593,137.907531,32
34.871865,137.917414,41
34.848516,137.893594,601
34.826925,137.913157,318
34.818815,137.907927,243
34.810781,137.900637,207
34.803381,137.895427,393
34.793251,137.896484,94
34.806693,137.911175,748
34.83232,137.942745,477
